timestamp,camera_id,frame_id,decode_ms,detection_ms,tracking_ms,reid_ms,matching_ms,total_ai_ms
2026-09-08T06:27:10.618032+00:00,c8_sim,1,5.097,217.331,0.363,70.998,0.067,293.856
2026-09-08T06:27:10.673745+00:00,c8_sim,2,3.686,11.344,0.462,42.213,0.014,57.718
2026-09-08T06:27:10.721632+00:00,c8_sim,3,4.042,10.128,0.244,36.572,0.033,51.019
2026-09-08T06:27:10.764410+00:00,c8_sim,4,3.567,9.251,0.208,32.536,0.010,45.572
2026-09-08T06:27:10.806360+00:00,c8_sim,5,4.788,8.782,0.262,29.603,0.010,43.444
2026-09-08T06:27:10.930691+00:00,c8_sim,6,6.245,12.503,0.372,28.232,0.012,47.364
2026-09-08T06:27:11.027004+00:00,c8_sim,7,7.533,12.265,0.329,27.212,0.037,47.376
2026-09-08T06:27:11.163121+00:00,c8_sim,8,9.697,20.284,0.533,28.943,0.019,59.476
2026-09-08T06:27:11.252801+00:00,c8_sim,9,7.570,15.948,0.450,27.978,0.042,51.988
2026-09-08T06:27:11.359493+00:00,c8_sim,10,9.192,17.695,0.351,27.953,0.010,55.203
2026-09-08T06:27:11.464023+00:00,c8_sim,11,8.893,18.110,0.385,31.393,0.039,58.821
2026-09-08T06:27:11.576145+00:00,c8_sim,12,8.865,18.460,0.448,33.016,0.010,60.800
2026-09-08T06:27:11.694778+00:00,c8_sim,13,8.969,19.301,0.520,35.885,0.008,64.683
2026-09-08T06:27:11.804852+00:00,c8_sim,14,8.665,19.420,0.622,35.926,0.020,64.653
2026-09-08T06:27:11.917392+00:00,c8_sim,15,9.141,19.325,0.565,37.011,0.075,66.117
2026-09-08T06:27:12.034451+00:00,c8_sim,16,9.638,16.233,0.466,36.282,0.064,62.683
2026-09-08T06:27:12.115674+00:00,c8_sim,17,7.467,13.906,0.381,34.432,0.021,56.207
2026-09-08T06:27:12.228903+00:00,c8_sim,18,9.110,17.446,0.363,33.899,0.018,60.837
2026-09-08T06:27:12.323376+00:00,c8_sim,19,9.203,16.333,0.375,32.071,0.015,57.996
2026-09-08T06:27:12.435151+00:00,c8_sim,20,10.016,17.340,0.447,32.193,0.019,60.015
2026-09-08T06:27:12.540887+00:00,c8_sim,21,10.296,16.065,0.368,30.817,0.016,57.562
2026-09-08T06:27:12.681369+00:00,c8_sim,22,9.603,21.724,0.570,34.173,0.032,66.103
2026-09-08T06:27:12.753404+00:00,c8_sim,23,7.617,12.560,0.340,30.418,0.017,50.952
2026-09-08T06:27:12.892226+00:00,c8_sim,24,11.143,20.707,0.454,32.694,0.030,65.029
2026-09-08T06:27:12.967974+00:00,c8_sim,25,7.554,14.403,0.344,30.734,0.020,53.054
2026-09-08T06:27:13.079268+00:00,c8_sim,26,8.640,15.482,0.396,31.611,0.014,56.142
2026-09-08T06:27:13.206019+00:00,c8_sim,27,8.819,19.723,0.622,32.237,0.016,61.417
2026-09-08T06:27:13.276977+00:00,c8_sim,28,8.097,17.270,0.000,0.000,0.010,25.376
2026-09-08T06:27:13.450705+00:00,c8_sim,29,9.107,21.156,0.765,43.616,0.041,74.686
2026-09-08T06:27:13.532708+00:00,c8_sim,30,7.567,16.555,0.381,38.061,0.035,62.599
2026-09-08T06:27:13.635787+00:00,c8_sim,31,9.290,11.993,0.307,35.218,0.016,56.823
2026-09-08T06:27:13.749577+00:00,c8_sim,32,8.390,14.635,0.378,35.195,0.016,58.615
2026-09-08T06:27:13.859322+00:00,c8_sim,33,8.826,15.263,0.417,34.573,0.022,59.101
2026-09-08T06:27:13.967917+00:00,c8_sim,34,7.341,16.337,0.431,34.405,0.025,58.538
2026-09-08T06:27:14.083627+00:00,c8_sim,35,7.477,16.821,0.388,34.226,0.017,58.930
2026-09-08T06:27:14.161568+00:00,c8_sim,36,7.304,12.366,0.383,33.285,0.016,53.354
2026-09-08T06:27:14.299320+00:00,c8_sim,37,9.433,19.585,0.696,36.792,0.030,66.536
2026-09-08T06:27:14.370653+00:00,c8_sim,38,8.564,12.063,0.408,33.309,0.018,54.363
2026-09-08T06:27:14.516252+00:00,c8_sim,39,9.971,20.018,0.655,36.386,0.031,67.060
2026-09-08T06:27:14.588074+00:00,c8_sim,40,7.516,12.432,0.325,32.301,0.015,52.590
2026-09-08T06:27:14.736743+00:00,c8_sim,41,10.084,21.588,0.630,35.515,0.029,67.846
2026-09-08T06:27:14.805212+00:00,c8_sim,42,7.825,12.968,0.330,31.409,0.017,52.549
2026-09-08T06:27:14.935433+00:00,c8_sim,43,8.470,20.044,0.587,33.815,0.029,62.946
2026-09-08T06:27:15.049627+00:00,c8_sim,44,9.334,20.464,0.557,33.744,0.016,64.115
2026-09-08T06:27:15.125972+00:00,c8_sim,45,8.405,13.003,0.294,30.999,0.013,52.714
2026-09-08T06:27:15.270530+00:00,c8_sim,46,8.951,20.630,0.591,38.460,0.032,68.664
2026-09-08T06:27:15.387553+00:00,c8_sim,47,9.589,21.185,0.650,40.645,0.035,72.104
2026-09-08T06:27:15.467140+00:00,c8_sim,48,8.240,15.789,0.353,36.572,0.017,60.971
2026-09-08T06:27:15.584032+00:00,c8_sim,49,8.730,18.596,0.558,38.950,0.031,66.865
2026-09-08T06:27:15.654344+00:00,c8_sim,50,8.807,18.257,0.000,0.000,0.021,27.086
2026-09-08T06:27:15.755235+00:00,c8_sim,51,10.695,19.334,0.000,0.000,0.008,30.037
2026-09-08T06:27:15.864512+00:00,c8_sim,52,9.108,23.890,0.000,0.000,0.014,33.012
2026-09-08T06:27:15.982584+00:00,c8_sim,53,8.769,32.144,0.000,0.000,0.008,40.921
2026-09-08T06:27:16.106927+00:00,c8_sim,54,8.107,33.074,0.000,0.000,0.017,41.198
2026-09-08T06:27:16.219798+00:00,c8_sim,55,10.574,32.832,0.000,0.000,0.020,43.426
2026-09-08T06:27:16.308726+00:00,c8_sim,56,7.664,32.254,0.000,0.000,0.022,39.940
2026-09-08T06:27:16.473334+00:00,c9_sim,1,6.823,32.923,0.539,49.356,0.105,89.746
2026-09-08T06:27:16.542180+00:00,c9_sim,2,6.508,16.846,0.473,28.797,0.079,52.703
2026-09-08T06:27:16.654575+00:00,c9_sim,3,7.343,18.625,0.500,33.635,0.018,60.121
2026-09-08T06:27:16.756600+00:00,c9_sim,4,6.373,18.823,0.483,30.323,0.021,56.023
2026-09-08T06:27:16.829069+00:00,c9_sim,5,6.526,12.556,0.513,29.342,0.012,48.949
2026-09-08T06:27:16.972499+00:00,c9_sim,6,7.347,19.739,0.783,32.474,0.019,60.362
2026-09-08T06:27:17.043293+00:00,c9_sim,7,5.069,12.474,0.388,30.281,0.011,48.223
2026-09-08T06:27:17.190384+00:00,c9_sim,8,8.312,22.124,0.618,38.494,0.021,69.569
2026-09-08T06:27:17.275912+00:00,c9_sim,9,5.984,15.512,0.435,37.036,0.057,59.024
2026-09-08T06:27:17.400280+00:00,c9_sim,10,8.107,20.408,0.577,40.591,0.024,69.707
2026-09-08T06:27:17.481556+00:00,c9_sim,11,6.081,16.662,0.407,36.961,0.020,60.131
2026-09-08T06:27:17.592118+00:00,c9_sim,12,6.723,18.531,0.623,36.203,0.019,62.099
2026-09-08T06:27:17.669323+00:00,c9_sim,13,6.061,14.796,0.336,32.399,0.011,53.604
2026-09-08T06:27:17.785806+00:00,c9_sim,14,7.300,20.523,0.569,32.472,0.011,60.875
2026-09-08T06:27:17.893601+00:00,c9_sim,15,6.846,18.424,0.542,33.945,0.019,59.776
2026-09-08T06:27:18.013791+00:00,c9_sim,16,7.697,20.223,0.432,36.935,0.020,65.306
2026-09-08T06:27:18.084148+00:00,c9_sim,17,5.744,14.289,0.359,32.406,0.018,52.816
2026-09-08T06:27:18.186884+00:00,c9_sim,18,5.823,16.316,0.344,31.915,0.017,54.415
2026-09-08T06:27:18.296703+00:00,c9_sim,19,6.650,18.695,0.544,32.666,0.029,58.584
2026-09-08T06:27:18.397018+00:00,c9_sim,20,15.517,16.492,0.377,30.368,0.017,62.771
2026-09-08T06:27:18.503119+00:00,c9_sim,21,6.558,12.626,0.234,39.500,0.038,58.956
2026-09-08T06:27:18.613365+00:00,c9_sim,22,2.656,20.976,0.404,33.911,0.037,57.984
2026-09-08T06:27:18.706976+00:00,c9_sim,23,3.058,17.236,0.524,34.847,0.036,55.701
2026-09-08T06:27:18.820254+00:00,c9_sim,24,6.375,20.879,0.534,35.229,0.035,63.051
2026-09-08T06:27:18.902525+00:00,c9_sim,25,6.820,15.931,0.562,33.726,0.032,57.071
2026-09-08T06:27:19.007605+00:00,c9_sim,26,6.874,18.858,0.453,32.009,0.019,58.213
2026-09-08T06:27:19.121544+00:00,c9_sim,27,7.072,19.250,0.529,32.106,0.019,58.976
2026-09-08T06:27:19.237402+00:00,c9_sim,28,6.277,20.001,0.549,32.823,0.032,59.683
2026-09-08T06:27:19.317211+00:00,c9_sim,29,7.139,16.525,0.497,30.925,0.021,55.106
2026-09-08T06:27:19.422215+00:00,c9_sim,30,6.379,14.741,0.416,29.725,0.021,51.282
2026-09-08T06:27:19.530976+00:00,c9_sim,31,7.615,18.883,0.517,30.807,0.020,57.842
2026-09-08T06:27:19.635660+00:00,c9_sim,32,7.132,17.550,0.531,31.019,0.036,56.268
2026-09-08T06:27:19.749572+00:00,c9_sim,33,6.661,19.914,0.516,31.457,0.031,58.579
2026-09-08T06:27:19.862903+00:00,c9_sim,34,8.329,18.530,0.527,30.801,0.021,58.207
2026-09-08T06:27:19.936516+00:00,c9_sim,35,6.016,13.743,0.338,28.346,0.018,48.462
2026-09-08T06:27:20.041982+00:00,c9_sim,36,6.852,14.406,0.428,29.094,0.020,50.800
2026-09-08T06:27:20.140500+00:00,c9_sim,37,5.997,12.945,0.394,31.532,0.015,50.883
2026-09-08T06:27:20.249676+00:00,c9_sim,38,6.304,14.876,0.402,31.626,0.017,53.225
2026-09-08T06:27:20.362382+00:00,c9_sim,39,7.821,18.245,0.537,34.347,0.015,60.965
2026-09-08T06:27:20.470579+00:00,c9_sim,40,6.362,18.424,0.560,33.980,0.033,59.359
2026-09-08T06:27:20.569777+00:00,c9_sim,41,7.124,17.118,0.571,33.675,0.032,58.520
2026-09-08T06:27:20.679420+00:00,c9_sim,42,7.426,18.004,0.551,34.657,0.038,60.676
2026-09-08T06:27:20.756982+00:00,c9_sim,43,7.207,17.281,0.497,31.833,0.019,56.836
2026-09-08T06:27:20.865209+00:00,c9_sim,44,7.747,18.880,0.559,31.701,0.013,58.899
2026-09-08T06:27:20.973687+00:00,c9_sim,45,7.950,19.155,0.443,31.120,0.012,58.680
2026-09-08T06:27:21.072586+00:00,c9_sim,46,6.449,15.747,0.418,30.565,0.020,53.199
2026-09-08T06:27:21.179989+00:00,c9_sim,47,8.367,18.869,0.380,30.092,0.016,57.724
2026-09-08T06:27:21.292402+00:00,c9_sim,48,6.675,19.589,0.508,31.688,0.034,58.493
2026-09-08T06:27:21.398806+00:00,c9_sim,49,8.978,19.599,0.592,35.893,0.034,65.095
2026-09-08T06:27:21.506403+00:00,c9_sim,50,5.574,18.085,0.583,36.559,0.033,60.833
2026-09-08T06:27:21.590807+00:00,c9_sim,51,5.176,17.520,0.609,34.235,0.032,57.571
2026-09-08T06:27:21.722657+00:00,c9_sim,52,7.982,20.700,0.565,36.081,0.036,65.365
2026-09-08T06:27:21.805897+00:00,c9_sim,53,6.111,18.243,0.490,33.105,0.032,57.982
2026-09-08T06:27:21.922525+00:00,c9_sim,54,7.042,19.871,0.560,33.727,0.050,61.249
2026-09-08T06:27:22.030632+00:00,c9_sim,55,7.260,18.998,0.563,34.508,0.033,61.362
2026-09-08T06:27:22.105946+00:00,c9_sim,56,6.603,15.350,0.464,30.876,0.018,53.310
2026-09-08T06:27:22.218230+00:00,c9_sim,57,7.251,20.251,0.533,31.850,0.030,59.914
2026-09-08T06:27:22.323197+00:00,c9_sim,58,7.581,17.516,0.484,31.088,0.031,56.700
2026-09-08T06:27:22.399889+00:00,c9_sim,59,6.935,16.293,0.372,28.997,0.016,52.613
2026-09-08T06:27:22.536896+00:00,c9_sim,60,8.600,20.136,0.565,30.590,0.022,59.913
2026-09-08T06:27:22.611244+00:00,c9_sim,61,6.241,13.610,0.323,28.618,0.014,48.806
2026-09-08T06:27:22.722027+00:00,c9_sim,62,7.331,18.971,0.577,31.336,0.015,58.230
2026-09-08T06:27:22.830703+00:00,c9_sim,63,7.958,19.155,0.577,32.757,0.034,60.481
2026-09-08T06:27:22.937301+00:00,c9_sim,64,8.089,17.500,0.510,33.551,0.037,59.687
2026-09-08T06:27:23.049251+00:00,c9_sim,65,5.752,20.287,0.591,32.281,0.026,58.936
2026-09-08T06:27:23.155613+00:00,c9_sim,66,6.862,18.916,0.578,31.913,0.014,58.282
2026-09-08T06:27:23.231724+00:00,c9_sim,67,5.909,14.011,0.463,30.448,0.018,50.849
2026-09-08T06:27:23.366938+00:00,c9_sim,68,8.616,19.296,0.585,32.441,0.033,60.972
2026-09-08T06:27:23.436380+00:00,c9_sim,69,7.748,14.669,0.390,28.955,0.017,51.779
2026-09-08T06:27:23.546597+00:00,c9_sim,70,7.659,17.837,0.442,29.145,0.014,55.097
2026-09-08T06:27:23.655570+00:00,c9_sim,71,6.372,18.961,0.471,29.421,0.019,55.244
2026-09-08T06:27:23.768656+00:00,c9_sim,72,7.090,19.407,0.482,31.054,0.031,58.064
2026-09-08T06:27:23.875183+00:00,c9_sim,73,7.068,18.503,0.466,31.741,0.025,57.803
2026-09-08T06:27:23.974958+00:00,c9_sim,74,6.091,18.752,0.431,32.568,0.017,57.859
2026-09-08T06:27:24.083874+00:00,c9_sim,75,5.146,17.655,0.465,35.196,0.021,58.484
2026-09-08T06:27:24.197055+00:00,c9_sim,76,7.328,18.867,0.514,37.098,0.034,63.841
2026-09-08T06:27:24.297031+00:00,c9_sim,77,7.003,18.170,0.546,36.261,0.047,62.027
2026-09-08T06:27:24.371269+00:00,c9_sim,78,6.423,15.124,0.376,31.784,0.016,53.724
2026-09-08T06:27:24.474491+00:00,c9_sim,79,7.614,16.882,0.380,30.746,0.018,55.639
2026-09-08T06:27:24.578338+00:00,c9_sim,80,7.155,18.956,0.334,31.616,0.015,58.076
2026-09-08T06:27:24.692453+00:00,c9_sim,81,8.472,19.819,0.451,33.433,0.031,62.207
2026-09-08T06:27:24.800081+00:00,c9_sim,82,7.217,19.145,0.548,33.044,0.016,59.970
2026-09-08T06:27:24.878406+00:00,c9_sim,83,6.839,13.352,0.330,32.648,0.016,53.185
2026-09-08T06:27:24.991598+00:00,c9_sim,84,8.272,18.528,0.502,32.031,0.020,59.353
2026-09-08T06:27:25.101594+00:00,c9_sim,85,8.081,18.090,0.523,32.959,0.014,59.668
2026-09-08T06:27:25.219690+00:00,c9_sim,86,6.549,20.138,0.578,34.799,0.031,62.096
2026-09-08T06:27:25.294873+00:00,c9_sim,87,6.532,13.708,0.343,32.469,0.015,53.068
2026-09-08T06:27:25.435506+00:00,c9_sim,88,7.889,22.056,0.393,34.209,0.031,64.579
2026-09-08T06:27:25.516931+00:00,c9_sim,89,5.811,16.327,0.387,32.728,0.017,55.270
2026-09-08T06:27:25.622212+00:00,c9_sim,90,6.165,18.297,0.566,32.536,0.019,57.583
2026-09-08T06:27:25.735925+00:00,c9_sim,91,7.159,19.365,0.554,33.219,0.034,60.332
2026-09-08T06:27:25.806790+00:00,c9_sim,92,6.819,14.334,0.350,29.702,0.033,51.237
2026-09-08T06:27:25.910535+00:00,c9_sim,93,6.963,16.994,0.424,30.129,0.019,54.530
2026-09-08T06:27:26.053688+00:00,c9_sim,94,6.457,14.010,0.398,35.955,0.018,56.839
2026-09-08T06:27:26.136224+00:00,c9_sim,95,5.765,14.288,0.348,35.969,0.017,56.387
2026-09-08T06:27:26.249388+00:00,c9_sim,96,7.152,18.531,0.559,38.961,0.035,65.238
2026-09-08T06:27:26.360525+00:00,c9_sim,97,7.381,19.510,0.594,37.759,0.029,65.274
2026-09-08T06:27:26.465098+00:00,c9_sim,98,7.794,19.359,0.556,37.868,0.034,65.611
2026-09-08T06:27:26.544179+00:00,c9_sim,99,7.381,17.460,0.369,33.529,0.030,58.769
2026-09-08T06:27:26.649315+00:00,c9_sim,100,7.872,18.794,0.569,35.410,0.017,62.663
2026-09-08T06:27:26.769954+00:00,c9_sim,101,6.937,25.578,0.680,37.770,0.025,70.990
2026-09-08T06:27:26.843577+00:00,c9_sim,102,6.341,13.743,0.344,32.247,0.016,52.691
2026-09-08T06:27:26.959005+00:00,c9_sim,103,7.665,19.636,0.462,34.250,0.018,62.030
2026-09-08T06:27:27.068827+00:00,c9_sim,104,7.896,18.036,0.520,35.129,0.017,61.598
2026-09-08T06:27:27.178647+00:00,c9_sim,105,6.045,18.718,0.444,35.490,0.021,60.718
2026-09-08T06:27:27.293410+00:00,c9_sim,106,7.692,19.695,0.576,34.630,0.030,62.622
2026-09-08T06:27:27.365435+00:00,c9_sim,107,6.953,13.513,0.396,32.105,0.015,52.983
2026-09-08T06:27:27.481500+00:00,c9_sim,108,7.139,20.349,0.556,32.181,0.014,60.238
2026-09-08T06:27:27.594226+00:00,c9_sim,109,6.499,18.711,0.519,33.787,0.015,59.530
2026-09-08T06:27:27.672010+00:00,c9_sim,110,6.936,12.999,0.396,32.457,0.015,52.804
2026-09-08T06:27:27.785643+00:00,c9_sim,111,7.088,17.713,0.400,33.246,0.014,58.460
2026-09-08T06:27:27.894675+00:00,c9_sim,112,6.665,18.639,0.566,35.078,0.033,60.982
2026-09-08T06:27:28.008533+00:00,c9_sim,113,7.706,19.875,0.655,35.513,0.024,63.774
2026-09-08T06:27:28.086263+00:00,c9_sim,114,6.769,12.467,0.425,32.701,0.021,52.382
2026-09-08T06:27:28.190265+00:00,c9_sim,115,7.969,21.365,0.000,0.000,0.013,29.347
2026-09-08T06:27:28.294970+00:00,c9_sim,116,8.880,22.199,0.000,0.000,0.015,31.094
2026-09-08T06:27:28.383649+00:00,c9_sim,117,8.162,26.001,0.000,0.000,0.008,34.171
2026-09-08T06:27:28.553897+00:00,c9_sim,118,7.496,31.682,0.533,56.943,0.032,96.687
2026-09-08T06:27:28.594952+00:00,c9_sim,119,4.966,12.792,0.345,27.093,0.015,45.211
2026-09-08T06:27:28.732534+00:00,c9_sim,120,8.424,20.081,0.500,28.937,0.030,57.972
2026-09-08T06:27:28.799000+00:00,c9_sim,121,5.850,12.107,0.331,26.895,0.015,45.199
2026-09-08T06:27:28.938470+00:00,c9_sim,122,7.407,20.496,0.490,29.016,0.031,57.439
2026-09-08T06:27:29.037259+00:00,c9_sim,123,7.738,18.666,0.472,29.619,0.019,56.514
2026-09-08T06:27:29.148577+00:00,c9_sim,124,7.306,19.224,0.522,30.905,0.015,57.972
2026-09-08T06:27:29.221614+00:00,c9_sim,125,6.401,12.882,0.329,27.897,0.015,47.523
2026-09-08T06:27:29.357723+00:00,c9_sim,126,7.858,19.183,0.488,31.381,0.032,58.942
2026-09-08T06:27:29.428033+00:00,c9_sim,127,5.836,14.186,0.308,32.277,0.016,52.623
2026-09-08T06:27:29.544370+00:00,c9_sim,128,7.376,20.097,0.520,35.311,0.030,63.334
2026-09-08T06:27:29.657886+00:00,c9_sim,129,6.681,20.642,0.617,36.722,0.032,64.694
2026-09-08T06:27:29.768375+00:00,c9_sim,130,7.719,20.494,0.570,37.537,0.031,66.351
2026-09-08T06:27:29.849778+00:00,c9_sim,131,7.256,16.403,0.417,34.576,0.018,58.669
2026-09-08T06:27:29.965365+00:00,c9_sim,132,6.221,18.940,0.544,35.525,0.034,61.264
2026-09-08T06:27:30.071375+00:00,c9_sim,133,7.814,17.343,0.515,34.975,0.016,60.662
2026-09-08T06:27:30.150394+00:00,c9_sim,134,5.784,15.097,0.474,32.047,0.014,53.417
2026-09-08T06:27:30.261215+00:00,c9_sim,135,7.436,17.942,0.534,32.978,0.012,58.902
2026-09-08T06:27:30.372815+00:00,c9_sim,136,7.712,19.152,0.550,34.245,0.035,61.694
2026-09-08T06:27:30.495935+00:00,c9_sim,137,7.993,19.758,0.547,41.359,0.032,69.689
2026-09-08T06:27:30.570963+00:00,c9_sim,138,5.816,16.924,0.439,32.277,0.018,55.474
2026-09-08T06:27:30.682102+00:00,c9_sim,139,7.156,21.287,0.573,33.510,0.033,62.558
2026-09-08T06:27:30.790267+00:00,c9_sim,140,6.808,20.099,0.511,32.163,0.033,59.614
2026-09-08T06:27:30.868094+00:00,c9_sim,141,6.967,16.028,0.367,30.286,0.016,53.664
2026-09-08T06:27:30.998713+00:00,c9_sim,142,8.359,21.202,0.562,31.602,0.016,61.740
2026-09-08T06:27:31.076383+00:00,c9_sim,143,6.870,15.268,0.377,30.220,0.013,52.748
2026-09-08T06:27:31.190403+00:00,c9_sim,144,8.624,18.344,0.586,33.635,0.028,61.218
2026-09-08T06:27:31.295513+00:00,c9_sim,145,7.357,17.941,0.483,35.235,0.034,61.050
2026-09-08T06:27:31.412147+00:00,c9_sim,146,7.470,20.508,0.552,35.402,0.017,63.949
2026-09-08T06:27:31.488290+00:00,c9_sim,147,6.038,13.081,0.400,30.837,0.015,50.371
2026-09-08T06:27:31.597940+00:00,c9_sim,148,5.361,19.818,0.550,32.249,0.026,58.004
2026-09-08T06:27:31.712818+00:00,c9_sim,149,8.320,19.584,0.582,32.345,0.017,60.848
2026-09-08T06:27:31.825031+00:00,c9_sim,150,8.505,19.036,0.442,31.842,0.023,59.848
2026-09-08T06:27:31.901072+00:00,c9_sim,151,5.634,12.670,0.447,30.937,0.017,49.705
2026-09-08T06:27:32.041302+00:00,c9_sim,152,8.204,22.394,0.530,33.541,0.033,64.702
2026-09-08T06:27:32.122098+00:00,c9_sim,153,6.626,17.797,0.413,31.727,0.016,56.578
2026-09-08T06:27:32.234563+00:00,c9_sim,154,6.914,20.681,0.566,32.656,0.031,60.848
2026-09-08T06:27:32.306708+00:00,c9_sim,155,6.895,12.734,0.385,29.794,0.016,49.824
2026-09-08T06:27:32.442895+00:00,c9_sim,156,7.113,19.644,0.513,33.370,0.033,60.673
2026-09-08T06:27:32.543740+00:00,c9_sim,157,7.772,18.602,0.505,35.381,0.030,62.289
2026-09-08T06:27:32.658494+00:00,c9_sim,158,8.124,19.958,0.562,36.984,0.031,65.659
2026-09-08T06:27:32.741587+00:00,c9_sim,159,7.058,17.473,0.398,34.509,0.017,59.456
2026-09-08T06:27:32.862298+00:00,c9_sim,160,6.989,21.599,0.582,36.980,0.041,66.191
2026-09-08T06:27:32.936766+00:00,c9_sim,161,7.062,14.691,0.397,30.633,0.019,52.802
2026-09-08T06:27:33.046059+00:00,c9_sim,162,5.735,17.441,0.507,30.604,0.017,54.304
2026-09-08T06:27:33.163030+00:00,c9_sim,163,6.877,21.446,0.453,29.685,0.022,58.483
2026-09-08T06:27:33.238247+00:00,c9_sim,164,6.061,15.793,0.380,27.884,0.017,50.135
2026-09-08T06:27:33.348829+00:00,c9_sim,165,7.343,20.766,0.401,28.196,0.019,56.725
2026-09-08T06:27:33.451808+00:00,c9_sim,166,6.657,15.865,0.369,27.767,0.021,50.678
2026-09-08T06:27:33.553710+00:00,c9_sim,167,6.158,17.320,0.407,27.463,0.025,51.374
2026-09-08T06:27:33.695550+00:00,c9_sim,168,9.563,23.561,1.090,33.092,0.028,67.334
2026-09-08T06:27:33.760201+00:00,c9_sim,169,6.055,11.600,0.432,27.759,0.020,45.866
2026-09-08T06:27:33.887469+00:00,c9_sim,170,5.499,18.129,0.438,32.957,0.030,57.053
2026-09-08T06:27:33.965928+00:00,c9_sim,171,5.966,17.523,0.554,30.862,0.034,54.939
2026-09-08T06:27:34.082404+00:00,c9_sim,172,7.218,20.229,0.645,34.079,0.025,62.195
2026-09-08T06:27:34.197555+00:00,c9_sim,173,5.523,20.577,0.513,36.051,0.037,62.701
2026-09-08T06:27:34.305836+00:00,c9_sim,174,5.470,19.824,0.594,35.305,0.038,61.230
2026-09-08T06:27:34.382095+00:00,c9_sim,175,5.999,14.708,0.389,31.516,0.019,52.630
2026-09-08T06:27:34.488660+00:00,c9_sim,176,6.628,15.783,0.322,30.395,0.018,53.146
2026-09-08T06:27:34.597812+00:00,c9_sim,177,5.949,19.132,0.570,30.986,0.020,56.657
2026-09-08T06:27:34.700973+00:00,c9_sim,178,5.750,16.447,0.497,31.982,0.034,54.711
2026-09-08T06:27:34.798504+00:00,c9_sim,179,5.025,15.428,0.446,30.679,0.032,51.609
2026-09-08T06:27:34.905110+00:00,c9_sim,180,6.109,17.269,0.470,30.299,0.032,54.179
2026-09-08T06:27:35.007605+00:00,c9_sim,181,5.890,16.157,0.488,31.031,0.016,53.581
2026-09-08T06:27:35.116668+00:00,c9_sim,182,5.931,18.372,0.542,34.846,0.032,59.722
2026-09-08T06:27:35.225740+00:00,c9_sim,183,7.004,18.817,0.515,34.405,0.031,60.772
2026-09-08T06:27:35.306478+00:00,c9_sim,184,5.283,15.653,0.598,32.802,0.013,54.349
2026-09-08T06:27:35.444641+00:00,c9_sim,185,5.980,18.310,0.571,35.546,0.019,60.427
2026-09-08T06:27:35.522210+00:00,c9_sim,186,5.137,14.763,0.357,31.268,0.020,51.545
2026-09-08T06:27:35.630687+00:00,c9_sim,187,5.358,18.799,0.665,33.402,0.029,58.253
2026-09-08T06:27:35.731003+00:00,c9_sim,188,6.280,17.563,0.574,32.113,0.023,56.553
2026-09-08T06:27:35.839715+00:00,c9_sim,189,6.393,15.662,0.444,31.556,0.029,54.084
2026-09-08T06:27:35.914814+00:00,c9_sim,190,5.277,14.721,0.257,28.639,0.032,48.927
2026-09-08T06:27:36.040467+00:00,c9_sim,191,5.380,17.034,0.464,30.861,0.033,53.771
2026-09-08T06:27:36.150236+00:00,c9_sim,192,5.351,18.842,0.588,33.486,0.032,58.300
2026-09-08T06:27:36.256195+00:00,c9_sim,193,5.795,18.185,0.580,34.461,0.031,59.051
2026-09-08T06:27:36.370008+00:00,c9_sim,194,6.284,20.259,0.602,35.836,0.033,63.014
2026-09-08T06:27:36.444218+00:00,c9_sim,195,5.308,15.514,0.420,33.271,0.021,54.534
2026-09-08T06:27:36.565871+00:00,c9_sim,196,6.026,22.228,0.513,38.131,0.035,66.933
2026-09-08T06:27:36.684682+00:00,c9_sim,197,5.817,22.909,0.612,41.432,0.027,70.797
2026-09-08T06:27:36.770992+00:00,c9_sim,198,5.298,17.892,0.470,35.826,0.019,59.505
2026-09-08T06:27:36.887705+00:00,c9_sim,199,6.647,19.059,0.609,37.422,0.036,63.774
2026-09-08T06:27:36.970387+00:00,c9_sim,200,7.647,16.064,0.506,34.383,0.023,58.624
2026-09-08T06:27:37.086937+00:00,c9_sim,201,6.522,20.425,0.587,35.179,0.014,62.727
2026-09-08T06:27:37.165944+00:00,c9_sim,202,5.887,15.727,0.359,30.872,0.014,52.859
2026-09-08T06:27:37.271895+00:00,c9_sim,203,6.346,18.417,0.459,30.869,0.020,56.112
2026-09-08T06:27:37.379766+00:00,c9_sim,204,6.906,19.781,0.510,30.712,0.016,57.924
2026-09-08T06:27:37.483400+00:00,c9_sim,205,7.070,18.045,0.367,28.796,0.018,54.296
2026-09-08T06:27:37.578797+00:00,c9_sim,206,6.357,14.222,0.322,27.944,0.015,48.859
2026-09-08T06:27:37.686504+00:00,c9_sim,207,7.181,16.638,0.396,27.988,0.014,52.218
2026-09-08T06:27:37.799208+00:00,c9_sim,208,7.217,19.353,0.503,29.817,0.035,56.924
2026-09-08T06:27:37.907192+00:00,c9_sim,209,5.951,17.250,0.556,30.513,0.022,54.292
2026-09-08T06:27:38.026392+00:00,c9_sim,210,7.089,21.656,0.516,34.450,0.023,63.735
2026-09-08T06:27:38.107577+00:00,c9_sim,211,5.108,15.713,0.412,33.771,0.019,55.023
2026-09-08T06:27:38.230604+00:00,c9_sim,212,7.284,22.483,0.602,38.242,0.032,68.643
2026-09-08T06:27:38.301611+00:00,c9_sim,213,5.640,14.078,0.446,32.870,0.018,53.052
2026-09-08T06:27:38.412718+00:00,c9_sim,214,5.948,19.374,0.402,32.512,0.018,58.254
2026-09-08T06:27:38.526889+00:00,c9_sim,215,8.781,19.826,0.502,34.434,0.016,63.560
2026-09-08T06:27:38.606123+00:00,c9_sim,216,5.917,15.127,0.356,32.505,0.014,53.918
2026-09-08T06:27:38.721686+00:00,c9_sim,217,6.897,20.421,0.536,34.256,0.017,62.127
2026-09-08T06:27:38.837390+00:00,c9_sim,218,5.756,22.188,0.571,35.982,0.035,64.531
2026-09-08T06:27:38.912666+00:00,c9_sim,219,5.986,15.336,0.376,32.750,0.019,54.467
2026-09-08T06:27:39.057093+00:00,c9_sim,220,6.294,20.989,0.576,35.249,0.031,63.139
2026-09-08T06:27:39.134283+00:00,c9_sim,221,5.164,13.626,0.380,31.479,0.016,50.665
2026-09-08T06:27:39.251998+00:00,c9_sim,222,6.181,20.800,0.529,33.042,0.032,60.584
2026-09-08T06:27:39.362208+00:00,c9_sim,223,7.115,17.957,0.560,34.118,0.033,59.784
2026-09-08T06:27:39.434611+00:00,c9_sim,224,6.434,12.483,0.468,30.627,0.021,50.032
2026-09-08T06:27:39.544782+00:00,c9_sim,225,6.707,18.149,0.489,30.206,0.018,55.569
2026-09-08T06:27:39.659792+00:00,c9_sim,226,7.487,19.130,0.552,33.296,0.014,60.479
2026-09-08T06:27:39.785759+00:00,c9_sim,227,7.387,22.282,0.595,38.710,0.035,69.011
2026-09-08T06:27:39.868193+00:00,c9_sim,228,5.062,17.765,0.462,36.462,0.023,59.773
2026-09-08T06:27:39.975769+00:00,c9_sim,229,6.943,17.578,0.374,35.082,0.019,59.998
2026-09-08T06:27:40.051439+00:00,c9_sim,230,5.465,13.056,0.430,33.810,0.018,52.779
2026-09-08T06:27:40.163422+00:00,c9_sim,231,6.339,13.658,0.468,34.216,0.019,54.700
2026-09-08T06:27:40.273304+00:00,c9_sim,232,6.552,15.564,0.354,32.530,0.018,55.019
2026-09-08T06:27:40.391876+00:00,c9_sim,233,7.050,20.969,0.668,34.339,0.014,63.042
2026-09-08T06:27:40.469463+00:00,c9_sim,234,6.741,14.618,0.380,30.760,0.015,52.514
2026-09-08T06:27:40.581166+00:00,c9_sim,235,5.175,17.561,0.444,30.850,0.026,54.055
2026-09-08T06:27:40.680238+00:00,c9_sim,236,6.287,17.859,0.557,31.410,0.024,56.137
2026-09-08T06:27:40.791783+00:00,c9_sim,237,6.077,17.949,0.491,32.174,0.015,56.707
2026-09-08T06:27:40.914594+00:00,c9_sim,238,6.794,21.660,0.579,37.629,0.032,66.694
2026-09-08T06:27:40.987761+00:00,c9_sim,239,5.221,14.526,0.457,33.546,0.015,53.765
2026-09-08T06:27:41.088812+00:00,c9_sim,240,5.535,13.647,0.436,31.969,0.015,51.601
2026-09-08T06:27:41.202638+00:00,c9_sim,241,5.770,18.486,0.492,33.342,0.015,58.105
2026-09-08T06:27:41.323163+00:00,c9_sim,242,6.336,21.229,0.579,35.101,0.013,63.257
2026-09-08T06:27:41.403399+00:00,c9_sim,243,5.269,16.753,0.373,31.192,0.015,53.602
2026-09-08T06:27:41.509486+00:00,c9_sim,244,6.533,20.223,0.317,32.113,0.014,59.200
2026-09-08T06:27:41.631770+00:00,c9_sim,245,6.092,21.739,0.522,37.529,0.015,65.897
2026-09-08T06:27:41.715164+00:00,c9_sim,246,6.509,15.753,0.361,35.358,0.020,58.002
2026-09-08T06:27:41.838028+00:00,c9_sim,247,6.940,23.099,0.604,37.378,0.024,68.046
2026-09-08T06:27:41.919348+00:00,c9_sim,248,6.155,14.922,0.406,34.482,0.062,56.026
2026-09-08T06:27:42.021549+00:00,c9_sim,249,6.279,14.992,0.378,32.586,0.019,54.254
2026-09-08T06:27:42.132342+00:00,c9_sim,250,7.384,18.381,0.425,32.803,0.016,59.009
2026-09-08T06:27:42.243172+00:00,c9_sim,251,6.510,18.115,0.391,33.377,0.018,58.410
2026-09-08T06:27:42.323658+00:00,c9_sim,252,6.656,15.176,0.362,32.955,0.015,55.164
2026-09-08T06:27:42.432292+00:00,c9_sim,253,6.511,19.928,0.339,32.673,0.016,59.467
2026-09-08T06:27:42.545230+00:00,c9_sim,254,6.204,19.074,0.535,35.056,0.017,60.885
2026-09-08T06:27:42.663958+00:00,c9_sim,255,6.673,19.783,0.580,36.330,0.034,63.400
2026-09-08T06:27:42.744225+00:00,c9_sim,256,6.208,15.372,0.389,32.545,0.017,54.531
2026-09-08T06:27:42.854162+00:00,c9_sim,257,6.700,18.172,0.341,34.438,0.030,59.682
2026-09-08T06:27:42.922435+00:00,c9_sim,258,7.495,20.334,0.000,0.000,0.012,27.841
2026-09-08T06:27:43.036508+00:00,c8_sim,57,7.107,22.135,0.653,0.000,0.014,29.909
2026-09-08T06:27:43.142413+00:00,c8_sim,58,6.691,20.430,0.408,0.003,0.083,27.615
2026-09-08T06:27:43.233260+00:00,c8_sim,59,5.809,28.577,0.000,0.000,0.013,34.399
2026-09-08T06:27:43.315641+00:00,c8_sim,60,8.642,28.659,0.543,0.004,0.014,37.862
2026-09-08T06:27:43.408453+00:00,c8_sim,61,7.738,31.003,0.483,0.004,0.016,39.243
2026-09-08T06:27:43.501765+00:00,c8_sim,62,8.160,30.610,0.000,0.000,0.013,38.783
2026-09-08T06:27:43.561675+00:00,c8_sim,63,8.289,28.087,0.000,0.000,0.010,36.386
2026-09-08T06:27:43.652105+00:00,c8_sim,64,8.419,29.643,0.000,0.000,0.433,38.495
2026-09-08T06:27:43.741584+00:00,c8_sim,65,8.936,34.500,0.772,0.009,0.047,44.264
2026-09-08T06:27:43.819407+00:00,c8_sim,66,13.120,30.087,0.000,0.000,0.013,43.220
2026-09-08T06:27:43.911728+00:00,c8_sim,67,7.191,29.412,0.705,0.006,0.016,37.330
2026-09-08T06:27:43.999533+00:00,c8_sim,68,8.055,32.172,0.695,0.006,0.193,41.120
2026-09-08T06:27:44.092506+00:00,c8_sim,69,8.821,29.864,0.000,0.000,0.023,38.707
2026-09-08T06:27:44.180419+00:00,c8_sim,70,8.453,30.456,0.697,0.006,0.016,39.628
2026-09-08T06:27:44.262638+00:00,c8_sim,71,9.215,29.180,0.000,0.000,0.010,38.406
2026-09-08T06:27:44.355052+00:00,c8_sim,72,7.200,32.149,0.650,0.000,0.012,40.011
2026-09-08T06:27:44.432232+00:00,c8_sim,73,6.908,31.295,0.000,0.000,0.010,38.212
2026-09-08T06:27:44.572975+00:00,c8_sim,74,9.034,32.237,0.826,48.184,0.086,90.366
2026-09-08T06:27:44.583415+00:00,c8_sim,75,6.725,10.078,0.000,0.000,0.008,16.811
2026-09-08T06:27:44.690314+00:00,c8_sim,76,7.315,15.631,0.480,28.023,0.068,51.518
2026-09-08T06:27:44.800474+00:00,c8_sim,77,8.326,19.407,0.401,31.500,0.059,59.691
2026-09-08T06:27:44.875134+00:00,c8_sim,78,8.602,11.721,0.401,30.723,0.053,51.500
2026-09-08T06:27:44.951088+00:00,c8_sim,79,8.687,12.173,0.333,31.533,0.055,52.781
2026-09-08T06:27:45.064535+00:00,c8_sim,80,7.342,16.079,0.478,33.662,0.011,57.573
2026-09-08T06:27:45.135120+00:00,c8_sim,81,8.318,12.355,0.437,31.564,0.014,52.687
2026-09-08T06:27:45.219076+00:00,c8_sim,82,8.080,22.601,0.355,29.617,0.014,60.667
2026-09-08T06:27:45.289096+00:00,c8_sim,83,6.739,9.955,0.381,28.323,0.017,45.417
2026-09-08T06:27:45.394358+00:00,c8_sim,84,8.175,12.425,0.501,29.637,0.014,50.752
2026-09-08T06:27:45.465970+00:00,c8_sim,85,8.508,11.188,0.348,29.017,0.017,49.078
2026-09-08T06:27:45.563559+00:00,c8_sim,86,8.020,12.673,0.416,29.318,0.012,50.440
2026-09-08T06:27:45.633973+00:00,c8_sim,87,7.140,11.028,0.424,27.384,0.013,45.989
2026-09-08T06:27:45.704966+00:00,c8_sim,88,8.896,15.529,0.000,0.000,0.007,24.432
2026-09-08T06:27:45.849895+00:00,c8_sim,89,9.655,22.114,0.624,32.370,0.017,64.780
2026-09-08T06:27:45.928067+00:00,c8_sim,90,7.848,13.308,0.585,31.938,0.012,53.690
2026-09-08T06:27:45.999846+00:00,c8_sim,91,7.430,10.257,0.370,29.686,0.011,47.755
2026-09-08T06:27:46.094654+00:00,c8_sim,92,7.473,12.001,0.482,29.290,0.017,49.264
2026-09-08T06:27:46.165782+00:00,c8_sim,93,7.732,11.939,0.385,27.753,0.017,47.826
2026-09-08T06:27:46.235364+00:00,c8_sim,94,8.374,10.895,0.339,26.663,0.016,46.288
2026-09-08T06:27:46.340326+00:00,c8_sim,95,7.536,13.049,0.386,27.945,0.015,48.932
2026-09-08T06:27:46.409678+00:00,c8_sim,96,7.261,11.541,0.468,27.514,0.015,46.799
2026-09-08T06:27:46.514506+00:00,c8_sim,97,8.711,15.045,0.479,31.558,0.016,55.810
2026-09-08T06:27:46.578532+00:00,c8_sim,98,8.492,11.606,0.360,29.309,0.015,49.782
2026-09-08T06:27:46.684737+00:00,c8_sim,99,7.196,13.568,0.408,29.434,0.016,50.621
2026-09-08T06:27:46.755113+00:00,c8_sim,100,7.982,10.591,0.362,27.798,0.014,46.747
2026-09-08T06:27:46.859335+00:00,c8_sim,101,8.698,12.714,0.375,30.365,0.018,52.169
2026-09-08T06:27:46.931566+00:00,c8_sim,102,7.341,13.151,0.367,30.949,0.016,51.823
2026-09-08T06:27:47.036597+00:00,c8_sim,103,7.336,15.647,0.388,30.612,0.020,54.004
2026-09-08T06:27:47.109986+00:00,c8_sim,104,7.881,10.903,0.349,30.396,0.015,49.544
2026-09-08T06:27:47.212421+00:00,c8_sim,105,7.376,13.187,0.418,35.062,0.018,56.061
2026-09-08T06:27:47.288504+00:00,c8_sim,106,7.230,13.197,0.337,31.286,0.014,52.064
2026-09-08T06:27:47.361799+00:00,c8_sim,107,7.419,11.350,0.324,30.377,0.015,49.485
2026-09-08T06:27:47.473712+00:00,c8_sim,108,7.382,18.096,0.497,31.413,0.013,57.401
2026-09-08T06:27:47.547076+00:00,c8_sim,109,8.359,11.999,0.311,29.362,0.014,50.045
2026-09-08T06:27:47.617635+00:00,c8_sim,110,8.055,11.122,0.287,27.597,0.014,47.075
2026-09-08T06:27:47.716798+00:00,c8_sim,111,8.138,11.828,0.323,27.181,0.013,47.484
2026-09-08T06:27:47.810031+00:00,c8_sim,112,8.545,12.827,0.352,27.304,0.021,49.050
2026-09-08T06:27:47.881092+00:00,c8_sim,113,8.721,11.177,0.352,27.426,0.015,47.691
2026-09-08T06:27:47.976045+00:00,c8_sim,114,8.105,11.387,0.427,27.955,0.017,47.890
2026-09-08T06:27:48.047296+00:00,c8_sim,115,7.915,10.933,0.330,28.542,0.019,47.739
2026-09-08T06:27:48.153610+00:00,c8_sim,116,7.768,14.797,0.346,28.892,0.016,51.820
2026-09-08T06:27:48.217809+00:00,c8_sim,117,7.901,10.893,0.326,27.426,0.015,46.561
2026-09-08T06:27:48.312410+00:00,c8_sim,118,8.085,12.897,0.372,27.704,0.016,49.074
2026-09-08T06:27:48.417118+00:00,c8_sim,119,7.273,16.320,0.363,27.175,0.016,51.147
2026-09-08T06:27:48.480238+00:00,c8_sim,120,8.508,10.677,0.280,26.763,0.016,46.243
2026-09-08T06:27:48.583276+00:00,c8_sim,121,7.230,13.291,0.391,27.103,0.016,48.030
2026-09-08T06:27:48.653100+00:00,c8_sim,122,8.130,11.175,0.290,26.623,0.014,46.232
2026-09-08T06:27:48.753574+00:00,c8_sim,123,8.727,12.655,0.346,26.781,0.017,48.527
2026-09-08T06:27:48.823611+00:00,c8_sim,124,7.602,11.310,0.364,29.343,0.023,48.642
2026-09-08T06:27:48.928231+00:00,c8_sim,125,7.535,14.505,0.385,27.805,0.018,50.249
2026-09-08T06:27:48.996887+00:00,c8_sim,126,7.767,10.524,0.313,26.768,0.014,45.387
2026-09-08T06:27:49.098959+00:00,c8_sim,127,7.252,12.188,0.419,27.067,0.018,46.943
2026-09-08T06:27:49.141224+00:00,c8_sim,128,8.138,11.091,0.000,0.000,0.007,19.237
2026-09-08T06:27:49.240846+00:00,c10_sim,1,7.054,18.874,0.000,0.000,0.004,25.933
2026-09-08T06:27:49.394659+00:00,c10_sim,2,9.137,21.989,0.000,0.000,0.004,31.130
2026-09-08T06:27:49.543804+00:00,c10_sim,3,6.725,31.196,0.000,0.000,0.005,37.926
2026-09-08T06:27:49.706597+00:00,c10_sim,4,9.226,34.024,0.000,0.000,0.011,43.261
2026-09-08T06:27:49.848466+00:00,c10_sim,5,8.775,34.703,0.000,0.000,0.012,43.491
2026-09-08T06:27:49.979443+00:00,c10_sim,6,7.681,34.747,0.000,0.000,0.008,42.436
2026-09-08T06:27:50.204130+00:00,c10_sim,7,8.479,33.313,0.384,53.312,0.063,95.552
2026-09-08T06:27:50.273361+00:00,c10_sim,8,6.311,9.816,0.353,27.818,0.043,44.341
2026-09-08T06:27:50.443146+00:00,c10_sim,9,9.293,21.713,0.509,33.625,0.060,65.200
2026-09-08T06:27:50.598212+00:00,c10_sim,10,10.092,22.342,0.625,44.985,0.069,78.113
2026-09-08T06:27:50.744322+00:00,c10_sim,11,10.435,22.176,0.653,43.707,0.024,76.996
2026-09-08T06:27:50.891594+00:00,c10_sim,12,6.842,22.810,0.772,45.731,0.024,76.178
2026-09-08T06:27:51.083717+00:00,c10_sim,13,7.982,22.792,0.970,91.841,0.125,123.709
2026-09-08T06:27:51.200860+00:00,c10_sim,14,6.452,17.255,0.620,67.048,0.053,91.427
2026-09-08T06:27:51.340623+00:00,c10_sim,15,8.832,19.365,0.662,56.903,0.051,85.813
2026-09-08T06:27:51.477905+00:00,c10_sim,16,6.702,18.473,0.637,55.971,0.013,81.796
2026-09-08T06:27:51.606248+00:00,c10_sim,17,7.971,17.777,0.536,54.907,0.011,81.202
2026-09-08T06:27:51.770283+00:00,c10_sim,18,9.004,20.964,0.711,57.260,0.092,88.031
2026-09-08T06:27:51.894223+00:00,c10_sim,19,8.014,16.021,0.468,54.474,0.055,79.032
2026-09-08T06:27:52.027220+00:00,c10_sim,20,7.306,15.573,0.473,54.842,0.013,78.206
2026-09-08T06:27:52.186862+00:00,c10_sim,21,8.070,17.742,0.617,57.364,0.015,83.809
2026-09-08T06:27:52.344254+00:00,c10_sim,22,6.395,19.495,0.534,57.000,0.062,83.484
2026-09-08T06:27:52.473842+00:00,c10_sim,23,7.020,16.640,0.487,55.448,0.052,79.647
2026-09-08T06:27:52.641789+00:00,c10_sim,24,9.490,21.456,0.575,57.979,0.107,89.607
2026-09-08T06:27:52.777534+00:00,c10_sim,25,8.483,18.704,0.541,56.466,0.021,84.214
2026-09-08T06:27:52.904010+00:00,c10_sim,26,7.341,18.456,0.447,54.556,0.017,80.818
2026-09-08T06:27:53.075613+00:00,c10_sim,27,9.133,21.486,0.627,59.780,0.025,91.050
2026-09-08T06:27:53.216754+00:00,c10_sim,28,7.778,20.314,0.566,58.530,0.022,87.209
2026-09-08T06:27:53.358440+00:00,c10_sim,29,9.029,18.660,0.562,59.439,0.032,87.721
2026-09-08T06:27:53.492990+00:00,c10_sim,30,8.137,16.989,0.563,57.710,0.025,83.423
2026-09-08T06:27:53.625354+00:00,c10_sim,31,6.738,18.381,0.611,56.401,0.081,82.211
2026-09-08T06:27:53.764477+00:00,c10_sim,32,7.074,18.554,0.631,57.122,0.022,83.403
2026-09-08T06:27:53.923799+00:00,c10_sim,33,5.870,18.588,0.617,60.092,0.145,85.312
2026-09-08T06:27:54.065478+00:00,c10_sim,34,7.201,24.130,0.612,60.804,0.026,92.774
2026-09-08T06:27:54.197581+00:00,c10_sim,35,7.609,17.734,0.616,55.979,0.069,82.008
2026-09-08T06:27:54.358675+00:00,c10_sim,36,8.442,18.458,0.565,55.952,0.023,83.439
2026-09-08T06:27:54.490907+00:00,c10_sim,37,8.269,17.224,0.479,55.715,0.022,81.709
2026-09-08T06:27:54.656244+00:00,c10_sim,38,7.754,19.952,0.636,59.300,0.020,87.660
2026-09-08T06:27:54.792843+00:00,c10_sim,39,8.228,19.900,0.592,59.070,0.021,87.811
2026-09-08T06:27:54.931359+00:00,c10_sim,40,7.706,19.030,0.563,62.244,0.019,89.561
2026-09-08T06:27:55.070786+00:00,c10_sim,41,7.520,19.053,0.588,57.229,0.020,84.410
2026-09-08T06:27:55.211016+00:00,c10_sim,42,7.673,19.529,0.564,57.868,0.020,85.655
2026-09-08T06:27:55.379793+00:00,c10_sim,43,7.850,23.005,0.521,59.647,0.023,91.046
2026-09-08T06:27:55.480535+00:00,c10_sim,44,6.825,14.034,0.506,54.488,0.019,75.872
2026-09-08T06:27:55.638825+00:00,c10_sim,45,8.347,16.733,0.393,54.482,0.025,79.980
2026-09-08T06:27:55.774135+00:00,c10_sim,46,7.534,19.667,0.671,30.494,0.015,58.381
2026-09-08T06:27:55.881057+00:00,c10_sim,47,8.368,19.520,0.000,0.000,0.012,27.900
2026-09-08T06:27:56.032931+00:00,c10_sim,48,7.602,27.067,0.000,0.000,0.016,34.685
2026-09-08T06:27:56.254040+00:00,c10_sim,49,8.227,34.638,0.856,54.819,0.035,98.574
2026-09-08T06:27:56.323777+00:00,c10_sim,50,8.579,17.411,0.000,0.000,0.012,26.002
2026-09-08T06:27:56.489456+00:00,c10_sim,51,7.431,20.597,0.705,34.212,0.021,62.965
2026-09-08T06:27:56.601071+00:00,c10_sim,52,9.104,20.810,0.666,0.005,0.017,30.601
2026-09-08T06:27:56.780064+00:00,c10_sim,53,8.101,35.771,0.893,0.007,0.026,44.798
2026-09-08T06:27:56.898675+00:00,c10_sim,54,7.018,34.040,0.860,0.007,0.025,41.950
2026-09-08T06:27:57.049115+00:00,c10_sim,55,7.385,32.765,0.879,0.006,0.026,41.060
2026-09-08T06:27:57.189024+00:00,c10_sim,56,9.627,29.899,0.000,0.000,0.014,39.540
2026-09-08T06:27:57.340688+00:00,c10_sim,57,6.600,33.048,0.933,0.006,0.026,40.614
2026-09-08T06:27:57.484305+00:00,c10_sim,58,7.249,33.201,0.000,0.000,0.024,40.474
2026-09-08T06:27:57.687222+00:00,c12_sim,1,6.587,32.855,0.474,56.386,0.069,96.371
2026-09-08T06:27:57.786217+00:00,c12_sim,2,7.850,18.430,0.589,29.133,0.083,56.086
2026-09-08T06:27:57.948028+00:00,c12_sim,3,7.189,21.901,0.611,33.023,0.022,62.747
2026-09-08T06:27:58.027599+00:00,c12_sim,4,8.837,18.774,0.000,0.000,0.012,27.623
2026-09-08T06:27:58.244557+00:00,c12_sim,5,9.116,22.951,0.864,57.081,0.031,90.042
2026-09-08T06:27:58.373136+00:00,c12_sim,6,9.369,21.366,0.594,47.157,0.027,78.512
2026-09-08T06:27:58.497195+00:00,c12_sim,7,8.061,20.522,0.642,44.988,0.022,74.235
2026-09-08T06:27:58.626011+00:00,c12_sim,8,9.304,15.984,0.484,37.774,0.039,63.585
2026-09-08T06:27:58.733755+00:00,c12_sim,9,9.203,20.354,0.589,0.000,0.013,30.159
2026-09-08T06:27:58.924082+00:00,c12_sim,10,7.711,22.780,0.616,57.735,0.075,88.916
2026-09-08T06:27:59.053115+00:00,c12_sim,11,7.160,22.466,0.706,50.376,0.068,80.777
2026-09-08T06:27:59.203803+00:00,c12_sim,12,8.856,21.732,0.623,44.201,0.079,75.492
2026-09-08T06:27:59.318343+00:00,c12_sim,13,8.341,20.487,0.580,41.422,0.026,70.856
2026-09-08T06:27:59.465169+00:00,c12_sim,14,7.176,19.805,0.560,39.795,0.020,67.356
2026-09-08T06:27:59.597940+00:00,c12_sim,15,9.003,18.717,0.560,37.458,0.022,65.761
2026-09-08T06:27:59.741555+00:00,c12_sim,16,8.640,20.007,0.705,37.911,0.021,67.285
2026-09-08T06:27:59.854354+00:00,c12_sim,17,8.111,19.150,0.595,36.978,0.019,64.854
2026-09-08T06:28:00.030984+00:00,c12_sim,18,9.833,20.826,0.762,42.202,0.025,73.646
2026-09-08T06:28:00.137963+00:00,c12_sim,19,9.422,18.612,0.526,36.526,0.018,65.103
2026-09-08T06:28:00.288696+00:00,c12_sim,20,8.681,20.325,0.651,39.295,0.023,68.977
2026-09-08T06:28:00.443455+00:00,c12_sim,21,10.129,20.380,0.799,42.911,0.027,74.246
2026-09-08T06:28:00.562968+00:00,c12_sim,22,8.567,18.776,0.645,41.856,0.024,69.868
2026-09-08T06:28:00.658664+00:00,c12_sim,23,9.328,20.169,0.000,0.000,0.281,29.778
2026-09-08T06:28:00.814151+00:00,c12_sim,24,7.509,25.542,0.000,0.000,0.042,33.093
2026-09-08T06:28:00.948375+00:00,c12_sim,25,6.718,29.451,0.000,0.000,0.013,36.182
2026-09-08T06:28:01.087697+00:00,c12_sim,26,7.399,33.704,0.809,0.000,0.020,41.932
2026-09-08T06:28:01.287318+00:00,c12_sim,27,7.897,31.820,1.012,56.672,0.116,97.517
2026-09-08T06:28:01.393786+00:00,c12_sim,28,6.813,19.546,0.584,29.268,0.115,56.326
2026-09-08T06:28:01.499395+00:00,c12_sim,29,8.411,20.700,0.000,0.000,0.014,29.125
2026-09-08T06:28:01.671438+00:00,c12_sim,30,7.325,18.941,0.634,45.616,0.025,72.541
2026-09-08T06:28:01.781891+00:00,c12_sim,31,8.205,24.384,0.000,0.000,0.022,32.611
2026-09-08T06:28:01.937494+00:00,c11_sim,1,7.333,34.326,0.000,0.000,0.013,41.673
2026-09-08T06:28:02.057596+00:00,c11_sim,2,6.311,29.610,0.000,0.000,0.008,35.930
2026-09-08T06:28:02.170221+00:00,c11_sim,3,8.499,32.306,0.000,0.000,0.008,40.813
2026-09-08T06:28:02.287313+00:00,c11_sim,4,7.168,32.553,0.000,0.000,0.005,39.725
2026-09-08T06:28:02.472039+00:00,c11_sim,5,7.427,34.944,0.548,49.658,0.065,92.643
2026-09-08T06:28:02.550295+00:00,c11_sim,6,6.670,18.199,0.628,28.512,0.060,54.069
2026-09-08T06:28:02.679875+00:00,c11_sim,7,9.032,19.217,0.506,28.915,0.022,57.692
2026-09-08T06:28:02.750307+00:00,c11_sim,8,8.576,16.620,0.000,0.000,0.012,25.209
2026-09-08T06:28:02.877767+00:00,c11_sim,9,9.486,24.666,0.000,0.000,0.018,34.170
2026-09-08T06:28:03.078099+00:00,c11_sim,10,7.468,24.562,0.813,63.248,0.029,96.122
2026-09-08T06:28:03.173996+00:00,c11_sim,11,6.672,19.177,0.616,47.154,0.078,73.698
2026-09-08T06:28:03.297824+00:00,c11_sim,12,9.371,20.836,0.614,42.647,0.025,73.494
2026-09-08T06:28:03.415360+00:00,c11_sim,13,9.343,19.427,0.559,38.073,0.022,67.424
2026-09-08T06:28:03.524876+00:00,c11_sim,14,8.469,20.563,0.639,34.883,0.021,64.575
2026-09-08T06:28:03.627986+00:00,c11_sim,15,9.380,17.880,0.551,35.190,0.020,63.022
2026-09-08T06:28:03.767232+00:00,c11_sim,16,9.262,21.245,0.649,34.091,0.021,65.268
2026-09-08T06:28:03.898330+00:00,c11_sim,17,8.671,20.502,0.642,35.341,0.022,65.178
2026-09-08T06:28:03.980963+00:00,c11_sim,18,8.485,22.189,0.000,0.000,0.015,30.689
2026-09-08T06:28:04.077906+00:00,c11_sim,19,9.154,18.818,0.000,0.000,0.012,27.984
2026-09-08T06:28:04.221316+00:00,c11_sim,20,9.699,33.128,0.000,0.000,0.020,42.846
2026-09-08T06:28:04.326343+00:00,c11_sim,21,8.486,31.472,0.000,0.000,0.010,39.969
2026-09-08T06:28:04.458522+00:00,c11_sim,22,8.399,33.438,0.000,0.000,0.027,41.864
2026-09-08T06:28:04.577886+00:00,c11_sim,23,10.397,33.238,0.000,0.000,0.025,43.660
2026-09-08T06:28:04.687571+00:00,c11_sim,24,9.822,32.778,0.000,0.000,0.023,42.623
2026-09-08T06:28:04.822408+00:00,c11_sim,25,7.154,32.762,0.000,0.000,0.026,39.941
2026-09-08T06:28:04.923617+00:00,c11_sim,26,7.195,32.096,0.000,0.000,0.023,39.314
2026-09-08T06:28:05.121667+00:00,c11_sim,27,10.033,33.299,0.665,50.308,0.022,94.326
2026-09-08T06:28:05.164027+00:00,c11_sim,28,6.872,14.338,0.000,0.000,0.011,21.221
2026-09-08T06:28:05.298227+00:00,c11_sim,29,7.888,21.774,0.000,0.000,0.016,29.678
2026-09-08T06:28:05.399873+00:00,c11_sim,30,8.910,21.634,0.000,0.000,0.017,30.561
2026-09-08T06:28:05.529266+00:00,c11_sim,31,9.045,29.473,0.000,0.000,0.025,38.543
2026-09-08T06:28:05.640344+00:00,c11_sim,32,7.520,32.351,0.000,0.000,0.036,39.907
2026-09-08T06:28:05.819995+00:00,c11_sim,33,10.515,32.472,0.612,54.799,0.020,98.418
2026-09-08T06:28:05.918999+00:00,c11_sim,34,7.665,17.395,0.475,28.412,0.017,53.964
2026-09-08T06:28:06.016910+00:00,c11_sim,35,8.632,17.246,0.501,28.195,0.010,54.583
2026-09-08T06:28:06.155352+00:00,c11_sim,36,8.881,19.463,0.495,30.120,0.023,58.983
2026-09-08T06:28:06.265415+00:00,c11_sim,37,10.260,19.251,0.559,31.412,0.017,61.497
2026-09-08T06:28:06.408105+00:00,c11_sim,38,9.318,19.967,0.531,33.791,0.031,63.637
2026-09-08T06:28:06.523537+00:00,c11_sim,39,8.996,20.479,0.557,36.264,0.039,66.334
2026-09-08T06:28:06.642505+00:00,c11_sim,40,9.043,20.516,0.613,37.773,0.032,67.977
2026-09-08T06:28:06.755014+00:00,c11_sim,41,9.519,19.594,0.673,38.237,0.035,68.058
2026-09-08T06:28:06.873530+00:00,c11_sim,42,8.095,20.207,0.638,39.776,0.044,68.761
2026-09-08T06:28:07.021409+00:00,c11_sim,43,9.479,22.564,0.677,44.614,0.080,77.414
2026-09-08T06:28:07.105791+00:00,c11_sim,44,8.544,17.371,0.528,39.462,0.045,65.950
2026-09-08T06:28:07.256459+00:00,c11_sim,45,8.788,22.125,0.721,44.038,0.044,75.716
2026-09-08T06:28:07.377991+00:00,c11_sim,46,9.014,21.133,0.713,44.209,0.040,75.109
2026-09-08T06:28:07.459945+00:00,c11_sim,47,8.777,16.964,0.422,35.036,0.032,61.230
2026-09-08T06:28:07.600643+00:00,c11_sim,48,8.730,20.965,0.578,35.759,0.033,66.065
2026-09-08T06:28:07.706654+00:00,c11_sim,49,6.674,14.445,0.402,32.983,0.050,54.553
2026-09-08T06:28:07.845593+00:00,c11_sim,50,8.649,19.788,0.547,36.629,0.034,65.648
2026-09-08T06:28:07.947043+00:00,c11_sim,51,8.676,18.523,0.580,35.282,0.035,63.096
2026-09-08T06:28:08.087464+00:00,c11_sim,52,9.600,20.795,0.610,37.105,0.033,68.143
2026-09-08T06:28:08.196713+00:00,c11_sim,53,7.880,19.631,0.553,36.855,0.033,64.952
2026-09-08T06:28:08.322191+00:00,c11_sim,54,9.037,20.353,0.572,37.175,0.033,67.170
2026-09-08T06:28:08.426500+00:00,c11_sim,55,8.714,18.714,0.542,35.271,0.030,63.270
2026-09-08T06:28:08.569956+00:00,c11_sim,56,9.390,21.325,0.633,39.090,0.032,70.470
2026-09-08T06:28:08.682828+00:00,c11_sim,57,9.040,20.712,0.552,39.856,0.038,70.198
2026-09-08T06:28:08.800053+00:00,c11_sim,58,9.211,22.577,0.545,40.249,0.038,72.620
2026-09-08T06:28:08.910805+00:00,c11_sim,59,9.233,18.993,0.586,37.987,0.032,66.832
2026-09-08T06:28:09.022804+00:00,c11_sim,60,8.662,18.346,0.395,34.071,0.024,61.497
2026-09-08T06:28:09.153126+00:00,c11_sim,61,9.612,19.942,0.565,35.200,0.031,65.350
2026-09-08T06:28:09.291205+00:00,c11_sim,62,9.456,21.380,0.594,36.098,0.038,67.566
2026-09-08T06:28:09.408445+00:00,c11_sim,63,8.042,20.678,0.593,35.664,0.033,65.009
2026-09-08T06:28:09.517639+00:00,c11_sim,64,8.972,20.885,0.565,36.042,0.036,66.500
2026-09-08T06:28:09.634189+00:00,c11_sim,65,7.889,20.001,0.562,36.518,0.039,65.008
2026-09-08T06:28:09.700367+00:00,c11_sim,66,9.270,17.696,0.000,0.000,0.012,26.979
2026-09-08T06:28:09.877983+00:00,c11_sim,67,8.440,20.167,0.610,51.592,0.043,80.852
2026-09-08T06:28:10.006011+00:00,c11_sim,68,8.228,20.644,0.608,46.368,0.043,75.890
2026-09-08T06:28:10.114600+00:00,c11_sim,69,9.709,15.714,0.490,41.407,0.023,67.342
2026-09-08T06:28:10.224925+00:00,c11_sim,70,9.139,17.084,0.406,35.365,0.033,62.026
2026-09-08T06:28:10.364293+00:00,c11_sim,71,8.830,21.984,0.618,37.016,0.080,68.529
2026-09-08T06:28:10.503790+00:00,c11_sim,72,10.615,18.636,0.761,67.333,0.056,97.401
2026-09-08T06:28:10.604137+00:00,c11_sim,73,6.795,12.372,0.401,56.672,0.020,76.260
2026-09-08T06:28:10.719293+00:00,c11_sim,74,6.790,12.555,0.419,54.088,0.023,73.875
2026-09-08T06:28:10.848809+00:00,c11_sim,75,7.728,17.472,0.540,54.942,0.021,80.703
2026-09-08T06:28:10.949706+00:00,c11_sim,76,7.179,16.842,0.424,27.334,0.013,51.792
2026-09-08T06:28:11.076932+00:00,c11_sim,77,8.396,16.547,0.444,54.606,0.022,80.016
2026-09-08T06:28:11.206688+00:00,c11_sim,78,7.450,17.578,0.481,55.120,0.023,80.652
2026-09-08T06:28:11.304287+00:00,c11_sim,79,6.760,12.684,0.379,53.549,0.017,73.389
2026-09-08T06:28:11.458673+00:00,c11_sim,80,9.820,17.693,0.525,55.774,0.020,83.831
2026-09-08T06:28:11.590196+00:00,c11_sim,81,6.869,19.435,0.724,57.552,0.017,84.596
2026-09-08T06:28:11.687855+00:00,c11_sim,82,7.627,12.339,0.404,53.866,0.016,74.252
2026-09-08T06:28:11.808527+00:00,c11_sim,83,6.656,15.409,0.381,53.612,0.022,76.080
2026-09-08T06:28:11.932838+00:00,c11_sim,84,10.131,15.434,0.427,53.884,0.048,79.923
2026-09-08T06:28:12.029185+00:00,c11_sim,85,7.287,11.526,0.331,53.528,0.018,72.689
2026-09-08T06:28:12.180224+00:00,c11_sim,86,6.781,16.465,0.489,55.242,0.016,78.995
2026-09-08T06:28:12.277790+00:00,c11_sim,87,6.604,12.577,0.362,53.705,0.020,73.268
2026-09-08T06:28:12.408222+00:00,c11_sim,88,7.624,17.021,0.526,55.879,0.025,81.075
2026-09-08T06:28:12.504629+00:00,c11_sim,89,6.789,11.493,0.396,53.593,0.020,72.291
2026-09-08T06:28:12.671619+00:00,c11_sim,90,10.918,21.291,0.641,57.204,0.017,90.071
2026-09-08T06:28:12.770886+00:00,c11_sim,91,7.866,13.747,0.372,54.122,0.019,76.125
2026-09-08T06:28:12.900225+00:00,c11_sim,92,7.185,17.482,0.407,55.028,0.021,80.123
2026-09-08T06:28:12.997763+00:00,c11_sim,93,7.067,12.689,0.388,53.532,0.019,73.695
2026-09-08T06:28:13.126070+00:00,c11_sim,94,6.186,15.232,0.415,53.803,0.048,75.685
2026-09-08T06:28:13.252233+00:00,c11_sim,95,7.163,16.338,0.352,53.701,0.022,77.576
2026-09-08T06:28:13.403573+00:00,c11_sim,96,6.773,29.814,0.536,59.627,0.023,96.773
2026-09-08T06:28:13.467740+00:00,c11_sim,97,5.616,9.521,0.370,53.417,0.019,68.942
2026-09-08T06:28:13.599204+00:00,c11_sim,98,6.321,15.061,0.416,53.739,0.020,75.556
2026-09-08T06:28:13.732654+00:00,c11_sim,99,7.837,16.419,0.438,55.372,0.077,80.142
2026-09-08T06:28:13.829595+00:00,c11_sim,100,7.432,11.892,0.429,53.690,0.029,73.473
2026-09-08T06:28:13.957117+00:00,c11_sim,101,8.112,15.139,0.491,54.516,0.022,78.281
2026-09-08T06:28:14.092138+00:00,c11_sim,102,7.796,18.264,0.588,55.542,0.058,82.248
2026-09-08T06:28:14.210250+00:00,c11_sim,103,7.539,13.237,0.405,53.788,0.021,74.990
2026-09-08T06:28:14.334745+00:00,c11_sim,104,5.314,17.374,0.512,54.733,0.050,77.984
2026-09-08T06:28:14.449787+00:00,c11_sim,105,6.332,15.686,0.430,54.354,0.023,76.824
2026-09-08T06:28:14.547020+00:00,c11_sim,106,5.891,12.091,0.406,53.734,0.020,72.142
2026-09-08T06:28:14.677810+00:00,c11_sim,107,7.082,14.488,0.438,54.782,0.022,76.813
2026-09-08T06:28:14.797783+00:00,c11_sim,108,6.372,10.666,0.369,53.677,0.022,71.106
2026-09-08T06:28:14.926133+00:00,c11_sim,109,6.234,13.913,0.410,53.888,0.020,74.465
2026-09-08T06:28:15.056216+00:00,c11_sim,110,6.452,15.542,0.438,55.114,0.021,77.568
2026-09-08T06:28:15.152618+00:00,c11_sim,111,7.274,11.674,0.369,53.454,0.022,72.793
2026-09-08T06:28:15.284307+00:00,c11_sim,112,6.726,17.211,0.406,54.159,0.061,78.563
2026-09-08T06:28:15.419554+00:00,c11_sim,113,7.076,17.925,0.705,58.386,0.021,84.112
2026-09-08T06:28:15.518066+00:00,c11_sim,114,7.235,11.431,0.388,54.616,0.020,73.691
2026-09-08T06:28:15.638811+00:00,c11_sim,115,7.767,14.738,0.333,53.619,0.020,76.477
2026-09-08T06:28:15.768762+00:00,c11_sim,116,7.816,17.930,0.378,55.092,0.022,81.238
2026-09-08T06:28:15.867852+00:00,c11_sim,117,6.840,11.914,0.473,54.973,0.064,74.263
2026-09-08T06:28:16.020248+00:00,c11_sim,118,8.925,19.159,0.548,56.388,0.068,85.088
2026-09-08T06:28:16.116801+00:00,c11_sim,119,6.732,10.976,0.413,54.203,0.070,72.394
2026-09-08T06:28:16.242546+00:00,c11_sim,120,6.766,14.586,0.453,54.090,0.021,75.915
2026-09-08T06:28:16.369330+00:00,c11_sim,121,6.733,14.111,0.357,54.926,0.023,76.151
2026-09-08T06:28:16.493148+00:00,c11_sim,122,6.558,15.345,0.345,54.302,0.019,76.569
2026-09-08T06:28:16.588502+00:00,c11_sim,123,8.020,10.520,0.380,53.550,0.021,72.492
2026-09-08T06:28:16.743803+00:00,c11_sim,124,12.039,15.545,0.399,54.491,0.022,82.496
2026-09-08T06:28:16.840296+00:00,c11_sim,125,7.343,11.240,0.357,53.984,0.021,72.945
2026-09-08T06:28:16.970157+00:00,c11_sim,126,6.736,15.551,0.357,54.137,0.020,76.802
2026-09-08T06:28:17.065475+00:00,c11_sim,127,7.079,10.431,0.417,53.602,0.019,71.549
2026-09-08T06:28:17.195198+00:00,c11_sim,128,7.584,13.759,0.478,54.756,0.024,76.602
2026-09-08T06:28:17.312645+00:00,c11_sim,129,8.454,13.780,0.380,54.522,0.019,77.155
2026-09-08T06:28:17.445389+00:00,c11_sim,130,7.055,16.400,0.439,55.026,0.021,78.941
2026-09-08T06:28:17.578244+00:00,c11_sim,131,6.310,18.546,0.601,55.869,0.022,81.348
2026-09-08T06:28:17.677822+00:00,c11_sim,132,6.896,13.272,0.410,54.905,0.020,75.503
2026-09-08T06:28:17.783762+00:00,c11_sim,133,7.906,18.295,0.578,28.586,0.015,55.381
2026-09-08T06:28:17.892931+00:00,c11_sim,134,9.024,18.720,0.540,29.012,0.021,57.317
2026-09-08T06:28:18.022275+00:00,c11_sim,135,8.538,18.098,0.521,29.753,0.033,56.942
2026-09-08T06:28:18.151418+00:00,c11_sim,136,9.094,20.965,0.609,33.966,0.031,64.666
2026-09-08T06:28:18.266796+00:00,c11_sim,137,9.163,20.617,0.566,35.341,0.016,65.704
2026-09-08T06:28:18.374377+00:00,c11_sim,138,9.443,18.678,0.477,34.586,0.017,63.200
2026-09-08T06:28:18.506623+00:00,c11_sim,139,8.835,20.090,0.625,38.636,0.036,68.221
2026-09-08T06:28:18.581520+00:00,c11_sim,140,7.445,20.310,0.000,0.000,0.016,27.772
2026-09-08T06:28:18.706342+00:00,c11_sim,141,8.298,22.024,0.000,0.000,0.018,30.341
2026-09-08T06:28:18.888031+00:00,c11_sim,142,8.490,33.386,0.583,49.988,0.035,92.483
2026-09-08T06:28:19.013722+00:00,c11_sim,143,6.187,17.076,0.749,59.794,0.120,83.928
2026-09-08T06:28:19.113826+00:00,c11_sim,144,6.618,13.753,0.471,54.742,0.023,75.608
2026-09-08T06:28:19.245142+00:00,c11_sim,145,6.042,15.110,0.661,54.433,0.020,76.266
2026-09-08T06:28:19.376956+00:00,c11_sim,146,7.176,17.207,0.521,55.319,0.063,80.286
2026-09-08T06:28:19.475663+00:00,c11_sim,147,6.912,12.205,0.417,54.146,0.208,73.888
2026-09-08T06:28:19.603477+00:00,c11_sim,148,6.715,15.039,0.496,55.462,0.072,77.785
2026-09-08T06:28:19.740309+00:00,c11_sim,149,8.423,19.616,0.495,55.546,0.022,84.103
2026-09-08T06:28:19.810208+00:00,c11_sim,150,7.280,11.781,0.370,27.104,0.018,46.553
2026-09-08T06:28:19.947848+00:00,c11_sim,151,8.855,20.412,0.652,30.394,0.036,60.350
2026-09-08T06:28:20.050770+00:00,c11_sim,152,9.503,17.785,0.538,29.404,0.019,57.249
2026-09-08T06:28:20.183733+00:00,c11_sim,153,8.983,16.898,0.590,30.576,0.018,57.066
2026-09-08T06:28:20.312458+00:00,c11_sim,154,7.954,15.490,0.420,57.375,0.018,81.258
2026-09-08T06:28:20.443845+00:00,c11_sim,155,6.548,17.419,0.592,56.092,0.018,80.669
2026-09-08T06:28:20.543695+00:00,c11_sim,156,5.719,13.200,0.440,55.299,0.018,74.676
2026-09-08T06:28:20.675247+00:00,c11_sim,157,8.588,15.464,0.463,55.459,0.016,79.989
2026-09-08T06:28:20.810881+00:00,c11_sim,158,7.171,18.964,0.485,54.999,0.018,81.636
2026-09-08T06:28:20.907938+00:00,c11_sim,159,7.130,11.957,0.394,55.099,0.017,74.597
2026-09-08T06:28:21.044548+00:00,c11_sim,160,7.509,18.799,0.619,57.206,0.017,84.150
2026-09-08T06:28:21.136680+00:00,c11_sim,161,6.966,10.961,0.439,53.966,0.021,72.353
2026-09-08T06:28:21.299739+00:00,c11_sim,162,7.951,19.425,0.625,57.751,0.024,85.776
2026-09-08T06:28:21.398754+00:00,c11_sim,163,6.583,12.820,0.507,54.669,0.024,74.602
2026-09-08T06:28:21.478812+00:00,c11_sim,164,6.919,17.763,0.509,0.003,0.011,25.204
2026-09-08T06:28:21.616796+00:00,c11_sim,165,9.151,18.631,0.671,32.349,0.028,60.830
2026-09-08T06:28:21.730957+00:00,c11_sim,166,8.959,19.552,0.618,32.923,0.017,62.070
2026-09-08T06:28:21.870595+00:00,c11_sim,167,6.969,19.487,0.620,36.090,0.037,63.203
2026-09-08T06:28:21.986364+00:00,c11_sim,168,8.417,21.419,0.663,37.427,0.172,68.097
2026-09-08T06:28:22.094724+00:00,c11_sim,169,8.805,18.644,0.611,36.675,0.111,64.845
2026-09-08T06:28:22.246203+00:00,c11_sim,170,9.000,20.694,0.584,38.646,0.037,68.961
2026-09-08T06:28:22.322466+00:00,c11_sim,171,7.469,14.786,0.489,33.214,0.019,55.979
2026-09-08T06:28:22.488284+00:00,c11_sim,172,8.305,19.894,0.640,67.595,0.043,96.478
2026-09-08T06:28:22.591003+00:00,c11_sim,173,8.217,14.461,0.410,56.848,0.026,79.963
2026-09-08T06:28:22.664702+00:00,c11_sim,174,8.060,18.753,0.504,0.004,0.015,27.336
2026-09-08T06:28:22.797227+00:00,c11_sim,175,8.888,21.202,0.801,0.007,0.032,30.930
2026-09-08T06:28:22.900286+00:00,c11_sim,176,8.842,20.614,0.642,0.005,0.020,30.125
2026-09-08T06:28:23.061712+00:00,c11_sim,177,9.167,33.092,0.859,0.006,0.029,43.154
2026-09-08T06:28:23.154095+00:00,c11_sim,178,8.129,32.453,0.914,0.007,0.030,41.534
2026-09-08T06:28:23.298027+00:00,c11_sim,179,6.740,33.818,0.838,0.006,0.028,41.432
2026-09-08T06:28:23.393757+00:00,c11_sim,180,7.449,33.020,0.908,0.007,0.033,41.418
2026-09-08T06:28:23.514857+00:00,c11_sim,181,7.290,32.335,0.839,0.007,0.031,40.501
2026-09-08T06:28:23.651772+00:00,c11_sim,182,8.544,38.418,0.916,0.007,0.031,47.916
2026-09-08T06:28:23.774221+00:00,c11_sim,183,8.902,31.826,1.111,0.006,0.027,41.873
2026-09-08T06:28:23.883296+00:00,c11_sim,184,8.708,32.861,0.834,0.006,0.027,42.437
2026-09-08T06:28:23.995718+00:00,c11_sim,185,6.758,34.116,0.867,0.008,0.030,41.779
2026-09-08T06:28:24.140832+00:00,c11_sim,186,9.837,32.774,0.826,0.007,0.031,43.475
2026-09-08T06:28:24.230232+00:00,c11_sim,187,9.282,32.662,0.848,0.007,0.031,42.829
2026-09-08T06:28:24.373680+00:00,c11_sim,188,9.186,33.062,0.861,0.006,0.396,43.512
2026-09-08T06:28:24.492586+00:00,c11_sim,189,9.727,33.180,0.917,0.007,0.055,43.886
2026-09-08T06:28:24.609631+00:00,c11_sim,190,8.756,33.386,0.844,0.007,0.027,43.020
2026-09-08T06:28:24.726788+00:00,c11_sim,191,8.450,33.312,0.884,0.007,0.030,42.683
2026-09-08T06:28:24.846343+00:00,c11_sim,192,7.058,32.980,0.812,0.007,0.027,40.884
2026-09-08T06:28:24.959405+00:00,c11_sim,193,8.856,32.497,0.884,0.007,0.028,42.270
2026-09-08T06:28:25.071016+00:00,c11_sim,194,9.861,33.374,0.736,0.005,0.021,43.998
2026-09-08T06:28:25.190051+00:00,c11_sim,195,7.052,32.113,0.779,0.007,0.028,39.980
2026-09-08T06:28:25.305490+00:00,c11_sim,196,7.101,32.426,0.955,0.007,0.030,40.518
2026-09-08T06:28:25.434131+00:00,c11_sim,197,9.852,33.052,0.000,0.000,0.025,42.929
2026-09-08T06:28:25.552050+00:00,c11_sim,198,8.548,32.178,0.000,0.000,0.022,40.748
2026-09-08T06:28:25.685200+00:00,c11_sim,199,9.060,32.858,0.000,0.000,0.023,41.941
2026-09-08T06:28:25.787273+00:00,c11_sim,200,6.678,33.316,0.000,0.000,0.015,40.009
2026-09-08T06:28:25.929308+00:00,c11_sim,201,6.903,33.303,0.863,0.007,0.028,41.104
2026-09-08T06:28:26.046481+00:00,c11_sim,202,8.378,38.151,0.677,0.005,0.022,47.234
2026-09-08T06:28:26.166172+00:00,c11_sim,203,8.389,30.373,0.880,0.007,0.026,39.675
2026-09-08T06:28:26.282940+00:00,c11_sim,204,8.626,33.334,0.824,0.006,0.027,42.818
2026-09-08T06:28:26.397125+00:00,c11_sim,205,9.541,32.870,0.830,0.007,0.027,43.274
2026-09-08T06:28:26.516390+00:00,c11_sim,206,8.778,32.986,0.847,0.006,0.025,42.643
2026-09-08T06:28:26.658302+00:00,c11_sim,207,9.522,32.888,1.149,0.005,0.021,43.585
2026-09-08T06:28:26.768181+00:00,c11_sim,208,8.219,34.887,0.000,0.000,0.025,43.132
2026-09-08T06:28:26.868458+00:00,c11_sim,209,9.810,31.972,0.000,0.000,0.017,41.800
2026-09-08T06:28:27.003317+00:00,c11_sim,210,7.155,33.708,0.000,0.000,0.023,40.886
2026-09-08T06:28:27.108195+00:00,c11_sim,211,8.292,31.450,0.000,0.000,0.013,39.755
2026-09-08T06:28:27.253746+00:00,c11_sim,212,10.143,33.946,0.000,0.000,0.023,44.111
2026-09-08T06:28:27.376095+00:00,c11_sim,213,9.507,34.875,0.000,0.000,0.026,44.408
2026-09-08T06:28:27.480730+00:00,c11_sim,214,9.472,23.845,0.000,0.000,0.009,33.327
2026-09-08T06:28:27.589613+00:00,c11_sim,215,7.500,20.747,0.000,0.000,0.007,28.255
2026-09-08T06:28:27.693109+00:00,c11_sim,216,9.266,24.537,0.641,0.005,0.013,34.462
2026-09-08T06:28:27.827391+00:00,c11_sim,217,8.080,32.729,0.000,0.000,0.023,40.832
2026-09-08T06:28:27.969241+00:00,c11_sim,218,8.706,31.692,0.000,0.000,0.025,40.424
2026-09-08T06:28:28.087546+00:00,c11_sim,219,8.132,33.965,0.885,0.008,0.035,43.024
2026-09-08T06:28:28.203594+00:00,c11_sim,220,7.694,33.354,0.000,0.000,0.025,41.073
2026-09-08T06:28:28.321786+00:00,c11_sim,221,7.017,33.486,0.000,0.000,0.022,40.524
2026-09-08T06:28:28.444797+00:00,c11_sim,222,9.852,31.949,0.000,0.000,0.022,41.823
2026-09-08T06:28:28.561812+00:00,c11_sim,223,9.101,32.553,0.000,0.000,0.024,41.679
2026-09-08T06:28:28.683872+00:00,c11_sim,224,8.610,33.123,0.000,0.000,0.026,41.759
2026-09-08T06:28:28.788111+00:00,c11_sim,225,9.083,32.172,0.000,0.000,0.016,41.271
2026-09-08T06:28:28.903452+00:00,c11_sim,226,7.516,32.599,0.000,0.000,0.021,40.135
2026-09-08T06:28:29.023205+00:00,c11_sim,227,7.185,33.766,0.000,0.000,0.024,40.975
2026-09-08T06:28:29.155893+00:00,c11_sim,228,8.313,32.246,0.656,0.005,0.019,41.239
2026-09-08T06:28:29.269972+00:00,c11_sim,229,9.097,31.115,0.000,0.000,0.012,40.225
2026-09-08T06:28:29.387897+00:00,c11_sim,230,8.699,32.614,0.000,0.000,0.023,41.336
2026-09-08T06:28:29.529155+00:00,c11_sim,231,7.327,33.276,0.778,0.006,0.027,41.415
2026-09-08T06:28:29.644580+00:00,c11_sim,232,7.944,32.860,0.798,0.007,0.027,41.636
2026-09-08T06:28:29.756449+00:00,c11_sim,233,6.981,32.616,0.000,0.000,0.025,39.622
2026-09-08T06:28:29.869280+00:00,c11_sim,234,8.852,32.843,0.835,0.007,0.031,42.568
2026-09-08T06:28:30.008971+00:00,c11_sim,235,7.708,32.919,0.000,0.000,0.015,40.642
2026-09-08T06:28:30.110966+00:00,c11_sim,236,7.267,32.393,0.841,0.008,0.027,40.535
2026-09-08T06:28:30.251256+00:00,c11_sim,237,8.733,33.784,0.848,0.007,0.029,43.400
2026-09-08T06:28:30.335316+00:00,c11_sim,238,7.794,32.319,0.695,0.006,0.020,40.833
2026-09-08T06:28:30.471299+00:00,c11_sim,239,8.988,32.638,0.744,0.008,0.026,42.405
2026-09-08T06:28:30.581752+00:00,c11_sim,240,8.490,32.075,0.566,0.005,0.015,41.150
2026-09-08T06:28:30.715752+00:00,c11_sim,241,7.245,32.685,0.776,0.007,0.027,40.740
2026-09-08T06:28:30.834190+00:00,c11_sim,242,7.101,33.504,0.859,0.007,0.029,41.500
2026-09-08T06:28:30.946303+00:00,c11_sim,243,10.283,31.308,0.621,0.005,0.020,42.237
2026-09-08T06:28:31.095608+00:00,c11_sim,244,8.568,33.222,0.773,0.006,0.026,42.595
2026-09-08T06:28:31.189145+00:00,c11_sim,245,8.604,32.817,0.888,0.008,0.030,42.346
2026-09-08T06:28:31.308045+00:00,c11_sim,246,9.248,32.645,1.090,0.005,0.028,43.016
2026-09-08T06:28:31.441832+00:00,c11_sim,247,6.807,32.946,0.924,0.007,0.028,40.712
2026-09-08T06:28:31.556827+00:00,c11_sim,248,9.660,32.755,0.803,0.008,0.052,43.279
2026-09-08T06:28:31.669272+00:00,c11_sim,249,9.472,31.783,0.817,0.006,0.028,42.106
2026-09-08T06:28:31.778640+00:00,c11_sim,250,9.008,31.333,0.610,0.005,0.020,40.975
2026-09-08T06:28:31.921007+00:00,c11_sim,251,7.292,33.257,0.886,0.008,0.029,41.473
2026-09-08T06:28:32.041440+00:00,c11_sim,252,8.555,32.752,1.055,0.006,0.022,42.390
2026-09-08T06:28:32.152058+00:00,c11_sim,253,7.806,33.672,0.815,0.008,0.028,42.328
2026-09-08T06:28:32.266905+00:00,c11_sim,254,9.418,32.336,0.840,0.008,0.028,42.630
2026-09-08T06:28:32.381058+00:00,c11_sim,255,9.598,32.340,0.619,0.005,0.022,42.583
2026-09-08T06:28:32.521120+00:00,c11_sim,256,6.936,33.667,0.000,0.000,0.022,40.624
2026-09-08T06:28:32.629070+00:00,c11_sim,257,8.659,33.418,0.000,0.000,0.023,42.100
2026-09-08T06:28:32.756014+00:00,c11_sim,258,8.858,32.055,0.853,0.014,0.037,41.816
2026-09-08T06:28:32.870474+00:00,c11_sim,259,10.109,33.504,0.528,0.004,0.017,44.162
2026-09-08T06:28:32.993851+00:00,c11_sim,260,9.347,32.950,0.000,0.000,0.021,42.318
2026-09-08T06:28:33.103147+00:00,c11_sim,261,7.244,32.385,0.000,0.000,0.029,39.659
2026-09-08T06:28:33.227317+00:00,c11_sim,262,7.341,33.356,0.000,0.000,0.024,40.721
2026-09-08T06:28:33.345961+00:00,c11_sim,263,6.342,32.423,0.825,0.006,0.027,39.623
2026-09-08T06:28:33.462437+00:00,c11_sim,264,7.211,32.823,0.770,0.006,0.027,40.838
2026-09-08T06:28:33.596644+00:00,c11_sim,265,8.599,33.686,0.765,0.006,0.029,43.085
2026-09-08T06:28:33.711169+00:00,c11_sim,266,10.495,32.733,0.000,0.000,0.028,43.255
2026-09-08T06:28:33.829246+00:00,c11_sim,267,8.084,32.635,0.795,0.007,0.028,41.548
2026-09-08T06:28:33.946500+00:00,c11_sim,268,7.821,33.066,0.789,0.007,0.030,41.712
2026-09-08T06:28:34.090389+00:00,c11_sim,269,10.354,34.372,0.884,0.009,0.060,45.679
2026-09-08T06:28:34.213165+00:00,c11_sim,270,9.754,34.759,0.763,0.007,0.026,45.309
2026-09-08T06:28:34.303796+00:00,c11_sim,271,8.789,33.065,0.000,0.000,0.025,41.879
2026-09-08T06:28:34.439779+00:00,c11_sim,272,8.357,32.971,1.196,0.009,0.033,42.566
2026-09-08T06:28:34.538888+00:00,c11_sim,273,6.957,31.871,0.808,0.007,0.029,39.672
2026-09-08T06:28:34.656853+00:00,c11_sim,274,6.902,32.484,1.028,0.017,0.072,40.503
2026-09-08T06:28:34.802685+00:00,c11_sim,275,8.612,33.856,0.000,0.000,0.023,42.492
2026-09-08T06:28:34.914074+00:00,c11_sim,276,7.934,32.542,0.000,0.000,0.024,40.500
2026-09-08T06:28:35.034211+00:00,c11_sim,277,6.842,33.839,0.000,0.000,0.024,40.704
2026-09-08T06:28:35.066436+00:00,c11_sim,278,7.345,30.160,0.617,0.000,0.015,38.137
2026-09-08T06:28:35.129174+00:00,c11_sim,279,6.845,30.418,0.631,0.005,0.181,38.079
2026-09-08T06:28:35.158975+00:00,c11_sim,280,7.026,27.734,0.829,0.009,0.197,35.794
2026-09-08T06:28:35.188095+00:00,c11_sim,281,6.074,27.417,0.480,0.004,0.180,34.154
2026-09-08T06:28:35.246577+00:00,c11_sim,282,5.886,27.158,0.412,0.003,0.103,33.562
2026-09-08T06:28:35.260120+00:00,c11_sim,283,6.082,12.457,0.303,0.002,0.009,18.852
2026-09-08T06:28:35.304017+00:00,c11_sim,284,6.107,12.820,0.286,0.002,0.007,19.222
2026-09-08T06:28:35.343370+00:00,c11_sim,285,5.616,14.928,0.320,0.003,0.008,20.874
2026-09-08T06:28:35.389693+00:00,c11_sim,286,5.653,15.148,0.290,0.002,0.008,21.100
2026-09-08T06:28:35.438832+00:00,c11_sim,287,5.860,17.860,0.316,0.002,0.106,24.144
2026-09-08T06:28:35.458036+00:00,c11_sim,288,5.747,17.928,0.252,0.002,0.006,23.935
2026-09-08T06:28:35.514068+00:00,c11_sim,289,6.061,22.939,0.304,0.002,0.232,29.538
2026-09-08T06:28:35.574689+00:00,c11_sim,290,6.167,28.486,0.664,0.009,0.336,35.661
2026-09-08T06:28:35.598352+00:00,c11_sim,291,6.748,22.528,0.385,0.003,0.011,29.675
2026-09-08T06:28:35.611048+00:00,c11_sim,292,5.832,11.591,0.289,0.002,0.007,17.721
2026-09-08T06:28:35.681039+00:00,c11_sim,293,5.926,14.063,0.382,0.003,0.010,20.385
2026-09-08T06:28:35.695954+00:00,c11_sim,294,6.840,13.871,0.288,0.002,0.007,21.009
2026-09-08T06:28:35.743511+00:00,c11_sim,295,6.445,16.359,0.283,0.002,0.008,23.096
2026-09-08T06:28:35.793567+00:00,c11_sim,296,5.865,18.548,0.572,0.005,0.016,25.007
2026-09-08T06:28:35.845658+00:00,c11_sim,297,7.286,21.092,0.294,0.002,0.008,28.683
2026-09-08T06:28:35.862587+00:00,c11_sim,298,3.670,16.143,0.236,0.002,0.007,20.058
2026-09-08T06:28:35.911965+00:00,c11_sim,299,2.886,26.202,0.452,0.004,0.011,29.555
2026-09-08T06:28:35.971402+00:00,c11_sim,300,6.303,27.786,0.561,0.004,0.014,34.669
2026-09-08T06:28:36.002538+00:00,c11_sim,301,6.490,29.628,0.608,0.005,0.015,36.746
2026-09-08T06:28:36.022269+00:00,c11_sim,302,8.631,18.669,0.398,0.003,0.010,27.711
2026-09-08T06:28:36.057728+00:00,c11_sim,303,4.837,12.093,0.378,0.003,0.010,17.321
2026-09-08T06:28:36.101593+00:00,c11_sim,304,5.015,12.696,0.427,0.003,0.011,18.153
2026-09-08T06:28:36.147187+00:00,c11_sim,305,5.329,14.359,0.418,0.004,0.011,20.121
2026-09-08T06:28:36.196013+00:00,c11_sim,306,5.968,17.488,0.417,0.003,0.011,23.887
2026-09-08T06:28:36.241549+00:00,c11_sim,307,6.146,22.280,0.419,0.003,0.013,28.861
2026-09-08T06:28:36.268301+00:00,c11_sim,308,6.395,25.413,0.352,0.003,0.010,32.172
2026-09-08T06:28:36.327664+00:00,c11_sim,309,6.240,27.717,0.454,0.004,0.015,34.431
2026-09-08T06:28:36.356401+00:00,c11_sim,310,7.065,27.077,0.373,0.004,0.013,34.532
2026-09-08T06:28:36.385040+00:00,c11_sim,311,6.212,27.372,0.312,0.002,0.009,33.908
2026-09-08T06:28:36.437111+00:00,c11_sim,312,5.953,27.258,0.833,0.004,0.012,34.060
2026-09-08T06:28:36.465424+00:00,c11_sim,313,6.198,27.058,0.362,0.003,0.009,33.629
2026-09-08T06:28:36.525128+00:00,c11_sim,314,5.793,28.245,0.402,0.003,0.013,34.455
2026-09-08T06:28:36.552770+00:00,c11_sim,315,6.137,26.272,0.430,0.004,0.011,32.853
2026-09-08T06:28:36.611170+00:00,c11_sim,316,5.727,26.860,0.348,0.003,0.010,32.947
2026-09-08T06:28:36.638275+00:00,c11_sim,317,6.467,25.936,0.273,0.002,0.008,32.686
2026-09-08T06:28:36.665568+00:00,c11_sim,318,5.978,26.107,0.311,0.002,0.009,32.407
2026-09-08T06:28:36.725493+00:00,c11_sim,319,6.087,28.168,0.478,0.004,0.015,34.751
2026-09-08T06:28:36.752962+00:00,c11_sim,320,6.364,26.137,0.352,0.003,0.011,32.868
2026-09-08T06:28:36.812639+00:00,c11_sim,321,6.657,28.206,0.495,0.004,0.015,35.377
2026-09-08T06:28:36.841457+00:00,c11_sim,322,7.402,27.093,0.709,0.003,0.011,35.218
2026-09-08T06:28:36.870381+00:00,c11_sim,323,6.591,27.329,0.621,0.003,0.011,34.556
2026-09-08T06:28:36.929792+00:00,c11_sim,324,6.030,28.050,0.382,0.003,0.014,34.478
2026-09-08T06:28:36.958421+00:00,c11_sim,325,6.891,27.259,0.369,0.004,0.011,34.534
2026-09-08T06:28:36.981402+00:00,c11_sim,326,5.455,22.010,0.267,0.002,0.007,27.742
2026-09-08T06:28:37.025306+00:00,c11_sim,327,5.732,12.859,0.253,0.002,0.008,18.853
2026-09-08T06:28:37.068729+00:00,c11_sim,328,5.579,13.280,0.000,0.000,0.006,18.865
2026-09-08T06:28:37.106311+00:00,c11_sim,329,5.318,14.886,0.353,0.003,0.011,20.570
2026-09-08T06:28:37.152851+00:00,c11_sim,330,5.405,15.173,0.347,0.003,0.010,20.937
2026-09-08T06:28:37.204660+00:00,c11_sim,331,5.965,20.560,0.336,0.003,0.010,26.874
2026-09-08T06:28:37.226221+00:00,c11_sim,332,6.606,20.403,0.276,0.002,0.007,27.294
2026-09-08T06:28:37.284830+00:00,c11_sim,333,6.159,27.538,0.319,0.002,0.010,34.028
2026-09-08T06:28:37.311486+00:00,c11_sim,334,6.667,25.566,0.325,0.003,0.009,32.570
2026-09-08T06:28:37.369916+00:00,c11_sim,335,6.583,27.050,0.390,0.003,0.012,34.038
2026-09-08T06:28:37.397801+00:00,c11_sim,336,6.866,26.869,0.333,0.003,0.011,34.082
2026-09-08T06:28:37.422225+00:00,c11_sim,337,6.438,24.298,0.000,0.000,0.010,30.746
2026-09-08T06:28:37.479750+00:00,c11_sim,338,6.583,26.402,0.341,0.003,0.010,33.339
2026-09-08T06:28:37.493102+00:00,c11_sim,339,6.806,12.348,0.260,0.002,0.006,19.422
2026-09-08T06:28:37.536410+00:00,c11_sim,340,5.622,13.184,0.000,0.000,0.005,18.811
2026-09-08T06:28:37.576787+00:00,c11_sim,341,5.790,14.590,0.000,0.000,0.005,20.384
2026-09-08T06:28:37.623317+00:00,c11_sim,342,5.832,16.412,0.000,0.000,0.005,22.250
2026-09-08T06:28:37.673015+00:00,c11_sim,343,6.795,18.370,0.449,0.004,0.011,25.629
2026-09-08T06:28:37.727769+00:00,c11_sim,344,6.785,22.716,0.357,0.003,0.190,30.051
2026-09-08T06:28:37.756705+00:00,c11_sim,345,7.395,27.254,0.466,0.003,0.010,35.127
2026-09-08T06:28:37.782703+00:00,c11_sim,346,6.337,24.983,0.361,0.003,0.009,31.694
2026-09-08T06:28:37.834068+00:00,c11_sim,347,5.364,20.275,0.345,0.003,0.014,26.001
2026-09-08T06:28:37.846586+00:00,c11_sim,348,5.378,11.653,0.263,0.002,0.008,17.304
2026-09-08T06:28:37.920967+00:00,c11_sim,349,6.045,13.320,0.313,0.003,0.010,19.690
2026-09-08T06:28:37.934887+00:00,c11_sim,350,5.972,13.802,0.000,0.000,0.006,19.781
2026-09-08T06:28:37.979880+00:00,c11_sim,351,5.587,14.848,0.000,0.000,0.006,20.441
2026-09-08T06:28:38.028322+00:00,c11_sim,352,6.697,17.330,0.395,0.004,0.012,24.439
2026-09-08T06:28:38.076331+00:00,c11_sim,353,5.718,22.552,0.000,0.000,0.009,28.279
2026-09-08T06:28:38.134938+00:00,c11_sim,354,5.758,28.380,0.000,0.000,0.014,34.152
2026-09-08T06:28:38.162509+00:00,c11_sim,355,6.994,26.085,0.531,0.004,0.016,33.630
2026-09-08T06:28:38.188690+00:00,c11_sim,356,6.126,24.759,0.414,0.004,0.013,31.314
2026-09-08T06:28:38.244300+00:00,c11_sim,357,6.186,24.007,0.414,0.004,0.015,30.625
2026-09-08T06:28:38.272205+00:00,c11_sim,358,6.115,26.308,0.341,0.003,0.331,33.098
2026-09-08T06:28:38.332032+00:00,c11_sim,359,5.611,28.074,0.480,0.005,0.275,34.445
2026-09-08T06:28:38.440269+00:00,c11_sim,360,6.839,26.704,0.485,80.021,0.014,114.063
2026-09-08T06:28:38.503991+00:00,c11_sim,361,6.170,15.290,0.536,46.899,0.017,68.911
2026-09-08T06:28:38.554531+00:00,c11_sim,362,5.696,12.033,0.347,37.227,0.014,55.317
2026-09-08T06:28:38.598873+00:00,c11_sim,363,8.365,11.069,0.330,32.233,0.015,52.012
2026-09-08T06:28:38.637883+00:00,c11_sim,364,5.541,9.907,0.287,28.277,0.014,44.026
2026-09-08T06:28:38.674228+00:00,c11_sim,365,5.792,8.400,0.322,26.991,0.094,41.599
2026-09-08T06:28:38.709819+00:00,c11_sim,366,7.391,7.908,0.266,26.858,0.014,42.438
2026-09-08T06:28:38.746656+00:00,c11_sim,367,5.148,9.043,0.342,26.848,0.011,41.392
2026-09-08T06:28:38.782742+00:00,c11_sim,368,4.283,8.581,0.283,26.644,0.010,39.802
2026-09-08T06:28:38.818423+00:00,c11_sim,369,3.356,8.275,0.281,26.609,0.011,38.533
2026-09-08T06:28:38.828139+00:00,c11_sim,370,4.259,8.870,0.289,0.000,0.006,13.425
2026-09-08T06:28:38.863833+00:00,c11_sim,371,4.121,8.350,0.363,26.433,0.045,39.313
2026-09-08T06:28:38.899670+00:00,c11_sim,372,4.337,8.552,0.275,26.501,0.012,39.677
2026-09-08T06:28:38.935274+00:00,c11_sim,373,4.489,8.313,0.261,26.504,0.012,39.578
2026-09-08T06:28:38.971312+00:00,c11_sim,374,4.204,8.708,0.289,26.468,0.011,39.680
2026-09-08T06:28:39.007489+00:00,c11_sim,375,4.309,8.822,0.251,26.551,0.011,39.943
2026-09-08T06:28:39.043490+00:00,c11_sim,376,4.374,8.403,0.265,26.610,0.055,39.705
2026-09-08T06:28:39.078869+00:00,c11_sim,377,4.436,8.192,0.228,26.436,0.011,39.302
2026-09-08T06:28:39.114184+00:00,c11_sim,378,4.497,8.087,0.245,26.422,0.011,39.262
2026-09-08T06:28:39.150018+00:00,c11_sim,379,4.297,8.580,0.265,26.423,0.010,39.575
2026-09-08T06:28:39.185647+00:00,c11_sim,380,4.442,8.145,0.246,26.649,0.010,39.491
2026-09-08T06:28:39.221302+00:00,c11_sim,381,4.640,8.357,0.260,26.505,0.012,39.774
2026-09-08T06:28:39.256916+00:00,c11_sim,382,4.791,8.280,0.252,26.542,0.010,39.875
2026-09-08T06:28:39.292316+00:00,c11_sim,383,4.026,8.094,0.247,26.529,0.010,38.906
2026-09-08T06:28:39.328318+00:00,c11_sim,384,3.894,8.448,0.298,26.453,0.176,39.269
2026-09-08T06:28:39.365696+00:00,c11_sim,385,4.357,9.915,0.347,26.512,0.022,41.154
2026-09-08T06:28:39.402038+00:00,c11_sim,386,4.422,8.880,0.319,26.502,0.011,40.133
2026-09-08T06:28:39.437760+00:00,c11_sim,387,4.305,8.615,0.300,26.260,0.016,39.495
2026-09-08T06:28:39.473322+00:00,c11_sim,388,4.349,8.330,0.254,26.433,0.014,39.380
2026-09-08T06:28:39.540796+00:00,c11_sim,389,4.349,9.860,0.275,26.746,0.016,41.246
2026-09-08T06:28:39.577226+00:00,c11_sim,390,5.227,8.823,0.340,26.675,0.015,41.079
2026-09-08T06:28:39.613677+00:00,c11_sim,391,4.979,8.976,0.280,26.522,0.016,40.773
2026-09-08T06:28:39.649835+00:00,c11_sim,392,4.564,8.862,0.268,26.448,0.014,40.155
2026-09-08T06:28:39.685584+00:00,c11_sim,393,4.531,8.537,0.241,26.360,0.014,39.683
2026-09-08T06:28:39.720916+00:00,c11_sim,394,4.664,8.306,0.232,26.277,0.013,39.491
2026-09-08T06:28:39.756817+00:00,c11_sim,395,4.570,8.308,0.317,26.529,0.014,39.737
2026-09-08T06:28:39.792142+00:00,c11_sim,396,4.621,7.850,0.231,26.746,0.013,39.460
2026-09-08T06:28:39.827946+00:00,c11_sim,397,4.454,8.465,0.298,26.506,0.014,39.736
2026-09-08T06:28:39.865451+00:00,c11_sim,398,4.499,9.614,0.000,0.000,0.010,14.123
2026-09-08T06:28:39.933179+00:00,c11_sim,399,5.055,10.097,0.378,26.579,0.016,42.126
2026-09-08T06:28:39.942206+00:00,c11_sim,400,4.597,8.924,0.000,0.000,0.006,13.527
2026-09-08T06:28:39.981729+00:00,c11_sim,401,5.166,9.395,0.000,0.000,0.005,14.566
2026-09-08T06:28:40.022530+00:00,c11_sim,402,5.329,10.681,0.000,0.000,0.006,16.016
2026-09-08T06:28:40.056308+00:00,c12_sim,32,3.680,9.991,0.000,0.000,0.007,13.677
2026-09-08T06:28:40.207661+00:00,c12_sim,33,5.857,12.037,0.529,28.558,0.013,46.994
2026-09-08T06:28:40.301178+00:00,c12_sim,34,9.868,14.136,0.000,0.000,0.008,24.012
2026-09-08T06:28:40.435946+00:00,c12_sim,35,8.920,28.546,0.000,0.000,0.012,37.477
2026-09-08T06:28:40.544033+00:00,c12_sim,36,8.273,33.901,0.000,0.000,0.025,42.199
2026-09-08T06:28:40.686570+00:00,c12_sim,37,8.027,34.586,0.000,0.000,0.021,42.633
2026-09-08T06:28:40.769989+00:00,c12_sim,38,6.547,32.889,0.000,0.000,0.013,39.450
2026-09-08T06:28:40.919009+00:00,c10_sim,59,7.068,34.548,0.000,0.000,0.023,41.639
2026-09-08T06:28:41.039810+00:00,c10_sim,60,6.248,33.837,0.000,0.000,0.529,40.615
2026-09-08T06:28:41.132371+00:00,c10_sim,61,7.940,32.325,0.546,0.000,0.021,40.832
2026-09-08T06:28:41.254495+00:00,c10_sim,62,9.942,33.190,0.887,0.006,0.339,44.364
2026-09-08T06:28:41.374077+00:00,c10_sim,63,8.553,33.113,0.974,0.008,0.612,43.260
2026-09-08T06:28:41.490340+00:00,c10_sim,64,8.269,32.604,1.083,0.008,0.026,41.989
2026-09-08T06:28:41.604608+00:00,c10_sim,65,8.687,32.916,0.893,0.007,0.030,42.533
2026-09-08T06:28:41.721781+00:00,c10_sim,66,9.308,33.531,0.918,0.007,0.028,43.791
2026-09-08T06:28:41.842254+00:00,c10_sim,67,9.229,32.772,0.962,0.007,0.027,42.996
2026-09-08T06:28:41.937342+00:00,c10_sim,68,7.683,33.196,0.920,0.007,0.029,41.834
2026-09-08T06:28:42.051537+00:00,c10_sim,69,9.128,33.600,0.787,0.006,0.265,43.785
2026-09-08T06:28:42.156852+00:00,c10_sim,70,7.821,31.822,0.905,0.007,0.028,40.583
2026-09-08T06:28:42.300527+00:00,c10_sim,71,8.713,33.188,0.000,0.000,0.024,41.925
2026-09-08T06:28:42.420237+00:00,c10_sim,72,7.779,35.118,1.008,0.008,0.438,44.351
2026-09-08T06:28:42.508743+00:00,c10_sim,73,7.554,33.228,0.932,0.006,0.051,41.771
2026-09-08T06:28:42.622780+00:00,c10_sim,74,7.466,32.731,0.679,0.005,0.018,40.898
2026-09-08T06:28:42.737778+00:00,c10_sim,75,8.726,31.737,0.000,0.000,0.022,40.485
2026-09-08T06:28:42.856740+00:00,c10_sim,76,8.313,32.853,1.131,0.008,0.025,42.330
2026-09-08T06:28:42.977345+00:00,c10_sim,77,7.589,33.949,0.908,0.007,0.024,42.477
2026-09-08T06:28:43.087971+00:00,c10_sim,78,7.953,33.886,0.940,0.007,0.027,42.814
2026-09-08T06:28:43.207432+00:00,c10_sim,79,7.201,33.579,0.940,0.007,0.040,41.768
2026-09-08T06:28:43.309713+00:00,c10_sim,80,9.253,34.016,0.898,0.007,0.023,44.196
2026-09-08T06:28:43.438393+00:00,c10_sim,81,7.992,33.109,0.919,0.007,0.029,42.055
2026-09-08T06:28:43.556295+00:00,c10_sim,82,8.355,33.081,0.874,0.007,0.025,42.343
2026-09-08T06:28:43.670583+00:00,c10_sim,83,9.981,33.146,0.944,0.007,0.030,44.108
2026-09-08T06:28:43.820070+00:00,c10_sim,84,8.464,32.601,0.895,54.287,0.022,96.268
2026-09-08T06:28:43.894749+00:00,c10_sim,85,6.269,15.261,0.597,27.972,0.016,50.116
2026-09-08T06:28:44.036257+00:00,c10_sim,86,9.082,20.719,0.605,29.664,0.020,60.090
2026-09-08T06:28:44.140625+00:00,c10_sim,87,7.287,17.631,0.574,30.631,0.019,56.143
2026-09-08T06:28:44.256277+00:00,c10_sim,88,8.005,20.148,0.655,35.475,0.022,64.305
2026-09-08T06:28:44.369406+00:00,c10_sim,89,9.213,20.685,0.634,37.781,0.021,68.335
2026-09-08T06:28:44.472475+00:00,c10_sim,90,9.880,17.701,0.562,37.825,0.021,65.989
2026-09-08T06:28:44.592700+00:00,c10_sim,91,9.066,20.993,0.695,38.394,0.021,69.170
2026-09-08T06:28:44.701485+00:00,c10_sim,92,9.061,19.820,0.631,38.414,0.021,67.946
2026-09-08T06:28:44.767541+00:00,c10_sim,93,8.901,17.575,0.000,0.000,0.014,26.490
2026-09-08T06:28:44.891757+00:00,c10_sim,94,7.739,19.987,0.566,0.000,0.011,28.304
2026-09-08T06:28:45.113563+00:00,c10_sim,95,8.580,32.374,0.887,0.000,0.021,41.862
2026-09-08T06:28:45.334886+00:00,c10_sim,96,6.868,32.358,0.985,59.711,0.108,100.031
2026-09-08T06:28:45.498883+00:00,c10_sim,97,9.676,19.952,0.554,31.622,0.087,61.891
2026-09-08T06:28:45.654933+00:00,c10_sim,98,9.206,19.399,0.637,33.503,0.017,62.762
2026-09-08T06:28:45.853725+00:00,c10_sim,99,9.587,20.469,0.561,45.800,0.123,76.540
2026-09-08T06:28:46.083376+00:00,c10_sim,100,9.800,26.328,0.903,64.189,0.142,101.362
2026-09-08T06:28:46.234702+00:00,c10_sim,101,8.713,22.323,0.695,50.179,0.122,82.032
2026-09-08T06:28:46.388409+00:00,c10_sim,102,8.905,20.141,0.575,43.549,0.027,73.198
2026-09-08T06:28:46.569214+00:00,c10_sim,103,9.179,20.505,0.703,47.011,0.025,77.423
2026-09-08T06:28:46.764125+00:00,c10_sim,104,8.772,20.916,0.476,46.421,0.029,76.614
2026-09-08T06:28:46.940170+00:00,c10_sim,105,9.091,20.664,0.744,45.557,0.025,76.081
2026-09-08T06:28:47.134165+00:00,c10_sim,106,8.946,23.242,0.843,55.668,0.028,88.726
2026-09-08T06:28:47.313708+00:00,c10_sim,107,9.466,21.736,0.388,52.304,0.280,84.174
2026-09-08T06:28:47.505365+00:00,c10_sim,108,9.895,23.684,0.717,49.515,0.038,83.848
2026-09-08T06:28:47.681991+00:00,c10_sim,109,9.657,21.538,0.706,48.023,0.028,79.953
2026-09-08T06:28:47.846328+00:00,c10_sim,110,9.260,20.916,0.678,42.336,0.122,73.311
2026-09-08T06:28:48.027256+00:00,c10_sim,111,8.446,21.700,0.740,40.421,0.023,71.331
2026-09-08T06:28:48.206542+00:00,c10_sim,112,8.741,20.399,0.677,40.226,0.031,70.073
2026-09-08T06:28:48.383528+00:00,c10_sim,113,8.993,18.494,0.506,43.192,0.035,71.220
2026-09-08T06:28:48.601453+00:00,c10_sim,114,9.755,24.475,0.753,50.340,0.040,85.363
2026-09-08T06:28:48.725025+00:00,c10_sim,115,8.772,22.817,0.000,0.000,0.017,31.605
2026-09-08T06:28:48.953972+00:00,c10_sim,116,9.585,32.569,0.487,51.286,0.033,93.961
2026-09-08T06:28:49.080313+00:00,c10_sim,117,9.471,19.869,0.000,0.000,0.013,29.353
2026-09-08T06:28:49.316496+00:00,c10_sim,118,9.033,22.648,0.885,55.768,0.039,88.373
2026-09-08T06:28:49.452705+00:00,c10_sim,119,9.864,25.235,0.000,0.000,0.023,35.122
2026-09-08T06:28:49.702455+00:00,c10_sim,120,7.946,33.153,0.965,55.772,0.035,97.872
2026-09-08T06:28:49.801631+00:00,c10_sim,121,9.377,17.968,0.000,0.000,0.012,27.356
2026-09-08T06:28:49.982445+00:00,c10_sim,122,9.590,21.709,0.000,0.000,0.017,31.316
2026-09-08T06:28:50.178875+00:00,c10_sim,123,5.820,29.673,0.000,0.000,0.016,35.508
2026-09-08T06:28:50.352142+00:00,c11_sim,403,6.737,32.444,0.000,0.000,0.021,39.202
2026-09-08T06:28:50.507910+00:00,c11_sim,404,6.903,33.026,0.000,0.000,0.022,39.951
2026-09-08T06:28:50.669646+00:00,c11_sim,405,7.990,32.488,0.000,0.000,0.029,40.508
2026-09-08T06:28:50.835866+00:00,c11_sim,406,9.186,35.405,0.000,0.000,0.022,44.614
2026-09-08T06:28:50.969685+00:00,c11_sim,407,10.127,32.841,0.000,0.000,0.021,42.990
2026-09-08T06:28:51.118506+00:00,c11_sim,408,8.465,33.911,0.000,0.000,0.023,42.400
2026-09-08T06:28:51.275252+00:00,c11_sim,409,8.838,30.863,0.000,0.000,0.016,39.717
2026-09-08T06:28:51.413457+00:00,c11_sim,410,9.437,31.871,0.000,0.000,0.011,41.319
2026-09-08T06:28:51.583184+00:00,c11_sim,411,7.972,33.098,0.000,0.000,0.023,41.093
2026-09-08T06:28:51.720706+00:00,c11_sim,412,10.367,32.305,0.000,0.000,0.024,42.696
2026-09-08T06:28:51.887849+00:00,c11_sim,413,7.539,31.663,0.000,0.000,0.026,39.227
2026-09-08T06:28:52.031441+00:00,c11_sim,414,8.562,32.414,0.000,0.000,0.370,41.346
2026-09-08T06:28:52.172409+00:00,c11_sim,415,7.051,31.952,0.788,0.000,0.034,39.825
2026-09-08T06:28:52.336527+00:00,c11_sim,416,10.025,32.935,0.000,0.000,0.013,42.973
2026-09-08T06:28:52.483783+00:00,c11_sim,417,8.834,33.537,0.000,0.000,0.012,42.383
2026-09-08T06:28:52.647588+00:00,c11_sim,418,7.458,33.425,0.000,0.000,0.013,40.896
2026-09-08T06:28:52.782939+00:00,c11_sim,419,6.707,28.922,0.000,0.000,0.011,35.639
2026-09-08T06:28:53.003213+00:00,c11_sim,420,7.164,32.822,0.981,53.782,0.065,94.814
2026-09-08T06:28:53.069741+00:00,c11_sim,421,8.131,17.978,0.000,0.000,0.011,26.120
2026-09-08T06:28:53.257925+00:00,c11_sim,422,9.924,22.757,0.000,0.000,0.015,32.695
2026-09-08T06:28:53.400102+00:00,c11_sim,423,9.276,29.723,0.000,0.000,0.030,39.029
2026-09-08T06:28:53.571569+00:00,c11_sim,424,9.195,32.680,0.000,0.000,0.018,41.892
2026-09-08T06:28:53.702303+00:00,c11_sim,425,8.372,32.086,0.000,0.000,0.023,40.481
2026-09-08T06:28:53.845371+00:00,c11_sim,426,9.275,32.466,0.000,0.000,0.016,41.756
2026-09-08T06:28:54.023260+00:00,c11_sim,427,7.212,37.114,0.000,0.000,0.024,44.350
2026-09-08T06:28:54.155900+00:00,c11_sim,428,8.932,31.299,0.000,0.000,0.011,40.242
2026-09-08T06:28:54.328737+00:00,c11_sim,429,7.660,32.497,0.810,0.000,0.020,40.986
2026-09-08T06:28:54.477139+00:00,c11_sim,430,8.176,33.466,0.000,0.000,0.023,41.665
2026-09-08T06:28:54.685805+00:00,c11_sim,431,8.227,34.233,0.920,57.730,0.073,101.183
2026-09-08T06:28:54.782865+00:00,c11_sim,432,8.328,18.505,0.585,28.396,0.020,55.835
2026-09-08T06:28:54.915558+00:00,c11_sim,433,9.535,18.185,0.000,0.000,0.014,27.734
2026-09-08T06:28:55.075201+00:00,c11_sim,434,9.682,21.732,0.000,0.000,0.018,31.433
2026-09-08T06:28:55.244414+00:00,c11_sim,435,8.555,33.410,0.000,0.000,0.394,42.359
2026-09-08T06:28:55.436155+00:00,c11_sim,436,8.908,33.005,0.853,54.861,0.025,97.653
2026-09-08T06:28:55.529229+00:00,c11_sim,437,7.976,18.967,0.000,0.000,0.012,26.954
2026-09-08T06:28:55.734228+00:00,c11_sim,438,8.254,20.704,0.723,43.366,0.085,73.131
2026-09-08T06:28:55.880785+00:00,c11_sim,439,6.647,22.218,0.695,49.635,0.018,79.212
2026-09-08T06:28:56.043495+00:00,c11_sim,440,9.253,23.135,0.764,51.070,0.030,84.252
2026-09-08T06:28:56.192502+00:00,c11_sim,441,9.809,22.385,0.715,45.743,0.025,78.677
2026-09-08T06:28:56.342699+00:00,c11_sim,442,8.825,22.382,0.723,44.968,0.026,76.925
2026-09-08T06:28:56.494526+00:00,c11_sim,443,11.357,21.609,0.725,43.850,0.081,77.623
2026-09-08T06:28:56.639840+00:00,c11_sim,444,8.706,20.702,0.769,40.164,0.073,70.413
2026-09-08T06:28:56.770655+00:00,c11_sim,445,8.726,20.515,0.729,39.870,0.025,69.865
2026-09-08T06:28:56.944906+00:00,c11_sim,446,9.713,21.727,0.752,44.452,0.026,76.670
2026-09-08T06:28:57.093900+00:00,c11_sim,447,9.304,20.834,0.705,40.649,0.022,71.514
2026-09-08T06:28:57.227237+00:00,c11_sim,448,9.694,19.352,0.633,36.225,0.016,65.920
2026-09-08T06:28:57.399236+00:00,c11_sim,449,9.065,21.067,0.810,37.703,0.023,68.669
2026-09-08T06:28:57.534507+00:00,c11_sim,450,9.867,20.201,0.495,36.845,0.021,67.429
2026-09-08T06:28:57.706092+00:00,c11_sim,451,9.875,21.912,0.878,44.178,0.118,76.960
2026-09-08T06:28:57.859640+00:00,c11_sim,452,9.025,22.664,0.689,51.352,0.056,83.785
2026-09-08T06:28:58.007804+00:00,c11_sim,453,8.965,21.688,0.648,49.660,0.047,81.008
2026-09-08T06:28:58.165865+00:00,c11_sim,454,8.328,23.825,0.738,51.455,0.041,84.387
2026-09-08T06:28:58.323790+00:00,c11_sim,455,9.732,22.937,0.634,49.157,0.043,82.502
2026-09-08T06:28:58.466950+00:00,c11_sim,456,8.058,22.128,0.720,47.378,0.044,78.329
2026-09-08T06:28:58.610053+00:00,c11_sim,457,9.650,20.116,0.711,41.959,0.038,72.475
2026-09-08T06:28:58.743226+00:00,c11_sim,458,9.390,19.279,0.586,36.038,0.028,65.322
2026-09-08T06:28:58.912539+00:00,c11_sim,459,8.321,22.166,0.639,35.875,0.066,67.066
2026-09-08T06:28:59.055043+00:00,c11_sim,460,8.497,19.753,0.596,36.452,0.087,65.385
2026-09-08T06:28:59.223570+00:00,c11_sim,461,8.211,21.743,0.744,41.459,0.041,72.198
2026-09-08T06:28:59.396300+00:00,c11_sim,462,9.763,23.011,1.003,50.639,0.043,84.459
2026-09-08T06:28:59.538656+00:00,c11_sim,463,8.900,21.954,0.629,47.711,0.047,79.240
2026-09-08T06:28:59.695116+00:00,c11_sim,464,8.994,22.179,0.722,51.008,0.043,82.946
2026-09-08T06:28:59.845123+00:00,c11_sim,465,8.724,22.224,0.648,44.206,0.039,75.841
2026-09-08T06:28:59.986328+00:00,c11_sim,466,8.457,21.666,0.657,39.511,0.038,70.328
2026-09-08T06:29:00.120616+00:00,c11_sim,467,8.976,20.043,0.640,39.117,0.035,68.812
2026-09-08T06:29:00.296018+00:00,c11_sim,468,7.952,21.302,0.647,42.962,0.130,72.991
2026-09-08T06:29:00.449347+00:00,c11_sim,469,7.799,21.405,0.585,41.946,0.038,71.772
2026-09-08T06:29:00.585386+00:00,c11_sim,470,9.049,20.468,0.601,43.667,0.037,73.823
2026-09-08T06:29:00.769783+00:00,c11_sim,471,8.461,23.105,0.816,48.971,0.043,81.396
2026-09-08T06:29:00.845831+00:00,c11_sim,472,8.013,21.218,0.000,0.000,0.017,29.248
2026-09-08T06:29:01.070157+00:00,c11_sim,473,8.485,25.550,0.710,64.953,0.051,99.748
2026-09-08T06:29:01.196732+00:00,c11_sim,474,7.535,26.924,0.514,46.982,0.171,82.126
2026-09-08T06:29:01.334831+00:00,c11_sim,475,9.090,19.831,0.503,40.008,0.036,69.468
2026-09-08T06:29:01.498627+00:00,c11_sim,476,9.827,20.718,0.665,41.980,0.139,73.331
2026-09-08T06:29:01.626786+00:00,c11_sim,477,9.822,23.111,0.000,0.000,0.017,32.950
2026-09-08T06:29:01.828880+00:00,c11_sim,478,8.729,26.668,0.427,64.475,0.045,100.343
2026-09-08T06:29:01.978170+00:00,c11_sim,479,7.832,22.024,0.630,52.641,0.043,83.170
2026-09-08T06:29:02.101831+00:00,c11_sim,480,9.799,21.074,0.572,42.796,0.036,74.277
2026-09-08T06:29:02.237520+00:00,c11_sim,481,8.618,22.646,0.000,0.000,0.015,31.280
2026-09-08T06:29:02.366571+00:00,c11_sim,482,8.232,23.815,0.000,0.000,0.023,32.070
2026-09-08T06:29:02.537787+00:00,c11_sim,483,7.903,34.478,0.000,0.000,0.023,42.404
2026-09-08T06:29:02.674480+00:00,c11_sim,484,8.876,32.284,0.000,0.000,0.010,41.170
2026-09-08T06:29:02.842957+00:00,c11_sim,485,7.965,33.248,0.000,0.000,0.006,41.219
2026-09-08T06:29:03.049359+00:00,c11_sim,486,8.429,34.171,0.000,0.000,0.022,42.622
2026-09-08T06:29:03.251646+00:00,c11_sim,487,7.793,34.294,0.000,0.000,0.024,42.111
2026-09-08T06:29:03.450307+00:00,c11_sim,488,9.065,34.439,0.000,0.000,0.023,43.527
2026-09-08T06:29:03.642089+00:00,c11_sim,489,6.974,33.808,0.000,0.000,0.025,40.807
2026-09-08T06:29:03.866710+00:00,c11_sim,490,8.914,33.305,0.000,0.000,0.023,42.243
2026-09-08T06:29:04.050075+00:00,c11_sim,491,7.573,32.334,0.000,0.000,0.023,39.930
2026-09-08T06:29:04.259970+00:00,c11_sim,492,8.114,33.215,0.000,0.000,0.023,41.352
2026-09-08T06:29:04.465246+00:00,c11_sim,493,8.115,32.634,0.000,0.000,0.025,40.773
2026-09-08T06:29:04.651286+00:00,c11_sim,494,7.535,32.823,0.000,0.000,0.031,40.390
2026-09-08T06:29:04.843288+00:00,c11_sim,495,6.933,32.782,0.000,0.000,0.516,40.231
2026-09-08T06:29:05.042833+00:00,c11_sim,496,9.468,33.148,0.000,0.000,0.025,42.642
2026-09-08T06:29:05.248637+00:00,c11_sim,497,7.368,33.623,0.000,0.000,0.011,41.002
2026-09-08T06:29:05.456223+00:00,c11_sim,498,6.898,32.782,0.000,0.000,0.012,39.691
2026-09-08T06:29:05.646524+00:00,c11_sim,499,6.843,32.198,0.000,0.000,0.013,39.053
2026-09-08T06:29:05.832682+00:00,c11_sim,500,7.060,31.406,0.000,0.000,0.009,38.475
2026-09-08T06:29:06.035374+00:00,c11_sim,501,8.441,33.238,0.000,0.000,0.017,41.697
2026-09-08T06:29:06.257026+00:00,c11_sim,502,7.187,33.549,0.000,0.000,0.026,40.762
2026-09-08T06:29:06.455062+00:00,c9_sim,259,6.350,34.148,0.000,0.000,0.026,40.523
2026-09-08T06:29:06.658520+00:00,c9_sim,260,7.507,31.848,0.000,0.000,0.024,39.379
2026-09-08T06:29:06.877473+00:00,c9_sim,261,6.005,32.319,0.000,0.000,0.026,38.349
2026-09-08T06:29:07.056800+00:00,c9_sim,262,6.634,33.141,0.000,0.000,0.057,39.832
2026-09-08T06:29:07.255535+00:00,c9_sim,263,7.328,32.055,0.000,0.000,0.024,39.408
2026-09-08T06:29:07.446390+00:00,c9_sim,264,7.574,32.250,0.754,0.000,0.021,40.598
2026-09-08T06:29:07.658263+00:00,c9_sim,265,6.369,32.490,1.047,0.006,0.087,39.998
2026-09-08T06:29:07.852752+00:00,c9_sim,266,6.132,32.043,0.000,0.000,0.026,38.202
2026-09-08T06:29:08.052351+00:00,c9_sim,267,6.720,32.915,0.000,0.000,0.026,39.661
2026-09-08T06:29:08.249680+00:00,c9_sim,268,9.731,33.256,0.000,0.000,0.020,43.006
2026-09-08T06:29:08.473996+00:00,c9_sim,269,6.695,33.705,0.000,0.000,0.052,40.451
2026-09-08T06:29:08.660792+00:00,c9_sim,270,7.368,32.466,0.000,0.000,0.026,39.860
2026-09-08T06:29:08.865026+00:00,c9_sim,271,6.146,33.329,0.896,0.005,0.066,40.443
2026-09-08T06:29:09.062334+00:00,c9_sim,272,6.299,34.098,0.860,0.006,0.446,41.708
2026-09-08T06:29:09.250621+00:00,c9_sim,273,7.866,29.144,0.000,0.000,0.037,37.046
2026-09-08T06:29:09.469516+00:00,c9_sim,274,9.190,34.042,0.000,0.000,0.025,43.257
2026-09-08T06:29:09.678469+00:00,c9_sim,275,6.870,36.361,0.000,0.000,0.023,43.254
2026-09-08T06:29:09.870668+00:00,c9_sim,276,8.717,32.957,0.000,0.000,0.024,41.698
2026-09-08T06:29:10.060361+00:00,c9_sim,277,6.404,32.573,0.000,0.000,0.024,39.001
2026-09-08T06:29:10.273067+00:00,c9_sim,278,6.084,33.774,0.937,0.005,0.026,40.828
2026-09-08T06:29:10.501698+00:00,c9_sim,279,8.017,30.449,0.642,56.433,0.038,95.580
2026-09-08T06:29:10.702914+00:00,c9_sim,280,7.778,21.683,0.662,33.128,0.070,63.321
2026-09-08T06:29:10.856669+00:00,c9_sim,281,6.257,22.243,0.000,0.000,0.017,28.518
2026-09-08T06:29:11.059662+00:00,c9_sim,282,6.494,33.867,0.000,0.000,0.022,40.383
2026-09-08T06:29:11.303706+00:00,c9_sim,283,6.461,33.714,0.665,48.525,0.022,89.386
2026-09-08T06:29:11.491629+00:00,c9_sim,284,6.954,21.474,0.649,33.687,0.017,62.782
2026-09-08T06:29:11.654026+00:00,c9_sim,285,8.082,23.553,0.000,0.000,0.016,31.652
2026-09-08T06:29:11.917887+00:00,c9_sim,286,6.145,34.954,0.827,56.634,0.023,98.583
2026-09-08T06:29:12.077732+00:00,c9_sim,287,7.719,20.788,0.605,31.178,0.023,60.313
2026-09-08T06:29:12.287551+00:00,c9_sim,288,6.120,21.345,0.733,39.070,0.023,67.291
2026-09-08T06:29:12.529294+00:00,c9_sim,289,7.052,27.092,0.864,64.052,0.030,99.089
2026-09-08T06:29:12.697328+00:00,c9_sim,290,7.444,22.457,0.703,54.659,0.027,85.289
2026-09-08T06:29:12.901665+00:00,c9_sim,291,5.366,21.998,0.669,51.730,0.077,79.840
2026-09-08T06:29:13.113911+00:00,c9_sim,292,7.513,23.090,0.834,55.855,0.025,87.318
2026-09-08T06:29:13.301083+00:00,c9_sim,293,6.846,20.858,0.680,51.083,0.030,79.497
2026-09-08T06:29:13.459722+00:00,c9_sim,294,7.541,23.509,0.000,0.000,0.023,31.073
2026-09-08T06:29:13.669183+00:00,c9_sim,295,6.614,32.797,0.000,0.000,0.027,39.439
2026-09-08T06:29:13.933533+00:00,c9_sim,296,5.835,33.450,0.508,59.003,0.026,98.821
2026-09-08T06:29:14.038226+00:00,c9_sim,297,6.859,17.666,0.000,0.000,0.023,24.548
2026-09-08T06:29:14.237009+00:00,c9_sim,298,9.080,22.017,0.000,0.000,0.015,31.112
2026-09-08T06:29:14.462921+00:00,c9_sim,299,9.138,36.468,0.000,0.000,0.021,45.626
2026-09-08T06:29:14.660042+00:00,c9_sim,300,6.987,34.364,0.000,0.000,0.016,41.368
2026-09-08T06:29:14.853020+00:00,c9_sim,301,6.325,33.397,0.000,0.000,0.022,39.745
2026-09-08T06:29:15.120628+00:00,c9_sim,302,6.038,33.188,1.151,47.556,0.025,87.958
2026-09-08T06:29:15.273912+00:00,c9_sim,303,7.279,18.593,0.702,30.812,0.062,57.449
2026-09-08T06:29:15.452547+00:00,c9_sim,304,8.129,23.570,0.000,0.000,0.020,31.719
2026-09-08T06:29:15.670360+00:00,c9_sim,305,6.611,34.019,0.000,0.000,0.022,40.653
2026-09-08T06:29:15.917695+00:00,c9_sim,306,6.138,32.335,0.906,58.684,0.069,98.132
2026-09-08T06:29:16.080430+00:00,c9_sim,307,7.963,19.198,0.542,31.532,0.080,59.315
2026-09-08T06:29:16.300491+00:00,c9_sim,308,7.323,20.715,0.616,42.253,0.038,70.945
2026-09-08T06:29:16.534058+00:00,c9_sim,309,8.584,26.195,0.922,63.744,0.054,99.500
2026-09-08T06:29:16.701801+00:00,c9_sim,310,7.682,20.818,0.734,52.053,0.089,81.376
2026-09-08T06:29:16.918859+00:00,c9_sim,311,7.442,24.663,0.839,53.980,0.045,86.969
2026-09-08T06:29:17.117254+00:00,c9_sim,312,7.031,24.250,0.875,53.629,0.042,85.827
2026-09-08T06:29:17.310492+00:00,c9_sim,313,7.131,23.148,0.640,53.253,0.102,84.273
2026-09-08T06:29:17.516183+00:00,c9_sim,314,7.419,23.537,0.900,51.047,0.090,82.993
2026-09-08T06:29:17.697429+00:00,c9_sim,315,7.821,21.016,0.599,48.539,0.040,78.015
2026-09-08T06:29:17.911718+00:00,c9_sim,316,6.231,19.508,0.668,49.492,0.038,75.937
2026-09-08T06:29:18.098745+00:00,c9_sim,317,7.424,22.682,0.590,49.478,0.090,80.264
2026-09-08T06:29:18.298073+00:00,c9_sim,318,6.949,23.204,0.747,49.411,0.042,80.353
2026-09-08T06:29:18.509839+00:00,c9_sim,319,7.918,23.006,0.670,52.348,0.114,84.056
2026-09-08T06:29:18.693231+00:00,c9_sim,320,6.452,21.092,0.832,50.312,0.041,78.729
2026-09-08T06:29:18.916273+00:00,c9_sim,321,7.263,23.991,0.842,51.512,0.042,83.651
2026-09-08T06:29:19.099611+00:00,c9_sim,322,7.476,23.503,0.739,50.560,0.043,82.321
2026-09-08T06:29:19.295036+00:00,c9_sim,323,8.095,22.190,0.532,48.747,0.042,79.605
2026-09-08T06:29:19.499158+00:00,c9_sim,324,7.342,23.022,0.622,49.701,0.041,80.728
2026-09-08T06:29:19.701673+00:00,c9_sim,325,7.823,22.726,0.863,49.443,0.042,80.898
2026-09-08T06:29:19.916133+00:00,c9_sim,326,7.246,24.082,0.815,51.729,0.040,83.912
2026-09-08T06:29:20.102164+00:00,c9_sim,327,6.958,21.496,0.756,49.657,0.042,78.908
2026-09-08T06:29:20.312566+00:00,c9_sim,328,6.916,23.263,0.856,51.977,0.041,83.054
2026-09-08T06:29:20.500434+00:00,c9_sim,329,8.280,21.448,0.675,50.200,0.042,80.644
2026-09-08T06:29:20.696487+00:00,c9_sim,330,7.574,23.082,0.677,49.517,0.041,80.892
2026-09-08T06:29:20.901802+00:00,c9_sim,331,7.329,23.294,0.883,48.354,0.044,79.905
2026-09-08T06:29:21.119170+00:00,c9_sim,332,7.477,22.568,0.795,51.245,0.043,82.128
2026-09-08T06:29:21.294388+00:00,c9_sim,333,6.735,21.073,0.789,50.958,0.041,79.596
2026-09-08T06:29:21.516131+00:00,c9_sim,334,8.593,25.813,0.877,52.103,0.043,87.431
2026-09-08T06:29:21.694562+00:00,c9_sim,335,7.756,22.320,0.703,50.699,0.042,81.520
2026-09-08T06:29:21.897711+00:00,c9_sim,336,7.028,23.124,0.637,49.620,0.145,80.552
2026-09-08T06:29:22.112577+00:00,c9_sim,337,7.828,22.985,0.894,52.946,0.041,84.695
2026-09-08T06:29:22.294770+00:00,c9_sim,338,7.023,21.954,0.842,50.366,0.041,80.226
2026-09-08T06:29:22.511720+00:00,c9_sim,339,7.285,20.365,0.642,53.168,0.042,81.501
2026-09-08T06:29:22.722433+00:00,c9_sim,340,7.582,23.619,0.783,52.278,0.043,84.304
2026-09-08T06:29:22.848829+00:00,c9_sim,341,7.417,22.168,0.000,0.000,0.018,29.603
2026-09-08T06:29:23.071788+00:00,c9_sim,342,7.046,32.837,0.000,0.000,0.023,39.906
2026-09-08T06:29:23.263782+00:00,c9_sim,343,5.780,33.359,0.000,0.000,0.024,39.163
2026-09-08T06:29:23.459135+00:00,c8_sim,129,7.213,32.370,0.820,0.000,0.020,40.423
2026-09-08T06:29:23.717742+00:00,c8_sim,130,8.895,32.582,1.014,58.897,0.116,101.503
2026-09-08T06:29:23.895586+00:00,c8_sim,131,7.855,19.082,0.602,31.933,0.115,59.586
2026-09-08T06:29:24.103217+00:00,c8_sim,132,10.971,20.103,0.777,42.333,0.024,74.208
2026-09-08T06:29:24.325544+00:00,c8_sim,133,9.091,22.097,0.869,67.445,0.181,99.684
2026-09-08T06:29:24.541067+00:00,c8_sim,134,8.906,25.522,0.868,68.048,0.032,103.375
2026-09-08T06:29:24.738682+00:00,c8_sim,135,7.786,24.283,0.727,65.967,0.042,98.805
2026-09-08T06:29:24.919659+00:00,c8_sim,136,8.235,23.340,0.888,58.107,0.029,90.598
2026-09-08T06:29:25.097965+00:00,c8_sim,137,8.565,23.614,0.813,50.589,0.028,83.610
2026-09-08T06:29:25.312923+00:00,c8_sim,138,8.741,23.214,0.922,51.222,0.030,84.129
2026-09-08T06:29:25.495992+00:00,c8_sim,139,8.656,21.911,0.892,48.338,0.026,79.823
2026-09-08T06:29:25.697480+00:00,c8_sim,140,9.279,21.932,0.715,47.896,0.027,79.848
2026-09-08T06:29:25.900114+00:00,c8_sim,141,8.665,21.784,0.821,46.642,0.026,77.938
2026-09-08T06:29:26.101786+00:00,c8_sim,142,8.669,18.788,0.694,46.940,0.297,75.389
2026-09-08T06:29:26.297056+00:00,c8_sim,143,8.435,21.340,0.518,48.197,0.047,78.537
2026-09-08T06:29:26.463780+00:00,c8_sim,144,9.440,23.759,0.000,0.000,0.016,33.216
2026-09-08T06:29:26.717901+00:00,c8_sim,145,8.775,32.976,0.941,55.755,0.020,98.467
2026-09-08T06:29:26.867839+00:00,c8_sim,146,8.506,17.909,0.582,29.597,0.016,56.609
2026-09-08T06:29:27.123481+00:00,c8_sim,147,9.805,23.376,0.719,44.496,0.042,78.438
2026-09-08T06:29:27.313531+00:00,c8_sim,148,10.837,23.116,0.536,58.191,0.043,92.723
2026-09-08T06:29:27.522858+00:00,c8_sim,149,9.453,24.015,0.891,53.640,0.043,88.042
2026-09-08T06:29:27.712289+00:00,c8_sim,150,10.260,30.635,0.662,57.318,0.036,98.910
2026-09-08T06:29:27.903511+00:00,c8_sim,151,7.941,21.231,0.781,49.762,0.043,79.757
2026-09-08T06:29:28.112920+00:00,c8_sim,152,9.388,22.467,0.925,53.469,0.044,86.292
2026-09-08T06:29:28.319018+00:00,c8_sim,153,9.864,25.094,0.820,51.850,0.042,87.670
2026-09-08T06:29:28.524758+00:00,c8_sim,154,9.879,23.079,0.890,52.625,0.043,86.518
2026-09-08T06:29:28.735129+00:00,c8_sim,155,9.063,22.710,0.952,58.877,0.049,91.650
2026-09-08T06:29:28.912291+00:00,c8_sim,156,9.613,23.479,0.782,55.885,0.041,89.800
2026-09-08T06:29:29.116469+00:00,c8_sim,157,15.553,21.212,0.565,50.752,0.038,88.121
2026-09-08T06:29:29.272343+00:00,c8_sim,158,10.220,22.935,0.000,0.000,0.016,33.172
2026-09-08T06:29:29.521480+00:00,c8_sim,159,8.870,33.827,0.844,48.472,0.033,92.045
2026-09-08T06:29:29.641948+00:00,c8_sim,160,8.191,12.364,0.000,0.000,0.010,20.565
2026-09-08T06:29:29.864224+00:00,c8_sim,161,8.418,24.309,0.000,0.000,0.017,32.743
2026-09-08T06:29:30.052103+00:00,c8_sim,162,7.203,32.859,0.000,0.000,0.021,40.084
2026-09-08T06:29:30.272085+00:00,c8_sim,163,7.185,32.726,0.000,0.000,0.017,39.928
2026-09-08T06:29:30.469021+00:00,c8_sim,164,10.262,33.038,0.000,0.000,0.027,43.327
2026-09-08T06:29:30.658075+00:00,c8_sim,165,8.250,32.859,0.000,0.000,0.025,41.134
2026-09-08T06:29:30.869903+00:00,c8_sim,166,10.265,33.102,0.000,0.000,0.024,43.392
2026-09-08T06:29:31.060172+00:00,c8_sim,167,7.264,34.110,0.000,0.000,0.022,41.396
2026-09-08T06:29:31.279690+00:00,c8_sim,168,7.885,33.325,0.000,0.000,0.023,41.234
2026-09-08T06:29:31.475889+00:00,c8_sim,169,7.811,30.857,0.000,0.000,0.018,38.686
2026-09-08T06:29:31.686645+00:00,c8_sim,170,9.887,33.606,0.000,0.000,0.024,43.517
2026-09-08T06:29:31.869795+00:00,c8_sim,171,8.756,33.475,0.000,0.000,0.025,42.256
2026-09-08T06:29:32.053402+00:00,c8_sim,172,9.731,34.402,0.000,0.000,0.014,44.146
2026-09-08T06:29:32.264228+00:00,c8_sim,173,9.895,31.846,0.000,0.000,0.015,41.756
2026-09-08T06:29:32.461560+00:00,c8_sim,174,9.975,32.515,0.000,0.000,0.376,42.866
2026-09-08T06:29:32.683705+00:00,c8_sim,175,10.223,33.235,0.000,0.000,0.029,43.487
2026-09-08T06:29:32.883172+00:00,c8_sim,176,8.955,32.671,0.000,0.000,0.011,41.637
2026-09-08T06:29:33.069716+00:00,c8_sim,177,8.617,33.334,0.000,0.000,0.014,41.966
2026-09-08T06:29:33.279866+00:00,c8_sim,178,8.984,33.080,0.000,0.000,0.013,42.077
2026-09-08T06:29:33.475416+00:00,c8_sim,179,8.796,32.923,0.000,0.000,0.013,41.731
2026-09-08T06:29:33.666658+00:00,c8_sim,180,8.401,33.634,0.000,0.000,0.014,42.049
2026-09-08T06:29:33.876264+00:00,c8_sim,181,8.184,32.832,0.000,0.000,0.013,41.029
2026-09-08T06:29:34.075065+00:00,c8_sim,182,8.492,33.435,0.000,0.000,0.012,41.939
2026-09-08T06:29:34.275197+00:00,c8_sim,183,8.335,32.571,0.000,0.000,0.013,40.920
2026-09-08T06:29:34.482698+00:00,c8_sim,184,9.733,34.700,0.000,0.000,0.032,44.466
2026-09-08T06:29:34.676024+00:00,c8_sim,185,9.019,33.410,0.000,0.000,0.013,42.443
2026-09-08T06:29:34.860366+00:00,c8_sim,186,7.793,32.383,0.000,0.000,0.012,40.188
2026-09-08T06:29:35.080814+00:00,c8_sim,187,9.070,34.036,0.000,0.000,0.009,43.115
2026-09-08T06:29:35.257166+00:00,c8_sim,188,8.021,32.127,0.000,0.000,0.005,40.152
2026-09-08T06:29:35.471390+00:00,c10_sim,124,7.626,32.073,0.865,0.000,0.019,40.583
2026-09-08T06:29:35.719954+00:00,c10_sim,125,8.281,33.045,0.837,49.136,0.112,91.411
2026-09-08T06:29:35.893975+00:00,c10_sim,126,7.940,16.556,0.820,32.960,0.093,58.369
2026-09-08T06:29:36.118748+00:00,c10_sim,127,10.071,21.008,0.656,45.259,0.108,77.103
2026-09-08T06:29:36.348044+00:00,c10_sim,128,8.553,25.249,0.921,72.822,0.031,107.575
2026-09-08T06:29:36.541231+00:00,c10_sim,129,9.063,24.751,0.797,60.426,0.030,95.068
2026-09-08T06:29:36.721530+00:00,c10_sim,130,8.926,23.458,0.814,53.804,0.043,87.044
2026-09-08T06:29:36.935412+00:00,c10_sim,131,8.848,24.359,0.976,53.966,0.030,88.180
2026-09-08T06:29:37.115797+00:00,c10_sim,132,8.769,21.406,0.695,49.086,0.027,79.983
2026-09-08T06:29:37.314195+00:00,c10_sim,133,7.548,19.675,0.488,47.891,0.026,75.630
2026-09-08T06:29:37.527142+00:00,c10_sim,134,8.969,22.427,0.759,52.304,0.030,84.489
2026-09-08T06:29:37.737316+00:00,c10_sim,135,9.002,24.535,0.915,50.822,0.370,85.645
2026-09-08T06:29:37.918929+00:00,c10_sim,136,8.913,22.075,0.832,49.713,0.036,81.568
2026-09-08T06:29:38.115165+00:00,c10_sim,137,9.583,22.930,0.679,49.234,0.016,82.442
2026-09-08T06:29:38.317207+00:00,c10_sim,138,9.065,21.133,0.791,47.917,0.026,78.931
2026-09-08T06:29:38.526218+00:00,c10_sim,139,8.915,23.569,0.771,52.421,0.027,85.703
2026-09-08T06:29:38.732319+00:00,c10_sim,140,9.029,24.478,0.885,52.583,0.029,87.004
2026-09-08T06:29:38.941077+00:00,c10_sim,141,8.811,22.918,0.832,53.153,0.043,85.756
2026-09-08T06:29:39.134863+00:00,c10_sim,142,8.606,24.895,0.913,55.510,0.040,89.965
2026-09-08T06:29:39.332048+00:00,c10_sim,143,8.540,23.663,0.912,55.234,0.042,88.391
2026-09-08T06:29:39.513595+00:00,c10_sim,144,7.285,22.838,0.874,50.674,0.038,81.709
2026-09-08T06:29:39.716887+00:00,c10_sim,145,8.977,21.611,0.672,50.778,0.038,82.076
2026-09-08T06:29:39.934838+00:00,c10_sim,146,9.398,23.724,0.692,51.993,0.042,85.849
2026-09-08T06:29:40.060336+00:00,c10_sim,147,8.640,22.191,0.755,0.007,0.024,31.616
2026-09-08T06:29:40.286844+00:00,c10_sim,148,7.143,33.808,0.000,0.000,0.024,40.974
2026-09-08T06:29:40.486242+00:00,c10_sim,149,8.565,33.809,0.000,0.000,0.026,42.400
2026-09-08T06:29:40.677918+00:00,c10_sim,150,7.207,32.854,0.000,0.000,0.022,40.083
2026-09-08T06:29:40.871956+00:00,c10_sim,151,9.352,32.278,0.000,0.000,0.016,41.646
2026-09-08T06:29:41.069704+00:00,c10_sim,152,6.993,36.113,0.000,0.000,0.020,43.126
2026-09-08T06:29:41.276503+00:00,c10_sim,153,7.103,32.587,0.000,0.000,0.021,39.711
2026-09-08T06:29:41.475589+00:00,c12_sim,39,7.266,33.163,0.000,0.000,0.023,40.452
2026-09-08T06:29:41.751609+00:00,c12_sim,40,8.917,33.281,0.881,55.351,0.023,98.452
2026-09-08T06:29:41.876073+00:00,c12_sim,41,7.216,20.799,0.000,0.000,0.022,28.038
2026-09-08T06:29:42.075859+00:00,c12_sim,42,8.893,24.214,0.000,0.000,0.021,33.127
2026-09-08T06:29:42.287510+00:00,c12_sim,43,9.197,32.443,0.000,0.000,0.023,41.664
2026-09-08T06:29:42.483577+00:00,c12_sim,44,7.969,31.042,0.000,0.000,0.016,39.027
2026-09-08T06:29:42.680820+00:00,c12_sim,45,8.210,32.483,0.000,0.000,0.014,40.707
2026-09-08T06:29:42.887888+00:00,c12_sim,46,7.858,32.136,0.000,0.000,0.021,40.015
2026-09-08T06:29:43.099879+00:00,c12_sim,47,7.607,32.982,0.000,0.000,0.022,40.611
2026-09-08T06:29:43.301300+00:00,c12_sim,48,7.847,33.361,0.000,0.000,0.545,41.753
2026-09-08T06:29:43.499101+00:00,c11_sim,503,7.232,33.333,0.000,0.000,0.024,40.588
2026-09-08T06:29:43.722567+00:00,c11_sim,504,10.152,38.482,0.000,0.000,0.011,48.645
2026-09-08T06:29:43.885768+00:00,c11_sim,505,7.393,31.585,0.000,0.000,0.011,38.990
2026-09-08T06:29:44.090136+00:00,c11_sim,506,8.561,31.143,0.606,0.000,0.006,40.316
2026-09-08T06:29:44.313996+00:00,c11_sim,507,9.287,33.130,0.908,0.006,0.099,43.429
2026-09-08T06:29:44.521083+00:00,c11_sim,508,9.537,33.950,0.961,0.005,0.027,44.480
2026-09-08T06:29:44.769838+00:00,c11_sim,509,9.487,34.823,0.953,50.192,0.021,95.477
2026-09-08T06:29:44.878808+00:00,c11_sim,510,7.079,19.272,0.000,0.000,0.012,26.362
2026-09-08T06:29:45.083039+00:00,c11_sim,511,8.296,22.637,0.000,0.000,0.019,30.952
2026-09-08T06:29:45.309824+00:00,c11_sim,512,7.876,32.950,0.843,0.005,0.104,41.778
2026-09-08T06:29:45.493358+00:00,c11_sim,513,7.754,30.815,0.729,0.005,0.077,39.381
2026-09-08T06:29:45.753247+00:00,c11_sim,514,10.152,32.807,1.023,47.393,0.061,91.436
2026-09-08T06:29:45.939624+00:00,c11_sim,515,8.048,19.152,0.530,33.193,0.017,60.939
2026-09-08T06:29:46.098423+00:00,c11_sim,516,8.888,22.805,0.000,0.000,0.016,31.709
2026-09-08T06:29:46.350917+00:00,c11_sim,517,8.344,32.122,0.896,55.651,0.061,97.075
2026-09-08T06:29:46.496750+00:00,c11_sim,518,9.791,21.168,0.000,0.000,0.013,30.972
2026-09-08T06:29:46.682148+00:00,c11_sim,519,9.401,23.292,0.000,0.000,0.017,32.709
2026-09-08T06:29:46.952875+00:00,c11_sim,520,8.652,32.803,0.931,49.189,0.023,91.598
2026-09-08T06:29:47.121941+00:00,c11_sim,521,8.653,20.553,0.602,33.273,0.021,63.102
2026-09-08T06:29:47.327705+00:00,c11_sim,522,8.896,21.539,0.712,50.736,0.027,81.910
2026-09-08T06:29:47.559572+00:00,c11_sim,523,9.765,27.017,0.839,64.050,0.029,101.699
2026-09-08T06:29:47.754567+00:00,c11_sim,524,8.892,23.292,0.813,54.068,0.032,87.097
2026-09-08T06:29:47.927262+00:00,c11_sim,525,9.220,22.190,0.862,50.815,0.026,83.113
2026-09-08T06:29:48.149538+00:00,c11_sim,526,8.633,25.109,1.015,51.121,0.078,85.957
2026-09-08T06:29:48.326933+00:00,c11_sim,527,8.520,21.475,0.909,49.527,0.029,80.460
2026-09-08T06:29:48.549050+00:00,c11_sim,528,9.024,28.335,0.597,49.386,0.028,87.370
2026-09-08T06:29:48.677831+00:00,c11_sim,529,7.744,22.006,0.000,0.000,0.022,29.771
2026-09-08T06:29:48.914886+00:00,c11_sim,530,6.817,32.793,0.000,0.000,0.025,39.635
2026-09-08T06:29:49.169113+00:00,c11_sim,531,7.766,33.106,0.982,49.415,0.022,91.292
2026-09-08T06:29:49.319042+00:00,c11_sim,532,10.791,18.909,0.546,30.354,0.019,60.619
2026-09-08T06:29:49.534317+00:00,c11_sim,533,9.332,21.078,0.840,42.536,0.067,73.853
2026-09-08T06:29:49.697432+00:00,c11_sim,534,9.261,27.837,0.000,0.000,0.022,37.120
2026-09-08T06:29:49.950593+00:00,c11_sim,535,7.659,33.318,0.884,56.084,0.033,97.979
2026-09-08T06:29:50.109853+00:00,c11_sim,536,8.598,19.286,0.570,30.813,0.062,59.328
2026-09-08T06:29:50.321110+00:00,c11_sim,537,8.897,21.377,0.648,39.323,0.079,70.323
2026-09-08T06:29:50.559583+00:00,c11_sim,538,8.838,24.479,0.900,64.217,0.044,98.480
2026-09-08T06:29:50.757538+00:00,c11_sim,539,8.282,22.980,0.842,55.818,0.042,87.964
2026-09-08T06:29:50.933214+00:00,c11_sim,540,8.862,22.432,0.647,50.774,0.117,82.831
2026-09-08T06:29:51.133913+00:00,c11_sim,541,8.525,21.905,0.497,47.000,0.045,77.973
2026-09-08T06:29:51.332455+00:00,c11_sim,542,9.237,21.728,0.679,47.956,0.120,79.721
2026-09-08T06:29:51.544154+00:00,c11_sim,543,9.864,22.714,0.854,51.074,0.125,84.631
2026-09-08T06:29:51.749412+00:00,c11_sim,544,9.317,23.458,0.987,51.697,0.126,85.584
2026-09-08T06:29:51.953398+00:00,c11_sim,545,7.717,20.676,0.726,50.953,0.112,80.184
2026-09-08T06:29:52.129006+00:00,c11_sim,546,8.836,21.852,0.595,48.690,0.040,80.014
2026-09-08T06:29:52.369211+00:00,c11_sim,547,9.384,25.232,0.771,53.498,0.136,89.021
2026-09-08T06:29:52.546018+00:00,c11_sim,548,7.848,21.678,0.825,52.359,0.044,82.754
2026-09-08T06:29:52.741464+00:00,c11_sim,549,9.182,22.785,0.854,52.586,0.040,85.447
2026-09-08T06:29:52.947905+00:00,c11_sim,550,9.259,24.519,0.852,52.436,0.041,87.107
2026-09-08T06:29:53.130553+00:00,c11_sim,551,8.381,22.767,0.681,50.193,0.042,82.064
2026-09-08T06:29:53.281929+00:00,c11_sim,552,8.429,21.751,0.445,0.000,0.013,30.638
2026-09-08T06:29:53.552140+00:00,c11_sim,553,9.053,33.249,1.047,51.632,0.114,95.095
2026-09-08T06:29:53.719988+00:00,c11_sim,554,7.627,21.513,0.548,31.958,0.021,61.667
2026-09-08T06:29:53.944454+00:00,c11_sim,555,8.356,21.569,0.706,45.684,0.027,76.341
2026-09-08T06:29:54.150288+00:00,c11_sim,556,9.405,23.996,0.889,53.393,0.031,87.715
2026-09-08T06:29:54.283293+00:00,c11_sim,557,8.309,22.423,0.749,0.511,0.029,32.022
2026-09-08T06:29:54.552802+00:00,c11_sim,558,9.843,33.827,0.915,48.449,0.023,93.057
2026-09-08T06:29:54.682340+00:00,c11_sim,559,9.235,18.699,0.000,0.000,0.012,27.947
2026-09-08T06:29:54.904972+00:00,c11_sim,560,9.318,24.962,0.000,0.000,0.018,34.298
2026-09-08T06:29:55.108822+00:00,c11_sim,561,9.460,32.932,0.000,0.000,0.025,42.418
2026-09-08T06:29:55.304088+00:00,c11_sim,562,7.466,33.065,0.000,0.000,0.027,40.558
2026-09-08T06:29:55.486980+00:00,c11_sim,563,6.399,31.136,0.561,0.000,0.013,38.108
2026-09-08T06:29:55.767940+00:00,c11_sim,564,9.470,32.248,0.925,55.721,0.127,98.491
2026-09-08T06:29:55.935045+00:00,c11_sim,565,8.203,16.691,0.525,30.641,0.072,56.133
2026-09-08T06:29:56.138538+00:00,c11_sim,566,10.157,18.592,0.523,38.767,0.344,68.383
2026-09-08T06:29:56.343990+00:00,c11_sim,567,7.681,21.884,0.519,54.317,0.142,84.544
2026-09-08T06:29:56.556322+00:00,c11_sim,568,8.368,23.382,0.755,56.155,0.030,88.690
2026-09-08T06:29:56.738743+00:00,c11_sim,569,9.768,21.717,0.481,52.532,0.030,84.530
2026-09-08T06:29:56.955675+00:00,c11_sim,570,8.825,23.239,0.823,55.147,0.030,88.064
2026-09-08T06:29:57.142579+00:00,c11_sim,571,10.019,22.117,0.609,53.586,0.143,86.474
2026-09-08T06:29:57.334241+00:00,c11_sim,572,8.222,19.990,0.512,45.712,0.028,74.464
2026-09-08T06:29:57.540381+00:00,c11_sim,573,9.039,21.922,0.517,47.949,0.286,79.713
2026-09-08T06:29:57.775679+00:00,c11_sim,574,9.400,26.432,0.895,65.610,0.035,102.373
2026-09-08T06:29:57.966964+00:00,c11_sim,575,7.431,24.252,0.863,53.267,0.026,85.840
2026-09-08T06:29:58.145201+00:00,c11_sim,576,9.029,23.236,0.739,49.210,0.026,82.241
2026-09-08T06:29:58.346759+00:00,c11_sim,577,7.790,20.893,0.861,46.381,0.025,75.951
2026-09-08T06:29:58.556528+00:00,c11_sim,578,8.816,21.992,0.680,50.760,0.127,82.376
2026-09-08T06:29:58.757691+00:00,c11_sim,579,9.748,25.452,0.930,60.277,0.027,96.434
2026-09-08T06:29:58.938480+00:00,c11_sim,580,7.939,18.297,0.498,50.026,0.039,76.798
2026-09-08T06:29:59.149192+00:00,c11_sim,581,9.662,22.554,0.524,50.780,0.041,83.561
2026-09-08T06:29:59.364249+00:00,c11_sim,582,8.332,23.937,0.894,55.528,0.041,88.733
2026-09-08T06:29:59.551035+00:00,c11_sim,583,8.640,23.544,0.823,51.689,0.044,84.740
2026-09-08T06:29:59.769238+00:00,c11_sim,584,9.622,24.713,0.911,53.552,0.047,88.846
2026-09-08T06:29:59.959806+00:00,c11_sim,585,8.373,22.768,0.631,53.971,0.043,85.787
2026-09-08T06:30:00.133146+00:00,c11_sim,586,9.406,21.196,0.574,46.899,0.036,78.112
2026-09-08T06:30:00.340027+00:00,c11_sim,587,8.082,20.706,0.493,49.243,0.041,78.565
2026-09-08T06:30:00.569169+00:00,c11_sim,588,8.646,25.683,0.788,64.532,0.046,99.695
2026-09-08T06:30:00.707683+00:00,c11_sim,589,10.118,25.721,0.000,0.000,0.027,35.867
2026-09-08T06:30:00.911478+00:00,c11_sim,590,6.861,36.205,0.000,0.000,0.022,43.089
2026-09-08T06:30:01.153017+00:00,c11_sim,591,7.269,34.777,1.030,47.134,0.038,90.248
2026-09-08T06:30:01.326717+00:00,c11_sim,592,7.210,20.266,0.849,32.944,0.023,61.292
2026-09-08T06:30:01.555093+00:00,c11_sim,593,7.268,23.464,0.867,44.222,0.038,75.860
2026-09-08T06:30:01.756070+00:00,c11_sim,594,7.178,25.037,0.622,64.309,0.045,97.191
2026-09-08T06:30:01.983898+00:00,c11_sim,595,7.011,34.206,1.189,55.342,0.035,97.784
2026-09-08T06:30:02.131358+00:00,c11_sim,596,7.492,16.953,0.622,30.671,0.033,55.771
2026-09-08T06:30:02.331298+00:00,c11_sim,597,6.865,23.415,0.840,37.174,0.039,68.333
2026-09-08T06:30:02.546227+00:00,c11_sim,598,6.546,25.911,0.702,53.667,0.041,86.867
2026-09-08T06:30:02.758259+00:00,c11_sim,599,6.716,25.866,0.558,60.012,0.043,93.195
2026-09-08T06:30:02.944017+00:00,c11_sim,600,6.541,25.581,0.463,50.490,0.047,83.122
2026-09-08T06:30:03.165454+00:00,c11_sim,601,6.979,26.496,0.771,52.188,0.040,86.474
2026-09-08T06:30:03.332703+00:00,c11_sim,602,7.117,23.454,0.502,45.393,0.032,76.498
2026-09-08T06:30:03.539767+00:00,c11_sim,603,6.981,24.282,0.830,48.962,0.046,81.101
2026-09-08T06:30:03.706743+00:00,c11_sim,604,7.949,26.547,0.000,0.000,0.033,34.529
2026-09-08T06:30:03.903987+00:00,c11_sim,605,6.555,34.361,0.000,0.000,0.019,40.934
2026-09-08T06:30:04.152054+00:00,c11_sim,606,7.166,35.764,0.675,49.073,0.034,92.712
2026-09-08T06:30:04.328015+00:00,c11_sim,607,6.939,22.453,0.537,31.672,0.029,61.631
2026-09-08T06:30:04.533143+00:00,c11_sim,608,7.043,22.050,0.597,40.753,0.024,70.467
2026-09-08T06:30:04.702268+00:00,c11_sim,609,7.056,27.930,0.000,0.000,0.020,35.005
2026-09-08T06:30:04.950954+00:00,c11_sim,610,7.141,33.595,0.543,52.098,0.034,93.411
2026-09-08T06:30:05.139629+00:00,c11_sim,611,6.859,21.701,0.534,34.203,0.036,63.332
2026-09-08T06:30:05.360711+00:00,c11_sim,612,7.247,26.346,0.728,55.591,0.042,89.954
2026-09-08T06:30:05.554713+00:00,c11_sim,613,7.228,25.180,0.758,52.771,0.041,85.976
2026-09-08T06:30:05.749622+00:00,c11_sim,614,6.646,25.140,0.821,55.239,0.045,87.891
2026-09-08T06:30:05.968779+00:00,c11_sim,615,6.623,26.256,1.048,57.942,0.045,91.914
2026-09-08T06:30:06.097777+00:00,c11_sim,616,6.959,26.346,0.000,0.000,0.018,33.323
2026-09-08T06:30:06.368403+00:00,c11_sim,617,7.306,34.099,0.657,50.684,0.036,92.782
2026-09-08T06:30:06.526298+00:00,c11_sim,618,6.851,19.906,0.658,32.286,0.026,59.727
2026-09-08T06:30:06.733246+00:00,c11_sim,619,7.019,21.824,0.665,41.049,0.022,70.578
2026-09-08T06:30:06.987324+00:00,c11_sim,620,7.023,27.799,0.695,66.032,0.042,101.590
2026-09-08T06:30:07.155668+00:00,c11_sim,621,6.976,26.104,0.552,57.910,0.041,91.582
2026-09-08T06:30:07.338982+00:00,c11_sim,622,7.237,24.134,0.462,51.703,0.041,83.578
2026-09-08T06:30:07.503677+00:00,c11_sim,623,6.930,27.338,0.000,0.000,0.031,34.299
2026-09-08T06:30:07.784451+00:00,c11_sim,624,7.323,36.629,0.881,53.877,0.032,98.742
2026-09-08T06:30:07.912391+00:00,c11_sim,625,7.173,18.957,0.457,28.773,0.027,55.387
2026-09-08T06:30:08.092998+00:00,c11_sim,626,6.589,22.445,0.000,0.000,0.026,29.060
2026-09-08T06:30:08.351689+00:00,c11_sim,627,7.221,32.269,0.582,49.329,0.034,89.435
2026-09-08T06:30:08.501304+00:00,c11_sim,628,6.868,20.503,0.000,0.000,0.025,27.396
2026-09-08T06:30:08.789207+00:00,c11_sim,629,6.764,30.331,0.741,69.399,0.037,107.272
2026-09-08T06:30:08.906730+00:00,c11_sim,630,6.576,26.893,0.000,0.000,0.017,33.485
2026-09-08T06:30:09.109931+00:00,c11_sim,631,7.092,36.691,0.000,0.000,0.028,43.811
2026-09-08T06:30:09.321156+00:00,c11_sim,632,6.833,33.314,0.000,0.000,0.017,40.164
2026-09-08T06:30:09.517359+00:00,c11_sim,633,6.546,34.068,0.000,0.000,0.010,40.624
2026-09-08T06:30:09.713342+00:00,c11_sim,634,6.934,33.935,0.000,0.000,0.012,40.881
2026-09-08T06:30:09.966233+00:00,c11_sim,635,6.466,35.092,0.840,60.327,0.032,102.756
2026-09-08T06:30:10.132206+00:00,c11_sim,636,6.827,20.274,0.599,31.148,0.031,58.880
2026-09-08T06:30:10.349797+00:00,c11_sim,637,7.102,21.331,0.759,42.499,0.036,71.727
2026-09-08T06:30:10.495722+00:00,c11_sim,638,11.768,26.246,0.000,0.000,0.016,38.030
2026-09-08T06:30:10.700510+00:00,c11_sim,639,7.148,35.495,0.000,0.000,0.025,42.669
2026-09-08T06:30:10.923210+00:00,c11_sim,640,6.996,36.749,0.000,0.000,0.022,43.767
2026-09-08T06:30:11.097154+00:00,c11_sim,641,6.950,34.798,0.000,0.000,0.015,41.763
2026-09-08T06:30:11.319230+00:00,c11_sim,642,7.320,33.151,0.731,0.005,0.018,41.225
2026-09-08T06:30:11.521791+00:00,c11_sim,643,7.412,36.937,0.000,0.000,0.022,44.371
2026-09-08T06:30:11.718896+00:00,c11_sim,644,6.813,34.807,0.000,0.000,0.015,41.635
2026-09-08T06:30:11.899030+00:00,c11_sim,645,6.810,33.928,0.000,0.000,0.016,40.755
2026-09-08T06:30:12.102057+00:00,c11_sim,646,7.175,34.488,0.000,0.000,0.017,41.680
2026-09-08T06:30:12.300271+00:00,c11_sim,647,7.079,35.952,0.000,0.000,0.023,43.053
2026-09-08T06:30:12.509229+00:00,c11_sim,648,6.771,34.326,0.000,0.000,0.011,41.109
2026-09-08T06:30:12.707620+00:00,c11_sim,649,6.843,35.497,0.000,0.000,0.009,42.349
2026-09-08T06:30:12.920032+00:00,c11_sim,650,6.804,33.777,0.000,0.000,0.014,40.595
2026-09-08T06:30:13.104592+00:00,c11_sim,651,6.604,34.749,0.000,0.000,0.039,41.392
2026-09-08T06:30:13.312519+00:00,c11_sim,652,7.176,34.196,0.000,0.000,0.009,41.380
2026-09-08T06:30:13.566461+00:00,c12_sim,49,6.548,35.092,0.748,57.107,0.070,99.564
2026-09-08T06:30:13.689391+00:00,c12_sim,50,6.949,18.695,0.000,0.000,0.029,25.672
2026-09-08T06:30:13.895677+00:00,c12_sim,51,6.176,27.634,0.000,0.000,0.013,33.823
2026-09-08T06:30:14.123306+00:00,c12_sim,52,7.728,34.183,0.000,0.000,0.014,41.925
2026-09-08T06:30:14.298450+00:00,c12_sim,53,6.818,27.895,0.000,0.000,0.014,34.726
2026-09-08T06:30:14.495700+00:00,c12_sim,54,6.293,28.732,0.000,0.000,0.013,35.037
2026-09-08T06:30:14.719222+00:00,c12_sim,55,7.488,34.365,0.000,0.000,0.608,42.461
2026-09-08T06:30:14.921441+00:00,c12_sim,56,6.357,36.634,0.000,0.000,0.038,43.029
2026-09-08T06:30:15.112532+00:00,c12_sim,57,6.483,35.656,0.000,0.000,0.012,42.151
2026-09-08T06:30:15.308825+00:00,c12_sim,58,6.521,31.953,0.000,0.000,0.007,38.480
2026-09-08T06:30:15.529375+00:00,c12_sim,59,6.586,35.531,0.000,0.000,0.017,42.134
2026-09-08T06:30:15.738480+00:00,c12_sim,60,7.050,37.932,0.000,0.000,0.022,45.004
2026-09-08T06:30:15.909043+00:00,c12_sim,61,6.639,34.236,0.000,0.000,0.015,40.890
2026-09-08T06:30:16.137528+00:00,c10_sim,154,6.620,35.198,1.131,0.000,0.023,42.973
2026-09-08T06:30:16.341897+00:00,c10_sim,155,7.728,35.292,0.873,0.006,0.268,44.166
2026-09-08T06:30:16.511253+00:00,c10_sim,156,6.723,32.943,0.650,0.005,0.016,40.336
2026-09-08T06:30:16.744047+00:00,c10_sim,157,6.951,33.285,0.536,0.003,0.287,41.062
2026-09-08T06:30:16.937244+00:00,c10_sim,158,6.910,34.595,0.468,0.003,0.011,41.987
2026-09-08T06:30:17.134762+00:00,c10_sim,159,7.147,34.982,0.786,0.006,0.027,42.948
2026-09-08T06:30:17.333875+00:00,c10_sim,160,6.836,31.054,0.620,0.004,0.016,38.530
2026-09-08T06:30:17.529481+00:00,c10_sim,161,6.966,36.761,0.893,0.006,0.312,44.939
2026-09-08T06:30:17.724316+00:00,c10_sim,162,7.165,33.200,0.896,0.008,0.330,41.600
2026-09-08T06:30:17.920048+00:00,c10_sim,163,5.945,26.365,0.603,0.005,0.026,32.945
2026-09-08T06:30:18.165511+00:00,c10_sim,164,6.578,69.486,0.496,0.002,0.010,76.573
2026-09-08T06:30:18.356896+00:00,c10_sim,165,16.022,53.799,0.545,0.009,0.069,70.444
2026-09-08T06:30:18.515455+00:00,c10_sim,166,7.537,34.527,0.362,0.002,0.009,42.437
2026-09-08T06:30:18.729859+00:00,c10_sim,167,6.706,26.921,0.306,0.002,0.008,33.944
2026-09-08T06:30:18.940138+00:00,c10_sim,168,6.431,37.789,0.969,0.008,0.029,45.225
2026-09-08T06:30:19.135878+00:00,c10_sim,169,7.054,51.411,0.819,0.006,0.022,59.312
2026-09-08T06:30:19.434175+00:00,c10_sim,170,9.295,47.417,0.742,90.094,0.017,147.566
2026-09-08T06:30:19.499869+00:00,c10_sim,171,3.686,13.015,0.000,0.000,0.008,16.708
2026-09-08T06:30:19.787665+00:00,c10_sim,172,6.872,40.501,0.682,50.414,0.020,98.491
2026-09-08T06:30:19.964979+00:00,c10_sim,173,6.228,22.022,0.867,33.791,0.022,62.930
2026-09-08T06:30:20.150402+00:00,c10_sim,174,6.823,20.705,0.819,33.652,0.021,62.020
2026-09-08T06:30:20.370389+00:00,c10_sim,175,6.153,28.821,0.585,39.087,0.016,74.662
2026-09-08T06:30:20.583124+00:00,c10_sim,176,6.520,29.176,0.878,50.570,0.028,87.172
2026-09-08T06:30:20.725031+00:00,c11_sim,653,6.898,27.817,0.601,0.000,0.019,35.335
2026-09-08T06:30:20.944401+00:00,c11_sim,654,11.816,24.354,0.825,0.006,0.331,37.332
2026-09-08T06:30:21.140464+00:00,c11_sim,655,6.894,38.827,0.591,0.005,0.265,46.582
2026-09-08T06:30:21.340771+00:00,c11_sim,656,6.649,41.455,0.473,0.003,0.278,48.858
2026-09-08T06:30:21.542029+00:00,c11_sim,657,5.885,27.083,0.571,0.005,0.357,33.901
2026-09-08T06:30:21.737155+00:00,c11_sim,658,6.388,37.498,0.000,0.000,0.096,43.982
2026-09-08T06:30:21.938782+00:00,c11_sim,659,7.523,37.374,0.687,0.005,0.234,45.824
2026-09-08T06:30:22.156153+00:00,c11_sim,660,7.168,36.975,0.491,0.003,0.011,44.648
2026-09-08T06:30:22.333289+00:00,c11_sim,661,7.263,35.647,0.517,0.004,0.013,43.444
2026-09-08T06:30:22.529109+00:00,c11_sim,662,6.843,35.494,0.417,0.003,0.252,43.009
2026-09-08T06:30:22.785319+00:00,c11_sim,663,7.321,34.126,0.409,55.775,0.178,97.809
2026-09-08T06:30:22.946763+00:00,c11_sim,664,6.655,24.371,0.533,29.905,0.103,61.566
2026-09-08T06:30:23.161555+00:00,c11_sim,665,7.247,21.562,0.794,32.902,0.024,62.528
2026-09-08T06:30:23.369250+00:00,c11_sim,666,7.042,20.670,0.674,34.815,0.012,63.214
2026-09-08T06:30:23.573800+00:00,c11_sim,667,7.374,24.615,1.032,39.201,0.013,72.235
2026-09-08T06:30:23.778094+00:00,c11_sim,668,6.796,22.676,0.778,40.349,0.023,70.622
2026-09-08T06:30:23.978963+00:00,c11_sim,669,6.976,23.035,0.878,42.760,0.021,73.670
2026-09-08T06:30:24.167793+00:00,c11_sim,670,6.528,27.280,0.945,42.113,0.021,76.887
2026-09-08T06:30:24.379987+00:00,c11_sim,671,6.552,27.051,0.983,48.277,0.025,82.888
2026-09-08T06:30:24.585462+00:00,c11_sim,672,6.665,23.727,1.020,43.415,0.025,74.852
2026-09-08T06:30:24.772303+00:00,c11_sim,673,8.582,27.415,0.607,41.130,0.024,77.758
2026-09-08T06:30:24.980054+00:00,c11_sim,674,7.004,25.170,0.800,47.338,0.024,80.336
2026-09-08T06:30:25.174435+00:00,c11_sim,675,6.976,24.634,0.761,39.435,0.023,71.829
2026-09-08T06:30:25.331390+00:00,c11_sim,676,6.597,22.612,0.000,0.000,0.010,29.219
2026-09-08T06:30:25.571652+00:00,c11_sim,677,6.858,28.451,0.722,44.733,0.024,80.789
2026-09-08T06:30:25.772234+00:00,c11_sim,678,7.239,24.501,0.558,48.933,0.034,81.265
2026-09-08T06:30:25.989030+00:00,c11_sim,679,6.288,27.782,1.016,56.431,0.029,91.546
2026-09-08T06:30:26.185523+00:00,c11_sim,680,6.961,27.434,0.956,52.374,0.041,87.766
2026-09-08T06:30:26.388830+00:00,c11_sim,681,6.879,24.268,0.744,46.669,0.022,78.583
2026-09-08T06:30:26.556263+00:00,c11_sim,682,7.032,22.113,0.592,41.144,0.039,70.921
2026-09-08T06:30:26.722744+00:00,c11_sim,683,6.531,25.701,0.000,0.000,0.023,32.255
2026-09-08T06:30:27.003452+00:00,c11_sim,684,6.850,29.868,0.819,63.822,0.042,101.401
2026-09-08T06:30:27.195962+00:00,c11_sim,685,7.209,27.740,0.926,56.188,0.040,92.104
2026-09-08T06:30:27.361252+00:00,c11_sim,686,6.603,24.856,0.461,43.856,0.049,75.825
2026-09-08T06:30:27.574572+00:00,c11_sim,687,6.766,23.871,0.913,38.442,0.032,70.024
2026-09-08T06:30:27.773980+00:00,c11_sim,688,6.866,22.856,0.897,36.244,0.035,66.897
2026-09-08T06:30:27.965565+00:00,c11_sim,689,6.582,23.532,0.696,36.194,0.032,67.036
2026-09-08T06:30:28.163111+00:00,c11_sim,690,5.809,18.529,0.516,36.814,0.032,61.700
2026-09-08T06:30:28.357926+00:00,c11_sim,691,6.200,22.646,0.591,39.525,0.037,68.998
2026-09-08T06:30:28.524846+00:00,c11_sim,692,6.207,22.958,0.000,0.000,0.024,29.189
2026-09-08T06:30:28.778905+00:00,c11_sim,693,6.910,25.634,0.558,56.343,0.041,89.486
2026-09-08T06:30:28.971893+00:00,c11_sim,694,6.680,27.931,0.552,48.574,0.046,83.783
2026-09-08T06:30:29.135781+00:00,c11_sim,695,6.690,28.865,0.000,0.000,0.022,35.576
2026-09-08T06:30:29.319695+00:00,c11_sim,696,7.526,28.573,0.000,0.000,0.010,36.109
2026-09-08T06:30:29.536676+00:00,c11_sim,697,6.718,38.114,0.000,0.000,0.022,44.854
2026-09-08T06:30:29.738550+00:00,c11_sim,698,6.816,35.336,0.000,0.000,0.029,42.181
2026-09-08T06:30:30.005403+00:00,c11_sim,699,7.093,26.904,0.864,55.035,0.041,89.937
2026-09-08T06:30:30.135369+00:00,c11_sim,700,6.802,27.512,0.000,0.000,0.026,34.340
2026-09-08T06:30:30.336979+00:00,c11_sim,701,6.665,25.303,0.000,0.000,0.015,31.983
2026-09-08T06:30:30.549161+00:00,c11_sim,702,6.789,40.057,0.000,0.000,0.023,46.869
2026-09-08T06:30:30.750719+00:00,c11_sim,703,6.938,38.965,0.000,0.000,0.026,45.929
2026-09-08T06:30:30.937258+00:00,c11_sim,704,6.809,38.126,0.000,0.000,0.031,44.966
2026-09-08T06:30:31.145312+00:00,c11_sim,705,6.938,35.113,0.000,0.000,0.028,42.080
2026-09-08T06:30:31.343327+00:00,c11_sim,706,6.961,33.623,0.000,0.000,0.010,40.593
2026-09-08T06:30:31.536778+00:00,c11_sim,707,7.019,39.371,0.000,0.000,0.016,46.406
2026-09-08T06:30:31.734942+00:00,c11_sim,708,7.227,36.129,0.000,0.000,0.016,43.373
2026-09-08T06:30:31.958273+00:00,c11_sim,709,7.192,36.991,0.000,0.000,0.024,44.207
2026-09-08T06:30:32.154880+00:00,c11_sim,710,6.765,36.824,0.000,0.000,0.029,43.617
2026-09-08T06:30:32.350051+00:00,c11_sim,711,6.984,41.267,0.000,0.000,0.019,48.271
2026-09-08T06:30:32.549455+00:00,c11_sim,712,6.509,42.589,0.000,0.000,0.021,49.119
2026-09-08T06:30:32.747739+00:00,c11_sim,713,6.881,36.766,0.000,0.000,0.017,43.664
2026-09-08T06:30:32.951197+00:00,c11_sim,714,7.528,36.958,0.000,0.000,0.607,45.093
2026-09-08T06:30:33.124328+00:00,c11_sim,715,6.756,36.809,0.000,0.000,0.019,43.584
2026-09-08T06:30:33.332091+00:00,c11_sim,716,6.565,37.890,0.000,0.000,0.012,44.467
2026-09-08T06:30:33.532883+00:00,c11_sim,717,6.365,36.654,0.000,0.000,0.005,43.024
2026-09-08T06:30:33.727881+00:00,c11_sim,718,6.524,34.699,0.000,0.000,0.004,41.227
2026-09-08T06:30:33.962448+00:00,c9_sim,344,5.968,39.484,0.000,0.000,0.037,45.490
2026-09-08T06:30:34.154786+00:00,c9_sim,345,8.563,35.136,0.000,0.000,0.015,43.714
2026-09-08T06:30:34.347738+00:00,c9_sim,346,5.522,38.709,0.000,0.000,0.011,44.242
2026-09-08T06:30:34.533349+00:00,c9_sim,347,4.943,29.437,0.000,0.000,0.012,34.392
2026-09-08T06:30:34.752719+00:00,c9_sim,348,6.051,36.316,0.000,0.000,0.015,42.382
2026-09-08T06:30:34.950980+00:00,c9_sim,349,5.828,32.318,0.000,0.000,0.011,38.157
2026-09-08T06:30:35.142193+00:00,c9_sim,350,5.879,37.953,0.000,0.000,0.031,43.863
2026-09-08T06:30:35.362183+00:00,c9_sim,351,5.460,38.596,0.000,0.000,0.022,44.078
2026-09-08T06:30:35.538674+00:00,c9_sim,352,5.396,37.346,0.000,0.000,0.015,42.757
2026-09-08T06:30:35.751893+00:00,c9_sim,353,5.924,37.514,0.000,0.000,0.023,43.460
2026-09-08T06:30:35.966684+00:00,c9_sim,354,6.189,38.437,0.000,0.000,0.012,44.639
2026-09-08T06:30:36.155412+00:00,c9_sim,355,5.363,36.853,0.000,0.000,0.731,42.946
2026-09-08T06:30:36.350150+00:00,c9_sim,356,5.776,42.397,0.000,0.000,0.082,48.255
2026-09-08T06:30:36.569115+00:00,c9_sim,357,5.447,39.435,0.000,0.000,0.011,44.894
2026-09-08T06:30:36.752295+00:00,c9_sim,358,6.074,29.197,0.000,0.000,0.005,35.276
2026-09-08T06:30:36.943427+00:00,c9_sim,359,5.823,33.953,0.000,0.000,0.008,39.784
2026-09-08T06:30:37.142713+00:00,c9_sim,360,5.912,33.180,0.000,0.000,0.005,39.097
2026-09-08T06:30:37.347946+00:00,c9_sim,361,5.934,39.157,0.000,0.000,0.014,45.105
2026-09-08T06:30:37.540099+00:00,c9_sim,362,5.974,39.102,0.000,0.000,0.012,45.089
2026-09-08T06:30:37.766056+00:00,c9_sim,363,5.613,37.560,0.000,0.000,0.022,43.195
2026-09-08T06:30:37.965912+00:00,c9_sim,364,5.877,37.540,0.000,0.000,0.021,43.438
2026-09-08T06:30:38.163348+00:00,c9_sim,365,5.401,37.798,0.000,0.000,0.012,43.212
2026-09-08T06:30:38.336924+00:00,c9_sim,366,6.620,38.264,0.000,0.000,0.007,44.891
2026-09-08T06:30:38.558063+00:00,c9_sim,367,5.565,34.928,0.000,0.000,0.011,40.505
2026-09-08T06:30:38.756944+00:00,c9_sim,368,5.943,37.328,0.777,0.000,0.011,44.059
2026-09-08T06:30:38.956477+00:00,c9_sim,369,5.782,35.871,0.000,0.000,0.007,41.660
2026-09-08T06:30:39.167164+00:00,c9_sim,370,6.041,38.204,0.000,0.000,0.009,44.255
2026-09-08T06:30:39.347536+00:00,c9_sim,371,5.869,38.917,0.000,0.000,0.012,44.797
2026-09-08T06:30:39.550085+00:00,c9_sim,372,6.400,42.940,0.000,0.000,0.008,49.347
2026-09-08T06:30:39.748884+00:00,c9_sim,373,6.002,39.320,0.000,0.000,0.009,45.331
2026-09-08T06:30:39.947984+00:00,c9_sim,374,5.552,37.876,0.000,0.000,0.008,43.436
2026-09-08T06:30:40.166173+00:00,c9_sim,375,5.592,38.208,0.000,0.000,0.006,43.805
2026-09-08T06:30:40.433334+00:00,c9_sim,376,5.727,40.142,1.197,61.219,0.088,108.373
2026-09-08T06:30:40.581082+00:00,c9_sim,377,6.131,24.313,1.083,30.412,0.050,61.990
2026-09-08T06:30:40.745408+00:00,c9_sim,378,6.142,24.294,0.000,0.000,0.025,30.461
2026-09-08T06:30:40.953959+00:00,c9_sim,379,6.076,24.924,0.000,0.000,0.023,31.023
2026-09-08T06:30:41.202823+00:00,c9_sim,380,5.670,26.588,1.065,61.189,0.030,94.542
2026-09-08T06:30:41.418977+00:00,c9_sim,381,5.969,28.485,1.149,63.061,0.097,98.761
2026-09-08T06:30:41.612001+00:00,c9_sim,382,5.991,27.426,0.756,54.398,0.025,88.596
2026-09-08T06:30:41.799534+00:00,c9_sim,383,6.025,26.419,0.831,44.787,0.027,78.089
2026-09-08T06:30:41.974168+00:00,c9_sim,384,5.845,24.955,0.743,39.923,0.022,71.488
2026-09-08T06:30:42.194596+00:00,c9_sim,385,5.934,22.884,0.594,37.798,0.016,67.226
2026-09-08T06:30:42.372009+00:00,c9_sim,386,5.956,24.278,0.479,35.459,0.014,66.185
2026-09-08T06:30:42.568157+00:00,c9_sim,387,6.000,25.691,0.491,37.392,0.012,69.587
2026-09-08T06:30:42.799539+00:00,c9_sim,388,5.874,26.833,0.881,45.339,0.023,78.950
2026-09-08T06:30:42.977654+00:00,c9_sim,389,6.620,26.855,0.431,46.765,0.027,80.699
2026-09-08T06:30:43.170585+00:00,c9_sim,390,5.869,24.710,0.461,42.506,0.024,73.570
2026-09-08T06:30:43.380021+00:00,c9_sim,391,6.143,27.101,0.428,43.468,0.024,77.163
2026-09-08T06:30:43.579663+00:00,c9_sim,392,5.501,25.835,0.860,42.322,0.024,74.542
2026-09-08T06:30:43.771318+00:00,c9_sim,393,6.040,23.524,0.864,37.616,0.077,68.122
2026-09-08T06:30:43.969940+00:00,c9_sim,394,5.870,26.853,0.669,37.096,0.031,70.519
2026-09-08T06:30:44.184563+00:00,c9_sim,395,6.169,25.516,0.741,41.387,0.033,73.846
2026-09-08T06:30:44.377724+00:00,c9_sim,396,5.511,24.708,0.511,41.549,0.031,72.310
2026-09-08T06:30:44.590081+00:00,c9_sim,397,6.136,24.570,0.741,39.012,0.027,70.486
2026-09-08T06:30:44.775062+00:00,c9_sim,398,5.838,21.687,0.747,35.815,0.076,64.163
2026-09-08T06:30:44.978352+00:00,c9_sim,399,5.827,24.467,0.584,37.205,0.019,68.102
2026-09-08T06:30:45.180542+00:00,c9_sim,400,5.861,23.095,0.666,37.968,0.031,67.620
2026-09-08T06:30:45.391159+00:00,c9_sim,401,5.601,25.258,0.822,39.977,0.115,71.773
2026-09-08T06:30:45.581291+00:00,c9_sim,402,5.621,23.498,0.897,37.973,0.032,68.020
2026-09-08T06:30:45.771686+00:00,c9_sim,403,5.895,21.984,0.768,38.035,0.031,66.713
2026-09-08T06:30:45.963881+00:00,c9_sim,404,5.821,22.471,0.669,40.521,0.031,69.513
2026-09-08T06:30:46.189746+00:00,c9_sim,405,5.683,25.419,0.920,42.921,0.035,74.978
2026-09-08T06:30:46.404425+00:00,c9_sim,406,5.577,24.409,0.831,45.180,0.045,76.042
2026-09-08T06:30:46.581047+00:00,c9_sim,407,5.859,24.730,0.649,46.910,0.035,78.182
2026-09-08T06:30:46.783920+00:00,c9_sim,408,5.493,26.066,0.726,45.770,0.035,78.091
2026-09-08T06:30:47.000620+00:00,c9_sim,409,5.744,25.132,0.717,46.393,0.035,78.021
2026-09-08T06:30:47.208049+00:00,c9_sim,410,5.504,27.263,0.666,49.045,0.040,82.517
2026-09-08T06:30:47.372674+00:00,c9_sim,411,5.709,24.178,0.787,38.107,0.022,68.802
2026-09-08T06:30:47.528537+00:00,c9_sim,412,5.949,22.516,0.000,0.000,0.020,28.485
2026-09-08T06:30:47.746011+00:00,c9_sim,413,5.937,22.378,0.000,0.000,0.027,28.342
2026-09-08T06:30:47.951096+00:00,c8_sim,189,7.259,27.609,0.000,0.000,0.019,34.888
2026-09-08T06:30:48.169456+00:00,c8_sim,190,14.431,37.418,0.000,0.000,0.005,51.854
2026-09-08T06:30:48.370006+00:00,c8_sim,191,7.025,31.094,0.000,0.000,0.011,38.130
2026-09-08T06:30:48.561110+00:00,c8_sim,192,9.201,28.764,0.000,0.000,0.004,37.969
2026-09-08T06:30:48.762736+00:00,c8_sim,193,7.461,38.247,0.000,0.000,0.012,45.721
2026-09-08T06:30:48.955792+00:00,c8_sim,194,7.389,35.757,0.000,0.000,0.014,43.160
2026-09-08T06:30:49.159834+00:00,c8_sim,195,7.722,36.958,0.000,0.000,0.006,44.687
2026-09-08T06:30:49.374937+00:00,c8_sim,196,7.408,36.765,0.000,0.000,0.016,44.188
2026-09-08T06:30:49.561584+00:00,c8_sim,197,7.036,39.856,0.000,0.000,0.004,46.896
2026-09-08T06:30:49.762514+00:00,c8_sim,198,6.927,36.299,0.000,0.000,0.017,43.243
2026-09-08T06:30:49.960682+00:00,c8_sim,199,8.027,35.025,0.000,0.000,0.010,43.062
2026-09-08T06:30:50.165650+00:00,c8_sim,200,7.762,38.912,0.000,0.000,0.004,46.678
2026-09-08T06:30:50.367877+00:00,c8_sim,201,7.089,39.526,0.000,0.000,0.010,46.625
2026-09-08T06:30:50.553343+00:00,c8_sim,202,7.055,36.342,0.655,0.000,0.007,44.058
2026-09-08T06:30:50.759546+00:00,c8_sim,203,7.138,37.226,1.032,0.008,0.293,45.697
2026-09-08T06:30:50.958968+00:00,c8_sim,204,7.093,36.237,0.939,0.008,0.221,44.497
2026-09-08T06:30:51.162869+00:00,c8_sim,205,7.484,23.682,0.914,0.007,0.024,32.111
2026-09-08T06:30:51.349270+00:00,c8_sim,206,6.932,27.084,0.955,0.007,0.024,35.002
2026-09-08T06:30:51.556278+00:00,c8_sim,207,6.955,38.218,0.904,0.005,0.017,46.099
2026-09-08T06:30:51.769304+00:00,c8_sim,208,8.093,38.653,0.938,0.007,0.026,47.716
2026-09-08T06:30:51.971627+00:00,c8_sim,209,7.497,29.020,0.707,0.006,0.021,37.250
2026-09-08T06:30:52.168377+00:00,c8_sim,210,7.668,29.988,0.733,0.006,0.021,38.417
2026-09-08T06:30:52.386450+00:00,c8_sim,211,7.890,38.852,1.000,0.007,0.025,47.775
2026-09-08T06:30:52.585380+00:00,c8_sim,212,7.164,39.549,0.923,0.011,0.034,47.681
2026-09-08T06:30:52.818958+00:00,c8_sim,213,7.023,35.679,0.956,54.026,0.023,97.707
2026-09-08T06:30:52.946701+00:00,c8_sim,214,7.110,19.749,0.000,0.000,0.018,26.878
2026-09-08T06:30:53.184517+00:00,c8_sim,215,7.678,23.655,1.081,36.721,0.016,69.151
2026-09-08T06:30:53.349085+00:00,c8_sim,216,7.628,22.757,0.897,0.007,0.024,31.313
2026-09-08T06:30:53.552471+00:00,c8_sim,217,6.953,24.798,0.000,0.000,0.011,31.762
2026-09-08T06:30:53.816659+00:00,c8_sim,218,7.193,37.080,0.979,58.076,0.023,103.352
2026-09-08T06:30:53.981988+00:00,c8_sim,219,7.395,20.654,0.754,31.865,0.018,60.686
2026-09-08T06:30:54.195953+00:00,c8_sim,220,7.417,18.795,0.820,31.758,0.020,58.811
2026-09-08T06:30:54.392638+00:00,c8_sim,221,7.333,21.834,0.532,32.868,0.014,62.582
2026-09-08T06:30:54.596241+00:00,c8_sim,222,7.379,25.370,0.851,38.085,0.021,71.707
2026-09-08T06:30:54.791717+00:00,c8_sim,223,7.525,23.221,0.849,42.809,0.020,74.424
2026-09-08T06:30:54.990368+00:00,c8_sim,224,7.036,24.515,0.797,39.693,0.024,72.065
2026-09-08T06:30:55.204248+00:00,c8_sim,225,7.330,23.635,0.881,37.375,0.021,69.242
2026-09-08T06:30:55.392513+00:00,c8_sim,226,7.395,20.945,0.851,39.569,0.021,68.780
2026-09-08T06:30:55.541172+00:00,c8_sim,227,7.246,23.339,0.000,0.000,0.017,30.603
2026-09-08T06:30:55.808621+00:00,c8_sim,228,6.654,24.050,0.899,58.165,0.031,89.799
2026-09-08T06:30:55.958133+00:00,c8_sim,229,7.792,23.647,0.000,0.000,0.014,31.452
2026-09-08T06:30:56.155567+00:00,c8_sim,230,7.131,27.895,0.000,0.000,0.026,35.053
2026-09-08T06:30:56.369826+00:00,c8_sim,231,7.524,38.808,0.000,0.000,0.025,46.357
2026-09-08T06:30:56.564404+00:00,c8_sim,232,7.269,36.262,0.000,0.000,0.016,43.547
2026-09-08T06:30:56.756310+00:00,c8_sim,233,8.969,30.887,0.000,0.000,0.012,39.868
2026-09-08T06:30:56.965125+00:00,c8_sim,234,7.018,38.182,0.000,0.000,0.010,45.209
2026-09-08T06:30:57.160041+00:00,c8_sim,235,7.151,37.834,0.000,0.000,0.007,44.991
2026-09-08T06:30:57.352509+00:00,c8_sim,236,7.555,33.252,0.000,0.000,0.007,40.814
2026-09-08T06:30:57.561543+00:00,c8_sim,237,7.449,38.473,0.000,0.000,0.020,45.943
2026-09-08T06:30:57.757952+00:00,c8_sim,238,7.402,36.960,0.000,0.000,0.020,44.383
2026-09-08T06:30:57.962214+00:00,c8_sim,239,7.061,37.232,0.000,0.000,0.024,44.317
2026-09-08T06:30:58.182623+00:00,c8_sim,240,7.570,38.108,0.000,0.000,0.026,45.703
2026-09-08T06:30:58.369867+00:00,c8_sim,241,7.382,30.935,0.000,0.000,0.024,38.342
2026-09-08T06:30:58.557942+00:00,c8_sim,242,6.892,28.079,0.000,0.000,0.024,34.995
2026-09-08T06:30:58.782632+00:00,c8_sim,243,7.333,43.438,0.000,0.000,0.741,51.511
2026-09-08T06:30:58.982993+00:00,c8_sim,244,7.436,42.256,0.000,0.000,0.049,49.741
2026-09-08T06:30:59.170766+00:00,c8_sim,245,7.105,30.377,0.000,0.000,0.009,37.491
2026-09-08T06:30:59.347429+00:00,c8_sim,246,8.153,23.602,0.000,0.000,0.007,31.762
2026-09-08T06:30:59.571527+00:00,c10_sim,177,6.979,35.383,0.000,0.000,0.012,42.374
2026-09-08T06:30:59.756444+00:00,c10_sim,178,7.077,34.631,0.000,0.000,0.007,41.715
2026-09-08T06:30:59.964086+00:00,c10_sim,179,6.790,27.907,0.000,0.000,0.009,34.705
2026-09-08T06:31:00.187817+00:00,c10_sim,180,7.867,37.803,0.000,0.000,0.023,45.694
2026-09-08T06:31:00.359460+00:00,c10_sim,181,6.344,36.370,0.000,0.000,0.009,42.723
2026-09-08T06:31:00.568820+00:00,c10_sim,182,7.340,36.622,0.000,0.000,0.005,43.968
2026-09-08T06:31:00.796655+00:00,c10_sim,183,7.174,41.029,0.000,0.000,0.022,48.225
2026-09-08T06:31:00.971823+00:00,c10_sim,184,7.186,36.166,0.000,0.000,0.007,43.359
2026-09-08T06:31:01.172341+00:00,c10_sim,185,6.945,38.088,0.817,0.000,0.019,45.869
2026-09-08T06:31:01.368404+00:00,c10_sim,186,7.376,36.302,0.817,0.000,0.007,44.503
2026-09-08T06:31:01.570838+00:00,c10_sim,187,6.616,38.337,0.659,0.006,0.185,45.803
2026-09-08T06:31:01.779030+00:00,c10_sim,188,6.870,38.133,0.491,0.004,0.264,45.763
2026-09-08T06:31:01.972880+00:00,c10_sim,189,7.150,40.025,0.942,0.007,0.312,48.438
2026-09-08T06:31:02.184976+00:00,c10_sim,190,6.279,41.235,0.921,0.007,0.025,48.466
2026-09-08T06:31:02.385345+00:00,c10_sim,191,6.864,43.568,1.144,0.008,0.505,52.090
2026-09-08T06:31:02.581331+00:00,c10_sim,192,6.732,33.676,0.623,0.004,0.026,41.062
2026-09-08T06:31:02.785636+00:00,c10_sim,193,6.859,40.662,0.918,0.008,0.026,48.473
2026-09-08T06:31:02.986064+00:00,c10_sim,194,6.312,38.587,1.037,0.006,0.019,45.960
2026-09-08T06:31:03.186541+00:00,c10_sim,195,6.734,38.572,1.261,0.006,0.025,46.598
2026-09-08T06:31:03.372037+00:00,c10_sim,196,6.656,34.748,0.479,0.004,0.013,41.901
2026-09-08T06:31:03.631898+00:00,c10_sim,197,6.247,25.775,0.853,58.817,0.027,91.719
2026-09-08T06:31:03.832861+00:00,c10_sim,198,6.710,27.801,1.047,50.469,0.023,86.051
2026-09-08T06:31:04.026965+00:00,c10_sim,199,6.244,24.408,0.762,43.148,0.022,74.585
2026-09-08T06:31:04.211029+00:00,c10_sim,200,6.587,23.994,0.743,40.259,0.021,71.603
2026-09-08T06:31:04.397640+00:00,c10_sim,201,6.734,23.685,0.600,39.131,0.017,70.166
2026-09-08T06:31:04.594064+00:00,c10_sim,202,6.783,22.175,0.547,37.698,0.020,67.223
2026-09-08T06:31:04.800631+00:00,c10_sim,203,6.327,22.593,0.834,41.677,0.024,71.455
2026-09-08T06:31:05.010802+00:00,c10_sim,204,6.242,23.199,0.995,48.402,0.026,78.865
2026-09-08T06:31:05.218407+00:00,c10_sim,205,6.819,23.235,0.847,46.017,0.025,76.942
2026-09-08T06:31:05.403672+00:00,c10_sim,206,6.784,24.714,0.696,45.397,0.024,77.615
2026-09-08T06:31:05.608259+00:00,c10_sim,207,6.824,25.720,1.179,46.006,0.023,79.752
2026-09-08T06:31:05.789430+00:00,c10_sim,208,6.407,23.440,0.434,41.663,0.026,71.970
2026-09-08T06:31:06.013248+00:00,c10_sim,209,6.770,22.823,0.811,43.186,0.025,73.616
2026-09-08T06:31:06.206754+00:00,c10_sim,210,6.700,22.456,0.964,40.166,0.022,70.308
2026-09-08T06:31:06.405250+00:00,c10_sim,211,6.339,22.672,0.957,38.153,0.022,68.143
2026-09-08T06:31:06.558772+00:00,c10_sim,212,6.300,23.590,0.000,0.000,0.011,29.901
2026-09-08T06:31:06.826387+00:00,c10_sim,213,6.618,26.596,1.025,58.716,0.025,92.980
2026-09-08T06:31:06.958502+00:00,c10_sim,214,7.024,25.406,0.000,0.000,0.009,32.439
2026-09-08T06:31:07.169131+00:00,c10_sim,215,6.407,26.707,0.000,0.000,0.021,33.135
2026-09-08T06:31:07.375261+00:00,c10_sim,216,6.613,34.298,0.000,0.000,0.008,40.919
2026-09-08T06:31:07.568043+00:00,c10_sim,217,6.718,36.761,0.000,0.000,0.005,43.485
2026-09-08T06:31:07.759874+00:00,c10_sim,218,6.345,36.207,0.000,0.000,0.007,42.560
2026-09-08T06:31:07.986497+00:00,c10_sim,219,7.844,40.347,0.000,0.000,0.017,48.208
2026-09-08T06:31:08.195146+00:00,c10_sim,220,6.340,38.371,0.000,0.000,0.007,44.717
2026-09-08T06:31:08.368955+00:00,c10_sim,221,6.550,32.956,0.000,0.000,0.005,39.511
2026-09-08T06:31:08.555745+00:00,c10_sim,222,6.347,26.261,0.000,0.000,0.004,32.613
2026-09-08T06:31:08.788130+00:00,c10_sim,223,6.756,37.712,0.000,0.000,0.010,44.477
2026-09-08T06:31:08.973919+00:00,c10_sim,224,6.954,35.996,0.000,0.000,0.021,42.971
2026-09-08T06:31:09.163914+00:00,c10_sim,225,6.475,35.510,0.000,0.000,0.009,41.995
2026-09-08T06:31:09.360548+00:00,c10_sim,226,6.457,35.975,0.000,0.000,0.006,42.438
2026-09-08T06:31:09.585074+00:00,c11_sim,719,6.893,37.241,0.805,0.000,0.011,44.949
2026-09-08T06:31:09.834041+00:00,c11_sim,720,7.615,39.463,0.818,51.922,0.131,99.949
2026-09-08T06:31:09.997487+00:00,c11_sim,721,6.947,20.428,0.768,33.270,0.013,61.426
2026-09-08T06:31:10.214676+00:00,c11_sim,722,7.352,21.208,0.709,34.514,0.009,63.792
2026-09-08T06:31:10.392430+00:00,c11_sim,723,6.944,23.140,0.624,34.445,0.009,65.162
2026-09-08T06:31:10.620644+00:00,c11_sim,724,6.507,23.702,0.865,37.676,0.123,68.874
2026-09-08T06:31:10.797459+00:00,c11_sim,725,7.557,24.185,0.608,40.404,0.027,72.781
2026-09-08T06:31:11.012342+00:00,c11_sim,726,6.645,27.472,0.581,46.659,0.025,81.382
2026-09-08T06:31:11.177268+00:00,c11_sim,727,6.283,25.874,0.000,0.000,0.024,32.181
2026-09-08T06:31:11.456877+00:00,c11_sim,728,6.446,28.319,0.480,65.289,0.031,100.565
2026-09-08T06:31:11.644033+00:00,c11_sim,729,7.180,26.424,0.733,52.357,0.172,86.867
2026-09-08T06:31:11.818778+00:00,c11_sim,730,6.644,25.602,0.782,44.238,0.158,77.425
2026-09-08T06:31:12.002714+00:00,c11_sim,731,6.458,21.520,0.870,40.411,0.021,69.280
2026-09-08T06:31:12.211708+00:00,c11_sim,732,6.660,25.856,0.858,43.027,0.022,76.423
2026-09-08T06:31:12.411695+00:00,c11_sim,733,6.421,23.077,0.793,42.327,0.021,72.639
2026-09-08T06:31:12.614810+00:00,c11_sim,734,6.609,22.636,0.771,42.018,0.021,72.055
2026-09-08T06:31:12.841153+00:00,c11_sim,735,10.232,30.963,0.837,43.062,0.026,85.120
2026-09-08T06:31:13.004568+00:00,c11_sim,736,6.933,24.118,0.780,40.166,0.023,72.019
2026-09-08T06:31:13.223074+00:00,c11_sim,737,7.311,26.210,0.915,41.399,0.038,75.873
2026-09-08T06:31:13.419865+00:00,c11_sim,738,7.890,26.909,0.765,40.793,0.035,76.392
2026-09-08T06:31:13.616261+00:00,c11_sim,739,6.900,24.511,0.609,41.774,0.036,73.830
2026-09-08T06:31:13.830765+00:00,c11_sim,740,7.027,28.535,1.069,47.555,0.040,84.225
2026-09-08T06:31:14.009849+00:00,c11_sim,741,6.891,24.243,1.022,47.678,0.044,79.878
2026-09-08T06:31:14.217862+00:00,c11_sim,742,6.818,22.896,0.936,44.678,0.035,75.362
2026-09-08T06:31:14.400573+00:00,c11_sim,743,6.843,24.928,0.717,43.064,0.029,75.582
2026-09-08T06:31:14.607004+00:00,c11_sim,744,6.607,23.907,0.870,43.044,0.038,74.466
2026-09-08T06:31:14.833458+00:00,c11_sim,745,7.297,26.464,0.689,42.593,0.030,77.073
2026-09-08T06:31:15.017049+00:00,c11_sim,746,6.433,25.059,0.702,41.917,0.038,74.149
2026-09-08T06:31:15.225483+00:00,c11_sim,747,6.800,22.881,0.783,43.518,0.035,74.017
2026-09-08T06:31:15.420678+00:00,c11_sim,748,6.827,23.154,0.923,39.389,0.032,70.326
2026-09-08T06:31:15.600050+00:00,c11_sim,749,6.533,23.537,0.659,38.724,0.033,69.486
2026-09-08T06:31:15.824732+00:00,c11_sim,750,6.929,25.859,0.974,41.799,0.031,75.592
2026-09-08T06:31:16.021328+00:00,c11_sim,751,7.100,23.789,0.684,38.557,0.032,70.162
2026-09-08T06:31:16.197696+00:00,c11_sim,752,6.477,23.299,0.676,41.090,0.033,71.575
2026-09-08T06:31:16.364871+00:00,c11_sim,753,6.503,23.331,0.000,0.000,0.026,29.860
2026-09-08T06:31:16.643120+00:00,c11_sim,754,6.494,27.536,0.898,60.580,0.040,95.547
2026-09-08T06:31:16.801200+00:00,c11_sim,755,6.812,22.805,0.582,45.990,0.038,76.227
2026-09-08T06:31:16.957357+00:00,c11_sim,756,6.523,26.241,0.000,0.000,0.014,32.777
2026-09-08T06:31:17.243967+00:00,c11_sim,757,7.236,26.233,0.872,70.486,0.046,104.872
2026-09-08T06:31:17.444710+00:00,c11_sim,758,6.938,26.900,0.758,52.299,0.040,86.935
2026-09-08T06:31:17.570153+00:00,c11_sim,759,6.447,22.571,0.000,0.000,0.014,29.032
2026-09-08T06:31:17.827047+00:00,c11_sim,760,6.846,25.051,0.703,52.954,0.040,85.593
2026-09-08T06:31:18.027885+00:00,c11_sim,761,6.588,23.762,0.928,45.030,0.036,76.345
2026-09-08T06:31:18.198556+00:00,c11_sim,762,6.953,22.231,0.689,38.859,0.036,68.768
2026-09-08T06:31:18.381487+00:00,c11_sim,763,6.976,23.794,0.000,0.000,0.024,30.794
2026-09-08T06:31:18.566174+00:00,c11_sim,764,6.998,25.297,0.000,0.000,0.013,32.308
2026-09-08T06:31:18.775718+00:00,c11_sim,765,6.590,31.203,0.000,0.000,0.025,37.818
2026-09-08T06:31:18.973585+00:00,c11_sim,766,7.038,37.352,0.000,0.000,0.009,44.400
2026-09-08T06:31:19.232930+00:00,c11_sim,767,6.690,36.318,0.982,54.721,0.032,98.743
2026-09-08T06:31:19.357656+00:00,c11_sim,768,6.539,18.862,0.000,0.000,0.011,25.412
2026-09-08T06:31:19.571324+00:00,c11_sim,769,6.883,23.700,0.000,0.000,0.017,30.600
2026-09-08T06:31:19.779897+00:00,c11_sim,770,6.371,27.215,0.000,0.000,0.009,33.595
2026-09-08T06:31:19.986104+00:00,c11_sim,771,6.635,36.611,0.000,0.000,0.023,43.269
2026-09-08T06:31:20.234921+00:00,c11_sim,772,7.475,38.926,1.097,48.935,0.036,96.468
2026-09-08T06:31:20.391480+00:00,c11_sim,773,7.004,22.172,0.514,31.643,0.024,61.356
2026-09-08T06:31:20.581395+00:00,c11_sim,774,6.503,22.384,0.000,0.000,0.020,28.907
2026-09-08T06:31:20.760629+00:00,c11_sim,775,6.483,23.379,0.000,0.000,0.025,29.888
2026-09-08T06:31:20.965806+00:00,c11_sim,776,6.476,28.656,0.000,0.000,0.027,35.159
2026-09-08T06:31:21.191331+00:00,c11_sim,777,6.882,38.346,0.000,0.000,0.027,45.256
2026-09-08T06:31:21.390636+00:00,c11_sim,778,6.439,36.794,0.000,0.000,0.024,43.258
2026-09-08T06:31:21.584413+00:00,c11_sim,779,6.646,36.744,0.000,0.000,0.026,43.416
2026-09-08T06:31:21.775930+00:00,c11_sim,780,7.121,33.363,0.000,0.000,0.012,40.496
2026-09-08T06:31:21.969799+00:00,c11_sim,781,5.638,31.504,0.000,0.000,0.040,37.181
2026-09-08T06:31:22.014714+00:00,c11_sim,782,5.321,18.862,0.000,0.000,0.013,24.196
2026-09-08T06:31:22.060408+00:00,c11_sim,783,6.923,15.503,0.000,0.000,0.007,22.433
2026-09-08T06:31:22.106705+00:00,c11_sim,784,6.704,16.148,0.000,0.000,0.007,22.859
2026-09-08T06:31:22.152495+00:00,c11_sim,785,7.096,19.010,0.000,0.000,0.010,26.116
2026-09-08T06:31:22.170826+00:00,c11_sim,786,8.944,17.060,0.427,0.000,0.005,26.436
2026-09-08T06:31:22.295442+00:00,c11_sim,787,6.733,25.618,0.629,67.397,0.055,100.432
2026-09-08T06:31:22.311988+00:00,c11_sim,788,6.603,14.930,0.418,0.000,0.234,22.184
2026-09-08T06:31:22.324170+00:00,c11_sim,789,6.559,12.058,0.000,0.000,0.016,18.633
2026-09-08T06:31:22.337094+00:00,c11_sim,790,6.590,12.826,0.000,0.000,0.006,19.422
2026-09-08T06:31:22.381823+00:00,c11_sim,791,5.723,14.609,0.000,0.000,0.005,20.338
2026-09-08T06:31:22.471034+00:00,c11_sim,792,6.181,13.137,0.530,44.638,0.051,64.537
2026-09-08T06:31:22.484914+00:00,c11_sim,793,5.313,13.760,0.000,0.000,0.006,19.079
2026-09-08T06:31:22.534721+00:00,c11_sim,794,6.293,11.060,0.385,37.620,0.048,55.406
2026-09-08T06:31:22.579673+00:00,c11_sim,795,5.508,10.652,0.347,33.252,0.012,49.772
2026-09-08T06:31:22.589127+00:00,c11_sim,796,4.784,9.324,0.000,0.000,0.005,14.114
2026-09-08T06:31:22.629992+00:00,c11_sim,797,5.937,10.717,0.000,0.000,0.007,16.662
2026-09-08T06:31:22.671294+00:00,c11_sim,798,6.056,11.160,0.000,0.000,0.007,17.223
2026-09-08T06:31:22.713052+00:00,c11_sim,799,6.105,11.634,0.000,0.000,0.006,17.745
2026-09-08T06:31:22.754518+00:00,c11_sim,800,6.317,11.348,0.000,0.000,0.006,17.672
2026-09-08T06:31:22.795311+00:00,c11_sim,801,6.813,10.680,0.000,0.000,0.005,17.498
2026-09-08T06:31:22.873025+00:00,c11_sim,802,6.663,12.305,0.478,33.655,0.184,53.286
2026-09-08T06:31:22.914346+00:00,c11_sim,803,5.700,10.730,0.337,29.684,0.016,46.467
2026-09-08T06:31:22.952018+00:00,c11_sim,804,5.215,9.361,0.312,27.410,0.010,42.308
2026-09-08T06:31:22.961318+00:00,c11_sim,805,5.166,9.214,0.000,0.000,0.005,14.385
2026-09-08T06:31:23.030179+00:00,c11_sim,806,5.737,10.440,0.409,27.399,0.011,43.996
2026-09-08T06:31:23.066736+00:00,c11_sim,807,5.520,8.725,0.298,26.899,0.009,41.452
2026-09-08T06:31:23.102826+00:00,c11_sim,808,5.459,9.014,0.270,26.277,0.010,41.030
2026-09-08T06:31:23.138976+00:00,c11_sim,809,4.680,9.144,0.245,26.256,0.027,40.351
2026-09-08T06:31:23.206038+00:00,c11_sim,810,4.850,9.850,0.273,26.362,0.011,41.346
2026-09-08T06:31:23.243327+00:00,c11_sim,811,4.710,9.255,0.277,27.147,0.009,41.398
2026-09-08T06:31:23.279384+00:00,c11_sim,812,4.622,8.228,0.250,27.052,0.032,40.185
2026-09-08T06:31:23.315253+00:00,c11_sim,813,4.354,8.112,0.246,27.001,0.009,39.722
2026-09-08T06:31:23.351297+00:00,c11_sim,814,4.563,8.108,0.259,27.187,0.008,40.125
2026-09-08T06:31:23.411727+00:00,c11_sim,815,4.797,8.884,0.277,27.223,0.011,41.192
2026-09-08T06:31:23.448252+00:00,c11_sim,816,4.811,8.636,0.299,27.047,0.014,40.807
2026-09-08T06:31:23.484622+00:00,c11_sim,817,4.983,8.408,0.270,27.131,0.012,40.805
2026-09-08T06:31:23.520834+00:00,c11_sim,818,4.951,8.363,0.256,27.027,0.045,40.641
2026-09-08T06:31:23.589344+00:00,c11_sim,819,4.978,10.080,0.343,27.467,0.039,42.907
2026-09-08T06:31:23.626617+00:00,c11_sim,820,5.648,9.153,0.278,27.252,0.040,42.370
2026-09-08T06:31:23.663464+00:00,c11_sim,821,5.027,8.663,0.266,27.340,0.055,41.351
2026-09-08T06:31:23.700794+00:00,c11_sim,822,4.952,9.364,0.323,26.989,0.038,41.665
2026-09-08T06:31:23.736568+00:00,c11_sim,823,4.553,8.675,0.274,26.279,0.014,39.794
2026-09-08T06:31:23.772505+00:00,c11_sim,824,4.293,8.680,0.251,26.462,0.023,39.708
2026-09-08T06:31:23.832561+00:00,c11_sim,825,4.684,9.851,0.341,27.450,0.016,42.342
2026-09-08T06:31:23.869591+00:00,c11_sim,826,5.214,9.666,0.310,26.444,0.015,41.648
2026-09-08T06:31:23.906138+00:00,c11_sim,827,4.585,9.471,0.275,26.244,0.013,40.588
2026-09-08T06:31:23.943102+00:00,c11_sim,828,4.600,8.996,0.271,27.187,0.013,41.067
2026-09-08T06:31:23.979783+00:00,c11_sim,829,4.739,8.457,0.250,27.457,0.013,40.915
2026-09-08T06:31:24.048108+00:00,c11_sim,830,4.954,9.326,0.300,27.713,0.018,42.311
2026-09-08T06:31:24.085697+00:00,c11_sim,831,5.643,9.167,0.262,27.609,0.015,42.696
2026-09-08T06:31:24.122834+00:00,c11_sim,832,5.245,8.983,0.266,27.351,0.014,41.860
2026-09-08T06:31:24.158975+00:00,c11_sim,833,4.706,8.302,0.228,27.082,0.013,40.331
2026-09-08T06:31:24.195226+00:00,c11_sim,834,4.648,8.387,0.226,27.109,0.013,40.383
2026-09-08T06:31:24.231307+00:00,c11_sim,835,4.604,8.312,0.214,27.041,0.013,40.183
2026-09-08T06:31:24.266664+00:00,c11_sim,836,4.502,8.212,0.194,26.432,0.011,39.352
2026-09-08T06:31:24.334031+00:00,c11_sim,837,4.848,9.503,0.249,27.040,0.013,41.653
2026-09-08T06:31:24.370024+00:00,c11_sim,838,5.041,8.893,0.240,26.321,0.014,40.509
2026-09-08T06:31:24.406340+00:00,c11_sim,839,4.633,9.303,0.210,26.306,0.013,40.465
2026-09-08T06:31:24.443080+00:00,c11_sim,840,4.576,8.869,0.209,27.159,0.013,40.826
2026-09-08T06:31:24.479272+00:00,c11_sim,841,4.648,8.301,0.208,27.110,0.012,40.279
2026-09-08T06:31:24.547657+00:00,c11_sim,842,4.573,10.171,0.257,27.386,0.015,42.402
2026-09-08T06:31:24.584578+00:00,c11_sim,843,5.416,8.917,0.235,27.210,0.015,41.793
2026-09-08T06:31:24.621283+00:00,c11_sim,844,4.635,8.653,0.252,27.270,0.013,40.823
2026-09-08T06:31:24.657640+00:00,c11_sim,845,4.871,8.542,0.214,27.067,0.014,40.709
2026-09-08T06:31:24.693643+00:00,c11_sim,846,4.356,8.258,0.205,27.022,0.012,39.855
2026-09-08T06:31:24.729782+00:00,c11_sim,847,4.890,8.305,0.234,27.073,0.012,40.513
2026-09-08T06:31:24.797241+00:00,c11_sim,848,4.529,9.426,0.243,27.237,0.018,41.453
2026-09-08T06:31:24.833447+00:00,c11_sim,849,5.241,8.658,0.244,26.739,0.014,40.898
2026-09-08T06:31:24.869728+00:00,c11_sim,850,4.924,9.205,0.231,26.313,0.012,40.685
2026-09-08T06:31:24.905455+00:00,c11_sim,851,4.842,8.876,0.210,26.129,0.012,40.070
2026-09-08T06:31:24.942725+00:00,c11_sim,852,4.660,9.040,0.217,27.492,0.013,41.422
2026-09-08T06:31:24.951082+00:00,c11_sim,853,4.800,8.280,0.000,0.000,0.004,13.085
2026-09-08T06:31:25.046469+00:00,c11_sim,854,5.444,9.523,0.283,28.016,0.015,43.281
2026-09-08T06:31:25.083668+00:00,c11_sim,855,5.818,8.998,0.238,27.323,0.013,42.390
2026-09-08T06:31:25.092300+00:00,c11_sim,856,4.897,8.509,0.000,0.000,0.004,13.411
2026-09-08T06:31:25.132803+00:00,c11_sim,857,4.877,10.372,0.000,0.000,0.005,15.254
2026-09-08T06:31:25.197317+00:00,c11_sim,858,5.525,10.421,0.308,27.828,0.014,44.096
2026-09-08T06:31:25.233381+00:00,c11_sim,859,5.114,8.674,0.240,26.598,0.013,40.640
2026-09-08T06:31:25.269797+00:00,c11_sim,860,5.133,9.228,0.244,26.400,0.012,41.017
2026-09-08T06:31:25.337953+00:00,c11_sim,861,6.091,10.885,0.260,26.449,0.015,43.699
2026-09-08T06:31:25.376060+00:00,c11_sim,862,5.515,10.084,0.257,27.208,0.013,43.077
2026-09-08T06:31:25.412755+00:00,c11_sim,863,4.933,8.695,0.231,27.207,0.013,41.079
2026-09-08T06:31:25.449359+00:00,c11_sim,864,4.635,8.675,0.237,27.155,0.012,40.714
2026-09-08T06:31:25.485585+00:00,c11_sim,865,4.875,8.312,0.205,27.195,0.012,40.599
2026-09-08T06:31:25.521477+00:00,c11_sim,866,4.581,8.139,0.195,27.024,0.016,39.955
2026-09-08T06:31:25.557990+00:00,c11_sim,867,4.634,8.563,0.237,27.184,0.014,40.630
2026-09-08T06:31:25.625880+00:00,c11_sim,868,5.132,9.878,0.225,27.199,0.014,42.448
2026-09-08T06:31:25.662553+00:00,c11_sim,869,5.038,8.749,0.268,27.083,0.014,41.152
2026-09-08T06:31:25.699234+00:00,c11_sim,870,4.932,8.638,0.266,27.219,0.012,41.067
2026-09-08T06:31:25.735979+00:00,c11_sim,871,4.958,9.544,0.247,26.363,0.013,41.124
2026-09-08T06:31:25.772512+00:00,c11_sim,872,5.078,9.420,0.209,26.360,0.013,41.079
2026-09-08T06:31:25.841891+00:00,c11_sim,873,5.002,11.058,0.277,27.427,0.017,43.782
2026-09-08T06:31:25.878896+00:00,c11_sim,874,5.526,8.853,0.238,27.346,0.014,41.977
2026-09-08T06:31:25.915540+00:00,c11_sim,875,5.080,8.602,0.234,27.285,0.015,41.216
2026-09-08T06:31:25.951941+00:00,c11_sim,876,5.116,8.576,0.265,27.012,0.013,40.982
2026-09-08T06:31:25.988210+00:00,c11_sim,877,4.628,8.380,0.198,27.171,0.012,40.389
2026-09-08T06:31:26.024562+00:00,c11_sim,878,4.649,8.356,0.233,27.241,0.012,40.491
2026-09-08T06:31:26.060399+00:00,c11_sim,879,4.658,8.032,0.191,27.082,0.012,39.975
2026-09-08T06:31:26.096010+00:00,c11_sim,880,4.266,7.837,0.198,27.075,0.013,39.389
2026-09-08T06:31:26.163188+00:00,c11_sim,881,4.608,9.263,0.223,27.120,0.015,41.229
2026-09-08T06:31:26.199762+00:00,c11_sim,882,4.539,8.610,0.203,27.143,0.012,40.508
2026-09-08T06:31:26.235811+00:00,c11_sim,883,4.656,9.098,0.221,26.172,0.014,40.161
2026-09-08T06:31:26.271907+00:00,c11_sim,884,5.080,9.119,0.210,26.241,0.013,40.663
2026-09-08T06:31:26.308949+00:00,c11_sim,885,4.614,9.181,0.200,27.149,0.011,41.155
2026-09-08T06:31:26.377135+00:00,c11_sim,886,4.609,10.151,0.235,27.189,0.013,42.198
2026-09-08T06:31:26.385970+00:00,c11_sim,887,5.096,8.748,0.000,0.000,0.005,13.849
2026-09-08T06:31:26.453561+00:00,c11_sim,888,5.050,9.581,0.262,27.143,0.014,42.050
2026-09-08T06:31:26.490237+00:00,c11_sim,889,5.025,8.673,0.228,27.250,0.014,41.189
2026-09-08T06:31:26.526831+00:00,c11_sim,890,4.608,8.649,0.245,27.150,0.016,40.668
2026-09-08T06:31:26.563214+00:00,c11_sim,891,4.658,8.474,0.251,27.135,0.013,40.531
2026-09-08T06:31:26.630559+00:00,c11_sim,892,4.570,9.240,0.235,27.312,0.015,41.372
2026-09-08T06:31:26.666640+00:00,c11_sim,893,4.850,8.834,0.254,26.410,0.014,40.362
2026-09-08T06:31:26.703360+00:00,c11_sim,894,4.752,9.649,0.258,26.287,0.015,40.960
2026-09-08T06:31:26.739597+00:00,c11_sim,895,4.642,9.138,0.221,26.353,0.013,40.367
2026-09-08T06:31:26.776861+00:00,c11_sim,896,4.727,9.321,0.232,27.172,0.027,41.480
2026-09-08T06:31:26.813045+00:00,c11_sim,897,4.575,8.311,0.212,27.121,0.012,40.231
2026-09-08T06:31:26.880176+00:00,c11_sim,898,4.570,9.021,0.279,27.258,0.015,41.142
2026-09-08T06:31:26.916891+00:00,c11_sim,899,5.434,8.716,0.234,27.225,0.014,41.622
2026-09-08T06:31:26.953339+00:00,c11_sim,900,4.738,8.570,0.219,27.132,0.014,40.673
2026-09-08T06:31:26.989479+00:00,c11_sim,901,4.687,8.185,0.212,27.140,0.013,40.237
2026-09-08T06:31:27.025572+00:00,c11_sim,902,4.354,8.276,0.207,27.085,0.013,39.935
2026-09-08T06:31:27.061767+00:00,c11_sim,903,4.691,8.236,0.278,27.137,0.014,40.356
2026-09-08T06:31:27.129610+00:00,c11_sim,904,5.195,9.891,0.273,27.123,0.017,42.498
2026-09-08T06:31:27.166326+00:00,c11_sim,905,5.121,8.712,0.241,27.216,0.013,41.303
2026-09-08T06:31:27.202737+00:00,c11_sim,906,4.760,9.236,0.257,26.381,0.014,40.648
2026-09-08T06:31:27.239228+00:00,c11_sim,907,5.166,9.435,0.230,26.304,0.013,41.147
2026-09-08T06:31:27.276377+00:00,c11_sim,908,4.643,9.225,0.219,27.156,0.013,41.257
2026-09-08T06:31:27.312306+00:00,c11_sim,909,4.653,8.196,0.190,27.056,0.011,40.105
2026-09-08T06:31:27.378978+00:00,c11_sim,910,4.562,8.673,0.220,27.229,0.015,40.700
2026-09-08T06:31:27.415657+00:00,c11_sim,911,5.088,8.678,0.224,27.230,0.014,41.234
2026-09-08T06:31:27.452172+00:00,c11_sim,912,4.598,8.679,0.230,27.078,0.013,40.599
2026-09-08T06:31:27.488102+00:00,c11_sim,913,4.512,8.130,0.196,27.091,0.012,39.940
2026-09-08T06:31:27.524379+00:00,c11_sim,914,4.471,8.428,0.228,27.089,0.016,40.233
2026-09-08T06:31:27.560544+00:00,c11_sim,915,4.439,8.270,0.237,27.134,0.011,40.092
2026-09-08T06:31:27.627974+00:00,c11_sim,916,4.529,9.429,0.242,27.142,0.014,41.357
2026-09-08T06:31:27.665203+00:00,c11_sim,917,5.105,9.184,0.234,27.245,0.014,41.783
2026-09-08T06:31:27.701568+00:00,c11_sim,918,4.614,8.657,0.240,26.221,0.014,39.747
2026-09-08T06:31:27.737388+00:00,c11_sim,919,4.611,8.709,0.204,26.370,0.013,39.906
2026-09-08T06:31:27.746529+00:00,c11_sim,920,4.525,9.063,0.000,0.000,0.004,13.593
2026-09-08T06:31:27.785754+00:00,c11_sim,921,5.633,9.118,0.000,0.000,0.005,14.756
2026-09-08T06:31:27.827102+00:00,c9_sim,414,3.918,11.209,0.000,0.000,0.008,15.135
2026-09-08T06:31:27.868838+00:00,c9_sim,415,4.060,11.590,0.000,0.000,0.006,15.657
2026-09-08T06:31:27.902650+00:00,c9_sim,416,4.166,10.386,0.000,0.000,0.006,14.558
2026-09-08T06:31:27.943767+00:00,c9_sim,417,4.197,10.992,0.000,0.000,0.005,15.194
2026-09-08T06:31:27.952704+00:00,c9_sim,418,4.793,8.869,0.000,0.000,0.004,13.665
2026-09-08T06:31:27.992872+00:00,c9_sim,419,4.786,10.067,0.000,0.000,0.005,14.858
2026-09-08T06:31:28.001458+00:00,c9_sim,420,4.590,8.521,0.000,0.000,0.004,13.114
2026-09-08T06:31:28.042317+00:00,c9_sim,421,4.134,10.699,0.000,0.000,0.004,14.836
2026-09-08T06:31:28.050895+00:00,c9_sim,422,4.383,8.501,0.000,0.000,0.006,12.890
2026-09-08T06:31:28.091508+00:00,c9_sim,423,4.630,9.743,0.341,0.000,0.005,14.719
2026-09-08T06:31:28.132443+00:00,c9_sim,424,4.285,10.818,0.000,0.000,0.006,15.108
2026-09-08T06:31:28.142122+00:00,c9_sim,425,4.623,9.604,0.000,0.000,0.004,14.231
2026-09-08T06:31:28.183531+00:00,c9_sim,426,3.944,11.017,0.000,0.000,0.208,15.169
2026-09-08T06:31:28.222046+00:00,c9_sim,427,4.546,8.575,0.376,29.001,0.038,42.536
2026-09-08T06:31:28.259087+00:00,c9_sim,428,3.646,8.742,0.311,27.439,0.027,40.166
2026-09-08T06:31:28.295541+00:00,c9_sim,429,3.861,8.529,0.290,27.093,0.032,39.805
2026-09-08T06:31:28.331865+00:00,c9_sim,430,3.883,8.375,0.260,27.169,0.011,39.698
2026-09-08T06:31:28.368570+00:00,c9_sim,431,3.599,8.724,0.279,26.252,0.010,38.864
2026-09-08T06:31:28.404656+00:00,c9_sim,432,3.401,8.996,0.278,26.292,0.011,38.978
2026-09-08T06:31:28.414300+00:00,c9_sim,433,3.935,9.561,0.000,0.000,0.005,13.501
2026-09-08T06:31:28.422728+00:00,c9_sim,434,5.207,8.359,0.000,0.000,0.004,13.570
2026-09-08T06:31:28.431175+00:00,c9_sim,435,3.711,8.384,0.000,0.000,0.005,12.099
2026-09-08T06:31:28.466734+00:00,c9_sim,436,3.517,7.945,0.289,26.790,0.009,38.551
2026-09-08T06:31:28.502514+00:00,c9_sim,437,3.190,8.792,0.244,26.250,0.010,38.485
2026-09-08T06:31:28.538542+00:00,c9_sim,438,3.400,9.031,0.250,26.235,0.012,38.928
2026-09-08T06:31:28.575996+00:00,c9_sim,439,3.490,9.463,0.292,27.158,0.011,40.413
2026-09-08T06:31:28.612187+00:00,c9_sim,440,3.603,8.222,0.265,27.171,0.032,39.292
2026-09-08T06:31:28.648667+00:00,c9_sim,441,3.278,8.596,0.260,27.091,0.028,39.254
2026-09-08T06:31:28.684743+00:00,c9_sim,442,3.526,8.176,0.263,27.118,0.009,39.091
2026-09-08T06:31:28.720840+00:00,c9_sim,443,3.852,8.227,0.246,27.109,0.009,39.443
2026-09-08T06:31:28.756986+00:00,c9_sim,444,3.520,8.277,0.308,27.036,0.010,39.152
2026-09-08T06:31:28.792988+00:00,c9_sim,445,3.300,8.121,0.226,27.114,0.039,38.801
2026-09-08T06:31:28.829355+00:00,c9_sim,446,3.251,8.435,0.298,27.096,0.043,39.123
2026-09-08T06:31:28.865855+00:00,c9_sim,447,4.937,8.441,0.288,27.250,0.014,40.930
2026-09-08T06:31:28.901723+00:00,c9_sim,448,3.619,8.063,0.259,26.200,0.015,38.157
2026-09-08T06:31:28.937147+00:00,c9_sim,449,3.358,8.524,0.240,26.170,0.013,38.306
2026-09-08T06:31:28.972902+00:00,c9_sim,450,3.148,8.830,0.251,26.107,0.015,38.351
2026-09-08T06:31:29.009539+00:00,c9_sim,451,4.505,8.707,0.255,27.088,0.014,40.568
2026-09-08T06:31:29.045317+00:00,c9_sim,452,3.390,8.014,0.251,27.013,0.014,38.682
2026-09-08T06:31:29.081348+00:00,c9_sim,453,3.297,8.245,0.229,27.053,0.042,38.866
2026-09-08T06:31:29.117202+00:00,c9_sim,454,3.050,8.025,0.256,27.071,0.033,38.435
2026-09-08T06:31:29.153056+00:00,c9_sim,455,3.664,8.010,0.245,27.089,0.012,39.019
2026-09-08T06:31:29.188775+00:00,c9_sim,456,4.411,8.011,0.221,27.000,0.012,39.655
2026-09-08T06:31:29.224977+00:00,c9_sim,457,3.274,8.267,0.262,27.163,0.014,38.980
2026-09-08T06:31:29.260706+00:00,c9_sim,458,3.265,8.055,0.233,26.934,0.013,38.501
2026-09-08T06:31:29.296993+00:00,c9_sim,459,3.416,8.354,0.247,27.198,0.014,39.228
2026-09-08T06:31:29.333212+00:00,c9_sim,460,4.450,8.182,0.230,27.237,0.015,40.114
2026-09-08T06:31:29.369204+00:00,c9_sim,461,3.255,8.985,0.212,26.255,0.014,38.720
2026-09-08T06:31:29.405117+00:00,c9_sim,462,3.054,8.834,0.209,26.318,0.035,38.450
2026-09-08T06:31:29.442285+00:00,c9_sim,463,3.431,9.205,0.231,27.185,0.035,40.087
2026-09-08T06:31:29.478256+00:00,c9_sim,464,4.538,8.154,0.197,27.074,0.032,39.995
2026-09-08T06:31:29.514047+00:00,c9_sim,465,3.253,8.013,0.192,27.104,0.031,38.593
2026-09-08T06:31:29.550926+00:00,c9_sim,466,3.257,8.659,0.270,27.386,0.014,39.586
2026-09-08T06:31:29.586683+00:00,c9_sim,467,3.405,8.047,0.226,26.977,0.012,38.667
2026-09-08T06:31:29.622795+00:00,c9_sim,468,3.780,8.447,0.197,26.953,0.011,39.389
2026-09-08T06:31:29.658699+00:00,c9_sim,469,3.556,8.125,0.212,27.061,0.013,38.967
2026-09-08T06:31:29.694806+00:00,c9_sim,470,3.212,8.317,0.232,27.058,0.014,38.832
2026-09-08T06:31:29.730958+00:00,c9_sim,471,3.256,8.308,0.253,27.079,0.013,38.910
2026-09-08T06:31:29.766517+00:00,c9_sim,472,4.127,8.158,0.234,26.681,0.013,39.214
2026-09-08T06:31:29.802335+00:00,c9_sim,473,3.631,8.964,0.226,26.119,0.015,38.955
2026-09-08T06:31:29.838548+00:00,c9_sim,474,3.365,9.288,0.259,26.141,0.012,39.064
2026-09-08T06:31:29.875205+00:00,c9_sim,475,3.355,8.900,0.205,27.083,0.014,39.557
2026-09-08T06:31:29.911443+00:00,c9_sim,476,4.021,8.428,0.218,27.080,0.013,39.759
2026-09-08T06:31:29.947401+00:00,c9_sim,477,3.625,8.171,0.206,27.076,0.014,39.093
2026-09-08T06:31:29.983475+00:00,c9_sim,478,3.248,8.326,0.189,27.028,0.036,38.826
2026-09-08T06:31:30.019487+00:00,c9_sim,479,3.259,8.269,0.207,27.015,0.034,38.784
2026-09-08T06:31:30.055834+00:00,c9_sim,480,3.653,8.402,0.251,27.151,0.035,39.492
2026-09-08T06:31:30.092120+00:00,c9_sim,481,3.525,8.235,0.242,27.119,0.030,39.152
2026-09-08T06:31:30.128157+00:00,c9_sim,482,3.335,8.199,0.229,27.084,0.014,38.861
2026-09-08T06:31:30.164177+00:00,c9_sim,483,3.401,8.261,0.213,27.052,0.012,38.939
2026-09-08T06:31:30.199854+00:00,c9_sim,484,3.442,8.265,0.216,26.664,0.015,38.602
2026-09-08T06:31:30.236001+00:00,c9_sim,485,3.703,8.999,0.227,26.397,0.014,39.340
2026-09-08T06:31:30.272196+00:00,c9_sim,486,3.332,9.225,0.206,26.240,0.013,39.016
2026-09-08T06:31:30.309430+00:00,c9_sim,487,3.130,9.288,0.223,27.204,0.015,39.860
2026-09-08T06:31:30.345630+00:00,c9_sim,488,3.317,8.224,0.233,27.217,0.013,39.004
2026-09-08T06:31:30.381787+00:00,c9_sim,489,3.896,8.342,0.214,27.080,0.013,39.545
2026-09-08T06:31:30.417804+00:00,c9_sim,490,3.497,8.251,0.214,27.049,0.013,39.025
2026-09-08T06:31:30.453711+00:00,c9_sim,491,3.235,8.170,0.206,26.983,0.049,38.644
2026-09-08T06:31:30.489724+00:00,c9_sim,492,3.332,8.091,0.208,27.217,0.013,38.861
2026-09-08T06:31:30.525552+00:00,c9_sim,493,3.909,8.018,0.194,27.093,0.016,39.231
2026-09-08T06:31:30.561656+00:00,c9_sim,494,3.461,8.178,0.244,27.181,0.014,39.078
2026-09-08T06:31:30.597840+00:00,c9_sim,495,3.212,8.271,0.218,27.182,0.014,38.897
2026-09-08T06:31:30.633177+00:00,c9_sim,496,3.579,8.117,0.210,26.462,0.013,38.380
2026-09-08T06:31:30.669174+00:00,c9_sim,497,4.105,9.069,0.209,26.231,0.013,39.627
2026-09-08T06:31:30.705281+00:00,c9_sim,498,3.577,9.156,0.207,26.235,0.013,39.188
2026-09-08T06:31:30.742008+00:00,c9_sim,499,3.557,8.905,0.203,27.121,0.011,39.796
2026-09-08T06:31:30.777736+00:00,c9_sim,500,3.566,8.018,0.193,27.035,0.014,38.826
2026-09-08T06:31:30.814820+00:00,c9_sim,501,4.069,9.320,0.208,27.047,0.014,40.658
2026-09-08T06:31:30.850732+00:00,c9_sim,502,3.651,8.183,0.199,27.030,0.013,39.075
2026-09-08T06:31:30.887359+00:00,c9_sim,503,3.491,8.754,0.201,27.172,0.014,39.631
2026-09-08T06:31:30.923686+00:00,c9_sim,504,3.260,8.600,0.222,26.974,0.016,39.073
2026-09-08T06:31:30.960814+00:00,c9_sim,505,3.976,9.282,0.241,27.073,0.012,40.584
2026-09-08T06:31:30.996649+00:00,c9_sim,506,3.540,8.020,0.200,27.095,0.014,38.869
2026-09-08T06:31:31.032813+00:00,c9_sim,507,3.318,8.312,0.218,27.108,0.015,38.971
2026-09-08T06:31:31.068947+00:00,c9_sim,508,3.270,9.128,0.202,26.294,0.013,38.907
2026-09-08T06:31:31.104231+00:00,c9_sim,509,3.217,8.298,0.268,26.228,0.013,38.024
2026-09-08T06:31:31.141810+00:00,c9_sim,510,3.765,9.624,0.215,27.200,0.013,40.816
2026-09-08T06:31:31.179070+00:00,c9_sim,511,3.237,9.305,0.213,27.131,0.038,39.924
2026-09-08T06:31:31.215336+00:00,c9_sim,512,3.151,8.369,0.201,27.175,0.015,38.911
2026-09-08T06:31:31.252580+00:00,c9_sim,513,3.199,9.407,0.244,27.078,0.014,39.941
2026-09-08T06:31:31.289035+00:00,c9_sim,514,3.911,8.555,0.206,27.169,0.014,39.855
2026-09-08T06:31:31.325263+00:00,c9_sim,515,3.384,8.283,0.219,27.197,0.015,39.100
2026-09-08T06:31:31.361784+00:00,c9_sim,516,3.173,8.605,0.230,27.172,0.013,39.193
2026-09-08T06:31:31.398456+00:00,c9_sim,517,3.603,8.753,0.219,27.175,0.013,39.762
2026-09-08T06:31:31.433971+00:00,c9_sim,518,3.412,8.324,0.228,26.286,0.014,38.265
2026-09-08T06:31:31.469861+00:00,c9_sim,519,3.250,8.773,0.213,26.382,0.014,38.632
2026-09-08T06:31:31.506141+00:00,c9_sim,520,3.173,9.242,0.216,26.296,0.013,38.940
2026-09-08T06:31:31.543273+00:00,c9_sim,521,3.305,9.300,0.203,27.139,0.018,39.965
2026-09-08T06:31:31.580282+00:00,c9_sim,522,4.093,8.938,0.249,27.264,0.015,40.558
2026-09-08T06:31:31.616602+00:00,c9_sim,523,3.605,8.382,0.205,27.131,0.013,39.335
2026-09-08T06:31:31.652840+00:00,c9_sim,524,3.383,8.313,0.209,27.213,0.012,39.130
2026-09-08T06:31:31.689086+00:00,c9_sim,525,3.465,8.292,0.224,27.223,0.014,39.218
2026-09-08T06:31:31.726272+00:00,c9_sim,526,4.002,9.208,0.203,27.219,0.013,40.644
2026-09-08T06:31:31.762802+00:00,c9_sim,527,3.142,8.505,0.226,27.268,0.014,39.155
2026-09-08T06:31:31.799523+00:00,c9_sim,528,3.235,8.681,0.231,27.283,0.020,39.450
2026-09-08T06:31:31.836269+00:00,c9_sim,529,3.288,9.663,0.289,26.261,0.014,39.515
2026-09-08T06:31:31.872149+00:00,c9_sim,530,3.998,8.893,0.231,26.228,0.015,39.363
2026-09-08T06:31:31.909562+00:00,c9_sim,531,3.484,9.407,0.246,27.235,0.013,40.385
2026-09-08T06:31:31.945555+00:00,c9_sim,532,3.310,8.162,0.204,27.118,0.012,38.807
2026-09-08T06:31:31.981309+00:00,c9_sim,533,3.536,7.944,0.253,27.001,0.015,38.749
2026-09-08T06:31:32.017756+00:00,c9_sim,534,3.817,8.376,0.217,27.335,0.013,39.756
2026-09-08T06:31:32.053788+00:00,c9_sim,535,3.324,8.201,0.230,27.067,0.012,38.834
2026-09-08T06:31:32.090050+00:00,c9_sim,536,3.283,8.274,0.240,27.212,0.044,39.053
2026-09-08T06:31:32.126257+00:00,c9_sim,537,3.326,8.269,0.231,27.141,0.045,39.012
2026-09-08T06:31:32.162640+00:00,c9_sim,538,4.298,8.561,0.208,27.076,0.049,40.191
2026-09-08T06:31:32.199102+00:00,c9_sim,539,3.478,8.279,0.211,27.481,0.015,39.463
2026-09-08T06:31:32.235538+00:00,c9_sim,540,3.200,9.222,0.240,26.473,0.014,39.149
2026-09-08T06:31:32.272093+00:00,c9_sim,541,3.542,9.256,0.233,26.485,0.012,39.529
2026-09-08T06:31:32.309552+00:00,c9_sim,542,4.262,9.433,0.227,27.296,0.016,41.232
2026-09-08T06:31:32.346150+00:00,c9_sim,543,3.461,8.342,0.220,27.534,0.014,39.572
2026-09-08T06:31:32.382410+00:00,c9_sim,544,3.331,8.369,0.239,27.140,0.012,39.091
2026-09-08T06:31:32.418603+00:00,c9_sim,545,3.440,8.355,0.211,27.122,0.013,39.141
2026-09-08T06:31:32.454788+00:00,c9_sim,546,4.242,8.384,0.212,27.072,0.012,39.923
2026-09-08T06:31:32.491070+00:00,c9_sim,547,3.682,8.394,0.239,27.141,0.013,39.469
2026-09-08T06:31:32.527461+00:00,c9_sim,548,3.308,8.465,0.215,27.159,0.017,39.164
2026-09-08T06:31:32.563967+00:00,c9_sim,549,3.651,8.567,0.230,27.182,0.012,39.642
2026-09-08T06:31:32.599756+00:00,c9_sim,550,3.961,8.623,0.210,26.419,0.015,39.228
2026-09-08T06:31:32.635657+00:00,c9_sim,551,3.519,8.964,0.190,26.224,0.012,38.910
2026-09-08T06:31:32.670675+00:00,c9_sim,552,3.391,8.125,0.188,26.240,0.015,37.959
2026-09-08T06:31:32.706670+00:00,c9_sim,553,3.280,9.026,0.245,26.217,0.012,38.781
2026-09-08T06:31:32.743503+00:00,c9_sim,554,4.027,8.807,0.246,27.262,0.015,40.357
2026-09-08T06:31:32.779570+00:00,c9_sim,555,3.615,8.165,0.232,27.143,0.014,39.169
2026-09-08T06:31:32.815748+00:00,c9_sim,556,3.316,8.292,0.225,27.099,0.014,38.946
2026-09-08T06:31:32.851785+00:00,c9_sim,557,3.436,8.136,0.210,27.165,0.014,38.961
2026-09-08T06:31:32.888607+00:00,c9_sim,558,4.017,8.796,0.205,27.319,0.015,40.353
2026-09-08T06:31:32.925314+00:00,c9_sim,559,3.663,8.620,0.231,27.315,0.015,39.843
2026-09-08T06:31:32.961755+00:00,c9_sim,560,3.307,8.468,0.208,27.238,0.014,39.235
2026-09-08T06:31:32.998267+00:00,c9_sim,561,3.288,8.446,0.212,27.361,0.016,39.323
2026-09-08T06:31:33.036126+00:00,c9_sim,562,3.911,10.412,0.231,26.682,0.016,41.252
2026-09-08T06:31:33.072377+00:00,c9_sim,563,3.251,9.134,0.218,26.339,0.047,38.989
2026-09-08T06:31:33.109676+00:00,c9_sim,564,3.292,9.240,0.258,27.299,0.015,40.104
2026-09-08T06:31:33.147061+00:00,c9_sim,565,3.027,9.305,0.224,27.306,0.050,39.912
2026-09-08T06:31:33.184417+00:00,c9_sim,566,3.669,9.346,0.206,27.234,0.049,40.504
2026-09-08T06:31:33.220705+00:00,c9_sim,567,3.418,8.258,0.225,27.291,0.041,39.232
2026-09-08T06:31:33.257398+00:00,c9_sim,568,3.235,8.695,0.237,27.253,0.014,39.433
2026-09-08T06:31:33.293785+00:00,c9_sim,569,3.338,8.394,0.232,27.255,0.013,39.232
2026-09-08T06:31:33.330888+00:00,c9_sim,570,3.808,8.820,0.220,27.553,0.018,40.420
2026-09-08T06:31:33.367326+00:00,c9_sim,571,3.448,8.552,0.256,27.029,0.013,39.298
2026-09-08T06:31:33.403308+00:00,c9_sim,572,3.570,8.809,0.227,26.442,0.012,39.061
2026-09-08T06:31:33.439597+00:00,c9_sim,573,3.558,9.231,0.223,26.342,0.014,39.368
2026-09-08T06:31:33.477234+00:00,c9_sim,574,3.578,9.642,0.230,27.262,0.013,40.725
2026-09-08T06:31:33.486207+00:00,c8_sim,247,3.420,8.234,0.240,0.000,0.005,11.898
2026-09-08T06:31:33.525404+00:00,c8_sim,248,4.288,9.079,0.000,0.000,0.004,13.370
2026-09-08T06:31:33.596001+00:00,c8_sim,249,5.247,11.897,0.000,0.000,0.004,17.147
2026-09-08T06:31:33.637657+00:00,c8_sim,250,6.985,11.548,0.000,0.000,0.003,18.536
2026-09-08T06:31:33.680555+00:00,c8_sim,251,7.908,11.150,0.444,0.000,0.003,19.506
2026-09-08T06:31:33.721602+00:00,c8_sim,252,7.476,10.946,0.000,0.000,0.003,18.425
2026-09-08T06:31:33.792145+00:00,c8_sim,253,8.251,12.675,0.000,0.000,0.006,20.932
2026-09-08T06:31:33.835597+00:00,c8_sim,254,8.338,13.292,0.000,0.000,0.004,21.633
2026-09-08T06:31:33.911752+00:00,c8_sim,255,8.105,16.506,0.000,0.000,0.005,24.615
2026-09-08T06:31:33.955296+00:00,c8_sim,256,7.385,13.319,0.000,0.000,0.004,20.708
2026-09-08T06:31:33.988288+00:00,c8_sim,257,7.738,12.005,0.000,0.000,0.004,19.746
2026-09-08T06:31:34.058248+00:00,c8_sim,258,7.725,13.290,0.000,0.000,0.004,21.019
2026-09-08T06:31:34.101259+00:00,c8_sim,259,7.790,12.908,0.000,0.000,0.004,20.701
2026-09-08T06:31:34.147321+00:00,c8_sim,260,7.689,14.135,0.563,0.000,0.005,22.392
2026-09-08T06:31:34.188506+00:00,c8_sim,261,7.948,14.473,0.000,0.000,0.004,22.425
2026-09-08T06:31:34.315054+00:00,c8_sim,262,8.087,16.948,0.533,52.320,0.174,78.063
2026-09-08T06:31:34.370580+00:00,c8_sim,263,7.371,14.155,0.441,39.953,0.182,62.103
2026-09-08T06:31:34.418370+00:00,c8_sim,264,6.747,12.033,0.321,34.772,0.090,53.963
2026-09-08T06:31:34.460584+00:00,c8_sim,265,6.124,9.874,0.309,31.398,0.080,47.786
2026-09-08T06:31:34.501920+00:00,c8_sim,266,5.625,10.993,0.433,28.983,0.013,46.048
2026-09-08T06:31:34.540992+00:00,c8_sim,267,6.897,10.719,0.341,27.315,0.075,45.347
2026-09-08T06:31:34.579343+00:00,c8_sim,268,5.821,9.704,0.396,27.583,0.068,43.573
2026-09-08T06:31:34.616186+00:00,c8_sim,269,5.645,8.552,0.280,27.426,0.045,41.948
2026-09-08T06:31:34.684655+00:00,c8_sim,270,5.673,10.062,0.302,27.505,0.009,43.551
2026-09-08T06:31:34.721268+00:00,c8_sim,271,5.634,8.441,0.258,27.316,0.009,41.658
2026-09-08T06:31:34.779962+00:00,c8_sim,272,5.544,9.097,0.285,27.498,0.011,42.435
2026-09-08T06:31:34.816656+00:00,c8_sim,273,5.718,8.488,0.251,27.303,0.047,41.806
2026-09-08T06:31:34.884894+00:00,c8_sim,274,5.643,9.754,0.340,27.584,0.011,43.332
2026-09-08T06:31:34.921613+00:00,c8_sim,275,5.674,8.529,0.254,27.386,0.012,41.855
2026-09-08T06:31:34.990288+00:00,c8_sim,276,5.692,10.341,0.341,27.359,0.012,43.745
2026-09-08T06:31:35.027033+00:00,c8_sim,277,5.626,8.575,0.306,27.310,0.010,41.827
2026-09-08T06:31:35.095881+00:00,c8_sim,278,5.594,10.181,0.321,27.710,0.021,43.827
2026-09-08T06:31:35.132569+00:00,c8_sim,279,5.984,8.554,0.250,27.325,0.048,42.162
2026-09-08T06:31:35.200456+00:00,c8_sim,280,5.646,10.072,0.412,26.804,0.015,42.949
2026-09-08T06:31:35.237379+00:00,c8_sim,281,5.855,9.225,0.331,26.785,0.014,42.210
2026-09-08T06:31:35.275527+00:00,c8_sim,282,6.386,9.796,0.268,27.544,0.011,44.004
2026-09-08T06:31:35.344430+00:00,c8_sim,283,6.240,10.575,0.334,27.348,0.059,44.556
2026-09-08T06:31:35.381280+00:00,c8_sim,284,6.313,8.803,0.273,27.232,0.012,42.632
2026-09-08T06:31:35.446108+00:00,c8_sim,285,6.191,9.186,0.265,27.421,0.013,43.076
2026-09-08T06:31:35.482959+00:00,c8_sim,286,5.805,8.550,0.305,27.400,0.016,42.076
2026-09-08T06:31:35.551369+00:00,c8_sim,287,5.616,9.925,0.322,27.468,0.078,43.409
2026-09-08T06:31:35.588465+00:00,c8_sim,288,5.833,8.844,0.294,27.400,0.013,42.385
2026-09-08T06:31:35.625088+00:00,c8_sim,289,5.296,8.412,0.254,27.406,0.014,41.382
2026-09-08T06:31:35.692592+00:00,c8_sim,290,5.819,9.409,0.251,27.243,0.019,42.740
2026-09-08T06:31:35.728927+00:00,c8_sim,291,5.732,8.299,0.267,27.229,0.013,41.541
2026-09-08T06:31:35.797116+00:00,c8_sim,292,5.707,9.721,0.307,27.557,0.020,43.313
2026-09-08T06:31:35.833914+00:00,c8_sim,293,7.044,8.912,0.294,27.052,0.018,43.320
2026-09-08T06:31:35.899591+00:00,c8_sim,294,4.821,8.019,0.244,27.092,0.020,40.195
2026-09-08T06:31:35.935434+00:00,c8_sim,295,3.960,8.804,0.349,26.148,0.016,39.277
2026-09-08T06:31:35.995484+00:00,c8_sim,296,6.428,9.925,0.319,27.453,0.014,44.139
2026-09-08T06:31:36.065182+00:00,c8_sim,297,6.922,11.143,0.360,27.557,0.017,45.998
2026-09-08T06:31:36.102672+00:00,c8_sim,298,6.406,10.123,0.282,26.521,0.014,43.345
2026-09-08T06:31:36.139429+00:00,c8_sim,299,5.843,9.543,0.235,26.439,0.013,42.072
2026-09-08T06:31:36.208560+00:00,c8_sim,300,5.952,10.828,0.298,27.403,0.014,44.497
2026-09-08T06:31:36.245494+00:00,c8_sim,301,5.810,8.759,0.250,27.320,0.013,42.151
2026-09-08T06:31:36.313141+00:00,c8_sim,302,6.106,9.392,0.268,27.385,0.014,43.163
2026-09-08T06:31:36.349809+00:00,c8_sim,303,5.919,8.684,0.226,27.154,0.013,41.996
2026-09-08T06:31:36.418797+00:00,c8_sim,304,6.353,10.226,0.259,27.876,0.034,44.748
2026-09-08T06:31:36.459215+00:00,c8_sim,305,5.751,11.525,0.377,27.883,0.021,45.558
2026-09-08T06:31:36.496101+00:00,c8_sim,306,5.034,8.709,0.286,27.302,0.020,41.351
2026-09-08T06:31:36.564019+00:00,c8_sim,307,5.705,9.461,0.282,27.594,0.020,43.061
2026-09-08T06:31:36.599983+00:00,c8_sim,308,3.911,7.934,0.240,27.263,0.019,39.367
2026-09-08T06:31:36.666453+00:00,c8_sim,309,3.679,8.554,0.283,27.055,0.016,39.588
2026-09-08T06:31:36.702370+00:00,c8_sim,310,3.779,8.748,0.295,26.380,0.019,39.221
2026-09-08T06:31:36.764350+00:00,c8_sim,311,3.661,10.887,0.264,27.140,0.037,41.989
2026-09-08T06:31:36.799813+00:00,c8_sim,312,3.811,7.886,0.250,26.793,0.020,38.760
2026-09-08T06:31:36.869186+00:00,c8_sim,313,3.691,11.823,0.287,26.658,0.020,42.479
2026-09-08T06:31:36.905600+00:00,c8_sim,314,6.911,8.855,0.311,26.722,0.017,42.816
2026-09-08T06:31:36.968993+00:00,c8_sim,315,3.689,11.977,0.237,26.419,0.032,42.354
2026-09-08T06:31:37.008878+00:00,c8_sim,316,4.248,11.309,0.425,27.494,0.023,43.498
2026-09-08T06:31:37.072233+00:00,c8_sim,317,7.782,11.207,0.383,26.829,0.017,46.218
2026-09-08T06:31:37.110684+00:00,c8_sim,318,6.474,10.056,0.292,27.526,0.014,44.362
2026-09-08T06:31:37.179051+00:00,c8_sim,319,6.223,9.894,0.342,27.529,0.017,44.004
2026-09-08T06:31:37.216651+00:00,c8_sim,320,6.220,9.411,0.256,27.275,0.014,43.176
2026-09-08T06:31:37.252960+00:00,c8_sim,321,6.078,8.401,0.213,27.178,0.013,41.882
2026-09-08T06:31:37.320786+00:00,c8_sim,322,5.813,9.678,0.278,27.285,0.016,43.069
2026-09-08T06:31:37.357159+00:00,c8_sim,323,5.506,8.520,0.266,27.050,0.023,41.365
2026-09-08T06:31:37.423151+00:00,c8_sim,324,3.687,8.080,0.265,27.085,0.019,39.136
2026-09-08T06:31:37.459991+00:00,c8_sim,325,5.005,8.724,0.335,27.201,0.018,41.283
2026-09-08T06:31:37.528395+00:00,c8_sim,326,6.170,10.056,0.400,27.264,0.019,43.909
2026-09-08T06:31:37.566299+00:00,c8_sim,327,5.954,9.612,0.342,27.368,0.017,43.294
2026-09-08T06:31:37.633873+00:00,c8_sim,328,5.499,9.519,0.322,27.075,0.016,42.432
2026-09-08T06:31:37.670435+00:00,c8_sim,329,5.742,9.013,0.269,26.703,0.015,41.742
2026-09-08T06:31:37.739916+00:00,c8_sim,330,5.579,10.610,0.362,27.178,0.017,43.746
2026-09-08T06:31:37.777590+00:00,c8_sim,331,6.089,9.536,0.261,27.225,0.015,43.125
2026-09-08T06:31:37.814098+00:00,c8_sim,332,5.776,8.518,0.213,27.211,0.019,41.737
2026-09-08T06:31:37.872697+00:00,c8_sim,333,5.751,10.424,0.289,26.335,0.015,42.814
2026-09-08T06:31:37.913751+00:00,c8_sim,334,5.567,10.925,0.000,0.000,0.007,16.498
2026-09-08T06:31:37.954246+00:00,c8_sim,335,6.750,10.379,0.000,0.000,0.005,17.134
2026-09-08T06:31:37.994671+00:00,c8_sim,336,7.619,10.319,0.000,0.000,0.005,17.943
2026-09-08T06:31:38.067923+00:00,c8_sim,337,7.977,13.134,0.000,0.000,0.005,21.116
2026-09-08T06:31:38.137497+00:00,c8_sim,338,7.634,12.530,0.395,27.880,0.017,48.454
2026-09-08T06:31:38.147912+00:00,c8_sim,339,6.604,10.342,0.000,0.000,0.004,16.950
2026-09-08T06:31:38.209378+00:00,c8_sim,340,7.691,12.018,0.000,0.000,0.005,19.714
2026-09-08T06:31:38.252422+00:00,c8_sim,341,7.509,12.943,0.000,0.000,0.006,20.457
2026-09-08T06:31:38.327128+00:00,c8_sim,342,8.090,14.533,0.000,0.000,0.005,22.628
