timestamp,camera_id,frame_id,decode_ms,detection_ms,tracking_ms,reid_ms,matching_ms,total_ai_ms
2026-09-02T08:09:13.232888+07:00,c8_sim,1,11.755,388.641,1.227,117.968,0.094,519.685
2026-09-02T08:09:13.309486+07:00,c8_sim,2,7.038,27.872,0.896,45.064,0.075,80.945
2026-09-02T08:09:13.367635+07:00,c8_sim,3,7.587,21.738,0.452,34.922,0.038,64.737
2026-09-02T08:09:13.422564+07:00,c8_sim,4,9.241,21.238,0.430,32.285,0.011,63.205
2026-09-02T08:09:13.490840+07:00,c8_sim,5,9.233,26.004,0.401,31.640,0.016,67.295
2026-09-02T08:09:13.536585+07:00,c8_sim,6,8.764,12.984,0.387,30.437,0.014,52.586
2026-09-02T08:09:13.595052+07:00,c8_sim,7,6.618,24.824,0.446,32.232,0.044,64.165
2026-09-02T08:09:13.651314+07:00,c8_sim,8,6.510,13.477,0.430,39.972,0.018,60.408
2026-09-02T08:09:13.751112+07:00,c8_sim,9,7.497,36.509,0.970,60.548,0.162,105.687
2026-09-02T08:09:13.904709+07:00,c8_sim,10,9.141,35.670,0.890,115.264,0.126,161.091
2026-09-02T08:09:14.000859+07:00,c8_sim,11,9.939,29.755,0.948,63.649,0.047,104.339
2026-09-02T08:09:14.081621+07:00,c8_sim,12,9.008,23.044,0.758,52.950,0.025,85.784
2026-09-02T08:09:14.163518+07:00,c8_sim,13,9.641,23.756,0.584,55.957,0.030,89.968
2026-09-02T08:09:14.252548+07:00,c8_sim,14,8.896,24.465,0.591,62.034,0.057,96.043
2026-09-02T08:09:14.333978+07:00,c8_sim,15,10.502,22.144,0.627,55.035,0.029,88.337
2026-09-02T08:09:14.468469+07:00,c8_sim,16,9.225,24.701,1.490,106.694,0.102,142.211
2026-09-02T08:09:14.543234+07:00,c8_sim,17,28.239,20.704,0.629,51.891,0.112,101.575
2026-09-02T08:09:14.637383+07:00,c8_sim,18,9.599,35.050,0.708,56.740,0.038,102.134
2026-09-02T08:09:14.705914+07:00,c8_sim,19,9.633,18.831,0.540,47.478,0.103,76.585
2026-09-02T08:09:14.817396+07:00,c8_sim,20,8.246,15.838,0.472,42.057,0.031,66.644
2026-09-02T08:09:14.916928+07:00,c8_sim,21,7.457,13.896,0.407,32.466,0.017,54.243
2026-09-02T08:09:15.016682+07:00,c8_sim,22,8.489,15.379,0.948,33.841,0.033,58.690
2026-09-02T08:09:15.149235+07:00,c8_sim,23,9.640,20.959,0.605,37.195,0.110,68.509
2026-09-02T08:09:15.266661+07:00,c8_sim,24,9.234,28.006,0.626,35.160,0.032,73.058
2026-09-02T08:09:15.348173+07:00,c8_sim,25,9.909,20.052,0.526,36.691,0.042,67.220
2026-09-02T08:09:15.455045+07:00,c8_sim,26,9.560,18.852,0.708,40.255,0.037,69.412
2026-09-02T08:09:15.597396+07:00,c8_sim,27,12.987,24.658,0.754,45.641,0.063,84.104
2026-09-02T08:09:15.698218+07:00,c8_sim,28,10.539,23.930,0.639,48.493,0.168,83.769
2026-09-02T08:09:15.795874+07:00,c8_sim,29,9.067,22.472,0.617,50.546,0.044,82.745
2026-09-02T08:09:15.911099+07:00,c8_sim,30,9.177,24.554,0.640,41.377,0.049,75.797
2026-09-02T08:09:16.020486+07:00,c8_sim,31,13.271,22.949,0.710,39.792,0.032,76.755
2026-09-02T08:09:16.103950+07:00,c8_sim,32,10.392,19.676,0.545,40.391,0.042,71.046
2026-09-02T08:09:16.214857+07:00,c8_sim,33,10.278,24.314,0.768,38.768,0.047,74.175
2026-09-02T08:09:16.322654+07:00,c8_sim,34,14.075,20.895,0.771,36.268,0.035,72.044
2026-09-02T08:09:16.455184+07:00,c8_sim,35,15.124,27.972,0.623,32.681,0.033,76.432
2026-09-02T08:09:16.530102+07:00,c8_sim,36,10.636,18.089,0.525,32.131,0.032,61.412
2026-09-02T08:09:16.656635+07:00,c8_sim,37,11.719,20.798,0.506,30.313,0.035,63.371
2026-09-02T08:09:16.758372+07:00,c8_sim,38,9.945,19.837,0.836,30.972,0.034,61.624
2026-09-02T08:09:16.862464+07:00,c8_sim,39,14.087,22.121,0.541,30.224,0.038,67.011
2026-09-02T08:09:16.964900+07:00,c8_sim,40,12.321,22.177,0.563,30.914,0.031,66.006
2026-09-02T08:09:17.099451+07:00,c8_sim,41,14.970,24.215,0.555,31.473,0.032,71.245
2026-09-02T08:09:17.174042+07:00,c8_sim,42,9.936,17.561,0.471,31.392,0.034,59.393
2026-09-02T08:09:17.317580+07:00,c8_sim,43,9.479,27.788,0.784,38.307,0.035,76.393
2026-09-02T08:09:17.413765+07:00,c8_sim,44,9.285,21.706,0.585,48.779,0.046,80.403
2026-09-02T08:09:17.567614+07:00,c8_sim,45,14.444,24.916,0.737,72.134,0.045,112.276
2026-09-02T08:09:17.663000+07:00,c8_sim,46,8.836,36.895,0.649,56.263,0.044,102.688
2026-09-02T08:09:17.746272+07:00,c8_sim,47,7.970,26.595,0.730,54.193,0.044,89.531
2026-09-02T08:09:17.848641+07:00,c8_sim,48,9.974,24.205,0.665,49.917,0.043,84.804
2026-09-02T08:09:17.946134+07:00,c8_sim,49,9.361,22.647,0.586,46.620,0.044,79.257
2026-09-02T08:09:18.064669+07:00,c8_sim,50,9.063,22.829,0.605,42.484,0.043,75.024
2026-09-02T08:09:18.138592+07:00,c8_sim,51,9.972,21.337,0.651,0.000,0.012,31.972
2026-09-02T08:09:18.244243+07:00,c8_sim,52,7.890,25.653,0.740,0.004,0.261,34.548
2026-09-02T08:09:18.334891+07:00,c8_sim,53,11.880,18.386,0.000,0.000,0.011,30.277
2026-09-02T08:09:18.453790+07:00,c8_sim,54,12.680,27.175,0.000,0.000,0.024,39.879
2026-09-02T08:09:18.543065+07:00,c8_sim,55,8.865,19.379,0.000,0.000,0.018,28.262
2026-09-02T08:09:18.670365+07:00,c8_sim,56,8.050,29.676,0.000,0.000,0.021,37.747
2026-09-02T08:09:18.850747+07:00,c9_sim,1,8.376,46.802,0.550,58.469,0.127,114.323
2026-09-02T08:09:18.900171+07:00,c9_sim,2,6.733,17.020,0.472,30.863,0.128,55.217
2026-09-02T08:09:19.031127+07:00,c9_sim,3,10.770,22.711,0.598,33.041,0.108,67.228
2026-09-02T08:09:19.105870+07:00,c9_sim,4,7.746,17.007,0.531,30.271,0.020,55.575
2026-09-02T08:09:19.230077+07:00,c9_sim,5,8.262,20.458,0.576,31.962,0.118,61.376
2026-09-02T08:09:19.335784+07:00,c9_sim,6,8.929,22.469,0.688,31.220,0.022,63.329
2026-09-02T08:09:19.444709+07:00,c9_sim,7,8.502,21.234,0.540,35.799,0.022,66.096
2026-09-02T08:09:19.527365+07:00,c9_sim,8,8.110,19.335,0.746,36.073,0.021,64.286
2026-09-02T08:09:19.629188+07:00,c9_sim,9,6.226,17.887,0.491,32.871,0.020,57.495
2026-09-02T08:09:19.730953+07:00,c9_sim,10,8.660,19.204,0.750,33.190,0.022,61.826
2026-09-02T08:09:19.840572+07:00,c9_sim,11,11.940,23.775,0.863,33.073,0.024,69.675
2026-09-02T08:09:19.956420+07:00,c9_sim,12,11.491,29.731,0.884,32.224,0.023,74.354
2026-09-02T08:09:20.061481+07:00,c9_sim,13,9.989,24.561,0.624,34.498,0.022,69.694
2026-09-02T08:09:20.166252+07:00,c9_sim,14,7.454,19.345,0.743,35.713,0.021,63.276
2026-09-02T08:09:20.257153+07:00,c9_sim,15,8.394,22.626,0.652,40.553,0.030,72.255
2026-09-02T08:09:20.389250+07:00,c9_sim,16,10.223,27.092,0.940,51.161,0.026,89.443
2026-09-02T08:09:20.494147+07:00,c9_sim,17,7.906,25.737,0.722,49.164,0.045,83.574
2026-09-02T08:09:20.591064+07:00,c9_sim,18,7.430,22.339,0.756,47.357,0.053,77.935
2026-09-02T08:09:20.684957+07:00,c9_sim,19,8.824,20.894,0.577,45.120,0.043,75.458
2026-09-02T08:09:20.773412+07:00,c9_sim,20,7.846,23.055,0.619,42.185,0.039,73.745
2026-09-02T08:09:20.889335+07:00,c9_sim,21,7.163,23.530,0.616,40.423,0.050,71.781
2026-09-02T08:09:20.983352+07:00,c9_sim,22,7.709,22.660,0.564,45.050,0.042,76.026
2026-09-02T08:09:21.096991+07:00,c9_sim,23,9.348,24.525,0.735,40.942,0.040,75.590
2026-09-02T08:09:21.203118+07:00,c9_sim,24,7.921,24.657,0.624,53.190,0.052,86.444
2026-09-02T08:09:21.338595+07:00,c9_sim,25,6.545,24.147,0.800,83.287,0.070,114.849
2026-09-02T08:09:21.431621+07:00,c9_sim,26,7.522,27.559,0.664,63.190,0.045,98.980
2026-09-02T08:09:21.506532+07:00,c9_sim,27,5.628,23.151,0.605,49.676,0.038,79.098
2026-09-02T08:09:21.602186+07:00,c9_sim,28,9.046,24.281,0.755,44.888,0.055,79.025
2026-09-02T08:09:21.712013+07:00,c9_sim,29,11.580,25.652,0.846,34.323,0.035,72.436
2026-09-02T08:09:21.792066+07:00,c9_sim,30,7.615,18.796,0.776,33.490,0.052,60.730
2026-09-02T08:09:21.922132+07:00,c9_sim,31,11.648,26.303,0.628,30.000,0.037,68.615
2026-09-02T08:09:21.999867+07:00,c9_sim,32,8.129,19.131,0.711,31.873,0.038,59.881
2026-09-02T08:09:22.104894+07:00,c9_sim,33,6.760,21.598,0.729,34.355,0.032,63.474
2026-09-02T08:09:22.217350+07:00,c9_sim,34,8.988,22.139,0.832,36.769,0.035,68.763
2026-09-02T08:09:22.328346+07:00,c9_sim,35,9.071,22.361,0.861,40.198,0.056,72.548
2026-09-02T08:09:22.445577+07:00,c9_sim,36,7.751,21.436,0.835,44.452,0.039,74.514
2026-09-02T08:09:22.544752+07:00,c9_sim,37,6.494,26.166,0.953,46.947,0.042,80.601
2026-09-02T08:09:22.648050+07:00,c9_sim,38,8.124,23.446,0.703,56.456,0.050,88.780
2026-09-02T08:09:22.753281+07:00,c9_sim,39,7.466,26.153,0.804,51.894,0.054,86.372
2026-09-02T08:09:22.849258+07:00,c9_sim,40,6.398,21.291,0.969,49.313,0.036,78.007
2026-09-02T08:09:22.947053+07:00,c9_sim,41,5.823,22.454,0.758,47.210,0.049,76.293
2026-09-02T08:09:23.065172+07:00,c9_sim,42,12.792,27.678,0.921,43.546,0.050,84.987
2026-09-02T08:09:23.157707+07:00,c9_sim,43,9.671,25.485,0.868,40.689,0.049,76.761
2026-09-02T08:09:23.270789+07:00,c9_sim,44,9.278,25.902,0.730,36.826,0.039,72.774
2026-09-02T08:09:23.358634+07:00,c9_sim,45,8.014,22.317,0.719,37.754,0.046,68.849
2026-09-02T08:09:23.466990+07:00,c9_sim,46,9.605,25.012,0.791,34.319,0.036,69.763
2026-09-02T08:09:23.570256+07:00,c9_sim,47,8.701,22.196,0.865,32.651,0.034,64.447
2026-09-02T08:09:23.649339+07:00,c9_sim,48,7.584,23.455,0.505,30.790,0.035,62.368
2026-09-02T08:09:23.751803+07:00,c9_sim,49,9.138,22.324,0.685,31.325,0.036,63.509
2026-09-02T08:09:23.884882+07:00,c9_sim,50,13.181,24.696,0.612,32.791,0.033,71.312
2026-09-02T08:09:23.962220+07:00,c9_sim,51,8.004,18.210,0.474,32.392,0.033,59.114
2026-09-02T08:09:24.076975+07:00,c9_sim,52,8.083,21.780,0.795,39.944,0.052,70.654
2026-09-02T08:09:24.199667+07:00,c9_sim,53,7.161,21.983,0.600,49.612,0.047,79.402
2026-09-02T08:09:24.319448+07:00,c9_sim,54,8.770,23.303,0.871,67.937,0.049,100.931
2026-09-02T08:09:24.408266+07:00,c9_sim,55,7.327,27.070,0.649,59.592,0.045,94.683
2026-09-02T08:09:24.517885+07:00,c9_sim,56,8.307,27.746,0.616,51.738,0.039,88.447
2026-09-02T08:09:24.604470+07:00,c9_sim,57,6.633,13.996,0.651,45.263,0.023,66.566
2026-09-02T08:09:24.704288+07:00,c9_sim,58,5.527,26.206,0.486,50.059,0.032,82.309
2026-09-02T08:09:24.798820+07:00,c9_sim,59,6.445,19.597,0.495,51.749,0.044,78.331
2026-09-02T08:09:24.908474+07:00,c9_sim,60,7.626,20.990,0.642,41.255,0.050,70.563
2026-09-02T08:09:25.021189+07:00,c9_sim,61,8.126,23.067,0.840,38.351,0.040,70.423
2026-09-02T08:09:25.109081+07:00,c9_sim,62,9.586,20.497,0.722,40.089,0.054,70.947
2026-09-02T08:09:25.222384+07:00,c9_sim,63,6.783,24.498,0.828,40.192,0.044,72.345
2026-09-02T08:09:25.319753+07:00,c9_sim,64,8.550,23.932,0.812,45.165,0.040,78.498
2026-09-02T08:09:25.439843+07:00,c9_sim,65,6.888,29.747,0.569,43.320,0.035,80.559
2026-09-02T08:09:25.539602+07:00,c9_sim,66,7.132,23.152,0.614,48.273,0.050,79.221
2026-09-02T08:09:25.646803+07:00,c9_sim,67,8.615,26.251,0.777,54.363,0.040,90.045
2026-09-02T08:09:25.749227+07:00,c9_sim,68,6.361,27.250,0.569,49.226,0.045,83.451
2026-09-02T08:09:25.847773+07:00,c9_sim,69,8.197,21.785,0.649,48.366,0.107,79.104
2026-09-02T08:09:25.951616+07:00,c9_sim,70,6.350,21.777,0.685,55.087,0.045,83.944
2026-09-02T08:09:26.056438+07:00,c9_sim,71,6.480,21.987,0.728,54.891,0.048,84.134
2026-09-02T08:09:26.186373+07:00,c9_sim,72,6.437,33.451,0.714,67.857,0.050,108.509
2026-09-02T08:09:26.280054+07:00,c9_sim,73,6.492,29.025,0.657,62.301,0.047,98.522
2026-09-02T08:09:26.365725+07:00,c9_sim,74,8.129,23.418,0.594,60.185,0.065,92.389
2026-09-02T08:09:26.464145+07:00,c9_sim,75,9.310,28.680,0.696,44.524,0.042,83.253
2026-09-02T08:09:26.554745+07:00,c9_sim,76,8.534,22.249,0.703,40.824,0.046,72.355
2026-09-02T08:09:26.667057+07:00,c9_sim,77,9.645,22.075,0.632,39.934,0.044,72.331
2026-09-02T08:09:26.751345+07:00,c9_sim,78,6.456,21.104,0.524,36.135,0.060,64.280
2026-09-02T08:09:26.860678+07:00,c9_sim,79,8.122,23.843,0.762,33.720,0.036,66.483
2026-09-02T08:09:26.965166+07:00,c9_sim,80,11.682,24.754,0.605,31.589,0.041,68.672
2026-09-02T08:09:27.073107+07:00,c9_sim,81,10.693,26.337,0.837,30.193,0.037,68.097
2026-09-02T08:09:27.173387+07:00,c9_sim,82,11.317,20.765,0.692,31.182,0.039,63.995
2026-09-02T08:09:27.283671+07:00,c9_sim,83,9.385,25.538,0.604,31.398,0.039,66.964
2026-09-02T08:09:27.366693+07:00,c9_sim,84,8.996,21.923,0.725,33.460,0.035,65.139
2026-09-02T08:09:27.494180+07:00,c9_sim,85,12.359,25.341,0.577,29.201,0.034,67.511
2026-09-02T08:09:27.562511+07:00,c9_sim,86,8.798,15.843,0.500,29.798,0.033,54.972
2026-09-02T08:09:27.690541+07:00,c9_sim,87,13.515,24.429,0.556,30.803,0.033,69.335
2026-09-02T08:09:27.794783+07:00,c9_sim,88,9.872,22.276,0.538,31.731,0.035,64.452
2026-09-02T08:09:27.902265+07:00,c9_sim,89,11.235,23.772,0.722,32.028,0.040,67.796
2026-09-02T08:09:27.979960+07:00,c9_sim,90,9.468,19.437,0.621,31.507,0.034,61.069
2026-09-02T08:09:28.113516+07:00,c9_sim,91,12.933,22.783,0.577,30.929,0.043,67.264
2026-09-02T08:09:28.193961+07:00,c9_sim,92,6.993,19.792,0.693,33.506,0.038,61.021
2026-09-02T08:09:28.305618+07:00,c9_sim,93,7.631,23.724,0.997,35.296,0.035,67.683
2026-09-02T08:09:28.409933+07:00,c9_sim,94,12.666,21.287,0.680,35.820,0.038,70.490
2026-09-02T08:09:28.517461+07:00,c9_sim,95,11.247,22.931,0.613,36.245,0.048,71.084
2026-09-02T08:09:28.623601+07:00,c9_sim,96,9.791,21.940,0.596,32.870,0.046,65.244
2026-09-02T08:09:28.734344+07:00,c9_sim,97,9.678,23.605,0.602,33.782,0.032,67.699
2026-09-02T08:09:28.810831+07:00,c9_sim,98,6.545,17.799,0.763,33.355,0.035,58.497
2026-09-02T08:09:28.937718+07:00,c9_sim,99,8.564,21.637,0.444,34.726,0.033,65.404
2026-09-02T08:09:29.025554+07:00,c9_sim,100,6.591,20.070,0.549,39.687,0.046,66.943
2026-09-02T08:09:29.148673+07:00,c9_sim,101,7.994,25.532,0.600,47.839,0.052,82.016
2026-09-02T08:09:29.264846+07:00,c9_sim,102,8.661,24.394,0.956,62.759,0.058,96.827
2026-09-02T08:09:29.370796+07:00,c9_sim,103,9.159,29.682,0.728,47.922,0.040,87.531
2026-09-02T08:09:29.435726+07:00,c9_sim,104,6.552,20.249,0.647,42.706,0.039,70.193
2026-09-02T08:09:29.545245+07:00,c9_sim,105,6.549,22.098,0.596,38.789,0.034,68.065
2026-09-02T08:09:29.655761+07:00,c9_sim,106,9.536,22.383,0.557,40.311,0.040,72.828
2026-09-02T08:09:29.748659+07:00,c9_sim,107,8.859,22.009,0.745,45.618,0.057,77.288
2026-09-02T08:09:29.861733+07:00,c9_sim,108,11.155,26.530,0.686,37.993,0.045,76.410
2026-09-02T08:09:29.946006+07:00,c9_sim,109,9.543,20.053,0.661,36.369,0.059,66.686
2026-09-02T08:09:30.057547+07:00,c9_sim,110,7.072,23.647,0.719,35.394,0.039,66.871
2026-09-02T08:09:30.162571+07:00,c9_sim,111,7.024,21.272,1.036,34.173,0.049,63.554
2026-09-02T08:09:30.269604+07:00,c9_sim,112,9.875,22.844,0.685,32.940,0.034,66.378
2026-09-02T08:09:30.377054+07:00,c9_sim,113,9.140,22.177,0.715,31.370,0.034,63.435
2026-09-02T08:09:30.455495+07:00,c9_sim,114,7.797,19.166,0.591,35.244,0.029,62.827
2026-09-02T08:09:30.585014+07:00,c9_sim,115,9.885,20.318,0.515,37.421,0.037,68.175
2026-09-02T08:09:30.704623+07:00,c9_sim,116,11.589,24.711,0.692,40.873,0.037,77.902
2026-09-02T08:09:30.812052+07:00,c9_sim,117,7.403,19.290,0.610,65.154,0.064,92.521
2026-09-02T08:09:31.039721+07:00,c9_sim,118,7.749,137.963,0.702,64.336,0.047,210.796
2026-09-02T08:09:31.138487+07:00,c9_sim,119,41.716,33.106,0.797,63.093,0.061,138.771
2026-09-02T08:09:31.265172+07:00,c9_sim,120,8.407,39.629,0.666,84.066,0.344,133.111
2026-09-02T08:09:31.410693+07:00,c9_sim,121,8.524,54.620,0.913,86.421,0.191,150.669
2026-09-02T08:09:31.541020+07:00,c9_sim,122,16.687,45.526,1.467,80.887,0.055,144.621
2026-09-02T08:09:31.657500+07:00,c9_sim,123,8.524,32.767,0.622,78.708,0.051,120.671
2026-09-02T08:09:31.752722+07:00,c9_sim,124,8.964,29.011,0.685,63.472,0.033,102.165
2026-09-02T08:09:31.825192+07:00,c9_sim,125,9.450,19.319,0.478,51.261,0.035,80.543
2026-09-02T08:09:31.900648+07:00,c9_sim,126,5.857,18.733,0.598,54.800,0.023,80.012
2026-09-02T08:09:31.968071+07:00,c9_sim,127,4.976,18.136,0.549,47.157,0.036,70.854
2026-09-02T08:09:32.031806+07:00,c9_sim,128,4.972,16.844,0.429,45.157,0.019,67.421
2026-09-02T08:09:32.095631+07:00,c9_sim,129,6.194,16.140,0.452,46.097,0.048,68.930
2026-09-02T08:09:32.163105+07:00,c9_sim,130,5.315,20.041,0.428,45.419,0.048,71.251
2026-09-02T08:09:32.232029+07:00,c9_sim,131,5.952,18.958,0.483,47.909,0.044,73.347
2026-09-02T08:09:32.338671+07:00,c9_sim,132,8.946,22.651,0.693,38.016,0.045,70.350
2026-09-02T08:09:32.422993+07:00,c9_sim,133,7.743,19.515,0.748,37.390,0.049,65.446
2026-09-02T08:09:32.526805+07:00,c9_sim,134,11.613,22.019,0.817,32.961,0.035,67.445
2026-09-02T08:09:32.633194+07:00,c9_sim,135,10.760,24.829,0.630,29.031,0.030,65.280
2026-09-02T08:09:32.736045+07:00,c9_sim,136,10.687,22.844,0.512,28.565,0.034,62.643
2026-09-02T08:09:32.841588+07:00,c9_sim,137,10.458,23.359,0.562,28.899,0.033,63.311
2026-09-02T08:09:32.943785+07:00,c9_sim,138,11.491,21.665,0.596,30.727,0.040,64.518
2026-09-02T08:09:33.049443+07:00,c9_sim,139,11.155,24.854,0.551,30.585,0.029,67.173
2026-09-02T08:09:33.148045+07:00,c9_sim,140,12.292,21.416,0.540,30.733,0.030,65.010
2026-09-02T08:09:33.246081+07:00,c9_sim,141,5.949,21.789,0.557,31.519,0.035,59.848
2026-09-02T08:09:33.373509+07:00,c9_sim,142,13.053,23.368,0.586,31.818,0.039,68.864
2026-09-02T08:09:33.451375+07:00,c9_sim,143,7.241,19.105,0.765,34.097,0.032,61.240
2026-09-02T08:09:33.551145+07:00,c9_sim,144,5.132,16.216,0.445,33.091,0.027,54.911
2026-09-02T08:09:33.673568+07:00,c9_sim,145,5.357,17.230,0.425,33.676,0.019,56.708
2026-09-02T08:09:33.776233+07:00,c9_sim,146,5.497,18.505,0.456,34.165,0.023,58.646
2026-09-02T08:09:33.882172+07:00,c9_sim,147,5.976,20.081,0.685,34.904,0.053,61.700
2026-09-02T08:09:33.985646+07:00,c9_sim,148,6.147,16.839,0.562,33.159,0.022,56.730
2026-09-02T08:09:34.091153+07:00,c9_sim,149,7.958,22.328,0.574,30.516,0.035,61.410
2026-09-02T08:09:34.195388+07:00,c9_sim,150,10.148,23.709,0.589,32.093,0.033,66.573
2026-09-02T08:09:34.306179+07:00,c9_sim,151,8.001,25.969,0.731,33.121,0.034,67.856
2026-09-02T08:09:34.391333+07:00,c9_sim,152,9.208,22.558,0.742,35.352,0.054,67.913
2026-09-02T08:09:34.499988+07:00,c9_sim,153,12.217,26.650,0.863,32.778,0.033,72.541
2026-09-02T08:09:34.598773+07:00,c9_sim,154,7.773,20.464,0.526,32.403,0.034,61.200
2026-09-02T08:09:34.697610+07:00,c9_sim,155,9.812,20.446,0.500,31.160,0.036,61.953
2026-09-02T08:09:34.801177+07:00,c9_sim,156,11.966,19.823,0.687,33.583,0.035,66.096
2026-09-02T08:09:34.902372+07:00,c9_sim,157,7.338,17.664,0.468,31.540,0.034,57.045
2026-09-02T08:09:35.007910+07:00,c9_sim,158,9.147,24.991,0.553,31.914,0.031,66.635
2026-09-02T08:09:35.117625+07:00,c9_sim,159,9.887,23.347,0.998,34.509,0.037,68.777
2026-09-02T08:09:35.220520+07:00,c9_sim,160,9.492,22.517,0.577,33.094,0.036,65.717
2026-09-02T08:09:35.328082+07:00,c9_sim,161,9.285,24.254,0.822,33.154,0.033,67.549
2026-09-02T08:09:35.431456+07:00,c9_sim,162,9.121,23.342,0.848,33.351,0.037,66.698
2026-09-02T08:09:35.538338+07:00,c9_sim,163,9.214,25.526,0.881,32.986,0.039,68.646
2026-09-02T08:09:35.622131+07:00,c9_sim,164,7.328,21.301,0.653,34.717,0.032,64.030
2026-09-02T08:09:35.733659+07:00,c9_sim,165,9.589,22.252,0.742,35.685,0.033,68.301
2026-09-02T08:09:35.844239+07:00,c9_sim,166,7.732,22.555,0.496,34.790,0.045,65.618
2026-09-02T08:09:35.925896+07:00,c9_sim,167,7.367,20.272,0.572,34.343,0.041,62.596
2026-09-02T08:09:36.053214+07:00,c9_sim,168,12.280,25.443,0.657,33.201,0.037,71.617
2026-09-02T08:09:36.156877+07:00,c9_sim,169,9.306,25.761,0.825,31.388,0.037,67.316
2026-09-02T08:09:36.263690+07:00,c9_sim,170,10.363,22.990,0.545,31.415,0.043,65.355
2026-09-02T08:09:36.339164+07:00,c9_sim,171,11.266,18.543,0.534,33.243,0.036,63.622
2026-09-02T08:09:36.476367+07:00,c9_sim,172,10.909,27.836,0.878,32.937,0.036,72.597
2026-09-02T08:09:36.552011+07:00,c9_sim,173,8.567,19.029,0.544,32.489,0.037,60.666
2026-09-02T08:09:36.653143+07:00,c9_sim,174,8.640,22.084,0.543,31.702,0.035,63.004
2026-09-02T08:09:36.759913+07:00,c9_sim,175,9.206,23.609,0.735,31.969,0.037,65.556
2026-09-02T08:09:36.858500+07:00,c9_sim,176,7.981,18.271,0.470,32.979,0.047,59.749
2026-09-02T08:09:36.988571+07:00,c9_sim,177,10.162,27.228,0.611,31.398,0.037,69.435
2026-09-02T08:09:37.066252+07:00,c9_sim,178,9.147,20.218,0.595,34.111,0.028,64.099
2026-09-02T08:09:37.175227+07:00,c9_sim,179,7.113,23.816,0.554,31.859,0.036,63.378
2026-09-02T08:09:37.279790+07:00,c9_sim,180,11.818,21.726,0.818,32.358,0.033,66.753
2026-09-02T08:09:37.379924+07:00,c9_sim,181,12.324,20.435,0.543,31.434,0.038,64.773
2026-09-02T08:09:37.493189+07:00,c9_sim,182,8.089,26.939,0.809,32.872,0.033,68.741
2026-09-02T08:09:37.599193+07:00,c9_sim,183,9.302,23.287,0.610,33.499,0.036,66.734
2026-09-02T08:09:37.677156+07:00,c9_sim,184,7.424,16.626,0.545,36.656,0.053,61.303
2026-09-02T08:09:37.826548+07:00,c9_sim,185,11.915,27.675,0.685,44.484,0.054,84.814
2026-09-02T08:09:37.935751+07:00,c9_sim,186,9.121,24.712,0.873,60.159,0.055,94.920
2026-09-02T08:09:38.042879+07:00,c9_sim,187,13.362,30.735,0.896,51.779,0.054,96.827
2026-09-02T08:09:38.124907+07:00,c9_sim,188,7.845,29.116,0.916,50.249,0.051,88.176
2026-09-02T08:09:38.219808+07:00,c9_sim,189,9.114,23.750,0.737,42.763,0.044,76.408
2026-09-02T08:09:38.307731+07:00,c9_sim,190,7.096,20.018,0.669,40.075,0.042,67.899
2026-09-02T08:09:38.406380+07:00,c9_sim,191,6.327,17.734,0.538,35.913,0.035,60.546
2026-09-02T08:09:38.507228+07:00,c9_sim,192,5.741,17.036,0.514,33.510,0.035,56.836
2026-09-02T08:09:38.607522+07:00,c9_sim,193,4.815,13.160,0.490,33.441,0.024,51.930
2026-09-02T08:09:38.741103+07:00,c9_sim,194,8.418,27.182,0.629,31.589,0.035,67.855
2026-09-02T08:09:38.807507+07:00,c9_sim,195,6.886,12.441,0.382,29.946,0.022,49.678
2026-09-02T08:09:38.936485+07:00,c9_sim,196,7.351,22.804,0.582,30.314,0.032,61.084
2026-09-02T08:09:39.037794+07:00,c9_sim,197,9.200,22.990,0.514,28.885,0.034,61.623
2026-09-02T08:09:39.141840+07:00,c9_sim,198,7.443,22.515,0.541,31.634,0.032,62.165
2026-09-02T08:09:39.252945+07:00,c9_sim,199,9.611,21.950,0.633,34.344,0.036,66.573
2026-09-02T08:09:39.331056+07:00,c9_sim,200,8.402,20.044,0.572,34.238,0.040,63.297
2026-09-02T08:09:39.448910+07:00,c9_sim,201,8.127,29.546,0.608,36.545,0.041,74.868
2026-09-02T08:09:39.559909+07:00,c9_sim,202,9.846,23.651,0.552,37.366,0.037,71.453
2026-09-02T08:09:39.665993+07:00,c9_sim,203,7.971,21.794,0.609,35.920,0.063,66.357
2026-09-02T08:09:39.776726+07:00,c9_sim,204,9.407,25.565,0.719,33.746,0.064,69.500
2026-09-02T08:09:39.860737+07:00,c9_sim,205,6.435,18.400,0.625,37.803,0.059,63.322
2026-09-02T08:09:39.978005+07:00,c9_sim,206,10.477,26.085,0.651,36.552,0.037,73.803
2026-09-02T08:09:40.066438+07:00,c9_sim,207,7.138,23.124,0.594,37.355,0.038,68.248
2026-09-02T08:09:40.213178+07:00,c9_sim,208,9.055,66.772,0.374,32.531,0.017,108.748
2026-09-02T08:09:40.262883+07:00,c9_sim,209,4.460,12.816,0.364,35.502,0.019,53.162
2026-09-02T08:09:40.371628+07:00,c9_sim,210,6.202,20.480,0.599,35.064,0.031,62.377
2026-09-02T08:09:40.476990+07:00,c9_sim,211,9.317,22.792,0.669,32.672,0.035,65.483
2026-09-02T08:09:40.583224+07:00,c9_sim,212,9.124,23.181,0.807,31.957,0.033,65.102
2026-09-02T08:09:40.680731+07:00,c9_sim,213,10.280,19.797,0.498,28.734,0.032,59.343
2026-09-02T08:09:40.776654+07:00,c9_sim,214,8.788,20.492,0.486,30.239,0.033,60.037
2026-09-02T08:09:40.908416+07:00,c9_sim,215,11.823,25.872,0.615,30.269,0.033,68.612
2026-09-02T08:09:40.986719+07:00,c9_sim,216,7.548,21.326,0.768,33.471,0.035,63.148
2026-09-02T08:09:41.090398+07:00,c9_sim,217,12.301,22.545,0.530,31.414,0.036,66.826
2026-09-02T08:09:41.197091+07:00,c9_sim,218,12.948,21.822,0.867,32.745,0.034,68.417
2026-09-02T08:09:41.306830+07:00,c9_sim,219,9.483,27.985,0.607,29.408,0.034,67.518
2026-09-02T08:09:41.415230+07:00,c9_sim,220,10.901,24.442,0.705,30.615,0.036,66.700
2026-09-02T08:09:41.519303+07:00,c9_sim,221,9.271,22.957,0.704,29.626,0.036,62.593
2026-09-02T08:09:41.623959+07:00,c9_sim,222,8.907,25.859,0.564,29.317,0.039,64.686
2026-09-02T08:09:41.724318+07:00,c9_sim,223,8.779,18.891,0.752,32.307,0.055,60.785
2026-09-02T08:09:41.837932+07:00,c9_sim,224,9.591,27.357,0.845,34.140,0.036,71.969
2026-09-02T08:09:41.922861+07:00,c9_sim,225,8.903,23.011,0.899,35.014,0.041,67.869
2026-09-02T08:09:42.024530+07:00,c9_sim,226,12.047,18.256,0.871,35.885,0.046,67.105
2026-09-02T08:09:42.128095+07:00,c9_sim,227,9.122,21.731,0.736,33.999,0.035,65.624
2026-09-02T08:09:42.230800+07:00,c9_sim,228,9.711,21.642,0.714,32.694,0.036,64.797
2026-09-02T08:09:42.332273+07:00,c9_sim,229,7.955,20.439,0.564,31.519,0.033,60.511
2026-09-02T08:09:42.444297+07:00,c9_sim,230,10.140,27.749,0.565,30.935,0.033,69.422
2026-09-02T08:09:42.552733+07:00,c9_sim,231,8.294,25.799,0.658,33.092,0.036,67.880
2026-09-02T08:09:42.632474+07:00,c9_sim,232,8.062,20.406,0.757,31.669,0.030,60.924
2026-09-02T08:09:42.740419+07:00,c9_sim,233,8.229,25.094,0.547,32.331,0.033,66.233
2026-09-02T08:09:42.846210+07:00,c9_sim,234,12.454,23.810,0.454,31.400,0.034,68.152
2026-09-02T08:09:42.951250+07:00,c9_sim,235,8.815,23.820,0.643,31.467,0.034,64.779
2026-09-02T08:09:43.057331+07:00,c9_sim,236,9.943,24.593,0.554,30.910,0.034,66.036
2026-09-02T08:09:43.168022+07:00,c9_sim,237,11.444,24.938,0.718,32.915,0.030,70.045
2026-09-02T08:09:43.276754+07:00,c9_sim,238,7.038,22.692,0.614,34.791,0.048,65.182
2026-09-02T08:09:43.392794+07:00,c9_sim,239,8.391,20.308,1.285,45.270,0.046,75.300
2026-09-02T08:09:43.533648+07:00,c9_sim,240,7.342,20.743,0.740,92.338,0.068,121.232
2026-09-02T08:09:43.660619+07:00,c9_sim,241,7.621,39.264,1.154,83.869,0.083,131.991
2026-09-02T08:09:43.748287+07:00,c9_sim,242,7.819,26.303,0.665,58.745,0.053,93.584
2026-09-02T08:09:43.822405+07:00,c9_sim,243,5.454,24.154,0.685,47.658,0.045,77.996
2026-09-02T08:09:43.888359+07:00,c9_sim,244,6.048,21.318,0.679,42.576,0.039,70.660
2026-09-02T08:09:43.999780+07:00,c9_sim,245,7.924,24.847,0.601,37.875,0.032,71.277
2026-09-02T08:09:44.082939+07:00,c9_sim,246,8.239,19.354,0.615,36.297,0.040,64.545
2026-09-02T08:09:44.191790+07:00,c9_sim,247,10.263,21.633,0.649,34.045,0.041,66.630
2026-09-02T08:09:44.305026+07:00,c9_sim,248,8.033,27.125,0.629,33.254,0.034,69.075
2026-09-02T08:09:44.412458+07:00,c9_sim,249,9.976,22.568,0.855,35.414,0.037,68.850
2026-09-02T08:09:44.499736+07:00,c9_sim,250,9.652,23.129,0.779,36.260,0.039,69.860
2026-09-02T08:09:44.610219+07:00,c9_sim,251,10.338,23.759,0.627,36.648,0.053,71.425
2026-09-02T08:09:44.723464+07:00,c9_sim,252,8.662,22.985,0.757,38.085,0.058,70.548
2026-09-02T08:09:44.810856+07:00,c9_sim,253,8.007,20.880,0.775,39.404,0.061,69.127
2026-09-02T08:09:44.917010+07:00,c9_sim,254,10.758,23.248,0.840,36.194,0.036,71.075
2026-09-02T08:09:45.021142+07:00,c9_sim,255,8.674,22.970,0.608,31.356,0.032,63.640
2026-09-02T08:09:45.117484+07:00,c9_sim,256,9.050,18.349,0.570,31.967,0.032,59.967
2026-09-02T08:09:45.217214+07:00,c9_sim,257,7.404,20.168,0.506,32.147,0.033,60.258
2026-09-02T08:09:45.286546+07:00,c9_sim,258,8.751,21.832,0.000,0.000,0.012,30.595
2026-09-02T08:09:45.400334+07:00,c8_sim,57,8.380,18.274,0.000,0.000,0.011,26.665
2026-09-02T08:09:45.496656+07:00,c8_sim,58,11.676,26.475,0.000,0.000,0.014,38.164
2026-09-02T08:09:45.572832+07:00,c8_sim,59,7.135,28.381,0.000,0.000,0.021,35.536
2026-09-02T08:09:45.683621+07:00,c8_sim,60,10.124,35.407,0.000,0.000,0.021,45.552
2026-09-02T08:09:45.765958+07:00,c8_sim,61,11.251,35.447,0.000,0.000,0.025,46.724
2026-09-02T08:09:45.851766+07:00,c8_sim,62,11.228,35.792,0.000,0.000,0.023,47.043
2026-09-02T08:09:45.938412+07:00,c8_sim,63,9.951,38.916,0.859,0.000,0.023,49.749
2026-09-02T08:09:46.023939+07:00,c8_sim,64,11.047,33.068,0.000,0.000,0.026,44.141
2026-09-02T08:09:46.108862+07:00,c8_sim,65,11.475,32.751,0.000,0.000,0.781,45.007
2026-09-02T08:09:46.197599+07:00,c8_sim,66,10.637,37.007,1.084,0.008,0.056,48.792
2026-09-02T08:09:46.292325+07:00,c8_sim,67,12.092,41.493,1.039,0.014,0.028,54.667
2026-09-02T08:09:46.371690+07:00,c8_sim,68,9.655,55.331,0.619,0.005,0.017,65.627
2026-09-02T08:09:46.464632+07:00,c8_sim,69,8.735,39.958,0.999,0.008,0.027,49.727
2026-09-02T08:09:46.524655+07:00,c8_sim,70,9.963,32.920,0.000,0.000,0.018,42.900
2026-09-02T08:09:46.610945+07:00,c8_sim,71,9.721,34.162,0.000,0.000,0.017,43.899
2026-09-02T08:09:46.700296+07:00,c8_sim,72,9.010,37.314,0.890,0.000,0.019,47.233
2026-09-02T08:09:46.866071+07:00,c8_sim,73,13.573,38.729,1.186,50.500,0.131,104.119
2026-09-02T08:09:46.911970+07:00,c8_sim,74,8.633,15.418,0.544,28.810,0.107,53.512
2026-09-02T08:09:46.982645+07:00,c8_sim,75,8.803,14.824,0.593,28.218,0.066,52.503
2026-09-02T08:09:47.051594+07:00,c8_sim,76,8.105,14.350,0.406,27.333,0.051,50.245
2026-09-02T08:09:47.148298+07:00,c8_sim,77,9.223,16.714,0.580,28.517,0.074,55.109
2026-09-02T08:09:47.255239+07:00,c8_sim,78,9.036,24.401,0.577,30.002,0.022,64.038
2026-09-02T08:09:47.324849+07:00,c8_sim,79,7.723,16.841,0.586,29.253,0.101,54.504
2026-09-02T08:09:47.422509+07:00,c8_sim,80,10.044,19.627,0.602,29.041,0.023,59.337
2026-09-02T08:09:47.496777+07:00,c8_sim,81,7.553,17.314,0.547,29.324,0.020,54.757
2026-09-02T08:09:47.589811+07:00,c8_sim,82,8.396,17.079,0.586,29.583,0.021,55.666
2026-09-02T08:09:47.662488+07:00,c8_sim,83,7.802,18.030,0.601,28.420,0.018,54.871
2026-09-02T08:09:47.762756+07:00,c8_sim,84,9.311,19.292,0.586,29.038,0.032,58.260
2026-09-02T08:09:47.835922+07:00,c8_sim,85,9.736,17.705,0.566,27.935,0.014,55.956
2026-09-02T08:09:47.941735+07:00,c8_sim,86,8.765,20.054,0.567,32.255,0.022,61.663
2026-09-02T08:09:48.010524+07:00,c8_sim,87,7.948,15.453,0.517,29.789,0.021,53.727
2026-09-02T08:09:48.109827+07:00,c8_sim,88,7.412,18.084,0.599,31.247,0.020,57.362
2026-09-02T08:09:48.176108+07:00,c8_sim,89,9.706,15.355,0.522,29.126,0.035,54.745
2026-09-02T08:09:48.273792+07:00,c8_sim,90,10.979,19.186,0.626,29.798,0.033,60.622
2026-09-02T08:09:48.344664+07:00,c8_sim,91,9.442,15.831,0.608,28.374,0.022,54.276
2026-09-02T08:09:48.442614+07:00,c8_sim,92,10.020,18.235,0.614,30.092,0.033,58.993
2026-09-02T08:09:48.539629+07:00,c8_sim,93,10.857,18.054,0.544,29.465,0.033,58.954
2026-09-02T08:09:48.609090+07:00,c8_sim,94,8.968,15.727,0.486,28.552,0.032,53.765
2026-09-02T08:09:48.706047+07:00,c8_sim,95,10.456,16.983,0.559,29.862,0.029,57.890
2026-09-02T08:09:48.775092+07:00,c8_sim,96,8.047,15.428,0.519,30.502,0.035,54.531
2026-09-02T08:09:48.876359+07:00,c8_sim,97,11.163,20.149,0.544,29.439,0.033,61.329
2026-09-02T08:09:48.951689+07:00,c8_sim,98,10.081,16.874,0.537,32.188,0.034,59.715
2026-09-02T08:09:49.058677+07:00,c8_sim,99,9.693,23.636,0.718,32.078,0.035,66.160
2026-09-02T08:09:49.138230+07:00,c8_sim,100,9.720,18.565,0.817,34.778,0.036,63.915
2026-09-02T08:09:49.220466+07:00,c8_sim,101,9.189,18.499,0.475,40.475,0.044,68.683
2026-09-02T08:09:49.342014+07:00,c8_sim,102,9.728,24.094,0.824,44.990,0.045,79.682
2026-09-02T08:09:49.411802+07:00,c8_sim,103,8.473,18.617,0.647,48.927,0.052,76.715
2026-09-02T08:09:49.511235+07:00,c8_sim,104,9.299,24.537,0.874,46.386,0.057,81.153
2026-09-02T08:09:49.578003+07:00,c8_sim,105,8.526,20.021,0.478,44.826,0.023,73.874
2026-09-02T08:09:49.663732+07:00,c8_sim,106,9.003,16.797,0.523,43.221,0.038,69.582
2026-09-02T08:09:49.752984+07:00,c8_sim,107,7.379,20.304,0.750,40.930,0.046,69.409
2026-09-02T08:09:49.832257+07:00,c8_sim,108,8.877,15.925,0.601,39.706,0.026,65.136
2026-09-02T08:09:49.916537+07:00,c8_sim,109,7.489,15.080,0.568,41.320,0.045,64.502
2026-09-02T08:09:49.998933+07:00,c8_sim,110,8.362,16.538,0.502,40.096,0.041,65.539
2026-09-02T08:09:50.077556+07:00,c8_sim,111,9.528,14.438,0.477,39.451,0.040,63.933
2026-09-02T08:09:50.184828+07:00,c8_sim,112,9.923,22.135,0.684,36.395,0.036,69.172
2026-09-02T08:09:50.268416+07:00,c8_sim,113,8.186,21.959,0.912,34.461,0.035,65.554
2026-09-02T08:09:50.347793+07:00,c8_sim,114,7.934,20.797,0.819,33.900,0.032,63.482
2026-09-02T08:09:50.425665+07:00,c8_sim,115,8.406,16.188,0.587,35.639,0.045,60.865
2026-09-02T08:09:50.537257+07:00,c8_sim,116,8.477,24.344,0.824,37.841,0.045,71.531
2026-09-02T08:09:50.601910+07:00,c8_sim,117,7.454,18.212,0.737,44.428,0.054,70.885
2026-09-02T08:09:50.692494+07:00,c8_sim,118,10.576,21.763,0.454,43.283,0.049,76.125
2026-09-02T08:09:50.779913+07:00,c8_sim,119,10.796,20.135,0.491,43.739,0.055,75.215
2026-09-02T08:09:50.870461+07:00,c8_sim,120,9.838,20.388,1.118,41.868,0.038,73.250
2026-09-02T08:09:50.958734+07:00,c8_sim,121,7.360,20.031,0.636,40.349,0.039,68.415
2026-09-02T08:09:51.046043+07:00,c8_sim,122,8.790,20.068,0.716,39.421,0.046,69.040
2026-09-02T08:09:51.136869+07:00,c8_sim,123,8.702,22.503,0.641,39.404,0.039,71.289
2026-09-02T08:09:51.195270+07:00,c8_sim,124,7.028,15.953,0.447,39.698,0.027,63.154
2026-09-02T08:09:51.311793+07:00,c8_sim,125,8.554,21.941,0.733,41.272,0.040,72.540
2026-09-02T08:09:51.375067+07:00,c8_sim,126,6.651,15.737,0.495,45.834,0.045,68.762
2026-09-02T08:09:51.473883+07:00,c8_sim,127,10.987,21.498,0.723,48.868,0.052,82.129
2026-09-02T08:09:51.517582+07:00,c8_sim,128,10.950,18.561,0.000,0.000,0.014,29.525
2026-09-02T08:09:51.615654+07:00,c10_sim,1,8.578,25.646,0.000,0.000,0.007,34.230
2026-09-02T08:09:51.762606+07:00,c10_sim,2,9.483,24.136,0.000,0.000,0.012,33.631
2026-09-02T08:09:51.911300+07:00,c10_sim,3,10.543,21.790,0.000,0.000,0.012,32.345
2026-09-02T08:09:52.047136+07:00,c10_sim,4,8.024,33.890,0.000,0.000,0.013,41.927
2026-09-02T08:09:52.204704+07:00,c10_sim,5,10.778,32.986,0.000,0.000,0.011,43.775
2026-09-02T08:09:52.352663+07:00,c10_sim,6,10.881,45.315,0.000,0.000,0.007,56.202
2026-09-02T08:09:52.546966+07:00,c10_sim,7,8.254,37.101,0.778,58.427,0.073,104.633
2026-09-02T08:09:52.652191+07:00,c10_sim,8,8.367,22.260,0.738,30.512,0.021,61.897
2026-09-02T08:09:52.806231+07:00,c10_sim,9,9.789,25.899,0.650,37.375,0.024,73.736
2026-09-02T08:09:52.936640+07:00,c10_sim,10,7.821,19.723,0.506,37.538,0.020,65.607
2026-09-02T08:09:53.109059+07:00,c10_sim,11,10.831,22.728,0.741,46.372,0.025,80.697
2026-09-02T08:09:53.269966+07:00,c10_sim,12,7.857,36.295,0.864,46.926,0.034,91.976
2026-09-02T08:09:53.447155+07:00,c10_sim,13,7.988,34.416,0.817,92.033,0.105,135.359
2026-09-02T08:09:53.569382+07:00,c10_sim,14,7.931,19.663,0.653,75.426,0.092,103.765
2026-09-02T08:09:53.721399+07:00,c10_sim,15,7.834,31.971,0.686,67.509,0.080,108.081
2026-09-02T08:09:53.841181+07:00,c10_sim,16,9.125,32.952,0.710,59.679,0.094,102.559
2026-09-02T08:09:53.971031+07:00,c10_sim,17,8.551,18.426,0.630,59.520,0.024,87.150
2026-09-02T08:09:54.130917+07:00,c10_sim,18,7.515,20.516,0.652,61.011,0.024,89.719
2026-09-02T08:09:54.264709+07:00,c10_sim,19,8.633,18.938,0.566,62.007,0.023,90.168
2026-09-02T08:09:54.422364+07:00,c10_sim,20,8.492,21.269,0.565,64.645,0.025,94.995
2026-09-02T08:09:54.581262+07:00,c10_sim,21,10.309,30.796,0.732,78.828,0.104,120.769
2026-09-02T08:09:54.737750+07:00,c10_sim,22,7.990,20.729,0.681,109.196,0.049,138.645
2026-09-02T08:09:54.904203+07:00,c10_sim,23,9.440,24.797,0.934,113.753,0.162,149.085
2026-09-02T08:09:55.035353+07:00,c10_sim,24,8.422,26.089,0.976,102.187,0.200,137.874
2026-09-02T08:09:55.173203+07:00,c10_sim,25,8.761,22.149,0.590,87.506,0.052,119.057
2026-09-02T08:09:55.399849+07:00,c10_sim,26,7.574,29.661,1.052,169.698,0.075,208.059
2026-09-02T08:09:55.566740+07:00,c10_sim,27,7.098,28.938,0.844,134.504,0.214,171.598
2026-09-02T08:09:55.700527+07:00,c10_sim,28,6.816,27.848,1.068,102.525,0.070,138.328
2026-09-02T08:09:55.870693+07:00,c10_sim,29,8.187,29.279,0.671,138.447,0.080,176.664
2026-09-02T08:09:56.084711+07:00,c10_sim,30,8.824,44.292,1.039,166.731,0.070,220.956
2026-09-02T08:09:56.240462+07:00,c10_sim,31,14.238,41.845,0.836,110.996,0.052,167.967
2026-09-02T08:09:56.415359+07:00,c10_sim,32,8.142,27.590,1.159,144.106,0.071,181.069
2026-09-02T08:09:56.548402+07:00,c10_sim,33,9.880,24.166,0.727,106.246,0.213,141.232
2026-09-02T08:09:56.728595+07:00,c10_sim,34,9.928,29.703,0.952,147.514,0.108,188.204
2026-09-02T08:09:56.896315+07:00,c10_sim,35,7.145,33.075,1.070,131.231,0.052,172.572
2026-09-02T08:09:57.107142+07:00,c10_sim,36,8.850,24.495,0.766,183.719,0.102,217.931
2026-09-02T08:09:57.272418+07:00,c10_sim,37,11.219,35.023,0.898,125.191,0.054,172.385
2026-09-02T08:09:57.398902+07:00,c10_sim,38,10.747,25.432,1.001,97.237,0.189,134.606
2026-09-02T08:09:57.537509+07:00,c10_sim,39,11.052,23.507,0.784,112.463,0.058,147.864
2026-09-02T08:09:57.767679+07:00,c10_sim,40,8.400,29.031,0.797,198.610,0.059,236.897
2026-09-02T08:09:57.905878+07:00,c10_sim,41,10.218,22.161,0.666,112.630,0.052,145.727
2026-09-02T08:09:58.063506+07:00,c10_sim,42,8.686,23.073,0.806,131.743,0.114,164.422
2026-09-02T08:09:58.257903+07:00,c10_sim,43,9.719,32.434,0.884,158.811,0.075,201.922
2026-09-02T08:09:58.395884+07:00,c10_sim,44,11.123,28.604,0.836,106.123,0.084,146.770
2026-09-02T08:09:58.546503+07:00,c10_sim,45,6.632,26.335,0.895,121.445,0.083,155.389
2026-09-02T08:09:58.699528+07:00,c10_sim,46,12.053,40.181,0.688,110.032,0.056,163.010
2026-09-02T08:09:58.770164+07:00,c10_sim,47,7.441,21.078,0.753,47.400,0.048,76.719
2026-09-02T08:09:58.843033+07:00,c10_sim,48,7.361,24.529,0.698,46.209,0.045,78.841
2026-09-02T08:09:58.970569+07:00,c10_sim,49,7.334,23.830,0.668,101.254,0.081,133.167
2026-09-02T08:09:59.051828+07:00,c10_sim,50,7.565,24.473,0.916,53.835,0.065,86.854
2026-09-02T08:09:59.129118+07:00,c10_sim,51,9.984,33.279,0.473,41.884,0.041,85.661
2026-09-02T08:09:59.148786+07:00,c10_sim,52,8.839,17.775,0.702,0.005,0.018,27.339
2026-09-02T08:09:59.163454+07:00,c10_sim,53,6.836,14.153,0.000,0.000,0.014,21.004
2026-09-02T08:09:59.264721+07:00,c10_sim,54,10.290,23.663,0.731,0.005,0.019,34.709
2026-09-02T08:09:59.410534+07:00,c10_sim,55,13.022,22.486,0.528,0.007,0.025,36.067
2026-09-02T08:09:59.552628+07:00,c10_sim,56,13.328,22.604,0.000,0.000,0.027,35.959
2026-09-02T08:09:59.699540+07:00,c10_sim,57,12.024,19.602,0.000,0.000,0.012,31.638
2026-09-02T08:09:59.853922+07:00,c10_sim,58,11.666,28.085,0.732,0.000,0.019,40.502
2026-09-02T08:10:00.006749+07:00,c12_sim,1,7.040,40.906,0.000,0.000,0.011,47.957
2026-09-02T08:10:00.146029+07:00,c12_sim,2,11.660,39.373,0.000,0.000,0.012,51.045
2026-09-02T08:10:00.279068+07:00,c12_sim,3,9.175,37.158,0.000,0.000,0.013,46.346
2026-09-02T08:10:00.410508+07:00,c12_sim,4,13.548,33.612,0.000,0.000,0.014,47.174
2026-09-02T08:10:00.615050+07:00,c12_sim,5,12.526,37.816,0.580,50.149,0.055,101.126
2026-09-02T08:10:00.717481+07:00,c12_sim,6,8.931,22.014,0.546,30.156,0.060,61.707
2026-09-02T08:10:00.813406+07:00,c12_sim,7,10.572,22.319,0.000,0.000,0.013,32.905
2026-09-02T08:10:01.030539+07:00,c12_sim,8,12.664,36.060,1.030,53.240,0.079,103.073
2026-09-02T08:10:01.129723+07:00,c12_sim,9,13.296,20.275,0.533,28.563,0.061,62.728
2026-09-02T08:10:01.257275+07:00,c12_sim,10,11.684,24.387,0.646,29.702,0.021,66.440
2026-09-02T08:10:01.410098+07:00,c12_sim,11,13.610,26.205,0.574,30.092,0.055,70.537
2026-09-02T08:10:01.525490+07:00,c12_sim,12,8.487,20.405,0.563,29.250,0.021,58.727
2026-09-02T08:10:01.669292+07:00,c12_sim,13,11.669,22.513,0.590,29.995,0.066,64.833
2026-09-02T08:10:01.848464+07:00,c12_sim,14,12.758,36.955,0.796,48.873,0.022,99.404
2026-09-02T08:10:01.952800+07:00,c12_sim,15,13.065,23.450,0.538,28.885,0.022,65.959
2026-09-02T08:10:02.136111+07:00,c12_sim,16,14.040,36.136,0.875,57.943,0.032,109.026
2026-09-02T08:10:02.247297+07:00,c12_sim,17,13.598,28.139,0.604,31.249,0.020,73.609
2026-09-02T08:10:02.381524+07:00,c12_sim,18,24.487,24.788,0.671,31.409,0.024,81.378
2026-09-02T08:10:02.510418+07:00,c12_sim,19,7.688,20.898,0.514,30.487,0.014,59.601
2026-09-02T08:10:02.635374+07:00,c12_sim,20,7.020,15.858,0.501,31.158,0.015,54.552
2026-09-02T08:10:02.809362+07:00,c12_sim,21,13.540,30.439,0.821,46.503,0.076,91.379
2026-09-02T08:10:02.918538+07:00,c12_sim,22,13.201,20.823,0.591,37.577,0.036,72.228
2026-09-02T08:10:03.097170+07:00,c12_sim,23,10.978,33.085,0.790,52.284,0.039,97.176
2026-09-02T08:10:03.169857+07:00,c12_sim,24,13.522,22.187,0.000,0.000,0.012,35.721
2026-09-02T08:10:03.326363+07:00,c12_sim,25,14.599,34.070,0.000,0.000,0.023,48.692
2026-09-02T08:10:03.441355+07:00,c12_sim,26,10.340,20.894,0.000,0.000,0.018,31.252
2026-09-02T08:10:03.597525+07:00,c12_sim,27,12.284,29.656,0.878,0.000,0.021,42.839
2026-09-02T08:10:03.809855+07:00,c12_sim,28,12.953,34.999,0.939,73.796,0.232,122.919
2026-09-02T08:10:03.857540+07:00,c12_sim,29,11.887,23.942,0.000,0.000,0.021,35.849
2026-09-02T08:10:04.065589+07:00,c12_sim,30,13.003,36.580,0.999,52.164,0.023,102.769
2026-09-02T08:10:04.131754+07:00,c12_sim,31,9.420,18.332,0.000,0.000,0.017,27.768
2026-09-02T08:10:04.284920+07:00,c11_sim,1,10.981,32.690,0.000,0.000,0.010,43.681
2026-09-02T08:10:04.418921+07:00,c11_sim,2,8.507,44.575,0.000,0.000,0.013,53.095
2026-09-02T08:10:04.523480+07:00,c11_sim,3,10.054,36.465,0.000,0.000,0.013,46.532
2026-09-02T08:10:04.656005+07:00,c11_sim,4,10.716,34.497,0.000,0.000,0.015,45.228
2026-09-02T08:10:04.846814+07:00,c11_sim,5,11.744,40.354,0.568,55.872,0.068,108.606
2026-09-02T08:10:04.896016+07:00,c11_sim,6,6.972,17.016,0.535,30.895,0.024,55.442
2026-09-02T08:10:05.014453+07:00,c11_sim,7,12.622,26.664,0.000,0.000,0.014,39.301
2026-09-02T08:10:05.169012+07:00,c11_sim,8,12.955,25.993,0.658,36.432,0.043,76.081
2026-09-02T08:10:05.242933+07:00,c11_sim,9,10.485,24.107,0.000,0.000,0.016,34.608
2026-09-02T08:10:05.365230+07:00,c11_sim,10,10.888,29.939,0.000,0.000,0.019,40.846
2026-09-02T08:10:05.562511+07:00,c11_sim,11,9.379,41.033,0.871,57.511,0.058,108.852
2026-09-02T08:10:05.578235+07:00,c11_sim,12,7.685,15.529,0.000,0.000,0.012,23.226
2026-09-02T08:10:05.714740+07:00,c11_sim,13,10.701,20.156,0.000,0.000,0.013,30.869
2026-09-02T08:10:05.837068+07:00,c11_sim,14,11.921,23.403,0.000,0.000,0.023,35.346
2026-09-02T08:10:06.030284+07:00,c11_sim,15,8.476,38.751,0.900,57.623,0.025,105.774
2026-09-02T08:10:06.101287+07:00,c11_sim,16,9.038,17.877,0.526,28.098,0.053,55.591
2026-09-02T08:10:06.236768+07:00,c11_sim,17,9.350,23.014,0.724,35.546,0.060,68.694
2026-09-02T08:10:06.363288+07:00,c11_sim,18,10.000,25.030,0.724,38.506,0.034,74.294
2026-09-02T08:10:06.466686+07:00,c11_sim,19,13.614,22.318,0.541,36.647,0.022,73.143
2026-09-02T08:10:06.597854+07:00,c11_sim,20,7.231,22.745,0.747,39.464,0.023,70.210
2026-09-02T08:10:06.712947+07:00,c11_sim,21,9.677,23.026,0.601,41.864,0.032,75.198
2026-09-02T08:10:06.828740+07:00,c11_sim,22,10.500,23.143,0.574,41.751,0.081,76.049
2026-09-02T08:10:06.973130+07:00,c11_sim,23,12.837,28.041,0.687,42.770,0.026,84.361
2026-09-02T08:10:07.077435+07:00,c11_sim,24,9.632,20.043,0.707,39.381,0.028,69.792
2026-09-02T08:10:07.179902+07:00,c11_sim,25,9.480,22.155,0.691,35.499,0.022,67.848
2026-09-02T08:10:07.276370+07:00,c11_sim,26,9.685,22.120,0.000,0.000,0.018,31.823
2026-09-02T08:10:07.438801+07:00,c11_sim,27,8.335,29.184,0.643,40.324,0.020,78.506
2026-09-02T08:10:07.550488+07:00,c11_sim,28,15.196,24.259,0.773,35.400,0.041,75.669
2026-09-02T08:10:07.681228+07:00,c11_sim,29,12.817,22.245,0.522,34.411,0.070,70.066
2026-09-02T08:10:07.790236+07:00,c11_sim,30,8.670,21.765,0.810,35.046,0.081,66.371
2026-09-02T08:10:07.918673+07:00,c11_sim,31,12.265,23.832,0.801,35.455,0.034,72.387
2026-09-02T08:10:08.024017+07:00,c11_sim,32,10.914,22.206,0.640,36.204,0.050,70.013
2026-09-02T08:10:08.160621+07:00,c11_sim,33,13.054,23.537,0.654,38.883,0.039,76.166
2026-09-02T08:10:08.266496+07:00,c11_sim,34,10.076,21.578,0.659,37.491,0.036,69.839
2026-09-02T08:10:08.400055+07:00,c11_sim,35,9.153,23.447,0.847,40.720,0.045,74.212
2026-09-02T08:10:08.516056+07:00,c11_sim,36,13.358,26.789,0.890,41.819,0.042,82.897
2026-09-02T08:10:08.655516+07:00,c11_sim,37,14.068,23.256,0.659,43.237,0.051,81.271
2026-09-02T08:10:08.733978+07:00,c11_sim,38,7.981,17.120,0.572,35.404,0.077,61.154
2026-09-02T08:10:08.861393+07:00,c11_sim,39,12.417,21.031,0.584,35.127,0.078,69.237
2026-09-02T08:10:08.992075+07:00,c11_sim,40,13.206,25.748,0.685,35.777,0.036,75.453
2026-09-02T08:10:09.126361+07:00,c11_sim,41,9.099,25.047,0.695,38.400,0.036,73.277
2026-09-02T08:10:09.228569+07:00,c11_sim,42,11.510,19.567,0.618,36.757,0.034,68.485
2026-09-02T08:10:09.358131+07:00,c11_sim,43,9.522,21.628,0.564,39.386,0.044,71.145
2026-09-02T08:10:09.466213+07:00,c11_sim,44,8.884,21.532,0.633,37.939,0.049,69.037
2026-09-02T08:10:09.598831+07:00,c11_sim,45,9.257,21.633,0.641,38.537,0.046,70.114
2026-09-02T08:10:09.711329+07:00,c11_sim,46,15.374,22.685,0.570,40.530,0.091,79.250
2026-09-02T08:10:09.857353+07:00,c11_sim,47,13.643,27.959,0.658,41.791,0.041,84.093
2026-09-02T08:10:09.939687+07:00,c11_sim,48,11.777,19.536,0.555,36.648,0.026,68.541
2026-09-02T08:10:10.078504+07:00,c11_sim,49,13.823,27.137,0.487,36.068,0.038,77.553
2026-09-02T08:10:10.182883+07:00,c11_sim,50,9.458,22.318,0.675,36.712,0.033,69.194
2026-09-02T08:10:10.316637+07:00,c11_sim,51,10.845,24.768,0.738,36.687,0.040,73.078
2026-09-02T08:10:10.422561+07:00,c11_sim,52,10.131,19.033,0.493,36.113,0.056,65.826
2026-09-02T08:10:10.557894+07:00,c11_sim,53,13.611,22.806,0.630,38.723,0.041,75.810
2026-09-02T08:10:10.691740+07:00,c11_sim,54,12.626,23.649,0.743,42.625,0.043,79.686
2026-09-02T08:10:10.776756+07:00,c11_sim,55,7.616,20.017,0.613,38.017,0.055,66.318
2026-09-02T08:10:10.903120+07:00,c11_sim,56,6.436,20.888,0.705,33.701,0.031,61.760
2026-09-02T08:10:11.033779+07:00,c11_sim,57,9.607,24.035,0.554,35.630,0.029,69.855
2026-09-02T08:10:11.160162+07:00,c11_sim,58,10.011,23.340,0.645,39.730,0.039,73.764
2026-09-02T08:10:11.267966+07:00,c11_sim,59,8.046,19.413,0.631,38.786,0.036,66.913
2026-09-02T08:10:11.403439+07:00,c11_sim,60,8.007,25.351,0.593,37.161,0.033,71.144
2026-09-02T08:10:11.516234+07:00,c11_sim,61,9.674,21.303,0.477,39.874,0.057,71.385
2026-09-02T08:10:11.632898+07:00,c11_sim,62,11.617,22.597,0.677,40.805,0.062,75.758
2026-09-02T08:10:11.746075+07:00,c11_sim,63,8.656,20.831,1.157,42.828,0.039,73.511
2026-09-02T08:10:11.857813+07:00,c11_sim,64,7.602,20.487,0.751,39.523,0.046,68.409
2026-09-02T08:10:11.956898+07:00,c11_sim,65,9.235,24.071,0.000,0.000,0.014,33.320
2026-09-02T08:10:12.123679+07:00,c11_sim,66,7.833,26.391,0.577,43.308,0.043,78.153
2026-09-02T08:10:12.233200+07:00,c11_sim,67,10.535,22.229,0.651,37.321,0.041,70.776
2026-09-02T08:10:12.338056+07:00,c11_sim,68,8.243,23.026,0.726,34.671,0.030,66.697
2026-09-02T08:10:12.513924+07:00,c11_sim,69,9.990,25.578,0.760,79.820,0.098,116.246
2026-09-02T08:10:12.579423+07:00,c11_sim,70,6.791,18.832,0.764,44.853,0.046,71.286
2026-09-02T08:10:12.755423+07:00,c11_sim,71,12.038,22.343,0.630,82.850,0.096,117.957
2026-09-02T08:10:12.951345+07:00,c11_sim,72,6.872,24.362,0.705,168.589,0.130,200.657
2026-09-02T08:10:13.109803+07:00,c11_sim,73,7.350,43.604,0.764,112.350,0.131,164.199
2026-09-02T08:10:13.297458+07:00,c11_sim,74,7.713,28.197,0.691,156.742,0.116,193.459
2026-09-02T08:10:13.387562+07:00,c11_sim,75,7.076,31.372,1.089,56.208,0.086,95.830
2026-09-02T08:10:13.468285+07:00,c11_sim,76,7.705,27.001,0.678,51.836,0.032,87.252
2026-09-02T08:10:13.553144+07:00,c11_sim,77,6.924,24.272,0.679,57.699,0.033,89.607
2026-09-02T08:10:13.648186+07:00,c11_sim,78,8.216,23.034,0.645,68.884,0.035,100.814
2026-09-02T08:10:13.740607+07:00,c11_sim,79,6.866,28.128,0.642,61.321,0.035,96.992
2026-09-02T08:10:13.870500+07:00,c11_sim,80,7.971,23.451,0.773,104.182,0.062,136.439
2026-09-02T08:10:14.007380+07:00,c11_sim,81,7.304,26.078,0.915,108.309,0.053,142.659
2026-09-02T08:10:14.151894+07:00,c11_sim,82,9.210,24.379,0.862,117.678,0.080,152.209
2026-09-02T08:10:14.286073+07:00,c11_sim,83,7.708,26.421,0.882,105.328,0.052,140.392
2026-09-02T08:10:14.426885+07:00,c11_sim,84,9.161,27.622,0.907,110.613,0.142,148.446
2026-09-02T08:10:14.597384+07:00,c11_sim,85,7.849,28.321,0.861,139.423,0.130,176.585
2026-09-02T08:10:14.748812+07:00,c11_sim,86,10.458,25.839,0.716,123.115,0.144,160.272
2026-09-02T08:10:14.917056+07:00,c11_sim,87,6.979,30.435,0.923,135.250,0.056,173.642
2026-09-02T08:10:15.105778+07:00,c11_sim,88,7.242,30.288,0.906,155.847,0.189,194.472
2026-09-02T08:10:15.270380+07:00,c11_sim,89,6.761,24.023,0.854,138.261,0.070,169.969
2026-09-02T08:10:15.396841+07:00,c11_sim,90,9.014,24.919,0.955,98.990,0.055,133.933
2026-09-02T08:10:15.502424+07:00,c11_sim,91,14.121,19.708,0.790,83.554,0.166,118.340
2026-09-02T08:10:15.624163+07:00,c11_sim,92,6.027,22.060,0.810,97.324,0.077,126.299
2026-09-02T08:10:15.751956+07:00,c11_sim,93,11.105,23.591,0.882,101.795,0.049,137.422
2026-09-02T08:10:15.883891+07:00,c11_sim,94,8.686,20.448,0.916,109.032,0.062,139.145
2026-09-02T08:10:16.013619+07:00,c11_sim,95,9.597,20.991,0.711,106.548,0.057,137.903
2026-09-02T08:10:16.133582+07:00,c11_sim,96,9.285,20.443,0.701,97.027,0.143,127.600
2026-09-02T08:10:16.263729+07:00,c11_sim,97,7.595,20.391,0.606,107.656,0.072,136.321
2026-09-02T08:10:16.391602+07:00,c11_sim,98,7.503,22.694,0.728,102.667,0.178,133.769
2026-09-02T08:10:16.508683+07:00,c11_sim,99,7.646,24.030,0.850,90.598,0.075,123.199
2026-09-02T08:10:16.630218+07:00,c11_sim,100,7.672,24.324,0.777,94.841,0.059,127.672
2026-09-02T08:10:16.752582+07:00,c11_sim,101,7.949,22.954,0.881,96.533,0.224,128.541
2026-09-02T08:10:16.880883+07:00,c11_sim,102,8.521,23.900,0.896,101.815,0.087,135.219
2026-09-02T08:10:17.004481+07:00,c11_sim,103,9.156,23.317,0.757,97.904,0.160,131.295
2026-09-02T08:10:17.126188+07:00,c11_sim,104,8.564,22.678,0.960,96.461,0.066,128.731
2026-09-02T08:10:17.244764+07:00,c11_sim,105,8.569,23.450,0.837,92.708,0.065,125.630
2026-09-02T08:10:17.365215+07:00,c11_sim,106,8.194,21.580,0.747,96.582,0.064,127.167
2026-09-02T08:10:17.493847+07:00,c11_sim,107,8.773,24.019,0.826,102.164,0.087,135.868
2026-09-02T08:10:17.620755+07:00,c11_sim,108,7.186,25.035,0.956,99.234,0.066,132.477
2026-09-02T08:10:17.740842+07:00,c11_sim,109,6.366,22.218,0.980,95.229,0.079,124.871
2026-09-02T08:10:17.858078+07:00,c11_sim,110,7.511,23.685,0.807,91.125,0.092,123.220
2026-09-02T08:10:17.978676+07:00,c11_sim,111,7.576,23.327,0.802,94.904,0.064,126.672
2026-09-02T08:10:18.100874+07:00,c11_sim,112,6.563,22.432,0.809,97.431,0.064,127.299
2026-09-02T08:10:18.232561+07:00,c11_sim,113,5.852,21.717,0.769,107.686,0.076,136.099
2026-09-02T08:10:18.360601+07:00,c11_sim,114,5.981,23.529,0.993,101.793,0.078,132.373
2026-09-02T08:10:18.479574+07:00,c11_sim,115,7.518,24.646,0.762,92.062,0.079,125.066
2026-09-02T08:10:18.597117+07:00,c11_sim,116,6.278,21.300,0.836,93.836,0.090,122.341
2026-09-02T08:10:18.723665+07:00,c11_sim,117,6.132,23.365,0.781,100.768,0.092,131.137
2026-09-02T08:10:18.853349+07:00,c11_sim,118,6.820,28.489,0.775,98.776,0.091,134.952
2026-09-02T08:10:18.976455+07:00,c11_sim,119,7.398,25.362,0.716,95.389,0.070,128.936
2026-09-02T08:10:19.096175+07:00,c11_sim,120,8.565,20.088,0.626,97.421,0.065,126.765
2026-09-02T08:10:19.216473+07:00,c11_sim,121,7.446,23.658,0.729,93.974,0.177,125.983
2026-09-02T08:10:19.343251+07:00,c11_sim,122,11.905,25.052,0.762,95.724,0.203,133.645
2026-09-02T08:10:19.467216+07:00,c11_sim,123,7.957,24.017,0.809,97.201,0.062,130.045
2026-09-02T08:10:19.586554+07:00,c11_sim,124,7.460,19.534,0.475,97.727,0.077,125.273
2026-09-02T08:10:19.716319+07:00,c11_sim,125,10.555,22.638,0.710,104.427,0.068,138.398
2026-09-02T08:10:19.839847+07:00,c11_sim,126,9.304,21.298,0.744,99.955,0.075,131.375
2026-09-02T08:10:19.964401+07:00,c11_sim,127,10.717,21.669,0.851,100.456,0.062,133.756
2026-09-02T08:10:20.080585+07:00,c11_sim,128,10.577,20.531,0.731,93.398,0.061,125.299
2026-09-02T08:10:20.198273+07:00,c11_sim,129,10.045,20.522,0.758,94.857,0.072,126.253
2026-09-02T08:10:20.318589+07:00,c11_sim,130,7.661,20.446,0.707,97.642,0.066,126.523
2026-09-02T08:10:20.445265+07:00,c11_sim,131,7.657,20.573,0.693,103.847,0.065,132.836
2026-09-02T08:10:20.571622+07:00,c11_sim,132,8.169,23.234,0.820,100.687,0.063,132.974
2026-09-02T08:10:20.645641+07:00,c11_sim,133,7.295,24.319,0.699,47.823,0.058,80.194
2026-09-02T08:10:20.713871+07:00,c11_sim,134,7.741,20.969,0.759,45.105,0.056,74.630
2026-09-02T08:10:20.779244+07:00,c11_sim,135,7.010,19.209,0.671,44.334,0.055,71.279
2026-09-02T08:10:20.846851+07:00,c11_sim,136,8.791,20.593,0.670,45.164,0.056,75.275
2026-09-02T08:10:20.914253+07:00,c11_sim,137,6.147,20.649,0.704,44.879,0.056,72.434
2026-09-02T08:10:20.979749+07:00,c11_sim,138,6.685,18.875,0.650,44.845,0.058,71.113
2026-09-02T08:10:21.047344+07:00,c11_sim,139,8.316,19.192,0.774,46.477,0.057,74.815
2026-09-02T08:10:21.118789+07:00,c11_sim,140,7.004,23.004,0.732,46.566,0.044,77.350
2026-09-02T08:10:21.190422+07:00,c11_sim,141,6.966,21.583,0.695,48.181,0.057,77.482
2026-09-02T08:10:21.264097+07:00,c11_sim,142,6.854,20.555,0.827,50.314,0.051,78.601
2026-09-02T08:10:21.402071+07:00,c11_sim,143,8.718,24.220,0.894,86.475,0.048,120.356
2026-09-02T08:10:21.518906+07:00,c11_sim,144,6.996,17.553,0.616,97.094,0.075,122.335
2026-09-02T08:10:21.661096+07:00,c11_sim,145,8.116,21.034,0.670,118.953,0.069,148.841
2026-09-02T08:10:21.801199+07:00,c11_sim,146,7.881,24.402,0.799,113.195,0.200,146.477
2026-09-02T08:10:21.931062+07:00,c11_sim,147,8.784,23.047,1.073,104.190,0.060,137.155
2026-09-02T08:10:22.067825+07:00,c11_sim,148,7.887,23.674,0.851,110.526,0.224,143.161
2026-09-02T08:10:22.194205+07:00,c11_sim,149,6.894,22.154,0.872,101.743,0.065,131.728
2026-09-02T08:10:22.318445+07:00,c11_sim,150,6.792,22.564,0.812,99.295,0.095,129.557
2026-09-02T08:10:22.444868+07:00,c11_sim,151,6.994,24.163,0.719,99.942,0.072,131.889
2026-09-02T08:10:22.576032+07:00,c11_sim,152,7.417,24.992,0.736,103.842,0.072,137.060
2026-09-02T08:10:22.699846+07:00,c11_sim,153,8.347,25.270,0.763,96.270,0.068,130.719
2026-09-02T08:10:22.824427+07:00,c11_sim,154,9.702,21.524,0.785,100.626,0.097,132.734
2026-09-02T08:10:22.951263+07:00,c11_sim,155,8.949,22.930,0.737,101.409,0.209,134.234
2026-09-02T08:10:23.074064+07:00,c11_sim,156,8.800,21.184,0.929,98.929,0.216,130.058
2026-09-02T08:10:23.199502+07:00,c11_sim,157,9.456,28.155,0.677,94.611,0.192,133.092
2026-09-02T08:10:23.325238+07:00,c11_sim,158,10.080,22.376,0.740,101.056,0.071,134.323
2026-09-02T08:10:23.446806+07:00,c11_sim,159,6.861,22.424,0.773,96.649,0.240,126.946
2026-09-02T08:10:23.564688+07:00,c11_sim,160,7.591,22.658,0.772,92.527,0.239,123.787
2026-09-02T08:10:23.685031+07:00,c11_sim,161,7.225,20.132,0.919,97.690,0.072,126.037
2026-09-02T08:10:23.815666+07:00,c11_sim,162,6.846,20.421,0.732,107.855,0.062,135.916
2026-09-02T08:10:24.000460+07:00,c11_sim,163,7.160,21.997,0.802,160.387,0.113,190.460
2026-09-02T08:10:24.104422+07:00,c11_sim,164,6.338,36.425,0.902,64.899,0.058,108.621
2026-09-02T08:10:24.181992+07:00,c11_sim,165,7.820,25.418,0.927,49.622,0.057,83.843
2026-09-02T08:10:24.246635+07:00,c11_sim,166,8.764,20.552,0.840,41.723,0.045,71.924
2026-09-02T08:10:24.308063+07:00,c11_sim,167,7.288,18.994,0.632,40.572,0.052,67.537
2026-09-02T08:10:24.369924+07:00,c11_sim,168,7.093,17.831,0.664,41.776,0.053,67.418
2026-09-02T08:10:24.460219+07:00,c11_sim,169,9.023,20.404,0.716,45.140,0.061,75.344
2026-09-02T08:10:24.596649+07:00,c11_sim,170,15.120,22.292,0.588,37.686,0.056,75.742
2026-09-02T08:10:24.706591+07:00,c11_sim,171,11.483,27.156,0.682,33.940,0.058,73.319
2026-09-02T08:10:24.828916+07:00,c11_sim,172,15.331,23.096,0.696,30.315,0.041,69.480
2026-09-02T08:10:24.932901+07:00,c11_sim,173,14.881,23.085,0.647,29.997,0.044,68.654
2026-09-02T08:10:25.028168+07:00,c11_sim,174,15.592,24.608,0.579,0.004,0.016,40.799
2026-09-02T08:10:25.156657+07:00,c11_sim,175,12.984,35.613,1.021,0.007,0.031,49.656
2026-09-02T08:10:25.264479+07:00,c11_sim,176,12.670,35.528,0.949,0.007,0.030,49.183
2026-09-02T08:10:25.399455+07:00,c11_sim,177,11.862,36.239,0.989,0.007,0.031,49.128
2026-09-02T08:10:25.534029+07:00,c11_sim,178,14.149,36.421,1.044,0.008,0.033,51.655
2026-09-02T08:10:25.627814+07:00,c11_sim,179,12.217,22.383,0.766,0.006,0.022,35.394
2026-09-02T08:10:25.744666+07:00,c11_sim,180,8.118,26.085,0.886,0.007,0.029,35.125
2026-09-02T08:10:25.876057+07:00,c11_sim,181,14.382,37.190,0.999,0.008,0.030,52.609
2026-09-02T08:10:26.008520+07:00,c11_sim,182,13.390,37.235,1.287,0.008,0.035,51.955
2026-09-02T08:10:26.114880+07:00,c11_sim,183,12.100,37.152,0.992,0.008,0.029,50.281
2026-09-02T08:10:26.228316+07:00,c11_sim,184,10.482,37.041,1.069,0.009,0.034,48.635
2026-09-02T08:10:26.360743+07:00,c11_sim,185,13.263,37.387,0.984,0.009,0.030,51.674
2026-09-02T08:10:26.470437+07:00,c11_sim,186,9.543,36.934,0.975,0.008,0.029,47.490
2026-09-02T08:10:26.600776+07:00,c11_sim,187,13.285,38.597,1.003,0.008,0.031,52.923
2026-09-02T08:10:26.728405+07:00,c11_sim,188,10.716,35.591,0.964,0.007,0.527,47.805
2026-09-02T08:10:26.836814+07:00,c11_sim,189,8.661,36.501,0.933,0.010,0.086,46.192
2026-09-02T08:10:26.944021+07:00,c11_sim,190,7.219,37.438,1.179,0.010,0.030,45.877
2026-09-02T08:10:27.081771+07:00,c11_sim,191,11.378,38.856,0.938,0.007,0.023,51.202
2026-09-02T08:10:27.188504+07:00,c11_sim,192,10.066,41.164,0.820,0.006,0.027,52.084
2026-09-02T08:10:27.312013+07:00,c11_sim,193,9.439,33.875,0.821,0.006,0.022,44.163
2026-09-02T08:10:27.436876+07:00,c11_sim,194,12.257,27.671,0.986,0.007,0.028,40.950
2026-09-02T08:10:27.540678+07:00,c11_sim,195,9.766,30.458,0.900,0.007,0.028,41.159
2026-09-02T08:10:27.672735+07:00,c11_sim,196,14.607,35.535,1.034,0.007,0.030,51.213
2026-09-02T08:10:27.801396+07:00,c11_sim,197,6.370,34.070,0.642,0.005,0.018,41.104
2026-09-02T08:10:27.922272+07:00,c11_sim,198,9.915,46.064,0.920,0.008,0.027,56.934
2026-09-02T08:10:28.038505+07:00,c11_sim,199,8.235,42.628,0.832,0.007,0.025,51.727
2026-09-02T08:10:28.157400+07:00,c11_sim,200,10.678,43.323,0.916,0.007,0.027,54.951
2026-09-02T08:10:28.288421+07:00,c11_sim,201,14.358,37.647,1.039,0.008,0.030,53.081
2026-09-02T08:10:28.399845+07:00,c11_sim,202,10.796,37.177,1.018,0.008,0.031,49.030
2026-09-02T08:10:28.507886+07:00,c11_sim,203,10.316,36.939,0.947,0.007,0.030,48.239
2026-09-02T08:10:28.643112+07:00,c11_sim,204,12.901,35.426,0.976,0.008,0.034,49.344
2026-09-02T08:10:28.752052+07:00,c11_sim,205,13.992,35.601,1.005,0.008,0.031,50.636
2026-09-02T08:10:28.889275+07:00,c11_sim,206,11.602,38.078,1.083,0.009,0.032,50.804
2026-09-02T08:10:29.003934+07:00,c11_sim,207,11.048,38.550,1.039,0.008,0.033,50.678
2026-09-02T08:10:29.110133+07:00,c11_sim,208,11.281,36.504,1.053,0.008,0.032,48.879
2026-09-02T08:10:29.243522+07:00,c11_sim,209,14.674,37.080,1.028,0.008,0.030,52.820
2026-09-02T08:10:29.354825+07:00,c11_sim,210,9.116,39.547,0.936,0.008,0.029,49.636
2026-09-02T08:10:29.486070+07:00,c11_sim,211,15.149,37.233,1.156,0.009,0.032,53.579
2026-09-02T08:10:29.596090+07:00,c11_sim,212,15.437,37.080,1.001,0.009,0.039,53.565
2026-09-02T08:10:29.727585+07:00,c11_sim,213,9.940,37.369,1.019,0.007,0.029,48.363
2026-09-02T08:10:29.841896+07:00,c11_sim,214,13.451,40.704,0.985,0.010,0.033,55.182
2026-09-02T08:10:29.952186+07:00,c11_sim,215,13.720,36.381,0.903,0.007,0.031,51.042
2026-09-02T08:10:30.082976+07:00,c11_sim,216,13.104,36.137,1.002,0.009,0.029,50.281
2026-09-02T08:10:30.192640+07:00,c11_sim,217,15.879,38.294,0.963,0.007,0.029,55.172
2026-09-02T08:10:30.328064+07:00,c11_sim,218,15.193,38.952,1.078,0.008,0.033,55.265
2026-09-02T08:10:30.441547+07:00,c11_sim,219,14.890,37.080,1.166,0.009,0.034,53.180
2026-09-02T08:10:30.549545+07:00,c11_sim,220,13.999,37.143,1.000,0.008,0.030,52.180
2026-09-02T08:10:30.685393+07:00,c11_sim,221,13.005,37.858,1.156,0.009,0.034,52.062
2026-09-02T08:10:30.796550+07:00,c11_sim,222,15.269,37.436,1.024,0.008,0.031,53.768
2026-09-02T08:10:30.908603+07:00,c11_sim,223,14.170,36.399,1.022,0.007,0.029,51.626
2026-09-02T08:10:31.043729+07:00,c11_sim,224,10.941,40.199,0.929,0.006,0.028,52.103
2026-09-02T08:10:31.153383+07:00,c11_sim,225,12.327,38.119,1.083,0.009,0.032,51.570
2026-09-02T08:10:31.268477+07:00,c11_sim,226,11.435,40.345,0.905,0.006,0.028,52.719
2026-09-02T08:10:31.404851+07:00,c11_sim,227,14.602,38.193,0.882,0.007,0.029,53.712
2026-09-02T08:10:31.513652+07:00,c11_sim,228,9.981,40.677,0.999,0.008,0.034,51.699
2026-09-02T08:10:31.629317+07:00,c11_sim,229,7.528,38.261,0.984,0.007,0.029,46.810
2026-09-02T08:10:31.761154+07:00,c11_sim,230,10.651,37.087,0.984,0.008,0.030,48.759
2026-09-02T08:10:31.871971+07:00,c11_sim,231,11.381,38.423,1.035,0.008,0.031,50.879
2026-09-02T08:10:32.009962+07:00,c11_sim,232,15.362,36.424,1.130,0.009,0.035,52.960
2026-09-02T08:10:32.110020+07:00,c11_sim,233,15.015,33.874,0.635,0.005,0.021,49.550
2026-09-02T08:10:32.243139+07:00,c11_sim,234,9.944,36.301,0.838,0.006,0.025,47.115
2026-09-02T08:10:32.348281+07:00,c11_sim,235,13.240,36.760,0.955,0.007,0.031,50.992
2026-09-02T08:10:32.483357+07:00,c11_sim,236,12.894,39.109,0.969,0.008,0.031,53.012
2026-09-02T08:10:32.594663+07:00,c11_sim,237,8.769,38.658,1.090,0.008,0.033,48.558
2026-09-02T08:10:32.708312+07:00,c11_sim,238,9.258,41.875,0.797,0.006,0.029,51.964
2026-09-02T08:10:32.815596+07:00,c11_sim,239,7.307,36.039,0.570,0.005,0.018,43.939
2026-09-02T08:10:32.946752+07:00,c11_sim,240,8.761,36.852,0.794,0.006,0.024,46.437
2026-09-02T08:10:33.050178+07:00,c11_sim,241,10.478,26.271,0.776,0.007,0.024,37.556
2026-09-02T08:10:33.181728+07:00,c11_sim,242,11.110,32.616,0.786,0.007,0.025,44.543
2026-09-02T08:10:33.296332+07:00,c11_sim,243,8.579,22.199,0.721,0.006,0.021,31.527
2026-09-02T08:10:33.423430+07:00,c11_sim,244,7.262,25.359,0.803,0.007,0.027,33.458
2026-09-02T08:10:33.560438+07:00,c11_sim,245,12.418,38.478,0.938,0.007,0.033,51.875
2026-09-02T08:10:33.675860+07:00,c11_sim,246,7.263,41.650,0.854,0.007,0.029,49.803
2026-09-02T08:10:33.790731+07:00,c11_sim,247,9.201,44.989,1.065,0.010,0.034,55.299
2026-09-02T08:10:33.905657+07:00,c11_sim,248,9.135,41.202,0.826,0.007,0.029,51.198
2026-09-02T08:10:34.026482+07:00,c11_sim,249,9.178,43.737,0.596,0.004,0.017,53.532
2026-09-02T08:10:34.148792+07:00,c11_sim,250,11.705,25.566,0.869,0.008,0.029,38.177
2026-09-02T08:10:34.282823+07:00,c11_sim,251,11.911,36.333,0.997,0.008,0.031,49.280
2026-09-02T08:10:34.388840+07:00,c11_sim,252,13.300,42.424,0.000,0.000,0.031,55.754
2026-09-02T08:10:34.501223+07:00,c11_sim,253,11.523,40.551,0.000,0.000,0.023,52.097
2026-09-02T08:10:34.627174+07:00,c11_sim,254,11.810,35.539,0.000,0.000,0.024,47.373
2026-09-02T08:10:34.755690+07:00,c11_sim,255,9.747,33.607,0.000,0.000,0.023,43.377
2026-09-02T08:10:34.862626+07:00,c11_sim,256,10.147,34.233,0.000,0.000,0.023,44.404
2026-09-02T08:10:34.980263+07:00,c11_sim,257,9.421,24.724,0.571,0.005,0.019,34.739
2026-09-02T08:10:35.108366+07:00,c11_sim,258,8.145,33.157,0.994,0.008,0.032,42.335
2026-09-02T08:10:35.225333+07:00,c11_sim,259,9.886,40.822,0.941,0.010,0.031,51.691
2026-09-02T08:10:35.360569+07:00,c11_sim,260,13.086,37.092,1.065,0.009,0.034,51.286
2026-09-02T08:10:35.470200+07:00,c11_sim,261,15.176,37.705,0.951,0.018,0.037,53.887
2026-09-02T08:10:35.600716+07:00,c11_sim,262,15.136,38.619,0.967,0.008,0.034,54.764
2026-09-02T08:10:35.695671+07:00,c11_sim,263,10.057,24.678,0.716,0.006,0.023,35.479
2026-09-02T08:10:35.816758+07:00,c11_sim,264,9.279,27.291,0.728,0.006,0.022,37.327
2026-09-02T08:10:35.946220+07:00,c11_sim,265,8.174,32.285,0.832,0.009,0.029,41.329
2026-09-02T08:10:36.083967+07:00,c11_sim,266,13.973,36.905,0.901,0.007,0.032,51.818
2026-09-02T08:10:36.196345+07:00,c11_sim,267,14.971,37.564,0.898,0.007,0.031,53.470
2026-09-02T08:10:36.306873+07:00,c11_sim,268,14.695,36.824,0.868,0.007,0.031,52.426
2026-09-02T08:10:36.429185+07:00,c11_sim,269,13.300,25.604,0.696,0.006,0.022,39.627
2026-09-02T08:10:36.533426+07:00,c11_sim,270,8.557,26.964,0.842,0.007,0.028,36.399
2026-09-02T08:10:36.668052+07:00,c11_sim,271,11.404,35.077,0.964,0.008,0.030,47.483
2026-09-02T08:10:36.781174+07:00,c11_sim,272,14.851,36.623,0.927,0.007,0.031,52.440
2026-09-02T08:10:36.918081+07:00,c11_sim,273,12.530,37.753,0.940,0.007,0.029,51.259
2026-09-02T08:10:37.026644+07:00,c11_sim,274,15.114,36.901,1.029,0.008,0.033,53.085
2026-09-02T08:10:37.151538+07:00,c11_sim,275,9.935,33.771,0.000,0.000,0.025,43.732
2026-09-02T08:10:37.255326+07:00,c11_sim,276,8.358,33.745,0.000,0.000,0.024,42.127
2026-09-02T08:10:37.387778+07:00,c11_sim,277,7.805,39.434,0.543,0.000,0.013,47.794
2026-09-02T08:10:37.423567+07:00,c11_sim,278,6.602,33.042,0.822,0.006,0.159,40.631
2026-09-02T08:10:37.458077+07:00,c11_sim,279,6.278,32.389,0.903,0.007,0.028,39.604
2026-09-02T08:10:37.515490+07:00,c11_sim,280,6.868,34.402,0.884,0.007,0.027,42.188
2026-09-02T08:10:37.548754+07:00,c11_sim,281,7.542,31.311,0.636,0.005,0.018,39.512
2026-09-02T08:10:37.581338+07:00,c11_sim,282,7.310,30.813,0.609,0.005,0.020,38.757
2026-09-02T08:10:37.641696+07:00,c11_sim,283,6.865,33.292,0.568,0.005,0.016,40.746
2026-09-02T08:10:37.674041+07:00,c11_sim,284,7.715,30.735,0.468,0.003,0.013,38.935
2026-09-02T08:10:37.706270+07:00,c11_sim,285,7.414,30.666,0.537,0.004,0.017,38.639
2026-09-02T08:10:37.740320+07:00,c11_sim,286,6.911,32.417,0.533,0.004,0.016,39.882
2026-09-02T08:10:37.801560+07:00,c11_sim,287,8.043,33.417,0.785,0.007,0.026,42.278
2026-09-02T08:10:37.835937+07:00,c11_sim,288,6.582,32.664,0.505,0.004,0.016,39.770
2026-09-02T08:10:37.868839+07:00,c11_sim,289,7.814,30.490,0.415,0.004,0.248,38.971
2026-09-02T08:10:37.900715+07:00,c11_sim,290,7.615,30.428,0.449,0.004,0.035,38.531
2026-09-02T08:10:37.954207+07:00,c11_sim,291,8.391,31.040,0.505,0.004,0.014,39.954
2026-09-02T08:10:37.988418+07:00,c11_sim,292,7.421,32.364,0.749,0.007,0.022,40.563
2026-09-02T08:10:38.023434+07:00,c11_sim,293,6.553,33.242,0.612,0.005,0.016,40.429
2026-09-02T08:10:38.059680+07:00,c11_sim,294,6.710,34.139,0.877,0.006,0.026,41.758
2026-09-02T08:10:38.121404+07:00,c11_sim,295,7.019,34.741,0.526,0.004,0.015,42.306
2026-09-02T08:10:38.156087+07:00,c11_sim,296,7.023,32.652,0.800,0.008,0.025,40.508
2026-09-02T08:10:38.193899+07:00,c11_sim,297,6.462,35.736,0.790,0.007,0.024,43.019
2026-09-02T08:10:38.226116+07:00,c11_sim,298,6.200,30.764,0.428,0.003,0.011,37.407
2026-09-02T08:10:38.242063+07:00,c11_sim,299,7.327,14.635,0.388,0.003,0.010,22.363
2026-09-02T08:10:38.288808+07:00,c11_sim,300,6.715,19.999,0.664,0.005,0.020,27.403
2026-09-02T08:10:38.336778+07:00,c11_sim,301,6.914,20.966,0.650,0.006,0.021,28.557
2026-09-02T08:10:38.384076+07:00,c11_sim,302,6.760,20.521,0.450,0.003,0.012,27.746
2026-09-02T08:10:38.404689+07:00,c11_sim,303,6.316,19.206,0.387,0.003,0.010,25.922
2026-09-02T08:10:38.460243+07:00,c11_sim,304,6.326,28.290,0.763,0.006,0.024,35.408
2026-09-02T08:10:38.515856+07:00,c11_sim,305,5.965,33.250,0.907,0.008,0.028,40.158
2026-09-02T08:10:38.549156+07:00,c11_sim,306,8.013,31.625,0.462,0.004,0.013,40.116
2026-09-02T08:10:38.581967+07:00,c11_sim,307,6.865,31.257,0.537,0.004,0.017,38.681
2026-09-02T08:10:38.640845+07:00,c11_sim,308,7.419,31.876,0.649,0.006,0.016,39.966
2026-09-02T08:10:38.674444+07:00,c11_sim,309,8.368,32.128,0.446,0.003,0.011,40.956
2026-09-02T08:10:38.706906+07:00,c11_sim,310,6.586,31.118,0.380,0.003,0.010,38.097
2026-09-02T08:10:38.740258+07:00,c11_sim,311,6.927,31.921,0.436,0.003,0.011,39.299
2026-09-02T08:10:38.802650+07:00,c11_sim,312,7.921,35.122,0.743,0.006,0.023,43.815
2026-09-02T08:10:38.836200+07:00,c11_sim,313,6.321,31.850,0.499,0.003,0.014,38.688
2026-09-02T08:10:38.870203+07:00,c11_sim,314,7.821,32.486,0.428,0.003,0.011,40.749
2026-09-02T08:10:38.903176+07:00,c11_sim,315,6.586,31.564,0.422,0.003,0.010,38.585
2026-09-02T08:10:38.957255+07:00,c11_sim,316,8.064,32.022,0.485,0.004,0.012,40.587
2026-09-02T08:10:38.989616+07:00,c11_sim,317,8.222,31.031,0.372,0.003,0.009,39.637
2026-09-02T08:10:39.022916+07:00,c11_sim,318,7.104,31.924,0.400,0.003,0.012,39.442
2026-09-02T08:10:39.083545+07:00,c11_sim,319,7.151,33.682,0.410,0.003,0.160,41.406
2026-09-02T08:10:39.118805+07:00,c11_sim,320,7.490,33.293,0.794,0.007,0.022,41.606
2026-09-02T08:10:39.151798+07:00,c11_sim,321,6.893,31.280,0.513,0.003,0.017,38.706
2026-09-02T08:10:39.183530+07:00,c11_sim,322,8.343,30.386,0.356,0.002,0.010,39.097
2026-09-02T08:10:39.245231+07:00,c11_sim,323,7.765,34.951,0.517,0.004,0.014,43.251
2026-09-02T08:10:39.276657+07:00,c11_sim,324,7.087,29.973,0.411,0.003,0.012,37.486
2026-09-02T08:10:39.307852+07:00,c11_sim,325,8.499,29.696,0.401,0.003,0.012,38.611
2026-09-02T08:10:39.339603+07:00,c11_sim,326,7.856,30.338,0.400,0.003,0.009,38.606
2026-09-02T08:10:39.400877+07:00,c11_sim,327,7.886,34.724,0.527,0.004,0.015,43.156
2026-09-02T08:10:39.431829+07:00,c11_sim,328,6.954,28.728,0.488,0.004,0.012,36.186
2026-09-02T08:10:39.459915+07:00,c11_sim,329,6.037,26.872,0.537,0.004,0.013,33.463
2026-09-02T08:10:39.504924+07:00,c11_sim,330,6.022,19.653,0.577,0.007,0.023,26.282
2026-09-02T08:10:39.524448+07:00,c11_sim,331,6.462,17.779,0.623,0.005,0.020,24.889
2026-09-02T08:10:39.566251+07:00,c11_sim,332,8.069,18.903,0.574,0.005,0.018,27.568
2026-09-02T08:10:39.614373+07:00,c11_sim,333,5.810,21.433,0.530,0.005,0.017,27.794
2026-09-02T08:10:39.664555+07:00,c11_sim,334,7.473,23.462,0.643,0.005,0.018,31.600
2026-09-02T08:10:39.688637+07:00,c11_sim,335,6.498,22.106,0.672,0.007,0.026,29.309
2026-09-02T08:10:39.742143+07:00,c11_sim,336,6.599,27.844,0.663,0.005,0.019,35.130
2026-09-02T08:10:39.801388+07:00,c11_sim,337,7.216,35.188,0.506,0.005,0.016,42.931
2026-09-02T08:10:39.840488+07:00,c11_sim,338,6.218,37.389,0.652,0.006,0.022,44.287
2026-09-02T08:10:39.882243+07:00,c11_sim,339,6.505,40.154,0.526,0.004,0.017,47.205
2026-09-02T08:10:39.924965+07:00,c11_sim,340,6.764,40.706,0.776,0.007,0.031,48.284
2026-09-02T08:10:39.960615+07:00,c11_sim,341,6.542,33.969,0.534,0.014,0.017,41.075
2026-09-02T08:10:39.976938+07:00,c11_sim,342,7.235,14.879,0.463,0.003,0.013,22.594
2026-09-02T08:10:40.019478+07:00,c11_sim,343,6.728,18.662,0.569,0.004,0.016,25.980
2026-09-02T08:10:40.067038+07:00,c11_sim,344,6.557,20.989,0.394,0.003,0.011,27.953
2026-09-02T08:10:40.087451+07:00,c11_sim,345,6.992,18.861,0.406,0.004,0.014,26.277
2026-09-02T08:10:40.133129+07:00,c11_sim,346,7.766,19.249,0.429,0.004,0.014,27.462
2026-09-02T08:10:40.181708+07:00,c11_sim,347,5.886,22.147,0.365,0.003,0.011,28.411
2026-09-02T08:10:40.205381+07:00,c11_sim,348,5.857,22.319,0.413,0.003,0.014,28.606
2026-09-02T08:10:40.254965+07:00,c11_sim,349,6.994,28.027,0.393,0.003,0.012,35.428
2026-09-02T08:10:40.309469+07:00,c11_sim,350,6.697,29.293,0.000,0.000,0.012,36.003
2026-09-02T08:10:40.343638+07:00,c11_sim,351,7.370,32.277,0.522,0.005,0.013,40.187
2026-09-02T08:10:40.400237+07:00,c11_sim,352,7.125,31.315,0.000,0.000,0.008,38.448
2026-09-02T08:10:40.430965+07:00,c11_sim,353,7.344,30.590,0.000,0.000,0.011,37.944
2026-09-02T08:10:40.461276+07:00,c11_sim,354,7.908,30.148,0.000,0.000,0.010,38.066
2026-09-02T08:10:40.523932+07:00,c11_sim,355,7.929,36.046,0.571,0.005,0.016,44.567
2026-09-02T08:10:40.554070+07:00,c11_sim,356,8.192,28.783,0.446,0.004,0.013,37.438
2026-09-02T08:10:40.582372+07:00,c11_sim,357,5.863,27.082,0.433,0.004,0.013,33.394
2026-09-02T08:10:40.639680+07:00,c11_sim,358,6.153,30.784,0.522,0.006,0.018,37.483
2026-09-02T08:10:40.671642+07:00,c11_sim,359,6.378,30.391,0.567,0.005,0.017,37.358
2026-09-02T08:10:40.705010+07:00,c11_sim,360,6.867,31.624,0.524,0.005,0.017,39.037
2026-09-02T08:10:40.795156+07:00,c11_sim,361,7.482,30.427,0.455,58.150,0.019,96.533
2026-09-02T08:10:40.834792+07:00,c11_sim,362,6.794,11.016,0.332,27.604,0.012,45.758
2026-09-02T08:10:40.877522+07:00,c11_sim,363,5.633,10.996,0.307,30.695,0.012,47.644
2026-09-02T08:10:40.924511+07:00,c11_sim,364,5.620,11.475,0.331,34.406,0.011,51.843
2026-09-02T08:10:40.980635+07:00,c11_sim,365,5.526,13.004,0.360,42.008,0.017,60.916
2026-09-02T08:10:41.046232+07:00,c11_sim,366,5.478,15.299,0.382,48.995,0.016,70.169
2026-09-02T08:10:41.129716+07:00,c11_sim,367,6.677,19.092,0.397,62.814,0.033,89.013
2026-09-02T08:10:41.215582+07:00,c11_sim,368,6.653,22.382,0.497,61.826,0.031,91.388
2026-09-02T08:10:41.292072+07:00,c11_sim,369,6.447,20.893,0.524,53.876,0.033,81.773
2026-09-02T08:10:41.313327+07:00,c11_sim,370,6.613,19.794,0.398,0.000,0.012,26.817
2026-09-02T08:10:41.377355+07:00,c11_sim,371,6.686,16.785,0.505,45.743,0.082,69.800
2026-09-02T08:10:41.444973+07:00,c11_sim,372,7.597,18.356,0.512,47.642,0.140,74.247
2026-09-02T08:10:41.516923+07:00,c11_sim,373,6.586,18.793,0.553,51.384,0.023,77.338
2026-09-02T08:10:41.590069+07:00,c11_sim,374,9.245,18.236,0.818,52.811,0.094,81.204
2026-09-02T08:10:41.666684+07:00,c11_sim,375,6.940,19.163,0.614,55.737,0.114,82.569
2026-09-02T08:10:41.738641+07:00,c11_sim,376,9.463,19.453,0.505,50.632,0.124,80.178
2026-09-02T08:10:41.814513+07:00,c11_sim,377,6.574,20.268,0.552,53.834,0.123,81.351
2026-09-02T08:10:41.884858+07:00,c11_sim,378,7.999,19.551,0.477,49.242,0.031,77.299
2026-09-02T08:10:41.952686+07:00,c11_sim,379,7.381,20.745,0.484,45.593,0.020,74.223
2026-09-02T08:10:42.026741+07:00,c11_sim,380,8.094,21.499,0.776,50.728,0.015,81.112
2026-09-02T08:10:42.097465+07:00,c11_sim,381,9.958,18.460,0.480,50.778,0.035,79.711
2026-09-02T08:10:42.169815+07:00,c11_sim,382,7.772,19.232,0.647,51.316,0.035,79.002
2026-09-02T08:10:42.244982+07:00,c11_sim,383,9.702,20.605,0.492,52.773,0.033,83.605
2026-09-02T08:10:42.318150+07:00,c11_sim,384,7.949,19.451,0.528,51.408,0.301,79.637
2026-09-02T08:10:42.389510+07:00,c11_sim,385,8.721,21.458,0.522,48.346,0.065,79.111
2026-09-02T08:10:42.651022+07:00,c11_sim,386,6.837,232.832,0.452,27.390,0.014,267.525
2026-09-02T08:10:42.651189+07:00,c12_sim,32,5.776,232.832,0.000,0.000,0.014,238.622
2026-09-02T08:10:42.697954+07:00,c11_sim,387,8.348,18.388,0.399,27.360,0.023,54.517
2026-09-02T08:10:42.698062+07:00,c12_sim,33,5.247,18.388,0.000,0.000,0.005,23.640
2026-09-02T08:10:42.749006+07:00,c11_sim,388,6.847,16.217,0.440,33.619,0.017,57.140
2026-09-02T08:10:42.749096+07:00,c12_sim,34,4.995,16.217,0.000,0.000,0.005,21.217
2026-09-02T08:10:42.815558+07:00,c11_sim,389,8.347,22.379,0.403,42.893,0.017,74.039
2026-09-02T08:10:42.815641+07:00,c12_sim,35,5.469,22.379,0.000,0.000,0.005,27.853
2026-09-02T08:10:42.939637+07:00,c11_sim,390,7.829,20.196,0.367,102.324,0.023,130.739
2026-09-02T08:10:43.049545+07:00,c11_sim,391,7.384,48.558,0.575,59.711,0.049,116.276
2026-09-02T08:10:43.049784+07:00,c12_sim,36,6.817,48.558,0.000,0.000,0.010,55.385
2026-09-02T08:10:43.130507+07:00,c11_sim,392,7.706,30.404,0.783,48.399,0.050,87.342
2026-09-02T08:10:43.130711+07:00,c12_sim,37,13.918,30.404,0.000,0.000,0.007,44.329
2026-09-02T08:10:43.206802+07:00,c11_sim,393,6.782,26.055,0.920,48.167,0.026,81.950
2026-09-02T08:10:43.207942+07:00,c12_sim,38,7.319,26.055,0.000,0.000,0.830,34.203
2026-09-02T08:10:43.236018+07:00,c10_sim,59,5.450,27.898,0.000,0.000,0.022,33.369
2026-09-02T08:10:43.288487+07:00,c11_sim,394,8.162,27.898,0.562,50.785,0.050,87.456
2026-09-02T08:10:43.366566+07:00,c11_sim,395,6.741,25.961,0.810,50.110,0.062,83.684
2026-09-02T08:10:43.399485+07:00,c10_sim,60,6.018,32.577,0.000,0.000,0.018,38.613
2026-09-02T08:10:43.445769+07:00,c11_sim,396,8.059,32.577,0.805,44.331,0.049,85.820
2026-09-02T08:10:43.478070+07:00,c10_sim,61,5.950,30.396,0.791,0.008,0.020,37.166
2026-09-02T08:10:43.524856+07:00,c11_sim,397,7.627,30.396,0.420,45.412,0.057,83.912
2026-09-02T08:10:43.597364+07:00,c11_sim,398,7.454,25.207,0.696,45.449,0.045,78.851
2026-09-02T08:10:43.634854+07:00,c10_sim,62,6.747,35.599,0.746,0.005,0.020,43.117
2026-09-02T08:10:43.682362+07:00,c11_sim,399,7.196,35.599,0.426,46.141,0.054,89.415
2026-09-02T08:10:43.709803+07:00,c10_sim,63,5.706,25.676,0.671,0.006,0.020,32.080
2026-09-02T08:10:43.709945+07:00,c11_sim,400,7.997,25.676,0.000,0.000,0.006,33.679
2026-09-02T08:10:43.726144+07:00,c11_sim,401,8.464,16.068,0.000,0.000,0.008,24.540
2026-09-02T08:10:43.741992+07:00,c11_sim,402,7.910,15.675,0.000,0.000,0.013,23.598
2026-09-02T08:10:43.815183+07:00,c10_sim,64,10.544,21.260,0.803,0.006,0.025,32.638
2026-09-02T08:10:43.953322+07:00,c10_sim,65,12.353,43.664,0.809,0.006,0.023,56.855
2026-09-02T08:10:44.064460+07:00,c10_sim,66,7.426,39.744,0.979,0.010,0.354,48.514
2026-09-02T08:10:44.160349+07:00,c10_sim,67,8.647,25.309,0.719,0.006,0.036,34.717
2026-09-02T08:10:44.286189+07:00,c10_sim,68,10.761,36.045,1.133,0.009,0.028,47.976
2026-09-02T08:10:44.408060+07:00,c10_sim,69,8.684,48.480,1.017,0.006,0.020,58.207
2026-09-02T08:10:44.517982+07:00,c10_sim,70,13.013,37.342,0.792,0.006,0.020,51.172
2026-09-02T08:10:44.638531+07:00,c10_sim,71,10.262,30.872,1.099,0.008,0.032,42.273
2026-09-02T08:10:44.748076+07:00,c10_sim,72,8.759,35.399,0.815,0.008,0.023,45.005
2026-09-02T08:10:44.888292+07:00,c10_sim,73,14.494,46.805,0.896,0.007,0.026,62.228
2026-09-02T08:10:44.984596+07:00,c10_sim,74,9.060,43.676,1.230,0.010,0.030,54.006
2026-09-02T08:10:45.103035+07:00,c10_sim,75,9.786,44.885,1.446,0.010,0.033,56.159
2026-09-02T08:10:45.221704+07:00,c10_sim,76,11.076,45.857,0.895,0.008,0.028,57.863
2026-09-02T08:10:45.345110+07:00,c10_sim,77,13.499,44.880,0.983,0.008,0.026,59.395
2026-09-02T08:10:45.434177+07:00,c10_sim,78,12.735,35.994,0.660,0.005,0.018,49.412
2026-09-02T08:10:45.535538+07:00,c10_sim,79,15.337,28.434,0.792,0.006,0.021,44.590
2026-09-02T08:10:45.751252+07:00,c10_sim,80,13.297,39.251,1.097,79.764,0.059,133.467
2026-09-02T08:10:45.834510+07:00,c10_sim,81,7.450,24.424,0.814,56.839,0.059,89.586
2026-09-02T08:10:45.952405+07:00,c10_sim,82,10.192,29.299,0.938,59.926,0.048,100.403
2026-09-02T08:10:46.062989+07:00,c10_sim,83,9.702,28.688,0.829,57.168,0.062,96.449
2026-09-02T08:10:46.164803+07:00,c10_sim,84,12.050,29.969,0.800,46.703,0.056,89.580
2026-09-02T08:10:46.254454+07:00,c10_sim,85,7.863,22.891,0.954,39.665,0.048,71.421
2026-09-02T08:10:46.363651+07:00,c10_sim,86,10.351,24.294,0.637,40.174,0.049,75.504
2026-09-02T08:10:46.514264+07:00,c10_sim,87,11.296,24.592,0.621,54.324,0.131,90.964
2026-09-02T08:10:46.758131+07:00,c10_sim,88,10.171,79.945,1.040,137.132,0.075,228.362
2026-09-02T08:10:46.859500+07:00,c10_sim,89,11.113,33.290,0.862,64.160,0.082,109.507
2026-09-02T08:10:46.949296+07:00,c10_sim,90,12.830,26.012,0.700,61.808,0.045,101.395
2026-09-02T08:10:47.083167+07:00,c10_sim,91,11.665,30.985,0.571,101.219,0.090,144.530
2026-09-02T08:10:47.121599+07:00,c10_sim,92,7.735,38.099,0.000,0.000,0.018,45.852
2026-09-02T08:10:47.150701+07:00,c10_sim,93,12.194,28.826,0.000,0.000,0.015,41.035
2026-09-02T08:10:47.286250+07:00,c10_sim,94,5.674,24.311,0.667,37.748,0.048,68.449
2026-09-02T08:10:47.463023+07:00,c10_sim,95,12.378,37.599,0.979,0.000,0.022,50.978
2026-09-02T08:10:47.662893+07:00,c10_sim,96,6.571,29.202,1.237,48.922,0.155,86.087
2026-09-02T08:10:47.831475+07:00,c10_sim,97,11.397,26.292,0.858,41.252,0.142,79.940
2026-09-02T08:10:48.062942+07:00,c10_sim,98,14.178,38.238,1.181,54.137,0.035,107.770
2026-09-02T08:10:48.185333+07:00,c10_sim,99,10.560,22.183,0.637,30.080,0.020,63.480
2026-09-02T08:10:48.381511+07:00,c10_sim,100,9.516,28.713,0.865,32.589,0.117,71.800
2026-09-02T08:10:48.596502+07:00,c10_sim,101,9.107,36.736,1.205,52.812,0.126,99.986
2026-09-02T08:10:48.750017+07:00,c10_sim,102,15.188,21.160,0.691,33.711,0.026,70.775
2026-09-02T08:10:48.931175+07:00,c10_sim,103,8.157,28.016,0.813,33.541,0.024,70.550
2026-09-02T08:10:49.144440+07:00,c10_sim,104,12.757,35.543,1.064,57.953,0.022,107.339
2026-09-02T08:10:49.328963+07:00,c10_sim,105,13.696,36.523,1.087,54.295,0.040,105.641
2026-09-02T08:10:49.454909+07:00,c10_sim,106,11.527,23.210,0.579,29.007,0.022,64.346
2026-09-02T08:10:49.663885+07:00,c10_sim,107,14.825,36.445,0.976,49.648,0.023,101.917
2026-09-02T08:10:49.877344+07:00,c10_sim,108,13.235,36.725,1.108,60.110,0.035,111.213
2026-09-02T08:10:49.997426+07:00,c10_sim,109,14.266,20.135,0.537,29.946,0.330,65.213
2026-09-02T08:10:50.212332+07:00,c10_sim,110,9.438,35.317,1.025,54.439,0.177,100.395
2026-09-02T08:10:50.397208+07:00,c10_sim,111,13.464,35.005,1.068,48.297,0.024,97.858
2026-09-02T08:10:50.580350+07:00,c10_sim,112,10.755,35.143,1.122,49.528,0.041,96.589
2026-09-02T08:10:50.728577+07:00,c10_sim,113,14.089,24.700,0.644,29.804,0.029,69.266
2026-09-02T08:10:50.945309+07:00,c10_sim,114,13.416,37.194,0.939,54.588,0.036,106.173
2026-09-02T08:10:51.129684+07:00,c10_sim,115,13.331,35.797,0.973,51.602,0.029,101.731
2026-09-02T08:10:51.327020+07:00,c10_sim,116,13.189,36.187,1.233,61.273,0.045,111.927
2026-09-02T08:10:51.423358+07:00,c10_sim,117,14.149,22.472,0.000,0.000,0.012,36.633
2026-09-02T08:10:51.617418+07:00,c10_sim,118,13.311,35.762,0.830,0.000,0.020,49.923
2026-09-02T08:10:51.807653+07:00,c10_sim,119,13.504,35.835,1.049,0.009,0.310,50.706
2026-09-02T08:10:51.980950+07:00,c10_sim,120,10.747,37.210,0.989,0.007,0.295,49.248
2026-09-02T08:10:52.160242+07:00,c10_sim,121,10.785,32.778,0.000,0.000,0.024,43.587
2026-09-02T08:10:52.323539+07:00,c10_sim,122,6.128,29.473,0.000,0.000,0.013,35.614
2026-09-02T08:10:52.503824+07:00,c10_sim,123,9.017,32.879,0.000,0.000,0.025,41.921
2026-09-02T08:10:52.705322+07:00,c11_sim,403,5.674,31.872,0.000,0.000,0.023,37.569
2026-09-02T08:10:52.854775+07:00,c11_sim,404,8.272,32.571,0.000,0.000,0.021,40.864
2026-09-02T08:10:53.006920+07:00,c11_sim,405,11.631,32.857,0.000,0.000,0.024,44.512
2026-09-02T08:10:53.162458+07:00,c11_sim,406,10.529,32.339,0.000,0.000,0.025,42.894
2026-09-02T08:10:53.303702+07:00,c11_sim,407,9.140,21.643,0.000,0.000,0.014,30.796
2026-09-02T08:10:53.452560+07:00,c11_sim,408,8.456,29.605,0.000,0.000,0.016,38.077
2026-09-02T08:10:53.598542+07:00,c11_sim,409,7.725,28.619,0.000,0.000,0.021,36.366
2026-09-02T08:10:53.768412+07:00,c11_sim,410,14.213,31.821,0.000,0.000,0.022,46.055
2026-09-02T08:10:53.920989+07:00,c11_sim,411,13.244,33.559,0.000,0.000,0.025,46.828
2026-09-02T08:10:54.069718+07:00,c11_sim,412,13.627,32.643,0.000,0.000,0.022,46.292
2026-09-02T08:10:54.233750+07:00,c11_sim,413,10.339,45.720,0.000,0.000,0.013,56.072
2026-09-02T08:10:54.375767+07:00,c11_sim,414,8.515,24.131,0.000,0.000,0.408,33.054
2026-09-02T08:10:54.524845+07:00,c11_sim,415,10.004,35.079,0.000,0.000,0.044,45.127
2026-09-02T08:10:54.673354+07:00,c11_sim,416,11.164,31.472,0.000,0.000,0.015,42.651
2026-09-02T08:10:54.844996+07:00,c11_sim,417,15.446,34.195,0.000,0.000,0.014,49.655
2026-09-02T08:10:54.990828+07:00,c11_sim,418,14.104,32.994,0.000,0.000,0.013,47.110
2026-09-02T08:10:55.141325+07:00,c11_sim,419,12.563,32.502,0.000,0.000,0.013,45.077
2026-09-02T08:10:55.291081+07:00,c11_sim,420,12.701,31.755,0.000,0.000,0.012,44.468
2026-09-02T08:10:55.441855+07:00,c11_sim,421,14.139,33.377,0.000,0.000,0.013,47.530
2026-09-02T08:10:55.599321+07:00,c11_sim,422,12.059,33.146,0.000,0.000,0.014,45.219
2026-09-02T08:10:55.751979+07:00,c11_sim,423,10.235,32.603,0.000,0.000,0.015,42.853
2026-09-02T08:10:55.912239+07:00,c11_sim,424,12.283,38.569,0.521,0.000,0.008,51.380
2026-09-02T08:10:56.098430+07:00,c11_sim,425,10.109,27.949,0.914,60.019,0.080,99.070
2026-09-02T08:10:56.233404+07:00,c11_sim,426,7.624,24.159,0.865,41.778,0.070,74.496
2026-09-02T08:10:56.415248+07:00,c11_sim,427,14.018,35.954,1.055,50.072,0.029,101.129
2026-09-02T08:10:56.548781+07:00,c11_sim,428,13.216,26.680,0.705,30.044,0.022,70.666
2026-09-02T08:10:56.677111+07:00,c11_sim,429,12.887,32.008,0.000,0.000,0.023,44.918
2026-09-02T08:10:56.894124+07:00,c11_sim,430,13.838,36.778,1.103,58.449,0.035,110.203
2026-09-02T08:10:56.981683+07:00,c11_sim,431,10.487,13.061,0.520,27.615,0.014,51.697
2026-09-02T08:10:57.177440+07:00,c11_sim,432,12.545,37.102,1.007,59.654,0.028,110.335
2026-09-02T08:10:57.242912+07:00,c11_sim,433,9.805,18.708,0.000,0.000,0.012,28.525
2026-09-02T08:10:57.402424+07:00,c11_sim,434,9.092,17.990,0.000,0.000,0.018,27.101
2026-09-02T08:10:57.560496+07:00,c11_sim,435,6.960,19.698,0.000,0.000,0.014,26.671
2026-09-02T08:10:57.724954+07:00,c11_sim,436,12.115,25.449,0.000,0.000,0.022,37.587
2026-09-02T08:10:57.883379+07:00,c11_sim,437,14.679,33.130,0.000,0.000,0.022,47.831
2026-09-02T08:10:58.096240+07:00,c11_sim,438,13.943,36.445,1.193,52.870,0.026,104.477
2026-09-02T08:10:58.192428+07:00,c11_sim,439,13.159,20.474,0.487,27.726,0.020,61.865
2026-09-02T08:10:58.411278+07:00,c11_sim,440,14.617,36.223,1.249,57.504,0.032,109.624
2026-09-02T08:10:58.509813+07:00,c11_sim,441,13.906,20.358,0.650,28.474,0.020,63.409
2026-09-02T08:10:58.695907+07:00,c11_sim,442,12.395,38.817,0.985,52.200,0.024,104.422
2026-09-02T08:10:58.814923+07:00,c11_sim,443,14.640,22.693,0.681,28.931,0.020,66.966
2026-09-02T08:10:58.996770+07:00,c11_sim,444,15.327,35.565,0.919,49.732,0.026,101.568
2026-09-02T08:10:59.112652+07:00,c11_sim,445,14.089,21.550,0.648,29.314,0.022,65.623
2026-09-02T08:10:59.295888+07:00,c11_sim,446,10.536,35.088,0.986,52.865,0.073,99.548
2026-09-02T08:10:59.415604+07:00,c11_sim,447,13.148,19.834,0.590,28.071,0.083,61.726
2026-09-02T08:10:59.627296+07:00,c11_sim,448,14.096,34.989,1.004,59.307,0.036,109.431
2026-09-02T08:10:59.726402+07:00,c11_sim,449,12.958,20.411,0.590,28.707,0.034,62.701
2026-09-02T08:10:59.884693+07:00,c11_sim,450,11.114,23.379,0.875,32.854,0.036,68.257
2026-09-02T08:11:00.035573+07:00,c11_sim,451,8.065,19.041,0.697,34.183,0.034,62.020
2026-09-02T08:11:00.184032+07:00,c11_sim,452,6.896,21.285,0.868,32.008,0.035,61.091
2026-09-02T08:11:00.377240+07:00,c11_sim,453,13.362,35.574,1.050,59.186,0.048,109.220
2026-09-02T08:11:00.505824+07:00,c11_sim,454,14.040,25.494,0.683,28.906,0.035,69.158
2026-09-02T08:11:00.655253+07:00,c11_sim,455,15.129,24.841,0.898,29.601,0.031,70.499
2026-09-02T08:11:00.788730+07:00,c11_sim,456,13.134,16.506,0.494,27.698,0.058,57.888
2026-09-02T08:11:00.978663+07:00,c11_sim,457,15.455,35.032,0.913,54.657,0.114,106.170
2026-09-02T08:11:01.102413+07:00,c11_sim,458,12.848,24.410,0.660,28.579,0.035,66.532
2026-09-02T08:11:01.242372+07:00,c11_sim,459,10.511,22.734,0.617,28.469,0.032,62.363
2026-09-02T08:11:01.446191+07:00,c11_sim,460,12.991,39.051,1.069,52.014,0.049,105.174
2026-09-02T08:11:01.542875+07:00,c11_sim,461,14.096,20.332,0.572,28.823,0.033,63.857
2026-09-02T08:11:01.709422+07:00,c11_sim,462,11.165,22.058,0.520,30.224,0.032,63.999
2026-09-02T08:11:01.896259+07:00,c11_sim,463,9.207,36.945,0.957,51.554,0.049,98.713
2026-09-02T08:11:01.999060+07:00,c11_sim,464,7.858,22.907,0.614,30.001,0.034,61.413
2026-09-02T08:11:02.139701+07:00,c11_sim,465,9.326,22.317,0.000,0.000,0.031,31.674
2026-09-02T08:11:02.294737+07:00,c11_sim,466,8.646,31.973,0.000,0.000,0.025,40.645
2026-09-02T08:11:02.511496+07:00,c11_sim,467,9.503,38.674,1.101,58.118,0.048,107.443
2026-09-02T08:11:02.629717+07:00,c11_sim,468,14.973,25.258,0.615,29.324,0.036,70.206
2026-09-02T08:11:02.817214+07:00,c11_sim,469,8.881,36.336,0.871,53.004,0.070,99.161
2026-09-02T08:11:02.915358+07:00,c11_sim,470,8.798,17.307,0.559,35.490,0.051,62.204
2026-09-02T08:11:03.098261+07:00,c11_sim,471,13.012,22.915,0.651,42.433,0.035,79.047
2026-09-02T08:11:03.302797+07:00,c11_sim,472,8.847,27.119,0.708,107.083,0.066,143.822
2026-09-02T08:11:03.493210+07:00,c11_sim,473,11.894,51.849,1.201,110.670,0.098,175.713
2026-09-02T08:11:03.625284+07:00,c11_sim,474,10.966,38.992,0.660,86.929,0.048,137.596
2026-09-02T08:11:03.739732+07:00,c11_sim,475,13.331,40.407,0.994,70.072,0.239,125.043
2026-09-02T08:11:03.865537+07:00,c11_sim,476,11.959,24.083,0.894,55.273,0.151,92.360
2026-09-02T08:11:03.999301+07:00,c11_sim,477,14.073,23.457,0.874,37.737,0.050,76.191
2026-09-02T08:11:04.221032+07:00,c11_sim,478,14.863,37.317,1.065,88.279,0.055,141.578
2026-09-02T08:11:04.317599+07:00,c11_sim,479,11.787,23.430,0.692,46.164,0.052,82.125
2026-09-02T08:11:04.405496+07:00,c11_sim,480,8.041,17.639,0.000,0.000,0.013,25.694
2026-09-02T08:11:04.570522+07:00,c11_sim,481,9.920,21.701,0.000,0.000,0.021,31.642
2026-09-02T08:11:04.730358+07:00,c11_sim,482,13.999,39.239,0.000,0.000,0.017,53.255
2026-09-02T08:11:04.884878+07:00,c11_sim,483,12.768,36.104,0.000,0.000,0.041,48.913
2026-09-02T08:11:05.033962+07:00,c11_sim,484,16.469,33.950,0.000,0.000,0.023,50.442
2026-09-02T08:11:05.183984+07:00,c11_sim,485,9.651,32.052,0.000,0.000,0.017,41.720
2026-09-02T08:11:05.390160+07:00,c11_sim,486,9.253,34.101,0.000,0.000,0.025,43.379
2026-09-02T08:11:05.601327+07:00,c11_sim,487,12.869,34.561,0.000,0.000,0.023,47.453
2026-09-02T08:11:05.783301+07:00,c11_sim,488,9.928,36.748,0.000,0.000,0.023,46.699
2026-09-02T08:11:06.002260+07:00,c11_sim,489,13.079,33.125,0.000,0.000,0.024,46.229
2026-09-02T08:11:06.200849+07:00,c11_sim,490,8.087,34.208,0.000,0.000,0.024,42.318
2026-09-02T08:11:06.392409+07:00,c11_sim,491,12.716,32.604,0.000,0.000,0.024,45.344
2026-09-02T08:11:06.600853+07:00,c11_sim,492,8.636,34.062,0.000,0.000,0.023,42.721
2026-09-02T08:11:06.796377+07:00,c11_sim,493,9.472,32.676,0.000,0.000,0.023,42.171
2026-09-02T08:11:06.994762+07:00,c11_sim,494,13.107,32.577,0.000,0.000,0.877,46.561
2026-09-02T08:11:07.203746+07:00,c11_sim,495,14.652,38.141,0.000,0.000,0.045,52.838
2026-09-02T08:11:07.404845+07:00,c11_sim,496,11.215,34.573,0.000,0.000,0.013,45.801
2026-09-02T08:11:07.603793+07:00,c11_sim,497,8.708,35.594,0.000,0.000,0.011,44.314
2026-09-02T08:11:07.797640+07:00,c11_sim,498,9.580,30.396,0.000,0.000,0.014,39.990
2026-09-02T08:11:08.000839+07:00,c11_sim,499,8.317,35.730,0.000,0.000,0.013,44.060
2026-09-02T08:11:08.192409+07:00,c11_sim,500,10.483,33.161,0.000,0.000,0.014,43.658
2026-09-02T08:11:08.391140+07:00,c11_sim,501,8.403,28.559,0.000,0.000,0.009,36.971
2026-09-02T08:11:08.604928+07:00,c11_sim,502,12.009,35.527,0.000,0.000,0.009,47.544
2026-09-02T08:11:08.800435+07:00,c9_sim,259,6.384,37.817,0.000,0.000,0.037,44.238
2026-09-02T08:11:09.001673+07:00,c9_sim,260,17.750,34.272,0.000,0.000,0.038,52.060
2026-09-02T08:11:09.247446+07:00,c9_sim,261,37.656,39.392,0.000,0.000,0.017,77.065
2026-09-02T08:11:09.403702+07:00,c9_sim,262,7.960,33.801,0.000,0.000,0.024,41.785
2026-09-02T08:11:09.593887+07:00,c9_sim,263,8.148,37.112,0.000,0.000,0.031,45.292
2026-09-02T08:11:09.850845+07:00,c9_sim,264,12.444,73.971,0.000,0.000,0.025,86.441
2026-09-02T08:11:10.007862+07:00,c9_sim,265,8.363,44.240,0.000,0.000,0.059,52.661
2026-09-02T08:11:10.292250+07:00,c9_sim,266,42.415,77.751,0.000,0.000,0.037,120.203
2026-09-02T08:11:10.875917+07:00,c9_sim,267,19.757,484.414,0.000,0.000,1.944,506.116
2026-09-02T08:11:11.041882+07:00,c9_sim,268,70.168,155.810,0.000,0.000,0.057,226.035
2026-09-02T08:11:11.084691+07:00,c9_sim,269,172.422,42.182,0.000,0.000,0.022,214.626
2026-09-02T08:11:11.145698+07:00,c9_sim,270,16.268,60.726,0.000,0.000,0.026,77.021
2026-09-02T08:11:11.204705+07:00,c9_sim,271,6.014,31.822,0.000,0.000,0.014,37.851
2026-09-02T08:11:11.413200+07:00,c9_sim,272,15.030,44.434,0.000,0.000,5.886,65.350
2026-09-02T08:11:11.594221+07:00,c9_sim,273,10.490,37.603,0.000,0.000,0.059,48.152
2026-09-02T08:11:11.845787+07:00,c9_sim,274,40.277,46.107,0.000,0.000,0.016,86.399
2026-09-02T08:11:11.998828+07:00,c9_sim,275,8.812,42.121,0.000,0.000,0.008,50.942
2026-09-02T08:11:12.198494+07:00,c9_sim,276,12.269,36.095,0.000,0.000,0.012,48.377
2026-09-02T08:11:12.392811+07:00,c9_sim,277,10.383,36.860,0.000,0.000,0.013,47.257
2026-09-02T08:11:12.608396+07:00,c9_sim,278,9.001,37.285,0.000,0.000,0.018,46.303
2026-09-02T08:11:12.807171+07:00,c9_sim,279,13.351,36.502,0.000,0.000,0.014,49.867
2026-09-02T08:11:12.983868+07:00,c9_sim,280,7.350,33.828,0.000,0.000,0.012,41.190
2026-09-02T08:11:13.203001+07:00,c9_sim,281,9.645,37.719,0.000,0.000,0.012,47.376
2026-09-02T08:11:13.403425+07:00,c9_sim,282,8.007,33.270,0.000,0.000,0.011,41.288
2026-09-02T08:11:13.597639+07:00,c9_sim,283,12.818,35.759,0.000,0.000,0.010,48.587
2026-09-02T08:11:13.811807+07:00,c9_sim,284,12.682,37.011,1.641,0.000,0.007,51.340
2026-09-02T08:11:14.012107+07:00,c9_sim,285,10.426,34.176,0.000,0.000,0.009,44.612
2026-09-02T08:11:14.201497+07:00,c9_sim,286,9.247,33.257,0.000,0.000,0.012,42.516
2026-09-02T08:11:14.387422+07:00,c9_sim,287,11.513,21.714,0.000,0.000,0.014,33.241
2026-09-02T08:11:14.613699+07:00,c9_sim,288,8.640,39.789,0.000,0.000,0.018,48.447
2026-09-02T08:11:14.936250+07:00,c9_sim,289,8.664,43.966,1.620,114.325,0.081,168.656
2026-09-02T08:11:14.972727+07:00,c9_sim,290,4.974,14.953,0.000,0.000,0.012,19.939
2026-09-02T08:11:15.195758+07:00,c9_sim,291,7.973,37.311,0.000,0.000,0.023,45.307
2026-09-02T08:11:15.401903+07:00,c9_sim,292,13.148,33.276,0.000,0.000,0.023,46.446
2026-09-02T08:11:15.593327+07:00,c9_sim,293,7.430,30.882,0.000,0.000,0.019,38.332
2026-09-02T08:11:15.886973+07:00,c9_sim,294,9.852,34.148,0.848,70.892,0.079,115.820
2026-09-02T08:11:15.980621+07:00,c9_sim,295,7.732,22.197,0.000,0.000,0.017,29.946
2026-09-02T08:11:16.194891+07:00,c9_sim,296,10.138,27.676,0.000,0.000,0.019,37.833
2026-09-02T08:11:16.397997+07:00,c9_sim,297,9.165,36.841,0.000,0.000,0.023,46.029
2026-09-02T08:11:16.593484+07:00,c9_sim,298,12.694,34.003,0.000,0.000,0.021,46.718
2026-09-02T08:11:16.861382+07:00,c9_sim,299,7.674,37.335,1.012,57.915,0.065,104.001
2026-09-02T08:11:17.013984+07:00,c9_sim,300,7.956,22.671,0.674,29.304,0.022,60.628
2026-09-02T08:11:17.261003+07:00,c9_sim,301,6.835,37.595,1.108,58.031,0.074,103.644
2026-09-02T08:11:17.477230+07:00,c9_sim,302,12.772,37.725,0.947,58.319,0.058,109.821
2026-09-02T08:11:17.631569+07:00,c9_sim,303,11.321,25.113,0.638,31.470,0.022,68.564
2026-09-02T08:11:17.861104+07:00,c9_sim,304,12.672,37.499,1.191,56.693,0.026,108.082
2026-09-02T08:11:18.031294+07:00,c9_sim,305,12.586,19.583,0.521,29.248,0.018,61.955
2026-09-02T08:11:18.246764+07:00,c9_sim,306,8.863,29.968,1.089,35.685,0.024,75.629
2026-09-02T08:11:18.462175+07:00,c9_sim,307,6.772,37.814,1.062,53.717,0.022,99.387
2026-09-02T08:11:18.640881+07:00,c9_sim,308,11.272,29.254,0.651,30.541,0.024,71.742
2026-09-02T08:11:18.817987+07:00,c9_sim,309,11.875,25.343,0.903,31.122,0.023,69.267
2026-09-02T08:11:19.033926+07:00,c9_sim,310,9.742,29.612,0.740,36.034,0.098,76.226
2026-09-02T08:11:19.250939+07:00,c9_sim,311,12.232,28.130,1.131,42.280,0.082,83.854
2026-09-02T08:11:19.443502+07:00,c9_sim,312,9.511,30.215,0.802,42.563,0.089,83.180
2026-09-02T08:11:19.677306+07:00,c9_sim,313,12.542,36.799,1.095,59.599,0.108,110.142
2026-09-02T08:11:19.863408+07:00,c9_sim,314,12.206,36.769,1.082,52.691,0.038,102.786
2026-09-02T08:11:20.015956+07:00,c9_sim,315,5.789,27.644,0.667,30.335,0.033,64.469
2026-09-02T08:11:20.294058+07:00,c9_sim,316,11.626,75.308,0.557,55.628,0.024,143.143
2026-09-02T08:11:20.417471+07:00,c9_sim,317,8.658,20.169,0.754,30.701,0.030,60.311
2026-09-02T08:11:20.699517+07:00,c9_sim,318,11.763,38.352,0.920,83.555,0.060,134.650
2026-09-02T08:11:20.846459+07:00,c9_sim,319,8.785,25.004,0.775,48.509,0.049,83.122
2026-09-02T08:11:21.033890+07:00,c9_sim,320,11.833,25.344,0.806,38.619,0.039,76.642
2026-09-02T08:11:21.261420+07:00,c9_sim,321,12.929,34.655,1.173,52.570,0.049,101.375
2026-09-02T08:11:21.460218+07:00,c9_sim,322,7.727,37.061,0.900,59.029,0.048,104.765
2026-09-02T08:11:21.662903+07:00,c9_sim,323,12.661,36.277,1.020,49.566,0.034,99.559
2026-09-02T08:11:21.814977+07:00,c9_sim,324,9.506,22.586,0.570,29.865,0.079,62.605
2026-09-02T08:11:22.045502+07:00,c9_sim,325,6.436,35.142,0.621,51.905,0.042,94.146
2026-09-02T08:11:22.261256+07:00,c9_sim,326,9.929,40.378,1.085,56.466,0.034,107.892
2026-09-02T08:11:22.413056+07:00,c9_sim,327,10.140,25.441,0.656,29.374,0.031,65.642
2026-09-02T08:11:22.673397+07:00,c9_sim,328,10.788,36.004,0.902,75.005,0.167,122.866
2026-09-02T08:11:22.842446+07:00,c9_sim,329,9.273,27.060,0.928,44.154,0.107,81.523
2026-09-02T08:11:23.028594+07:00,c9_sim,330,9.178,24.599,0.717,37.861,0.104,72.459
2026-09-02T08:11:23.229424+07:00,c9_sim,331,8.055,23.510,0.539,35.842,0.032,67.978
2026-09-02T08:11:23.433999+07:00,c9_sim,332,6.510,22.789,0.877,39.965,0.037,70.178
2026-09-02T08:11:23.642768+07:00,c9_sim,333,7.332,29.408,0.934,55.895,0.045,93.614
2026-09-02T08:11:23.853296+07:00,c9_sim,334,8.078,28.613,1.197,58.933,0.048,96.869
2026-09-02T08:11:24.064602+07:00,c9_sim,335,7.478,38.928,0.611,49.508,0.043,96.567
2026-09-02T08:11:24.279375+07:00,c9_sim,336,17.535,35.486,1.344,53.534,0.143,108.043
2026-09-02T08:11:24.451401+07:00,c9_sim,337,9.332,27.123,0.890,53.778,0.141,91.264
2026-09-02T08:11:24.663572+07:00,c9_sim,338,11.012,28.558,0.851,64.433,0.042,104.896
2026-09-02T08:11:24.841583+07:00,c9_sim,339,6.073,20.018,0.657,62.574,0.097,89.419
2026-09-02T08:11:25.601919+07:00,c9_sim,340,402.373,144.754,2.429,81.273,0.049,630.877
2026-09-02T08:11:25.620170+07:00,c9_sim,341,22.847,18.056,0.000,0.000,0.014,40.918
2026-09-02T08:11:25.635584+07:00,c9_sim,342,22.461,15.228,0.000,0.000,0.012,37.701
2026-09-02T08:11:25.653367+07:00,c9_sim,343,5.425,17.489,0.000,0.000,0.020,22.934
2026-09-02T08:11:25.819009+07:00,c8_sim,129,9.394,24.257,0.716,0.000,0.013,34.380
2026-09-02T08:11:26.048045+07:00,c8_sim,130,16.151,38.342,1.435,0.006,0.869,56.803
2026-09-02T08:11:26.258622+07:00,c8_sim,131,8.299,39.685,1.279,0.012,0.509,49.784
2026-09-02T08:11:26.434062+07:00,c8_sim,132,7.562,27.144,0.671,0.006,0.022,35.405
2026-09-02T08:11:26.642447+07:00,c8_sim,133,9.280,36.733,0.750,0.006,0.209,46.979
2026-09-02T08:11:26.860925+07:00,c8_sim,134,7.819,45.235,0.702,0.006,0.243,54.005
2026-09-02T08:11:27.044396+07:00,c8_sim,135,11.109,38.854,0.630,0.006,0.018,50.617
2026-09-02T08:11:27.236337+07:00,c8_sim,136,9.061,32.512,0.581,0.003,0.019,42.176
2026-09-02T08:11:27.495994+07:00,c8_sim,137,9.731,34.900,0.857,55.873,0.021,101.383
2026-09-02T08:11:27.679662+07:00,c8_sim,138,10.031,32.920,0.632,48.690,0.020,92.294
2026-09-02T08:11:27.911964+07:00,c8_sim,139,13.312,37.114,0.817,54.719,0.024,105.986
2026-09-02T08:11:28.034839+07:00,c8_sim,140,10.283,30.425,0.000,0.000,0.017,40.725
2026-09-02T08:11:28.295599+07:00,c8_sim,141,10.048,36.244,0.893,52.932,0.022,100.140
2026-09-02T08:11:28.522150+07:00,c8_sim,142,10.331,31.277,0.655,72.871,0.941,116.075
2026-09-02T08:11:28.710872+07:00,c8_sim,143,10.715,34.977,0.759,56.237,0.052,102.740
2026-09-02T08:11:28.834062+07:00,c8_sim,144,10.374,30.900,0.000,0.000,0.016,41.291
2026-09-02T08:11:29.094667+07:00,c8_sim,145,11.055,35.199,0.832,55.578,0.025,102.689
2026-09-02T08:11:29.285558+07:00,c8_sim,146,8.320,35.877,0.722,55.123,0.026,100.068
2026-09-02T08:11:29.495610+07:00,c8_sim,147,10.284,35.057,0.855,52.196,0.020,98.413
2026-09-02T08:11:29.696193+07:00,c8_sim,148,10.421,34.000,0.923,48.510,0.020,93.875
2026-09-02T08:11:29.873249+07:00,c8_sim,149,9.954,16.359,0.518,39.520,0.017,66.368
2026-09-02T08:11:30.110188+07:00,c8_sim,150,10.585,34.648,0.819,58.660,0.022,104.734
2026-09-02T08:11:30.294657+07:00,c8_sim,151,10.379,33.615,0.509,54.575,0.022,99.101
2026-09-02T08:11:30.511032+07:00,c8_sim,152,9.900,35.597,0.783,55.823,0.021,102.124
2026-09-02T08:11:30.614964+07:00,c8_sim,153,10.653,16.201,0.000,0.000,0.015,26.870
2026-09-02T08:11:30.894543+07:00,c8_sim,154,10.619,29.978,0.525,51.770,0.013,92.905
2026-09-02T08:11:31.095629+07:00,c8_sim,155,6.993,31.505,0.577,50.966,0.014,90.055
2026-09-02T08:11:31.237002+07:00,c8_sim,156,7.594,14.790,0.462,27.319,0.028,50.194
2026-09-02T08:11:31.453739+07:00,c8_sim,157,7.877,17.845,0.635,30.358,0.035,56.749
2026-09-02T08:11:31.638105+07:00,c8_sim,158,8.982,34.664,0.000,0.000,0.016,43.662
2026-09-02T08:11:31.838008+07:00,c8_sim,159,7.653,31.819,0.000,0.000,0.014,39.486
2026-09-02T08:11:32.041867+07:00,c8_sim,160,8.780,34.792,0.000,0.000,0.020,43.593
2026-09-02T08:11:32.234847+07:00,c8_sim,161,11.267,30.827,0.000,0.000,0.015,42.109
2026-09-02T08:11:32.436454+07:00,c8_sim,162,7.791,35.845,0.000,0.000,0.016,43.652
2026-09-02T08:11:32.637916+07:00,c8_sim,163,8.602,34.364,0.000,0.000,0.027,42.993
2026-09-02T08:11:32.837479+07:00,c8_sim,164,7.457,32.555,0.000,0.000,0.016,40.028
2026-09-02T08:11:33.037588+07:00,c8_sim,165,10.482,33.613,0.000,0.000,0.020,44.114
2026-09-02T08:11:33.242444+07:00,c8_sim,166,10.457,33.107,0.000,0.000,0.021,43.585
2026-09-02T08:11:33.446311+07:00,c8_sim,167,10.769,32.870,0.000,0.000,0.021,43.660
2026-09-02T08:11:33.651064+07:00,c8_sim,168,9.425,34.199,0.000,0.000,0.017,43.641
2026-09-02T08:11:33.822611+07:00,c8_sim,169,9.059,26.676,0.000,0.000,0.009,35.744
2026-09-02T08:11:34.039365+07:00,c8_sim,170,8.527,20.254,0.000,0.000,0.020,28.801
2026-09-02T08:11:34.232138+07:00,c8_sim,171,7.610,23.510,0.000,0.000,0.019,31.139
2026-09-02T08:11:34.442989+07:00,c8_sim,172,10.073,31.041,0.000,0.000,0.429,41.543
2026-09-02T08:11:34.642637+07:00,c8_sim,173,10.365,31.799,0.000,0.000,0.032,42.197
2026-09-02T08:11:34.837154+07:00,c8_sim,174,10.167,30.324,0.000,0.000,0.008,40.499
2026-09-02T08:11:35.039596+07:00,c8_sim,175,10.614,31.539,0.000,0.000,0.011,42.165
2026-09-02T08:11:35.231192+07:00,c8_sim,176,11.014,32.264,0.000,0.000,0.007,43.286
2026-09-02T08:11:35.430236+07:00,c8_sim,177,10.922,30.946,0.000,0.000,0.008,41.877
2026-09-02T08:11:35.629910+07:00,c8_sim,178,8.576,30.326,0.000,0.000,0.009,38.911
2026-09-02T08:11:35.848655+07:00,c8_sim,179,10.977,32.802,0.000,0.000,0.012,43.791
2026-09-02T08:11:36.041101+07:00,c8_sim,180,8.694,30.671,0.000,0.000,0.005,39.370
2026-09-02T08:11:36.226399+07:00,c8_sim,181,11.671,20.634,0.000,0.000,0.005,32.310
2026-09-02T08:11:36.450136+07:00,c8_sim,182,10.379,31.841,0.000,0.000,0.007,42.227
2026-09-02T08:11:36.648158+07:00,c8_sim,183,10.440,32.586,0.000,0.000,0.012,43.038
2026-09-02T08:11:36.844540+07:00,c8_sim,184,10.250,30.703,0.000,0.000,0.009,40.962
2026-09-02T08:11:37.048994+07:00,c8_sim,185,10.469,29.875,0.000,0.000,0.007,40.351
2026-09-02T08:11:37.230801+07:00,c8_sim,186,10.230,33.966,0.000,0.000,0.007,44.203
2026-09-02T08:11:37.425723+07:00,c8_sim,187,10.171,30.682,0.000,0.000,0.008,40.861
2026-09-02T08:11:37.653304+07:00,c8_sim,188,10.270,34.853,0.000,0.000,0.012,45.135
2026-09-02T08:11:37.861325+07:00,c10_sim,124,6.237,39.439,0.681,0.000,0.014,46.371
2026-09-02T08:11:38.113341+07:00,c10_sim,125,12.273,35.407,1.094,50.364,0.075,99.212
2026-09-02T08:11:38.258582+07:00,c10_sim,126,7.409,20.963,0.616,28.091,0.068,57.147
2026-09-02T08:11:38.449495+07:00,c10_sim,127,7.489,15.484,0.513,29.650,0.054,53.190
2026-09-02T08:11:38.709993+07:00,c10_sim,128,6.780,31.648,0.640,56.714,0.018,95.799
2026-09-02T08:11:38.912512+07:00,c10_sim,129,10.154,33.431,0.587,52.193,0.016,96.381
2026-09-02T08:11:39.131552+07:00,c10_sim,130,8.122,38.203,0.579,81.020,0.076,128.000
2026-09-02T08:11:39.274178+07:00,c10_sim,131,5.946,20.527,0.548,48.164,0.311,75.497
2026-09-02T08:11:39.496053+07:00,c10_sim,132,8.103,30.077,0.608,46.991,0.027,85.805
2026-09-02T08:11:39.695938+07:00,c10_sim,133,5.710,26.795,0.488,50.851,0.038,83.882
2026-09-02T08:11:39.896450+07:00,c10_sim,134,5.812,29.811,0.558,47.505,0.020,83.705
2026-09-02T08:11:40.066746+07:00,c10_sim,135,7.397,17.166,0.535,29.260,0.032,54.389
2026-09-02T08:11:40.262227+07:00,c10_sim,136,6.158,16.199,0.528,31.104,0.016,54.005
2026-09-02T08:11:40.460159+07:00,c10_sim,137,7.602,16.702,0.633,33.496,0.015,58.448
2026-09-02T08:11:40.726407+07:00,c10_sim,138,12.138,42.454,1.070,61.815,0.019,117.496
2026-09-02T08:11:40.853661+07:00,c10_sim,139,8.764,21.891,0.565,28.726,0.020,59.966
2026-09-02T08:11:41.126759+07:00,c10_sim,140,11.738,37.072,1.247,59.829,0.023,109.909
2026-09-02T08:11:41.261548+07:00,c10_sim,141,14.346,13.570,0.464,28.063,0.105,56.547
2026-09-02T08:11:41.496420+07:00,c10_sim,142,14.088,26.571,0.903,42.230,0.034,83.827
2026-09-02T08:11:41.702156+07:00,c10_sim,143,11.983,30.134,0.887,51.136,0.048,94.187
2026-09-02T08:11:41.901601+07:00,c10_sim,144,12.358,35.084,0.656,47.039,0.035,95.172
2026-09-02T08:11:42.095628+07:00,c10_sim,145,6.893,53.188,4.802,0.063,0.591,65.538
2026-09-02T08:11:42.254367+07:00,c10_sim,146,9.772,41.791,0.984,0.006,0.251,52.804
2026-09-02T08:11:42.456038+07:00,c10_sim,147,12.969,42.420,1.002,0.008,0.268,56.665
2026-09-02T08:11:42.650738+07:00,c10_sim,148,14.289,26.368,1.034,0.008,0.034,41.734
2026-09-02T08:11:42.838819+07:00,c10_sim,149,13.049,22.522,0.000,0.000,0.022,35.593
2026-09-02T08:11:43.064357+07:00,c10_sim,150,11.790,38.566,0.000,0.000,0.025,50.381
2026-09-02T08:11:43.243126+07:00,c10_sim,151,13.342,32.420,0.000,0.000,0.025,45.786
2026-09-02T08:11:43.465472+07:00,c10_sim,152,13.906,37.409,0.000,0.000,0.019,51.333
2026-09-02T08:11:43.663597+07:00,c10_sim,153,14.503,33.780,0.000,0.000,0.022,48.305
2026-09-02T08:11:43.868194+07:00,c12_sim,39,12.375,37.240,0.000,0.000,0.022,49.636
2026-09-02T08:11:44.111645+07:00,c12_sim,40,11.910,27.058,0.935,48.601,0.019,88.523
2026-09-02T08:11:44.249752+07:00,c12_sim,41,7.009,21.455,0.000,0.000,0.016,28.480
2026-09-02T08:11:44.660140+07:00,c12_sim,42,10.081,86.693,1.036,154.393,0.036,252.238
2026-09-02T08:11:44.717805+07:00,c12_sim,43,13.981,57.383,0.000,0.000,0.017,71.381
2026-09-02T08:11:44.828448+07:00,c12_sim,44,6.016,16.871,0.000,0.000,0.014,22.900
2026-09-02T08:11:45.044770+07:00,c12_sim,45,5.881,19.113,0.000,0.000,0.017,25.011
2026-09-02T08:11:45.268881+07:00,c12_sim,46,12.716,32.725,0.000,0.000,0.022,45.463
2026-09-02T08:11:45.450071+07:00,c12_sim,47,9.658,34.013,0.000,0.000,0.023,43.694
2026-09-02T08:11:45.668229+07:00,c12_sim,48,11.486,33.773,0.000,0.000,0.025,45.284
2026-09-02T08:11:45.861439+07:00,c11_sim,503,11.236,29.366,0.000,0.000,0.007,40.609
2026-09-02T08:11:46.061226+07:00,c11_sim,504,14.772,27.924,0.000,0.000,0.005,42.702
2026-09-02T08:11:46.259057+07:00,c11_sim,505,7.576,29.906,0.000,0.000,0.007,37.490
2026-09-02T08:11:46.483871+07:00,c11_sim,506,13.882,38.098,0.000,0.000,0.010,51.991
2026-09-02T08:11:46.664220+07:00,c11_sim,507,7.969,34.710,0.000,0.000,0.013,42.692
2026-09-02T08:11:46.881790+07:00,c11_sim,508,13.568,45.973,0.768,0.000,0.009,60.317
2026-09-02T08:11:47.080337+07:00,c11_sim,509,8.758,35.362,0.000,0.000,0.011,44.131
2026-09-02T08:11:47.264444+07:00,c11_sim,510,11.314,34.968,0.747,0.007,0.085,47.121
2026-09-02T08:11:47.463533+07:00,c11_sim,511,13.907,31.646,0.000,0.000,0.024,45.577
2026-09-02T08:11:47.666361+07:00,c11_sim,512,10.074,33.435,0.000,0.000,0.021,43.530
2026-09-02T08:11:47.854164+07:00,c11_sim,513,8.073,29.836,0.885,0.006,0.086,38.886
2026-09-02T08:11:48.145753+07:00,c11_sim,514,9.737,40.331,0.959,59.383,0.060,110.470
2026-09-02T08:11:48.296589+07:00,c11_sim,515,12.611,24.755,0.615,30.690,0.060,68.732
2026-09-02T08:11:48.508708+07:00,c11_sim,516,12.460,28.704,0.836,42.234,0.074,84.309
2026-09-02T08:11:48.709547+07:00,c11_sim,517,13.282,24.974,0.943,55.879,0.087,95.166
2026-09-02T08:11:48.910753+07:00,c11_sim,518,15.158,28.100,1.089,53.662,0.031,98.040
2026-09-02T08:11:49.106568+07:00,c11_sim,519,10.557,26.095,0.668,51.698,0.064,89.081
2026-09-02T08:11:49.320015+07:00,c11_sim,520,13.214,24.074,0.942,49.639,0.072,87.941
2026-09-02T08:11:49.452037+07:00,c11_sim,521,10.171,19.889,0.000,0.000,0.015,30.075
2026-09-02T08:11:49.650326+07:00,c11_sim,522,7.116,32.288,0.000,0.000,0.013,39.417
2026-09-02T08:11:49.945769+07:00,c11_sim,523,12.482,45.151,1.057,61.853,0.020,120.565
2026-09-02T08:11:50.057729+07:00,c11_sim,524,8.194,22.195,0.000,0.000,0.015,30.404
2026-09-02T08:11:50.304363+07:00,c11_sim,525,8.900,29.929,0.847,49.749,0.026,89.449
2026-09-02T08:11:50.537027+07:00,c11_sim,526,10.534,37.242,1.201,61.080,0.033,110.090
2026-09-02T08:11:50.658731+07:00,c11_sim,527,9.457,23.340,0.000,0.000,0.019,32.815
2026-09-02T08:11:50.945983+07:00,c11_sim,528,13.692,36.972,1.016,79.218,0.030,130.928
2026-09-02T08:11:51.129671+07:00,c11_sim,529,10.172,29.593,0.772,59.976,0.030,100.544
2026-09-02T08:11:51.303633+07:00,c11_sim,530,13.568,23.998,0.809,49.797,0.027,88.200
2026-09-02T08:11:51.513907+07:00,c11_sim,531,10.368,26.810,0.891,44.120,0.031,82.219
2026-09-02T08:11:51.653015+07:00,c11_sim,532,14.615,21.598,0.000,0.000,0.016,36.229
2026-09-02T08:11:51.926798+07:00,c11_sim,533,9.643,34.916,1.025,57.524,0.022,103.130
2026-09-02T08:11:52.100089+07:00,c11_sim,534,6.956,22.467,0.589,33.500,0.025,63.537
2026-09-02T08:11:52.265189+07:00,c11_sim,535,8.293,23.729,0.000,0.000,0.017,32.039
2026-09-02T08:11:52.544954+07:00,c11_sim,536,13.364,48.629,0.870,58.422,0.043,121.328
2026-09-02T08:11:52.693335+07:00,c11_sim,537,14.144,24.514,0.692,30.224,0.033,69.607
2026-09-02T08:11:52.865224+07:00,c11_sim,538,6.058,16.565,0.538,27.845,0.054,51.060
2026-09-02T08:11:53.100256+07:00,c11_sim,539,13.575,27.948,0.885,34.373,0.031,76.812
2026-09-02T08:11:53.296194+07:00,c11_sim,540,9.123,26.144,0.744,46.567,0.111,82.689
2026-09-02T08:11:53.522904+07:00,c11_sim,541,11.445,28.174,0.891,51.205,0.041,91.756
2026-09-02T08:11:53.716012+07:00,c11_sim,542,10.117,27.808,0.712,49.531,0.127,88.294
2026-09-02T08:11:53.920010+07:00,c11_sim,543,6.728,26.455,0.814,55.313,0.037,89.347
2026-09-02T08:11:54.109747+07:00,c11_sim,544,9.423,23.474,0.803,48.777,0.039,82.517
2026-09-02T08:11:54.328726+07:00,c11_sim,545,13.974,33.195,0.816,46.324,0.026,94.334
2026-09-02T08:11:54.482212+07:00,c11_sim,546,11.797,22.491,0.608,38.757,0.033,73.686
2026-09-02T08:11:54.745328+07:00,c11_sim,547,13.371,40.103,0.666,58.405,0.266,112.811
2026-09-02T08:11:54.919139+07:00,c11_sim,548,8.244,41.390,1.797,33.551,0.178,85.160
2026-09-02T08:11:55.123544+07:00,c11_sim,549,13.430,38.594,0.819,45.866,0.033,98.743
2026-09-02T08:11:55.313281+07:00,c11_sim,550,8.488,38.828,1.025,51.856,0.038,100.235
2026-09-02T08:11:55.527992+07:00,c11_sim,551,12.941,37.469,0.964,54.217,0.019,105.610
2026-09-02T08:11:55.677799+07:00,c11_sim,552,8.790,35.077,0.872,0.000,0.017,44.756
2026-09-02T08:11:55.926284+07:00,c11_sim,553,8.536,29.653,0.635,59.413,0.118,98.355
2026-09-02T08:11:56.128125+07:00,c11_sim,554,7.272,33.681,0.592,52.612,0.020,94.177
2026-09-02T08:11:56.414016+07:00,c11_sim,555,25.298,105.003,1.897,61.989,0.035,194.223
2026-09-02T08:11:56.499255+07:00,c11_sim,556,11.900,31.238,0.869,29.340,0.022,73.368
2026-09-02T08:11:56.649648+07:00,c11_sim,557,5.768,28.906,0.542,0.346,0.015,35.578
2026-09-02T08:11:56.879775+07:00,c11_sim,558,6.035,17.961,0.648,45.403,0.160,70.209
2026-09-02T08:11:57.062150+07:00,c11_sim,559,12.484,33.099,0.000,0.000,0.024,45.607
2026-09-02T08:11:57.271942+07:00,c11_sim,560,11.714,42.205,0.000,0.000,0.014,53.934
2026-09-02T08:11:57.470238+07:00,c11_sim,561,8.979,33.473,0.000,0.000,0.024,42.476
2026-09-02T08:11:57.662127+07:00,c11_sim,562,13.135,23.580,0.000,0.000,0.019,36.734
2026-09-02T08:11:57.860036+07:00,c11_sim,563,12.025,24.544,0.784,0.000,0.020,37.374
2026-09-02T08:11:58.147808+07:00,c11_sim,564,13.765,40.365,1.112,62.073,0.114,117.429
2026-09-02T08:11:58.347499+07:00,c11_sim,565,11.180,38.108,1.275,62.733,0.150,113.446
2026-09-02T08:11:58.561621+07:00,c11_sim,566,14.549,40.068,1.132,57.833,0.494,114.075
2026-09-02T08:11:58.688480+07:00,c11_sim,567,14.367,21.483,0.554,28.950,0.046,65.400
2026-09-02T08:11:58.944931+07:00,c11_sim,568,10.877,38.272,1.229,54.648,0.029,105.055
2026-09-02T08:11:59.129591+07:00,c11_sim,569,14.044,36.216,1.076,48.913,0.027,100.276
2026-09-02T08:11:59.301950+07:00,c11_sim,570,8.537,21.403,0.653,31.611,0.026,62.230
2026-09-02T08:11:59.519254+07:00,c11_sim,571,13.421,27.674,0.748,40.506,0.026,82.376
2026-09-02T08:11:59.740618+07:00,c11_sim,572,14.685,30.734,0.976,47.977,0.022,94.394
2026-09-02T08:11:59.908376+07:00,c11_sim,573,8.017,23.950,0.679,47.209,0.345,80.201
2026-09-02T08:12:00.126725+07:00,c11_sim,574,8.561,30.192,0.854,50.758,0.047,90.413
2026-09-02T08:12:00.324522+07:00,c11_sim,575,11.072,24.697,0.832,50.023,0.029,86.654
2026-09-02T08:12:00.517743+07:00,c11_sim,576,9.075,27.364,0.543,47.728,0.031,84.742
2026-09-02T08:12:00.700965+07:00,c11_sim,577,8.443,22.427,0.636,37.971,0.025,69.503
2026-09-02T08:12:00.893698+07:00,c11_sim,578,7.523,22.389,0.679,32.267,0.024,62.882
2026-09-02T08:12:01.102680+07:00,c11_sim,579,8.907,21.987,1.014,35.170,0.025,67.102
2026-09-02T08:12:01.316033+07:00,c11_sim,580,10.399,24.545,0.749,43.893,0.059,79.644
2026-09-02T08:12:01.526202+07:00,c11_sim,581,14.242,25.831,0.838,61.698,0.074,102.683
2026-09-02T08:12:01.740037+07:00,c11_sim,582,9.273,30.966,0.826,63.516,0.066,104.647
2026-09-02T08:12:01.911043+07:00,c11_sim,583,11.615,28.308,0.752,46.589,0.038,87.302
2026-09-02T08:12:02.127966+07:00,c11_sim,584,13.944,26.549,0.822,48.032,0.045,89.393
2026-09-02T08:12:02.319610+07:00,c11_sim,585,11.199,23.657,0.828,47.693,0.041,83.417
2026-09-02T08:12:02.503299+07:00,c11_sim,586,11.580,24.508,0.744,42.541,0.042,79.414
2026-09-02T08:12:02.706842+07:00,c11_sim,587,13.719,21.438,0.528,42.217,0.034,77.936
2026-09-02T08:12:02.919350+07:00,c11_sim,588,13.853,26.075,0.827,42.535,0.040,83.330
2026-09-02T08:12:03.107387+07:00,c11_sim,589,13.059,23.147,0.584,43.634,0.037,80.461
2026-09-02T08:12:03.270376+07:00,c11_sim,590,10.061,23.250,0.000,0.000,0.014,33.325
2026-09-02T08:12:03.531420+07:00,c11_sim,591,13.474,30.994,0.660,62.471,0.051,107.650
2026-09-02T08:12:03.733055+07:00,c11_sim,592,7.997,31.708,0.870,51.266,0.047,91.889
2026-09-02T08:12:03.915171+07:00,c11_sim,593,11.465,23.938,0.810,39.545,0.040,75.799
2026-09-02T08:12:04.127191+07:00,c11_sim,594,8.970,35.202,0.908,54.825,0.039,99.945
2026-09-02T08:12:04.331207+07:00,c11_sim,595,13.172,34.923,0.701,57.001,0.064,105.862
2026-09-02T08:12:04.509346+07:00,c11_sim,596,7.427,26.932,0.663,33.639,0.038,68.698
2026-09-02T08:12:04.737195+07:00,c11_sim,597,13.123,31.524,4.554,48.199,0.088,97.490
2026-09-02T08:12:04.914565+07:00,c11_sim,598,10.695,26.036,0.816,55.232,0.120,92.899
2026-09-02T08:12:05.110485+07:00,c11_sim,599,14.250,22.166,0.821,36.968,0.038,74.243
2026-09-02T08:12:05.287779+07:00,c11_sim,600,11.542,25.023,0.863,30.312,0.031,67.772
2026-09-02T08:12:05.513770+07:00,c11_sim,601,10.776,26.354,1.032,31.298,0.038,69.499
2026-09-02T08:12:05.705506+07:00,c11_sim,602,13.710,24.516,0.660,34.889,0.049,73.823
2026-09-02T08:12:05.903128+07:00,c11_sim,603,11.810,26.235,0.672,36.407,0.040,75.164
2026-09-02T08:12:06.069528+07:00,c11_sim,604,11.306,20.273,0.000,0.000,0.013,31.592
2026-09-02T08:12:06.258071+07:00,c11_sim,605,9.647,22.695,0.000,0.000,0.024,32.367
2026-09-02T08:12:06.480111+07:00,c11_sim,606,6.877,34.303,0.000,0.000,0.024,41.204
2026-09-02T08:12:06.730188+07:00,c11_sim,607,10.774,27.859,1.084,58.477,0.047,98.241
2026-09-02T08:12:06.943220+07:00,c11_sim,608,11.577,35.738,0.964,56.667,0.051,104.997
2026-09-02T08:12:07.069133+07:00,c11_sim,609,14.046,32.133,0.000,0.000,0.023,46.201
2026-09-02T08:12:07.316046+07:00,c11_sim,610,8.469,25.813,0.925,44.286,0.039,79.532
2026-09-02T08:12:07.511317+07:00,c11_sim,611,9.914,27.853,0.914,43.580,0.045,82.305
2026-09-02T08:12:07.656558+07:00,c11_sim,612,9.569,22.528,0.000,0.000,0.019,32.116
2026-09-02T08:12:07.877095+07:00,c11_sim,613,15.276,34.568,0.000,0.000,0.032,49.876
2026-09-02T08:12:08.064995+07:00,c11_sim,614,11.731,23.865,0.000,0.000,0.017,35.613
2026-09-02T08:12:08.284540+07:00,c11_sim,615,12.353,32.491,0.000,0.000,0.024,44.868
2026-09-02T08:12:08.464308+07:00,c11_sim,616,11.374,20.655,0.000,0.000,0.022,32.051
2026-09-02T08:12:08.725266+07:00,c11_sim,617,8.506,25.675,0.953,61.486,0.066,96.687
2026-09-02T08:12:08.865696+07:00,c11_sim,618,14.153,23.832,0.000,0.000,0.016,38.001
2026-09-02T08:12:09.133183+07:00,c11_sim,619,10.403,35.399,0.717,44.501,0.033,91.053
2026-09-02T08:12:09.310174+07:00,c11_sim,620,12.178,23.918,0.741,36.781,0.044,73.662
2026-09-02T08:12:09.522166+07:00,c11_sim,621,12.525,24.988,0.752,42.649,0.034,80.947
2026-09-02T08:12:09.707592+07:00,c11_sim,622,12.882,25.316,0.670,34.924,0.035,73.827
2026-09-02T08:12:09.910451+07:00,c11_sim,623,8.248,25.950,0.705,34.587,0.037,69.528
2026-09-02T08:12:10.118383+07:00,c11_sim,624,8.251,27.020,0.687,37.142,0.041,73.140
2026-09-02T08:12:10.255213+07:00,c11_sim,625,10.768,20.229,0.000,0.000,0.012,31.009
2026-09-02T08:12:10.469882+07:00,c11_sim,626,11.028,24.169,0.000,0.000,0.015,35.212
2026-09-02T08:12:10.658107+07:00,c11_sim,627,10.538,22.565,0.000,0.000,0.020,33.123
2026-09-02T08:12:10.873593+07:00,c11_sim,628,9.263,32.500,0.000,0.000,0.026,41.788
2026-09-02T08:12:11.064901+07:00,c11_sim,629,7.347,20.341,0.000,0.000,0.020,27.708
2026-09-02T08:12:11.271223+07:00,c11_sim,630,12.286,25.165,0.000,0.000,0.016,37.468
2026-09-02T08:12:11.471678+07:00,c11_sim,631,11.336,36.020,0.000,0.000,0.023,47.379
2026-09-02T08:12:11.681119+07:00,c11_sim,632,9.050,29.840,0.000,0.000,0.024,38.915
2026-09-02T08:12:11.880607+07:00,c11_sim,633,13.695,26.519,0.000,0.000,0.025,40.238
2026-09-02T08:12:12.074384+07:00,c11_sim,634,7.459,24.621,0.000,0.000,0.027,32.107
2026-09-02T08:12:12.279616+07:00,c11_sim,635,12.745,33.105,0.000,0.000,0.022,45.872
2026-09-02T08:12:12.469561+07:00,c11_sim,636,9.289,22.631,0.000,0.000,0.015,31.935
2026-09-02T08:12:12.662834+07:00,c11_sim,637,9.115,30.113,0.000,0.000,0.022,39.250
2026-09-02T08:12:12.875724+07:00,c11_sim,638,7.829,23.866,0.000,0.000,0.015,31.710
2026-09-02T08:12:13.073162+07:00,c11_sim,639,10.403,33.717,0.000,0.000,0.387,44.507
2026-09-02T08:12:13.289452+07:00,c11_sim,640,10.850,34.577,0.000,0.000,0.037,45.464
2026-09-02T08:12:13.497476+07:00,c11_sim,641,11.200,40.042,0.000,0.000,0.011,51.253
2026-09-02T08:12:13.667354+07:00,c11_sim,642,8.777,33.051,0.000,0.000,0.010,41.838
2026-09-02T08:12:13.866550+07:00,c11_sim,643,10.770,23.997,0.000,0.000,0.007,34.774
2026-09-02T08:12:14.063069+07:00,c11_sim,644,13.002,24.792,0.000,0.000,0.010,37.804
2026-09-02T08:12:14.281892+07:00,c11_sim,645,11.391,34.468,0.000,0.000,0.009,45.869
2026-09-02T08:12:14.469087+07:00,c11_sim,646,11.965,26.122,0.000,0.000,0.009,38.096
2026-09-02T08:12:14.673313+07:00,c11_sim,647,13.047,31.145,0.000,0.000,0.010,44.203
2026-09-02T08:12:14.889303+07:00,c11_sim,648,14.368,32.654,0.000,0.000,0.009,47.031
2026-09-02T08:12:15.078685+07:00,c11_sim,649,12.707,26.589,0.000,0.000,0.009,39.305
2026-09-02T08:12:15.279895+07:00,c11_sim,650,9.348,30.209,0.000,0.000,0.009,39.565
2026-09-02T08:12:15.469161+07:00,c11_sim,651,8.787,22.025,0.000,0.000,0.009,30.821
2026-09-02T08:12:15.678453+07:00,c11_sim,652,10.860,35.173,0.000,0.000,0.008,46.040
2026-09-02T08:12:15.859575+07:00,c12_sim,49,10.129,23.221,0.000,0.000,0.011,33.361
2026-09-02T08:12:16.078234+07:00,c12_sim,50,15.157,33.336,0.000,0.000,0.014,48.506
2026-09-02T08:12:16.280538+07:00,c12_sim,51,7.813,33.729,0.000,0.000,0.019,41.561
2026-09-02T08:12:16.478542+07:00,c12_sim,52,11.877,33.022,0.000,0.000,0.021,44.920
2026-09-02T08:12:16.681452+07:00,c12_sim,53,7.006,31.892,0.000,0.000,0.020,38.918
2026-09-02T08:12:16.903009+07:00,c12_sim,54,11.437,39.941,0.000,0.000,0.016,51.394
2026-09-02T08:12:17.069877+07:00,c12_sim,55,13.130,26.556,0.000,0.000,0.020,39.707
2026-09-02T08:12:17.293453+07:00,c12_sim,56,8.501,33.347,0.000,0.000,0.022,41.869
2026-09-02T08:12:17.493860+07:00,c12_sim,57,13.666,33.119,0.000,0.000,0.537,47.322
2026-09-02T08:12:17.685366+07:00,c12_sim,58,11.410,33.072,0.000,0.000,0.055,44.537
2026-09-02T08:12:17.868000+07:00,c12_sim,59,11.242,25.173,0.000,0.000,0.007,36.423
2026-09-02T08:12:18.086644+07:00,c12_sim,60,9.027,27.940,0.000,0.000,0.011,36.978
2026-09-02T08:12:18.285905+07:00,c12_sim,61,8.222,33.299,0.000,0.000,0.011,41.532
2026-09-02T08:12:18.466851+07:00,c10_sim,154,7.142,24.877,0.568,0.004,0.014,32.604
2026-09-02T08:12:18.680798+07:00,c10_sim,155,9.279,24.577,0.786,0.005,0.018,34.665
2026-09-02T08:12:18.890624+07:00,c10_sim,156,11.800,26.028,0.674,0.005,0.240,38.747
2026-09-02T08:12:19.083644+07:00,c10_sim,157,7.978,23.454,0.985,0.007,0.024,32.448
2026-09-02T08:12:19.288864+07:00,c10_sim,158,13.787,35.938,0.976,0.008,0.354,51.063
2026-09-02T08:12:19.501352+07:00,c10_sim,159,11.061,29.703,0.722,0.006,0.644,42.135
2026-09-02T08:12:19.689086+07:00,c10_sim,160,10.174,22.265,0.740,0.006,0.048,33.232
2026-09-02T08:12:19.907335+07:00,c10_sim,161,10.341,36.173,1.069,0.008,0.027,47.618
2026-09-02T08:12:20.096733+07:00,c10_sim,162,14.238,36.681,1.081,0.008,0.027,52.034
2026-09-02T08:12:20.283195+07:00,c10_sim,163,7.453,26.370,0.816,0.006,0.019,34.663
2026-09-02T08:12:20.492623+07:00,c10_sim,164,9.258,35.804,0.934,0.007,0.025,46.029
2026-09-02T08:12:20.678774+07:00,c10_sim,165,10.389,27.998,0.906,0.007,0.027,39.328
2026-09-02T08:12:20.874376+07:00,c10_sim,166,8.491,27.095,0.814,0.006,0.019,36.426
2026-09-02T08:12:21.095663+07:00,c10_sim,167,9.419,37.716,0.944,0.007,0.026,48.113
2026-09-02T08:12:21.390496+07:00,c10_sim,168,9.754,25.668,0.619,104.120,0.021,140.183
2026-09-02T08:12:21.539753+07:00,c10_sim,169,6.475,21.825,0.609,50.089,0.013,79.011
2026-09-02T08:12:21.741133+07:00,c10_sim,170,7.454,35.636,0.753,44.361,0.030,88.234
2026-09-02T08:12:21.921729+07:00,c10_sim,171,8.058,22.756,0.683,34.701,0.016,66.214
2026-09-02T08:12:22.126971+07:00,c10_sim,172,6.016,30.858,0.564,53.054,0.021,90.513
2026-09-02T08:12:22.322551+07:00,c10_sim,173,7.328,25.307,0.835,35.004,0.026,68.501
2026-09-02T08:12:22.525571+07:00,c10_sim,174,10.353,24.842,0.719,41.276,0.044,77.234
2026-09-02T08:12:22.749042+07:00,c10_sim,175,11.623,37.136,0.907,58.509,0.031,108.206
2026-09-02T08:12:22.924684+07:00,c10_sim,176,10.726,23.804,0.830,36.281,0.041,71.682
2026-09-02T08:12:23.098620+07:00,c11_sim,653,11.600,26.676,0.000,0.000,0.014,38.291
2026-09-02T08:12:23.284587+07:00,c11_sim,654,12.374,19.466,0.000,0.000,0.008,31.848
2026-09-02T08:12:23.501892+07:00,c11_sim,655,12.013,23.769,0.985,0.000,0.007,36.775
2026-09-02T08:12:23.699356+07:00,c11_sim,656,11.586,35.350,1.022,0.007,0.295,48.259
2026-09-02T08:12:23.902849+07:00,c11_sim,657,8.532,32.051,0.841,0.006,0.246,41.676
2026-09-02T08:12:24.101533+07:00,c11_sim,658,8.667,32.343,0.000,0.000,0.022,41.032
2026-09-02T08:12:24.307200+07:00,c11_sim,659,8.525,34.998,1.045,0.008,0.361,44.937
2026-09-02T08:12:24.484872+07:00,c11_sim,660,11.707,25.029,0.792,0.006,0.019,37.553
2026-09-02T08:12:24.703189+07:00,c11_sim,661,11.036,38.277,0.638,0.007,0.283,50.240
2026-09-02T08:12:24.893788+07:00,c11_sim,662,9.789,30.917,0.825,0.007,0.289,41.827
2026-09-02T08:12:25.101825+07:00,c11_sim,663,15.605,32.764,0.697,0.005,0.163,49.233
2026-09-02T08:12:25.306209+07:00,c11_sim,664,8.544,31.849,0.955,0.007,0.025,41.381
2026-09-02T08:12:25.555737+07:00,c11_sim,665,10.898,27.892,0.686,48.827,0.027,88.330
2026-09-02T08:12:25.672445+07:00,c11_sim,666,8.606,22.098,0.000,0.000,0.011,30.714
2026-09-02T08:12:25.937188+07:00,c11_sim,667,12.344,27.316,0.839,52.921,0.028,93.448
2026-09-02T08:12:26.145251+07:00,c11_sim,668,12.161,35.878,0.984,49.524,0.021,98.569
2026-09-02T08:12:26.284618+07:00,c11_sim,669,9.928,21.690,0.000,0.000,0.017,31.635
2026-09-02T08:12:26.540672+07:00,c11_sim,670,14.161,24.287,0.788,41.492,0.028,80.755
2026-09-02T08:12:26.733476+07:00,c11_sim,671,13.453,22.907,0.686,46.320,0.030,83.396
2026-09-02T08:12:26.977900+07:00,c11_sim,672,12.375,37.236,0.985,60.157,0.032,110.785
2026-09-02T08:12:27.127015+07:00,c11_sim,673,12.764,24.133,0.582,31.793,0.029,69.301
2026-09-02T08:12:27.305618+07:00,c11_sim,674,12.570,34.439,0.000,0.000,0.021,47.031
2026-09-02T08:12:27.504354+07:00,c11_sim,675,9.716,32.927,0.000,0.000,0.025,42.668
2026-09-02T08:12:27.753026+07:00,c11_sim,676,9.165,25.695,0.705,48.978,0.037,84.581
2026-09-02T08:12:27.941270+07:00,c11_sim,677,10.772,26.350,0.687,37.927,0.027,75.763
2026-09-02T08:12:28.124967+07:00,c11_sim,678,10.602,28.590,0.803,39.932,0.024,79.952
2026-09-02T08:12:28.364370+07:00,c11_sim,679,12.787,43.675,1.352,45.701,0.021,103.536
2026-09-02T08:12:28.481372+07:00,c11_sim,680,10.588,21.887,0.000,0.000,0.015,32.491
2026-09-02T08:12:28.743601+07:00,c11_sim,681,10.868,36.222,0.918,32.456,0.018,80.483
2026-09-02T08:12:28.920895+07:00,c11_sim,682,12.833,25.868,0.802,30.936,0.022,70.461
2026-09-02T08:12:29.113199+07:00,c11_sim,683,12.712,19.517,0.508,33.561,0.031,66.330
2026-09-02T08:12:29.352807+07:00,c11_sim,684,10.002,25.402,0.731,48.412,0.047,84.594
2026-09-02T08:12:29.536411+07:00,c11_sim,685,11.758,25.604,0.781,39.141,0.029,77.311
2026-09-02T08:12:29.789402+07:00,c11_sim,686,13.467,69.958,0.618,34.851,0.077,118.972
2026-09-02T08:12:29.941810+07:00,c11_sim,687,7.904,37.868,0.751,34.701,0.034,81.259
2026-09-02T08:12:30.304155+07:00,c11_sim,688,24.867,162.424,0.987,58.668,0.040,246.987
2026-09-02T08:12:30.360968+07:00,c11_sim,689,36.614,15.226,0.546,39.414,0.686,92.487
2026-09-02T08:12:30.512720+07:00,c11_sim,690,8.094,18.494,0.587,38.543,0.042,65.760
2026-09-02T08:12:30.758476+07:00,c11_sim,691,13.948,29.669,0.767,51.874,0.051,96.308
2026-09-02T08:12:30.962919+07:00,c11_sim,692,8.085,32.637,0.883,57.397,0.059,99.061
2026-09-02T08:12:31.176689+07:00,c11_sim,693,14.304,37.548,0.975,56.871,0.033,109.732
2026-09-02T08:12:31.326615+07:00,c11_sim,694,7.385,25.848,0.782,44.216,0.038,78.269
2026-09-02T08:12:31.491539+07:00,c11_sim,695,10.588,22.885,0.000,0.000,0.022,33.495
2026-09-02T08:12:31.702110+07:00,c11_sim,696,13.969,40.753,0.000,0.000,0.021,54.743
2026-09-02T08:12:31.923390+07:00,c11_sim,697,12.458,41.854,0.000,0.000,0.029,54.341
2026-09-02T08:12:32.095954+07:00,c11_sim,698,9.443,33.989,0.000,0.000,0.026,43.459
2026-09-02T08:12:32.290841+07:00,c11_sim,699,14.673,34.295,0.000,0.000,0.021,48.989
2026-09-02T08:12:32.500630+07:00,c11_sim,700,13.186,39.186,0.000,0.000,0.013,52.386
2026-09-02T08:12:32.712138+07:00,c11_sim,701,13.425,30.108,0.000,0.000,0.018,43.551
2026-09-02T08:12:32.913796+07:00,c11_sim,702,15.771,37.543,0.000,0.000,0.022,53.337
2026-09-02T08:12:33.090041+07:00,c11_sim,703,9.208,33.524,0.000,0.000,0.022,42.754
2026-09-02T08:12:33.279734+07:00,c11_sim,704,10.489,23.651,0.000,0.000,0.016,34.156
2026-09-02T08:12:33.514057+07:00,c11_sim,705,10.633,45.880,0.000,0.000,0.023,56.535
2026-09-02T08:12:33.703014+07:00,c11_sim,706,13.566,31.431,0.000,0.000,0.020,45.017
2026-09-02T08:12:33.902136+07:00,c11_sim,707,13.057,32.104,0.000,0.000,0.021,45.182
2026-09-02T08:12:34.093321+07:00,c11_sim,708,14.143,32.454,0.000,0.000,0.023,46.619
2026-09-02T08:12:34.283973+07:00,c11_sim,709,11.154,24.103,0.000,0.000,1.041,36.298
2026-09-02T08:12:34.508330+07:00,c11_sim,710,10.418,38.446,0.000,0.000,0.066,48.930
2026-09-02T08:12:34.694403+07:00,c11_sim,711,8.401,24.946,0.000,0.000,0.008,33.354
2026-09-02T08:12:34.886422+07:00,c11_sim,712,7.037,29.857,0.000,0.000,0.008,36.903
2026-09-02T08:12:35.076536+07:00,c11_sim,713,8.273,21.060,0.000,0.000,0.008,29.341
2026-09-02T08:12:35.301371+07:00,c11_sim,714,13.348,34.677,0.000,0.000,0.012,48.038
2026-09-02T08:12:35.504583+07:00,c11_sim,715,9.180,41.640,0.000,0.000,0.011,50.831
2026-09-02T08:12:35.706377+07:00,c11_sim,716,8.223,38.285,0.000,0.000,0.016,46.524
2026-09-02T08:12:35.911264+07:00,c11_sim,717,12.909,42.784,0.000,0.000,0.015,55.708
2026-09-02T08:12:36.119087+07:00,c11_sim,718,13.659,38.324,0.000,0.000,0.012,51.995
2026-09-02T08:12:36.302174+07:00,c9_sim,344,9.360,34.649,0.000,0.000,0.023,44.032
2026-09-02T08:12:36.505273+07:00,c9_sim,345,12.561,21.213,0.000,0.000,0.021,33.795
2026-09-02T08:12:36.695315+07:00,c9_sim,346,8.555,25.180,0.000,0.000,0.022,33.758
2026-09-02T08:12:36.894031+07:00,c9_sim,347,7.123,32.424,0.000,0.000,0.021,39.568
2026-09-02T08:12:37.119300+07:00,c9_sim,348,12.398,33.408,0.000,0.000,0.020,45.826
2026-09-02T08:12:37.309607+07:00,c9_sim,349,7.019,32.618,0.000,0.000,0.021,39.657
2026-09-02T08:12:37.514215+07:00,c9_sim,350,11.374,38.430,0.000,0.000,0.026,49.829
2026-09-02T08:12:37.714859+07:00,c9_sim,351,11.426,32.600,0.000,0.000,0.020,44.046
2026-09-02T08:12:37.897092+07:00,c9_sim,352,7.609,22.191,0.000,0.000,0.013,29.813
2026-09-02T08:12:38.115750+07:00,c9_sim,353,12.420,33.574,0.000,0.000,0.020,46.013
2026-09-02T08:12:38.308405+07:00,c9_sim,354,9.015,32.901,0.000,0.000,0.022,41.938
2026-09-02T08:12:38.508868+07:00,c9_sim,355,12.773,32.787,0.000,0.000,0.837,46.397
2026-09-02T08:12:38.702183+07:00,c9_sim,356,8.614,32.832,0.000,0.000,0.041,41.487
2026-09-02T08:12:38.900280+07:00,c9_sim,357,9.866,35.835,0.000,0.000,0.011,45.712
2026-09-02T08:12:39.107775+07:00,c9_sim,358,8.540,34.591,0.000,0.000,0.013,43.143
2026-09-02T08:12:39.303351+07:00,c9_sim,359,6.840,28.063,0.000,0.000,0.012,34.915
2026-09-02T08:12:39.502688+07:00,c9_sim,360,7.387,41.304,0.000,0.000,0.032,48.722
2026-09-02T08:12:39.774918+07:00,c9_sim,361,10.420,106.038,0.000,0.000,0.052,116.510
2026-09-02T08:12:39.903499+07:00,c9_sim,362,7.232,31.827,0.000,0.000,0.007,39.066
2026-09-02T08:12:40.099819+07:00,c9_sim,363,5.170,32.102,0.000,0.000,0.007,37.279
2026-09-02T08:12:40.341261+07:00,c9_sim,364,22.975,52.236,0.000,0.000,0.012,75.222
2026-09-02T08:12:40.499798+07:00,c9_sim,365,5.059,22.475,0.000,0.000,0.006,27.540
2026-09-02T08:12:40.701609+07:00,c9_sim,366,5.291,32.669,0.000,0.000,0.007,37.967
2026-09-02T08:12:40.893700+07:00,c9_sim,367,5.464,32.851,0.000,0.000,0.007,38.322
2026-09-02T08:12:41.134956+07:00,c9_sim,368,11.233,39.731,10.093,0.000,0.012,61.069
2026-09-02T08:12:41.320206+07:00,c9_sim,369,7.847,39.537,0.000,0.000,0.006,47.391
2026-09-02T08:12:41.493895+07:00,c9_sim,370,6.514,30.740,0.000,0.000,0.010,37.264
2026-09-02T08:12:41.720782+07:00,c9_sim,371,10.333,36.453,0.000,0.000,0.016,46.801
2026-09-02T08:12:41.925256+07:00,c9_sim,372,9.197,35.080,0.000,0.000,0.012,44.289
2026-09-02T08:12:42.127578+07:00,c9_sim,373,12.923,55.024,0.000,0.000,0.011,67.957
2026-09-02T08:12:42.319466+07:00,c9_sim,374,7.064,49.888,0.000,0.000,0.015,56.967
2026-09-02T08:12:42.632928+07:00,c9_sim,375,10.936,37.362,1.854,126.815,0.138,177.105
2026-09-02T08:12:42.695934+07:00,c9_sim,376,7.051,18.443,0.000,0.000,0.014,25.508
2026-09-02T08:12:42.939211+07:00,c9_sim,377,5.365,22.768,0.803,53.221,0.089,82.245
2026-09-02T08:12:43.177054+07:00,c9_sim,378,11.262,39.432,1.070,54.041,0.075,105.880
2026-09-02T08:12:43.329359+07:00,c9_sim,379,9.485,23.175,0.571,30.963,0.028,64.220
2026-09-02T08:12:43.538548+07:00,c9_sim,380,8.501,30.192,0.928,37.397,0.082,77.099
2026-09-02T08:12:43.775860+07:00,c9_sim,381,12.647,37.040,1.048,58.888,0.013,109.635
2026-09-02T08:12:43.950350+07:00,c9_sim,382,6.155,33.521,1.198,46.605,0.034,87.513
2026-09-02T08:12:44.153800+07:00,c9_sim,383,11.432,30.755,0.762,49.535,0.024,92.507
2026-09-02T08:12:44.361650+07:00,c9_sim,384,12.038,29.648,0.826,48.603,0.029,91.144
2026-09-02T08:12:44.561139+07:00,c9_sim,385,12.987,30.206,0.891,48.809,0.030,92.922
2026-09-02T08:12:44.749939+07:00,c9_sim,386,12.563,26.288,0.882,49.079,0.026,88.838
2026-09-02T08:12:44.963431+07:00,c9_sim,387,7.850,28.156,0.867,64.772,0.044,101.690
2026-09-02T08:12:45.152562+07:00,c9_sim,388,11.492,28.582,0.800,42.891,0.029,83.795
2026-09-02T08:12:45.329915+07:00,c9_sim,389,6.276,26.057,0.643,39.324,0.022,72.322
2026-09-02T08:12:45.556228+07:00,c9_sim,390,11.374,31.585,1.058,46.367,0.095,90.478
2026-09-02T08:12:45.750666+07:00,c9_sim,391,9.907,27.915,0.731,44.195,0.025,82.774
2026-09-02T08:12:45.937570+07:00,c9_sim,392,7.657,25.640,0.724,49.265,0.104,83.391
2026-09-02T08:12:46.161026+07:00,c9_sim,393,9.060,26.334,0.627,54.378,0.128,90.527
2026-09-02T08:12:46.351574+07:00,c9_sim,394,7.759,24.270,0.587,46.919,0.165,79.700
2026-09-02T08:12:46.532346+07:00,c9_sim,395,10.282,25.475,0.919,40.212,0.034,76.922
2026-09-02T08:12:46.732711+07:00,c9_sim,396,8.569,23.707,0.629,37.883,0.040,70.828
2026-09-02T08:12:46.949469+07:00,c9_sim,397,10.503,29.006,0.553,39.242,0.086,79.389
2026-09-02T08:12:47.123294+07:00,c9_sim,398,5.757,21.349,0.556,34.733,0.030,62.425
2026-09-02T08:12:47.352058+07:00,c9_sim,399,7.815,26.425,0.861,44.252,0.043,79.396
2026-09-02T08:12:47.525587+07:00,c9_sim,400,5.300,19.900,0.556,39.876,0.044,65.676
2026-09-02T08:12:47.754949+07:00,c9_sim,401,11.026,28.316,0.727,54.835,0.118,95.022
2026-09-02T08:12:47.949789+07:00,c9_sim,402,12.223,28.077,0.832,51.763,0.071,92.965
2026-09-02T08:12:48.137431+07:00,c9_sim,403,12.775,26.488,0.691,41.830,0.040,81.825
2026-09-02T08:12:48.340848+07:00,c9_sim,404,7.697,24.623,0.640,40.094,0.033,73.087
2026-09-02T08:12:48.550281+07:00,c9_sim,405,7.133,25.779,0.977,41.277,0.033,75.199
2026-09-02T08:12:48.736620+07:00,c9_sim,406,8.923,23.310,0.736,42.528,0.052,75.549
2026-09-02T08:12:48.947565+07:00,c9_sim,407,11.239,26.890,0.822,37.433,0.038,76.421
2026-09-02T08:12:49.122139+07:00,c9_sim,408,6.459,23.898,0.680,39.057,0.041,70.134
2026-09-02T08:12:49.335321+07:00,c9_sim,409,9.699,25.277,1.107,42.076,0.028,78.187
2026-09-02T08:12:49.561055+07:00,c9_sim,410,9.976,37.846,1.106,50.539,0.038,99.505
2026-09-02T08:12:49.775147+07:00,c9_sim,411,12.697,36.980,0.861,58.313,0.045,108.896
2026-09-02T08:12:49.906058+07:00,c9_sim,412,8.757,31.517,0.000,0.000,0.021,40.295
2026-09-02T08:12:50.109734+07:00,c9_sim,413,12.189,21.900,0.000,0.000,0.014,34.102
2026-09-02T08:12:50.305545+07:00,c8_sim,189,8.562,28.090,0.000,0.000,0.028,36.680
2026-09-02T08:12:50.515461+07:00,c8_sim,190,15.514,28.088,0.000,0.000,0.010,43.613
2026-09-02T08:12:50.714353+07:00,c8_sim,191,8.787,34.439,0.000,0.000,0.011,43.236
2026-09-02T08:12:50.902666+07:00,c8_sim,192,11.032,23.054,0.000,0.000,0.009,34.095
2026-09-02T08:12:51.101798+07:00,c8_sim,193,11.422,21.026,0.000,0.000,0.007,32.455
2026-09-02T08:12:51.313377+07:00,c8_sim,194,11.629,32.906,0.000,0.000,0.013,44.548
2026-09-02T08:12:51.532557+07:00,c8_sim,195,12.879,34.793,0.000,0.000,0.027,47.700
2026-09-02T08:12:51.701500+07:00,c8_sim,196,12.263,20.678,0.000,0.000,0.011,32.951
2026-09-02T08:12:51.910665+07:00,c8_sim,197,14.818,29.980,0.000,0.000,0.008,44.805
2026-09-02T08:12:52.101546+07:00,c8_sim,198,14.321,24.814,0.000,0.000,0.012,39.147
2026-09-02T08:12:52.302325+07:00,c8_sim,199,13.180,20.963,0.000,0.000,0.007,34.150
2026-09-02T08:12:52.520135+07:00,c8_sim,200,11.132,29.868,0.000,0.000,0.009,41.010
2026-09-02T08:12:52.704913+07:00,c8_sim,201,12.911,20.725,0.000,0.000,0.007,33.643
2026-09-02T08:12:52.901951+07:00,c8_sim,202,7.151,32.117,0.738,0.000,0.009,40.014
2026-09-02T08:12:53.121093+07:00,c8_sim,203,7.656,25.547,0.712,0.005,0.190,34.111
2026-09-02T08:12:53.309339+07:00,c8_sim,204,10.695,30.395,0.812,0.006,0.192,42.099
2026-09-02T08:12:53.515894+07:00,c8_sim,205,10.871,36.147,0.833,0.006,0.023,47.882
2026-09-02T08:12:53.720208+07:00,c8_sim,206,12.876,40.433,1.016,0.008,0.025,54.357
2026-09-02T08:12:53.910912+07:00,c8_sim,207,10.071,25.248,0.839,0.006,0.020,36.184
2026-09-02T08:12:54.112669+07:00,c8_sim,208,13.917,34.239,0.697,0.005,0.017,48.875
2026-09-02T08:12:54.373718+07:00,c8_sim,209,7.845,29.843,0.894,66.770,0.038,105.389
2026-09-02T08:12:54.496572+07:00,c8_sim,210,11.708,23.085,0.000,0.000,0.013,34.807
2026-09-02T08:12:54.719390+07:00,c8_sim,211,13.662,33.082,0.000,0.000,0.022,46.766
2026-09-02T08:12:54.897917+07:00,c8_sim,212,11.191,22.024,0.000,0.000,0.014,33.229
2026-09-02T08:12:55.118576+07:00,c8_sim,213,16.015,36.481,1.242,0.000,0.020,53.758
2026-09-02T08:12:55.315944+07:00,c8_sim,214,10.456,35.426,0.000,0.000,0.021,45.903
2026-09-02T08:12:55.531052+07:00,c8_sim,215,12.216,40.667,1.090,0.000,0.018,53.992
2026-09-02T08:12:55.716589+07:00,c8_sim,216,15.565,23.112,1.171,0.014,0.136,39.998
2026-09-02T08:12:55.913806+07:00,c8_sim,217,13.357,34.671,0.931,0.007,0.144,49.110
2026-09-02T08:12:56.103965+07:00,c8_sim,218,12.075,23.502,0.680,0.004,0.078,36.339
2026-09-02T08:12:56.295145+07:00,c8_sim,219,14.210,21.215,0.615,0.004,0.015,36.059
2026-09-02T08:12:56.521019+07:00,c8_sim,220,12.516,35.201,0.979,0.007,0.027,48.730
2026-09-02T08:12:56.711040+07:00,c8_sim,221,16.455,25.131,0.747,0.006,0.020,42.360
2026-09-02T08:12:56.906820+07:00,c8_sim,222,14.493,32.046,0.000,0.000,0.022,46.560
2026-09-02T08:12:57.110040+07:00,c8_sim,223,12.635,34.570,0.983,0.008,0.030,48.225
2026-09-02T08:12:57.307620+07:00,c8_sim,224,13.259,21.700,0.000,0.000,0.861,35.821
2026-09-02T08:12:57.532232+07:00,c8_sim,225,14.631,32.372,0.000,0.000,0.029,47.033
2026-09-02T08:12:57.702858+07:00,c8_sim,226,13.912,21.585,0.000,0.000,0.021,35.517
2026-09-02T08:12:57.923629+07:00,c8_sim,227,8.884,34.647,0.000,0.000,0.020,43.552
2026-09-02T08:12:58.121923+07:00,c8_sim,228,11.442,33.167,0.000,0.000,0.022,44.631
2026-09-02T08:12:58.321350+07:00,c8_sim,229,12.874,33.809,0.000,0.000,0.022,46.705
2026-09-02T08:12:58.512862+07:00,c8_sim,230,16.776,20.282,0.000,0.000,0.018,37.076
2026-09-02T08:12:58.714503+07:00,c8_sim,231,15.453,32.701,0.000,0.000,0.025,48.179
2026-09-02T08:12:58.899917+07:00,c8_sim,232,13.358,23.130,0.000,0.000,0.015,36.503
2026-09-02T08:12:59.123095+07:00,c8_sim,233,10.574,33.525,0.000,0.000,0.022,44.121
2026-09-02T08:12:59.309739+07:00,c8_sim,234,11.012,38.386,0.000,0.000,0.020,49.419
2026-09-02T08:12:59.499502+07:00,c8_sim,235,13.024,22.306,0.000,0.000,0.014,35.345
2026-09-02T08:12:59.727264+07:00,c8_sim,236,10.649,32.914,0.000,0.000,0.021,43.584
2026-09-02T08:12:59.884483+07:00,c8_sim,237,7.248,13.418,0.000,0.000,0.012,20.678
2026-09-02T08:13:00.125679+07:00,c8_sim,238,11.265,33.103,0.000,0.000,0.033,44.402
2026-09-02T08:13:00.315797+07:00,c8_sim,239,12.029,34.021,0.000,0.000,0.012,46.062
2026-09-02T08:13:00.518560+07:00,c8_sim,240,11.657,33.455,0.000,0.000,0.012,45.124
2026-09-02T08:13:00.715983+07:00,c8_sim,241,8.923,31.097,0.000,0.000,0.009,40.029
2026-09-02T08:13:00.928596+07:00,c8_sim,242,16.228,33.764,0.000,0.000,0.010,50.002
2026-09-02T08:13:01.129576+07:00,c8_sim,243,15.086,33.873,0.000,0.000,0.013,48.972
2026-09-02T08:13:01.306341+07:00,c8_sim,244,9.008,35.219,0.000,0.000,0.014,44.240
2026-09-02T08:13:01.516769+07:00,c8_sim,245,11.897,22.305,0.000,0.000,0.009,34.210
2026-09-02T08:13:01.712472+07:00,c8_sim,246,9.500,33.320,0.000,0.000,0.012,42.832
2026-09-02T08:13:01.913481+07:00,c10_sim,177,10.413,35.295,0.000,0.000,0.061,45.769
2026-09-02T08:13:02.131036+07:00,c10_sim,178,17.157,32.157,0.000,0.000,0.025,49.339
2026-09-02T08:13:02.319512+07:00,c10_sim,179,13.352,25.494,0.000,0.000,0.019,38.865
2026-09-02T08:13:02.515109+07:00,c10_sim,180,13.726,31.515,0.000,0.000,0.020,45.261
2026-09-02T08:13:02.699915+07:00,c10_sim,181,9.719,19.598,0.000,0.000,0.012,29.329
2026-09-02T08:13:02.915462+07:00,c10_sim,182,8.526,31.625,0.000,0.000,0.017,40.168
2026-09-02T08:13:03.112372+07:00,c10_sim,183,10.455,32.573,0.000,0.000,0.023,43.051
2026-09-02T08:13:03.334119+07:00,c10_sim,184,10.934,33.281,0.000,0.000,0.019,44.234
2026-09-02T08:13:03.519189+07:00,c10_sim,185,8.538,35.649,0.866,0.000,0.020,45.073
2026-09-02T08:13:03.727708+07:00,c10_sim,186,11.897,36.664,1.063,0.000,0.019,49.643
2026-09-02T08:13:03.932823+07:00,c10_sim,187,12.463,34.429,1.339,0.008,0.242,48.482
2026-09-02T08:13:04.131986+07:00,c10_sim,188,13.088,36.438,1.086,0.008,0.247,50.867
2026-09-02T08:13:04.329731+07:00,c10_sim,189,13.346,36.110,1.060,0.008,0.224,50.748
2026-09-02T08:13:04.529128+07:00,c10_sim,190,13.098,35.231,0.973,0.008,0.027,49.337
2026-09-02T08:13:04.734223+07:00,c10_sim,191,15.709,35.641,1.076,0.008,0.819,53.252
2026-09-02T08:13:04.936469+07:00,c10_sim,192,9.933,33.505,0.578,0.005,0.159,44.180
2026-09-02T08:13:05.112113+07:00,c10_sim,193,13.396,25.320,0.751,0.006,0.018,39.491
2026-09-02T08:13:05.327945+07:00,c10_sim,194,9.886,39.508,1.208,0.009,0.032,50.643
2026-09-02T08:13:05.529730+07:00,c10_sim,195,14.344,38.158,1.234,0.008,0.030,53.774
2026-09-02T08:13:05.733039+07:00,c10_sim,196,13.855,36.588,1.058,0.007,0.026,51.534
2026-09-02T08:13:05.981171+07:00,c10_sim,197,12.316,25.899,0.816,51.984,0.023,91.038
2026-09-02T08:13:06.193280+07:00,c10_sim,198,8.048,35.344,0.944,56.310,0.108,100.753
2026-09-02T08:13:06.376623+07:00,c10_sim,199,12.325,35.130,0.991,52.944,0.024,101.415
2026-09-02T08:13:06.548932+07:00,c10_sim,200,9.695,21.475,0.704,32.080,0.033,63.987
2026-09-02T08:13:06.746824+07:00,c10_sim,201,13.358,24.389,0.667,35.428,0.022,73.863
2026-09-02T08:13:06.961759+07:00,c10_sim,202,11.555,26.459,0.966,43.798,0.029,82.806
2026-09-02T08:13:07.171533+07:00,c10_sim,203,11.030,27.262,0.745,60.105,0.041,99.184
2026-09-02T08:13:07.381155+07:00,c10_sim,204,14.249,36.731,0.972,52.777,0.023,104.753
2026-09-02T08:13:07.558205+07:00,c10_sim,205,11.319,22.804,0.617,37.021,0.026,71.786
2026-09-02T08:13:07.746686+07:00,c10_sim,206,9.348,25.865,0.732,36.926,0.048,72.919
2026-09-02T08:13:08.016462+07:00,c10_sim,207,14.114,37.528,0.987,88.157,0.038,140.824
2026-09-02T08:13:08.160095+07:00,c10_sim,208,13.578,25.512,0.809,48.227,0.027,88.153
2026-09-02T08:13:08.333868+07:00,c10_sim,209,10.518,40.075,0.000,0.000,0.019,50.613
2026-09-02T08:13:08.592251+07:00,c10_sim,210,13.061,31.404,0.849,58.906,0.033,104.252
2026-09-02T08:13:08.720553+07:00,c10_sim,211,7.224,31.796,0.000,0.000,0.021,39.041
2026-09-02T08:13:08.921421+07:00,c10_sim,212,13.069,26.181,0.000,0.000,0.016,39.266
2026-09-02T08:13:09.123723+07:00,c10_sim,213,14.648,33.336,0.000,0.000,0.022,48.006
2026-09-02T08:13:09.376778+07:00,c10_sim,214,11.541,34.876,0.865,51.585,0.026,98.894
2026-09-02T08:13:09.521615+07:00,c10_sim,215,10.310,23.086,0.000,0.000,0.012,33.408
2026-09-02T08:13:09.721471+07:00,c10_sim,216,9.409,22.837,0.000,0.000,0.010,32.256
2026-09-02T08:13:09.921317+07:00,c10_sim,217,9.308,32.462,0.000,0.000,0.020,41.790
2026-09-02T08:13:10.118108+07:00,c10_sim,218,9.122,32.325,0.000,0.000,0.041,41.488
2026-09-02T08:13:10.322261+07:00,c10_sim,219,10.791,34.600,0.000,0.000,0.026,45.417
2026-09-02T08:13:10.507762+07:00,c10_sim,220,9.421,19.363,0.000,0.000,0.016,28.800
2026-09-02T08:13:10.733287+07:00,c10_sim,221,11.059,33.492,0.000,0.000,0.023,44.574
2026-09-02T08:13:10.933107+07:00,c10_sim,222,10.404,32.292,0.000,0.000,0.020,42.716
2026-09-02T08:13:11.130745+07:00,c10_sim,223,14.246,33.327,0.000,0.000,0.021,47.595
2026-09-02T08:13:11.324815+07:00,c10_sim,224,10.601,33.325,0.000,0.000,0.026,43.952
2026-09-02T08:13:11.509368+07:00,c10_sim,225,9.668,22.735,0.000,0.000,0.016,32.418
2026-09-02T08:13:11.727651+07:00,c10_sim,226,12.867,29.107,0.000,0.000,0.014,41.987
2026-09-02T08:13:11.921749+07:00,c11_sim,719,12.101,29.488,0.000,0.000,0.013,41.602
2026-09-02T08:13:12.148242+07:00,c11_sim,720,17.685,36.817,1.409,0.000,0.011,55.922
2026-09-02T08:13:12.393543+07:00,c11_sim,721,11.429,36.505,0.767,61.968,0.113,110.783
2026-09-02T08:13:12.583135+07:00,c11_sim,722,8.424,34.163,0.900,56.481,0.188,100.155
2026-09-02T08:13:12.792393+07:00,c11_sim,723,12.753,35.399,1.090,56.684,0.027,105.953
2026-09-02T08:13:12.942865+07:00,c11_sim,724,10.710,24.361,0.535,30.008,0.019,65.631
2026-09-02T08:13:13.228438+07:00,c11_sim,725,14.683,36.498,1.052,81.775,0.040,134.049
2026-09-02T08:13:13.384231+07:00,c11_sim,726,9.663,34.459,0.849,53.714,0.234,98.919
2026-09-02T08:13:13.560207+07:00,c11_sim,727,10.800,24.165,0.682,35.884,0.028,71.559
2026-09-02T08:13:13.751629+07:00,c11_sim,728,14.110,24.250,0.720,33.282,0.021,72.384
2026-09-02T08:13:13.961898+07:00,c11_sim,729,11.246,27.112,0.987,36.163,0.022,75.530
2026-09-02T08:13:14.195956+07:00,c11_sim,730,11.499,35.531,0.971,57.990,0.234,106.224
2026-09-02T08:13:14.345142+07:00,c11_sim,731,8.682,22.483,0.792,33.166,0.021,65.145
2026-09-02T08:13:14.575965+07:00,c11_sim,732,12.439,34.248,0.841,55.253,0.135,102.914
2026-09-02T08:13:14.793250+07:00,c11_sim,733,15.745,36.057,0.823,52.631,0.154,105.410
2026-09-02T08:13:15.008775+07:00,c11_sim,734,14.631,36.377,0.931,56.098,0.022,108.059
2026-09-02T08:13:15.164782+07:00,c11_sim,735,10.652,26.364,0.688,34.366,0.021,72.092
2026-09-02T08:13:15.376018+07:00,c11_sim,736,13.845,24.798,0.835,44.651,0.029,84.158
2026-09-02T08:13:15.574081+07:00,c11_sim,737,6.412,27.019,0.640,47.746,0.069,81.887
2026-09-02T08:13:15.753519+07:00,c11_sim,738,8.036,24.510,0.938,44.092,0.034,77.609
2026-09-02T08:13:16.088709+07:00,c11_sim,739,13.553,139.988,0.739,51.563,0.039,205.883
2026-09-02T08:13:16.145880+07:00,c11_sim,740,8.698,18.337,0.495,37.553,0.032,65.115
2026-09-02T08:13:16.350749+07:00,c11_sim,741,7.316,16.093,0.622,41.132,0.034,65.198
2026-09-02T08:13:16.607505+07:00,c11_sim,742,13.590,39.020,0.896,69.446,0.059,123.010
2026-09-02T08:13:16.778612+07:00,c11_sim,743,10.152,30.865,0.894,48.016,0.040,89.967
2026-09-02T08:13:16.956221+07:00,c11_sim,744,9.833,22.573,0.668,38.856,0.038,71.967
2026-09-02T08:13:17.150986+07:00,c11_sim,745,9.398,22.245,0.580,36.727,0.057,69.007
2026-09-02T08:13:17.356731+07:00,c11_sim,746,13.937,24.988,0.812,34.461,0.032,74.230
2026-09-02T08:13:17.593553+07:00,c11_sim,747,15.336,37.434,0.848,58.339,0.054,112.011
2026-09-02T08:13:17.744122+07:00,c11_sim,748,10.179,21.786,0.551,30.768,0.033,63.319
2026-09-02T08:13:17.972755+07:00,c11_sim,749,14.844,28.106,0.966,33.794,0.040,77.750
2026-09-02T08:13:18.141944+07:00,c11_sim,750,12.132,22.805,0.533,32.626,0.034,68.130
2026-09-02T08:13:18.376696+07:00,c11_sim,751,9.241,37.963,0.863,52.747,0.033,100.847
2026-09-02T08:13:18.557166+07:00,c11_sim,752,11.622,23.979,0.622,32.648,0.031,68.903
2026-09-02T08:13:18.791921+07:00,c11_sim,753,11.272,36.926,1.312,56.906,0.031,106.447
2026-09-02T08:13:18.970849+07:00,c11_sim,754,15.043,22.488,0.532,32.180,0.030,70.273
2026-09-02T08:13:19.208683+07:00,c11_sim,755,15.547,37.120,1.159,56.708,0.048,110.582
2026-09-02T08:13:19.395889+07:00,c11_sim,756,13.903,36.748,0.942,53.642,0.062,105.298
2026-09-02T08:13:19.544553+07:00,c11_sim,757,11.627,20.982,0.451,30.132,0.031,63.223
2026-09-02T08:13:19.793939+07:00,c11_sim,758,13.979,35.576,1.037,49.916,0.028,100.536
2026-09-02T08:13:19.993367+07:00,c11_sim,759,14.869,36.222,1.037,51.034,0.030,103.191
2026-09-02T08:13:20.172904+07:00,c11_sim,760,11.853,34.209,0.702,45.221,0.052,92.038
2026-09-02T08:13:20.363245+07:00,c11_sim,761,9.762,25.124,0.549,39.274,0.041,74.749
2026-09-02T08:13:20.562898+07:00,c11_sim,762,13.631,24.334,0.633,35.245,0.033,73.876
2026-09-02T08:13:20.775996+07:00,c11_sim,763,13.052,27.708,0.695,39.734,0.034,81.222
2026-09-02T08:13:20.994948+07:00,c11_sim,764,11.558,41.535,0.829,42.694,0.039,96.655
2026-09-02T08:13:21.194947+07:00,c11_sim,765,12.436,36.672,0.813,51.210,0.030,101.161
2026-09-02T08:13:21.346783+07:00,c11_sim,766,9.586,25.681,0.835,30.790,0.038,66.928
2026-09-02T08:13:21.575470+07:00,c11_sim,767,11.349,27.348,0.840,38.012,0.028,77.578
2026-09-02T08:13:21.778707+07:00,c11_sim,768,12.598,26.798,0.868,39.396,0.038,79.699
2026-09-02T08:13:21.935568+07:00,c11_sim,769,14.914,33.113,0.000,0.000,0.022,48.050
2026-09-02T08:13:22.193469+07:00,c11_sim,770,14.245,35.923,1.008,56.982,0.034,108.192
2026-09-02T08:13:22.343246+07:00,c11_sim,771,11.967,33.477,0.000,0.000,0.022,45.467
2026-09-02T08:13:22.507855+07:00,c11_sim,772,12.257,19.736,0.000,0.000,0.017,32.010
2026-09-02T08:13:22.796884+07:00,c11_sim,773,15.438,36.178,1.042,56.267,0.045,108.971
2026-09-02T08:13:22.914312+07:00,c11_sim,774,14.382,21.561,0.000,0.000,0.012,35.954
2026-09-02T08:13:23.137432+07:00,c11_sim,775,13.054,35.961,0.000,0.000,0.021,49.036
2026-09-02T08:13:23.346280+07:00,c11_sim,776,10.923,35.133,0.000,0.000,0.023,46.079
2026-09-02T08:13:23.524765+07:00,c11_sim,777,11.029,33.818,0.000,0.000,0.020,44.867
2026-09-02T08:13:23.738649+07:00,c11_sim,778,13.227,33.590,0.000,0.000,0.021,46.838
2026-09-02T08:13:23.930226+07:00,c11_sim,779,9.352,33.267,0.000,0.000,0.024,42.643
2026-09-02T08:13:24.118417+07:00,c11_sim,780,13.203,20.996,0.000,0.000,0.015,34.215
2026-09-02T08:13:24.329853+07:00,c11_sim,781,7.891,24.919,0.600,0.000,0.013,33.422
2026-09-02T08:13:24.424754+07:00,c11_sim,782,7.822,24.229,0.790,44.214,0.065,77.119
2026-09-02T08:13:24.479402+07:00,c11_sim,783,9.551,13.908,0.530,39.376,0.025,63.390
2026-09-02T08:13:24.494746+07:00,c11_sim,784,6.931,15.139,0.000,0.000,0.012,22.083
2026-09-02T08:13:24.508813+07:00,c11_sim,785,6.266,13.873,0.000,0.000,0.015,20.154
2026-09-02T08:13:24.522918+07:00,c11_sim,786,8.135,13.920,0.000,0.000,0.010,22.066
2026-09-02T08:13:24.562988+07:00,c11_sim,787,8.392,14.852,0.000,0.000,0.012,23.256
2026-09-02T08:13:24.625528+07:00,c11_sim,788,8.666,14.803,0.543,0.000,0.543,24.555
2026-09-02T08:13:24.673478+07:00,c11_sim,789,7.113,12.890,0.585,33.592,0.068,54.249
2026-09-02T08:13:24.685254+07:00,c11_sim,790,5.710,11.614,0.000,0.000,0.009,17.333
2026-09-02T08:13:24.761544+07:00,c11_sim,791,7.278,14.131,0.486,35.757,0.059,57.711
2026-09-02T08:13:24.816133+07:00,c11_sim,792,6.526,13.739,0.513,39.472,0.018,60.268
2026-09-02T08:13:24.889979+07:00,c11_sim,793,6.269,16.302,0.536,55.671,0.021,78.799
2026-09-02T08:13:24.984127+07:00,c11_sim,794,7.572,22.458,0.763,69.855,0.030,100.678
2026-09-02T08:13:25.075558+07:00,c11_sim,795,7.972,24.352,0.653,65.232,0.077,98.286
2026-09-02T08:13:25.151244+07:00,c11_sim,796,6.743,18.783,0.478,55.577,0.015,81.596
2026-09-02T08:13:25.223426+07:00,c11_sim,797,13.112,18.464,0.489,52.243,0.016,84.324
2026-09-02T08:13:25.238772+07:00,c11_sim,798,8.278,14.917,0.000,0.000,0.236,23.431
2026-09-02T08:13:25.253670+07:00,c11_sim,799,6.428,14.776,0.000,0.000,0.011,21.214
2026-09-02T08:13:25.267609+07:00,c11_sim,800,6.375,13.792,0.000,0.000,0.008,20.175
2026-09-02T08:13:25.281174+07:00,c11_sim,801,6.726,13.416,0.000,0.000,0.009,20.151
2026-09-02T08:13:25.294206+07:00,c11_sim,802,6.454,12.889,0.000,0.000,0.009,19.353
2026-09-02T08:13:25.306654+07:00,c11_sim,803,6.431,12.299,0.000,0.000,0.009,18.739
2026-09-02T08:13:25.361379+07:00,c11_sim,804,7.007,13.280,0.506,39.939,0.019,60.751
2026-09-02T08:13:25.373685+07:00,c11_sim,805,5.950,12.138,0.000,0.000,0.010,18.098
2026-09-02T08:13:25.433353+07:00,c11_sim,806,6.231,13.854,0.538,44.515,0.017,65.155
2026-09-02T08:13:25.449228+07:00,c11_sim,807,6.730,15.702,0.000,0.000,0.010,22.442
2026-09-02T08:13:25.526246+07:00,c11_sim,808,6.990,17.668,0.509,57.960,0.030,83.155
2026-09-02T08:13:25.599676+07:00,c11_sim,809,7.575,20.465,0.503,51.418,0.061,80.022
2026-09-02T08:13:25.678027+07:00,c11_sim,810,7.797,18.917,0.515,57.942,0.029,85.201
2026-09-02T08:13:25.760133+07:00,c11_sim,811,8.215,21.237,0.713,58.778,0.030,88.973
2026-09-02T08:13:25.861841+07:00,c11_sim,812,7.676,23.155,1.118,75.306,0.105,107.361
2026-09-02T08:13:25.944533+07:00,c11_sim,813,7.985,22.398,0.819,58.226,0.025,89.453
2026-09-02T08:13:26.016751+07:00,c11_sim,814,7.398,20.131,0.775,50.115,0.027,78.445
2026-09-02T08:13:26.088312+07:00,c11_sim,815,8.172,19.768,0.714,50.002,0.032,78.687
2026-09-02T08:13:26.155055+07:00,c11_sim,816,8.504,18.151,0.667,46.752,0.069,74.142
2026-09-02T08:13:26.220553+07:00,c11_sim,817,9.402,17.578,0.656,46.185,0.070,73.891
2026-09-02T08:13:26.303392+07:00,c11_sim,818,8.549,17.232,0.595,63.715,0.071,90.162
2026-09-02T08:13:26.416498+07:00,c11_sim,819,9.340,27.440,1.185,82.600,0.044,120.610
2026-09-02T08:13:26.510403+07:00,c11_sim,820,8.474,31.056,0.775,60.857,0.037,101.199
2026-09-02T08:13:26.581555+07:00,c11_sim,821,9.555,20.758,0.726,48.525,0.032,79.597
2026-09-02T08:13:26.647170+07:00,c11_sim,822,8.316,18.386,0.871,45.176,0.033,72.782
2026-09-02T08:13:26.713593+07:00,c11_sim,823,8.688,19.461,0.632,45.035,0.061,73.877
2026-09-02T08:13:26.782759+07:00,c11_sim,824,8.887,19.648,0.655,47.639,0.046,76.875
2026-09-02T08:13:26.859538+07:00,c11_sim,825,7.996,21.043,0.690,53.849,0.038,83.616
2026-09-02T08:13:26.929182+07:00,c11_sim,826,9.563,18.913,0.607,49.024,0.024,78.131
2026-09-02T08:13:26.995593+07:00,c11_sim,827,7.899,17.788,0.577,46.971,0.032,73.267
2026-09-02T08:13:27.063292+07:00,c11_sim,828,9.266,19.321,0.598,46.743,0.042,75.969
2026-09-02T08:13:27.133884+07:00,c11_sim,829,9.336,18.793,0.618,50.114,0.028,78.889
2026-09-02T08:13:27.220078+07:00,c11_sim,830,10.269,20.767,0.585,63.812,0.026,95.459
2026-09-02T08:13:27.298110+07:00,c11_sim,831,11.307,21.304,0.553,55.102,0.028,88.295
2026-09-02T08:13:27.364736+07:00,c11_sim,832,10.410,17.883,0.528,47.083,0.030,75.935
2026-09-02T08:13:27.432545+07:00,c11_sim,833,8.579,19.949,0.597,46.120,0.038,75.283
2026-09-02T08:13:27.517399+07:00,c11_sim,834,9.811,26.525,0.797,56.255,0.037,93.425
2026-09-02T08:13:27.596815+07:00,c11_sim,835,8.977,22.796,1.004,54.040,0.087,86.903
2026-09-02T08:13:27.665737+07:00,c11_sim,836,9.413,19.316,0.646,47.759,0.095,77.228
2026-09-02T08:13:27.733033+07:00,c11_sim,837,8.220,18.622,0.576,47.080,0.027,74.525
2026-09-02T08:13:27.803734+07:00,c11_sim,838,9.253,18.482,0.573,50.625,0.031,78.965
2026-09-02T08:13:27.871212+07:00,c11_sim,839,8.166,18.006,0.529,47.833,0.029,74.563
2026-09-02T08:13:27.937663+07:00,c11_sim,840,7.961,17.811,0.559,47.079,0.025,73.434
2026-09-02T08:13:28.003560+07:00,c11_sim,841,9.205,17.451,0.514,46.854,0.026,74.051
2026-09-02T08:13:28.071070+07:00,c11_sim,842,8.418,17.537,0.551,48.299,0.067,74.871
2026-09-02T08:13:28.150588+07:00,c11_sim,843,8.824,23.468,0.504,54.318,0.039,87.154
2026-09-02T08:13:28.231291+07:00,c11_sim,844,8.191,21.410,0.719,57.400,0.024,87.745
2026-09-02T08:13:28.298625+07:00,c11_sim,845,9.050,17.807,0.504,47.833,0.023,75.218
2026-09-02T08:13:28.361998+07:00,c11_sim,846,8.831,16.968,0.448,44.950,0.020,71.216
2026-09-02T08:13:28.442817+07:00,c11_sim,847,8.513,18.598,0.455,60.734,0.115,88.414
2026-09-02T08:13:28.555582+07:00,c11_sim,848,8.626,31.687,0.777,78.699,0.222,120.011
2026-09-02T08:13:28.662018+07:00,c11_sim,849,9.111,32.628,0.982,71.506,0.038,114.264
2026-09-02T08:13:28.680527+07:00,c11_sim,850,8.189,18.246,0.000,0.000,0.026,26.461
2026-09-02T08:13:28.699514+07:00,c11_sim,851,9.492,18.755,0.000,0.000,0.013,28.261
2026-09-02T08:13:28.718812+07:00,c11_sim,852,8.633,19.050,0.000,0.000,0.013,27.696
2026-09-02T08:13:28.739440+07:00,c11_sim,853,8.790,20.377,0.000,0.000,0.013,29.179
2026-09-02T08:13:28.798335+07:00,c11_sim,854,8.191,17.960,0.653,39.300,0.028,66.133
2026-09-02T08:13:28.812923+07:00,c11_sim,855,9.714,14.367,0.000,0.000,0.010,24.090
2026-09-02T08:13:28.829194+07:00,c11_sim,856,8.613,15.962,0.000,0.000,0.014,24.589
2026-09-02T08:13:28.852918+07:00,c11_sim,857,9.291,23.461,0.000,0.000,0.017,32.769
2026-09-02T08:13:28.871368+07:00,c11_sim,858,8.950,18.176,0.000,0.000,0.030,27.156
2026-09-02T08:13:28.889757+07:00,c11_sim,859,8.822,18.138,0.000,0.000,0.014,26.974
2026-09-02T08:13:28.951133+07:00,c11_sim,860,9.526,20.909,0.705,38.827,0.040,70.007
2026-09-02T08:13:29.021870+07:00,c11_sim,861,8.476,21.513,0.783,47.261,0.053,78.086
2026-09-02T08:13:29.121020+07:00,c11_sim,862,9.163,28.769,0.877,67.825,0.069,106.702
2026-09-02T08:13:29.204860+07:00,c11_sim,863,8.006,26.333,0.770,55.480,0.048,90.638
2026-09-02T08:13:29.276511+07:00,c11_sim,864,8.803,23.825,0.672,45.863,0.037,79.199
2026-09-02T08:13:29.340446+07:00,c11_sim,865,8.461,18.609,0.630,43.603,0.029,71.332
2026-09-02T08:13:29.404636+07:00,c11_sim,866,7.761,17.337,0.552,45.211,0.026,70.888
2026-09-02T08:13:29.477100+07:00,c11_sim,867,8.959,18.683,0.547,52.029,0.030,80.249
2026-09-02T08:13:29.554306+07:00,c11_sim,868,7.890,17.756,0.509,57.905,0.045,84.105
2026-09-02T08:13:29.688311+07:00,c11_sim,869,6.922,30.011,0.605,101.962,0.049,139.549
2026-09-02T08:13:29.815481+07:00,c11_sim,870,7.382,35.283,0.573,89.997,0.045,133.281
2026-09-02T08:13:29.918061+07:00,c11_sim,871,6.726,33.804,0.801,66.595,0.040,107.967
2026-09-02T08:13:30.005592+07:00,c11_sim,872,7.785,28.216,0.601,57.563,0.040,94.205
2026-09-02T08:13:30.077529+07:00,c11_sim,873,7.996,21.586,0.980,48.185,0.044,78.792
2026-09-02T08:13:30.148324+07:00,c11_sim,874,8.821,21.705,0.861,46.967,0.032,78.385
2026-09-02T08:13:30.216743+07:00,c11_sim,875,8.006,18.035,0.483,48.495,0.077,75.097
2026-09-02T08:13:30.236957+07:00,c9_sim,414,5.953,19.934,0.000,0.000,0.012,25.899
2026-09-02T08:13:30.258562+07:00,c9_sim,415,6.339,21.386,0.000,0.000,0.016,27.741
2026-09-02T08:13:30.277908+07:00,c9_sim,416,8.765,19.078,0.000,0.000,0.018,27.861
2026-09-02T08:13:30.295409+07:00,c9_sim,417,8.111,17.217,0.000,0.000,0.015,25.343
2026-09-02T08:13:30.311216+07:00,c9_sim,418,6.868,15.576,0.000,0.000,0.012,22.456
2026-09-02T08:13:30.325018+07:00,c9_sim,419,6.910,13.607,0.000,0.000,0.008,20.525
2026-09-02T08:13:30.362402+07:00,c9_sim,420,7.083,14.268,0.000,0.000,0.011,21.362
2026-09-02T08:13:30.375247+07:00,c9_sim,421,6.270,12.588,0.000,0.000,0.008,18.866
2026-09-02T08:13:30.415113+07:00,c9_sim,422,6.342,13.634,0.503,0.000,0.007,20.486
2026-09-02T08:13:30.460777+07:00,c9_sim,423,5.156,11.935,0.513,32.547,0.050,50.202
2026-09-02T08:13:30.510195+07:00,c9_sim,424,5.210,12.943,0.547,35.248,0.014,53.962
2026-09-02T08:13:30.568656+07:00,c9_sim,425,5.237,14.249,0.495,42.938,0.016,62.933
2026-09-02T08:13:30.681451+07:00,c9_sim,426,4.899,18.709,0.603,90.808,0.682,115.702
2026-09-02T08:13:30.772272+07:00,c9_sim,427,5.199,27.497,0.637,61.627,0.033,94.993
2026-09-02T08:13:30.843659+07:00,c9_sim,428,5.155,20.432,0.567,49.237,0.021,75.412
2026-09-02T08:13:30.910367+07:00,c9_sim,429,6.180,18.257,0.614,46.773,0.018,71.842
2026-09-02T08:13:30.987624+07:00,c9_sim,430,6.116,17.842,0.548,57.762,0.038,82.305
2026-09-02T08:13:31.145105+07:00,c9_sim,431,7.174,45.447,0.725,109.509,0.039,162.893
2026-09-02T08:13:31.261181+07:00,c9_sim,432,6.268,41.736,0.870,72.184,0.041,121.099
2026-09-02T08:13:31.351535+07:00,c9_sim,433,7.119,27.012,0.915,61.248,0.023,96.318
2026-09-02T08:13:31.425880+07:00,c9_sim,434,6.206,23.133,0.836,49.116,0.032,79.322
2026-09-02T08:13:31.494310+07:00,c9_sim,435,6.780,20.227,0.717,46.288,0.022,74.033
2026-09-02T08:13:31.558696+07:00,c9_sim,436,6.887,17.950,0.608,44.715,0.018,70.178
2026-09-02T08:13:31.627217+07:00,c9_sim,437,6.561,19.465,0.527,47.467,0.016,74.036
2026-09-02T08:13:31.698614+07:00,c9_sim,438,6.845,20.469,0.561,49.300,0.026,77.201
2026-09-02T08:13:31.800941+07:00,c9_sim,439,7.562,30.940,0.873,69.368,0.076,108.818
2026-09-02T08:13:31.959156+07:00,c9_sim,440,6.121,47.140,1.635,106.779,0.128,161.802
2026-09-02T08:13:32.049796+07:00,c9_sim,441,6.813,28.820,0.937,59.682,0.058,96.310
2026-09-02T08:13:32.122484+07:00,c9_sim,442,6.507,22.324,0.681,48.477,0.075,78.064
2026-09-02T08:13:32.190248+07:00,c9_sim,443,7.013,21.646,0.626,44.385,0.030,73.699
2026-09-02T08:13:32.259885+07:00,c9_sim,444,8.153,18.253,0.774,49.130,0.042,76.351
2026-09-02T08:13:32.383400+07:00,c9_sim,445,8.063,38.584,1.995,80.216,0.078,128.935
2026-09-02T08:13:32.484062+07:00,c9_sim,446,8.313,35.599,1.002,62.692,0.048,107.654
2026-09-02T08:13:32.563016+07:00,c9_sim,447,7.037,27.010,0.743,50.034,0.069,84.893
2026-09-02T08:13:32.626806+07:00,c9_sim,448,7.532,18.716,0.669,43.297,0.029,70.243
2026-09-02T08:13:32.691487+07:00,c9_sim,449,8.644,17.371,0.609,45.752,0.043,72.420
2026-09-02T08:13:32.710583+07:00,c9_sim,450,8.279,18.825,0.000,0.000,0.013,27.117
2026-09-02T08:13:32.730634+07:00,c9_sim,451,10.756,19.626,0.000,0.000,0.017,30.399
2026-09-02T08:13:32.802007+07:00,c9_sim,452,6.808,20.559,1.035,48.606,0.032,77.040
2026-09-02T08:13:32.877665+07:00,c9_sim,453,6.802,19.282,0.690,54.515,0.042,81.332
2026-09-02T08:13:32.963406+07:00,c9_sim,454,6.856,23.518,0.769,60.106,0.067,91.316
2026-09-02T08:13:32.996844+07:00,c9_sim,455,7.868,33.072,0.000,0.000,0.021,40.962
2026-09-02T08:13:33.113775+07:00,c9_sim,456,7.377,38.299,0.997,76.011,0.049,122.732
2026-09-02T08:13:33.136703+07:00,c9_sim,457,6.966,22.634,0.000,0.000,0.018,29.618
2026-09-02T08:13:33.155719+07:00,c9_sim,458,6.981,18.552,0.000,0.000,0.018,25.551
2026-09-02T08:13:33.176050+07:00,c9_sim,459,7.038,19.902,0.000,0.000,0.016,26.956
2026-09-02T08:13:33.202826+07:00,c9_sim,460,7.092,26.482,0.000,0.000,0.013,33.587
2026-09-02T08:13:33.225324+07:00,c9_sim,461,6.588,22.231,0.000,0.000,0.015,28.834
2026-09-02T08:13:33.300325+07:00,c9_sim,462,6.289,23.280,0.734,50.009,0.045,80.358
2026-09-02T08:13:33.322818+07:00,c9_sim,463,6.322,22.204,0.000,0.000,0.015,28.541
2026-09-02T08:13:33.398524+07:00,c9_sim,464,6.634,21.880,0.745,51.969,0.057,81.285
2026-09-02T08:13:33.472161+07:00,c9_sim,465,6.541,23.602,0.761,48.157,0.033,79.093
2026-09-02T08:13:33.541110+07:00,c9_sim,466,6.272,19.648,0.648,47.434,0.045,74.047
2026-09-02T08:13:33.612518+07:00,c9_sim,467,6.370,19.405,0.751,50.016,0.045,76.587
2026-09-02T08:13:33.696184+07:00,c9_sim,468,6.586,24.441,0.800,57.267,0.050,89.144
2026-09-02T08:13:33.796395+07:00,c9_sim,469,6.612,31.570,0.746,66.742,0.048,105.719
2026-09-02T08:13:33.898996+07:00,c9_sim,470,7.020,31.637,0.905,68.759,0.066,108.387
2026-09-02T08:13:33.996093+07:00,c9_sim,471,8.691,32.005,0.989,62.729,0.048,104.462
2026-09-02T08:13:34.067630+07:00,c9_sim,472,7.229,21.869,0.791,47.651,0.059,77.599
2026-09-02T08:13:34.137587+07:00,c9_sim,473,8.965,19.715,1.018,47.680,0.045,77.423
2026-09-02T08:13:34.213254+07:00,c9_sim,474,11.086,22.854,0.739,50.858,0.043,85.581
2026-09-02T08:13:34.291715+07:00,c9_sim,475,9.302,22.577,0.796,53.879,0.054,86.608
2026-09-02T08:13:34.371187+07:00,c9_sim,476,12.793,23.296,0.774,54.237,0.034,91.134
2026-09-02T08:13:34.447494+07:00,c9_sim,477,10.541,22.626,0.697,51.871,0.031,85.766
2026-09-02T08:13:34.518154+07:00,c9_sim,478,9.517,20.207,0.640,48.617,0.031,79.012
2026-09-02T08:13:34.590146+07:00,c9_sim,479,8.209,20.677,0.614,49.567,0.028,79.096
2026-09-02T08:13:34.658467+07:00,c9_sim,480,7.643,18.374,0.552,48.325,0.084,74.979
2026-09-02T08:13:34.728906+07:00,c9_sim,481,7.526,18.093,0.525,50.635,0.079,76.857
2026-09-02T08:13:34.812195+07:00,c9_sim,482,7.662,27.897,0.824,53.392,0.051,89.825
2026-09-02T08:13:34.894000+07:00,c9_sim,483,6.577,27.401,0.889,52.327,0.045,87.239
2026-09-02T08:13:34.980642+07:00,c9_sim,484,7.751,29.351,0.801,54.877,0.057,92.837
2026-09-02T08:13:35.053781+07:00,c9_sim,485,6.807,21.518,0.648,49.799,0.036,78.808
2026-09-02T08:13:35.125852+07:00,c9_sim,486,7.031,19.665,0.840,50.055,0.045,77.635
2026-09-02T08:13:35.196763+07:00,c9_sim,487,6.543,20.755,0.599,48.445,0.054,76.396
2026-09-02T08:13:35.291277+07:00,c9_sim,488,6.863,38.514,0.777,53.243,0.051,99.447
2026-09-02T08:13:35.369665+07:00,c9_sim,489,6.751,22.327,0.679,54.177,0.053,83.987
2026-09-02T08:13:35.448251+07:00,c9_sim,490,7.696,24.772,0.787,51.861,0.034,85.151
2026-09-02T08:13:35.516261+07:00,c9_sim,491,10.771,19.398,0.604,46.928,0.035,77.735
2026-09-02T08:13:35.619803+07:00,c9_sim,492,10.904,33.598,0.709,67.960,0.237,113.407
2026-09-02T08:13:35.800669+07:00,c9_sim,493,9.235,59.858,1.769,114.765,0.055,185.682
2026-09-02T08:13:35.869852+07:00,c9_sim,494,7.097,61.306,0.812,0.000,0.021,69.235
2026-09-02T08:13:35.894427+07:00,c8_sim,247,22.005,23.463,0.000,0.000,0.026,45.493
2026-09-02T08:13:35.915628+07:00,c8_sim,248,11.265,20.938,0.000,0.000,0.009,32.212
2026-09-02T08:13:35.936465+07:00,c8_sim,249,9.774,20.055,0.000,0.000,0.009,29.838
2026-09-02T08:13:35.994685+07:00,c8_sim,250,9.407,12.223,0.000,0.000,0.005,21.635
2026-09-02T08:13:36.025861+07:00,c8_sim,251,8.038,9.767,0.000,0.000,0.004,17.808
2026-09-02T08:13:36.086938+07:00,c8_sim,252,6.753,11.255,0.000,0.000,0.004,18.012
2026-09-02T08:13:36.146890+07:00,c8_sim,253,6.813,11.979,0.000,0.000,0.004,18.796
2026-09-02T08:13:36.183464+07:00,c8_sim,254,7.009,11.453,0.000,0.000,0.003,18.466
2026-09-02T08:13:36.242964+07:00,c8_sim,255,8.557,14.075,0.000,0.000,0.007,22.639
2026-09-02T08:13:36.313983+07:00,c8_sim,256,8.331,20.529,0.000,0.000,0.007,28.866
2026-09-02T08:13:36.355150+07:00,c8_sim,257,7.763,17.072,0.000,0.000,0.005,24.840
2026-09-02T08:13:36.392417+07:00,c8_sim,258,9.168,12.056,0.000,0.000,0.005,21.229
2026-09-02T08:13:36.458093+07:00,c8_sim,259,7.726,13.637,0.548,0.000,0.006,21.918
2026-09-02T08:13:36.530523+07:00,c8_sim,260,7.670,14.346,0.593,31.639,0.093,54.340
2026-09-02T08:13:36.540745+07:00,c8_sim,261,6.634,10.093,0.000,0.000,0.007,16.735
2026-09-02T08:13:36.632736+07:00,c8_sim,262,8.547,14.126,0.601,30.714,0.089,54.078
2026-09-02T08:13:36.677587+07:00,c8_sim,263,7.396,11.147,0.560,32.285,0.030,51.418
2026-09-02T08:13:36.732810+07:00,c8_sim,264,7.465,13.673,0.558,39.927,0.132,61.755
2026-09-02T08:13:36.823106+07:00,c8_sim,265,7.462,16.208,0.605,71.735,0.226,96.236
2026-09-02T08:13:36.983493+07:00,c8_sim,266,7.103,49.762,1.068,108.392,0.039,166.363
2026-09-02T08:13:37.114052+07:00,c8_sim,267,7.846,35.874,0.720,92.392,0.249,137.082
2026-09-02T08:13:37.257181+07:00,c8_sim,268,10.102,37.122,0.875,103.731,0.035,151.866
2026-09-02T08:13:37.393920+07:00,c8_sim,269,10.626,34.959,0.709,98.570,0.045,144.908
2026-09-02T08:13:37.503854+07:00,c8_sim,270,9.068,35.926,0.931,71.595,0.031,117.551
2026-09-02T08:13:37.571172+07:00,c8_sim,271,8.539,20.445,0.744,44.845,0.027,74.601
2026-09-02T08:13:37.641366+07:00,c8_sim,272,9.104,20.860,0.718,47.521,0.026,78.229
2026-09-02T08:13:37.723429+07:00,c8_sim,273,10.033,19.094,0.552,61.565,0.029,91.273
2026-09-02T08:13:37.920065+07:00,c8_sim,274,6.991,43.254,0.762,143.947,0.045,194.999
2026-09-02T08:13:38.013874+07:00,c8_sim,275,9.714,34.094,1.021,56.128,0.032,100.989
2026-09-02T08:13:38.080923+07:00,c8_sim,276,9.214,20.746,0.751,44.461,0.023,75.196
2026-09-02T08:13:38.142622+07:00,c8_sim,277,7.741,17.821,0.708,42.227,0.035,68.531
2026-09-02T08:13:38.207554+07:00,c8_sim,278,12.704,17.158,0.528,46.286,0.026,76.702
2026-09-02T08:13:38.278539+07:00,c8_sim,279,8.252,17.260,0.511,52.158,0.046,78.227
2026-09-02T08:13:38.378516+07:00,c8_sim,280,8.633,26.125,0.583,71.922,0.195,107.458
2026-09-02T08:13:38.466753+07:00,c8_sim,281,7.447,26.253,0.953,59.902,0.044,94.599
2026-09-02T08:13:38.549585+07:00,c8_sim,282,8.656,24.969,0.894,55.801,0.045,90.365
2026-09-02T08:13:38.646089+07:00,c8_sim,283,7.415,25.414,0.810,68.827,0.095,102.561
2026-09-02T08:13:38.766345+07:00,c8_sim,284,7.116,35.461,0.888,82.580,0.048,126.092
2026-09-02T08:13:38.859363+07:00,c8_sim,285,8.177,26.601,0.832,64.387,0.049,100.046
2026-09-02T08:13:38.951194+07:00,c8_sim,286,7.440,23.287,0.653,66.274,0.286,97.940
2026-09-02T08:13:39.039025+07:00,c8_sim,287,9.198,26.386,0.898,59.127,0.197,95.807
2026-09-02T08:13:39.114563+07:00,c8_sim,288,11.280,24.090,0.746,49.462,0.050,85.627
2026-09-02T08:13:39.179353+07:00,c8_sim,289,10.719,16.979,0.704,45.940,0.028,74.370
2026-09-02T08:13:39.244551+07:00,c8_sim,290,8.068,16.642,0.622,46.855,0.026,72.212
2026-09-02T08:13:39.325056+07:00,c8_sim,291,7.323,17.290,0.620,61.577,0.044,86.854
2026-09-02T08:13:39.474810+07:00,c8_sim,292,8.749,32.674,0.649,115.408,0.050,157.531
2026-09-02T08:13:39.568850+07:00,c8_sim,293,7.181,30.596,0.832,60.488,0.128,99.226
2026-09-02T08:13:39.642043+07:00,c8_sim,294,8.864,22.154,0.741,49.117,0.140,81.015
2026-09-02T08:13:39.708611+07:00,c8_sim,295,7.485,20.627,0.691,44.153,0.044,73.000
2026-09-02T08:13:39.773185+07:00,c8_sim,296,7.623,19.048,0.601,43.894,0.033,71.199
2026-09-02T08:13:39.838233+07:00,c8_sim,297,7.760,17.518,0.600,45.787,0.044,71.710
2026-09-02T08:13:39.962685+07:00,c8_sim,298,7.795,24.566,0.460,98.485,0.052,131.359
2026-09-02T08:13:40.121899+07:00,c8_sim,299,7.308,61.047,0.796,94.127,0.081,163.359
2026-09-02T08:13:40.270078+07:00,c8_sim,300,8.073,40.203,0.868,105.804,0.078,155.027
2026-09-02T08:13:40.401637+07:00,c8_sim,301,8.983,37.989,1.093,89.546,0.065,137.676
2026-09-02T08:13:40.541710+07:00,c8_sim,302,9.151,41.986,0.869,95.787,0.050,147.843
2026-09-02T08:13:40.613047+07:00,c8_sim,303,8.932,23.059,0.944,46.146,0.041,79.122
2026-09-02T08:13:40.677796+07:00,c8_sim,304,7.866,18.954,0.661,44.223,0.037,71.741
2026-09-02T08:13:40.745332+07:00,c8_sim,305,7.867,16.946,0.561,48.964,0.037,74.375
