timestamp,camera_id,frame_id,decode_ms,detection_ms,tracking_ms,reid_ms,matching_ms,total_ai_ms
2026-09-02T08:23:51.643198+07:00,c8_sim,1,7.192,247.675,11.841,81.522,0.050,348.280
2026-09-02T08:23:51.717333+07:00,c8_sim,2,3.732,17.668,9.962,44.827,0.055,76.245
2026-09-02T08:23:51.776248+07:00,c8_sim,3,4.001,15.289,7.110,35.707,0.038,62.145
2026-09-02T08:23:51.831718+07:00,c8_sim,4,3.772,15.510,7.276,31.891,0.010,58.459
2026-09-02T08:23:51.887797+07:00,c8_sim,5,3.775,14.265,7.532,28.608,0.011,54.192
2026-09-02T08:23:51.931569+07:00,c8_sim,6,4.108,9.357,7.026,26.550,0.009,47.050
2026-09-02T08:23:51.979530+07:00,c8_sim,7,4.166,13.612,7.149,26.443,0.043,51.413
2026-09-02T08:23:52.107427+07:00,c8_sim,8,5.729,14.224,9.737,27.036,0.012,56.739
2026-09-02T08:23:52.212963+07:00,c8_sim,9,6.492,19.324,9.612,27.374,0.045,62.848
2026-09-02T08:23:52.316253+07:00,c8_sim,10,6.670,12.586,10.655,27.254,0.056,57.221
2026-09-02T08:23:52.421187+07:00,c8_sim,11,6.929,13.970,10.875,27.338,0.012,59.124
2026-09-02T08:23:52.526789+07:00,c8_sim,12,6.962,15.058,10.970,27.159,0.013,60.162
2026-09-02T08:23:52.660489+07:00,c8_sim,13,8.103,15.541,12.872,27.199,0.012,63.728
2026-09-02T08:23:52.738122+07:00,c8_sim,14,7.144,12.541,10.989,27.232,0.012,57.917
2026-09-02T08:23:52.873876+07:00,c8_sim,15,8.094,15.813,13.441,27.761,0.011,65.119
2026-09-02T08:23:52.985443+07:00,c8_sim,16,7.377,15.962,12.646,29.200,0.035,65.220
2026-09-02T08:23:53.084739+07:00,c8_sim,17,7.218,24.279,18.747,29.042,0.059,79.345
2026-09-02T08:23:53.189214+07:00,c8_sim,18,4.165,17.067,8.566,27.255,0.017,57.070
2026-09-02T08:23:53.294424+07:00,c8_sim,19,5.673,13.991,9.865,28.806,0.045,58.379
2026-09-02T08:23:53.400061+07:00,c8_sim,20,6.436,13.918,11.058,28.166,0.017,59.595
2026-09-02T08:23:53.499001+07:00,c8_sim,21,7.520,13.567,11.946,27.005,0.015,60.053
2026-09-02T08:23:53.626700+07:00,c8_sim,22,7.782,15.580,11.900,27.230,0.016,62.508
2026-09-02T08:23:53.727444+07:00,c8_sim,23,7.527,13.250,12.242,27.188,0.040,60.247
2026-09-02T08:23:53.833410+07:00,c8_sim,24,7.392,13.579,12.523,27.083,0.015,60.592
2026-09-02T08:23:53.939429+07:00,c8_sim,25,7.329,14.661,11.580,27.285,0.014,60.870
2026-09-02T08:23:54.019481+07:00,c8_sim,26,8.195,15.354,12.343,0.003,0.011,35.906
2026-09-02T08:23:54.141441+07:00,c8_sim,27,6.897,30.135,12.152,0.004,0.013,49.201
2026-09-02T08:23:54.319419+07:00,c8_sim,28,7.458,31.010,13.831,54.657,0.065,107.021
2026-09-02T08:23:54.365010+07:00,c8_sim,29,5.038,10.046,7.752,26.868,0.022,49.726
2026-09-02T08:23:54.488925+07:00,c8_sim,30,5.651,14.879,11.075,27.092,0.020,58.716
2026-09-02T08:23:54.588200+07:00,c8_sim,31,6.862,13.562,10.505,27.250,0.021,58.201
2026-09-02T08:23:54.691889+07:00,c8_sim,32,7.026,14.399,10.593,27.275,0.016,59.310
2026-09-02T08:23:54.797580+07:00,c8_sim,33,7.250,13.989,10.758,28.451,0.016,60.463
2026-09-02T08:23:54.901768+07:00,c8_sim,34,7.429,13.405,10.609,27.738,0.015,59.197
2026-09-02T08:23:55.037399+07:00,c8_sim,35,8.192,17.047,12.277,27.758,0.015,65.289
2026-09-02T08:23:55.113158+07:00,c8_sim,36,7.385,13.818,11.435,27.279,0.017,59.935
2026-09-02T08:23:55.247000+07:00,c8_sim,37,8.015,15.760,12.209,27.050,0.017,63.051
2026-09-02T08:23:55.350163+07:00,c8_sim,38,6.290,13.029,10.808,27.078,0.018,57.223
2026-09-02T08:23:55.448182+07:00,c8_sim,39,6.365,11.857,10.575,26.869,0.023,55.690
2026-09-02T08:23:55.547969+07:00,c8_sim,40,6.342,11.738,10.154,27.264,0.015,55.514
2026-09-02T08:23:55.676723+07:00,c8_sim,41,8.516,15.292,12.943,27.325,0.020,64.095
2026-09-02T08:23:55.778883+07:00,c8_sim,42,7.712,12.935,12.139,27.352,0.016,60.154
2026-09-02T08:23:55.883146+07:00,c8_sim,43,7.101,13.385,10.937,27.241,0.015,58.679
2026-09-02T08:23:55.988674+07:00,c8_sim,44,7.501,14.177,11.343,27.608,0.014,60.643
2026-09-02T08:23:56.092772+07:00,c8_sim,45,8.279,15.048,12.066,27.224,0.014,62.632
2026-09-02T08:23:56.226778+07:00,c8_sim,46,7.803,23.894,11.931,27.662,0.016,71.306
2026-09-02T08:23:56.304192+07:00,c8_sim,47,6.377,12.930,10.106,28.086,0.016,57.516
2026-09-02T08:23:56.408743+07:00,c8_sim,48,7.060,14.193,10.216,27.672,0.015,59.156
2026-09-02T08:23:56.537466+07:00,c8_sim,49,7.286,14.988,10.530,29.260,0.020,62.084
2026-09-02T08:23:56.646022+07:00,c8_sim,50,7.308,15.504,12.276,28.100,0.015,63.204
2026-09-02T08:23:56.728359+07:00,c8_sim,51,7.157,14.762,14.007,0.000,0.007,35.932
2026-09-02T08:23:56.834569+07:00,c8_sim,52,8.287,15.731,12.491,0.004,0.142,36.656
2026-09-02T08:23:56.941628+07:00,c8_sim,53,8.300,28.258,0.000,0.000,0.009,36.567
2026-09-02T08:23:57.051582+07:00,c8_sim,54,10.302,31.472,0.000,0.000,0.016,41.790
2026-09-02T08:23:57.161215+07:00,c8_sim,55,11.295,31.770,0.000,0.000,0.024,43.089
2026-09-02T08:23:57.263353+07:00,c8_sim,56,10.656,28.881,0.000,0.000,0.007,39.544
2026-09-02T08:23:57.422119+07:00,c9_sim,1,4.428,32.006,4.631,45.918,0.056,87.038
2026-09-02T08:23:57.491529+07:00,c9_sim,2,3.918,11.151,9.955,27.040,0.045,52.110
2026-09-02T08:23:57.596156+07:00,c9_sim,3,5.917,14.182,10.666,27.479,0.038,58.281
2026-09-02T08:23:57.702475+07:00,c9_sim,4,5.191,14.498,11.949,27.577,0.013,59.228
2026-09-02T08:23:57.810751+07:00,c9_sim,5,5.532,15.092,13.408,27.426,0.053,61.512
2026-09-02T08:23:57.915733+07:00,c9_sim,6,5.511,12.385,12.309,27.378,0.011,57.594
2026-09-02T08:23:58.023744+07:00,c9_sim,7,5.306,14.488,12.993,27.454,0.011,60.251
2026-09-02T08:23:58.133327+07:00,c9_sim,8,4.797,14.450,14.070,27.915,0.012,61.244
2026-09-02T08:23:58.209772+07:00,c9_sim,9,4.318,13.095,10.094,27.059,0.011,54.577
2026-09-02T08:23:58.330300+07:00,c9_sim,10,4.886,14.502,11.981,27.715,0.013,59.098
2026-09-02T08:23:58.428630+07:00,c9_sim,11,4.557,12.716,10.165,27.006,0.010,54.454
2026-09-02T08:23:58.531657+07:00,c9_sim,12,4.287,12.206,11.333,27.198,0.010,55.034
2026-09-02T08:23:58.636385+07:00,c9_sim,13,4.944,13.311,11.755,27.391,0.011,57.412
2026-09-02T08:23:58.741246+07:00,c9_sim,14,4.985,14.721,11.157,27.162,0.011,58.035
2026-09-02T08:23:58.850168+07:00,c9_sim,15,5.292,15.233,12.830,28.110,0.012,61.477
2026-09-02T08:23:58.961454+07:00,c9_sim,16,5.248,15.605,14.557,27.962,0.010,63.381
2026-09-02T08:23:59.062014+07:00,c9_sim,17,5.303,13.175,11.716,27.394,0.017,57.604
2026-09-02T08:23:59.159953+07:00,c9_sim,18,4.409,12.409,10.800,27.079,0.015,54.711
2026-09-02T08:23:59.263397+07:00,c9_sim,19,5.351,12.308,12.222,27.352,0.014,57.247
2026-09-02T08:23:59.360926+07:00,c9_sim,20,4.740,12.735,11.278,27.275,0.014,56.042
2026-09-02T08:23:59.465239+07:00,c9_sim,21,5.056,12.560,11.669,27.617,0.018,56.920
2026-09-02T08:23:59.563143+07:00,c9_sim,22,4.650,11.778,10.534,27.258,0.016,54.235
2026-09-02T08:23:59.666994+07:00,c9_sim,23,5.029,12.625,11.721,27.134,0.014,56.524
2026-09-02T08:23:59.772604+07:00,c9_sim,24,5.401,14.566,12.631,27.277,0.015,59.889
2026-09-02T08:23:59.881431+07:00,c9_sim,25,5.348,15.235,12.300,28.012,0.017,60.912
2026-09-02T08:23:59.991319+07:00,c9_sim,26,5.344,15.010,13.663,27.958,0.015,61.990
2026-09-02T08:24:00.071112+07:00,c9_sim,27,5.161,14.174,11.539,26.840,0.015,57.729
2026-09-02T08:24:00.174191+07:00,c9_sim,28,4.974,14.817,11.917,27.258,0.016,58.982
2026-09-02T08:24:00.284981+07:00,c9_sim,29,6.234,15.578,13.576,28.698,0.015,64.101
2026-09-02T08:24:00.381456+07:00,c9_sim,30,3.861,11.721,7.269,27.120,0.025,49.996
2026-09-02T08:24:00.476446+07:00,c9_sim,31,3.212,11.828,8.488,26.784,0.016,50.329
2026-09-02T08:24:00.592636+07:00,c9_sim,32,2.801,12.291,6.084,27.246,0.015,48.437
2026-09-02T08:24:00.691127+07:00,c9_sim,33,3.347,12.191,7.349,26.971,0.016,49.873
2026-09-02T08:24:00.793627+07:00,c9_sim,34,3.972,13.546,9.136,27.500,0.018,54.172
2026-09-02T08:24:00.890991+07:00,c9_sim,35,4.418,11.931,9.916,28.710,0.015,54.991
2026-09-02T08:24:01.019659+07:00,c9_sim,36,4.696,15.870,11.161,29.427,0.017,61.171
2026-09-02T08:24:01.127653+07:00,c9_sim,37,5.469,15.895,13.051,28.809,0.016,63.241
2026-09-02T08:24:01.205641+07:00,c9_sim,38,4.918,11.729,11.215,28.311,0.030,56.204
2026-09-02T08:24:01.335748+07:00,c9_sim,39,5.064,15.945,11.740,28.490,0.027,61.266
2026-09-02T08:24:01.413309+07:00,c9_sim,40,4.600,13.297,10.700,27.211,0.016,55.824
2026-09-02T08:24:01.515826+07:00,c9_sim,41,4.882,12.368,10.389,27.371,0.017,55.027
2026-09-02T08:24:01.646835+07:00,c9_sim,42,6.050,17.480,11.932,27.125,0.016,62.603
2026-09-02T08:24:01.723304+07:00,c9_sim,43,4.934,12.674,10.330,27.273,0.016,55.228
2026-09-02T08:24:01.832826+07:00,c9_sim,44,5.854,15.323,11.602,29.302,0.057,62.139
2026-09-02T08:24:01.936876+07:00,c9_sim,45,5.108,14.732,10.985,27.393,0.018,58.236
2026-09-02T08:24:02.043099+07:00,c9_sim,46,4.975,16.007,12.705,27.423,0.016,61.128
2026-09-02T08:24:02.148799+07:00,c9_sim,47,5.529,15.415,12.194,28.184,0.016,61.339
2026-09-02T08:24:02.255911+07:00,c9_sim,48,5.155,15.070,12.602,27.444,0.017,60.288
2026-09-02T08:24:02.361659+07:00,c9_sim,49,5.274,15.165,12.823,28.755,0.017,62.034
2026-09-02T08:24:02.456809+07:00,c9_sim,50,5.083,13.640,6.606,26.881,0.027,52.237
2026-09-02T08:24:02.570012+07:00,c9_sim,51,4.999,19.532,12.564,29.215,0.017,66.327
2026-09-02T08:24:02.675998+07:00,c9_sim,52,5.177,16.393,12.422,28.628,0.016,62.637
2026-09-02T08:24:02.758319+07:00,c9_sim,53,5.205,14.110,11.071,29.823,0.015,60.223
2026-09-02T08:24:02.870570+07:00,c9_sim,54,5.424,16.028,12.126,31.032,0.017,64.627
2026-09-02T08:24:02.981861+07:00,c9_sim,55,5.942,15.871,12.392,30.087,0.016,64.308
2026-09-02T08:24:03.091372+07:00,c9_sim,56,5.721,14.748,12.525,29.233,0.016,62.243
2026-09-02T08:24:03.174292+07:00,c9_sim,57,5.124,14.180,11.074,30.264,0.015,60.657
2026-09-02T08:24:03.291629+07:00,c9_sim,58,5.258,23.461,10.162,32.093,0.015,70.988
2026-09-02T08:24:03.370786+07:00,c9_sim,59,4.179,13.038,8.990,30.859,0.016,57.082
2026-09-02T08:24:03.477539+07:00,c9_sim,60,5.131,13.762,10.836,30.014,0.018,59.762
2026-09-02T08:24:03.573975+07:00,c9_sim,61,5.857,12.390,7.907,28.935,0.018,55.107
2026-09-02T08:24:03.705898+07:00,c9_sim,62,5.642,17.806,11.737,30.008,0.017,65.210
2026-09-02T08:24:03.781021+07:00,c9_sim,63,5.105,12.028,9.888,28.361,0.015,55.398
2026-09-02T08:24:03.916906+07:00,c9_sim,64,6.099,17.068,12.784,27.588,0.016,63.554
2026-09-02T08:24:03.991804+07:00,c9_sim,65,4.653,13.309,9.808,26.896,0.015,54.682
2026-09-02T08:24:04.115624+07:00,c9_sim,66,5.118,15.386,11.001,27.385,0.018,58.909
2026-09-02T08:24:04.224541+07:00,c9_sim,67,5.620,15.577,12.680,27.397,0.015,61.288
2026-09-02T08:24:04.328860+07:00,c9_sim,68,5.901,15.618,12.531,27.454,0.017,61.521
2026-09-02T08:24:04.404337+07:00,c9_sim,69,4.616,12.725,9.428,26.757,0.013,53.538
2026-09-02T08:24:04.504635+07:00,c9_sim,70,4.341,12.998,9.256,27.381,0.016,53.991
2026-09-02T08:24:04.609593+07:00,c9_sim,71,5.003,13.866,10.383,28.555,0.014,57.821
2026-09-02T08:24:04.718851+07:00,c9_sim,72,5.955,15.487,11.595,29.764,0.016,62.818
2026-09-02T08:24:04.828024+07:00,c9_sim,73,6.226,15.054,11.919,28.983,0.016,62.199
2026-09-02T08:24:04.935761+07:00,c9_sim,74,5.374,14.603,12.186,27.675,0.018,59.856
2026-09-02T08:24:05.043812+07:00,c9_sim,75,5.460,14.902,12.388,27.514,0.016,60.280
2026-09-02T08:24:05.149424+07:00,c9_sim,76,5.351,12.967,12.715,27.415,0.015,58.464
2026-09-02T08:24:05.225227+07:00,c9_sim,77,5.212,10.997,11.181,27.266,0.016,54.671
2026-09-02T08:24:05.352068+07:00,c9_sim,78,5.711,15.924,12.898,27.431,0.016,61.980
2026-09-02T08:24:05.454568+07:00,c9_sim,79,4.831,15.169,10.303,27.528,0.019,57.850
2026-09-02T08:24:05.563813+07:00,c9_sim,80,5.202,16.081,12.123,27.804,0.016,61.227
2026-09-02T08:24:05.639360+07:00,c9_sim,81,5.346,11.954,9.815,27.171,0.014,54.300
2026-09-02T08:24:05.770476+07:00,c9_sim,82,5.356,16.087,11.922,28.508,0.017,61.890
2026-09-02T08:24:05.845504+07:00,c9_sim,83,4.853,14.042,9.892,27.166,0.015,55.968
2026-09-02T08:24:05.972757+07:00,c9_sim,84,5.657,14.680,11.007,27.110,0.016,58.468
2026-09-02T08:24:06.082849+07:00,c9_sim,85,5.853,16.188,12.204,28.384,0.015,62.645
2026-09-02T08:24:06.160866+07:00,c9_sim,86,5.413,13.042,11.082,27.252,0.016,56.804
2026-09-02T08:24:06.267442+07:00,c9_sim,87,5.470,14.250,11.991,27.169,0.016,58.897
2026-09-02T08:24:06.364450+07:00,c9_sim,88,5.960,12.362,9.551,26.993,0.017,54.883
2026-09-02T08:24:06.487160+07:00,c9_sim,89,4.918,14.908,10.505,27.716,0.017,58.064
2026-09-02T08:24:06.595072+07:00,c9_sim,90,5.529,15.428,12.023,27.220,0.015,60.215
2026-09-02T08:24:06.672762+07:00,c9_sim,91,4.911,12.729,11.088,27.242,0.015,55.985
2026-09-02T08:24:06.780430+07:00,c9_sim,92,6.042,14.960,11.458,27.993,0.016,60.470
2026-09-02T08:24:06.887111+07:00,c9_sim,93,5.432,14.108,12.047,27.393,0.018,58.998
2026-09-02T08:24:06.993541+07:00,c9_sim,94,5.292,14.562,11.575,27.230,0.016,58.675
2026-09-02T08:24:07.096494+07:00,c9_sim,95,5.671,13.248,11.138,28.335,0.016,58.408
2026-09-02T08:24:07.193340+07:00,c9_sim,96,5.433,12.350,10.619,27.769,0.016,56.187
2026-09-02T08:24:07.301341+07:00,c9_sim,97,5.324,13.738,12.827,28.911,0.016,60.817
2026-09-02T08:24:07.408137+07:00,c9_sim,98,5.418,13.796,11.367,28.293,0.015,58.889
2026-09-02T08:24:07.509781+07:00,c9_sim,99,5.041,14.149,9.694,29.595,0.016,58.495
2026-09-02T08:24:07.617629+07:00,c9_sim,100,4.946,14.620,9.933,31.061,0.015,60.576
2026-09-02T08:24:07.726527+07:00,c9_sim,101,4.986,15.213,11.205,30.157,0.016,61.576
2026-09-02T08:24:07.831374+07:00,c9_sim,102,5.253,13.817,11.906,31.321,0.015,62.312
2026-09-02T08:24:07.944134+07:00,c9_sim,103,6.046,16.444,12.550,31.025,0.015,66.080
2026-09-02T08:24:08.024519+07:00,c9_sim,104,5.996,11.572,11.491,30.530,0.014,59.603
2026-09-02T08:24:08.129240+07:00,c9_sim,105,5.417,14.019,8.056,31.480,0.019,58.991
2026-09-02T08:24:08.234800+07:00,c9_sim,106,5.060,17.417,11.506,31.689,0.017,65.690
2026-09-02T08:24:08.346435+07:00,c9_sim,107,5.910,16.737,12.212,30.522,0.020,65.402
2026-09-02T08:24:08.456112+07:00,c9_sim,108,5.632,15.656,11.603,29.186,0.021,62.098
2026-09-02T08:24:08.532956+07:00,c9_sim,109,4.528,11.988,9.794,28.848,0.017,55.174
2026-09-02T08:24:08.635854+07:00,c9_sim,110,5.606,12.942,10.034,27.648,0.015,56.245
2026-09-02T08:24:08.741699+07:00,c9_sim,111,5.954,14.046,11.406,27.990,0.018,59.413
2026-09-02T08:24:08.850455+07:00,c9_sim,112,5.895,15.769,11.887,27.796,0.014,61.360
2026-09-02T08:24:08.957257+07:00,c9_sim,113,5.863,14.219,12.216,27.321,0.016,59.635
2026-09-02T08:24:09.066638+07:00,c9_sim,114,5.538,15.711,12.541,27.897,0.015,61.702
2026-09-02T08:24:09.173776+07:00,c9_sim,115,5.295,15.058,11.582,27.430,0.015,59.380
2026-09-02T08:24:09.253452+07:00,c9_sim,116,4.951,14.755,10.703,27.774,0.015,58.197
2026-09-02T08:24:09.359547+07:00,c9_sim,117,5.459,15.446,10.958,26.988,0.017,58.869
2026-09-02T08:24:09.460430+07:00,c9_sim,118,5.107,14.617,11.212,27.451,0.019,58.407
2026-09-02T08:24:09.565317+07:00,c9_sim,119,5.154,14.449,10.722,27.558,0.016,57.899
2026-09-02T08:24:09.671867+07:00,c9_sim,120,6.287,14.191,12.166,27.279,0.016,59.939
2026-09-02T08:24:09.774305+07:00,c9_sim,121,5.749,14.504,11.221,28.075,0.016,59.566
2026-09-02T08:24:09.881314+07:00,c9_sim,122,4.760,14.911,10.088,28.766,0.017,58.541
2026-09-02T08:24:09.981089+07:00,c9_sim,123,5.471,13.962,10.549,27.431,0.015,57.428
2026-09-02T08:24:10.078446+07:00,c9_sim,124,5.640,12.616,10.262,27.160,0.016,55.694
2026-09-02T08:24:10.175090+07:00,c9_sim,125,4.945,11.734,8.494,26.959,0.015,52.147
2026-09-02T08:24:10.306279+07:00,c9_sim,126,5.173,15.864,11.312,27.508,0.016,59.873
2026-09-02T08:24:10.409609+07:00,c9_sim,127,5.446,14.265,10.021,27.352,0.016,57.100
2026-09-02T08:24:10.511949+07:00,c9_sim,128,4.591,14.957,10.055,28.490,0.016,58.109
2026-09-02T08:24:10.612929+07:00,c9_sim,129,4.821,13.067,11.188,27.775,0.016,56.867
2026-09-02T08:24:10.713502+07:00,c9_sim,130,5.245,13.138,11.910,27.257,0.015,57.565
2026-09-02T08:24:10.821269+07:00,c9_sim,131,5.223,15.142,11.990,27.375,0.015,59.745
2026-09-02T08:24:10.930911+07:00,c9_sim,132,5.583,15.982,12.440,28.060,0.016,62.081
2026-09-02T08:24:11.008404+07:00,c9_sim,133,4.775,12.644,10.960,27.252,0.015,55.646
2026-09-02T08:24:11.115216+07:00,c9_sim,134,5.635,14.754,11.022,27.797,0.014,59.222
2026-09-02T08:24:11.219321+07:00,c9_sim,135,5.251,14.883,10.960,27.265,0.016,58.375
2026-09-02T08:24:11.320790+07:00,c9_sim,136,5.525,13.720,11.246,27.392,0.015,57.898
2026-09-02T08:24:11.426610+07:00,c9_sim,137,5.211,14.238,11.495,27.481,0.016,58.441
2026-09-02T08:24:11.526824+07:00,c9_sim,138,4.863,12.626,11.017,28.036,0.016,56.558
2026-09-02T08:24:11.630690+07:00,c9_sim,139,5.148,13.766,10.335,28.481,0.015,57.745
2026-09-02T08:24:11.735437+07:00,c9_sim,140,5.865,13.536,11.114,27.633,0.015,58.162
2026-09-02T08:24:11.837420+07:00,c9_sim,141,6.138,13.785,12.247,27.383,0.016,59.569
2026-09-02T08:24:11.945408+07:00,c9_sim,142,5.961,15.780,11.950,27.459,0.015,61.165
2026-09-02T08:24:12.044569+07:00,c9_sim,143,5.853,12.634,10.919,27.229,0.016,56.651
2026-09-02T08:24:12.147937+07:00,c9_sim,144,5.245,13.055,10.619,27.318,0.019,56.255
2026-09-02T08:24:12.250903+07:00,c9_sim,145,5.088,13.447,10.199,27.123,0.017,55.873
2026-09-02T08:24:12.360054+07:00,c9_sim,146,5.283,15.463,12.960,27.821,0.018,61.545
2026-09-02T08:24:12.460332+07:00,c9_sim,147,5.122,12.051,10.046,26.964,0.018,54.200
2026-09-02T08:24:12.562588+07:00,c9_sim,148,5.242,12.435,10.463,27.275,0.017,55.431
2026-09-02T08:24:12.665270+07:00,c9_sim,149,5.361,12.603,11.846,27.358,0.017,57.185
2026-09-02T08:24:12.770531+07:00,c9_sim,150,5.452,14.252,11.149,27.516,0.015,58.383
2026-09-02T08:24:12.877561+07:00,c9_sim,151,5.462,15.659,12.029,27.293,0.015,60.458
2026-09-02T08:24:12.985295+07:00,c9_sim,152,6.017,14.237,12.915,27.310,0.015,60.493
2026-09-02T08:24:13.090056+07:00,c9_sim,153,5.066,14.439,10.925,27.155,0.017,57.602
2026-09-02T08:24:13.195491+07:00,c9_sim,154,5.716,14.735,11.930,27.254,0.016,59.650
2026-09-02T08:24:13.272568+07:00,c9_sim,155,5.757,12.387,10.590,27.392,0.016,56.142
2026-09-02T08:24:13.402005+07:00,c9_sim,156,5.293,15.098,11.324,27.966,0.017,59.698
2026-09-02T08:24:13.508062+07:00,c9_sim,157,5.262,15.051,10.681,27.314,0.017,58.325
2026-09-02T08:24:13.586468+07:00,c9_sim,158,4.874,14.651,9.604,27.252,0.015,56.396
2026-09-02T08:24:13.690289+07:00,c9_sim,159,5.045,14.196,10.093,27.213,0.015,56.564
2026-09-02T08:24:13.797822+07:00,c9_sim,160,5.892,14.487,12.106,28.163,0.016,60.664
2026-09-02T08:24:13.906043+07:00,c9_sim,161,6.196,15.432,12.323,27.343,0.016,61.310
2026-09-02T08:24:14.011773+07:00,c9_sim,162,6.179,14.457,12.132,28.067,0.015,60.850
2026-09-02T08:24:14.115706+07:00,c9_sim,163,5.572,15.103,12.271,27.847,0.015,60.808
2026-09-02T08:24:14.221942+07:00,c9_sim,164,5.116,13.966,11.499,27.490,0.018,58.089
2026-09-02T08:24:14.328218+07:00,c9_sim,165,5.135,16.109,12.066,28.659,0.016,61.985
2026-09-02T08:24:14.429087+07:00,c9_sim,166,4.638,14.014,10.896,27.561,0.016,57.125
2026-09-02T08:24:14.530783+07:00,c9_sim,167,4.320,12.699,10.325,27.191,0.017,54.552
2026-09-02T08:24:14.634870+07:00,c9_sim,168,4.828,12.453,11.305,27.254,0.018,55.858
2026-09-02T08:24:14.741865+07:00,c9_sim,169,4.826,14.829,11.794,27.896,0.017,59.361
2026-09-02T08:24:14.850970+07:00,c9_sim,170,5.358,15.924,12.141,27.844,0.015,61.281
2026-09-02T08:24:14.926781+07:00,c9_sim,171,4.884,13.852,10.153,26.935,0.018,55.842
2026-09-02T08:24:15.028060+07:00,c9_sim,172,5.284,11.755,10.250,27.101,0.017,54.406
2026-09-02T08:24:15.163013+07:00,c9_sim,173,5.682,18.265,11.800,27.575,0.018,63.340
2026-09-02T08:24:15.239760+07:00,c9_sim,174,5.208,12.740,10.391,27.027,0.016,55.381
2026-09-02T08:24:15.343528+07:00,c9_sim,175,5.121,14.167,10.091,27.380,0.015,56.773
2026-09-02T08:24:15.443092+07:00,c9_sim,176,4.530,12.659,10.688,27.666,0.018,55.560
2026-09-02T08:24:15.573602+07:00,c9_sim,177,5.190,16.063,11.383,29.115,0.017,61.769
2026-09-02T08:24:15.658721+07:00,c9_sim,178,5.336,15.668,11.349,30.892,0.016,63.261
2026-09-02T08:24:15.773476+07:00,c9_sim,179,5.493,16.293,11.765,33.127,0.017,66.696
2026-09-02T08:24:15.887437+07:00,c9_sim,180,5.778,16.424,12.483,32.115,0.017,66.817
2026-09-02T08:24:15.967862+07:00,c9_sim,181,4.998,12.750,10.830,30.153,0.015,58.747
2026-09-02T08:24:16.064871+07:00,c9_sim,182,3.872,11.149,8.944,28.325,0.015,52.305
2026-09-02T08:24:16.166046+07:00,c9_sim,183,4.761,11.612,10.009,27.247,0.016,53.644
2026-09-02T08:24:16.298604+07:00,c9_sim,184,6.080,17.484,12.426,27.605,0.016,63.611
2026-09-02T08:24:16.374188+07:00,c9_sim,185,5.040,12.814,9.565,26.971,0.018,54.407
2026-09-02T08:24:16.477191+07:00,c9_sim,186,5.022,13.598,10.107,26.977,0.017,55.721
2026-09-02T08:24:16.581194+07:00,c9_sim,187,5.477,13.881,10.600,27.420,0.017,57.395
2026-09-02T08:24:16.684921+07:00,c9_sim,188,6.224,13.366,11.321,27.414,0.015,58.341
2026-09-02T08:24:16.792022+07:00,c9_sim,189,5.930,14.497,12.168,27.290,0.016,59.901
2026-09-02T08:24:16.897462+07:00,c9_sim,190,5.939,15.053,12.526,27.400,0.016,60.933
2026-09-02T08:24:17.005972+07:00,c9_sim,191,5.450,15.050,12.298,28.084,0.016,60.898
2026-09-02T08:24:17.115710+07:00,c9_sim,192,5.774,16.166,11.900,29.005,0.020,62.865
2026-09-02T08:24:17.186933+07:00,c9_sim,193,2.559,11.162,6.555,27.062,0.019,47.357
2026-09-02T08:24:17.322743+07:00,c9_sim,194,6.259,18.574,12.284,27.217,0.016,64.350
2026-09-02T08:24:17.399015+07:00,c9_sim,195,4.983,13.774,8.742,27.533,0.015,55.047
2026-09-02T08:24:17.527473+07:00,c9_sim,196,5.180,15.458,10.756,27.410,0.018,58.821
2026-09-02T08:24:17.628908+07:00,c9_sim,197,5.317,13.563,11.910,27.419,0.016,58.225
2026-09-02T08:24:17.737150+07:00,c9_sim,198,5.467,14.739,12.493,27.763,0.016,60.478
2026-09-02T08:24:17.812438+07:00,c9_sim,199,5.058,11.021,10.421,27.245,0.016,53.760
2026-09-02T08:24:17.947414+07:00,c9_sim,200,5.766,17.255,12.343,27.201,0.015,62.580
2026-09-02T08:24:18.024050+07:00,c9_sim,201,5.364,12.708,10.160,27.200,0.016,55.448
2026-09-02T08:24:18.156038+07:00,c9_sim,202,5.631,16.666,12.861,27.886,0.016,63.060
2026-09-02T08:24:18.237410+07:00,c9_sim,203,4.785,14.736,11.183,28.472,0.015,59.192
2026-09-02T08:24:18.339393+07:00,c9_sim,204,5.203,14.238,11.514,27.742,0.018,58.715
2026-09-02T08:24:18.446308+07:00,c9_sim,205,4.646,14.579,10.534,29.491,0.016,59.267
2026-09-02T08:24:18.549066+07:00,c9_sim,206,4.650,14.121,10.545,28.114,0.019,57.448
2026-09-02T08:24:18.644976+07:00,c9_sim,207,5.771,12.547,11.265,27.347,0.016,56.947
2026-09-02T08:24:18.751201+07:00,c9_sim,208,5.444,14.148,11.561,27.239,0.016,58.408
2026-09-02T08:24:18.857709+07:00,c9_sim,209,5.807,14.721,11.168,27.416,0.016,59.127
2026-09-02T08:24:18.965570+07:00,c9_sim,210,5.415,15.647,11.384,27.735,0.014,60.196
2026-09-02T08:24:19.067855+07:00,c9_sim,211,5.103,14.423,11.404,27.216,0.015,58.162
2026-09-02T08:24:19.174571+07:00,c9_sim,212,5.424,16.052,12.396,27.339,0.018,61.228
2026-09-02T08:24:19.280484+07:00,c9_sim,213,5.584,14.675,11.703,27.469,0.015,59.447
2026-09-02T08:24:19.385965+07:00,c9_sim,214,5.256,14.110,11.113,26.981,0.015,57.475
2026-09-02T08:24:19.480879+07:00,c9_sim,215,4.510,11.783,9.665,27.015,0.022,52.995
2026-09-02T08:24:19.582866+07:00,c9_sim,216,4.827,12.114,10.711,27.189,0.016,54.857
2026-09-02T08:24:19.690106+07:00,c9_sim,217,5.199,14.193,12.209,28.071,0.016,59.688
2026-09-02T08:24:19.798885+07:00,c9_sim,218,5.381,15.919,11.800,27.851,0.017,60.968
2026-09-02T08:24:19.907087+07:00,c9_sim,219,5.445,14.846,12.384,27.460,0.015,60.150
2026-09-02T08:24:19.988271+07:00,c9_sim,220,4.691,14.504,12.120,27.183,0.015,58.514
2026-09-02T08:24:20.096037+07:00,c9_sim,221,5.191,15.157,11.727,28.403,0.016,60.494
2026-09-02T08:24:20.204248+07:00,c9_sim,222,5.429,15.457,12.872,27.325,0.015,61.098
2026-09-02T08:24:20.313830+07:00,c9_sim,223,5.188,15.907,12.307,28.184,0.015,61.601
2026-09-02T08:24:20.420734+07:00,c9_sim,224,5.694,13.883,11.936,27.976,0.014,59.503
2026-09-02T08:24:20.495869+07:00,c9_sim,225,4.709,11.524,9.671,27.384,0.015,53.303
2026-09-02T08:24:20.629013+07:00,c9_sim,226,5.412,16.491,11.705,27.196,0.015,60.819
2026-09-02T08:24:20.708236+07:00,c9_sim,227,5.300,13.186,12.976,27.276,0.017,58.754
2026-09-02T08:24:20.813544+07:00,c9_sim,228,5.323,15.118,11.860,27.694,0.015,60.009
2026-09-02T08:24:20.920423+07:00,c9_sim,229,5.232,14.166,12.478,27.432,0.014,59.323
2026-09-02T08:24:21.029324+07:00,c9_sim,230,5.469,15.486,12.757,27.488,0.014,61.214
2026-09-02T08:24:21.131244+07:00,c9_sim,231,5.358,13.000,12.573,27.218,0.018,58.168
2026-09-02T08:24:21.229374+07:00,c9_sim,232,5.420,13.124,11.844,27.208,0.016,57.612
2026-09-02T08:24:21.337229+07:00,c9_sim,233,5.373,14.127,12.744,27.881,0.015,60.139
2026-09-02T08:24:21.439260+07:00,c9_sim,234,4.333,14.492,10.891,27.331,0.015,57.062
2026-09-02T08:24:21.542008+07:00,c9_sim,235,4.333,14.628,10.707,27.473,0.016,57.156
2026-09-02T08:24:21.644912+07:00,c9_sim,236,5.059,15.377,12.379,28.970,0.016,61.800
2026-09-02T08:24:21.755433+07:00,c9_sim,237,5.355,15.914,12.912,28.412,0.015,62.608
2026-09-02T08:24:21.868261+07:00,c9_sim,238,5.156,16.025,13.159,30.557,0.015,64.911
2026-09-02T08:24:21.946675+07:00,c9_sim,239,4.957,12.506,11.282,27.979,0.015,56.739
2026-09-02T08:24:22.051275+07:00,c9_sim,240,4.841,13.174,12.069,27.205,0.015,57.303
2026-09-02T08:24:22.148066+07:00,c9_sim,241,5.473,12.480,10.670,27.019,0.018,55.661
2026-09-02T08:24:22.284607+07:00,c9_sim,242,6.474,18.447,14.602,27.554,0.016,67.094
2026-09-02T08:24:22.358711+07:00,c9_sim,243,4.475,13.100,11.423,26.797,0.019,55.814
2026-09-02T08:24:22.462620+07:00,c9_sim,244,5.122,14.799,10.894,27.317,0.028,58.160
2026-09-02T08:24:22.567949+07:00,c9_sim,245,4.942,14.023,11.857,27.042,0.016,57.879
2026-09-02T08:24:22.665958+07:00,c9_sim,246,5.595,12.646,11.346,27.283,0.015,56.886
2026-09-02T08:24:22.774095+07:00,c9_sim,247,6.198,14.180,12.992,28.071,0.014,61.456
2026-09-02T08:24:22.882704+07:00,c9_sim,248,4.515,14.612,13.256,27.601,0.014,59.998
2026-09-02T08:24:22.984185+07:00,c9_sim,249,4.461,13.614,11.702,27.061,0.015,56.853
2026-09-02T08:24:23.087911+07:00,c9_sim,250,5.044,13.975,10.149,27.398,0.014,56.581
2026-09-02T08:24:23.190754+07:00,c9_sim,251,5.060,15.054,12.749,27.314,0.017,60.194
2026-09-02T08:24:23.300229+07:00,c9_sim,252,5.467,15.248,13.433,28.245,0.016,62.407
2026-09-02T08:24:23.408571+07:00,c9_sim,253,5.207,15.046,12.950,27.125,0.017,60.346
2026-09-02T08:24:23.511814+07:00,c9_sim,254,4.314,14.905,10.758,27.664,0.016,57.658
2026-09-02T08:24:23.618022+07:00,c9_sim,255,4.716,14.928,11.445,27.273,0.018,58.380
2026-09-02T08:24:23.695175+07:00,c9_sim,256,4.941,11.785,11.614,27.114,0.014,55.468
2026-09-02T08:24:23.796672+07:00,c9_sim,257,5.041,11.635,10.964,27.344,0.016,54.999
2026-09-02T08:24:23.920586+07:00,c9_sim,258,4.259,26.385,0.000,0.000,0.007,30.651
2026-09-02T08:24:23.998919+07:00,c8_sim,57,4.624,27.078,0.000,0.000,0.010,31.712
2026-09-02T08:24:24.096356+07:00,c8_sim,58,7.955,31.028,0.000,0.000,0.008,38.991
2026-09-02T08:24:24.180202+07:00,c8_sim,59,8.224,31.576,0.000,0.000,0.015,39.816
2026-09-02T08:24:24.261973+07:00,c8_sim,60,9.311,31.986,0.000,0.000,0.020,41.317
2026-09-02T08:24:24.345690+07:00,c8_sim,61,8.958,30.774,0.000,0.000,0.014,39.746
2026-09-02T08:24:24.427046+07:00,c8_sim,62,7.861,28.733,0.000,0.000,0.012,36.606
2026-09-02T08:24:24.555488+07:00,c8_sim,63,8.599,32.359,16.312,0.000,0.012,57.282
2026-09-02T08:24:24.610235+07:00,c8_sim,64,6.242,28.372,0.000,0.000,0.008,34.622
2026-09-02T08:24:24.693127+07:00,c8_sim,65,8.319,28.841,0.000,0.000,0.355,37.514
2026-09-02T08:24:24.793471+07:00,c8_sim,66,7.275,32.819,14.091,0.004,0.023,54.213
2026-09-02T08:24:24.892804+07:00,c8_sim,67,7.545,32.577,12.986,0.005,0.015,53.127
2026-09-02T08:24:24.971554+07:00,c8_sim,68,6.303,40.331,10.830,0.003,0.011,57.478
2026-09-02T08:24:25.038102+07:00,c8_sim,69,5.381,31.032,9.104,0.002,0.007,45.527
2026-09-02T08:24:25.114575+07:00,c8_sim,70,6.030,25.510,0.000,0.000,0.009,31.549
2026-09-02T08:24:25.214900+07:00,c8_sim,71,8.456,28.385,0.000,0.000,0.013,36.855
2026-09-02T08:24:25.314386+07:00,c8_sim,72,8.657,33.581,15.556,0.000,0.012,57.806
2026-09-02T08:24:25.436635+07:00,c8_sim,73,6.758,30.875,11.402,51.983,0.086,101.104
2026-09-02T08:24:25.456818+07:00,c8_sim,74,5.309,10.267,9.048,0.002,0.076,24.702
2026-09-02T08:24:25.559196+07:00,c8_sim,75,6.308,14.349,10.505,0.003,0.096,31.262
2026-09-02T08:24:25.636749+07:00,c8_sim,76,6.316,14.183,10.859,0.002,0.089,31.449
2026-09-02T08:24:25.712856+07:00,c8_sim,77,6.642,14.270,9.950,0.002,0.076,30.941
2026-09-02T08:24:25.811269+07:00,c8_sim,78,6.853,15.012,11.442,0.002,0.010,33.319
2026-09-02T08:24:25.917582+07:00,c8_sim,79,7.528,14.880,11.639,30.787,0.064,64.898
2026-09-02T08:24:25.994941+07:00,c8_sim,80,6.445,12.676,9.631,28.891,0.012,57.654
2026-09-02T08:24:26.091935+07:00,c8_sim,81,6.357,10.940,9.437,27.573,0.012,54.318
2026-09-02T08:24:26.169034+07:00,c8_sim,82,5.874,12.622,9.641,28.040,0.012,56.189
2026-09-02T08:24:26.242590+07:00,c8_sim,83,6.283,13.065,10.748,0.002,0.009,30.107
2026-09-02T08:24:26.344351+07:00,c8_sim,84,6.942,13.907,10.086,27.807,0.023,58.766
2026-09-02T08:24:26.441982+07:00,c8_sim,85,6.524,12.084,10.329,27.158,0.012,56.106
2026-09-02T08:24:26.517912+07:00,c8_sim,86,6.054,12.798,8.768,28.004,0.010,55.634
2026-09-02T08:24:26.621316+07:00,c8_sim,87,5.682,13.400,10.590,27.229,0.012,56.912
2026-09-02T08:24:26.698880+07:00,c8_sim,88,6.110,13.043,10.267,27.626,0.011,57.057
2026-09-02T08:24:26.773577+07:00,c8_sim,89,6.112,12.339,9.155,27.051,0.011,54.668
2026-09-02T08:24:26.878019+07:00,c8_sim,90,6.199,13.847,10.651,27.875,0.011,58.583
2026-09-02T08:24:26.946474+07:00,c8_sim,91,5.969,11.023,8.990,27.127,0.011,53.120
2026-09-02T08:24:27.044319+07:00,c8_sim,92,6.419,11.205,10.747,27.137,0.011,55.520
2026-09-02T08:24:27.118728+07:00,c8_sim,93,6.206,11.906,9.345,26.972,0.010,54.438
2026-09-02T08:24:27.191683+07:00,c8_sim,94,5.929,10.425,9.314,27.081,0.011,52.759
2026-09-02T08:24:27.296129+07:00,c8_sim,95,6.799,14.512,10.594,27.090,0.016,59.011
2026-09-02T08:24:27.369764+07:00,c8_sim,96,6.418,10.780,9.363,27.339,0.018,53.917
2026-09-02T08:24:27.471556+07:00,c8_sim,97,6.178,12.570,9.894,27.077,0.019,55.738
2026-09-02T08:24:27.547411+07:00,c8_sim,98,5.759,12.714,9.271,27.013,0.015,54.772
2026-09-02T08:24:27.643474+07:00,c8_sim,99,6.074,11.337,9.174,26.941,0.014,53.540
2026-09-02T08:24:27.716545+07:00,c8_sim,100,5.893,11.152,8.969,26.871,0.015,52.900
2026-09-02T08:24:27.818644+07:00,c8_sim,101,6.242,11.807,10.790,27.127,0.016,55.981
2026-09-02T08:24:27.893081+07:00,c8_sim,102,6.317,10.876,10.311,27.047,0.015,54.565
2026-09-02T08:24:27.994281+07:00,c8_sim,103,6.272,11.646,11.010,27.118,0.014,56.060
2026-09-02T08:24:28.068436+07:00,c8_sim,104,6.424,11.164,10.101,27.124,0.014,54.828
2026-09-02T08:24:28.161837+07:00,c8_sim,105,6.318,11.499,10.613,26.983,0.015,55.427
2026-09-02T08:24:28.232091+07:00,c8_sim,106,5.979,11.628,9.240,26.920,0.015,53.781
2026-09-02T08:24:28.327995+07:00,c8_sim,107,6.398,10.894,9.691,26.896,0.014,53.893
2026-09-02T08:24:28.402038+07:00,c8_sim,108,5.884,12.315,8.650,26.931,0.015,53.795
2026-09-02T08:24:28.504383+07:00,c8_sim,109,6.079,12.932,10.206,27.144,0.017,56.378
2026-09-02T08:24:28.580009+07:00,c8_sim,110,5.982,12.787,9.564,26.708,0.014,55.055
2026-09-02T08:24:28.678522+07:00,c8_sim,111,6.461,11.259,10.436,26.988,0.014,55.159
2026-09-02T08:24:28.751496+07:00,c8_sim,112,5.922,10.641,9.279,26.897,0.015,52.754
2026-09-02T08:24:28.853947+07:00,c8_sim,113,6.503,12.252,10.979,27.027,0.015,56.776
2026-09-02T08:24:28.927916+07:00,c8_sim,114,6.358,11.050,9.949,26.821,0.015,54.193
2026-09-02T08:24:29.024608+07:00,c8_sim,115,6.338,11.860,10.688,27.245,0.015,56.146
2026-09-02T08:24:29.103406+07:00,c8_sim,116,6.423,13.470,11.069,27.246,0.015,58.222
2026-09-02T08:24:29.178031+07:00,c8_sim,117,6.634,11.149,9.493,26.946,0.014,54.236
2026-09-02T08:24:29.277295+07:00,c8_sim,118,5.927,10.953,9.741,27.065,0.015,53.700
2026-09-02T08:24:29.350760+07:00,c8_sim,119,6.260,11.279,9.328,26.689,0.015,53.572
2026-09-02T08:24:29.453563+07:00,c8_sim,120,6.224,12.865,10.666,27.134,0.015,56.903
2026-09-02T08:24:29.528134+07:00,c8_sim,121,6.474,11.313,9.994,27.052,0.015,54.849
2026-09-02T08:24:29.601203+07:00,c8_sim,122,6.320,11.406,10.276,0.002,0.008,28.012
2026-09-02T08:24:29.703131+07:00,c8_sim,123,6.734,13.416,10.032,27.233,0.017,57.431
2026-09-02T08:24:29.803179+07:00,c8_sim,124,5.936,13.074,8.279,26.710,0.022,54.021
2026-09-02T08:24:29.879296+07:00,c8_sim,125,8.158,14.084,8.826,26.986,0.018,58.073
2026-09-02T08:24:29.950392+07:00,c8_sim,126,5.641,10.332,8.823,26.886,0.014,51.697
2026-09-02T08:24:30.052187+07:00,c8_sim,127,6.391,12.579,10.137,26.879,0.016,56.002
2026-09-02T08:24:30.086684+07:00,c8_sim,128,6.204,9.009,0.000,0.000,0.006,15.219
2026-09-02T08:24:30.213945+07:00,c10_sim,1,4.588,26.354,0.000,0.000,0.005,30.946
2026-09-02T08:24:30.346925+07:00,c10_sim,2,8.796,30.253,0.000,0.000,0.004,39.053
2026-09-02T08:24:30.502620+07:00,c10_sim,3,7.675,30.325,0.000,0.000,0.008,38.009
2026-09-02T08:24:30.658488+07:00,c10_sim,4,10.580,32.504,0.000,0.000,0.009,43.093
2026-09-02T08:24:30.786169+07:00,c10_sim,5,9.227,31.957,0.000,0.000,0.012,41.196
2026-09-02T08:24:30.936277+07:00,c10_sim,6,9.053,32.364,0.000,0.000,0.011,41.429
2026-09-02T08:24:31.152955+07:00,c10_sim,7,9.308,34.341,9.047,53.716,0.059,106.470
2026-09-02T08:24:31.265589+07:00,c10_sim,8,7.242,18.167,14.935,27.431,0.012,67.787
2026-09-02T08:24:31.397892+07:00,c10_sim,9,6.542,18.441,13.254,27.609,0.012,65.858
2026-09-02T08:24:31.556285+07:00,c10_sim,10,7.229,20.426,14.992,27.723,0.012,70.383
2026-09-02T08:24:31.695186+07:00,c10_sim,11,6.465,19.819,13.703,28.049,0.012,68.048
2026-09-02T08:24:31.849911+07:00,c10_sim,12,7.065,33.293,14.009,28.779,0.012,83.158
2026-09-02T08:24:32.020226+07:00,c10_sim,13,7.550,23.960,14.206,55.939,0.043,101.698
2026-09-02T08:24:32.123753+07:00,c10_sim,14,5.768,12.406,11.254,53.503,0.054,82.984
2026-09-02T08:24:32.286915+07:00,c10_sim,15,6.714,21.753,11.291,54.608,0.043,94.410
2026-09-02T08:24:32.422302+07:00,c10_sim,16,6.524,20.537,11.046,53.642,0.048,91.796
2026-09-02T08:24:32.577808+07:00,c10_sim,17,6.298,14.943,12.431,53.881,0.014,87.567
2026-09-02T08:24:32.705530+07:00,c10_sim,18,7.413,12.913,13.332,53.895,0.013,87.565
2026-09-02T08:24:32.867156+07:00,c10_sim,19,7.108,18.754,13.582,54.569,0.015,94.028
2026-09-02T08:24:33.002958+07:00,c10_sim,20,7.573,16.261,12.626,54.941,0.014,91.416
2026-09-02T08:24:33.141919+07:00,c10_sim,21,6.760,22.217,11.423,53.717,0.049,94.166
2026-09-02T08:24:33.301809+07:00,c10_sim,22,7.635,16.505,12.746,54.849,0.016,91.750
2026-09-02T08:24:33.434638+07:00,c10_sim,23,6.987,15.374,12.076,54.471,0.060,88.969
2026-09-02T08:24:33.591179+07:00,c10_sim,24,6.341,15.670,13.055,54.563,0.054,89.683
2026-09-02T08:24:33.730160+07:00,c10_sim,25,7.292,15.944,14.624,54.974,0.018,92.851
2026-09-02T08:24:33.860926+07:00,c10_sim,26,7.554,12.168,12.466,53.891,0.017,86.096
2026-09-02T08:24:34.017753+07:00,c10_sim,27,6.705,16.850,13.834,55.087,0.048,92.525
2026-09-02T08:24:34.151074+07:00,c10_sim,28,6.351,15.729,12.629,54.583,0.018,89.310
2026-09-02T08:24:34.315696+07:00,c10_sim,29,6.729,19.185,14.113,55.293,0.022,95.341
2026-09-02T08:24:34.449349+07:00,c10_sim,30,7.327,13.854,12.732,54.757,0.023,88.694
2026-09-02T08:24:34.585781+07:00,c10_sim,31,6.502,22.038,11.482,54.229,0.021,94.271
2026-09-02T08:24:34.741506+07:00,c10_sim,32,7.167,16.441,12.105,53.975,0.021,89.709
2026-09-02T08:24:34.877648+07:00,c10_sim,33,7.430,15.953,12.989,53.964,0.058,90.394
2026-09-02T08:24:35.007969+07:00,c10_sim,34,7.791,11.900,12.231,53.982,0.019,85.923
2026-09-02T08:24:35.166519+07:00,c10_sim,35,7.161,18.593,13.217,55.408,0.020,94.399
2026-09-02T08:24:35.301428+07:00,c10_sim,36,6.339,15.637,12.644,54.842,0.023,89.485
2026-09-02T08:24:35.459700+07:00,c10_sim,37,7.317,16.286,13.116,54.158,0.021,90.898
2026-09-02T08:24:35.587834+07:00,c10_sim,38,6.102,12.141,10.190,53.529,0.064,82.025
2026-09-02T08:24:35.716653+07:00,c10_sim,39,7.413,15.556,13.115,27.261,0.020,63.365
2026-09-02T08:24:35.920734+07:00,c10_sim,40,8.279,33.973,17.089,49.706,0.020,109.067
2026-09-02T08:24:35.998473+07:00,c10_sim,41,7.601,12.200,11.463,27.459,0.015,58.737
2026-09-02T08:24:36.273091+07:00,c10_sim,42,7.682,33.409,13.785,129.519,0.043,184.439
2026-09-02T08:24:36.373598+07:00,c10_sim,43,6.615,15.510,13.608,69.881,0.022,105.636
2026-09-02T08:24:36.452980+07:00,c10_sim,44,5.419,10.490,11.046,56.663,0.018,83.636
2026-09-02T08:24:36.574203+07:00,c10_sim,45,6.095,14.341,10.891,27.428,0.016,58.770
2026-09-02T08:24:36.786184+07:00,c10_sim,46,7.869,44.390,13.020,54.063,0.020,119.361
2026-09-02T08:24:36.836314+07:00,c10_sim,47,6.735,11.935,11.834,0.003,0.017,30.524
2026-09-02T08:24:37.014690+07:00,c10_sim,48,9.389,34.077,18.548,0.003,0.013,62.030
2026-09-02T08:24:37.219286+07:00,c10_sim,49,9.582,35.503,17.956,55.087,0.021,118.150
2026-09-02T08:24:37.299335+07:00,c10_sim,50,7.338,12.663,13.003,27.780,0.017,60.800
2026-09-02T08:24:37.437889+07:00,c10_sim,51,6.922,22.127,12.851,27.319,0.017,69.236
2026-09-02T08:24:37.582651+07:00,c10_sim,52,6.681,31.992,14.795,0.004,0.018,53.491
2026-09-02T08:24:37.711872+07:00,c10_sim,53,8.016,31.703,0.000,0.000,0.018,39.737
2026-09-02T08:24:37.882529+07:00,c10_sim,54,9.206,34.429,18.811,0.003,0.014,62.463
2026-09-02T08:24:38.037473+07:00,c10_sim,55,7.329,32.602,19.940,0.004,0.014,59.889
2026-09-02T08:24:38.142678+07:00,c10_sim,56,8.148,30.563,0.000,0.000,0.011,38.722
2026-09-02T08:24:38.296817+07:00,c10_sim,57,10.022,31.834,0.000,0.000,0.021,41.877
2026-09-02T08:24:38.448878+07:00,c10_sim,58,7.968,34.128,18.060,0.000,0.012,60.169
2026-09-02T08:24:38.581726+07:00,c12_sim,1,4.908,29.825,0.000,0.000,0.008,34.740
2026-09-02T08:24:38.728815+07:00,c12_sim,2,8.099,31.710,0.000,0.000,0.012,39.821
2026-09-02T08:24:38.856668+07:00,c12_sim,3,8.426,31.376,0.000,0.000,0.011,39.813
2026-09-02T08:24:38.981522+07:00,c12_sim,4,6.868,28.306,0.000,0.000,0.006,35.180
2026-09-02T08:24:39.202204+07:00,c12_sim,5,8.317,33.556,10.661,57.174,0.058,109.767
2026-09-02T08:24:39.283348+07:00,c12_sim,6,7.637,14.872,12.723,27.463,0.030,62.726
2026-09-02T08:24:39.411960+07:00,c12_sim,7,7.948,30.823,0.000,0.000,0.010,38.781
2026-09-02T08:24:39.636533+07:00,c12_sim,8,9.049,35.220,17.628,52.975,0.054,114.926
2026-09-02T08:24:39.713973+07:00,c12_sim,9,6.697,11.870,12.296,27.314,0.035,58.211
2026-09-02T08:24:39.845239+07:00,c12_sim,10,6.077,15.636,11.432,27.249,0.013,60.406
2026-09-02T08:24:40.053126+07:00,c12_sim,11,7.859,35.021,17.659,52.093,0.045,112.677
2026-09-02T08:24:40.131744+07:00,c12_sim,12,6.859,13.121,12.063,27.409,0.013,59.465
2026-09-02T08:24:40.256107+07:00,c12_sim,13,7.392,14.992,6.423,26.602,0.045,55.453
2026-09-02T08:24:40.454381+07:00,c12_sim,14,8.472,34.372,14.835,48.536,0.014,106.230
2026-09-02T08:24:40.529517+07:00,c12_sim,15,7.248,11.619,10.394,27.051,0.012,56.325
2026-09-02T08:24:40.721296+07:00,c12_sim,16,6.783,31.890,12.860,47.495,0.013,99.042
2026-09-02T08:24:40.816667+07:00,c12_sim,17,6.597,12.666,12.281,27.394,0.012,58.950
2026-09-02T08:24:41.041589+07:00,c12_sim,18,7.602,33.695,16.398,78.748,0.019,136.461
2026-09-02T08:24:41.120335+07:00,c12_sim,19,7.029,18.316,12.459,46.917,0.016,84.738
2026-09-02T08:24:41.234725+07:00,c12_sim,20,6.067,16.875,12.213,36.894,0.013,72.062
2026-09-02T08:24:41.378558+07:00,c12_sim,21,7.641,21.213,14.978,31.662,0.046,75.540
2026-09-02T08:24:41.515412+07:00,c12_sim,22,6.975,19.448,14.056,28.365,0.013,68.857
2026-09-02T08:24:41.648869+07:00,c12_sim,23,7.423,19.025,14.473,27.203,0.138,68.261
2026-09-02T08:24:41.738648+07:00,c12_sim,24,7.655,17.355,0.000,0.000,0.015,25.026
2026-09-02T08:24:41.882052+07:00,c12_sim,25,9.494,17.165,0.000,0.000,0.010,26.669
2026-09-02T08:24:42.042283+07:00,c12_sim,26,9.066,18.535,0.000,0.000,0.013,27.615
2026-09-02T08:24:42.214385+07:00,c12_sim,27,9.110,34.261,20.530,0.000,0.016,63.917
2026-09-02T08:24:42.387974+07:00,c12_sim,28,6.657,34.809,14.613,48.364,0.084,104.526
2026-09-02T08:24:42.423912+07:00,c12_sim,29,5.820,10.477,0.000,0.000,0.007,16.305
2026-09-02T08:24:42.624353+07:00,c12_sim,30,9.499,35.197,15.700,0.005,0.019,60.421
2026-09-02T08:24:42.729310+07:00,c12_sim,31,5.477,28.649,0.000,0.000,0.013,34.139
2026-09-02T08:24:42.886154+07:00,c11_sim,1,7.271,32.661,0.000,0.000,0.013,39.944
2026-09-02T08:24:42.988808+07:00,c11_sim,2,6.698,32.125,0.000,0.000,0.011,38.835
2026-09-02T08:24:43.114916+07:00,c11_sim,3,9.784,32.475,0.000,0.000,0.013,42.272
2026-09-02T08:24:43.248221+07:00,c11_sim,4,9.841,33.326,0.000,0.000,0.013,43.180
2026-09-02T08:24:43.436384+07:00,c11_sim,5,10.155,34.934,7.105,52.827,0.039,105.060
2026-09-02T08:24:43.486191+07:00,c11_sim,6,7.002,10.669,11.286,27.146,0.014,56.117
2026-09-02T08:24:43.574778+07:00,c11_sim,7,6.845,13.329,0.000,0.000,0.009,20.183
2026-09-02T08:24:43.739483+07:00,c11_sim,8,9.250,32.098,14.888,0.004,0.015,56.254
2026-09-02T08:24:43.841601+07:00,c11_sim,9,7.163,29.010,0.000,0.000,0.012,36.185
2026-09-02T08:24:43.946941+07:00,c11_sim,10,9.510,31.322,0.000,0.000,0.017,40.848
2026-09-02T08:24:44.082066+07:00,c11_sim,11,6.964,32.597,12.698,0.003,0.066,52.328
2026-09-02T08:24:44.183637+07:00,c11_sim,12,6.949,29.525,0.000,0.000,0.013,36.488
2026-09-02T08:24:44.312591+07:00,c11_sim,13,8.732,29.656,0.000,0.000,0.011,38.399
2026-09-02T08:24:44.442222+07:00,c11_sim,14,9.580,32.109,0.000,0.000,0.018,41.707
2026-09-02T08:24:44.587283+07:00,c11_sim,15,10.164,35.198,19.595,0.004,0.012,64.974
2026-09-02T08:24:44.736180+07:00,c11_sim,16,7.602,31.796,13.732,53.455,0.036,106.621
2026-09-02T08:24:44.812968+07:00,c11_sim,17,7.459,12.095,11.648,27.308,0.031,58.541
2026-09-02T08:24:44.943598+07:00,c11_sim,18,5.944,17.413,12.549,27.428,0.014,63.348
2026-09-02T08:24:45.073933+07:00,c11_sim,19,6.595,17.528,12.651,27.851,0.013,64.638
2026-09-02T08:24:45.182560+07:00,c11_sim,20,7.612,15.869,12.620,28.593,0.013,64.708
2026-09-02T08:24:45.288001+07:00,c11_sim,21,7.350,15.034,11.748,27.122,0.012,61.266
2026-09-02T08:24:45.419363+07:00,c11_sim,22,7.169,16.338,11.888,28.189,0.031,63.614
2026-09-02T08:24:45.546901+07:00,c11_sim,23,6.918,14.779,10.765,27.720,0.013,60.195
2026-09-02T08:24:45.674522+07:00,c11_sim,24,7.050,16.416,12.484,28.004,0.013,63.967
2026-09-02T08:24:45.782823+07:00,c11_sim,25,6.870,15.695,12.892,28.143,0.013,63.613
2026-09-02T08:24:45.871068+07:00,c11_sim,26,7.546,14.152,0.000,0.000,0.007,21.705
2026-09-02T08:24:46.018200+07:00,c11_sim,27,9.809,17.961,13.209,28.060,0.013,69.052
2026-09-02T08:24:46.148985+07:00,c11_sim,28,7.060,18.562,12.931,27.899,0.012,66.464
2026-09-02T08:24:46.247772+07:00,c11_sim,29,7.411,12.965,11.333,27.281,0.032,59.022
2026-09-02T08:24:46.361468+07:00,c11_sim,30,5.079,11.985,5.798,26.511,0.053,49.427
2026-09-02T08:24:46.498401+07:00,c11_sim,31,9.670,19.709,15.477,27.431,0.024,72.311
2026-09-02T08:24:46.630106+07:00,c11_sim,32,7.374,18.474,13.025,27.483,0.018,66.375
2026-09-02T08:24:46.732113+07:00,c11_sim,33,7.429,12.476,11.563,27.226,0.015,58.709
2026-09-02T08:24:46.863151+07:00,c11_sim,34,7.244,16.546,12.431,27.361,0.015,63.598
2026-09-02T08:24:46.965186+07:00,c11_sim,35,7.671,12.345,11.550,27.390,0.018,58.974
2026-09-02T08:24:47.095323+07:00,c11_sim,36,6.602,16.292,12.599,27.247,0.017,62.758
2026-09-02T08:24:47.227967+07:00,c11_sim,37,7.255,18.503,13.701,27.341,0.018,66.818
2026-09-02T08:24:47.330108+07:00,c11_sim,38,7.103,12.405,11.654,27.346,0.034,58.542
2026-09-02T08:24:47.458985+07:00,c11_sim,39,7.334,15.774,12.064,27.279,0.035,62.485
2026-09-02T08:24:47.560570+07:00,c11_sim,40,6.300,14.539,10.750,27.222,0.018,58.829
2026-09-02T08:24:47.689083+07:00,c11_sim,41,7.434,15.308,11.425,27.722,0.016,61.905
2026-09-02T08:24:47.819044+07:00,c11_sim,42,7.353,17.825,12.280,27.775,0.018,65.251
2026-09-02T08:24:47.950532+07:00,c11_sim,43,6.266,15.645,11.715,27.195,0.016,60.837
2026-09-02T08:24:48.055328+07:00,c11_sim,44,6.707,14.588,11.424,27.294,0.016,60.029
2026-09-02T08:24:48.188704+07:00,c11_sim,45,7.390,16.267,12.684,27.852,0.015,64.208
2026-09-02T08:24:48.296340+07:00,c11_sim,46,7.625,15.579,12.197,28.279,0.032,63.712
2026-09-02T08:24:48.424475+07:00,c11_sim,47,6.985,16.289,11.446,27.894,0.018,62.632
2026-09-02T08:24:48.527369+07:00,c11_sim,48,5.758,14.477,9.443,27.445,0.017,57.139
2026-09-02T08:24:48.657859+07:00,c11_sim,49,7.467,15.126,11.506,27.293,0.017,61.409
2026-09-02T08:24:48.787166+07:00,c11_sim,50,6.434,17.616,12.806,28.740,0.016,65.612
2026-09-02T08:24:48.896028+07:00,c11_sim,51,7.514,16.084,12.828,28.334,0.017,64.777
2026-09-02T08:24:49.030799+07:00,c11_sim,52,7.527,17.521,13.386,27.963,0.017,66.414
2026-09-02T08:24:49.133685+07:00,c11_sim,53,6.922,12.415,11.963,27.271,0.015,58.586
2026-09-02T08:24:49.264116+07:00,c11_sim,54,7.016,15.567,12.046,27.337,0.018,61.985
2026-09-02T08:24:49.364836+07:00,c11_sim,55,7.215,12.254,10.665,27.016,0.015,57.166
2026-09-02T08:24:49.497527+07:00,c11_sim,56,7.094,16.555,12.570,27.222,0.021,63.461
2026-09-02T08:24:49.631259+07:00,c11_sim,57,7.623,17.892,12.465,27.486,0.018,65.484
2026-09-02T08:24:49.735081+07:00,c11_sim,58,7.239,13.059,11.934,27.280,0.016,59.529
2026-09-02T08:24:49.864287+07:00,c11_sim,59,7.713,16.718,12.715,27.303,0.015,64.463
2026-09-02T08:24:49.967955+07:00,c11_sim,60,6.619,12.454,12.290,27.388,0.018,58.768
2026-09-02T08:24:50.098610+07:00,c11_sim,61,6.709,16.791,13.820,27.219,0.016,64.555
2026-09-02T08:24:50.229017+07:00,c11_sim,62,7.563,16.635,12.570,27.748,0.017,64.534
2026-09-02T08:24:50.332669+07:00,c11_sim,63,7.615,12.782,12.501,27.590,0.016,60.503
2026-09-02T08:24:50.462017+07:00,c11_sim,64,6.623,15.726,11.820,27.333,0.018,61.519
2026-09-02T08:24:50.520692+07:00,c11_sim,65,6.560,11.078,0.000,0.000,0.007,17.645
2026-09-02T08:24:50.774167+07:00,c11_sim,66,9.307,33.785,16.320,79.648,0.027,139.087
2026-09-02T08:24:50.852938+07:00,c11_sim,67,6.631,18.531,12.474,46.748,0.022,84.407
2026-09-02T08:24:50.939903+07:00,c11_sim,68,5.718,14.155,10.369,36.296,0.017,66.554
2026-09-02T08:24:51.077702+07:00,c11_sim,69,7.383,15.219,11.726,59.649,0.040,94.017
2026-09-02T08:24:51.180594+07:00,c11_sim,70,7.419,12.416,12.736,26.992,0.017,59.580
2026-09-02T08:24:51.312230+07:00,c11_sim,71,7.163,13.525,11.872,53.973,0.040,86.573
2026-09-02T08:24:51.439825+07:00,c11_sim,72,6.541,12.002,11.169,53.382,0.042,83.136
2026-09-02T08:24:51.569461+07:00,c11_sim,73,5.973,19.653,9.775,53.623,0.039,89.063
2026-09-02T08:24:51.667547+07:00,c11_sim,74,5.696,10.808,9.205,53.777,0.039,79.526
2026-09-02T08:24:51.766313+07:00,c11_sim,75,6.379,11.553,10.607,26.909,0.033,55.480
2026-09-02T08:24:51.895126+07:00,c11_sim,76,6.337,15.682,12.518,27.274,0.014,61.825
2026-09-02T08:24:52.022439+07:00,c11_sim,77,6.812,17.953,13.299,27.827,0.015,65.906
2026-09-02T08:24:52.127496+07:00,c11_sim,78,7.724,15.913,12.734,27.388,0.013,63.772
2026-09-02T08:24:52.262057+07:00,c11_sim,79,6.126,16.594,13.843,27.379,0.014,63.956
2026-09-02T08:24:52.388432+07:00,c11_sim,80,7.175,13.568,11.929,53.650,0.034,86.355
2026-09-02T08:24:52.519302+07:00,c11_sim,81,5.961,14.378,10.842,54.001,0.019,85.201
2026-09-02T08:24:52.645301+07:00,c11_sim,82,5.658,12.143,10.646,53.615,0.019,82.080
2026-09-02T08:24:52.743692+07:00,c11_sim,83,6.640,11.400,10.143,53.082,0.018,81.283
2026-09-02T08:24:52.871096+07:00,c11_sim,84,6.980,11.558,11.180,53.619,0.046,83.384
2026-09-02T08:24:53.004648+07:00,c11_sim,85,6.603,15.831,12.435,53.806,0.040,88.714
2026-09-02T08:24:53.106359+07:00,c11_sim,86,6.754,11.296,11.029,53.390,0.047,82.516
2026-09-02T08:24:53.232949+07:00,c11_sim,87,6.629,13.601,8.787,53.240,0.024,82.282
2026-09-02T08:24:53.365237+07:00,c11_sim,88,6.607,15.139,11.802,53.830,0.046,87.424
2026-09-02T08:24:53.465490+07:00,c11_sim,89,6.306,11.382,9.086,53.863,0.022,80.659
2026-09-02T08:24:53.593691+07:00,c11_sim,90,6.129,12.504,10.396,53.468,0.021,82.518
2026-09-02T08:24:53.717661+07:00,c11_sim,91,6.260,11.754,10.463,53.181,0.042,81.700
2026-09-02T08:24:53.842635+07:00,c11_sim,92,6.437,12.461,11.490,53.388,0.022,83.799
2026-09-02T08:24:53.945307+07:00,c11_sim,93,6.587,11.477,11.780,53.445,0.021,83.310
2026-09-02T08:24:54.066499+07:00,c11_sim,94,7.088,11.611,10.913,53.585,0.024,83.221
2026-09-02T08:24:54.192327+07:00,c11_sim,95,6.583,11.773,11.511,53.519,0.022,83.409
2026-09-02T08:24:54.323106+07:00,c11_sim,96,6.545,15.402,13.493,54.541,0.100,90.080
2026-09-02T08:24:54.426821+07:00,c11_sim,97,6.150,12.756,10.467,53.572,0.028,82.973
2026-09-02T08:24:54.553831+07:00,c11_sim,98,6.036,11.452,10.967,53.745,0.050,82.249
2026-09-02T08:24:54.685346+07:00,c11_sim,99,6.165,13.832,11.793,53.639,0.024,85.454
2026-09-02T08:24:54.786302+07:00,c11_sim,100,6.149,11.137,10.472,53.425,0.023,81.205
2026-09-02T08:24:54.916513+07:00,c11_sim,101,6.756,13.262,11.711,53.687,0.067,85.484
2026-09-02T08:24:55.042191+07:00,c11_sim,102,6.599,12.468,11.789,53.672,0.027,84.556
2026-09-02T08:24:55.141829+07:00,c11_sim,103,6.459,11.085,10.472,53.218,0.052,81.286
2026-09-02T08:24:55.269624+07:00,c11_sim,104,5.784,13.887,11.801,53.265,0.027,84.764
2026-09-02T08:24:55.402016+07:00,c11_sim,105,5.860,14.800,12.291,53.795,0.021,86.767
2026-09-02T08:24:55.501163+07:00,c11_sim,106,5.243,11.289,10.476,53.037,0.024,80.069
2026-09-02T08:24:55.627601+07:00,c11_sim,107,4.918,11.034,9.954,53.327,0.021,79.255
2026-09-02T08:24:55.750081+07:00,c11_sim,108,6.153,11.573,11.226,53.446,0.028,82.426
2026-09-02T08:24:55.875600+07:00,c11_sim,109,6.243,11.706,11.143,53.646,0.024,82.763
2026-09-02T08:24:56.003023+07:00,c11_sim,110,6.288,14.630,12.071,53.787,0.026,86.803
2026-09-02T08:24:56.106485+07:00,c11_sim,111,6.555,11.397,12.246,53.850,0.025,84.073
2026-09-02T08:24:56.239250+07:00,c11_sim,112,6.355,15.283,12.831,53.597,0.021,88.086
2026-09-02T08:24:56.340050+07:00,c11_sim,113,6.099,11.010,10.357,53.467,0.021,80.955
2026-09-02T08:24:56.468271+07:00,c11_sim,114,6.359,13.753,10.857,53.668,0.021,84.657
2026-09-02T08:24:56.601225+07:00,c11_sim,115,6.264,14.860,12.688,53.887,0.021,87.721
2026-09-02T08:24:56.704610+07:00,c11_sim,116,6.781,11.385,12.568,53.456,0.029,84.220
2026-09-02T08:24:56.830266+07:00,c11_sim,117,4.706,12.522,10.737,53.274,0.024,81.263
2026-09-02T08:24:56.955431+07:00,c11_sim,118,5.889,11.527,10.854,53.413,0.019,81.703
2026-09-02T08:24:57.083028+07:00,c11_sim,119,6.182,14.095,10.820,53.626,0.020,84.743
2026-09-02T08:24:57.184407+07:00,c11_sim,120,5.644,10.867,10.740,53.820,0.020,81.091
2026-09-02T08:24:57.316073+07:00,c11_sim,121,6.606,14.710,11.222,54.369,0.053,86.961
2026-09-02T08:24:57.440555+07:00,c11_sim,122,6.470,13.045,11.658,53.546,0.089,84.807
2026-09-02T08:24:57.538629+07:00,c11_sim,123,4.764,11.260,10.855,53.626,0.021,80.527
2026-09-02T08:24:57.666697+07:00,c11_sim,124,6.524,14.229,11.778,54.620,0.025,87.175
2026-09-02T08:24:57.801421+07:00,c11_sim,125,7.473,15.219,13.582,54.074,0.021,90.370
2026-09-02T08:24:57.902444+07:00,c11_sim,126,6.065,10.962,10.551,53.581,0.022,81.181
2026-09-02T08:24:58.026297+07:00,c11_sim,127,6.752,12.145,11.275,53.736,0.020,83.928
2026-09-02T08:24:58.154616+07:00,c11_sim,128,7.105,11.836,11.560,53.934,0.020,84.456
2026-09-02T08:24:58.285737+07:00,c11_sim,129,6.069,14.187,11.256,54.478,0.026,86.014
2026-09-02T08:24:58.389263+07:00,c11_sim,130,6.449,11.499,11.521,53.718,0.034,83.222
2026-09-02T08:24:58.524163+07:00,c11_sim,131,6.525,16.071,13.572,54.396,0.022,90.586
2026-09-02T08:24:58.626000+07:00,c11_sim,132,5.374,10.597,10.848,53.579,0.019,80.418
2026-09-02T08:24:58.726967+07:00,c11_sim,133,6.086,11.673,11.246,27.258,0.016,56.279
2026-09-02T08:24:58.852991+07:00,c11_sim,134,6.247,15.657,13.078,27.498,0.017,62.497
2026-09-02T08:24:58.986699+07:00,c11_sim,135,6.532,18.767,14.396,28.260,0.017,67.972
2026-09-02T08:24:59.088422+07:00,c11_sim,136,6.733,15.184,10.878,27.669,0.017,60.481
2026-09-02T08:24:59.222309+07:00,c11_sim,137,7.148,17.653,12.049,27.601,0.018,64.468
2026-09-02T08:24:59.322905+07:00,c11_sim,138,6.821,14.344,11.300,28.535,0.018,61.018
2026-09-02T08:24:59.456130+07:00,c11_sim,139,7.414,15.519,12.419,30.599,0.020,65.971
2026-09-02T08:24:59.560734+07:00,c11_sim,140,5.792,14.114,12.321,30.827,0.018,63.074
2026-09-02T08:24:59.694232+07:00,c11_sim,141,5.813,17.896,13.241,30.240,0.019,67.208
2026-09-02T08:24:59.826488+07:00,c11_sim,142,7.120,17.736,13.669,29.585,0.019,68.127
2026-09-02T08:24:59.961840+07:00,c11_sim,143,6.425,14.749,13.440,55.129,0.023,89.766
2026-09-02T08:25:00.062503+07:00,c11_sim,144,5.462,10.847,10.154,53.736,0.021,80.220
2026-09-02T08:25:00.191588+07:00,c11_sim,145,6.307,11.794,12.453,53.776,0.026,84.357
2026-09-02T08:25:00.325169+07:00,c11_sim,146,6.535,15.098,12.090,54.193,0.079,87.995
2026-09-02T08:25:00.424851+07:00,c11_sim,147,6.139,11.440,11.913,53.835,0.023,83.350
2026-09-02T08:25:00.556187+07:00,c11_sim,148,6.125,15.450,10.417,54.016,0.066,86.074
2026-09-02T08:25:00.656843+07:00,c11_sim,149,5.754,10.974,10.543,53.800,0.022,81.094
2026-09-02T08:25:00.788068+07:00,c11_sim,150,7.042,14.773,11.335,53.763,0.021,86.934
2026-09-02T08:25:00.922218+07:00,c11_sim,151,6.652,15.692,12.869,54.055,0.023,89.290
2026-09-02T08:25:01.024961+07:00,c11_sim,152,5.617,11.120,11.287,53.916,0.020,81.959
2026-09-02T08:25:01.157281+07:00,c11_sim,153,6.555,14.562,11.722,53.848,0.021,86.708
2026-09-02T08:25:01.230462+07:00,c11_sim,154,5.735,10.761,10.135,27.225,0.017,53.873
2026-09-02T08:25:01.360362+07:00,c11_sim,155,5.916,15.024,13.093,27.523,0.074,61.629
2026-09-02T08:25:01.521328+07:00,c11_sim,156,5.747,18.771,13.424,54.348,0.102,92.391
2026-09-02T08:25:01.602166+07:00,c11_sim,157,5.835,16.438,11.028,27.336,0.068,60.705
2026-09-02T08:25:01.731567+07:00,c11_sim,158,6.928,15.356,12.911,27.477,0.021,62.693
2026-09-02T08:25:01.839751+07:00,c11_sim,159,7.252,15.193,13.012,27.726,0.066,63.249
2026-09-02T08:25:01.971649+07:00,c11_sim,160,6.285,16.581,14.204,28.648,0.072,65.790
2026-09-02T08:25:02.080979+07:00,c11_sim,161,6.396,15.625,13.096,28.358,0.017,63.493
2026-09-02T08:25:02.239800+07:00,c11_sim,162,7.000,16.422,13.582,54.688,0.022,91.715
2026-09-02T08:25:02.319373+07:00,c11_sim,163,6.330,11.822,12.755,27.840,0.018,58.766
2026-09-02T08:25:02.415290+07:00,c11_sim,164,6.795,15.212,11.021,0.004,0.015,33.047
2026-09-02T08:25:02.560319+07:00,c11_sim,165,6.722,31.372,13.849,0.004,0.020,51.967
2026-09-02T08:25:02.685078+07:00,c11_sim,166,7.485,33.229,14.456,0.005,0.018,55.192
2026-09-02T08:25:02.808169+07:00,c11_sim,167,7.536,33.163,15.618,0.004,0.020,56.341
2026-09-02T08:25:02.932130+07:00,c11_sim,168,7.007,32.913,14.202,0.004,0.017,54.144
2026-09-02T08:25:03.027731+07:00,c11_sim,169,7.236,31.861,12.534,0.003,0.017,51.651
2026-09-02T08:25:03.150771+07:00,c11_sim,170,7.605,33.553,13.268,0.003,0.015,54.444
2026-09-02T08:25:03.290719+07:00,c11_sim,171,7.100,33.058,14.579,0.003,0.016,54.757
2026-09-02T08:25:03.437276+07:00,c11_sim,172,7.610,31.454,13.684,49.593,0.024,102.365
2026-09-02T08:25:03.512276+07:00,c11_sim,173,6.685,11.026,10.861,27.164,0.021,55.759
2026-09-02T08:25:03.615297+07:00,c11_sim,174,7.089,14.975,11.488,0.003,0.012,33.567
2026-09-02T08:25:03.765501+07:00,c11_sim,175,7.428,34.072,14.801,0.004,0.015,56.318
2026-09-02T08:25:03.888854+07:00,c11_sim,176,6.285,32.876,14.124,0.002,0.013,53.301
2026-09-02T08:25:03.982935+07:00,c11_sim,177,7.673,30.571,12.386,0.004,0.015,50.650
2026-09-02T08:25:04.134013+07:00,c11_sim,178,7.317,34.821,14.710,0.002,0.012,56.862
2026-09-02T08:25:04.230033+07:00,c11_sim,179,7.431,31.664,13.225,0.004,0.017,52.341
2026-09-02T08:25:04.352483+07:00,c11_sim,180,6.910,32.960,14.008,0.003,0.020,53.900
2026-09-02T08:25:04.471630+07:00,c11_sim,181,7.774,31.852,13.229,0.005,0.019,52.879
2026-09-02T08:25:04.592525+07:00,c11_sim,182,7.653,31.633,12.984,0.004,0.018,52.292
2026-09-02T08:25:04.712683+07:00,c11_sim,183,5.896,31.674,12.254,0.002,0.012,49.839
2026-09-02T08:25:04.829917+07:00,c11_sim,184,7.298,30.847,12.940,0.003,0.016,51.105
2026-09-02T08:25:04.949745+07:00,c11_sim,185,7.192,33.946,13.622,0.003,0.015,54.778
2026-09-02T08:25:05.071266+07:00,c11_sim,186,7.967,31.716,13.290,0.003,0.014,52.991
2026-09-02T08:25:05.189000+07:00,c11_sim,187,7.165,32.476,12.626,0.004,0.020,52.291
2026-09-02T08:25:05.312425+07:00,c11_sim,188,7.462,32.440,13.881,0.004,0.269,54.055
2026-09-02T08:25:05.428645+07:00,c11_sim,189,6.232,30.385,11.797,0.003,0.028,48.445
2026-09-02T08:25:05.548119+07:00,c11_sim,190,6.596,31.412,13.236,0.004,0.015,51.264
2026-09-02T08:25:05.673112+07:00,c11_sim,191,7.224,33.142,15.626,0.004,0.016,56.012
2026-09-02T08:25:05.796318+07:00,c11_sim,192,6.761,33.333,13.537,0.003,0.011,53.644
2026-09-02T08:25:05.919167+07:00,c11_sim,193,6.119,32.066,14.904,0.003,0.013,53.105
2026-09-02T08:25:06.040436+07:00,c11_sim,194,7.253,31.588,13.878,0.002,0.012,52.733
2026-09-02T08:25:06.164068+07:00,c11_sim,195,7.628,33.378,13.748,0.003,0.013,54.769
2026-09-02T08:25:06.285129+07:00,c11_sim,196,7.320,32.921,13.511,0.004,0.017,53.772
2026-09-02T08:25:06.405156+07:00,c11_sim,197,7.653,32.177,11.666,0.003,0.013,51.512
2026-09-02T08:25:06.523188+07:00,c11_sim,198,6.830,33.837,10.178,0.002,0.008,50.855
2026-09-02T08:25:06.617196+07:00,c11_sim,199,6.200,30.785,11.648,0.002,0.011,48.647
2026-09-02T08:25:06.769479+07:00,c11_sim,200,7.841,34.389,17.459,0.002,0.010,59.701
2026-09-02T08:25:06.868899+07:00,c11_sim,201,6.398,33.673,14.252,0.003,0.011,54.337
2026-09-02T08:25:06.989558+07:00,c11_sim,202,7.009,32.512,13.838,0.003,0.014,53.376
2026-09-02T08:25:07.112831+07:00,c11_sim,203,7.523,34.874,14.256,0.003,0.013,56.669
2026-09-02T08:25:07.231615+07:00,c11_sim,204,7.361,32.837,13.933,0.004,0.017,54.152
2026-09-02T08:25:07.340814+07:00,c11_sim,205,6.881,20.191,12.704,0.003,0.015,39.793
2026-09-02T08:25:07.447513+07:00,c11_sim,206,7.432,18.810,11.759,0.004,0.016,38.021
2026-09-02T08:25:07.588509+07:00,c11_sim,207,7.409,31.425,12.883,0.003,0.014,51.734
2026-09-02T08:25:07.705403+07:00,c11_sim,208,6.283,33.493,14.324,0.003,0.015,54.118
2026-09-02T08:25:07.827595+07:00,c11_sim,209,8.620,33.841,13.932,0.003,0.016,56.412
2026-09-02T08:25:07.950010+07:00,c11_sim,210,7.410,33.994,12.827,0.003,0.015,54.249
2026-09-02T08:25:08.070231+07:00,c11_sim,211,7.308,31.209,13.265,0.004,0.014,51.800
2026-09-02T08:25:08.191375+07:00,c11_sim,212,7.240,31.976,12.603,0.004,0.020,51.843
2026-09-02T08:25:08.315095+07:00,c11_sim,213,6.956,33.693,13.799,0.003,0.018,54.469
2026-09-02T08:25:08.433740+07:00,c11_sim,214,6.666,33.743,12.755,0.003,0.016,53.183
2026-09-02T08:25:08.552205+07:00,c11_sim,215,7.045,33.149,13.110,0.003,0.016,53.323
2026-09-02T08:25:08.671997+07:00,c11_sim,216,6.546,33.530,13.660,0.004,0.017,53.757
2026-09-02T08:25:08.795530+07:00,c11_sim,217,6.828,33.405,13.939,0.003,0.014,54.189
2026-09-02T08:25:08.914916+07:00,c11_sim,218,6.355,34.221,13.473,0.003,0.016,54.069
2026-09-02T08:25:09.032739+07:00,c11_sim,219,6.450,33.268,12.647,0.003,0.014,52.382
2026-09-02T08:25:09.152783+07:00,c11_sim,220,7.255,32.791,15.167,0.002,0.011,55.226
2026-09-02T08:25:09.267419+07:00,c11_sim,221,6.234,30.275,10.333,0.003,0.010,46.855
2026-09-02T08:25:09.381703+07:00,c11_sim,222,5.777,29.970,11.888,0.003,0.013,47.652
2026-09-02T08:25:09.501938+07:00,c11_sim,223,6.916,32.016,11.741,0.004,0.019,50.696
2026-09-02T08:25:09.641152+07:00,c11_sim,224,6.808,31.233,13.235,0.004,0.020,51.301
2026-09-02T08:25:09.764547+07:00,c11_sim,225,7.370,33.312,13.505,0.003,0.015,54.206
2026-09-02T08:25:09.861585+07:00,c11_sim,226,6.403,32.768,13.140,0.004,0.016,52.332
2026-09-02T08:25:10.009374+07:00,c11_sim,227,7.868,34.219,16.772,0.002,0.009,58.871
2026-09-02T08:25:10.106588+07:00,c11_sim,228,6.729,32.176,13.708,0.003,0.016,52.631
2026-09-02T08:25:10.224967+07:00,c11_sim,229,7.540,31.457,13.128,0.003,0.013,52.140
2026-09-02T08:25:10.345232+07:00,c11_sim,230,6.711,33.870,14.311,0.004,0.018,54.914
2026-09-02T08:25:10.463944+07:00,c11_sim,231,6.624,33.012,13.271,0.003,0.016,52.926
2026-09-02T08:25:10.603235+07:00,c11_sim,232,7.824,31.733,13.442,0.003,0.017,53.020
2026-09-02T08:25:10.696828+07:00,c11_sim,233,7.807,31.047,12.355,0.003,0.015,51.227
2026-09-02T08:25:10.846408+07:00,c11_sim,234,6.824,33.783,14.337,0.002,0.013,54.959
2026-09-02T08:25:10.943055+07:00,c11_sim,235,7.259,32.444,12.971,0.002,0.014,52.691
2026-09-02T08:25:11.066470+07:00,c11_sim,236,7.362,32.850,14.033,0.003,0.014,54.262
2026-09-02T08:25:11.185918+07:00,c11_sim,237,7.184,34.046,14.143,0.003,0.016,55.392
2026-09-02T08:25:11.305403+07:00,c11_sim,238,6.817,31.737,13.018,0.003,0.014,51.589
2026-09-02T08:25:11.423305+07:00,c11_sim,239,6.751,32.321,11.879,0.003,0.016,50.971
2026-09-02T08:25:11.544605+07:00,c11_sim,240,7.788,32.428,12.504,0.005,0.020,52.744
2026-09-02T08:25:11.664314+07:00,c11_sim,241,6.113,33.402,13.442,0.003,0.018,52.979
2026-09-02T08:25:11.786689+07:00,c11_sim,242,7.431,33.445,12.975,0.003,0.016,53.871
2026-09-02T08:25:11.905858+07:00,c11_sim,243,7.213,33.170,13.795,0.003,0.016,54.198
2026-09-02T08:25:12.024146+07:00,c11_sim,244,7.303,32.669,13.572,0.004,0.015,53.563
2026-09-02T08:25:12.148540+07:00,c11_sim,245,6.411,34.646,13.311,0.003,0.014,54.385
2026-09-02T08:25:12.266002+07:00,c11_sim,246,7.811,32.452,13.118,0.003,0.016,53.400
2026-09-02T08:25:12.390691+07:00,c11_sim,247,7.023,34.245,14.295,0.003,0.018,55.585
2026-09-02T08:25:12.509401+07:00,c11_sim,248,7.316,30.699,11.669,0.005,0.024,49.714
2026-09-02T08:25:12.629437+07:00,c11_sim,249,5.741,31.724,11.775,0.003,0.012,49.256
2026-09-02T08:25:12.751221+07:00,c11_sim,250,7.454,33.226,13.503,0.003,0.019,54.206
2026-09-02T08:25:12.870582+07:00,c11_sim,251,6.704,32.870,14.025,0.004,0.015,53.619
2026-09-02T08:25:12.972152+07:00,c11_sim,252,7.369,28.785,0.000,0.000,0.013,36.167
2026-09-02T08:25:13.100650+07:00,c11_sim,253,9.122,31.929,0.000,0.000,0.019,41.070
2026-09-02T08:25:13.205889+07:00,c11_sim,254,9.336,31.998,0.000,0.000,0.023,41.357
2026-09-02T08:25:13.351093+07:00,c11_sim,255,10.621,31.714,0.000,0.000,0.021,42.356
2026-09-02T08:25:13.454194+07:00,c11_sim,256,6.896,29.939,0.000,0.000,0.012,36.848
2026-09-02T08:25:13.604639+07:00,c11_sim,257,8.144,35.737,18.262,0.005,0.016,62.163
2026-09-02T08:25:13.696043+07:00,c11_sim,258,6.824,31.342,13.334,0.003,0.016,51.518
2026-09-02T08:25:13.845025+07:00,c11_sim,259,8.139,34.428,16.150,0.002,0.011,58.730
2026-09-02T08:25:13.942794+07:00,c11_sim,260,6.901,32.227,14.307,0.003,0.015,53.453
2026-09-02T08:25:14.064400+07:00,c11_sim,261,6.410,32.506,12.343,0.004,0.017,51.280
2026-09-02T08:25:14.187330+07:00,c11_sim,262,7.766,32.228,14.183,0.004,0.018,54.199
2026-09-02T08:25:14.305562+07:00,c11_sim,263,7.185,32.744,13.025,0.003,0.016,52.974
2026-09-02T08:25:14.427897+07:00,c11_sim,264,6.317,34.527,12.512,0.004,0.018,53.378
2026-09-02T08:25:14.547574+07:00,c11_sim,265,7.274,32.464,12.334,0.004,0.019,52.095
2026-09-02T08:25:14.669649+07:00,c11_sim,266,7.823,32.288,14.285,0.004,0.015,54.414
2026-09-02T08:25:14.792308+07:00,c11_sim,267,6.457,32.991,13.838,0.002,0.013,53.301
2026-09-02T08:25:14.915947+07:00,c11_sim,268,6.916,34.311,14.007,0.003,0.017,55.254
2026-09-02T08:25:15.024694+07:00,c11_sim,269,6.223,20.495,13.161,0.003,0.017,39.899
2026-09-02T08:25:15.131839+07:00,c11_sim,270,6.949,19.866,12.812,0.004,0.015,39.646
2026-09-02T08:25:15.281126+07:00,c11_sim,271,6.669,33.454,14.469,0.004,0.020,54.617
2026-09-02T08:25:15.378291+07:00,c11_sim,272,7.033,32.709,13.199,0.007,0.020,52.968
2026-09-02T08:25:15.516576+07:00,c11_sim,273,6.878,30.800,12.924,0.003,0.010,50.614
2026-09-02T08:25:15.627203+07:00,c11_sim,274,6.344,31.453,11.972,0.003,0.011,49.784
2026-09-02T08:25:15.729968+07:00,c11_sim,275,7.076,30.415,0.000,0.000,0.011,37.502
2026-09-02T08:25:15.858032+07:00,c11_sim,276,10.362,31.224,0.000,0.000,0.016,41.603
2026-09-02T08:25:16.007011+07:00,c11_sim,277,7.150,35.866,19.961,0.000,0.017,62.995
2026-09-02T08:25:16.040487+07:00,c11_sim,278,7.571,23.664,9.093,0.002,0.078,40.408
2026-09-02T08:25:16.060801+07:00,c11_sim,279,4.659,12.045,7.674,0.002,0.008,24.387
2026-09-02T08:25:16.080945+07:00,c11_sim,280,4.213,12.440,7.136,0.002,0.007,23.797
2026-09-02T08:25:16.127924+07:00,c11_sim,281,3.988,13.628,7.772,0.001,0.007,25.397
2026-09-02T08:25:16.175613+07:00,c11_sim,282,3.848,13.817,8.233,0.002,0.008,25.908
2026-09-02T08:25:16.197745+07:00,c11_sim,283,4.551,14.190,7.322,0.002,0.007,26.073
2026-09-02T08:25:16.247617+07:00,c11_sim,284,3.931,16.560,7.662,0.002,0.008,28.163
2026-09-02T08:25:16.296715+07:00,c11_sim,285,3.869,16.488,7.873,0.002,0.007,28.239
2026-09-02T08:25:16.322806+07:00,c11_sim,286,4.312,18.162,7.306,0.002,0.007,29.788
2026-09-02T08:25:16.376762+07:00,c11_sim,287,3.777,19.690,8.308,0.002,0.007,31.785
2026-09-02T08:25:16.409252+07:00,c11_sim,288,4.411,23.837,7.969,0.003,0.009,36.229
2026-09-02T08:25:16.473291+07:00,c11_sim,289,3.902,28.377,8.315,0.002,0.156,40.752
2026-09-02T08:25:16.508909+07:00,c11_sim,290,4.654,26.960,7.968,0.002,0.019,39.603
2026-09-02T08:25:16.542285+07:00,c11_sim,291,4.207,25.346,7.337,0.003,0.009,36.902
2026-09-02T08:25:16.577506+07:00,c11_sim,292,3.814,27.011,7.089,0.001,0.006,37.922
2026-09-02T08:25:16.612326+07:00,c11_sim,293,3.926,26.625,7.490,0.002,0.007,38.050
2026-09-02T08:25:16.647684+07:00,c11_sim,294,3.974,26.901,7.753,0.002,0.007,38.637
2026-09-02T08:25:16.705685+07:00,c11_sim,295,3.737,24.294,8.058,0.002,0.007,36.097
2026-09-02T08:25:16.726028+07:00,c11_sim,296,4.345,12.400,7.347,0.001,0.007,24.099
2026-09-02T08:25:16.771992+07:00,c11_sim,297,3.597,12.883,7.418,0.001,0.005,23.904
2026-09-02T08:25:16.793398+07:00,c11_sim,298,3.520,13.241,7.597,0.001,0.006,24.366
2026-09-02T08:25:16.841266+07:00,c11_sim,299,3.365,14.144,7.720,0.002,0.008,25.239
2026-09-02T08:25:16.889793+07:00,c11_sim,300,3.594,14.761,8.163,0.002,0.009,26.529
2026-09-02T08:25:16.914430+07:00,c11_sim,301,3.739,16.760,7.219,0.002,0.006,27.726
2026-09-02T08:25:16.966165+07:00,c11_sim,302,3.723,17.531,8.533,0.002,0.007,29.796
2026-09-02T08:25:17.020320+07:00,c11_sim,303,3.790,19.790,8.191,0.002,0.007,31.780
2026-09-02T08:25:17.049290+07:00,c11_sim,304,4.214,20.732,7.636,0.002,0.008,32.593
2026-09-02T08:25:17.106702+07:00,c11_sim,305,3.818,23.445,8.292,0.002,0.007,35.564
2026-09-02T08:25:17.128158+07:00,c11_sim,306,4.679,13.507,7.354,0.001,0.006,25.547
2026-09-02T08:25:17.176103+07:00,c11_sim,307,3.603,14.211,7.716,0.002,0.007,25.539
2026-09-02T08:25:17.197511+07:00,c11_sim,308,4.199,13.362,7.498,0.002,0.008,25.070
2026-09-02T08:25:17.245290+07:00,c11_sim,309,3.986,14.308,7.864,0.003,0.010,26.170
2026-09-02T08:25:17.295299+07:00,c11_sim,310,3.729,16.487,7.883,0.003,0.009,28.111
2026-09-02T08:25:17.318957+07:00,c11_sim,311,4.344,15.856,7.166,0.002,0.008,27.375
2026-09-02T08:25:17.370161+07:00,c11_sim,312,3.789,17.678,7.818,0.002,0.008,29.295
2026-09-02T08:25:17.396265+07:00,c11_sim,313,4.015,17.929,7.553,0.002,0.008,29.506
2026-09-02T08:25:17.448653+07:00,c11_sim,314,4.003,20.813,7.920,0.002,0.008,32.746
2026-09-02T08:25:17.508249+07:00,c11_sim,315,4.033,25.462,8.000,0.002,0.007,37.504
2026-09-02T08:25:17.540936+07:00,c11_sim,316,4.591,24.962,7.025,0.002,0.009,36.589
2026-09-02T08:25:17.574155+07:00,c11_sim,317,3.955,25.134,7.484,0.002,0.007,36.582
2026-09-02T08:25:17.606195+07:00,c11_sim,318,3.951,24.103,7.292,0.002,0.008,35.356
2026-09-02T08:25:17.636179+07:00,c11_sim,319,3.774,22.114,7.126,0.002,0.087,33.102
2026-09-02T08:25:17.694686+07:00,c11_sim,320,3.790,24.879,8.139,0.002,0.013,36.824
2026-09-02T08:25:17.729993+07:00,c11_sim,321,4.481,26.192,7.921,0.001,0.007,38.602
2026-09-02T08:25:17.765710+07:00,c11_sim,322,3.997,26.815,8.257,0.002,0.010,39.081
2026-09-02T08:25:17.827651+07:00,c11_sim,323,3.932,27.757,8.410,0.002,0.007,40.108
2026-09-02T08:25:17.864184+07:00,c11_sim,324,4.486,27.594,8.202,0.002,0.006,40.290
2026-09-02T08:25:17.892408+07:00,c11_sim,325,4.502,19.688,7.975,0.002,0.008,32.176
2026-09-02T08:25:17.913495+07:00,c11_sim,326,4.403,13.070,7.403,0.002,0.008,24.886
2026-09-02T08:25:17.960158+07:00,c11_sim,327,3.833,13.552,7.360,0.001,0.006,24.753
2026-09-02T08:25:18.008342+07:00,c11_sim,328,3.932,14.615,7.940,0.002,0.007,26.496
2026-09-02T08:25:18.057718+07:00,c11_sim,329,3.904,14.981,8.362,0.002,0.007,27.256
2026-09-02T08:25:18.082551+07:00,c11_sim,330,4.710,16.234,7.990,0.002,0.007,28.942
2026-09-02T08:25:18.133666+07:00,c11_sim,331,3.921,16.832,8.602,0.002,0.009,29.367
2026-09-02T08:25:18.159227+07:00,c11_sim,332,4.554,17.197,7.744,0.002,0.006,29.502
2026-09-02T08:25:18.210945+07:00,c11_sim,333,3.979,19.839,8.486,0.002,0.008,32.314
2026-09-02T08:25:18.241902+07:00,c11_sim,334,4.349,22.560,7.739,0.002,0.008,34.658
2026-09-02T08:25:18.299477+07:00,c11_sim,335,3.927,26.432,8.071,0.002,0.007,38.440
2026-09-02T08:25:18.335116+07:00,c11_sim,336,4.483,26.533,8.528,0.002,0.008,39.554
2026-09-02T08:25:18.370048+07:00,c11_sim,337,4.437,25.739,8.470,0.002,0.012,38.658
2026-09-02T08:25:18.404170+07:00,c11_sim,338,4.128,25.667,7.897,0.002,0.009,37.704
2026-09-02T08:25:18.451352+07:00,c11_sim,339,4.006,13.319,8.132,0.002,0.009,25.467
2026-09-02T08:25:18.472149+07:00,c11_sim,340,3.947,12.956,7.243,0.002,0.007,24.154
2026-09-02T08:25:18.519113+07:00,c11_sim,341,3.787,13.291,7.727,0.002,0.010,24.816
2026-09-02T08:25:18.565917+07:00,c11_sim,342,3.880,14.832,7.501,0.002,0.008,26.222
2026-09-02T08:25:18.612102+07:00,c11_sim,343,3.706,16.394,8.305,0.002,0.007,28.414
2026-09-02T08:25:18.635894+07:00,c11_sim,344,4.041,15.071,8.096,0.002,0.008,27.218
2026-09-02T08:25:18.687068+07:00,c11_sim,345,3.821,17.091,8.372,0.002,0.008,29.294
2026-09-02T08:25:18.737936+07:00,c11_sim,346,4.120,17.454,8.187,0.002,0.007,29.770
2026-09-02T08:25:18.768733+07:00,c11_sim,347,4.614,21.734,8.262,0.002,0.008,34.619
2026-09-02T08:25:18.885557+07:00,c11_sim,348,3.846,27.542,9.087,53.912,0.023,94.410
2026-09-02T08:25:18.932915+07:00,c11_sim,349,4.730,10.508,9.039,27.179,0.011,51.466
2026-09-02T08:25:18.940892+07:00,c11_sim,350,4.127,7.860,0.000,0.000,0.005,11.991
2026-09-02T08:25:18.985874+07:00,c11_sim,351,4.698,8.774,8.626,27.038,0.010,49.145
2026-09-02T08:25:18.993815+07:00,c11_sim,352,4.187,7.865,0.000,0.000,0.004,12.056
2026-09-02T08:25:19.001453+07:00,c11_sim,353,3.713,7.572,0.000,0.000,0.003,11.288
2026-09-02T08:25:19.031319+07:00,c11_sim,354,3.852,8.275,0.000,0.000,0.004,12.130
2026-09-02T08:25:19.104855+07:00,c11_sim,355,4.368,9.724,11.008,27.175,0.010,52.285
2026-09-02T08:25:19.150174+07:00,c11_sim,356,3.756,9.446,8.656,26.635,0.009,48.501
2026-09-02T08:25:19.195175+07:00,c11_sim,357,3.678,9.467,8.165,26.742,0.010,48.062
2026-09-02T08:25:19.239852+07:00,c11_sim,358,3.743,8.993,7.881,27.269,0.014,47.901
2026-09-02T08:25:19.283831+07:00,c11_sim,359,3.806,8.991,7.339,27.004,0.010,47.150
2026-09-02T08:25:19.327238+07:00,c11_sim,360,3.790,8.909,7.088,26.832,0.011,46.629
2026-09-02T08:25:19.370593+07:00,c11_sim,361,3.942,8.834,6.886,27.010,0.010,46.682
2026-09-02T08:25:19.414480+07:00,c11_sim,362,3.919,9.035,7.765,26.521,0.010,47.250
2026-09-02T08:25:19.457646+07:00,c11_sim,363,3.750,8.786,7.067,26.787,0.011,46.401
2026-09-02T08:25:19.500836+07:00,c11_sim,364,3.703,8.768,7.072,26.778,0.011,46.331
2026-09-02T08:25:19.544519+07:00,c11_sim,365,3.425,8.908,7.412,26.686,0.010,46.441
2026-09-02T08:25:19.587994+07:00,c11_sim,366,3.374,8.869,7.016,27.059,0.011,46.329
2026-09-02T08:25:19.630944+07:00,c11_sim,367,3.725,8.758,6.792,26.854,0.010,46.140
2026-09-02T08:25:19.674594+07:00,c11_sim,368,3.423,8.927,7.561,26.580,0.016,46.507
2026-09-02T08:25:19.718058+07:00,c11_sim,369,3.458,8.937,7.197,26.683,0.014,46.289
2026-09-02T08:25:19.735500+07:00,c11_sim,370,3.415,8.741,8.209,0.000,0.007,20.373
2026-09-02T08:25:19.778960+07:00,c11_sim,371,3.908,9.258,7.034,26.605,0.041,46.846
2026-09-02T08:25:19.821504+07:00,c11_sim,372,3.692,8.550,6.793,26.645,0.044,45.725
2026-09-02T08:25:19.863817+07:00,c11_sim,373,3.323,8.548,6.608,26.629,0.010,45.118
2026-09-02T08:25:19.906405+07:00,c11_sim,374,3.343,8.810,6.513,26.659,0.044,45.369
2026-09-02T08:25:19.950287+07:00,c11_sim,375,3.458,9.106,7.494,26.670,0.045,46.773
2026-09-02T08:25:19.993591+07:00,c11_sim,376,3.367,8.863,7.081,26.729,0.037,46.076
2026-09-02T08:25:20.037183+07:00,c11_sim,377,3.442,8.941,7.125,26.881,0.036,46.425
2026-09-02T08:25:20.080654+07:00,c11_sim,378,3.577,9.010,7.298,26.642,0.010,46.538
2026-09-02T08:25:20.123868+07:00,c11_sim,379,3.720,8.902,6.995,26.794,0.010,46.421
2026-09-02T08:25:20.166660+07:00,c11_sim,380,3.737,8.833,6.773,26.613,0.010,45.967
2026-09-02T08:25:20.210383+07:00,c11_sim,381,3.859,9.073,7.367,26.707,0.011,47.018
2026-09-02T08:25:20.253658+07:00,c11_sim,382,3.904,8.899,7.021,26.780,0.011,46.614
2026-09-02T08:25:20.296393+07:00,c11_sim,383,3.899,8.745,6.898,26.526,0.011,46.079
2026-09-02T08:25:20.339250+07:00,c11_sim,384,3.863,8.787,6.607,26.650,0.118,46.024
2026-09-02T08:25:20.382004+07:00,c11_sim,385,3.765,8.794,6.763,26.640,0.016,45.978
2026-09-02T08:25:20.424479+07:00,c11_sim,386,3.539,8.818,6.632,26.458,0.010,45.457
2026-09-02T08:25:20.467334+07:00,c11_sim,387,3.557,8.829,6.787,26.672,0.013,45.858
2026-09-02T08:25:20.510142+07:00,c11_sim,388,3.733,8.792,6.974,26.489,0.013,46.001
2026-09-02T08:25:20.564151+07:00,c11_sim,389,3.442,9.863,15.514,27.850,0.019,56.688
2026-09-02T08:25:20.607504+07:00,c11_sim,390,3.283,9.024,6.854,26.918,0.014,46.093
2026-09-02T08:25:20.650305+07:00,c11_sim,391,3.513,8.926,6.453,26.808,0.012,45.712
2026-09-02T08:25:20.693092+07:00,c11_sim,392,9.756,8.985,6.560,26.681,0.013,51.994
2026-09-02T08:25:20.735944+07:00,c11_sim,393,5.552,8.958,6.510,26.816,0.013,47.849
2026-09-02T08:25:20.778760+07:00,c11_sim,394,3.528,8.788,6.830,26.654,0.014,45.814
2026-09-02T08:25:20.821695+07:00,c11_sim,395,3.551,8.803,6.892,26.700,0.014,45.959
2026-09-02T08:25:20.864281+07:00,c11_sim,396,3.594,8.623,6.776,26.676,0.014,45.684
2026-09-02T08:25:20.907120+07:00,c11_sim,397,3.586,8.934,6.795,26.521,0.015,45.850
2026-09-02T08:25:20.949488+07:00,c11_sim,398,3.379,8.629,6.675,26.482,0.015,45.179
2026-09-02T08:25:20.992160+07:00,c11_sim,399,3.604,8.735,6.817,26.532,0.016,45.704
2026-09-02T08:25:21.098404+07:00,c11_sim,400,3.473,106.155,0.000,0.000,0.006,109.634
2026-09-02T08:25:21.098450+07:00,c12_sim,32,2.573,106.155,0.000,0.000,0.003,108.731
2026-09-02T08:25:21.111862+07:00,c11_sim,401,3.450,13.350,0.000,0.000,0.005,16.805
2026-09-02T08:25:21.111900+07:00,c12_sim,33,3.334,13.350,0.000,0.000,0.002,16.686
2026-09-02T08:25:21.120385+07:00,c11_sim,402,3.426,8.436,0.000,0.000,0.004,11.866
2026-09-02T08:25:21.245698+07:00,c12_sim,34,4.137,25.810,0.000,0.000,0.008,29.955
2026-09-02T08:25:21.373296+07:00,c12_sim,35,7.808,30.686,0.000,0.000,0.020,38.514
2026-09-02T08:25:21.497021+07:00,c12_sim,36,7.661,28.921,0.000,0.000,0.017,36.599
2026-09-02T08:25:21.601453+07:00,c12_sim,37,8.174,29.942,0.000,0.000,0.014,38.130
2026-09-02T08:25:21.729589+07:00,c12_sim,38,8.827,30.217,0.000,0.000,0.422,39.466
2026-09-02T08:25:21.830811+07:00,c10_sim,59,5.144,28.684,0.000,0.000,0.016,33.844
2026-09-02T08:25:21.974552+07:00,c10_sim,60,9.372,32.263,0.000,0.000,0.017,41.652
2026-09-02T08:25:22.108770+07:00,c10_sim,61,7.479,37.383,20.290,0.004,0.014,65.171
2026-09-02T08:25:22.207481+07:00,c10_sim,62,6.920,32.693,14.621,0.004,0.020,54.258
2026-09-02T08:25:22.324286+07:00,c10_sim,63,6.778,31.411,13.098,0.003,0.013,51.303
2026-09-02T08:25:22.420563+07:00,c10_sim,64,7.133,32.536,12.429,0.003,0.012,52.113
2026-09-02T08:25:22.538834+07:00,c10_sim,65,6.602,29.958,11.881,0.003,0.013,48.457
2026-09-02T08:25:22.661994+07:00,c10_sim,66,7.314,33.023,13.244,0.003,0.282,53.866
2026-09-02T08:25:22.781044+07:00,c10_sim,67,7.707,33.050,13.578,0.003,0.026,54.364
2026-09-02T08:25:22.877908+07:00,c10_sim,68,7.447,32.429,12.941,0.003,0.013,52.833
2026-09-02T08:25:22.999977+07:00,c10_sim,69,6.512,32.777,14.220,0.003,0.012,53.525
2026-09-02T08:25:23.120246+07:00,c10_sim,70,6.734,33.656,13.945,0.003,0.013,54.351
2026-09-02T08:25:23.287227+07:00,c10_sim,71,7.349,32.829,13.481,49.217,0.019,102.894
2026-09-02T08:25:23.333609+07:00,c10_sim,72,5.792,10.002,8.635,27.075,0.015,51.518
2026-09-02T08:25:23.460988+07:00,c10_sim,73,7.163,14.646,10.535,27.477,0.016,59.837
2026-09-02T08:25:23.592561+07:00,c10_sim,74,7.215,16.510,11.695,27.665,0.018,63.102
2026-09-02T08:25:23.694262+07:00,c10_sim,75,6.587,13.208,11.352,27.732,0.016,58.895
2026-09-02T08:25:23.799011+07:00,c10_sim,76,7.500,13.167,12.279,27.752,0.016,60.714
2026-09-02T08:25:23.932242+07:00,c10_sim,77,6.805,17.996,13.580,27.648,0.017,66.046
2026-09-02T08:25:24.033856+07:00,c10_sim,78,7.358,13.158,11.812,27.718,0.016,60.061
2026-09-02T08:25:24.165771+07:00,c10_sim,79,7.523,16.544,13.048,27.664,0.017,64.796
2026-09-02T08:25:24.271738+07:00,c10_sim,80,6.937,14.459,12.606,28.226,0.016,62.243
2026-09-02T08:25:24.377681+07:00,c10_sim,81,6.737,14.975,11.306,28.029,0.016,61.062
2026-09-02T08:25:24.483710+07:00,c10_sim,82,6.852,15.436,11.739,27.382,0.016,61.425
2026-09-02T08:25:24.617313+07:00,c10_sim,83,6.707,16.701,12.867,27.378,0.019,63.671
2026-09-02T08:25:24.721959+07:00,c10_sim,84,6.372,14.655,10.999,27.441,0.017,59.483
2026-09-02T08:25:24.828530+07:00,c10_sim,85,6.837,14.855,12.262,27.917,0.022,61.893
2026-09-02T08:25:24.959981+07:00,c10_sim,86,7.081,15.918,12.040,27.323,0.020,62.382
2026-09-02T08:25:25.059548+07:00,c10_sim,87,6.808,12.631,11.367,27.307,0.018,58.131
2026-09-02T08:25:25.191949+07:00,c10_sim,88,7.329,16.517,13.593,27.624,0.017,65.079
2026-09-02T08:25:25.299598+07:00,c10_sim,89,6.446,14.977,12.849,28.200,0.019,62.490
2026-09-02T08:25:25.402017+07:00,c10_sim,90,6.880,14.899,12.120,27.401,0.016,61.316
2026-09-02T08:25:25.536058+07:00,c10_sim,91,6.568,16.307,13.282,27.762,0.028,63.948
2026-09-02T08:25:25.593191+07:00,c10_sim,92,6.006,11.485,0.000,0.000,0.007,17.498
2026-09-02T08:25:25.735408+07:00,c10_sim,93,9.197,30.967,0.000,0.000,0.017,40.182
2026-09-02T08:25:25.903681+07:00,c10_sim,94,6.837,35.562,16.493,48.543,0.020,107.455
2026-09-02T08:25:26.039746+07:00,c10_sim,95,9.000,31.268,14.382,0.000,0.012,54.662
2026-09-02T08:25:26.287158+07:00,c10_sim,96,10.164,35.557,17.081,48.500,0.051,111.352
2026-09-02T08:25:26.425757+07:00,c10_sim,97,8.739,19.888,16.852,27.982,0.071,73.532
2026-09-02T08:25:26.651897+07:00,c10_sim,98,10.797,34.281,17.842,54.963,0.014,117.896
2026-09-02T08:25:26.788336+07:00,c10_sim,99,9.666,20.287,16.455,27.502,0.012,73.922
2026-09-02T08:25:27.002950+07:00,c10_sim,100,10.320,33.031,13.728,50.610,0.069,107.758
2026-09-02T08:25:27.138157+07:00,c10_sim,101,8.699,19.022,13.882,27.580,0.045,69.229
2026-09-02T08:25:27.333164+07:00,c10_sim,102,10.427,18.732,15.618,41.178,0.014,85.968
2026-09-02T08:25:27.552745+07:00,c10_sim,103,7.008,34.006,14.391,49.935,0.016,105.356
2026-09-02T08:25:27.686066+07:00,c10_sim,104,7.757,16.842,13.207,28.088,0.013,65.907
2026-09-02T08:25:27.903748+07:00,c10_sim,105,9.348,34.497,15.637,48.080,0.012,107.574
2026-09-02T08:25:28.032625+07:00,c10_sim,106,9.697,15.100,11.478,27.446,0.013,63.734
2026-09-02T08:25:28.253755+07:00,c10_sim,107,9.547,20.667,16.689,41.980,0.012,88.895
2026-09-02T08:25:28.451091+07:00,c10_sim,108,9.625,33.953,14.452,55.891,0.014,113.935
2026-09-02T08:25:28.583352+07:00,c10_sim,109,8.372,18.932,13.358,27.565,0.156,68.382
2026-09-02T08:25:28.834479+07:00,c10_sim,110,10.082,35.236,18.119,56.545,0.104,120.086
2026-09-02T08:25:28.975936+07:00,c10_sim,111,9.659,22.172,16.934,28.199,0.011,76.975
2026-09-02T08:25:29.121492+07:00,c10_sim,112,9.367,34.019,17.062,0.003,0.010,60.461
2026-09-02T08:25:29.328005+07:00,c10_sim,113,10.345,46.887,14.311,0.003,0.010,71.556
2026-09-02T08:25:29.552238+07:00,c10_sim,114,8.121,34.223,17.064,52.564,0.022,111.995
2026-09-02T08:25:29.648765+07:00,c10_sim,115,7.781,14.990,11.139,0.003,0.010,33.922
2026-09-02T08:25:29.845237+07:00,c10_sim,116,9.639,34.515,14.850,0.003,0.012,59.019
2026-09-02T08:25:30.026185+07:00,c10_sim,117,8.542,35.269,0.000,0.000,0.010,43.821
2026-09-02T08:25:30.221519+07:00,c10_sim,118,10.344,36.339,15.603,0.004,0.017,62.307
2026-09-02T08:25:30.395042+07:00,c10_sim,119,9.540,34.961,15.424,0.003,0.012,59.940
2026-09-02T08:25:30.566803+07:00,c10_sim,120,9.881,33.665,14.306,0.004,0.018,57.873
2026-09-02T08:25:30.746662+07:00,c10_sim,121,9.856,32.528,0.000,0.000,0.020,42.403
2026-09-02T08:25:30.914789+07:00,c10_sim,122,11.432,30.133,0.000,0.000,0.012,41.577
2026-09-02T08:25:31.111830+07:00,c10_sim,123,10.454,31.547,0.000,0.000,0.018,42.019
2026-09-02T08:25:31.288500+07:00,c11_sim,403,6.895,32.062,0.000,0.000,0.020,38.977
2026-09-02T08:25:31.436580+07:00,c11_sim,404,9.136,28.666,0.000,0.000,0.013,37.814
2026-09-02T08:25:31.605009+07:00,c11_sim,405,7.956,32.273,0.000,0.000,0.018,40.248
2026-09-02T08:25:31.749098+07:00,c11_sim,406,10.933,32.344,0.000,0.000,0.023,43.301
2026-09-02T08:25:31.895004+07:00,c11_sim,407,9.422,31.081,0.000,0.000,0.020,40.523
2026-09-02T08:25:32.045928+07:00,c11_sim,408,10.394,31.682,0.000,0.000,0.021,42.097
2026-09-02T08:25:32.197352+07:00,c11_sim,409,9.657,31.632,0.000,0.000,0.010,41.299
2026-09-02T08:25:32.347114+07:00,c11_sim,410,10.372,31.368,0.000,0.000,0.021,41.761
2026-09-02T08:25:32.516116+07:00,c11_sim,411,9.504,32.542,0.000,0.000,0.021,42.068
2026-09-02T08:25:32.664014+07:00,c11_sim,412,9.501,28.986,0.000,0.000,0.012,38.499
2026-09-02T08:25:32.819560+07:00,c11_sim,413,10.259,31.965,0.000,0.000,0.020,42.244
2026-09-02T08:25:32.961596+07:00,c11_sim,414,9.314,31.674,0.000,0.000,0.482,41.470
2026-09-02T08:25:33.113741+07:00,c11_sim,415,10.016,31.683,0.000,0.000,0.033,41.732
2026-09-02T08:25:33.266729+07:00,c11_sim,416,9.008,30.079,0.000,0.000,0.007,39.095
2026-09-02T08:25:33.417028+07:00,c11_sim,417,9.778,31.318,0.000,0.000,0.005,41.101
2026-09-02T08:25:33.563949+07:00,c11_sim,418,11.560,30.647,0.000,0.000,0.007,42.213
2026-09-02T08:25:33.734004+07:00,c11_sim,419,10.334,31.307,0.000,0.000,0.006,41.647
2026-09-02T08:25:33.883985+07:00,c11_sim,420,10.086,31.339,0.000,0.000,0.010,41.435
2026-09-02T08:25:34.014415+07:00,c11_sim,421,8.237,29.757,0.000,0.000,0.005,37.999
2026-09-02T08:25:34.187341+07:00,c11_sim,422,10.113,32.567,0.000,0.000,0.011,42.691
2026-09-02T08:25:34.335092+07:00,c11_sim,423,7.718,31.707,0.000,0.000,0.011,39.436
2026-09-02T08:25:34.508292+07:00,c11_sim,424,8.140,34.900,19.067,0.000,0.006,62.113
2026-09-02T08:25:34.702645+07:00,c11_sim,425,7.228,32.570,13.394,52.923,0.042,106.158
2026-09-02T08:25:34.802175+07:00,c11_sim,426,7.198,13.138,12.322,27.216,0.030,59.904
2026-09-02T08:25:35.004689+07:00,c11_sim,427,10.214,23.450,16.056,41.607,0.012,91.339
2026-09-02T08:25:35.118072+07:00,c11_sim,428,4.933,15.860,8.426,38.237,0.012,67.469
2026-09-02T08:25:35.243854+07:00,c11_sim,429,6.503,27.804,0.000,0.000,0.013,34.319
2026-09-02T08:25:35.488048+07:00,c11_sim,430,9.573,32.761,14.811,79.627,0.028,136.799
2026-09-02T08:25:35.593711+07:00,c11_sim,431,8.161,20.125,12.112,47.895,0.020,88.312
2026-09-02T08:25:35.738956+07:00,c11_sim,432,7.961,19.447,13.137,36.543,0.013,77.100
2026-09-02T08:25:35.867627+07:00,c11_sim,433,10.436,32.322,0.000,0.000,0.019,42.777
2026-09-02T08:25:36.013967+07:00,c11_sim,434,9.577,28.455,0.000,0.000,0.010,38.042
2026-09-02T08:25:36.164400+07:00,c11_sim,435,10.488,28.803,0.000,0.000,0.009,39.301
2026-09-02T08:25:36.320102+07:00,c11_sim,436,9.659,32.707,0.000,0.000,0.020,42.386
2026-09-02T08:25:36.460743+07:00,c11_sim,437,9.445,29.970,0.000,0.000,0.010,39.425
2026-09-02T08:25:36.705977+07:00,c11_sim,438,9.489,30.266,14.371,80.835,0.031,134.993
2026-09-02T08:25:36.810902+07:00,c11_sim,439,7.555,19.624,13.479,48.140,0.017,88.815
2026-09-02T08:25:36.951293+07:00,c11_sim,440,8.653,20.510,14.663,36.920,0.014,80.760
2026-09-02T08:25:37.153104+07:00,c11_sim,441,10.532,35.217,17.535,49.685,0.011,112.980
2026-09-02T08:25:37.262247+07:00,c11_sim,442,6.793,17.653,13.312,27.299,0.012,65.068
2026-09-02T08:25:37.396729+07:00,c11_sim,443,8.027,18.649,13.433,27.280,0.012,67.402
2026-09-02T08:25:37.586803+07:00,c11_sim,444,7.645,32.775,13.952,47.620,0.013,102.006
2026-09-02T08:25:37.712533+07:00,c11_sim,445,8.999,19.804,13.197,27.386,0.013,69.398
2026-09-02T08:25:37.939925+07:00,c11_sim,446,8.413,36.039,16.168,78.173,0.142,138.937
2026-09-02T08:25:38.041947+07:00,c11_sim,447,6.447,19.712,13.680,47.297,0.056,87.192
2026-09-02T08:25:38.183936+07:00,c11_sim,448,8.031,20.538,14.538,39.142,0.019,82.268
2026-09-02T08:25:38.322901+07:00,c11_sim,449,7.670,18.804,13.761,33.749,0.016,74.000
2026-09-02T08:25:38.518435+07:00,c11_sim,450,6.891,31.884,12.880,53.312,0.020,104.987
2026-09-02T08:25:38.618613+07:00,c11_sim,451,7.717,11.808,10.396,26.985,0.016,56.922
2026-09-02T08:25:38.762290+07:00,c11_sim,452,6.304,15.675,12.258,27.653,0.016,61.907
2026-09-02T08:25:38.988669+07:00,c11_sim,453,10.705,33.490,14.184,78.530,0.039,136.948
2026-09-02T08:25:39.096321+07:00,c11_sim,454,7.954,19.989,14.273,47.284,0.027,89.527
2026-09-02T08:25:39.238367+07:00,c11_sim,455,8.008,20.081,15.003,36.411,0.019,79.521
2026-09-02T08:25:39.472467+07:00,c11_sim,456,8.470,35.064,18.596,79.622,0.090,141.841
2026-09-02T08:25:39.552178+07:00,c11_sim,457,6.929,18.785,12.970,46.859,0.073,85.617
2026-09-02T08:25:39.688501+07:00,c11_sim,458,7.212,19.263,11.140,36.649,0.020,74.284
2026-09-02T08:25:39.923484+07:00,c11_sim,459,8.287,34.375,19.564,79.973,0.041,142.239
2026-09-02T08:25:40.005691+07:00,c11_sim,460,6.915,19.525,13.641,47.932,0.022,88.035
2026-09-02T08:25:40.154002+07:00,c11_sim,461,8.454,21.311,16.938,38.543,0.016,85.262
2026-09-02T08:25:40.292178+07:00,c11_sim,462,8.085,19.791,14.071,33.653,0.016,75.616
2026-09-02T08:25:40.445087+07:00,c11_sim,463,9.979,20.583,14.970,31.009,0.019,76.561
2026-09-02T08:25:40.637402+07:00,c11_sim,464,9.870,32.853,14.957,46.418,0.017,104.115
2026-09-02T08:25:40.697933+07:00,c11_sim,465,7.224,11.719,0.000,0.000,0.007,18.950
2026-09-02T08:25:40.874050+07:00,c11_sim,466,9.418,30.194,0.000,0.000,0.008,39.621
2026-09-02T08:25:41.086276+07:00,c11_sim,467,9.691,30.247,16.014,49.160,0.016,105.128
2026-09-02T08:25:41.227419+07:00,c11_sim,468,7.166,20.613,16.795,27.777,0.021,72.373
2026-09-02T08:25:41.365459+07:00,c11_sim,469,7.303,19.706,16.965,27.713,0.013,71.700
2026-09-02T08:25:41.495423+07:00,c11_sim,470,5.720,16.160,12.073,27.371,0.014,61.338
2026-09-02T08:25:41.719845+07:00,c11_sim,471,7.253,34.695,20.345,49.143,0.019,111.456
2026-09-02T08:25:41.799219+07:00,c11_sim,472,6.615,12.338,13.878,27.458,0.015,60.304
2026-09-02T08:25:42.058045+07:00,c11_sim,473,9.961,34.812,20.281,78.359,0.046,143.460
2026-09-02T08:25:42.141153+07:00,c11_sim,474,6.352,18.906,14.397,48.745,0.020,88.419
2026-09-02T08:25:42.288306+07:00,c11_sim,475,8.972,21.780,16.264,39.646,0.062,86.723
2026-09-02T08:25:42.432183+07:00,c11_sim,476,8.184,20.144,13.974,33.623,0.079,76.004
2026-09-02T08:25:42.635677+07:00,c11_sim,477,7.873,34.416,16.701,52.741,0.015,111.748
2026-09-02T08:25:42.710143+07:00,c11_sim,478,6.133,11.519,9.982,27.230,0.015,54.879
2026-09-02T08:25:42.952563+07:00,c11_sim,479,7.980,34.638,31.161,50.051,0.026,123.857
2026-09-02T08:25:42.984406+07:00,c11_sim,480,6.669,10.696,0.000,0.000,0.009,17.375
2026-09-02T08:25:43.159492+07:00,c11_sim,481,10.023,31.410,0.000,0.000,0.021,41.454
2026-09-02T08:25:43.303297+07:00,c11_sim,482,9.762,31.437,0.000,0.000,0.013,41.211
2026-09-02T08:25:43.482505+07:00,c11_sim,483,10.307,32.528,0.000,0.000,0.022,42.857
2026-09-02T08:25:43.630062+07:00,c11_sim,484,10.624,31.619,0.000,0.000,0.009,42.252
2026-09-02T08:25:43.759017+07:00,c11_sim,485,8.198,30.737,0.000,0.000,0.009,38.944
2026-09-02T08:25:43.980832+07:00,c11_sim,486,9.691,32.670,0.000,0.000,0.021,42.381
2026-09-02T08:25:44.175188+07:00,c11_sim,487,10.848,31.823,0.000,0.000,0.024,42.695
2026-09-02T08:25:44.372174+07:00,c11_sim,488,10.207,31.410,0.000,0.000,0.022,41.639
2026-09-02T08:25:44.588845+07:00,c11_sim,489,10.091,32.158,0.000,0.000,0.023,42.271
2026-09-02T08:25:44.773995+07:00,c11_sim,490,9.339,31.540,0.000,0.000,0.008,40.888
2026-09-02T08:25:44.968013+07:00,c11_sim,491,9.929,31.033,0.000,0.000,0.019,40.980
2026-09-02T08:25:45.181968+07:00,c11_sim,492,10.180,28.217,0.000,0.000,0.010,38.407
2026-09-02T08:25:45.385911+07:00,c11_sim,493,10.169,31.945,0.000,0.000,0.019,42.133
2026-09-02T08:25:45.561600+07:00,c11_sim,494,9.315,30.175,0.000,0.000,0.332,39.822
2026-09-02T08:25:45.782129+07:00,c11_sim,495,9.808,31.704,0.000,0.000,0.039,41.551
2026-09-02T08:25:45.973398+07:00,c11_sim,496,6.457,28.643,0.000,0.000,0.006,35.106
2026-09-02T08:25:46.169209+07:00,c11_sim,497,9.600,30.439,0.000,0.000,0.004,40.043
2026-09-02T08:25:46.365040+07:00,c11_sim,498,8.824,29.700,0.000,0.000,0.013,38.537
2026-09-02T08:25:46.564075+07:00,c11_sim,499,9.783,31.657,0.000,0.000,0.007,41.447
2026-09-02T08:25:46.761547+07:00,c11_sim,500,11.077,29.034,0.000,0.000,0.006,40.117
2026-09-02T08:25:46.959999+07:00,c11_sim,501,9.156,28.294,0.000,0.000,0.005,37.455
2026-09-02T08:25:47.181209+07:00,c11_sim,502,9.987,32.330,0.000,0.000,0.011,42.328
2026-09-02T08:25:47.380503+07:00,c9_sim,259,6.861,31.630,0.000,0.000,0.021,38.512
2026-09-02T08:25:47.573310+07:00,c9_sim,260,11.800,30.228,0.000,0.000,0.013,42.042
2026-09-02T08:25:47.792562+07:00,c9_sim,261,8.450,33.249,0.000,0.000,0.018,41.717
2026-09-02T08:25:47.986272+07:00,c9_sim,262,8.234,27.470,0.000,0.000,0.011,35.715
2026-09-02T08:25:48.185810+07:00,c9_sim,263,8.395,31.227,0.000,0.000,0.009,39.631
2026-09-02T08:25:48.375490+07:00,c9_sim,264,8.376,31.484,0.000,0.000,0.018,39.878
2026-09-02T08:25:48.588669+07:00,c9_sim,265,8.216,28.700,0.000,0.000,0.011,36.927
2026-09-02T08:25:48.782182+07:00,c9_sim,266,9.311,28.758,0.000,0.000,0.011,38.080
2026-09-02T08:25:48.976883+07:00,c9_sim,267,9.411,31.169,0.000,0.000,0.020,40.600
2026-09-02T08:25:49.173901+07:00,c9_sim,268,8.242,30.850,0.000,0.000,0.020,39.112
2026-09-02T08:25:49.396138+07:00,c9_sim,269,8.621,32.450,0.000,0.000,0.021,41.093
2026-09-02T08:25:49.576776+07:00,c9_sim,270,8.809,31.271,0.000,0.000,0.008,40.088
2026-09-02T08:25:49.773661+07:00,c9_sim,271,8.491,31.515,0.000,0.000,0.019,40.026
2026-09-02T08:25:49.995147+07:00,c9_sim,272,8.190,31.750,0.000,0.000,0.713,40.653
2026-09-02T08:25:50.188210+07:00,c9_sim,273,8.056,31.428,0.000,0.000,0.030,39.514
2026-09-02T08:25:50.388362+07:00,c9_sim,274,9.421,31.093,0.000,0.000,0.005,40.519
2026-09-02T08:25:50.587507+07:00,c9_sim,275,7.883,30.970,0.000,0.000,0.005,38.857
2026-09-02T08:25:50.781176+07:00,c9_sim,276,8.196,31.033,0.000,0.000,0.010,39.239
2026-09-02T08:25:50.995627+07:00,c9_sim,277,8.764,32.330,0.000,0.000,0.011,41.105
2026-09-02T08:25:51.171273+07:00,c9_sim,278,8.730,30.287,0.000,0.000,0.005,39.023
2026-09-02T08:25:51.385493+07:00,c9_sim,279,7.010,27.374,0.000,0.000,0.005,34.389
2026-09-02T08:25:51.575398+07:00,c9_sim,280,7.870,32.286,0.000,0.000,0.010,40.167
2026-09-02T08:25:51.792854+07:00,c9_sim,281,8.454,31.180,0.000,0.000,0.007,39.641
2026-09-02T08:25:51.989034+07:00,c9_sim,282,8.908,30.933,0.000,0.000,0.007,39.847
2026-09-02T08:25:52.192705+07:00,c9_sim,283,8.210,32.236,0.000,0.000,0.010,40.456
2026-09-02T08:25:52.417972+07:00,c9_sim,284,8.940,35.515,24.805,0.000,0.007,69.268
2026-09-02T08:25:52.574623+07:00,c9_sim,285,7.496,31.626,0.000,0.000,0.010,39.132
2026-09-02T08:25:52.786914+07:00,c9_sim,286,8.808,31.777,0.000,0.000,0.010,40.595
2026-09-02T08:25:52.976059+07:00,c9_sim,287,8.876,31.415,0.000,0.000,0.010,40.301
2026-09-02T08:25:53.199392+07:00,c9_sim,288,8.527,33.463,0.000,0.000,0.010,42.001
2026-09-02T08:25:53.469044+07:00,c9_sim,289,8.013,35.744,20.469,52.611,0.048,116.886
2026-09-02T08:25:53.557935+07:00,c9_sim,290,4.911,13.643,0.000,0.000,0.009,18.563
2026-09-02T08:25:53.776478+07:00,c9_sim,291,8.173,31.231,0.000,0.000,0.019,39.422
2026-09-02T08:25:53.972314+07:00,c9_sim,292,8.238,30.770,0.000,0.000,0.017,39.024
2026-09-02T08:25:54.179167+07:00,c9_sim,293,9.145,31.716,0.000,0.000,0.016,40.877
2026-09-02T08:25:54.449905+07:00,c9_sim,294,5.692,32.339,14.810,57.804,0.055,110.700
2026-09-02T08:25:54.578860+07:00,c9_sim,295,8.371,31.523,0.000,0.000,0.013,39.907
2026-09-02T08:25:54.767092+07:00,c9_sim,296,8.347,28.048,0.000,0.000,0.008,36.404
2026-09-02T08:25:54.978991+07:00,c9_sim,297,8.371,28.497,0.000,0.000,0.010,36.879
2026-09-02T08:25:55.175796+07:00,c9_sim,298,9.157,28.046,0.000,0.000,0.009,37.211
2026-09-02T08:25:55.451488+07:00,c9_sim,299,9.287,34.559,17.719,54.122,0.050,115.736
2026-09-02T08:25:55.652244+07:00,c9_sim,300,8.190,35.211,15.920,52.271,0.013,111.606
2026-09-02T08:25:55.873978+07:00,c9_sim,301,8.142,34.413,16.254,78.700,0.090,137.599
2026-09-02T08:25:56.032500+07:00,c9_sim,302,8.112,22.730,15.664,47.233,0.045,93.783
2026-09-02T08:25:56.271138+07:00,c9_sim,303,9.222,31.413,14.937,78.108,0.019,133.699
2026-09-02T08:25:56.418672+07:00,c9_sim,304,7.883,20.030,13.175,47.088,0.015,88.191
2026-09-02T08:25:56.667830+07:00,c9_sim,305,9.042,34.547,15.177,55.603,0.018,114.387
2026-09-02T08:25:56.796216+07:00,c9_sim,306,8.400,16.597,12.897,27.274,0.012,65.180
2026-09-02T08:25:57.067943+07:00,c9_sim,307,9.724,35.050,15.677,54.457,0.014,114.922
2026-09-02T08:25:57.203228+07:00,c9_sim,308,8.271,20.313,14.687,27.214,0.009,70.494
2026-09-02T08:25:57.452785+07:00,c9_sim,309,8.874,35.237,18.098,49.414,0.015,111.638
2026-09-02T08:25:57.652477+07:00,c9_sim,310,9.005,35.008,15.524,50.940,0.036,110.514
2026-09-02T08:25:57.871097+07:00,c9_sim,311,6.879,33.704,15.263,79.922,0.096,135.864
2026-09-02T08:25:58.089764+07:00,c9_sim,312,8.711,34.186,14.368,79.376,0.092,136.733
2026-09-02T08:25:58.250746+07:00,c9_sim,313,8.622,24.886,17.074,47.336,0.066,97.983
2026-09-02T08:25:58.451184+07:00,c9_sim,314,8.091,34.437,17.407,54.504,0.028,114.467
2026-09-02T08:25:58.652955+07:00,c9_sim,315,9.716,35.576,17.838,49.421,0.016,112.568
2026-09-02T08:25:58.850716+07:00,c9_sim,316,10.460,34.117,16.415,56.319,0.016,117.326
2026-09-02T08:25:59.073429+07:00,c9_sim,317,8.990,35.095,16.440,78.928,0.042,139.495
2026-09-02T08:25:59.227774+07:00,c9_sim,318,8.171,23.012,14.878,47.605,0.025,93.692
2026-09-02T08:25:59.451553+07:00,c9_sim,319,8.279,34.324,15.960,52.964,0.020,111.548
2026-09-02T08:25:59.651214+07:00,c9_sim,320,8.338,33.965,15.099,54.739,0.019,112.161
2026-09-02T08:25:59.851343+07:00,c9_sim,321,8.729,34.654,16.115,53.928,0.015,113.441
2026-09-02T08:26:00.051152+07:00,c9_sim,322,8.203,33.867,16.530,55.156,0.016,113.772
2026-09-02T08:26:00.227260+07:00,c9_sim,323,8.085,26.374,15.613,40.341,0.023,90.437
2026-09-02T08:26:00.451294+07:00,c9_sim,324,4.496,30.893,12.974,53.855,0.063,102.281
2026-09-02T08:26:00.671052+07:00,c9_sim,325,8.555,32.631,14.028,78.953,0.024,134.190
2026-09-02T08:26:00.830864+07:00,c9_sim,326,7.171,23.244,17.061,47.135,0.016,94.627
2026-09-02T08:26:01.037388+07:00,c9_sim,327,8.026,35.066,11.445,44.714,0.019,99.271
2026-09-02T08:26:01.268011+07:00,c9_sim,328,8.710,35.174,18.691,53.894,0.068,116.537
2026-09-02T08:26:01.400227+07:00,c9_sim,329,8.480,20.472,14.022,28.412,0.042,71.429
2026-09-02T08:26:01.636948+07:00,c9_sim,330,8.736,33.971,14.905,46.808,0.052,104.472
2026-09-02T08:26:01.890706+07:00,c9_sim,331,9.161,35.221,18.990,77.718,0.043,141.132
2026-09-02T08:26:02.052184+07:00,c9_sim,332,8.468,24.672,16.923,46.987,0.019,97.069
2026-09-02T08:26:02.252854+07:00,c9_sim,333,8.105,36.083,17.137,48.959,0.019,110.304
2026-09-02T08:26:02.451191+07:00,c9_sim,334,8.585,34.011,15.528,54.568,0.027,112.718
2026-09-02T08:26:02.651692+07:00,c9_sim,335,9.094,32.976,17.746,53.925,0.017,113.758
2026-09-02T08:26:02.852530+07:00,c9_sim,336,8.322,33.341,16.654,51.213,0.062,109.592
2026-09-02T08:26:03.051547+07:00,c9_sim,337,8.473,34.349,15.944,54.155,0.075,112.997
2026-09-02T08:26:03.251747+07:00,c9_sim,338,8.459,34.149,16.227,52.214,0.019,111.068
2026-09-02T08:26:03.453299+07:00,c9_sim,339,8.506,34.962,19.526,47.792,0.026,110.812
2026-09-02T08:26:03.653466+07:00,c9_sim,340,6.781,34.770,17.369,47.674,0.017,106.610
2026-09-02T08:26:03.780566+07:00,c9_sim,341,6.953,31.279,0.000,0.000,0.009,38.242
2026-09-02T08:26:03.976635+07:00,c9_sim,342,10.016,31.122,0.000,0.000,0.007,41.145
2026-09-02T08:26:04.173833+07:00,c9_sim,343,9.414,31.172,0.000,0.000,0.018,40.604
2026-09-02T08:26:04.416083+07:00,c8_sim,129,8.129,34.066,22.923,0.000,0.010,65.127
2026-09-02T08:26:04.687891+07:00,c8_sim,130,11.471,32.900,14.221,80.206,0.202,139.000
2026-09-02T08:26:04.842044+07:00,c8_sim,131,9.406,21.330,13.979,48.018,0.070,92.804
2026-09-02T08:26:05.067994+07:00,c8_sim,132,10.575,34.124,17.320,54.121,0.013,116.153
2026-09-02T08:26:05.207520+07:00,c8_sim,133,8.855,32.795,15.121,0.003,0.194,56.968
2026-09-02T08:26:05.453028+07:00,c8_sim,134,9.865,33.660,16.313,49.276,0.115,109.228
2026-09-02T08:26:05.683785+07:00,c8_sim,135,9.733,33.773,16.055,57.935,0.016,117.512
2026-09-02T08:26:05.818526+07:00,c8_sim,136,11.965,16.586,13.926,27.342,0.012,69.831
2026-09-02T08:26:06.068092+07:00,c8_sim,137,11.652,34.032,17.296,53.966,0.015,116.962
2026-09-02T08:26:06.268022+07:00,c8_sim,138,10.465,34.271,15.089,53.307,0.015,113.147
2026-09-02T08:26:06.467173+07:00,c8_sim,139,10.191,31.013,13.672,57.110,0.015,112.002
2026-09-02T08:26:06.589656+07:00,c8_sim,140,10.521,30.323,0.000,0.000,0.011,40.855
2026-09-02T08:26:06.853160+07:00,c8_sim,141,7.159,32.505,14.543,48.295,0.023,102.525
2026-09-02T08:26:07.068108+07:00,c8_sim,142,9.585,31.895,14.706,58.657,0.266,115.109
2026-09-02T08:26:07.268890+07:00,c8_sim,143,10.946,34.784,16.509,51.067,0.028,113.334
2026-09-02T08:26:07.394752+07:00,c8_sim,144,10.105,31.379,0.000,0.000,0.018,41.503
2026-09-02T08:26:07.667105+07:00,c8_sim,145,10.897,33.972,14.860,57.902,0.015,117.645
2026-09-02T08:26:07.853564+07:00,c8_sim,146,9.377,32.962,13.843,46.645,0.014,102.842
2026-09-02T08:26:08.053619+07:00,c8_sim,147,10.601,33.940,14.253,54.480,0.023,113.297
2026-09-02T08:26:08.284580+07:00,c8_sim,148,10.997,35.903,18.397,54.316,0.013,119.626
2026-09-02T08:26:08.422470+07:00,c8_sim,149,10.217,20.664,15.695,27.563,0.017,74.157
2026-09-02T08:26:08.668419+07:00,c8_sim,150,10.621,31.190,12.902,51.830,0.019,106.562
2026-09-02T08:26:08.817941+07:00,c8_sim,151,9.436,18.273,13.595,27.911,0.017,69.233
2026-09-02T08:26:09.068226+07:00,c8_sim,152,10.923,33.805,18.033,53.553,0.035,116.350
2026-09-02T08:26:09.190681+07:00,c8_sim,153,10.821,31.829,0.000,0.000,0.021,42.671
2026-09-02T08:26:09.487563+07:00,c8_sim,154,7.895,31.776,13.753,78.920,0.035,132.380
2026-09-02T08:26:09.638998+07:00,c8_sim,155,10.498,21.677,14.200,48.292,0.020,94.687
2026-09-02T08:26:09.852444+07:00,c8_sim,156,10.142,33.731,14.415,49.561,0.016,107.865
2026-09-02T08:26:10.053718+07:00,c8_sim,157,11.146,34.477,15.670,49.953,0.019,111.265
2026-09-02T08:26:10.165515+07:00,c8_sim,158,14.582,12.959,0.000,0.000,0.008,27.550
2026-09-02T08:26:10.365607+07:00,c8_sim,159,4.668,12.421,0.000,0.000,0.009,17.098
2026-09-02T08:26:10.594083+07:00,c8_sim,160,11.174,31.659,0.000,0.000,0.019,42.852
2026-09-02T08:26:10.794557+07:00,c8_sim,161,9.551,33.338,0.000,0.000,0.031,42.920
2026-09-02T08:26:10.990002+07:00,c8_sim,162,8.903,32.830,0.000,0.000,0.026,41.758
2026-09-02T08:26:11.203476+07:00,c8_sim,163,12.274,31.931,0.000,0.000,0.024,44.229
2026-09-02T08:26:11.382973+07:00,c8_sim,164,10.021,31.435,0.000,0.000,0.020,41.475
2026-09-02T08:26:11.592945+07:00,c8_sim,165,10.765,30.820,0.000,0.000,0.014,41.599
2026-09-02T08:26:11.793284+07:00,c8_sim,166,10.751,33.266,0.000,0.000,0.026,44.043
2026-09-02T08:26:12.004896+07:00,c8_sim,167,9.395,34.043,0.000,0.000,0.022,43.460
2026-09-02T08:26:12.203309+07:00,c8_sim,168,10.924,34.113,0.000,0.000,0.022,45.060
2026-09-02T08:26:12.397487+07:00,c8_sim,169,10.342,31.972,0.000,0.000,0.029,42.343
2026-09-02T08:26:12.589148+07:00,c8_sim,170,10.861,31.825,0.000,0.000,0.015,42.701
2026-09-02T08:26:12.790865+07:00,c8_sim,171,11.186,31.992,0.000,0.000,0.009,43.187
2026-09-02T08:26:12.992325+07:00,c8_sim,172,10.950,31.126,0.000,0.000,0.723,42.800
2026-09-02T08:26:13.186679+07:00,c8_sim,173,11.734,31.669,0.000,0.000,0.037,43.440
2026-09-02T08:26:13.384952+07:00,c8_sim,174,7.685,28.765,0.000,0.000,0.008,36.458
2026-09-02T08:26:13.599744+07:00,c8_sim,175,10.157,28.494,0.000,0.000,0.005,38.657
2026-09-02T08:26:13.794892+07:00,c8_sim,176,10.178,31.209,0.000,0.000,0.011,41.398
2026-09-02T08:26:13.988977+07:00,c8_sim,177,10.161,30.406,0.000,0.000,0.006,40.573
2026-09-02T08:26:14.191577+07:00,c8_sim,178,9.944,31.908,0.000,0.000,0.011,41.863
2026-09-02T08:26:14.390059+07:00,c8_sim,179,11.021,33.490,0.000,0.000,0.010,44.522
2026-09-02T08:26:14.598569+07:00,c8_sim,180,10.028,28.860,0.000,0.000,0.006,38.894
2026-09-02T08:26:14.800743+07:00,c8_sim,181,10.831,32.203,0.000,0.000,0.010,43.044
2026-09-02T08:26:14.995927+07:00,c8_sim,182,9.650,27.884,0.000,0.000,0.006,37.540
2026-09-02T08:26:15.197029+07:00,c8_sim,183,9.364,30.407,0.000,0.000,0.007,39.779
2026-09-02T08:26:15.394025+07:00,c8_sim,184,10.040,31.001,0.000,0.000,0.007,41.048
2026-09-02T08:26:15.584338+07:00,c8_sim,185,10.529,30.368,0.000,0.000,0.006,40.903
2026-09-02T08:26:15.785901+07:00,c8_sim,186,9.791,30.951,0.000,0.000,0.006,40.748
2026-09-02T08:26:16.005572+07:00,c8_sim,187,10.052,31.926,0.000,0.000,0.011,41.989
2026-09-02T08:26:16.201337+07:00,c8_sim,188,11.041,32.341,0.000,0.000,0.011,43.394
2026-09-02T08:26:16.443593+07:00,c10_sim,124,7.411,35.249,36.522,0.000,0.013,79.194
2026-09-02T08:26:16.653446+07:00,c10_sim,125,9.282,33.974,13.758,48.006,0.060,105.080
2026-09-02T08:26:16.905947+07:00,c10_sim,126,9.224,34.144,18.070,80.155,0.154,141.746
2026-09-02T08:26:17.064234+07:00,c10_sim,127,10.554,23.471,18.141,47.956,0.073,100.194
2026-09-02T08:26:17.284655+07:00,c10_sim,128,9.646,36.622,17.372,53.125,0.020,116.785
2026-09-02T08:26:17.486103+07:00,c10_sim,129,8.990,35.926,18.949,48.025,0.020,111.909
2026-09-02T08:26:17.621024+07:00,c10_sim,130,9.577,18.181,13.285,27.826,0.059,68.927
2026-09-02T08:26:17.886078+07:00,c10_sim,131,10.160,35.306,17.942,48.213,0.014,111.635
2026-09-02T08:26:18.019492+07:00,c10_sim,132,9.176,19.211,14.496,27.600,0.015,70.498
2026-09-02T08:26:18.269272+07:00,c10_sim,133,10.159,34.180,18.522,48.380,0.012,111.254
2026-09-02T08:26:18.485725+07:00,c10_sim,134,11.485,34.983,15.986,49.304,0.017,111.775
2026-09-02T08:26:18.684994+07:00,c10_sim,135,8.422,34.028,14.195,56.091,0.285,113.022
2026-09-02T08:26:18.884705+07:00,c10_sim,136,9.402,33.953,14.442,53.309,0.022,111.128
2026-09-02T08:26:19.084676+07:00,c10_sim,137,9.279,35.570,17.865,53.088,0.012,115.814
2026-09-02T08:26:19.283886+07:00,c10_sim,138,9.437,34.010,16.197,54.847,0.014,114.506
2026-09-02T08:26:19.484025+07:00,c10_sim,139,10.474,34.883,13.887,54.983,0.015,114.243
2026-09-02T08:26:19.683690+07:00,c10_sim,140,9.436,33.992,14.343,56.846,0.012,114.628
2026-09-02T08:26:19.907245+07:00,c10_sim,141,9.502,34.268,18.937,78.615,0.256,141.579
2026-09-02T08:26:20.017636+07:00,c10_sim,142,11.887,24.447,17.332,0.004,0.018,53.688
2026-09-02T08:26:20.217212+07:00,c10_sim,143,9.931,33.677,17.136,0.002,0.008,60.755
2026-09-02T08:26:20.431536+07:00,c10_sim,144,9.577,34.963,14.208,0.003,0.016,58.767
2026-09-02T08:26:20.618524+07:00,c10_sim,145,9.432,33.391,6.645,0.002,0.008,49.478
2026-09-02T08:26:20.819523+07:00,c10_sim,146,9.960,35.663,16.975,0.004,0.014,62.615
2026-09-02T08:26:21.039686+07:00,c10_sim,147,9.230,35.817,18.152,0.002,0.008,63.208
2026-09-02T08:26:21.216667+07:00,c10_sim,148,8.010,39.152,11.309,0.002,0.008,58.482
2026-09-02T08:26:21.395737+07:00,c10_sim,149,10.316,31.407,0.000,0.000,0.020,41.743
2026-09-02T08:26:21.611529+07:00,c10_sim,150,8.981,29.645,0.000,0.000,0.013,38.639
2026-09-02T08:26:21.791039+07:00,c10_sim,151,7.852,31.452,0.000,0.000,0.021,39.325
2026-09-02T08:26:22.008942+07:00,c10_sim,152,9.570,33.151,0.000,0.000,0.017,42.739
2026-09-02T08:26:22.200190+07:00,c10_sim,153,10.340,30.978,0.000,0.000,0.015,41.333
2026-09-02T08:26:22.404472+07:00,c12_sim,39,8.044,33.721,0.000,0.000,0.019,41.784
2026-09-02T08:26:22.704435+07:00,c12_sim,40,6.794,34.155,26.853,80.845,0.017,148.664
2026-09-02T08:26:22.796515+07:00,c12_sim,41,6.963,19.962,0.000,0.000,0.010,26.935
2026-09-02T08:26:23.037979+07:00,c12_sim,42,9.819,35.122,17.345,0.004,0.011,62.300
2026-09-02T08:26:23.206844+07:00,c12_sim,43,8.565,30.256,0.000,0.000,0.007,38.829
2026-09-02T08:26:23.404447+07:00,c12_sim,44,7.819,30.681,0.000,0.000,0.011,38.511
2026-09-02T08:26:23.606344+07:00,c12_sim,45,9.031,32.287,0.000,0.000,0.014,41.332
2026-09-02T08:26:23.805165+07:00,c12_sim,46,9.982,31.602,0.000,0.000,0.014,41.598
2026-09-02T08:26:24.003807+07:00,c12_sim,47,8.731,28.893,0.000,0.000,0.010,37.634
2026-09-02T08:26:24.205611+07:00,c12_sim,48,8.652,32.357,0.000,0.000,0.020,41.029
2026-09-02T08:26:24.399025+07:00,c11_sim,503,7.876,31.838,0.000,0.000,0.008,39.721
2026-09-02T08:26:24.609614+07:00,c11_sim,504,10.766,29.169,0.000,0.000,0.006,39.940
2026-09-02T08:26:24.790107+07:00,c11_sim,505,9.908,17.731,0.000,0.000,0.006,27.645
2026-09-02T08:26:25.002246+07:00,c11_sim,506,8.892,31.959,0.000,0.000,0.009,40.860
2026-09-02T08:26:25.215028+07:00,c11_sim,507,9.805,33.825,0.000,0.000,0.010,43.641
2026-09-02T08:26:25.434465+07:00,c11_sim,508,5.375,31.270,16.396,0.000,0.005,53.046
2026-09-02T08:26:25.608561+07:00,c11_sim,509,10.302,30.883,0.000,0.000,0.006,41.191
2026-09-02T08:26:25.828260+07:00,c11_sim,510,10.183,34.478,17.539,0.004,0.072,62.276
2026-09-02T08:26:26.002458+07:00,c11_sim,511,9.277,31.236,0.000,0.000,0.009,40.523
2026-09-02T08:26:26.216342+07:00,c11_sim,512,9.067,30.747,0.000,0.000,0.009,39.823
2026-09-02T08:26:26.446084+07:00,c11_sim,513,8.381,36.811,19.213,0.004,0.070,64.477
2026-09-02T08:26:26.630420+07:00,c11_sim,514,9.715,31.244,13.418,0.003,0.065,54.445
2026-09-02T08:26:26.884151+07:00,c11_sim,515,9.795,34.920,16.637,56.631,0.056,118.038
2026-09-02T08:26:27.084627+07:00,c11_sim,516,9.349,34.524,17.257,52.981,0.033,114.144
2026-09-02T08:26:27.284759+07:00,c11_sim,517,10.458,34.169,17.700,51.893,0.044,114.265
2026-09-02T08:26:27.483526+07:00,c11_sim,518,12.572,34.738,16.110,56.471,0.015,119.906
2026-09-02T08:26:27.683623+07:00,c11_sim,519,8.992,34.258,13.798,56.412,0.037,113.498
2026-09-02T08:26:27.884508+07:00,c11_sim,520,9.627,34.753,16.072,53.451,0.034,113.937
2026-09-02T08:26:28.007616+07:00,c11_sim,521,9.658,30.991,0.000,0.000,0.017,40.666
2026-09-02T08:26:28.202849+07:00,c11_sim,522,11.179,32.311,0.000,0.000,0.020,43.509
2026-09-02T08:26:28.486370+07:00,c11_sim,523,9.464,35.038,15.881,45.835,0.015,106.232
2026-09-02T08:26:28.610773+07:00,c11_sim,524,9.074,30.201,0.000,0.000,0.012,39.287
2026-09-02T08:26:28.869775+07:00,c11_sim,525,6.322,30.673,13.023,47.025,0.013,97.055
2026-09-02T08:26:29.121207+07:00,c11_sim,526,11.936,35.659,18.442,76.802,0.015,142.855
2026-09-02T08:26:29.191210+07:00,c11_sim,527,8.133,19.883,0.000,0.000,0.014,28.030
2026-09-02T08:26:29.485270+07:00,c11_sim,528,10.282,41.397,16.502,51.412,0.017,119.611
2026-09-02T08:26:29.703807+07:00,c11_sim,529,9.902,32.384,12.760,79.671,0.031,134.748
2026-09-02T08:26:29.857056+07:00,c11_sim,530,9.164,21.423,13.552,48.896,0.017,93.052
2026-09-02T08:26:30.084785+07:00,c11_sim,531,9.379,34.348,18.124,52.073,0.011,113.935
2026-09-02T08:26:30.213500+07:00,c11_sim,532,8.413,30.443,0.000,0.000,0.012,38.868
2026-09-02T08:26:30.486022+07:00,c11_sim,533,11.126,36.350,18.439,47.701,0.016,113.631
2026-09-02T08:26:30.683975+07:00,c11_sim,534,9.671,34.806,15.702,54.694,0.016,114.889
2026-09-02T08:26:30.809016+07:00,c11_sim,535,8.251,31.059,0.000,0.000,0.016,39.326
2026-09-02T08:26:31.100573+07:00,c11_sim,536,9.165,35.188,18.160,54.990,0.013,117.516
2026-09-02T08:26:31.236513+07:00,c11_sim,537,12.155,21.085,14.922,27.400,0.016,75.577
2026-09-02T08:26:31.484830+07:00,c11_sim,538,9.621,36.157,17.141,52.055,0.064,115.038
2026-09-02T08:26:31.684177+07:00,c11_sim,539,10.098,34.939,14.086,54.031,0.020,113.174
2026-09-02T08:26:31.884982+07:00,c11_sim,540,10.358,34.816,17.549,52.643,0.049,115.414
2026-09-02T08:26:32.084087+07:00,c11_sim,541,10.542,32.645,14.241,54.326,0.020,111.773
2026-09-02T08:26:32.285344+07:00,c11_sim,542,10.411,33.978,18.429,50.327,0.076,113.221
2026-09-02T08:26:32.485239+07:00,c11_sim,543,9.691,35.158,17.735,51.067,0.023,113.675
2026-09-02T08:26:32.684036+07:00,c11_sim,544,9.725,34.204,15.384,55.032,0.018,114.363
2026-09-02T08:26:32.885850+07:00,c11_sim,545,10.556,35.461,18.198,47.923,0.016,112.154
2026-09-02T08:26:33.103759+07:00,c11_sim,546,9.429,31.199,13.964,80.154,0.042,134.788
2026-09-02T08:26:33.264158+07:00,c11_sim,547,8.104,22.897,16.997,47.552,0.091,95.640
2026-09-02T08:26:33.484566+07:00,c11_sim,548,9.324,33.512,15.246,52.327,0.093,110.503
2026-09-02T08:26:33.684569+07:00,c11_sim,549,10.205,34.473,16.215,53.259,0.019,114.170
2026-09-02T08:26:33.884868+07:00,c11_sim,550,10.497,33.815,15.517,51.439,0.015,111.283
2026-09-02T08:26:34.086375+07:00,c11_sim,551,8.264,36.097,19.197,46.584,0.015,110.157
2026-09-02T08:26:34.236314+07:00,c11_sim,552,9.446,34.347,18.793,0.000,0.007,62.593
2026-09-02T08:26:34.486316+07:00,c11_sim,553,9.343,37.819,16.869,47.995,0.099,112.124
2026-09-02T08:26:34.684926+07:00,c11_sim,554,9.236,33.860,14.861,52.219,0.014,110.190
2026-09-02T08:26:34.884917+07:00,c11_sim,555,9.788,34.224,17.032,51.927,0.013,112.984
2026-09-02T08:26:35.083778+07:00,c11_sim,556,9.424,33.724,16.780,56.208,0.012,116.148
2026-09-02T08:26:35.229175+07:00,c11_sim,557,7.576,31.555,13.844,0.004,0.018,52.996
2026-09-02T08:26:35.416262+07:00,c11_sim,558,9.367,32.333,13.901,0.004,0.199,55.804
2026-09-02T08:26:35.619029+07:00,c11_sim,559,9.376,30.546,0.000,0.000,0.015,39.937
2026-09-02T08:26:35.812825+07:00,c11_sim,560,10.033,31.206,0.000,0.000,0.012,41.251
2026-09-02T08:26:36.008504+07:00,c11_sim,561,9.288,30.711,0.000,0.000,0.007,40.007
2026-09-02T08:26:36.206230+07:00,c11_sim,562,8.430,32.434,0.000,0.000,0.019,40.883
2026-09-02T08:26:36.424681+07:00,c11_sim,563,8.053,34.306,18.171,0.003,0.013,60.547
2026-09-02T08:26:36.640839+07:00,c11_sim,564,10.606,31.707,13.753,0.000,0.012,56.078
2026-09-02T08:26:36.828394+07:00,c11_sim,565,11.578,34.477,15.163,0.004,0.168,61.389
2026-09-02T08:26:37.100292+07:00,c11_sim,566,12.368,30.708,14.081,59.041,0.235,116.433
2026-09-02T08:26:37.322503+07:00,c11_sim,567,9.335,35.541,17.045,79.012,0.044,140.977
2026-09-02T08:26:37.478857+07:00,c11_sim,568,9.398,24.676,16.710,49.113,0.017,99.914
2026-09-02T08:26:37.703942+07:00,c11_sim,569,10.032,33.210,13.560,79.964,0.036,136.802
2026-09-02T08:26:37.859999+07:00,c11_sim,570,9.491,23.642,14.130,47.604,0.016,94.883
2026-09-02T08:26:38.068226+07:00,c11_sim,571,8.960,31.017,14.417,51.106,0.013,105.512
2026-09-02T08:26:38.320242+07:00,c11_sim,572,10.015,35.249,14.908,79.176,0.021,139.369
2026-09-02T08:26:38.474732+07:00,c11_sim,573,9.738,23.494,14.181,47.758,0.014,95.185
2026-09-02T08:26:38.721880+07:00,c11_sim,574,10.251,32.808,14.179,80.537,0.033,137.808
2026-09-02T08:26:38.878283+07:00,c11_sim,575,9.624,24.228,16.429,48.154,0.016,98.451
2026-09-02T08:26:39.103693+07:00,c11_sim,576,7.193,31.873,14.270,79.777,0.027,133.140
2026-09-02T08:26:39.260626+07:00,c11_sim,577,9.227,23.467,15.543,47.233,0.017,95.487
2026-09-02T08:26:39.485444+07:00,c11_sim,578,11.283,34.862,18.229,50.050,0.211,114.634
2026-09-02T08:26:39.684382+07:00,c11_sim,579,10.277,34.480,13.974,53.060,0.016,111.807
2026-09-02T08:26:39.904257+07:00,c11_sim,580,9.277,33.796,16.259,78.769,0.013,138.114
2026-09-02T08:26:40.064605+07:00,c11_sim,581,9.386,22.954,16.673,47.589,0.011,96.612
2026-09-02T08:26:40.284138+07:00,c11_sim,582,9.291,32.468,14.274,52.966,0.022,109.021
2026-09-02T08:26:40.485211+07:00,c11_sim,583,9.381,34.649,16.548,49.993,0.032,110.604
2026-09-02T08:26:40.706164+07:00,c11_sim,584,9.877,31.170,13.001,78.795,0.040,132.885
2026-09-02T08:26:40.858110+07:00,c11_sim,585,9.631,21.550,12.990,48.534,0.026,92.730
2026-09-02T08:26:41.084201+07:00,c11_sim,586,9.644,34.264,16.514,53.486,0.017,113.925
2026-09-02T08:26:41.283839+07:00,c11_sim,587,11.524,33.504,16.793,53.773,0.016,115.611
2026-09-02T08:26:41.484913+07:00,c11_sim,588,7.933,35.720,17.556,51.159,0.022,112.390
2026-09-02T08:26:41.683365+07:00,c11_sim,589,9.174,32.570,13.966,56.141,0.019,111.871
2026-09-02T08:26:41.806613+07:00,c11_sim,590,9.871,31.707,0.000,0.000,0.018,41.597
2026-09-02T08:26:42.103787+07:00,c11_sim,591,9.843,34.383,15.911,79.700,0.048,139.884
2026-09-02T08:26:42.256907+07:00,c11_sim,592,9.786,21.063,13.343,47.977,0.022,92.192
2026-09-02T08:26:42.501380+07:00,c11_sim,593,9.240,35.180,17.575,50.679,0.023,112.698
2026-09-02T08:26:42.637275+07:00,c11_sim,594,8.950,20.697,13.398,27.625,0.018,70.689
2026-09-02T08:26:42.883926+07:00,c11_sim,595,9.218,33.818,16.814,54.627,0.018,114.494
2026-09-02T08:26:43.083589+07:00,c11_sim,596,9.983,33.428,14.955,55.116,0.020,113.503
2026-09-02T08:26:43.285507+07:00,c11_sim,597,9.331,34.965,18.566,47.920,0.019,110.801
2026-09-02T08:26:43.485001+07:00,c11_sim,598,9.509,35.554,15.921,50.977,0.024,111.987
2026-09-02T08:26:43.669546+07:00,c11_sim,599,8.878,31.772,12.429,46.865,0.017,99.961
2026-09-02T08:26:43.920396+07:00,c11_sim,600,8.242,33.854,14.615,79.899,0.050,136.661
2026-09-02T08:26:44.075761+07:00,c11_sim,601,9.322,23.071,15.782,47.628,0.019,95.822
2026-09-02T08:26:44.322638+07:00,c11_sim,602,9.585,34.738,16.985,78.221,0.048,139.576
2026-09-02T08:26:44.477208+07:00,c11_sim,603,9.897,22.693,13.547,47.633,0.025,93.795
2026-09-02T08:26:44.624876+07:00,c11_sim,604,9.761,32.007,0.000,0.000,0.021,41.789
2026-09-02T08:26:44.820039+07:00,c11_sim,605,10.985,29.479,0.000,0.000,0.011,40.476
2026-09-02T08:26:45.016525+07:00,c11_sim,606,9.500,30.804,0.000,0.000,0.017,40.322
2026-09-02T08:26:45.269493+07:00,c11_sim,607,9.273,31.421,15.501,46.776,0.021,102.991
2026-09-02T08:26:45.520354+07:00,c11_sim,608,9.203,32.713,14.303,78.759,0.031,135.009
2026-09-02T08:26:45.615700+07:00,c11_sim,609,8.650,20.552,0.000,0.000,0.016,29.218
2026-09-02T08:26:45.884429+07:00,c11_sim,610,9.712,34.332,17.164,52.721,0.019,113.948
2026-09-02T08:26:46.084716+07:00,c11_sim,611,8.375,32.540,14.631,51.638,0.020,107.202
2026-09-02T08:26:46.208703+07:00,c11_sim,612,9.788,31.295,0.000,0.000,0.018,41.101
2026-09-02T08:26:46.409183+07:00,c11_sim,613,10.439,26.672,0.000,0.000,0.010,37.121
2026-09-02T08:26:46.625762+07:00,c11_sim,614,10.073,31.737,0.000,0.000,0.012,41.822
2026-09-02T08:26:46.820078+07:00,c11_sim,615,9.728,32.628,0.000,0.000,0.018,42.374
2026-09-02T08:26:47.010377+07:00,c11_sim,616,10.260,31.134,0.000,0.000,0.022,41.416
2026-09-02T08:26:47.299508+07:00,c11_sim,617,10.073,34.666,17.980,57.613,0.022,120.354
2026-09-02T08:26:47.426052+07:00,c11_sim,618,10.444,32.366,0.000,0.000,0.019,42.830
2026-09-02T08:26:47.667139+07:00,c11_sim,619,9.527,30.810,6.402,52.478,0.033,99.250
2026-09-02T08:26:47.883964+07:00,c11_sim,620,18.252,27.901,17.899,54.028,0.033,118.114
2026-09-02T08:26:48.082936+07:00,c11_sim,621,10.779,30.584,13.594,57.315,0.021,112.294
2026-09-02T08:26:48.305624+07:00,c11_sim,622,9.109,32.381,14.388,78.438,0.027,134.343
2026-09-02T08:26:48.463304+07:00,c11_sim,623,9.462,22.903,14.670,47.273,0.017,94.325
2026-09-02T08:26:48.684927+07:00,c11_sim,624,9.344,34.910,13.452,51.147,0.022,108.876
2026-09-02T08:26:48.808628+07:00,c11_sim,625,9.630,30.725,0.000,0.000,0.015,40.370
2026-09-02T08:26:49.025011+07:00,c11_sim,626,9.352,31.795,0.000,0.000,0.022,41.170
2026-09-02T08:26:49.211528+07:00,c11_sim,627,9.533,31.047,0.000,0.000,0.024,40.604
2026-09-02T08:26:49.412593+07:00,c11_sim,628,10.224,31.437,0.000,0.000,0.021,41.682
2026-09-02T08:26:49.606690+07:00,c11_sim,629,9.782,30.986,0.000,0.000,0.015,40.782
2026-09-02T08:26:49.805987+07:00,c11_sim,630,9.285,31.149,0.000,0.000,0.011,40.446
2026-09-02T08:26:50.025096+07:00,c11_sim,631,10.058,33.234,0.000,0.000,0.017,43.309
2026-09-02T08:26:50.204000+07:00,c11_sim,632,9.497,28.774,0.000,0.000,0.010,38.280
2026-09-02T08:26:50.418826+07:00,c11_sim,633,9.359,32.372,0.000,0.000,0.020,41.752
2026-09-02T08:26:50.621708+07:00,c11_sim,634,10.702,32.324,0.000,0.000,0.021,43.047
2026-09-02T08:26:50.818771+07:00,c11_sim,635,10.133,32.279,0.000,0.000,0.024,42.436
2026-09-02T08:26:51.011127+07:00,c11_sim,636,6.833,27.697,0.000,0.000,0.013,34.543
2026-09-02T08:26:51.231764+07:00,c11_sim,637,10.687,33.414,0.000,0.000,0.020,44.121
2026-09-02T08:26:51.419970+07:00,c11_sim,638,9.542,29.487,0.000,0.000,0.011,39.040
2026-09-02T08:26:51.616304+07:00,c11_sim,639,9.544,33.482,0.000,0.000,0.488,43.514
2026-09-02T08:26:51.819619+07:00,c11_sim,640,9.248,32.164,0.000,0.000,0.041,41.454
2026-09-02T08:26:52.009228+07:00,c11_sim,641,8.596,32.454,0.000,0.000,0.011,41.061
2026-09-02T08:26:52.204469+07:00,c11_sim,642,9.879,31.209,0.000,0.000,0.010,41.098
2026-09-02T08:26:52.417906+07:00,c11_sim,643,9.318,32.249,0.000,0.000,0.010,41.577
2026-09-02T08:26:52.617956+07:00,c11_sim,644,9.273,32.310,0.000,0.000,0.007,41.590
2026-09-02T08:26:52.819471+07:00,c11_sim,645,9.876,32.283,0.000,0.000,0.009,42.167
2026-09-02T08:26:53.009047+07:00,c11_sim,646,9.556,31.780,0.000,0.000,0.005,41.341
2026-09-02T08:26:53.229199+07:00,c11_sim,647,10.434,33.565,0.000,0.000,0.009,44.008
2026-09-02T08:26:53.422368+07:00,c11_sim,648,10.542,32.476,0.000,0.000,0.009,43.027
2026-09-02T08:26:53.616943+07:00,c11_sim,649,9.370,32.213,0.000,0.000,0.006,41.589
2026-09-02T08:26:53.817244+07:00,c11_sim,650,6.451,31.572,0.000,0.000,0.005,38.029
2026-09-02T08:26:54.015835+07:00,c11_sim,651,9.438,32.822,0.000,0.000,0.009,42.269
2026-09-02T08:26:54.216770+07:00,c11_sim,652,10.335,32.241,0.000,0.000,0.011,42.587
2026-09-02T08:26:54.410823+07:00,c12_sim,49,7.347,29.665,0.000,0.000,0.024,37.036
2026-09-02T08:26:54.610490+07:00,c12_sim,50,10.328,31.316,0.000,0.000,0.016,41.661
2026-09-02T08:26:54.808755+07:00,c12_sim,51,9.358,30.038,0.000,0.000,0.011,39.407
2026-09-02T08:26:55.009889+07:00,c12_sim,52,10.031,30.813,0.000,0.000,0.007,40.851
2026-09-02T08:26:55.212172+07:00,c12_sim,53,9.197,31.116,0.000,0.000,0.006,40.319
2026-09-02T08:26:55.426527+07:00,c12_sim,54,11.011,28.180,0.000,0.000,0.009,39.201
2026-09-02T08:26:55.617376+07:00,c12_sim,55,8.888,31.038,0.000,0.000,0.013,39.939
2026-09-02T08:26:55.821449+07:00,c12_sim,56,8.922,31.626,0.000,0.000,0.015,40.563
2026-09-02T08:26:56.014131+07:00,c12_sim,57,10.655,31.537,0.000,0.000,0.458,42.650
2026-09-02T08:26:56.207289+07:00,c12_sim,58,10.211,28.226,0.000,0.000,0.013,38.450
2026-09-02T08:26:56.430240+07:00,c12_sim,59,11.016,32.963,0.000,0.000,0.009,43.987
2026-09-02T08:26:56.606289+07:00,c12_sim,60,9.385,29.110,0.000,0.000,0.008,38.503
2026-09-02T08:26:56.806047+07:00,c12_sim,61,9.056,30.606,0.000,0.000,0.006,39.668
2026-09-02T08:26:57.050857+07:00,c10_sim,154,7.581,36.136,18.855,0.000,0.011,62.583
2026-09-02T08:26:57.246433+07:00,c10_sim,155,9.724,34.679,16.448,0.004,0.150,61.005
2026-09-02T08:26:57.440567+07:00,c10_sim,156,9.013,33.347,14.285,0.005,0.261,56.910
2026-09-02T08:26:57.625059+07:00,c10_sim,157,11.222,21.245,14.566,0.004,0.016,47.053
2026-09-02T08:26:57.885813+07:00,c10_sim,158,10.416,31.115,13.441,50.423,0.107,105.501
2026-09-02T08:26:58.101012+07:00,c10_sim,159,7.754,33.781,14.969,52.604,0.012,109.121
2026-09-02T08:26:58.300613+07:00,c10_sim,160,9.321,34.248,17.200,53.134,0.012,113.916
2026-09-02T08:26:58.502373+07:00,c10_sim,161,9.254,35.820,17.503,47.802,0.019,110.397
2026-09-02T08:26:58.701965+07:00,c10_sim,162,9.513,35.849,16.687,49.648,0.012,111.708
2026-09-02T08:26:58.901037+07:00,c10_sim,163,10.296,34.838,17.581,52.577,0.252,115.544
2026-09-02T08:26:59.101181+07:00,c10_sim,164,10.032,34.801,17.963,52.258,0.017,115.070
2026-09-02T08:26:59.300531+07:00,c10_sim,165,9.447,32.493,13.314,52.988,0.013,108.257
2026-09-02T08:26:59.499678+07:00,c10_sim,166,7.838,35.659,16.868,56.833,0.016,117.214
2026-09-02T08:26:59.685632+07:00,c10_sim,167,10.566,35.038,13.408,47.524,0.010,106.546
2026-09-02T08:26:59.884900+07:00,c10_sim,168,9.258,33.477,15.643,50.469,0.009,108.856
2026-09-02T08:27:00.083764+07:00,c10_sim,169,9.341,35.107,16.212,53.400,0.013,114.074
2026-09-02T08:27:00.284869+07:00,c10_sim,170,9.199,34.163,16.121,50.616,0.013,110.112
2026-09-02T08:27:00.516713+07:00,c10_sim,171,10.390,35.289,19.479,54.720,0.017,119.895
2026-09-02T08:27:00.653604+07:00,c10_sim,172,9.271,25.089,13.663,27.527,0.012,75.561
2026-09-02T08:27:00.901869+07:00,c10_sim,173,8.223,34.530,16.855,50.044,0.010,109.662
2026-09-02T08:27:01.100866+07:00,c10_sim,174,7.387,34.314,16.583,52.337,0.019,110.641
2026-09-02T08:27:01.322166+07:00,c10_sim,175,11.183,30.274,12.560,79.535,0.033,133.585
2026-09-02T08:27:01.479322+07:00,c10_sim,176,8.400,22.237,14.018,47.413,0.017,92.085
2026-09-02T08:27:01.628498+07:00,c11_sim,653,9.259,30.783,0.000,0.000,0.007,40.049
2026-09-02T08:27:01.849483+07:00,c11_sim,654,11.477,32.731,0.000,0.000,0.010,44.217
2026-09-02T08:27:02.068890+07:00,c11_sim,655,9.425,35.603,20.425,0.000,0.005,65.458
2026-09-02T08:27:02.269432+07:00,c11_sim,656,10.360,35.659,17.263,0.004,0.218,63.505
2026-09-02T08:27:02.537600+07:00,c11_sim,657,9.155,34.169,14.660,80.657,0.158,138.799
2026-09-02T08:27:02.630606+07:00,c11_sim,658,8.939,19.460,0.000,0.000,0.009,28.408
2026-09-02T08:27:02.901675+07:00,c11_sim,659,9.342,34.304,19.237,50.915,0.076,113.873
2026-09-02T08:27:03.101097+07:00,c11_sim,660,9.228,33.661,17.331,51.345,0.015,111.580
2026-09-02T08:27:03.321179+07:00,c11_sim,661,9.823,30.782,13.852,80.371,0.141,134.969
2026-09-02T08:27:03.479375+07:00,c11_sim,662,7.707,24.185,15.984,48.163,0.061,96.101
2026-09-02T08:27:03.716980+07:00,c11_sim,663,9.812,44.873,15.273,54.441,0.091,124.490
2026-09-02T08:27:03.855534+07:00,c11_sim,664,7.199,20.576,14.827,28.172,0.017,70.792
2026-09-02T08:27:04.099248+07:00,c11_sim,665,7.381,33.274,14.148,58.325,0.014,113.142
2026-09-02T08:27:04.228092+07:00,c11_sim,666,9.733,30.969,0.000,0.000,0.013,40.715
2026-09-02T08:27:04.500430+07:00,c11_sim,667,9.544,32.988,15.413,53.359,0.016,111.320
2026-09-02T08:27:04.686591+07:00,c11_sim,668,6.047,30.758,10.332,43.763,0.012,90.913
2026-09-02T08:27:04.832736+07:00,c11_sim,669,10.529,28.517,0.000,0.000,0.013,39.060
2026-09-02T08:27:05.099811+07:00,c11_sim,670,11.058,32.493,15.368,56.051,0.013,114.981
2026-09-02T08:27:05.300159+07:00,c11_sim,671,9.628,33.238,17.524,54.931,0.018,115.338
2026-09-02T08:27:05.500328+07:00,c11_sim,672,9.776,35.737,17.344,54.906,0.020,117.783
2026-09-02T08:27:05.700072+07:00,c11_sim,673,10.292,33.740,13.962,55.003,0.014,113.012
2026-09-02T08:27:05.828505+07:00,c11_sim,674,10.164,32.191,0.000,0.000,0.018,42.373
2026-09-02T08:27:06.035987+07:00,c11_sim,675,9.355,31.664,0.000,0.000,0.022,41.042
2026-09-02T08:27:06.299847+07:00,c11_sim,676,9.025,33.152,14.984,55.492,0.016,112.669
2026-09-02T08:27:06.485483+07:00,c11_sim,677,9.041,32.022,14.310,47.676,0.013,103.063
2026-09-02T08:27:06.701956+07:00,c11_sim,678,7.802,32.504,14.181,48.604,0.026,103.117
2026-09-02T08:27:06.901591+07:00,c11_sim,679,9.357,34.654,18.215,49.952,0.021,112.199
2026-09-02T08:27:07.031266+07:00,c11_sim,680,10.965,30.790,0.000,0.000,0.018,41.774
2026-09-02T08:27:07.316677+07:00,c11_sim,681,11.381,36.247,18.992,54.463,0.021,121.104
2026-09-02T08:27:07.516486+07:00,c11_sim,682,10.305,34.762,16.655,55.305,0.023,117.050
2026-09-02T08:27:07.717147+07:00,c11_sim,683,9.954,35.117,17.658,53.638,0.020,116.387
2026-09-02T08:27:07.853668+07:00,c11_sim,684,9.404,19.351,14.187,27.595,0.016,70.553
2026-09-02T08:27:08.116240+07:00,c11_sim,685,9.380,38.362,18.132,56.888,0.047,122.809
2026-09-02T08:27:08.317202+07:00,c11_sim,686,9.512,34.834,14.763,52.120,0.021,111.251
2026-09-02T08:27:08.453456+07:00,c11_sim,687,10.150,19.574,14.235,27.503,0.021,71.484
2026-09-02T08:27:08.646939+07:00,c11_sim,688,10.579,34.061,14.606,0.004,0.017,59.267
2026-09-02T08:27:08.862623+07:00,c11_sim,689,9.676,33.586,14.339,0.003,0.012,57.617
2026-09-02T08:27:09.060216+07:00,c11_sim,690,8.934,33.986,15.793,0.003,0.012,58.729
2026-09-02T08:27:09.257527+07:00,c11_sim,691,9.851,34.801,16.006,0.002,0.009,60.670
2026-09-02T08:27:09.451329+07:00,c11_sim,692,8.517,32.397,13.733,0.004,0.013,54.664
2026-09-02T08:27:09.700944+07:00,c11_sim,693,9.561,35.927,13.891,52.949,0.025,112.352
2026-09-02T08:27:09.900189+07:00,c11_sim,694,9.301,34.206,16.154,53.895,0.022,113.578
2026-09-02T08:27:10.024812+07:00,c11_sim,695,9.148,31.240,0.000,0.000,0.009,40.397
2026-09-02T08:27:10.227955+07:00,c11_sim,696,10.236,31.323,0.000,0.000,0.019,41.579
2026-09-02T08:27:10.422356+07:00,c11_sim,697,9.217,30.855,0.000,0.000,0.009,40.081
2026-09-02T08:27:10.646494+07:00,c11_sim,698,10.168,31.990,0.000,0.000,0.025,42.182
2026-09-02T08:27:10.819447+07:00,c11_sim,699,9.824,31.101,0.000,0.000,0.008,40.933
2026-09-02T08:27:11.039349+07:00,c11_sim,700,9.543,32.408,0.000,0.000,0.021,41.972
2026-09-02T08:27:11.227863+07:00,c11_sim,701,9.649,28.385,0.000,0.000,0.009,38.043
2026-09-02T08:27:11.443816+07:00,c11_sim,702,9.408,32.680,0.000,0.000,0.021,42.109
2026-09-02T08:27:11.628643+07:00,c11_sim,703,9.860,28.193,0.000,0.000,0.014,38.066
2026-09-02T08:27:11.832170+07:00,c11_sim,704,10.965,28.715,0.000,0.000,0.012,39.692
2026-09-02T08:27:12.029357+07:00,c11_sim,705,9.502,31.634,0.000,0.000,0.019,41.156
2026-09-02T08:27:12.238948+07:00,c11_sim,706,7.345,28.407,0.000,0.000,0.011,35.762
2026-09-02T08:27:12.428825+07:00,c11_sim,707,10.042,31.050,0.000,0.000,0.020,41.111
2026-09-02T08:27:12.620531+07:00,c11_sim,708,9.466,30.802,0.000,0.000,0.016,40.284
2026-09-02T08:27:12.824648+07:00,c11_sim,709,10.752,32.080,0.000,0.000,0.582,43.414
2026-09-02T08:27:13.023494+07:00,c11_sim,710,9.727,31.290,0.000,0.000,0.022,41.039
2026-09-02T08:27:13.225653+07:00,c11_sim,711,9.395,30.894,0.000,0.000,0.005,40.294
2026-09-02T08:27:13.424887+07:00,c11_sim,712,9.687,29.433,0.000,0.000,0.004,39.124
2026-09-02T08:27:13.632106+07:00,c11_sim,713,9.282,31.673,0.000,0.000,0.004,40.960
2026-09-02T08:27:13.822697+07:00,c11_sim,714,9.313,31.212,0.000,0.000,0.004,40.529
2026-09-02T08:27:14.023601+07:00,c11_sim,715,10.569,31.218,0.000,0.000,0.010,41.798
2026-09-02T08:27:14.227455+07:00,c11_sim,716,7.914,30.526,0.000,0.000,0.006,38.445
2026-09-02T08:27:14.428569+07:00,c11_sim,717,9.611,31.328,0.000,0.000,0.010,40.949
2026-09-02T08:27:14.628201+07:00,c11_sim,718,9.781,30.252,0.000,0.000,0.006,40.039
2026-09-02T08:27:14.826379+07:00,c9_sim,344,7.175,31.806,0.000,0.000,0.022,39.003
2026-09-02T08:27:15.045891+07:00,c9_sim,345,10.675,31.730,0.000,0.000,0.019,42.423
2026-09-02T08:27:15.233514+07:00,c9_sim,346,8.179,30.547,0.000,0.000,0.012,38.738
2026-09-02T08:27:15.453492+07:00,c9_sim,347,10.067,31.734,0.000,0.000,0.019,41.821
2026-09-02T08:27:15.643796+07:00,c9_sim,348,6.271,32.631,0.000,0.000,0.021,38.923
2026-09-02T08:27:15.842670+07:00,c9_sim,349,7.932,32.291,0.000,0.000,0.021,40.244
2026-09-02T08:27:16.043380+07:00,c9_sim,350,9.787,31.700,0.000,0.000,0.010,41.497
2026-09-02T08:27:16.241383+07:00,c9_sim,351,8.863,31.833,0.000,0.000,0.020,40.715
2026-09-02T08:27:16.444264+07:00,c9_sim,352,8.236,31.924,0.000,0.000,0.022,40.182
2026-09-02T08:27:16.638991+07:00,c9_sim,353,8.847,28.008,0.000,0.000,0.012,36.867
2026-09-02T08:27:16.845838+07:00,c9_sim,354,8.952,31.574,0.000,0.000,0.018,40.544
2026-09-02T08:27:17.045010+07:00,c9_sim,355,8.187,31.584,0.000,0.000,0.777,40.548
2026-09-02T08:27:17.248985+07:00,c9_sim,356,7.632,32.922,0.000,0.000,0.036,40.590
2026-09-02T08:27:17.436178+07:00,c9_sim,357,7.501,30.491,0.000,0.000,0.007,37.999
2026-09-02T08:27:17.630002+07:00,c9_sim,358,8.425,31.567,0.000,0.000,0.007,39.998
2026-09-02T08:27:17.850557+07:00,c9_sim,359,9.086,32.910,0.000,0.000,0.011,42.007
2026-09-02T08:27:18.040394+07:00,c9_sim,360,8.188,31.110,0.000,0.000,0.010,39.307
2026-09-02T08:27:18.237071+07:00,c9_sim,361,8.313,30.185,0.000,0.000,0.006,38.504
2026-09-02T08:27:18.453384+07:00,c9_sim,362,9.041,32.929,0.000,0.000,0.007,41.977
2026-09-02T08:27:18.653879+07:00,c9_sim,363,9.306,33.547,0.000,0.000,0.010,42.862
2026-09-02T08:27:18.852470+07:00,c9_sim,364,8.683,32.307,0.000,0.000,0.005,40.995
2026-09-02T08:27:19.043445+07:00,c9_sim,365,9.146,32.454,0.000,0.000,0.006,41.606
2026-09-02T08:27:19.245860+07:00,c9_sim,366,7.279,32.478,0.000,0.000,0.012,39.768
2026-09-02T08:27:19.448854+07:00,c9_sim,367,3.773,32.980,0.000,0.000,0.015,36.768
2026-09-02T08:27:19.662655+07:00,c9_sim,368,8.384,33.452,15.070,0.000,0.004,56.911
2026-09-02T08:27:19.837870+07:00,c9_sim,369,4.024,27.019,0.000,0.000,0.004,31.047
2026-09-02T08:27:20.039836+07:00,c9_sim,370,8.281,30.908,0.000,0.000,0.009,39.198
2026-09-02T08:27:20.254120+07:00,c9_sim,371,9.394,33.128,0.000,0.000,0.007,42.528
2026-09-02T08:27:20.431802+07:00,c9_sim,372,5.309,28.853,0.000,0.000,0.005,34.167
2026-09-02T08:27:20.630366+07:00,c9_sim,373,7.064,29.278,0.000,0.000,0.008,36.349
2026-09-02T08:27:20.847825+07:00,c9_sim,374,7.962,34.046,0.000,0.000,0.011,42.019
2026-09-02T08:27:21.148872+07:00,c9_sim,375,8.272,42.377,9.932,84.455,0.044,145.080
2026-09-02T08:27:21.213685+07:00,c9_sim,376,3.678,14.554,0.000,0.000,0.007,18.239
2026-09-02T08:27:21.499263+07:00,c9_sim,377,5.056,31.910,12.990,56.555,0.059,106.570
2026-09-02T08:27:21.716927+07:00,c9_sim,378,5.752,34.531,14.810,54.455,0.039,109.587
2026-09-02T08:27:21.917206+07:00,c9_sim,379,5.776,34.387,18.311,52.528,0.020,111.021
2026-09-02T08:27:22.118521+07:00,c9_sim,380,5.613,35.638,17.738,47.236,0.030,106.255
2026-09-02T08:27:22.317356+07:00,c9_sim,381,5.483,35.005,18.231,50.946,0.015,109.680
2026-09-02T08:27:22.518106+07:00,c9_sim,382,5.632,33.901,18.467,48.441,0.014,106.455
2026-09-02T08:27:22.716506+07:00,c9_sim,383,5.712,34.087,14.702,54.480,0.015,108.996
2026-09-02T08:27:22.917028+07:00,c9_sim,384,6.269,34.101,18.632,52.592,0.019,111.613
2026-09-02T08:27:23.118271+07:00,c9_sim,385,5.611,34.247,18.613,48.176,0.020,106.667
2026-09-02T08:27:23.318003+07:00,c9_sim,386,5.949,35.672,18.373,49.369,0.018,109.381
2026-09-02T08:27:23.515691+07:00,c9_sim,387,5.076,27.818,14.077,59.534,0.021,106.526
2026-09-02T08:27:23.716587+07:00,c9_sim,388,5.701,34.775,14.740,54.067,0.014,109.296
2026-09-02T08:27:23.917905+07:00,c9_sim,389,5.495,34.053,18.710,49.365,0.015,107.637
2026-09-02T08:27:24.116965+07:00,c9_sim,390,5.730,35.238,18.905,52.328,0.043,112.244
2026-09-02T08:27:24.317848+07:00,c9_sim,391,5.523,35.257,18.109,49.384,0.014,108.288
2026-09-02T08:27:24.518084+07:00,c9_sim,392,5.264,34.560,19.390,49.305,0.061,108.580
2026-09-02T08:27:24.716371+07:00,c9_sim,393,6.211,35.774,15.156,54.305,0.044,111.490
2026-09-02T08:27:24.917428+07:00,c9_sim,394,5.638,35.267,14.430,51.511,0.046,106.891
2026-09-02T08:27:25.118391+07:00,c9_sim,395,8.542,36.579,17.059,47.791,0.019,109.991
2026-09-02T08:27:25.318100+07:00,c9_sim,396,8.341,38.060,17.386,48.535,0.019,112.340
2026-09-02T08:27:25.518653+07:00,c9_sim,397,8.926,36.417,17.182,46.893,0.059,109.477
2026-09-02T08:27:25.718554+07:00,c9_sim,398,8.436,36.273,14.891,47.165,0.018,106.783
2026-09-02T08:27:25.918048+07:00,c9_sim,399,8.852,36.220,15.932,48.833,0.017,109.854
2026-09-02T08:27:26.117264+07:00,c9_sim,400,8.283,36.116,16.722,51.104,0.017,112.241
2026-09-02T08:27:26.317238+07:00,c9_sim,401,8.290,36.843,16.433,50.801,0.060,112.428
2026-09-02T08:27:26.517661+07:00,c9_sim,402,8.928,36.194,18.743,50.419,0.020,114.304
2026-09-02T08:27:26.717065+07:00,c9_sim,403,8.424,35.318,15.391,51.913,0.018,111.064
2026-09-02T08:27:26.953195+07:00,c9_sim,404,8.044,37.043,19.378,78.656,0.044,143.165
2026-09-02T08:27:27.085427+07:00,c9_sim,405,7.776,21.318,15.609,46.492,0.019,91.213
2026-09-02T08:27:27.321329+07:00,c9_sim,406,7.407,29.529,12.269,75.946,0.023,125.173
2026-09-02T08:27:27.554097+07:00,c9_sim,407,8.684,36.577,17.540,79.498,0.040,142.340
2026-09-02T08:27:27.681534+07:00,c9_sim,408,7.639,21.879,15.461,46.672,0.020,91.671
2026-09-02T08:27:27.938290+07:00,c9_sim,409,8.690,35.149,17.089,78.972,0.042,139.942
2026-09-02T08:27:28.097019+07:00,c9_sim,410,9.043,23.668,15.688,47.367,0.015,95.781
2026-09-02T08:27:28.354398+07:00,c9_sim,411,9.003,37.076,15.515,79.119,0.042,140.755
2026-09-02T08:27:28.422247+07:00,c9_sim,412,8.517,20.883,0.000,0.000,0.011,29.410
2026-09-02T08:27:28.649032+07:00,c9_sim,413,8.688,33.050,0.000,0.000,0.008,41.745
2026-09-02T08:27:28.844517+07:00,c8_sim,189,8.403,32.324,0.000,0.000,0.007,40.734
2026-09-02T08:27:29.046026+07:00,c8_sim,190,13.246,33.480,0.000,0.000,0.004,46.730
2026-09-02T08:27:29.261858+07:00,c8_sim,191,10.350,35.606,0.000,0.000,0.011,45.968
2026-09-02T08:27:29.436726+07:00,c8_sim,192,7.375,27.807,0.000,0.000,0.006,35.188
2026-09-02T08:27:29.659293+07:00,c8_sim,193,9.886,33.724,0.000,0.000,0.009,43.619
2026-09-02T08:27:29.860793+07:00,c8_sim,194,11.332,33.658,0.000,0.000,0.012,45.002
2026-09-02T08:27:30.060933+07:00,c8_sim,195,10.059,35.375,0.000,0.000,0.012,45.446
2026-09-02T08:27:30.239079+07:00,c8_sim,196,10.673,29.846,0.000,0.000,0.006,40.526
2026-09-02T08:27:30.437959+07:00,c8_sim,197,11.011,30.253,0.000,0.000,0.004,41.269
2026-09-02T08:27:30.661850+07:00,c8_sim,198,9.977,33.466,0.000,0.000,0.011,43.454
2026-09-02T08:27:30.852850+07:00,c8_sim,199,11.117,27.344,0.000,0.000,0.006,38.467
2026-09-02T08:27:31.054089+07:00,c8_sim,200,10.761,32.730,0.000,0.000,0.005,43.495
2026-09-02T08:27:31.246765+07:00,c8_sim,201,10.677,31.836,0.000,0.000,0.004,42.517
2026-09-02T08:27:31.468749+07:00,c8_sim,202,11.363,36.247,16.822,0.000,0.005,64.437
2026-09-02T08:27:31.717172+07:00,c8_sim,203,10.509,36.051,15.355,53.393,0.073,115.381
2026-09-02T08:27:31.863694+07:00,c8_sim,204,8.733,29.944,15.104,0.004,0.158,53.944
2026-09-02T08:27:32.072822+07:00,c8_sim,205,10.243,34.785,15.370,0.003,0.009,60.409
2026-09-02T08:27:32.253651+07:00,c8_sim,206,10.028,17.432,13.997,0.003,0.012,41.472
2026-09-02T08:27:32.472667+07:00,c8_sim,207,10.635,36.429,16.311,0.003,0.009,63.387
2026-09-02T08:27:32.718219+07:00,c8_sim,208,10.827,34.105,14.593,49.026,0.013,108.564
2026-09-02T08:27:32.917143+07:00,c8_sim,209,10.844,35.449,16.011,51.360,0.012,113.677
2026-09-02T08:27:33.039053+07:00,c8_sim,210,10.953,30.032,0.000,0.000,0.009,40.994
2026-09-02T08:27:33.242992+07:00,c8_sim,211,11.077,34.696,0.000,0.000,0.007,45.779
2026-09-02T08:27:33.449279+07:00,c8_sim,212,11.455,32.624,0.000,0.000,0.006,44.085
2026-09-02T08:27:33.659329+07:00,c8_sim,213,9.752,34.408,13.669,0.000,0.019,57.848
2026-09-02T08:27:33.864384+07:00,c8_sim,214,11.515,33.381,0.000,0.000,0.022,44.917
2026-09-02T08:27:34.058411+07:00,c8_sim,215,10.080,34.850,14.596,0.000,0.015,59.541
2026-09-02T08:27:34.279853+07:00,c8_sim,216,11.074,36.597,17.215,0.004,0.083,64.973
2026-09-02T08:27:34.532819+07:00,c8_sim,217,10.040,36.813,15.814,56.282,0.063,119.013
2026-09-02T08:27:34.733916+07:00,c8_sim,218,8.830,36.304,16.016,51.856,0.038,113.045
2026-09-02T08:27:34.932181+07:00,c8_sim,219,10.783,33.614,14.352,56.629,0.015,115.393
2026-09-02T08:27:35.133624+07:00,c8_sim,220,10.141,36.296,15.907,52.316,0.015,114.676
2026-09-02T08:27:35.268733+07:00,c8_sim,221,10.438,19.383,13.457,27.250,0.014,70.543
2026-09-02T08:27:35.448189+07:00,c8_sim,222,10.080,31.868,0.000,0.000,0.010,41.958
2026-09-02T08:27:35.718665+07:00,c8_sim,223,10.450,35.208,14.054,45.829,0.013,105.553
2026-09-02T08:27:35.854078+07:00,c8_sim,224,10.558,33.757,0.000,0.000,0.475,44.790
2026-09-02T08:27:36.057155+07:00,c8_sim,225,10.575,31.956,0.000,0.000,0.030,42.560
2026-09-02T08:27:36.256792+07:00,c8_sim,226,10.561,35.004,0.000,0.000,0.022,45.587
2026-09-02T08:27:36.451121+07:00,c8_sim,227,11.212,34.469,0.000,0.000,0.016,45.696
2026-09-02T08:27:36.652625+07:00,c8_sim,228,8.826,32.301,0.000,0.000,0.012,41.140
2026-09-02T08:27:36.854085+07:00,c8_sim,229,10.342,34.709,0.000,0.000,0.020,45.071
2026-09-02T08:27:37.055236+07:00,c8_sim,230,11.129,34.756,0.000,0.000,0.023,45.908
2026-09-02T08:27:37.253562+07:00,c8_sim,231,11.117,35.474,0.000,0.000,0.023,46.614
2026-09-02T08:27:37.461982+07:00,c8_sim,232,11.418,34.891,0.000,0.000,0.021,46.330
2026-09-02T08:27:37.655290+07:00,c8_sim,233,10.736,32.849,0.000,0.000,0.011,43.596
2026-09-02T08:27:37.855958+07:00,c8_sim,234,12.376,34.222,0.000,0.000,0.018,46.617
2026-09-02T08:27:38.063429+07:00,c8_sim,235,11.121,35.012,0.000,0.000,0.030,46.162
2026-09-02T08:27:38.247027+07:00,c8_sim,236,11.403,29.773,0.000,0.000,0.009,41.185
2026-09-02T08:27:38.441507+07:00,c8_sim,237,10.101,32.464,0.000,0.000,0.008,42.573
2026-09-02T08:27:38.642211+07:00,c8_sim,238,10.814,32.941,0.000,0.000,0.500,44.255
2026-09-02T08:27:38.841781+07:00,c8_sim,239,11.031,32.198,0.000,0.000,0.010,43.239
2026-09-02T08:27:39.066933+07:00,c8_sim,240,10.635,33.648,0.000,0.000,0.010,44.293
2026-09-02T08:27:39.262943+07:00,c8_sim,241,9.908,32.642,0.000,0.000,0.011,42.561
2026-09-02T08:27:39.450239+07:00,c8_sim,242,10.244,29.204,0.000,0.000,0.006,39.454
2026-09-02T08:27:39.646967+07:00,c8_sim,243,10.668,32.255,0.000,0.000,0.006,42.929
2026-09-02T08:27:39.841477+07:00,c8_sim,244,8.452,28.445,0.000,0.000,0.004,36.902
2026-09-02T08:27:40.073439+07:00,c8_sim,245,11.090,34.903,0.000,0.000,0.010,46.003
2026-09-02T08:27:40.265731+07:00,c8_sim,246,9.823,34.012,0.000,0.000,0.014,43.849
2026-09-02T08:27:40.468289+07:00,c10_sim,177,7.309,35.561,0.000,0.000,0.012,42.883
2026-09-02T08:27:40.673257+07:00,c10_sim,178,9.360,33.718,0.000,0.000,0.006,43.084
2026-09-02T08:27:40.872120+07:00,c10_sim,179,9.573,35.603,0.000,0.000,0.019,45.195
2026-09-02T08:27:41.059964+07:00,c10_sim,180,11.566,32.543,0.000,0.000,0.025,44.134
2026-09-02T08:27:41.251582+07:00,c10_sim,181,9.271,32.180,0.000,0.000,0.006,41.458
2026-09-02T08:27:41.471948+07:00,c10_sim,182,9.223,35.548,0.000,0.000,0.023,44.793
2026-09-02T08:27:41.658359+07:00,c10_sim,183,9.716,32.768,0.000,0.000,0.010,42.495
2026-09-02T08:27:41.854997+07:00,c10_sim,184,10.357,32.462,0.000,0.000,0.006,42.826
2026-09-02T08:27:42.093613+07:00,c10_sim,185,8.881,34.160,14.088,0.000,0.006,57.136
2026-09-02T08:27:42.282128+07:00,c10_sim,186,9.331,35.986,14.817,0.000,0.013,60.147
2026-09-02T08:27:42.499499+07:00,c10_sim,187,9.536,37.232,17.062,0.004,0.175,64.009
2026-09-02T08:27:42.734800+07:00,c10_sim,188,10.091,35.210,15.475,49.927,0.101,110.805
2026-09-02T08:27:42.934078+07:00,c10_sim,189,8.333,35.641,15.891,51.369,0.051,111.285
2026-09-02T08:27:43.085454+07:00,c10_sim,190,9.327,21.355,15.228,27.423,0.013,73.346
2026-09-02T08:27:43.332454+07:00,c10_sim,191,8.595,37.993,16.185,57.537,0.340,120.650
2026-09-02T08:27:43.535024+07:00,c10_sim,192,9.726,35.674,17.913,47.205,0.072,110.591
2026-09-02T08:27:43.753915+07:00,c10_sim,193,7.923,34.993,12.858,79.714,0.016,135.504
2026-09-02T08:27:43.918807+07:00,c10_sim,194,7.192,23.797,13.750,47.101,0.014,91.855
2026-09-02T08:27:44.149570+07:00,c10_sim,195,9.220,38.009,19.095,54.699,0.021,121.044
2026-09-02T08:27:44.276575+07:00,c10_sim,196,9.532,18.145,13.262,27.464,0.012,68.416
2026-09-02T08:27:44.551274+07:00,c10_sim,197,10.251,37.623,18.465,47.754,0.016,114.110
2026-09-02T08:27:44.734969+07:00,c10_sim,198,9.960,35.380,13.999,47.040,0.041,106.421
2026-09-02T08:27:44.953032+07:00,c10_sim,199,10.885,34.369,14.276,79.612,0.034,139.176
2026-09-02T08:27:45.121642+07:00,c10_sim,200,9.336,25.223,16.065,48.420,0.013,99.057
2026-09-02T08:27:45.332936+07:00,c10_sim,201,10.458,35.741,13.976,54.479,0.016,114.671
2026-09-02T08:27:45.550441+07:00,c10_sim,202,10.281,37.277,16.962,50.929,0.014,115.463
2026-09-02T08:27:45.696845+07:00,c10_sim,203,8.682,22.855,15.371,27.731,0.012,74.651
2026-09-02T08:27:45.950245+07:00,c10_sim,204,9.992,38.834,20.313,51.505,0.019,120.662
2026-09-02T08:27:46.103103+07:00,c10_sim,205,10.201,23.226,15.853,27.247,0.015,76.543
2026-09-02T08:27:46.332038+07:00,c10_sim,206,9.482,34.730,15.331,55.120,0.018,114.682
2026-09-02T08:27:46.549193+07:00,c10_sim,207,10.070,37.700,17.600,55.267,0.027,120.663
2026-09-02T08:27:46.697801+07:00,c10_sim,208,8.548,21.704,15.659,27.997,0.019,73.927
2026-09-02T08:27:46.843756+07:00,c10_sim,209,6.392,32.803,0.000,0.000,0.016,39.211
2026-09-02T08:27:47.149703+07:00,c10_sim,210,6.596,36.813,15.482,54.757,0.030,113.679
2026-09-02T08:27:47.253831+07:00,c10_sim,211,6.622,18.181,0.000,0.000,0.019,24.822
2026-09-02T08:27:47.465891+07:00,c10_sim,212,6.588,32.657,0.000,0.000,0.018,39.264
2026-09-02T08:27:47.683856+07:00,c10_sim,213,22.941,27.497,0.000,0.000,0.014,50.453
2026-09-02T08:27:47.934331+07:00,c10_sim,214,9.338,34.815,17.053,49.693,0.019,110.917
2026-09-02T08:27:48.080054+07:00,c10_sim,215,10.674,33.646,0.000,0.000,0.021,44.341
2026-09-02T08:27:48.280115+07:00,c10_sim,216,9.304,33.239,0.000,0.000,0.020,42.563
2026-09-02T08:27:48.446362+07:00,c10_sim,217,10.736,32.246,0.000,0.000,0.024,43.006
2026-09-02T08:27:48.664139+07:00,c10_sim,218,10.331,32.584,0.000,0.000,0.021,42.936
2026-09-02T08:27:48.859836+07:00,c10_sim,219,8.886,29.653,0.000,0.000,0.011,38.550
2026-09-02T08:27:49.057346+07:00,c10_sim,220,10.277,32.634,0.000,0.000,0.021,42.932
2026-09-02T08:27:49.268841+07:00,c10_sim,221,9.470,33.224,0.000,0.000,0.021,42.714
2026-09-02T08:27:49.450983+07:00,c10_sim,222,8.923,29.588,0.000,0.000,0.012,38.523
2026-09-02T08:27:49.666898+07:00,c10_sim,223,9.205,33.825,0.000,0.000,0.019,43.049
2026-09-02T08:27:49.856598+07:00,c10_sim,224,9.408,32.447,0.000,0.000,0.008,41.863
2026-09-02T08:27:50.060739+07:00,c10_sim,225,9.672,36.090,0.000,0.000,0.005,45.767
2026-09-02T08:27:50.236391+07:00,c10_sim,226,9.668,14.730,0.000,0.000,0.008,24.406
2026-09-02T08:27:50.469655+07:00,c11_sim,719,8.215,33.253,0.000,0.000,0.010,41.479
2026-09-02T08:27:50.704255+07:00,c11_sim,720,12.913,33.746,18.404,0.000,0.005,65.069
2026-09-02T08:27:50.951299+07:00,c11_sim,721,10.635,35.947,17.648,49.642,0.081,113.953
2026-09-02T08:27:51.166110+07:00,c11_sim,722,9.729,37.138,18.583,54.847,0.116,120.413
2026-09-02T08:27:51.313757+07:00,c11_sim,723,10.789,22.257,15.662,28.338,0.012,77.058
2026-09-02T08:27:51.550184+07:00,c11_sim,724,9.619,35.406,17.306,52.761,0.011,115.103
2026-09-02T08:27:51.693047+07:00,c11_sim,725,9.951,19.112,13.630,27.698,0.013,70.405
2026-09-02T08:27:51.934343+07:00,c11_sim,726,10.657,35.254,14.244,50.403,0.061,110.619
2026-09-02T08:27:52.150942+07:00,c11_sim,727,10.863,36.044,15.490,49.495,0.013,111.906
2026-09-02T08:27:52.364948+07:00,c11_sim,728,8.140,35.521,16.897,58.457,0.018,119.032
2026-09-02T08:27:52.511809+07:00,c11_sim,729,9.575,20.458,16.327,28.248,0.010,74.619
2026-09-02T08:27:52.750377+07:00,c11_sim,730,10.363,32.896,13.245,51.835,0.061,108.399
2026-09-02T08:27:52.934976+07:00,c11_sim,731,6.433,31.642,14.511,47.168,0.014,99.768
2026-09-02T08:27:53.170702+07:00,c11_sim,732,9.341,32.916,14.746,80.742,0.158,137.903
2026-09-02T08:27:53.387528+07:00,c11_sim,733,9.508,33.905,15.869,79.376,0.167,138.825
2026-09-02T08:27:53.532386+07:00,c11_sim,734,10.171,22.389,17.278,47.521,0.020,97.378
2026-09-02T08:27:53.749409+07:00,c11_sim,735,9.316,34.744,14.151,54.611,0.013,112.835
2026-09-02T08:27:53.899160+07:00,c11_sim,736,9.962,19.610,14.557,27.557,0.011,71.696
2026-09-02T08:27:54.188143+07:00,c11_sim,737,8.867,34.110,16.643,79.273,0.041,138.933
2026-09-02T08:27:54.359436+07:00,c11_sim,738,13.547,32.567,13.889,46.490,0.058,106.550
2026-09-02T08:27:54.515407+07:00,c11_sim,739,9.054,21.628,17.163,38.136,0.021,86.001
2026-09-02T08:27:54.733180+07:00,c11_sim,740,11.263,31.794,9.922,51.894,0.016,104.889
2026-09-02T08:27:54.951428+07:00,c11_sim,741,8.666,34.406,17.515,48.228,0.021,108.837
2026-09-02T08:27:55.165644+07:00,c11_sim,742,10.338,34.024,14.770,56.517,0.018,115.667
2026-09-02T08:27:55.300254+07:00,c11_sim,743,7.109,17.355,13.616,27.912,0.016,66.009
2026-09-02T08:27:55.551773+07:00,c11_sim,744,10.570,35.147,17.785,46.986,0.022,110.509
2026-09-02T08:27:55.734994+07:00,c11_sim,745,8.690,34.238,13.129,46.847,0.019,102.923
2026-09-02T08:27:55.970963+07:00,c11_sim,746,8.186,34.209,14.990,79.227,0.047,136.660
2026-09-02T08:27:56.166365+07:00,c11_sim,747,10.322,35.116,18.973,53.895,0.033,118.340
2026-09-02T08:27:56.307115+07:00,c11_sim,748,9.517,20.063,15.941,27.461,0.020,73.002
2026-09-02T08:27:56.548924+07:00,c11_sim,749,8.149,31.179,18.003,55.873,0.028,113.232
2026-09-02T08:27:56.751398+07:00,c11_sim,750,10.152,32.576,13.308,46.466,0.021,102.523
2026-09-02T08:27:56.965938+07:00,c11_sim,751,9.092,35.508,18.770,55.032,0.020,118.422
2026-09-02T08:27:57.111423+07:00,c11_sim,752,10.913,21.058,16.040,27.441,0.016,75.467
2026-09-02T08:27:57.349308+07:00,c11_sim,753,10.446,32.901,14.234,54.165,0.019,111.766
2026-09-02T08:27:57.501463+07:00,c11_sim,754,11.071,20.561,15.384,27.381,0.014,74.411
2026-09-02T08:27:57.733096+07:00,c11_sim,755,12.159,31.655,15.347,52.070,0.018,111.248
2026-09-02T08:27:57.970659+07:00,c11_sim,756,9.454,33.368,14.478,79.913,0.043,137.257
2026-09-02T08:27:58.114170+07:00,c11_sim,757,9.947,22.839,14.398,47.697,0.019,94.901
2026-09-02T08:27:58.333545+07:00,c11_sim,758,8.159,32.238,14.644,52.750,0.019,107.810
2026-09-02T08:27:58.549863+07:00,c11_sim,759,9.700,34.842,15.410,52.181,0.017,112.150
2026-09-02T08:27:58.696952+07:00,c11_sim,760,9.003,20.377,16.496,28.126,0.024,74.025
2026-09-02T08:27:58.966787+07:00,c11_sim,761,10.505,35.553,18.081,51.311,0.020,115.470
2026-09-02T08:27:59.104264+07:00,c11_sim,762,9.682,19.650,15.538,27.353,0.015,72.237
2026-09-02T08:27:59.334518+07:00,c11_sim,763,11.153,33.477,13.971,49.472,0.019,108.093
2026-09-02T08:27:59.565419+07:00,c11_sim,764,9.455,35.850,19.136,56.498,0.019,120.958
2026-09-02T08:27:59.716178+07:00,c11_sim,765,8.971,21.052,16.304,27.881,0.017,74.224
2026-09-02T08:27:59.951126+07:00,c11_sim,766,9.679,35.210,18.559,48.398,0.020,111.865
2026-09-02T08:28:00.100407+07:00,c11_sim,767,10.506,21.781,13.844,27.594,0.021,73.746
2026-09-02T08:28:00.370225+07:00,c11_sim,768,10.095,31.482,13.167,79.888,0.046,134.678
2026-09-02T08:28:00.464492+07:00,c11_sim,769,9.986,18.301,0.000,0.000,0.011,28.298
2026-09-02T08:28:00.734453+07:00,c11_sim,770,9.040,31.577,11.302,47.267,0.018,99.205
2026-09-02T08:28:00.888235+07:00,c11_sim,771,9.790,31.763,0.000,0.000,0.019,41.572
2026-09-02T08:28:01.060753+07:00,c11_sim,772,8.907,30.017,0.000,0.000,0.022,38.946
2026-09-02T08:28:01.350339+07:00,c11_sim,773,12.378,35.362,16.647,51.649,0.019,116.055
2026-09-02T08:28:01.489927+07:00,c11_sim,774,9.603,33.768,0.000,0.000,0.020,43.392
2026-09-02T08:28:01.678347+07:00,c11_sim,775,10.916,31.864,0.000,0.000,0.013,42.793
2026-09-02T08:28:01.875840+07:00,c11_sim,776,11.462,30.215,0.000,0.000,0.013,41.690
2026-09-02T08:28:02.079250+07:00,c11_sim,777,9.566,32.663,0.000,0.000,0.017,42.246
2026-09-02T08:28:02.275396+07:00,c11_sim,778,8.915,30.144,0.000,0.000,0.011,39.071
2026-09-02T08:28:02.470943+07:00,c11_sim,779,10.847,32.744,0.000,0.000,0.020,43.611
2026-09-02T08:28:02.670035+07:00,c11_sim,780,9.447,31.875,0.000,0.000,0.009,41.331
2026-09-02T08:28:02.909673+07:00,c11_sim,781,6.985,35.936,20.118,0.000,0.012,63.051
2026-09-02T08:28:03.000433+07:00,c11_sim,782,10.859,30.040,9.579,49.831,0.046,100.355
2026-09-02T08:28:03.045920+07:00,c11_sim,783,4.911,9.605,8.294,27.014,0.011,49.836
2026-09-02T08:28:03.054045+07:00,c11_sim,784,4.340,8.030,0.000,0.000,0.006,12.376
2026-09-02T08:28:03.062029+07:00,c11_sim,785,8.769,7.908,0.000,0.000,0.004,16.682
2026-09-02T08:28:03.069758+07:00,c11_sim,786,4.643,7.666,0.000,0.000,0.004,12.312
2026-09-02T08:28:03.108228+07:00,c11_sim,787,4.686,8.354,0.000,0.000,0.005,13.045
2026-09-02T08:28:03.161354+07:00,c11_sim,788,5.240,11.851,10.069,0.000,0.292,27.453
2026-09-02T08:28:03.241396+07:00,c11_sim,789,4.609,13.094,9.188,26.731,0.041,53.663
2026-09-02T08:28:03.249418+07:00,c11_sim,790,4.599,7.933,0.000,0.000,0.005,12.537
2026-09-02T08:28:03.323638+07:00,c11_sim,791,4.562,10.196,9.154,27.096,0.033,51.041
2026-09-02T08:28:03.369033+07:00,c11_sim,792,4.612,9.588,8.401,26.835,0.011,49.447
2026-09-02T08:28:03.413859+07:00,c11_sim,793,4.608,9.324,7.982,26.978,0.012,48.904
2026-09-02T08:28:03.457713+07:00,c11_sim,794,4.250,9.008,7.606,26.696,0.011,47.571
2026-09-02T08:28:03.501377+07:00,c11_sim,795,4.547,8.860,7.270,26.927,0.026,47.630
2026-09-02T08:28:03.544926+07:00,c11_sim,796,4.288,8.870,7.240,26.818,0.011,47.226
2026-09-02T08:28:03.588608+07:00,c11_sim,797,4.284,9.428,7.126,26.531,0.014,47.384
2026-09-02T08:28:03.597037+07:00,c11_sim,798,4.258,8.155,0.000,0.000,0.150,12.563
2026-09-02T08:28:03.604778+07:00,c11_sim,799,4.044,7.687,0.000,0.000,0.005,11.736
2026-09-02T08:28:03.665108+07:00,c11_sim,800,4.243,9.093,0.000,0.000,0.003,13.338
2026-09-02T08:28:03.695225+07:00,c11_sim,801,4.853,9.148,0.000,0.000,0.004,14.005
2026-09-02T08:28:03.726953+07:00,c11_sim,802,4.942,8.817,0.000,0.000,0.005,13.763
2026-09-02T08:28:03.795057+07:00,c11_sim,803,5.676,11.348,0.000,0.000,0.007,17.031
2026-09-02T08:28:03.878598+07:00,c11_sim,804,6.187,13.864,11.269,27.420,0.026,58.766
2026-09-02T08:28:03.886663+07:00,c11_sim,805,6.402,7.974,0.000,0.000,0.004,14.381
2026-09-02T08:28:03.931451+07:00,c11_sim,806,5.294,9.213,8.258,26.737,0.010,49.512
2026-09-02T08:28:03.939547+07:00,c11_sim,807,4.254,8.010,0.000,0.000,0.004,12.268
2026-09-02T08:28:04.015094+07:00,c11_sim,808,5.011,9.887,8.321,26.678,0.011,49.907
2026-09-02T08:28:04.059342+07:00,c11_sim,809,4.308,9.076,7.885,26.661,0.030,47.960
2026-09-02T08:28:04.103376+07:00,c11_sim,810,3.974,9.058,7.748,26.632,0.010,47.422
2026-09-02T08:28:04.147200+07:00,c11_sim,811,4.083,8.969,7.567,26.680,0.009,47.307
2026-09-02T08:28:04.191150+07:00,c11_sim,812,3.859,9.093,7.547,26.701,0.030,47.230
2026-09-02T08:28:04.235371+07:00,c11_sim,813,4.101,9.203,7.752,26.669,0.010,47.735
2026-09-02T08:28:04.279159+07:00,c11_sim,814,3.940,9.139,7.363,26.730,0.014,47.186
2026-09-02T08:28:04.322788+07:00,c11_sim,815,3.835,9.082,7.400,26.549,0.020,46.886
2026-09-02T08:28:04.366235+07:00,c11_sim,816,3.865,8.933,7.174,26.662,0.049,46.682
2026-09-02T08:28:04.409957+07:00,c11_sim,817,3.671,9.202,7.196,26.749,0.034,46.852
2026-09-02T08:28:04.453571+07:00,c11_sim,818,3.857,9.006,7.064,26.963,0.014,46.905
2026-09-02T08:28:04.497227+07:00,c11_sim,819,3.868,8.952,7.376,26.794,0.014,47.005
2026-09-02T08:28:04.540405+07:00,c11_sim,820,4.096,9.015,6.938,26.638,0.015,46.702
2026-09-02T08:28:04.583875+07:00,c11_sim,821,3.993,8.981,7.168,26.749,0.016,46.907
2026-09-02T08:28:04.627419+07:00,c11_sim,822,3.975,9.089,6.947,26.915,0.014,46.940
2026-09-02T08:28:04.670667+07:00,c11_sim,823,4.038,8.896,6.942,26.809,0.013,46.699
2026-09-02T08:28:04.714203+07:00,c11_sim,824,3.924,8.992,7.182,26.766,0.017,46.881
2026-09-02T08:28:04.757546+07:00,c11_sim,825,3.953,9.016,7.235,26.497,0.025,46.726
2026-09-02T08:28:04.800578+07:00,c11_sim,826,4.385,8.819,6.816,26.778,0.014,46.812
2026-09-02T08:28:04.843335+07:00,c11_sim,827,4.015,8.853,6.756,26.566,0.012,46.203
2026-09-02T08:28:04.886043+07:00,c11_sim,828,3.790,8.832,6.834,26.474,0.012,45.942
2026-09-02T08:28:04.929142+07:00,c11_sim,829,3.844,8.871,7.014,26.642,0.014,46.385
2026-09-02T08:28:04.972268+07:00,c11_sim,830,3.920,8.856,6.997,26.711,0.012,46.497
2026-09-02T08:28:05.015468+07:00,c11_sim,831,3.821,8.885,7.046,26.747,0.014,46.513
2026-09-02T08:28:05.058472+07:00,c11_sim,832,3.869,8.945,6.814,26.665,0.013,46.306
2026-09-02T08:28:05.101505+07:00,c11_sim,833,3.765,8.815,6.948,26.687,0.014,46.230
2026-09-02T08:28:05.144395+07:00,c11_sim,834,3.844,8.772,6.881,26.667,0.014,46.178
2026-09-02T08:28:05.187376+07:00,c11_sim,835,3.829,8.845,6.907,26.654,0.037,46.271
2026-09-02T08:28:05.230415+07:00,c11_sim,836,3.852,8.799,6.909,26.730,0.034,46.324
2026-09-02T08:28:05.273617+07:00,c11_sim,837,3.771,8.838,7.101,26.680,0.014,46.405
2026-09-02T08:28:05.316919+07:00,c11_sim,838,3.630,9.040,7.014,26.675,0.013,46.372
2026-09-02T08:28:05.359851+07:00,c11_sim,839,3.669,8.801,7.081,26.490,0.016,46.056
2026-09-02T08:28:05.403310+07:00,c11_sim,840,3.607,8.900,7.147,26.838,0.013,46.506
2026-09-02T08:28:05.446789+07:00,c11_sim,841,3.774,9.128,7.218,26.479,0.015,46.614
2026-09-02T08:28:05.490488+07:00,c11_sim,842,3.791,9.113,7.356,26.611,0.035,46.906
2026-09-02T08:28:05.534893+07:00,c11_sim,843,3.875,9.238,7.586,26.967,0.014,47.680
2026-09-02T08:28:05.578452+07:00,c11_sim,844,3.931,9.071,7.229,26.649,0.016,46.895
2026-09-02T08:28:05.622257+07:00,c11_sim,845,4.302,9.037,7.432,26.780,0.016,47.567
2026-09-02T08:28:05.665029+07:00,c11_sim,846,3.933,8.855,6.355,26.910,0.013,46.067
2026-09-02T08:28:05.707449+07:00,c11_sim,847,4.009,8.890,6.474,26.467,0.047,45.888
2026-09-02T08:28:05.750547+07:00,c11_sim,848,3.595,9.043,6.646,26.792,0.031,46.107
2026-09-02T08:28:05.793985+07:00,c11_sim,849,3.701,8.817,7.249,26.792,0.013,46.572
2026-09-02T08:28:05.801836+07:00,c11_sim,850,3.803,7.769,0.000,0.000,0.004,11.576
2026-09-02T08:28:05.809508+07:00,c11_sim,851,3.854,7.605,0.000,0.000,0.003,11.463
2026-09-02T08:28:05.817248+07:00,c11_sim,852,3.898,7.682,0.000,0.000,0.003,11.583
2026-09-02T08:28:05.855784+07:00,c11_sim,853,4.083,8.432,0.000,0.000,0.003,12.519
2026-09-02T08:28:05.954601+07:00,c11_sim,854,4.726,10.953,9.497,27.220,0.015,52.411
2026-09-02T08:28:05.963729+07:00,c11_sim,855,5.349,9.030,0.000,0.000,0.005,14.384
2026-09-02T08:28:06.003490+07:00,c11_sim,856,4.633,9.586,0.000,0.000,0.005,14.224
2026-09-02T08:28:06.033561+07:00,c11_sim,857,5.377,9.608,0.000,0.000,0.005,14.990
2026-09-02T08:28:06.063709+07:00,c11_sim,858,6.143,9.662,0.000,0.000,0.005,15.810
2026-09-02T08:28:06.126934+07:00,c11_sim,859,6.628,12.844,0.000,0.000,0.006,19.478
2026-09-02T08:28:06.213961+07:00,c11_sim,860,7.437,15.798,13.164,27.371,0.015,63.785
2026-09-02T08:28:06.259639+07:00,c11_sim,861,7.066,9.319,8.881,26.861,0.013,52.141
2026-09-02T08:28:06.303640+07:00,c11_sim,862,5.010,9.098,7.490,26.829,0.012,48.438
2026-09-02T08:28:06.346842+07:00,c11_sim,863,4.495,8.924,7.115,26.587,0.012,47.133
2026-09-02T08:28:06.390131+07:00,c11_sim,864,3.904,8.945,6.982,26.785,0.013,46.630
2026-09-02T08:28:06.433008+07:00,c11_sim,865,4.255,8.932,6.725,26.645,0.013,46.570
2026-09-02T08:28:06.476114+07:00,c11_sim,866,3.801,9.043,6.810,26.685,0.012,46.350
2026-09-02T08:28:06.519093+07:00,c11_sim,867,3.599,8.956,6.670,26.763,0.013,46.003
2026-09-02T08:28:06.561834+07:00,c11_sim,868,3.522,8.847,6.846,26.459,0.013,45.687
2026-09-02T08:28:06.605109+07:00,c11_sim,869,3.590,8.948,7.139,26.645,0.016,46.337
2026-09-02T08:28:06.648403+07:00,c11_sim,870,3.605,9.052,7.112,26.543,0.013,46.325
2026-09-02T08:28:06.691257+07:00,c11_sim,871,3.794,8.803,6.909,26.490,0.016,46.012
2026-09-02T08:28:06.734465+07:00,c11_sim,872,3.594,8.953,6.973,26.687,0.013,46.221
2026-09-02T08:28:06.777644+07:00,c11_sim,873,3.677,9.038,6.846,26.706,0.014,46.281
2026-09-02T08:28:06.821186+07:00,c11_sim,874,3.558,8.863,7.306,26.776,0.025,46.527
2026-09-02T08:28:06.866670+07:00,c11_sim,875,3.701,9.610,8.293,27.014,0.018,48.636
2026-09-02T08:28:06.909085+07:00,c11_sim,876,3.741,8.868,6.419,26.629,0.020,45.677
2026-09-02T08:28:06.952838+07:00,c11_sim,877,4.165,9.295,7.152,26.761,0.017,47.390
2026-09-02T08:28:06.996396+07:00,c11_sim,878,3.290,8.977,7.307,26.757,0.016,46.347
2026-09-02T08:28:07.039931+07:00,c11_sim,879,3.615,8.927,7.228,26.844,0.013,46.626
2026-09-02T08:28:07.083243+07:00,c11_sim,880,3.754,8.894,6.903,26.961,0.014,46.526
2026-09-02T08:28:07.126064+07:00,c11_sim,881,3.914,8.758,6.795,26.746,0.014,46.226
2026-09-02T08:28:07.169517+07:00,c11_sim,882,3.702,9.095,6.984,26.800,0.015,46.596
2026-09-02T08:28:07.212687+07:00,c11_sim,883,3.795,8.815,6.912,26.897,0.013,46.432
2026-09-02T08:28:07.220469+07:00,c11_sim,884,3.856,7.696,0.000,0.000,0.004,11.556
2026-09-02T08:28:07.263179+07:00,c11_sim,885,3.947,8.688,6.905,26.598,0.011,46.150
2026-09-02T08:28:07.271025+07:00,c11_sim,886,4.014,7.743,0.000,0.000,0.005,11.762
2026-09-02T08:28:07.278754+07:00,c11_sim,887,3.738,7.667,0.000,0.000,0.003,11.408
2026-09-02T08:28:07.316407+07:00,c11_sim,888,3.801,8.498,0.000,0.000,0.004,12.303
2026-09-02T08:28:07.410983+07:00,c11_sim,889,4.639,12.504,8.969,26.954,0.016,53.081
2026-09-02T08:28:07.455468+07:00,c11_sim,890,4.669,9.320,7.765,26.792,0.014,48.559
2026-09-02T08:28:07.499770+07:00,c11_sim,891,4.657,9.419,7.662,26.684,0.014,48.436
2026-09-02T08:28:07.543866+07:00,c11_sim,892,4.553,9.163,7.517,26.798,0.014,48.046
2026-09-02T08:28:07.587288+07:00,c11_sim,893,4.223,8.969,7.257,26.595,0.015,47.060
2026-09-02T08:28:07.631346+07:00,c11_sim,894,4.261,9.157,7.510,26.761,0.016,47.705
2026-09-02T08:28:07.639419+07:00,c11_sim,895,4.056,7.969,0.000,0.000,0.005,12.030
2026-09-02T08:28:07.647269+07:00,c11_sim,896,4.073,7.774,0.000,0.000,0.004,11.851
2026-09-02T08:28:07.736133+07:00,c11_sim,897,4.254,9.821,8.026,26.731,0.016,48.847
2026-09-02T08:28:07.744697+07:00,c11_sim,898,3.929,8.468,0.000,0.000,0.005,12.401
2026-09-02T08:28:07.824027+07:00,c11_sim,899,4.567,12.019,9.113,26.999,0.015,52.713
2026-09-02T08:28:07.832007+07:00,c11_sim,900,5.023,7.785,0.000,0.000,0.006,12.814
2026-09-02T08:28:07.870038+07:00,c11_sim,901,4.267,8.832,0.000,0.000,0.005,13.104
2026-09-02T08:28:07.954352+07:00,c11_sim,902,4.628,16.750,9.944,27.006,0.016,58.343
2026-09-02T08:28:07.999832+07:00,c11_sim,903,5.048,9.832,8.166,26.949,0.019,50.014
2026-09-02T08:28:08.042516+07:00,c11_sim,904,4.718,9.010,6.725,26.421,0.015,46.889
2026-09-02T08:28:08.092066+07:00,c11_sim,905,3.699,14.510,6.892,27.522,0.016,52.638
2026-09-02T08:28:08.134942+07:00,c11_sim,906,3.926,8.894,6.601,26.835,0.013,46.269
2026-09-02T08:28:08.177749+07:00,c11_sim,907,3.850,8.959,6.589,26.667,0.013,46.078
2026-09-02T08:28:08.220490+07:00,c11_sim,908,3.631,8.838,6.545,26.774,0.014,45.801
2026-09-02T08:28:08.263200+07:00,c11_sim,909,3.597,8.849,6.691,26.629,0.014,45.780
2026-09-02T08:28:08.305932+07:00,c11_sim,910,3.688,8.860,6.747,26.543,0.012,45.850
2026-09-02T08:28:08.348801+07:00,c11_sim,911,3.760,9.066,6.629,26.638,0.013,46.107
2026-09-02T08:28:08.391934+07:00,c11_sim,912,3.544,8.925,6.795,26.838,0.013,46.115
2026-09-02T08:28:08.435204+07:00,c11_sim,913,3.636,8.925,7.003,26.743,0.014,46.322
2026-09-02T08:28:08.478183+07:00,c11_sim,914,3.529,8.993,6.752,26.658,0.013,45.944
2026-09-02T08:28:08.521394+07:00,c11_sim,915,3.562,8.908,6.957,26.768,0.013,46.208
2026-09-02T08:28:08.564561+07:00,c11_sim,916,3.618,8.958,6.901,26.678,0.013,46.169
2026-09-02T08:28:08.607768+07:00,c11_sim,917,3.641,8.920,7.117,26.601,0.015,46.294
2026-09-02T08:28:08.651254+07:00,c11_sim,918,3.606,9.096,7.022,26.770,0.014,46.507
2026-09-02T08:28:08.694432+07:00,c11_sim,919,3.746,9.094,6.746,26.723,0.016,46.325
2026-09-02T08:28:08.702322+07:00,c11_sim,920,3.589,7.788,0.000,0.000,0.005,11.383
2026-09-02T08:28:08.710152+07:00,c11_sim,921,3.563,7.749,0.000,0.000,0.004,11.315
2026-09-02T08:28:08.744012+07:00,c9_sim,414,2.315,8.213,0.000,0.000,0.005,10.532
2026-09-02T08:28:08.778050+07:00,c9_sim,415,3.967,8.513,0.000,0.000,0.005,12.485
2026-09-02T08:28:08.817737+07:00,c9_sim,416,3.874,9.595,0.000,0.000,0.004,13.474
2026-09-02T08:28:08.826308+07:00,c9_sim,417,3.954,8.498,0.000,0.000,0.005,12.456
2026-09-02T08:28:08.866099+07:00,c9_sim,418,3.851,9.694,0.000,0.000,0.004,13.549
2026-09-02T08:28:08.874996+07:00,c9_sim,419,4.233,8.820,0.000,0.000,0.004,13.058
2026-09-02T08:28:08.914271+07:00,c9_sim,420,4.107,9.161,0.000,0.000,0.004,13.272
2026-09-02T08:28:08.954897+07:00,c9_sim,421,3.863,10.461,0.000,0.000,0.005,14.328
2026-09-02T08:28:08.978452+07:00,c9_sim,422,4.412,9.488,13.488,0.000,0.006,27.393
2026-09-02T08:28:09.025079+07:00,c9_sim,423,3.931,10.856,8.328,26.829,0.032,49.977
2026-09-02T08:28:09.068518+07:00,c9_sim,424,3.032,8.945,7.458,26.500,0.011,45.946
2026-09-02T08:28:09.112231+07:00,c9_sim,425,3.450,8.987,7.347,26.782,0.010,46.576
2026-09-02T08:28:09.156373+07:00,c9_sim,426,2.864,8.974,7.353,26.828,0.273,46.292
2026-09-02T08:28:09.200516+07:00,c9_sim,427,3.003,8.904,7.878,26.790,0.016,46.591
2026-09-02T08:28:09.243952+07:00,c9_sim,428,3.135,9.015,7.355,26.495,0.010,46.010
2026-09-02T08:28:09.287484+07:00,c9_sim,429,2.930,9.013,7.208,26.735,0.010,45.896
2026-09-02T08:28:09.331463+07:00,c9_sim,430,4.048,9.065,7.337,26.951,0.011,47.412
2026-09-02T08:28:09.374807+07:00,c9_sim,431,2.787,9.183,7.208,26.384,0.011,45.574
2026-09-02T08:28:09.417921+07:00,c9_sim,432,3.015,8.987,6.752,26.792,0.010,45.556
2026-09-02T08:28:09.460905+07:00,c9_sim,433,4.230,9.048,6.831,26.529,0.010,46.648
2026-09-02T08:28:09.503917+07:00,c9_sim,434,2.927,8.904,6.803,26.735,0.011,45.379
2026-09-02T08:28:09.546885+07:00,c9_sim,435,3.139,8.953,6.897,26.542,0.011,45.541
2026-09-02T08:28:09.590752+07:00,c9_sim,436,4.008,9.533,6.838,26.883,0.011,47.273
2026-09-02T08:28:09.634602+07:00,c9_sim,437,2.856,9.192,7.138,26.924,0.010,46.120
2026-09-02T08:28:09.677953+07:00,c9_sim,438,3.982,9.006,7.197,26.567,0.010,46.761
2026-09-02T08:28:09.721671+07:00,c9_sim,439,2.754,9.267,7.075,26.749,0.017,45.862
2026-09-02T08:28:09.765125+07:00,c9_sim,440,2.835,9.118,7.210,26.518,0.030,45.710
2026-09-02T08:28:09.808887+07:00,c9_sim,441,3.375,9.504,6.890,26.801,0.015,46.585
2026-09-02T08:28:09.852401+07:00,c9_sim,442,2.814,9.044,7.083,26.775,0.035,45.751
2026-09-02T08:28:09.895968+07:00,c9_sim,443,2.727,9.196,6.965,26.826,0.014,45.729
2026-09-02T08:28:09.939421+07:00,c9_sim,444,3.377,9.244,6.968,26.705,0.013,46.307
2026-09-02T08:28:09.982501+07:00,c9_sim,445,2.754,9.081,6.830,26.558,0.032,45.255
2026-09-02T08:28:10.035417+07:00,c9_sim,446,2.879,16.885,8.319,26.979,0.014,55.078
2026-09-02T08:28:10.078633+07:00,c9_sim,447,3.478,9.311,6.616,26.714,0.015,46.133
2026-09-02T08:28:10.121417+07:00,c9_sim,448,3.072,8.856,6.551,26.861,0.014,45.353
2026-09-02T08:28:10.164712+07:00,c9_sim,449,3.554,9.166,6.650,26.899,0.014,46.283
2026-09-02T08:28:10.172559+07:00,c9_sim,450,2.959,7.749,0.000,0.000,0.004,10.712
2026-09-02T08:28:10.180374+07:00,c9_sim,451,2.828,7.689,0.000,0.000,0.004,10.522
2026-09-02T08:28:10.223466+07:00,c9_sim,452,3.507,9.077,6.795,26.665,0.015,46.059
2026-09-02T08:28:10.266053+07:00,c9_sim,453,2.863,8.738,6.734,26.581,0.014,44.929
2026-09-02T08:28:10.309130+07:00,c9_sim,454,2.881,8.862,6.760,26.869,0.014,45.386
2026-09-02T08:28:10.317230+07:00,c9_sim,455,3.584,8.005,0.000,0.000,0.005,11.594
2026-09-02T08:28:10.360214+07:00,c9_sim,456,2.848,8.783,6.893,26.743,0.014,45.281
2026-09-02T08:28:10.368289+07:00,c9_sim,457,3.431,7.974,0.000,0.000,0.006,11.411
2026-09-02T08:28:10.376089+07:00,c9_sim,458,2.984,7.712,0.000,0.000,0.005,10.701
2026-09-02T08:28:10.383782+07:00,c9_sim,459,2.858,7.620,0.000,0.000,0.004,10.482
2026-09-02T08:28:10.391629+07:00,c9_sim,460,8.986,7.789,0.000,0.000,0.003,16.779
2026-09-02T08:28:10.399152+07:00,c9_sim,461,2.602,7.470,0.000,0.000,0.004,10.076
2026-09-02T08:28:10.441999+07:00,c9_sim,462,3.132,9.053,6.799,26.452,0.013,45.447
2026-09-02T08:28:10.449751+07:00,c9_sim,463,2.636,7.670,0.000,0.000,0.005,10.310
2026-09-02T08:28:10.492367+07:00,c9_sim,464,2.672,8.923,6.501,26.630,0.014,44.740
2026-09-02T08:28:10.535491+07:00,c9_sim,465,3.222,9.031,6.706,26.885,0.013,45.857
2026-09-02T08:28:10.578437+07:00,c9_sim,466,2.730,8.988,6.812,26.535,0.013,45.077
2026-09-02T08:28:10.621570+07:00,c9_sim,467,2.856,8.899,6.972,26.681,0.016,45.424
2026-09-02T08:28:10.664874+07:00,c9_sim,468,2.668,9.124,6.833,26.769,0.014,45.408
2026-09-02T08:28:10.708171+07:00,c9_sim,469,2.805,9.048,6.974,26.714,0.016,45.557
2026-09-02T08:28:10.751368+07:00,c9_sim,470,2.893,9.072,6.999,26.532,0.015,45.511
2026-09-02T08:28:10.794223+07:00,c9_sim,471,2.756,8.884,6.752,26.643,0.013,45.049
2026-09-02T08:28:10.838092+07:00,c9_sim,472,3.444,9.138,7.303,26.848,0.015,46.748
2026-09-02T08:28:10.881707+07:00,c9_sim,473,2.759,9.302,7.090,26.659,0.013,45.822
2026-09-02T08:28:10.925431+07:00,c9_sim,474,2.986,8.961,7.394,26.768,0.015,46.124
2026-09-02T08:28:10.968503+07:00,c9_sim,475,2.828,8.862,7.044,26.592,0.013,45.340
2026-09-02T08:28:11.011956+07:00,c9_sim,476,2.617,9.025,7.065,26.826,0.014,45.546
2026-09-02T08:28:11.055300+07:00,c9_sim,477,2.842,8.885,7.020,26.896,0.012,45.655
2026-09-02T08:28:11.098929+07:00,c9_sim,478,2.770,9.116,7.203,26.735,0.014,45.837
2026-09-02T08:28:11.142343+07:00,c9_sim,479,2.790,8.858,7.346,26.725,0.013,45.732
2026-09-02T08:28:11.185215+07:00,c9_sim,480,2.988,8.948,6.693,26.642,0.033,45.304
2026-09-02T08:28:11.229160+07:00,c9_sim,481,2.859,9.564,7.030,26.714,0.031,46.199
2026-09-02T08:28:11.272587+07:00,c9_sim,482,2.959,8.688,7.336,26.780,0.012,45.775
2026-09-02T08:28:11.315603+07:00,c9_sim,483,2.909,8.999,6.869,26.579,0.012,45.367
2026-09-02T08:28:11.358636+07:00,c9_sim,484,2.993,8.924,6.965,26.623,0.013,45.518
2026-09-02T08:28:11.402622+07:00,c9_sim,485,2.937,9.486,7.005,26.949,0.013,46.390
2026-09-02T08:28:11.445832+07:00,c9_sim,486,2.982,9.023,6.880,26.759,0.014,45.658
2026-09-02T08:28:11.488592+07:00,c9_sim,487,2.836,8.870,6.856,26.446,0.013,45.022
2026-09-02T08:28:11.531538+07:00,c9_sim,488,2.804,8.839,6.826,26.748,0.014,45.232
2026-09-02T08:28:11.574615+07:00,c9_sim,489,2.755,9.081,6.999,26.412,0.013,45.260
2026-09-02T08:28:11.617903+07:00,c9_sim,490,2.885,9.012,7.034,26.645,0.016,45.591
2026-09-02T08:28:11.661971+07:00,c9_sim,491,3.273,9.377,7.063,26.881,0.013,46.607
2026-09-02T08:28:11.705811+07:00,c9_sim,492,2.749,9.181,6.887,27.063,0.139,46.019
2026-09-02T08:28:11.749855+07:00,c9_sim,493,3.354,9.752,7.016,26.703,0.012,46.837
2026-09-02T08:28:11.793326+07:00,c9_sim,494,2.987,9.077,7.108,26.695,0.029,45.896
2026-09-02T08:28:11.837265+07:00,c9_sim,495,2.796,9.056,7.460,26.885,0.013,46.212
2026-09-02T08:28:11.881326+07:00,c9_sim,496,3.411,9.283,7.382,26.812,0.037,46.925
2026-09-02T08:28:11.925381+07:00,c9_sim,497,2.875,9.048,7.558,26.832,0.033,46.347
2026-09-02T08:28:11.968654+07:00,c9_sim,498,2.900,8.982,7.121,26.598,0.012,45.614
2026-09-02T08:28:12.012196+07:00,c9_sim,499,3.550,9.180,7.258,26.506,0.014,46.509
2026-09-02T08:28:12.055617+07:00,c9_sim,500,2.931,9.036,7.142,26.653,0.013,45.775
2026-09-02T08:28:12.099470+07:00,c9_sim,501,3.596,9.359,7.263,26.654,0.013,46.886
2026-09-02T08:28:12.143448+07:00,c9_sim,502,2.927,9.240,7.326,26.812,0.013,46.319
2026-09-02T08:28:12.187513+07:00,c9_sim,503,2.707,9.065,7.479,26.924,0.015,46.190
2026-09-02T08:28:12.232612+07:00,c9_sim,504,3.426,10.189,7.604,26.746,0.013,47.979
2026-09-02T08:28:12.275660+07:00,c9_sim,505,2.772,8.865,7.135,26.511,0.013,45.296
2026-09-02T08:28:12.318840+07:00,c9_sim,506,2.848,8.785,7.039,26.811,0.014,45.497
2026-09-02T08:28:12.363603+07:00,c9_sim,507,3.025,10.394,7.106,26.713,0.013,47.252
2026-09-02T08:28:12.407344+07:00,c9_sim,508,2.774,9.159,7.092,26.935,0.018,45.977
2026-09-02T08:28:12.450722+07:00,c9_sim,509,2.867,8.894,7.133,26.768,0.013,45.674
2026-09-02T08:28:12.494776+07:00,c9_sim,510,3.299,9.532,7.106,26.858,0.014,46.809
2026-09-02T08:28:12.538523+07:00,c9_sim,511,2.874,8.918,7.170,27.056,0.013,46.032
2026-09-02T08:28:12.582030+07:00,c9_sim,512,3.369,9.183,6.999,26.749,0.014,46.313
2026-09-02T08:28:12.626530+07:00,c9_sim,513,2.788,9.985,7.186,26.724,0.015,46.699
2026-09-02T08:28:12.670160+07:00,c9_sim,514,2.845,8.902,7.151,27.049,0.014,45.961
2026-09-02T08:28:12.713983+07:00,c9_sim,515,3.299,9.393,7.213,26.628,0.016,46.549
2026-09-02T08:28:12.757567+07:00,c9_sim,516,2.743,9.097,7.095,26.802,0.013,45.751
2026-09-02T08:28:12.800732+07:00,c9_sim,517,2.690,8.899,7.026,26.661,0.013,45.288
2026-09-02T08:28:12.845213+07:00,c9_sim,518,3.307,9.670,7.145,26.984,0.014,47.120
2026-09-02T08:28:12.888305+07:00,c9_sim,519,2.612,8.903,7.125,26.504,0.014,45.158
2026-09-02T08:28:12.932004+07:00,c9_sim,520,3.211,9.608,7.094,26.442,0.014,46.369
2026-09-02T08:28:12.975318+07:00,c9_sim,521,2.859,8.996,7.072,26.668,0.013,45.607
2026-09-02T08:28:13.019138+07:00,c9_sim,522,2.950,8.997,7.396,26.849,0.013,46.205
2026-09-02T08:28:13.062815+07:00,c9_sim,523,3.409,9.396,7.101,26.676,0.014,46.596
2026-09-02T08:28:13.106133+07:00,c9_sim,524,2.918,9.116,7.027,26.579,0.016,45.655
2026-09-02T08:28:13.149590+07:00,c9_sim,525,2.892,9.079,6.948,26.831,0.013,45.763
2026-09-02T08:28:13.193506+07:00,c9_sim,526,3.527,9.310,6.995,27.018,0.013,46.863
2026-09-02T08:28:13.237172+07:00,c9_sim,527,2.854,8.895,7.316,26.904,0.014,45.983
2026-09-02T08:28:13.281388+07:00,c9_sim,528,3.027,8.830,7.851,27.016,0.014,46.738
2026-09-02T08:28:13.325368+07:00,c9_sim,529,3.493,9.595,7.153,26.641,0.014,46.895
2026-09-02T08:28:13.368657+07:00,c9_sim,530,2.739,8.839,7.147,26.715,0.013,45.452
2026-09-02T08:28:13.412981+07:00,c9_sim,531,3.358,9.303,7.320,27.094,0.019,47.095
2026-09-02T08:28:13.456428+07:00,c9_sim,532,2.783,9.501,6.441,26.924,0.022,45.672
2026-09-02T08:28:13.499880+07:00,c9_sim,533,2.777,9.217,6.775,26.982,0.013,45.764
2026-09-02T08:28:13.543494+07:00,c9_sim,534,3.552,9.202,7.065,26.774,0.014,46.606
2026-09-02T08:28:13.587629+07:00,c9_sim,535,2.776,9.462,7.186,26.982,0.019,46.425
2026-09-02T08:28:13.630797+07:00,c9_sim,536,2.977,8.923,6.852,26.804,0.020,45.576
2026-09-02T08:28:13.675356+07:00,c9_sim,537,3.452,10.151,7.212,26.627,0.014,47.456
2026-09-02T08:28:13.719077+07:00,c9_sim,538,2.885,8.938,7.681,26.584,0.017,46.106
2026-09-02T08:28:13.762710+07:00,c9_sim,539,3.440,9.481,6.754,26.808,0.013,46.497
2026-09-02T08:28:13.806160+07:00,c9_sim,540,2.942,9.064,6.926,26.873,0.013,45.817
2026-09-02T08:28:13.849265+07:00,c9_sim,541,2.979,8.876,6.942,26.732,0.012,45.542
2026-09-02T08:28:13.893292+07:00,c9_sim,542,3.395,9.332,7.205,26.953,0.014,46.899
2026-09-02T08:28:13.936552+07:00,c9_sim,543,2.720,8.926,7.106,26.639,0.017,45.408
2026-09-02T08:28:13.980178+07:00,c9_sim,544,2.884,9.032,7.103,26.903,0.015,45.937
2026-09-02T08:28:14.023934+07:00,c9_sim,545,3.404,9.258,7.031,26.886,0.014,46.592
2026-09-02T08:28:14.068215+07:00,c9_sim,546,3.275,9.040,7.014,27.636,0.049,47.014
2026-09-02T08:28:14.113403+07:00,c9_sim,547,3.673,10.385,7.331,26.873,0.038,48.300
2026-09-02T08:28:14.157029+07:00,c9_sim,548,3.010,8.765,7.430,26.915,0.014,46.134
2026-09-02T08:28:14.200413+07:00,c9_sim,549,2.879,9.041,6.910,26.846,0.013,45.689
2026-09-02T08:28:14.243913+07:00,c9_sim,550,3.667,9.182,7.064,26.651,0.039,46.602
2026-09-02T08:28:14.286949+07:00,c9_sim,551,2.801,8.705,7.195,26.578,0.039,45.318
2026-09-02T08:28:14.330680+07:00,c9_sim,552,2.915,9.096,7.207,26.853,0.048,46.120
2026-09-02T08:28:14.377152+07:00,c9_sim,553,3.240,9.219,9.611,26.951,0.019,49.040
2026-09-02T08:28:14.385114+07:00,c8_sim,247,3.170,7.834,0.000,0.000,0.002,11.007
2026-09-02T08:28:14.449633+07:00,c8_sim,248,3.819,9.221,0.000,0.000,0.003,13.042
2026-09-02T08:28:14.480274+07:00,c8_sim,249,4.739,9.050,0.000,0.000,0.002,13.792
2026-09-02T08:28:14.551431+07:00,c8_sim,250,6.671,11.490,0.000,0.000,0.003,18.164
2026-09-02T08:28:14.583984+07:00,c8_sim,251,7.979,10.620,0.000,0.000,0.004,18.603
2026-09-02T08:28:14.650249+07:00,c8_sim,252,7.480,12.897,0.000,0.000,0.004,20.381
2026-09-02T08:28:14.685884+07:00,c8_sim,253,7.303,10.424,0.000,0.000,0.004,17.731
2026-09-02T08:28:14.727346+07:00,c8_sim,254,6.972,11.288,0.000,0.000,0.004,18.264
2026-09-02T08:28:14.785154+07:00,c8_sim,255,7.773,11.568,0.000,0.000,0.004,19.345
2026-09-02T08:28:14.858204+07:00,c8_sim,256,8.530,13.538,0.000,0.000,0.004,22.072
2026-09-02T08:28:14.891829+07:00,c8_sim,257,7.722,12.186,0.000,0.000,0.003,19.911
2026-09-02T08:28:14.929640+07:00,c8_sim,258,7.697,11.349,0.000,0.000,0.003,19.049
2026-09-02T08:28:15.023976+07:00,c8_sim,259,8.411,16.026,16.641,0.000,0.004,41.082
2026-09-02T08:28:15.076635+07:00,c8_sim,260,6.354,13.292,9.130,28.909,0.048,57.734
2026-09-02T08:28:15.084718+07:00,c8_sim,261,5.279,7.986,0.000,0.000,0.005,13.270
2026-09-02T08:28:15.187995+07:00,c8_sim,262,6.359,11.692,10.002,28.380,0.052,56.485
2026-09-02T08:28:15.235789+07:00,c8_sim,263,4.809,10.115,8.192,28.917,0.011,52.045
2026-09-02T08:28:15.282921+07:00,c8_sim,264,4.419,9.878,7.681,28.976,0.044,50.998
2026-09-02T08:28:15.327819+07:00,c8_sim,265,4.629,9.457,7.382,27.432,0.044,48.944
2026-09-02T08:28:15.371139+07:00,c8_sim,266,4.574,8.808,7.092,26.884,0.010,47.368
2026-09-02T08:28:15.447524+07:00,c8_sim,267,4.731,10.734,8.167,26.777,0.049,50.459
2026-09-02T08:28:15.492095+07:00,c8_sim,268,4.678,9.149,7.995,26.800,0.011,48.633
2026-09-02T08:28:15.535778+07:00,c8_sim,269,4.490,9.007,7.328,26.777,0.010,47.612
2026-09-02T08:28:15.579435+07:00,c8_sim,270,4.436,8.960,7.391,26.733,0.010,47.528
2026-09-02T08:28:15.622579+07:00,c8_sim,271,4.478,8.779,6.907,26.828,0.009,47.002
2026-09-02T08:28:15.694872+07:00,c8_sim,272,4.264,9.773,7.777,26.825,0.009,48.649
2026-09-02T08:28:15.738905+07:00,c8_sim,273,4.435,8.852,7.842,26.757,0.010,47.897
2026-09-02T08:28:15.782868+07:00,c8_sim,274,4.422,9.070,7.497,26.864,0.010,47.863
2026-09-02T08:28:15.855755+07:00,c8_sim,275,4.502,10.044,8.711,26.923,0.009,50.189
2026-09-02T08:28:15.901413+07:00,c8_sim,276,5.145,9.773,8.375,26.948,0.011,50.252
2026-09-02T08:28:15.945337+07:00,c8_sim,277,4.498,9.063,7.653,26.643,0.015,47.872
2026-09-02T08:28:15.988058+07:00,c8_sim,278,4.409,8.657,6.978,26.557,0.021,46.622
2026-09-02T08:28:16.035549+07:00,c8_sim,279,5.132,9.697,10.024,27.156,0.017,52.025
2026-09-02T08:28:16.110418+07:00,c8_sim,280,3.687,11.167,6.287,26.977,0.127,48.246
2026-09-02T08:28:16.196484+07:00,c8_sim,281,3.989,19.265,25.221,40.691,0.018,89.185
2026-09-02T08:28:16.238990+07:00,c8_sim,282,17.265,8.956,6.307,26.700,0.013,59.242
2026-09-02T08:28:16.281976+07:00,c8_sim,283,5.896,9.106,6.435,26.850,0.013,48.300
2026-09-02T08:28:16.324776+07:00,c8_sim,284,4.147,8.717,6.574,26.879,0.011,46.328
2026-09-02T08:28:16.367950+07:00,c8_sim,285,4.304,8.975,6.830,26.836,0.012,46.957
2026-09-02T08:28:16.411387+07:00,c8_sim,286,4.259,9.014,7.091,26.668,0.044,47.075
2026-09-02T08:28:16.454987+07:00,c8_sim,287,4.121,8.968,7.003,26.987,0.050,47.129
2026-09-02T08:28:16.497832+07:00,c8_sim,288,4.275,8.996,6.798,26.506,0.014,46.589
2026-09-02T08:28:16.541118+07:00,c8_sim,289,4.154,8.997,6.860,26.754,0.012,46.777
2026-09-02T08:28:16.616374+07:00,c8_sim,290,4.326,9.864,7.817,26.924,0.016,48.948
2026-09-02T08:28:16.660835+07:00,c8_sim,291,4.461,9.339,7.662,26.831,0.013,48.306
2026-09-02T08:28:16.704351+07:00,c8_sim,292,4.267,8.982,7.218,26.736,0.014,47.217
2026-09-02T08:28:16.747328+07:00,c8_sim,293,4.272,8.832,6.781,26.791,0.041,46.716
2026-09-02T08:28:16.821995+07:00,c8_sim,294,4.263,9.772,7.577,26.637,0.042,48.291
2026-09-02T08:28:16.866647+07:00,c8_sim,295,4.298,9.854,7.320,26.862,0.014,48.347
2026-09-02T08:28:16.910294+07:00,c8_sim,296,4.125,8.994,7.361,26.703,0.013,47.197
2026-09-02T08:28:16.954097+07:00,c8_sim,297,4.287,9.100,7.245,26.881,0.013,47.525
2026-09-02T08:28:16.997611+07:00,c8_sim,298,4.519,8.925,7.175,26.872,0.012,47.504
2026-09-02T08:28:17.041062+07:00,c8_sim,299,4.541,8.838,7.088,26.958,0.011,47.436
2026-09-02T08:28:17.109280+07:00,c8_sim,300,4.683,9.932,7.816,26.750,0.013,49.193
2026-09-02T08:28:17.153598+07:00,c8_sim,301,4.803,9.049,7.608,27.029,0.014,48.503
2026-09-02T08:28:17.230464+07:00,c8_sim,302,4.713,10.561,8.395,27.316,0.015,51.000
2026-09-02T08:28:17.274650+07:00,c8_sim,303,5.247,9.092,7.858,26.675,0.017,48.889
2026-09-02T08:28:17.319955+07:00,c8_sim,304,4.583,9.062,8.182,27.552,0.016,49.395
2026-09-02T08:28:17.364399+07:00,c8_sim,305,4.702,9.220,7.834,26.780,0.013,48.548
2026-09-02T08:28:17.407826+07:00,c8_sim,306,4.386,9.014,7.107,26.660,0.015,47.182
2026-09-02T08:28:17.473343+07:00,c8_sim,307,4.588,9.839,8.053,26.788,0.016,49.284
2026-09-02T08:28:17.516775+07:00,c8_sim,308,4.579,8.814,7.366,26.705,0.019,47.483
2026-09-02T08:28:17.560325+07:00,c8_sim,309,4.722,8.856,7.173,26.993,0.017,47.762
2026-09-02T08:28:17.603860+07:00,c8_sim,310,4.454,9.387,6.721,26.815,0.017,47.393
2026-09-02T08:28:17.677027+07:00,c8_sim,311,4.312,12.225,7.412,26.890,0.015,50.855
2026-09-02T08:28:17.720404+07:00,c8_sim,312,4.295,9.049,7.004,26.767,0.017,47.133
2026-09-02T08:28:17.763420+07:00,c8_sim,313,4.315,8.919,6.710,26.816,0.014,46.775
2026-09-02T08:28:17.839155+07:00,c8_sim,314,4.206,10.182,7.913,26.966,0.014,49.281
2026-09-02T08:28:17.883736+07:00,c8_sim,315,4.633,9.625,7.542,26.808,0.014,48.622
2026-09-02T08:28:17.927513+07:00,c8_sim,316,4.295,9.069,7.351,26.712,0.014,47.440
2026-09-02T08:28:17.970919+07:00,c8_sim,317,4.396,9.010,7.094,26.742,0.012,47.254
2026-09-02T08:28:18.014620+07:00,c8_sim,318,4.514,9.007,7.298,26.785,0.012,47.616
2026-09-02T08:28:18.088104+07:00,c8_sim,319,4.519,9.868,8.263,26.570,0.016,49.236
2026-09-02T08:28:18.133125+07:00,c8_sim,320,5.189,9.804,7.842,26.790,0.014,49.639
2026-09-02T08:28:18.176996+07:00,c8_sim,321,4.560,8.676,8.009,26.659,0.013,47.917
2026-09-02T08:28:18.220624+07:00,c8_sim,322,4.387,9.123,7.265,26.666,0.012,47.453
2026-09-02T08:28:18.295261+07:00,c8_sim,323,4.499,11.915,8.562,26.630,0.016,51.622
2026-09-02T08:28:18.339420+07:00,c8_sim,324,4.848,9.154,7.626,26.764,0.014,48.406
2026-09-02T08:28:18.382783+07:00,c8_sim,325,4.185,8.907,7.159,26.728,0.017,46.996
2026-09-02T08:28:18.426494+07:00,c8_sim,326,4.263,9.060,7.295,26.800,0.015,47.432
2026-09-02T08:28:18.470243+07:00,c8_sim,327,4.241,9.034,7.203,26.918,0.012,47.409
2026-09-02T08:28:18.546071+07:00,c8_sim,328,4.400,10.537,7.993,26.709,0.014,49.654
2026-09-02T08:28:18.589430+07:00,c8_sim,329,4.647,8.812,7.218,26.819,0.016,47.512
2026-09-02T08:28:18.632873+07:00,c8_sim,330,3.992,8.896,7.174,26.833,0.016,46.910
2026-09-02T08:28:18.676633+07:00,c8_sim,331,4.254,9.030,7.471,26.605,0.014,47.374
2026-09-02T08:28:18.744034+07:00,c8_sim,332,4.361,9.882,7.983,26.804,0.016,49.046
2026-09-02T08:28:18.787647+07:00,c8_sim,333,4.575,9.003,7.264,26.747,0.014,47.603
2026-09-02T08:28:18.831543+07:00,c8_sim,334,4.209,9.085,7.600,26.645,0.013,47.552
2026-09-02T08:28:18.874982+07:00,c8_sim,335,4.524,9.002,7.077,26.792,0.013,47.408
2026-09-02T08:28:18.950093+07:00,c8_sim,336,4.524,9.941,7.803,26.722,0.013,49.003
2026-09-02T08:28:18.993680+07:00,c8_sim,337,4.547,8.994,7.455,26.560,0.014,47.570
2026-09-02T08:28:19.037187+07:00,c8_sim,338,4.617,9.082,7.285,26.568,0.013,47.566
2026-09-02T08:28:19.080658+07:00,c8_sim,339,4.655,9.023,7.090,26.791,0.012,47.571
2026-09-02T08:28:19.119588+07:00,c8_sim,340,4.438,8.725,0.000,0.000,0.004,13.167
2026-09-02T08:28:19.159458+07:00,c8_sim,341,5.211,9.752,0.000,0.000,0.005,14.968
2026-09-02T08:28:19.217467+07:00,c8_sim,342,6.494,10.666,0.000,0.000,0.006,17.165
