timestamp,camera_id,frame_id,decode_ms,detection_ms,tracking_ms,reid_ms,matching_ms,total_ai_ms
2026-09-02T08:47:34.750245+07:00,c8_sim,1,6.109,542.620,3.168,106.544,0.057,658.498
2026-09-02T08:47:34.851123+07:00,c8_sim,2,4.224,85.347,2.102,11.797,0.036,103.506
2026-09-02T08:47:34.949146+07:00,c8_sim,3,4.309,84.524,0.335,12.278,0.009,101.456
2026-09-02T08:47:35.048219+07:00,c8_sim,4,4.612,84.704,0.307,13.201,0.033,102.858
2026-09-02T08:47:35.155138+07:00,c8_sim,5,6.753,84.500,0.288,13.937,0.010,105.489
2026-09-02T08:47:35.254242+07:00,c8_sim,6,6.923,85.212,0.337,12.671,0.010,105.153
2026-09-02T08:47:35.354570+07:00,c8_sim,7,4.491,85.344,0.340,13.800,0.034,104.008
2026-09-02T08:47:35.455186+07:00,c8_sim,8,6.954,85.706,0.312,13.721,0.046,106.739
2026-09-02T08:47:35.556189+07:00,c8_sim,9,4.395,85.297,0.323,14.574,0.009,104.598
2026-09-02T08:47:35.656637+07:00,c8_sim,10,4.899,85.452,0.354,13.793,0.010,104.508
2026-09-02T08:47:35.759112+07:00,c8_sim,11,5.797,85.393,0.404,15.893,0.011,107.497
2026-09-02T08:47:35.861678+07:00,c8_sim,12,4.792,85.722,0.343,15.654,0.010,106.521
2026-09-02T08:47:35.964964+07:00,c8_sim,13,5.515,85.856,0.415,16.023,0.009,107.819
2026-09-02T08:47:36.067995+07:00,c8_sim,14,5.830,85.723,0.384,16.066,0.009,108.013
2026-09-02T08:47:36.171542+07:00,c8_sim,15,6.280,85.633,0.346,16.743,0.010,109.012
2026-09-02T08:47:36.273615+07:00,c8_sim,16,5.821,85.843,0.290,15.105,0.040,107.100
2026-09-02T08:47:36.374275+07:00,c8_sim,17,5.699,84.956,0.292,14.614,0.014,105.575
2026-09-02T08:47:36.475695+07:00,c8_sim,18,5.870,85.461,0.306,14.856,0.015,106.507
2026-09-02T08:47:36.578101+07:00,c8_sim,19,5.206,85.877,0.407,15.197,0.015,106.703
2026-09-02T08:47:36.679586+07:00,c8_sim,20,5.115,85.486,0.361,14.784,0.011,105.757
2026-09-02T08:47:36.780080+07:00,c8_sim,21,5.083,85.574,0.329,13.772,0.013,104.770
2026-09-02T08:47:36.881560+07:00,c8_sim,22,5.173,84.919,0.372,15.392,0.016,105.872
2026-09-02T08:47:36.981821+07:00,c8_sim,23,5.557,85.212,0.330,13.876,0.014,104.991
2026-09-02T08:47:37.081107+07:00,c8_sim,24,5.684,85.112,0.334,13.038,0.013,104.182
2026-09-02T08:47:37.179431+07:00,c8_sim,25,6.021,85.210,0.275,12.066,0.012,103.585
2026-09-02T08:47:37.277301+07:00,c8_sim,26,5.777,84.587,0.272,12.260,0.012,102.908
2026-09-02T08:47:37.378322+07:00,c8_sim,27,5.807,85.220,0.332,14.663,0.014,106.036
2026-09-02T08:47:37.481553+07:00,c8_sim,28,6.164,85.476,0.341,16.599,0.016,108.597
2026-09-02T08:47:37.584709+07:00,c8_sim,29,5.242,85.631,0.347,16.288,0.014,107.522
2026-09-02T08:47:37.687925+07:00,c8_sim,30,4.837,85.578,0.310,16.520,0.013,107.259
2026-09-02T08:47:37.789592+07:00,c8_sim,31,5.617,85.333,0.295,15.203,0.013,106.461
2026-09-02T08:47:37.892369+07:00,c8_sim,32,5.381,85.348,0.338,16.291,0.012,107.369
2026-09-02T08:47:37.994412+07:00,c8_sim,33,5.876,85.333,0.322,15.585,0.014,107.130
2026-09-02T08:47:38.096805+07:00,c8_sim,34,5.067,85.543,0.321,15.708,0.012,106.651
2026-09-02T08:47:38.198560+07:00,c8_sim,35,5.170,85.584,0.313,15.066,0.014,106.147
2026-09-02T08:47:38.299460+07:00,c8_sim,36,5.228,84.818,0.330,14.981,0.011,105.368
2026-09-02T08:47:38.399659+07:00,c8_sim,37,5.248,85.070,0.278,14.094,0.010,104.701
2026-09-02T08:47:38.500677+07:00,c8_sim,38,5.161,85.134,0.324,14.756,0.013,105.388
2026-09-02T08:47:38.601992+07:00,c8_sim,39,5.251,84.791,0.370,15.343,0.014,105.770
2026-09-02T08:47:38.700784+07:00,c8_sim,40,5.539,84.967,0.274,12.767,0.013,103.560
2026-09-02T08:47:38.800039+07:00,c8_sim,41,5.760,85.120,0.281,13.098,0.013,104.271
2026-09-02T08:47:38.900402+07:00,c8_sim,42,6.215,85.286,0.278,13.918,0.011,105.708
2026-09-02T08:47:39.003228+07:00,c8_sim,43,6.613,85.507,0.318,16.175,0.016,108.629
2026-09-02T08:47:39.105834+07:00,c8_sim,44,5.791,85.329,0.331,16.117,0.015,107.583
2026-09-02T08:47:39.202161+07:00,c8_sim,45,5.530,85.030,0.267,10.286,0.013,101.126
2026-09-02T08:47:39.300635+07:00,c8_sim,46,5.897,85.816,0.287,11.547,0.012,103.560
2026-09-02T08:47:39.399839+07:00,c8_sim,47,6.127,85.073,0.309,13.001,0.014,104.524
2026-09-02T08:47:39.501125+07:00,c8_sim,48,5.519,85.307,0.324,14.834,0.013,105.997
2026-09-02T08:47:39.617593+07:00,c8_sim,49,3.686,101.075,0.527,13.634,0.015,118.937
2026-09-02T08:47:39.714240+07:00,c8_sim,50,4.055,83.750,0.314,11.757,0.013,99.889
2026-09-02T08:47:39.800673+07:00,c8_sim,51,4.869,85.302,0.321,0.000,0.007,90.500
2026-09-02T08:47:39.887607+07:00,c8_sim,52,5.313,85.617,0.418,0.003,0.072,91.424
2026-09-02T08:47:39.974571+07:00,c8_sim,53,3.657,85.813,0.332,0.000,0.007,89.810
2026-09-02T08:47:40.061804+07:00,c8_sim,54,4.518,85.902,0.429,0.003,0.069,90.920
2026-09-02T08:47:40.148313+07:00,c8_sim,55,6.506,86.148,0.000,0.000,0.009,92.663
2026-09-02T08:47:40.346343+07:00,c8_sim,56,6.690,197.671,0.000,0.000,0.007,204.369
2026-09-02T08:47:40.357541+07:00,c9_sim,1,3.355,197.671,0.151,10.499,0.043,211.720
2026-09-02T08:47:40.454724+07:00,c9_sim,2,2.811,84.074,0.280,12.144,0.009,99.318
2026-09-02T08:47:40.554407+07:00,c9_sim,3,2.313,84.023,0.359,14.573,0.010,101.278
2026-09-02T08:47:40.655145+07:00,c9_sim,4,2.870,84.449,0.363,15.147,0.010,102.838
2026-09-02T08:47:40.756112+07:00,c9_sim,5,3.462,84.523,0.353,15.256,0.066,103.660
2026-09-02T08:47:40.858241+07:00,c9_sim,6,3.819,85.219,0.336,15.753,0.047,105.175
2026-09-02T08:47:40.960120+07:00,c9_sim,7,3.944,85.434,0.335,15.338,0.011,105.061
2026-09-02T08:47:41.061725+07:00,c9_sim,8,3.806,85.330,0.309,15.183,0.009,104.636
2026-09-02T08:47:41.164212+07:00,c9_sim,9,3.953,85.552,0.295,15.864,0.054,105.718
2026-09-02T08:47:41.266468+07:00,c9_sim,10,3.963,85.455,0.296,15.749,0.009,105.472
2026-09-02T08:47:41.368525+07:00,c9_sim,11,3.874,85.429,0.277,15.585,0.011,105.176
2026-09-02T08:47:41.471229+07:00,c9_sim,12,3.853,85.504,0.274,16.142,0.010,105.783
2026-09-02T08:47:41.574068+07:00,c9_sim,13,4.278,85.246,0.299,16.569,0.012,106.403
2026-09-02T08:47:41.676833+07:00,c9_sim,14,4.336,85.426,0.374,16.162,0.010,106.308
2026-09-02T08:47:41.779005+07:00,c9_sim,15,4.541,85.360,0.345,15.684,0.010,105.939
2026-09-02T08:47:41.880124+07:00,c9_sim,16,4.334,85.431,0.332,14.571,0.008,104.677
2026-09-02T08:47:41.979686+07:00,c9_sim,17,4.342,84.352,0.292,14.166,0.014,103.166
2026-09-02T08:47:42.081256+07:00,c9_sim,18,4.344,85.238,0.357,15.188,0.013,105.140
2026-09-02T08:47:42.181924+07:00,c9_sim,19,4.112,85.338,0.282,14.303,0.014,104.049
2026-09-02T08:47:42.284110+07:00,c9_sim,20,4.060,84.951,0.342,16.020,0.014,105.386
2026-09-02T08:47:42.386633+07:00,c9_sim,21,4.535,85.026,0.318,16.410,0.013,106.303
2026-09-02T08:47:42.489842+07:00,c9_sim,22,4.049,85.429,0.349,16.635,0.014,106.476
2026-09-02T08:47:42.590076+07:00,c9_sim,23,4.147,85.032,0.320,14.113,0.014,103.625
2026-09-02T08:47:42.690618+07:00,c9_sim,24,4.274,85.017,0.292,14.467,0.012,104.061
2026-09-02T08:47:42.790140+07:00,c9_sim,25,4.030,84.498,0.322,13.981,0.014,102.845
2026-09-02T08:47:42.892099+07:00,c9_sim,26,3.893,85.285,0.319,15.564,0.013,105.075
2026-09-02T08:47:42.991332+07:00,c9_sim,27,3.965,84.696,0.290,13.512,0.013,102.477
2026-09-02T08:47:43.090787+07:00,c9_sim,28,4.123,84.952,0.317,13.440,0.012,102.844
2026-09-02T08:47:43.189840+07:00,c9_sim,29,4.214,84.649,0.301,13.345,0.012,102.522
2026-09-02T08:47:43.289799+07:00,c9_sim,30,3.992,84.164,0.358,14.729,0.014,103.257
2026-09-02T08:47:43.391064+07:00,c9_sim,31,3.904,85.272,0.338,14.871,0.016,104.401
2026-09-02T08:47:43.493006+07:00,c9_sim,32,4.407,84.942,0.364,15.889,0.014,105.615
2026-09-02T08:47:43.596273+07:00,c9_sim,33,3.909,84.830,0.356,17.324,0.016,106.435
2026-09-02T08:47:43.699903+07:00,c9_sim,34,4.122,85.769,0.356,16.694,0.014,106.955
2026-09-02T08:47:43.803016+07:00,c9_sim,35,4.012,85.383,0.378,16.431,0.015,106.219
2026-09-02T08:47:43.906825+07:00,c9_sim,36,4.258,85.533,0.357,17.110,0.014,107.272
2026-09-02T08:47:44.008783+07:00,c9_sim,37,4.090,85.402,0.326,15.443,0.014,105.275
2026-09-02T08:47:44.112121+07:00,c9_sim,38,4.548,85.673,0.368,16.479,0.014,107.082
2026-09-02T08:47:44.213432+07:00,c9_sim,39,4.152,85.276,0.309,14.986,0.014,104.737
2026-09-02T08:47:44.314662+07:00,c9_sim,40,4.167,85.045,0.311,15.171,0.015,104.708
2026-09-02T08:47:44.417697+07:00,c9_sim,41,3.912,84.883,0.322,17.067,0.015,106.199
2026-09-02T08:47:44.522327+07:00,c9_sim,42,3.597,85.804,0.368,17.640,0.015,107.423
2026-09-02T08:47:44.626193+07:00,c9_sim,43,3.998,85.378,0.368,17.308,0.016,107.067
2026-09-02T08:47:44.728330+07:00,c9_sim,44,4.110,85.594,0.333,15.406,0.014,105.457
2026-09-02T08:47:44.831550+07:00,c9_sim,45,3.935,85.654,0.359,16.398,0.016,106.362
2026-09-02T08:47:44.934370+07:00,c9_sim,46,3.913,85.053,0.393,16.593,0.014,105.967
2026-09-02T08:47:45.036375+07:00,c9_sim,47,4.132,85.244,0.359,15.628,0.013,105.377
2026-09-02T08:47:45.138510+07:00,c9_sim,48,4.423,85.363,0.358,15.607,0.013,105.765
2026-09-02T08:47:45.240253+07:00,c9_sim,49,3.981,85.146,0.338,15.366,0.015,104.845
2026-09-02T08:47:45.340923+07:00,c9_sim,50,3.780,85.018,0.365,14.562,0.013,103.737
2026-09-02T08:47:45.440900+07:00,c9_sim,51,3.578,84.769,0.321,14.171,0.012,102.852
2026-09-02T08:47:45.542094+07:00,c9_sim,52,3.670,85.338,0.316,14.756,0.013,104.093
2026-09-02T08:47:45.642899+07:00,c9_sim,53,3.685,85.136,0.308,14.581,0.013,103.723
2026-09-02T08:47:45.744867+07:00,c9_sim,54,3.689,84.702,0.424,16.069,0.013,104.898
2026-09-02T08:47:45.845338+07:00,c9_sim,55,3.307,85.596,0.309,13.807,0.014,103.034
2026-09-02T08:47:45.946520+07:00,c9_sim,56,3.735,85.266,0.331,14.835,0.012,104.179
2026-09-02T08:47:46.047646+07:00,c9_sim,57,3.517,85.380,0.335,14.682,0.014,103.928
2026-09-02T08:47:46.148958+07:00,c9_sim,58,3.452,85.519,0.340,14.685,0.014,104.010
2026-09-02T08:47:46.249590+07:00,c9_sim,59,3.562,84.934,0.343,14.608,0.017,103.465
2026-09-02T08:47:46.345172+07:00,c9_sim,60,3.611,83.840,0.247,9.593,0.015,97.306
2026-09-02T08:47:46.446873+07:00,c9_sim,61,3.620,84.401,0.415,16.062,0.017,104.514
2026-09-02T08:47:46.549610+07:00,c9_sim,62,4.093,85.737,0.421,15.773,0.019,106.043
2026-09-02T08:47:46.652165+07:00,c9_sim,63,4.162,85.636,0.360,15.637,0.015,105.810
2026-09-02T08:47:46.753336+07:00,c9_sim,64,3.799,85.256,0.341,14.818,0.013,104.227
2026-09-02T08:47:46.861846+07:00,c9_sim,65,3.708,91.837,0.494,15.335,0.029,111.403
2026-09-02T08:47:46.965079+07:00,c9_sim,66,3.329,85.953,0.324,15.382,0.016,105.003
2026-09-02T08:47:47.065958+07:00,c9_sim,67,4.084,85.438,0.333,14.298,0.013,104.166
2026-09-02T08:47:47.166409+07:00,c9_sim,68,4.045,84.954,0.305,14.441,0.014,103.759
2026-09-02T08:47:47.268983+07:00,c9_sim,69,3.824,85.499,0.465,15.786,0.012,105.586
2026-09-02T08:47:47.369115+07:00,c9_sim,70,4.105,84.822,0.343,14.254,0.010,103.535
2026-09-02T08:47:47.471181+07:00,c9_sim,71,3.661,85.782,0.341,15.125,0.014,104.923
2026-09-02T08:47:47.573033+07:00,c9_sim,72,3.849,85.575,0.350,15.122,0.014,104.910
2026-09-02T08:47:47.673348+07:00,c9_sim,73,4.026,85.078,0.394,14.116,0.017,103.631
2026-09-02T08:47:47.774489+07:00,c9_sim,74,4.207,85.675,0.340,14.325,0.020,104.567
2026-09-02T08:47:47.876196+07:00,c9_sim,75,3.882,85.747,0.364,14.787,0.014,104.793
2026-09-02T08:47:47.977403+07:00,c9_sim,76,3.974,85.690,0.334,14.390,0.013,104.401
2026-09-02T08:47:48.078472+07:00,c9_sim,77,4.328,85.747,0.337,14.230,0.013,104.655
2026-09-02T08:47:48.179545+07:00,c9_sim,78,4.144,84.892,0.323,15.075,0.013,104.448
2026-09-02T08:47:48.280487+07:00,c9_sim,79,4.064,85.428,0.300,14.445,0.012,104.249
2026-09-02T08:47:48.380509+07:00,c9_sim,80,4.035,84.484,0.332,14.514,0.012,103.377
2026-09-02T08:47:48.481251+07:00,c9_sim,81,4.007,85.526,0.308,14.117,0.018,103.975
2026-09-02T08:47:48.583617+07:00,c9_sim,82,4.464,85.774,0.338,15.459,0.019,106.054
2026-09-02T08:47:48.686181+07:00,c9_sim,83,4.569,85.333,0.334,16.014,0.015,106.265
2026-09-02T08:47:48.787041+07:00,c9_sim,84,4.472,85.207,0.334,14.569,0.014,104.595
2026-09-02T08:47:48.889840+07:00,c9_sim,85,4.873,85.713,0.339,15.947,0.013,106.886
2026-09-02T08:47:48.991413+07:00,c9_sim,86,4.572,85.261,0.348,15.223,0.013,105.416
2026-09-02T08:47:49.092386+07:00,c9_sim,87,4.739,85.578,0.344,14.291,0.013,104.966
2026-09-02T08:47:49.192668+07:00,c9_sim,88,4.482,85.306,0.290,13.951,0.012,104.040
2026-09-02T08:47:49.293280+07:00,c9_sim,89,4.071,84.946,0.360,14.536,0.012,103.924
2026-09-02T08:47:49.392643+07:00,c9_sim,90,4.084,84.354,0.312,13.985,0.013,102.747
2026-09-02T08:47:49.493369+07:00,c9_sim,91,4.271,85.046,0.320,14.536,0.017,104.190
2026-09-02T08:47:49.594427+07:00,c9_sim,92,4.458,85.408,0.314,14.541,0.016,104.737
2026-09-02T08:47:49.695900+07:00,c9_sim,93,4.193,85.616,0.387,14.673,0.013,104.882
2026-09-02T08:47:49.795318+07:00,c9_sim,94,4.419,84.565,0.307,13.775,0.014,103.079
2026-09-02T08:47:49.895399+07:00,c9_sim,95,3.982,84.660,0.327,14.314,0.013,103.297
2026-09-02T08:47:49.996936+07:00,c9_sim,96,4.245,84.618,0.347,15.816,0.015,105.041
2026-09-02T08:47:50.097368+07:00,c9_sim,97,4.403,85.224,0.298,14.122,0.016,104.063
2026-09-02T08:47:50.200028+07:00,c9_sim,98,4.002,85.625,0.314,15.970,0.012,105.924
2026-09-02T08:47:50.300905+07:00,c9_sim,99,4.365,85.274,0.283,14.460,0.014,104.395
2026-09-02T08:47:50.401937+07:00,c9_sim,100,4.079,85.217,0.338,14.773,0.015,104.422
2026-09-02T08:47:50.503901+07:00,c9_sim,101,3.662,85.507,0.337,15.348,0.014,104.869
2026-09-02T08:47:50.606363+07:00,c9_sim,102,4.003,85.813,0.341,15.514,0.014,105.684
2026-09-02T08:47:50.734628+07:00,c9_sim,103,3.557,85.741,0.377,17.367,0.013,107.056
2026-09-02T08:47:50.837292+07:00,c9_sim,104,5.311,86.097,0.345,15.450,0.015,107.218
2026-09-02T08:47:50.938639+07:00,c9_sim,105,4.461,85.356,0.326,14.880,0.013,105.036
2026-09-02T08:47:51.040195+07:00,c9_sim,106,4.520,85.483,0.320,14.972,0.013,105.308
2026-09-02T08:47:51.141039+07:00,c9_sim,107,4.402,85.356,0.351,14.373,0.011,104.493
2026-09-02T08:47:51.240938+07:00,c9_sim,108,4.915,84.735,0.267,14.174,0.010,104.102
2026-09-02T08:47:51.341667+07:00,c9_sim,109,4.439,84.743,0.320,14.922,0.017,104.440
2026-09-02T08:47:51.441488+07:00,c9_sim,110,4.471,84.935,0.286,13.858,0.011,103.560
2026-09-02T08:47:51.543355+07:00,c9_sim,111,4.421,85.094,0.323,15.687,0.015,105.540
2026-09-02T08:47:51.645360+07:00,c9_sim,112,4.208,85.626,0.325,15.259,0.018,105.436
2026-09-02T08:47:51.748742+07:00,c9_sim,113,4.215,85.848,0.380,16.311,0.014,106.768
2026-09-02T08:47:51.851079+07:00,c9_sim,114,4.218,85.509,0.382,15.633,0.016,105.757
2026-09-02T08:47:51.953334+07:00,c9_sim,115,4.037,85.198,0.320,15.923,0.015,105.494
2026-09-02T08:47:52.055678+07:00,c9_sim,116,4.373,85.494,0.361,15.671,0.014,105.913
2026-09-02T08:47:52.157379+07:00,c9_sim,117,4.137,85.598,0.352,14.970,0.014,105.072
2026-09-02T08:47:52.259520+07:00,c9_sim,118,3.697,85.393,0.307,15.667,0.015,105.079
2026-09-02T08:47:52.362593+07:00,c9_sim,119,3.976,85.636,0.344,16.316,0.012,106.284
2026-09-02T08:47:52.464932+07:00,c9_sim,120,3.888,85.466,0.351,15.761,0.015,105.482
2026-09-02T08:47:52.567358+07:00,c9_sim,121,3.870,85.406,0.374,15.821,0.014,105.486
2026-09-02T08:47:52.670762+07:00,c9_sim,122,3.925,85.594,0.358,16.645,0.017,106.538
2026-09-02T08:47:52.774170+07:00,c9_sim,123,4.414,85.951,0.377,16.257,0.021,107.021
2026-09-02T08:47:52.899328+07:00,c9_sim,124,4.026,85.978,0.392,17.155,0.015,107.566
2026-09-02T08:47:53.001055+07:00,c9_sim,125,5.163,85.468,0.329,15.120,0.015,106.095
2026-09-02T08:47:53.101864+07:00,c9_sim,126,4.533,85.217,0.356,14.453,0.013,104.572
2026-09-02T08:47:53.201811+07:00,c9_sim,127,4.614,84.876,0.281,14.024,0.012,103.807
2026-09-02T08:47:53.302832+07:00,c9_sim,128,4.460,84.871,0.344,15.081,0.015,104.771
2026-09-02T08:47:53.404183+07:00,c9_sim,129,4.444,84.976,0.332,15.064,0.014,104.830
2026-09-02T08:47:53.507466+07:00,c9_sim,130,4.480,87.530,0.374,14.647,0.016,107.047
2026-09-02T08:47:53.608455+07:00,c9_sim,131,4.104,85.395,0.321,14.469,0.015,104.303
2026-09-02T08:47:53.709262+07:00,c9_sim,132,4.063,85.078,0.346,14.626,0.015,104.127
2026-09-02T08:47:53.812136+07:00,c9_sim,133,4.154,85.815,0.345,15.967,0.015,106.296
2026-09-02T08:47:53.914954+07:00,c9_sim,134,4.278,85.865,0.352,15.810,0.016,106.321
2026-09-02T08:47:54.016924+07:00,c9_sim,135,4.466,85.832,0.309,15.084,0.014,105.706
2026-09-02T08:47:54.119017+07:00,c9_sim,136,4.433,85.049,0.324,15.861,0.016,105.682
2026-09-02T08:47:54.224884+07:00,c9_sim,137,4.052,87.496,0.308,17.302,0.016,109.175
2026-09-02T08:47:54.327885+07:00,c9_sim,138,4.829,89.387,0.330,12.528,0.015,107.089
2026-09-02T08:47:54.428526+07:00,c9_sim,139,4.602,85.617,0.344,13.879,0.018,104.460
2026-09-02T08:47:54.528820+07:00,c9_sim,140,3.905,84.969,0.340,14.224,0.017,103.454
2026-09-02T08:47:54.627513+07:00,c9_sim,141,3.731,84.703,0.325,12.937,0.016,101.712
2026-09-02T08:47:54.727401+07:00,c9_sim,142,3.506,84.818,0.343,13.935,0.013,102.615
2026-09-02T08:47:54.854757+07:00,c9_sim,143,3.589,85.386,0.364,14.538,0.014,103.892
2026-09-02T08:47:54.955041+07:00,c9_sim,144,4.410,85.206,0.332,13.964,0.015,103.928
2026-09-02T08:47:55.055751+07:00,c9_sim,145,3.995,85.333,0.288,14.308,0.015,103.938
2026-09-02T08:47:55.157169+07:00,c9_sim,146,4.349,85.319,0.378,14.908,0.014,104.967
2026-09-02T08:47:55.258846+07:00,c9_sim,147,4.390,85.428,0.397,15.061,0.014,105.290
2026-09-02T08:47:55.360977+07:00,c9_sim,148,4.504,85.077,0.435,15.857,0.014,105.887
2026-09-02T08:47:55.463347+07:00,c9_sim,149,5.121,85.445,0.313,15.882,0.016,106.776
2026-09-02T08:47:55.565120+07:00,c9_sim,150,4.872,85.560,0.369,15.069,0.014,105.885
2026-09-02T08:47:55.667924+07:00,c9_sim,151,4.756,85.724,0.345,15.923,0.016,106.763
2026-09-02T08:47:55.770340+07:00,c9_sim,152,4.211,85.871,0.354,15.406,0.015,105.857
2026-09-02T08:47:55.872649+07:00,c9_sim,153,4.694,85.630,0.325,15.552,0.016,106.216
2026-09-02T08:47:55.976406+07:00,c9_sim,154,4.058,85.900,0.347,16.699,0.015,107.019
2026-09-02T08:47:56.078606+07:00,c9_sim,155,4.109,85.932,0.329,15.180,0.016,105.566
2026-09-02T08:47:56.182373+07:00,c9_sim,156,3.996,85.644,0.405,16.917,0.014,106.976
2026-09-02T08:47:56.285174+07:00,c9_sim,157,4.117,85.832,0.306,15.897,0.014,106.166
2026-09-02T08:47:56.386389+07:00,c9_sim,158,4.001,85.498,0.320,14.664,0.016,104.499
2026-09-02T08:47:56.488001+07:00,c9_sim,159,3.592,85.336,0.301,15.237,0.014,104.481
2026-09-02T08:47:56.589891+07:00,c9_sim,160,3.887,85.119,0.334,15.660,0.014,105.014
2026-09-02T08:47:56.715796+07:00,c9_sim,161,3.815,85.907,0.387,17.921,0.014,108.043
2026-09-02T08:47:56.818362+07:00,c9_sim,162,5.808,85.740,0.371,15.686,0.015,107.620
2026-09-02T08:47:56.920133+07:00,c9_sim,163,4.487,85.485,0.322,15.166,0.012,105.472
2026-09-02T08:47:57.021573+07:00,c9_sim,164,4.459,85.705,0.331,14.644,0.012,105.151
2026-09-02T08:47:57.121721+07:00,c9_sim,165,4.052,84.442,0.292,14.697,0.015,103.498
2026-09-02T08:47:57.223421+07:00,c9_sim,166,4.454,85.339,0.318,15.323,0.013,105.447
2026-09-02T08:47:57.324410+07:00,c9_sim,167,4.909,85.758,0.297,14.185,0.016,105.166
2026-09-02T08:47:57.426070+07:00,c9_sim,168,4.447,85.103,0.283,15.483,0.017,105.333
2026-09-02T08:47:57.527695+07:00,c9_sim,169,4.420,85.520,0.370,14.985,0.015,105.310
2026-09-02T08:47:57.628653+07:00,c9_sim,170,4.363,84.861,0.329,15.005,0.015,104.573
2026-09-02T08:47:57.730671+07:00,c9_sim,171,4.103,84.990,0.348,15.908,0.014,105.362
2026-09-02T08:47:57.834016+07:00,c9_sim,172,4.052,85.341,0.385,16.840,0.016,106.634
2026-09-02T08:47:57.937273+07:00,c9_sim,173,4.256,85.554,0.364,16.562,0.014,106.751
2026-09-02T08:47:58.039836+07:00,c9_sim,174,4.290,85.626,0.359,15.741,0.016,106.031
2026-09-02T08:47:58.142836+07:00,c9_sim,175,4.144,86.393,0.358,15.460,0.015,106.371
2026-09-02T08:47:58.245542+07:00,c9_sim,176,3.836,85.777,0.317,15.585,0.016,105.531
2026-09-02T08:47:58.347779+07:00,c9_sim,177,4.289,85.709,0.317,15.431,0.015,105.761
2026-09-02T08:47:58.449298+07:00,c9_sim,178,3.964,85.212,0.305,15.230,0.015,104.726
2026-09-02T08:47:58.550538+07:00,c9_sim,179,3.763,85.022,0.342,15.117,0.016,104.260
2026-09-02T08:47:58.654521+07:00,c9_sim,180,4.092,87.959,0.335,14.938,0.014,107.337
2026-09-02T08:47:58.756019+07:00,c9_sim,181,3.946,84.712,0.371,15.619,0.015,104.664
2026-09-02T08:47:58.857761+07:00,c9_sim,182,4.074,85.044,0.361,15.557,0.015,105.051
2026-09-02T08:47:58.991509+07:00,c9_sim,183,3.631,86.081,0.363,16.177,0.017,106.268
2026-09-02T08:47:59.092592+07:00,c9_sim,184,4.730,85.375,0.330,14.609,0.015,105.059
2026-09-02T08:47:59.193153+07:00,c9_sim,185,4.387,84.941,0.305,14.554,0.014,104.201
2026-09-02T08:47:59.293746+07:00,c9_sim,186,4.027,84.985,0.315,14.557,0.012,103.896
2026-09-02T08:47:59.393393+07:00,c9_sim,187,4.323,84.681,0.304,13.930,0.013,103.250
2026-09-02T08:47:59.493804+07:00,c9_sim,188,4.369,84.318,0.291,15.071,0.015,104.064
2026-09-02T08:47:59.593673+07:00,c9_sim,189,4.490,85.095,0.293,13.749,0.014,103.641
2026-09-02T08:47:59.692861+07:00,c9_sim,190,4.378,83.926,0.317,14.221,0.016,102.858
2026-09-02T08:47:59.793919+07:00,c9_sim,191,3.951,84.938,0.310,15.056,0.017,104.272
2026-09-02T08:47:59.895172+07:00,c9_sim,192,3.872,84.903,0.332,15.261,0.014,104.381
2026-09-02T08:47:59.997427+07:00,c9_sim,193,3.852,85.121,0.380,15.975,0.015,105.344
2026-09-02T08:48:00.100758+07:00,c9_sim,194,3.848,85.645,0.391,16.524,0.016,106.424
2026-09-02T08:48:00.203434+07:00,c9_sim,195,4.083,85.437,0.351,16.105,0.023,105.998
2026-09-02T08:48:00.337967+07:00,c9_sim,196,4.340,85.734,0.446,17.195,0.012,107.727
2026-09-02T08:48:00.439135+07:00,c9_sim,197,5.799,85.186,0.315,14.938,0.012,106.250
2026-09-02T08:48:00.540277+07:00,c9_sim,198,4.392,85.151,0.335,14.912,0.016,104.806
2026-09-02T08:48:00.641950+07:00,c9_sim,199,4.302,85.060,0.337,15.521,0.012,105.231
2026-09-02T08:48:00.743594+07:00,c9_sim,200,4.182,85.445,0.310,15.132,0.013,105.082
2026-09-02T08:48:00.844160+07:00,c9_sim,201,4.414,85.428,0.284,14.097,0.013,104.236
2026-09-02T08:48:00.945355+07:00,c9_sim,202,4.013,85.378,0.315,14.733,0.014,104.452
2026-09-02T08:48:01.044569+07:00,c9_sim,203,4.327,84.876,0.290,13.301,0.013,102.808
2026-09-02T08:48:01.144004+07:00,c9_sim,204,4.581,84.505,0.284,13.922,0.013,103.305
2026-09-02T08:48:01.244551+07:00,c9_sim,205,4.089,84.560,0.295,14.965,0.015,103.925
2026-09-02T08:48:01.346099+07:00,c9_sim,206,4.516,85.398,0.373,15.030,0.014,105.330
2026-09-02T08:48:01.448316+07:00,c9_sim,207,4.671,85.618,0.350,15.467,0.014,106.119
2026-09-02T08:48:01.552234+07:00,c9_sim,208,4.190,86.053,0.393,16.653,0.017,107.306
2026-09-02T08:48:01.656893+07:00,c9_sim,209,4.329,91.270,0.276,12.400,0.013,108.289
2026-09-02T08:48:01.756467+07:00,c9_sim,210,3.528,84.479,0.318,14.057,0.013,102.396
2026-09-02T08:48:01.858442+07:00,c9_sim,211,3.729,85.512,0.330,15.366,0.017,104.954
2026-09-02T08:48:01.961382+07:00,c9_sim,212,3.905,85.353,0.333,16.452,0.014,106.059
2026-09-02T08:48:02.063204+07:00,c9_sim,213,4.652,85.387,0.359,15.270,0.015,105.683
2026-09-02T08:48:02.165241+07:00,c9_sim,214,3.888,85.401,0.304,15.593,0.013,105.200
2026-09-02T08:48:02.267717+07:00,c9_sim,215,4.007,85.659,0.344,15.704,0.014,105.728
2026-09-02T08:48:02.371308+07:00,c9_sim,216,4.434,85.660,0.342,16.784,0.014,107.234
2026-09-02T08:48:02.474190+07:00,c9_sim,217,3.904,85.694,0.355,16.091,0.014,106.058
2026-09-02T08:48:02.577628+07:00,c9_sim,218,3.846,85.585,0.376,16.704,0.015,106.527
2026-09-02T08:48:02.681614+07:00,c9_sim,219,3.976,85.703,0.382,17.090,0.017,107.167
2026-09-02T08:48:02.784289+07:00,c9_sim,220,3.994,85.434,0.343,16.111,0.014,105.896
2026-09-02T08:48:02.887285+07:00,c9_sim,221,4.461,85.479,0.350,16.358,0.016,106.665
2026-09-02T08:48:02.990267+07:00,c9_sim,222,3.904,85.626,0.371,16.171,0.017,106.089
2026-09-02T08:48:03.093737+07:00,c9_sim,223,3.993,85.612,0.361,16.729,0.015,106.711
2026-09-02T08:48:03.197082+07:00,c9_sim,224,3.899,85.550,0.351,16.664,0.013,106.478
2026-09-02T08:48:03.299595+07:00,c9_sim,225,4.429,85.635,0.338,15.785,0.015,106.202
2026-09-02T08:48:03.400827+07:00,c9_sim,226,4.346,84.982,0.316,15.205,0.013,104.862
2026-09-02T08:48:03.535676+07:00,c9_sim,227,3.689,86.069,0.378,17.284,0.017,107.438
2026-09-02T08:48:03.636420+07:00,c9_sim,228,4.851,85.268,0.321,14.367,0.014,104.821
2026-09-02T08:48:03.736375+07:00,c9_sim,229,4.487,84.817,0.294,14.137,0.013,103.748
2026-09-02T08:48:03.836165+07:00,c9_sim,230,3.888,84.864,0.347,13.869,0.014,102.982
2026-09-02T08:48:03.937082+07:00,c9_sim,231,3.933,85.034,0.341,14.751,0.013,104.073
2026-09-02T08:48:04.034721+07:00,c9_sim,232,4.362,84.544,0.258,12.107,0.013,101.284
2026-09-02T08:48:04.136881+07:00,c9_sim,233,3.274,84.435,0.293,16.680,0.013,104.695
2026-09-02T08:48:04.238403+07:00,c9_sim,234,3.955,85.248,0.346,15.188,0.014,104.751
2026-09-02T08:48:04.339329+07:00,c9_sim,235,4.291,85.275,0.314,14.585,0.013,104.477
2026-09-02T08:48:04.439803+07:00,c9_sim,236,4.294,85.479,0.276,13.976,0.012,104.038
2026-09-02T08:48:04.541117+07:00,c9_sim,237,4.316,85.212,0.367,15.016,0.014,104.926
2026-09-02T08:48:04.643414+07:00,c9_sim,238,4.423,85.063,0.331,16.123,0.016,105.956
2026-09-02T08:48:04.747651+07:00,c9_sim,239,4.168,86.648,0.351,16.065,0.016,107.248
2026-09-02T08:48:04.851324+07:00,c9_sim,240,4.644,85.772,0.318,16.798,0.015,107.547
2026-09-02T08:48:04.954860+07:00,c9_sim,241,4.272,85.731,0.325,16.655,0.014,106.997
2026-09-02T08:48:05.058105+07:00,c9_sim,242,4.292,85.734,0.370,16.383,0.016,106.796
2026-09-02T08:48:05.161058+07:00,c9_sim,243,3.949,85.625,0.343,16.198,0.014,106.128
2026-09-02T08:48:05.264767+07:00,c9_sim,244,4.169,85.753,0.341,16.819,0.015,107.096
2026-09-02T08:48:05.368533+07:00,c9_sim,245,4.119,85.467,0.323,17.196,0.017,107.123
2026-09-02T08:48:05.472630+07:00,c9_sim,246,4.494,85.807,0.340,17.137,0.014,107.792
2026-09-02T08:48:05.575598+07:00,c9_sim,247,4.300,85.356,0.340,16.472,0.015,106.484
2026-09-02T08:48:05.679048+07:00,c9_sim,248,4.096,85.654,0.371,16.625,0.014,106.761
2026-09-02T08:48:05.781830+07:00,c9_sim,249,4.129,85.360,0.307,16.353,0.015,106.164
2026-09-02T08:48:05.884702+07:00,c9_sim,250,4.416,85.551,0.304,16.235,0.014,106.520
2026-09-02T08:48:05.986925+07:00,c9_sim,251,4.177,85.206,0.289,15.999,0.013,105.684
2026-09-02T08:48:06.089951+07:00,c9_sim,252,4.719,85.467,0.310,16.499,0.013,107.008
2026-09-02T08:48:06.193689+07:00,c9_sim,253,4.330,85.410,0.388,17.151,0.014,107.294
2026-09-02T08:48:06.297991+07:00,c9_sim,254,4.139,85.571,0.360,17.588,0.015,107.674
2026-09-02T08:48:06.400713+07:00,c9_sim,255,4.358,85.489,0.352,16.077,0.014,106.291
2026-09-02T08:48:06.504153+07:00,c9_sim,256,4.065,85.710,0.349,16.578,0.014,106.716
2026-09-02T08:48:06.607759+07:00,c9_sim,257,4.306,85.579,0.361,16.860,0.016,107.123
2026-09-02T08:48:06.693346+07:00,c9_sim,258,4.823,85.286,0.000,0.000,0.007,90.116
2026-09-02T08:48:06.813322+07:00,c8_sim,57,4.778,88.193,0.493,0.004,0.086,93.554
2026-09-02T08:48:06.901972+07:00,c8_sim,58,6.164,87.440,0.356,0.003,0.069,94.031
2026-09-02T08:48:06.990041+07:00,c8_sim,59,7.003,86.851,0.380,0.003,0.076,94.313
2026-09-02T08:48:07.077689+07:00,c8_sim,60,6.978,86.516,0.351,0.003,0.010,93.857
2026-09-02T08:48:07.166759+07:00,c8_sim,61,6.779,87.768,0.395,0.003,0.077,95.022
2026-09-02T08:48:07.254862+07:00,c8_sim,62,6.907,86.915,0.368,0.003,0.010,94.203
2026-09-02T08:48:07.344163+07:00,c8_sim,63,8.030,87.962,0.509,0.004,0.014,96.519
2026-09-02T08:48:07.432665+07:00,c8_sim,64,7.232,87.312,0.361,0.003,0.010,94.917
2026-09-02T08:48:07.524294+07:00,c8_sim,65,6.926,86.773,0.384,0.003,0.260,94.346
2026-09-02T08:48:07.612788+07:00,c8_sim,66,7.537,86.711,0.373,0.003,0.025,94.649
2026-09-02T08:48:07.702622+07:00,c8_sim,67,7.333,88.080,0.544,0.003,0.135,96.096
2026-09-02T08:48:07.792944+07:00,c8_sim,68,6.221,88.947,0.385,0.003,0.073,95.628
2026-09-02T08:48:07.880390+07:00,c8_sim,69,5.600,86.122,0.493,0.004,0.013,92.232
2026-09-02T08:48:07.968196+07:00,c8_sim,70,6.482,86.583,0.410,0.003,0.012,93.490
2026-09-02T08:48:08.055830+07:00,c8_sim,71,7.367,86.339,0.445,0.004,0.011,94.166
2026-09-02T08:48:08.143351+07:00,c8_sim,72,7.175,86.267,0.449,0.000,0.009,93.900
2026-09-02T08:48:08.247677+07:00,c8_sim,73,7.186,85.944,0.493,17.044,0.053,110.720
2026-09-02T08:48:08.350321+07:00,c8_sim,74,7.237,85.285,0.365,16.205,0.012,109.103
2026-09-02T08:48:08.452669+07:00,c8_sim,75,5.232,85.356,0.358,15.867,0.059,106.872
2026-09-02T08:48:08.554464+07:00,c8_sim,76,5.885,85.418,0.386,15.144,0.049,106.882
2026-09-02T08:48:08.656155+07:00,c8_sim,77,6.657,85.217,0.378,15.309,0.048,107.609
2026-09-02T08:48:08.757874+07:00,c8_sim,78,7.365,85.119,0.378,15.407,0.049,108.318
2026-09-02T08:48:08.859437+07:00,c8_sim,79,5.847,85.366,0.365,15.078,0.011,106.666
2026-09-02T08:48:08.961530+07:00,c8_sim,80,5.495,85.424,0.390,15.498,0.011,106.818
2026-09-02T08:48:09.061979+07:00,c8_sim,81,5.210,84.833,0.371,14.476,0.011,104.901
2026-09-02T08:48:09.162251+07:00,c8_sim,82,4.914,84.569,0.340,14.615,0.014,104.453
2026-09-02T08:48:09.263646+07:00,c8_sim,83,5.683,85.119,0.378,15.165,0.010,106.355
2026-09-02T08:48:09.398460+07:00,c8_sim,84,8.106,88.542,2.966,37.820,0.024,137.458
2026-09-02T08:48:09.501910+07:00,c8_sim,85,5.695,88.967,0.337,12.950,0.010,107.960
2026-09-02T08:48:09.601398+07:00,c8_sim,86,5.823,85.066,0.370,13.295,0.012,104.566
2026-09-02T08:48:09.701058+07:00,c8_sim,87,5.728,84.628,0.366,13.859,0.023,104.604
2026-09-02T08:48:09.802547+07:00,c8_sim,88,14.058,85.112,0.398,15.199,0.009,114.776
2026-09-02T08:48:09.905831+07:00,c8_sim,89,5.458,85.646,0.444,16.414,0.021,107.983
2026-09-02T08:48:10.006074+07:00,c8_sim,90,5.366,85.283,0.374,13.803,0.017,104.843
2026-09-02T08:48:10.107948+07:00,c8_sim,91,4.768,85.348,0.388,14.670,0.015,105.189
2026-09-02T08:48:10.209571+07:00,c8_sim,92,4.946,85.850,0.389,14.495,0.016,105.697
2026-09-02T08:48:10.311495+07:00,c8_sim,93,5.060,85.843,0.403,14.704,0.012,106.022
2026-09-02T08:48:10.413536+07:00,c8_sim,94,5.777,85.688,0.373,15.057,0.011,106.906
2026-09-02T08:48:10.515181+07:00,c8_sim,95,10.873,85.124,0.420,15.336,0.017,111.770
2026-09-02T08:48:10.616099+07:00,c8_sim,96,5.320,85.556,0.363,14.237,0.014,105.490
2026-09-02T08:48:10.716910+07:00,c8_sim,97,5.142,84.817,0.418,14.790,0.013,105.181
2026-09-02T08:48:10.819494+07:00,c8_sim,98,5.327,85.699,0.384,15.754,0.016,107.181
2026-09-02T08:48:10.922179+07:00,c8_sim,99,5.028,85.744,0.378,15.762,0.014,106.926
2026-09-02T08:48:11.024571+07:00,c8_sim,100,5.004,85.326,0.391,15.862,0.016,106.599
2026-09-02T08:48:11.125787+07:00,c8_sim,101,6.132,85.365,0.339,14.785,0.012,106.633
2026-09-02T08:48:11.227029+07:00,c8_sim,102,6.767,85.041,0.399,15.071,0.013,107.291
2026-09-02T08:48:11.327330+07:00,c8_sim,103,5.946,85.318,0.338,13.889,0.012,105.503
2026-09-02T08:48:11.427882+07:00,c8_sim,104,5.488,85.015,0.354,14.414,0.011,105.281
2026-09-02T08:48:11.528925+07:00,c8_sim,105,5.220,85.018,0.345,14.899,0.018,105.500
2026-09-02T08:48:11.631109+07:00,c8_sim,106,4.760,85.348,0.410,15.587,0.016,106.120
2026-09-02T08:48:11.731941+07:00,c8_sim,107,5.768,85.603,0.338,14.104,0.014,105.828
2026-09-02T08:48:11.833432+07:00,c8_sim,108,7.078,84.886,0.398,15.465,0.013,107.839
2026-09-02T08:48:11.934258+07:00,c8_sim,109,6.240,85.125,0.368,14.577,0.014,106.324
2026-09-02T08:48:12.034404+07:00,c8_sim,110,5.373,84.738,0.346,14.282,0.013,104.752
2026-09-02T08:48:12.136580+07:00,c8_sim,111,5.349,85.069,0.388,15.934,0.012,106.752
2026-09-02T08:48:12.236889+07:00,c8_sim,112,5.124,84.896,0.408,14.280,0.012,104.719
2026-09-02T08:48:12.336285+07:00,c8_sim,113,4.901,84.627,0.360,13.722,0.013,103.624
2026-09-02T08:48:12.437650+07:00,c8_sim,114,6.329,84.795,0.439,15.389,0.014,106.966
2026-09-02T08:48:12.538649+07:00,c8_sim,115,7.477,85.559,0.383,14.312,0.017,107.748
2026-09-02T08:48:12.640163+07:00,c8_sim,116,5.974,85.600,0.347,14.744,0.016,106.682
2026-09-02T08:48:12.740770+07:00,c8_sim,117,5.911,85.360,0.381,14.069,0.013,105.735
2026-09-02T08:48:12.841600+07:00,c8_sim,118,5.182,84.812,0.394,14.876,0.014,105.277
2026-09-02T08:48:12.940408+07:00,c8_sim,119,4.715,84.724,0.307,13.065,0.013,102.824
2026-09-02T08:48:13.120186+07:00,c8_sim,120,4.965,160.218,0.505,18.222,0.016,183.926
2026-09-02T08:48:13.120320+07:00,c10_sim,1,4.832,160.218,0.000,0.000,0.002,165.052
2026-09-02T08:48:13.299789+07:00,c8_sim,121,7.281,160.040,0.545,18.166,0.016,186.048
2026-09-02T08:48:13.299869+07:00,c10_sim,2,4.502,160.040,0.000,0.000,0.002,164.545
2026-09-02T08:48:13.482138+07:00,c8_sim,122,6.208,160.288,0.622,20.593,0.018,187.730
2026-09-02T08:48:13.482208+07:00,c10_sim,3,6.098,160.288,0.000,0.000,0.002,166.388
2026-09-02T08:48:13.666141+07:00,c8_sim,123,6.242,161.414,0.547,20.439,0.019,188.661
2026-09-02T08:48:13.666855+07:00,c10_sim,4,6.502,161.414,0.000,0.000,0.004,167.919
2026-09-02T08:48:13.843294+07:00,c8_sim,124,5.684,162.668,0.415,11.339,0.965,181.071
2026-09-02T08:48:13.843393+07:00,c10_sim,5,5.191,162.668,0.000,0.000,0.003,167.862
2026-09-02T08:48:14.034466+07:00,c8_sim,125,5.346,166.297,0.667,21.520,0.020,193.850
2026-09-02T08:48:14.034586+07:00,c10_sim,6,6.936,166.297,0.000,0.000,0.002,173.235
2026-09-02T08:48:14.195911+07:00,c8_sim,126,4.819,161.065,0.000,0.000,0.011,165.895
2026-09-02T08:48:14.217517+07:00,c10_sim,7,5.099,161.065,0.305,20.642,0.059,187.170
2026-09-02T08:48:14.382391+07:00,c8_sim,127,5.282,164.511,0.000,0.000,0.011,169.803
2026-09-02T08:48:14.403400+07:00,c10_sim,8,4.179,164.511,0.464,19.962,0.012,189.128
2026-09-02T08:48:14.565166+07:00,c8_sim,128,6.039,161.480,0.000,0.000,0.011,167.530
2026-09-02T08:48:14.586176+07:00,c10_sim,9,5.532,161.480,0.515,19.867,0.012,187.405
2026-09-02T08:48:14.685647+07:00,c10_sim,10,5.307,85.736,0.352,12.721,0.010,104.127
2026-09-02T08:48:14.786241+07:00,c10_sim,11,6.436,84.604,0.454,14.664,0.010,106.169
2026-09-02T08:48:14.888800+07:00,c10_sim,12,6.706,86.575,0.483,14.350,0.043,108.157
2026-09-02T08:48:14.989044+07:00,c10_sim,13,5.161,85.363,0.364,13.607,0.040,104.534
2026-09-02T08:48:15.101904+07:00,c10_sim,14,4.094,85.342,0.388,26.262,0.012,116.099
2026-09-02T08:48:15.215316+07:00,c10_sim,15,5.426,85.728,0.389,26.399,0.012,117.953
2026-09-02T08:48:15.325817+07:00,c10_sim,16,4.381,85.237,0.408,23.963,0.012,114.001
2026-09-02T08:48:15.432808+07:00,c10_sim,17,3.711,86.721,0.327,19.138,0.013,109.909
2026-09-02T08:48:15.543458+07:00,c10_sim,18,4.197,84.318,0.416,25.030,0.013,113.974
2026-09-02T08:48:15.660500+07:00,c10_sim,19,4.416,85.596,0.442,24.804,0.035,115.292
2026-09-02T08:48:15.805672+07:00,c10_sim,20,3.667,86.554,0.427,27.155,0.012,117.814
2026-09-02T08:48:15.923690+07:00,c10_sim,21,4.292,92.098,0.356,24.708,0.011,121.465
2026-09-02T08:48:16.096253+07:00,c10_sim,22,4.153,86.434,0.470,28.942,0.012,120.013
2026-09-02T08:48:16.248495+07:00,c10_sim,23,3.851,87.061,0.298,33.796,0.060,125.066
2026-09-02T08:48:16.400317+07:00,c10_sim,24,14.855,93.369,0.380,25.295,0.017,133.916
2026-09-02T08:48:16.536520+07:00,c10_sim,25,4.307,84.205,0.708,46.399,0.016,135.635
2026-09-02T08:48:16.645159+07:00,c10_sim,26,4.340,83.836,0.380,23.565,0.017,112.137
2026-09-02T08:48:16.789379+07:00,c10_sim,27,3.699,86.327,0.406,26.403,0.016,116.852
2026-09-02T08:48:16.962402+07:00,c10_sim,28,4.700,86.816,0.508,30.630,0.018,122.672
2026-09-02T08:48:17.105498+07:00,c10_sim,29,4.299,85.882,0.457,30.593,0.016,121.248
2026-09-02T08:48:17.249249+07:00,c10_sim,30,4.147,88.821,0.371,24.695,0.016,118.051
2026-09-02T08:48:17.383887+07:00,c10_sim,31,3.570,86.347,0.416,26.726,0.017,117.076
2026-09-02T08:48:17.523150+07:00,c10_sim,32,3.876,85.512,0.429,27.297,0.048,117.162
2026-09-02T08:48:17.668018+07:00,c10_sim,33,4.141,85.737,0.454,27.512,0.017,117.861
2026-09-02T08:48:17.807873+07:00,c10_sim,34,3.846,86.184,0.388,28.515,0.062,118.995
2026-09-02T08:48:17.954056+07:00,c10_sim,35,4.174,85.765,0.421,28.817,0.015,119.192
2026-09-02T08:48:18.088487+07:00,c10_sim,36,4.412,85.236,0.401,27.337,0.018,117.404
2026-09-02T08:48:18.235075+07:00,c10_sim,37,4.527,85.447,0.389,28.964,0.085,119.412
2026-09-02T08:48:18.401936+07:00,c10_sim,38,4.147,85.332,0.536,27.157,0.069,117.241
2026-09-02T08:48:18.551679+07:00,c10_sim,39,4.333,87.582,0.528,30.674,0.020,123.137
2026-09-02T08:48:18.666573+07:00,c10_sim,40,4.254,85.411,0.482,27.899,0.018,118.064
2026-09-02T08:48:18.813691+07:00,c10_sim,41,4.393,86.871,0.414,28.613,0.024,120.314
2026-09-02T08:48:18.961231+07:00,c10_sim,42,4.621,86.634,0.459,29.346,0.019,121.079
2026-09-02T08:48:19.106640+07:00,c10_sim,43,4.344,85.734,0.442,28.022,0.018,118.559
2026-09-02T08:48:19.248875+07:00,c10_sim,44,4.200,86.394,0.415,27.587,0.017,118.613
2026-09-02T08:48:19.395203+07:00,c10_sim,45,4.209,86.387,0.387,28.486,0.017,119.485
2026-09-02T08:48:19.541565+07:00,c10_sim,46,4.195,85.726,0.418,29.028,0.020,119.387
2026-09-02T08:48:19.689235+07:00,c10_sim,47,4.134,85.920,0.416,30.060,0.106,120.636
2026-09-02T08:48:19.825797+07:00,c10_sim,48,4.287,85.555,0.442,28.304,0.021,118.610
2026-09-02T08:48:19.972550+07:00,c10_sim,49,4.276,85.725,0.447,29.346,0.018,119.811
2026-09-02T08:48:20.109009+07:00,c10_sim,50,4.131,85.600,0.433,28.031,0.017,118.212
2026-09-02T08:48:20.242770+07:00,c10_sim,51,4.181,85.851,0.463,16.365,0.015,106.875
2026-09-02T08:48:20.408936+07:00,c10_sim,52,5.709,86.335,0.534,17.863,0.018,110.460
2026-09-02T08:48:20.545016+07:00,c10_sim,53,5.396,86.426,0.407,17.659,0.019,109.908
2026-09-02T08:48:20.662023+07:00,c10_sim,54,5.605,85.580,0.424,0.003,0.013,91.626
2026-09-02T08:48:20.851226+07:00,c10_sim,55,6.832,90.842,0.435,16.970,0.017,115.096
2026-09-02T08:48:20.937697+07:00,c10_sim,56,4.921,85.445,0.356,0.003,0.009,90.734
2026-09-02T08:48:21.113402+07:00,c10_sim,57,6.835,92.398,0.569,0.005,0.012,99.819
2026-09-02T08:48:21.232059+07:00,c10_sim,58,6.612,89.437,0.562,0.005,0.016,96.631
2026-09-02T08:48:21.403591+07:00,c12_sim,1,8.380,91.529,0.301,21.027,0.040,121.278
2026-09-02T08:48:21.566175+07:00,c12_sim,2,5.417,90.352,0.410,17.464,0.013,113.655
2026-09-02T08:48:21.693018+07:00,c12_sim,3,4.728,86.984,0.428,17.113,0.011,109.264
2026-09-02T08:48:21.821740+07:00,c12_sim,4,5.176,87.094,0.390,16.497,0.011,109.169
2026-09-02T08:48:21.988950+07:00,c12_sim,5,8.677,87.225,0.571,17.791,0.013,114.277
2026-09-02T08:48:22.103476+07:00,c12_sim,6,5.095,85.896,0.492,27.272,0.031,118.786
2026-09-02T08:48:22.248610+07:00,c12_sim,7,3.855,85.818,0.441,27.832,0.032,117.979
2026-09-02T08:48:22.392091+07:00,c12_sim,8,3.976,85.601,0.414,26.555,0.025,116.571
2026-09-02T08:48:22.525051+07:00,c12_sim,9,3.763,85.716,0.400,16.049,0.011,105.939
2026-09-02T08:48:22.656050+07:00,c12_sim,10,4.613,86.188,0.406,16.849,0.013,108.069
2026-09-02T08:48:22.791017+07:00,c12_sim,11,5.146,86.614,0.472,17.019,0.012,109.264
2026-09-02T08:48:22.948719+07:00,c12_sim,12,5.349,86.945,0.464,17.747,0.012,110.517
2026-09-02T08:48:23.079292+07:00,c12_sim,13,5.141,86.838,0.441,16.382,0.012,108.815
2026-09-02T08:48:23.213659+07:00,c12_sim,14,5.093,86.076,0.408,17.081,0.013,108.672
2026-09-02T08:48:23.347530+07:00,c12_sim,15,5.265,86.807,0.443,17.322,0.014,109.850
2026-09-02T08:48:23.480819+07:00,c12_sim,16,5.114,86.229,0.456,17.725,0.012,109.537
2026-09-02T08:48:23.615584+07:00,c12_sim,17,5.753,86.348,0.464,16.993,0.012,109.570
2026-09-02T08:48:23.779259+07:00,c12_sim,18,5.833,87.356,0.423,18.088,0.012,111.712
2026-09-02T08:48:23.882870+07:00,c12_sim,19,5.286,85.755,0.442,16.751,0.012,108.246
2026-09-02T08:48:24.050300+07:00,c12_sim,20,5.692,88.085,0.400,17.815,0.013,112.005
2026-09-02T08:48:24.185055+07:00,c12_sim,21,4.684,86.108,0.401,17.396,0.011,108.599
2026-09-02T08:48:24.328028+07:00,c12_sim,22,5.062,90.821,0.611,20.693,0.026,117.212
2026-09-02T08:48:24.465103+07:00,c12_sim,23,5.252,86.831,0.608,18.340,0.232,111.263
2026-09-02T08:48:24.601459+07:00,c12_sim,24,5.282,87.385,0.519,17.207,0.019,110.411
2026-09-02T08:48:24.717592+07:00,c12_sim,25,4.940,85.495,0.000,0.000,0.009,90.445
2026-09-02T08:48:24.854186+07:00,c12_sim,26,6.458,89.068,0.508,0.000,0.008,96.042
2026-09-02T08:48:25.025723+07:00,c12_sim,27,6.871,91.800,0.635,19.969,0.067,119.342
2026-09-02T08:48:25.161304+07:00,c12_sim,28,4.471,86.578,0.514,17.838,0.056,109.458
2026-09-02T08:48:25.292010+07:00,c12_sim,29,4.581,85.925,0.447,16.659,0.056,107.669
2026-09-02T08:48:25.419550+07:00,c12_sim,30,4.594,85.948,0.498,14.062,0.069,105.171
2026-09-02T08:48:25.555624+07:00,c12_sim,31,5.018,86.806,0.495,17.866,0.014,110.199
2026-09-02T08:48:25.690168+07:00,c11_sim,1,4.270,87.539,0.232,15.830,0.034,107.905
2026-09-02T08:48:25.824701+07:00,c11_sim,2,4.185,85.935,0.468,18.201,0.011,108.799
2026-09-02T08:48:25.958641+07:00,c11_sim,3,5.481,86.776,0.407,16.445,0.012,109.122
2026-09-02T08:48:26.058029+07:00,c11_sim,4,6.067,85.915,0.299,12.577,0.011,104.869
2026-09-02T08:48:26.192407+07:00,c11_sim,5,5.162,86.900,0.414,16.418,0.040,108.935
2026-09-02T08:48:26.294365+07:00,c11_sim,6,5.239,86.119,0.377,14.894,0.011,106.641
2026-09-02T08:48:26.418977+07:00,c11_sim,7,5.084,85.648,0.372,15.436,0.011,106.552
2026-09-02T08:48:26.541969+07:00,c11_sim,8,5.425,86.194,0.372,15.156,0.011,107.158
2026-09-02T08:48:26.669240+07:00,c11_sim,9,4.693,87.126,0.443,15.887,0.014,108.164
2026-09-02T08:48:26.802056+07:00,c11_sim,10,4.562,85.782,0.384,15.995,0.011,106.733
2026-09-02T08:48:26.904392+07:00,c11_sim,11,5.656,84.845,0.354,16.522,0.012,107.388
2026-09-02T08:48:27.038484+07:00,c11_sim,12,4.755,86.120,0.358,16.917,0.039,108.189
2026-09-02T08:48:27.141114+07:00,c11_sim,13,5.513,85.528,0.363,16.093,0.034,107.531
2026-09-02T08:48:27.274286+07:00,c11_sim,14,4.952,85.948,0.343,16.201,0.037,107.480
2026-09-02T08:48:27.375899+07:00,c11_sim,15,5.458,85.392,0.328,15.295,0.011,106.484
2026-09-02T08:48:27.512880+07:00,c11_sim,16,5.215,87.565,0.554,18.137,0.019,111.491
2026-09-02T08:48:27.611948+07:00,c11_sim,17,6.205,87.949,0.301,10.254,0.051,104.760
2026-09-02T08:48:27.748402+07:00,c11_sim,18,3.231,89.376,0.562,15.784,0.017,108.969
2026-09-02T08:48:27.847167+07:00,c11_sim,19,3.425,86.876,0.281,10.830,0.056,101.469
2026-09-02T08:48:27.983621+07:00,c11_sim,20,6.418,87.203,0.497,17.982,0.019,112.119
2026-09-02T08:48:28.112729+07:00,c11_sim,21,5.122,86.428,0.402,17.715,0.022,109.688
2026-09-02T08:48:28.213713+07:00,c11_sim,22,5.484,86.068,0.368,13.972,0.014,105.906
2026-09-02T08:48:28.345585+07:00,c11_sim,23,4.927,85.633,0.346,15.248,0.036,106.190
2026-09-02T08:48:28.470760+07:00,c11_sim,24,4.652,86.573,0.422,17.242,0.035,108.924
2026-09-02T08:48:28.603050+07:00,c11_sim,25,4.872,86.187,0.392,14.809,0.017,106.278
2026-09-02T08:48:28.703042+07:00,c11_sim,26,6.049,84.796,0.370,14.248,0.014,105.476
2026-09-02T08:48:28.827774+07:00,c11_sim,27,4.622,86.026,0.257,11.186,0.018,102.109
2026-09-02T08:48:28.927993+07:00,c11_sim,28,3.525,87.601,0.464,11.566,0.032,103.189
2026-09-02T08:48:29.054762+07:00,c11_sim,29,3.862,87.214,0.331,9.909,0.017,101.334
2026-09-02T08:48:29.183688+07:00,c11_sim,30,3.478,85.610,0.322,12.396,0.019,101.825
2026-09-02T08:48:29.316284+07:00,c11_sim,31,4.022,86.205,0.389,15.179,0.018,105.813
2026-09-02T08:48:29.418968+07:00,c11_sim,32,4.961,86.146,0.360,15.575,0.015,107.057
2026-09-02T08:48:29.552943+07:00,c11_sim,33,5.004,86.798,0.389,16.087,0.038,108.317
2026-09-02T08:48:29.656481+07:00,c11_sim,34,5.439,85.991,0.383,16.518,0.037,108.370
2026-09-02T08:48:29.789254+07:00,c11_sim,35,4.634,86.438,0.412,15.188,0.034,106.706
2026-09-02T08:48:29.923213+07:00,c11_sim,36,4.577,86.241,0.399,16.637,0.015,107.870
2026-09-02T08:48:30.048542+07:00,c11_sim,37,5.976,111.069,0.413,13.213,0.018,130.689
2026-09-02T08:48:30.146936+07:00,c11_sim,38,10.252,84.486,0.309,13.033,0.016,108.096
2026-09-02T08:48:30.246143+07:00,c11_sim,39,4.253,84.367,0.377,13.866,0.015,102.877
2026-09-02T08:48:30.375833+07:00,c11_sim,40,4.569,85.656,0.388,15.997,0.014,106.625
2026-09-02T08:48:30.509260+07:00,c11_sim,41,4.645,85.812,0.367,16.579,0.024,107.427
2026-09-02T08:48:30.643171+07:00,c11_sim,42,4.937,86.092,0.415,16.730,0.017,108.191
2026-09-02T08:48:30.745839+07:00,c11_sim,43,6.248,85.719,0.357,15.992,0.016,108.332
2026-09-02T08:48:30.848736+07:00,c11_sim,44,4.948,85.729,0.365,16.192,0.017,107.251
2026-09-02T08:48:30.982944+07:00,c11_sim,45,5.665,86.155,0.410,16.968,0.015,109.214
2026-09-02T08:48:31.109087+07:00,c11_sim,46,5.180,85.795,0.408,16.492,0.017,107.891
2026-09-02T08:48:31.240160+07:00,c11_sim,47,4.940,86.315,0.388,16.538,0.017,108.198
2026-09-02T08:48:31.340204+07:00,c11_sim,48,6.032,85.216,0.335,13.888,0.014,105.485
2026-09-02T08:48:31.468062+07:00,c11_sim,49,4.642,85.535,0.366,15.142,0.015,105.701
2026-09-02T08:48:31.597088+07:00,c11_sim,50,4.525,85.375,0.398,14.548,0.014,104.861
2026-09-02T08:48:31.697746+07:00,c11_sim,51,5.669,84.556,0.401,15.085,0.036,105.746
2026-09-02T08:48:31.828413+07:00,c11_sim,52,5.032,86.070,0.374,16.521,0.014,108.012
2026-09-02T08:48:31.962821+07:00,c11_sim,53,5.052,86.258,0.450,16.988,0.015,108.763
2026-09-02T08:48:32.065646+07:00,c11_sim,54,6.641,85.333,0.407,16.476,0.016,108.872
2026-09-02T08:48:32.167152+07:00,c11_sim,55,5.124,84.873,0.357,15.680,0.012,106.047
2026-09-02T08:48:32.295119+07:00,c11_sim,56,5.090,85.920,0.340,16.340,0.013,107.702
2026-09-02T08:48:32.430880+07:00,c11_sim,57,5.159,87.146,0.443,17.502,0.016,110.266
2026-09-02T08:48:32.533668+07:00,c11_sim,58,5.315,85.768,0.339,16.067,0.016,107.505
2026-09-02T08:48:32.659317+07:00,c11_sim,59,13.726,85.835,0.292,10.504,0.017,110.374
2026-09-02T08:48:32.791634+07:00,c11_sim,60,3.283,85.614,0.400,15.653,0.018,104.969
2026-09-02T08:48:32.893146+07:00,c11_sim,61,5.276,85.457,0.349,15.053,0.018,106.152
2026-09-02T08:48:33.026789+07:00,c11_sim,62,5.071,85.729,0.348,16.876,0.017,108.042
2026-09-02T08:48:33.129628+07:00,c11_sim,63,5.243,85.459,0.520,16.010,0.015,107.247
2026-09-02T08:48:33.263904+07:00,c11_sim,64,5.093,85.953,0.513,16.890,0.043,108.492
2026-09-02T08:48:33.398088+07:00,c11_sim,65,5.090,86.482,0.529,16.190,0.016,108.307
2026-09-02T08:48:33.500422+07:00,c11_sim,66,6.437,84.825,0.429,16.235,0.036,107.962
2026-09-02T08:48:33.635533+07:00,c11_sim,67,4.596,86.032,0.471,17.703,0.019,108.820
2026-09-02T08:48:33.738874+07:00,c11_sim,68,5.536,85.637,0.484,16.347,0.037,108.041
2026-09-02T08:48:33.871580+07:00,c11_sim,69,4.599,86.109,0.449,16.741,0.017,107.915
2026-09-02T08:48:33.985162+07:00,c11_sim,70,6.149,84.269,0.355,28.144,0.039,118.956
2026-09-02T08:48:34.095223+07:00,c11_sim,71,4.539,83.884,0.328,25.064,0.036,113.852
2026-09-02T08:48:34.239768+07:00,c11_sim,72,4.072,85.218,0.387,28.053,0.015,117.746
2026-09-02T08:48:34.350234+07:00,c11_sim,73,4.838,83.976,0.352,25.374,0.017,114.558
2026-09-02T08:48:34.459616+07:00,c11_sim,74,4.061,84.058,0.397,24.188,0.014,112.719
2026-09-02T08:48:34.604661+07:00,c11_sim,75,3.852,86.069,0.402,27.722,0.017,118.060
2026-09-02T08:48:34.716445+07:00,c11_sim,76,5.103,84.757,0.370,25.821,0.015,116.066
2026-09-02T08:48:34.827080+07:00,c11_sim,77,4.365,85.097,0.378,24.268,0.027,114.135
2026-09-02T08:48:34.936799+07:00,c11_sim,78,3.738,84.536,0.370,24.034,0.016,112.693
2026-09-02T08:48:35.081448+07:00,c11_sim,79,3.996,86.123,0.397,27.261,0.015,117.792
2026-09-02T08:48:35.193369+07:00,c11_sim,80,4.832,85.482,0.392,25.269,0.042,116.017
2026-09-02T08:48:35.308114+07:00,c11_sim,81,4.483,88.334,0.384,25.255,0.042,118.499
2026-09-02T08:48:35.418825+07:00,c11_sim,82,4.051,84.159,0.382,25.348,0.039,113.979
2026-09-02T08:48:35.561945+07:00,c11_sim,83,4.026,85.410,0.421,27.437,0.014,117.309
2026-09-02T08:48:35.673577+07:00,c11_sim,84,5.138,84.388,0.357,26.115,0.018,116.016
2026-09-02T08:48:35.784278+07:00,c11_sim,85,4.460,84.589,0.396,24.906,0.016,114.366
2026-09-02T08:48:35.927867+07:00,c11_sim,86,3.699,85.252,0.383,27.091,0.021,116.445
2026-09-02T08:48:36.038210+07:00,c11_sim,87,5.320,83.971,0.372,25.214,0.017,114.894
2026-09-02T08:48:36.148612+07:00,c11_sim,88,4.402,84.158,0.350,25.086,0.039,114.034
2026-09-02T08:48:36.258476+07:00,c11_sim,89,4.384,84.099,0.361,24.636,0.015,113.494
2026-09-02T08:48:36.396903+07:00,c11_sim,90,3.901,84.971,0.359,27.451,0.017,116.699
2026-09-02T08:48:36.507648+07:00,c11_sim,91,5.309,83.940,0.388,25.525,0.065,115.227
2026-09-02T08:48:36.618068+07:00,c11_sim,92,4.246,83.995,0.372,25.219,0.036,113.867
2026-09-02T08:48:36.761344+07:00,c11_sim,93,3.919,84.984,0.407,27.021,0.017,116.347
2026-09-02T08:48:36.873344+07:00,c11_sim,94,5.033,84.017,0.366,26.827,0.016,116.259
2026-09-02T08:48:36.983611+07:00,c11_sim,95,4.726,84.159,0.325,24.989,0.016,114.215
2026-09-02T08:48:37.128558+07:00,c11_sim,96,3.862,85.205,0.373,28.554,0.017,118.011
2026-09-02T08:48:37.238594+07:00,c11_sim,97,5.652,84.014,0.340,24.893,0.016,114.915
2026-09-02T08:48:37.347536+07:00,c11_sim,98,4.530,83.843,0.343,23.986,0.019,112.720
2026-09-02T08:48:37.456178+07:00,c11_sim,99,4.091,83.615,0.323,23.929,0.040,111.998
2026-09-02T08:48:37.600102+07:00,c11_sim,100,3.917,85.029,0.397,27.553,0.019,116.915
2026-09-02T08:48:37.712177+07:00,c11_sim,101,4.883,84.645,0.357,25.031,0.017,114.934
2026-09-02T08:48:37.819855+07:00,c11_sim,102,4.240,83.717,0.305,22.880,0.042,111.183
2026-09-02T08:48:37.960444+07:00,c11_sim,103,3.655,84.541,0.383,24.827,0.017,113.422
2026-09-02T08:48:38.071975+07:00,c11_sim,104,4.802,83.733,0.355,26.674,0.057,115.621
2026-09-02T08:48:38.183377+07:00,c11_sim,105,3.696,84.300,0.385,25.892,0.050,114.323
2026-09-02T08:48:38.293762+07:00,c11_sim,106,3.619,84.037,0.340,25.203,0.016,113.215
2026-09-02T08:48:38.437486+07:00,c11_sim,107,3.648,85.019,0.355,27.491,0.016,116.529
2026-09-02T08:48:38.547152+07:00,c11_sim,108,4.748,83.879,0.374,24.631,0.016,113.648
2026-09-02T08:48:38.656974+07:00,c11_sim,109,3.853,83.763,0.337,24.946,0.028,112.927
2026-09-02T08:48:38.800554+07:00,c11_sim,110,3.803,85.214,0.359,27.135,0.017,116.529
2026-09-02T08:48:38.912076+07:00,c11_sim,111,5.509,84.274,0.350,26.016,0.019,116.169
2026-09-02T08:48:39.022431+07:00,c11_sim,112,4.269,84.181,0.341,25.028,0.047,113.866
2026-09-02T08:48:39.164823+07:00,c11_sim,113,3.818,85.637,0.420,27.508,0.018,117.402
2026-09-02T08:48:39.277374+07:00,c11_sim,114,5.322,84.499,0.349,26.907,0.017,117.093
2026-09-02T08:48:39.387901+07:00,c11_sim,115,4.389,83.848,0.342,25.572,0.016,114.166
2026-09-02T08:48:39.497352+07:00,c11_sim,116,4.432,83.804,0.314,24.572,0.015,113.137
2026-09-02T08:48:39.641812+07:00,c11_sim,117,3.804,84.952,0.449,28.185,0.017,117.407
2026-09-02T08:48:39.753211+07:00,c11_sim,118,5.152,84.222,0.349,26.045,0.017,115.785
2026-09-02T08:48:39.864013+07:00,c11_sim,119,4.303,83.745,0.361,25.918,0.017,114.344
2026-09-02T08:48:39.974398+07:00,c11_sim,120,4.000,84.116,0.327,25.179,0.014,113.636
2026-09-02T08:48:40.115193+07:00,c11_sim,121,3.904,85.106,0.377,24.960,0.065,114.412
2026-09-02T08:48:40.224812+07:00,c11_sim,122,4.213,83.766,0.323,24.746,0.018,113.066
2026-09-02T08:48:40.332984+07:00,c11_sim,123,4.174,83.587,0.324,23.504,0.016,111.605
2026-09-02T08:48:40.476837+07:00,c11_sim,124,3.988,84.610,0.361,28.041,0.017,117.017
2026-09-02T08:48:40.589605+07:00,c11_sim,125,5.668,84.159,0.342,27.472,0.018,117.658
2026-09-02T08:48:40.702916+07:00,c11_sim,126,4.552,84.067,0.405,28.035,0.018,117.077
2026-09-02T08:48:40.814643+07:00,c11_sim,127,4.091,84.304,0.377,26.255,0.017,115.044
2026-09-02T08:48:40.956937+07:00,c11_sim,128,3.941,84.753,0.375,26.319,0.018,115.406
2026-09-02T08:48:41.069104+07:00,c11_sim,129,5.111,84.049,0.432,26.867,0.018,116.477
2026-09-02T08:48:41.180721+07:00,c11_sim,130,4.226,84.217,0.357,26.259,0.020,115.079
2026-09-02T08:48:41.290756+07:00,c11_sim,131,3.990,83.912,0.331,25.018,0.015,113.267
2026-09-02T08:48:41.435586+07:00,c11_sim,132,3.932,84.990,0.362,28.614,0.015,117.913
2026-09-02T08:48:41.548491+07:00,c11_sim,133,5.004,83.817,0.441,27.895,0.021,117.178
2026-09-02T08:48:41.662737+07:00,c11_sim,134,4.202,84.702,0.418,28.351,0.022,117.695
2026-09-02T08:48:41.771169+07:00,c11_sim,135,4.122,85.056,0.359,22.303,0.019,111.859
2026-09-02T08:48:41.903420+07:00,c11_sim,136,3.697,85.066,0.413,16.131,0.017,105.324
2026-09-02T08:48:42.005714+07:00,c11_sim,137,5.085,85.317,0.412,15.927,0.072,106.812
2026-09-02T08:48:42.140506+07:00,c11_sim,138,4.946,85.801,0.474,17.864,0.017,109.103
2026-09-02T08:48:42.274665+07:00,c11_sim,139,4.911,87.012,0.396,16.498,0.016,108.833
2026-09-02T08:48:42.376608+07:00,c11_sim,140,5.674,84.593,0.395,16.376,0.016,107.054
2026-09-02T08:48:42.490163+07:00,c11_sim,141,4.235,84.343,0.399,28.065,0.017,117.059
2026-09-02T08:48:42.635170+07:00,c11_sim,142,3.647,85.349,0.450,28.323,0.018,117.788
2026-09-02T08:48:42.746662+07:00,c11_sim,143,5.532,84.390,0.357,26.016,0.021,116.315
2026-09-02T08:48:42.857613+07:00,c11_sim,144,4.075,84.288,0.363,25.527,0.017,114.269
2026-09-02T08:48:43.000783+07:00,c11_sim,145,3.585,84.815,0.454,27.034,0.078,115.967
2026-09-02T08:48:43.113200+07:00,c11_sim,146,5.562,85.133,0.384,26.111,0.018,117.207
2026-09-02T08:48:43.224558+07:00,c11_sim,147,4.676,83.921,0.358,26.228,0.084,115.266
2026-09-02T08:48:43.335576+07:00,c11_sim,148,4.418,84.687,0.365,25.165,0.067,114.702
2026-09-02T08:48:43.446377+07:00,c11_sim,149,3.852,83.945,0.364,25.702,0.017,113.880
2026-09-02T08:48:43.591705+07:00,c11_sim,150,4.111,85.204,0.395,28.866,0.018,118.595
2026-09-02T08:48:43.703090+07:00,c11_sim,151,5.648,83.780,0.350,26.410,0.087,116.276
2026-09-02T08:48:43.813968+07:00,c11_sim,152,3.986,84.070,0.339,25.718,0.015,114.127
2026-09-02T08:48:43.957923+07:00,c11_sim,153,3.903,85.046,0.415,27.885,0.015,117.264
2026-09-02T08:48:44.069777+07:00,c11_sim,154,5.089,84.023,0.402,26.627,0.018,116.158
2026-09-02T08:48:44.181378+07:00,c11_sim,155,3.729,84.019,0.336,26.466,0.016,114.566
2026-09-02T08:48:44.292534+07:00,c11_sim,156,3.901,84.006,0.322,26.077,0.014,114.320
2026-09-02T08:48:44.437618+07:00,c11_sim,157,3.525,84.792,0.476,28.983,0.019,117.795
2026-09-02T08:48:44.550593+07:00,c11_sim,158,5.594,84.044,0.372,27.813,0.016,117.839
2026-09-02T08:48:44.662906+07:00,c11_sim,159,4.827,84.180,0.418,26.870,0.019,116.316
2026-09-02T08:48:44.774314+07:00,c11_sim,160,4.122,84.054,0.380,26.184,0.017,114.757
2026-09-02T08:48:44.920737+07:00,c11_sim,161,3.554,85.362,0.384,29.812,0.019,119.131
2026-09-02T08:48:45.034760+07:00,c11_sim,162,5.430,84.588,0.353,28.239,0.017,118.626
2026-09-02T08:48:45.147699+07:00,c11_sim,163,4.574,84.824,0.385,26.949,0.017,116.749
2026-09-02T08:48:45.260958+07:00,c11_sim,164,4.068,84.321,0.337,27.865,0.019,116.611
2026-09-02T08:48:45.361642+07:00,c11_sim,165,4.248,84.427,0.329,15.134,0.013,104.150
2026-09-02T08:48:45.495525+07:00,c11_sim,166,4.393,85.584,0.469,16.869,0.020,107.335
2026-09-02T08:48:45.631213+07:00,c11_sim,167,4.415,86.206,0.459,18.094,0.018,109.192
2026-09-02T08:48:45.734907+07:00,c11_sim,168,6.474,85.880,0.438,16.501,0.017,109.311
2026-09-02T08:48:45.869259+07:00,c11_sim,169,4.472,85.832,0.404,17.186,0.016,107.909
2026-09-02T08:48:45.971966+07:00,c11_sim,170,6.036,84.967,0.408,16.471,0.016,107.898
2026-09-02T08:48:46.107745+07:00,c11_sim,171,4.538,85.915,0.472,18.453,0.019,109.398
2026-09-02T08:48:46.211346+07:00,c11_sim,172,6.178,85.808,0.424,16.478,0.014,108.902
2026-09-02T08:48:46.327606+07:00,c11_sim,173,4.584,84.855,0.471,0.005,0.013,89.927
2026-09-02T08:48:46.463550+07:00,c11_sim,174,5.659,86.459,0.502,18.033,0.020,110.674
2026-09-02T08:48:46.566255+07:00,c11_sim,175,6.033,85.408,0.367,16.088,0.018,107.913
2026-09-02T08:48:46.698986+07:00,c11_sim,176,4.638,85.631,0.455,17.138,0.018,107.880
2026-09-02T08:48:46.802344+07:00,c11_sim,177,5.597,85.038,0.426,17.020,0.016,108.098
2026-09-02T08:48:46.930323+07:00,c11_sim,178,5.035,85.950,0.467,16.920,0.016,108.388
2026-09-02T08:48:47.042330+07:00,c11_sim,179,4.475,85.988,0.411,0.003,0.015,90.891
2026-09-02T08:48:47.178504+07:00,c11_sim,180,7.052,86.127,0.463,19.339,0.031,113.012
2026-09-02T08:48:47.282761+07:00,c11_sim,181,5.228,85.493,0.416,17.437,0.015,108.589
2026-09-02T08:48:47.394415+07:00,c11_sim,182,5.141,85.553,0.453,0.004,0.012,91.163
2026-09-02T08:48:47.509104+07:00,c11_sim,183,7.338,87.265,0.433,0.003,0.013,95.051
2026-09-02T08:48:47.652048+07:00,c11_sim,184,7.861,90.855,0.548,0.003,0.011,99.279
2026-09-02T08:48:47.772204+07:00,c11_sim,185,7.789,89.086,0.405,0.003,0.014,97.297
2026-09-02T08:48:47.860680+07:00,c11_sim,186,6.115,87.354,0.455,0.003,0.014,93.941
2026-09-02T08:48:48.012002+07:00,c11_sim,187,7.095,91.048,0.619,0.004,0.024,98.791
2026-09-02T08:48:48.128554+07:00,c11_sim,188,8.206,91.687,0.556,0.004,0.016,100.469
2026-09-02T08:48:48.244097+07:00,c11_sim,189,8.018,91.009,0.555,0.004,0.017,99.603
2026-09-02T08:48:48.365896+07:00,c11_sim,190,8.167,91.995,0.594,0.004,0.017,100.777
2026-09-02T08:48:48.480853+07:00,c11_sim,191,8.227,90.851,0.566,0.004,0.016,99.665
2026-09-02T08:48:48.594058+07:00,c11_sim,192,8.155,90.012,0.604,0.004,0.020,98.795
2026-09-02T08:48:48.738141+07:00,c11_sim,193,9.383,91.487,0.556,0.004,0.016,101.446
2026-09-02T08:48:48.853492+07:00,c11_sim,194,7.525,91.258,0.509,0.004,0.015,99.311
2026-09-02T08:48:48.942494+07:00,c11_sim,195,6.959,87.816,0.517,0.004,0.015,95.311
2026-09-02T08:48:49.080946+07:00,c11_sim,196,8.313,91.376,0.555,0.004,0.300,100.548
2026-09-02T08:48:49.200239+07:00,c11_sim,197,7.656,89.714,0.591,0.004,0.052,98.018
2026-09-02T08:48:49.312123+07:00,c11_sim,198,8.058,89.460,0.520,0.004,0.017,98.058
2026-09-02T08:48:49.428978+07:00,c11_sim,199,7.541,88.520,0.509,0.004,0.014,96.589
2026-09-02T08:48:49.580520+07:00,c11_sim,200,7.639,93.703,0.508,0.004,0.014,101.868
2026-09-02T08:48:49.669428+07:00,c11_sim,201,7.100,87.538,0.606,0.005,0.017,95.266
2026-09-02T08:48:49.789781+07:00,c11_sim,202,8.597,89.684,0.503,0.004,0.014,98.802
2026-09-02T08:48:49.934883+07:00,c11_sim,203,8.344,92.959,0.510,0.004,0.015,101.831
2026-09-02T08:48:50.023941+07:00,c11_sim,204,6.770,87.782,0.586,0.005,0.017,95.161
2026-09-02T08:48:50.167083+07:00,c11_sim,205,8.326,90.084,0.574,0.004,0.016,99.004
2026-09-02T08:48:50.284314+07:00,c11_sim,206,8.789,91.828,0.602,0.007,0.018,101.245
2026-09-02T08:48:50.395974+07:00,c11_sim,207,7.106,89.666,0.573,0.004,0.015,97.364
2026-09-02T08:48:50.516795+07:00,c11_sim,208,8.537,89.606,0.516,0.004,0.014,98.677
2026-09-02T08:48:50.634865+07:00,c11_sim,209,8.055,89.535,0.517,0.004,0.015,98.126
2026-09-02T08:48:50.746251+07:00,c11_sim,210,7.159,88.924,0.512,0.004,0.014,96.614
2026-09-02T08:48:50.861820+07:00,c11_sim,211,6.933,88.021,0.578,0.004,0.013,95.549
2026-09-02T08:48:51.007460+07:00,c11_sim,212,7.557,91.292,0.437,0.003,0.012,99.300
2026-09-02T08:48:51.096278+07:00,c11_sim,213,5.958,87.665,0.445,0.003,0.018,94.089
2026-09-02T08:48:51.244574+07:00,c11_sim,214,8.441,92.100,0.587,0.005,0.017,101.149
2026-09-02T08:48:51.358257+07:00,c11_sim,215,8.014,89.394,0.566,0.004,0.015,97.993
2026-09-02T08:48:51.478570+07:00,c11_sim,216,8.307,90.697,0.556,0.004,0.015,99.579
2026-09-02T08:48:51.598539+07:00,c11_sim,217,8.655,92.283,0.599,0.004,0.016,101.558
2026-09-02T08:48:51.719125+07:00,c11_sim,218,8.122,92.325,0.512,0.004,0.014,100.976
2026-09-02T08:48:51.837986+07:00,c11_sim,219,7.513,89.720,0.507,0.004,0.014,97.758
2026-09-02T08:48:51.954283+07:00,c11_sim,220,8.229,89.179,0.528,0.004,0.014,97.954
2026-09-02T08:48:52.073022+07:00,c11_sim,221,7.775,89.253,0.485,0.004,0.013,97.530
2026-09-02T08:48:52.217415+07:00,c11_sim,222,6.820,90.196,0.562,0.004,0.014,97.596
2026-09-02T08:48:52.306600+07:00,c11_sim,223,6.496,88.145,0.407,0.003,0.011,95.062
2026-09-02T08:48:52.422821+07:00,c11_sim,224,6.912,88.950,0.497,0.004,0.014,96.376
2026-09-02T08:48:52.541908+07:00,c11_sim,225,7.914,87.933,0.411,0.003,0.011,96.273
2026-09-02T08:48:52.681455+07:00,c11_sim,226,6.306,89.853,0.552,0.004,0.016,96.732
2026-09-02T08:48:52.792138+07:00,c11_sim,227,7.126,87.676,0.474,0.004,0.014,95.294
2026-09-02T08:48:52.911615+07:00,c11_sim,228,6.908,89.692,0.511,0.004,0.013,97.128
2026-09-02T08:48:53.030442+07:00,c11_sim,229,8.044,89.490,0.563,0.004,0.017,98.119
2026-09-02T08:48:53.151759+07:00,c11_sim,230,8.852,90.105,0.560,0.006,0.014,99.537
2026-09-02T08:48:53.270480+07:00,c11_sim,231,6.921,89.494,0.507,0.004,0.014,96.941
2026-09-02T08:48:53.391243+07:00,c11_sim,232,7.101,89.426,0.532,0.004,0.015,97.079
2026-09-02T08:48:53.509516+07:00,c11_sim,233,8.160,89.069,0.578,0.004,0.015,97.826
2026-09-02T08:48:53.631807+07:00,c11_sim,234,8.632,91.067,0.571,0.004,0.015,100.289
2026-09-02T08:48:53.749337+07:00,c11_sim,235,9.260,89.763,0.525,0.004,0.014,99.568
2026-09-02T08:48:53.868275+07:00,c11_sim,236,7.821,89.832,0.514,0.005,0.014,98.185
2026-09-02T08:48:53.983369+07:00,c11_sim,237,7.459,89.404,0.560,0.005,0.015,97.442
2026-09-02T08:48:54.127632+07:00,c11_sim,238,8.644,94.054,0.565,0.004,0.015,103.282
2026-09-02T08:48:54.246693+07:00,c11_sim,239,7.812,94.606,1.227,0.008,0.021,103.673
2026-09-02T08:48:54.362291+07:00,c11_sim,240,9.233,91.071,0.556,0.005,0.016,100.880
2026-09-02T08:48:54.482351+07:00,c11_sim,241,7.291,88.741,0.526,0.004,0.015,96.577
2026-09-02T08:48:54.594967+07:00,c11_sim,242,6.806,89.324,0.544,0.004,0.016,96.694
2026-09-02T08:48:54.715071+07:00,c11_sim,243,6.834,89.852,0.465,0.004,0.014,97.169
2026-09-02T08:48:54.834714+07:00,c11_sim,244,7.409,88.437,0.435,0.004,0.013,96.298
2026-09-02T08:48:54.954100+07:00,c11_sim,245,7.046,88.246,0.421,0.003,0.013,95.729
2026-09-02T08:48:55.075109+07:00,c11_sim,246,6.380,89.703,0.495,0.004,0.016,96.600
2026-09-02T08:48:55.195747+07:00,c11_sim,247,7.188,89.417,0.449,0.004,0.014,97.072
2026-09-02T08:48:55.308248+07:00,c11_sim,248,7.237,89.805,0.371,0.003,0.010,97.426
2026-09-02T08:48:55.424824+07:00,c11_sim,249,5.568,85.669,0.293,0.002,0.009,91.541
2026-09-02T08:48:55.544323+07:00,c11_sim,250,5.627,86.630,0.348,0.003,0.011,92.618
2026-09-02T08:48:55.681264+07:00,c11_sim,251,6.599,89.589,0.417,0.004,0.013,96.622
2026-09-02T08:48:55.800261+07:00,c11_sim,252,7.752,87.673,0.494,0.004,0.015,95.938
2026-09-02T08:48:55.917980+07:00,c11_sim,253,8.049,89.127,0.421,0.003,0.013,97.613
2026-09-02T08:48:56.032568+07:00,c11_sim,254,6.696,88.638,0.448,0.004,0.014,95.800
2026-09-02T08:48:56.148529+07:00,c11_sim,255,6.822,89.392,0.488,0.004,0.014,96.721
2026-09-02T08:48:56.294321+07:00,c11_sim,256,6.656,91.257,0.329,0.003,0.010,98.254
2026-09-02T08:48:56.381954+07:00,c11_sim,257,6.585,86.629,0.345,0.003,0.011,93.572
2026-09-02T08:48:56.531032+07:00,c11_sim,258,7.737,93.286,0.513,0.004,0.011,101.551
2026-09-02T08:48:56.620168+07:00,c11_sim,259,6.853,88.068,0.454,0.004,0.015,95.393
2026-09-02T08:48:56.761923+07:00,c11_sim,260,7.988,90.457,0.472,0.004,0.015,98.936
2026-09-02T08:48:56.872837+07:00,c11_sim,261,6.910,88.863,0.447,0.004,0.014,96.238
2026-09-02T08:48:56.990526+07:00,c11_sim,262,6.891,88.939,0.486,0.004,0.016,96.336
2026-09-02T08:48:57.104322+07:00,c11_sim,263,7.920,89.316,0.475,0.004,0.014,97.728
2026-09-02T08:48:57.252900+07:00,c11_sim,264,7.669,91.891,0.467,0.004,0.014,100.045
2026-09-02T08:48:57.342411+07:00,c11_sim,265,6.431,88.277,0.559,0.007,0.015,95.288
2026-09-02T08:48:57.463262+07:00,c11_sim,266,8.209,89.484,0.521,0.004,0.015,98.232
2026-09-02T08:48:57.615521+07:00,c11_sim,267,9.555,95.565,0.505,0.005,0.015,105.644
2026-09-02T08:48:57.704421+07:00,c11_sim,268,6.079,87.695,0.404,0.003,0.013,94.195
2026-09-02T08:48:57.823723+07:00,c11_sim,269,7.576,88.087,0.471,0.004,0.013,96.151
2026-09-02T08:48:57.943712+07:00,c11_sim,270,6.609,89.608,0.456,0.004,0.015,96.692
2026-09-02T08:48:58.088550+07:00,c11_sim,271,8.168,92.699,0.410,0.003,0.012,101.293
2026-09-02T08:48:58.177423+07:00,c11_sim,272,6.421,87.726,0.480,0.003,0.014,94.644
2026-09-02T08:48:58.328047+07:00,c11_sim,273,23.014,92.618,0.516,0.004,0.015,116.167
2026-09-02T08:48:58.448548+07:00,c11_sim,274,8.062,91.079,0.421,0.004,0.013,99.578
2026-09-02T08:48:58.537549+07:00,c11_sim,275,7.165,87.871,0.484,0.004,0.013,95.538
2026-09-02T08:48:58.681986+07:00,c11_sim,276,7.935,90.551,0.000,0.000,0.012,98.499
2026-09-02T08:48:58.798563+07:00,c11_sim,277,7.260,90.439,0.362,0.000,0.009,98.070
2026-09-02T08:48:58.885584+07:00,c11_sim,278,6.170,85.807,0.442,0.004,0.086,92.508
2026-09-02T08:48:58.972203+07:00,c11_sim,279,7.368,85.526,0.389,0.003,0.079,93.365
2026-09-02T08:48:59.058701+07:00,c11_sim,280,5.673,85.530,0.368,0.003,0.011,91.584
2026-09-02T08:48:59.145367+07:00,c11_sim,281,7.606,85.572,0.405,0.003,0.079,93.665
2026-09-02T08:48:59.231598+07:00,c11_sim,282,5.774,85.314,0.315,0.002,0.009,91.415
2026-09-02T08:48:59.317668+07:00,c11_sim,283,7.862,85.108,0.347,0.003,0.079,93.398
2026-09-02T08:48:59.404712+07:00,c11_sim,284,5.640,85.961,0.378,0.003,0.079,92.061
2026-09-02T08:48:59.491759+07:00,c11_sim,285,7.035,85.990,0.370,0.003,0.075,93.473
2026-09-02T08:48:59.578423+07:00,c11_sim,286,5.795,85.590,0.431,0.004,0.013,91.833
2026-09-02T08:48:59.665287+07:00,c11_sim,287,6.860,85.757,0.397,0.003,0.078,93.096
2026-09-02T08:48:59.751780+07:00,c11_sim,288,6.739,85.526,0.396,0.003,0.012,92.677
2026-09-02T08:48:59.838027+07:00,c11_sim,289,5.018,85.302,0.362,0.003,0.011,90.696
2026-09-02T08:48:59.925222+07:00,c11_sim,290,6.112,85.486,0.404,0.003,0.164,92.169
2026-09-02T08:49:00.011141+07:00,c11_sim,291,5.506,84.934,0.380,0.003,0.024,90.847
2026-09-02T08:49:00.097952+07:00,c11_sim,292,10.816,85.849,0.387,0.003,0.011,97.066
2026-09-02T08:49:00.184660+07:00,c11_sim,293,5.293,85.554,0.318,0.002,0.263,91.429
2026-09-02T08:49:00.271234+07:00,c11_sim,294,7.796,85.533,0.395,0.003,0.076,93.804
2026-09-02T08:49:00.356961+07:00,c11_sim,295,5.761,84.777,0.320,0.002,0.071,90.932
2026-09-02T08:49:00.443093+07:00,c11_sim,296,7.952,85.164,0.396,0.003,0.011,93.526
2026-09-02T08:49:00.529398+07:00,c11_sim,297,5.533,85.382,0.341,0.003,0.009,91.268
2026-09-02T08:49:00.616289+07:00,c11_sim,298,5.882,85.863,0.353,0.003,0.080,92.182
2026-09-02T08:49:00.702799+07:00,c11_sim,299,5.553,85.525,0.390,0.003,0.011,91.483
2026-09-02T08:49:00.789134+07:00,c11_sim,300,6.155,85.409,0.349,0.003,0.009,91.926
2026-09-02T08:49:00.875699+07:00,c11_sim,301,6.056,85.675,0.292,0.002,0.008,92.034
2026-09-02T08:49:00.962374+07:00,c11_sim,302,5.567,85.482,0.433,0.003,0.082,91.567
2026-09-02T08:49:01.049540+07:00,c11_sim,303,5.938,86.257,0.331,0.002,0.009,92.537
2026-09-02T08:49:01.135564+07:00,c11_sim,304,5.150,85.025,0.382,0.003,0.010,90.570
2026-09-02T08:49:01.222843+07:00,c11_sim,305,5.548,86.209,0.396,0.003,0.078,92.235
2026-09-02T08:49:01.309255+07:00,c11_sim,306,5.676,85.479,0.341,0.003,0.009,91.507
2026-09-02T08:49:01.396259+07:00,c11_sim,307,6.523,86.037,0.386,0.003,0.009,92.957
2026-09-02T08:49:01.482472+07:00,c11_sim,308,5.352,85.235,0.388,0.003,0.011,90.988
2026-09-02T08:49:01.569801+07:00,c11_sim,309,6.236,86.376,0.359,0.003,0.010,92.984
2026-09-02T08:49:01.657879+07:00,c11_sim,310,5.916,87.072,0.406,0.003,0.011,93.408
2026-09-02T08:49:01.745107+07:00,c11_sim,311,6.334,86.367,0.318,0.003,0.009,93.031
2026-09-02T08:49:01.833653+07:00,c11_sim,312,6.268,87.777,0.278,0.002,0.008,94.333
2026-09-02T08:49:01.919991+07:00,c11_sim,313,5.682,85.292,0.443,0.003,0.012,91.432
2026-09-02T08:49:02.007155+07:00,c11_sim,314,6.021,86.185,0.382,0.003,0.011,92.603
2026-09-02T08:49:02.094167+07:00,c11_sim,315,4.968,85.837,0.524,0.004,0.014,91.347
2026-09-02T08:49:02.181792+07:00,c11_sim,316,5.585,86.536,0.416,0.003,0.011,92.550
2026-09-02T08:49:02.268183+07:00,c11_sim,317,5.133,85.390,0.354,0.003,0.010,90.889
2026-09-02T08:49:02.355284+07:00,c11_sim,318,5.740,86.116,0.399,0.003,0.010,92.268
2026-09-02T08:49:02.441968+07:00,c11_sim,319,4.998,85.704,0.389,0.003,0.011,91.105
2026-09-02T08:49:02.529368+07:00,c11_sim,320,6.751,86.304,0.433,0.003,0.012,93.503
2026-09-02T08:49:02.616166+07:00,c11_sim,321,5.292,85.889,0.319,0.003,0.009,91.512
2026-09-02T08:49:02.703316+07:00,c11_sim,322,6.936,86.239,0.314,0.002,0.009,93.499
2026-09-02T08:49:02.789078+07:00,c11_sim,323,5.375,84.813,0.371,0.003,0.012,90.574
2026-09-02T08:49:02.876762+07:00,c11_sim,324,6.336,86.722,0.342,0.003,0.010,93.413
2026-09-02T08:49:02.963539+07:00,c11_sim,325,6.038,85.747,0.387,0.003,0.011,92.186
2026-09-02T08:49:03.050613+07:00,c11_sim,326,6.067,86.090,0.375,0.003,0.010,92.545
2026-09-02T08:49:03.137853+07:00,c11_sim,327,5.948,86.141,0.427,0.004,0.081,92.602
2026-09-02T08:49:03.224544+07:00,c11_sim,328,5.289,85.645,0.342,0.003,0.077,91.355
2026-09-02T08:49:03.312002+07:00,c11_sim,329,5.370,86.430,0.354,0.003,0.084,92.241
2026-09-02T08:49:03.399015+07:00,c11_sim,330,5.457,86.038,0.387,0.003,0.010,91.895
2026-09-02T08:49:03.487333+07:00,c11_sim,331,5.405,87.337,0.359,0.003,0.010,93.114
2026-09-02T08:49:03.573573+07:00,c11_sim,332,5.148,85.300,0.339,0.002,0.009,90.799
2026-09-02T08:49:03.661068+07:00,c11_sim,333,6.099,86.480,0.413,0.003,0.012,93.007
2026-09-02T08:49:03.747865+07:00,c11_sim,334,5.348,85.806,0.389,0.004,0.011,91.558
2026-09-02T08:49:03.911565+07:00,c11_sim,335,6.908,162.674,0.392,0.003,0.012,169.988
2026-09-02T08:49:03.911674+07:00,c12_sim,32,3.991,162.674,0.000,0.000,0.016,166.681
2026-09-02T08:49:04.075574+07:00,c11_sim,336,5.113,162.713,0.533,0.004,0.014,168.377
2026-09-02T08:49:04.076610+07:00,c12_sim,33,5.670,162.713,0.447,0.000,0.009,168.839
2026-09-02T08:49:04.245633+07:00,c11_sim,337,6.109,167.718,0.614,0.004,0.015,174.460
2026-09-02T08:49:04.274723+07:00,c12_sim,34,6.599,167.718,0.497,27.929,0.070,202.813
2026-09-02T08:49:04.436031+07:00,c11_sim,338,5.671,159.952,0.549,0.004,0.013,166.189
2026-09-02T08:49:04.456474+07:00,c12_sim,35,7.078,159.952,0.431,19.444,0.013,186.918
2026-09-02T08:49:04.618817+07:00,c11_sim,339,6.663,161.157,0.447,0.004,0.013,168.284
2026-09-02T08:49:04.618934+07:00,c12_sim,36,7.895,161.157,0.000,0.000,0.008,169.060
2026-09-02T08:49:04.893546+07:00,c10_sim,59,5.199,273.491,0.360,0.000,0.008,279.059
2026-09-02T08:49:04.894265+07:00,c11_sim,340,5.910,273.491,0.226,0.002,0.007,279.636
2026-09-02T08:49:04.894318+07:00,c12_sim,37,6.045,273.491,0.000,0.000,0.004,279.540
2026-09-02T08:49:05.152776+07:00,c10_sim,60,3.151,234.611,0.667,22.222,0.122,260.773
2026-09-02T08:49:05.153707+07:00,c11_sim,341,5.599,234.611,0.295,0.002,0.006,240.514
2026-09-02T08:49:05.153760+07:00,c12_sim,38,7.024,234.611,0.000,0.000,0.005,241.639
2026-09-02T08:49:05.320994+07:00,c10_sim,61,3.051,165.259,0.781,0.009,0.154,169.255
2026-09-02T08:49:05.322056+07:00,c11_sim,342,5.925,165.259,0.358,0.003,0.010,171.555
2026-09-02T08:49:05.486157+07:00,c10_sim,62,3.855,162.517,0.625,0.004,0.222,167.223
2026-09-02T08:49:05.487112+07:00,c11_sim,343,5.006,162.517,0.361,0.003,0.009,167.896
2026-09-02T08:49:05.654585+07:00,c10_sim,63,6.798,166.181,0.610,0.004,0.018,173.610
2026-09-02T08:49:05.655542+07:00,c11_sim,344,6.567,166.181,0.355,0.003,0.012,173.119
2026-09-02T08:49:05.822780+07:00,c10_sim,64,7.050,165.824,0.685,0.004,0.019,173.582
2026-09-02T08:49:05.823818+07:00,c11_sim,345,5.050,165.824,0.406,0.003,0.010,171.293
2026-09-02T08:49:05.993914+07:00,c10_sim,65,6.281,168.744,0.610,0.004,0.021,175.660
2026-09-02T08:49:05.994910+07:00,c11_sim,346,6.837,168.744,0.360,0.003,0.009,175.952
2026-09-02T08:49:06.161539+07:00,c10_sim,66,7.135,165.284,0.646,0.004,0.018,173.087
2026-09-02T08:49:06.162496+07:00,c11_sim,347,5.487,165.284,0.364,0.003,0.010,171.148
2026-09-02T08:49:06.331001+07:00,c10_sim,67,9.041,167.192,0.616,0.004,0.017,176.871
2026-09-02T08:49:06.331928+07:00,c11_sim,348,7.122,167.192,0.309,0.003,0.008,174.633
2026-09-02T08:49:06.526938+07:00,c10_sim,68,10.378,167.292,0.766,25.980,0.019,204.435
2026-09-02T08:49:06.528200+07:00,c11_sim,349,5.134,167.292,0.369,0.003,0.009,172.807
2026-09-02T08:49:06.712367+07:00,c10_sim,69,7.715,162.802,0.676,19.819,0.014,191.027
2026-09-02T08:49:06.713212+07:00,c11_sim,350,6.524,162.802,0.248,0.002,0.007,169.583
2026-09-02T08:49:06.891543+07:00,c10_sim,70,8.417,159.539,0.566,17.319,0.015,185.856
2026-09-02T08:49:06.892342+07:00,c11_sim,351,6.078,159.539,0.232,0.002,0.007,165.857
2026-09-02T08:49:07.073265+07:00,c10_sim,71,9.875,160.451,0.698,18.937,0.016,189.977
2026-09-02T08:49:07.074176+07:00,c11_sim,352,6.313,160.451,0.318,0.002,0.007,167.091
2026-09-02T08:49:07.259207+07:00,c10_sim,72,7.881,162.770,0.643,20.719,0.017,192.030
2026-09-02T08:49:07.260174+07:00,c11_sim,353,5.777,162.770,0.339,0.003,0.008,168.897
2026-09-02T08:49:07.443122+07:00,c10_sim,73,10.849,160.294,0.751,18.645,0.300,190.839
2026-09-02T08:49:07.443963+07:00,c11_sim,354,5.055,160.294,0.254,0.002,0.032,165.637
2026-09-02T08:49:07.625510+07:00,c10_sim,74,9.942,160.508,0.615,19.588,0.013,190.667
2026-09-02T08:49:07.626354+07:00,c11_sim,355,3.733,160.508,0.294,0.002,0.006,164.543
2026-09-02T08:49:07.804807+07:00,c10_sim,75,6.449,159.875,0.486,17.191,0.031,184.032
2026-09-02T08:49:07.805747+07:00,c11_sim,356,3.282,159.875,0.260,0.002,0.106,163.525
2026-09-02T08:49:07.985857+07:00,c10_sim,76,7.403,160.213,0.558,18.431,0.012,186.616
2026-09-02T08:49:07.986720+07:00,c11_sim,357,4.437,160.213,0.233,0.002,0.100,164.985
2026-09-02T08:49:08.167460+07:00,c10_sim,77,6.157,160.283,0.624,18.897,0.033,185.994
2026-09-02T08:49:08.168265+07:00,c11_sim,358,5.291,160.283,0.252,0.002,0.006,165.834
2026-09-02T08:49:08.349661+07:00,c10_sim,78,4.962,162.262,0.542,17.725,0.031,185.521
2026-09-02T08:49:08.364569+07:00,c11_sim,359,6.796,162.262,0.220,14.166,0.007,183.451
2026-09-02T08:49:08.542832+07:00,c10_sim,79,6.491,158.189,0.508,18.675,0.014,183.876
2026-09-02T08:49:08.558612+07:00,c11_sim,360,5.345,158.189,0.308,14.926,0.009,178.776
2026-09-02T08:49:08.739887+07:00,c10_sim,80,7.037,159.503,0.610,20.247,0.039,187.435
2026-09-02T08:49:08.755579+07:00,c11_sim,361,6.456,159.503,0.303,14.820,0.010,181.093
2026-09-02T08:49:08.936272+07:00,c10_sim,81,5.355,159.350,0.606,19.881,0.013,185.206
2026-09-02T08:49:08.951892+07:00,c11_sim,362,5.734,159.350,0.275,14.797,0.010,180.165
2026-09-02T08:49:09.132713+07:00,c10_sim,82,6.793,159.744,0.552,19.693,0.013,186.795
2026-09-02T08:49:09.148527+07:00,c11_sim,363,6.409,159.744,0.292,14.931,0.007,181.383
2026-09-02T08:49:09.328668+07:00,c10_sim,83,6.376,160.390,0.578,18.243,0.024,185.610
2026-09-02T08:49:09.343735+07:00,c11_sim,364,5.916,160.390,0.237,14.302,0.008,180.853
2026-09-02T08:49:09.504082+07:00,c10_sim,84,7.891,159.204,0.483,0.003,0.013,167.594
2026-09-02T08:49:09.523420+07:00,c11_sim,365,5.451,159.204,0.307,18.425,0.008,183.395
2026-09-02T08:49:09.685797+07:00,c10_sim,85,6.545,161.180,0.501,0.004,0.014,168.244
2026-09-02T08:49:09.706593+07:00,c11_sim,366,5.979,161.180,0.273,19.943,0.013,187.388
2026-09-02T08:49:09.868044+07:00,c10_sim,86,5.178,160.246,0.515,0.004,0.014,165.956
2026-09-02T08:49:09.888008+07:00,c11_sim,367,5.531,160.246,0.312,19.026,0.009,185.124
2026-09-02T08:49:10.048311+07:00,c10_sim,87,6.450,159.230,0.434,0.003,0.013,166.130
2026-09-02T08:49:10.067131+07:00,c11_sim,368,6.348,159.230,0.258,17.991,0.009,183.836
2026-09-02T08:49:10.259663+07:00,c10_sim,88,6.562,159.698,0.525,31.421,0.019,198.226
2026-09-02T08:49:10.272036+07:00,c11_sim,369,5.415,159.698,0.205,11.654,0.007,176.979
2026-09-02T08:49:10.449443+07:00,c10_sim,89,4.805,158.104,0.417,18.268,0.011,181.606
2026-09-02T08:49:10.450246+07:00,c11_sim,370,6.562,158.104,0.270,0.000,0.004,164.940
2026-09-02T08:49:10.648508+07:00,c10_sim,90,6.834,160.215,0.660,36.509,0.017,204.235
2026-09-02T08:49:10.661252+07:00,c11_sim,371,5.466,160.215,0.305,11.829,0.037,177.851
2026-09-02T08:49:10.853128+07:00,c10_sim,91,5.705,158.861,0.543,31.568,0.017,196.694
2026-09-02T08:49:10.865387+07:00,c11_sim,372,6.770,158.861,0.250,11.472,0.032,177.385
2026-09-02T08:49:11.042501+07:00,c10_sim,92,6.901,158.210,0.452,17.816,0.012,183.391
2026-09-02T08:49:11.056685+07:00,c11_sim,373,5.114,158.210,0.334,13.293,0.008,176.959
2026-09-02T08:49:11.215715+07:00,c10_sim,93,6.420,158.086,0.375,0.000,0.009,164.891
2026-09-02T08:49:11.231767+07:00,c11_sim,374,6.570,158.086,0.279,15.230,0.010,180.175
2026-09-02T08:49:11.411336+07:00,c10_sim,94,3.477,159.416,0.615,18.850,0.042,182.401
2026-09-02T08:49:11.426044+07:00,c11_sim,375,6.282,159.416,0.266,13.891,0.009,179.865
2026-09-02T08:49:11.585385+07:00,c10_sim,95,4.173,158.098,0.529,0.000,0.013,162.813
2026-09-02T08:49:11.605614+07:00,c11_sim,376,5.343,158.098,0.340,19.325,0.012,183.118
2026-09-02T08:49:11.786267+07:00,c10_sim,96,4.642,159.665,0.617,19.705,0.065,184.693
2026-09-02T08:49:11.800861+07:00,c11_sim,377,5.974,159.665,0.346,13.666,0.009,179.659
2026-09-02T08:49:11.979781+07:00,c10_sim,97,6.368,158.298,0.551,19.410,0.060,184.687
2026-09-02T08:49:11.994532+07:00,c11_sim,378,5.072,158.298,0.313,13.614,0.008,177.305
2026-09-02T08:49:12.173622+07:00,c10_sim,98,5.787,158.094,0.561,19.792,0.063,184.297
2026-09-02T08:49:12.188645+07:00,c11_sim,379,5.524,158.094,0.345,14.092,0.010,178.065
2026-09-02T08:49:12.367212+07:00,c10_sim,99,7.212,158.649,0.513,18.756,0.052,185.181
2026-09-02T08:49:12.381143+07:00,c11_sim,380,4.880,158.649,0.264,13.093,0.010,176.896
2026-09-02T08:49:12.561533+07:00,c10_sim,100,6.592,159.858,0.622,19.245,0.055,186.371
2026-09-02T08:49:12.576401+07:00,c11_sim,381,5.712,159.858,0.352,13.973,0.010,179.905
2026-09-02T08:49:12.756990+07:00,c10_sim,101,6.217,159.526,0.532,19.913,0.013,186.201
2026-09-02T08:49:12.771155+07:00,c11_sim,382,5.060,159.526,0.337,13.242,0.009,178.174
2026-09-02T08:49:12.948086+07:00,c10_sim,102,6.226,158.705,0.445,17.158,0.012,182.546
2026-09-02T08:49:12.962028+07:00,c11_sim,383,6.193,158.705,0.316,13.084,0.009,178.307
2026-09-02T08:49:13.137907+07:00,c10_sim,103,6.778,158.538,0.447,16.259,0.012,182.034
2026-09-02T08:49:13.151824+07:00,c11_sim,384,4.948,158.538,0.278,12.772,0.108,176.644
2026-09-02T08:49:13.328183+07:00,c10_sim,104,6.285,158.517,0.478,16.493,0.021,181.794
2026-09-02T08:49:13.341676+07:00,c11_sim,385,6.107,158.517,0.246,12.697,0.008,177.574
2026-09-02T08:49:13.522638+07:00,c10_sim,105,6.556,161.637,0.524,18.135,0.018,186.869
2026-09-02T08:49:13.536753+07:00,c11_sim,386,5.022,161.637,0.298,13.283,0.008,180.248
2026-09-02T08:49:13.716220+07:00,c10_sim,106,5.353,159.139,0.582,18.568,0.125,183.766
2026-09-02T08:49:13.730818+07:00,c11_sim,387,5.944,159.139,0.286,13.777,0.016,179.161
2026-09-02T08:49:13.909483+07:00,c10_sim,107,5.021,158.374,0.555,18.857,0.124,182.930
2026-09-02T08:49:13.923886+07:00,c11_sim,388,6.062,158.374,0.279,13.565,0.021,178.300
2026-09-02T08:49:14.103434+07:00,c10_sim,108,5.195,158.762,0.544,19.604,0.013,184.118
2026-09-02T08:49:14.117691+07:00,c11_sim,389,6.065,158.762,0.343,13.322,0.015,178.508
2026-09-02T08:49:14.297892+07:00,c10_sim,109,6.085,158.904,0.645,19.918,0.099,185.650
2026-09-02T08:49:14.312701+07:00,c11_sim,390,6.057,158.904,0.290,13.958,0.012,179.222
2026-09-02T08:49:14.491678+07:00,c10_sim,110,4.926,158.633,0.644,18.820,0.015,183.038
2026-09-02T08:49:14.505467+07:00,c11_sim,391,5.308,158.633,0.299,12.912,0.011,177.164
2026-09-02T08:49:14.684593+07:00,c10_sim,111,5.895,159.323,0.575,18.559,0.012,184.364
2026-09-02T08:49:14.698500+07:00,c11_sim,392,5.425,159.323,0.282,13.080,0.011,178.122
2026-09-02T08:49:14.876630+07:00,c10_sim,112,4.625,158.405,0.541,18.504,0.016,182.092
2026-09-02T08:49:14.891079+07:00,c11_sim,393,5.395,158.405,0.268,13.620,0.010,177.698
2026-09-02T08:49:15.069904+07:00,c10_sim,113,4.612,158.583,0.525,19.062,0.017,182.799
2026-09-02T08:49:15.084082+07:00,c11_sim,394,6.049,158.583,0.326,13.266,0.014,178.237
2026-09-02T08:49:15.261904+07:00,c10_sim,114,4.015,158.855,0.483,17.796,0.066,181.215
2026-09-02T08:49:15.275611+07:00,c11_sim,395,5.258,158.855,0.285,12.747,0.012,177.158
2026-09-02T08:49:15.455240+07:00,c10_sim,115,4.277,160.517,0.527,17.896,0.068,183.285
2026-09-02T08:49:15.468900+07:00,c11_sim,396,6.640,160.517,0.307,12.823,0.013,180.300
2026-09-02T08:49:15.646526+07:00,c10_sim,116,5.198,158.224,0.489,18.189,0.092,182.191
2026-09-02T08:49:15.661270+07:00,c11_sim,397,5.396,158.224,0.348,13.795,0.014,177.777
2026-09-02T08:49:15.839473+07:00,c10_sim,117,6.919,159.404,0.452,17.729,0.019,184.524
2026-09-02T08:49:15.853207+07:00,c11_sim,398,6.110,159.404,0.319,12.912,0.012,178.757
2026-09-02T08:49:16.029822+07:00,c10_sim,118,6.680,158.498,0.486,16.965,0.072,182.701
2026-09-02T08:49:16.043722+07:00,c11_sim,399,6.339,158.498,0.243,13.118,0.013,178.210
2026-09-02T08:49:16.222661+07:00,c10_sim,119,6.952,159.059,0.637,18.583,0.016,185.246
2026-09-02T08:49:16.236611+07:00,c11_sim,400,6.565,159.059,0.284,13.122,0.013,179.043
2026-09-02T08:49:16.416180+07:00,c10_sim,120,6.474,158.281,0.529,20.074,0.088,185.446
2026-09-02T08:49:16.417091+07:00,c11_sim,401,6.008,158.281,0.321,0.000,0.005,164.615
2026-09-02T08:49:16.579263+07:00,c10_sim,121,6.676,160.961,0.532,0.004,0.015,168.189
2026-09-02T08:49:16.580356+07:00,c11_sim,402,7.322,160.961,0.449,0.003,0.043,168.778
2026-09-02T08:49:16.743370+07:00,c10_sim,122,6.601,162.833,0.000,0.000,0.013,169.447
2026-09-02T08:49:16.744561+07:00,c11_sim,403,4.338,162.833,0.571,0.000,0.009,167.751
2026-09-02T08:49:16.911136+07:00,c10_sim,123,6.687,166.033,0.000,0.000,0.014,172.734
2026-09-02T08:49:16.913666+07:00,c11_sim,404,4.938,166.033,0.713,0.004,0.047,171.733
2026-09-02T08:49:17.002984+07:00,c11_sim,405,4.022,88.069,0.562,0.003,0.046,92.703
2026-09-02T08:49:17.091616+07:00,c11_sim,406,6.405,87.397,0.474,0.003,0.014,94.294
2026-09-02T08:49:17.197022+07:00,c11_sim,407,7.540,86.671,0.465,17.554,0.038,112.268
2026-09-02T08:49:17.299448+07:00,c11_sim,408,5.883,85.444,0.393,15.954,0.012,107.686
2026-09-02T08:49:17.402907+07:00,c11_sim,409,4.627,85.871,0.411,16.566,0.011,107.486
2026-09-02T08:49:17.504719+07:00,c11_sim,410,4.630,85.687,0.338,15.180,0.011,105.846
2026-09-02T08:49:17.605781+07:00,c11_sim,411,7.055,84.441,0.411,15.608,0.011,107.526
2026-09-02T08:49:17.706850+07:00,c11_sim,412,6.256,84.370,0.444,15.666,0.013,106.749
2026-09-02T08:49:17.808671+07:00,c11_sim,413,5.674,85.263,0.424,15.497,0.012,106.870
2026-09-02T08:49:17.909397+07:00,c11_sim,414,4.410,84.686,0.383,15.049,0.020,104.549
2026-09-02T08:49:18.013111+07:00,c11_sim,415,4.698,86.084,0.700,15.989,0.146,107.617
2026-09-02T08:49:18.114170+07:00,c11_sim,416,6.302,85.477,0.372,14.625,0.016,106.791
2026-09-02T08:49:18.213130+07:00,c11_sim,417,6.845,84.221,0.382,13.783,0.013,105.245
2026-09-02T08:49:18.313351+07:00,c11_sim,418,5.661,84.360,0.363,14.941,0.010,105.334
2026-09-02T08:49:18.414317+07:00,c11_sim,419,5.440,84.629,0.402,15.351,0.011,105.832
2026-09-02T08:49:18.513788+07:00,c11_sim,420,6.033,84.333,0.355,14.210,0.011,104.941
2026-09-02T08:49:18.614540+07:00,c11_sim,421,7.048,85.266,0.376,14.419,0.010,107.118
2026-09-02T08:49:18.715492+07:00,c11_sim,422,8.408,84.691,0.371,15.268,0.031,108.769
2026-09-02T08:49:18.816471+07:00,c11_sim,423,6.489,84.536,0.413,15.401,0.015,106.853
2026-09-02T08:49:18.916847+07:00,c11_sim,424,4.587,84.739,0.388,14.624,0.016,104.354
2026-09-02T08:49:19.018346+07:00,c11_sim,425,5.873,84.770,0.398,15.701,0.015,106.757
2026-09-02T08:49:19.119217+07:00,c11_sim,426,4.492,84.683,0.383,15.196,0.013,104.766
2026-09-02T08:49:19.218802+07:00,c11_sim,427,5.664,84.550,0.374,14.102,0.014,104.704
2026-09-02T08:49:19.320357+07:00,c11_sim,428,4.252,84.875,0.353,15.420,0.014,104.915
2026-09-02T08:49:19.419411+07:00,c11_sim,429,6.529,84.255,0.370,13.847,0.016,105.016
2026-09-02T08:49:19.519222+07:00,c11_sim,430,4.225,85.409,0.360,13.416,0.034,103.444
2026-09-02T08:49:19.619248+07:00,c11_sim,431,5.869,84.419,0.390,14.303,0.013,104.995
2026-09-02T08:49:19.719317+07:00,c11_sim,432,4.411,84.582,0.375,14.549,0.015,103.932
2026-09-02T08:49:19.818964+07:00,c11_sim,433,5.167,85.871,0.360,12.865,0.019,104.282
2026-09-02T08:49:19.920396+07:00,c11_sim,434,4.277,85.387,0.445,14.617,0.015,104.741
2026-09-02T08:49:20.021007+07:00,c11_sim,435,4.992,84.717,0.392,14.858,0.017,104.976
2026-09-02T08:49:20.121929+07:00,c11_sim,436,4.459,85.551,0.365,14.346,0.015,104.736
2026-09-02T08:49:20.223826+07:00,c11_sim,437,5.383,84.787,0.456,15.904,0.041,106.570
2026-09-02T08:49:20.325731+07:00,c11_sim,438,4.541,85.983,0.361,14.928,0.015,105.827
2026-09-02T08:49:20.419763+07:00,c11_sim,439,4.538,83.404,0.313,9.794,0.016,98.064
2026-09-02T08:49:20.515010+07:00,c11_sim,440,4.714,83.507,0.312,10.578,0.016,99.127
2026-09-02T08:49:20.634841+07:00,c11_sim,441,4.635,89.962,0.353,28.166,0.048,123.164
2026-09-02T08:49:20.750085+07:00,c11_sim,442,4.600,101.003,0.324,13.360,0.050,119.337
2026-09-02T08:49:20.850019+07:00,c11_sim,443,5.570,88.731,0.299,9.902,0.016,104.518
2026-09-02T08:49:20.948947+07:00,c11_sim,444,5.179,86.413,0.385,11.406,0.057,103.440
2026-09-02T08:49:21.050355+07:00,c11_sim,445,3.405,88.273,0.317,10.014,0.019,102.028
2026-09-02T08:49:21.153631+07:00,c11_sim,446,3.352,89.272,0.305,10.297,0.013,103.240
2026-09-02T08:49:21.252482+07:00,c11_sim,447,8.691,85.735,0.365,12.105,0.051,106.946
2026-09-02T08:49:21.352635+07:00,c11_sim,448,3.299,86.314,0.381,12.896,0.013,102.904
2026-09-02T08:49:21.452728+07:00,c11_sim,449,3.526,85.712,0.407,12.991,0.017,102.652
2026-09-02T08:49:21.555578+07:00,c11_sim,450,3.883,88.340,0.397,13.493,0.019,106.131
2026-09-02T08:49:21.656734+07:00,c11_sim,451,4.603,85.641,0.387,14.442,0.017,105.090
2026-09-02T08:49:21.758687+07:00,c11_sim,452,4.148,85.175,0.403,15.302,0.026,105.055
2026-09-02T08:49:21.861130+07:00,c11_sim,453,4.553,86.474,0.379,14.920,0.056,106.382
2026-09-02T08:49:21.969088+07:00,c11_sim,454,4.346,86.065,0.627,20.513,0.054,111.605
2026-09-02T08:49:22.068711+07:00,c11_sim,455,5.644,87.153,0.309,11.283,0.042,104.431
2026-09-02T08:49:22.197002+07:00,c11_sim,456,3.518,86.266,0.289,11.094,0.043,101.211
2026-09-02T08:49:22.340087+07:00,c11_sim,457,4.006,85.465,0.365,13.325,0.050,103.212
2026-09-02T08:49:22.505084+07:00,c11_sim,458,8.744,88.495,0.444,25.057,0.059,122.800
2026-09-02T08:49:22.671401+07:00,c11_sim,459,5.391,87.469,0.465,17.601,0.024,110.949
2026-09-02T08:49:22.804884+07:00,c11_sim,460,5.579,86.784,0.456,15.550,0.017,108.387
2026-09-02T08:49:22.964499+07:00,c11_sim,461,5.628,87.208,0.480,16.315,0.017,109.649
2026-09-02T08:49:23.101572+07:00,c11_sim,462,5.520,88.077,0.445,17.807,0.018,111.867
2026-09-02T08:49:23.268722+07:00,c11_sim,463,4.992,88.813,0.424,17.092,0.017,111.338
2026-09-02T08:49:23.434052+07:00,c11_sim,464,5.472,88.040,0.502,18.104,0.017,112.135
2026-09-02T08:49:23.564295+07:00,c11_sim,465,5.496,89.183,0.399,16.561,0.016,111.654
2026-09-02T08:49:23.716505+07:00,c11_sim,466,5.635,88.329,0.429,17.574,0.018,111.985
2026-09-02T08:49:23.868595+07:00,c11_sim,467,5.969,88.021,0.449,17.240,0.061,111.741
2026-09-02T08:49:24.027535+07:00,c11_sim,468,6.124,86.537,0.398,17.458,0.018,110.535
2026-09-02T08:49:24.187911+07:00,c11_sim,469,4.863,88.875,0.396,17.464,0.018,111.615
2026-09-02T08:49:24.319963+07:00,c11_sim,470,4.757,88.467,0.352,12.597,0.015,106.189
2026-09-02T08:49:24.484032+07:00,c11_sim,471,3.290,86.785,0.412,16.053,0.020,106.560
2026-09-02T08:49:24.638453+07:00,c11_sim,472,4.705,88.354,0.360,17.543,0.016,110.978
2026-09-02T08:49:24.800531+07:00,c11_sim,473,5.120,87.381,0.368,15.058,0.071,107.998
2026-09-02T08:49:24.926554+07:00,c11_sim,474,4.393,86.737,0.374,16.249,0.015,107.769
2026-09-02T08:49:25.092554+07:00,c11_sim,475,5.472,88.361,0.391,16.510,0.014,110.748
2026-09-02T08:49:25.249483+07:00,c11_sim,476,5.502,87.803,0.414,18.190,0.018,111.927
2026-09-02T08:49:25.417296+07:00,c11_sim,477,5.721,89.219,0.471,17.406,0.016,112.834
2026-09-02T08:49:25.552133+07:00,c11_sim,478,4.909,87.906,0.376,15.829,0.027,109.046
2026-09-02T08:49:25.709459+07:00,c11_sim,479,5.018,87.126,0.391,16.279,0.016,108.830
2026-09-02T08:49:25.849511+07:00,c11_sim,480,5.463,85.162,0.267,10.082,0.025,100.999
2026-09-02T08:49:26.009208+07:00,c11_sim,481,3.352,87.036,0.318,11.622,0.016,102.344
2026-09-02T08:49:26.143746+07:00,c11_sim,482,3.951,88.502,0.339,15.048,0.020,107.860
2026-09-02T08:49:26.301514+07:00,c11_sim,483,5.530,87.933,0.345,15.577,0.017,109.402
2026-09-02T08:49:26.468364+07:00,c11_sim,484,5.019,87.473,0.446,18.126,0.015,111.079
2026-09-02T08:49:26.608106+07:00,c11_sim,485,4.677,86.777,0.432,0.000,0.009,91.895
2026-09-02T08:49:26.834650+07:00,c11_sim,486,8.851,99.878,0.359,10.752,0.035,119.876
2026-09-02T08:49:27.013925+07:00,c11_sim,487,3.659,87.085,0.365,13.599,0.034,104.742
2026-09-02T08:49:27.231639+07:00,c11_sim,488,7.485,89.050,0.490,15.873,0.016,112.914
2026-09-02T08:49:27.424512+07:00,c11_sim,489,7.164,89.240,0.579,18.444,0.012,115.440
2026-09-02T08:49:27.603074+07:00,c11_sim,490,7.313,89.396,0.000,0.000,0.012,96.721
2026-09-02T08:49:27.867952+07:00,c11_sim,491,10.112,119.816,0.506,15.458,0.024,145.917
2026-09-02T08:49:28.029559+07:00,c11_sim,492,5.767,87.857,0.442,15.432,0.015,109.513
2026-09-02T08:49:28.228545+07:00,c11_sim,493,7.031,88.977,0.529,16.136,0.014,112.686
2026-09-02T08:49:28.429792+07:00,c11_sim,494,7.415,91.854,0.577,17.970,0.014,117.831
2026-09-02T08:49:28.616648+07:00,c11_sim,495,6.654,87.935,0.492,17.613,0.013,112.707
2026-09-02T08:49:28.859209+07:00,c11_sim,496,7.742,115.826,0.587,23.291,0.014,147.461
2026-09-02T08:49:29.023877+07:00,c11_sim,497,7.825,88.216,0.437,15.325,0.014,111.818
2026-09-02T08:49:29.239415+07:00,c11_sim,498,7.304,91.200,0.455,17.662,0.014,116.636
2026-09-02T08:49:29.408769+07:00,c11_sim,499,6.904,89.014,0.000,0.000,0.309,96.227
2026-09-02T08:49:29.653342+07:00,c11_sim,500,10.343,123.464,0.000,0.000,0.037,133.844
2026-09-02T08:49:29.822021+07:00,c11_sim,501,11.103,95.906,0.000,0.000,0.012,107.021
2026-09-02T08:49:30.026646+07:00,c11_sim,502,10.208,93.968,0.000,0.000,0.012,104.188
2026-09-02T08:49:30.220058+07:00,c9_sim,259,7.706,92.851,0.000,0.000,0.011,100.568
2026-09-02T08:49:30.421838+07:00,c9_sim,260,7.676,91.566,0.467,0.000,0.009,99.718
2026-09-02T08:49:30.638611+07:00,c9_sim,261,3.508,106.181,0.582,0.003,0.054,110.328
2026-09-02T08:49:30.819976+07:00,c9_sim,262,7.043,92.064,0.505,0.004,0.041,99.656
2026-09-02T08:49:31.030735+07:00,c9_sim,263,9.050,93.775,0.604,0.004,0.051,103.484
2026-09-02T08:49:31.231867+07:00,c9_sim,264,7.584,94.480,0.622,0.004,0.044,102.734
2026-09-02T08:49:31.434227+07:00,c9_sim,265,6.975,95.888,0.550,0.003,0.014,103.430
2026-09-02T08:49:31.629647+07:00,c9_sim,266,7.296,93.809,0.000,0.000,0.011,101.116
2026-09-02T08:49:31.840808+07:00,c9_sim,267,4.333,106.581,0.481,0.003,0.014,111.411
2026-09-02T08:49:32.017627+07:00,c9_sim,268,6.289,90.530,0.460,0.003,0.013,97.295
2026-09-02T08:49:32.223057+07:00,c9_sim,269,7.175,92.154,0.511,0.004,0.044,99.889
2026-09-02T08:49:32.419598+07:00,c9_sim,270,7.047,94.941,0.510,0.003,0.018,102.519
2026-09-02T08:49:32.638256+07:00,c9_sim,271,7.989,108.305,0.461,0.003,0.044,116.803
2026-09-02T08:49:32.819042+07:00,c9_sim,272,5.282,89.720,0.446,0.003,0.196,95.647
2026-09-02T08:49:33.046246+07:00,c9_sim,273,8.577,92.684,0.343,0.003,0.028,101.633
2026-09-02T08:49:33.210138+07:00,c9_sim,274,6.235,89.342,0.434,0.003,0.039,96.053
2026-09-02T08:49:33.471520+07:00,c9_sim,275,8.939,120.419,0.547,0.004,0.017,129.927
2026-09-02T08:49:33.617736+07:00,c9_sim,276,8.069,92.164,0.517,0.003,0.046,100.799
2026-09-02T08:49:33.833357+07:00,c9_sim,277,8.656,93.701,0.717,0.006,0.143,103.224
2026-09-02T08:49:34.022404+07:00,c9_sim,278,8.294,90.541,0.472,0.003,0.013,99.323
2026-09-02T08:49:34.215185+07:00,c9_sim,279,3.644,88.323,0.367,0.003,0.010,92.347
2026-09-02T08:49:34.436527+07:00,c9_sim,280,6.914,114.987,0.532,0.003,0.014,122.450
2026-09-02T08:49:34.654417+07:00,c9_sim,281,8.144,111.250,0.536,0.004,0.014,119.948
2026-09-02T08:49:34.812111+07:00,c9_sim,282,9.083,90.143,0.528,0.003,0.014,99.771
2026-09-02T08:49:35.056737+07:00,c9_sim,283,7.297,111.229,0.613,0.004,0.016,119.158
2026-09-02T08:49:35.220084+07:00,c9_sim,284,7.914,88.962,0.528,0.004,0.014,97.422
2026-09-02T08:49:35.479791+07:00,c9_sim,285,7.130,120.165,0.591,25.990,0.014,153.891
2026-09-02T08:49:35.646046+07:00,c9_sim,286,5.235,87.605,0.436,17.385,0.013,110.673
2026-09-02T08:49:35.833436+07:00,c9_sim,287,4.703,89.789,0.517,18.472,0.037,113.518
2026-09-02T08:49:36.058476+07:00,c9_sim,288,5.980,92.396,0.634,22.257,0.019,121.286
2026-09-02T08:49:36.255855+07:00,c9_sim,289,6.238,89.786,0.581,17.890,0.037,114.532
2026-09-02T08:49:36.424679+07:00,c9_sim,290,6.087,88.564,0.494,19.039,0.011,114.195
2026-09-02T08:49:36.683671+07:00,c9_sim,291,7.938,117.211,0.590,24.672,0.043,150.453
2026-09-02T08:49:36.854071+07:00,c9_sim,292,5.914,90.907,0.549,18.123,0.013,115.506
2026-09-02T08:49:37.061814+07:00,c9_sim,293,5.643,90.591,0.600,23.247,0.016,120.097
2026-09-02T08:49:37.259480+07:00,c9_sim,294,6.188,91.536,0.523,22.053,0.011,120.311
2026-09-02T08:49:37.447652+07:00,c9_sim,295,6.564,90.153,0.519,20.246,0.011,117.492
2026-09-02T08:49:37.677309+07:00,c9_sim,296,6.121,116.779,0.626,24.232,0.041,147.799
2026-09-02T08:49:37.834663+07:00,c9_sim,297,6.284,87.961,0.502,17.358,0.012,112.117
2026-09-02T08:49:38.097719+07:00,c9_sim,298,6.647,124.367,0.615,24.136,0.012,155.777
2026-09-02T08:49:38.233894+07:00,c9_sim,299,5.348,87.274,0.441,17.760,0.012,110.834
2026-09-02T08:49:38.481636+07:00,c9_sim,300,6.897,113.467,0.613,22.921,0.007,143.906
2026-09-02T08:49:38.646059+07:00,c9_sim,301,6.176,88.393,0.480,19.136,0.017,114.202
2026-09-02T08:49:38.829145+07:00,c9_sim,302,5.721,88.840,0.489,18.041,0.018,113.109
2026-09-02T08:49:39.082397+07:00,c9_sim,303,6.701,119.027,0.583,24.417,0.042,150.771
2026-09-02T08:49:39.251289+07:00,c9_sim,304,5.916,89.169,0.556,18.301,0.015,113.957
2026-09-02T08:49:39.454555+07:00,c9_sim,305,5.385,90.517,0.580,22.927,0.012,119.422
2026-09-02T08:49:39.622093+07:00,c9_sim,306,6.248,87.893,0.509,18.336,0.017,113.003
2026-09-02T08:49:39.863845+07:00,c9_sim,307,6.854,112.780,0.580,22.734,0.014,142.962
2026-09-02T08:49:40.032142+07:00,c9_sim,308,6.226,88.738,0.493,18.282,0.014,113.754
2026-09-02T08:49:40.279950+07:00,c9_sim,309,7.023,121.547,0.595,24.743,0.013,153.921
2026-09-02T08:49:40.450165+07:00,c9_sim,310,5.582,89.490,0.492,19.446,0.040,115.049
2026-09-02T08:49:40.648317+07:00,c9_sim,311,6.067,90.818,0.556,18.891,0.012,116.345
2026-09-02T08:49:40.937769+07:00,c9_sim,312,5.075,179.377,0.746,25.573,0.017,210.788
2026-09-02T08:49:41.054727+07:00,c9_sim,313,6.446,97.001,0.532,18.728,0.015,122.722
2026-09-02T08:49:41.222496+07:00,c9_sim,314,6.231,88.159,0.451,18.445,0.014,113.300
2026-09-02T08:49:41.459490+07:00,c9_sim,315,9.135,105.338,0.575,20.801,0.014,135.863
2026-09-02T08:49:41.628499+07:00,c9_sim,316,6.046,88.203,0.499,19.556,0.012,114.316
2026-09-02T08:49:41.872130+07:00,c9_sim,317,5.427,110.898,0.484,19.550,0.038,136.398
2026-09-02T08:49:42.038002+07:00,c9_sim,318,6.187,88.698,0.531,19.959,0.051,115.425
2026-09-02T08:49:42.297021+07:00,c9_sim,319,7.355,122.477,0.591,24.074,0.045,154.542
2026-09-02T08:49:42.435591+07:00,c9_sim,320,5.395,88.107,0.529,19.208,0.013,113.253
2026-09-02T08:49:42.635541+07:00,c9_sim,321,6.938,90.623,0.540,20.694,0.046,118.841
2026-09-02T08:49:42.878913+07:00,c9_sim,322,6.619,119.469,0.467,21.003,0.017,147.574
2026-09-02T08:49:43.045502+07:00,c9_sim,323,5.365,88.147,0.426,17.200,0.014,111.151
2026-09-02T08:49:43.277474+07:00,c9_sim,324,5.639,111.823,0.537,23.074,0.017,141.091
2026-09-02T08:49:43.439362+07:00,c9_sim,325,5.117,88.814,0.493,20.998,0.015,115.437
2026-09-02T08:49:43.632428+07:00,c9_sim,326,7.226,90.635,0.440,18.040,0.013,116.354
2026-09-02T08:49:43.897052+07:00,c9_sim,327,7.275,120.020,0.540,24.706,0.013,152.554
2026-09-02T08:49:44.033083+07:00,c9_sim,328,5.402,86.789,0.480,18.083,0.014,110.768
2026-09-02T08:49:44.279247+07:00,c9_sim,329,6.874,112.270,0.583,23.311,0.057,143.096
2026-09-02T08:49:44.442521+07:00,c9_sim,330,5.837,88.922,0.493,20.286,0.056,115.593
2026-09-02T08:49:44.644462+07:00,c9_sim,331,6.140,92.365,0.532,24.994,0.013,124.045
2026-09-02T08:49:44.936002+07:00,c9_sim,332,5.367,172.580,0.968,27.491,0.077,206.482
2026-09-02T08:49:45.053032+07:00,c9_sim,333,6.242,96.330,0.478,19.544,0.014,122.608
2026-09-02T08:49:45.245732+07:00,c9_sim,334,5.241,89.579,0.463,17.863,0.016,113.162
2026-09-02T08:49:45.479987+07:00,c9_sim,335,5.345,118.176,0.550,24.553,0.013,148.637
2026-09-02T08:49:45.644680+07:00,c9_sim,336,5.998,88.035,0.476,20.608,0.068,115.185
2026-09-02T08:49:45.837322+07:00,c9_sim,337,6.521,90.873,0.476,20.839,0.015,118.723
2026-09-02T08:49:46.036001+07:00,c9_sim,338,6.846,90.559,0.535,21.754,0.013,119.707
2026-09-02T08:49:46.240379+07:00,c9_sim,339,6.848,91.122,0.565,25.507,0.011,124.052
2026-09-02T08:49:46.430876+07:00,c9_sim,340,6.624,90.077,0.528,23.770,0.019,121.018
2026-09-02T08:49:46.655468+07:00,c9_sim,341,7.151,113.671,0.000,0.000,0.012,120.834
2026-09-02T08:49:46.826716+07:00,c9_sim,342,5.584,90.104,0.000,0.000,0.012,95.700
2026-09-02T08:49:47.052954+07:00,c9_sim,343,8.816,110.013,0.000,0.000,0.012,118.841
2026-09-02T08:49:47.233259+07:00,c8_sim,129,8.306,90.893,0.596,0.004,0.137,99.937
2026-09-02T08:49:47.487173+07:00,c8_sim,130,15.890,122.933,0.633,0.004,0.017,139.477
2026-09-02T08:49:47.631076+07:00,c8_sim,131,10.808,89.570,0.589,0.005,0.015,100.987
2026-09-02T08:49:47.853341+07:00,c8_sim,132,9.251,112.262,0.532,0.004,0.101,122.149
2026-09-02T08:49:48.071722+07:00,c8_sim,133,10.198,109.048,0.623,0.004,0.125,119.999
2026-09-02T08:49:48.242773+07:00,c8_sim,134,11.077,90.130,0.567,0.004,0.105,101.883
2026-09-02T08:49:48.470791+07:00,c8_sim,135,9.904,120.148,0.590,0.004,0.016,130.662
2026-09-02T08:49:48.637451+07:00,c8_sim,136,12.479,92.723,0.559,0.004,0.016,105.781
2026-09-02T08:49:48.878351+07:00,c8_sim,137,8.433,114.679,0.570,24.639,0.013,148.335
2026-09-02T08:49:49.048806+07:00,c8_sim,138,7.455,89.391,0.481,19.896,0.011,117.233
2026-09-02T08:49:49.333932+07:00,c8_sim,139,8.837,152.854,0.304,18.613,0.014,180.623
2026-09-02T08:49:49.435744+07:00,c8_sim,140,4.262,85.437,0.423,14.882,0.168,105.172
2026-09-02T08:49:49.678995+07:00,c8_sim,141,8.689,109.865,0.527,21.766,0.026,140.873
2026-09-02T08:49:49.841676+07:00,c8_sim,142,7.783,87.403,0.459,17.159,0.012,112.816
2026-09-02T08:49:50.093994+07:00,c8_sim,143,8.945,117.559,0.605,24.544,0.012,151.665
2026-09-02T08:49:50.257419+07:00,c8_sim,144,8.263,87.894,0.490,18.670,0.011,115.329
2026-09-02T08:49:50.457561+07:00,c8_sim,145,8.273,91.011,0.541,21.074,0.012,120.911
2026-09-02T08:49:50.696172+07:00,c8_sim,146,8.585,122.860,0.575,24.244,0.010,156.273
2026-09-02T08:49:50.863926+07:00,c8_sim,147,7.566,88.250,0.532,18.390,0.011,114.750
2026-09-02T08:49:51.087684+07:00,c8_sim,148,8.480,113.650,0.603,19.173,0.012,141.918
2026-09-02T08:49:51.249508+07:00,c8_sim,149,8.611,86.911,0.443,18.348,0.012,114.325
2026-09-02T08:49:51.499208+07:00,c8_sim,150,8.710,110.211,0.590,25.008,0.009,144.528
2026-09-02T08:49:51.658725+07:00,c8_sim,151,8.342,88.698,0.572,18.819,0.013,116.443
2026-09-02T08:49:51.847210+07:00,c8_sim,152,7.967,89.944,0.526,18.158,0.010,116.605
2026-09-02T08:49:52.094385+07:00,c8_sim,153,8.505,110.831,0.586,22.928,0.018,142.867
2026-09-02T08:49:52.255280+07:00,c8_sim,154,7.833,87.920,0.529,19.350,0.017,115.649
2026-09-02T08:49:52.446379+07:00,c8_sim,155,7.409,89.183,0.464,17.952,0.018,115.026
2026-09-02T08:49:52.708592+07:00,c8_sim,156,9.110,122.448,0.542,21.215,0.014,153.328
2026-09-02T08:49:52.844034+07:00,c8_sim,157,7.171,86.824,0.451,17.449,0.017,111.912
2026-09-02T08:49:53.070401+07:00,c8_sim,158,8.790,112.740,0.000,0.000,0.014,121.544
2026-09-02T08:49:53.269729+07:00,c8_sim,159,8.957,93.594,0.604,22.833,0.018,126.007
2026-09-02T08:49:53.459488+07:00,c8_sim,160,6.484,89.492,0.313,11.731,0.018,108.038
2026-09-02T08:49:53.631726+07:00,c8_sim,161,6.191,88.756,0.000,0.000,0.011,94.958
2026-09-02T08:49:53.852564+07:00,c8_sim,162,7.255,114.483,0.000,0.000,0.012,121.750
2026-09-02T08:49:54.067814+07:00,c8_sim,163,8.665,117.046,0.000,0.000,0.012,125.723
2026-09-02T08:49:54.247006+07:00,c8_sim,164,10.280,93.259,0.000,0.000,0.023,103.562
2026-09-02T08:49:54.474258+07:00,c8_sim,165,11.213,116.088,0.000,0.000,0.011,127.312
2026-09-02T08:49:54.649171+07:00,c8_sim,166,10.571,90.783,0.000,0.000,0.013,101.367
2026-09-02T08:49:54.869159+07:00,c8_sim,167,6.771,112.340,0.000,0.000,0.013,119.124
2026-09-02T08:49:55.048441+07:00,c8_sim,168,9.111,94.643,0.000,0.000,0.013,103.768
2026-09-02T08:49:55.250398+07:00,c8_sim,169,9.826,110.378,0.000,0.000,0.009,120.213
2026-09-02T08:49:55.433271+07:00,c8_sim,170,8.679,92.448,0.000,0.000,0.014,101.140
2026-09-02T08:49:55.670789+07:00,c8_sim,171,9.972,114.370,0.000,0.000,0.011,124.353
2026-09-02T08:49:55.850289+07:00,c8_sim,172,12.494,91.157,0.000,0.000,0.013,103.663
2026-09-02T08:49:56.071299+07:00,c8_sim,173,12.342,115.528,0.000,0.000,0.012,127.883
2026-09-02T08:49:56.244603+07:00,c8_sim,174,10.849,96.119,0.000,0.000,0.013,106.981
2026-09-02T08:49:56.472245+07:00,c8_sim,175,10.459,119.687,0.000,0.000,0.588,130.735
2026-09-02T08:49:56.653111+07:00,c8_sim,176,10.272,95.866,0.000,0.000,0.040,106.178
2026-09-02T08:49:56.869008+07:00,c8_sim,177,8.459,112.591,0.000,0.000,0.007,121.056
2026-09-02T08:49:57.051967+07:00,c8_sim,178,10.358,93.251,0.000,0.000,0.007,103.616
2026-09-02T08:49:57.271171+07:00,c8_sim,179,8.879,109.150,0.000,0.000,0.008,118.037
2026-09-02T08:49:57.437257+07:00,c8_sim,180,11.309,92.862,0.000,0.000,0.007,104.178
2026-09-02T08:49:57.651686+07:00,c8_sim,181,10.920,111.243,0.000,0.000,0.007,122.171
2026-09-02T08:49:57.826634+07:00,c8_sim,182,7.313,89.294,0.000,0.000,0.006,96.613
2026-09-02T08:49:58.069169+07:00,c8_sim,183,11.333,114.595,0.000,0.000,0.007,125.934
2026-09-02T08:49:58.240212+07:00,c8_sim,184,10.512,90.773,0.000,0.000,0.007,101.292
2026-09-02T08:49:58.526871+07:00,c8_sim,185,10.395,177.881,0.000,0.000,0.009,188.286
2026-09-02T08:49:58.654478+07:00,c8_sim,186,8.982,99.750,0.000,0.000,0.007,108.740
2026-09-02T08:49:58.827802+07:00,c8_sim,187,10.244,90.974,0.000,0.000,0.007,101.225
2026-09-02T08:49:59.055557+07:00,c8_sim,188,10.743,115.138,0.000,0.000,0.007,125.887
2026-09-02T08:49:59.253623+07:00,c10_sim,124,7.243,89.853,1.222,23.856,0.097,122.271
2026-09-02T08:49:59.510295+07:00,c10_sim,125,10.415,123.185,0.575,22.092,0.011,156.278
2026-09-02T08:49:59.648550+07:00,c10_sim,126,6.769,87.610,0.601,19.003,0.046,114.030
2026-09-02T08:49:59.912355+07:00,c10_sim,127,8.825,118.926,0.670,24.617,0.060,153.099
2026-09-02T08:50:00.075599+07:00,c10_sim,128,6.685,88.673,0.495,17.724,0.058,113.635
2026-09-02T08:50:00.243629+07:00,c10_sim,129,7.387,88.622,0.583,18.019,0.012,114.623
2026-09-02T08:50:00.496842+07:00,c10_sim,130,8.003,117.574,0.638,24.467,0.010,150.692
2026-09-02T08:50:00.656010+07:00,c10_sim,131,6.455,88.176,0.610,18.531,0.012,113.784
2026-09-02T08:50:00.913170+07:00,c10_sim,132,7.284,117.200,0.634,24.509,0.011,149.638
2026-09-02T08:50:01.061315+07:00,c10_sim,133,6.508,87.101,0.472,17.620,0.012,111.714
2026-09-02T08:50:01.250184+07:00,c10_sim,134,6.716,89.433,0.530,18.406,0.013,115.098
2026-09-02T08:50:01.561646+07:00,c10_sim,135,7.948,178.995,0.376,19.280,0.016,206.615
2026-09-02T08:50:01.675108+07:00,c10_sim,136,12.572,94.718,0.450,17.414,0.145,125.300
2026-09-02T08:50:01.877989+07:00,c10_sim,137,6.306,88.706,0.620,31.590,0.082,127.304
2026-09-02T08:50:02.094096+07:00,c10_sim,138,6.091,104.372,0.643,22.596,0.014,133.716
2026-09-02T08:50:02.277117+07:00,c10_sim,139,7.396,88.713,0.628,32.602,0.071,129.410
2026-09-02T08:50:02.493869+07:00,c10_sim,140,6.058,103.227,0.604,22.163,0.020,132.072
2026-09-02T08:50:02.662440+07:00,c10_sim,141,6.827,87.868,0.530,19.404,0.015,114.644
2026-09-02T08:50:02.857834+07:00,c10_sim,142,7.582,90.587,0.581,22.216,0.013,120.978
2026-09-02T08:50:03.094781+07:00,c10_sim,143,8.002,122.665,0.721,22.714,0.013,154.115
2026-09-02T08:50:03.262499+07:00,c10_sim,144,7.363,88.082,0.540,18.452,0.017,114.453
2026-09-02T08:50:03.495626+07:00,c10_sim,145,6.946,117.603,0.643,23.908,0.014,149.114
2026-09-02T08:50:03.656359+07:00,c10_sim,146,7.573,88.102,0.491,18.797,0.014,114.976
2026-09-02T08:50:03.836419+07:00,c10_sim,147,7.799,91.237,0.563,0.003,0.100,99.703
2026-09-02T08:50:04.088529+07:00,c10_sim,148,9.311,119.287,0.621,0.004,0.016,129.239
2026-09-02T08:50:04.258791+07:00,c10_sim,149,10.301,92.511,0.493,0.004,0.014,103.323
2026-09-02T08:50:04.442797+07:00,c10_sim,150,10.031,90.081,0.523,0.004,0.015,100.653
2026-09-02T08:50:04.687443+07:00,c10_sim,151,9.401,125.721,0.000,0.000,0.014,135.136
2026-09-02T08:50:04.858707+07:00,c10_sim,152,10.096,96.178,0.000,0.000,0.014,106.287
2026-09-02T08:50:05.057539+07:00,c10_sim,153,10.194,97.119,0.640,0.003,0.045,108.001
2026-09-02T08:50:05.301307+07:00,c12_sim,39,7.735,116.298,0.602,26.567,0.211,151.412
2026-09-02T08:50:05.460443+07:00,c12_sim,40,8.275,88.659,0.564,18.649,0.067,116.214
2026-09-02T08:50:05.714671+07:00,c12_sim,41,7.669,119.266,0.610,26.411,0.010,153.965
2026-09-02T08:50:05.871585+07:00,c12_sim,42,7.354,88.130,0.402,14.809,0.012,110.707
2026-09-02T08:50:06.070975+07:00,c12_sim,43,6.595,89.228,0.556,18.856,0.013,115.248
2026-09-02T08:50:06.246232+07:00,c12_sim,44,6.532,90.179,0.000,0.000,0.016,96.727
2026-09-02T08:50:06.472365+07:00,c12_sim,45,9.187,112.782,0.000,0.000,0.013,121.981
2026-09-02T08:50:06.640549+07:00,c12_sim,46,8.304,88.705,0.000,0.000,0.009,97.018
2026-09-02T08:50:06.873919+07:00,c12_sim,47,8.873,112.375,0.000,0.000,0.013,121.261
2026-09-02T08:50:07.043481+07:00,c12_sim,48,11.016,90.801,0.000,0.000,0.012,101.830
2026-09-02T08:50:07.286129+07:00,c11_sim,503,7.990,117.413,0.559,0.000,0.012,125.975
2026-09-02T08:50:07.504098+07:00,c11_sim,504,11.835,116.399,0.000,0.000,0.011,128.245
2026-09-02T08:50:07.683005+07:00,c11_sim,505,9.581,93.174,0.663,0.003,0.051,103.472
2026-09-02T08:50:07.851951+07:00,c11_sim,506,9.189,88.448,0.476,0.003,0.012,98.128
2026-09-02T08:50:08.144619+07:00,c11_sim,507,7.708,174.875,0.751,0.004,0.059,183.397
2026-09-02T08:50:08.270081+07:00,c11_sim,508,10.733,99.878,0.591,0.003,0.014,111.219
2026-09-02T08:50:08.519738+07:00,c11_sim,509,10.799,122.524,0.572,0.003,0.044,133.943
2026-09-02T08:50:08.684161+07:00,c11_sim,510,9.411,89.588,0.580,23.782,0.043,123.403
2026-09-02T08:50:08.880338+07:00,c11_sim,511,8.230,90.373,0.603,21.705,0.009,120.921
2026-09-02T08:50:09.129456+07:00,c11_sim,512,8.501,124.264,0.602,23.742,0.008,157.117
2026-09-02T08:50:09.289499+07:00,c11_sim,513,7.392,87.764,0.491,17.915,0.134,113.697
2026-09-02T08:50:09.483333+07:00,c11_sim,514,7.241,90.481,0.500,18.258,0.020,116.499
2026-09-02T08:50:09.683397+07:00,c11_sim,515,7.633,89.914,0.587,20.342,0.010,118.486
2026-09-02T08:50:09.879451+07:00,c11_sim,516,7.122,90.472,0.543,18.984,0.035,117.156
2026-09-02T08:50:10.126553+07:00,c11_sim,517,7.691,120.279,0.592,23.473,0.034,152.068
2026-09-02T08:50:10.293307+07:00,c11_sim,518,7.259,88.277,0.509,17.209,0.034,113.288
2026-09-02T08:50:10.480985+07:00,c11_sim,519,6.834,89.190,0.426,17.037,0.016,113.502
2026-09-02T08:50:10.709870+07:00,c11_sim,520,7.828,117.277,0.707,24.099,0.011,149.923
2026-09-02T08:50:10.866412+07:00,c11_sim,521,7.069,87.193,0.489,17.470,0.012,112.234
2026-09-02T08:50:11.113189+07:00,c11_sim,522,8.230,112.772,0.612,24.500,0.012,146.126
2026-09-02T08:50:11.277351+07:00,c11_sim,523,7.521,88.898,0.519,19.735,0.010,116.684
2026-09-02T08:50:11.529254+07:00,c11_sim,524,8.483,123.575,0.605,23.998,0.040,156.700
2026-09-02T08:50:11.677019+07:00,c11_sim,525,7.781,97.768,0.528,18.746,0.042,124.863
2026-09-02T08:50:11.875293+07:00,c11_sim,526,6.420,89.614,0.547,20.528,0.046,117.155
2026-09-02T08:50:12.108315+07:00,c11_sim,527,8.291,118.051,0.612,23.426,0.014,150.394
2026-09-02T08:50:12.277004+07:00,c11_sim,528,7.120,88.458,0.545,18.915,0.015,115.055
2026-09-02T08:50:12.571002+07:00,c11_sim,529,6.437,175.546,0.811,26.645,0.019,209.458
2026-09-02T08:50:12.684312+07:00,c11_sim,530,6.391,94.590,0.520,17.501,0.015,119.017
2026-09-02T08:50:12.878338+07:00,c11_sim,531,6.414,90.631,0.468,18.044,0.037,115.595
2026-09-02T08:50:13.107474+07:00,c11_sim,532,6.281,116.232,0.607,21.376,0.049,144.545
2026-09-02T08:50:13.276307+07:00,c11_sim,533,6.962,88.423,0.508,19.179,0.041,115.113
2026-09-02T08:50:13.522101+07:00,c11_sim,534,8.339,116.887,0.509,19.913,0.048,145.695
2026-09-02T08:50:13.691911+07:00,c11_sim,535,6.407,88.275,0.531,20.310,0.014,115.537
2026-09-02T08:50:13.881064+07:00,c11_sim,536,7.501,88.744,0.431,17.725,0.015,114.415
2026-09-02T08:50:14.111166+07:00,c11_sim,537,7.430,117.125,0.610,25.062,0.055,150.283
2026-09-02T08:50:14.279232+07:00,c11_sim,538,7.472,89.093,0.394,17.674,0.015,114.648
2026-09-02T08:50:14.511713+07:00,c11_sim,539,7.607,117.666,0.622,23.209,0.060,149.165
2026-09-02T08:50:14.699952+07:00,c11_sim,540,6.450,90.144,0.537,21.642,0.013,118.786
2026-09-02T08:50:14.899728+07:00,c11_sim,541,7.295,90.071,0.567,18.237,0.012,116.182
2026-09-02T08:50:15.096621+07:00,c11_sim,542,6.322,90.398,0.602,21.742,0.057,119.121
2026-09-02T08:50:15.327835+07:00,c11_sim,543,7.265,118.452,0.595,24.061,0.008,150.381
2026-09-02T08:50:15.497515+07:00,c11_sim,544,7.808,89.338,0.495,19.095,0.013,116.747
2026-09-02T08:50:15.685735+07:00,c11_sim,545,6.898,89.790,0.499,18.775,0.051,116.012
2026-09-02T08:50:15.881502+07:00,c11_sim,546,7.034,90.607,0.562,20.376,0.009,118.587
2026-09-02T08:50:16.111534+07:00,c11_sim,547,7.977,117.133,0.605,25.278,0.087,151.080
2026-09-02T08:50:16.280363+07:00,c11_sim,548,6.856,88.598,0.462,18.981,0.055,114.951
2026-09-02T08:50:16.513286+07:00,c11_sim,549,7.905,111.646,0.624,22.591,0.013,142.779
2026-09-02T08:50:16.675457+07:00,c11_sim,550,6.534,88.307,0.613,18.753,0.014,114.220
2026-09-02T08:50:16.907436+07:00,c11_sim,551,8.100,111.497,0.563,20.482,0.013,140.655
2026-09-02T08:50:17.055998+07:00,c11_sim,552,7.341,87.471,0.385,0.000,0.007,95.204
2026-09-02T08:50:17.332025+07:00,c11_sim,553,10.037,117.669,0.673,24.746,0.083,153.210
2026-09-02T08:50:17.492105+07:00,c11_sim,554,7.216,88.053,0.584,20.557,0.009,116.419
2026-09-02T08:50:17.692722+07:00,c11_sim,555,7.212,90.986,0.613,22.392,0.010,121.213
2026-09-02T08:50:17.891235+07:00,c11_sim,556,7.442,90.074,0.523,19.855,0.012,117.905
2026-09-02T08:50:18.068561+07:00,c11_sim,557,7.041,89.590,0.487,0.369,0.012,97.498
2026-09-02T08:50:18.315142+07:00,c11_sim,558,9.314,112.462,0.618,25.031,0.008,147.433
2026-09-02T08:50:18.481456+07:00,c11_sim,559,7.570,89.609,0.495,19.070,0.008,116.752
2026-09-02T08:50:18.669630+07:00,c11_sim,560,5.085,86.883,0.000,0.000,0.015,91.982
2026-09-02T08:50:18.885067+07:00,c11_sim,561,8.011,112.383,0.000,0.000,0.012,120.406
2026-09-02T08:50:19.063010+07:00,c11_sim,562,9.446,90.647,0.000,0.000,0.014,100.107
2026-09-02T08:50:19.319898+07:00,c11_sim,563,7.709,122.806,0.596,0.000,0.012,131.123
2026-09-02T08:50:19.510651+07:00,c11_sim,564,9.903,91.796,0.615,21.234,0.081,123.629
2026-09-02T08:50:19.678892+07:00,c11_sim,565,7.802,88.177,0.514,19.266,0.065,115.823
2026-09-02T08:50:19.913655+07:00,c11_sim,566,8.913,113.941,0.388,12.867,0.194,136.302
2026-09-02T08:50:20.142781+07:00,c11_sim,567,6.548,118.141,0.620,24.829,0.024,150.163
2026-09-02T08:50:20.281163+07:00,c11_sim,568,6.918,88.854,0.601,18.155,0.013,114.540
2026-09-02T08:50:20.511616+07:00,c11_sim,569,8.268,93.660,0.625,24.860,0.017,127.430
2026-09-02T08:50:20.746481+07:00,c11_sim,570,7.805,119.311,0.616,24.361,0.012,152.106
2026-09-02T08:50:20.911713+07:00,c11_sim,571,6.820,88.688,0.604,17.957,0.078,114.148
2026-09-02T08:50:21.105644+07:00,c11_sim,572,6.943,88.866,0.602,17.973,0.012,114.396
2026-09-02T08:50:21.303058+07:00,c11_sim,573,6.947,88.156,0.477,17.950,0.012,113.542
2026-09-02T08:50:21.494229+07:00,c11_sim,574,6.919,90.016,0.618,19.618,0.189,117.359
2026-09-02T08:50:21.728667+07:00,c11_sim,575,8.096,120.184,0.643,25.353,0.014,154.290
2026-09-02T08:50:21.892318+07:00,c11_sim,576,8.058,88.462,0.534,18.753,0.011,115.818
2026-09-02T08:50:22.126127+07:00,c11_sim,577,8.110,120.154,0.618,23.904,0.074,152.861
2026-09-02T08:50:22.288865+07:00,c11_sim,578,6.730,88.283,0.555,18.771,0.052,114.391
2026-09-02T08:50:22.529296+07:00,c11_sim,579,9.157,116.775,0.589,22.757,0.014,149.292
2026-09-02T08:50:22.697506+07:00,c11_sim,580,7.667,88.253,0.524,18.637,0.015,115.097
2026-09-02T08:50:22.920491+07:00,c11_sim,581,7.279,119.654,0.573,19.235,0.015,146.756
2026-09-02T08:50:23.086858+07:00,c11_sim,582,7.242,87.304,0.448,17.909,0.018,112.921
2026-09-02T08:50:23.345361+07:00,c11_sim,583,8.170,119.168,0.615,24.564,0.014,152.531
2026-09-02T08:50:23.502132+07:00,c11_sim,584,7.369,87.117,0.281,11.442,0.013,106.222
2026-09-02T08:50:23.695887+07:00,c11_sim,585,5.424,86.931,0.532,18.051,0.015,110.953
2026-09-02T08:50:23.946812+07:00,c11_sim,586,7.541,113.865,0.607,24.009,0.012,146.036
2026-09-02T08:50:24.115652+07:00,c11_sim,587,7.196,88.944,0.532,18.509,0.016,115.197
2026-09-02T08:50:24.300283+07:00,c11_sim,588,6.645,89.428,0.492,18.939,0.015,115.518
2026-09-02T08:50:24.499653+07:00,c11_sim,589,6.432,90.007,0.556,20.270,0.015,117.280
2026-09-02T08:50:24.694818+07:00,c11_sim,590,8.017,90.378,0.653,19.050,0.013,118.111
2026-09-02T08:50:24.936364+07:00,c11_sim,591,8.195,112.671,0.537,18.649,0.017,140.070
2026-09-02T08:50:25.102339+07:00,c11_sim,592,6.609,87.131,0.457,17.525,0.031,111.754
2026-09-02T08:50:25.297472+07:00,c11_sim,593,6.269,90.253,0.530,18.453,0.016,115.520
2026-09-02T08:50:25.491010+07:00,c11_sim,594,8.142,90.371,0.559,20.354,0.013,119.439
2026-09-02T08:50:25.739049+07:00,c11_sim,595,8.384,116.261,0.762,25.299,0.013,150.719
2026-09-02T08:50:25.906991+07:00,c11_sim,596,7.909,89.224,0.542,17.432,0.015,115.122
2026-09-02T08:50:26.140690+07:00,c11_sim,597,7.683,119.677,0.608,22.529,0.017,150.514
2026-09-02T08:50:26.300176+07:00,c11_sim,598,6.635,87.795,0.554,18.372,0.017,113.372
2026-09-02T08:50:26.496045+07:00,c11_sim,599,7.783,90.809,0.541,20.187,0.014,119.333
2026-09-02T08:50:26.726905+07:00,c11_sim,600,8.088,119.110,0.611,23.373,0.013,151.194
2026-09-02T08:50:26.896780+07:00,c11_sim,601,6.598,88.921,0.538,19.498,0.011,115.565
2026-09-02T08:50:27.128099+07:00,c11_sim,602,8.048,122.045,0.599,24.235,0.013,154.939
2026-09-02T08:50:27.296804+07:00,c11_sim,603,6.848,88.314,0.538,18.841,0.012,114.553
2026-09-02T08:50:27.527025+07:00,c11_sim,604,8.432,116.774,0.659,23.760,0.014,149.639
2026-09-02T08:50:27.694262+07:00,c11_sim,605,7.816,88.102,0.607,18.497,0.015,115.038
2026-09-02T08:50:27.944878+07:00,c11_sim,606,8.369,118.828,0.608,22.861,0.010,150.677
2026-09-02T08:50:28.080731+07:00,c11_sim,607,6.925,87.114,0.596,17.450,0.020,112.105
2026-09-02T08:50:28.329856+07:00,c11_sim,608,7.990,110.599,0.597,24.847,0.017,144.050
2026-09-02T08:50:28.497444+07:00,c11_sim,609,7.615,88.629,0.508,17.683,0.014,114.450
2026-09-02T08:50:28.724904+07:00,c11_sim,610,7.502,120.661,0.639,21.778,0.011,150.592
2026-09-02T08:50:28.889733+07:00,c11_sim,611,7.290,87.800,0.446,16.936,0.014,112.486
2026-09-02T08:50:29.082113+07:00,c11_sim,612,6.584,90.629,0.603,18.339,0.025,116.180
2026-09-02T08:50:29.319219+07:00,c11_sim,613,8.810,117.380,0.554,18.077,0.017,144.838
2026-09-02T08:50:29.479207+07:00,c11_sim,614,7.232,87.276,0.399,16.752,0.017,111.676
2026-09-02T08:50:29.731851+07:00,c11_sim,615,8.749,113.543,0.627,24.089,0.012,147.020
2026-09-02T08:50:29.892604+07:00,c11_sim,616,7.793,87.668,0.512,16.817,0.015,112.806
2026-09-02T08:50:30.084978+07:00,c11_sim,617,7.173,90.264,0.509,18.020,0.021,115.987
2026-09-02T08:50:30.283961+07:00,c11_sim,618,7.817,90.371,0.500,20.259,0.012,118.960
2026-09-02T08:50:30.528538+07:00,c11_sim,619,9.668,115.152,0.573,24.027,0.012,149.432
2026-09-02T08:50:30.697294+07:00,c11_sim,620,7.283,88.858,0.521,18.578,0.014,115.253
2026-09-02T08:50:30.924801+07:00,c11_sim,621,7.930,115.007,0.599,22.611,0.010,146.157
2026-09-02T08:50:31.104313+07:00,c11_sim,622,7.065,89.588,0.456,19.104,0.017,116.229
2026-09-02T08:50:31.292074+07:00,c11_sim,623,8.021,90.210,0.468,17.813,0.013,116.525
2026-09-02T08:50:31.538838+07:00,c11_sim,624,8.685,115.966,0.656,25.401,0.013,150.721
2026-09-02T08:50:31.699437+07:00,c11_sim,625,6.580,90.256,0.446,18.960,0.012,116.253
2026-09-02T08:50:31.890697+07:00,c11_sim,626,8.006,91.991,0.411,17.391,0.014,117.813
2026-09-02T08:50:32.127483+07:00,c11_sim,627,7.835,121.132,0.536,24.275,0.014,153.792
2026-09-02T08:50:32.296342+07:00,c11_sim,628,6.698,89.468,0.417,18.163,0.014,114.760
2026-09-02T08:50:32.546914+07:00,c11_sim,629,8.292,117.819,0.547,24.193,0.009,150.860
2026-09-02T08:50:32.682574+07:00,c11_sim,630,6.670,86.934,0.419,17.611,0.012,111.646
2026-09-02T08:50:32.943237+07:00,c11_sim,631,8.175,122.046,0.546,23.131,0.018,153.916
2026-09-02T08:50:33.077147+07:00,c11_sim,632,6.667,86.519,0.408,16.323,0.014,109.932
2026-09-02T08:50:33.329431+07:00,c11_sim,633,8.197,117.536,0.540,24.123,0.015,150.411
2026-09-02T08:50:33.500105+07:00,c11_sim,634,6.430,89.343,0.474,20.224,0.013,116.483
2026-09-02T08:50:33.710326+07:00,c11_sim,635,8.203,91.818,0.532,24.420,0.012,124.984
2026-09-02T08:50:33.902435+07:00,c11_sim,636,7.974,90.766,0.488,20.656,0.011,119.895
2026-09-02T08:50:34.074208+07:00,c11_sim,637,7.978,90.031,0.475,0.004,0.014,98.502
2026-09-02T08:50:34.301735+07:00,c11_sim,638,4.900,96.186,0.262,0.002,0.009,101.359
2026-09-02T08:50:34.477504+07:00,c11_sim,639,4.058,87.344,0.403,0.003,0.011,91.819
2026-09-02T08:50:34.722300+07:00,c11_sim,640,9.794,111.956,0.540,0.004,0.040,122.332
2026-09-02T08:50:34.864929+07:00,c11_sim,641,8.045,86.977,0.387,0.003,0.010,95.422
2026-09-02T08:50:35.118847+07:00,c11_sim,642,6.956,116.283,0.556,0.004,0.015,123.813
2026-09-02T08:50:35.296000+07:00,c11_sim,643,10.412,93.750,0.497,0.003,0.014,104.676
2026-09-02T08:50:35.518488+07:00,c11_sim,644,9.043,121.492,0.508,0.003,0.014,131.061
2026-09-02T08:50:35.679967+07:00,c11_sim,645,9.521,91.212,0.000,0.000,0.011,100.744
2026-09-02T08:50:35.902874+07:00,c11_sim,646,9.006,111.456,0.476,0.003,0.013,120.953
2026-09-02T08:50:36.082647+07:00,c11_sim,647,9.627,92.631,0.000,0.000,0.011,102.270
2026-09-02T08:50:36.319965+07:00,c11_sim,648,9.472,124.606,0.000,0.000,0.012,134.090
2026-09-02T08:50:36.472016+07:00,c11_sim,649,9.751,91.573,0.000,0.000,0.011,101.335
2026-09-02T08:50:36.702148+07:00,c11_sim,650,8.963,112.730,0.000,0.000,0.014,121.707
2026-09-02T08:50:36.880641+07:00,c11_sim,651,10.392,93.054,0.000,0.000,0.012,103.458
2026-09-02T08:50:37.101632+07:00,c11_sim,652,9.266,117.800,0.000,0.000,0.011,127.078
2026-09-02T08:50:37.289119+07:00,c12_sim,49,7.735,107.959,0.484,0.000,0.012,116.190
2026-09-02T08:50:37.530449+07:00,c12_sim,50,7.795,109.624,0.709,23.949,0.217,142.293
2026-09-02T08:50:37.680439+07:00,c12_sim,51,6.659,90.190,0.000,0.000,0.022,96.872
2026-09-02T08:50:37.930821+07:00,c12_sim,52,8.606,128.772,0.000,0.000,0.011,137.389
2026-09-02T08:50:38.135769+07:00,c12_sim,53,8.798,122.996,0.000,0.000,0.012,131.806
2026-09-02T08:50:38.284034+07:00,c12_sim,54,9.072,90.739,0.000,0.000,0.012,99.823
2026-09-02T08:50:38.592211+07:00,c12_sim,55,9.536,180.981,0.000,0.000,0.014,190.531
2026-09-02T08:50:38.694737+07:00,c12_sim,56,8.695,100.935,0.670,0.000,0.012,110.311
2026-09-02T08:50:38.920347+07:00,c12_sim,57,8.853,116.114,0.000,0.000,0.012,124.979
2026-09-02T08:50:39.095270+07:00,c12_sim,58,9.013,93.397,0.000,0.000,0.263,102.673
2026-09-02T08:50:39.303724+07:00,c12_sim,59,8.464,110.094,0.000,0.000,0.021,118.579
2026-09-02T08:50:39.537198+07:00,c12_sim,60,9.355,123.449,0.000,0.000,0.011,132.815
2026-09-02T08:50:39.679698+07:00,c12_sim,61,9.072,90.187,0.000,0.000,0.011,99.270
2026-09-02T08:50:39.937041+07:00,c10_sim,154,7.656,119.238,0.584,0.000,0.014,127.492
2026-09-02T08:50:40.111979+07:00,c10_sim,155,11.483,90.408,0.699,0.004,0.153,102.747
2026-09-02T08:50:40.337692+07:00,c10_sim,156,9.247,118.651,0.649,0.004,0.019,128.570
2026-09-02T08:50:40.502805+07:00,c10_sim,157,10.879,90.836,0.635,0.004,0.015,102.370
2026-09-02T08:50:40.718888+07:00,c10_sim,158,9.616,110.982,0.569,0.004,0.015,121.185
2026-09-02T08:50:40.936260+07:00,c10_sim,159,9.596,115.271,0.597,0.004,0.015,125.483
2026-09-02T08:50:41.112017+07:00,c10_sim,160,9.951,91.370,0.600,0.004,0.016,101.941
2026-09-02T08:50:41.282370+07:00,c10_sim,161,9.560,87.995,0.605,0.005,0.016,98.180
2026-09-02T08:50:41.522223+07:00,c10_sim,162,10.000,116.613,0.643,0.005,0.018,127.279
2026-09-02T08:50:41.704563+07:00,c10_sim,163,9.509,93.347,0.607,0.004,0.016,103.484
2026-09-02T08:50:41.938201+07:00,c10_sim,164,9.503,120.387,0.611,0.004,0.020,130.525
2026-09-02T08:50:42.115650+07:00,c10_sim,165,9.209,94.131,0.587,0.004,0.241,104.172
2026-09-02T08:50:42.284878+07:00,c10_sim,166,9.766,87.580,0.443,0.003,0.017,97.809
2026-09-02T08:50:42.538331+07:00,c10_sim,167,10.601,119.101,0.621,0.004,0.015,130.341
2026-09-02T08:50:42.717669+07:00,c10_sim,168,9.798,91.277,0.595,0.004,0.197,101.871
2026-09-02T08:50:42.913705+07:00,c10_sim,169,9.895,89.973,0.540,21.792,0.014,122.215
2026-09-02T08:50:43.161913+07:00,c10_sim,170,8.089,110.535,0.646,23.865,0.008,143.144
2026-09-02T08:50:43.331330+07:00,c10_sim,171,6.756,89.176,0.482,18.933,0.010,115.357
2026-09-02T08:50:43.560652+07:00,c10_sim,172,7.596,113.513,0.626,24.322,0.013,146.070
2026-09-02T08:50:43.719415+07:00,c10_sim,173,7.291,87.892,0.446,18.578,0.011,114.217
2026-09-02T08:50:43.902940+07:00,c10_sim,174,6.030,87.947,0.577,19.483,0.010,114.047
2026-09-02T08:50:44.161763+07:00,c10_sim,175,8.081,120.243,0.701,25.275,0.039,154.338
2026-09-02T08:50:44.299577+07:00,c10_sim,176,6.647,87.448,0.561,19.050,0.010,113.716
2026-09-02T08:50:44.520314+07:00,c11_sim,653,8.133,110.510,0.528,0.000,0.012,119.183
2026-09-02T08:50:44.701220+07:00,c11_sim,654,10.562,90.800,0.643,0.004,0.135,102.144
2026-09-02T08:50:44.938279+07:00,c11_sim,655,9.416,111.648,0.618,0.004,0.129,121.816
2026-09-02T08:50:45.114218+07:00,c11_sim,656,11.479,89.019,0.407,0.003,0.012,100.920
2026-09-02T08:50:45.334076+07:00,c11_sim,657,10.402,119.246,0.000,0.000,0.014,129.662
2026-09-02T08:50:45.516295+07:00,c11_sim,658,9.925,94.714,0.592,0.004,0.146,105.381
2026-09-02T08:50:45.737461+07:00,c11_sim,659,10.761,109.235,0.676,0.004,0.016,120.692
2026-09-02T08:50:45.898153+07:00,c11_sim,660,10.540,90.185,0.444,0.003,0.013,101.185
2026-09-02T08:50:46.151403+07:00,c11_sim,661,9.675,117.940,0.597,0.005,0.229,128.446
2026-09-02T08:50:46.300034+07:00,c11_sim,662,10.292,91.295,0.585,0.004,0.038,102.214
2026-09-02T08:50:46.561926+07:00,c11_sim,663,8.695,120.103,0.598,25.684,0.014,155.094
2026-09-02T08:50:46.725768+07:00,c11_sim,664,7.816,88.572,0.558,19.331,0.011,116.288
2026-09-02T08:50:46.962265+07:00,c11_sim,665,7.743,121.593,0.595,23.353,0.009,153.293
2026-09-02T08:50:47.132117+07:00,c11_sim,666,7.448,89.872,0.526,18.473,0.008,116.328
2026-09-02T08:50:47.332327+07:00,c11_sim,667,7.417,91.169,0.545,20.889,0.006,120.026
2026-09-02T08:50:47.519408+07:00,c11_sim,668,7.094,89.764,0.586,21.780,0.010,119.233
2026-09-02T08:50:47.715145+07:00,c11_sim,669,8.319,90.515,0.487,19.527,0.008,118.856
2026-09-02T08:50:47.962612+07:00,c11_sim,670,8.086,112.600,0.585,22.961,0.009,144.242
2026-09-02T08:50:48.125645+07:00,c11_sim,671,7.502,88.551,0.513,18.633,0.010,115.208
2026-09-02T08:50:48.317043+07:00,c11_sim,672,7.142,89.982,0.577,19.215,0.007,116.922
2026-09-02T08:50:48.515388+07:00,c11_sim,673,7.708,90.362,0.544,20.121,0.008,118.744
2026-09-02T08:50:48.778879+07:00,c11_sim,674,8.324,121.924,0.593,25.380,0.007,156.227
2026-09-02T08:50:48.915298+07:00,c11_sim,675,6.817,87.131,0.457,18.172,0.011,112.589
2026-09-02T08:50:49.109985+07:00,c11_sim,676,5.198,86.428,0.418,16.950,0.010,109.005
2026-09-02T08:50:49.359257+07:00,c11_sim,677,7.956,110.483,0.610,22.755,0.010,141.814
2026-09-02T08:50:49.518950+07:00,c11_sim,678,7.189,88.238,0.524,19.511,0.009,115.470
2026-09-02T08:50:49.831418+07:00,c11_sim,679,7.829,182.034,0.680,21.386,0.019,211.948
2026-09-02T08:50:49.947263+07:00,c11_sim,680,7.477,96.217,0.456,18.512,0.016,122.678
2026-09-02T08:50:50.113280+07:00,c11_sim,681,6.482,87.060,0.509,17.712,0.016,111.779
2026-09-02T08:50:50.353802+07:00,c11_sim,682,12.740,114.943,0.496,19.030,0.017,147.226
2026-09-02T08:50:50.517143+07:00,c11_sim,683,6.752,87.331,0.506,17.761,0.015,112.365
2026-09-02T08:50:50.710996+07:00,c11_sim,684,6.967,89.539,0.479,18.983,0.016,115.984
2026-09-02T08:50:50.959818+07:00,c11_sim,685,8.612,113.786,0.595,23.391,0.015,146.399
2026-09-02T08:50:51.123130+07:00,c11_sim,686,7.488,89.664,0.489,12.345,0.017,110.003
2026-09-02T08:50:51.352534+07:00,c11_sim,687,7.673,118.805,0.578,15.941,0.022,143.019
2026-09-02T08:50:51.525489+07:00,c11_sim,688,6.538,89.169,0.572,24.482,0.022,120.783
2026-09-02T08:50:51.722395+07:00,c11_sim,689,7.695,92.789,0.595,24.434,0.013,125.525
2026-09-02T08:50:51.924605+07:00,c11_sim,690,9.044,92.017,0.534,21.557,0.009,123.161
2026-09-02T08:50:52.118107+07:00,c11_sim,691,7.769,90.351,0.587,18.729,0.015,117.451
2026-09-02T08:50:52.312234+07:00,c11_sim,692,8.376,89.344,0.576,18.273,0.019,116.588
2026-09-02T08:50:52.564365+07:00,c11_sim,693,7.425,120.099,0.614,24.538,0.014,152.691
2026-09-02T08:50:52.731796+07:00,c11_sim,694,7.474,88.615,0.472,18.436,0.015,115.012
2026-09-02T08:50:52.921844+07:00,c11_sim,695,6.537,89.807,0.443,17.293,0.022,114.102
2026-09-02T08:50:53.108165+07:00,c11_sim,696,8.059,88.098,0.494,17.191,0.017,113.858
2026-09-02T08:50:53.360882+07:00,c11_sim,697,8.710,115.808,0.584,25.125,0.027,150.254
2026-09-02T08:50:53.522280+07:00,c11_sim,698,6.920,91.027,0.467,11.299,0.018,109.731
2026-09-02T08:50:53.721884+07:00,c11_sim,699,7.627,91.177,0.557,21.227,0.023,120.611
2026-09-02T08:50:53.920184+07:00,c11_sim,700,9.168,90.396,0.595,23.046,0.015,123.220
2026-09-02T08:50:54.162158+07:00,c11_sim,701,8.295,117.714,0.583,23.227,0.017,149.836
2026-09-02T08:50:54.332776+07:00,c11_sim,702,8.287,94.931,0.955,18.393,0.029,122.595
2026-09-02T08:50:54.526303+07:00,c11_sim,703,5.894,87.776,0.588,17.231,0.017,111.505
2026-09-02T08:50:54.761454+07:00,c11_sim,704,7.029,111.484,0.601,22.721,0.014,141.849
2026-09-02T08:50:54.921057+07:00,c11_sim,705,7.184,87.968,0.469,16.427,0.017,112.064
2026-09-02T08:50:55.114325+07:00,c11_sim,706,4.757,86.978,0.434,14.994,0.016,107.179
2026-09-02T08:50:55.340135+07:00,c11_sim,707,6.269,113.015,0.571,21.426,0.014,141.296
2026-09-02T08:50:55.578801+07:00,c11_sim,708,6.908,122.164,0.573,25.031,0.015,154.691
2026-09-02T08:50:55.712990+07:00,c11_sim,709,6.934,88.207,0.510,18.918,0.014,114.583
2026-09-02T08:50:55.960447+07:00,c11_sim,710,7.759,118.048,0.624,23.346,0.012,149.789
2026-09-02T08:50:56.114532+07:00,c11_sim,711,6.688,88.022,0.537,18.042,0.017,113.305
2026-09-02T08:50:56.318605+07:00,c11_sim,712,8.294,109.138,0.000,0.000,0.010,117.442
2026-09-02T08:50:56.538516+07:00,c11_sim,713,9.868,114.049,0.000,0.000,0.012,123.929
2026-09-02T08:50:56.709976+07:00,c11_sim,714,9.688,92.514,0.000,0.000,0.012,102.214
2026-09-02T08:50:56.933885+07:00,c11_sim,715,8.955,114.148,0.000,0.000,0.011,123.114
2026-09-02T08:50:57.110889+07:00,c11_sim,716,11.103,88.852,0.000,0.000,0.010,99.965
2026-09-02T08:50:57.335333+07:00,c11_sim,717,11.075,118.508,0.000,0.000,0.013,129.596
2026-09-02T08:50:57.508590+07:00,c11_sim,718,8.623,89.966,0.000,0.000,0.011,98.600
2026-09-02T08:50:57.741068+07:00,c9_sim,344,6.959,114.069,0.000,0.000,0.012,121.040
2026-09-02T08:50:57.910031+07:00,c9_sim,345,11.345,87.605,0.000,0.000,0.010,98.959
2026-09-02T08:50:58.133529+07:00,c9_sim,346,8.429,118.908,0.000,0.000,0.012,127.350
2026-09-02T08:50:58.353383+07:00,c9_sim,347,7.713,114.906,0.000,0.000,0.012,122.631
2026-09-02T08:50:58.519022+07:00,c9_sim,348,8.679,94.593,0.000,0.000,0.012,103.283
2026-09-02T08:50:58.736595+07:00,c9_sim,349,8.309,114.536,0.000,0.000,0.013,122.857
2026-09-02T08:50:58.956007+07:00,c9_sim,350,8.855,114.505,0.000,0.000,0.012,123.372
2026-09-02T08:50:59.121014+07:00,c9_sim,351,8.635,93.781,0.000,0.000,0.012,102.429
2026-09-02T08:50:59.351206+07:00,c9_sim,352,8.526,121.060,0.000,0.000,0.012,129.598
2026-09-02T08:50:59.521167+07:00,c9_sim,353,8.480,94.311,0.528,0.000,0.011,103.330
2026-09-02T08:50:59.734460+07:00,c9_sim,354,9.277,112.448,0.531,0.003,0.041,122.300
2026-09-02T08:50:59.950951+07:00,c9_sim,355,9.108,116.872,0.000,0.000,0.295,126.275
2026-09-02T08:51:00.116916+07:00,c9_sim,356,8.183,90.702,0.000,0.000,0.027,98.912
2026-09-02T08:51:00.335738+07:00,c9_sim,357,8.922,116.222,0.000,0.000,0.012,125.156
2026-09-02T08:51:00.554456+07:00,c9_sim,358,8.568,109.926,0.000,0.000,0.012,118.506
2026-09-02T08:51:00.704375+07:00,c9_sim,359,8.928,87.544,0.000,0.000,0.008,96.479
2026-09-02T08:51:00.974931+07:00,c9_sim,360,9.739,115.084,0.580,23.261,0.067,148.732
2026-09-02T08:51:01.124748+07:00,c9_sim,361,6.271,89.407,0.000,0.000,0.012,95.689
2026-09-02T08:51:01.335849+07:00,c9_sim,362,8.319,111.977,0.000,0.000,0.012,120.307
2026-09-02T08:51:01.555600+07:00,c9_sim,363,8.227,114.788,0.000,0.000,0.011,123.027
2026-09-02T08:51:01.753436+07:00,c9_sim,364,8.586,91.961,0.611,24.287,0.038,125.483
2026-09-02T08:51:01.936728+07:00,c9_sim,365,6.525,88.741,0.418,14.887,0.029,110.599
2026-09-02T08:51:02.124375+07:00,c9_sim,366,5.070,87.372,0.485,17.361,0.014,110.302
2026-09-02T08:51:02.379489+07:00,c9_sim,367,6.678,116.597,0.619,23.034,0.010,146.938
2026-09-02T08:51:02.541386+07:00,c9_sim,368,5.609,89.071,0.490,19.411,0.035,114.615
2026-09-02T08:51:02.741151+07:00,c9_sim,369,5.809,90.572,0.607,21.329,0.039,118.356
2026-09-02T08:51:02.975269+07:00,c9_sim,370,6.892,120.650,0.587,23.231,0.010,151.371
2026-09-02T08:51:03.117768+07:00,c9_sim,371,5.761,88.469,0.000,0.000,0.012,94.241
2026-09-02T08:51:03.360695+07:00,c9_sim,372,9.024,107.895,0.636,23.701,0.036,141.292
2026-09-02T08:51:03.531237+07:00,c9_sim,373,5.661,89.292,0.516,19.930,0.007,115.406
2026-09-02T08:51:03.779743+07:00,c9_sim,374,6.910,116.037,0.582,23.814,0.007,147.350
2026-09-02T08:51:03.946950+07:00,c9_sim,375,6.046,88.101,0.481,17.936,0.009,112.574
2026-09-02T08:51:04.174157+07:00,c9_sim,376,5.923,118.947,0.600,23.410,0.009,148.889
2026-09-02T08:51:04.343580+07:00,c9_sim,377,5.910,89.692,0.510,18.390,0.010,114.512
2026-09-02T08:51:04.541339+07:00,c9_sim,378,5.769,90.480,0.598,24.239,0.039,121.124
2026-09-02T08:51:04.739075+07:00,c9_sim,379,7.001,91.414,0.497,19.659,0.011,118.581
2026-09-02T08:51:04.930278+07:00,c9_sim,380,6.467,90.282,0.495,18.788,0.017,116.049
2026-09-02T08:51:05.175916+07:00,c9_sim,381,7.075,112.510,0.631,21.887,0.011,142.114
2026-09-02T08:51:05.346407+07:00,c9_sim,382,5.414,90.541,0.527,20.175,0.043,116.701
2026-09-02T08:51:05.575564+07:00,c9_sim,383,6.236,117.881,0.596,23.190,0.015,147.918
2026-09-02T08:51:05.745758+07:00,c9_sim,384,6.110,89.018,0.489,19.986,0.015,115.619
2026-09-02T08:51:05.973602+07:00,c9_sim,385,6.645,116.939,0.588,22.490,0.012,146.673
2026-09-02T08:51:06.136201+07:00,c9_sim,386,5.847,87.866,0.475,17.715,0.012,111.915
2026-09-02T08:51:06.322814+07:00,c9_sim,387,5.339,89.334,0.470,17.826,0.036,113.006
2026-09-02T08:51:06.575926+07:00,c9_sim,388,7.013,121.074,0.597,23.591,0.014,152.289
2026-09-02T08:51:06.744340+07:00,c9_sim,389,6.074,89.201,0.516,17.861,0.013,113.665
2026-09-02T08:51:06.939493+07:00,c9_sim,390,6.068,90.241,0.624,20.756,0.014,117.702
2026-09-02T08:51:07.136493+07:00,c9_sim,391,6.657,90.264,0.583,22.508,0.010,120.022
2026-09-02T08:51:07.329469+07:00,c9_sim,392,6.881,91.467,0.491,19.037,0.012,117.888
2026-09-02T08:51:07.563322+07:00,c9_sim,393,7.093,121.267,0.591,24.816,0.010,153.777
2026-09-02T08:51:07.722087+07:00,c9_sim,394,6.328,88.572,0.484,17.511,0.014,112.908
2026-09-02T08:51:07.954950+07:00,c9_sim,395,6.823,105.407,0.468,18.978,0.015,131.691
2026-09-02T08:51:08.122165+07:00,c9_sim,396,6.087,87.990,0.458,18.033,0.018,112.586
2026-09-02T08:51:08.376490+07:00,c9_sim,397,6.833,114.463,0.585,23.520,0.016,145.417
2026-09-02T08:51:08.541685+07:00,c9_sim,398,6.355,89.578,0.621,19.946,0.045,116.545
2026-09-02T08:51:08.779084+07:00,c9_sim,399,6.174,123.421,0.588,24.872,0.066,155.121
2026-09-02T08:51:08.944630+07:00,c9_sim,400,5.448,89.290,0.433,18.475,0.047,113.692
2026-09-02T08:51:09.138655+07:00,c9_sim,401,6.081,89.892,0.540,20.305,0.060,116.877
2026-09-02T08:51:09.336898+07:00,c9_sim,402,6.335,90.415,0.487,19.083,0.015,116.335
2026-09-02T08:51:09.534727+07:00,c9_sim,403,6.636,90.219,0.537,20.921,0.059,118.372
2026-09-02T08:51:09.734201+07:00,c9_sim,404,6.866,90.464,0.629,23.715,0.012,121.685
2026-09-02T08:51:09.976310+07:00,c9_sim,405,7.525,118.963,0.568,22.938,0.013,150.006
2026-09-02T08:51:10.142533+07:00,c9_sim,406,5.747,89.191,0.616,18.765,0.014,114.334
2026-09-02T08:51:10.372120+07:00,c9_sim,407,6.057,116.959,0.543,21.280,0.014,144.853
2026-09-02T08:51:10.541998+07:00,c9_sim,408,6.047,88.602,0.530,20.415,0.061,115.655
2026-09-02T08:51:10.779253+07:00,c9_sim,409,5.953,123.217,0.606,24.374,0.065,154.214
2026-09-02T08:51:10.939320+07:00,c9_sim,410,6.301,88.780,0.447,18.112,0.017,113.656
2026-09-02T08:51:11.137080+07:00,c9_sim,411,5.192,89.120,0.463,18.350,0.018,113.143
2026-09-02T08:51:11.312829+07:00,c9_sim,412,6.091,89.629,0.000,0.000,0.010,95.730
2026-09-02T08:51:11.624518+07:00,c9_sim,413,8.156,180.254,0.000,0.000,0.014,188.424
2026-09-02T08:51:11.725664+07:00,c8_sim,189,6.366,99.916,0.531,0.000,0.006,106.818
2026-09-02T08:51:11.969264+07:00,c8_sim,190,12.854,109.971,0.504,0.003,0.075,123.407
2026-09-02T08:51:12.155044+07:00,c8_sim,191,10.628,95.724,0.695,0.005,0.127,107.179
2026-09-02T08:51:12.329684+07:00,c8_sim,192,10.268,90.070,0.561,0.004,0.013,100.915
2026-09-02T08:51:12.627999+07:00,c8_sim,193,11.159,177.723,0.793,0.006,0.019,189.699
2026-09-02T08:51:12.764985+07:00,c8_sim,194,10.947,105.410,0.581,0.004,0.014,116.956
2026-09-02T08:51:12.966424+07:00,c8_sim,195,9.996,121.723,0.000,0.000,0.012,131.731
2026-09-02T08:51:13.141993+07:00,c8_sim,196,9.583,91.182,0.493,0.003,0.012,101.274
2026-09-02T08:51:13.337381+07:00,c8_sim,197,9.433,105.623,0.621,0.005,0.014,115.695
2026-09-02T08:51:13.622075+07:00,c8_sim,198,8.433,173.089,0.000,0.000,0.018,181.539
2026-09-02T08:51:13.757522+07:00,c8_sim,199,9.803,105.557,0.000,0.000,0.012,115.371
2026-09-02T08:51:13.931546+07:00,c8_sim,200,10.705,91.968,0.000,0.000,0.013,102.686
2026-09-02T08:51:14.151548+07:00,c8_sim,201,11.160,107.378,0.000,0.000,0.010,118.549
2026-09-02T08:51:14.325627+07:00,c8_sim,202,10.637,89.177,0.417,0.000,0.009,100.239
2026-09-02T08:51:14.573390+07:00,c8_sim,203,11.521,111.620,0.699,0.004,0.102,123.946
2026-09-02T08:51:14.724118+07:00,c8_sim,204,11.788,90.645,0.594,0.004,0.092,103.123
2026-09-02T08:51:14.953154+07:00,c8_sim,205,9.751,111.345,0.618,0.004,0.113,121.831
2026-09-02T08:51:15.170923+07:00,c8_sim,206,12.266,118.075,0.592,0.004,0.015,130.952
2026-09-02T08:51:15.348055+07:00,c8_sim,207,11.214,93.825,0.618,0.004,0.015,105.676
2026-09-02T08:51:15.555926+07:00,c8_sim,208,9.910,116.812,0.579,0.004,0.014,127.319
2026-09-02T08:51:15.730625+07:00,c8_sim,209,9.583,89.522,0.500,0.004,0.014,99.623
2026-09-02T08:51:15.973537+07:00,c8_sim,210,10.997,116.241,0.555,22.403,0.014,150.210
2026-09-02T08:51:16.142452+07:00,c8_sim,211,7.406,88.466,0.583,19.018,0.014,115.487
2026-09-02T08:51:16.350074+07:00,c8_sim,212,8.496,117.176,0.000,0.000,0.019,125.690
2026-09-02T08:51:16.542782+07:00,c8_sim,213,11.323,88.579,0.520,19.523,0.011,119.956
2026-09-02T08:51:16.779140+07:00,c8_sim,214,8.983,114.767,0.663,24.509,0.008,148.930
2026-09-02T08:51:16.941245+07:00,c8_sim,215,8.429,88.185,0.594,19.574,0.012,116.793
2026-09-02T08:51:17.190270+07:00,c8_sim,216,8.776,117.370,0.628,22.452,0.011,149.238
2026-09-02T08:51:17.358309+07:00,c8_sim,217,8.319,88.569,0.569,18.109,0.012,115.579
2026-09-02T08:51:17.593207+07:00,c8_sim,218,7.117,119.389,0.641,24.089,0.010,151.244
2026-09-02T08:51:17.752296+07:00,c8_sim,219,8.623,88.080,0.543,19.140,0.010,116.397
2026-09-02T08:51:17.945571+07:00,c8_sim,220,8.105,86.920,0.430,17.685,0.012,113.153
2026-09-02T08:51:18.159368+07:00,c8_sim,221,8.314,105.588,0.667,22.039,0.012,136.620
2026-09-02T08:51:18.393602+07:00,c8_sim,222,8.746,120.606,0.633,24.398,0.009,154.392
2026-09-02T08:51:18.557474+07:00,c8_sim,223,8.054,88.382,0.555,20.239,0.008,117.238
2026-09-02T08:51:18.752145+07:00,c8_sim,224,7.934,90.446,0.626,21.955,0.009,120.969
2026-09-02T08:51:18.944298+07:00,c8_sim,225,10.097,89.839,0.534,20.115,0.012,120.597
2026-09-02T08:51:19.189548+07:00,c8_sim,226,8.869,115.828,0.565,21.202,0.009,146.473
2026-09-02T08:51:19.338122+07:00,c8_sim,227,7.931,88.351,0.000,0.000,0.010,96.292
2026-09-02T08:51:19.566651+07:00,c8_sim,228,27.282,115.075,0.000,0.000,0.024,142.381
2026-09-02T08:51:19.762790+07:00,c8_sim,229,9.172,93.196,0.628,22.314,0.020,125.331
2026-09-02T08:51:19.928961+07:00,c8_sim,230,7.723,90.707,0.000,0.000,0.014,98.443
2026-09-02T08:51:20.168249+07:00,c8_sim,231,9.887,114.607,0.000,0.000,0.012,124.505
2026-09-02T08:51:20.344218+07:00,c8_sim,232,8.863,92.822,0.000,0.000,0.011,101.696
2026-09-02T08:51:20.553100+07:00,c8_sim,233,11.330,111.181,0.000,0.000,0.012,122.523
2026-09-02T08:51:20.727689+07:00,c8_sim,234,11.078,89.043,0.000,0.000,0.011,100.131
2026-09-02T08:51:20.948952+07:00,c8_sim,235,11.613,109.600,0.000,0.000,0.011,121.225
2026-09-02T08:51:21.130735+07:00,c8_sim,236,8.450,93.620,0.000,0.000,0.012,102.082
2026-09-02T08:51:21.352417+07:00,c8_sim,237,8.313,117.961,0.000,0.000,0.011,126.285
2026-09-02T08:51:21.523628+07:00,c8_sim,238,10.447,90.679,0.000,0.000,0.013,101.139
2026-09-02T08:51:21.752692+07:00,c8_sim,239,10.775,116.834,0.000,0.000,0.013,127.622
2026-09-02T08:51:21.968212+07:00,c8_sim,240,10.387,115.656,0.000,0.000,0.012,126.055
2026-09-02T08:51:22.143173+07:00,c8_sim,241,10.411,91.019,0.000,0.000,0.011,101.442
2026-09-02T08:51:22.353855+07:00,c8_sim,242,10.094,115.359,0.000,0.000,0.012,125.465
2026-09-02T08:51:22.524835+07:00,c8_sim,243,11.514,88.915,0.000,0.000,0.011,100.440
2026-09-02T08:51:22.751014+07:00,c8_sim,244,10.455,110.995,0.000,0.000,0.303,121.753
2026-09-02T08:51:22.969084+07:00,c8_sim,245,9.492,115.609,0.000,0.000,0.019,125.120
2026-09-02T08:51:23.148388+07:00,c8_sim,246,10.811,93.375,0.000,0.000,0.006,104.191
2026-09-02T08:51:23.336331+07:00,c10_sim,177,8.046,91.216,0.000,0.000,0.012,99.275
2026-09-02T08:51:23.586448+07:00,c10_sim,178,10.227,120.800,0.816,0.005,0.045,131.892
2026-09-02T08:51:23.749445+07:00,c10_sim,179,8.505,89.770,0.791,0.005,0.078,99.149
2026-09-02T08:51:23.967380+07:00,c10_sim,180,9.105,114.776,0.603,0.004,0.046,124.534
2026-09-02T08:51:24.185171+07:00,c10_sim,181,10.077,115.539,0.709,0.005,0.049,126.379
2026-09-02T08:51:24.356636+07:00,c10_sim,182,9.278,94.262,0.698,0.005,0.047,104.291
2026-09-02T08:51:24.572969+07:00,c10_sim,183,9.741,110.526,2.416,0.008,0.104,122.794
2026-09-02T08:51:24.746945+07:00,c10_sim,184,10.164,92.244,0.856,0.007,0.138,103.410
2026-09-02T08:51:24.953465+07:00,c10_sim,185,8.653,110.207,0.784,0.007,0.019,119.669
2026-09-02T08:51:25.168650+07:00,c10_sim,186,11.477,110.504,0.616,0.005,0.159,122.760
2026-09-02T08:51:25.342825+07:00,c10_sim,187,9.825,90.795,0.709,0.006,0.016,101.351
2026-09-02T08:51:25.572546+07:00,c10_sim,188,9.353,117.403,0.789,0.007,0.020,127.573
2026-09-02T08:51:25.786290+07:00,c10_sim,189,9.920,121.948,0.775,0.007,0.020,132.670
2026-09-02T08:51:25.959114+07:00,c10_sim,190,11.693,92.093,0.780,0.007,0.019,104.592
2026-09-02T08:51:26.169884+07:00,c10_sim,191,11.207,112.498,0.718,0.005,0.224,124.653
2026-09-02T08:51:26.334827+07:00,c10_sim,192,8.030,90.034,0.773,0.006,0.049,98.893
2026-09-02T08:51:26.588764+07:00,c10_sim,193,10.152,120.769,0.764,0.007,0.019,131.710
2026-09-02T08:51:26.741900+07:00,c10_sim,194,9.351,92.842,0.730,0.007,0.018,102.947
2026-09-02T08:51:27.024773+07:00,c10_sim,195,10.315,171.946,0.758,0.007,0.021,183.046
2026-09-02T08:51:27.158250+07:00,c10_sim,196,6.221,101.913,0.751,0.007,0.019,108.911
2026-09-02T08:51:27.384583+07:00,c10_sim,197,9.747,116.364,0.578,0.005,0.015,126.709
2026-09-02T08:51:27.561243+07:00,c10_sim,198,7.793,91.574,0.790,0.007,0.019,100.183
2026-09-02T08:51:27.796439+07:00,c10_sim,199,7.346,113.100,0.770,25.048,0.017,146.280
2026-09-02T08:51:27.962467+07:00,c10_sim,200,7.690,88.457,0.654,18.431,0.019,115.250
2026-09-02T08:51:28.190405+07:00,c10_sim,201,6.665,115.085,0.684,21.491,0.014,143.938
2026-09-02T08:51:28.350697+07:00,c10_sim,202,8.121,87.983,0.497,16.547,0.015,113.163
2026-09-02T08:51:28.613714+07:00,c10_sim,203,7.506,116.957,0.686,24.203,0.011,149.364
2026-09-02T08:51:28.752016+07:00,c10_sim,204,6.625,87.961,0.650,18.626,0.014,113.876
2026-09-02T08:51:28.996582+07:00,c10_sim,205,7.622,112.045,0.843,22.120,0.011,142.640
2026-09-02T08:51:29.162495+07:00,c10_sim,206,7.389,87.788,0.786,16.921,0.014,112.898
2026-09-02T08:51:29.393261+07:00,c10_sim,207,5.976,114.768,0.914,23.697,0.054,145.409
2026-09-02T08:51:29.554537+07:00,c10_sim,208,6.575,88.673,0.708,20.495,0.033,116.483
2026-09-02T08:51:29.795500+07:00,c10_sim,209,8.213,114.019,0.885,23.563,0.032,146.711
2026-09-02T08:51:29.955309+07:00,c10_sim,210,7.307,88.192,0.722,20.348,0.016,116.586
2026-09-02T08:51:30.211059+07:00,c10_sim,211,7.031,122.364,0.955,24.301,0.016,154.667
2026-09-02T08:51:30.348569+07:00,c10_sim,212,6.727,87.057,0.744,18.461,0.015,113.005
2026-09-02T08:51:30.603443+07:00,c10_sim,213,7.922,117.256,0.832,23.287,0.012,149.308
2026-09-02T08:51:30.771073+07:00,c10_sim,214,7.077,89.289,0.744,18.418,0.012,115.540
2026-09-02T08:51:30.960420+07:00,c10_sim,215,6.754,89.776,0.679,18.474,0.018,115.700
2026-09-02T08:51:31.153518+07:00,c10_sim,216,7.620,89.077,0.630,20.126,0.021,117.474
2026-09-02T08:51:31.352058+07:00,c10_sim,217,6.727,88.068,0.721,18.478,0.021,114.015
2026-09-02T08:51:31.666997+07:00,c10_sim,218,7.928,180.146,0.870,23.346,0.018,212.309
2026-09-02T08:51:31.781490+07:00,c10_sim,219,7.867,95.229,0.643,17.197,0.017,120.952
2026-09-02T08:51:31.948141+07:00,c10_sim,220,7.148,87.053,0.722,17.436,0.051,112.411
2026-09-02T08:51:32.182284+07:00,c10_sim,221,7.620,115.219,0.580,16.298,0.025,139.741
2026-09-02T08:51:32.350773+07:00,c10_sim,222,6.328,88.277,0.544,18.153,0.024,113.327
2026-09-02T08:51:32.610625+07:00,c10_sim,223,8.405,120.160,0.797,23.982,0.019,153.363
2026-09-02T08:51:32.747594+07:00,c10_sim,224,6.739,87.660,0.620,17.503,0.016,112.538
2026-09-02T08:51:33.009335+07:00,c10_sim,225,8.012,122.974,0.805,22.262,0.018,154.071
2026-09-02T08:51:33.144889+07:00,c10_sim,226,6.650,86.424,0.605,17.357,0.019,111.056
2026-09-02T08:51:33.384000+07:00,c11_sim,719,7.051,118.425,0.546,0.000,0.013,126.035
2026-09-02T08:51:33.585791+07:00,c11_sim,720,11.378,92.975,0.674,24.828,0.082,129.938
2026-09-02T08:51:33.786728+07:00,c11_sim,721,8.013,90.868,0.634,23.523,0.009,123.048
2026-09-02T08:51:33.979186+07:00,c11_sim,722,8.429,88.509,0.547,18.382,0.013,115.880
2026-09-02T08:51:34.270235+07:00,c11_sim,723,6.354,174.973,0.756,27.622,0.105,209.810
2026-09-02T08:51:34.386042+07:00,c11_sim,724,8.210,96.572,0.465,18.142,0.011,123.400
2026-09-02T08:51:34.575804+07:00,c11_sim,725,7.452,88.962,0.516,18.778,0.013,115.722
2026-09-02T08:51:34.770905+07:00,c11_sim,726,7.736,88.966,0.557,23.594,0.236,121.089
2026-09-02T08:51:34.974929+07:00,c11_sim,727,8.993,90.161,0.587,24.697,0.026,124.464
2026-09-02T08:51:35.176455+07:00,c11_sim,728,8.274,90.240,0.586,25.452,0.012,124.564
2026-09-02T08:51:35.407231+07:00,c11_sim,729,7.694,121.235,0.622,22.653,0.009,152.212
2026-09-02T08:51:35.575690+07:00,c11_sim,730,7.903,88.659,0.512,18.489,0.068,115.633
2026-09-02T08:51:35.812183+07:00,c11_sim,731,7.980,122.309,0.589,25.400,0.010,156.288
2026-09-02T08:51:35.971318+07:00,c11_sim,732,7.695,87.825,0.518,18.788,0.016,114.843
2026-09-02T08:51:36.171315+07:00,c11_sim,733,6.774,89.431,0.598,19.152,0.012,115.967
2026-09-02T08:51:36.369303+07:00,c11_sim,734,7.875,89.605,0.489,19.960,0.014,117.941
2026-09-02T08:51:36.611030+07:00,c11_sim,735,8.151,114.316,0.569,24.289,0.011,147.335
2026-09-02T08:51:36.776881+07:00,c11_sim,736,7.561,88.304,0.526,18.900,0.015,115.306
2026-09-02T08:51:37.007110+07:00,c11_sim,737,7.612,111.009,0.601,21.783,0.019,141.024
2026-09-02T08:51:37.168953+07:00,c11_sim,738,7.661,88.457,0.476,18.844,0.014,115.452
2026-09-02T08:51:37.427654+07:00,c11_sim,739,8.093,124.651,0.582,24.933,0.019,158.277
2026-09-02T08:51:37.565700+07:00,c11_sim,740,6.772,88.034,0.574,19.717,0.017,115.114
2026-09-02T08:51:37.825957+07:00,c11_sim,741,9.738,118.593,0.590,23.946,0.017,152.885
2026-09-02T08:51:37.960791+07:00,c11_sim,742,6.768,86.937,0.473,16.753,0.019,110.950
2026-09-02T08:51:38.227421+07:00,c11_sim,743,7.391,125.246,0.614,22.082,0.019,155.352
2026-09-02T08:51:38.359125+07:00,c11_sim,744,6.092,87.240,0.554,18.214,0.019,112.119
2026-09-02T08:51:38.613675+07:00,c11_sim,745,8.215,113.935,0.610,24.483,0.016,147.259
2026-09-02T08:51:38.781064+07:00,c11_sim,746,7.474,89.999,0.533,18.801,0.013,116.820
2026-09-02T08:51:38.976004+07:00,c11_sim,747,7.362,90.029,0.486,19.046,0.019,116.941
2026-09-02T08:51:39.169609+07:00,c11_sim,748,6.745,89.885,0.526,19.529,0.015,116.700
2026-09-02T08:51:39.366610+07:00,c11_sim,749,8.370,89.980,0.576,18.974,0.017,117.918
2026-09-02T08:51:39.565620+07:00,c11_sim,750,7.628,89.535,0.531,20.752,0.010,118.455
2026-09-02T08:51:39.808567+07:00,c11_sim,751,8.307,119.500,0.562,19.261,0.011,147.640
2026-09-02T08:51:39.972549+07:00,c11_sim,752,7.467,88.380,0.365,14.498,0.015,110.726
2026-09-02T08:51:40.171103+07:00,c11_sim,753,7.484,88.402,0.622,18.744,0.016,115.267
2026-09-02T08:51:40.363028+07:00,c11_sim,754,6.493,87.821,0.450,17.412,0.018,112.194
2026-09-02T08:51:40.611996+07:00,c11_sim,755,8.356,114.772,0.589,24.423,0.016,148.156
2026-09-02T08:51:40.780280+07:00,c11_sim,756,7.523,88.401,0.492,20.175,0.014,116.605
2026-09-02T08:51:41.008749+07:00,c11_sim,757,7.978,115.725,0.538,21.323,0.013,145.578
2026-09-02T08:51:41.176227+07:00,c11_sim,758,7.339,88.007,0.470,18.246,0.013,114.075
2026-09-02T08:51:41.410694+07:00,c11_sim,759,8.000,118.613,0.584,24.474,0.016,151.687
2026-09-02T08:51:41.571496+07:00,c11_sim,760,8.357,88.035,0.622,18.834,0.013,115.861
2026-09-02T08:51:41.814673+07:00,c11_sim,761,8.203,112.963,0.601,25.457,0.015,147.239
2026-09-02T08:51:41.982690+07:00,c11_sim,762,8.024,89.520,0.450,17.310,0.018,115.322
2026-09-02T08:51:42.165415+07:00,c11_sim,763,6.593,88.814,0.504,18.655,0.013,114.579
2026-09-02T08:51:42.368355+07:00,c11_sim,764,7.400,90.119,0.530,21.455,0.021,119.525
2026-09-02T08:51:42.569437+07:00,c11_sim,765,7.883,90.806,0.590,22.835,0.013,122.128
2026-09-02T08:51:42.776769+07:00,c11_sim,766,10.560,91.898,0.607,24.048,0.011,127.124
2026-09-02T08:51:43.008764+07:00,c11_sim,767,8.537,123.025,0.658,22.159,0.011,154.390
2026-09-02T08:51:43.167398+07:00,c11_sim,768,7.453,87.910,0.492,19.617,0.009,115.481
2026-09-02T08:51:43.361839+07:00,c11_sim,769,6.831,88.900,0.492,17.973,0.017,114.213
2026-09-02T08:51:43.609696+07:00,c11_sim,770,7.391,114.630,0.592,24.056,0.015,146.684
2026-09-02T08:51:43.777420+07:00,c11_sim,771,7.820,88.275,0.542,18.152,0.016,114.805
2026-09-02T08:51:43.967651+07:00,c11_sim,772,7.144,88.419,0.412,16.441,0.016,112.432
2026-09-02T08:51:44.208855+07:00,c11_sim,773,6.802,117.580,0.635,24.398,0.016,149.431
2026-09-02T08:51:44.376711+07:00,c11_sim,774,7.746,88.057,0.506,18.826,0.018,115.153
2026-09-02T08:51:44.568897+07:00,c11_sim,775,7.772,90.058,0.551,19.837,0.014,118.231
2026-09-02T08:51:44.788990+07:00,c11_sim,776,8.849,113.286,0.587,0.004,0.016,122.741
2026-09-02T08:51:44.952109+07:00,c11_sim,777,10.182,90.043,0.000,0.000,0.014,100.240
2026-09-02T08:51:45.187805+07:00,c11_sim,778,9.473,116.087,0.000,0.000,0.014,125.574
2026-09-02T08:51:45.357071+07:00,c11_sim,779,9.287,92.845,0.000,0.000,0.012,102.144
2026-09-02T08:51:45.585356+07:00,c11_sim,780,9.544,122.712,0.000,0.000,0.012,132.269
2026-09-02T08:51:45.759488+07:00,c11_sim,781,6.795,89.972,0.392,0.000,0.008,97.168
2026-09-02T08:51:45.861501+07:00,c11_sim,782,6.303,85.805,0.460,15.077,0.034,107.680
2026-09-02T08:51:45.962765+07:00,c11_sim,783,7.517,85.780,0.360,14.467,0.012,108.136
2026-09-02T08:51:46.061404+07:00,c11_sim,784,5.710,84.497,0.358,13.221,0.011,103.797
2026-09-02T08:51:46.160464+07:00,c11_sim,785,9.960,84.157,0.341,13.971,0.030,108.459
2026-09-02T08:51:46.258682+07:00,c11_sim,786,4.337,84.242,0.411,13.001,0.036,102.027
2026-09-02T08:51:46.356509+07:00,c11_sim,787,5.990,83.852,0.373,13.002,0.012,103.228
2026-09-02T08:51:46.441872+07:00,c11_sim,788,4.964,84.421,0.344,0.000,0.009,89.738
2026-09-02T08:51:46.543465+07:00,c11_sim,789,5.654,85.337,0.459,15.129,0.039,106.618
2026-09-02T08:51:46.641741+07:00,c11_sim,790,5.909,84.138,0.329,13.230,0.011,103.617
2026-09-02T08:51:46.740973+07:00,c11_sim,791,4.092,84.213,0.343,13.154,0.119,101.920
2026-09-02T08:51:46.840743+07:00,c11_sim,792,5.909,85.016,0.376,13.770,0.044,105.114
2026-09-02T08:51:46.938916+07:00,c11_sim,793,4.257,84.239,0.344,12.972,0.030,101.840
2026-09-02T08:51:47.037973+07:00,c11_sim,794,6.005,84.387,0.396,13.718,0.014,104.520
2026-09-02T08:51:47.138265+07:00,c11_sim,795,6.133,85.460,0.341,13.871,0.011,105.816
2026-09-02T08:51:47.236398+07:00,c11_sim,796,3.627,84.129,0.319,13.113,0.029,101.217
2026-09-02T08:51:47.333937+07:00,c11_sim,797,5.765,84.416,0.312,12.250,0.010,102.755
2026-09-02T08:51:47.432208+07:00,c11_sim,798,4.139,84.510,0.334,12.804,0.034,101.821
2026-09-02T08:51:47.531376+07:00,c11_sim,799,5.863,84.962,0.301,13.355,0.011,104.492
2026-09-02T08:51:47.631129+07:00,c11_sim,800,4.635,84.685,0.340,14.127,0.012,103.799
2026-09-02T08:51:47.730127+07:00,c11_sim,801,6.876,84.563,0.392,13.448,0.009,105.288
2026-09-02T08:51:47.828856+07:00,c11_sim,802,4.614,84.353,0.334,13.273,0.175,102.749
2026-09-02T08:51:47.927754+07:00,c11_sim,803,5.787,84.701,0.344,13.299,0.013,104.145
2026-09-02T08:51:48.026087+07:00,c11_sim,804,6.226,84.206,0.333,13.232,0.010,104.007
2026-09-02T08:51:48.125120+07:00,c11_sim,805,4.324,84.591,0.330,13.514,0.015,102.775
2026-09-02T08:51:48.223336+07:00,c11_sim,806,5.813,84.479,0.313,12.814,0.038,103.457
2026-09-02T08:51:48.322644+07:00,c11_sim,807,4.254,84.606,0.317,13.793,0.012,102.982
2026-09-02T08:51:48.421936+07:00,c11_sim,808,6.058,84.408,0.393,13.887,0.016,104.763
2026-09-02T08:51:48.520990+07:00,c11_sim,809,4.890,84.634,0.369,13.439,0.013,103.344
2026-09-02T08:51:48.620598+07:00,c11_sim,810,5.697,84.527,0.394,14.089,0.013,104.719
2026-09-02T08:51:48.720490+07:00,c11_sim,811,5.739,84.730,0.415,14.108,0.043,105.035
2026-09-02T08:51:48.819760+07:00,c11_sim,812,3.830,84.464,0.359,13.827,0.035,102.515
2026-09-02T08:51:48.919634+07:00,c11_sim,813,5.785,84.605,0.356,14.277,0.048,105.071
2026-09-02T08:51:49.018300+07:00,c11_sim,814,4.185,84.324,0.361,13.392,0.015,102.277
2026-09-02T08:51:49.117846+07:00,c11_sim,815,5.653,84.549,0.375,14.003,0.036,104.616
2026-09-02T08:51:49.217023+07:00,c11_sim,816,5.930,84.228,0.382,13.986,0.016,104.542
2026-09-02T08:51:49.315743+07:00,c11_sim,817,4.367,84.523,0.359,13.191,0.041,102.481
2026-09-02T08:51:49.414839+07:00,c11_sim,818,7.824,85.020,0.328,13.186,0.014,106.372
2026-09-02T08:51:49.512738+07:00,c11_sim,819,3.761,84.241,0.308,12.776,0.013,101.100
2026-09-02T08:51:49.610797+07:00,c11_sim,820,5.125,84.136,0.290,13.077,0.014,102.642
2026-09-02T08:51:49.710071+07:00,c11_sim,821,3.952,84.436,0.368,13.875,0.016,102.648
2026-09-02T08:51:49.809479+07:00,c11_sim,822,4.850,85.063,0.350,13.360,0.014,103.637
2026-09-02T08:51:49.909797+07:00,c11_sim,823,4.847,85.319,0.335,14.067,0.019,104.586
2026-09-02T08:51:50.010292+07:00,c11_sim,824,4.250,84.731,0.331,14.825,0.018,104.155
2026-09-02T08:51:50.110394+07:00,c11_sim,825,4.945,85.244,0.379,13.878,0.014,104.460
2026-09-02T08:51:50.209311+07:00,c11_sim,826,4.585,84.497,0.350,13.399,0.017,102.848
2026-09-02T08:51:50.308757+07:00,c11_sim,827,5.363,85.196,0.360,13.265,0.015,104.199
2026-09-02T08:51:50.408209+07:00,c11_sim,828,5.108,84.095,0.340,14.417,0.019,103.980
2026-09-02T08:51:50.508837+07:00,c11_sim,829,5.321,85.557,0.332,14.148,0.017,105.375
2026-09-02T08:51:50.608995+07:00,c11_sim,830,5.655,85.327,0.338,13.915,0.019,105.254
2026-09-02T08:51:50.708291+07:00,c11_sim,831,4.309,84.592,0.310,13.831,0.019,103.061
2026-09-02T08:51:50.807064+07:00,c11_sim,832,5.603,85.041,0.357,12.785,0.015,103.800
2026-09-02T08:51:50.906323+07:00,c11_sim,833,4.459,84.532,0.312,13.828,0.014,103.145
2026-09-02T08:51:51.006593+07:00,c11_sim,834,5.149,85.264,0.383,14.013,0.018,104.827
2026-09-02T08:51:51.104973+07:00,c11_sim,835,4.885,84.171,0.367,13.196,0.013,102.633
2026-09-02T08:51:51.205966+07:00,c11_sim,836,4.943,85.797,0.364,14.230,0.017,105.350
2026-09-02T08:51:51.305993+07:00,c11_sim,837,5.036,85.365,0.382,13.580,0.041,104.404
2026-09-02T08:51:51.404328+07:00,c11_sim,838,4.112,84.240,0.308,13.208,0.014,101.882
2026-09-02T08:51:51.504428+07:00,c11_sim,839,5.154,85.958,0.329,13.204,0.018,104.664
2026-09-02T08:51:51.603861+07:00,c11_sim,840,4.874,84.475,0.344,14.022,0.015,103.730
2026-09-02T08:51:51.689738+07:00,c9_sim,414,2.865,84.923,0.315,0.000,0.007,88.111
2026-09-02T08:51:51.775510+07:00,c9_sim,415,3.320,84.740,0.403,0.002,0.034,88.499
2026-09-02T08:51:51.861007+07:00,c9_sim,416,3.563,84.538,0.361,0.002,0.011,88.474
2026-09-02T08:51:51.959469+07:00,c9_sim,417,3.708,84.463,0.330,13.086,0.031,101.617
2026-09-02T08:51:52.056520+07:00,c9_sim,418,3.654,83.842,0.335,12.296,0.011,100.138
2026-09-02T08:51:52.154721+07:00,c9_sim,419,4.300,83.970,0.347,13.294,0.032,101.944
2026-09-02T08:51:52.253216+07:00,c9_sim,420,4.100,84.131,0.346,13.414,0.029,102.019
2026-09-02T08:51:52.352019+07:00,c9_sim,421,3.941,84.352,0.345,13.430,0.031,102.100
2026-09-02T08:51:52.449843+07:00,c9_sim,422,4.157,84.147,0.319,12.765,0.030,101.418
2026-09-02T08:51:52.547987+07:00,c9_sim,423,3.685,84.071,0.315,13.160,0.028,101.259
2026-09-02T08:51:52.645938+07:00,c9_sim,424,4.191,84.052,0.325,12.967,0.032,101.567
2026-09-02T08:51:52.743580+07:00,c9_sim,425,4.325,83.949,0.327,12.795,0.010,101.405
2026-09-02T08:51:52.841910+07:00,c9_sim,426,3.955,84.053,0.331,13.205,0.138,101.680
2026-09-02T08:51:52.939725+07:00,c9_sim,427,3.380,84.028,0.308,12.984,0.020,100.720
2026-09-02T08:51:53.037432+07:00,c9_sim,428,3.790,83.870,0.343,12.905,0.010,100.917
2026-09-02T08:51:53.135366+07:00,c9_sim,429,3.330,83.775,0.332,13.204,0.030,100.671
2026-09-02T08:51:53.232338+07:00,c9_sim,430,3.634,83.788,0.339,12.322,0.009,100.091
2026-09-02T08:51:53.329536+07:00,c9_sim,431,3.261,83.493,0.315,12.839,0.011,99.919
2026-09-02T08:51:53.427693+07:00,c9_sim,432,3.850,84.036,0.338,13.208,0.010,101.441
2026-09-02T08:51:53.525742+07:00,c9_sim,433,3.020,83.930,0.329,13.172,0.014,100.465
2026-09-02T08:51:53.622962+07:00,c9_sim,434,3.235,83.796,0.319,12.572,0.014,99.936
2026-09-02T08:51:53.723146+07:00,c9_sim,435,3.924,84.561,0.371,14.663,0.015,103.534
2026-09-02T08:51:53.822245+07:00,c9_sim,436,3.537,84.163,0.351,13.954,0.014,102.019
2026-09-02T08:51:53.920948+07:00,c9_sim,437,3.321,84.196,0.390,13.566,0.014,101.487
2026-09-02T08:51:54.020082+07:00,c9_sim,438,3.802,84.088,0.400,14.089,0.016,102.396
2026-09-02T08:51:54.118181+07:00,c9_sim,439,3.780,84.039,0.335,13.140,0.014,101.309
2026-09-02T08:51:54.218139+07:00,c9_sim,440,3.153,84.846,0.377,14.156,0.015,102.548
2026-09-02T08:51:54.338244+07:00,c9_sim,441,3.540,100.027,1.689,17.402,0.024,122.681
2026-09-02T08:51:54.436835+07:00,c9_sim,442,4.236,86.274,0.334,11.410,0.016,102.270
2026-09-02T08:51:54.535667+07:00,c9_sim,443,3.723,85.207,0.342,12.692,0.017,101.980
2026-09-02T08:51:54.633416+07:00,c9_sim,444,3.052,84.041,0.323,12.814,0.015,100.244
2026-09-02T08:51:54.732882+07:00,c9_sim,445,3.850,84.521,0.323,14.039,0.015,102.748
2026-09-02T08:51:54.831397+07:00,c9_sim,446,3.716,84.353,0.362,13.196,0.015,101.642
2026-09-02T08:51:54.930273+07:00,c9_sim,447,3.509,84.422,0.356,13.543,0.017,101.847
2026-09-02T08:51:55.028058+07:00,c9_sim,448,3.452,84.444,0.326,12.312,0.015,100.550
2026-09-02T08:51:55.125137+07:00,c9_sim,449,4.139,84.045,0.287,12.156,0.021,100.647
2026-09-02T08:51:55.223104+07:00,c9_sim,450,3.839,84.150,0.359,12.913,0.017,101.278
2026-09-02T08:51:55.321214+07:00,c9_sim,451,3.275,84.783,0.315,12.338,0.013,100.725
2026-09-02T08:51:55.419425+07:00,c9_sim,452,4.122,83.793,0.389,13.486,0.014,101.804
2026-09-02T08:51:55.516793+07:00,c9_sim,453,3.576,83.806,0.321,12.697,0.014,100.414
2026-09-02T08:51:55.614966+07:00,c9_sim,454,3.279,84.479,0.304,12.858,0.014,100.934
2026-09-02T08:51:55.713428+07:00,c9_sim,455,3.892,84.160,0.358,13.296,0.016,101.722
2026-09-02T08:51:55.812204+07:00,c9_sim,456,3.800,84.515,0.316,13.142,0.017,101.790
2026-09-02T08:51:55.911132+07:00,c9_sim,457,3.536,84.379,0.345,13.596,0.015,101.871
2026-09-02T08:51:56.009862+07:00,c9_sim,458,3.192,84.191,0.345,13.586,0.017,101.331
2026-09-02T08:51:56.108663+07:00,c9_sim,459,3.842,85.119,0.352,12.504,0.016,101.832
2026-09-02T08:51:56.207195+07:00,c9_sim,460,3.655,84.581,0.304,13.045,0.020,101.605
2026-09-02T08:51:56.311305+07:00,c9_sim,461,3.811,90.663,0.347,12.448,0.014,107.283
2026-09-02T08:51:56.416383+07:00,c9_sim,462,3.628,90.904,0.385,13.226,0.014,108.157
2026-09-02T08:51:56.515769+07:00,c9_sim,463,3.874,84.854,0.373,13.559,0.016,102.676
2026-09-02T08:51:56.614711+07:00,c9_sim,464,3.453,84.427,0.342,13.553,0.014,101.788
2026-09-02T08:51:56.721094+07:00,c9_sim,465,3.225,85.098,0.967,14.639,0.013,103.943
2026-09-02T08:51:56.822058+07:00,c9_sim,466,3.888,86.972,0.342,12.990,0.014,104.206
2026-09-02T08:51:56.920174+07:00,c9_sim,467,3.807,83.895,0.330,13.296,0.015,101.343
2026-09-02T08:51:57.021461+07:00,c9_sim,468,3.876,85.597,0.368,14.719,0.019,104.580
2026-09-02T08:51:57.121423+07:00,c9_sim,469,3.071,84.867,0.343,14.182,0.014,102.478
2026-09-02T08:51:57.231814+07:00,c9_sim,470,3.457,97.195,0.315,12.332,0.016,113.315
2026-09-02T08:51:57.317640+07:00,c8_sim,247,3.616,84.818,0.331,0.000,0.005,88.769
2026-09-02T08:51:57.402815+07:00,c8_sim,248,4.944,85.064,0.000,0.000,0.005,90.013
2026-09-02T08:51:57.489683+07:00,c8_sim,249,4.385,85.746,0.451,0.003,0.076,90.662
2026-09-02T08:51:57.575302+07:00,c8_sim,250,5.442,85.513,0.000,0.000,0.008,90.962
2026-09-02T08:51:57.662224+07:00,c8_sim,251,6.652,85.869,0.436,0.003,0.010,92.969
2026-09-02T08:51:57.749571+07:00,c8_sim,252,6.316,86.414,0.344,0.002,0.008,93.085
2026-09-02T08:51:57.836592+07:00,c8_sim,253,6.587,86.038,0.377,0.003,0.009,93.013
2026-09-02T08:51:57.923823+07:00,c8_sim,254,6.492,86.248,0.388,0.003,0.010,93.142
2026-09-02T08:51:58.010552+07:00,c8_sim,255,6.268,85.761,0.375,0.003,0.010,92.417
2026-09-02T08:51:58.096528+07:00,c8_sim,256,6.875,84.968,0.347,0.003,0.009,92.202
2026-09-02T08:51:58.182137+07:00,c8_sim,257,6.759,85.504,0.000,0.000,0.008,92.271
2026-09-02T08:51:58.268769+07:00,c8_sim,258,7.585,85.691,0.352,0.000,0.007,93.635
2026-09-02T08:51:58.370913+07:00,c8_sim,259,7.332,85.564,0.475,15.304,0.039,108.714
2026-09-02T08:51:58.470097+07:00,c8_sim,260,6.514,84.955,0.426,13.227,0.011,105.132
2026-09-02T08:51:58.569503+07:00,c8_sim,261,8.344,84.350,0.356,14.152,0.011,107.214
2026-09-02T08:51:58.669347+07:00,c8_sim,262,6.338,84.688,0.341,14.280,0.010,105.659
2026-09-02T08:51:58.769189+07:00,c8_sim,263,6.470,84.568,0.416,14.307,0.012,105.772
2026-09-02T08:51:58.869526+07:00,c8_sim,264,6.460,84.594,0.390,14.756,0.012,106.212
2026-09-02T08:51:58.969309+07:00,c8_sim,265,6.307,84.527,0.388,14.318,0.011,105.551
2026-09-02T08:51:59.069786+07:00,c8_sim,266,7.121,84.853,0.400,14.627,0.048,107.048
2026-09-02T08:51:59.170362+07:00,c8_sim,267,6.339,84.872,0.369,14.689,0.058,106.327
2026-09-02T08:51:59.271510+07:00,c8_sim,268,6.735,84.976,0.391,15.152,0.061,107.315
2026-09-02T08:51:59.372318+07:00,c8_sim,269,6.317,84.727,0.370,15.086,0.061,106.560
2026-09-02T08:51:59.472344+07:00,c8_sim,270,6.612,84.661,0.390,14.395,0.012,106.071
2026-09-02T08:51:59.573231+07:00,c8_sim,271,5.741,84.895,0.355,14.983,0.020,105.994
2026-09-02T08:51:59.673803+07:00,c8_sim,272,5.713,84.809,0.357,14.830,0.009,105.718
2026-09-02T08:51:59.773957+07:00,c8_sim,273,5.213,84.301,0.363,14.933,0.011,104.821
2026-09-02T08:51:59.874388+07:00,c8_sim,274,5.704,84.609,0.383,14.861,0.009,105.566
2026-09-02T08:51:59.974934+07:00,c8_sim,275,5.432,84.798,0.343,14.815,0.016,105.404
2026-09-02T08:52:00.075790+07:00,c8_sim,276,5.791,85.030,0.391,14.848,0.014,106.074
2026-09-02T08:52:00.176029+07:00,c8_sim,277,5.488,84.898,0.364,14.379,0.015,105.144
2026-09-02T08:52:00.276403+07:00,c8_sim,278,5.677,85.313,0.365,14.106,0.014,105.475
2026-09-02T08:52:00.376286+07:00,c8_sim,279,6.098,85.009,0.374,13.925,0.014,105.420
2026-09-02T08:52:00.475793+07:00,c8_sim,280,6.028,84.641,0.363,13.880,0.048,104.959
2026-09-02T08:52:00.574197+07:00,c8_sim,281,5.577,84.501,0.321,13.018,0.012,103.428
2026-09-02T08:52:00.674609+07:00,c8_sim,282,5.907,84.660,0.389,14.782,0.013,105.750
2026-09-02T08:52:00.774680+07:00,c8_sim,283,5.911,84.421,0.345,14.698,0.047,105.422
2026-09-02T08:52:00.876148+07:00,c8_sim,284,5.849,84.625,0.364,15.846,0.055,106.739
2026-09-02T08:52:00.976611+07:00,c8_sim,285,5.774,85.141,0.358,14.369,0.014,105.655
2026-09-02T08:52:01.077108+07:00,c8_sim,286,5.781,84.825,0.345,14.688,0.014,105.654
2026-09-02T08:52:01.177166+07:00,c8_sim,287,6.072,84.598,0.337,14.583,0.012,105.601
2026-09-02T08:52:01.276333+07:00,c8_sim,288,5.745,84.212,0.343,14.033,0.015,104.349
2026-09-02T08:52:01.375314+07:00,c8_sim,289,5.630,84.571,0.317,13.505,0.011,104.035
2026-09-02T08:52:01.474244+07:00,c8_sim,290,5.347,84.615,0.339,13.425,0.012,103.738
2026-09-02T08:52:01.573456+07:00,c8_sim,291,6.040,84.163,0.373,14.147,0.015,104.738
2026-09-02T08:52:01.671384+07:00,c8_sim,292,5.751,84.399,0.338,12.618,0.012,103.118
2026-09-02T08:52:01.769665+07:00,c8_sim,293,6.303,84.139,0.304,13.309,0.012,104.067
2026-09-02T08:52:01.867024+07:00,c8_sim,294,5.586,84.375,0.300,12.096,0.041,102.398
2026-09-02T08:52:01.965280+07:00,c8_sim,295,6.104,84.143,0.306,13.230,0.012,103.795
2026-09-02T08:52:02.065202+07:00,c8_sim,296,5.133,84.853,0.321,14.196,0.015,104.518
