timestamp,camera_id,frame_id,decode_ms,detection_ms,tracking_ms,reid_ms,matching_ms,total_ai_ms
2026-09-02T07:59:09.653735+07:00,c8_sim,1,12.077,543.165,1149.033,229.917,0.140,1934.333
2026-09-02T07:59:09.703106+07:00,c8_sim,2,8.544,30.619,0.824,14.129,0.022,54.138
2026-09-02T07:59:09.733372+07:00,c8_sim,3,9.554,15.200,0.534,13.405,0.037,38.731
2026-09-02T07:59:09.763447+07:00,c8_sim,4,10.147,13.869,0.565,14.285,0.020,38.886
2026-09-02T07:59:09.795983+07:00,c8_sim,5,10.038,14.058,0.472,13.366,0.013,37.948
2026-09-02T07:59:09.827054+07:00,c8_sim,6,8.848,14.448,0.540,14.256,0.015,38.107
2026-09-02T07:59:09.858382+07:00,c8_sim,7,16.045,14.882,0.480,14.822,0.013,46.243
2026-09-02T07:59:09.887688+07:00,c8_sim,8,14.073,13.327,0.469,12.433,0.025,40.328
2026-09-02T07:59:09.918406+07:00,c8_sim,9,10.159,14.375,0.477,14.526,0.017,39.555
2026-09-02T07:59:09.952105+07:00,c8_sim,10,16.993,15.932,0.521,15.748,0.016,49.210
2026-09-02T07:59:09.985169+07:00,c8_sim,11,15.055,16.147,0.440,15.369,0.012,47.022
2026-09-02T07:59:10.017318+07:00,c8_sim,12,9.845,15.140,0.362,15.316,0.012,40.674
2026-09-02T07:59:10.053172+07:00,c8_sim,13,15.627,16.243,0.508,17.754,0.013,50.145
2026-09-02T07:59:10.091556+07:00,c8_sim,14,15.905,17.745,0.349,16.658,0.014,50.671
2026-09-02T07:59:10.127541+07:00,c8_sim,15,21.838,16.663,0.454,17.557,0.011,56.524
2026-09-02T07:59:10.163416+07:00,c8_sim,16,11.698,17.625,0.338,16.729,0.010,46.400
2026-09-02T07:59:10.201308+07:00,c8_sim,17,9.798,17.149,0.393,19.004,0.037,46.382
2026-09-02T07:59:10.238563+07:00,c8_sim,18,8.338,17.927,0.478,17.051,0.040,43.835
2026-09-02T07:59:10.276120+07:00,c8_sim,19,9.037,17.811,0.472,17.694,0.016,45.030
2026-09-02T07:59:10.315268+07:00,c8_sim,20,6.758,18.916,0.475,18.327,0.020,44.495
2026-09-02T07:59:10.355988+07:00,c8_sim,21,6.726,19.962,0.393,18.494,0.026,45.600
2026-09-02T07:59:10.395088+07:00,c8_sim,22,6.502,18.573,0.395,18.963,0.026,44.459
2026-09-02T07:59:10.437210+07:00,c8_sim,23,6.917,19.789,0.360,20.587,0.033,47.686
2026-09-02T07:59:10.480511+07:00,c8_sim,24,6.926,20.572,0.421,20.631,0.016,48.566
2026-09-02T07:59:10.525192+07:00,c8_sim,25,6.821,22.779,0.404,20.142,0.024,50.171
2026-09-02T07:59:10.542281+07:00,c8_sim,26,6.702,15.459,0.355,0.003,0.008,22.527
2026-09-02T07:59:10.561593+07:00,c8_sim,27,6.833,17.734,0.304,0.002,0.007,24.880
2026-09-02T07:59:10.659744+07:00,c8_sim,28,6.866,24.834,0.000,0.000,0.010,31.710
2026-09-02T07:59:10.803840+07:00,c8_sim,29,6.818,36.000,0.623,28.629,0.029,72.098
2026-09-02T07:59:10.912761+07:00,c8_sim,30,7.889,27.550,0.833,30.098,0.047,66.417
2026-09-02T07:59:11.026486+07:00,c8_sim,31,7.546,32.558,0.926,30.613,0.022,71.664
2026-09-02T07:59:11.102503+07:00,c8_sim,32,7.809,24.052,0.673,23.937,0.021,56.492
2026-09-02T07:59:11.242736+07:00,c8_sim,33,10.244,31.893,0.879,30.685,0.028,73.729
2026-09-02T07:59:11.318866+07:00,c8_sim,34,7.975,25.231,0.609,22.548,0.028,56.391
2026-09-02T07:59:11.447932+07:00,c8_sim,35,9.198,28.080,0.632,22.726,0.026,60.663
2026-09-02T07:59:11.555349+07:00,c8_sim,36,8.682,29.682,0.586,25.982,0.027,64.960
2026-09-02T07:59:11.662548+07:00,c8_sim,37,7.514,26.543,0.870,27.596,0.018,62.541
2026-09-02T07:59:11.784822+07:00,c8_sim,38,9.408,37.011,0.863,35.132,0.039,82.452
2026-09-02T07:59:11.844025+07:00,c8_sim,39,7.807,19.099,0.457,14.948,0.017,42.327
2026-09-02T07:59:11.967511+07:00,c8_sim,40,11.493,25.309,0.753,19.977,0.018,57.550
2026-09-02T07:59:12.096278+07:00,c8_sim,41,7.766,27.844,1.112,30.303,0.047,67.072
2026-09-02T07:59:12.219256+07:00,c8_sim,42,9.211,37.756,1.118,33.879,0.036,82.001
2026-09-02T07:59:12.274830+07:00,c8_sim,43,9.303,16.404,0.679,15.829,0.026,42.241
2026-09-02T07:59:12.430509+07:00,c8_sim,44,12.241,28.932,1.100,22.694,0.063,65.031
2026-09-02T07:59:12.517110+07:00,c8_sim,45,8.152,24.354,0.682,33.659,0.047,66.894
2026-09-02T07:59:12.606093+07:00,c8_sim,46,9.224,20.688,0.555,14.907,0.022,45.394
2026-09-02T07:59:12.730634+07:00,c8_sim,47,12.306,25.590,0.795,23.186,0.043,61.920
2026-09-02T07:59:12.882547+07:00,c8_sim,48,11.019,39.985,1.129,32.682,0.049,84.863
2026-09-02T07:59:12.972048+07:00,c8_sim,49,7.529,34.511,0.990,25.768,0.018,68.817
2026-09-02T07:59:13.015547+07:00,c8_sim,50,9.077,17.168,0.000,0.000,0.008,26.253
2026-09-02T07:59:13.145116+07:00,c8_sim,51,9.411,26.798,0.000,0.000,0.016,36.224
2026-09-02T07:59:13.251153+07:00,c8_sim,52,10.789,33.646,0.000,0.000,0.020,44.455
2026-09-02T07:59:13.361314+07:00,c8_sim,53,12.266,37.175,0.000,0.000,0.022,49.463
2026-09-02T07:59:13.472885+07:00,c8_sim,54,13.856,32.762,0.000,0.000,0.019,46.636
2026-09-02T07:59:13.588553+07:00,c8_sim,55,10.290,38.167,0.000,0.000,0.020,48.477
2026-09-02T07:59:13.701775+07:00,c8_sim,56,10.078,35.759,0.000,0.000,0.021,45.858
2026-09-02T07:59:13.819810+07:00,c9_sim,1,7.419,34.414,0.628,30.372,0.106,72.939
2026-09-02T07:59:13.912701+07:00,c9_sim,2,7.826,21.750,0.903,18.064,0.023,48.564
2026-09-02T07:59:14.038280+07:00,c9_sim,3,10.140,30.621,0.964,19.368,0.019,61.111
2026-09-02T07:59:14.150677+07:00,c9_sim,4,8.688,27.076,0.851,30.277,0.069,66.960
2026-09-02T07:59:14.235019+07:00,c9_sim,5,5.400,28.252,1.453,27.686,0.026,62.816
2026-09-02T07:59:14.314380+07:00,c9_sim,6,5.888,25.025,0.739,0.000,0.013,31.665
2026-09-02T07:59:14.418150+07:00,c9_sim,7,5.028,27.566,0.655,0.000,0.011,33.260
2026-09-02T07:59:14.518994+07:00,c9_sim,8,7.010,26.364,1.263,0.000,0.018,34.656
2026-09-02T07:59:14.628328+07:00,c9_sim,9,11.233,31.038,1.047,0.000,0.019,43.337
2026-09-02T07:59:14.766463+07:00,c9_sim,10,6.209,28.746,1.219,33.202,0.033,69.410
2026-09-02T07:59:14.854579+07:00,c9_sim,11,7.131,31.955,1.068,27.948,0.020,68.121
2026-09-02T07:59:14.944818+07:00,c9_sim,12,7.056,22.953,0.968,17.075,0.014,48.067
2026-09-02T07:59:15.068586+07:00,c9_sim,13,8.869,26.721,1.024,20.338,0.014,56.966
2026-09-02T07:59:15.184663+07:00,c9_sim,14,7.150,32.016,0.725,31.948,0.012,71.851
2026-09-02T07:59:15.242601+07:00,c9_sim,15,6.610,16.356,0.612,13.927,0.015,37.520
2026-09-02T07:59:15.366925+07:00,c9_sim,16,8.025,24.364,0.895,20.755,0.033,54.072
2026-09-02T07:59:15.467964+07:00,c9_sim,17,9.800,27.239,1.069,21.156,0.014,59.279
2026-09-02T07:59:15.571251+07:00,c9_sim,18,7.953,26.393,0.978,26.183,0.011,61.519
2026-09-02T07:59:15.676017+07:00,c9_sim,19,8.093,23.020,0.619,27.762,0.028,59.522
2026-09-02T07:59:15.783244+07:00,c9_sim,20,7.210,28.597,1.021,26.229,0.034,63.091
2026-09-02T07:59:15.894031+07:00,c9_sim,21,7.282,31.945,1.086,29.778,0.052,70.143
2026-09-02T07:59:16.001272+07:00,c9_sim,22,6.836,28.268,0.911,28.352,0.028,64.395
2026-09-02T07:59:16.058646+07:00,c9_sim,23,5.404,17.304,0.584,13.276,0.021,36.588
2026-09-02T07:59:16.177669+07:00,c9_sim,24,9.289,23.363,0.837,17.478,0.026,50.993
2026-09-02T07:59:16.298303+07:00,c9_sim,25,8.729,25.502,0.770,17.003,0.033,52.039
2026-09-02T07:59:16.395608+07:00,c9_sim,26,6.189,24.333,0.800,19.669,0.059,51.049
2026-09-02T07:59:16.510066+07:00,c9_sim,27,6.733,29.671,1.088,31.424,0.037,68.954
2026-09-02T07:59:16.632194+07:00,c9_sim,28,7.540,35.138,0.892,32.612,0.042,76.225
2026-09-02T07:59:16.714665+07:00,c9_sim,29,5.118,26.323,0.954,29.133,0.149,61.678
2026-09-02T07:59:16.802278+07:00,c9_sim,30,6.713,23.456,0.575,14.575,0.029,45.348
2026-09-02T07:59:16.881733+07:00,c9_sim,31,4.847,17.023,0.599,14.994,0.028,37.490
2026-09-02T07:59:17.014942+07:00,c9_sim,32,9.942,32.330,0.669,25.362,0.036,68.339
2026-09-02T07:59:17.131632+07:00,c9_sim,33,4.596,28.547,1.091,37.867,0.036,72.138
2026-09-02T07:59:17.252589+07:00,c9_sim,34,5.602,35.410,1.212,35.222,0.046,77.491
2026-09-02T07:59:17.341389+07:00,c9_sim,35,9.043,30.326,1.261,32.172,0.072,72.872
2026-09-02T07:59:17.481068+07:00,c9_sim,36,11.846,60.685,0.876,32.604,0.045,106.055
2026-09-02T07:59:17.533885+07:00,c9_sim,37,7.703,27.970,1.400,21.805,0.046,58.925
2026-09-02T07:59:17.627245+07:00,c9_sim,38,5.997,19.791,0.727,21.381,0.035,47.931
2026-09-02T07:59:17.751653+07:00,c9_sim,39,6.397,23.314,0.624,26.084,0.059,56.478
2026-09-02T07:59:17.820636+07:00,c9_sim,40,5.343,22.823,0.727,18.723,0.036,47.651
2026-09-02T07:59:17.935082+07:00,c9_sim,41,7.311,21.027,0.762,18.345,0.043,47.487
2026-09-02T07:59:18.047606+07:00,c9_sim,42,8.198,18.426,1.032,18.310,0.046,46.013
2026-09-02T07:59:18.135117+07:00,c9_sim,43,5.120,16.637,0.574,17.219,0.026,39.577
2026-09-02T07:59:18.256274+07:00,c9_sim,44,6.208,25.243,0.912,22.768,0.034,55.165
2026-09-02T07:59:18.353860+07:00,c9_sim,45,6.532,26.575,0.972,23.886,0.070,58.036
2026-09-02T07:59:18.464746+07:00,c9_sim,46,7.619,28.976,0.976,28.270,0.037,65.878
2026-09-02T07:59:18.567551+07:00,c9_sim,47,6.641,24.436,0.748,25.066,0.051,56.943
2026-09-02T07:59:18.675487+07:00,c9_sim,48,6.402,29.031,0.936,25.584,0.031,61.985
2026-09-02T07:59:18.782324+07:00,c9_sim,49,7.269,30.425,0.832,22.442,0.032,61.000
2026-09-02T07:59:18.881316+07:00,c9_sim,50,6.439,27.245,0.766,22.673,0.036,57.159
2026-09-02T07:59:18.978862+07:00,c9_sim,51,6.564,26.510,0.723,20.950,0.033,54.780
2026-09-02T07:59:19.078967+07:00,c9_sim,52,7.363,28.944,0.618,20.211,0.041,57.177
2026-09-02T07:59:19.183266+07:00,c9_sim,53,7.693,28.879,0.991,24.240,0.053,61.857
2026-09-02T07:59:19.291172+07:00,c9_sim,54,9.024,30.212,1.059,24.087,0.045,64.428
2026-09-02T07:59:19.399338+07:00,c9_sim,55,7.624,30.742,0.821,31.524,0.042,70.753
2026-09-02T07:59:19.519708+07:00,c9_sim,56,8.155,39.119,1.051,27.003,0.054,75.381
2026-09-02T07:59:19.598842+07:00,c9_sim,57,6.921,29.348,0.952,22.995,0.031,60.247
2026-09-02T07:59:19.690632+07:00,c9_sim,58,6.191,23.052,0.800,18.658,0.029,48.731
2026-09-02T07:59:19.825239+07:00,c9_sim,59,10.000,28.649,0.923,25.490,0.063,65.125
2026-09-02T07:59:19.919145+07:00,c9_sim,60,6.485,31.310,0.949,34.471,0.037,73.252
2026-09-02T07:59:19.975646+07:00,c9_sim,61,5.728,14.134,0.535,16.619,0.026,37.041
2026-09-02T07:59:20.114980+07:00,c9_sim,62,10.734,25.957,0.679,21.149,0.040,58.559
2026-09-02T07:59:20.233735+07:00,c9_sim,63,7.515,32.136,1.001,36.350,0.043,77.046
2026-09-02T07:59:20.312729+07:00,c9_sim,64,6.695,24.762,0.914,25.761,0.033,58.165
2026-09-02T07:59:20.430388+07:00,c9_sim,65,7.083,31.434,0.631,32.119,0.035,71.301
2026-09-02T07:59:20.528228+07:00,c9_sim,66,6.846,31.874,0.533,16.363,0.027,55.643
2026-09-02T07:59:20.613513+07:00,c9_sim,67,5.704,18.193,0.608,16.915,0.026,41.445
2026-09-02T07:59:20.741216+07:00,c9_sim,68,6.969,28.648,0.888,25.211,0.043,61.759
2026-09-02T07:59:20.868498+07:00,c9_sim,69,7.294,38.505,1.080,34.948,0.035,81.862
2026-09-02T07:59:20.931190+07:00,c9_sim,70,5.699,19.916,0.614,16.456,0.024,42.709
2026-09-02T07:59:21.022771+07:00,c9_sim,71,6.236,20.294,0.877,17.188,0.028,44.623
2026-09-02T07:59:21.148809+07:00,c9_sim,72,8.155,28.445,0.830,21.354,0.043,58.827
2026-09-02T07:59:21.268643+07:00,c9_sim,73,7.474,31.701,0.911,33.368,0.031,73.486
2026-09-02T07:59:21.332841+07:00,c9_sim,74,5.242,18.657,0.681,17.788,0.025,42.395
2026-09-02T07:59:21.451886+07:00,c9_sim,75,7.026,25.477,0.711,20.347,0.035,53.596
2026-09-02T07:59:21.549920+07:00,c9_sim,76,7.656,26.116,0.797,20.915,0.041,55.526
2026-09-02T07:59:21.649294+07:00,c9_sim,77,8.110,23.868,0.639,22.024,0.045,54.686
2026-09-02T07:59:21.752799+07:00,c9_sim,78,6.909,27.410,0.732,22.973,0.034,58.058
2026-09-02T07:59:21.893101+07:00,c9_sim,79,8.419,31.991,0.931,28.726,0.063,70.129
2026-09-02T07:59:21.982649+07:00,c9_sim,80,6.678,28.060,0.702,33.239,0.044,68.724
2026-09-02T07:59:22.079499+07:00,c9_sim,81,7.121,31.522,0.640,15.882,0.027,55.192
2026-09-02T07:59:22.170603+07:00,c9_sim,82,5.914,20.024,0.755,20.449,0.023,47.165
2026-09-02T07:59:22.265525+07:00,c9_sim,83,6.587,26.247,0.763,19.552,0.033,53.183
2026-09-02T07:59:22.416935+07:00,c9_sim,84,8.033,37.804,0.943,34.776,0.043,81.598
2026-09-02T07:59:22.470762+07:00,c9_sim,85,6.391,15.552,0.580,13.486,0.019,36.027
2026-09-02T07:59:22.582664+07:00,c9_sim,86,7.848,21.970,0.829,21.341,0.026,52.014
2026-09-02T07:59:22.683800+07:00,c9_sim,87,5.911,26.511,0.651,24.047,0.020,57.141
2026-09-02T07:59:22.788773+07:00,c9_sim,88,8.545,24.407,0.807,27.244,0.028,61.031
2026-09-02T07:59:22.897253+07:00,c9_sim,89,8.501,26.057,0.957,28.805,0.059,64.379
2026-09-02T07:59:23.003634+07:00,c9_sim,90,9.528,31.673,0.946,25.200,0.035,67.381
2026-09-02T07:59:23.095974+07:00,c9_sim,91,8.600,23.423,0.788,17.568,0.031,50.411
2026-09-02T07:59:23.224010+07:00,c9_sim,92,11.007,28.967,0.822,20.292,0.040,61.128
2026-09-02T07:59:23.284957+07:00,c9_sim,93,8.006,17.852,0.724,15.060,0.024,41.667
2026-09-02T07:59:23.399013+07:00,c9_sim,94,8.553,21.883,0.772,18.423,0.017,49.648
2026-09-02T07:59:23.522398+07:00,c9_sim,95,8.322,24.977,0.940,22.892,0.058,57.190
2026-09-02T07:59:23.634926+07:00,c9_sim,96,6.321,29.852,1.011,28.235,0.017,65.435
2026-09-02T07:59:23.729913+07:00,c9_sim,97,7.527,23.333,0.777,17.824,0.024,49.486
2026-09-02T07:59:23.819102+07:00,c9_sim,98,7.683,21.211,0.818,15.573,0.015,45.301
2026-09-02T07:59:23.909000+07:00,c9_sim,99,7.995,21.066,0.695,16.294,0.013,46.064
2026-09-02T07:59:24.022022+07:00,c9_sim,100,7.584,19.702,0.722,16.229,0.025,44.262
2026-09-02T07:59:24.121139+07:00,c9_sim,101,7.273,23.268,0.781,22.244,0.020,53.587
2026-09-02T07:59:24.263551+07:00,c9_sim,102,9.214,35.812,1.159,31.555,0.054,77.794
2026-09-02T07:59:24.347225+07:00,c9_sim,103,6.653,30.195,0.552,29.080,0.026,66.506
2026-09-02T07:59:24.454536+07:00,c9_sim,104,7.580,31.812,1.010,25.082,0.037,65.521
2026-09-02T07:59:24.542868+07:00,c9_sim,105,7.027,20.328,0.751,17.527,0.030,45.663
2026-09-02T07:59:24.636049+07:00,c9_sim,106,7.859,22.600,0.761,17.396,0.023,48.639
2026-09-02T07:59:24.763174+07:00,c9_sim,107,9.194,26.860,0.951,20.607,0.043,57.655
2026-09-02T07:59:24.855962+07:00,c9_sim,108,8.589,19.121,0.617,19.661,0.020,48.008
2026-09-02T07:59:24.955745+07:00,c9_sim,109,6.639,23.433,0.462,25.007,0.026,55.566
2026-09-02T07:59:25.085472+07:00,c9_sim,110,8.167,29.799,0.886,24.785,0.022,63.659
2026-09-02T07:59:25.161831+07:00,c9_sim,111,6.129,25.677,0.839,22.205,0.018,54.868
2026-09-02T07:59:25.276316+07:00,c9_sim,112,8.208,31.167,1.003,28.850,0.017,69.244
2026-09-02T07:59:25.396035+07:00,c9_sim,113,7.138,30.620,0.874,34.416,0.032,73.079
2026-09-02T07:59:25.474839+07:00,c9_sim,114,5.455,25.691,0.712,26.789,0.041,58.688
2026-09-02T07:59:25.559019+07:00,c9_sim,115,7.485,31.252,0.000,0.000,0.019,38.756
2026-09-02T07:59:25.670224+07:00,c9_sim,116,10.135,39.870,0.000,0.000,0.021,50.026
2026-09-02T07:59:25.780502+07:00,c9_sim,117,9.140,33.938,0.000,0.000,0.022,43.100
2026-09-02T07:59:25.898240+07:00,c9_sim,118,8.084,33.628,0.800,32.920,0.062,75.494
2026-09-02T07:59:26.024768+07:00,c9_sim,119,6.620,44.531,0.675,27.694,0.034,79.553
2026-09-02T07:59:26.079695+07:00,c9_sim,120,5.450,17.440,0.543,15.035,0.028,38.496
2026-09-02T07:59:26.211663+07:00,c9_sim,121,8.020,28.089,0.933,24.550,0.035,61.628
2026-09-02T07:59:26.281611+07:00,c9_sim,122,4.993,22.236,0.582,21.200,0.034,49.047
2026-09-02T07:59:26.414875+07:00,c9_sim,123,5.810,25.365,0.699,30.820,0.030,62.725
2026-09-02T07:59:26.528892+07:00,c9_sim,124,6.033,34.052,0.908,29.883,0.039,70.915
2026-09-02T07:59:26.610721+07:00,c9_sim,125,8.092,26.756,0.604,29.194,0.039,64.686
2026-09-02T07:59:26.716116+07:00,c9_sim,126,6.987,28.099,0.912,27.340,0.073,63.410
2026-09-02T07:59:26.819247+07:00,c9_sim,127,8.088,29.099,0.698,24.179,0.032,62.096
2026-09-02T07:59:26.919450+07:00,c9_sim,128,6.996,26.237,0.724,20.065,0.033,54.054
2026-09-02T07:59:27.013304+07:00,c9_sim,129,5.716,22.620,0.710,20.388,0.032,49.466
2026-09-02T07:59:27.135419+07:00,c9_sim,130,7.821,26.342,0.691,21.188,0.041,56.082
2026-09-02T07:59:27.238280+07:00,c9_sim,131,8.995,26.796,0.818,24.942,0.053,61.604
2026-09-02T07:59:27.333874+07:00,c9_sim,132,10.385,24.825,0.865,18.866,0.068,55.009
2026-09-02T07:59:27.429791+07:00,c9_sim,133,6.093,22.865,0.925,20.655,0.038,50.576
2026-09-02T07:59:27.570930+07:00,c9_sim,134,10.929,36.370,1.129,27.533,0.046,76.008
2026-09-02T07:59:27.652614+07:00,c9_sim,135,6.192,32.596,0.701,23.805,0.035,63.328
2026-09-02T07:59:27.748314+07:00,c9_sim,136,6.545,23.677,0.847,20.987,0.045,52.101
2026-09-02T07:59:27.846021+07:00,c9_sim,137,9.442,25.947,0.664,23.246,0.039,59.337
2026-09-02T07:59:27.961012+07:00,c9_sim,138,7.367,34.569,0.775,30.262,0.042,73.014
2026-09-02T07:59:28.077994+07:00,c9_sim,139,6.536,37.234,0.795,31.356,0.041,75.962
2026-09-02T07:59:28.149112+07:00,c9_sim,140,6.574,23.360,0.547,20.776,0.045,51.303
2026-09-02T07:59:28.252702+07:00,c9_sim,141,6.742,30.355,0.867,20.573,0.039,58.576
2026-09-02T07:59:28.375518+07:00,c9_sim,142,7.262,25.233,0.939,22.742,0.102,56.278
2026-09-02T07:59:28.484787+07:00,c9_sim,143,7.317,30.228,0.697,24.598,0.035,62.876
2026-09-02T07:59:28.579408+07:00,c9_sim,144,6.976,23.589,1.455,21.973,0.038,54.032
2026-09-02T07:59:28.680536+07:00,c9_sim,145,5.207,24.111,0.660,26.091,0.037,56.105
2026-09-02T07:59:28.780879+07:00,c9_sim,146,6.347,23.890,0.819,22.554,0.040,53.651
2026-09-02T07:59:28.879878+07:00,c9_sim,147,6.524,26.449,0.765,21.654,0.038,55.430
2026-09-02T07:59:28.984030+07:00,c9_sim,148,7.855,25.989,1.390,23.209,0.039,58.482
2026-09-02T07:59:29.080809+07:00,c9_sim,149,7.782,25.611,0.699,20.876,0.037,55.006
2026-09-02T07:59:29.203663+07:00,c9_sim,150,7.247,27.189,0.800,22.318,0.049,57.603
2026-09-02T07:59:29.315345+07:00,c9_sim,151,8.538,30.920,0.985,28.103,0.042,68.588
2026-09-02T07:59:29.394199+07:00,c9_sim,152,7.192,25.144,0.848,25.344,0.038,58.566
2026-09-02T07:59:29.501336+07:00,c9_sim,153,7.663,29.506,0.706,24.626,0.048,62.550
2026-09-02T07:59:29.597696+07:00,c9_sim,154,9.393,27.027,0.987,22.134,0.035,59.576
2026-09-02T07:59:29.697575+07:00,c9_sim,155,8.178,25.628,0.901,22.897,0.037,57.642
2026-09-02T07:59:29.833771+07:00,c9_sim,156,8.869,29.883,1.002,25.417,0.065,65.237
2026-09-02T07:59:29.906445+07:00,c9_sim,157,6.588,21.391,0.754,22.416,0.050,51.199
2026-09-02T07:59:30.036444+07:00,c9_sim,158,7.406,31.105,0.657,25.037,0.046,64.251
2026-09-02T07:59:30.111726+07:00,c9_sim,159,6.790,22.306,0.743,24.809,0.030,54.679
2026-09-02T07:59:30.219768+07:00,c9_sim,160,6.361,31.065,0.714,23.259,0.041,61.440
2026-09-02T07:59:30.313083+07:00,c9_sim,161,6.893,22.418,0.670,20.798,0.045,50.824
2026-09-02T07:59:30.438393+07:00,c9_sim,162,8.350,28.180,0.955,27.485,0.031,65.001
2026-09-02T07:59:30.545772+07:00,c9_sim,163,7.198,29.274,0.973,23.611,0.030,61.085
2026-09-02T07:59:30.667294+07:00,c9_sim,164,6.950,41.618,0.941,24.364,0.035,73.908
2026-09-02T07:59:30.745519+07:00,c9_sim,165,6.735,27.201,0.887,23.221,0.038,58.082
2026-09-02T07:59:30.851160+07:00,c9_sim,166,7.800,27.062,0.763,25.731,0.043,61.398
2026-09-02T07:59:30.946791+07:00,c9_sim,167,6.905,24.586,0.925,21.120,0.039,53.575
2026-09-02T07:59:31.044985+07:00,c9_sim,168,6.634,24.966,0.923,24.989,0.027,57.539
2026-09-02T07:59:31.152726+07:00,c9_sim,169,7.928,32.035,0.768,27.006,0.024,67.761
2026-09-02T07:59:31.247393+07:00,c9_sim,170,8.147,23.772,0.853,18.163,0.022,50.957
2026-09-02T07:59:31.365663+07:00,c9_sim,171,10.146,24.617,0.796,17.415,0.015,52.989
2026-09-02T07:59:31.460424+07:00,c9_sim,172,6.482,23.068,0.766,17.817,0.015,48.148
2026-09-02T07:59:31.550861+07:00,c9_sim,173,8.014,21.148,0.846,18.186,0.020,48.213
2026-09-02T07:59:31.691423+07:00,c9_sim,174,8.670,32.235,1.108,29.409,0.062,71.484
2026-09-02T07:59:31.771120+07:00,c9_sim,175,6.525,25.183,0.821,26.513,0.025,59.068
2026-09-02T07:59:31.883192+07:00,c9_sim,176,8.670,29.763,1.001,28.590,0.048,68.073
2026-09-02T07:59:32.003785+07:00,c9_sim,177,8.763,38.415,0.955,29.712,0.021,77.866
2026-09-02T07:59:32.084042+07:00,c9_sim,178,6.316,27.741,0.678,23.953,0.017,58.706
2026-09-02T07:59:32.190359+07:00,c9_sim,179,7.523,27.238,0.831,24.752,0.018,60.361
2026-09-02T07:59:32.297230+07:00,c9_sim,180,8.530,28.439,0.882,28.692,0.041,66.584
2026-09-02T07:59:32.417227+07:00,c9_sim,181,6.096,35.300,0.949,32.578,0.030,74.952
2026-09-02T07:59:32.476905+07:00,c9_sim,182,5.367,15.968,0.648,15.779,0.020,37.781
2026-09-02T07:59:32.601484+07:00,c9_sim,183,7.388,25.029,0.785,23.024,0.023,56.248
2026-09-02T07:59:32.714621+07:00,c9_sim,184,6.758,29.064,0.812,31.588,0.045,68.267
2026-09-02T07:59:32.839270+07:00,c9_sim,185,7.415,42.554,0.920,28.706,0.030,79.626
2026-09-02T07:59:32.899692+07:00,c9_sim,186,6.348,19.305,0.707,15.787,0.026,42.173
2026-09-02T07:59:32.996233+07:00,c9_sim,187,6.187,25.280,0.751,17.482,0.039,49.739
2026-09-02T07:59:33.131265+07:00,c9_sim,188,6.041,26.885,0.986,30.462,0.038,64.412
2026-09-02T07:59:33.222535+07:00,c9_sim,189,6.620,36.926,0.915,28.564,0.029,73.055
2026-09-02T07:59:33.312711+07:00,c9_sim,190,5.545,19.815,0.629,17.425,0.031,43.445
2026-09-02T07:59:33.432981+07:00,c9_sim,191,8.073,25.887,0.912,22.893,0.043,57.808
2026-09-02T07:59:33.499765+07:00,c9_sim,192,5.671,20.808,0.746,19.446,0.048,46.719
2026-09-02T07:59:33.631242+07:00,c9_sim,193,7.750,24.512,0.924,26.507,0.032,59.726
2026-09-02T07:59:33.732213+07:00,c9_sim,194,6.114,25.564,0.809,22.819,0.031,55.337
2026-09-02T07:59:33.846542+07:00,c9_sim,195,5.024,30.942,1.331,29.942,0.033,67.272
2026-09-02T07:59:33.954269+07:00,c9_sim,196,6.183,29.851,0.941,28.129,0.030,65.135
2026-09-02T07:59:34.011622+07:00,c9_sim,197,5.640,16.946,0.570,13.516,0.034,36.705
2026-09-02T07:59:34.129917+07:00,c9_sim,198,6.947,21.541,0.675,19.205,0.031,48.399
2026-09-02T07:59:34.267067+07:00,c9_sim,199,9.398,28.962,0.986,32.320,0.042,71.707
2026-09-02T07:59:34.331715+07:00,c9_sim,200,6.068,20.362,0.739,15.802,0.020,42.992
2026-09-02T07:59:34.452158+07:00,c9_sim,201,6.054,27.488,0.793,20.473,0.019,54.827
2026-09-02T07:59:34.554250+07:00,c9_sim,202,8.493,24.562,0.908,23.096,0.031,57.091
2026-09-02T07:59:34.668752+07:00,c9_sim,203,6.728,36.582,0.771,26.521,0.019,70.621
2026-09-02T07:59:34.762894+07:00,c9_sim,204,7.096,24.066,0.777,18.748,0.017,50.703
2026-09-02T07:59:34.861652+07:00,c9_sim,205,7.263,26.750,0.799,19.033,0.018,53.862
2026-09-02T07:59:34.967979+07:00,c9_sim,206,7.648,28.741,1.045,27.392,0.037,64.863
2026-09-02T07:59:35.077416+07:00,c9_sim,207,6.428,28.481,0.766,28.666,0.021,64.362
2026-09-02T07:59:35.204905+07:00,c9_sim,208,7.308,32.875,0.908,38.666,0.065,79.822
2026-09-02T07:59:35.285891+07:00,c9_sim,209,6.140,31.004,0.768,23.821,0.044,61.778
2026-09-02T07:59:35.380417+07:00,c9_sim,210,6.271,22.888,0.861,20.166,0.048,50.233
2026-09-02T07:59:35.478399+07:00,c9_sim,211,6.531,24.195,0.778,20.965,0.032,52.502
2026-09-02T07:59:35.576369+07:00,c9_sim,212,6.125,23.168,0.928,21.261,0.022,51.503
2026-09-02T07:59:35.679735+07:00,c9_sim,213,7.229,27.685,0.940,22.494,0.016,58.363
2026-09-02T07:59:35.810056+07:00,c9_sim,214,9.693,27.434,1.041,26.659,0.058,64.885
2026-09-02T07:59:35.888068+07:00,c9_sim,215,7.505,27.692,0.715,21.262,0.020,57.195
2026-09-02T07:59:36.005046+07:00,c9_sim,216,7.848,23.630,0.764,16.670,0.016,48.927
2026-09-02T07:59:36.096167+07:00,c9_sim,217,8.028,23.258,0.776,18.483,0.012,50.557
2026-09-02T07:59:36.190660+07:00,c9_sim,218,9.359,22.346,0.893,17.931,0.016,50.545
2026-09-02T07:59:36.315868+07:00,c9_sim,219,9.300,23.736,0.975,23.981,0.013,58.005
2026-09-02T07:59:36.414101+07:00,c9_sim,220,6.883,26.011,1.057,22.655,0.057,56.663
2026-09-02T07:59:36.521329+07:00,c9_sim,221,8.630,26.294,0.956,26.513,0.024,62.418
2026-09-02T07:59:36.624649+07:00,c9_sim,222,6.999,25.266,0.898,24.659,0.015,57.837
2026-09-02T07:59:36.729505+07:00,c9_sim,223,7.405,26.039,0.955,29.143,0.060,63.602
2026-09-02T07:59:36.845181+07:00,c9_sim,224,6.914,33.535,0.970,29.984,0.061,71.465
2026-09-02T07:59:36.933765+07:00,c9_sim,225,6.323,30.052,1.208,29.744,0.027,67.355
2026-09-02T07:59:37.018580+07:00,c9_sim,226,6.982,20.339,0.786,16.898,0.023,45.027
2026-09-02T07:59:37.137015+07:00,c9_sim,227,8.803,25.909,0.728,17.801,0.017,53.258
2026-09-02T07:59:37.229342+07:00,c9_sim,228,6.564,22.443,0.760,20.908,0.015,50.690
2026-09-02T07:59:37.336921+07:00,c9_sim,229,7.113,27.593,1.143,27.871,0.015,63.734
2026-09-02T07:59:37.472364+07:00,c9_sim,230,11.647,30.116,1.092,29.921,0.064,72.840
2026-09-02T07:59:37.560430+07:00,c9_sim,231,6.504,32.394,0.525,29.702,0.033,69.157
2026-09-02T07:59:37.675567+07:00,c9_sim,232,6.293,32.712,0.968,29.613,0.034,69.620
2026-09-02T07:59:37.762412+07:00,c9_sim,233,5.863,28.993,0.746,29.384,0.041,65.028
2026-09-02T07:59:37.885450+07:00,c9_sim,234,6.595,39.691,1.233,30.190,0.020,77.729
2026-09-02T07:59:37.947162+07:00,c9_sim,235,6.303,19.532,0.627,14.654,0.023,41.139
2026-09-02T07:59:38.071002+07:00,c9_sim,236,7.038,25.317,0.682,19.288,0.058,52.383
2026-09-02T07:59:38.154570+07:00,c9_sim,237,7.226,22.616,0.769,16.199,0.026,46.837
2026-09-02T07:59:38.274960+07:00,c9_sim,238,7.542,25.944,0.936,25.249,0.036,59.706
2026-09-02T07:59:38.387331+07:00,c9_sim,239,7.329,33.643,0.958,23.836,0.026,65.791
2026-09-02T07:59:38.474267+07:00,c9_sim,240,6.227,20.982,0.549,13.758,0.018,41.534
2026-09-02T07:59:38.565407+07:00,c9_sim,241,7.042,21.368,0.725,17.102,0.034,46.272
2026-09-02T07:59:38.686398+07:00,c9_sim,242,9.076,25.259,0.730,18.480,0.030,53.575
2026-09-02T07:59:38.787653+07:00,c9_sim,243,7.341,25.750,0.712,25.809,0.039,59.651
2026-09-02T07:59:38.886945+07:00,c9_sim,244,5.779,26.695,0.955,24.096,0.044,57.568
2026-09-02T07:59:38.982516+07:00,c9_sim,245,9.251,24.286,0.693,20.643,0.044,54.916
2026-09-02T07:59:39.084194+07:00,c9_sim,246,6.620,25.578,1.064,22.350,0.038,55.650
2026-09-02T07:59:39.199953+07:00,c9_sim,247,8.656,27.169,0.852,20.100,0.019,56.796
2026-09-02T07:59:39.291133+07:00,c9_sim,248,6.979,20.288,0.589,16.988,0.032,44.877
2026-09-02T07:59:39.381374+07:00,c9_sim,249,6.709,18.756,0.643,17.545,0.024,43.676
2026-09-02T07:59:39.500262+07:00,c9_sim,250,9.610,26.049,0.535,18.117,0.019,54.331
2026-09-02T07:59:39.608514+07:00,c9_sim,251,6.690,25.702,0.480,28.431,0.028,61.331
2026-09-02T07:59:39.717984+07:00,c9_sim,252,6.883,27.804,0.967,27.077,0.044,62.776
2026-09-02T07:59:39.832264+07:00,c9_sim,253,7.360,28.647,1.136,30.923,0.121,68.186
2026-09-02T07:59:39.935192+07:00,c9_sim,254,7.050,28.126,0.742,24.989,0.032,60.938
2026-09-02T07:59:40.035281+07:00,c9_sim,255,6.179,23.630,1.027,24.333,0.039,55.208
2026-09-02T07:59:40.125691+07:00,c9_sim,256,4.648,19.450,0.592,17.904,0.033,42.627
2026-09-02T07:59:40.225869+07:00,c9_sim,257,5.517,24.960,0.782,26.566,0.041,57.866
2026-09-02T07:59:40.341996+07:00,c9_sim,258,8.887,44.737,0.000,0.000,0.020,53.644
2026-09-02T07:59:40.438741+07:00,c8_sim,57,11.973,38.657,1.264,0.000,0.020,51.914
2026-09-02T07:59:40.525887+07:00,c8_sim,58,8.966,36.081,1.047,0.000,0.018,46.112
2026-09-02T07:59:40.609851+07:00,c8_sim,59,10.763,33.647,0.000,0.000,0.012,44.421
2026-09-02T07:59:40.682929+07:00,c8_sim,60,10.554,23.046,0.798,0.000,0.012,34.411
2026-09-02T07:59:40.780033+07:00,c8_sim,61,15.276,24.620,0.703,0.005,0.137,40.742
2026-09-02T07:59:40.860717+07:00,c8_sim,62,13.800,33.295,0.000,0.000,0.015,47.111
2026-09-02T07:59:40.942525+07:00,c8_sim,63,8.421,32.805,0.000,0.000,0.012,41.239
2026-09-02T07:59:41.028185+07:00,c8_sim,64,8.218,32.741,0.000,0.000,0.260,41.218
2026-09-02T07:59:41.105899+07:00,c8_sim,65,11.445,24.561,0.951,0.006,0.072,37.036
2026-09-02T07:59:41.212406+07:00,c8_sim,66,8.882,32.216,0.000,0.000,0.030,41.128
2026-09-02T07:59:41.298251+07:00,c8_sim,67,12.526,33.894,1.257,0.008,0.026,47.710
2026-09-02T07:59:41.391798+07:00,c8_sim,68,9.230,36.495,1.414,0.007,0.018,47.164
2026-09-02T07:59:41.455974+07:00,c8_sim,69,6.903,37.185,0.000,0.000,0.023,44.111
2026-09-02T07:59:41.545503+07:00,c8_sim,70,10.537,32.543,1.097,0.007,0.023,44.208
2026-09-02T07:59:41.634534+07:00,c8_sim,71,10.092,36.115,0.000,0.000,0.018,46.224
2026-09-02T07:59:41.722319+07:00,c8_sim,72,10.752,35.562,1.028,0.000,0.012,47.355
2026-09-02T07:59:41.808345+07:00,c8_sim,73,9.436,33.038,0.000,0.000,0.019,42.493
2026-09-02T07:59:41.892263+07:00,c8_sim,74,10.736,36.568,0.950,0.000,0.018,48.272
2026-09-02T07:59:41.979726+07:00,c8_sim,75,9.238,36.761,0.000,0.000,0.022,46.022
2026-09-02T07:59:42.070651+07:00,c8_sim,76,9.483,35.803,1.256,0.000,0.018,46.561
2026-09-02T07:59:42.163691+07:00,c8_sim,77,9.091,39.788,1.485,0.008,0.228,50.600
2026-09-02T07:59:42.277789+07:00,c8_sim,78,11.003,34.613,1.149,33.758,0.032,80.555
2026-09-02T07:59:42.360307+07:00,c8_sim,79,8.844,25.712,0.790,28.292,0.021,63.660
2026-09-02T07:59:42.447297+07:00,c8_sim,80,9.020,27.904,0.744,30.652,0.021,68.341
2026-09-02T07:59:42.534477+07:00,c8_sim,81,7.778,27.726,0.745,31.329,0.018,67.596
2026-09-02T07:59:42.577415+07:00,c8_sim,82,8.798,15.400,0.631,0.004,0.013,24.847
2026-09-02T07:59:42.653061+07:00,c8_sim,83,9.450,21.736,0.550,0.003,0.012,31.751
2026-09-02T07:59:42.797662+07:00,c8_sim,84,11.149,32.332,1.189,33.114,0.025,77.808
2026-09-02T07:59:42.866308+07:00,c8_sim,85,8.137,31.831,0.727,34.598,0.042,75.336
2026-09-02T07:59:42.934638+07:00,c8_sim,86,7.744,22.734,0.741,21.883,0.022,53.124
2026-09-02T07:59:43.079958+07:00,c8_sim,87,7.684,57.919,1.076,32.897,0.026,99.602
2026-09-02T07:59:43.108368+07:00,c8_sim,88,10.272,27.857,0.000,0.000,0.013,38.142
2026-09-02T07:59:43.216425+07:00,c8_sim,89,6.916,26.306,0.743,26.679,0.020,60.664
2026-09-02T07:59:43.293632+07:00,c8_sim,90,7.065,24.274,0.678,25.425,0.026,57.468
2026-09-02T07:59:43.376373+07:00,c8_sim,91,7.842,26.517,0.659,28.355,0.032,63.404
2026-09-02T07:59:43.447860+07:00,c8_sim,92,7.540,24.419,0.626,21.309,0.021,53.915
2026-09-02T07:59:43.557825+07:00,c8_sim,93,7.057,29.940,0.727,27.828,0.023,65.576
2026-09-02T07:59:43.635304+07:00,c8_sim,94,7.226,26.502,0.655,22.320,0.024,56.728
2026-09-02T07:59:43.695943+07:00,c8_sim,95,7.606,17.898,0.660,17.275,0.022,43.460
2026-09-02T07:59:43.796834+07:00,c8_sim,96,7.753,25.954,0.829,21.252,0.024,55.812
2026-09-02T07:59:43.899300+07:00,c8_sim,97,8.524,29.278,1.521,22.638,0.040,62.000
2026-09-02T07:59:43.974029+07:00,c8_sim,98,7.518,23.309,0.797,22.847,0.030,54.500
2026-09-02T07:59:44.082303+07:00,c8_sim,99,7.107,28.323,0.929,26.501,0.046,62.907
2026-09-02T07:59:44.133913+07:00,c8_sim,100,7.935,26.850,0.691,0.004,0.014,35.495
2026-09-02T07:59:44.226771+07:00,c8_sim,101,8.765,41.522,0.779,0.005,0.034,51.105
2026-09-02T07:59:44.315581+07:00,c8_sim,102,8.399,21.376,0.834,17.718,0.031,48.358
2026-09-02T07:59:44.405957+07:00,c8_sim,103,9.260,22.537,1.001,19.342,0.035,52.176
2026-09-02T07:59:44.506794+07:00,c8_sim,104,7.962,23.185,0.955,24.385,0.051,56.538
2026-09-02T07:59:44.601426+07:00,c8_sim,105,7.709,30.494,1.166,35.669,0.044,75.080
2026-09-02T07:59:44.678639+07:00,c8_sim,106,7.835,26.655,0.535,24.418,0.034,59.477
2026-09-02T07:59:44.752691+07:00,c8_sim,107,8.039,25.078,0.631,22.682,0.040,56.470
2026-09-02T07:59:44.840342+07:00,c8_sim,108,7.578,20.496,0.556,18.293,0.027,46.951
2026-09-02T07:59:44.909415+07:00,c8_sim,109,7.950,22.319,0.567,19.248,0.035,50.119
2026-09-02T07:59:45.014705+07:00,c8_sim,110,7.191,26.811,0.679,26.677,0.036,61.395
2026-09-02T07:59:45.101532+07:00,c8_sim,111,6.857,25.262,0.954,34.021,0.093,67.187
2026-09-02T07:59:45.182734+07:00,c8_sim,112,7.384,30.293,0.715,22.820,0.056,61.267
2026-09-02T07:59:45.250894+07:00,c8_sim,113,6.948,22.023,0.539,19.448,0.050,49.008
2026-09-02T07:59:45.343240+07:00,c8_sim,114,6.964,21.340,0.592,21.925,0.049,50.870
2026-09-02T07:59:45.429772+07:00,c8_sim,115,7.694,21.501,0.582,18.300,0.035,48.113
2026-09-02T07:59:45.541403+07:00,c8_sim,116,7.805,26.187,0.666,36.214,0.041,70.914
2026-09-02T07:59:45.611858+07:00,c8_sim,117,9.105,21.906,0.730,24.427,0.084,56.251
2026-09-02T07:59:45.721519+07:00,c8_sim,118,8.361,32.637,0.897,25.110,0.056,67.060
2026-09-02T07:59:45.809912+07:00,c8_sim,119,7.788,27.911,0.760,31.983,0.046,68.487
2026-09-02T07:59:45.855405+07:00,c8_sim,120,24.903,20.298,0.668,0.004,0.016,45.888
2026-09-02T07:59:45.946340+07:00,c8_sim,121,6.809,17.602,0.692,20.459,0.028,45.589
2026-09-02T07:59:46.040992+07:00,c8_sim,122,7.240,20.989,0.549,25.429,0.040,54.247
2026-09-02T07:59:46.122862+07:00,c8_sim,123,7.121,31.295,0.692,20.703,0.040,59.850
2026-09-02T07:59:46.278564+07:00,c8_sim,124,7.204,24.418,1.268,101.155,0.063,134.107
2026-09-02T07:59:46.356304+07:00,c8_sim,125,64.890,27.002,0.616,21.358,0.036,113.902
2026-09-02T07:59:46.398699+07:00,c8_sim,126,8.240,21.083,0.580,19.084,0.042,49.029
2026-09-02T07:59:46.462531+07:00,c8_sim,127,7.447,18.647,0.635,17.227,0.041,43.996
2026-09-02T07:59:46.532165+07:00,c8_sim,128,7.332,17.920,0.000,0.000,0.010,25.263
2026-09-02T07:59:46.619925+07:00,c10_sim,1,4.825,22.104,0.000,0.000,0.007,26.936
2026-09-02T07:59:46.775520+07:00,c10_sim,2,5.874,36.296,0.000,0.000,0.012,42.182
2026-09-02T07:59:46.925949+07:00,c10_sim,3,10.284,32.167,0.000,0.000,0.007,42.458
2026-09-02T07:59:47.049942+07:00,c10_sim,4,12.108,25.137,0.000,0.000,0.017,37.262
2026-09-02T07:59:47.211279+07:00,c10_sim,5,11.016,35.147,0.000,0.000,0.008,46.170
2026-09-02T07:59:47.370007+07:00,c10_sim,6,12.753,35.561,0.000,0.000,0.011,48.324
2026-09-02T07:59:47.542159+07:00,c10_sim,7,11.989,40.693,0.490,27.050,0.141,80.363
2026-09-02T07:59:47.680316+07:00,c10_sim,8,9.971,32.969,0.941,29.290,0.030,73.200
2026-09-02T07:59:47.814275+07:00,c10_sim,9,9.989,32.059,0.960,30.760,0.031,73.798
2026-09-02T07:59:47.946954+07:00,c10_sim,10,12.275,26.666,1.124,26.855,0.032,66.952
2026-09-02T07:59:48.114146+07:00,c10_sim,11,9.455,39.410,1.029,29.261,0.026,79.181
2026-09-02T07:59:48.243683+07:00,c10_sim,12,12.349,29.132,1.077,25.941,0.029,68.527
2026-09-02T07:59:48.412368+07:00,c10_sim,13,13.059,35.792,1.413,33.904,0.026,84.194
2026-09-02T07:59:48.562558+07:00,c10_sim,14,11.916,39.573,1.186,32.266,0.036,84.977
2026-09-02T07:59:48.717786+07:00,c10_sim,15,10.992,37.818,1.034,64.691,0.152,114.687
2026-09-02T07:59:48.824247+07:00,c10_sim,16,6.301,18.549,0.637,37.646,0.024,63.158
2026-09-02T07:59:48.958697+07:00,c10_sim,17,9.198,23.999,0.980,37.381,0.034,71.592
2026-09-02T07:59:49.128716+07:00,c10_sim,18,10.823,26.857,0.969,45.487,0.026,84.162
2026-09-02T07:59:49.297588+07:00,c10_sim,19,9.029,36.238,0.898,52.772,0.025,98.962
2026-09-02T07:59:49.410137+07:00,c10_sim,20,6.849,26.702,0.877,40.170,0.024,74.622
2026-09-02T07:59:49.550437+07:00,c10_sim,21,9.517,24.369,0.846,37.554,0.029,72.315
2026-09-02T07:59:49.695633+07:00,c10_sim,22,7.439,26.823,0.727,43.451,0.053,78.492
2026-09-02T07:59:49.829000+07:00,c10_sim,23,9.441,21.701,0.926,39.440,0.037,71.545
2026-09-02T07:59:49.997297+07:00,c10_sim,24,12.153,28.967,0.938,38.830,0.032,80.920
2026-09-02T07:59:50.150010+07:00,c10_sim,25,8.616,26.726,1.070,43.631,0.056,80.099
2026-09-02T07:59:50.264134+07:00,c10_sim,26,8.209,23.669,0.906,38.339,0.043,71.165
2026-09-02T07:59:50.439231+07:00,c10_sim,27,10.975,28.990,1.141,46.925,0.041,88.071
2026-09-02T07:59:50.549189+07:00,c10_sim,28,8.143,20.909,0.724,36.637,0.036,66.448
2026-09-02T07:59:50.724888+07:00,c10_sim,29,8.766,29.284,0.758,46.947,0.053,85.808
2026-09-02T07:59:50.847039+07:00,c10_sim,30,8.325,23.593,1.053,46.727,0.034,79.733
2026-09-02T07:59:50.991693+07:00,c10_sim,31,11.816,23.849,0.816,46.407,0.044,82.931
2026-09-02T07:59:51.134357+07:00,c10_sim,32,8.489,28.415,0.870,40.588,0.036,78.398
2026-09-02T07:59:51.285283+07:00,c10_sim,33,7.171,24.969,0.974,47.421,0.056,80.591
2026-09-02T07:59:51.462954+07:00,c10_sim,34,7.001,38.781,1.554,63.217,0.042,110.596
2026-09-02T07:59:51.564351+07:00,c10_sim,35,5.959,25.588,0.865,48.070,0.039,80.521
2026-09-02T07:59:51.708596+07:00,c10_sim,36,7.176,23.289,0.867,44.579,0.044,75.956
2026-09-02T07:59:51.854229+07:00,c10_sim,37,6.810,26.110,1.082,46.587,0.039,80.627
2026-09-02T07:59:51.995899+07:00,c10_sim,38,11.322,27.511,1.063,37.465,0.036,77.396
2026-09-02T07:59:52.120425+07:00,c10_sim,39,6.867,22.266,0.708,22.693,0.037,52.570
2026-09-02T07:59:52.280549+07:00,c10_sim,40,6.321,28.467,0.745,28.861,0.040,64.433
2026-09-02T07:59:52.422454+07:00,c10_sim,41,8.113,31.666,1.187,31.060,0.108,72.134
2026-09-02T07:59:52.623044+07:00,c10_sim,42,10.019,38.782,1.173,59.309,0.043,109.325
2026-09-02T07:59:52.725886+07:00,c10_sim,43,6.694,29.956,0.632,47.608,0.035,84.925
2026-09-02T07:59:52.866399+07:00,c10_sim,44,9.491,25.207,1.057,37.528,0.036,73.318
2026-09-02T07:59:52.979393+07:00,c10_sim,45,7.220,21.228,0.810,17.471,0.030,46.760
2026-09-02T07:59:53.136000+07:00,c10_sim,46,11.437,28.028,2.080,0.013,0.036,41.595
2026-09-02T07:59:53.277888+07:00,c10_sim,47,11.290,37.997,0.000,0.000,0.019,49.306
2026-09-02T07:59:53.401901+07:00,c10_sim,48,12.241,25.246,0.000,0.000,0.018,37.505
2026-09-02T07:59:53.568521+07:00,c10_sim,49,8.610,43.676,0.941,0.006,0.024,53.256
2026-09-02T07:59:53.706086+07:00,c10_sim,50,8.435,37.271,0.000,0.000,0.017,45.722
2026-09-02T07:59:53.828418+07:00,c10_sim,51,10.359,23.673,1.111,0.006,0.021,35.170
2026-09-02T07:59:53.989406+07:00,c10_sim,52,8.692,35.287,1.923,0.006,0.020,45.929
2026-09-02T07:59:54.117047+07:00,c10_sim,53,10.439,22.842,0.903,0.005,0.019,34.208
2026-09-02T07:59:54.281483+07:00,c10_sim,54,10.129,38.821,1.067,0.007,0.025,50.049
2026-09-02T07:59:54.423112+07:00,c10_sim,55,6.673,44.063,1.526,0.013,0.024,52.298
2026-09-02T07:59:54.568233+07:00,c10_sim,56,12.148,41.040,0.000,0.000,0.013,53.201
2026-09-02T07:59:54.703849+07:00,c10_sim,57,9.457,35.805,1.034,0.005,0.027,46.328
2026-09-02T07:59:54.858708+07:00,c10_sim,58,7.717,38.064,0.000,0.000,0.014,45.795
2026-09-02T07:59:55.073661+07:00,c12_sim,1,7.179,29.380,0.378,67.939,0.090,104.965
2026-09-02T07:59:55.186943+07:00,c12_sim,2,8.399,37.153,0.656,29.844,0.030,76.082
2026-09-02T07:59:55.299529+07:00,c12_sim,3,5.612,29.407,0.722,32.417,0.026,68.184
2026-09-02T07:59:55.428170+07:00,c12_sim,4,6.009,33.558,0.000,0.000,0.016,39.582
2026-09-02T07:59:55.581342+07:00,c12_sim,5,10.729,36.565,0.615,17.604,0.023,65.537
2026-09-02T07:59:55.697637+07:00,c12_sim,6,6.443,22.236,0.744,19.433,0.026,48.883
2026-09-02T07:59:55.846644+07:00,c12_sim,7,8.148,26.840,0.994,24.641,0.036,60.659
2026-09-02T07:59:56.004683+07:00,c12_sim,8,7.215,33.356,0.730,29.069,0.027,70.397
2026-09-02T07:59:56.155703+07:00,c12_sim,9,7.548,38.238,1.920,33.143,0.025,80.874
2026-09-02T07:59:56.250389+07:00,c12_sim,10,7.584,23.691,0.838,18.574,0.027,50.713
2026-09-02T07:59:56.402500+07:00,c12_sim,11,6.969,30.088,0.733,24.938,0.031,62.761
2026-09-02T07:59:56.571822+07:00,c12_sim,12,7.978,37.115,0.980,33.580,0.026,79.679
2026-09-02T07:59:56.697263+07:00,c12_sim,13,9.527,28.445,1.390,21.614,0.028,61.004
2026-09-02T07:59:56.825332+07:00,c12_sim,14,8.055,27.813,0.811,27.432,0.035,64.146
2026-09-02T07:59:56.950442+07:00,c12_sim,15,7.640,34.792,1.060,18.562,0.025,62.079
2026-09-02T07:59:57.095459+07:00,c12_sim,16,7.184,26.686,0.978,21.166,0.028,56.042
2026-09-02T07:59:57.269294+07:00,c12_sim,17,9.804,40.657,1.540,37.282,0.028,89.311
2026-09-02T07:59:57.352470+07:00,c12_sim,18,7.798,20.569,0.674,17.715,0.034,46.790
2026-09-02T07:59:57.498510+07:00,c12_sim,19,8.621,24.510,0.703,21.289,0.038,55.161
2026-09-02T07:59:57.647569+07:00,c12_sim,20,7.731,32.526,0.914,18.575,0.036,59.781
2026-09-02T07:59:57.790366+07:00,c12_sim,21,8.433,24.773,1.097,22.660,0.046,57.010
2026-09-02T07:59:57.949921+07:00,c12_sim,22,8.194,33.731,0.925,31.437,0.055,74.341
2026-09-02T07:59:58.062034+07:00,c12_sim,23,8.319,36.438,0.000,0.000,0.016,44.773
2026-09-02T07:59:58.204655+07:00,c12_sim,24,8.881,41.583,0.000,0.000,0.023,50.486
2026-09-02T07:59:58.346703+07:00,c12_sim,25,10.092,44.469,0.000,0.000,0.028,54.589
2026-09-02T07:59:58.481130+07:00,c12_sim,26,8.965,38.706,1.020,0.000,0.018,48.709
2026-09-02T07:59:58.609771+07:00,c12_sim,27,8.871,34.043,0.905,0.000,0.015,43.834
2026-09-02T07:59:58.735538+07:00,c12_sim,28,10.909,26.068,0.865,0.000,0.015,37.857
2026-09-02T07:59:58.891162+07:00,c12_sim,29,7.807,39.388,0.000,0.000,0.025,47.220
2026-09-02T07:59:59.012220+07:00,c12_sim,30,9.296,31.593,1.051,0.004,0.132,42.077
2026-09-02T07:59:59.159230+07:00,c12_sim,31,7.481,24.483,0.000,0.000,0.016,31.980
2026-09-02T07:59:59.285644+07:00,c11_sim,1,7.620,33.826,0.000,0.000,0.015,41.462
2026-09-02T07:59:59.426220+07:00,c11_sim,2,7.179,43.442,0.000,0.000,0.014,50.635
2026-09-02T07:59:59.542879+07:00,c11_sim,3,8.933,42.965,0.000,0.000,0.015,51.912
2026-09-02T07:59:59.659905+07:00,c11_sim,4,8.424,44.460,0.000,0.000,0.014,52.899
2026-09-02T07:59:59.796446+07:00,c11_sim,5,9.790,37.829,0.484,21.715,0.078,69.896
2026-09-02T07:59:59.915839+07:00,c11_sim,6,9.525,26.186,1.112,22.373,0.031,59.227
2026-09-02T08:00:00.031007+07:00,c11_sim,7,11.378,19.676,0.577,18.733,0.016,50.380
2026-09-02T08:00:00.131955+07:00,c11_sim,8,9.786,25.882,0.000,0.000,0.012,35.681
2026-09-02T08:00:00.259574+07:00,c11_sim,9,9.171,34.254,0.000,0.000,0.018,43.442
2026-09-02T08:00:00.403245+07:00,c11_sim,10,9.005,29.097,0.994,20.593,0.020,59.708
2026-09-02T08:00:00.544204+07:00,c11_sim,11,9.787,31.268,1.193,34.792,0.017,77.058
2026-09-02T08:00:00.649623+07:00,c11_sim,12,7.870,39.340,1.315,16.767,0.011,65.304
2026-09-02T08:00:00.732798+07:00,c11_sim,13,9.743,20.384,0.605,16.850,0.013,47.594
2026-09-02T08:00:00.891006+07:00,c11_sim,14,11.677,31.075,1.033,27.631,0.011,71.427
2026-09-02T08:00:00.989906+07:00,c11_sim,15,9.436,33.497,0.484,13.942,0.011,57.370
2026-09-02T08:00:01.127570+07:00,c11_sim,16,10.743,27.755,0.812,37.358,0.041,76.710
2026-09-02T08:00:01.226826+07:00,c11_sim,17,7.418,24.816,0.677,23.533,0.052,56.497
2026-09-02T08:00:01.334569+07:00,c11_sim,18,8.496,35.476,0.000,0.000,0.022,43.995
2026-09-02T08:00:01.470786+07:00,c11_sim,19,9.735,41.548,0.000,0.000,0.026,51.308
2026-09-02T08:00:01.577298+07:00,c11_sim,20,8.894,35.395,0.000,0.000,0.016,44.305
2026-09-02T08:00:01.696755+07:00,c11_sim,21,7.754,27.683,0.000,0.000,0.016,35.453
2026-09-02T08:00:01.826459+07:00,c11_sim,22,8.241,33.952,0.000,0.000,0.016,42.208
2026-09-02T08:00:01.961786+07:00,c11_sim,23,15.745,40.058,0.000,0.000,0.013,55.817
2026-09-02T08:00:02.072731+07:00,c11_sim,24,7.586,39.984,0.000,0.000,0.028,47.598
2026-09-02T08:00:02.188668+07:00,c11_sim,25,8.778,40.169,0.000,0.000,0.024,48.971
2026-09-02T08:00:02.290814+07:00,c11_sim,26,10.199,34.108,0.000,0.000,0.014,44.321
2026-09-02T08:00:02.434546+07:00,c11_sim,27,9.710,24.987,0.724,22.165,0.028,57.614
2026-09-02T08:00:02.530937+07:00,c11_sim,28,10.248,27.998,0.000,0.000,0.016,38.262
2026-09-02T08:00:02.664222+07:00,c11_sim,29,7.414,38.347,0.000,0.000,0.012,45.773
2026-09-02T08:00:02.758917+07:00,c11_sim,30,8.947,22.718,0.000,0.000,0.021,31.686
2026-09-02T08:00:02.891851+07:00,c11_sim,31,10.416,32.439,0.000,0.000,0.020,42.875
2026-09-02T08:00:03.019200+07:00,c11_sim,32,8.003,35.591,0.000,0.000,0.018,43.612
2026-09-02T08:00:03.171721+07:00,c11_sim,33,12.703,44.447,1.016,27.123,0.028,85.317
2026-09-02T08:00:03.261229+07:00,c11_sim,34,8.206,21.469,0.731,19.415,0.017,49.838
2026-09-02T08:00:03.379805+07:00,c11_sim,35,9.174,24.949,0.729,20.525,0.028,55.404
2026-09-02T08:00:03.554315+07:00,c11_sim,36,11.445,40.136,1.154,33.117,0.029,85.881
2026-09-02T08:00:03.614593+07:00,c11_sim,37,6.555,19.925,0.721,16.283,0.033,43.517
2026-09-02T08:00:03.766394+07:00,c11_sim,38,9.062,28.253,0.966,24.615,0.038,62.934
2026-09-02T08:00:03.862535+07:00,c11_sim,39,8.957,22.953,0.976,21.207,0.033,54.125
2026-09-02T08:00:03.998898+07:00,c11_sim,40,6.351,31.707,0.698,29.862,0.034,68.652
2026-09-02T08:00:04.135936+07:00,c11_sim,41,7.548,28.402,0.671,31.475,0.053,68.150
2026-09-02T08:00:04.243530+07:00,c11_sim,42,7.785,28.426,0.769,28.222,0.055,65.257
2026-09-02T08:00:04.367697+07:00,c11_sim,43,8.587,37.274,0.829,18.890,0.040,65.621
2026-09-02T08:00:04.458557+07:00,c11_sim,44,9.292,22.973,0.762,18.921,0.043,51.990
2026-09-02T08:00:04.612711+07:00,c11_sim,45,11.805,30.542,0.914,28.934,0.051,72.246
2026-09-02T08:00:04.709075+07:00,c11_sim,46,9.129,31.163,0.606,15.182,0.034,56.114
2026-09-02T08:00:04.825558+07:00,c11_sim,47,9.421,23.982,0.752,19.561,0.029,53.745
2026-09-02T08:00:04.948032+07:00,c11_sim,48,8.160,28.126,1.102,26.240,0.065,63.693
2026-09-02T08:00:05.080427+07:00,c11_sim,49,7.067,25.658,0.854,32.887,0.041,66.507
2026-09-02T08:00:05.215759+07:00,c11_sim,50,8.744,33.914,1.057,30.906,0.056,74.677
2026-09-02T08:00:05.327224+07:00,c11_sim,51,9.919,34.858,0.760,31.186,0.039,76.762
2026-09-02T08:00:05.431791+07:00,c11_sim,52,7.466,29.782,0.939,24.038,0.032,62.257
2026-09-02T08:00:05.569810+07:00,c11_sim,53,10.838,33.213,0.966,33.557,0.067,78.641
2026-09-02T08:00:05.671208+07:00,c11_sim,54,8.972,26.390,0.787,24.872,0.060,61.081
2026-09-02T08:00:05.792760+07:00,c11_sim,55,8.676,26.474,1.067,27.595,0.037,63.849
2026-09-02T08:00:05.937083+07:00,c11_sim,56,9.276,39.342,1.346,31.943,0.027,81.934
2026-09-02T08:00:06.020775+07:00,c11_sim,57,7.343,19.401,0.611,16.763,0.032,44.149
2026-09-02T08:00:06.138835+07:00,c11_sim,58,10.482,27.150,1.215,22.011,0.034,60.892
2026-09-02T08:00:06.284760+07:00,c11_sim,59,12.308,35.382,0.757,35.334,0.042,83.823
2026-09-02T08:00:06.372080+07:00,c11_sim,60,7.924,20.431,0.811,17.423,0.034,46.623
2026-09-02T08:00:06.528908+07:00,c11_sim,61,13.280,28.032,1.032,27.169,0.044,69.557
2026-09-02T08:00:06.646918+07:00,c11_sim,62,8.861,36.445,0.953,33.504,0.065,79.827
2026-09-02T08:00:06.755592+07:00,c11_sim,63,10.143,34.320,0.912,25.026,0.029,70.431
2026-09-02T08:00:06.873996+07:00,c11_sim,64,10.336,23.088,0.917,21.242,0.034,55.616
2026-09-02T08:00:06.998953+07:00,c11_sim,65,10.475,25.223,0.732,23.913,0.037,60.380
2026-09-02T08:00:07.104766+07:00,c11_sim,66,9.796,33.682,0.000,0.000,0.024,43.502
2026-09-02T08:00:07.239588+07:00,c11_sim,67,11.100,38.384,0.996,27.112,0.031,77.624
2026-09-02T08:00:07.331053+07:00,c11_sim,68,9.964,21.130,0.745,17.915,0.027,49.781
2026-09-02T08:00:07.482339+07:00,c11_sim,69,11.908,33.748,1.365,25.789,0.055,72.864
2026-09-02T08:00:07.582297+07:00,c11_sim,70,8.675,27.986,0.996,23.786,0.033,61.477
2026-09-02T08:00:07.719274+07:00,c11_sim,71,9.398,33.535,1.023,33.472,0.064,77.492
2026-09-02T08:00:07.848228+07:00,c11_sim,72,11.041,31.281,0.881,32.492,0.038,75.734
2026-09-02T08:00:07.980635+07:00,c11_sim,73,9.683,30.018,1.406,50.026,0.067,91.199
2026-09-02T08:00:08.082066+07:00,c11_sim,74,6.439,24.669,0.675,49.496,0.044,81.323
2026-09-02T08:00:08.196291+07:00,c11_sim,75,7.318,24.076,1.042,38.225,0.035,70.696
2026-09-02T08:00:08.309293+07:00,c11_sim,76,8.708,29.082,1.076,15.451,0.023,54.341
2026-09-02T08:00:08.431785+07:00,c11_sim,77,11.615,27.708,1.385,20.271,0.025,61.003
2026-09-02T08:00:08.547162+07:00,c11_sim,78,9.863,24.313,0.798,21.503,0.027,56.503
2026-09-02T08:00:08.710369+07:00,c11_sim,79,8.340,32.400,1.025,57.686,0.103,99.554
2026-09-02T08:00:08.791145+07:00,c11_sim,80,5.893,17.996,0.754,35.902,0.045,60.590
2026-09-02T08:00:08.937305+07:00,c11_sim,81,7.967,31.081,1.074,45.087,0.059,85.268
2026-09-02T08:00:09.052904+07:00,c11_sim,82,6.286,23.674,1.070,40.012,0.032,71.075
2026-09-02T08:00:09.161357+07:00,c11_sim,83,7.526,22.063,1.056,36.294,0.031,66.971
2026-09-02T08:00:09.306376+07:00,c11_sim,84,9.186,30.087,1.038,44.474,0.037,84.822
2026-09-02T08:00:09.387664+07:00,c11_sim,85,6.196,20.902,0.702,36.995,0.035,64.830
2026-09-02T08:00:09.530229+07:00,c11_sim,86,8.222,25.316,1.083,46.392,0.038,81.052
2026-09-02T08:00:09.649163+07:00,c11_sim,87,7.064,24.401,1.012,45.690,0.062,78.230
2026-09-02T08:00:09.765155+07:00,c11_sim,88,7.827,26.219,0.781,37.794,0.032,72.654
2026-09-02T08:00:09.882174+07:00,c11_sim,89,7.028,22.557,1.398,45.204,0.039,76.226
2026-09-02T08:00:09.989649+07:00,c11_sim,90,8.148,22.741,0.663,35.689,0.040,67.281
2026-09-02T08:00:10.142871+07:00,c11_sim,91,8.110,29.330,1.171,47.970,0.044,86.625
2026-09-02T08:00:10.228659+07:00,c11_sim,92,6.569,20.804,0.734,39.724,0.035,67.866
2026-09-02T08:00:10.360466+07:00,c11_sim,93,6.144,24.302,0.721,37.299,0.148,68.614
2026-09-02T08:00:10.478524+07:00,c11_sim,94,7.490,24.429,0.895,43.793,0.061,76.668
2026-09-02T08:00:10.634016+07:00,c11_sim,95,10.194,34.470,1.048,50.353,0.034,96.100
2026-09-02T08:00:10.705493+07:00,c11_sim,96,7.073,16.267,0.767,30.022,0.048,54.177
2026-09-02T08:00:10.844622+07:00,c11_sim,97,7.442,24.950,0.881,39.104,0.041,72.419
2026-09-02T08:00:10.968444+07:00,c11_sim,98,8.019,26.100,0.891,44.306,0.054,79.370
2026-09-02T08:00:11.090101+07:00,c11_sim,99,7.230,27.521,0.736,47.376,0.037,82.900
2026-09-02T08:00:11.212801+07:00,c11_sim,100,7.074,24.474,0.941,47.778,0.040,80.307
2026-09-02T08:00:11.330564+07:00,c11_sim,101,8.476,24.927,1.084,41.430,0.034,75.951
2026-09-02T08:00:11.437372+07:00,c11_sim,102,6.526,22.077,0.950,35.834,0.034,65.421
2026-09-02T08:00:11.542408+07:00,c11_sim,103,8.256,19.908,0.763,32.647,0.031,61.604
2026-09-02T08:00:11.675846+07:00,c11_sim,104,6.017,23.569,0.956,38.399,0.040,68.981
2026-09-02T08:00:11.786959+07:00,c11_sim,105,7.218,22.033,0.776,36.589,0.037,66.653
2026-09-02T08:00:11.936572+07:00,c11_sim,106,8.257,29.473,1.181,48.186,0.038,87.134
2026-09-02T08:00:12.048031+07:00,c11_sim,107,6.271,23.566,1.001,39.974,0.047,70.859
2026-09-02T08:00:12.199753+07:00,c11_sim,108,65.239,21.432,0.648,32.538,0.043,119.899
2026-09-02T08:00:12.278913+07:00,c11_sim,109,5.990,19.277,1.089,32.282,0.040,58.679
2026-09-02T08:00:12.375605+07:00,c11_sim,110,6.313,16.693,0.706,33.610,0.044,57.366
2026-09-02T08:00:12.523717+07:00,c11_sim,111,6.403,20.210,0.716,40.375,0.037,67.741
2026-09-02T08:00:12.635807+07:00,c11_sim,112,6.770,20.997,0.672,42.912,0.067,71.417
2026-09-02T08:00:12.786390+07:00,c11_sim,113,8.434,30.705,1.131,50.077,0.037,90.384
2026-09-02T08:00:12.867974+07:00,c11_sim,114,8.148,19.170,0.688,38.886,0.040,66.932
2026-09-02T08:00:13.006716+07:00,c11_sim,115,7.417,24.594,0.818,38.640,0.036,71.506
2026-09-02T08:00:13.124304+07:00,c11_sim,116,7.262,23.429,0.935,43.713,0.039,75.377
2026-09-02T08:00:13.252263+07:00,c11_sim,117,7.810,26.924,0.851,50.514,0.092,86.190
2026-09-02T08:00:13.370728+07:00,c11_sim,118,6.922,23.991,0.807,42.721,0.039,74.480
2026-09-02T08:00:13.480149+07:00,c11_sim,119,6.862,24.020,0.674,37.168,0.034,68.759
2026-09-02T08:00:13.583918+07:00,c11_sim,120,6.624,19.164,0.709,32.838,0.035,59.370
2026-09-02T08:00:13.722681+07:00,c11_sim,121,8.783,22.935,0.992,39.982,0.035,72.726
2026-09-02T08:00:13.833256+07:00,c11_sim,122,7.347,20.771,0.760,40.413,0.034,69.325
2026-09-02T08:00:13.983244+07:00,c11_sim,123,8.713,33.014,0.864,40.828,0.035,83.454
2026-09-02T08:00:14.059119+07:00,c11_sim,124,5.873,15.661,0.882,33.424,0.079,55.919
2026-09-02T08:00:14.192022+07:00,c11_sim,125,7.560,21.337,0.769,37.104,0.040,66.809
2026-09-02T08:00:14.316424+07:00,c11_sim,126,7.880,24.378,0.919,48.538,0.038,81.753
2026-09-02T08:00:14.421254+07:00,c11_sim,127,6.956,21.829,0.850,36.490,0.036,66.162
2026-09-02T08:00:14.570113+07:00,c11_sim,128,7.829,27.444,1.079,44.809,0.035,81.196
2026-09-02T08:00:14.681594+07:00,c11_sim,129,6.295,23.017,0.975,39.412,0.041,69.739
2026-09-02T08:00:14.786729+07:00,c11_sim,130,7.754,22.327,0.911,36.367,0.034,67.393
2026-09-02T08:00:14.917521+07:00,c11_sim,131,10.931,25.563,0.814,37.575,0.031,74.914
2026-09-02T08:00:15.028305+07:00,c11_sim,132,7.781,23.528,0.838,35.279,0.031,67.457
2026-09-02T08:00:15.151309+07:00,c11_sim,133,6.397,28.134,1.028,22.113,0.034,57.706
2026-09-02T08:00:15.285223+07:00,c11_sim,134,7.060,31.649,1.124,32.539,0.068,72.440
2026-09-02T08:00:15.388402+07:00,c11_sim,135,7.212,29.113,0.936,26.069,0.035,63.364
2026-09-02T08:00:15.518968+07:00,c11_sim,136,8.674,31.007,1.342,26.313,0.047,67.383
2026-09-02T08:00:15.615459+07:00,c11_sim,137,9.251,25.358,0.841,22.427,0.039,57.916
2026-09-02T08:00:15.771896+07:00,c11_sim,138,11.388,36.126,0.935,29.427,0.047,77.923
2026-09-02T08:00:15.879148+07:00,c11_sim,139,9.085,29.672,0.929,28.534,0.046,68.266
2026-09-02T08:00:15.957204+07:00,c11_sim,140,10.262,28.375,0.000,0.000,0.018,38.655
2026-09-02T08:00:16.094286+07:00,c11_sim,141,12.872,36.629,0.000,0.000,0.017,49.518
2026-09-02T08:00:16.232145+07:00,c11_sim,142,9.411,25.946,1.117,22.079,0.048,58.600
2026-09-02T08:00:16.368336+07:00,c11_sim,143,9.467,30.066,1.274,33.745,0.078,74.631
2026-09-02T08:00:16.488807+07:00,c11_sim,144,8.778,35.440,1.130,29.279,0.029,74.656
2026-09-02T08:00:16.594344+07:00,c11_sim,145,7.018,22.470,0.995,32.512,0.128,63.122
2026-09-02T08:00:16.702333+07:00,c11_sim,146,6.941,22.626,0.804,34.669,0.029,65.069
2026-09-02T08:00:16.856224+07:00,c11_sim,147,6.516,27.849,1.018,53.050,0.399,88.832
2026-09-02T08:00:16.957143+07:00,c11_sim,148,7.308,26.465,0.893,47.496,0.041,82.204
2026-09-02T08:00:17.061579+07:00,c11_sim,149,6.485,19.843,0.816,36.035,0.033,63.212
2026-09-02T08:00:17.184530+07:00,c11_sim,150,6.434,25.746,1.001,23.521,0.037,56.740
2026-09-02T08:00:17.306153+07:00,c11_sim,151,9.423,26.282,1.285,24.173,0.036,61.199
2026-09-02T08:00:17.444709+07:00,c11_sim,152,11.378,36.282,0.882,30.727,0.049,79.318
2026-09-02T08:00:17.562735+07:00,c11_sim,153,8.399,35.464,1.044,31.863,0.037,76.806
2026-09-02T08:00:17.666116+07:00,c11_sim,154,7.754,28.824,1.350,24.329,0.033,62.291
2026-09-02T08:00:17.802018+07:00,c11_sim,155,7.875,30.463,1.149,27.449,0.040,66.977
2026-09-02T08:00:17.914170+07:00,c11_sim,156,6.545,22.972,0.754,43.024,0.037,73.332
2026-09-02T08:00:18.002553+07:00,c11_sim,157,6.667,19.566,1.031,19.965,0.042,47.272
2026-09-02T08:00:18.154276+07:00,c11_sim,158,9.599,29.749,0.929,25.357,0.036,65.669
2026-09-02T08:00:18.262524+07:00,c11_sim,159,7.246,28.031,1.238,26.857,0.035,63.408
2026-09-02T08:00:18.415760+07:00,c11_sim,160,6.655,41.016,1.227,37.426,0.052,86.376
2026-09-02T08:00:18.523226+07:00,c11_sim,161,7.972,29.390,1.192,50.029,0.036,88.619
2026-09-02T08:00:18.629356+07:00,c11_sim,162,6.226,22.462,1.051,35.381,0.033,65.153
2026-09-02T08:00:18.702085+07:00,c11_sim,163,7.757,20.019,0.921,0.006,0.021,28.725
2026-09-02T08:00:18.825843+07:00,c11_sim,164,7.961,27.618,1.480,0.007,0.027,37.093
2026-09-02T08:00:18.964383+07:00,c11_sim,165,10.786,35.230,1.745,0.016,0.053,47.829
2026-09-02T08:00:19.094292+07:00,c11_sim,166,9.495,40.062,1.462,0.009,0.037,51.065
2026-09-02T08:00:19.216584+07:00,c11_sim,167,8.326,33.660,0.888,19.999,0.030,62.903
2026-09-02T08:00:19.345913+07:00,c11_sim,168,10.836,30.267,1.099,21.194,0.031,63.427
2026-09-02T08:00:19.475836+07:00,c11_sim,169,9.309,27.612,0.880,29.231,0.035,67.069
2026-09-02T08:00:19.598118+07:00,c11_sim,170,8.731,38.560,1.124,32.883,0.054,81.351
2026-09-02T08:00:19.674219+07:00,c11_sim,171,9.413,25.979,0.911,0.006,0.021,36.329
2026-09-02T08:00:19.808705+07:00,c11_sim,172,7.516,36.903,1.345,0.008,0.032,45.803
2026-09-02T08:00:19.906467+07:00,c11_sim,173,12.881,21.826,0.839,0.005,0.024,35.575
2026-09-02T08:00:20.035244+07:00,c11_sim,174,10.124,28.482,1.228,0.008,0.031,39.872
2026-09-02T08:00:20.158441+07:00,c11_sim,175,9.381,26.150,1.101,0.007,0.032,36.670
2026-09-02T08:00:20.285889+07:00,c11_sim,176,10.080,37.759,1.104,0.008,0.030,48.982
2026-09-02T08:00:20.397970+07:00,c11_sim,177,9.699,35.281,1.432,0.007,0.060,46.479
2026-09-02T08:00:20.517977+07:00,c11_sim,178,10.475,26.352,0.723,0.005,0.021,37.576
2026-09-02T08:00:20.635595+07:00,c11_sim,179,15.953,24.834,0.830,0.005,0.023,41.646
2026-09-02T08:00:20.765410+07:00,c11_sim,180,8.413,28.714,1.059,0.007,0.036,38.230
2026-09-02T08:00:20.873566+07:00,c11_sim,181,13.672,31.823,1.048,0.006,0.030,46.579
2026-09-02T08:00:20.997706+07:00,c11_sim,182,13.362,26.190,0.805,0.005,0.023,40.385
2026-09-02T08:00:21.116108+07:00,c11_sim,183,14.391,22.301,0.724,0.004,0.016,37.436
2026-09-02T08:00:21.245849+07:00,c11_sim,184,15.102,33.139,1.165,0.008,0.034,49.447
2026-09-02T08:00:21.377762+07:00,c11_sim,185,14.634,38.033,1.151,0.007,0.295,54.119
2026-09-02T08:00:21.475101+07:00,c11_sim,186,15.097,24.696,0.849,0.006,0.032,40.680
2026-09-02T08:00:21.593746+07:00,c11_sim,187,12.272,24.578,0.865,0.022,0.023,37.760
2026-09-02T08:00:21.736486+07:00,c11_sim,188,13.783,30.128,1.048,0.008,0.032,44.999
2026-09-02T08:00:21.836239+07:00,c11_sim,189,13.332,26.503,0.825,0.006,0.022,40.686
2026-09-02T08:00:21.964217+07:00,c11_sim,190,8.992,29.349,0.821,0.005,0.021,39.189
2026-09-02T08:00:22.096363+07:00,c11_sim,191,11.804,34.941,0.793,0.006,0.022,47.565
2026-09-02T08:00:22.207007+07:00,c11_sim,192,13.239,34.563,1.367,0.008,0.035,49.212
2026-09-02T08:00:22.336790+07:00,c11_sim,193,10.580,35.387,1.296,0.007,0.025,47.295
2026-09-02T08:00:22.447906+07:00,c11_sim,194,12.004,37.955,1.029,0.007,0.029,51.024
2026-09-02T08:00:22.558013+07:00,c11_sim,195,7.322,37.756,0.790,0.005,0.022,45.894
2026-09-02T08:00:22.678277+07:00,c11_sim,196,8.284,25.131,0.705,0.005,0.019,34.144
2026-09-02T08:00:22.809935+07:00,c11_sim,197,7.510,35.339,0.000,0.000,0.025,42.875
2026-09-02T08:00:22.910395+07:00,c11_sim,198,10.558,32.564,0.000,0.000,0.014,43.135
2026-09-02T08:00:23.036646+07:00,c11_sim,199,8.830,29.932,0.000,0.000,0.014,38.776
2026-09-02T08:00:23.169554+07:00,c11_sim,200,10.762,35.261,0.000,0.000,0.024,46.048
2026-09-02T08:00:23.280911+07:00,c11_sim,201,11.044,39.562,1.049,0.007,0.029,51.691
2026-09-02T08:00:23.413878+07:00,c11_sim,202,10.985,34.351,0.899,0.006,0.024,46.266
2026-09-02T08:00:23.515041+07:00,c11_sim,203,12.330,25.561,0.813,0.007,0.027,38.737
2026-09-02T08:00:23.641301+07:00,c11_sim,204,8.350,29.732,1.047,0.007,0.028,39.165
2026-09-02T08:00:23.783423+07:00,c11_sim,205,10.282,43.847,1.356,0.005,0.021,55.511
2026-09-02T08:00:23.883709+07:00,c11_sim,206,9.808,27.535,1.153,0.009,0.032,38.536
2026-09-02T08:00:24.010606+07:00,c11_sim,207,11.944,34.640,0.838,0.006,0.024,47.453
2026-09-02T08:00:24.129543+07:00,c11_sim,208,14.000,43.354,0.000,0.000,0.019,57.373
2026-09-02T08:00:24.224919+07:00,c11_sim,209,11.247,25.690,0.000,0.000,0.025,36.962
2026-09-02T08:00:24.342411+07:00,c11_sim,210,10.380,25.997,0.000,0.000,0.015,36.392
2026-09-02T08:00:24.481456+07:00,c11_sim,211,11.317,41.905,0.000,0.000,0.016,53.237
2026-09-02T08:00:24.575113+07:00,c11_sim,212,10.987,22.055,0.000,0.000,0.017,33.059
2026-09-02T08:00:24.733695+07:00,c11_sim,213,14.049,36.767,0.000,0.000,0.029,50.845
2026-09-02T08:00:24.844090+07:00,c11_sim,214,8.090,36.852,0.000,0.000,0.024,44.967
2026-09-02T08:00:24.973423+07:00,c11_sim,215,10.387,38.468,0.000,0.000,0.017,48.872
2026-09-02T08:00:25.088741+07:00,c11_sim,216,11.992,39.246,1.332,0.008,0.031,52.609
2026-09-02T08:00:25.194878+07:00,c11_sim,217,9.907,31.471,0.000,0.000,0.018,41.396
2026-09-02T08:00:25.323450+07:00,c11_sim,218,11.702,28.720,0.000,0.000,0.023,40.445
2026-09-02T08:00:25.423680+07:00,c11_sim,219,7.375,27.944,0.789,0.006,0.023,36.137
2026-09-02T08:00:25.555699+07:00,c11_sim,220,10.358,33.941,0.000,0.000,0.017,44.316
2026-09-02T08:00:25.683848+07:00,c11_sim,221,11.975,28.022,0.000,0.000,0.025,40.022
2026-09-02T08:00:25.787090+07:00,c11_sim,222,11.334,30.576,0.000,0.000,0.017,41.927
2026-09-02T08:00:25.926555+07:00,c11_sim,223,13.701,44.446,0.000,0.000,0.025,58.172
2026-09-02T08:00:26.056946+07:00,c11_sim,224,9.692,39.813,0.000,0.000,0.019,49.524
2026-09-02T08:00:26.165809+07:00,c11_sim,225,10.516,37.118,0.000,0.000,0.025,47.659
2026-09-02T08:00:26.269810+07:00,c11_sim,226,8.818,36.150,0.000,0.000,0.019,44.987
2026-09-02T08:00:26.395860+07:00,c11_sim,227,7.616,33.398,0.000,0.000,0.029,41.042
2026-09-02T08:00:26.522178+07:00,c11_sim,228,12.249,26.482,0.866,0.005,0.022,39.624
2026-09-02T08:00:26.645656+07:00,c11_sim,229,14.323,27.622,0.000,0.000,0.024,41.969
2026-09-02T08:00:26.771949+07:00,c11_sim,230,13.526,34.228,0.000,0.000,0.023,47.777
2026-09-02T08:00:26.868957+07:00,c11_sim,231,13.359,25.900,0.791,0.006,0.024,40.079
2026-09-02T08:00:26.997463+07:00,c11_sim,232,14.619,26.509,0.900,0.007,0.028,42.063
2026-09-02T08:00:27.124158+07:00,c11_sim,233,9.988,33.631,0.000,0.000,0.026,43.645
2026-09-02T08:00:27.220920+07:00,c11_sim,234,13.749,21.613,0.737,0.006,0.022,36.126
2026-09-02T08:00:27.369189+07:00,c11_sim,235,12.143,30.718,0.000,0.000,0.023,42.885
2026-09-02T08:00:27.479165+07:00,c11_sim,236,12.230,35.711,1.014,0.007,0.033,48.995
2026-09-02T08:00:27.615116+07:00,c11_sim,237,14.911,37.792,1.001,0.007,0.030,53.742
2026-09-02T08:00:27.718339+07:00,c11_sim,238,8.464,27.368,0.961,0.007,0.025,36.825
2026-09-02T08:00:27.845764+07:00,c11_sim,239,11.929,32.585,0.915,0.006,0.021,45.456
2026-09-02T08:00:27.974599+07:00,c11_sim,240,13.869,35.419,1.052,0.008,0.031,50.379
2026-09-02T08:00:28.090631+07:00,c11_sim,241,14.192,37.776,1.088,0.008,0.031,53.094
2026-09-02T08:00:28.196892+07:00,c11_sim,242,8.912,36.743,1.002,0.007,0.032,46.696
2026-09-02T08:00:28.308939+07:00,c11_sim,243,11.131,35.106,1.061,0.008,0.032,47.338
2026-09-02T08:00:28.443528+07:00,c11_sim,244,9.579,34.910,1.076,0.008,0.035,45.609
2026-09-02T08:00:28.576121+07:00,c11_sim,245,12.670,36.727,1.097,0.009,0.033,50.535
2026-09-02T08:00:28.679517+07:00,c11_sim,246,13.928,34.345,0.980,0.008,0.031,49.291
2026-09-02T08:00:28.812773+07:00,c11_sim,247,14.186,36.711,1.166,0.009,0.034,52.105
2026-09-02T08:00:28.917650+07:00,c11_sim,248,11.251,29.384,1.029,0.008,0.028,41.699
2026-09-02T08:00:29.012247+07:00,c11_sim,249,8.293,20.309,0.586,0.004,0.016,29.208
2026-09-02T08:00:29.168849+07:00,c11_sim,250,13.403,31.267,0.942,0.008,0.030,45.650
2026-09-02T08:00:29.276101+07:00,c11_sim,251,9.027,38.189,1.022,0.009,0.033,48.279
2026-09-02T08:00:29.408609+07:00,c11_sim,252,12.675,37.583,0.999,0.007,0.032,51.296
2026-09-02T08:00:29.523430+07:00,c11_sim,253,11.529,38.560,1.157,0.009,0.031,51.286
2026-09-02T08:00:29.630224+07:00,c11_sim,254,8.835,35.694,1.144,0.009,0.033,45.715
2026-09-02T08:00:29.752162+07:00,c11_sim,255,14.864,31.114,0.542,0.004,0.018,46.542
2026-09-02T08:00:29.853194+07:00,c11_sim,256,7.217,25.672,0.000,0.000,0.012,32.900
2026-09-02T08:00:29.997149+07:00,c11_sim,257,13.772,29.048,0.000,0.000,0.016,42.836
2026-09-02T08:00:30.127146+07:00,c11_sim,258,13.934,33.970,1.833,0.005,0.023,49.766
2026-09-02T08:00:30.235432+07:00,c11_sim,259,10.726,35.781,1.134,0.009,0.039,47.687
2026-09-02T08:00:30.359294+07:00,c11_sim,260,12.656,27.291,0.000,0.000,0.019,39.966
2026-09-02T08:00:30.483718+07:00,c11_sim,261,14.600,30.158,0.000,0.000,0.025,44.783
2026-09-02T08:00:30.615381+07:00,c11_sim,262,14.835,41.507,0.000,0.000,0.031,56.372
2026-09-02T08:00:30.715265+07:00,c11_sim,263,8.853,27.768,0.860,0.006,0.025,37.512
2026-09-02T08:00:30.835796+07:00,c11_sim,264,14.739,27.669,1.192,0.014,0.026,43.640
2026-09-02T08:00:30.967418+07:00,c11_sim,265,14.034,33.125,1.103,0.008,0.032,48.302
2026-09-02T08:00:31.074619+07:00,c11_sim,266,13.134,37.299,0.000,0.000,0.025,50.458
2026-09-02T08:00:31.201296+07:00,c11_sim,267,13.895,36.999,0.968,0.007,0.046,51.916
2026-09-02T08:00:31.313397+07:00,c11_sim,268,10.068,36.665,1.154,0.008,0.034,47.928
2026-09-02T08:00:31.439412+07:00,c11_sim,269,14.619,26.556,1.066,0.007,0.027,42.276
2026-09-02T08:00:31.563155+07:00,c11_sim,270,14.626,29.486,0.761,0.005,0.021,44.900
2026-09-02T08:00:31.690903+07:00,c11_sim,271,14.783,32.960,0.000,0.000,0.026,47.769
2026-09-02T08:00:31.794066+07:00,c11_sim,272,14.580,26.347,0.872,0.007,0.026,41.831
2026-09-02T08:00:31.921435+07:00,c11_sim,273,11.239,30.037,0.989,0.007,0.029,42.301
2026-09-02T08:00:32.050030+07:00,c11_sim,274,12.142,34.544,1.233,0.006,0.023,47.949
2026-09-02T08:00:32.160299+07:00,c11_sim,275,11.808,37.618,0.000,0.000,0.026,49.451
2026-09-02T08:00:32.253272+07:00,c11_sim,276,12.642,20.721,0.000,0.000,0.015,33.378
2026-09-02T08:00:32.418245+07:00,c11_sim,277,11.145,43.547,0.000,0.000,0.012,54.704
2026-09-02T08:00:32.444537+07:00,c11_sim,278,28.125,24.511,1.000,0.000,0.011,53.647
2026-09-02T08:00:32.468785+07:00,c11_sim,279,13.514,22.980,0.517,0.000,0.009,37.020
2026-09-02T08:00:32.515456+07:00,c11_sim,280,5.769,23.547,0.680,0.000,0.010,30.006
2026-09-02T08:00:32.541239+07:00,c11_sim,281,6.585,24.435,0.474,0.004,0.100,31.599
2026-09-02T08:00:32.577021+07:00,c11_sim,282,6.508,14.008,0.602,0.005,0.016,21.139
2026-09-02T08:00:32.615033+07:00,c11_sim,283,6.497,13.956,0.559,0.004,0.015,21.030
2026-09-02T08:00:32.680749+07:00,c11_sim,284,8.157,21.877,0.776,0.005,0.018,30.833
2026-09-02T08:00:32.700866+07:00,c11_sim,285,7.585,18.380,0.690,0.005,0.020,26.679
2026-09-02T08:00:32.746999+07:00,c11_sim,286,6.395,19.298,0.622,0.004,0.023,26.343
2026-09-02T08:00:32.794592+07:00,c11_sim,287,7.866,21.286,0.528,0.004,0.013,29.696
2026-09-02T08:00:32.845206+07:00,c11_sim,288,7.059,26.285,0.483,0.004,0.020,33.851
2026-09-02T08:00:32.868740+07:00,c11_sim,289,6.620,21.488,0.410,0.003,0.228,28.749
2026-09-02T08:00:32.916019+07:00,c11_sim,290,6.538,23.641,0.463,0.003,0.031,30.676
2026-09-02T08:00:32.971920+07:00,c11_sim,291,7.812,29.232,0.560,0.003,0.012,37.619
2026-09-02T08:00:32.999596+07:00,c11_sim,292,6.932,25.806,0.691,0.004,0.017,33.450
2026-09-02T08:00:33.028805+07:00,c11_sim,293,7.813,27.854,0.382,0.003,0.009,36.060
2026-09-02T08:00:33.082604+07:00,c11_sim,294,6.384,28.667,0.521,0.003,0.013,35.588
2026-09-02T08:00:33.114247+07:00,c11_sim,295,7.011,29.408,0.762,0.005,0.016,37.203
2026-09-02T08:00:33.164783+07:00,c11_sim,296,11.046,26.969,0.627,0.005,0.018,38.666
2026-09-02T08:00:33.188988+07:00,c11_sim,297,6.274,22.975,0.504,0.004,0.012,29.769
2026-09-02T08:00:33.225875+07:00,c11_sim,298,5.311,13.631,0.525,0.004,0.012,19.484
2026-09-02T08:00:33.267971+07:00,c11_sim,299,5.230,15.505,0.714,0.004,0.016,21.468
2026-09-02T08:00:33.307571+07:00,c11_sim,300,6.274,15.881,0.769,0.005,0.018,22.947
2026-09-02T08:00:33.348873+07:00,c11_sim,301,5.864,18.124,0.660,0.005,0.015,24.668
2026-09-02T08:00:33.394649+07:00,c11_sim,302,6.596,19.154,0.602,0.005,0.016,26.373
2026-09-02T08:00:33.447294+07:00,c11_sim,303,7.495,25.786,0.567,0.005,0.023,33.876
2026-09-02T08:00:33.474801+07:00,c11_sim,304,7.370,25.917,0.492,0.003,0.013,33.796
2026-09-02T08:00:33.500470+07:00,c11_sim,305,7.127,24.276,0.444,0.003,0.011,31.862
2026-09-02T08:00:33.557188+07:00,c11_sim,306,7.902,30.017,0.632,0.005,0.017,38.573
2026-09-02T08:00:33.589915+07:00,c11_sim,307,7.067,31.168,0.537,0.003,0.012,38.788
2026-09-02T08:00:33.643239+07:00,c11_sim,308,7.204,29.756,0.699,0.003,0.014,37.676
2026-09-02T08:00:33.675378+07:00,c11_sim,309,8.238,30.556,0.583,0.004,0.016,39.398
2026-09-02T08:00:33.733298+07:00,c11_sim,310,7.767,31.371,0.433,0.003,0.011,39.585
2026-09-02T08:00:33.764891+07:00,c11_sim,311,7.509,30.071,0.473,0.003,0.012,38.069
2026-09-02T08:00:33.799222+07:00,c11_sim,312,7.542,32.873,0.411,0.003,0.012,40.842
2026-09-02T08:00:33.827359+07:00,c11_sim,313,7.512,26.888,0.347,0.002,0.010,34.759
2026-09-02T08:00:33.882362+07:00,c11_sim,314,7.851,28.381,0.532,0.004,0.012,36.780
2026-09-02T08:00:33.913256+07:00,c11_sim,315,8.041,29.186,0.533,0.003,0.011,37.774
2026-09-02T08:00:33.968682+07:00,c11_sim,316,7.735,28.808,0.413,0.003,0.011,36.970
2026-09-02T08:00:34.000403+07:00,c11_sim,317,8.193,30.508,0.447,0.003,0.011,39.163
2026-09-02T08:00:34.014701+07:00,c11_sim,318,8.482,13.121,0.381,0.002,0.010,21.996
2026-09-02T08:00:34.056652+07:00,c11_sim,319,7.639,15.545,0.355,0.002,0.009,23.549
2026-09-02T08:00:34.099559+07:00,c11_sim,320,8.105,16.030,0.687,0.005,0.019,24.846
2026-09-02T08:00:34.144456+07:00,c11_sim,321,8.076,19.576,0.453,0.003,0.014,28.123
2026-09-02T08:00:34.192387+07:00,c11_sim,322,8.098,21.650,0.329,0.003,0.008,30.088
2026-09-02T08:00:34.241116+07:00,c11_sim,323,7.221,23.490,0.446,0.003,0.010,31.171
2026-09-02T08:00:34.265706+07:00,c11_sim,324,6.257,22.907,0.699,0.005,0.019,29.887
2026-09-02T08:00:34.323866+07:00,c11_sim,325,7.707,31.395,0.606,0.004,0.018,39.729
2026-09-02T08:00:34.353306+07:00,c11_sim,326,7.959,27.947,0.457,0.003,0.012,36.378
2026-09-02T08:00:34.410960+07:00,c11_sim,327,8.074,31.034,0.360,0.002,0.010,39.480
2026-09-02T08:00:34.435851+07:00,c11_sim,328,7.098,24.736,0.000,0.000,0.012,31.847
2026-09-02T08:00:34.463969+07:00,c11_sim,329,7.008,26.763,0.427,0.003,0.009,34.210
2026-09-02T08:00:34.520458+07:00,c11_sim,330,7.431,30.058,0.445,0.003,0.012,37.949
2026-09-02T08:00:34.550625+07:00,c11_sim,331,6.361,28.397,0.514,0.004,0.013,35.289
2026-09-02T08:00:34.609684+07:00,c11_sim,332,7.950,34.651,0.457,0.003,0.011,43.072
2026-09-02T08:00:34.639138+07:00,c11_sim,333,8.013,27.932,0.531,0.004,0.014,36.494
2026-09-02T08:00:34.667802+07:00,c11_sim,334,7.062,27.518,0.405,0.003,0.011,34.998
2026-09-02T08:00:34.709162+07:00,c11_sim,335,6.920,15.184,0.385,0.003,0.011,22.503
2026-09-02T08:00:34.750453+07:00,c11_sim,336,6.853,15.063,0.432,0.003,0.010,22.361
2026-09-02T08:00:34.794449+07:00,c11_sim,337,7.733,18.733,0.000,0.000,0.009,26.474
2026-09-02T08:00:34.844019+07:00,c11_sim,338,7.828,22.663,0.569,0.004,0.014,31.079
2026-09-02T08:00:34.863097+07:00,c11_sim,339,6.901,17.759,0.411,0.003,0.009,25.083
2026-09-02T08:00:34.911016+07:00,c11_sim,340,8.073,22.733,0.000,0.000,0.011,30.817
2026-09-02T08:00:34.963634+07:00,c11_sim,341,7.720,27.321,0.000,0.000,0.008,35.049
2026-09-02T08:00:34.986971+07:00,c11_sim,342,7.460,23.218,0.000,0.000,0.008,30.686
2026-09-02T08:00:35.029105+07:00,c11_sim,343,6.568,15.686,0.562,0.005,0.014,22.835
2026-09-02T08:00:35.071424+07:00,c11_sim,344,7.441,15.853,0.430,0.003,0.011,23.738
2026-09-02T08:00:35.116507+07:00,c11_sim,345,7.075,18.201,0.527,0.005,0.018,25.826
2026-09-02T08:00:35.161676+07:00,c11_sim,346,7.855,18.665,0.349,0.002,0.008,26.879
2026-09-02T08:00:35.198482+07:00,c11_sim,347,6.419,17.189,0.423,18.261,0.028,42.319
2026-09-02T08:00:35.230254+07:00,c11_sim,348,6.520,15.066,0.412,15.605,0.014,37.616
2026-09-02T08:00:35.289003+07:00,c11_sim,349,5.951,16.049,0.403,17.861,0.012,40.276
2026-09-02T08:00:35.306544+07:00,c11_sim,350,6.696,17.414,0.000,0.000,0.010,24.120
2026-09-02T08:00:35.353038+07:00,c11_sim,351,5.886,21.277,0.000,0.000,0.013,27.176
2026-09-02T08:00:35.434692+07:00,c11_sim,352,6.758,27.403,0.580,27.568,0.029,62.337
2026-09-02T08:00:35.457885+07:00,c11_sim,353,7.742,22.861,0.000,0.000,0.008,30.611
2026-09-02T08:00:35.478364+07:00,c11_sim,354,6.930,20.326,0.000,0.000,0.013,27.269
2026-09-02T08:00:35.526719+07:00,c11_sim,355,6.895,21.069,0.603,25.648,0.018,54.233
2026-09-02T08:00:35.574036+07:00,c11_sim,356,6.697,21.207,0.561,24.370,0.020,52.856
2026-09-02T08:00:35.623255+07:00,c11_sim,357,6.892,23.168,0.462,24.853,0.025,55.401
2026-09-02T08:00:35.672833+07:00,c11_sim,358,6.617,21.784,0.635,26.178,0.018,55.232
2026-09-02T08:00:35.714169+07:00,c11_sim,359,5.946,19.190,0.458,20.732,0.018,46.345
2026-09-02T08:00:35.748136+07:00,c11_sim,360,5.708,16.410,0.350,16.456,0.012,38.937
2026-09-02T08:00:35.781466+07:00,c11_sim,361,5.690,14.966,0.428,17.216,0.013,38.312
2026-09-02T08:00:35.812905+07:00,c11_sim,362,5.788,15.197,0.414,15.163,0.014,36.577
2026-09-02T08:00:35.841939+07:00,c11_sim,363,5.806,13.504,0.338,14.494,0.014,34.156
2026-09-02T08:00:35.872330+07:00,c11_sim,364,5.946,15.087,0.342,14.273,0.012,35.660
2026-09-02T08:00:35.900030+07:00,c11_sim,365,5.692,13.215,0.362,13.477,0.012,32.759
2026-09-02T08:00:35.953172+07:00,c11_sim,366,5.455,13.963,0.330,13.050,0.013,32.812
2026-09-02T08:00:36.009247+07:00,c11_sim,367,5.942,14.225,0.409,15.541,0.024,36.142
2026-09-02T08:00:36.037785+07:00,c11_sim,368,5.701,13.185,0.420,14.251,0.020,33.576
2026-09-02T08:00:36.066002+07:00,c11_sim,369,5.759,13.547,0.345,13.690,0.018,33.359
2026-09-02T08:00:36.107206+07:00,c11_sim,370,5.711,14.812,0.563,0.000,0.008,21.093
2026-09-02T08:00:36.149196+07:00,c11_sim,371,5.751,15.731,0.398,0.000,0.005,21.886
2026-09-02T08:00:36.195774+07:00,c11_sim,372,5.976,20.162,0.495,0.000,0.007,26.640
2026-09-02T08:00:36.234423+07:00,c11_sim,373,5.891,18.458,0.404,18.609,0.107,43.470
2026-09-02T08:00:36.278442+07:00,c11_sim,374,5.662,21.840,0.436,20.784,0.015,48.737
2026-09-02T08:00:36.328402+07:00,c11_sim,375,6.065,19.776,0.443,28.595,0.019,54.898
2026-09-02T08:00:36.378110+07:00,c11_sim,376,5.925,23.572,0.534,24.609,0.014,54.655
2026-09-02T08:00:36.416872+07:00,c11_sim,377,5.965,19.183,0.507,18.417,0.014,44.087
2026-09-02T08:00:36.453481+07:00,c11_sim,378,5.905,15.289,0.455,20.086,0.024,41.758
2026-09-02T08:00:36.489276+07:00,c11_sim,379,5.940,17.101,0.414,17.529,0.013,40.997
2026-09-02T08:00:36.526636+07:00,c11_sim,380,5.993,16.804,0.399,19.433,0.018,42.647
2026-09-02T08:00:36.562738+07:00,c11_sim,381,5.976,17.539,0.411,17.408,0.017,41.351
2026-09-02T08:00:36.600113+07:00,c11_sim,382,6.043,18.352,0.386,17.970,0.014,42.765
2026-09-02T08:00:36.634489+07:00,c11_sim,383,5.915,16.144,0.388,17.065,0.021,39.533
2026-09-02T08:00:36.698387+07:00,c11_sim,384,6.170,18.521,0.453,18.775,0.161,44.079
2026-09-02T08:00:36.734657+07:00,c11_sim,385,5.937,17.727,0.422,17.425,0.023,41.534
2026-09-02T08:00:36.769936+07:00,c11_sim,386,5.878,16.543,0.401,17.705,0.015,40.542
2026-09-02T08:00:36.807251+07:00,c11_sim,387,5.869,18.220,0.541,17.779,0.013,42.423
2026-09-02T08:00:36.841424+07:00,c11_sim,388,6.132,15.827,0.451,17.181,0.021,39.612
2026-09-02T08:00:36.878177+07:00,c11_sim,389,5.930,18.308,0.418,17.361,0.020,42.038
2026-09-02T08:00:36.913107+07:00,c11_sim,390,5.832,16.102,0.398,17.737,0.016,40.085
2026-09-02T08:00:36.968923+07:00,c11_sim,391,5.697,14.355,0.391,15.366,0.017,35.825
2026-09-02T08:00:36.999783+07:00,c11_sim,392,5.777,14.825,0.425,14.933,0.022,35.981
2026-09-02T08:00:37.030069+07:00,c11_sim,393,5.737,14.505,0.457,14.635,0.017,35.351
2026-09-02T08:00:37.082129+07:00,c11_sim,394,6.088,14.499,0.391,15.463,0.020,36.460
2026-09-02T08:00:37.114174+07:00,c11_sim,395,6.002,14.216,0.549,16.366,0.017,37.150
2026-09-02T08:00:37.129484+07:00,c11_sim,396,5.643,14.200,0.491,0.000,0.006,20.340
2026-09-02T08:00:37.196038+07:00,c11_sim,397,5.699,15.495,0.418,0.000,0.007,21.619
2026-09-02T08:00:37.211581+07:00,c11_sim,398,5.719,15.452,0.000,0.000,0.005,21.176
2026-09-02T08:00:37.269267+07:00,c11_sim,399,5.921,15.821,0.433,15.224,0.043,37.443
2026-09-02T08:00:37.311147+07:00,c11_sim,400,5.946,17.522,0.000,0.000,0.025,23.493
2026-09-02T08:00:37.355352+07:00,c11_sim,401,6.372,18.981,0.000,0.000,0.008,25.361
2026-09-02T08:00:37.405555+07:00,c11_sim,402,6.824,25.014,0.000,0.000,0.012,31.850
2026-09-02T08:00:37.428425+07:00,c12_sim,32,5.721,22.731,0.000,0.000,0.011,28.464
2026-09-02T08:00:37.571260+07:00,c12_sim,33,11.107,26.689,1.673,0.000,0.021,39.490
2026-09-02T08:00:37.668727+07:00,c12_sim,34,12.631,24.084,0.000,0.000,0.019,36.734
2026-09-02T08:00:37.802550+07:00,c12_sim,35,10.465,37.097,0.000,0.000,0.028,47.591
2026-09-02T08:00:37.918056+07:00,c12_sim,36,12.002,26.030,0.000,0.000,0.019,38.052
2026-09-02T08:00:38.042116+07:00,c12_sim,37,15.384,27.231,0.000,0.000,0.519,43.133
2026-09-02T08:00:38.140445+07:00,c12_sim,38,8.863,31.915,0.000,0.000,0.044,40.822
2026-09-02T08:00:38.266665+07:00,c10_sim,59,8.793,34.516,0.000,0.000,0.024,43.333
2026-09-02T08:00:38.397825+07:00,c10_sim,60,13.177,35.322,0.000,0.000,0.461,48.960
2026-09-02T08:00:38.507805+07:00,c10_sim,61,14.843,37.319,1.593,0.000,0.085,53.839
2026-09-02T08:00:38.613559+07:00,c10_sim,62,13.493,33.378,1.214,0.000,0.021,48.107
2026-09-02T08:00:38.720886+07:00,c10_sim,63,9.955,33.958,1.267,0.000,0.019,45.198
2026-09-02T08:00:38.854188+07:00,c10_sim,64,15.030,35.813,1.242,0.008,0.320,52.412
2026-09-02T08:00:38.962892+07:00,c10_sim,65,13.533,36.222,1.274,0.008,0.027,51.063
2026-09-02T08:00:39.074550+07:00,c10_sim,66,10.965,34.319,1.161,0.007,0.032,46.484
2026-09-02T08:00:39.209029+07:00,c10_sim,67,13.696,35.087,1.276,0.008,0.034,50.100
2026-09-02T08:00:39.305109+07:00,c10_sim,68,13.063,24.759,0.906,0.005,0.019,38.752
2026-09-02T08:00:39.425015+07:00,c10_sim,69,13.856,26.206,1.127,0.008,0.030,41.227
2026-09-02T08:00:39.530451+07:00,c10_sim,70,11.096,29.643,1.053,0.006,0.025,41.824
2026-09-02T08:00:39.660129+07:00,c10_sim,71,12.343,35.530,0.000,0.000,0.024,47.897
2026-09-02T08:00:39.799887+07:00,c10_sim,72,14.113,34.994,1.218,32.378,0.299,83.002
2026-09-02T08:00:39.891661+07:00,c10_sim,73,8.515,23.351,1.084,16.183,0.021,49.155
2026-09-02T08:00:40.016006+07:00,c10_sim,74,9.403,26.554,1.124,23.726,0.015,60.823
2026-09-02T08:00:40.090494+07:00,c10_sim,75,9.253,28.651,0.000,0.000,0.017,37.922
2026-09-02T08:00:40.253362+07:00,c10_sim,76,15.354,36.341,1.338,25.532,0.012,78.577
2026-09-02T08:00:40.348657+07:00,c10_sim,77,8.286,24.351,0.994,20.648,0.010,54.290
2026-09-02T08:00:40.442970+07:00,c10_sim,78,10.441,22.259,1.036,19.877,0.010,53.623
2026-09-02T08:00:40.610697+07:00,c10_sim,79,14.724,35.690,1.200,32.558,0.037,84.208
2026-09-02T08:00:40.687991+07:00,c10_sim,80,7.857,29.094,0.810,24.843,0.017,62.621
2026-09-02T08:00:40.804069+07:00,c10_sim,81,10.558,24.848,0.983,19.645,0.011,56.045
2026-09-02T08:00:40.927744+07:00,c10_sim,82,10.846,28.288,1.154,21.741,0.010,62.039
2026-09-02T08:00:41.035787+07:00,c10_sim,83,10.965,30.547,0.910,27.834,0.012,70.268
2026-09-02T08:00:41.117640+07:00,c10_sim,84,7.356,18.656,0.731,14.994,0.012,41.748
2026-09-02T08:00:41.264614+07:00,c10_sim,85,13.612,27.405,1.735,22.649,0.033,65.433
2026-09-02T08:00:41.398955+07:00,c10_sim,86,11.012,34.636,1.188,32.807,0.016,79.659
2026-09-02T08:00:41.492741+07:00,c10_sim,87,8.740,24.413,0.905,19.562,0.011,53.630
2026-09-02T08:00:41.563641+07:00,c10_sim,88,9.180,22.997,0.830,0.000,0.007,33.015
2026-09-02T08:00:41.699810+07:00,c10_sim,89,14.543,35.549,1.126,0.000,0.020,51.239
2026-09-02T08:00:41.812533+07:00,c10_sim,90,10.564,36.097,1.428,0.000,0.022,48.112
2026-09-02T08:00:41.926414+07:00,c10_sim,91,13.664,36.956,1.237,0.000,0.024,51.881
2026-09-02T08:00:42.086578+07:00,c10_sim,92,12.937,34.723,1.184,27.411,0.072,76.327
2026-09-02T08:00:42.131263+07:00,c10_sim,93,6.816,19.411,0.000,0.000,0.009,26.235
2026-09-02T08:00:42.283395+07:00,c10_sim,94,8.653,29.248,2.133,0.000,0.025,40.059
2026-09-02T08:00:42.452419+07:00,c10_sim,95,11.005,30.638,0.903,0.000,0.014,42.560
2026-09-02T08:00:42.628130+07:00,c10_sim,96,11.730,26.657,1.259,0.000,0.021,39.667
2026-09-02T08:00:42.838960+07:00,c10_sim,97,7.953,22.327,0.831,16.424,0.089,47.623
2026-09-02T08:00:43.037165+07:00,c10_sim,98,14.209,29.630,1.044,21.973,0.068,66.924
2026-09-02T08:00:43.197966+07:00,c10_sim,99,10.034,27.422,0.892,18.276,0.023,56.648
2026-09-02T08:00:43.388391+07:00,c10_sim,100,14.074,25.661,1.070,23.525,0.013,64.343
2026-09-02T08:00:43.584636+07:00,c10_sim,101,15.896,30.072,1.047,21.964,0.035,69.013
2026-09-02T08:00:43.765346+07:00,c10_sim,102,11.629,32.401,1.190,26.050,0.456,71.726
2026-09-02T08:00:43.916553+07:00,c10_sim,103,13.141,16.657,0.600,12.827,0.020,43.246
2026-09-02T08:00:44.101108+07:00,c10_sim,104,14.025,26.431,1.119,20.495,0.013,62.081
2026-09-02T08:00:44.293403+07:00,c10_sim,105,12.480,27.481,0.906,18.054,0.012,58.933
2026-09-02T08:00:44.460341+07:00,c10_sim,106,10.260,27.546,1.011,21.222,0.010,60.049
2026-09-02T08:00:44.655722+07:00,c10_sim,107,15.148,27.137,0.951,19.183,0.183,62.602
2026-09-02T08:00:44.817707+07:00,c10_sim,108,12.532,24.097,0.665,17.482,0.012,54.788
2026-09-02T08:00:45.019266+07:00,c10_sim,109,13.009,33.519,1.033,29.456,0.014,77.031
2026-09-02T08:00:45.180645+07:00,c10_sim,110,11.060,24.533,0.871,19.582,0.013,56.059
2026-09-02T08:00:45.363760+07:00,c10_sim,111,12.078,40.308,1.381,0.007,0.024,53.798
2026-09-02T08:00:45.529335+07:00,c10_sim,112,13.084,28.044,1.337,0.005,0.021,42.491
2026-09-02T08:00:45.765824+07:00,c10_sim,113,11.460,36.585,1.520,32.677,0.030,82.272
2026-09-02T08:00:45.937357+07:00,c10_sim,114,14.192,29.633,1.182,22.677,0.052,67.735
2026-09-02T08:00:46.090918+07:00,c10_sim,115,13.102,38.282,0.000,0.000,0.026,51.410
2026-09-02T08:00:46.260682+07:00,c10_sim,116,14.522,24.044,1.194,0.006,0.022,39.788
2026-09-02T08:00:46.442064+07:00,c10_sim,117,9.736,34.729,0.000,0.000,0.025,44.491
2026-09-02T08:00:46.617311+07:00,c10_sim,118,14.455,28.143,1.283,0.008,0.034,43.922
2026-09-02T08:00:46.808668+07:00,c10_sim,119,14.244,36.454,0.000,0.000,0.029,50.727
2026-09-02T08:00:46.983876+07:00,c10_sim,120,10.885,28.935,1.187,0.007,0.029,41.043
2026-09-02T08:00:47.185297+07:00,c10_sim,121,14.726,34.660,0.000,0.000,0.026,49.412
2026-09-02T08:00:47.357054+07:00,c10_sim,122,12.442,25.287,0.000,0.000,0.022,37.751
2026-09-02T08:00:47.535286+07:00,c10_sim,123,15.015,31.738,0.000,0.000,0.026,46.778
2026-09-02T08:00:47.701700+07:00,c11_sim,403,8.957,24.125,0.000,0.000,0.019,33.101
2026-09-02T08:00:47.876076+07:00,c11_sim,404,12.029,31.509,0.000,0.000,0.024,43.562
2026-09-02T08:00:48.025477+07:00,c11_sim,405,13.112,34.342,0.000,0.000,0.026,47.480
2026-09-02T08:00:48.169431+07:00,c11_sim,406,11.686,28.245,0.000,0.000,0.022,39.953
2026-09-02T08:00:48.311754+07:00,c11_sim,407,13.394,24.938,0.000,0.000,0.022,38.354
2026-09-02T08:00:48.495637+07:00,c11_sim,408,14.379,38.213,0.000,0.000,0.027,52.619
2026-09-02T08:00:48.621078+07:00,c11_sim,409,12.928,24.674,0.000,0.000,0.015,37.617
2026-09-02T08:00:48.796867+07:00,c11_sim,410,15.517,31.078,0.000,0.000,0.425,47.020
2026-09-02T08:00:48.942383+07:00,c11_sim,411,12.687,28.791,0.000,0.000,0.025,41.503
2026-09-02T08:00:49.086798+07:00,c11_sim,412,13.304,26.173,0.000,0.000,0.022,39.499
2026-09-02T08:00:49.238958+07:00,c11_sim,413,12.156,36.880,0.000,0.000,0.024,49.061
2026-09-02T08:00:49.375975+07:00,c11_sim,414,8.825,23.186,0.000,0.000,0.279,32.291
2026-09-02T08:00:49.546766+07:00,c11_sim,415,12.914,21.730,1.050,0.000,0.014,35.709
2026-09-02T08:00:49.710342+07:00,c11_sim,416,15.391,29.206,0.000,0.000,0.011,44.609
2026-09-02T08:00:49.861919+07:00,c11_sim,417,14.124,29.772,0.000,0.000,0.009,43.904
2026-09-02T08:00:49.993303+07:00,c11_sim,418,13.779,32.718,0.000,0.000,0.009,46.507
2026-09-02T08:00:50.161081+07:00,c11_sim,419,13.832,34.426,0.000,0.000,0.010,48.269
2026-09-02T08:00:50.314738+07:00,c11_sim,420,12.309,34.644,1.323,0.000,0.012,48.287
2026-09-02T08:00:50.462136+07:00,c11_sim,421,14.546,30.055,0.000,0.000,0.009,44.610
2026-09-02T08:00:50.613773+07:00,c11_sim,422,12.585,29.343,0.000,0.000,0.016,41.944
2026-09-02T08:00:50.771340+07:00,c11_sim,423,12.252,40.026,0.000,0.000,0.018,52.296
2026-09-02T08:00:50.906568+07:00,c11_sim,424,12.070,36.314,0.000,0.000,0.007,48.392
2026-09-02T08:00:51.046385+07:00,c11_sim,425,10.400,22.244,0.000,0.000,0.008,32.653
2026-09-02T08:00:51.219578+07:00,c11_sim,426,13.493,34.169,0.000,0.000,0.013,47.674
2026-09-02T08:00:51.356424+07:00,c11_sim,427,13.463,22.023,0.000,0.000,0.009,35.495
2026-09-02T08:00:51.529210+07:00,c11_sim,428,15.470,33.420,0.000,0.000,0.015,48.905
2026-09-02T08:00:51.680182+07:00,c11_sim,429,10.415,34.498,1.305,0.000,0.012,46.230
2026-09-02T08:00:51.833023+07:00,c11_sim,430,9.159,34.648,0.000,0.000,0.013,43.820
2026-09-02T08:00:51.978474+07:00,c11_sim,431,13.870,24.957,0.991,0.000,0.009,39.826
2026-09-02T08:00:52.127181+07:00,c11_sim,432,14.476,26.222,0.919,0.000,0.010,41.627
2026-09-02T08:00:52.270821+07:00,c11_sim,433,11.541,27.586,0.000,0.000,0.012,39.138
2026-09-02T08:00:52.453148+07:00,c11_sim,434,15.527,38.166,0.000,0.000,0.010,53.703
2026-09-02T08:00:52.599130+07:00,c11_sim,435,13.800,27.062,0.000,0.000,0.011,40.873
2026-09-02T08:00:52.788298+07:00,c11_sim,436,14.156,33.662,1.336,32.487,0.105,81.745
2026-09-02T08:00:52.892882+07:00,c11_sim,437,13.583,33.351,0.000,0.000,0.019,46.954
2026-09-02T08:00:53.069062+07:00,c11_sim,438,13.942,31.782,1.159,23.455,0.012,70.350
2026-09-02T08:00:53.211216+07:00,c11_sim,439,6.373,20.426,0.728,19.949,0.028,47.504
2026-09-02T08:00:53.383828+07:00,c11_sim,440,9.809,30.929,0.773,29.406,0.031,70.947
2026-09-02T08:00:53.533118+07:00,c11_sim,441,11.652,28.510,1.107,21.417,0.030,62.717
2026-09-02T08:00:53.699050+07:00,c11_sim,442,14.572,36.809,1.325,33.109,0.031,85.845
2026-09-02T08:00:53.813807+07:00,c11_sim,443,9.201,25.804,0.890,19.856,0.028,55.779
2026-09-02T08:00:53.999819+07:00,c11_sim,444,9.373,36.032,1.638,32.546,0.026,79.616
2026-09-02T08:00:54.120570+07:00,c11_sim,445,6.691,23.097,0.881,23.400,0.041,54.110
2026-09-02T08:00:54.311277+07:00,c11_sim,446,9.883,33.861,0.991,36.292,0.059,81.086
2026-09-02T08:00:54.449867+07:00,c11_sim,447,13.542,34.356,1.294,31.761,0.028,80.981
2026-09-02T08:00:54.594671+07:00,c11_sim,448,11.368,27.923,0.866,18.758,0.030,58.946
2026-09-02T08:00:54.765383+07:00,c11_sim,449,11.590,33.871,1.148,34.216,0.023,80.847
2026-09-02T08:00:54.890592+07:00,c11_sim,450,9.788,28.362,1.085,20.454,0.011,59.701
2026-09-02T08:00:55.047796+07:00,c11_sim,451,13.739,28.366,0.878,23.411,0.016,66.410
2026-09-02T08:00:55.194798+07:00,c11_sim,452,11.447,31.548,0.765,17.009,0.028,60.796
2026-09-02T08:00:55.338147+07:00,c11_sim,453,10.596,24.620,1.019,22.611,0.041,58.887
2026-09-02T08:00:55.496973+07:00,c11_sim,454,6.320,32.947,0.876,26.528,0.034,66.704
2026-09-02T08:00:55.687342+07:00,c11_sim,455,13.448,41.403,1.242,32.554,0.048,88.695
2026-09-02T08:00:55.811464+07:00,c11_sim,456,10.809,28.603,0.885,19.687,0.036,60.020
2026-09-02T08:00:55.968547+07:00,c11_sim,457,8.809,28.141,1.374,28.856,0.070,67.250
2026-09-02T08:00:56.132995+07:00,c11_sim,458,8.344,38.550,1.308,29.786,0.041,78.029
2026-09-02T08:00:56.251878+07:00,c11_sim,459,7.942,23.724,1.116,22.002,0.048,54.832
2026-09-02T08:00:56.437579+07:00,c11_sim,460,12.803,31.845,1.232,29.325,0.041,75.246
2026-09-02T08:00:56.573543+07:00,c11_sim,461,10.379,26.051,1.287,21.622,0.036,59.374
2026-09-02T08:00:56.732089+07:00,c11_sim,462,8.617,34.246,1.023,32.161,0.035,76.083
2026-09-02T08:00:56.874488+07:00,c11_sim,463,11.811,26.656,0.941,20.983,0.041,60.433
2026-09-02T08:00:57.033861+07:00,c11_sim,464,13.069,31.971,0.983,33.671,0.033,79.727
2026-09-02T08:00:57.177334+07:00,c11_sim,465,8.950,27.533,1.084,24.618,0.031,62.215
2026-09-02T08:00:57.340815+07:00,c11_sim,466,7.400,33.246,0.907,31.452,0.041,73.045
2026-09-02T08:00:57.491398+07:00,c11_sim,467,6.924,33.919,0.637,19.666,0.037,61.183
2026-09-02T08:00:57.638845+07:00,c11_sim,468,12.469,24.723,1.195,23.443,0.046,61.875
2026-09-02T08:00:57.798942+07:00,c11_sim,469,7.399,40.181,0.896,21.171,0.039,69.686
2026-09-02T08:00:57.944418+07:00,c11_sim,470,8.532,26.657,0.996,21.858,0.065,58.107
2026-09-02T08:00:58.102797+07:00,c11_sim,471,9.912,33.036,1.008,26.938,0.034,70.929
2026-09-02T08:00:58.202541+07:00,c11_sim,472,10.494,24.298,0.000,0.000,0.023,34.815
2026-09-02T08:00:58.402035+07:00,c11_sim,473,14.332,32.605,1.027,25.912,0.031,73.908
2026-09-02T08:00:58.541513+07:00,c11_sim,474,12.598,27.385,0.929,20.322,0.021,61.254
2026-09-02T08:00:58.728796+07:00,c11_sim,475,9.233,36.692,0.773,32.651,0.020,79.368
2026-09-02T08:00:58.869280+07:00,c11_sim,476,12.390,39.132,1.030,25.868,0.015,78.435
2026-09-02T08:00:58.997758+07:00,c11_sim,477,13.349,32.396,0.000,0.000,0.025,45.770
2026-09-02T08:00:59.166695+07:00,c11_sim,478,10.577,30.517,1.128,34.379,0.018,76.619
2026-09-02T08:00:59.316118+07:00,c11_sim,479,9.535,31.961,0.944,21.530,0.047,64.017
2026-09-02T08:00:59.478348+07:00,c11_sim,480,12.187,33.091,0.939,32.092,0.069,78.379
2026-09-02T08:00:59.568429+07:00,c11_sim,481,14.376,20.436,0.000,0.000,0.011,34.823
2026-09-02T08:00:59.739772+07:00,c11_sim,482,9.292,31.747,0.000,0.000,0.021,41.060
2026-09-02T08:00:59.917444+07:00,c11_sim,483,15.352,36.359,0.000,0.000,0.024,51.735
2026-09-02T08:01:00.057871+07:00,c11_sim,484,13.945,39.822,0.000,0.000,0.027,53.794
2026-09-02T08:01:00.202426+07:00,c11_sim,485,12.680,25.054,0.000,0.000,0.014,37.749
2026-09-02T08:01:00.427542+07:00,c11_sim,486,10.996,35.995,0.000,0.000,0.019,47.010
2026-09-02T08:01:00.601008+07:00,c11_sim,487,12.482,26.916,0.000,0.000,0.017,39.415
2026-09-02T08:01:00.805784+07:00,c11_sim,488,13.712,34.583,0.000,0.000,0.023,48.318
2026-09-02T08:01:01.001263+07:00,c11_sim,489,12.987,29.579,0.000,0.000,0.024,42.590
2026-09-02T08:01:01.191347+07:00,c11_sim,490,11.258,24.188,0.000,0.000,0.016,35.462
2026-09-02T08:01:01.408853+07:00,c11_sim,491,11.172,34.754,0.000,0.000,0.027,45.953
2026-09-02T08:01:01.609043+07:00,c11_sim,492,11.389,35.643,0.000,0.000,0.012,47.043
2026-09-02T08:01:01.818432+07:00,c11_sim,493,12.387,36.047,0.000,0.000,0.031,48.465
2026-09-02T08:01:02.016695+07:00,c11_sim,494,12.023,29.005,0.000,0.000,0.022,41.050
2026-09-02T08:01:02.221141+07:00,c11_sim,495,10.537,37.079,0.000,0.000,0.482,48.098
2026-09-02T08:01:02.417468+07:00,c11_sim,496,13.589,29.770,0.000,0.000,0.036,43.396
2026-09-02T08:01:02.622880+07:00,c11_sim,497,10.672,36.304,0.000,0.000,0.015,46.990
2026-09-02T08:01:02.825689+07:00,c11_sim,498,11.168,38.880,0.000,0.000,0.015,50.063
2026-09-02T08:01:03.006921+07:00,c11_sim,499,9.902,34.377,0.000,0.000,0.013,44.292
2026-09-02T08:01:03.198981+07:00,c11_sim,500,7.536,35.557,0.000,0.000,0.014,43.107
2026-09-02T08:01:03.400479+07:00,c11_sim,501,7.366,33.823,0.000,0.000,0.015,41.203
2026-09-02T08:01:03.601887+07:00,c11_sim,502,7.499,36.402,0.000,0.000,0.010,43.912
2026-09-02T08:01:03.822431+07:00,c9_sim,259,6.944,36.709,0.000,0.000,0.028,43.681
2026-09-02T08:01:04.026815+07:00,c9_sim,260,11.052,34.639,0.000,0.000,0.043,45.735
2026-09-02T08:01:04.229620+07:00,c9_sim,261,8.558,35.456,0.000,0.000,0.032,44.045
2026-09-02T08:01:04.424722+07:00,c9_sim,262,9.442,34.829,0.000,0.000,0.029,44.300
2026-09-02T08:01:04.624360+07:00,c9_sim,263,6.551,34.632,0.000,0.000,0.035,41.219
2026-09-02T08:01:04.832049+07:00,c9_sim,264,9.923,44.074,2.227,0.000,0.013,56.237
2026-09-02T08:01:05.010867+07:00,c9_sim,265,10.331,34.609,0.730,0.000,0.012,45.683
2026-09-02T08:01:05.197622+07:00,c9_sim,266,7.540,27.642,0.000,0.000,0.028,35.210
2026-09-02T08:01:05.390972+07:00,c9_sim,267,7.129,23.488,0.000,0.000,0.021,30.639
2026-09-02T08:01:05.612863+07:00,c9_sim,268,7.462,37.406,0.000,0.000,0.030,44.898
2026-09-02T08:01:05.821412+07:00,c9_sim,269,11.551,39.171,0.000,0.000,0.030,50.753
2026-09-02T08:01:06.009047+07:00,c9_sim,270,8.065,31.183,0.000,0.000,0.021,39.269
2026-09-02T08:01:06.213958+07:00,c9_sim,271,9.742,36.940,1.226,0.000,0.021,47.928
2026-09-02T08:01:06.417070+07:00,c9_sim,272,10.437,31.473,1.368,0.037,0.633,43.949
2026-09-02T08:01:06.614283+07:00,c9_sim,273,8.642,27.705,0.000,0.000,0.115,36.462
2026-09-02T08:01:06.810589+07:00,c9_sim,274,9.785,32.253,0.000,0.000,0.017,42.055
2026-09-02T08:01:07.012988+07:00,c9_sim,275,9.927,30.855,0.000,0.000,0.024,40.806
2026-09-02T08:01:07.214124+07:00,c9_sim,276,12.194,35.335,0.000,0.000,0.025,47.554
2026-09-02T08:01:07.409378+07:00,c9_sim,277,11.250,30.260,0.000,0.000,0.017,41.527
2026-09-02T08:01:07.648128+07:00,c9_sim,278,12.310,26.662,1.271,23.753,0.023,64.018
2026-09-02T08:01:07.865432+07:00,c9_sim,279,11.308,36.658,1.159,31.731,0.027,80.883
2026-09-02T08:01:08.030668+07:00,c9_sim,280,9.908,30.592,0.878,19.788,0.071,61.237
2026-09-02T08:01:08.224009+07:00,c9_sim,281,8.389,37.091,0.000,0.000,0.030,45.510
2026-09-02T08:01:08.415075+07:00,c9_sim,282,10.076,30.685,0.000,0.000,0.022,40.783
2026-09-02T08:01:08.650941+07:00,c9_sim,283,12.213,35.780,1.081,30.350,0.020,79.444
2026-09-02T08:01:08.846747+07:00,c9_sim,284,12.625,28.129,1.477,22.576,0.032,64.839
2026-09-02T08:01:09.017599+07:00,c9_sim,285,8.729,26.586,0.000,0.000,0.015,35.330
2026-09-02T08:01:09.252459+07:00,c9_sim,286,9.719,31.063,1.036,31.559,0.043,73.420
2026-09-02T08:01:09.442930+07:00,c9_sim,287,11.422,26.024,0.922,18.516,0.019,56.903
2026-09-02T08:01:09.652482+07:00,c9_sim,288,10.219,31.165,1.616,27.902,0.042,70.944
2026-09-02T08:01:09.816549+07:00,c9_sim,289,10.317,37.237,1.531,0.000,0.023,49.108
2026-09-02T08:01:10.019420+07:00,c9_sim,290,12.023,30.089,1.280,0.000,0.022,43.414
2026-09-02T08:01:10.230975+07:00,c9_sim,291,11.595,33.372,1.096,17.839,0.064,63.966
2026-09-02T08:01:10.448813+07:00,c9_sim,292,12.763,29.291,1.322,23.313,0.016,66.706
2026-09-02T08:01:10.650760+07:00,c9_sim,293,9.742,31.207,1.182,34.433,0.062,76.625
2026-09-02T08:01:10.828157+07:00,c9_sim,294,10.951,28.763,0.000,0.000,0.014,39.728
2026-09-02T08:01:11.008529+07:00,c9_sim,295,7.166,33.789,0.000,0.000,0.021,40.975
2026-09-02T08:01:11.249500+07:00,c9_sim,296,8.352,36.612,1.368,36.468,0.017,82.816
2026-09-02T08:01:11.394716+07:00,c9_sim,297,9.187,24.677,0.000,0.000,0.019,33.884
2026-09-02T08:01:11.618436+07:00,c9_sim,298,7.016,37.231,0.000,0.000,0.020,44.267
2026-09-02T08:01:11.815398+07:00,c9_sim,299,7.901,32.961,0.000,0.000,0.019,40.881
2026-09-02T08:01:12.020849+07:00,c9_sim,300,11.641,36.122,0.000,0.000,0.017,47.780
2026-09-02T08:01:12.225009+07:00,c9_sim,301,9.350,34.510,0.000,0.000,0.022,43.882
2026-09-02T08:01:12.453290+07:00,c9_sim,302,7.645,29.670,1.093,30.097,0.039,68.544
2026-09-02T08:01:12.638682+07:00,c9_sim,303,8.658,34.149,1.474,27.502,0.270,72.052
2026-09-02T08:01:12.807180+07:00,c9_sim,304,8.320,26.126,0.000,0.000,0.030,34.476
2026-09-02T08:01:13.008766+07:00,c9_sim,305,8.950,35.597,0.000,0.000,0.023,44.570
2026-09-02T08:01:13.267657+07:00,c9_sim,306,8.698,42.493,2.956,34.405,0.028,88.580
2026-09-02T08:01:13.438503+07:00,c9_sim,307,7.984,25.205,0.980,22.497,0.031,56.696
2026-09-02T08:01:13.636764+07:00,c9_sim,308,9.826,37.522,1.013,19.673,0.024,68.058
2026-09-02T08:01:13.833646+07:00,c9_sim,309,6.410,25.667,1.064,26.417,0.037,59.595
2026-09-02T08:01:14.052370+07:00,c9_sim,310,8.392,39.089,1.259,33.213,0.026,81.979
2026-09-02T08:01:14.222756+07:00,c9_sim,311,8.410,24.499,1.375,22.260,0.029,56.573
2026-09-02T08:01:14.454240+07:00,c9_sim,312,8.509,38.822,1.382,29.330,0.025,78.068
2026-09-02T08:01:14.647557+07:00,c9_sim,313,8.532,29.227,1.172,24.956,0.081,63.968
2026-09-02T08:01:14.840310+07:00,c9_sim,314,9.876,31.659,1.012,17.436,0.039,60.022
2026-09-02T08:01:15.039978+07:00,c9_sim,315,12.050,27.310,1.313,25.462,0.028,66.162
2026-09-02T08:01:15.248642+07:00,c9_sim,316,8.942,36.395,1.713,35.328,0.036,82.414
2026-09-02T08:01:15.437997+07:00,c9_sim,317,7.590,23.514,1.197,21.696,0.036,54.033
2026-09-02T08:01:15.650074+07:00,c9_sim,318,7.722,35.552,1.051,34.303,0.059,78.687
2026-09-02T08:01:15.844604+07:00,c9_sim,319,7.827,26.838,1.235,23.066,0.039,59.004
2026-09-02T08:01:16.054297+07:00,c9_sim,320,9.441,35.590,0.996,26.741,0.028,72.796
2026-09-02T08:01:16.226868+07:00,c9_sim,321,7.850,25.642,1.026,22.837,0.043,57.398
2026-09-02T08:01:16.467629+07:00,c9_sim,322,8.919,38.057,1.089,34.666,0.037,82.769
2026-09-02T08:01:16.633045+07:00,c9_sim,323,7.397,23.338,0.781,21.195,0.044,52.755
2026-09-02T08:01:16.847830+07:00,c9_sim,324,8.657,34.888,1.063,35.489,0.073,80.170
2026-09-02T08:01:17.030765+07:00,c9_sim,325,6.611,24.395,0.879,21.095,0.041,53.020
2026-09-02T08:01:17.237483+07:00,c9_sim,326,8.578,37.403,0.986,23.163,0.036,70.165
2026-09-02T08:01:17.434846+07:00,c9_sim,327,7.086,26.405,1.070,25.339,0.040,59.940
2026-09-02T08:01:17.648135+07:00,c9_sim,328,7.539,36.395,1.073,36.714,0.042,81.763
2026-09-02T08:01:17.839011+07:00,c9_sim,329,7.371,24.202,1.034,24.487,0.047,57.141
2026-09-02T08:01:18.037270+07:00,c9_sim,330,7.283,36.506,1.133,22.712,0.033,67.666
2026-09-02T08:01:18.243908+07:00,c9_sim,331,8.318,28.188,1.039,29.645,0.041,67.230
2026-09-02T08:01:18.452581+07:00,c9_sim,332,7.719,35.328,1.282,27.911,0.026,72.266
2026-09-02T08:01:18.629017+07:00,c9_sim,333,9.881,19.232,0.615,18.038,0.024,47.789
2026-09-02T08:01:18.852344+07:00,c9_sim,334,8.908,34.363,1.039,25.292,0.017,69.618
2026-09-02T08:01:19.050942+07:00,c9_sim,335,9.621,31.913,1.156,22.970,0.018,65.678
2026-09-02T08:01:19.248441+07:00,c9_sim,336,6.626,35.372,1.163,36.562,0.052,79.774
2026-09-02T08:01:19.452036+07:00,c9_sim,337,9.687,37.042,0.853,26.544,0.017,74.143
2026-09-02T08:01:19.620809+07:00,c9_sim,338,9.197,26.229,0.893,20.263,0.018,56.599
2026-09-02T08:01:19.862637+07:00,c9_sim,339,7.443,36.470,1.088,32.821,0.061,77.883
2026-09-02T08:01:20.049618+07:00,c9_sim,340,13.237,36.752,1.113,28.920,0.027,80.049
2026-09-02T08:01:20.229654+07:00,c9_sim,341,13.060,30.756,0.000,0.000,0.019,43.835
2026-09-02T08:01:20.426078+07:00,c9_sim,342,12.943,30.690,0.000,0.000,0.009,43.642
2026-09-02T08:01:20.626055+07:00,c9_sim,343,9.822,35.653,0.000,0.000,0.021,45.496
2026-09-02T08:01:20.833404+07:00,c8_sim,129,10.551,34.216,1.326,0.000,0.020,46.112
2026-09-02T08:01:21.030454+07:00,c8_sim,130,20.434,34.012,1.031,0.000,0.021,55.498
2026-09-02T08:01:21.237155+07:00,c8_sim,131,8.795,34.468,1.080,0.000,0.035,44.379
2026-09-02T08:01:21.466931+07:00,c8_sim,132,14.524,34.197,1.186,29.590,0.115,79.612
2026-09-02T08:01:21.615768+07:00,c8_sim,133,8.770,21.862,0.787,0.008,0.026,31.453
2026-09-02T08:01:21.856258+07:00,c8_sim,134,10.325,28.761,1.021,19.941,0.014,60.061
2026-09-02T08:01:22.065327+07:00,c8_sim,135,12.203,31.013,1.128,30.168,0.033,74.545
2026-09-02T08:01:22.233893+07:00,c8_sim,136,12.523,23.525,0.952,17.382,0.018,54.400
2026-09-02T08:01:22.465359+07:00,c8_sim,137,13.718,30.141,1.160,30.716,0.032,75.767
2026-09-02T08:01:22.655935+07:00,c8_sim,138,12.043,27.042,0.819,18.034,0.014,57.951
2026-09-02T08:01:22.850833+07:00,c8_sim,139,11.629,28.398,1.015,25.315,0.036,66.392
2026-09-02T08:01:23.044926+07:00,c8_sim,140,12.831,25.870,0.867,17.748,0.018,57.333
2026-09-02T08:01:23.241401+07:00,c8_sim,141,11.560,30.943,0.727,21.912,0.022,65.166
2026-09-02T08:01:23.467033+07:00,c8_sim,142,11.610,29.542,1.011,30.402,0.401,72.965
2026-09-02T08:01:23.655663+07:00,c8_sim,143,15.601,27.863,1.085,23.301,0.069,67.919
2026-09-02T08:01:23.814739+07:00,c8_sim,144,10.008,23.345,0.000,0.000,0.016,33.369
2026-09-02T08:01:24.073959+07:00,c8_sim,145,13.043,31.052,1.248,31.140,0.025,76.508
2026-09-02T08:01:24.238409+07:00,c8_sim,146,13.304,25.536,0.800,17.047,0.012,56.700
2026-09-02T08:01:24.465269+07:00,c8_sim,147,13.603,32.712,1.155,28.047,0.043,75.559
2026-09-02T08:01:24.630064+07:00,c8_sim,148,13.391,21.871,0.924,17.516,0.018,53.719
2026-09-02T08:01:24.853568+07:00,c8_sim,149,14.120,29.276,1.027,26.232,0.033,70.688
2026-09-02T08:01:25.043792+07:00,c8_sim,150,14.185,25.485,0.908,18.859,0.034,59.471
2026-09-02T08:01:25.244823+07:00,c8_sim,151,12.863,26.785,1.331,27.080,0.050,68.111
2026-09-02T08:01:25.448643+07:00,c8_sim,152,12.763,27.204,0.956,20.003,0.037,60.964
2026-09-02T08:01:25.659128+07:00,c8_sim,153,13.352,30.041,0.992,28.982,0.036,73.403
2026-09-02T08:01:25.855779+07:00,c8_sim,154,7.962,32.690,1.136,21.177,0.042,63.007
2026-09-02T08:01:26.068942+07:00,c8_sim,155,12.855,35.811,1.225,27.625,0.021,77.537
2026-09-02T08:01:26.233565+07:00,c8_sim,156,11.865,24.929,1.019,21.091,0.016,58.920
2026-09-02T08:01:26.453897+07:00,c8_sim,157,14.961,30.745,1.103,21.923,0.017,68.749
2026-09-02T08:01:26.622686+07:00,c8_sim,158,14.559,28.273,0.000,0.000,0.023,42.854
2026-09-02T08:01:26.864628+07:00,c8_sim,159,16.080,32.677,0.980,19.760,0.019,69.516
2026-09-02T08:01:27.010224+07:00,c8_sim,160,8.601,30.577,0.000,0.000,0.043,39.221
2026-09-02T08:01:27.242516+07:00,c8_sim,161,13.865,36.667,0.000,0.000,0.022,50.555
2026-09-02T08:01:27.414225+07:00,c8_sim,162,12.237,23.800,0.000,0.000,0.014,36.051
2026-09-02T08:01:27.628395+07:00,c8_sim,163,14.075,30.914,0.000,0.000,0.023,45.012
2026-09-02T08:01:27.831368+07:00,c8_sim,164,14.447,35.629,0.000,0.000,0.022,50.097
2026-09-02T08:01:28.029137+07:00,c8_sim,165,13.157,30.517,0.000,0.000,0.018,43.692
2026-09-02T08:01:28.235663+07:00,c8_sim,166,14.372,37.046,0.000,0.000,0.029,51.447
2026-09-02T08:01:28.438448+07:00,c8_sim,167,10.578,38.359,0.000,0.000,0.023,48.960
2026-09-02T08:01:28.629635+07:00,c8_sim,168,9.739,36.875,0.000,0.000,0.024,46.639
2026-09-02T08:01:28.831990+07:00,c8_sim,169,15.642,37.901,0.000,0.000,0.025,53.568
2026-09-02T08:01:29.024674+07:00,c8_sim,170,14.561,36.679,0.000,0.000,0.024,51.264
2026-09-02T08:01:29.226403+07:00,c8_sim,171,9.898,34.949,0.000,0.000,0.023,44.870
2026-09-02T08:01:29.421174+07:00,c8_sim,172,9.394,33.970,0.000,0.000,0.016,43.381
2026-09-02T08:01:29.629673+07:00,c8_sim,173,10.839,35.417,0.000,0.000,0.017,46.273
2026-09-02T08:01:29.830474+07:00,c8_sim,174,8.682,36.255,0.000,0.000,0.529,45.467
2026-09-02T08:01:30.034032+07:00,c8_sim,175,10.099,35.417,0.000,0.000,0.028,45.544
2026-09-02T08:01:30.231409+07:00,c8_sim,176,11.463,31.821,0.000,0.000,0.009,43.293
2026-09-02T08:01:30.427485+07:00,c8_sim,177,10.574,35.175,0.000,0.000,0.010,45.759
2026-09-02T08:01:30.626913+07:00,c8_sim,178,14.592,34.475,0.000,0.000,0.013,49.081
2026-09-02T08:01:30.830480+07:00,c8_sim,179,13.740,37.381,0.000,0.000,0.014,51.134
2026-09-02T08:01:31.029308+07:00,c8_sim,180,16.750,34.805,0.000,0.000,0.012,51.566
2026-09-02T08:01:31.225413+07:00,c8_sim,181,12.588,35.282,0.000,0.000,0.015,47.886
2026-09-02T08:01:31.431044+07:00,c8_sim,182,15.789,35.768,0.000,0.000,0.013,51.570
2026-09-02T08:01:31.627646+07:00,c8_sim,183,11.116,36.404,0.000,0.000,0.012,47.532
2026-09-02T08:01:31.815951+07:00,c8_sim,184,12.171,26.337,0.000,0.000,0.010,38.518
2026-09-02T08:01:32.037593+07:00,c8_sim,185,15.083,33.533,0.000,0.000,0.011,48.627
2026-09-02T08:01:32.227962+07:00,c8_sim,186,14.720,28.486,0.000,0.000,0.012,43.218
2026-09-02T08:01:32.430665+07:00,c8_sim,187,14.692,35.474,0.000,0.000,0.013,50.180
2026-09-02T08:01:32.619376+07:00,c8_sim,188,14.151,22.052,0.000,0.000,0.008,36.211
2026-09-02T08:01:32.819174+07:00,c10_sim,124,5.961,33.802,3.693,0.000,0.017,43.473
2026-09-02T08:01:33.027127+07:00,c10_sim,125,12.569,29.637,1.378,0.000,0.023,43.608
2026-09-02T08:01:33.264592+07:00,c10_sim,126,14.089,35.309,1.087,31.755,0.116,82.357
2026-09-02T08:01:33.460146+07:00,c10_sim,127,16.513,27.618,1.103,21.776,0.031,67.042
2026-09-02T08:01:33.679008+07:00,c10_sim,128,13.033,40.951,1.266,33.418,0.052,88.721
2026-09-02T08:01:33.882829+07:00,c10_sim,129,14.006,36.486,1.362,31.174,0.025,83.053
2026-09-02T08:01:34.035332+07:00,c10_sim,130,12.044,18.776,0.810,15.752,0.018,47.400
2026-09-02T08:01:34.256237+07:00,c10_sim,131,11.618,28.058,1.024,19.654,0.021,60.374
2026-09-02T08:01:34.456871+07:00,c10_sim,132,11.367,32.214,1.033,24.681,0.032,69.327
2026-09-02T08:01:34.644218+07:00,c10_sim,133,8.985,26.115,1.204,21.222,0.024,57.550
2026-09-02T08:01:34.863586+07:00,c10_sim,134,13.614,27.137,0.717,24.983,0.017,66.469
2026-09-02T08:01:35.063458+07:00,c10_sim,135,15.028,27.887,0.956,18.405,0.266,62.541
2026-09-02T08:01:35.261287+07:00,c10_sim,136,13.365,28.387,1.027,24.708,0.021,67.508
2026-09-02T08:01:35.456226+07:00,c10_sim,137,10.632,25.980,0.830,19.962,0.012,57.417
2026-09-02T08:01:35.656775+07:00,c10_sim,138,15.007,29.605,1.193,27.875,0.013,73.693
2026-09-02T08:01:35.830573+07:00,c10_sim,139,12.338,25.040,1.395,0.000,0.017,38.791
2026-09-02T08:01:36.029184+07:00,c10_sim,140,14.562,34.199,1.618,0.000,0.019,50.398
2026-09-02T08:01:36.223089+07:00,c10_sim,141,14.990,25.958,1.117,0.000,0.021,42.086
2026-09-02T08:01:36.414600+07:00,c10_sim,142,13.244,26.602,1.432,0.000,0.015,41.294
2026-09-02T08:01:36.629360+07:00,c10_sim,143,15.091,26.227,0.978,0.000,0.019,42.315
2026-09-02T08:01:36.832391+07:00,c10_sim,144,8.325,30.672,1.212,0.007,0.320,40.536
2026-09-02T08:01:37.031259+07:00,c10_sim,145,12.269,33.396,1.237,0.008,0.028,46.939
2026-09-02T08:01:37.216916+07:00,c10_sim,146,11.486,24.240,1.293,0.008,0.023,37.050
2026-09-02T08:01:37.448966+07:00,c10_sim,147,12.499,37.024,1.216,0.008,0.028,50.775
2026-09-02T08:01:37.625266+07:00,c10_sim,148,10.953,35.304,0.000,0.000,0.028,46.285
2026-09-02T08:01:37.829973+07:00,c10_sim,149,11.265,34.895,0.000,0.000,0.024,46.183
2026-09-02T08:01:38.030846+07:00,c10_sim,150,12.266,36.746,0.000,0.000,0.025,49.036
2026-09-02T08:01:38.231166+07:00,c10_sim,151,12.975,36.286,0.000,0.000,0.023,49.284
2026-09-02T08:01:38.425341+07:00,c10_sim,152,8.221,34.144,0.000,0.000,0.024,42.389
2026-09-02T08:01:38.628365+07:00,c10_sim,153,13.682,35.142,0.000,0.000,0.514,49.338
2026-09-02T08:01:38.854268+07:00,c12_sim,39,12.852,37.982,0.000,0.000,0.044,50.878
2026-09-02T08:01:39.028824+07:00,c12_sim,40,8.793,32.908,1.585,0.000,0.018,43.303
2026-09-02T08:01:39.233778+07:00,c12_sim,41,13.511,35.222,0.000,0.000,0.010,48.743
2026-09-02T08:01:39.439488+07:00,c12_sim,42,12.916,34.642,0.000,0.000,0.018,47.576
2026-09-02T08:01:39.643551+07:00,c12_sim,43,11.938,36.091,0.000,0.000,0.019,48.049
2026-09-02T08:01:39.845783+07:00,c12_sim,44,11.721,35.762,0.000,0.000,0.021,47.503
2026-09-02T08:01:40.040998+07:00,c12_sim,45,12.670,33.269,0.000,0.000,0.048,45.986
2026-09-02T08:01:40.244504+07:00,c12_sim,46,11.038,35.514,0.000,0.000,0.010,46.562
2026-09-02T08:01:40.444492+07:00,c12_sim,47,10.710,37.921,0.000,0.000,0.010,48.642
2026-09-02T08:01:40.634905+07:00,c12_sim,48,12.791,34.725,0.000,0.000,0.012,47.528
2026-09-02T08:01:40.833762+07:00,c11_sim,503,10.050,35.009,0.000,0.000,0.013,45.072
2026-09-02T08:01:41.040650+07:00,c11_sim,504,10.903,35.357,0.000,0.000,0.013,46.272
2026-09-02T08:01:41.244002+07:00,c11_sim,505,10.762,33.537,0.000,0.000,0.011,44.310
2026-09-02T08:01:41.447441+07:00,c11_sim,506,10.337,34.363,1.326,0.000,0.011,46.037
2026-09-02T08:01:41.654922+07:00,c11_sim,507,12.580,38.208,1.234,0.000,0.011,52.033
2026-09-02T08:01:41.860721+07:00,c11_sim,508,8.872,37.288,1.335,0.000,0.010,47.505
2026-09-02T08:01:42.078254+07:00,c11_sim,509,14.459,28.702,1.051,21.389,0.073,65.675
2026-09-02T08:01:42.259437+07:00,c11_sim,510,14.739,40.237,0.000,0.000,0.014,54.990
2026-09-02T08:01:42.455941+07:00,c11_sim,511,12.629,28.781,0.000,0.000,0.021,41.432
2026-09-02T08:01:42.677016+07:00,c11_sim,512,13.688,29.320,1.142,26.105,0.028,70.282
2026-09-02T08:01:42.868674+07:00,c11_sim,513,15.331,27.944,0.946,19.052,0.013,63.285
2026-09-02T08:01:43.046364+07:00,c11_sim,514,14.875,30.119,0.989,0.005,0.023,46.010
2026-09-02T08:01:43.284795+07:00,c11_sim,515,15.924,40.954,1.242,25.737,0.025,83.883
2026-09-02T08:01:43.458732+07:00,c11_sim,516,14.863,31.887,0.000,0.000,0.022,46.772
2026-09-02T08:01:43.696636+07:00,c11_sim,517,16.158,37.424,1.229,33.190,0.044,88.045
2026-09-02T08:01:43.844478+07:00,c11_sim,518,13.753,31.160,0.000,0.000,0.023,44.936
2026-09-02T08:01:44.034056+07:00,c11_sim,519,13.731,24.174,0.000,0.000,0.020,37.924
2026-09-02T08:01:44.297762+07:00,c11_sim,520,14.184,35.636,1.247,33.365,0.031,84.462
2026-09-02T08:01:44.455727+07:00,c11_sim,521,9.102,20.862,0.571,18.448,0.028,49.011
2026-09-02T08:01:44.682971+07:00,c11_sim,522,10.214,35.119,1.606,28.922,0.027,75.889
2026-09-02T08:01:44.878951+07:00,c11_sim,523,13.516,29.114,1.028,20.027,0.029,63.715
2026-09-02T08:01:45.097964+07:00,c11_sim,524,14.994,39.972,1.206,32.600,0.032,88.803
2026-09-02T08:01:45.274983+07:00,c11_sim,525,12.815,28.870,1.119,20.559,0.028,63.392
2026-09-02T08:01:45.452754+07:00,c11_sim,526,6.679,29.493,0.818,24.561,0.016,61.567
2026-09-02T08:01:45.678941+07:00,c11_sim,527,15.244,31.475,1.164,22.688,0.019,70.591
2026-09-02T08:01:45.894589+07:00,c11_sim,528,12.877,40.344,1.012,31.558,0.048,85.838
2026-09-02T08:01:46.044963+07:00,c11_sim,529,15.258,35.995,0.000,0.000,0.026,51.279
2026-09-02T08:01:46.252032+07:00,c11_sim,530,15.022,38.272,0.000,0.000,0.015,53.310
2026-09-02T08:01:46.466097+07:00,c11_sim,531,12.996,27.146,1.148,17.527,0.025,58.841
2026-09-02T08:01:46.672186+07:00,c11_sim,532,13.698,34.375,1.043,27.444,0.020,76.581
2026-09-02T08:01:46.884476+07:00,c11_sim,533,8.306,37.896,1.039,25.522,0.026,72.790
2026-09-02T08:01:47.049443+07:00,c11_sim,534,15.021,26.369,0.000,0.000,0.017,41.407
2026-09-02T08:01:47.285113+07:00,c11_sim,535,14.575,37.720,1.112,24.598,0.022,78.028
2026-09-02T08:01:47.451773+07:00,c11_sim,536,13.248,26.882,0.778,17.322,0.018,58.249
2026-09-02T08:01:47.684920+07:00,c11_sim,537,12.862,39.552,1.003,25.113,0.026,78.556
2026-09-02T08:01:47.883302+07:00,c11_sim,538,13.072,29.699,1.124,23.982,0.059,67.936
2026-09-02T08:01:48.097131+07:00,c11_sim,539,12.432,34.421,1.178,33.837,0.084,81.952
2026-09-02T08:01:48.267399+07:00,c11_sim,540,13.808,26.895,0.939,20.422,0.022,62.086
2026-09-02T08:01:48.468998+07:00,c11_sim,541,9.908,35.016,1.360,25.207,0.035,71.525
2026-09-02T08:01:48.660835+07:00,c11_sim,542,15.460,27.489,1.022,20.982,0.033,64.985
2026-09-02T08:01:48.899757+07:00,c11_sim,543,14.820,35.577,1.252,31.195,0.040,82.884
2026-09-02T08:01:49.066435+07:00,c11_sim,544,14.385,26.763,0.977,21.845,0.046,64.016
2026-09-02T08:01:49.299414+07:00,c11_sim,545,15.385,34.436,1.164,31.732,0.038,82.755
2026-09-02T08:01:49.464324+07:00,c11_sim,546,15.867,26.222,0.786,19.200,0.020,62.094
2026-09-02T08:01:49.662251+07:00,c11_sim,547,15.278,31.973,0.864,18.206,0.035,66.357
2026-09-02T08:01:49.890643+07:00,c11_sim,548,16.114,29.833,1.049,26.128,0.047,73.170
2026-09-02T08:01:50.083604+07:00,c11_sim,549,8.696,36.631,1.147,28.542,0.037,75.053
2026-09-02T08:01:50.279958+07:00,c11_sim,550,15.319,27.932,1.067,21.931,0.018,66.267
2026-09-02T08:01:50.497093+07:00,c11_sim,551,15.101,38.027,1.014,33.466,0.020,87.627
2026-09-02T08:01:50.649984+07:00,c11_sim,552,13.852,27.436,1.327,0.000,0.018,42.633
2026-09-02T08:01:50.860488+07:00,c11_sim,553,14.120,36.665,1.085,0.000,0.021,51.891
2026-09-02T08:01:51.062903+07:00,c11_sim,554,14.403,33.810,1.097,0.000,0.021,49.331
2026-09-02T08:01:51.244372+07:00,c11_sim,555,13.015,35.964,1.187,0.007,0.266,50.439
2026-09-02T08:01:51.466666+07:00,c11_sim,556,9.433,33.886,1.101,21.406,0.017,65.844
2026-09-02T08:01:51.646582+07:00,c11_sim,557,13.284,29.540,1.060,0.007,0.025,43.917
2026-09-02T08:01:51.857043+07:00,c11_sim,558,13.363,37.139,1.087,0.006,0.028,51.623
2026-09-02T08:01:52.050171+07:00,c11_sim,559,12.535,28.177,0.000,0.000,0.029,40.742
2026-09-02T08:01:52.242215+07:00,c11_sim,560,13.730,26.979,0.000,0.000,0.016,40.724
2026-09-02T08:01:52.429064+07:00,c11_sim,561,14.019,22.812,0.000,0.000,0.019,36.849
2026-09-02T08:01:52.647534+07:00,c11_sim,562,15.537,33.366,0.000,0.000,0.022,48.925
2026-09-02T08:01:52.841798+07:00,c11_sim,563,13.211,24.465,1.430,0.772,0.034,39.912
2026-09-02T08:01:53.077843+07:00,c11_sim,564,14.077,29.370,1.470,20.999,0.025,65.941
2026-09-02T08:01:53.255328+07:00,c11_sim,565,14.709,30.786,1.322,0.007,0.027,46.851
2026-09-02T08:01:53.462087+07:00,c11_sim,566,10.052,20.349,1.196,16.226,0.242,48.065
2026-09-02T08:01:53.699302+07:00,c11_sim,567,13.341,36.640,1.111,32.809,0.026,83.927
2026-09-02T08:01:53.860430+07:00,c11_sim,568,12.832,31.042,2.233,0.000,0.019,46.126
2026-09-02T08:01:54.047453+07:00,c11_sim,569,13.689,24.092,0.981,0.000,0.014,38.776
2026-09-02T08:01:54.288641+07:00,c11_sim,570,12.884,38.008,0.707,28.954,0.109,80.662
2026-09-02T08:01:54.458631+07:00,c11_sim,571,10.243,26.386,1.214,0.009,0.022,37.874
2026-09-02T08:01:54.681133+07:00,c11_sim,572,13.987,29.499,1.074,25.496,0.022,70.078
2026-09-02T08:01:54.864717+07:00,c11_sim,573,14.422,23.468,0.922,17.628,0.027,56.467
2026-09-02T08:01:55.095018+07:00,c11_sim,574,12.833,31.829,1.088,30.011,0.033,75.794
2026-09-02T08:01:55.289409+07:00,c11_sim,575,13.130,27.293,1.186,22.434,0.023,64.066
2026-09-02T08:01:55.501625+07:00,c11_sim,576,13.586,36.264,1.216,27.533,0.013,78.613
2026-09-02T08:01:55.681023+07:00,c11_sim,577,14.604,32.587,1.414,24.715,0.032,73.352
2026-09-02T08:01:55.885168+07:00,c11_sim,578,12.925,33.504,1.071,26.382,0.013,73.896
2026-09-02T08:01:56.088609+07:00,c11_sim,579,13.329,31.108,1.158,24.534,0.035,70.163
2026-09-02T08:01:56.274743+07:00,c11_sim,580,12.534,26.219,0.899,17.256,0.025,56.934
2026-09-02T08:01:56.477802+07:00,c11_sim,581,14.775,29.428,1.199,27.598,0.014,73.014
2026-09-02T08:01:56.671461+07:00,c11_sim,582,14.190,27.047,0.867,19.496,0.231,61.830
2026-09-02T08:01:56.897985+07:00,c11_sim,583,13.205,31.120,1.154,30.507,0.042,76.028
2026-09-02T08:01:57.096076+07:00,c11_sim,584,12.390,34.459,1.067,34.576,0.037,82.529
2026-09-02T08:01:57.293087+07:00,c11_sim,585,11.286,38.781,1.031,34.413,0.030,85.540
2026-09-02T08:01:57.492177+07:00,c11_sim,586,10.590,33.490,1.168,22.397,0.019,67.663
2026-09-02T08:01:57.665931+07:00,c11_sim,587,11.356,28.356,0.968,24.104,0.046,64.831
2026-09-02T08:01:57.880157+07:00,c11_sim,588,11.580,33.197,0.843,19.088,0.036,64.744
2026-09-02T08:01:58.045602+07:00,c11_sim,589,10.929,26.601,0.000,0.000,0.015,37.545
2026-09-02T08:01:58.253332+07:00,c11_sim,590,9.739,42.990,0.000,0.000,0.026,52.756
2026-09-02T08:01:58.474734+07:00,c11_sim,591,9.825,34.385,0.850,17.939,0.045,63.045
2026-09-02T08:01:58.674638+07:00,c11_sim,592,11.459,27.351,1.144,26.560,0.045,66.559
2026-09-02T08:01:58.902580+07:00,c11_sim,593,11.486,37.637,1.371,30.671,0.036,81.201
2026-09-02T08:01:59.076075+07:00,c11_sim,594,11.993,26.530,1.355,23.370,0.073,63.321
2026-09-02T08:01:59.301531+07:00,c11_sim,595,11.633,37.292,1.040,28.409,0.046,78.419
2026-09-02T08:01:59.471214+07:00,c11_sim,596,7.029,26.610,1.249,22.915,0.031,57.833
2026-09-02T08:01:59.676575+07:00,c11_sim,597,11.006,42.967,0.739,13.291,0.030,68.033
2026-09-02T08:01:59.862023+07:00,c11_sim,598,12.787,23.888,0.796,20.898,0.032,58.401
2026-09-02T08:02:00.092773+07:00,c11_sim,599,10.855,39.337,0.753,18.826,0.035,69.806
2026-09-02T08:02:00.263011+07:00,c11_sim,600,8.852,26.173,1.050,22.239,0.038,58.353
2026-09-02T08:02:00.504132+07:00,c11_sim,601,10.671,42.847,0.997,27.766,0.040,82.321
2026-09-02T08:02:00.671198+07:00,c11_sim,602,12.665,25.558,0.978,21.966,0.039,61.206
2026-09-02T08:02:00.871806+07:00,c11_sim,603,12.887,35.965,1.035,18.794,0.035,68.715
2026-09-02T08:02:01.062780+07:00,c11_sim,604,11.123,29.427,0.000,0.000,0.022,40.573
2026-09-02T08:02:01.269283+07:00,c11_sim,605,10.167,36.554,0.000,0.000,0.021,46.742
2026-09-02T08:02:01.511943+07:00,c11_sim,606,12.003,46.080,0.909,33.717,0.046,92.756
2026-09-02T08:02:01.694639+07:00,c11_sim,607,10.796,31.571,1.069,29.263,0.045,72.744
2026-09-02T08:02:01.879773+07:00,c11_sim,608,12.559,32.496,0.983,30.086,0.048,76.173
2026-09-02T08:02:02.063261+07:00,c11_sim,609,10.479,35.919,0.000,0.000,0.019,46.417
2026-09-02T08:02:02.282629+07:00,c11_sim,610,10.083,32.963,0.797,27.266,0.041,71.150
2026-09-02T08:02:02.478473+07:00,c11_sim,611,12.011,27.185,1.191,26.009,0.042,66.437
2026-09-02T08:02:02.671270+07:00,c11_sim,612,9.594,37.993,0.984,19.266,0.037,67.874
2026-09-02T08:02:02.867213+07:00,c11_sim,613,9.830,26.529,0.898,24.353,0.046,61.657
2026-09-02T08:02:03.083874+07:00,c11_sim,614,11.016,41.634,1.036,29.710,0.083,83.480
2026-09-02T08:02:03.281518+07:00,c11_sim,615,8.348,29.433,0.717,21.379,0.050,59.928
2026-09-02T08:02:03.457705+07:00,c11_sim,616,8.867,34.997,0.000,0.000,0.015,43.879
2026-09-02T08:02:03.684960+07:00,c11_sim,617,9.890,32.217,0.938,27.006,0.049,70.099
2026-09-02T08:02:03.897301+07:00,c11_sim,618,9.070,41.781,0.972,32.840,0.049,84.712
2026-09-02T08:02:04.070983+07:00,c11_sim,619,10.092,30.262,0.874,22.957,0.041,64.226
2026-09-02T08:02:04.285206+07:00,c11_sim,620,8.816,41.688,0.624,28.608,0.042,79.777
2026-09-02T08:02:04.476194+07:00,c11_sim,621,12.987,27.131,0.784,23.903,0.035,64.839
2026-09-02T08:02:04.677154+07:00,c11_sim,622,12.012,35.947,0.750,16.526,0.029,65.264
2026-09-02T08:02:04.850332+07:00,c11_sim,623,13.650,29.682,0.000,0.000,0.022,43.353
2026-09-02T08:02:05.063631+07:00,c11_sim,624,10.176,28.013,0.667,18.015,0.032,56.902
2026-09-02T08:02:05.281398+07:00,c11_sim,625,11.756,29.331,1.006,29.507,0.067,71.667
2026-09-02T08:02:05.455039+07:00,c11_sim,626,9.090,35.275,0.000,0.000,0.013,44.379
2026-09-02T08:02:05.679871+07:00,c11_sim,627,8.811,29.837,0.960,28.499,0.041,68.148
2026-09-02T08:02:05.854693+07:00,c11_sim,628,8.483,37.307,0.000,0.000,0.013,45.803
2026-09-02T08:02:06.074226+07:00,c11_sim,629,13.667,28.862,0.921,26.574,0.044,70.069
2026-09-02T08:02:06.256970+07:00,c11_sim,630,7.618,38.532,0.000,0.000,0.014,46.164
2026-09-02T08:02:06.440722+07:00,c11_sim,631,9.093,25.235,0.000,0.000,0.029,34.357
2026-09-02T08:02:06.675824+07:00,c11_sim,632,11.872,45.135,0.000,0.000,0.024,57.030
2026-09-02T08:02:06.850214+07:00,c11_sim,633,6.886,32.607,0.000,0.000,0.012,39.505
2026-09-02T08:02:07.038459+07:00,c11_sim,634,8.759,24.077,0.000,0.000,0.016,32.852
2026-09-02T08:02:07.300866+07:00,c11_sim,635,10.931,38.906,0.820,29.435,0.043,80.136
2026-09-02T08:02:07.452282+07:00,c11_sim,636,11.199,28.003,0.937,0.006,0.023,40.168
2026-09-02T08:02:07.659624+07:00,c11_sim,637,11.275,41.362,1.178,0.009,0.037,53.862
2026-09-02T08:02:07.858373+07:00,c11_sim,638,13.133,34.916,0.000,0.000,0.021,48.071
2026-09-02T08:02:08.058136+07:00,c11_sim,639,12.555,36.814,0.000,0.000,0.023,49.392
2026-09-02T08:02:08.263494+07:00,c11_sim,640,6.924,35.345,0.000,0.000,0.026,42.294
2026-09-02T08:02:08.456298+07:00,c11_sim,641,7.573,34.323,0.000,0.000,0.024,41.920
2026-09-02T08:02:08.658303+07:00,c11_sim,642,9.340,35.720,1.103,0.006,0.027,46.197
2026-09-02T08:02:08.863087+07:00,c11_sim,643,8.036,40.908,0.000,0.000,0.017,48.961
2026-09-02T08:02:09.070491+07:00,c11_sim,644,11.051,40.280,0.000,0.000,0.019,51.350
2026-09-02T08:02:09.248519+07:00,c11_sim,645,11.130,34.041,0.000,0.000,0.015,45.185
2026-09-02T08:02:09.448792+07:00,c11_sim,646,12.745,34.208,0.000,0.000,0.019,46.971
2026-09-02T08:02:09.676409+07:00,c11_sim,647,13.325,41.499,0.000,0.000,0.027,54.851
2026-09-02T08:02:09.870632+07:00,c11_sim,648,12.246,44.319,0.000,0.000,0.020,56.585
2026-09-02T08:02:10.055011+07:00,c11_sim,649,13.627,35.883,0.000,0.000,0.020,49.530
2026-09-02T08:02:10.256010+07:00,c11_sim,650,8.210,37.329,0.000,0.000,0.020,45.560
2026-09-02T08:02:10.460729+07:00,c11_sim,651,7.617,34.451,0.000,0.000,0.023,42.092
2026-09-02T08:02:10.666730+07:00,c11_sim,652,7.208,37.872,0.000,0.000,0.019,45.099
2026-09-02T08:02:10.854251+07:00,c12_sim,49,7.013,38.502,1.465,0.000,0.011,46.991
2026-09-02T08:02:11.058940+07:00,c12_sim,50,8.010,37.148,0.000,0.000,0.011,45.169
2026-09-02T08:02:11.260285+07:00,c12_sim,51,7.507,36.324,0.000,0.000,0.008,43.839
2026-09-02T08:02:11.455003+07:00,c12_sim,52,8.197,35.852,0.000,0.000,0.013,44.062
2026-09-02T08:02:11.658366+07:00,c12_sim,53,7.102,34.913,0.000,0.000,0.008,42.023
2026-09-02T08:02:11.861855+07:00,c12_sim,54,7.684,36.836,0.000,0.000,0.011,44.532
2026-09-02T08:02:12.067545+07:00,c12_sim,55,7.024,39.873,0.000,0.000,0.012,46.910
2026-09-02T08:02:12.261108+07:00,c12_sim,56,7.511,31.490,0.000,0.000,0.008,39.008
2026-09-02T08:02:12.453774+07:00,c12_sim,57,6.938,39.681,0.000,0.000,0.013,46.633
2026-09-02T08:02:12.651723+07:00,c12_sim,58,8.249,37.116,0.000,0.000,0.013,45.378
2026-09-02T08:02:12.861076+07:00,c12_sim,59,13.213,37.538,0.000,0.000,0.008,50.759
2026-09-02T08:02:13.060882+07:00,c12_sim,60,12.353,31.608,0.000,0.000,0.007,43.969
2026-09-02T08:02:13.256419+07:00,c12_sim,61,10.430,29.748,0.000,0.000,0.007,40.185
2026-09-02T08:02:13.467979+07:00,c10_sim,154,6.906,46.580,1.933,0.000,0.019,55.436
2026-09-02T08:02:13.679766+07:00,c10_sim,155,7.462,42.170,1.451,0.000,0.022,51.105
2026-09-02T08:02:13.859113+07:00,c10_sim,156,7.597,35.681,0.786,0.004,0.278,44.347
2026-09-02T08:02:14.058038+07:00,c10_sim,157,9.079,30.131,1.159,0.005,0.018,40.392
2026-09-02T08:02:14.314672+07:00,c10_sim,158,11.596,45.811,1.129,36.677,0.029,95.244
2026-09-02T08:02:14.478952+07:00,c10_sim,159,9.059,24.692,0.853,21.104,0.023,55.731
2026-09-02T08:02:14.683681+07:00,c10_sim,160,7.316,42.637,1.142,18.481,0.025,69.602
2026-09-02T08:02:14.858284+07:00,c10_sim,161,12.316,29.042,0.980,0.004,0.018,42.360
2026-09-02T08:02:15.114934+07:00,c10_sim,162,11.327,41.670,0.998,33.899,0.037,87.932
2026-09-02T08:02:15.279310+07:00,c10_sim,163,8.600,26.132,0.731,20.503,0.026,55.993
2026-09-02T08:02:15.485838+07:00,c10_sim,164,6.994,42.866,0.989,26.138,0.029,77.015
2026-09-02T08:02:15.688225+07:00,c10_sim,165,8.574,25.882,1.022,25.345,0.028,60.851
2026-09-02T08:02:15.901386+07:00,c10_sim,166,10.021,39.537,1.003,26.584,0.026,77.171
2026-09-02T08:02:16.075971+07:00,c10_sim,167,9.431,24.613,1.188,24.578,0.033,59.842
2026-09-02T08:02:16.295902+07:00,c10_sim,168,13.405,36.140,1.139,34.566,0.043,85.293
2026-09-02T08:02:16.488251+07:00,c10_sim,169,8.442,28.495,0.973,18.974,0.022,56.907
2026-09-02T08:02:16.683985+07:00,c10_sim,170,15.124,26.477,1.140,24.995,0.025,67.760
2026-09-02T08:02:16.846220+07:00,c10_sim,171,13.353,23.663,0.000,0.000,0.013,37.029
2026-09-02T08:02:17.106684+07:00,c10_sim,172,13.747,34.292,1.147,30.675,0.031,79.892
2026-09-02T08:02:17.276387+07:00,c10_sim,173,15.339,28.240,0.978,18.814,0.017,63.388
2026-09-02T08:02:17.493179+07:00,c10_sim,174,11.413,28.622,1.264,23.745,0.011,65.056
2026-09-02T08:02:17.682018+07:00,c10_sim,175,12.207,27.702,0.931,17.297,0.009,58.146
2026-09-02T08:02:17.886858+07:00,c10_sim,176,14.619,30.250,0.830,26.569,0.027,72.295
2026-09-02T08:02:18.056243+07:00,c11_sim,653,10.897,22.451,1.257,0.000,0.025,34.630
2026-09-02T08:02:18.256642+07:00,c11_sim,654,11.252,27.365,1.146,0.000,0.019,39.783
2026-09-02T08:02:18.468103+07:00,c11_sim,655,9.763,25.533,1.118,0.000,0.018,36.431
2026-09-02T08:02:18.672758+07:00,c11_sim,656,13.950,31.376,1.230,0.008,0.319,46.883
2026-09-02T08:02:18.871852+07:00,c11_sim,657,14.032,25.380,1.020,0.007,0.482,40.920
2026-09-02T08:02:19.061024+07:00,c11_sim,658,13.429,24.267,0.000,0.000,0.035,37.731
2026-09-02T08:02:19.287218+07:00,c11_sim,659,13.091,27.941,0.761,26.760,0.019,68.573
2026-09-02T08:02:19.473920+07:00,c11_sim,660,13.478,23.513,0.872,17.413,0.012,55.288
2026-09-02T08:02:19.713695+07:00,c11_sim,661,12.348,32.358,1.229,30.992,0.033,76.960
2026-09-02T08:02:19.874872+07:00,c11_sim,662,7.654,24.508,0.652,18.320,0.024,51.158
2026-09-02T08:02:20.112267+07:00,c11_sim,663,9.278,31.548,1.039,30.316,0.031,72.213
2026-09-02T08:02:20.272398+07:00,c11_sim,664,10.692,22.107,0.845,17.587,0.020,51.252
2026-09-02T08:02:20.498418+07:00,c11_sim,665,13.531,28.737,1.235,31.686,0.027,75.216
2026-09-02T08:02:20.682660+07:00,c11_sim,666,12.869,25.618,1.040,17.940,0.017,57.484
2026-09-02T08:02:20.902481+07:00,c11_sim,667,12.801,29.017,1.119,20.267,0.030,63.233
2026-09-02T08:02:21.096246+07:00,c11_sim,668,12.184,31.634,1.048,24.902,0.027,69.795
2026-09-02T08:02:21.302171+07:00,c11_sim,669,11.830,33.208,1.137,26.720,0.022,72.918
2026-09-02T08:02:21.505571+07:00,c11_sim,670,12.299,29.455,1.044,24.577,0.024,67.400
2026-09-02T08:02:21.697125+07:00,c11_sim,671,13.725,29.995,0.835,17.919,0.033,62.507
2026-09-02T08:02:21.898590+07:00,c11_sim,672,12.086,29.473,1.134,25.296,0.018,68.007
2026-09-02T08:02:22.116302+07:00,c11_sim,673,14.491,35.951,1.241,31.976,0.028,83.687
2026-09-02T08:02:22.273817+07:00,c11_sim,674,9.033,24.655,0.910,19.955,0.017,54.570
2026-09-02T08:02:22.472839+07:00,c11_sim,675,12.529,20.836,0.937,16.890,0.025,51.217
2026-09-02T08:02:22.677546+07:00,c11_sim,676,13.259,30.489,0.000,0.000,0.019,43.767
2026-09-02T08:02:22.903053+07:00,c11_sim,677,12.979,28.669,1.132,21.745,0.019,64.544
2026-09-02T08:02:23.115790+07:00,c11_sim,678,12.539,38.725,1.158,29.569,0.015,82.005
2026-09-02T08:02:23.277481+07:00,c11_sim,679,12.935,23.462,0.871,18.895,0.021,56.184
2026-09-02T08:02:23.501635+07:00,c11_sim,680,12.850,32.851,1.264,27.481,0.028,74.474
2026-09-02T08:02:23.696181+07:00,c11_sim,681,9.477,31.199,0.784,21.390,0.035,62.884
2026-09-02T08:02:23.918266+07:00,c11_sim,682,11.594,41.172,1.131,32.424,0.042,86.362
2026-09-02T08:02:24.067871+07:00,c11_sim,683,8.147,24.052,0.000,0.000,0.015,32.214
2026-09-02T08:02:24.289190+07:00,c11_sim,684,8.776,33.216,0.860,17.933,0.029,60.814
2026-09-02T08:02:24.484444+07:00,c11_sim,685,11.600,25.829,1.071,24.060,0.054,62.613
2026-09-02T08:02:24.703316+07:00,c11_sim,686,10.302,42.460,1.453,27.696,0.035,81.946
2026-09-02T08:02:24.892347+07:00,c11_sim,687,10.270,26.586,0.777,22.294,0.045,59.972
2026-09-02T08:02:25.079899+07:00,c11_sim,688,10.241,45.363,1.375,0.005,0.018,57.001
2026-09-02T08:02:25.285015+07:00,c11_sim,689,9.397,27.945,0.814,11.947,0.023,50.126
2026-09-02T08:02:25.490343+07:00,c11_sim,690,9.993,30.753,0.989,25.422,0.047,67.204
2026-09-02T08:02:25.672625+07:00,c11_sim,691,10.102,35.900,0.787,0.005,0.019,46.813
2026-09-02T08:02:25.867042+07:00,c11_sim,692,9.738,30.899,0.000,0.000,0.021,40.658
2026-09-02T08:02:26.094849+07:00,c11_sim,693,10.616,36.563,0.706,18.442,0.034,66.360
2026-09-02T08:02:26.295335+07:00,c11_sim,694,8.301,29.673,1.093,24.782,0.050,63.898
2026-09-02T08:02:26.475083+07:00,c11_sim,695,8.776,34.194,0.000,0.000,0.011,42.981
2026-09-02T08:02:26.667242+07:00,c11_sim,696,10.730,31.211,0.000,0.000,0.024,41.964
2026-09-02T08:02:26.859083+07:00,c11_sim,697,8.651,33.108,0.000,0.000,0.013,41.772
2026-09-02T08:02:27.080496+07:00,c11_sim,698,11.128,31.485,0.000,0.000,0.023,42.636
2026-09-02T08:02:27.298341+07:00,c11_sim,699,11.072,35.804,1.217,32.281,0.043,80.416
2026-09-02T08:02:27.467521+07:00,c11_sim,700,11.356,28.411,0.000,0.000,0.021,39.788
2026-09-02T08:02:27.650989+07:00,c11_sim,701,11.504,22.353,0.000,0.000,0.013,33.870
2026-09-02T08:02:27.878704+07:00,c11_sim,702,12.910,32.073,0.000,0.000,0.048,45.031
2026-09-02T08:02:28.077683+07:00,c11_sim,703,14.690,31.094,0.000,0.000,0.023,45.807
2026-09-02T08:02:28.273437+07:00,c11_sim,704,11.417,33.230,0.000,0.000,0.024,44.671
2026-09-02T08:02:28.480523+07:00,c11_sim,705,13.903,35.549,0.000,0.000,0.021,49.473
2026-09-02T08:02:28.676336+07:00,c11_sim,706,11.999,28.788,0.000,0.000,0.016,40.802
2026-09-02T08:02:28.875263+07:00,c11_sim,707,14.545,36.160,0.000,0.000,0.025,50.730
2026-09-02T08:02:29.069798+07:00,c11_sim,708,10.043,30.775,0.000,0.000,0.019,40.837
2026-09-02T08:02:29.267542+07:00,c11_sim,709,8.123,31.476,0.000,0.000,0.022,39.621
2026-09-02T08:02:29.471987+07:00,c11_sim,710,8.457,34.199,0.000,0.000,0.014,42.670
2026-09-02T08:02:29.670899+07:00,c11_sim,711,8.501,29.918,0.000,0.000,0.023,38.442
2026-09-02T08:02:29.873926+07:00,c11_sim,712,10.690,37.873,0.000,0.000,0.014,48.578
2026-09-02T08:02:30.076983+07:00,c11_sim,713,10.870,30.604,0.000,0.000,0.018,41.493
2026-09-02T08:02:30.284193+07:00,c11_sim,714,8.143,40.273,0.000,0.000,0.534,48.949
2026-09-02T08:02:30.489490+07:00,c11_sim,715,9.568,41.439,0.000,0.000,0.042,51.048
2026-09-02T08:02:30.671287+07:00,c11_sim,716,8.321,42.963,0.000,0.000,0.013,51.297
2026-09-02T08:02:30.874147+07:00,c11_sim,717,8.963,37.524,0.000,0.000,0.014,46.501
2026-09-02T08:02:31.067946+07:00,c11_sim,718,13.083,27.808,0.000,0.000,0.010,40.901
2026-09-02T08:02:31.258500+07:00,c9_sim,344,8.975,25.424,0.000,0.000,0.020,34.419
2026-09-02T08:02:31.475273+07:00,c9_sim,345,8.857,27.864,0.000,0.000,0.014,36.735
2026-09-02T08:02:31.688357+07:00,c9_sim,346,9.797,33.363,0.000,0.000,0.023,43.183
2026-09-02T08:02:31.889229+07:00,c9_sim,347,10.543,30.711,0.000,0.000,0.023,41.277
2026-09-02T08:02:32.061234+07:00,c9_sim,348,8.883,28.629,0.000,0.000,0.019,37.532
2026-09-02T08:02:32.274103+07:00,c9_sim,349,10.772,29.198,0.000,0.000,0.015,39.985
2026-09-02T08:02:32.473621+07:00,c9_sim,350,8.858,27.898,0.000,0.000,0.020,36.776
2026-09-02T08:02:32.661410+07:00,c9_sim,351,8.802,22.405,0.000,0.000,0.020,31.226
2026-09-02T08:02:32.884949+07:00,c9_sim,352,8.127,33.474,0.000,0.000,0.020,41.621
2026-09-02T08:02:33.089017+07:00,c9_sim,353,7.860,41.809,0.000,0.000,0.018,49.687
2026-09-02T08:02:33.269262+07:00,c9_sim,354,9.594,35.574,0.000,0.000,0.012,45.180
2026-09-02T08:02:33.464629+07:00,c9_sim,355,10.138,27.025,0.000,0.000,0.359,37.522
2026-09-02T08:02:33.672580+07:00,c9_sim,356,6.890,43.116,0.000,0.000,0.037,50.043
2026-09-02T08:02:33.874100+07:00,c9_sim,357,6.622,40.986,0.000,0.000,0.011,47.620
2026-09-02T08:02:34.062243+07:00,c9_sim,358,7.574,23.820,0.000,0.000,0.008,31.402
2026-09-02T08:02:34.291247+07:00,c9_sim,359,10.664,40.423,0.000,0.000,0.008,51.094
2026-09-02T08:02:34.460652+07:00,c9_sim,360,6.934,25.614,0.000,0.000,0.010,32.559
2026-09-02T08:02:34.673134+07:00,c9_sim,361,11.857,28.495,0.000,0.000,0.008,40.360
2026-09-02T08:02:34.862924+07:00,c9_sim,362,12.175,24.413,0.000,0.000,0.011,36.599
2026-09-02T08:02:35.072333+07:00,c9_sim,363,8.762,38.145,0.000,0.000,0.011,46.918
2026-09-02T08:02:35.272191+07:00,c9_sim,364,8.413,36.474,0.000,0.000,0.009,44.896
2026-09-02T08:02:35.462906+07:00,c9_sim,365,6.559,28.508,0.000,0.000,0.012,35.079
2026-09-02T08:02:35.686888+07:00,c9_sim,366,8.522,33.648,0.000,0.000,0.006,42.176
2026-09-02T08:02:35.874335+07:00,c9_sim,367,6.393,26.844,0.000,0.000,0.009,33.246
2026-09-02T08:02:36.075921+07:00,c9_sim,368,8.181,32.224,1.005,0.000,0.007,41.416
2026-09-02T08:02:36.273283+07:00,c9_sim,369,7.837,28.550,0.000,0.000,0.011,36.399
2026-09-02T08:02:36.459955+07:00,c9_sim,370,7.221,27.750,0.000,0.000,0.007,34.977
2026-09-02T08:02:36.678946+07:00,c9_sim,371,5.807,32.609,0.000,0.000,0.012,38.429
2026-09-02T08:02:36.873132+07:00,c9_sim,372,7.778,34.117,0.000,0.000,0.007,41.903
2026-09-02T08:02:37.078659+07:00,c9_sim,373,6.762,29.461,0.000,0.000,0.027,36.250
2026-09-02T08:02:37.276105+07:00,c9_sim,374,7.278,33.318,0.000,0.000,0.009,40.605
2026-09-02T08:02:37.470686+07:00,c9_sim,375,9.273,28.937,0.000,0.000,0.010,38.220
2026-09-02T08:02:37.672525+07:00,c9_sim,376,8.548,35.691,0.827,0.000,0.008,45.073
2026-09-02T08:02:37.856748+07:00,c9_sim,377,11.216,22.964,0.610,0.000,0.005,34.795
2026-09-02T08:02:38.085822+07:00,c9_sim,378,10.715,38.020,0.000,0.000,0.010,48.745
2026-09-02T08:02:38.265539+07:00,c9_sim,379,7.042,35.134,0.000,0.000,0.010,42.187
2026-09-02T08:02:38.523735+07:00,c9_sim,380,7.468,34.832,1.327,32.898,0.096,76.620
2026-09-02T08:02:38.700293+07:00,c9_sim,381,10.752,33.000,0.823,23.175,0.015,67.764
2026-09-02T08:02:38.913732+07:00,c9_sim,382,11.970,36.489,1.026,29.529,0.030,79.044
2026-09-02T08:02:39.115520+07:00,c9_sim,383,12.439,33.691,1.205,26.364,0.023,73.722
2026-09-02T08:02:39.325554+07:00,c9_sim,384,10.913,34.941,1.169,30.179,0.043,77.245
2026-09-02T08:02:39.510920+07:00,c9_sim,385,11.513,32.642,1.062,30.499,0.050,75.766
2026-09-02T08:02:39.709163+07:00,c9_sim,386,8.702,35.159,1.174,31.778,0.041,76.855
2026-09-02T08:02:39.900738+07:00,c9_sim,387,7.164,34.653,0.971,23.861,0.023,66.672
2026-09-02T08:02:40.093557+07:00,c9_sim,388,11.040,29.583,1.008,23.265,0.040,64.936
2026-09-02T08:02:40.317297+07:00,c9_sim,389,8.638,35.829,1.285,24.702,0.021,70.474
2026-09-02T08:02:40.494321+07:00,c9_sim,390,8.696,30.859,1.264,24.625,0.048,65.492
2026-09-02T08:02:40.697775+07:00,c9_sim,391,12.592,33.263,1.003,29.111,0.026,75.995
2026-09-02T08:02:40.916218+07:00,c9_sim,392,13.308,30.979,0.776,24.438,0.014,69.516
2026-09-02T08:02:41.105958+07:00,c9_sim,393,13.018,27.171,0.942,18.251,0.022,59.405
2026-09-02T08:02:41.287877+07:00,c9_sim,394,9.297,27.775,0.841,16.487,0.020,54.420
2026-09-02T08:02:41.515389+07:00,c9_sim,395,12.276,35.026,1.275,27.791,0.026,76.394
2026-09-02T08:02:41.710387+07:00,c9_sim,396,6.474,31.168,1.176,23.754,0.065,62.637
2026-09-02T08:02:41.916274+07:00,c9_sim,397,12.683,35.881,1.194,25.894,0.035,75.687
2026-09-02T08:02:42.117353+07:00,c9_sim,398,12.343,35.116,1.363,24.964,0.028,73.814
2026-09-02T08:02:42.299523+07:00,c9_sim,399,9.779,34.599,1.135,25.182,0.023,70.718
2026-09-02T08:02:42.514495+07:00,c9_sim,400,10.739,34.483,1.149,28.525,0.035,74.931
2026-09-02T08:02:42.727882+07:00,c9_sim,401,11.131,36.590,1.122,31.236,0.068,80.147
2026-09-02T08:02:42.911475+07:00,c9_sim,402,6.945,36.456,1.016,31.519,0.063,76.000
2026-09-02T08:02:43.129849+07:00,c9_sim,403,10.543,38.579,1.171,31.791,0.038,82.123
2026-09-02T08:02:43.315413+07:00,c9_sim,404,11.425,35.327,1.714,28.478,0.047,76.992
2026-09-02T08:02:43.493459+07:00,c9_sim,405,10.093,22.992,1.003,17.538,0.034,51.659
2026-09-02T08:02:43.712992+07:00,c9_sim,406,10.783,35.449,1.117,31.341,0.066,78.755
2026-09-02T08:02:43.924991+07:00,c9_sim,407,12.611,35.417,1.311,31.092,0.065,80.496
2026-09-02T08:02:44.114291+07:00,c9_sim,408,12.760,36.655,1.133,30.856,0.041,81.444
2026-09-02T08:02:44.316423+07:00,c9_sim,409,10.625,34.978,1.095,26.189,0.036,72.923
2026-09-02T08:02:44.517044+07:00,c9_sim,410,12.083,35.298,1.110,24.448,0.036,72.974
2026-09-02T08:02:44.726574+07:00,c9_sim,411,11.897,40.557,0.956,31.068,0.064,84.542
2026-09-02T08:02:44.879083+07:00,c9_sim,412,12.611,33.729,0.000,0.000,0.022,46.362
2026-09-02T08:02:45.077791+07:00,c9_sim,413,13.057,32.228,0.000,0.000,0.020,45.305
2026-09-02T08:02:45.297836+07:00,c8_sim,189,12.959,32.918,0.000,0.000,0.011,45.887
2026-09-02T08:02:45.496063+07:00,c8_sim,190,14.833,32.980,0.000,0.000,0.011,47.823
2026-09-02T08:02:45.702042+07:00,c8_sim,191,15.569,34.517,0.000,0.000,0.011,50.097
2026-09-02T08:02:45.896980+07:00,c8_sim,192,14.894,34.431,0.000,0.000,0.011,49.336
2026-09-02T08:02:46.098416+07:00,c8_sim,193,15.477,37.372,0.000,0.000,0.027,52.876
2026-09-02T08:02:46.289046+07:00,c8_sim,194,8.160,41.290,0.000,0.000,0.022,49.472
2026-09-02T08:02:46.495253+07:00,c8_sim,195,9.522,41.081,0.000,0.000,0.028,50.631
2026-09-02T08:02:46.688447+07:00,c8_sim,196,10.885,30.252,0.000,0.000,0.011,41.147
2026-09-02T08:02:46.906870+07:00,c8_sim,197,10.623,48.130,0.000,0.000,0.014,58.767
2026-09-02T08:02:47.079337+07:00,c8_sim,198,12.294,32.491,0.000,0.000,0.012,44.797
2026-09-02T08:02:47.284770+07:00,c8_sim,199,11.403,38.709,0.000,0.000,0.011,50.122
2026-09-02T08:02:47.484196+07:00,c8_sim,200,12.636,32.832,0.000,0.000,0.011,45.479
2026-09-02T08:02:47.682550+07:00,c8_sim,201,14.062,35.339,0.000,0.000,0.012,49.414
2026-09-02T08:02:47.886108+07:00,c8_sim,202,15.587,32.924,1.559,0.000,0.010,50.080
2026-09-02T08:02:48.086075+07:00,c8_sim,203,16.370,32.487,1.270,0.000,0.010,50.137
2026-09-02T08:02:48.291292+07:00,c8_sim,204,13.554,37.254,1.622,0.000,0.014,52.444
2026-09-02T08:02:48.489663+07:00,c8_sim,205,13.308,28.343,0.735,0.007,0.174,42.568
2026-09-02T08:02:48.694917+07:00,c8_sim,206,13.922,34.915,1.116,0.006,0.023,49.982
2026-09-02T08:02:48.895588+07:00,c8_sim,207,8.737,36.810,5.362,0.010,0.044,50.964
2026-09-02T08:02:49.130208+07:00,c8_sim,208,11.603,33.602,1.031,34.876,0.022,81.134
2026-09-02T08:02:49.311261+07:00,c8_sim,209,13.351,34.680,0.943,27.105,0.026,76.105
2026-09-02T08:02:49.551605+07:00,c8_sim,210,11.361,62.139,1.212,37.226,0.022,111.961
2026-09-02T08:02:49.759214+07:00,c8_sim,211,16.746,48.251,2.267,38.289,0.091,105.643
2026-09-02T08:02:49.915855+07:00,c8_sim,212,12.074,38.014,1.246,30.865,0.025,82.224
2026-09-02T08:02:50.086761+07:00,c8_sim,213,8.132,20.857,0.709,19.521,0.028,49.246
2026-09-02T08:02:50.326535+07:00,c8_sim,214,13.355,74.882,0.000,0.000,0.101,88.338
2026-09-02T08:02:50.602539+07:00,c8_sim,215,35.861,103.480,7.689,0.009,0.041,147.080
2026-09-02T08:02:50.778828+07:00,c8_sim,216,14.327,110.391,2.293,0.009,0.117,127.136
2026-09-02T08:02:50.918984+07:00,c8_sim,217,8.904,59.304,0.000,0.000,0.021,68.229
2026-09-02T08:02:51.211071+07:00,c8_sim,218,10.041,36.743,1.146,115.592,0.081,163.602
2026-09-02T08:02:51.332305+07:00,c8_sim,219,32.225,32.702,1.176,13.779,0.030,79.912
2026-09-02T08:02:51.765328+07:00,c8_sim,220,9.496,263.801,8.810,42.883,0.073,325.063
2026-09-02T08:02:51.811189+07:00,c8_sim,221,41.661,23.073,1.211,19.737,0.025,85.708
2026-09-02T08:02:51.902553+07:00,c8_sim,222,16.885,21.489,0.683,26.326,0.032,65.415
2026-09-02T08:02:52.149012+07:00,c8_sim,223,12.476,39.935,1.256,53.021,0.022,106.711
2026-09-02T08:02:52.633921+07:00,c8_sim,224,16.874,271.259,2.115,89.667,0.270,380.185
2026-09-02T08:02:52.830940+07:00,c8_sim,225,25.444,57.359,27.542,109.461,0.022,219.827
2026-09-02T08:02:53.067529+07:00,c8_sim,226,15.627,42.413,0.707,185.900,0.220,244.867
2026-09-02T08:02:53.200533+07:00,c8_sim,227,23.468,131.629,0.000,0.000,0.057,155.154
2026-09-02T08:02:53.320224+07:00,c8_sim,228,27.231,74.541,3.247,39.494,0.047,144.560
2026-09-02T08:02:53.374396+07:00,c8_sim,229,20.356,53.616,0.000,0.000,0.036,74.008
2026-09-02T08:02:53.504543+07:00,c8_sim,230,17.923,34.307,0.000,0.000,0.017,52.247
2026-09-02T08:02:53.688968+07:00,c8_sim,231,16.277,33.674,0.000,0.000,0.016,49.968
2026-09-02T08:02:53.882991+07:00,c8_sim,232,6.945,30.083,0.000,0.000,0.011,37.039
2026-09-02T08:02:54.104420+07:00,c8_sim,233,10.801,49.022,0.000,0.000,0.042,59.865
2026-09-02T08:02:54.313811+07:00,c8_sim,234,18.809,41.502,0.000,0.000,0.084,60.395
2026-09-02T08:02:54.531062+07:00,c8_sim,235,36.756,37.914,0.000,0.000,0.020,74.690
2026-09-02T08:02:54.685004+07:00,c8_sim,236,8.762,36.213,0.000,0.000,0.018,44.993
2026-09-02T08:02:54.858462+07:00,c8_sim,237,7.312,17.801,0.000,0.000,0.026,25.139
2026-09-02T08:02:55.087111+07:00,c8_sim,238,10.513,35.860,0.000,0.000,0.024,46.396
2026-09-02T08:02:55.294623+07:00,c8_sim,239,14.356,36.777,0.000,0.000,0.033,51.166
2026-09-02T08:02:55.499979+07:00,c8_sim,240,14.898,34.397,0.000,0.000,0.023,49.318
2026-09-02T08:02:55.710439+07:00,c8_sim,241,14.777,45.275,0.000,0.000,0.020,60.072
2026-09-02T08:02:55.907060+07:00,c8_sim,242,15.676,34.166,0.000,0.000,0.022,49.864
2026-09-02T08:02:56.099166+07:00,c8_sim,243,16.766,33.910,0.000,0.000,1.622,52.298
2026-09-02T08:02:56.281125+07:00,c8_sim,244,9.487,34.904,0.000,0.000,0.061,44.452
2026-09-02T08:02:56.499520+07:00,c8_sim,245,14.425,33.287,0.000,0.000,0.013,47.725
2026-09-02T08:02:56.701851+07:00,c8_sim,246,13.652,34.986,0.000,0.000,0.013,48.651
2026-09-02T08:02:56.901217+07:00,c10_sim,177,7.261,35.171,0.000,0.000,0.018,42.449
2026-09-02T08:02:57.121625+07:00,c10_sim,178,17.194,35.834,0.000,0.000,0.025,53.053
2026-09-02T08:02:57.299719+07:00,c10_sim,179,10.363,33.354,0.000,0.000,0.022,43.739
2026-09-02T08:02:57.524095+07:00,c10_sim,180,12.623,35.280,0.000,0.000,0.020,47.923
2026-09-02T08:02:57.692065+07:00,c10_sim,181,8.365,21.735,0.000,0.000,0.012,30.112
2026-09-02T08:02:57.908344+07:00,c10_sim,182,9.132,23.425,0.000,0.000,0.016,32.573
2026-09-02T08:02:58.109690+07:00,c10_sim,183,8.265,36.930,0.000,0.000,0.024,45.218
2026-09-02T08:02:58.310268+07:00,c10_sim,184,7.312,36.008,0.000,0.000,0.026,43.346
2026-09-02T08:02:58.526791+07:00,c10_sim,185,11.933,40.943,4.774,0.000,0.020,57.669
2026-09-02T08:02:58.713716+07:00,c10_sim,186,9.788,37.557,1.608,0.000,0.021,48.974
2026-09-02T08:02:58.922159+07:00,c10_sim,187,14.615,38.054,1.205,0.000,0.021,53.894
2026-09-02T08:02:59.194007+07:00,c10_sim,188,6.280,33.855,0.831,80.516,0.267,121.749
2026-09-02T08:02:59.299011+07:00,c10_sim,189,6.112,30.325,0.780,0.005,0.021,37.243
2026-09-02T08:02:59.558902+07:00,c10_sim,190,12.685,35.787,1.306,27.114,0.029,76.921
2026-09-02T08:02:59.720646+07:00,c10_sim,191,11.974,23.358,0.756,15.141,0.389,51.620
2026-09-02T08:02:59.972367+07:00,c10_sim,192,11.025,48.217,1.837,33.793,0.539,95.411
2026-09-02T08:03:00.131214+07:00,c10_sim,193,9.387,32.912,0.849,27.352,0.023,70.524
2026-09-02T08:03:00.353094+07:00,c10_sim,194,13.892,30.481,1.010,27.491,0.025,72.899
2026-09-02T08:03:00.517950+07:00,c10_sim,195,11.516,27.888,0.834,19.230,0.031,59.500
2026-09-02T08:03:00.747279+07:00,c10_sim,196,11.373,33.319,1.379,25.511,0.032,71.615
2026-09-02T08:03:00.959474+07:00,c10_sim,197,12.256,36.286,0.996,30.797,0.035,80.371
2026-09-02T08:03:01.227661+07:00,c10_sim,198,10.690,29.068,0.823,120.230,0.029,160.840
2026-09-02T08:03:01.403264+07:00,c10_sim,199,58.076,31.878,1.152,39.834,0.035,130.974
2026-09-02T08:03:01.533867+07:00,c10_sim,200,5.734,32.166,0.821,25.993,0.021,64.735
2026-09-02T08:03:01.709993+07:00,c10_sim,201,6.791,20.571,0.561,16.157,0.020,44.099
2026-09-02T08:03:01.935211+07:00,c10_sim,202,8.852,30.917,0.793,27.288,0.026,67.876
2026-09-02T08:03:02.147007+07:00,c10_sim,203,10.017,38.394,0.966,33.065,0.024,82.465
2026-09-02T08:03:02.342723+07:00,c10_sim,204,15.573,32.079,0.679,22.729,0.031,71.092
2026-09-02T08:03:02.537612+07:00,c10_sim,205,13.988,25.854,0.851,27.879,0.068,68.641
2026-09-02T08:03:02.749451+07:00,c10_sim,206,10.554,39.481,0.995,28.616,0.047,79.694
2026-09-02T08:03:02.908596+07:00,c10_sim,207,6.064,18.223,0.739,17.180,0.028,42.233
2026-09-02T08:03:03.128533+07:00,c10_sim,208,10.153,35.528,0.945,19.089,0.040,65.755
2026-09-02T08:03:03.342620+07:00,c10_sim,209,10.223,27.203,0.997,23.559,0.043,62.025
2026-09-02T08:03:03.540906+07:00,c10_sim,210,12.421,34.330,0.789,22.717,0.036,70.294
2026-09-02T08:03:03.747738+07:00,c10_sim,211,8.242,39.015,0.817,27.473,0.039,75.586
2026-09-02T08:03:03.898653+07:00,c10_sim,212,10.904,33.133,0.000,0.000,0.026,44.063
2026-09-02T08:03:04.134895+07:00,c10_sim,213,11.959,25.131,0.750,21.384,0.052,59.275
2026-09-02T08:03:04.315502+07:00,c10_sim,214,6.891,37.995,0.000,0.000,0.013,44.899
2026-09-02T08:03:04.499578+07:00,c10_sim,215,6.620,21.637,0.000,0.000,0.013,28.270
2026-09-02T08:03:04.713066+07:00,c10_sim,216,7.432,29.263,0.000,0.000,0.025,36.720
2026-09-02T08:03:04.891967+07:00,c10_sim,217,7.611,20.534,0.000,0.000,0.013,28.158
2026-09-02T08:03:05.119399+07:00,c10_sim,218,12.153,41.834,0.000,0.000,0.030,54.017
2026-09-02T08:03:05.300563+07:00,c10_sim,219,7.840,40.397,0.000,0.000,0.029,48.266
2026-09-02T08:03:05.499395+07:00,c10_sim,220,8.610,28.135,0.000,0.000,0.020,36.765
2026-09-02T08:03:05.699695+07:00,c10_sim,221,8.677,32.281,0.000,0.000,0.022,40.980
2026-09-02T08:03:05.914190+07:00,c10_sim,222,14.370,33.247,0.000,0.000,0.021,47.637
2026-09-02T08:03:06.113249+07:00,c10_sim,223,9.964,35.025,0.000,0.000,0.026,45.015
2026-09-02T08:03:06.314952+07:00,c10_sim,224,9.347,34.380,0.000,0.000,0.048,43.776
2026-09-02T08:03:06.496712+07:00,c10_sim,225,13.134,25.003,0.000,0.000,0.012,38.148
2026-09-02T08:03:06.698107+07:00,c10_sim,226,9.628,29.775,0.000,0.000,0.020,39.424
2026-09-02T08:03:06.909625+07:00,c11_sim,719,8.270,25.006,2.459,0.000,0.008,35.743
2026-09-02T08:03:07.119116+07:00,c11_sim,720,13.300,29.551,1.561,0.000,0.010,44.422
2026-09-02T08:03:07.309024+07:00,c11_sim,721,12.222,24.868,0.736,0.000,0.008,37.834
2026-09-02T08:03:07.554149+07:00,c11_sim,722,12.363,27.012,1.273,33.509,0.227,74.385
2026-09-02T08:03:07.704655+07:00,c11_sim,723,10.419,27.140,1.064,0.007,0.022,38.652
2026-09-02T08:03:07.920000+07:00,c11_sim,724,10.428,31.123,0.716,13.260,0.021,55.548
2026-09-02T08:03:08.132625+07:00,c11_sim,725,9.696,33.924,0.756,15.754,0.028,60.158
2026-09-02T08:03:08.306425+07:00,c11_sim,726,8.527,28.813,1.155,0.010,0.029,38.532
2026-09-02T08:03:08.500363+07:00,c11_sim,727,7.095,25.241,0.000,0.000,0.018,32.354
2026-09-02T08:03:08.755765+07:00,c11_sim,728,9.319,31.209,0.961,24.585,0.027,66.100
2026-09-02T08:03:08.932772+07:00,c11_sim,729,9.807,32.781,1.025,25.222,0.026,68.860
2026-09-02T08:03:09.160853+07:00,c11_sim,730,12.115,36.579,1.229,32.214,0.044,82.180
2026-09-02T08:03:09.364004+07:00,c11_sim,731,11.776,35.394,1.214,29.495,0.024,77.903
2026-09-02T08:03:09.528659+07:00,c11_sim,732,7.739,26.138,0.741,18.402,0.020,53.040
2026-09-02T08:03:09.720684+07:00,c11_sim,733,12.419,24.640,0.992,19.445,0.025,57.521
2026-09-02T08:03:09.951117+07:00,c11_sim,734,13.621,35.643,1.127,29.494,0.024,79.909
2026-09-02T08:03:10.158948+07:00,c11_sim,735,7.780,35.296,1.176,31.425,0.041,75.719
2026-09-02T08:03:10.340840+07:00,c11_sim,736,14.339,33.925,0.557,21.275,0.020,70.116
2026-09-02T08:03:10.541644+07:00,c11_sim,737,6.426,22.090,0.987,31.795,0.077,61.374
2026-09-02T08:03:10.764498+07:00,c11_sim,738,8.465,49.885,1.034,37.241,0.051,96.676
2026-09-02T08:03:10.955661+07:00,c11_sim,739,29.320,27.039,1.562,25.059,0.024,83.003
2026-09-02T08:03:11.131832+07:00,c11_sim,740,6.323,36.136,0.589,15.144,0.017,58.210
2026-09-02T08:03:11.339035+07:00,c11_sim,741,7.739,21.750,0.721,26.221,0.043,56.474
2026-09-02T08:03:11.550898+07:00,c11_sim,742,8.086,38.517,3.124,28.726,0.061,78.513
2026-09-02T08:03:11.716965+07:00,c11_sim,743,7.293,24.815,0.754,19.505,0.074,52.440
2026-09-02T08:03:11.946663+07:00,c11_sim,744,7.296,29.549,0.726,29.821,0.039,67.432
2026-09-02T08:03:12.146015+07:00,c11_sim,745,14.225,27.936,1.153,23.565,0.045,66.923
2026-09-02T08:03:12.348129+07:00,c11_sim,746,13.651,32.265,1.141,27.454,0.043,74.555
2026-09-02T08:03:12.557902+07:00,c11_sim,747,8.489,35.180,1.120,31.924,0.066,76.779
2026-09-02T08:03:12.731803+07:00,c11_sim,748,12.054,37.695,0.677,19.841,0.039,70.306
2026-09-02T08:03:12.963292+07:00,c11_sim,749,14.026,33.420,0.858,26.457,0.049,74.810
2026-09-02T08:03:13.169816+07:00,c11_sim,750,12.992,47.558,1.451,40.857,0.042,102.900
2026-09-02T08:03:13.348788+07:00,c11_sim,751,13.682,32.331,0.907,23.079,0.057,70.057
2026-09-02T08:03:13.570164+07:00,c11_sim,752,6.900,41.977,1.198,37.723,0.040,87.838
2026-09-02T08:03:13.734547+07:00,c11_sim,753,9.379,54.713,0.000,0.000,0.043,64.134
2026-09-02T08:03:13.969773+07:00,c11_sim,754,14.084,53.894,0.667,21.152,0.037,89.835
2026-09-02T08:03:14.131242+07:00,c11_sim,755,13.836,30.442,0.833,22.185,0.030,67.327
2026-09-02T08:03:14.300986+07:00,c11_sim,756,6.985,29.447,0.000,0.000,0.012,36.444
2026-09-02T08:03:14.550545+07:00,c11_sim,757,6.781,36.192,0.657,22.084,0.029,65.744
2026-09-02T08:03:14.732444+07:00,c11_sim,758,8.561,23.872,0.683,15.795,0.029,48.940
2026-09-02T08:03:14.905959+07:00,c11_sim,759,9.485,31.354,0.000,0.000,0.015,40.853
2026-09-02T08:03:15.151421+07:00,c11_sim,760,9.552,37.947,1.046,23.667,0.059,72.272
2026-09-02T08:03:15.322920+07:00,c11_sim,761,7.530,26.444,0.764,21.780,0.030,56.548
2026-09-02T08:03:15.547964+07:00,c11_sim,762,7.989,32.116,0.976,26.850,0.031,67.961
2026-09-02T08:03:15.724605+07:00,c11_sim,763,7.360,30.939,0.000,0.000,0.014,38.313
2026-09-02T08:03:15.918528+07:00,c11_sim,764,10.027,31.834,0.000,0.000,0.021,41.883
2026-09-02T08:03:16.114058+07:00,c11_sim,765,9.264,31.207,0.000,0.000,0.020,40.491
2026-09-02T08:03:16.299210+07:00,c11_sim,766,10.253,22.126,0.000,0.000,0.015,32.393
2026-09-02T08:03:16.556665+07:00,c11_sim,767,7.412,33.556,0.594,28.754,0.038,70.354
2026-09-02T08:03:16.711626+07:00,c11_sim,768,8.726,31.749,0.000,0.000,0.039,40.515
2026-09-02T08:03:16.934717+07:00,c11_sim,769,11.163,36.986,0.000,0.000,0.028,48.177
2026-09-02T08:03:17.111349+07:00,c11_sim,770,10.842,34.460,0.000,0.000,0.025,45.327
2026-09-02T08:03:17.313808+07:00,c11_sim,771,9.533,35.739,0.000,0.000,0.024,45.295
2026-09-02T08:03:17.522873+07:00,c11_sim,772,9.645,24.357,0.832,17.126,0.036,51.995
2026-09-02T08:03:17.729064+07:00,c11_sim,773,8.759,37.472,1.000,0.007,0.027,47.266
2026-09-02T08:03:17.921163+07:00,c11_sim,774,6.225,34.317,0.000,0.000,0.016,40.558
2026-09-02T08:03:18.123145+07:00,c11_sim,775,13.333,34.626,0.000,0.000,0.016,47.975
2026-09-02T08:03:18.323226+07:00,c11_sim,776,10.810,36.470,0.000,0.000,0.017,47.298
2026-09-02T08:03:18.515882+07:00,c11_sim,777,9.745,30.265,0.000,0.000,0.020,40.031
2026-09-02T08:03:18.722410+07:00,c11_sim,778,10.567,39.750,0.000,0.000,0.021,50.338
2026-09-02T08:03:18.923394+07:00,c11_sim,779,8.877,32.961,0.000,0.000,0.013,41.850
2026-09-02T08:03:19.122660+07:00,c11_sim,780,9.138,26.717,0.000,0.000,0.017,35.873
2026-09-02T08:03:19.321886+07:00,c11_sim,781,8.147,39.982,0.000,0.000,0.016,48.145
2026-09-02T08:03:19.341905+07:00,c11_sim,782,9.898,19.763,0.000,0.000,0.012,29.674
2026-09-02T08:03:19.386532+07:00,c11_sim,783,7.794,19.372,0.000,0.000,0.015,27.181
2026-09-02T08:03:19.428794+07:00,c11_sim,784,9.026,20.229,0.000,0.000,0.013,29.267
2026-09-02T08:03:19.473379+07:00,c11_sim,785,6.897,21.125,0.000,0.000,0.015,28.037
2026-09-02T08:03:19.524254+07:00,c11_sim,786,7.084,26.063,1.095,0.000,0.013,34.255
2026-09-02T08:03:19.546418+07:00,c11_sim,787,7.611,19.947,0.738,0.000,0.014,28.310
2026-09-02T08:03:19.595758+07:00,c11_sim,788,7.148,21.114,0.939,0.000,0.662,29.864
2026-09-02T08:03:19.645813+07:00,c11_sim,789,8.122,24.707,0.000,0.000,0.036,32.866
2026-09-02T08:03:19.705381+07:00,c11_sim,790,7.184,34.132,0.000,0.000,0.010,41.327
2026-09-02T08:03:19.789262+07:00,c11_sim,791,7.083,83.562,0.000,0.000,0.012,90.656
2026-09-02T08:03:19.819950+07:00,c11_sim,792,31.108,29.235,0.621,0.000,0.006,60.970
2026-09-02T08:03:19.844971+07:00,c11_sim,793,13.919,24.853,0.000,0.000,0.006,38.778
2026-09-02T08:03:19.872198+07:00,c11_sim,794,6.139,25.784,0.618,0.000,0.007,32.548
2026-09-02T08:03:19.920216+07:00,c11_sim,795,6.104,23.184,0.796,22.966,0.136,53.185
2026-09-02T08:03:19.941415+07:00,c11_sim,796,6.045,20.860,0.000,0.000,0.013,26.918
2026-09-02T08:03:19.988823+07:00,c11_sim,797,5.917,22.147,0.000,0.000,0.012,28.076
2026-09-02T08:03:20.006979+07:00,c11_sim,798,6.444,17.945,0.000,0.000,0.014,24.402
2026-09-02T08:03:20.052091+07:00,c11_sim,799,6.251,19.943,0.000,0.000,0.018,26.212
2026-09-02T08:03:20.098855+07:00,c11_sim,800,6.089,23.361,0.000,0.000,0.013,29.463
2026-09-02T08:03:20.145113+07:00,c11_sim,801,6.060,23.706,0.000,0.000,0.026,29.791
2026-09-02T08:03:20.211579+07:00,c11_sim,802,6.294,20.290,0.647,19.473,0.017,46.720
2026-09-02T08:03:20.248442+07:00,c11_sim,803,5.993,17.976,0.792,17.335,0.027,42.123
2026-09-02T08:03:20.285024+07:00,c11_sim,804,6.443,16.513,0.550,18.568,0.027,42.101
2026-09-02T08:03:20.304969+07:00,c11_sim,805,6.932,19.721,0.000,0.000,0.013,26.666
2026-09-02T08:03:20.370117+07:00,c11_sim,806,6.390,19.729,0.715,20.208,0.021,47.063
2026-09-02T08:03:20.406849+07:00,c11_sim,807,6.170,17.946,0.583,17.442,0.019,42.159
2026-09-02T08:03:20.443207+07:00,c11_sim,808,6.451,15.922,0.599,19.127,0.019,42.119
2026-09-02T08:03:20.477121+07:00,c11_sim,809,6.050,16.465,0.542,15.829,0.022,38.908
2026-09-02T08:03:20.537786+07:00,c11_sim,810,6.134,15.462,0.682,17.641,0.020,39.940
2026-09-02T08:03:20.573861+07:00,c11_sim,811,6.116,16.226,0.669,15.058,0.022,38.091
2026-09-02T08:03:20.604719+07:00,c11_sim,812,6.327,15.328,0.690,13.981,0.021,36.347
2026-09-02T08:03:20.657021+07:00,c11_sim,813,5.898,14.720,0.585,14.566,0.022,35.791
2026-09-02T08:03:20.689176+07:00,c11_sim,814,6.390,14.462,0.592,16.440,0.015,37.900
2026-09-02T08:03:20.742127+07:00,c11_sim,815,5.912,15.979,0.555,14.820,0.024,37.291
2026-09-02T08:03:20.773642+07:00,c11_sim,816,5.952,15.444,0.513,14.950,0.017,36.876
2026-09-02T08:03:20.830615+07:00,c11_sim,817,6.111,14.713,0.515,15.973,0.014,37.326
2026-09-02T08:03:20.862667+07:00,c11_sim,818,6.118,15.772,0.443,15.140,0.022,37.495
2026-09-02T08:03:20.893598+07:00,c11_sim,819,5.953,14.104,0.447,15.678,0.016,36.199
2026-09-02T08:03:20.951825+07:00,c11_sim,820,5.788,15.474,0.468,16.444,0.018,38.191
2026-09-02T08:03:20.987064+07:00,c11_sim,821,5.974,15.385,0.429,18.762,0.020,40.571
2026-09-02T08:03:21.022396+07:00,c11_sim,822,6.091,15.798,0.584,18.138,0.020,40.631
2026-09-02T08:03:21.089815+07:00,c11_sim,823,6.160,18.808,0.788,21.691,0.019,47.466
2026-09-02T08:03:21.138119+07:00,c11_sim,824,6.904,20.366,0.482,26.340,0.025,54.117
2026-09-02T08:03:21.189405+07:00,c11_sim,825,5.858,22.007,0.511,27.909,0.023,56.308
2026-09-02T08:03:21.232473+07:00,c11_sim,826,6.276,19.819,0.441,22.033,0.020,48.590
2026-09-02T08:03:21.270077+07:00,c11_sim,827,6.388,18.044,0.461,17.427,0.016,42.336
2026-09-02T08:03:21.305477+07:00,c11_sim,828,5.917,17.288,0.399,16.801,0.023,40.428
2026-09-02T08:03:21.342703+07:00,c11_sim,829,6.168,19.087,0.461,16.735,0.023,42.474
2026-09-02T08:03:21.378629+07:00,c11_sim,830,5.936,17.416,0.446,17.115,0.017,40.930
2026-09-02T08:03:21.411390+07:00,c11_sim,831,6.005,16.040,0.324,15.481,0.018,37.867
2026-09-02T08:03:21.442522+07:00,c11_sim,832,6.015,14.752,0.387,15.290,0.030,36.475
2026-09-02T08:03:21.499657+07:00,c11_sim,833,5.883,15.508,0.417,15.279,0.019,37.106
2026-09-02T08:03:21.531972+07:00,c11_sim,834,6.040,15.210,0.342,15.963,0.021,37.575
2026-09-02T08:03:21.562852+07:00,c11_sim,835,5.980,14.275,0.352,15.591,0.016,36.214
2026-09-02T08:03:21.617943+07:00,c11_sim,836,6.000,15.164,0.364,16.604,0.018,38.149
2026-09-02T08:03:21.652531+07:00,c11_sim,837,5.943,14.978,0.349,18.620,0.017,39.907
2026-09-02T08:03:21.686366+07:00,c11_sim,838,5.978,15.477,0.385,17.256,0.016,39.112
2026-09-02T08:03:21.747360+07:00,c11_sim,839,6.022,19.356,0.439,19.151,0.020,44.988
2026-09-02T08:03:21.784255+07:00,c11_sim,840,6.191,15.964,0.425,19.795,0.022,42.398
2026-09-02T08:03:21.821924+07:00,c11_sim,841,5.969,17.449,0.442,18.943,0.020,42.824
2026-09-02T08:03:21.860617+07:00,c11_sim,842,5.928,16.620,0.370,21.038,0.019,43.974
2026-09-02T08:03:21.900114+07:00,c11_sim,843,6.194,18.166,0.350,20.264,0.020,44.994
2026-09-02T08:03:21.966377+07:00,c11_sim,844,5.955,20.802,0.499,23.424,0.018,50.698
2026-09-02T08:03:22.004325+07:00,c11_sim,845,6.470,18.164,0.396,17.801,0.023,42.854
2026-09-02T08:03:22.041041+07:00,c11_sim,846,5.999,18.274,0.359,17.210,0.020,41.861
2026-09-02T08:03:22.073539+07:00,c11_sim,847,5.929,16.309,0.360,15.008,0.019,37.624
2026-09-02T08:03:22.103203+07:00,c11_sim,848,5.800,14.273,0.343,14.378,0.014,34.808
2026-09-02T08:03:22.158919+07:00,c11_sim,849,6.206,14.526,0.331,15.026,0.022,36.111
2026-09-02T08:03:22.188954+07:00,c11_sim,850,6.225,13.811,0.417,15.158,0.015,35.626
2026-09-02T08:03:22.242412+07:00,c11_sim,851,5.949,12.979,0.345,14.455,0.018,33.747
2026-09-02T08:03:22.269672+07:00,c11_sim,852,5.962,13.233,0.343,13.010,0.014,32.562
2026-09-02T08:03:22.308249+07:00,c11_sim,853,5.801,13.437,0.000,0.000,0.006,19.245
2026-09-02T08:03:22.363366+07:00,c11_sim,854,6.048,14.384,0.357,13.851,0.018,34.658
2026-09-02T08:03:22.393321+07:00,c11_sim,855,5.946,14.406,0.390,14.512,0.016,35.270
2026-09-02T08:03:22.433159+07:00,c11_sim,856,5.921,14.622,0.000,0.000,0.006,20.549
2026-09-02T08:03:22.474918+07:00,c11_sim,857,5.979,16.534,0.000,0.000,0.008,22.521
2026-09-02T08:03:22.539368+07:00,c11_sim,858,5.916,20.112,0.433,17.987,0.020,44.469
2026-09-02T08:03:22.576547+07:00,c11_sim,859,5.936,17.398,0.366,18.737,0.020,42.458
2026-09-02T08:03:22.609081+07:00,c11_sim,860,6.030,15.950,0.353,15.523,0.017,37.872
2026-09-02T08:03:22.670726+07:00,c11_sim,861,5.934,18.121,0.419,17.224,0.028,41.725
2026-09-02T08:03:22.707908+07:00,c11_sim,862,5.856,17.931,0.392,18.049,0.017,42.245
2026-09-02T08:03:22.739201+07:00,c11_sim,863,6.073,15.411,0.344,14.894,0.017,36.739
2026-09-02T08:03:22.770691+07:00,c11_sim,864,6.020,14.438,0.348,16.048,0.024,36.877
2026-09-02T08:03:22.828269+07:00,c11_sim,865,6.099,15.619,0.481,15.651,0.019,37.870
2026-09-02T08:03:22.860092+07:00,c11_sim,866,5.897,14.628,0.403,16.106,0.017,37.050
2026-09-02T08:03:22.891674+07:00,c11_sim,867,6.038,14.863,0.371,15.576,0.015,36.862
2026-09-02T08:03:22.950550+07:00,c11_sim,868,5.921,15.998,0.417,16.596,0.017,38.948
2026-09-02T08:03:22.984821+07:00,c11_sim,869,6.002,15.056,0.353,18.165,0.016,39.591
2026-09-02T08:03:23.018312+07:00,c11_sim,870,5.749,15.552,0.342,16.914,0.013,38.571
2026-09-02T08:03:23.081705+07:00,c11_sim,871,5.937,18.682,0.387,18.382,0.022,43.411
2026-09-02T08:03:23.122777+07:00,c11_sim,872,6.065,18.078,0.409,21.625,0.018,46.195
2026-09-02T08:03:23.160968+07:00,c11_sim,873,6.044,17.672,0.334,19.519,0.026,43.595
2026-09-02T08:03:23.203516+07:00,c11_sim,874,6.020,20.317,0.391,21.100,0.020,47.847
2026-09-02T08:03:23.244221+07:00,c11_sim,875,5.949,19.279,0.352,20.362,0.020,45.961
2026-09-02T08:03:23.277408+07:00,c11_sim,876,5.872,15.959,0.355,16.206,0.016,38.409
2026-09-02T08:03:23.310015+07:00,c11_sim,877,6.043,15.438,0.320,16.237,0.014,38.052
2026-09-02T08:03:23.366553+07:00,c11_sim,878,5.934,15.574,0.362,14.755,0.018,36.643
2026-09-02T08:03:23.395915+07:00,c11_sim,879,6.125,14.093,0.340,14.293,0.014,34.865
2026-09-02T08:03:23.452634+07:00,c11_sim,880,5.838,14.541,0.340,16.097,0.019,36.836
2026-09-02T08:03:23.481349+07:00,c11_sim,881,5.867,13.945,0.390,13.678,0.019,33.898
2026-09-02T08:03:23.538349+07:00,c11_sim,882,5.851,15.939,0.337,14.981,0.026,37.133
2026-09-02T08:03:23.569002+07:00,c11_sim,883,5.949,14.886,0.368,14.682,0.017,35.903
2026-09-02T08:03:23.601510+07:00,c11_sim,884,6.235,15.960,0.356,15.131,0.016,37.698
2026-09-02T08:03:23.663606+07:00,c11_sim,885,5.912,18.508,0.335,17.465,0.019,42.238
2026-09-02T08:03:23.697233+07:00,c11_sim,886,5.853,15.360,0.376,17.090,0.021,38.701
2026-09-02T08:03:23.714941+07:00,c11_sim,887,5.807,17.583,0.000,0.000,0.006,23.396
2026-09-02T08:03:23.786209+07:00,c11_sim,888,5.733,20.256,0.430,24.706,0.030,51.154
2026-09-02T08:03:23.826221+07:00,c11_sim,889,6.055,18.712,0.474,20.010,0.019,45.270
2026-09-02T08:03:23.868524+07:00,c11_sim,890,5.927,21.502,0.419,19.536,0.018,47.402
2026-09-02T08:03:23.905666+07:00,c11_sim,891,6.018,17.874,0.351,18.205,0.019,42.468
2026-09-02T08:03:23.941826+07:00,c11_sim,892,6.160,17.829,0.367,17.241,0.017,41.613
2026-09-02T08:03:24.009145+07:00,c11_sim,893,5.733,21.689,0.455,19.736,0.017,47.630
2026-09-02T08:03:24.054898+07:00,c11_sim,894,5.994,21.563,0.532,22.665,0.017,50.771
2026-09-02T08:03:24.096308+07:00,c11_sim,895,6.058,19.305,0.379,20.770,0.017,46.529
2026-09-02T08:03:24.132742+07:00,c11_sim,896,6.021,17.847,0.372,17.300,0.018,41.559
2026-09-02T08:03:24.167728+07:00,c11_sim,897,5.927,17.141,0.538,16.228,0.020,39.854
2026-09-02T08:03:24.202006+07:00,c11_sim,898,5.901,17.386,0.364,15.533,0.033,39.218
2026-09-02T08:03:24.232426+07:00,c11_sim,899,6.049,14.474,0.342,14.960,0.015,35.839
2026-09-02T08:03:24.284162+07:00,c11_sim,900,5.987,14.591,0.349,15.686,0.022,36.635
2026-09-02T08:03:24.316579+07:00,c11_sim,901,6.017,14.289,0.403,16.954,0.021,37.684
2026-09-02T08:03:24.375990+07:00,c11_sim,902,6.025,15.937,0.382,17.369,0.018,39.732
2026-09-02T08:03:24.407106+07:00,c11_sim,903,5.970,15.297,0.350,14.667,0.016,36.300
2026-09-02T08:03:24.435906+07:00,c11_sim,904,6.246,13.763,0.346,14.047,0.017,34.419
2026-09-02T08:03:24.492082+07:00,c11_sim,905,5.976,14.643,0.436,15.389,0.020,36.464
2026-09-02T08:03:24.523022+07:00,c11_sim,906,6.078,14.077,0.353,15.849,0.017,36.374
2026-09-02T08:03:24.577736+07:00,c11_sim,907,5.841,13.417,0.345,15.137,0.021,34.760
2026-09-02T08:03:24.608049+07:00,c11_sim,908,5.923,14.710,0.345,14.543,0.017,35.538
2026-09-02T08:03:24.662569+07:00,c11_sim,909,5.857,15.884,0.337,15.831,0.018,37.927
2026-09-02T08:03:24.694476+07:00,c11_sim,910,6.103,14.888,0.390,15.916,0.017,37.314
2026-09-02T08:03:24.728813+07:00,c11_sim,911,5.911,16.818,0.325,16.402,0.017,39.473
2026-09-02T08:03:24.792868+07:00,c11_sim,912,5.865,18.127,0.369,19.843,0.025,44.228
2026-09-02T08:03:24.832520+07:00,c11_sim,913,6.059,17.870,0.473,20.650,0.020,45.073
2026-09-02T08:03:24.872251+07:00,c11_sim,914,6.167,19.694,0.384,18.949,0.020,45.215
2026-09-02T08:03:24.911594+07:00,c11_sim,915,5.938,18.175,0.394,20.057,0.021,44.585
2026-09-02T08:03:24.944895+07:00,c11_sim,916,5.801,16.226,0.365,15.842,0.019,38.252
2026-09-02T08:03:24.978191+07:00,c11_sim,917,5.861,15.739,0.364,16.471,0.015,38.450
2026-09-02T08:03:25.036805+07:00,c11_sim,918,6.081,16.520,0.354,15.918,0.025,38.897
2026-09-02T08:03:25.071172+07:00,c11_sim,919,5.815,17.248,0.345,16.066,0.016,39.491
2026-09-02T08:03:25.086990+07:00,c11_sim,920,5.881,15.709,0.000,0.000,0.006,21.595
2026-09-02T08:03:25.129086+07:00,c11_sim,921,6.187,16.958,0.000,0.000,0.006,23.151
2026-09-02T08:03:25.174482+07:00,c9_sim,414,4.572,20.190,0.000,0.000,0.008,24.770
2026-09-02T08:03:25.224171+07:00,c9_sim,415,6.210,24.497,0.000,0.000,0.010,30.717
2026-09-02T08:03:25.249912+07:00,c9_sim,416,4.570,25.602,0.000,0.000,0.008,30.180
2026-09-02T08:03:25.273315+07:00,c9_sim,417,4.896,23.286,0.000,0.000,0.007,28.189
2026-09-02T08:03:25.293705+07:00,c9_sim,418,4.562,20.294,0.000,0.000,0.005,24.861
2026-09-02T08:03:25.345075+07:00,c9_sim,419,4.699,26.254,0.000,0.000,0.007,30.961
2026-09-02T08:03:25.372071+07:00,c9_sim,420,5.170,26.879,0.000,0.000,0.007,32.055
2026-09-02T08:03:25.397891+07:00,c9_sim,421,4.751,25.611,0.000,0.000,0.006,30.369
2026-09-02T08:03:25.409244+07:00,c9_sim,422,4.511,11.255,0.000,0.000,0.005,15.771
2026-09-02T08:03:25.421772+07:00,c9_sim,423,4.548,11.318,0.626,0.000,0.005,16.497
2026-09-02T08:03:25.457322+07:00,c9_sim,424,4.415,12.496,0.000,0.000,0.005,16.916
2026-09-02T08:03:25.495002+07:00,c9_sim,425,4.441,13.206,0.000,0.000,0.008,17.655
2026-09-02T08:03:25.509725+07:00,c9_sim,426,5.214,14.039,0.000,0.000,0.454,19.707
2026-09-02T08:03:25.553017+07:00,c9_sim,427,5.450,16.820,0.547,0.000,0.024,22.842
2026-09-02T08:03:25.569664+07:00,c9_sim,428,5.463,15.153,0.582,0.000,0.005,21.203
2026-09-02T08:03:25.604027+07:00,c9_sim,429,5.282,17.178,0.435,15.767,0.051,38.714
2026-09-02T08:03:25.634008+07:00,c9_sim,430,4.859,14.160,0.429,14.763,0.013,34.223
2026-09-02T08:03:25.667006+07:00,c9_sim,431,4.638,15.782,0.471,15.757,0.015,36.663
2026-09-02T08:03:25.702535+07:00,c9_sim,432,4.803,16.910,0.458,17.497,0.013,39.681
2026-09-02T08:03:25.721506+07:00,c9_sim,433,4.812,18.852,0.000,0.000,0.007,23.671
2026-09-02T08:03:25.738486+07:00,c9_sim,434,4.673,16.873,0.000,0.000,0.007,21.554
2026-09-02T08:03:25.757185+07:00,c9_sim,435,4.775,18.606,0.000,0.000,0.005,23.386
2026-09-02T08:03:25.832615+07:00,c9_sim,436,4.729,22.952,0.505,26.168,0.016,54.370
2026-09-02T08:03:25.874222+07:00,c9_sim,437,4.733,21.065,0.483,19.379,0.013,45.674
2026-09-02T08:03:25.919624+07:00,c9_sim,438,4.602,19.398,0.444,24.912,0.012,49.366
2026-09-02T08:03:25.957076+07:00,c9_sim,439,4.817,17.473,0.462,18.869,0.012,41.633
2026-09-02T08:03:25.993367+07:00,c9_sim,440,4.558,17.252,0.442,17.834,0.013,40.100
2026-09-02T08:03:26.028825+07:00,c9_sim,441,4.687,16.464,0.446,17.837,0.012,39.446
2026-09-02T08:03:26.061719+07:00,c9_sim,442,5.858,15.946,0.404,15.801,0.012,38.020
2026-09-02T08:03:26.093651+07:00,c9_sim,443,4.579,15.158,0.403,15.563,0.012,35.715
2026-09-02T08:03:26.126014+07:00,c9_sim,444,4.561,15.548,0.388,15.414,0.013,35.924
2026-09-02T08:03:26.155661+07:00,c9_sim,445,6.210,13.964,0.377,14.654,0.014,35.219
2026-09-02T08:03:26.186824+07:00,c9_sim,446,4.546,13.942,0.432,16.147,0.012,35.079
2026-09-02T08:03:26.215202+07:00,c9_sim,447,4.829,13.403,0.513,13.786,0.012,32.543
2026-09-02T08:03:26.242864+07:00,c9_sim,448,4.812,12.674,0.425,13.808,0.017,31.736
2026-09-02T08:03:26.270244+07:00,c9_sim,449,4.752,13.252,0.421,13.082,0.016,31.524
2026-09-02T08:03:26.299061+07:00,c9_sim,450,4.674,13.809,0.409,13.925,0.017,32.834
2026-09-02T08:03:26.329602+07:00,c9_sim,451,4.657,13.998,0.397,15.432,0.016,34.500
2026-09-02T08:03:26.359906+07:00,c9_sim,452,6.212,14.108,0.387,15.183,0.017,35.907
2026-09-02T08:03:26.391048+07:00,c9_sim,453,4.745,14.486,0.417,15.556,0.017,35.221
2026-09-02T08:03:26.420435+07:00,c9_sim,454,4.686,14.235,0.394,14.118,0.019,33.451
2026-09-02T08:03:26.449449+07:00,c9_sim,455,4.822,13.177,0.413,14.712,0.016,33.140
2026-09-02T08:03:26.477455+07:00,c9_sim,456,4.669,13.449,0.426,13.499,0.021,32.063
2026-09-02T08:03:26.504836+07:00,c9_sim,457,4.609,13.286,0.453,12.895,0.017,31.260
2026-09-02T08:03:26.531997+07:00,c9_sim,458,4.895,13.682,0.445,12.327,0.016,31.365
2026-09-02T08:03:26.558820+07:00,c9_sim,459,4.567,12.813,0.479,12.782,0.017,30.657
2026-09-02T08:03:26.586730+07:00,c9_sim,460,4.435,12.907,0.374,13.965,0.018,31.698
2026-09-02T08:03:26.611806+07:00,c9_sim,461,4.592,12.298,0.419,11.680,0.016,29.006
2026-09-02T08:03:26.639687+07:00,c9_sim,462,4.583,13.645,0.396,13.131,0.017,31.772
2026-09-02T08:03:26.666325+07:00,c9_sim,463,4.629,13.079,0.356,12.274,0.019,30.357
2026-09-02T08:03:26.694231+07:00,c9_sim,464,5.259,13.605,0.463,13.146,0.023,32.495
2026-09-02T08:03:26.723904+07:00,c9_sim,465,5.234,14.224,0.385,14.206,0.019,34.068
2026-09-02T08:03:26.752359+07:00,c9_sim,466,5.251,13.818,0.378,13.393,0.018,32.858
2026-09-02T08:03:26.781513+07:00,c9_sim,467,5.139,13.515,0.406,14.447,0.023,33.530
2026-09-02T08:03:26.810973+07:00,c9_sim,468,5.064,14.698,0.449,13.560,0.019,33.790
2026-09-02T08:03:26.839791+07:00,c9_sim,469,5.149,13.747,0.484,13.910,0.018,33.308
2026-09-02T08:03:26.868281+07:00,c9_sim,470,5.028,14.029,0.414,13.265,0.017,32.752
2026-09-02T08:03:26.897205+07:00,c9_sim,471,5.487,14.167,0.415,13.611,0.017,33.696
2026-09-02T08:03:26.928847+07:00,c9_sim,472,5.616,15.310,0.523,15.050,0.021,36.520
2026-09-02T08:03:26.960759+07:00,c9_sim,473,5.661,15.751,0.480,14.810,0.019,36.720
2026-09-02T08:03:26.990890+07:00,c9_sim,474,5.564,15.542,0.442,13.369,0.019,34.936
2026-09-02T08:03:27.020391+07:00,c9_sim,475,5.385,14.607,0.440,13.660,0.027,34.118
2026-09-02T08:03:27.051598+07:00,c9_sim,476,5.560,14.812,0.517,15.040,0.020,35.949
2026-09-02T08:03:27.081506+07:00,c9_sim,477,5.227,14.520,0.465,13.920,0.023,34.154
2026-09-02T08:03:27.111859+07:00,c9_sim,478,6.729,14.425,0.483,14.603,0.032,36.272
2026-09-02T08:03:27.142599+07:00,c9_sim,479,6.398,15.018,0.527,14.338,0.019,36.300
2026-09-02T08:03:27.171199+07:00,c9_sim,480,6.120,14.200,0.465,13.227,0.020,34.032
2026-09-02T08:03:27.199246+07:00,c9_sim,481,6.010,14.464,0.410,12.350,0.017,33.251
2026-09-02T08:03:27.227586+07:00,c9_sim,482,6.170,13.124,0.523,13.717,0.017,33.551
2026-09-02T08:03:27.254754+07:00,c9_sim,483,6.299,12.857,0.406,13.233,0.016,32.811
2026-09-02T08:03:27.282486+07:00,c9_sim,484,6.563,13.254,0.323,13.487,0.018,33.645
2026-09-02T08:03:27.309833+07:00,c9_sim,485,6.221,12.528,0.347,13.722,0.016,32.835
2026-09-02T08:03:27.341691+07:00,c9_sim,486,6.229,15.266,0.363,15.529,0.014,37.401
2026-09-02T08:03:27.373036+07:00,c9_sim,487,6.521,14.908,0.351,15.421,0.016,37.216
2026-09-02T08:03:27.407855+07:00,c9_sim,488,5.077,16.916,0.469,16.578,0.017,39.057
2026-09-02T08:03:27.439414+07:00,c9_sim,489,5.395,15.337,0.361,15.126,0.023,36.242
2026-09-02T08:03:27.470263+07:00,c9_sim,490,4.565,15.606,0.403,14.183,0.022,34.780
2026-09-02T08:03:27.498062+07:00,c9_sim,491,4.644,13.501,0.445,13.180,0.017,31.787
2026-09-02T08:03:27.526087+07:00,c9_sim,492,4.533,13.417,0.322,13.557,0.017,31.846
2026-09-02T08:03:27.552098+07:00,c9_sim,493,4.546,12.307,0.397,12.693,0.017,29.959
2026-09-02T08:03:27.577727+07:00,c9_sim,494,4.490,12.033,0.357,12.537,0.016,29.434
2026-09-02T08:03:27.604819+07:00,c9_sim,495,4.586,13.421,0.394,12.623,0.016,31.041
2026-09-02T08:03:27.630498+07:00,c9_sim,496,4.621,12.475,0.358,12.104,0.016,29.574
2026-09-02T08:03:27.658429+07:00,c9_sim,497,4.719,13.493,0.326,13.505,0.016,32.057
2026-09-02T08:03:27.685062+07:00,c9_sim,498,4.771,12.607,0.400,12.980,0.017,30.774
2026-09-02T08:03:27.713587+07:00,c9_sim,499,6.166,13.074,0.351,14.433,0.016,34.041
2026-09-02T08:03:27.741920+07:00,c9_sim,500,4.711,13.799,0.344,13.517,0.016,32.388
2026-09-02T08:03:27.769902+07:00,c9_sim,501,4.452,14.141,0.373,12.797,0.021,31.784
2026-09-02T08:03:27.798558+07:00,c9_sim,502,4.712,14.813,0.486,12.660,0.025,32.696
2026-09-02T08:03:27.826980+07:00,c9_sim,503,4.544,14.089,0.425,13.247,0.018,32.323
2026-09-02T08:03:27.857551+07:00,c9_sim,504,4.503,14.605,0.439,14.844,0.020,34.412
2026-09-02T08:03:27.891269+07:00,c9_sim,505,4.719,15.475,0.524,16.883,0.021,37.621
2026-09-02T08:03:27.922455+07:00,c9_sim,506,4.494,15.373,0.478,14.612,0.018,34.975
2026-09-02T08:03:27.954168+07:00,c9_sim,507,4.747,14.943,0.578,15.273,0.035,35.576
2026-09-02T08:03:27.987269+07:00,c9_sim,508,4.652,16.201,0.483,15.412,0.023,36.771
2026-09-02T08:03:28.021644+07:00,c9_sim,509,5.092,15.865,0.528,17.042,0.022,38.549
2026-09-02T08:03:28.057802+07:00,c9_sim,510,5.323,18.396,0.508,16.284,0.020,40.530
2026-09-02T08:03:28.092502+07:00,c9_sim,511,5.204,17.139,0.703,15.734,0.020,38.799
2026-09-02T08:03:28.127673+07:00,c9_sim,512,5.174,17.361,0.442,16.374,0.018,39.368
2026-09-02T08:03:28.161315+07:00,c9_sim,513,6.089,16.186,0.555,15.947,0.023,38.799
2026-09-02T08:03:28.195442+07:00,c9_sim,514,6.076,16.597,0.435,16.298,0.016,39.423
2026-09-02T08:03:28.230736+07:00,c9_sim,515,6.269,15.286,0.383,18.813,0.017,40.768
2026-09-02T08:03:28.268560+07:00,c9_sim,516,6.469,17.695,0.928,18.253,0.025,43.371
2026-09-02T08:03:28.310238+07:00,c9_sim,517,6.562,20.492,0.511,19.686,0.019,47.270
2026-09-02T08:03:28.354149+07:00,c9_sim,518,6.729,19.589,0.439,22.930,0.020,49.707
2026-09-02T08:03:28.393905+07:00,c9_sim,519,8.710,18.314,0.375,20.376,0.017,47.792
2026-09-02T08:03:28.440720+07:00,c9_sim,520,6.416,20.214,0.515,25.263,0.019,52.427
2026-09-02T08:03:28.489284+07:00,c9_sim,521,5.959,20.224,0.392,27.245,0.023,53.843
2026-09-02T08:03:28.535898+07:00,c9_sim,522,6.459,20.434,0.469,24.990,0.017,52.369
2026-09-02T08:03:28.575491+07:00,c9_sim,523,5.362,19.821,0.460,18.595,0.020,44.257
2026-09-02T08:03:28.617310+07:00,c9_sim,524,5.570,19.788,0.430,20.703,0.027,46.518
2026-09-02T08:03:28.658593+07:00,c9_sim,525,4.523,20.246,0.369,19.743,0.039,44.920
2026-09-02T08:03:28.703313+07:00,c9_sim,526,4.453,21.936,0.500,21.042,0.020,47.951
2026-09-02T08:03:28.741335+07:00,c9_sim,527,4.876,18.458,0.416,18.452,0.017,42.219
2026-09-02T08:03:28.774488+07:00,c9_sim,528,5.407,16.363,0.359,15.748,0.023,37.900
2026-09-02T08:03:28.807491+07:00,c9_sim,529,4.852,16.139,0.400,15.723,0.025,37.138
2026-09-02T08:03:28.835686+07:00,c9_sim,530,4.920,13.619,0.398,13.510,0.018,32.465
2026-09-02T08:03:28.863105+07:00,c9_sim,531,5.045,13.882,0.360,12.514,0.018,31.820
2026-09-02T08:03:28.890218+07:00,c9_sim,532,4.637,13.065,0.315,13.124,0.016,31.157
2026-09-02T08:03:28.915262+07:00,c9_sim,533,4.751,12.661,0.331,11.437,0.015,29.196
2026-09-02T08:03:28.939343+07:00,c9_sim,534,5.093,12.122,0.367,10.970,0.023,28.574
2026-09-02T08:03:28.963110+07:00,c9_sim,535,4.540,11.882,0.326,10.680,0.015,27.443
2026-09-02T08:03:28.987600+07:00,c9_sim,536,4.957,12.112,0.345,11.455,0.015,28.884
2026-09-02T08:03:29.010404+07:00,c9_sim,537,4.783,10.917,0.334,10.925,0.014,26.974
2026-09-02T08:03:29.034899+07:00,c9_sim,538,4.943,12.391,0.367,11.046,0.016,28.763
2026-09-02T08:03:29.057921+07:00,c9_sim,539,4.455,10.770,0.391,11.264,0.016,26.896
2026-09-02T08:03:29.080980+07:00,c9_sim,540,4.456,11.409,0.326,10.657,0.015,26.863
2026-09-02T08:03:29.104818+07:00,c9_sim,541,4.618,11.467,0.337,11.244,0.013,27.680
2026-09-02T08:03:29.127941+07:00,c9_sim,542,5.434,11.699,0.352,10.444,0.015,27.944
2026-09-02T08:03:29.151077+07:00,c9_sim,543,4.583,11.273,0.341,10.934,0.014,27.145
2026-09-02T08:03:29.175597+07:00,c9_sim,544,5.028,12.889,0.373,10.622,0.016,28.928
2026-09-02T08:03:29.198257+07:00,c9_sim,545,4.341,10.760,0.343,10.882,0.015,26.339
2026-09-02T08:03:29.221350+07:00,c9_sim,546,4.858,11.030,0.308,11.155,0.017,27.368
2026-09-02T08:03:29.244379+07:00,c9_sim,547,4.761,10.870,0.336,11.170,0.017,27.154
2026-09-02T08:03:29.270283+07:00,c9_sim,548,4.664,12.941,0.474,11.822,0.018,29.920
2026-09-02T08:03:29.295854+07:00,c9_sim,549,4.734,12.639,0.407,11.809,0.017,29.606
2026-09-02T08:03:29.321468+07:00,c9_sim,550,4.771,12.788,0.402,11.743,0.015,29.719
2026-09-02T08:03:29.347121+07:00,c9_sim,551,4.660,12.335,0.405,12.210,0.014,29.625
2026-09-02T08:03:29.373100+07:00,c9_sim,552,4.381,13.031,0.372,11.868,0.016,29.667
2026-09-02T08:03:29.398789+07:00,c9_sim,553,4.605,12.049,0.413,12.573,0.021,29.661
2026-09-02T08:03:29.428327+07:00,c9_sim,554,4.351,14.119,0.414,14.217,0.056,33.157
2026-09-02T08:03:29.458096+07:00,c9_sim,555,4.522,14.909,0.487,13.566,0.020,33.505
2026-09-02T08:03:29.488218+07:00,c9_sim,556,4.523,14.239,0.509,14.442,0.034,33.748
2026-09-02T08:03:29.519400+07:00,c9_sim,557,4.318,15.359,0.516,14.375,0.024,34.591
2026-09-02T08:03:29.549876+07:00,c9_sim,558,4.463,14.531,0.491,14.561,0.021,34.068
2026-09-02T08:03:29.586742+07:00,c9_sim,559,4.408,14.553,0.759,20.262,0.056,40.038
2026-09-02T08:03:29.628482+07:00,c9_sim,560,4.677,20.536,0.834,19.208,0.068,45.323
2026-09-02T08:03:29.668920+07:00,c9_sim,561,4.271,20.074,0.798,18.531,0.043,43.717
2026-09-02T08:03:29.707896+07:00,c9_sim,562,4.463,18.946,0.856,18.240,0.038,42.543
2026-09-02T08:03:29.747020+07:00,c9_sim,563,5.162,18.860,0.753,18.527,0.046,43.348
2026-09-02T08:03:29.784031+07:00,c9_sim,564,5.139,20.293,0.700,14.918,0.026,41.076
2026-09-02T08:03:29.818953+07:00,c9_sim,565,5.153,16.307,0.491,17.079,0.022,39.053
2026-09-02T08:03:29.851903+07:00,c9_sim,566,4.915,15.724,0.425,15.830,0.021,36.914
2026-09-02T08:03:29.883035+07:00,c9_sim,567,5.064,13.565,0.409,16.457,0.019,35.515
2026-09-02T08:03:29.915348+07:00,c9_sim,568,4.947,14.647,0.356,16.596,0.018,36.564
2026-09-02T08:03:29.950936+07:00,c9_sim,569,5.790,16.308,0.423,18.152,0.016,40.689
2026-09-02T08:03:29.991566+07:00,c9_sim,570,6.334,19.847,0.380,19.758,0.018,46.337
2026-09-02T08:03:30.033408+07:00,c9_sim,571,6.291,20.982,0.351,19.735,0.017,47.376
2026-09-02T08:03:30.074429+07:00,c9_sim,572,6.499,19.922,0.414,19.973,0.024,46.833
2026-09-02T08:03:30.108584+07:00,c9_sim,573,6.500,16.652,0.381,16.374,0.017,39.925
2026-09-02T08:03:30.141759+07:00,c9_sim,574,6.628,15.870,0.334,16.270,0.016,39.118
2026-09-02T08:03:30.173626+07:00,c9_sim,575,6.573,15.825,0.461,14.803,0.018,37.680
2026-09-02T08:03:30.203784+07:00,c9_sim,576,6.973,14.408,0.396,14.606,0.021,36.405
2026-09-02T08:03:30.235808+07:00,c9_sim,577,7.421,14.965,0.372,15.779,0.019,38.555
2026-09-02T08:03:30.264192+07:00,c9_sim,578,6.770,13.155,0.449,13.478,0.018,33.870
2026-09-02T08:03:30.293420+07:00,c9_sim,579,7.235,14.204,0.347,14.089,0.017,35.891
2026-09-02T08:03:30.320468+07:00,c9_sim,580,7.264,12.585,0.364,13.464,0.019,33.696
2026-09-02T08:03:30.346638+07:00,c9_sim,581,6.878,12.659,0.327,12.529,0.019,32.411
2026-09-02T08:03:30.375546+07:00,c9_sim,582,7.583,13.987,0.337,13.984,0.018,35.908
2026-09-02T08:03:30.403536+07:00,c9_sim,583,6.162,12.986,0.466,13.892,0.028,33.534
2026-09-02T08:03:30.433140+07:00,c9_sim,584,5.122,15.176,0.630,12.580,0.028,33.536
2026-09-02T08:03:30.460059+07:00,c9_sim,585,4.980,12.856,0.425,12.997,0.017,31.274
2026-09-02T08:03:30.488137+07:00,c9_sim,586,4.530,13.449,0.399,13.461,0.017,31.857
2026-09-02T08:03:30.516648+07:00,c9_sim,587,5.007,13.380,0.434,13.955,0.018,32.793
2026-09-02T08:03:30.544195+07:00,c9_sim,588,4.565,12.410,0.343,14.145,0.016,31.479
2026-09-02T08:03:30.574793+07:00,c9_sim,589,4.679,14.561,0.350,15.054,0.015,34.659
2026-09-02T08:03:30.606521+07:00,c9_sim,590,4.513,15.615,0.374,15.104,0.015,35.621
2026-09-02T08:03:30.638652+07:00,c9_sim,591,4.902,16.354,0.391,14.728,0.016,36.390
2026-09-02T08:03:30.668059+07:00,c9_sim,592,4.461,14.324,0.344,14.094,0.017,33.241
2026-09-02T08:03:30.698072+07:00,c9_sim,593,4.642,14.339,0.401,14.607,0.019,34.007
2026-09-02T08:03:30.726547+07:00,c9_sim,594,4.920,13.476,0.350,13.959,0.019,32.724
2026-09-02T08:03:30.754764+07:00,c9_sim,595,4.471,13.156,0.332,14.112,0.018,32.088
2026-09-02T08:03:30.783746+07:00,c9_sim,596,4.535,13.056,0.361,14.884,0.033,32.870
2026-09-02T08:03:30.798916+07:00,c8_sim,247,5.539,13.721,0.778,0.000,0.005,20.043
2026-09-02T08:03:30.858882+07:00,c8_sim,248,5.107,12.595,0.000,0.000,0.004,17.705
2026-09-02T08:03:30.926093+07:00,c8_sim,249,5.692,17.046,0.000,0.000,0.004,22.742
2026-09-02T08:03:30.968212+07:00,c8_sim,250,6.646,16.984,0.000,0.000,0.004,23.635
2026-09-02T08:03:31.016429+07:00,c8_sim,251,7.701,21.576,0.716,0.000,0.004,29.997
2026-09-02T08:03:31.060468+07:00,c8_sim,252,6.652,21.724,0.000,0.000,0.003,28.379
2026-09-02T08:03:31.134552+07:00,c8_sim,253,7.557,28.468,0.000,0.000,0.008,36.034
2026-09-02T08:03:31.189401+07:00,c8_sim,254,7.861,30.275,0.000,0.000,0.004,38.140
2026-09-02T08:03:31.253625+07:00,c8_sim,255,8.947,38.978,0.000,0.000,0.006,47.931
2026-09-02T08:03:31.285334+07:00,c8_sim,256,10.264,31.385,0.000,0.000,0.007,41.656
2026-09-02T08:03:31.340087+07:00,c8_sim,257,8.412,29.529,0.000,0.000,0.005,37.946
2026-09-02T08:03:31.395662+07:00,c8_sim,258,8.444,30.328,0.000,0.000,0.004,38.776
2026-09-02T08:03:31.426187+07:00,c8_sim,259,8.712,30.402,0.000,0.000,0.004,39.118
2026-09-02T08:03:31.487420+07:00,c8_sim,260,7.979,33.017,0.836,0.000,0.005,41.837
2026-09-02T08:03:31.541934+07:00,c8_sim,261,8.329,29.251,0.000,0.000,0.012,37.592
2026-09-02T08:03:31.584566+07:00,c8_sim,262,7.146,18.518,0.745,0.000,0.006,26.414
2026-09-02T08:03:31.629626+07:00,c8_sim,263,7.340,17.925,0.619,0.000,0.004,25.887
2026-09-02T08:03:31.689246+07:00,c8_sim,264,8.922,16.141,0.551,16.741,0.256,42.611
2026-09-02T08:03:31.751836+07:00,c8_sim,265,6.626,16.285,0.790,19.487,0.016,43.204
2026-09-02T08:03:31.790878+07:00,c8_sim,266,6.611,18.055,0.507,19.622,0.016,44.812
2026-09-02T08:03:31.862176+07:00,c8_sim,267,6.925,23.963,0.655,24.046,0.013,55.602
2026-09-02T08:03:31.904108+07:00,c8_sim,268,6.565,16.635,0.587,23.881,0.014,47.682
2026-09-02T08:03:31.948012+07:00,c8_sim,269,6.693,20.010,0.524,22.379,0.018,49.624
2026-09-02T08:03:32.015258+07:00,c8_sim,270,6.540,19.381,0.617,21.225,0.031,47.794
2026-09-02T08:03:32.053275+07:00,c8_sim,271,8.245,17.738,0.621,18.428,0.013,45.046
2026-09-02T08:03:32.091636+07:00,c8_sim,272,6.533,16.661,0.612,20.143,0.013,43.962
2026-09-02T08:03:32.156055+07:00,c8_sim,273,7.659,17.567,0.583,20.312,0.013,46.135
2026-09-02T08:03:32.193133+07:00,c8_sim,274,7.280,16.934,0.554,18.768,0.019,43.554
2026-09-02T08:03:32.258803+07:00,c8_sim,275,7.731,19.834,0.597,20.627,0.013,48.802
2026-09-02T08:03:32.302800+07:00,c8_sim,276,7.612,22.032,0.571,20.449,0.012,50.676
2026-09-02T08:03:32.375542+07:00,c8_sim,277,7.318,22.197,0.728,23.726,0.015,53.983
2026-09-02T08:03:32.428831+07:00,c8_sim,278,9.411,24.592,1.120,26.253,0.021,61.397
2026-09-02T08:03:32.466036+07:00,c8_sim,279,7.715,17.332,0.664,18.458,0.014,44.184
2026-09-02T08:03:32.504261+07:00,c8_sim,280,7.077,18.338,0.537,17.842,0.020,43.814
2026-09-02T08:03:32.570335+07:00,c8_sim,281,7.383,20.304,0.763,18.990,0.023,47.462
2026-09-02T08:03:32.609851+07:00,c8_sim,282,7.955,18.617,0.539,19.375,0.026,46.513
2026-09-02T08:03:32.680817+07:00,c8_sim,283,7.675,21.412,0.810,22.762,0.025,52.685
2026-09-02T08:03:32.718164+07:00,c8_sim,284,9.277,17.576,0.652,18.120,0.028,45.653
2026-09-02T08:03:32.756279+07:00,c8_sim,285,7.602,17.114,0.561,19.453,0.020,44.750
2026-09-02T08:03:32.819350+07:00,c8_sim,286,7.514,17.003,0.605,19.409,0.024,44.555
2026-09-02T08:03:32.854571+07:00,c8_sim,287,6.724,16.005,0.631,17.660,0.024,41.043
2026-09-02T08:03:32.921618+07:00,c8_sim,288,7.105,19.203,0.596,21.253,0.043,48.200
2026-09-02T08:03:32.962274+07:00,c8_sim,289,10.561,19.380,0.728,19.560,0.034,50.264
2026-09-02T08:03:33.026417+07:00,c8_sim,290,7.387,19.621,0.660,18.351,0.162,46.180
2026-09-02T08:03:33.083537+07:00,c8_sim,291,8.165,19.572,0.617,19.182,0.029,47.565
2026-09-02T08:03:33.120542+07:00,c8_sim,292,7.295,16.621,0.580,19.007,0.072,43.576
2026-09-02T08:03:33.186110+07:00,c8_sim,293,17.391,19.972,0.547,20.941,0.031,58.883
2026-09-02T08:03:33.229680+07:00,c8_sim,294,7.431,21.172,0.511,21.130,0.042,50.286
2026-09-02T08:03:33.269792+07:00,c8_sim,295,7.028,17.964,0.562,20.074,0.035,45.662
2026-09-02T08:03:33.307112+07:00,c8_sim,296,7.291,17.985,0.658,17.750,0.035,43.719
2026-09-02T08:03:33.374287+07:00,c8_sim,297,7.422,21.046,0.601,19.436,0.032,48.537
2026-09-02T08:03:33.418687+07:00,c8_sim,298,6.950,21.309,0.577,21.505,0.024,50.366
2026-09-02T08:03:33.491211+07:00,c8_sim,299,6.830,22.946,0.674,20.937,0.023,51.409
2026-09-02T08:03:33.534804+07:00,c8_sim,300,7.149,18.545,0.462,23.898,0.031,50.086
2026-09-02T08:03:33.572284+07:00,c8_sim,301,6.672,17.879,0.420,18.295,0.015,43.281
2026-09-02T08:03:33.635210+07:00,c8_sim,302,6.883,18.171,0.426,21.587,0.030,47.097
2026-09-02T08:03:33.677536+07:00,c8_sim,303,6.842,19.147,0.434,21.970,0.026,48.419
2026-09-02T08:03:33.745407+07:00,c8_sim,304,7.084,19.695,0.464,21.924,0.022,49.190
2026-09-02T08:03:33.779570+07:00,c8_sim,305,6.917,16.463,0.427,16.453,0.026,40.287
2026-09-02T08:03:33.815107+07:00,c8_sim,306,6.760,17.743,0.419,16.615,0.036,41.572
2026-09-02T08:03:33.878615+07:00,c8_sim,307,7.034,18.553,0.431,18.480,0.027,44.525
2026-09-02T08:03:33.938836+07:00,c8_sim,308,7.099,15.612,0.414,18.401,0.021,41.548
2026-09-02T08:03:33.972075+07:00,c8_sim,309,6.893,15.576,0.478,16.378,0.017,39.342
2026-09-02T08:03:34.033765+07:00,c8_sim,310,6.758,17.438,0.390,17.915,0.032,42.534
2026-09-02T08:03:34.099002+07:00,c8_sim,311,6.869,20.381,0.535,20.407,0.019,48.211
2026-09-02T08:03:34.139231+07:00,c8_sim,312,6.945,18.150,0.404,20.954,0.016,46.469
2026-09-02T08:03:34.177729+07:00,c8_sim,313,6.837,18.125,0.392,19.284,0.024,44.661
2026-09-02T08:03:34.245390+07:00,c8_sim,314,6.938,20.644,0.532,20.607,0.018,48.739
2026-09-02T08:03:34.280427+07:00,c8_sim,315,6.718,17.475,0.398,16.552,0.016,41.159
2026-09-02T08:03:34.343193+07:00,c8_sim,316,6.694,17.708,0.373,18.685,0.029,43.490
2026-09-02T08:03:34.379589+07:00,c8_sim,317,7.045,17.704,0.430,17.238,0.018,42.435
2026-09-02T08:03:34.444764+07:00,c8_sim,318,6.746,19.359,0.388,19.445,0.020,45.957
2026-09-02T08:03:34.482257+07:00,c8_sim,319,7.013,18.547,0.362,17.696,0.027,43.645
2026-09-02T08:03:34.543778+07:00,c8_sim,320,7.226,18.826,0.475,18.158,0.019,44.703
2026-09-02T08:03:34.579854+07:00,c8_sim,321,6.737,17.544,0.366,17.071,0.017,41.734
2026-09-02T08:03:34.644850+07:00,c8_sim,322,6.698,19.299,0.398,19.305,0.019,45.719
2026-09-02T08:03:34.681023+07:00,c8_sim,323,6.658,17.997,0.343,16.975,0.019,41.992
2026-09-02T08:03:34.743870+07:00,c8_sim,324,6.947,18.120,0.410,18.372,0.018,43.866
2026-09-02T08:03:34.780067+07:00,c8_sim,325,6.626,17.090,0.385,17.655,0.034,41.790
2026-09-02T08:03:34.849656+07:00,c8_sim,326,6.694,20.891,0.501,22.100,0.027,50.212
2026-09-02T08:03:34.891396+07:00,c8_sim,327,6.771,21.024,0.406,19.385,0.018,47.605
2026-09-02T08:03:34.957125+07:00,c8_sim,328,6.818,23.082,0.464,20.124,0.036,50.524
2026-09-02T08:03:35.002318+07:00,c8_sim,329,6.879,19.458,0.419,24.530,0.025,51.312
2026-09-02T08:03:35.041171+07:00,c8_sim,330,6.922,18.747,0.477,18.711,0.019,44.876
2026-09-02T08:03:35.106358+07:00,c8_sim,331,6.832,21.571,0.438,19.637,0.019,48.497
2026-09-02T08:03:35.149209+07:00,c8_sim,332,7.083,20.554,0.392,20.817,0.022,48.868
2026-09-02T08:03:35.221165+07:00,c8_sim,333,6.543,24.140,0.573,21.210,0.019,52.484
2026-09-02T08:03:35.239708+07:00,c8_sim,334,6.895,18.402,0.000,0.000,0.009,25.306
2026-09-02T08:03:35.288859+07:00,c8_sim,335,7.082,24.149,0.000,0.000,0.006,31.238
2026-09-02T08:03:35.338962+07:00,c8_sim,336,7.040,25.830,0.000,0.000,0.007,32.876
2026-09-02T08:03:35.386752+07:00,c8_sim,337,9.488,26.432,0.000,0.000,0.008,35.927
2026-09-02T08:03:35.479086+07:00,c8_sim,338,8.454,31.484,0.669,33.742,0.035,74.384
2026-09-02T08:03:35.494422+07:00,c8_sim,339,9.333,15.179,0.000,0.000,0.006,24.518
2026-09-02T08:03:35.535458+07:00,c8_sim,340,8.367,15.881,0.000,0.000,0.008,24.256
2026-09-02T08:03:35.580020+07:00,c8_sim,341,7.879,19.413,0.000,0.000,0.007,27.298
2026-09-02T08:03:35.652996+07:00,c8_sim,342,8.394,22.636,0.000,0.000,0.009,31.040
