timestamp,camera_id,frame_id,decode_ms,detection_ms,tracking_ms,reid_ms,matching_ms,total_ai_ms
2026-09-02T08:04:09.199694+07:00,c8_sim,1,12.526,574.701,4.192,419.950,0.171,1011.540
2026-09-02T08:04:09.288841+07:00,c8_sim,2,6.799,55.817,4.477,24.731,0.142,91.965
2026-09-02T08:04:09.356597+07:00,c8_sim,3,13.403,39.381,0.598,24.642,0.068,78.092
2026-09-02T08:04:09.416204+07:00,c8_sim,4,9.052,35.363,0.422,22.345,0.015,67.198
2026-09-02T08:04:09.482789+07:00,c8_sim,5,8.521,37.261,0.488,21.112,0.017,67.400
2026-09-02T08:04:09.533553+07:00,c8_sim,6,8.780,27.193,0.441,21.493,0.017,57.925
2026-09-02T08:04:09.625273+07:00,c8_sim,7,8.745,64.348,0.587,25.109,0.111,98.901
2026-09-02T08:04:09.670947+07:00,c8_sim,8,8.444,17.607,0.624,25.379,0.019,52.074
2026-09-02T08:04:09.721999+07:00,c8_sim,9,9.264,28.123,0.496,21.240,0.069,59.192
2026-09-02T08:04:09.760503+07:00,c8_sim,10,9.382,16.097,0.430,20.756,0.065,46.730
2026-09-02T08:04:09.798997+07:00,c8_sim,11,9.233,16.557,0.471,20.198,0.016,46.474
2026-09-02T08:04:09.835911+07:00,c8_sim,12,6.836,16.930,0.423,18.520,0.019,42.728
2026-09-02T08:04:09.872894+07:00,c8_sim,13,6.840,17.260,0.422,18.050,0.017,42.590
2026-09-02T08:04:09.911963+07:00,c8_sim,14,7.106,18.675,0.435,18.682,0.018,44.915
2026-09-02T08:04:09.952344+07:00,c8_sim,15,7.023,20.194,0.384,18.479,0.015,46.096
2026-09-02T08:04:09.993040+07:00,c8_sim,16,6.859,20.434,0.431,18.433,0.077,46.234
2026-09-02T08:04:10.040987+07:00,c8_sim,17,7.245,25.689,0.497,20.165,0.089,53.686
2026-09-02T08:04:10.107034+07:00,c8_sim,18,6.988,41.540,0.545,22.346,0.033,71.451
2026-09-02T08:04:10.189333+07:00,c8_sim,19,6.708,29.741,0.560,26.315,0.146,63.470
2026-09-02T08:04:10.304548+07:00,c8_sim,20,6.776,36.429,0.553,29.449,0.034,73.240
2026-09-02T08:04:10.372641+07:00,c8_sim,21,7.583,16.865,0.552,23.460,0.065,48.525
2026-09-02T08:04:10.499204+07:00,c8_sim,22,8.220,21.472,0.569,25.256,0.040,55.557
2026-09-02T08:04:10.644501+07:00,c8_sim,23,8.647,42.741,0.656,29.519,0.126,81.690
2026-09-02T08:04:10.707337+07:00,c8_sim,24,7.395,15.366,0.465,18.740,0.028,41.995
2026-09-02T08:04:10.826579+07:00,c8_sim,25,7.745,21.534,0.470,18.688,0.032,48.469
2026-09-02T08:04:10.928974+07:00,c8_sim,26,6.965,28.278,0.425,21.373,0.022,57.064
2026-09-02T08:04:11.041055+07:00,c8_sim,27,6.899,33.118,0.575,25.958,0.029,66.579
2026-09-02T08:04:11.157097+07:00,c8_sim,28,6.816,34.825,0.592,26.973,0.151,69.358
2026-09-02T08:04:11.271059+07:00,c8_sim,29,7.061,36.562,0.572,26.627,0.054,70.877
2026-09-02T08:04:11.368860+07:00,c8_sim,30,7.212,27.743,0.436,18.388,0.023,53.802
2026-09-02T08:04:11.451783+07:00,c8_sim,31,6.840,16.036,0.434,18.339,0.019,41.667
2026-09-02T08:04:11.573614+07:00,c8_sim,32,6.967,23.423,0.543,20.947,0.035,51.915
2026-09-02T08:04:11.715339+07:00,c8_sim,33,8.698,36.195,0.687,25.063,0.030,70.672
2026-09-02T08:04:11.772550+07:00,c8_sim,34,7.166,15.576,0.436,17.798,0.020,40.995
2026-09-02T08:04:11.895889+07:00,c8_sim,35,7.765,21.969,0.874,24.599,0.035,55.242
2026-09-02T08:04:12.037251+07:00,c8_sim,36,8.382,32.899,0.894,28.431,0.039,70.645
2026-09-02T08:04:12.118177+07:00,c8_sim,37,6.967,30.738,0.581,23.859,0.034,62.179
2026-09-02T08:04:12.226713+07:00,c8_sim,38,7.925,30.376,0.575,23.567,0.026,62.469
2026-09-02T08:04:12.337520+07:00,c8_sim,39,7.887,32.103,0.552,23.847,0.031,64.421
2026-09-02T08:04:12.449397+07:00,c8_sim,40,7.933,32.788,0.788,24.880,0.015,66.404
2026-09-02T08:04:12.545189+07:00,c8_sim,41,6.874,20.217,0.518,21.558,0.016,49.182
2026-09-02T08:04:12.666892+07:00,c8_sim,42,10.385,23.925,0.545,22.418,0.019,57.291
2026-09-02T08:04:12.770858+07:00,c8_sim,43,8.775,28.255,0.570,23.542,0.027,61.168
2026-09-02T08:04:12.878586+07:00,c8_sim,44,9.090,31.480,0.768,24.380,0.016,65.734
2026-09-02T08:04:12.964611+07:00,c8_sim,45,9.129,15.179,0.459,20.694,0.013,45.474
2026-09-02T08:04:13.104875+07:00,c8_sim,46,8.796,36.202,0.700,24.756,0.029,70.484
2026-09-02T08:04:13.200058+07:00,c8_sim,47,7.725,19.336,0.519,21.941,0.021,49.541
2026-09-02T08:04:13.294956+07:00,c8_sim,48,8.811,21.238,0.580,21.214,0.026,51.869
2026-09-02T08:04:13.433588+07:00,c8_sim,49,7.693,32.324,0.827,25.991,0.017,66.852
2026-09-02T08:04:13.526505+07:00,c8_sim,50,7.648,18.667,0.435,20.439,0.015,47.204
2026-09-02T08:04:13.597618+07:00,c8_sim,51,9.143,17.235,0.484,0.000,0.007,26.870
2026-09-02T08:04:13.735005+07:00,c8_sim,52,15.029,35.225,0.907,0.007,0.186,51.355
2026-09-02T08:04:13.847736+07:00,c8_sim,53,16.339,36.732,0.000,0.000,0.027,53.098
2026-09-02T08:04:13.956903+07:00,c8_sim,54,13.796,33.712,0.000,0.000,0.023,47.531
2026-09-02T08:04:14.070398+07:00,c8_sim,55,17.262,34.693,0.000,0.000,0.023,51.978
2026-09-02T08:04:14.175025+07:00,c8_sim,56,14.903,35.729,0.000,0.000,0.022,50.654
2026-09-02T08:04:14.293902+07:00,c9_sim,1,6.180,40.324,0.553,27.535,0.145,74.737
2026-09-02T08:04:14.406986+07:00,c9_sim,2,5.814,32.277,0.835,26.230,0.131,65.286
2026-09-02T08:04:14.488880+07:00,c9_sim,3,4.939,29.900,0.584,23.653,0.120,59.196
2026-09-02T08:04:14.601771+07:00,c9_sim,4,5.546,32.024,0.835,26.835,0.012,65.253
2026-09-02T08:04:14.711636+07:00,c9_sim,5,5.983,34.529,0.875,26.451,0.115,67.953
2026-09-02T08:04:14.773657+07:00,c9_sim,6,4.901,15.176,0.470,18.999,0.015,39.561
2026-09-02T08:04:14.899012+07:00,c9_sim,7,5.587,21.735,0.662,24.430,0.018,52.432
2026-09-02T08:04:15.008653+07:00,c9_sim,8,5.511,29.130,0.845,26.351,0.011,61.848
2026-09-02T08:04:15.126827+07:00,c9_sim,9,6.320,35.786,0.892,27.811,0.028,70.836
2026-09-02T08:04:15.209657+07:00,c9_sim,10,4.746,30.823,0.560,23.616,0.017,59.763
2026-09-02T08:04:15.312558+07:00,c9_sim,11,5.288,31.391,0.578,21.439,0.014,58.711
2026-09-02T08:04:15.398721+07:00,c9_sim,12,5.603,15.840,0.509,20.400,0.012,42.364
2026-09-02T08:04:15.523592+07:00,c9_sim,13,5.888,24.143,0.629,24.293,0.011,54.964
2026-09-02T08:04:15.618221+07:00,c9_sim,14,6.184,21.981,0.491,19.960,0.012,48.628
2026-09-02T08:04:15.709957+07:00,c9_sim,15,4.781,20.911,0.763,21.471,0.017,47.943
2026-09-02T08:04:15.854423+07:00,c9_sim,16,5.802,35.446,0.632,29.005,0.032,70.917
2026-09-02T08:04:15.942722+07:00,c9_sim,17,4.965,33.389,0.737,26.466,0.042,65.599
2026-09-02T08:04:16.061354+07:00,c9_sim,18,4.950,34.603,0.821,29.366,0.030,69.771
2026-09-02T08:04:16.125310+07:00,c9_sim,19,5.046,15.543,0.615,20.255,0.027,41.486
2026-09-02T08:04:16.250978+07:00,c9_sim,20,6.645,25.225,0.593,20.360,0.027,52.851
2026-09-02T08:04:16.346552+07:00,c9_sim,21,5.458,19.982,0.560,21.768,0.021,47.788
2026-09-02T08:04:16.449427+07:00,c9_sim,22,5.825,24.214,0.682,24.811,0.024,55.556
2026-09-02T08:04:16.554290+07:00,c9_sim,23,6.167,27.737,0.594,23.294,0.022,57.814
2026-09-02T08:04:16.662518+07:00,c9_sim,24,6.112,34.182,0.576,21.590,0.019,62.478
2026-09-02T08:04:16.752774+07:00,c9_sim,25,5.418,16.779,0.482,19.679,0.020,42.378
2026-09-02T08:04:16.845285+07:00,c9_sim,26,6.335,19.065,0.495,19.934,0.019,45.848
2026-09-02T08:04:16.973387+07:00,c9_sim,27,6.228,25.127,0.736,23.978,0.013,56.083
2026-09-02T08:04:17.070387+07:00,c9_sim,28,6.228,22.008,0.520,21.162,0.017,49.934
2026-09-02T08:04:17.172222+07:00,c9_sim,29,5.358,25.073,0.752,24.835,0.022,56.039
2026-09-02T08:04:17.277663+07:00,c9_sim,30,5.480,32.068,0.641,23.573,0.036,61.798
2026-09-02T08:04:17.367294+07:00,c9_sim,31,5.462,17.557,0.544,21.072,0.019,44.654
2026-09-02T08:04:17.461756+07:00,c9_sim,32,5.364,17.095,0.649,23.588,0.016,46.712
2026-09-02T08:04:17.583235+07:00,c9_sim,33,7.095,23.499,0.616,21.425,0.014,52.650
2026-09-02T08:04:17.679449+07:00,c9_sim,34,6.959,21.344,0.568,21.504,0.024,50.398
2026-09-02T08:04:17.790936+07:00,c9_sim,35,6.469,30.649,0.926,26.256,0.039,64.339
2026-09-02T08:04:17.912870+07:00,c9_sim,36,6.038,38.135,0.781,29.280,0.038,74.272
2026-09-02T08:04:17.979433+07:00,c9_sim,37,5.344,16.760,0.751,26.062,0.028,48.944
2026-09-02T08:04:18.100034+07:00,c9_sim,38,5.188,23.387,0.473,20.739,0.030,49.816
2026-09-02T08:04:18.204479+07:00,c9_sim,39,5.371,27.627,0.562,27.344,0.035,60.939
2026-09-02T08:04:18.308488+07:00,c9_sim,40,5.009,32.303,0.478,20.615,0.029,58.433
2026-09-02T08:04:18.401198+07:00,c9_sim,41,5.479,19.136,0.507,21.654,0.028,46.804
2026-09-02T08:04:18.495057+07:00,c9_sim,42,5.245,21.667,0.745,22.048,0.025,49.729
2026-09-02T08:04:18.628941+07:00,c9_sim,43,6.670,32.656,0.613,24.614,0.028,64.581
2026-09-02T08:04:18.725525+07:00,c9_sim,44,6.099,19.775,0.610,22.381,0.039,48.904
2026-09-02T08:04:18.819138+07:00,c9_sim,45,5.630,23.818,0.604,22.846,0.028,52.926
2026-09-02T08:04:18.918665+07:00,c9_sim,46,6.293,29.557,0.647,22.670,0.038,59.205
2026-09-02T08:04:19.048071+07:00,c9_sim,47,6.623,32.235,0.622,26.650,0.029,66.158
2026-09-02T08:04:19.113235+07:00,c9_sim,48,5.380,17.665,0.525,19.549,0.028,43.147
2026-09-02T08:04:19.243798+07:00,c9_sim,49,6.164,23.936,0.633,26.580,0.030,57.343
2026-09-02T08:04:19.352195+07:00,c9_sim,50,5.521,31.434,0.594,25.590,0.035,63.173
2026-09-02T08:04:19.436000+07:00,c9_sim,51,5.852,36.013,0.588,19.707,0.025,62.185
2026-09-02T08:04:19.554534+07:00,c9_sim,52,6.808,20.802,0.655,25.509,0.038,53.812
2026-09-02T08:04:19.654579+07:00,c9_sim,53,5.552,28.477,0.715,21.261,0.029,56.034
2026-09-02T08:04:19.764306+07:00,c9_sim,54,5.513,30.764,0.754,26.546,0.026,63.603
2026-09-02T08:04:19.853971+07:00,c9_sim,55,5.685,18.573,0.581,21.620,0.027,46.485
2026-09-02T08:04:19.955221+07:00,c9_sim,56,6.357,20.904,0.622,26.317,0.030,54.230
2026-09-02T08:04:20.049309+07:00,c9_sim,57,6.285,26.056,0.885,21.836,0.029,55.090
2026-09-02T08:04:20.198444+07:00,c9_sim,58,6.381,50.413,0.901,25.103,0.024,82.822
2026-09-02T08:04:20.262194+07:00,c9_sim,59,4.663,17.039,0.433,19.579,0.027,41.740
2026-09-02T08:04:20.349740+07:00,c9_sim,60,5.365,17.810,0.477,20.712,0.054,44.419
2026-09-02T08:04:20.481563+07:00,c9_sim,61,5.545,32.821,0.718,25.813,0.027,64.924
2026-09-02T08:04:20.589348+07:00,c9_sim,62,5.543,33.453,0.598,28.082,0.035,67.711
2026-09-02T08:04:20.694164+07:00,c9_sim,63,6.182,30.218,0.744,22.197,0.024,59.364
2026-09-02T08:04:20.760157+07:00,c9_sim,64,5.257,18.287,0.588,20.634,0.023,44.788
2026-09-02T08:04:20.879021+07:00,c9_sim,65,4.871,21.415,0.465,19.738,0.035,46.525
2026-09-02T08:04:20.989244+07:00,c9_sim,66,5.025,33.245,0.610,25.675,0.023,64.579
2026-09-02T08:04:21.095568+07:00,c9_sim,67,5.092,31.721,0.548,24.844,0.045,62.250
2026-09-02T08:04:21.179051+07:00,c9_sim,68,4.786,16.638,0.436,18.269,0.021,40.150
2026-09-02T08:04:21.296612+07:00,c9_sim,69,5.277,21.471,0.470,19.304,0.028,46.550
2026-09-02T08:04:21.393687+07:00,c9_sim,70,5.747,27.752,0.579,21.417,0.018,55.512
2026-09-02T08:04:21.505775+07:00,c9_sim,71,6.606,32.314,0.555,25.682,0.020,65.178
2026-09-02T08:04:21.614406+07:00,c9_sim,72,5.893,31.945,0.585,22.780,0.021,61.224
2026-09-02T08:04:21.703368+07:00,c9_sim,73,5.057,16.372,0.449,19.432,0.018,41.329
2026-09-02T08:04:21.794492+07:00,c9_sim,74,6.258,18.191,0.418,19.517,0.018,44.402
2026-09-02T08:04:21.912413+07:00,c9_sim,75,5.695,24.570,0.486,21.934,0.020,52.705
2026-09-02T08:04:22.024806+07:00,c9_sim,76,5.736,31.884,0.568,27.187,0.022,65.398
2026-09-02T08:04:22.137603+07:00,c9_sim,77,8.712,38.173,0.578,22.690,0.036,70.188
2026-09-02T08:04:22.214318+07:00,c9_sim,78,5.225,27.222,0.517,21.980,0.028,54.972
2026-09-02T08:04:22.334664+07:00,c9_sim,79,5.546,19.811,0.577,25.637,0.027,51.598
2026-09-02T08:04:22.433032+07:00,c9_sim,80,6.739,22.887,0.724,25.216,0.020,55.584
2026-09-02T08:04:22.534602+07:00,c9_sim,81,6.225,28.556,0.646,23.363,0.023,58.812
2026-09-02T08:04:22.617315+07:00,c9_sim,82,6.215,14.644,0.429,18.776,0.016,40.079
2026-09-02T08:04:22.739548+07:00,c9_sim,83,6.283,21.689,0.584,21.466,0.027,50.049
2026-09-02T08:04:22.848723+07:00,c9_sim,84,6.319,30.763,0.628,24.339,0.021,62.070
2026-09-02T08:04:22.958603+07:00,c9_sim,85,5.679,32.932,0.640,24.007,0.014,63.272
2026-09-02T08:04:23.051110+07:00,c9_sim,86,6.352,19.907,0.621,22.245,0.015,49.140
2026-09-02T08:04:23.139792+07:00,c9_sim,87,5.044,18.904,0.505,18.648,0.021,43.122
2026-09-02T08:04:23.277939+07:00,c9_sim,88,5.763,31.104,0.550,28.102,0.040,65.558
2026-09-02T08:04:23.338415+07:00,c9_sim,89,5.061,14.978,0.374,17.833,0.017,38.263
2026-09-02T08:04:23.461059+07:00,c9_sim,90,6.247,21.897,0.482,21.609,0.019,50.255
2026-09-02T08:04:23.563056+07:00,c9_sim,91,5.685,26.607,0.420,21.628,0.016,54.357
2026-09-02T08:04:23.675558+07:00,c9_sim,92,5.456,34.191,0.497,28.286,0.025,68.454
2026-09-02T08:04:23.767223+07:00,c9_sim,93,5.642,17.613,0.415,19.993,0.017,43.679
2026-09-02T08:04:23.894795+07:00,c9_sim,94,6.394,25.020,0.694,26.754,0.015,58.877
2026-09-02T08:04:23.995064+07:00,c9_sim,95,5.837,26.602,0.856,23.935,0.013,57.243
2026-09-02T08:04:24.100609+07:00,c9_sim,96,6.183,30.640,0.717,24.878,0.016,62.435
2026-09-02T08:04:24.179426+07:00,c9_sim,97,5.500,31.826,0.518,21.408,0.016,59.269
2026-09-02T08:04:24.269550+07:00,c9_sim,98,7.035,16.710,0.506,20.078,0.022,44.350
2026-09-02T08:04:24.389307+07:00,c9_sim,99,6.143,21.428,0.754,23.783,0.022,52.130
2026-09-02T08:04:24.497974+07:00,c9_sim,100,6.166,30.117,0.704,24.672,0.017,61.676
2026-09-02T08:04:24.604462+07:00,c9_sim,101,5.514,27.017,0.370,26.032,0.018,58.952
2026-09-02T08:04:24.690640+07:00,c9_sim,102,4.761,16.933,0.400,16.974,0.019,39.087
2026-09-02T08:04:24.801090+07:00,c9_sim,103,4.618,17.264,0.396,18.162,0.022,40.462
2026-09-02T08:04:24.888983+07:00,c9_sim,104,5.194,20.006,0.446,18.253,0.016,43.915
2026-09-02T08:04:25.026722+07:00,c9_sim,105,6.222,32.175,0.792,27.157,0.037,66.383
2026-09-02T08:04:25.103658+07:00,c9_sim,106,5.598,31.421,0.519,20.314,0.019,57.870
2026-09-02T08:04:25.223806+07:00,c9_sim,107,6.572,22.696,0.614,21.681,0.024,51.587
2026-09-02T08:04:25.316644+07:00,c9_sim,108,4.751,22.517,0.544,20.287,0.037,48.135
2026-09-02T08:04:25.423804+07:00,c9_sim,109,5.195,30.404,0.687,23.958,0.051,60.295
2026-09-02T08:04:25.531070+07:00,c9_sim,110,5.105,32.080,0.551,21.471,0.020,59.225
2026-09-02T08:04:25.620355+07:00,c9_sim,111,4.943,17.624,0.394,18.422,0.020,41.403
2026-09-02T08:04:25.712163+07:00,c9_sim,112,5.011,20.280,0.386,18.067,0.028,43.772
2026-09-02T08:04:25.835177+07:00,c9_sim,113,5.208,28.824,0.587,19.259,0.030,53.908
2026-09-02T08:04:25.945723+07:00,c9_sim,114,5.071,31.294,0.471,26.246,0.019,63.101
2026-09-02T08:04:26.032960+07:00,c9_sim,115,4.947,16.410,0.375,17.416,0.023,39.171
2026-09-02T08:04:26.122377+07:00,c9_sim,116,4.897,18.424,0.349,17.805,0.022,41.496
2026-09-02T08:04:26.254404+07:00,c9_sim,117,5.484,28.084,0.545,24.154,0.025,58.291
2026-09-02T08:04:26.361325+07:00,c9_sim,118,4.833,34.258,0.551,23.468,0.026,63.135
2026-09-02T08:04:26.456424+07:00,c9_sim,119,5.308,17.264,0.676,23.254,0.019,46.521
2026-09-02T08:04:26.546008+07:00,c9_sim,120,6.284,18.908,0.722,20.227,0.023,46.164
2026-09-02T08:04:26.683597+07:00,c9_sim,121,6.262,34.440,0.781,25.691,0.019,67.193
2026-09-02T08:04:26.749407+07:00,c9_sim,122,4.778,15.803,0.473,19.352,0.021,40.427
2026-09-02T08:04:26.876300+07:00,c9_sim,123,5.433,23.915,0.743,24.680,0.016,54.787
2026-09-02T08:04:26.987922+07:00,c9_sim,124,6.710,31.679,0.811,26.222,0.018,65.440
2026-09-02T08:04:27.070644+07:00,c9_sim,125,5.567,31.507,0.567,23.092,0.022,60.755
2026-09-02T08:04:27.182933+07:00,c9_sim,126,7.120,17.113,0.539,20.835,0.021,45.628
2026-09-02T08:04:27.275934+07:00,c9_sim,127,6.428,18.698,0.465,20.723,0.027,46.343
2026-09-02T08:04:27.370953+07:00,c9_sim,128,6.102,20.075,0.585,21.153,0.022,47.936
2026-09-02T08:04:27.505364+07:00,c9_sim,129,6.518,34.687,0.532,24.487,0.026,66.250
2026-09-02T08:04:27.565394+07:00,c9_sim,130,5.337,13.784,0.388,18.706,0.016,38.232
2026-09-02T08:04:27.685112+07:00,c9_sim,131,6.362,21.842,0.403,20.378,0.019,49.004
2026-09-02T08:04:27.818793+07:00,c9_sim,132,7.272,28.234,0.583,25.904,0.015,62.007
2026-09-02T08:04:27.902885+07:00,c9_sim,133,5.654,33.367,0.485,22.661,0.020,62.187
2026-09-02T08:04:28.016334+07:00,c9_sim,134,5.191,36.287,0.637,23.075,0.020,65.210
2026-09-02T08:04:28.113462+07:00,c9_sim,135,5.300,21.508,0.592,22.365,0.013,49.777
2026-09-02T08:04:28.209067+07:00,c9_sim,136,5.611,20.812,0.581,21.033,0.019,48.056
2026-09-02T08:04:28.304941+07:00,c9_sim,137,6.162,23.698,0.454,20.251,0.023,50.588
2026-09-02T08:04:28.403792+07:00,c9_sim,138,5.450,26.609,0.460,18.646,0.018,51.183
2026-09-02T08:04:28.519878+07:00,c9_sim,139,5.996,19.775,0.458,21.228,0.016,47.473
2026-09-02T08:04:28.616378+07:00,c9_sim,140,6.847,22.791,0.508,20.097,0.018,50.261
2026-09-02T08:04:28.753036+07:00,c9_sim,141,7.047,37.061,0.691,24.644,0.031,69.474
2026-09-02T08:04:28.836495+07:00,c9_sim,142,5.662,32.042,0.566,23.203,0.022,61.496
2026-09-02T08:04:28.956056+07:00,c9_sim,143,5.519,39.284,0.793,25.844,0.026,71.466
2026-09-02T08:04:29.039028+07:00,c9_sim,144,5.283,30.354,0.545,24.449,0.022,60.653
2026-09-02T08:04:29.136417+07:00,c9_sim,145,6.030,19.143,0.646,24.192,0.015,50.026
2026-09-02T08:04:29.231237+07:00,c9_sim,146,5.800,20.236,0.449,20.957,0.013,47.455
2026-09-02T08:04:29.350889+07:00,c9_sim,147,5.655,23.841,0.596,21.439,0.020,51.552
2026-09-02T08:04:29.462819+07:00,c9_sim,148,6.257,32.235,0.493,26.351,0.018,65.353
2026-09-02T08:04:29.552801+07:00,c9_sim,149,5.910,14.822,0.478,20.826,0.015,42.052
2026-09-02T08:04:29.643267+07:00,c9_sim,150,6.054,19.497,0.403,20.973,0.028,46.955
2026-09-02T08:04:29.782924+07:00,c9_sim,151,7.130,32.281,0.806,27.173,0.020,67.410
2026-09-02T08:04:29.857257+07:00,c9_sim,152,5.520,26.462,0.495,22.677,0.022,55.176
2026-09-02T08:04:29.962185+07:00,c9_sim,153,6.093,32.138,0.751,23.011,0.012,62.005
2026-09-02T08:04:30.051297+07:00,c9_sim,154,6.574,16.081,0.472,19.822,0.018,42.968
2026-09-02T08:04:30.178781+07:00,c9_sim,155,6.613,24.077,0.866,25.087,0.012,56.657
2026-09-02T08:04:30.288885+07:00,c9_sim,156,6.355,28.653,0.803,26.782,0.020,62.614
2026-09-02T08:04:30.372250+07:00,c9_sim,157,5.421,30.785,0.529,24.512,0.027,61.275
2026-09-02T08:04:30.484023+07:00,c9_sim,158,6.290,35.361,0.584,25.633,0.021,67.890
2026-09-02T08:04:30.597170+07:00,c9_sim,159,6.505,36.913,0.898,21.470,0.013,65.798
2026-09-02T08:04:30.694278+07:00,c9_sim,160,5.399,20.309,0.603,23.535,0.013,49.859
2026-09-02T08:04:30.789054+07:00,c9_sim,161,6.532,21.187,0.616,21.138,0.020,49.493
2026-09-02T08:04:30.885621+07:00,c9_sim,162,6.645,21.963,0.497,21.026,0.019,50.150
2026-09-02T08:04:31.003355+07:00,c9_sim,163,6.304,36.656,0.741,26.676,0.017,70.394
2026-09-02T08:04:31.113986+07:00,c9_sim,164,5.669,34.957,0.833,25.152,0.014,66.625
2026-09-02T08:04:31.175758+07:00,c9_sim,165,5.421,15.602,0.463,18.685,0.016,40.188
2026-09-02T08:04:31.291767+07:00,c9_sim,166,6.421,21.537,0.684,22.829,0.015,51.486
2026-09-02T08:04:31.418686+07:00,c9_sim,167,5.518,28.122,0.625,23.812,0.028,58.104
2026-09-02T08:04:31.526894+07:00,c9_sim,168,5.723,30.879,0.565,26.866,0.016,64.049
2026-09-02T08:04:31.613995+07:00,c9_sim,169,5.518,17.909,0.477,19.902,0.015,43.821
2026-09-02T08:04:31.705779+07:00,c9_sim,170,6.232,17.825,0.477,20.726,0.021,45.282
2026-09-02T08:04:31.834336+07:00,c9_sim,171,4.937,27.730,0.602,25.706,0.042,59.016
2026-09-02T08:04:31.907778+07:00,c9_sim,172,5.188,25.123,0.470,22.040,0.028,52.848
2026-09-02T08:04:32.033153+07:00,c9_sim,173,5.795,24.861,0.486,22.062,0.033,53.237
2026-09-02T08:04:32.125412+07:00,c9_sim,174,5.132,24.379,0.699,21.409,0.029,51.649
2026-09-02T08:04:32.224677+07:00,c9_sim,175,5.228,26.551,0.546,22.678,0.041,55.045
2026-09-02T08:04:32.333200+07:00,c9_sim,176,5.220,33.536,0.573,24.632,0.028,63.989
2026-09-02T08:04:32.436547+07:00,c9_sim,177,5.907,25.747,0.693,23.666,0.040,56.053
2026-09-02T08:04:32.543905+07:00,c9_sim,178,5.810,32.278,0.557,22.797,0.036,61.478
2026-09-02T08:04:32.629690+07:00,c9_sim,179,6.275,18.227,0.542,22.252,0.029,47.325
2026-09-02T08:04:32.752902+07:00,c9_sim,180,6.912,25.543,0.680,23.954,0.029,57.118
2026-09-02T08:04:32.866581+07:00,c9_sim,181,6.753,35.683,0.624,23.186,0.026,66.272
2026-09-02T08:04:32.959145+07:00,c9_sim,182,5.384,19.867,0.725,21.203,0.024,47.203
2026-09-02T08:04:33.056838+07:00,c9_sim,183,6.103,22.110,0.661,24.814,0.034,53.722
2026-09-02T08:04:33.170580+07:00,c9_sim,184,6.342,32.859,0.615,28.554,0.038,68.407
2026-09-02T08:04:33.287909+07:00,c9_sim,185,5.421,35.464,0.797,30.936,0.035,72.652
2026-09-02T08:04:33.362119+07:00,c9_sim,186,4.905,30.039,0.525,21.080,0.028,56.579
2026-09-02T08:04:33.460462+07:00,c9_sim,187,6.623,22.344,0.643,23.548,0.074,53.231
2026-09-02T08:04:33.566421+07:00,c9_sim,188,5.449,27.811,0.759,24.489,0.026,58.534
2026-09-02T08:04:33.675280+07:00,c9_sim,189,6.030,27.762,0.797,26.370,0.030,60.990
2026-09-02T08:04:33.784515+07:00,c9_sim,190,5.635,32.303,0.765,27.062,0.028,65.792
2026-09-02T08:04:33.886568+07:00,c9_sim,191,5.857,25.056,0.514,24.732,0.043,56.202
2026-09-02T08:04:33.997278+07:00,c9_sim,192,6.278,36.131,0.826,26.704,0.038,69.977
2026-09-02T08:04:34.102942+07:00,c9_sim,193,5.723,32.203,0.566,23.371,0.027,61.890
2026-09-02T08:04:34.211839+07:00,c9_sim,194,5.224,32.974,0.602,24.377,0.033,63.210
2026-09-02T08:04:34.288583+07:00,c9_sim,195,5.339,28.582,0.598,22.131,0.038,56.687
2026-09-02T08:04:34.426294+07:00,c9_sim,196,5.963,35.959,0.862,26.815,0.029,69.628
2026-09-02T08:04:34.502443+07:00,c9_sim,197,5.091,31.598,0.530,18.903,0.027,56.148
2026-09-02T08:04:34.593268+07:00,c9_sim,198,4.984,17.766,0.619,21.584,0.026,44.979
2026-09-02T08:04:34.717471+07:00,c9_sim,199,5.542,26.241,0.512,24.092,0.028,56.414
2026-09-02T08:04:34.829643+07:00,c9_sim,200,4.849,35.037,0.625,24.113,0.038,64.661
2026-09-02T08:04:34.920324+07:00,c9_sim,201,5.414,35.539,0.515,27.832,0.031,69.331
2026-09-02T08:04:35.033833+07:00,c9_sim,202,5.101,36.143,0.641,23.493,0.039,65.416
2026-09-02T08:04:35.116748+07:00,c9_sim,203,4.852,32.463,0.656,23.964,0.041,61.977
2026-09-02T08:04:35.223761+07:00,c9_sim,204,5.476,29.398,0.766,27.978,0.034,63.652
2026-09-02T08:04:35.325705+07:00,c9_sim,205,5.375,26.565,0.590,21.938,0.060,54.528
2026-09-02T08:04:35.426610+07:00,c9_sim,206,5.923,22.810,0.659,25.116,0.029,54.536
2026-09-02T08:04:35.519892+07:00,c9_sim,207,6.321,22.594,0.667,22.300,0.028,51.910
2026-09-02T08:04:35.660003+07:00,c9_sim,208,5.553,34.002,0.879,30.508,0.045,70.986
2026-09-02T08:04:35.726156+07:00,c9_sim,209,4.913,18.037,0.485,20.371,0.025,43.831
2026-09-02T08:04:35.848548+07:00,c9_sim,210,5.536,23.534,0.597,27.389,0.028,57.083
2026-09-02T08:04:35.959248+07:00,c9_sim,211,8.733,33.982,0.501,20.006,0.054,63.275
2026-09-02T08:04:36.052675+07:00,c9_sim,212,4.873,23.696,0.581,20.149,0.030,49.330
2026-09-02T08:04:36.156818+07:00,c9_sim,213,5.152,29.141,0.587,24.269,0.029,59.179
2026-09-02T08:04:36.270796+07:00,c9_sim,214,5.792,33.827,0.605,30.934,0.041,71.199
2026-09-02T08:04:36.353463+07:00,c9_sim,215,5.152,31.745,0.556,22.684,0.033,60.170
2026-09-02T08:04:36.452803+07:00,c9_sim,216,5.456,25.893,0.592,22.790,0.034,54.765
2026-09-02T08:04:36.601431+07:00,c9_sim,217,5.066,42.489,0.622,29.554,0.025,77.755
2026-09-02T08:04:36.666557+07:00,c9_sim,218,4.887,19.473,0.542,22.470,0.057,47.429
2026-09-02T08:04:36.763001+07:00,c9_sim,219,5.411,18.927,0.645,24.490,0.038,49.511
2026-09-02T08:04:36.893408+07:00,c9_sim,220,5.710,28.062,0.832,28.772,0.096,63.472
2026-09-02T08:04:36.976195+07:00,c9_sim,221,5.166,29.315,0.813,25.383,0.031,60.708
2026-09-02T08:04:37.080293+07:00,c9_sim,222,6.132,27.780,0.547,29.139,0.032,63.630
2026-09-02T08:04:37.186011+07:00,c9_sim,223,5.667,30.220,0.597,22.842,0.029,59.355
2026-09-02T08:04:37.289892+07:00,c9_sim,224,5.053,27.805,0.669,25.427,0.039,58.992
2026-09-02T08:04:37.394677+07:00,c9_sim,225,5.044,30.668,0.723,22.030,0.029,58.494
2026-09-02T08:04:37.493580+07:00,c9_sim,226,5.221,24.038,0.495,22.044,0.028,51.827
2026-09-02T08:04:37.593899+07:00,c9_sim,227,4.968,24.374,0.586,22.919,0.027,52.874
2026-09-02T08:04:37.704875+07:00,c9_sim,228,5.423,30.584,0.607,26.780,0.032,63.426
2026-09-02T08:04:37.815271+07:00,c9_sim,229,4.986,33.530,0.748,27.284,0.043,66.593
2026-09-02T08:04:37.924439+07:00,c9_sim,230,5.386,33.538,0.756,25.796,0.037,65.513
2026-09-02T08:04:38.035270+07:00,c9_sim,231,5.693,34.349,0.640,26.324,0.026,67.031
2026-09-02T08:04:38.108121+07:00,c9_sim,232,4.788,26.114,0.712,20.917,0.036,52.567
2026-09-02T08:04:38.241117+07:00,c9_sim,233,5.415,34.145,0.473,22.335,0.032,62.400
2026-09-02T08:04:38.313272+07:00,c9_sim,234,4.982,27.308,0.456,21.096,0.040,53.882
2026-09-02T08:04:38.446260+07:00,c9_sim,235,4.801,31.881,0.568,25.761,0.036,63.048
2026-09-02T08:04:38.518745+07:00,c9_sim,236,4.715,23.890,0.780,19.976,0.042,49.402
2026-09-02T08:04:38.628829+07:00,c9_sim,237,5.937,28.518,0.746,25.717,0.037,60.956
2026-09-02T08:04:38.733343+07:00,c9_sim,238,5.402,25.827,0.759,26.449,0.035,58.471
2026-09-02T08:04:38.837722+07:00,c9_sim,239,5.656,31.106,0.692,24.177,0.029,61.661
2026-09-02T08:04:38.938437+07:00,c9_sim,240,6.243,25.792,0.505,22.369,0.064,54.974
2026-09-02T08:04:39.044154+07:00,c9_sim,241,4.884,32.834,0.603,22.525,0.027,60.872
2026-09-02T08:04:39.138374+07:00,c9_sim,242,5.777,16.957,0.565,23.510,0.036,46.846
2026-09-02T08:04:39.238968+07:00,c9_sim,243,5.397,22.688,0.642,24.547,0.031,53.305
2026-09-02T08:04:39.380095+07:00,c9_sim,244,5.293,36.661,0.849,29.629,0.029,72.461
2026-09-02T08:04:39.445706+07:00,c9_sim,245,4.925,18.751,0.601,21.294,0.045,45.616
2026-09-02T08:04:39.567526+07:00,c9_sim,246,9.676,27.514,0.596,23.933,0.038,61.756
2026-09-02T08:04:39.672521+07:00,c9_sim,247,5.827,27.327,0.535,22.551,0.042,56.281
2026-09-02T08:04:39.777020+07:00,c9_sim,248,5.389,27.877,0.855,26.546,0.064,60.731
2026-09-02T08:04:39.881501+07:00,c9_sim,249,4.866,29.059,0.694,23.167,0.030,57.816
2026-09-02T08:04:39.990698+07:00,c9_sim,250,5.171,29.616,0.873,26.375,0.032,62.067
2026-09-02T08:04:40.070559+07:00,c9_sim,251,4.904,27.899,0.644,25.498,0.034,58.980
2026-09-02T08:04:40.180824+07:00,c9_sim,252,4.705,27.597,0.554,31.216,0.042,64.114
2026-09-02T08:04:40.298168+07:00,c9_sim,253,5.888,32.300,0.869,28.729,0.043,67.829
2026-09-02T08:04:40.390259+07:00,c9_sim,254,5.418,38.056,0.903,25.031,0.043,69.452
2026-09-02T08:04:40.502112+07:00,c9_sim,255,5.458,35.733,0.631,23.882,0.048,65.752
2026-09-02T08:04:40.606004+07:00,c9_sim,256,4.922,29.914,0.584,25.076,0.035,60.532
2026-09-02T08:04:40.719395+07:00,c9_sim,257,5.221,38.475,0.473,25.417,0.043,69.628
2026-09-02T08:04:40.779855+07:00,c9_sim,258,5.483,33.416,0.000,0.000,0.011,38.910
2026-09-02T08:04:40.875728+07:00,c8_sim,57,6.030,19.670,0.000,0.000,0.013,25.713
2026-09-02T08:04:40.974212+07:00,c8_sim,58,12.505,24.064,0.000,0.000,0.013,36.581
2026-09-02T08:04:41.057659+07:00,c8_sim,59,11.454,35.141,0.000,0.000,0.020,46.616
2026-09-02T08:04:41.143691+07:00,c8_sim,60,8.961,36.446,0.000,0.000,0.021,45.428
2026-09-02T08:04:41.251022+07:00,c8_sim,61,11.919,35.512,0.000,0.000,0.018,47.448
2026-09-02T08:04:41.318259+07:00,c8_sim,62,12.124,19.386,0.000,0.000,0.015,31.526
2026-09-02T08:04:41.393874+07:00,c8_sim,63,10.033,26.005,0.807,0.000,0.019,36.865
2026-09-02T08:04:41.491335+07:00,c8_sim,64,14.683,27.238,0.000,0.000,0.016,41.938
2026-09-02T08:04:41.610719+07:00,c8_sim,65,12.477,42.366,0.000,0.000,0.558,55.400
2026-09-02T08:04:41.673792+07:00,c8_sim,66,11.559,33.859,0.720,0.005,0.043,46.186
2026-09-02T08:04:41.756527+07:00,c8_sim,67,10.280,30.943,0.789,0.006,0.019,42.036
2026-09-02T08:04:41.845265+07:00,c8_sim,68,7.938,41.969,0.799,0.007,0.023,50.735
2026-09-02T08:04:41.930513+07:00,c8_sim,69,8.305,37.893,0.754,0.006,0.017,46.974
2026-09-02T08:04:42.041698+07:00,c8_sim,70,7.712,60.832,0.000,0.000,0.015,68.559
2026-09-02T08:04:42.123151+07:00,c8_sim,71,11.955,58.711,0.000,0.000,0.028,70.693
2026-09-02T08:04:42.242571+07:00,c8_sim,72,9.996,87.692,1.368,0.000,0.020,99.076
2026-09-02T08:04:42.651708+07:00,c8_sim,73,43.660,94.602,1.715,283.516,0.121,423.614
2026-09-02T08:04:42.719620+07:00,c8_sim,74,41.487,28.669,0.714,34.345,0.367,105.582
2026-09-02T08:04:42.778998+07:00,c8_sim,75,204.535,28.083,0.626,27.312,0.168,260.724
2026-09-02T08:04:42.835589+07:00,c8_sim,76,26.348,28.917,0.703,25.210,0.104,81.282
2026-09-02T08:04:42.888504+07:00,c8_sim,77,12.628,27.421,0.549,23.652,0.117,64.367
2026-09-02T08:04:42.939993+07:00,c8_sim,78,14.209,25.467,0.564,21.489,0.023,61.753
2026-09-02T08:04:42.993127+07:00,c8_sim,79,8.876,27.451,0.549,23.561,0.132,60.568
2026-09-02T08:04:43.045416+07:00,c8_sim,80,7.286,28.631,0.532,21.444,0.024,57.919
2026-09-02T08:04:43.094427+07:00,c8_sim,81,7.048,24.771,0.573,21.738,0.021,54.152
2026-09-02T08:04:43.140851+07:00,c8_sim,82,7.656,22.432,0.479,22.258,0.020,52.845
2026-09-02T08:04:43.183434+07:00,c8_sim,83,6.965,18.111,0.534,22.753,0.022,48.386
2026-09-02T08:04:43.225505+07:00,c8_sim,84,7.447,18.043,0.612,22.252,0.027,48.381
2026-09-02T08:04:43.330659+07:00,c8_sim,85,7.182,24.822,1.289,26.404,0.025,59.721
2026-09-02T08:04:43.405102+07:00,c8_sim,86,6.994,25.210,0.566,24.371,0.027,57.168
2026-09-02T08:04:43.518991+07:00,c8_sim,87,8.206,27.796,0.661,33.363,0.020,70.046
2026-09-02T08:04:43.574130+07:00,c8_sim,88,7.276,26.015,0.534,27.526,0.020,61.371
2026-09-02T08:04:43.693481+07:00,c8_sim,89,6.613,38.215,0.534,33.715,0.033,79.110
2026-09-02T08:04:43.753936+07:00,c8_sim,90,7.963,31.307,0.517,27.527,0.041,67.355
2026-09-02T08:04:43.834686+07:00,c8_sim,91,7.438,34.810,0.696,22.745,0.028,65.716
2026-09-02T08:04:43.950833+07:00,c8_sim,92,7.667,40.325,0.557,26.258,0.029,74.835
2026-09-02T08:04:43.998953+07:00,c8_sim,93,7.535,23.537,0.512,23.019,0.030,54.632
2026-09-02T08:04:44.087904+07:00,c8_sim,94,7.128,24.160,0.532,20.769,0.030,52.619
2026-09-02T08:04:44.184191+07:00,c8_sim,95,7.044,23.942,0.560,25.593,0.034,57.173
2026-09-02T08:04:44.263752+07:00,c8_sim,96,7.565,28.998,0.558,23.283,0.044,60.448
2026-09-02T08:04:44.366477+07:00,c8_sim,97,8.211,27.397,0.643,22.467,0.047,58.765
2026-09-02T08:04:44.464460+07:00,c8_sim,98,7.610,32.563,0.767,41.023,0.073,82.035
2026-09-02T08:04:44.508579+07:00,c8_sim,99,9.382,20.157,0.855,21.578,0.025,51.997
2026-09-02T08:04:44.596557+07:00,c8_sim,100,6.840,16.471,0.526,19.294,0.026,43.158
2026-09-02T08:04:44.685765+07:00,c8_sim,101,6.953,19.577,0.606,20.649,0.027,47.812
2026-09-02T08:04:44.791050+07:00,c8_sim,102,7.140,27.096,0.632,27.279,0.047,62.194
2026-09-02T08:04:44.873669+07:00,c8_sim,103,7.124,32.772,0.533,22.943,0.030,63.402
2026-09-02T08:04:44.941685+07:00,c8_sim,104,7.178,19.971,0.552,20.254,0.031,47.986
2026-09-02T08:04:45.035843+07:00,c8_sim,105,7.149,19.541,0.632,21.078,0.033,48.432
2026-09-02T08:04:45.145995+07:00,c8_sim,106,7.174,33.770,0.553,23.302,0.046,64.844
2026-09-02T08:04:45.232155+07:00,c8_sim,107,7.289,31.573,0.546,26.120,0.048,65.575
2026-09-02T08:04:45.307265+07:00,c8_sim,108,7.019,26.403,0.602,22.791,0.030,56.845
2026-09-02T08:04:45.387332+07:00,c8_sim,109,7.513,29.755,0.607,26.011,0.047,63.934
2026-09-02T08:04:45.471479+07:00,c8_sim,110,7.064,38.743,0.543,20.875,0.032,67.257
2026-09-02T08:04:45.562819+07:00,c8_sim,111,6.881,17.621,0.561,23.157,0.031,48.251
2026-09-02T08:04:45.629535+07:00,c8_sim,112,7.259,19.181,0.545,20.564,0.032,47.581
2026-09-02T08:04:45.726768+07:00,c8_sim,113,6.901,22.649,0.522,20.717,0.029,50.819
2026-09-02T08:04:45.844485+07:00,c8_sim,114,6.997,31.667,0.706,32.749,0.038,72.156
2026-09-02T08:04:45.881504+07:00,c8_sim,115,7.262,15.319,0.543,19.761,0.025,42.909
2026-09-02T08:04:45.971017+07:00,c8_sim,116,6.945,17.515,0.522,19.281,0.035,44.297
2026-09-02T08:04:46.068430+07:00,c8_sim,117,7.003,21.456,0.542,26.442,0.032,55.475
2026-09-02T08:04:46.203330+07:00,c8_sim,118,7.676,41.083,1.122,38.949,0.038,88.868
2026-09-02T08:04:46.256649+07:00,c8_sim,119,15.550,23.812,0.529,27.561,0.038,67.490
2026-09-02T08:04:46.353870+07:00,c8_sim,120,7.254,32.598,0.775,39.746,0.041,80.414
2026-09-02T08:04:46.441056+07:00,c8_sim,121,7.337,34.363,0.701,26.583,0.068,69.053
2026-09-02T08:04:46.489690+07:00,c8_sim,122,7.205,27.254,0.870,19.174,0.028,54.531
2026-09-02T08:04:46.606049+07:00,c8_sim,123,6.763,26.893,0.622,33.181,0.238,67.697
2026-09-02T08:04:46.723129+07:00,c8_sim,124,7.695,32.122,1.152,51.904,0.121,92.995
2026-09-02T08:04:46.785765+07:00,c8_sim,125,15.162,36.773,0.606,23.205,0.035,75.782
2026-09-02T08:04:46.882987+07:00,c8_sim,126,7.474,21.500,0.556,48.214,0.039,77.783
2026-09-02T08:04:46.936829+07:00,c8_sim,127,8.724,20.870,0.900,30.271,0.048,60.813
2026-09-02T08:04:46.987213+07:00,c8_sim,128,8.489,24.734,0.000,0.000,0.023,33.246
2026-09-02T08:04:47.105335+07:00,c10_sim,1,5.355,26.106,0.000,0.000,0.016,31.477
2026-09-02T08:04:47.230688+07:00,c10_sim,2,4.766,27.368,0.000,0.000,0.006,32.140
2026-09-02T08:04:47.399916+07:00,c10_sim,3,6.243,25.809,0.000,0.000,0.008,32.059
2026-09-02T08:04:47.553449+07:00,c10_sim,4,10.640,30.112,0.000,0.000,0.009,40.761
2026-09-02T08:04:47.684183+07:00,c10_sim,5,10.191,31.129,0.000,0.000,0.006,41.327
2026-09-02T08:04:47.827318+07:00,c10_sim,6,6.950,25.337,0.000,0.000,0.010,32.298
2026-09-02T08:04:48.020252+07:00,c10_sim,7,10.497,39.829,0.646,33.320,0.110,84.403
2026-09-02T08:04:48.148119+07:00,c10_sim,8,7.649,26.597,0.793,30.583,0.023,65.646
2026-09-02T08:04:48.279135+07:00,c10_sim,9,9.339,28.962,0.887,28.434,0.035,67.656
2026-09-02T08:04:48.450832+07:00,c10_sim,10,7.558,43.199,0.682,30.402,0.021,81.862
2026-09-02T08:04:48.574964+07:00,c10_sim,11,7.411,21.671,0.700,27.093,0.020,56.896
2026-09-02T08:04:48.819809+07:00,c10_sim,12,9.054,115.655,0.956,31.618,0.127,157.409
2026-09-02T08:04:48.894215+07:00,c10_sim,13,6.156,30.152,0.582,42.173,0.093,79.157
2026-09-02T08:04:49.011695+07:00,c10_sim,14,6.118,20.016,0.665,44.661,0.087,71.547
2026-09-02T08:04:49.200826+07:00,c10_sim,15,6.606,44.907,0.625,49.589,0.084,101.812
2026-09-02T08:04:49.343820+07:00,c10_sim,16,6.163,44.782,0.727,51.878,0.098,103.648
2026-09-02T08:04:49.452085+07:00,c10_sim,17,6.241,27.330,0.593,50.092,0.029,84.285
2026-09-02T08:04:49.606573+07:00,c10_sim,18,5.857,28.145,0.584,49.470,0.030,84.085
2026-09-02T08:04:49.767369+07:00,c10_sim,19,6.657,33.126,0.776,52.544,0.029,93.133
2026-09-02T08:04:49.907044+07:00,c10_sim,20,6.001,38.936,0.678,51.316,0.028,96.958
2026-09-02T08:04:50.043756+07:00,c10_sim,21,6.287,36.787,0.647,48.473,0.103,92.297
2026-09-02T08:04:50.186434+07:00,c10_sim,22,5.908,26.364,0.535,44.584,0.030,77.421
2026-09-02T08:04:50.315655+07:00,c10_sim,23,6.225,30.934,1.031,44.208,0.122,82.521
2026-09-02T08:04:50.461718+07:00,c10_sim,24,6.514,22.879,0.609,45.798,0.111,75.911
2026-09-02T08:04:50.609778+07:00,c10_sim,25,6.345,21.925,0.745,50.761,0.037,79.814
2026-09-02T08:04:50.756523+07:00,c10_sim,26,6.553,26.930,0.693,44.350,0.036,78.563
2026-09-02T08:04:50.908153+07:00,c10_sim,27,8.688,30.686,0.531,45.105,0.186,85.196
2026-09-02T08:04:51.038416+07:00,c10_sim,28,6.822,30.103,0.788,46.678,0.034,84.425
2026-09-02T08:04:51.180128+07:00,c10_sim,29,6.766,21.950,0.621,44.093,0.037,73.466
2026-09-02T08:04:51.327307+07:00,c10_sim,30,6.334,27.250,0.629,47.837,0.035,82.085
2026-09-02T08:04:51.524585+07:00,c10_sim,31,6.436,47.241,0.559,73.118,0.043,127.396
2026-09-02T08:04:51.607144+07:00,c10_sim,32,7.429,15.744,0.540,42.761,0.035,66.509
2026-09-02T08:04:51.756870+07:00,c10_sim,33,6.264,27.365,0.630,45.478,0.146,79.884
2026-09-02T08:04:51.921786+07:00,c10_sim,34,6.224,46.841,0.656,48.448,0.037,102.206
2026-09-02T08:04:52.040597+07:00,c10_sim,35,5.938,24.418,0.628,41.202,0.043,72.229
2026-09-02T08:04:52.185512+07:00,c10_sim,36,6.427,23.103,0.555,42.809,0.039,72.932
2026-09-02T08:04:52.359696+07:00,c10_sim,37,6.562,43.634,0.687,52.958,0.037,103.877
2026-09-02T08:04:52.491857+07:00,c10_sim,38,6.433,35.405,0.613,45.144,0.137,87.732
2026-09-02T08:04:52.611656+07:00,c10_sim,39,5.861,23.000,0.701,42.082,0.034,71.678
2026-09-02T08:04:52.786439+07:00,c10_sim,40,6.421,30.744,0.595,48.023,0.043,85.826
2026-09-02T08:04:52.917434+07:00,c10_sim,41,6.114,28.397,0.632,53.396,0.035,88.575
2026-09-02T08:04:53.080310+07:00,c10_sim,42,6.129,33.298,0.618,50.955,0.050,91.049
2026-09-02T08:04:53.204961+07:00,c10_sim,43,6.145,26.026,1.016,45.652,0.042,78.882
2026-09-02T08:04:53.376269+07:00,c10_sim,44,5.993,33.774,0.702,61.867,0.038,102.373
2026-09-02T08:04:53.508346+07:00,c10_sim,45,9.639,36.039,0.524,44.137,0.036,90.376
2026-09-02T08:04:53.639779+07:00,c10_sim,46,6.225,32.971,0.555,46.113,0.036,85.900
2026-09-02T08:04:53.762734+07:00,c10_sim,47,6.242,23.558,0.800,22.884,0.044,53.527
2026-09-02T08:04:53.919266+07:00,c10_sim,48,6.913,34.950,0.632,28.044,0.035,70.574
2026-09-02T08:04:54.093189+07:00,c10_sim,49,6.861,35.313,0.986,57.377,0.042,100.579
2026-09-02T08:04:54.205286+07:00,c10_sim,50,6.143,31.241,0.882,27.096,0.035,65.397
2026-09-02T08:04:54.363465+07:00,c10_sim,51,10.356,53.598,0.863,26.680,0.034,91.531
2026-09-02T08:04:54.456323+07:00,c10_sim,52,7.094,19.313,0.902,0.005,0.017,27.330
2026-09-02T08:04:54.606654+07:00,c10_sim,53,9.590,28.847,0.000,0.000,0.031,38.468
2026-09-02T08:04:54.773741+07:00,c10_sim,54,12.252,41.030,0.628,0.004,0.016,53.930
2026-09-02T08:04:54.905923+07:00,c10_sim,55,10.647,35.099,1.189,0.010,0.017,46.961
2026-09-02T08:04:55.044349+07:00,c10_sim,56,10.652,38.893,0.000,0.000,0.025,49.569
2026-09-02T08:04:55.204765+07:00,c10_sim,57,22.562,42.986,0.000,0.000,0.019,65.567
2026-09-02T08:04:55.341398+07:00,c10_sim,58,13.324,36.071,0.706,0.000,0.014,50.116
2026-09-02T08:04:55.463877+07:00,c12_sim,1,10.285,23.571,0.000,0.000,0.007,33.863
2026-09-02T08:04:55.626422+07:00,c12_sim,2,7.112,36.501,0.000,0.000,0.024,43.636
2026-09-02T08:04:55.739022+07:00,c12_sim,3,7.727,22.382,0.000,0.000,0.016,30.125
2026-09-02T08:04:55.891876+07:00,c12_sim,4,10.948,36.670,0.000,0.000,0.012,47.630
2026-09-02T08:04:56.058881+07:00,c12_sim,5,6.900,40.682,0.465,29.157,0.066,77.269
2026-09-02T08:04:56.182044+07:00,c12_sim,6,6.875,27.303,0.643,25.486,0.064,60.372
2026-09-02T08:04:56.313199+07:00,c12_sim,7,9.096,37.890,0.000,0.000,0.022,47.009
2026-09-02T08:04:56.498467+07:00,c12_sim,8,10.100,50.269,0.662,32.567,0.055,93.653
2026-09-02T08:04:56.599762+07:00,c12_sim,9,6.211,25.084,0.741,28.363,0.067,60.466
2026-09-02T08:04:56.766937+07:00,c12_sim,10,6.527,36.123,0.772,35.859,0.028,79.307
2026-09-02T08:04:56.878611+07:00,c12_sim,11,6.932,33.364,0.606,25.594,0.077,66.573
2026-09-02T08:04:56.998765+07:00,c12_sim,12,8.616,20.247,0.518,23.863,0.021,53.264
2026-09-02T08:04:57.174729+07:00,c12_sim,13,5.704,41.917,1.010,34.531,0.081,83.243
2026-09-02T08:04:57.310448+07:00,c12_sim,14,7.259,42.010,0.847,23.686,0.021,73.824
2026-09-02T08:04:57.429027+07:00,c12_sim,15,6.445,20.495,0.746,24.353,0.021,52.060
2026-09-02T08:04:57.586407+07:00,c12_sim,16,7.419,33.628,0.578,31.843,0.029,73.497
2026-09-02T08:04:57.745868+07:00,c12_sim,17,7.667,48.585,0.779,33.577,0.024,90.631
2026-09-02T08:04:57.845010+07:00,c12_sim,18,6.347,23.762,0.620,25.891,0.035,56.655
2026-09-02T08:04:58.021392+07:00,c12_sim,19,7.175,39.487,0.678,35.666,0.047,83.053
2026-09-02T08:04:58.126668+07:00,c12_sim,20,6.208,30.903,0.641,23.152,0.019,60.924
2026-09-02T08:04:58.248641+07:00,c12_sim,21,7.306,25.290,0.603,23.865,0.070,57.133
2026-09-02T08:04:58.400790+07:00,c12_sim,22,8.085,34.901,0.689,22.895,0.041,66.612
2026-09-02T08:04:58.546591+07:00,c12_sim,23,8.458,36.044,0.863,32.426,0.026,77.818
2026-09-02T08:04:58.639922+07:00,c12_sim,24,7.910,19.836,0.000,0.000,0.015,27.761
2026-09-02T08:04:58.793031+07:00,c12_sim,25,8.549,33.256,0.000,0.000,0.023,41.828
2026-09-02T08:04:58.929603+07:00,c12_sim,26,13.128,35.625,0.000,0.000,0.025,48.778
2026-09-02T08:04:59.074507+07:00,c12_sim,27,7.175,46.959,0.648,0.000,0.014,54.797
2026-09-02T08:04:59.312957+07:00,c12_sim,28,53.315,41.414,1.082,49.415,0.143,145.370
2026-09-02T08:04:59.345370+07:00,c12_sim,29,8.252,31.812,0.000,0.000,0.023,40.087
2026-09-02T08:04:59.532897+07:00,c12_sim,30,7.204,20.764,0.632,47.068,0.075,75.743
2026-09-02T08:04:59.606098+07:00,c12_sim,31,6.940,25.940,0.000,0.000,0.016,32.896
2026-09-02T08:04:59.764636+07:00,c11_sim,1,7.417,35.119,0.000,0.000,0.008,42.544
2026-09-02T08:04:59.881830+07:00,c11_sim,2,12.870,24.412,0.000,0.000,0.010,37.292
2026-09-02T08:05:00.005083+07:00,c11_sim,3,6.492,25.991,0.000,0.000,0.037,32.519
2026-09-02T08:05:00.140929+07:00,c11_sim,4,6.100,41.820,0.000,0.000,0.019,47.939
2026-09-02T08:05:00.309392+07:00,c11_sim,5,11.890,41.181,0.626,34.736,0.061,88.495
2026-09-02T08:05:00.393665+07:00,c11_sim,6,6.396,20.016,0.636,37.031,0.174,64.254
2026-09-02T08:05:00.486047+07:00,c11_sim,7,9.328,25.726,0.000,0.000,0.016,35.069
2026-09-02T08:05:00.654311+07:00,c11_sim,8,7.863,44.273,0.874,29.923,0.020,82.953
2026-09-02T08:05:00.718758+07:00,c11_sim,9,6.554,15.932,0.000,0.000,0.011,22.497
2026-09-02T08:05:00.840701+07:00,c11_sim,10,9.353,30.232,0.000,0.000,0.026,39.611
2026-09-02T08:05:01.004930+07:00,c11_sim,11,8.895,37.506,0.764,29.834,0.058,77.057
2026-09-02T08:05:01.077172+07:00,c11_sim,12,6.820,22.344,0.000,0.000,0.014,29.178
2026-09-02T08:05:01.202593+07:00,c11_sim,13,10.471,29.439,0.000,0.000,0.017,39.927
2026-09-02T08:05:01.332559+07:00,c11_sim,14,9.466,40.922,0.000,0.000,0.027,50.415
2026-09-02T08:05:01.501283+07:00,c11_sim,15,8.635,41.496,0.769,32.073,0.019,82.993
2026-09-02T08:05:01.596082+07:00,c11_sim,16,7.133,22.620,0.560,25.082,0.063,55.458
2026-09-02T08:05:01.694733+07:00,c11_sim,17,6.886,21.005,0.788,25.999,0.060,54.738
2026-09-02T08:05:01.823627+07:00,c11_sim,18,8.826,31.142,0.511,26.075,0.022,66.577
2026-09-02T08:05:01.961860+07:00,c11_sim,19,7.937,36.397,0.555,25.068,0.019,69.975
2026-09-02T08:05:02.052789+07:00,c11_sim,20,6.422,20.173,0.569,20.913,0.044,48.120
2026-09-02T08:05:02.210998+07:00,c11_sim,21,7.483,34.091,0.973,29.977,0.028,72.551
2026-09-02T08:05:02.344221+07:00,c11_sim,22,7.270,45.930,0.870,36.773,0.070,90.913
2026-09-02T08:05:02.424977+07:00,c11_sim,23,6.659,29.213,0.514,22.719,0.019,59.124
2026-09-02T08:05:02.561032+07:00,c11_sim,24,6.904,32.520,0.702,29.490,0.031,69.647
2026-09-02T08:05:02.660363+07:00,c11_sim,25,6.276,26.394,0.552,21.969,0.033,55.225
2026-09-02T08:05:02.755449+07:00,c11_sim,26,7.604,24.621,0.000,0.000,0.012,32.237
2026-09-02T08:05:02.923615+07:00,c11_sim,27,14.481,37.171,0.994,31.415,0.031,84.091
2026-09-02T08:05:03.037567+07:00,c11_sim,28,7.915,37.032,0.670,24.973,0.030,70.619
2026-09-02T08:05:03.148986+07:00,c11_sim,29,8.133,34.948,0.737,24.122,0.066,68.006
2026-09-02T08:05:03.275528+07:00,c11_sim,30,7.371,26.436,0.645,26.328,0.053,60.834
2026-09-02T08:05:03.374185+07:00,c11_sim,31,7.067,24.986,0.610,21.565,0.017,54.246
2026-09-02T08:05:03.505777+07:00,c11_sim,32,8.933,36.037,0.594,22.224,0.014,67.802
2026-09-02T08:05:03.621437+07:00,c11_sim,33,6.861,19.624,0.607,21.090,0.020,48.201
2026-09-02T08:05:03.760578+07:00,c11_sim,34,7.938,31.974,0.834,29.761,0.017,70.523
2026-09-02T08:05:03.855253+07:00,c11_sim,35,8.325,20.407,0.497,21.892,0.021,51.142
2026-09-02T08:05:03.979930+07:00,c11_sim,36,8.122,26.025,0.707,23.641,0.019,58.515
2026-09-02T08:05:04.116298+07:00,c11_sim,37,8.609,40.981,0.846,24.418,0.017,74.870
2026-09-02T08:05:04.235796+07:00,c11_sim,38,6.911,38.084,0.913,29.054,0.089,75.051
2026-09-02T08:05:04.348515+07:00,c11_sim,39,7.533,36.752,0.808,23.893,0.083,69.069
2026-09-02T08:05:04.470785+07:00,c11_sim,40,7.337,23.103,0.654,23.444,0.016,54.554
2026-09-02T08:05:04.593660+07:00,c11_sim,41,7.410,24.376,0.844,23.961,0.014,56.605
2026-09-02T08:05:04.698870+07:00,c11_sim,42,8.658,31.851,0.511,21.716,0.024,62.759
2026-09-02T08:05:04.835990+07:00,c11_sim,43,7.681,38.785,0.728,26.252,0.023,73.469
2026-09-02T08:05:04.949302+07:00,c11_sim,44,8.046,35.614,0.794,25.778,0.016,70.249
2026-09-02T08:05:05.072560+07:00,c11_sim,45,6.784,23.661,0.662,26.522,0.016,57.645
2026-09-02T08:05:05.176514+07:00,c11_sim,46,9.323,25.822,0.951,25.531,0.052,61.679
2026-09-02T08:05:05.312237+07:00,c11_sim,47,10.367,38.687,0.523,20.942,0.041,70.560
2026-09-02T08:05:05.398994+07:00,c11_sim,48,6.428,16.950,0.451,21.692,0.022,45.543
2026-09-02T08:05:05.549794+07:00,c11_sim,49,7.964,27.042,0.857,27.407,0.017,63.287
2026-09-02T08:05:05.691620+07:00,c11_sim,50,7.867,36.254,0.889,28.306,0.015,73.331
2026-09-02T08:05:05.806747+07:00,c11_sim,51,7.895,35.986,0.646,27.208,0.023,71.759
2026-09-02T08:05:05.922274+07:00,c11_sim,52,7.936,37.654,0.551,26.099,0.018,72.257
2026-09-02T08:05:06.037161+07:00,c11_sim,53,7.550,35.905,0.816,26.921,0.021,71.214
2026-09-02T08:05:06.147048+07:00,c11_sim,54,6.240,35.688,0.553,22.430,0.015,64.925
2026-09-02T08:05:06.272472+07:00,c11_sim,55,7.389,24.770,0.635,24.762,0.019,57.575
2026-09-02T08:05:06.372477+07:00,c11_sim,56,7.478,24.163,0.746,23.507,0.023,55.916
2026-09-02T08:05:06.500648+07:00,c11_sim,57,8.171,31.353,0.866,23.956,0.015,64.361
2026-09-02T08:05:06.642493+07:00,c11_sim,58,8.081,37.673,0.890,26.777,0.015,73.436
2026-09-02T08:05:06.750138+07:00,c11_sim,59,7.027,33.855,0.727,25.804,0.017,67.430
2026-09-02T08:05:06.839483+07:00,c11_sim,60,7.216,18.108,0.502,20.654,0.018,46.499
2026-09-02T08:05:06.995255+07:00,c11_sim,61,9.287,26.921,0.862,30.429,0.017,67.516
2026-09-02T08:05:07.103319+07:00,c11_sim,62,8.467,30.765,0.806,25.189,0.016,65.244
2026-09-02T08:05:07.241366+07:00,c11_sim,63,7.628,41.285,1.762,25.712,0.018,76.405
2026-09-02T08:05:07.345929+07:00,c11_sim,64,7.676,33.570,0.576,23.485,0.029,65.336
2026-09-02T08:05:07.439922+07:00,c11_sim,65,8.303,18.566,0.000,0.000,0.015,26.884
2026-09-02T08:05:07.591849+07:00,c11_sim,66,12.398,27.246,0.924,28.272,0.035,68.875
2026-09-02T08:05:07.702174+07:00,c11_sim,67,7.051,34.379,0.742,23.584,0.027,65.783
2026-09-02T08:05:07.815668+07:00,c11_sim,68,6.981,21.939,0.693,22.250,0.023,51.886
2026-09-02T08:05:07.968092+07:00,c11_sim,69,8.159,26.736,1.030,50.368,0.074,86.367
2026-09-02T08:05:08.073074+07:00,c11_sim,70,6.183,31.458,0.657,23.065,0.026,61.389
2026-09-02T08:05:08.209161+07:00,c11_sim,71,6.519,35.041,0.743,48.598,0.073,90.975
2026-09-02T08:05:08.328427+07:00,c11_sim,72,5.971,35.516,0.583,39.342,0.067,81.480
2026-09-02T08:05:08.436576+07:00,c11_sim,73,6.178,26.844,0.495,35.427,0.055,69.000
2026-09-02T08:05:08.543633+07:00,c11_sim,74,6.403,22.871,0.572,36.403,0.069,66.317
2026-09-02T08:05:08.656103+07:00,c11_sim,75,5.953,18.950,0.417,17.291,0.045,42.656
2026-09-02T08:05:08.764618+07:00,c11_sim,76,6.212,17.992,0.441,17.557,0.016,42.219
2026-09-02T08:05:08.915097+07:00,c11_sim,77,6.388,30.608,0.815,23.829,0.024,61.663
2026-09-02T08:05:09.026407+07:00,c11_sim,78,6.782,33.744,0.855,24.990,0.017,66.388
2026-09-02T08:05:09.117009+07:00,c11_sim,79,6.675,17.724,0.738,20.888,0.013,46.038
2026-09-02T08:05:09.288919+07:00,c11_sim,80,10.760,27.862,0.941,45.418,0.029,85.011
2026-09-02T08:05:09.412856+07:00,c11_sim,81,6.268,34.360,0.628,38.669,0.023,79.948
2026-09-02T08:05:09.490070+07:00,c11_sim,82,6.213,15.876,0.462,34.550,0.022,57.123
2026-09-02T08:05:09.623176+07:00,c11_sim,83,6.460,20.583,0.538,35.559,0.022,63.162
2026-09-02T08:05:09.772097+07:00,c11_sim,84,6.265,30.523,0.679,45.067,0.093,82.627
2026-09-02T08:05:09.877347+07:00,c11_sim,85,6.296,28.147,0.510,50.068,0.056,85.076
2026-09-02T08:05:09.977450+07:00,c11_sim,86,5.737,15.672,0.403,34.177,0.061,56.050
2026-09-02T08:05:10.109711+07:00,c11_sim,87,6.099,19.805,0.491,35.501,0.022,61.918
2026-09-02T08:05:10.225225+07:00,c11_sim,88,6.195,28.623,0.534,36.557,0.065,71.975
2026-09-02T08:05:10.345972+07:00,c11_sim,89,6.283,31.409,0.508,37.182,0.027,75.409
2026-09-02T08:05:10.474503+07:00,c11_sim,90,6.031,19.911,0.457,35.389,0.027,61.816
2026-09-02T08:05:10.576922+07:00,c11_sim,91,6.063,20.283,0.564,35.763,0.085,62.759
2026-09-02T08:05:10.728529+07:00,c11_sim,92,5.960,27.490,0.653,46.924,0.028,81.055
2026-09-02T08:05:10.829308+07:00,c11_sim,93,6.067,16.255,0.456,34.511,0.027,57.316
2026-09-02T08:05:10.934520+07:00,c11_sim,94,6.207,18.957,0.449,35.146,0.031,60.790
2026-09-02T08:05:11.093544+07:00,c11_sim,95,5.955,33.913,0.466,48.153,0.023,88.510
2026-09-02T08:05:11.170585+07:00,c11_sim,96,5.977,15.864,0.432,33.814,0.082,56.169
2026-09-02T08:05:11.299983+07:00,c11_sim,97,5.986,19.217,0.438,34.264,0.025,59.930
2026-09-02T08:05:11.438653+07:00,c11_sim,98,5.785,23.940,0.467,39.435,0.076,69.704
2026-09-02T08:05:11.561207+07:00,c11_sim,99,6.026,32.967,0.482,38.024,0.023,77.522
2026-09-02T08:05:11.659911+07:00,c11_sim,100,5.978,15.883,0.436,34.403,0.023,56.723
2026-09-02T08:05:11.788965+07:00,c11_sim,101,6.077,20.040,0.513,35.673,0.121,62.424
2026-09-02T08:05:11.906517+07:00,c11_sim,102,6.012,24.212,0.532,43.518,0.043,74.318
2026-09-02T08:05:12.042662+07:00,c11_sim,103,6.360,33.886,0.498,50.050,0.103,90.896
2026-09-02T08:05:12.169392+07:00,c11_sim,104,5.466,33.140,0.499,44.622,0.043,83.769
2026-09-02T08:05:12.261921+07:00,c11_sim,105,5.403,27.451,0.437,38.876,0.033,72.200
2026-09-02T08:05:12.395070+07:00,c11_sim,106,5.496,23.491,0.528,36.726,0.034,66.275
2026-09-02T08:05:12.501133+07:00,c11_sim,107,5.902,23.056,0.452,36.329,0.025,65.764
2026-09-02T08:05:12.647115+07:00,c11_sim,108,6.723,31.348,0.605,37.923,0.029,76.629
2026-09-02T08:05:12.752484+07:00,c11_sim,109,5.764,17.479,0.461,35.912,0.028,59.643
2026-09-02T08:05:12.854337+07:00,c11_sim,110,5.865,18.327,0.659,36.013,0.029,60.893
2026-09-02T08:05:13.010464+07:00,c11_sim,111,5.846,31.833,0.518,47.311,0.027,85.536
2026-09-02T08:05:13.086302+07:00,c11_sim,112,5.805,15.061,0.445,33.990,0.022,55.322
2026-09-02T08:05:13.215226+07:00,c11_sim,113,5.783,19.606,0.547,35.136,0.026,61.098
2026-09-02T08:05:13.359197+07:00,c11_sim,114,6.098,25.650,0.554,42.204,0.036,74.542
2026-09-02T08:05:13.494432+07:00,c11_sim,115,5.926,33.334,0.565,50.158,0.026,90.010
2026-09-02T08:05:13.570567+07:00,c11_sim,116,6.046,14.889,0.502,34.567,0.027,56.032
2026-09-02T08:05:13.702943+07:00,c11_sim,117,6.216,18.977,0.499,36.421,0.029,62.142
2026-09-02T08:05:13.848007+07:00,c11_sim,118,6.155,28.950,0.529,42.190,0.037,77.859
2026-09-02T08:05:13.945321+07:00,c11_sim,119,6.043,30.888,0.540,39.517,0.038,77.026
2026-09-02T08:05:14.091526+07:00,c11_sim,120,6.185,26.506,0.618,46.551,0.049,79.909
2026-09-02T08:05:14.194773+07:00,c11_sim,121,5.931,33.274,0.607,42.531,0.082,82.425
2026-09-02T08:05:14.296744+07:00,c11_sim,122,6.219,16.814,0.448,35.379,0.083,58.942
2026-09-02T08:05:14.431819+07:00,c11_sim,123,6.099,21.043,0.630,39.624,0.028,67.425
2026-09-02T08:05:14.542283+07:00,c11_sim,124,6.059,22.734,0.531,36.201,0.028,65.552
2026-09-02T08:05:14.689352+07:00,c11_sim,125,6.525,30.705,0.545,40.746,0.041,78.562
2026-09-02T08:05:14.765155+07:00,c11_sim,126,5.772,13.611,0.426,35.447,0.032,55.288
2026-09-02T08:05:14.896467+07:00,c11_sim,127,6.107,19.495,0.457,36.572,0.034,62.665
2026-09-02T08:05:15.043835+07:00,c11_sim,128,6.201,25.690,0.502,49.560,0.023,81.977
2026-09-02T08:05:15.146153+07:00,c11_sim,129,6.186,16.015,0.410,34.584,0.023,57.219
2026-09-02T08:05:15.250357+07:00,c11_sim,130,6.173,17.689,0.406,36.445,0.026,60.740
2026-09-02T08:05:15.389466+07:00,c11_sim,131,6.027,26.936,0.562,42.263,0.027,75.816
2026-09-02T08:05:15.511252+07:00,c11_sim,132,6.150,31.474,0.524,42.470,0.024,80.643
2026-09-02T08:05:15.592407+07:00,c11_sim,133,6.035,16.161,0.387,18.116,0.021,40.719
2026-09-02T08:05:15.737250+07:00,c11_sim,134,6.019,22.686,0.521,20.190,0.022,49.437
2026-09-02T08:05:15.876600+07:00,c11_sim,135,7.857,36.773,0.947,28.882,0.030,74.489
2026-09-02T08:05:15.970457+07:00,c11_sim,136,7.765,19.122,0.576,23.174,0.016,50.653
2026-09-02T08:05:16.091413+07:00,c11_sim,137,7.569,24.132,0.843,23.610,0.014,56.168
2026-09-02T08:05:16.226932+07:00,c11_sim,138,8.222,29.793,0.831,30.486,0.016,69.349
2026-09-02T08:05:16.320351+07:00,c11_sim,139,6.549,20.020,0.755,23.645,0.024,50.992
2026-09-02T08:05:16.447975+07:00,c11_sim,140,7.336,22.854,0.693,27.723,0.026,58.632
2026-09-02T08:05:16.590278+07:00,c11_sim,141,8.121,38.122,0.879,26.862,0.023,74.007
2026-09-02T08:05:16.699244+07:00,c11_sim,142,6.362,36.164,1.054,25.019,0.018,68.618
2026-09-02T08:05:16.808464+07:00,c11_sim,143,6.219,17.038,0.734,40.511,0.029,64.531
2026-09-02T08:05:16.947840+07:00,c11_sim,144,6.452,20.757,0.646,41.436,0.033,69.325
2026-09-02T08:05:17.076978+07:00,c11_sim,145,5.851,28.947,0.580,48.164,0.031,83.574
2026-09-02T08:05:17.182431+07:00,c11_sim,146,6.400,16.211,0.473,37.133,0.111,60.327
2026-09-02T08:05:17.287475+07:00,c11_sim,147,6.122,19.083,0.491,36.985,0.030,62.710
2026-09-02T08:05:17.443901+07:00,c11_sim,148,6.176,28.330,0.601,50.579,0.131,85.816
2026-09-02T08:05:17.549726+07:00,c11_sim,149,6.489,16.837,0.516,37.098,0.025,60.966
2026-09-02T08:05:17.653383+07:00,c11_sim,150,5.897,19.263,0.554,37.113,0.031,62.859
2026-09-02T08:05:17.811479+07:00,c11_sim,151,6.345,30.227,0.703,50.059,0.030,87.365
2026-09-02T08:05:17.889442+07:00,c11_sim,152,6.064,15.732,0.440,35.469,0.028,57.733
2026-09-02T08:05:18.020851+07:00,c11_sim,153,6.109,18.958,0.495,35.463,0.023,61.047
2026-09-02T08:05:18.134885+07:00,c11_sim,154,6.006,21.943,0.506,40.128,0.028,68.610
2026-09-02T08:05:18.281840+07:00,c11_sim,155,5.149,32.480,0.578,39.741,0.100,78.047
2026-09-02T08:05:18.386123+07:00,c11_sim,156,5.315,15.778,0.422,35.760,0.087,57.362
2026-09-02T08:05:18.495575+07:00,c11_sim,157,5.160,22.018,0.414,35.968,0.105,63.665
2026-09-02T08:05:18.645543+07:00,c11_sim,158,5.973,30.028,0.520,42.857,0.029,79.407
2026-09-02T08:05:18.724368+07:00,c11_sim,159,5.871,16.090,0.439,35.866,0.093,58.359
2026-09-02T08:05:18.851545+07:00,c11_sim,160,5.879,17.791,0.516,36.055,0.126,60.367
2026-09-02T08:05:18.998378+07:00,c11_sim,161,6.003,28.039,0.622,42.137,0.091,76.892
2026-09-02T08:05:19.125581+07:00,c11_sim,162,5.951,28.511,0.627,46.560,0.035,81.684
2026-09-02T08:05:19.204172+07:00,c11_sim,163,5.819,15.334,0.444,36.378,0.031,58.006
2026-09-02T08:05:19.319081+07:00,c11_sim,164,5.850,19.597,0.486,18.453,0.021,44.407
2026-09-02T08:05:19.445437+07:00,c11_sim,165,6.873,25.904,0.692,22.987,0.030,56.486
2026-09-02T08:05:19.591736+07:00,c11_sim,166,7.728,42.065,0.996,27.536,0.026,78.351
2026-09-02T08:05:19.710077+07:00,c11_sim,167,6.986,36.686,0.919,29.737,0.041,74.369
2026-09-02T08:05:19.799076+07:00,c11_sim,168,7.148,16.863,0.587,21.857,0.050,46.506
2026-09-02T08:05:19.924306+07:00,c11_sim,169,7.032,24.035,0.782,24.502,0.021,56.373
2026-09-02T08:05:20.053856+07:00,c11_sim,170,9.277,27.694,0.832,26.889,0.016,64.708
2026-09-02T08:05:20.185509+07:00,c11_sim,171,7.658,28.465,0.672,28.039,0.017,64.851
2026-09-02T08:05:20.277583+07:00,c11_sim,172,7.259,20.462,0.603,21.661,0.017,50.004
2026-09-02T08:05:20.403051+07:00,c11_sim,173,7.991,25.402,0.622,22.871,0.019,56.905
2026-09-02T08:05:20.509175+07:00,c11_sim,174,10.184,32.684,0.452,0.003,0.011,43.335
2026-09-02T08:05:20.612281+07:00,c11_sim,175,6.347,18.017,0.580,0.004,0.016,24.964
2026-09-02T08:05:20.762464+07:00,c11_sim,176,9.232,29.413,0.900,0.007,0.047,39.599
2026-09-02T08:05:20.879382+07:00,c11_sim,177,8.972,40.453,0.981,0.009,0.032,50.447
2026-09-02T08:05:21.011713+07:00,c11_sim,178,8.989,39.715,0.985,0.007,0.032,49.727
2026-09-02T08:05:21.124401+07:00,c11_sim,179,11.805,37.861,0.883,0.007,0.030,50.586
2026-09-02T08:05:21.257710+07:00,c11_sim,180,14.006,38.551,0.877,0.007,0.028,53.469
2026-09-02T08:05:21.357932+07:00,c11_sim,181,14.098,29.440,0.704,0.006,0.021,44.267
2026-09-02T08:05:21.482570+07:00,c11_sim,182,11.570,27.261,1.283,0.008,0.029,40.152
2026-09-02T08:05:21.588129+07:00,c11_sim,183,9.626,28.819,1.037,0.007,0.031,39.520
2026-09-02T08:05:21.725488+07:00,c11_sim,184,10.114,39.282,0.880,0.007,0.029,50.312
2026-09-02T08:05:21.837511+07:00,c11_sim,185,13.092,35.801,0.960,0.007,0.030,49.891
2026-09-02T08:05:21.968026+07:00,c11_sim,186,13.758,35.770,0.951,0.008,0.030,50.517
2026-09-02T08:05:22.081929+07:00,c11_sim,187,9.911,41.789,1.166,0.013,0.036,52.916
2026-09-02T08:05:22.213990+07:00,c11_sim,188,10.810,40.834,1.142,0.008,0.466,53.259
2026-09-02T08:05:22.324939+07:00,c11_sim,189,8.468,38.223,0.867,0.007,0.070,47.634
2026-09-02T08:05:22.416720+07:00,c11_sim,190,8.362,22.126,0.668,0.005,0.019,31.179
2026-09-02T08:05:22.558936+07:00,c11_sim,191,12.631,27.493,1.027,0.008,0.030,41.188
2026-09-02T08:05:22.692570+07:00,c11_sim,192,13.513,54.347,2.289,0.010,0.070,70.229
2026-09-02T08:05:22.785612+07:00,c11_sim,193,7.139,19.096,0.650,0.005,0.018,26.908
2026-09-02T08:05:22.907809+07:00,c11_sim,194,8.132,29.431,0.799,0.005,0.020,38.386
2026-09-02T08:05:23.048309+07:00,c11_sim,195,7.612,42.299,0.912,0.008,0.038,50.870
2026-09-02T08:05:23.156543+07:00,c11_sim,196,7.535,40.782,0.814,0.006,0.026,49.163
2026-09-02T08:05:23.257857+07:00,c11_sim,197,9.554,29.654,0.762,0.005,0.021,39.996
2026-09-02T08:05:23.383965+07:00,c11_sim,198,9.021,29.566,0.706,0.006,0.021,39.320
2026-09-02T08:05:23.520349+07:00,c11_sim,199,14.163,39.901,0.980,0.008,0.028,55.080
2026-09-02T08:05:23.637876+07:00,c11_sim,200,10.234,42.546,0.966,0.007,0.027,53.780
2026-09-02T08:05:23.770460+07:00,c11_sim,201,10.927,38.227,0.922,0.007,0.032,50.116
2026-09-02T08:05:23.884014+07:00,c11_sim,202,15.465,40.867,1.014,0.008,0.033,57.385
2026-09-02T08:05:23.997157+07:00,c11_sim,203,11.140,43.259,1.037,0.008,0.030,55.474
2026-09-02T08:05:24.115960+07:00,c11_sim,204,7.709,41.755,1.055,0.007,0.025,50.551
2026-09-02T08:05:24.228695+07:00,c11_sim,205,8.423,38.888,1.233,0.009,0.033,48.586
2026-09-02T08:05:24.366557+07:00,c11_sim,206,9.651,41.132,1.127,0.022,0.078,52.010
2026-09-02T08:05:24.485182+07:00,c11_sim,207,10.787,43.089,1.040,0.008,0.030,54.954
2026-09-02T08:05:24.597240+07:00,c11_sim,208,12.664,41.344,1.043,0.007,0.030,55.087
2026-09-02T08:05:24.730348+07:00,c11_sim,209,10.593,41.061,1.054,0.008,0.032,52.748
2026-09-02T08:05:24.839233+07:00,c11_sim,210,9.078,39.027,0.901,0.008,0.029,49.042
2026-09-02T08:05:24.950422+07:00,c11_sim,211,9.524,39.217,0.959,0.009,0.031,49.740
2026-09-02T08:05:25.087970+07:00,c11_sim,212,10.689,39.904,1.065,0.009,0.032,51.699
2026-09-02T08:05:25.202250+07:00,c11_sim,213,10.820,43.398,0.965,0.007,0.029,55.219
2026-09-02T08:05:25.314777+07:00,c11_sim,214,12.299,37.938,0.911,0.006,0.035,51.190
2026-09-02T08:05:25.425002+07:00,c11_sim,215,10.256,38.405,0.881,0.007,0.029,49.578
2026-09-02T08:05:25.561473+07:00,c11_sim,216,10.403,38.066,1.106,0.010,0.034,49.618
2026-09-02T08:05:25.675285+07:00,c11_sim,217,12.432,39.477,1.115,0.010,0.034,53.068
2026-09-02T08:05:25.809314+07:00,c11_sim,218,13.016,39.577,0.912,0.007,0.031,53.543
2026-09-02T08:05:25.927308+07:00,c11_sim,219,8.431,40.540,0.884,0.006,0.032,49.892
2026-09-02T08:05:26.039853+07:00,c11_sim,220,13.509,38.817,0.948,0.007,0.029,53.310
2026-09-02T08:05:26.148680+07:00,c11_sim,221,9.331,36.296,0.974,0.007,0.031,46.639
2026-09-02T08:05:26.284860+07:00,c11_sim,222,8.758,38.818,1.005,0.007,0.032,48.619
2026-09-02T08:05:26.395958+07:00,c11_sim,223,7.119,41.112,0.894,0.007,0.033,49.165
2026-09-02T08:05:26.508779+07:00,c11_sim,224,12.932,39.127,0.852,0.007,0.030,52.948
2026-09-02T08:05:26.647703+07:00,c11_sim,225,10.745,39.432,1.141,0.007,0.033,51.358
2026-09-02T08:05:26.758215+07:00,c11_sim,226,9.161,38.506,0.835,0.007,0.028,48.537
2026-09-02T08:05:26.861331+07:00,c11_sim,227,11.595,31.940,0.780,0.007,0.027,44.348
2026-09-02T08:05:26.986106+07:00,c11_sim,228,13.780,28.071,0.956,0.007,0.029,42.844
2026-09-02T08:05:27.119377+07:00,c11_sim,229,13.939,35.801,1.038,0.008,0.032,50.818
2026-09-02T08:05:27.228944+07:00,c11_sim,230,10.593,38.664,0.863,0.007,0.029,50.156
2026-09-02T08:05:27.358639+07:00,c11_sim,231,9.199,38.059,0.874,0.007,0.028,48.168
2026-09-02T08:05:27.459262+07:00,c11_sim,232,10.986,31.510,0.735,0.006,0.023,43.259
2026-09-02T08:05:27.578804+07:00,c11_sim,233,13.851,24.578,0.951,0.008,0.029,39.417
2026-09-02T08:05:27.710884+07:00,c11_sim,234,13.008,29.696,0.883,0.007,0.029,43.623
2026-09-02T08:05:27.846265+07:00,c11_sim,235,9.550,39.801,1.020,0.006,0.031,50.410
2026-09-02T08:05:27.957950+07:00,c11_sim,236,10.843,37.750,0.810,0.006,0.030,49.440
2026-09-02T08:05:28.064371+07:00,c11_sim,237,7.686,32.586,0.693,0.006,0.024,40.995
2026-09-02T08:05:28.186713+07:00,c11_sim,238,13.077,24.359,0.687,0.008,0.028,38.159
2026-09-02T08:05:28.312368+07:00,c11_sim,239,9.415,30.121,0.851,0.007,0.031,40.426
2026-09-02T08:05:28.423963+07:00,c11_sim,240,9.176,36.161,0.825,0.006,0.028,46.197
2026-09-02T08:05:28.551825+07:00,c11_sim,241,12.103,29.171,0.710,0.006,0.022,42.012
2026-09-02T08:05:28.657635+07:00,c11_sim,242,8.652,28.685,0.592,0.005,0.017,37.950
2026-09-02T08:05:28.784132+07:00,c11_sim,243,13.175,31.963,0.793,0.005,0.019,45.954
2026-09-02T08:05:28.903924+07:00,c11_sim,244,13.096,24.488,0.645,0.006,0.021,38.255
2026-09-02T08:05:29.032419+07:00,c11_sim,245,10.226,29.725,0.625,0.005,0.020,40.601
2026-09-02T08:05:29.168047+07:00,c11_sim,246,10.037,38.331,0.946,0.007,0.029,49.351
2026-09-02T08:05:29.281319+07:00,c11_sim,247,10.033,40.146,0.940,0.007,0.031,51.157
2026-09-02T08:05:29.386840+07:00,c11_sim,248,6.861,36.293,0.720,0.007,0.027,43.908
2026-09-02T08:05:29.527372+07:00,c11_sim,249,13.765,41.512,0.805,0.007,0.027,56.116
2026-09-02T08:05:29.638846+07:00,c11_sim,250,11.177,39.288,0.833,0.006,0.029,51.334
2026-09-02T08:05:29.749413+07:00,c11_sim,251,9.126,39.784,0.967,0.008,0.031,49.915
2026-09-02T08:05:29.880723+07:00,c11_sim,252,13.385,35.111,0.000,0.000,0.028,48.524
2026-09-02T08:05:29.984432+07:00,c11_sim,253,13.438,36.697,0.000,0.000,0.027,50.163
2026-09-02T08:05:30.120265+07:00,c11_sim,254,10.212,39.034,0.000,0.000,0.026,49.272
2026-09-02T08:05:30.228395+07:00,c11_sim,255,10.311,34.069,0.000,0.000,0.022,44.402
2026-09-02T08:05:30.352299+07:00,c11_sim,256,8.859,26.713,0.000,0.000,0.014,35.586
2026-09-02T08:05:30.452022+07:00,c11_sim,257,10.926,25.504,0.779,0.006,0.028,37.244
2026-09-02T08:05:30.593365+07:00,c11_sim,258,13.343,41.037,0.930,0.007,0.036,55.353
2026-09-02T08:05:30.708047+07:00,c11_sim,259,11.676,38.322,0.903,0.008,0.030,50.938
2026-09-02T08:05:30.822028+07:00,c11_sim,260,10.701,38.677,0.880,0.007,0.031,50.296
2026-09-02T08:05:30.950874+07:00,c11_sim,261,11.852,30.474,0.716,0.005,0.023,43.069
2026-09-02T08:05:31.081988+07:00,c11_sim,262,13.216,33.576,1.007,0.007,0.028,47.833
2026-09-02T08:05:31.192979+07:00,c11_sim,263,10.531,39.653,0.883,0.008,0.032,51.106
2026-09-02T08:05:31.290214+07:00,c11_sim,264,13.290,23.653,0.674,0.005,0.023,37.645
2026-09-02T08:05:31.417230+07:00,c11_sim,265,9.942,27.508,0.875,0.008,0.029,38.362
2026-09-02T08:05:31.553062+07:00,c11_sim,266,8.743,39.268,1.257,0.008,0.039,49.315
2026-09-02T08:05:31.646653+07:00,c11_sim,267,7.542,22.004,0.727,0.006,0.023,30.302
2026-09-02T08:05:31.773401+07:00,c11_sim,268,9.073,29.262,0.781,0.008,0.031,39.155
2026-09-02T08:05:31.903837+07:00,c11_sim,269,7.640,33.973,0.859,0.008,0.030,42.510
2026-09-02T08:05:32.014025+07:00,c11_sim,270,7.955,35.724,0.792,0.007,0.028,44.507
2026-09-02T08:05:32.149151+07:00,c11_sim,271,8.551,36.946,0.983,0.008,0.032,46.522
2026-09-02T08:05:32.273334+07:00,c11_sim,272,10.283,27.631,0.710,0.006,0.022,38.651
2026-09-02T08:05:32.401575+07:00,c11_sim,273,12.633,31.421,0.850,0.007,0.028,44.939
2026-09-02T08:05:32.515032+07:00,c11_sim,274,10.453,37.056,1.073,0.007,0.112,48.700
2026-09-02T08:05:32.617299+07:00,c11_sim,275,10.777,33.610,0.000,0.000,0.022,44.409
2026-09-02T08:05:32.734828+07:00,c11_sim,276,12.190,21.074,0.000,0.000,0.025,33.289
2026-09-02T08:05:32.866766+07:00,c11_sim,277,7.415,29.370,0.815,0.000,0.026,37.625
2026-09-02T08:05:32.892280+07:00,c11_sim,278,7.621,23.176,0.928,0.007,0.209,31.941
2026-09-02T08:05:32.945514+07:00,c11_sim,279,7.788,27.124,0.866,0.008,0.030,35.815
2026-09-02T08:05:33.004601+07:00,c11_sim,280,8.546,34.864,0.720,0.006,0.024,44.160
2026-09-02T08:05:33.039709+07:00,c11_sim,281,8.189,33.377,0.621,0.005,0.017,42.209
2026-09-02T08:05:33.075028+07:00,c11_sim,282,6.429,33.795,0.495,0.003,0.014,40.737
2026-09-02T08:05:33.107524+07:00,c11_sim,283,7.466,30.825,0.368,0.004,0.018,38.681
2026-09-02T08:05:33.169814+07:00,c11_sim,284,8.012,36.361,0.748,0.005,0.036,45.162
2026-09-02T08:05:33.205853+07:00,c11_sim,285,7.679,34.557,0.446,0.004,0.015,42.701
2026-09-02T08:05:33.237671+07:00,c11_sim,286,7.359,30.283,0.485,0.003,0.013,38.143
2026-09-02T08:05:33.270393+07:00,c11_sim,287,7.762,31.266,0.486,0.003,0.014,39.531
2026-09-02T08:05:33.301121+07:00,c11_sim,288,8.124,29.340,0.413,0.003,0.012,37.891
2026-09-02T08:05:33.360372+07:00,c11_sim,289,7.387,34.553,0.485,0.003,0.284,42.712
2026-09-02T08:05:33.392303+07:00,c11_sim,290,7.380,30.430,0.517,0.004,0.037,38.368
2026-09-02T08:05:33.426493+07:00,c11_sim,291,7.217,32.661,0.570,0.003,0.012,40.462
2026-09-02T08:05:33.488699+07:00,c11_sim,292,6.769,35.056,0.709,0.005,0.023,42.562
2026-09-02T08:05:33.522271+07:00,c11_sim,293,7.987,32.098,0.444,0.003,0.013,40.545
2026-09-02T08:05:33.549961+07:00,c11_sim,294,7.970,26.509,0.393,0.002,0.010,34.885
2026-09-02T08:05:33.565869+07:00,c11_sim,295,7.472,14.544,0.392,0.003,0.010,22.421
2026-09-02T08:05:33.612521+07:00,c11_sim,296,6.761,19.912,0.693,0.006,0.022,27.393
2026-09-02T08:05:33.658582+07:00,c11_sim,297,7.075,21.100,0.782,0.006,0.024,28.987
2026-09-02T08:05:33.704014+07:00,c11_sim,298,5.910,21.527,0.719,0.005,0.020,28.180
2026-09-02T08:05:33.752700+07:00,c11_sim,299,6.274,22.171,0.484,0.003,0.013,28.946
2026-09-02T08:05:33.775051+07:00,c11_sim,300,6.276,20.948,0.529,0.004,0.014,27.771
2026-09-02T08:05:33.829570+07:00,c11_sim,301,5.756,27.534,0.531,0.004,0.014,33.838
2026-09-02T08:05:33.862198+07:00,c11_sim,302,5.764,31.386,0.367,0.003,0.011,37.531
2026-09-02T08:05:33.918392+07:00,c11_sim,303,6.010,30.016,0.366,0.003,0.010,36.405
2026-09-02T08:05:33.947636+07:00,c11_sim,304,5.943,27.424,0.507,0.003,0.013,33.890
2026-09-02T08:05:33.971506+07:00,c11_sim,305,6.768,22.547,0.385,0.002,0.010,29.713
2026-09-02T08:05:34.023346+07:00,c11_sim,306,7.924,25.154,0.669,0.005,0.022,33.774
2026-09-02T08:05:34.077759+07:00,c11_sim,307,6.039,28.303,0.440,0.003,0.012,34.798
2026-09-02T08:05:34.103775+07:00,c11_sim,308,6.483,23.975,0.653,0.004,0.017,31.133
2026-09-02T08:05:34.161065+07:00,c11_sim,309,8.095,30.360,0.800,0.006,0.024,39.286
2026-09-02T08:05:34.191247+07:00,c11_sim,310,7.259,28.172,0.934,0.003,0.016,36.382
2026-09-02T08:05:34.221106+07:00,c11_sim,311,7.263,28.389,0.497,0.004,0.014,36.167
2026-09-02T08:05:34.279442+07:00,c11_sim,312,7.765,35.270,0.516,0.003,0.015,43.570
2026-09-02T08:05:34.312463+07:00,c11_sim,313,6.712,31.571,0.429,0.003,0.012,38.727
2026-09-02T08:05:34.347787+07:00,c11_sim,314,7.050,33.560,0.473,0.005,0.015,41.103
2026-09-02T08:05:34.379072+07:00,c11_sim,315,6.962,29.520,0.487,0.003,0.014,36.985
2026-09-02T08:05:34.436797+07:00,c11_sim,316,6.542,30.923,0.598,0.005,0.016,38.084
2026-09-02T08:05:34.471683+07:00,c11_sim,317,7.939,33.388,0.391,0.002,0.011,41.731
2026-09-02T08:05:34.503293+07:00,c11_sim,318,7.111,29.983,0.399,0.002,0.011,37.506
2026-09-02T08:05:34.553242+07:00,c11_sim,319,7.170,23.315,0.493,0.004,0.117,31.099
2026-09-02T08:05:34.569464+07:00,c11_sim,320,7.923,14.875,0.413,0.003,0.010,23.225
2026-09-02T08:05:34.614559+07:00,c11_sim,321,6.536,18.629,0.389,0.003,0.010,25.566
2026-09-02T08:05:34.657332+07:00,c11_sim,322,8.018,20.301,0.664,0.005,0.019,29.007
2026-09-02T08:05:34.701433+07:00,c11_sim,323,6.656,20.723,0.430,0.003,0.011,27.823
2026-09-02T08:05:34.748382+07:00,c11_sim,324,7.877,23.987,0.683,0.004,0.016,32.568
2026-09-02T08:05:34.771362+07:00,c11_sim,325,8.313,21.616,0.396,0.003,0.011,30.339
2026-09-02T08:05:34.825005+07:00,c11_sim,326,6.939,27.089,0.494,0.003,0.013,34.538
2026-09-02T08:05:34.887417+07:00,c11_sim,327,6.991,35.615,0.706,0.005,0.018,43.334
2026-09-02T08:05:34.921398+07:00,c11_sim,328,6.013,32.436,0.472,0.003,0.014,38.938
2026-09-02T08:05:34.961240+07:00,c11_sim,329,7.044,37.840,0.826,0.007,0.025,45.742
2026-09-02T08:05:34.997814+07:00,c11_sim,330,7.533,34.789,0.490,0.004,0.015,42.830
2026-09-02T08:05:35.032832+07:00,c11_sim,331,6.863,33.439,0.428,0.003,0.011,40.744
2026-09-02T08:05:35.068546+07:00,c11_sim,332,7.323,34.306,0.420,0.003,0.011,42.062
2026-09-02T08:05:35.105577+07:00,c11_sim,333,6.965,34.755,1.079,0.007,0.030,42.836
2026-09-02T08:05:35.166581+07:00,c11_sim,334,6.890,34.129,0.435,0.004,0.013,41.471
2026-09-02T08:05:35.205959+07:00,c11_sim,335,7.611,37.079,0.913,0.014,0.018,45.636
2026-09-02T08:05:35.241225+07:00,c11_sim,336,6.265,33.565,0.490,0.003,0.014,40.337
2026-09-02T08:05:35.277935+07:00,c11_sim,337,7.238,35.254,0.456,0.003,0.011,42.962
2026-09-02T08:05:35.311685+07:00,c11_sim,338,6.934,32.389,0.371,0.002,0.010,39.707
2026-09-02T08:05:35.347420+07:00,c11_sim,339,6.558,34.261,0.475,0.004,0.016,41.314
2026-09-02T08:05:35.379215+07:00,c11_sim,340,7.315,30.264,0.473,0.003,0.015,38.070
2026-09-02T08:05:35.442241+07:00,c11_sim,341,7.801,36.015,0.720,0.006,0.026,44.567
2026-09-02T08:05:35.481192+07:00,c11_sim,342,7.549,37.075,0.519,0.004,0.016,45.163
2026-09-02T08:05:35.498114+07:00,c11_sim,343,6.301,15.529,0.392,0.003,0.012,22.237
2026-09-02T08:05:35.539005+07:00,c11_sim,344,7.995,17.624,0.363,0.003,0.010,25.995
2026-09-02T08:05:35.582515+07:00,c11_sim,345,7.010,17.187,0.371,0.003,0.012,24.583
2026-09-02T08:05:35.630106+07:00,c11_sim,346,8.021,21.095,0.366,0.003,0.011,29.496
2026-09-02T08:05:35.650409+07:00,c11_sim,347,7.901,18.930,0.420,0.004,0.012,27.267
2026-09-02T08:05:35.703209+07:00,c11_sim,348,6.126,25.727,0.734,0.006,0.024,32.617
2026-09-02T08:05:35.761093+07:00,c11_sim,349,6.629,32.129,0.450,0.004,0.015,39.227
2026-09-02T08:05:35.791144+07:00,c11_sim,350,6.982,29.883,0.000,0.000,0.010,36.875
2026-09-02T08:05:35.829455+07:00,c11_sim,351,6.181,36.684,0.537,0.004,0.015,43.420
2026-09-02T08:05:35.858228+07:00,c11_sim,352,6.485,28.571,0.000,0.000,0.011,35.066
2026-09-02T08:05:35.916317+07:00,c11_sim,353,7.674,32.794,0.000,0.000,0.008,40.476
2026-09-02T08:05:35.949390+07:00,c11_sim,354,7.039,32.948,0.000,0.000,0.007,39.994
2026-09-02T08:05:35.981627+07:00,c11_sim,355,7.122,30.754,0.495,0.004,0.012,38.388
2026-09-02T08:05:36.042864+07:00,c11_sim,356,8.079,34.710,0.405,0.003,0.011,43.209
2026-09-02T08:05:36.078804+07:00,c11_sim,357,7.729,34.630,0.344,0.002,0.010,42.715
2026-09-02T08:05:36.109579+07:00,c11_sim,358,6.744,29.385,0.352,0.003,0.011,36.496
2026-09-02T08:05:36.146335+07:00,c11_sim,359,7.245,35.052,0.493,0.004,0.011,42.805
2026-09-02T08:05:36.212502+07:00,c11_sim,360,6.800,39.276,0.644,0.007,0.023,46.750
2026-09-02T08:05:36.277953+07:00,c11_sim,361,8.610,36.538,0.401,27.056,0.015,72.620
2026-09-02T08:05:36.311427+07:00,c11_sim,362,7.289,13.892,0.337,18.222,0.014,39.755
2026-09-02T08:05:36.343018+07:00,c11_sim,363,7.401,12.833,0.313,17.842,0.017,38.406
2026-09-02T08:05:36.376511+07:00,c11_sim,364,5.556,14.140,0.340,18.333,0.016,38.385
2026-09-02T08:05:36.408724+07:00,c11_sim,365,5.538,13.408,0.337,17.830,0.017,37.131
2026-09-02T08:05:36.443787+07:00,c11_sim,366,5.739,14.892,0.371,19.103,0.015,40.121
2026-09-02T08:05:36.477589+07:00,c11_sim,367,6.106,14.832,0.340,17.876,0.014,39.169
2026-09-02T08:05:36.511811+07:00,c11_sim,368,5.788,15.201,0.315,17.975,0.016,39.295
2026-09-02T08:05:36.546294+07:00,c11_sim,369,5.700,15.562,0.326,17.529,0.013,39.130
2026-09-02T08:05:36.562847+07:00,c11_sim,370,6.047,15.576,0.310,0.000,0.006,21.939
2026-09-02T08:05:36.624616+07:00,c11_sim,371,5.697,17.916,0.395,17.679,0.078,41.765
2026-09-02T08:05:36.665350+07:00,c11_sim,372,5.789,19.459,0.356,20.101,0.085,45.790
2026-09-02T08:05:36.740158+07:00,c11_sim,373,5.957,25.805,0.400,22.834,0.017,55.012
2026-09-02T08:05:36.789272+07:00,c11_sim,374,6.180,27.403,0.371,20.571,0.072,54.597
2026-09-02T08:05:36.838677+07:00,c11_sim,375,5.910,29.421,0.362,18.836,0.092,54.621
2026-09-02T08:05:36.883757+07:00,c11_sim,376,5.808,24.787,0.506,18.592,0.087,49.780
2026-09-02T08:05:36.924596+07:00,c11_sim,377,5.873,21.176,0.502,18.211,0.043,45.805
2026-09-02T08:05:36.970417+07:00,c11_sim,378,6.941,27.060,0.365,17.616,0.013,51.995
2026-09-02T08:05:37.012047+07:00,c11_sim,379,5.996,22.298,0.395,18.235,0.014,46.938
2026-09-02T08:05:37.053610+07:00,c11_sim,380,5.978,22.293,0.433,18.036,0.012,46.753
2026-09-02T08:05:37.092870+07:00,c11_sim,381,6.248,20.665,0.347,17.540,0.014,44.814
2026-09-02T08:05:37.132314+07:00,c11_sim,382,5.967,18.978,0.379,19.359,0.012,44.695
2026-09-02T08:05:37.169500+07:00,c11_sim,383,5.778,19.014,0.361,17.177,0.012,42.342
2026-09-02T08:05:37.206740+07:00,c11_sim,384,5.899,18.090,0.495,17.654,0.138,42.276
2026-09-02T08:05:37.244996+07:00,c11_sim,385,5.888,19.369,0.384,17.739,0.031,43.411
2026-09-02T08:05:37.286006+07:00,c11_sim,386,6.032,21.550,0.467,18.174,0.014,46.238
2026-09-02T08:05:37.324128+07:00,c11_sim,387,5.858,19.378,0.374,17.426,0.021,43.057
2026-09-02T08:05:37.367353+07:00,c11_sim,388,6.218,22.441,0.429,18.555,0.021,47.663
2026-09-02T08:05:37.407487+07:00,c11_sim,389,5.880,19.750,0.527,18.913,0.029,45.099
2026-09-02T08:05:37.448721+07:00,c11_sim,390,5.992,21.636,0.481,18.026,0.017,46.151
2026-09-02T08:05:37.490088+07:00,c11_sim,391,5.865,21.732,0.449,18.212,0.020,46.277
2026-09-02T08:05:37.533637+07:00,c11_sim,392,5.953,22.337,0.456,19.786,0.017,48.549
2026-09-02T08:05:37.575121+07:00,c11_sim,393,5.965,21.620,0.414,18.484,0.021,46.505
2026-09-02T08:05:37.618683+07:00,c11_sim,394,6.373,23.765,0.433,18.341,0.018,48.930
2026-09-02T08:05:37.658292+07:00,c11_sim,395,5.753,21.021,0.377,17.372,0.019,44.543
2026-09-02T08:05:37.702002+07:00,c11_sim,396,5.820,25.210,0.381,17.419,0.020,48.850
2026-09-02T08:05:37.742820+07:00,c11_sim,397,5.868,21.431,0.396,18.332,0.024,46.051
2026-09-02T08:05:37.780760+07:00,c11_sim,398,5.866,18.377,0.427,18.483,0.023,43.176
2026-09-02T08:05:37.817840+07:00,c11_sim,399,5.672,18.813,0.396,17.144,0.021,42.047
2026-09-02T08:05:37.835786+07:00,c11_sim,400,6.091,17.798,0.000,0.000,0.008,23.897
2026-09-02T08:05:37.851466+07:00,c11_sim,401,5.861,15.562,0.000,0.000,0.006,21.428
2026-09-02T08:05:37.867654+07:00,c11_sim,402,5.832,16.082,0.000,0.000,0.007,21.921
2026-09-02T08:05:37.883738+07:00,c12_sim,32,4.293,15.979,0.000,0.000,0.010,20.282
2026-09-02T08:05:38.035475+07:00,c12_sim,33,5.295,28.051,0.000,0.000,0.010,33.355
2026-09-02T08:05:38.159142+07:00,c12_sim,34,9.646,33.106,0.000,0.000,0.021,42.773
2026-09-02T08:05:38.254096+07:00,c12_sim,35,10.750,21.799,0.000,0.000,0.019,32.568
2026-09-02T08:05:38.397853+07:00,c12_sim,36,14.599,25.006,0.000,0.000,0.020,39.625
2026-09-02T08:05:38.494563+07:00,c12_sim,37,12.170,26.804,0.000,0.000,0.025,39.000
2026-09-02T08:05:38.620501+07:00,c12_sim,38,11.392,34.492,0.000,0.000,0.466,46.351
2026-09-02T08:05:38.731389+07:00,c10_sim,59,6.882,37.184,0.000,0.000,0.041,44.106
2026-09-02T08:05:38.863371+07:00,c10_sim,60,9.358,36.689,0.000,0.000,0.027,46.074
2026-09-02T08:05:38.980907+07:00,c10_sim,61,8.415,39.687,1.092,0.007,0.029,49.231
2026-09-02T08:05:39.095833+07:00,c10_sim,62,13.217,38.335,0.743,0.006,0.019,52.320
2026-09-02T08:05:39.213327+07:00,c10_sim,63,11.955,40.830,0.744,0.005,0.022,53.557
2026-09-02T08:05:39.322318+07:00,c10_sim,64,10.823,39.489,1.054,0.009,0.030,51.404
2026-09-02T08:05:39.438098+07:00,c10_sim,65,8.639,39.263,1.028,0.007,0.027,48.964
2026-09-02T08:05:39.535531+07:00,c10_sim,66,10.045,22.850,0.781,0.006,0.298,33.979
2026-09-02T08:05:39.660044+07:00,c10_sim,67,14.398,28.540,0.980,0.007,0.060,43.986
2026-09-02T08:05:39.767567+07:00,c10_sim,68,10.035,29.454,0.960,0.008,0.026,40.482
2026-09-02T08:05:39.904421+07:00,c10_sim,69,11.936,37.095,0.976,0.007,0.026,50.040
2026-09-02T08:05:40.009379+07:00,c10_sim,70,13.046,31.232,0.762,0.006,0.021,45.066
2026-09-02T08:05:40.109998+07:00,c10_sim,71,10.618,29.332,0.906,0.007,0.026,40.889
2026-09-02T08:05:40.242891+07:00,c10_sim,72,9.303,37.957,0.969,0.008,0.025,48.262
2026-09-02T08:05:40.339083+07:00,c10_sim,73,8.835,24.231,0.802,0.006,0.021,33.894
2026-09-02T08:05:40.459939+07:00,c10_sim,74,7.949,28.152,0.960,0.008,0.027,37.095
2026-09-02T08:05:40.556742+07:00,c10_sim,75,11.354,27.540,0.984,0.006,0.021,39.904
2026-09-02T08:05:40.691768+07:00,c10_sim,76,13.675,38.848,0.947,0.007,0.029,53.505
2026-09-02T08:05:40.799222+07:00,c10_sim,77,13.640,37.747,0.740,0.007,0.030,52.164
2026-09-02T08:05:40.896015+07:00,c10_sim,78,7.145,22.382,0.500,0.004,0.013,30.044
2026-09-02T08:05:41.025821+07:00,c10_sim,79,7.868,31.975,0.976,0.008,0.025,40.852
2026-09-02T08:05:41.201291+07:00,c10_sim,80,13.471,38.224,1.070,41.578,0.053,94.396
2026-09-02T08:05:41.292868+07:00,c10_sim,81,6.973,36.982,0.869,26.126,0.031,70.980
2026-09-02T08:05:41.381069+07:00,c10_sim,82,7.095,17.399,0.562,20.950,0.026,46.033
2026-09-02T08:05:41.501499+07:00,c10_sim,83,7.494,24.688,0.671,22.456,0.021,55.329
2026-09-02T08:05:41.632320+07:00,c10_sim,84,8.581,34.482,0.798,26.436,0.026,70.321
2026-09-02T08:05:41.742989+07:00,c10_sim,85,7.084,34.254,0.753,25.644,0.041,67.776
2026-09-02T08:05:41.833402+07:00,c10_sim,86,7.845,17.707,0.525,21.044,0.023,47.143
2026-09-02T08:05:41.962077+07:00,c10_sim,87,7.129,25.131,0.843,26.533,0.016,59.652
2026-09-02T08:05:42.071171+07:00,c10_sim,88,6.802,30.185,0.794,26.325,0.017,64.124
2026-09-02T08:05:42.211551+07:00,c10_sim,89,7.856,37.957,1.076,26.785,0.012,73.686
2026-09-02T08:05:42.302482+07:00,c10_sim,90,8.104,18.087,0.545,21.790,0.017,48.543
2026-09-02T08:05:42.396412+07:00,c10_sim,91,7.076,20.619,0.532,21.676,0.034,49.935
2026-09-02T08:05:42.493848+07:00,c10_sim,92,8.779,26.314,0.000,0.000,0.009,35.102
2026-09-02T08:05:42.620036+07:00,c10_sim,93,8.739,36.544,0.000,0.000,0.026,45.309
2026-09-02T08:05:42.772124+07:00,c10_sim,94,6.935,25.067,0.702,27.490,0.034,60.227
2026-09-02T08:05:42.912750+07:00,c10_sim,95,7.184,26.424,1.012,0.000,0.036,34.655
2026-09-02T08:05:43.153143+07:00,c10_sim,96,8.301,37.169,1.075,33.186,0.139,79.871
2026-09-02T08:05:43.327593+07:00,c10_sim,97,10.127,41.939,1.106,31.286,0.079,84.536
2026-09-02T08:05:43.501742+07:00,c10_sim,98,13.223,27.595,1.104,25.259,0.016,67.196
2026-09-02T08:05:43.696461+07:00,c10_sim,99,13.277,37.126,1.381,32.505,0.012,84.302
2026-09-02T08:05:43.862145+07:00,c10_sim,100,10.225,31.211,1.129,32.320,0.100,74.985
2026-09-02T08:05:44.057941+07:00,c10_sim,101,7.948,39.324,0.926,33.285,0.097,81.581
2026-09-02T08:05:44.213181+07:00,c10_sim,102,6.940,29.092,1.252,31.752,0.016,69.052
2026-09-02T08:05:44.417559+07:00,c10_sim,103,12.591,36.518,0.984,27.844,0.012,77.950
2026-09-02T08:05:44.584782+07:00,c10_sim,104,9.344,38.283,1.034,27.855,0.014,76.531
2026-09-02T08:05:44.781062+07:00,c10_sim,105,10.648,38.799,1.110,31.071,0.008,81.636
2026-09-02T08:05:44.965548+07:00,c10_sim,106,12.780,32.080,0.983,31.237,0.015,77.093
2026-09-02T08:05:45.156437+07:00,c10_sim,107,14.725,38.055,1.116,31.033,0.015,84.945
2026-09-02T08:05:45.330082+07:00,c10_sim,108,10.637,40.889,1.130,30.223,0.010,82.891
2026-09-02T08:05:45.476379+07:00,c10_sim,109,8.752,25.759,0.849,25.439,0.185,60.984
2026-09-02T08:05:45.651248+07:00,c10_sim,110,6.249,31.621,0.634,21.398,0.084,59.986
2026-09-02T08:05:45.861695+07:00,c10_sim,111,12.711,28.983,0.890,29.130,0.017,71.731
2026-09-02T08:05:46.057316+07:00,c10_sim,112,9.021,40.768,1.078,33.532,0.021,84.420
2026-09-02T08:05:46.223371+07:00,c10_sim,113,13.550,40.593,0.984,30.976,0.014,86.117
2026-09-02T08:05:46.402981+07:00,c10_sim,114,14.249,31.687,0.780,26.461,0.025,73.201
2026-09-02T08:05:46.584313+07:00,c10_sim,115,10.764,30.815,1.011,31.577,0.017,74.183
2026-09-02T08:05:46.779085+07:00,c10_sim,116,10.575,39.571,1.074,35.307,0.030,86.557
2026-09-02T08:05:46.926477+07:00,c10_sim,117,11.697,34.452,0.000,0.000,0.025,46.174
2026-09-02T08:05:47.117206+07:00,c10_sim,118,11.427,42.334,1.162,0.000,0.025,54.947
2026-09-02T08:05:47.276275+07:00,c10_sim,119,8.676,39.976,1.146,0.008,0.299,50.105
2026-09-02T08:05:47.466467+07:00,c10_sim,120,9.965,38.868,0.959,0.006,0.245,50.045
2026-09-02T08:05:47.639095+07:00,c10_sim,121,9.616,30.101,0.000,0.000,0.032,39.750
2026-09-02T08:05:47.802094+07:00,c10_sim,122,9.073,24.307,0.000,0.000,0.026,33.405
2026-09-02T08:05:48.002341+07:00,c10_sim,123,10.154,35.435,0.000,0.000,0.027,45.615
2026-09-02T08:05:48.181382+07:00,c11_sim,403,11.226,32.872,0.000,0.000,0.022,44.120
2026-09-02T08:05:48.319694+07:00,c11_sim,404,11.965,21.378,0.000,0.000,0.016,33.360
2026-09-02T08:05:48.463433+07:00,c11_sim,405,7.290,20.049,0.000,0.000,0.012,27.351
2026-09-02T08:05:48.640817+07:00,c11_sim,406,13.934,34.938,0.000,0.000,0.023,48.895
2026-09-02T08:05:48.791059+07:00,c11_sim,407,8.900,35.030,0.000,0.000,0.035,43.965
2026-09-02T08:05:48.929007+07:00,c11_sim,408,13.178,19.934,0.000,0.000,0.016,33.128
2026-09-02T08:05:49.099888+07:00,c11_sim,409,12.996,24.827,0.000,0.000,0.025,37.847
2026-09-02T08:05:49.255610+07:00,c11_sim,410,13.227,35.388,0.000,0.000,0.024,48.639
2026-09-02T08:05:49.412359+07:00,c11_sim,411,9.763,35.837,0.000,0.000,0.024,45.624
2026-09-02T08:05:49.572214+07:00,c11_sim,412,10.301,38.338,0.000,0.000,0.025,48.665
2026-09-02T08:05:49.690551+07:00,c11_sim,413,8.438,22.098,0.000,0.000,0.023,30.559
2026-09-02T08:05:49.860420+07:00,c11_sim,414,9.588,24.785,0.000,0.000,0.450,34.823
2026-09-02T08:05:50.008959+07:00,c11_sim,415,10.143,34.426,0.000,0.000,0.054,44.623
2026-09-02T08:05:50.159721+07:00,c11_sim,416,9.991,36.398,0.000,0.000,0.013,46.402
2026-09-02T08:05:50.304872+07:00,c11_sim,417,14.714,24.740,0.000,0.000,0.015,39.468
2026-09-02T08:05:50.451281+07:00,c11_sim,418,9.745,25.970,0.000,0.000,0.011,35.726
2026-09-02T08:05:50.628404+07:00,c11_sim,419,12.963,35.627,0.000,0.000,0.009,48.600
2026-09-02T08:05:50.771636+07:00,c11_sim,420,7.557,25.310,0.000,0.000,0.013,32.880
2026-09-02T08:05:50.913885+07:00,c11_sim,421,10.338,29.205,0.000,0.000,0.020,39.562
2026-09-02T08:05:51.091734+07:00,c11_sim,422,8.674,40.808,0.000,0.000,0.015,49.497
2026-09-02T08:05:51.228062+07:00,c11_sim,423,11.708,23.304,0.000,0.000,0.011,35.023
2026-09-02T08:05:51.373177+07:00,c11_sim,424,12.340,26.969,0.456,0.000,0.006,39.770
2026-09-02T08:05:51.582934+07:00,c11_sim,425,13.731,40.784,0.966,30.150,0.127,85.758
2026-09-02T08:05:51.725131+07:00,c11_sim,426,8.475,39.559,0.966,29.715,0.089,78.805
2026-09-02T08:05:51.859648+07:00,c11_sim,427,9.094,37.794,0.782,22.261,0.016,69.947
2026-09-02T08:05:52.020642+07:00,c11_sim,428,8.510,29.857,0.889,28.837,0.014,68.107
2026-09-02T08:05:52.142223+07:00,c11_sim,429,9.265,28.890,0.000,0.000,0.023,38.178
2026-09-02T08:05:52.328036+07:00,c11_sim,430,14.491,36.785,0.606,22.723,0.018,74.624
2026-09-02T08:05:52.461690+07:00,c11_sim,431,7.897,34.341,0.925,24.948,0.019,68.130
2026-09-02T08:05:52.626724+07:00,c11_sim,432,9.956,37.390,1.164,30.419,0.010,78.939
2026-09-02T08:05:52.741493+07:00,c11_sim,433,11.292,20.834,0.000,0.000,0.007,32.133
2026-09-02T08:05:52.912405+07:00,c11_sim,434,12.104,29.116,0.000,0.000,0.021,41.241
2026-09-02T08:05:53.070676+07:00,c11_sim,435,10.594,36.069,0.000,0.000,0.023,46.686
2026-09-02T08:05:53.229041+07:00,c11_sim,436,10.798,38.299,0.000,0.000,0.022,49.119
2026-09-02T08:05:53.352391+07:00,c11_sim,437,8.689,34.933,0.000,0.000,0.027,43.649
2026-09-02T08:05:53.543256+07:00,c11_sim,438,8.761,30.954,1.242,38.491,0.025,79.473
2026-09-02T08:05:53.682735+07:00,c11_sim,439,8.955,23.441,0.741,25.993,0.021,59.151
2026-09-02T08:05:53.840347+07:00,c11_sim,440,13.370,27.233,1.026,28.961,0.024,70.614
2026-09-02T08:05:53.987775+07:00,c11_sim,441,12.190,21.237,0.771,28.893,0.018,63.109
2026-09-02T08:05:54.139378+07:00,c11_sim,442,12.739,27.285,1.185,27.841,0.015,69.064
2026-09-02T08:05:54.331710+07:00,c11_sim,443,12.215,44.013,1.758,50.150,0.081,108.217
2026-09-02T08:05:54.461371+07:00,c11_sim,444,8.180,36.165,0.737,25.578,0.019,70.678
2026-09-02T08:05:54.575499+07:00,c11_sim,445,7.016,19.565,0.633,19.567,0.016,46.795
2026-09-02T08:05:54.756521+07:00,c11_sim,446,14.235,32.034,0.856,27.586,0.107,74.819
2026-09-02T08:05:54.920852+07:00,c11_sim,447,8.401,33.042,0.758,28.915,0.088,71.204
2026-09-02T08:05:55.048482+07:00,c11_sim,448,10.207,25.510,1.046,28.194,0.021,64.978
2026-09-02T08:05:55.217179+07:00,c11_sim,449,9.808,38.371,0.991,29.729,0.016,78.915
2026-09-02T08:05:55.385502+07:00,c11_sim,450,10.751,41.303,0.723,24.994,0.022,77.793
2026-09-02T08:05:55.524920+07:00,c11_sim,451,7.692,37.393,0.915,29.166,0.027,75.193
2026-09-02T08:05:55.653423+07:00,c11_sim,452,7.950,24.845,0.797,26.799,0.017,60.408
2026-09-02T08:05:55.838858+07:00,c11_sim,453,13.118,31.447,1.230,30.037,0.012,75.844
2026-09-02T08:05:55.985120+07:00,c11_sim,454,10.619,38.301,1.030,31.351,0.012,81.313
2026-09-02T08:05:56.126397+07:00,c11_sim,455,9.372,36.615,1.016,28.376,0.013,75.394
2026-09-02T08:05:56.263050+07:00,c11_sim,456,8.929,24.049,0.630,23.598,0.060,57.266
2026-09-02T08:05:56.416828+07:00,c11_sim,457,11.219,28.683,0.942,22.697,0.110,63.650
2026-09-02T08:05:56.587908+07:00,c11_sim,458,9.887,40.864,0.961,29.111,0.016,80.839
2026-09-02T08:05:56.728046+07:00,c11_sim,459,8.476,35.221,0.928,27.640,0.021,72.286
2026-09-02T08:05:56.872178+07:00,c11_sim,460,10.689,25.562,0.667,25.902,0.014,62.833
2026-09-02T08:05:57.063763+07:00,c11_sim,461,14.324,32.667,1.036,31.938,0.016,79.980
2026-09-02T08:05:57.206844+07:00,c11_sim,462,9.263,37.225,1.130,29.393,0.031,77.043
2026-09-02T08:05:57.346230+07:00,c11_sim,463,9.797,38.219,0.899,24.432,0.015,73.362
2026-09-02T08:05:57.492389+07:00,c11_sim,464,7.681,25.324,0.844,24.718,0.017,58.584
2026-09-02T08:05:57.617650+07:00,c11_sim,465,9.640,32.832,0.000,0.000,0.021,42.493
2026-09-02T08:05:57.777188+07:00,c11_sim,466,11.175,35.358,0.000,0.000,0.028,46.562
2026-09-02T08:05:57.988370+07:00,c11_sim,467,9.644,43.699,1.423,38.871,0.056,93.692
2026-09-02T08:05:58.104665+07:00,c11_sim,468,7.616,37.076,0.681,28.191,0.021,73.585
2026-09-02T08:05:58.273248+07:00,c11_sim,469,8.101,38.949,0.844,29.324,0.014,77.233
2026-09-02T08:05:58.419597+07:00,c11_sim,470,8.078,39.607,0.876,30.543,0.015,79.119
2026-09-02T08:05:58.558033+07:00,c11_sim,471,7.689,36.697,0.915,26.731,0.014,72.047
2026-09-02T08:05:58.732623+07:00,c11_sim,472,10.553,40.800,1.085,32.719,0.027,85.184
2026-09-02T08:05:58.876747+07:00,c11_sim,473,8.614,41.980,0.872,27.041,0.022,78.529
2026-09-02T08:05:58.994244+07:00,c11_sim,474,8.512,23.060,0.590,19.254,0.023,51.439
2026-09-02T08:05:59.176468+07:00,c11_sim,475,8.538,30.024,0.954,28.826,0.153,68.496
2026-09-02T08:05:59.342129+07:00,c11_sim,476,8.178,41.020,1.098,28.845,0.149,79.291
2026-09-02T08:05:59.479173+07:00,c11_sim,477,7.107,35.474,0.915,27.776,0.032,71.303
2026-09-02T08:05:59.599944+07:00,c11_sim,478,6.483,22.851,0.661,24.139,0.018,54.153
2026-09-02T08:05:59.799088+07:00,c11_sim,479,9.761,39.253,1.123,34.495,0.031,84.664
2026-09-02T08:05:59.907789+07:00,c11_sim,480,7.482,33.605,0.000,0.000,0.022,41.109
2026-09-02T08:06:00.049721+07:00,c11_sim,481,11.645,24.817,0.000,0.000,0.018,36.479
2026-09-02T08:06:00.202864+07:00,c11_sim,482,10.098,32.136,0.000,0.000,0.025,42.259
2026-09-02T08:06:00.371793+07:00,c11_sim,483,15.584,27.765,0.000,0.000,0.021,43.370
2026-09-02T08:06:00.522579+07:00,c11_sim,484,12.942,27.688,0.000,0.000,0.023,40.653
2026-09-02T08:06:00.675805+07:00,c11_sim,485,9.445,33.538,0.000,0.000,0.027,43.010
2026-09-02T08:06:00.874013+07:00,c11_sim,486,11.918,34.495,0.000,0.000,0.022,46.436
2026-09-02T08:06:01.079597+07:00,c11_sim,487,12.113,35.470,0.000,0.000,0.022,47.605
2026-09-02T08:06:01.286386+07:00,c11_sim,488,9.381,35.596,0.000,0.000,0.019,44.996
2026-09-02T08:06:01.492046+07:00,c11_sim,489,9.471,37.731,0.000,0.000,0.029,47.231
2026-09-02T08:06:01.693953+07:00,c11_sim,490,9.548,37.961,0.000,0.000,0.026,47.535
2026-09-02T08:06:01.894708+07:00,c11_sim,491,11.509,35.563,0.000,0.000,0.020,47.093
2026-09-02T08:06:02.064381+07:00,c11_sim,492,8.760,21.879,0.000,0.000,0.022,30.662
2026-09-02T08:06:02.271596+07:00,c11_sim,493,9.243,33.931,0.000,0.000,0.021,43.194
2026-09-02T08:06:02.494507+07:00,c11_sim,494,11.976,36.581,0.000,0.000,0.301,48.858
2026-09-02T08:06:02.659453+07:00,c11_sim,495,8.853,25.403,0.000,0.000,0.045,34.302
2026-09-02T08:06:02.871131+07:00,c11_sim,496,8.985,22.667,0.000,0.000,0.012,31.664
2026-09-02T08:06:03.067805+07:00,c11_sim,497,10.587,29.419,0.000,0.000,0.014,40.021
2026-09-02T08:06:03.275141+07:00,c11_sim,498,11.833,23.738,0.000,0.000,0.016,35.586
2026-09-02T08:06:03.474501+07:00,c11_sim,499,9.798,32.355,0.000,0.000,0.012,42.166
2026-09-02T08:06:03.677853+07:00,c11_sim,500,10.149,36.629,0.000,0.000,0.012,46.790
2026-09-02T08:06:03.876024+07:00,c11_sim,501,9.291,32.823,0.000,0.000,0.015,42.129
2026-09-02T08:06:04.066935+07:00,c11_sim,502,8.860,27.971,0.000,0.000,0.014,36.846
2026-09-02T08:06:04.289341+07:00,c9_sim,259,9.402,37.784,0.000,0.000,0.025,47.211
2026-09-02T08:06:04.475880+07:00,c9_sim,260,15.023,24.094,0.000,0.000,0.018,39.135
2026-09-02T08:06:04.696358+07:00,c9_sim,261,8.293,33.147,0.000,0.000,0.029,41.469
2026-09-02T08:06:04.893388+07:00,c9_sim,262,11.278,36.777,0.000,0.000,0.025,48.080
2026-09-02T08:06:05.094876+07:00,c9_sim,263,9.683,34.643,0.000,0.000,0.026,44.352
2026-09-02T08:06:05.283710+07:00,c9_sim,264,8.409,24.695,0.000,0.000,0.021,33.125
2026-09-02T08:06:05.487124+07:00,c9_sim,265,8.722,38.585,0.000,0.000,0.026,47.333
2026-09-02T08:06:05.678958+07:00,c9_sim,266,8.096,34.307,0.000,0.000,0.037,42.440
2026-09-02T08:06:05.866980+07:00,c9_sim,267,11.281,23.422,0.000,0.000,0.024,34.726
2026-09-02T08:06:06.093432+07:00,c9_sim,268,7.720,37.841,0.000,0.000,0.038,45.599
2026-09-02T08:06:06.291508+07:00,c9_sim,269,9.989,37.800,0.000,0.000,0.026,47.815
2026-09-02T08:06:06.477404+07:00,c9_sim,270,11.153,24.409,0.000,0.000,0.025,35.587
2026-09-02T08:06:06.671292+07:00,c9_sim,271,12.601,25.016,0.000,0.000,0.023,37.639
2026-09-02T08:06:06.903745+07:00,c9_sim,272,9.856,43.032,0.000,0.000,0.558,53.447
2026-09-02T08:06:07.074088+07:00,c9_sim,273,8.866,26.537,0.000,0.000,0.094,35.497
2026-09-02T08:06:07.272546+07:00,c9_sim,274,8.569,29.541,0.000,0.000,0.013,38.123
2026-09-02T08:06:07.473842+07:00,c9_sim,275,6.511,34.895,0.000,0.000,0.014,41.419
2026-09-02T08:06:07.677099+07:00,c9_sim,276,9.573,34.089,0.000,0.000,0.013,43.675
2026-09-02T08:06:07.860946+07:00,c9_sim,277,7.884,21.715,0.000,0.000,0.012,29.611
2026-09-02T08:06:08.087377+07:00,c9_sim,278,9.151,28.922,0.000,0.000,0.015,38.089
2026-09-02T08:06:08.288616+07:00,c9_sim,279,9.990,36.913,0.000,0.000,0.019,46.922
2026-09-02T08:06:08.490278+07:00,c9_sim,280,7.950,38.748,0.000,0.000,0.008,46.707
2026-09-02T08:06:08.697088+07:00,c9_sim,281,8.850,38.136,0.000,0.000,0.010,46.996
2026-09-02T08:06:08.872610+07:00,c9_sim,282,7.557,31.757,0.000,0.000,0.012,39.325
2026-09-02T08:06:09.100586+07:00,c9_sim,283,10.274,35.324,0.000,0.000,0.012,45.610
2026-09-02T08:06:09.296970+07:00,c9_sim,284,9.662,36.633,1.006,0.000,0.012,47.312
2026-09-02T08:06:09.491479+07:00,c9_sim,285,12.343,33.841,0.000,0.000,0.011,46.195
2026-09-02T08:06:09.696761+07:00,c9_sim,286,11.878,33.611,0.000,0.000,0.011,45.500
2026-09-02T08:06:09.900770+07:00,c9_sim,287,11.753,33.640,0.000,0.000,0.012,45.405
2026-09-02T08:06:10.101293+07:00,c9_sim,288,12.105,34.315,0.000,0.000,0.011,46.431
2026-09-02T08:06:10.311216+07:00,c9_sim,289,10.656,30.555,1.076,31.308,0.074,73.669
2026-09-02T08:06:10.490064+07:00,c9_sim,290,12.624,32.995,0.000,0.000,0.018,45.637
2026-09-02T08:06:10.689542+07:00,c9_sim,291,12.327,33.265,0.000,0.000,0.025,45.617
2026-09-02T08:06:10.896949+07:00,c9_sim,292,13.010,33.849,0.000,0.000,0.021,46.879
2026-09-02T08:06:11.071062+07:00,c9_sim,293,9.543,32.292,0.000,0.000,0.021,41.856
2026-09-02T08:06:11.330010+07:00,c9_sim,294,10.975,36.311,1.047,32.080,0.095,80.507
2026-09-02T08:06:11.486803+07:00,c9_sim,295,7.877,33.675,0.000,0.000,0.017,41.569
2026-09-02T08:06:11.691924+07:00,c9_sim,296,11.946,35.271,0.000,0.000,0.017,47.234
2026-09-02T08:06:11.888336+07:00,c9_sim,297,11.748,33.305,0.000,0.000,0.021,45.074
2026-09-02T08:06:12.091398+07:00,c9_sim,298,12.215,33.743,0.000,0.000,0.021,45.979
2026-09-02T08:06:12.326363+07:00,c9_sim,299,11.175,37.478,1.044,30.535,0.064,80.295
2026-09-02T08:06:12.518912+07:00,c9_sim,300,6.357,35.784,1.199,34.344,0.018,77.702
2026-09-02T08:06:12.730644+07:00,c9_sim,301,12.752,36.029,1.089,29.016,0.070,78.958
2026-09-02T08:06:12.918169+07:00,c9_sim,302,9.999,34.998,0.922,29.424,0.097,75.441
2026-09-02T08:06:13.130697+07:00,c9_sim,303,10.570,36.407,0.983,29.073,0.014,77.047
2026-09-02T08:06:13.327509+07:00,c9_sim,304,13.346,37.186,1.181,33.388,0.012,85.113
2026-09-02T08:06:13.518490+07:00,c9_sim,305,12.553,35.642,1.053,31.470,0.017,80.736
2026-09-02T08:06:13.731445+07:00,c9_sim,306,12.764,36.330,1.053,28.959,0.018,79.124
2026-09-02T08:06:13.919526+07:00,c9_sim,307,11.716,35.415,0.975,29.882,0.018,78.006
2026-09-02T08:06:14.129474+07:00,c9_sim,308,12.642,36.374,1.235,31.988,0.012,82.251
2026-09-02T08:06:14.323898+07:00,c9_sim,309,9.174,36.315,1.176,35.501,0.028,82.194
2026-09-02T08:06:14.514194+07:00,c9_sim,310,11.484,35.431,0.970,29.389,0.088,77.363
2026-09-02T08:06:14.724382+07:00,c9_sim,311,12.117,36.144,1.004,28.184,0.082,77.531
2026-09-02T08:06:14.910762+07:00,c9_sim,312,12.354,34.372,1.011,27.910,0.081,75.729
2026-09-02T08:06:15.123858+07:00,c9_sim,313,11.472,35.895,1.091,30.439,0.091,78.989
2026-09-02T08:06:15.325792+07:00,c9_sim,314,11.978,36.238,0.927,25.337,0.019,74.499
2026-09-02T08:06:15.535260+07:00,c9_sim,315,12.771,35.581,1.078,30.537,0.021,79.988
2026-09-02T08:06:15.726786+07:00,c9_sim,316,12.789,36.282,1.041,29.114,0.016,79.241
2026-09-02T08:06:15.912190+07:00,c9_sim,317,12.067,37.202,0.936,28.461,0.024,78.689
2026-09-02T08:06:16.129709+07:00,c9_sim,318,12.049,36.899,1.300,33.312,0.019,83.579
2026-09-02T08:06:16.313325+07:00,c9_sim,319,12.129,35.449,0.977,27.042,0.013,75.609
2026-09-02T08:06:16.528233+07:00,c9_sim,320,13.014,36.347,1.026,30.768,0.015,81.170
2026-09-02T08:06:16.715937+07:00,c9_sim,321,12.333,37.373,1.032,27.759,0.013,78.510
2026-09-02T08:06:16.927301+07:00,c9_sim,322,12.926,35.948,1.077,35.810,0.024,85.785
2026-09-02T08:06:17.137796+07:00,c9_sim,323,12.957,37.675,1.091,30.577,0.017,82.316
2026-09-02T08:06:17.320006+07:00,c9_sim,324,12.179,38.804,0.726,23.994,0.162,75.866
2026-09-02T08:06:17.510057+07:00,c9_sim,325,8.161,39.545,0.708,22.966,0.034,71.414
2026-09-02T08:06:17.728488+07:00,c9_sim,326,6.798,42.943,1.059,35.356,0.047,86.203
2026-09-02T08:06:17.910339+07:00,c9_sim,327,7.075,35.714,0.842,23.991,0.033,67.655
2026-09-02T08:06:18.125850+07:00,c9_sim,328,10.450,42.554,1.053,32.151,0.366,86.574
2026-09-02T08:06:18.320056+07:00,c9_sim,329,8.351,42.975,1.093,29.946,0.146,82.510
2026-09-02T08:06:18.526823+07:00,c9_sim,330,8.380,39.748,0.943,26.265,0.102,75.438
2026-09-02T08:06:18.717589+07:00,c9_sim,331,12.843,40.626,0.985,28.657,0.025,83.136
2026-09-02T08:06:18.927979+07:00,c9_sim,332,12.546,39.031,0.983,31.043,0.037,83.640
2026-09-02T08:06:19.122473+07:00,c9_sim,333,13.295,42.133,1.064,29.859,0.027,86.377
2026-09-02T08:06:19.305777+07:00,c9_sim,334,10.016,38.605,0.600,23.702,0.050,72.973
2026-09-02T08:06:19.531932+07:00,c9_sim,335,11.114,48.198,1.046,32.918,0.048,93.324
2026-09-02T08:06:19.722007+07:00,c9_sim,336,12.932,44.125,0.962,27.590,0.284,85.892
2026-09-02T08:06:19.941444+07:00,c9_sim,337,12.951,39.558,1.285,36.369,0.197,90.361
2026-09-02T08:06:20.134662+07:00,c9_sim,338,13.044,38.959,1.149,30.972,0.020,84.144
2026-09-02T08:06:20.321816+07:00,c9_sim,339,8.213,37.457,0.980,28.517,0.014,75.181
2026-09-02T08:06:20.531345+07:00,c9_sim,340,11.041,36.962,1.007,28.150,0.015,77.175
2026-09-02T08:06:20.685741+07:00,c9_sim,341,12.483,33.334,0.000,0.000,0.019,45.835
2026-09-02T08:06:20.884936+07:00,c9_sim,342,12.792,34.099,0.000,0.000,0.023,46.914
2026-09-02T08:06:21.087239+07:00,c9_sim,343,12.886,42.240,0.000,0.000,0.027,55.153
2026-09-02T08:06:21.294812+07:00,c8_sim,129,8.921,36.845,1.012,0.000,0.023,46.802
2026-09-02T08:06:21.495144+07:00,c8_sim,130,16.650,36.775,1.042,0.008,0.332,54.807
2026-09-02T08:06:21.697942+07:00,c8_sim,131,16.467,34.963,0.976,0.007,0.296,52.709
2026-09-02T08:06:21.904828+07:00,c8_sim,132,17.224,35.927,0.940,0.007,0.028,54.126
2026-09-02T08:06:22.108440+07:00,c8_sim,133,16.681,35.622,0.978,0.007,0.283,53.571
2026-09-02T08:06:22.289043+07:00,c8_sim,134,10.840,36.915,0.723,0.008,0.224,48.711
2026-09-02T08:06:22.521774+07:00,c8_sim,135,19.322,40.711,4.686,0.020,0.090,64.830
2026-09-02T08:06:22.676022+07:00,c8_sim,136,7.412,28.988,0.701,0.005,0.021,37.127
2026-09-02T08:06:22.925273+07:00,c8_sim,137,12.900,28.104,0.954,35.524,0.022,77.504
2026-09-02T08:06:23.132592+07:00,c8_sim,138,11.379,30.427,0.693,26.723,0.021,69.243
2026-09-02T08:06:23.330243+07:00,c8_sim,139,7.430,33.681,1.069,44.998,0.020,87.198
2026-09-02T08:06:23.481163+07:00,c8_sim,140,7.458,28.097,0.000,0.000,0.014,35.569
2026-09-02T08:06:23.724671+07:00,c8_sim,141,7.476,27.211,1.074,32.613,0.022,68.396
2026-09-02T08:06:23.942287+07:00,c8_sim,142,7.402,41.519,0.856,33.403,0.399,83.578
2026-09-02T08:06:24.126514+07:00,c8_sim,143,10.990,36.879,0.709,29.244,2.596,80.417
2026-09-02T08:06:24.276247+07:00,c8_sim,144,10.622,28.127,0.000,0.000,0.038,38.787
2026-09-02T08:06:24.514520+07:00,c8_sim,145,10.707,31.514,0.709,25.688,0.033,68.651
2026-09-02T08:06:24.713288+07:00,c8_sim,146,7.066,27.944,0.804,24.950,0.027,60.792
2026-09-02T08:06:24.928878+07:00,c8_sim,147,15.403,28.769,0.923,28.325,0.020,73.440
2026-09-02T08:06:25.130649+07:00,c8_sim,148,14.995,27.757,0.731,29.660,0.021,73.163
2026-09-02T08:06:25.337238+07:00,c8_sim,149,13.557,36.597,0.780,29.413,0.021,80.369
2026-09-02T08:06:25.543814+07:00,c8_sim,150,14.768,35.212,1.077,29.698,0.022,80.776
2026-09-02T08:06:25.726437+07:00,c8_sim,151,12.939,39.480,0.824,27.402,0.023,80.668
2026-09-02T08:06:25.924131+07:00,c8_sim,152,14.016,30.592,1.039,30.358,0.028,76.033
2026-09-02T08:06:26.099713+07:00,c8_sim,153,16.560,29.835,0.000,0.000,0.017,46.412
2026-09-02T08:06:26.336239+07:00,c8_sim,154,9.020,34.788,0.960,33.967,0.023,78.759
2026-09-02T08:06:26.514668+07:00,c8_sim,155,7.011,38.653,0.657,23.071,0.026,69.418
2026-09-02T08:06:26.735857+07:00,c8_sim,156,14.311,41.980,0.992,33.015,0.059,90.357
2026-09-02T08:06:26.898856+07:00,c8_sim,157,10.434,23.540,0.724,25.914,0.031,60.642
2026-09-02T08:06:27.104114+07:00,c8_sim,158,12.273,40.169,0.000,0.000,0.024,52.466
2026-09-02T08:06:27.310836+07:00,c8_sim,159,13.625,39.672,0.000,0.000,0.014,53.312
2026-09-02T08:06:27.493817+07:00,c8_sim,160,13.255,27.811,0.000,0.000,0.025,41.091
2026-09-02T08:06:27.693446+07:00,c8_sim,161,12.777,34.384,0.000,0.000,0.024,47.185
2026-09-02T08:06:27.897871+07:00,c8_sim,162,13.197,32.999,0.000,0.000,0.026,46.222
2026-09-02T08:06:28.096830+07:00,c8_sim,163,13.741,34.237,0.000,0.000,0.023,48.000
2026-09-02T08:06:28.284841+07:00,c8_sim,164,13.100,23.066,0.000,0.000,0.022,36.187
2026-09-02T08:06:28.480882+07:00,c8_sim,165,10.754,23.870,0.000,0.000,0.025,34.650
2026-09-02T08:06:28.703993+07:00,c8_sim,166,14.934,34.572,0.000,0.000,0.023,49.530
2026-09-02T08:06:28.878994+07:00,c8_sim,167,7.718,29.414,0.000,0.000,0.013,37.144
2026-09-02T08:06:29.083345+07:00,c8_sim,168,12.877,29.229,0.000,0.000,0.023,42.129
2026-09-02T08:06:29.312696+07:00,c8_sim,169,12.894,38.229,0.000,0.000,0.025,51.147
2026-09-02T08:06:29.482178+07:00,c8_sim,170,10.761,23.971,0.000,0.000,0.024,34.756
2026-09-02T08:06:29.709008+07:00,c8_sim,171,15.397,38.085,0.000,0.000,0.025,53.506
2026-09-02T08:06:29.885099+07:00,c8_sim,172,15.811,29.804,0.000,0.000,0.482,46.097
2026-09-02T08:06:30.079070+07:00,c8_sim,173,10.023,23.791,0.000,0.000,0.028,33.842
2026-09-02T08:06:30.297653+07:00,c8_sim,174,12.382,35.337,0.000,0.000,0.012,47.732
2026-09-02T08:06:30.485889+07:00,c8_sim,175,14.594,23.457,0.000,0.000,0.011,38.063
2026-09-02T08:06:30.693997+07:00,c8_sim,176,10.215,35.092,0.000,0.000,0.012,45.320
2026-09-02T08:06:30.897157+07:00,c8_sim,177,14.432,38.218,0.000,0.000,0.014,52.665
2026-09-02T08:06:31.094112+07:00,c8_sim,178,15.578,36.483,0.000,0.000,0.015,52.075
2026-09-02T08:06:31.296817+07:00,c8_sim,179,10.299,38.372,0.000,0.000,0.014,48.685
2026-09-02T08:06:31.495418+07:00,c8_sim,180,9.636,35.881,0.000,0.000,0.013,45.530
2026-09-02T08:06:31.702922+07:00,c8_sim,181,15.997,38.525,0.000,0.000,0.013,54.535
2026-09-02T08:06:31.883537+07:00,c8_sim,182,9.719,22.276,0.000,0.000,0.007,32.001
2026-09-02T08:06:32.105541+07:00,c8_sim,183,12.239,35.130,0.000,0.000,0.014,47.383
2026-09-02T08:06:32.287536+07:00,c8_sim,184,9.273,22.021,0.000,0.000,0.020,31.313
2026-09-02T08:06:32.476431+07:00,c8_sim,185,11.481,22.731,0.000,0.000,0.019,34.232
2026-09-02T08:06:32.705615+07:00,c8_sim,186,16.255,37.888,0.000,0.000,0.016,54.158
2026-09-02T08:06:32.908877+07:00,c8_sim,187,14.373,33.799,0.000,0.000,0.012,48.184
2026-09-02T08:06:33.098525+07:00,c8_sim,188,13.288,33.767,0.000,0.000,0.013,47.067
2026-09-02T08:06:33.303380+07:00,c10_sim,124,9.902,35.420,1.197,0.000,0.038,46.557
2026-09-02T08:06:33.539882+07:00,c10_sim,125,17.890,34.519,1.204,32.820,0.150,86.582
2026-09-02T08:06:33.758874+07:00,c10_sim,126,12.724,36.295,1.260,35.942,0.135,86.356
2026-09-02T08:06:33.953502+07:00,c10_sim,127,13.031,35.921,1.275,34.354,0.122,84.703
2026-09-02T08:06:34.139599+07:00,c10_sim,128,13.874,37.264,1.157,34.307,0.018,86.620
2026-09-02T08:06:34.322945+07:00,c10_sim,129,12.415,34.825,1.040,28.242,0.015,76.536
2026-09-02T08:06:34.532381+07:00,c10_sim,130,9.818,35.378,0.978,26.272,0.127,72.573
2026-09-02T08:06:34.745818+07:00,c10_sim,131,14.041,37.368,1.226,32.229,0.309,85.173
2026-09-02T08:06:34.932947+07:00,c10_sim,132,14.068,34.538,1.153,30.764,0.056,80.579
2026-09-02T08:06:35.138300+07:00,c10_sim,133,12.603,35.071,1.123,30.023,0.014,78.834
2026-09-02T08:06:35.349620+07:00,c10_sim,134,12.735,36.355,1.122,29.930,0.010,80.151
2026-09-02T08:06:35.535787+07:00,c10_sim,135,12.770,35.076,1.140,30.355,0.014,79.354
2026-09-02T08:06:35.745390+07:00,c10_sim,136,13.925,36.306,1.119,30.915,0.014,82.279
2026-09-02T08:06:35.928628+07:00,c10_sim,137,12.291,34.897,1.078,29.431,0.016,77.712
2026-09-02T08:06:36.144499+07:00,c10_sim,138,13.929,37.872,0.999,28.534,0.016,81.351
2026-09-02T08:06:36.332891+07:00,c10_sim,139,12.940,35.313,1.122,30.913,0.008,80.295
2026-09-02T08:06:36.532748+07:00,c10_sim,140,14.941,36.172,1.025,30.524,0.010,82.671
2026-09-02T08:06:36.743161+07:00,c10_sim,141,15.487,34.804,1.291,32.368,0.230,84.180
2026-09-02T08:06:36.957244+07:00,c10_sim,142,15.090,36.488,1.283,35.052,0.027,87.940
2026-09-02T08:06:37.149057+07:00,c10_sim,143,14.049,36.253,1.228,33.566,0.015,85.111
2026-09-02T08:06:37.339969+07:00,c10_sim,144,13.237,36.119,1.109,30.855,0.016,81.334
2026-09-02T08:06:37.519547+07:00,c10_sim,145,16.626,35.711,0.789,0.005,0.226,53.358
2026-09-02T08:06:37.697583+07:00,c10_sim,146,8.212,36.608,0.904,0.007,0.315,46.045
2026-09-02T08:06:37.911557+07:00,c10_sim,147,9.103,42.916,0.968,0.008,0.442,53.437
2026-09-02T08:06:38.089439+07:00,c10_sim,148,6.899,36.370,0.705,0.004,0.015,43.993
2026-09-02T08:06:38.289051+07:00,c10_sim,149,6.308,25.080,0.000,0.000,0.012,31.399
2026-09-02T08:06:38.507805+07:00,c10_sim,150,11.996,33.890,0.000,0.000,0.023,45.909
2026-09-02T08:06:38.688790+07:00,c10_sim,151,6.782,36.395,0.000,0.000,0.023,43.200
2026-09-02T08:06:38.897104+07:00,c10_sim,152,6.695,31.476,0.000,0.000,0.021,38.191
2026-09-02T08:06:39.091180+07:00,c10_sim,153,6.926,32.372,0.000,0.000,0.023,39.321
2026-09-02T08:06:39.309005+07:00,c12_sim,39,6.151,33.970,0.000,0.000,0.032,40.153
2026-09-02T08:06:39.547881+07:00,c12_sim,40,8.571,36.025,0.848,28.345,0.027,73.816
2026-09-02T08:06:39.696617+07:00,c12_sim,41,6.500,32.089,0.000,0.000,0.020,38.610
2026-09-02T08:06:39.932051+07:00,c12_sim,42,6.967,34.806,0.836,28.589,0.021,71.219
2026-09-02T08:06:40.088714+07:00,c12_sim,43,5.418,23.272,0.000,0.000,0.013,28.702
2026-09-02T08:06:40.317550+07:00,c12_sim,44,6.191,41.036,0.000,0.000,0.024,47.251
2026-09-02T08:06:40.501687+07:00,c12_sim,45,6.308,37.944,0.000,0.000,0.019,44.271
2026-09-02T08:06:40.689444+07:00,c12_sim,46,5.749,16.183,0.000,0.000,0.014,21.946
2026-09-02T08:06:40.898437+07:00,c12_sim,47,6.402,22.427,0.000,0.000,0.019,28.848
2026-09-02T08:06:41.097053+07:00,c12_sim,48,6.033,33.164,0.000,0.000,0.020,39.217
2026-09-02T08:06:41.306885+07:00,c11_sim,503,6.483,23.377,0.000,0.000,0.007,29.867
2026-09-02T08:06:41.524881+07:00,c11_sim,504,9.561,44.461,0.000,0.000,0.011,54.033
2026-09-02T08:06:41.713110+07:00,c11_sim,505,7.098,26.065,0.000,0.000,0.010,33.173
2026-09-02T08:06:41.914808+07:00,c11_sim,506,9.755,31.484,0.000,0.000,0.014,41.253
2026-09-02T08:06:42.105407+07:00,c11_sim,507,14.365,25.656,0.000,0.000,0.014,40.035
2026-09-02T08:06:42.296922+07:00,c11_sim,508,9.560,24.519,0.528,0.000,0.005,34.612
2026-09-02T08:06:42.520654+07:00,c11_sim,509,11.167,35.760,0.000,0.000,0.008,46.935
2026-09-02T08:06:42.720611+07:00,c11_sim,510,7.623,37.992,1.064,0.006,0.081,46.765
2026-09-02T08:06:42.895662+07:00,c11_sim,511,11.363,26.210,0.000,0.000,0.016,37.589
2026-09-02T08:06:43.113145+07:00,c11_sim,512,13.575,27.294,0.000,0.000,0.016,40.885
2026-09-02T08:06:43.324747+07:00,c11_sim,513,8.578,38.920,1.018,0.007,0.092,48.615
2026-09-02T08:06:43.525248+07:00,c11_sim,514,12.681,25.611,0.691,26.855,0.059,65.897
2026-09-02T08:06:43.741832+07:00,c11_sim,515,12.680,40.972,1.020,31.237,0.086,85.996
2026-09-02T08:06:43.927463+07:00,c11_sim,516,10.256,27.304,0.798,31.951,0.067,70.376
2026-09-02T08:06:44.161668+07:00,c11_sim,517,14.985,32.991,1.216,34.519,0.065,83.776
2026-09-02T08:06:44.366435+07:00,c11_sim,518,13.654,44.209,1.219,37.120,0.011,96.214
2026-09-02T08:06:44.567471+07:00,c11_sim,519,12.749,45.153,1.129,33.094,0.082,92.207
2026-09-02T08:06:44.750550+07:00,c11_sim,520,25.949,21.758,0.609,29.178,0.057,77.550
2026-09-02T08:06:44.894924+07:00,c11_sim,521,12.358,22.851,0.000,0.000,0.014,35.223
2026-09-02T08:06:45.121691+07:00,c11_sim,522,11.714,34.440,0.000,0.000,0.035,46.189
2026-09-02T08:06:45.334700+07:00,c11_sim,523,9.306,34.010,1.021,30.801,0.043,75.180
2026-09-02T08:06:45.510692+07:00,c11_sim,524,11.190,34.560,0.000,0.000,0.025,45.774
2026-09-02T08:06:45.744693+07:00,c11_sim,525,15.046,42.293,0.976,25.967,0.017,84.300
2026-09-02T08:06:45.950204+07:00,c11_sim,526,14.226,29.860,1.136,32.493,0.029,77.745
2026-09-02T08:06:46.128325+07:00,c11_sim,527,14.241,34.479,0.000,0.000,0.022,48.742
2026-09-02T08:06:46.361235+07:00,c11_sim,528,15.612,37.377,1.131,32.096,0.035,86.251
2026-09-02T08:06:46.553047+07:00,c11_sim,529,14.220,36.699,0.989,30.562,0.019,82.489
2026-09-02T08:06:46.763546+07:00,c11_sim,530,13.312,40.175,1.052,31.796,0.017,86.353
2026-09-02T08:06:46.947577+07:00,c11_sim,531,15.377,38.516,1.157,29.579,0.016,84.645
2026-09-02T08:06:47.126055+07:00,c11_sim,532,15.091,34.387,0.000,0.000,0.020,49.498
2026-09-02T08:06:47.362966+07:00,c11_sim,533,13.725,38.211,1.039,27.563,0.022,80.559
2026-09-02T08:06:47.555480+07:00,c11_sim,534,11.732,39.441,1.082,29.003,0.011,81.269
2026-09-02T08:06:47.727710+07:00,c11_sim,535,15.470,35.536,0.000,0.000,0.022,51.029
2026-09-02T08:06:47.964817+07:00,c11_sim,536,15.125,39.077,0.986,28.913,0.026,84.127
2026-09-02T08:06:48.147382+07:00,c11_sim,537,14.515,38.369,1.007,26.407,0.020,80.318
2026-09-02T08:06:48.348143+07:00,c11_sim,538,11.928,29.918,0.878,29.250,0.071,72.045
2026-09-02T08:06:48.569614+07:00,c11_sim,539,12.082,37.882,1.117,37.693,0.012,88.786
2026-09-02T08:06:48.759490+07:00,c11_sim,540,10.156,39.670,1.035,29.831,0.124,80.816
2026-09-02T08:06:48.951975+07:00,c11_sim,541,17.132,38.212,1.252,31.206,0.027,87.829
2026-09-02T08:06:49.166173+07:00,c11_sim,542,13.885,38.617,1.080,31.997,0.206,85.786
2026-09-02T08:06:49.353336+07:00,c11_sim,543,13.430,37.914,0.957,28.897,0.013,81.210
2026-09-02T08:06:49.534356+07:00,c11_sim,544,11.932,38.998,0.707,23.874,0.015,75.526
2026-09-02T08:06:49.757447+07:00,c11_sim,545,14.445,39.108,0.991,32.846,0.015,87.405
2026-09-02T08:06:49.949568+07:00,c11_sim,546,12.847,39.548,0.889,27.673,0.022,80.979
2026-09-02T08:06:50.130832+07:00,c11_sim,547,6.165,30.727,0.561,23.533,0.171,61.158
2026-09-02T08:06:50.367776+07:00,c11_sim,548,11.881,45.757,0.852,29.859,0.243,88.593
2026-09-02T08:06:50.546535+07:00,c11_sim,549,9.191,34.588,0.624,28.252,0.029,72.684
2026-09-02T08:06:50.755819+07:00,c11_sim,550,10.242,30.422,0.649,34.031,0.028,75.372
2026-09-02T08:06:50.933084+07:00,c11_sim,551,8.143,35.960,0.679,25.131,0.033,69.946
2026-09-02T08:06:51.108976+07:00,c11_sim,552,6.603,29.440,0.739,0.000,0.021,36.802
2026-09-02T08:06:51.363148+07:00,c11_sim,553,7.570,43.986,1.050,37.854,0.341,90.800
2026-09-02T08:06:51.556265+07:00,c11_sim,554,8.345,41.344,0.827,32.158,0.023,82.697
2026-09-02T08:06:51.766577+07:00,c11_sim,555,8.469,50.391,0.982,41.053,0.027,100.922
2026-09-02T08:06:51.959799+07:00,c11_sim,556,9.821,39.292,0.867,33.430,0.022,83.432
2026-09-02T08:06:52.113133+07:00,c11_sim,557,8.051,30.520,0.749,0.487,0.024,39.830
2026-09-02T08:06:52.366562+07:00,c11_sim,558,8.924,48.019,1.209,39.677,0.226,98.055
2026-09-02T08:06:52.512268+07:00,c11_sim,559,6.647,31.885,0.000,0.000,0.016,38.547
2026-09-02T08:06:52.705637+07:00,c11_sim,560,7.720,30.628,0.000,0.000,0.021,38.369
2026-09-02T08:06:52.917119+07:00,c11_sim,561,6.792,44.985,0.000,0.000,0.029,51.806
2026-09-02T08:06:53.117476+07:00,c11_sim,562,10.758,45.497,0.000,0.000,0.033,56.287
2026-09-02T08:06:53.321782+07:00,c11_sim,563,8.028,43.864,0.930,0.000,0.023,52.844
2026-09-02T08:06:53.560647+07:00,c11_sim,564,10.657,40.734,0.990,29.905,0.192,82.478
2026-09-02T08:06:53.737083+07:00,c11_sim,565,11.786,30.383,0.857,29.163,0.131,72.320
2026-09-02T08:06:53.944864+07:00,c11_sim,566,9.775,35.807,0.670,24.300,0.175,70.727
2026-09-02T08:06:54.153948+07:00,c11_sim,567,7.622,31.345,1.128,33.289,0.022,73.406
2026-09-02T08:06:54.414031+07:00,c11_sim,568,13.303,53.461,0.932,55.447,0.051,123.193
2026-09-02T08:06:54.517155+07:00,c11_sim,569,7.796,15.535,0.536,19.378,0.019,43.264
2026-09-02T08:06:54.752163+07:00,c11_sim,570,6.664,34.869,1.026,26.979,0.024,69.561
2026-09-02T08:06:54.978093+07:00,c11_sim,571,9.358,43.758,0.993,33.409,0.028,87.546
2026-09-02T08:06:55.183517+07:00,c11_sim,572,12.323,42.523,1.076,38.681,0.016,94.620
2026-09-02T08:06:55.381688+07:00,c11_sim,573,12.341,45.536,0.993,35.965,0.328,95.163
2026-09-02T08:06:55.576775+07:00,c11_sim,574,9.092,43.623,1.005,34.731,0.029,88.480
2026-09-02T08:06:55.774404+07:00,c11_sim,575,9.768,41.924,1.124,32.453,0.023,85.293
2026-09-02T08:06:55.951530+07:00,c11_sim,576,9.877,41.872,1.083,32.257,0.009,85.098
2026-09-02T08:06:56.159737+07:00,c11_sim,577,7.812,33.069,0.838,32.406,0.029,74.155
2026-09-02T08:06:56.344245+07:00,c11_sim,578,11.204,29.304,0.731,33.739,0.074,75.052
2026-09-02T08:06:56.560055+07:00,c11_sim,579,12.960,36.741,1.124,30.481,0.026,81.333
2026-09-02T08:06:56.738755+07:00,c11_sim,580,12.554,24.009,0.736,32.072,0.035,69.406
2026-09-02T08:06:56.959383+07:00,c11_sim,581,8.182,41.646,1.146,32.143,0.037,83.154
2026-09-02T08:06:57.139582+07:00,c11_sim,582,7.772,28.990,1.110,34.710,0.034,72.615
2026-09-02T08:06:57.392310+07:00,c11_sim,583,23.798,47.749,1.258,33.406,0.031,106.241
2026-09-02T08:06:57.555374+07:00,c11_sim,584,7.796,43.375,0.770,21.754,0.037,73.731
2026-09-02T08:06:57.744040+07:00,c11_sim,585,11.138,37.882,2.014,30.118,0.032,81.184
2026-09-02T08:06:57.956531+07:00,c11_sim,586,9.092,34.277,0.873,34.439,0.029,78.709
2026-09-02T08:06:58.175363+07:00,c11_sim,587,12.941,43.162,1.194,31.922,0.025,89.243
2026-09-02T08:06:58.331920+07:00,c11_sim,588,10.001,32.128,0.990,23.481,0.026,66.625
2026-09-02T08:06:58.560524+07:00,c11_sim,589,10.265,52.378,1.090,29.840,0.030,93.603
2026-09-02T08:06:58.710191+07:00,c11_sim,590,10.572,33.983,0.000,0.000,0.026,44.581
2026-09-02T08:06:58.980531+07:00,c11_sim,591,12.184,45.492,1.177,34.501,0.030,93.384
2026-09-02T08:06:59.147761+07:00,c11_sim,592,10.983,45.396,0.799,25.043,0.028,82.248
2026-09-02T08:06:59.366805+07:00,c11_sim,593,8.329,44.762,0.946,28.322,0.035,82.394
2026-09-02T08:06:59.542659+07:00,c11_sim,594,8.066,35.892,0.799,22.887,0.023,67.667
2026-09-02T08:06:59.769044+07:00,c11_sim,595,7.825,44.131,0.752,37.458,0.032,90.198
2026-09-02T08:06:59.952591+07:00,c11_sim,596,7.886,37.762,0.815,28.084,0.023,74.571
2026-09-02T08:07:00.157406+07:00,c11_sim,597,8.179,27.403,1.185,35.859,0.031,72.657
2026-09-02T08:07:00.335855+07:00,c11_sim,598,7.809,36.531,0.767,24.025,0.048,69.180
2026-09-02T08:07:00.539785+07:00,c11_sim,599,7.678,39.927,0.703,24.166,0.048,72.522
2026-09-02T08:07:00.758421+07:00,c11_sim,600,8.240,44.342,1.081,28.826,0.028,82.517
2026-09-02T08:07:00.937786+07:00,c11_sim,601,11.241,36.188,0.670,23.985,0.034,72.118
2026-09-02T08:07:01.160662+07:00,c11_sim,602,7.672,40.609,2.720,36.116,0.040,87.156
2026-09-02T08:07:01.351198+07:00,c11_sim,603,7.846,40.800,0.979,24.594,0.044,74.262
2026-09-02T08:07:01.508034+07:00,c11_sim,604,7.906,33.719,0.000,0.000,0.021,41.646
2026-09-02T08:07:01.715852+07:00,c11_sim,605,8.958,39.457,0.000,0.000,0.037,48.451
2026-09-02T08:07:01.924885+07:00,c11_sim,606,14.579,40.870,0.000,0.000,0.039,55.488
2026-09-02T08:07:02.171347+07:00,c11_sim,607,13.860,44.299,1.418,32.024,0.049,91.649
2026-09-02T08:07:02.361094+07:00,c11_sim,608,14.453,41.480,1.260,24.288,0.046,81.527
2026-09-02T08:07:02.500835+07:00,c11_sim,609,8.226,26.694,0.000,0.000,0.013,34.933
2026-09-02T08:07:02.762974+07:00,c11_sim,610,11.703,42.980,1.042,32.440,0.045,88.210
2026-09-02T08:07:02.952836+07:00,c11_sim,611,15.433,38.972,0.998,27.698,0.041,83.141
2026-09-02T08:07:03.108871+07:00,c11_sim,612,10.415,34.749,0.000,0.000,0.024,45.188
2026-09-02T08:07:03.307155+07:00,c11_sim,613,7.073,29.607,0.000,0.000,0.014,36.694
2026-09-02T08:07:03.532750+07:00,c11_sim,614,8.803,35.082,0.000,0.000,0.027,43.912
2026-09-02T08:07:03.727473+07:00,c11_sim,615,16.295,35.543,0.000,0.000,0.021,51.858
2026-09-02T08:07:03.932534+07:00,c11_sim,616,7.988,39.042,0.000,0.000,0.038,47.068
2026-09-02T08:07:04.177293+07:00,c11_sim,617,12.982,45.472,0.963,34.334,0.026,93.777
2026-09-02T08:07:04.329514+07:00,c11_sim,618,14.707,29.444,0.000,0.000,0.016,44.167
2026-09-02T08:07:04.571464+07:00,c11_sim,619,11.094,44.074,0.932,32.878,0.060,89.038
2026-09-02T08:07:04.778956+07:00,c11_sim,620,7.294,46.194,1.049,40.875,0.043,95.455
2026-09-02T08:07:04.968844+07:00,c11_sim,621,10.053,40.940,1.032,31.192,0.038,83.255
2026-09-02T08:07:05.165558+07:00,c11_sim,622,13.181,39.604,1.232,30.937,0.022,84.976
2026-09-02T08:07:05.369680+07:00,c11_sim,623,9.667,45.738,0.782,30.368,0.059,86.614
2026-09-02T08:07:05.561922+07:00,c11_sim,624,8.806,44.628,0.946,27.535,0.017,81.933
2026-09-02T08:07:05.730203+07:00,c11_sim,625,15.579,28.697,0.000,0.000,0.024,44.300
2026-09-02T08:07:05.913850+07:00,c11_sim,626,6.603,38.896,0.000,0.000,0.024,45.524
2026-09-02T08:07:06.139384+07:00,c11_sim,627,14.919,35.205,0.000,0.000,0.027,50.150
2026-09-02T08:07:06.316913+07:00,c11_sim,628,12.080,35.637,0.000,0.000,0.025,47.742
2026-09-02T08:07:06.530361+07:00,c11_sim,629,10.778,32.733,0.000,0.000,0.023,43.533
2026-09-02T08:07:06.733072+07:00,c11_sim,630,9.877,35.863,0.000,0.000,0.027,45.768
2026-09-02T08:07:06.911183+07:00,c11_sim,631,13.484,33.028,0.000,0.000,0.022,46.534
2026-09-02T08:07:07.113210+07:00,c11_sim,632,14.672,33.447,0.000,0.000,0.023,48.141
2026-09-02T08:07:07.343627+07:00,c11_sim,633,14.917,41.953,0.000,0.000,0.026,56.895
2026-09-02T08:07:07.521989+07:00,c11_sim,634,12.649,37.981,0.000,0.000,0.023,50.653
2026-09-02T08:07:07.724184+07:00,c11_sim,635,6.120,34.109,0.000,0.000,0.017,40.246
2026-09-02T08:07:07.922583+07:00,c11_sim,636,10.552,39.481,0.000,0.000,0.021,50.053
2026-09-02T08:07:08.129981+07:00,c11_sim,637,12.249,41.720,0.000,0.000,0.025,53.994
2026-09-02T08:07:08.337287+07:00,c11_sim,638,11.530,40.544,0.000,0.000,0.024,52.098
2026-09-02T08:07:08.521492+07:00,c11_sim,639,9.944,35.436,0.000,0.000,0.878,46.258
2026-09-02T08:07:08.726375+07:00,c11_sim,640,8.174,42.233,0.000,0.000,0.086,50.494
2026-09-02T08:07:08.925164+07:00,c11_sim,641,12.780,34.122,0.000,0.000,0.013,46.914
2026-09-02T08:07:09.126430+07:00,c11_sim,642,7.471,36.566,0.000,0.000,0.014,44.050
2026-09-02T08:07:09.325232+07:00,c11_sim,643,13.055,35.385,0.000,0.000,0.011,48.452
2026-09-02T08:07:09.522668+07:00,c11_sim,644,11.979,33.410,0.000,0.000,0.010,45.399
2026-09-02T08:07:09.724408+07:00,c11_sim,645,8.346,41.179,0.000,0.000,0.015,49.540
2026-09-02T08:07:09.918349+07:00,c11_sim,646,6.706,34.642,0.000,0.000,0.005,41.353
2026-09-02T08:07:10.111528+07:00,c11_sim,647,8.596,35.307,0.000,0.000,0.012,43.914
2026-09-02T08:07:10.318074+07:00,c11_sim,648,11.119,35.309,0.000,0.000,0.012,46.440
2026-09-02T08:07:10.514814+07:00,c11_sim,649,6.974,30.071,0.000,0.000,0.008,37.053
2026-09-02T08:07:10.782654+07:00,c11_sim,650,29.566,65.277,0.000,0.000,0.038,94.881
2026-09-02T08:07:10.965683+07:00,c11_sim,651,14.126,71.308,0.000,0.000,0.017,85.451
2026-09-02T08:07:11.498070+07:00,c11_sim,652,27.804,397.836,0.000,0.000,0.102,425.741
2026-09-02T08:07:11.569594+07:00,c12_sim,49,49.820,70.362,0.000,0.000,0.239,120.421
2026-09-02T08:07:11.694395+07:00,c12_sim,50,16.108,33.306,0.000,0.000,0.011,49.426
2026-09-02T08:07:11.879531+07:00,c12_sim,51,6.406,24.109,0.000,0.000,0.017,30.532
2026-09-02T08:07:12.106431+07:00,c12_sim,52,9.977,47.520,0.000,0.000,0.015,57.513
2026-09-02T08:07:12.290981+07:00,c12_sim,53,9.301,29.937,0.000,0.000,0.014,39.252
2026-09-02T08:07:12.489409+07:00,c12_sim,54,7.808,39.623,0.000,0.000,0.025,47.455
2026-09-02T08:07:12.692680+07:00,c12_sim,55,7.246,22.992,0.000,0.000,0.016,30.254
2026-09-02T08:07:12.911451+07:00,c12_sim,56,7.271,40.876,0.000,0.000,0.027,48.174
2026-09-02T08:07:13.538690+07:00,c12_sim,57,12.632,359.607,0.000,0.000,72.914,445.152
2026-09-02T08:07:13.906599+07:00,c12_sim,58,72.166,367.370,0.000,0.000,0.056,439.591
2026-09-02T08:07:13.941564+07:00,c12_sim,59,124.932,33.866,0.000,0.000,0.041,158.840
2026-09-02T08:07:13.973170+07:00,c12_sim,60,86.643,31.254,0.000,0.000,0.006,117.902
2026-09-02T08:07:14.003609+07:00,c12_sim,61,61.846,27.005,0.000,0.000,0.037,88.888
2026-09-02T08:07:14.116024+07:00,c10_sim,154,13.855,32.349,7.729,0.079,0.076,54.087
2026-09-02T08:07:14.344742+07:00,c10_sim,155,26.033,43.939,0.908,0.009,0.024,70.912
2026-09-02T08:07:14.513834+07:00,c10_sim,156,9.637,37.742,1.219,0.009,0.396,49.004
2026-09-02T08:07:14.713812+07:00,c10_sim,157,11.292,43.057,0.760,0.009,0.025,55.144
2026-09-02T08:07:14.894653+07:00,c10_sim,158,7.764,36.445,0.804,0.004,0.323,45.339
2026-09-02T08:07:15.126934+07:00,c10_sim,159,7.934,58.223,0.733,0.007,0.621,67.517
2026-09-02T08:07:15.311944+07:00,c10_sim,160,8.972,40.902,1.246,0.005,0.096,51.222
2026-09-02T08:07:15.517427+07:00,c10_sim,161,9.836,42.765,0.944,0.007,0.024,53.576
2026-09-02T08:07:15.705271+07:00,c10_sim,162,12.155,38.835,0.954,0.007,0.027,51.979
2026-09-02T08:07:15.900323+07:00,c10_sim,163,10.819,33.205,0.807,0.008,0.018,44.858
2026-09-02T08:07:16.091948+07:00,c10_sim,164,9.369,26.956,1.172,0.011,0.022,37.531
2026-09-02T08:07:16.330496+07:00,c10_sim,165,14.134,43.346,1.033,0.008,0.030,58.552
2026-09-02T08:07:16.518140+07:00,c10_sim,166,14.646,45.096,1.484,0.012,0.025,61.263
2026-09-02T08:07:16.722758+07:00,c10_sim,167,15.238,45.002,1.026,0.008,0.029,61.304
2026-09-02T08:07:16.983121+07:00,c10_sim,168,12.392,37.910,0.681,61.567,0.021,112.571
2026-09-02T08:07:17.139049+07:00,c10_sim,169,6.564,35.814,0.710,27.386,0.058,70.531
2026-09-02T08:07:17.424823+07:00,c10_sim,170,6.280,41.596,0.854,125.076,0.037,173.843
2026-09-02T08:07:17.687303+07:00,c10_sim,171,66.193,93.744,1.064,39.537,0.035,200.572
2026-09-02T08:07:17.725940+07:00,c10_sim,172,13.839,14.815,0.593,22.231,0.026,51.503
2026-09-02T08:07:17.917219+07:00,c10_sim,173,7.111,26.283,0.764,24.624,0.031,58.812
2026-09-02T08:07:18.146256+07:00,c10_sim,174,9.417,50.886,0.592,27.599,0.022,88.516
2026-09-02T08:07:18.329233+07:00,c10_sim,175,10.211,37.698,0.887,27.545,0.026,76.368
2026-09-02T08:07:18.547167+07:00,c10_sim,176,7.907,41.593,0.685,29.546,0.027,79.758
2026-09-02T08:07:18.684682+07:00,c11_sim,653,7.331,18.889,0.000,0.000,0.007,26.227
2026-09-02T08:07:18.909790+07:00,c11_sim,654,14.619,33.302,0.000,0.000,0.010,47.931
2026-09-02T08:07:19.143710+07:00,c11_sim,655,14.691,44.850,1.146,0.000,0.013,60.699
2026-09-02T08:07:19.335150+07:00,c11_sim,656,13.767,45.934,1.024,0.007,0.432,61.164
2026-09-02T08:07:19.505114+07:00,c11_sim,657,12.794,25.282,0.744,0.005,0.255,39.081
2026-09-02T08:07:19.698382+07:00,c11_sim,658,8.622,32.500,0.000,0.000,0.023,41.145
2026-09-02T08:07:19.904155+07:00,c11_sim,659,8.825,35.126,1.454,0.011,0.190,45.606
2026-09-02T08:07:20.113539+07:00,c11_sim,660,9.020,41.934,0.823,0.006,0.018,51.801
2026-09-02T08:07:20.307737+07:00,c11_sim,661,15.631,25.810,0.845,0.006,0.280,42.572
2026-09-02T08:07:20.525911+07:00,c11_sim,662,12.599,30.041,0.710,0.005,0.189,43.545
2026-09-02T08:07:20.728876+07:00,c11_sim,663,14.077,33.211,0.900,0.007,0.322,48.517
2026-09-02T08:07:20.915777+07:00,c11_sim,664,8.100,42.957,0.873,0.007,0.025,51.962
2026-09-02T08:07:21.153931+07:00,c11_sim,665,9.081,28.625,0.854,36.318,0.019,74.898
2026-09-02T08:07:21.299145+07:00,c11_sim,666,8.705,22.087,0.000,0.000,0.016,30.808
2026-09-02T08:07:21.561823+07:00,c11_sim,667,12.549,35.043,1.045,33.051,0.033,81.721
2026-09-02T08:07:21.753876+07:00,c11_sim,668,11.604,35.489,0.859,32.305,0.032,80.288
2026-09-02T08:07:21.895170+07:00,c11_sim,669,15.374,24.372,0.000,0.000,0.011,39.756
2026-09-02T08:07:22.143714+07:00,c11_sim,670,9.068,34.559,0.656,27.814,0.044,72.142
2026-09-02T08:07:22.345818+07:00,c11_sim,671,11.719,30.867,0.822,30.270,0.020,73.699
2026-09-02T08:07:22.569057+07:00,c11_sim,672,11.097,36.887,1.122,35.362,0.017,84.485
2026-09-02T08:07:22.753612+07:00,c11_sim,673,9.062,27.815,0.790,30.757,0.021,68.444
2026-09-02T08:07:22.898583+07:00,c11_sim,674,7.683,27.074,0.000,0.000,0.021,34.778
2026-09-02T08:07:23.118990+07:00,c11_sim,675,12.694,35.199,0.000,0.000,0.026,47.918
2026-09-02T08:07:23.358835+07:00,c11_sim,676,8.848,37.159,0.962,29.776,0.026,76.771
2026-09-02T08:07:23.536139+07:00,c11_sim,677,12.839,35.967,0.784,24.158,0.022,73.770
2026-09-02T08:07:23.773844+07:00,c11_sim,678,14.557,41.052,1.055,33.090,0.020,89.774
2026-09-02T08:07:23.923469+07:00,c11_sim,679,11.001,27.222,0.782,24.584,0.013,63.602
2026-09-02T08:07:24.130935+07:00,c11_sim,680,9.929,42.947,0.000,0.000,0.054,52.930
2026-09-02T08:07:24.353721+07:00,c11_sim,681,7.804,41.757,0.976,34.434,0.075,85.045
2026-09-02T08:07:24.529465+07:00,c11_sim,682,11.394,29.353,0.792,25.334,0.020,66.892
2026-09-02T08:07:24.765281+07:00,c11_sim,683,14.520,38.448,1.031,32.481,0.026,86.506
2026-09-02T08:07:24.950970+07:00,c11_sim,684,9.948,37.476,0.864,28.476,0.026,76.789
2026-09-02T08:07:25.127228+07:00,c11_sim,685,9.389,24.948,0.774,30.022,0.017,65.150
2026-09-02T08:07:25.332998+07:00,c11_sim,686,10.468,26.600,0.736,30.303,0.050,68.158
2026-09-02T08:07:25.542120+07:00,c11_sim,687,9.825,40.263,0.661,25.201,0.067,76.017
2026-09-02T08:07:25.742109+07:00,c11_sim,688,12.270,36.249,0.957,30.060,0.042,79.577
2026-09-02T08:07:25.941452+07:00,c11_sim,689,12.599,24.902,1.171,29.443,0.042,68.157
2026-09-02T08:07:26.172960+07:00,c11_sim,690,14.206,39.608,1.136,33.258,0.039,88.247
2026-09-02T08:07:26.364607+07:00,c11_sim,691,15.099,38.719,1.221,32.176,0.040,87.257
2026-09-02T08:07:26.529568+07:00,c11_sim,692,7.011,20.459,0.634,25.386,0.027,53.517
2026-09-02T08:07:26.742814+07:00,c11_sim,693,11.040,36.702,0.830,30.914,0.044,79.529
2026-09-02T08:07:26.956339+07:00,c11_sim,694,10.135,37.353,0.878,31.063,0.071,79.501
2026-09-02T08:07:27.108502+07:00,c11_sim,695,15.059,33.351,0.000,0.000,0.021,48.432
2026-09-02T08:07:27.305723+07:00,c11_sim,696,13.607,31.978,0.000,0.000,0.023,45.609
2026-09-02T08:07:27.526544+07:00,c11_sim,697,9.291,33.903,0.000,0.000,0.025,43.220
2026-09-02T08:07:27.699949+07:00,c11_sim,698,7.705,33.379,0.000,0.000,0.022,41.106
2026-09-02T08:07:27.909551+07:00,c11_sim,699,14.736,32.252,0.000,0.000,0.021,47.009
2026-09-02T08:07:28.111243+07:00,c11_sim,700,15.038,33.538,0.000,0.000,0.024,48.600
2026-09-02T08:07:28.312492+07:00,c11_sim,701,8.303,34.900,0.000,0.000,0.034,43.237
2026-09-02T08:07:28.513962+07:00,c11_sim,702,12.266,33.486,0.000,0.000,0.021,45.773
2026-09-02T08:07:28.718573+07:00,c11_sim,703,14.390,34.678,0.000,0.000,0.024,49.093
2026-09-02T08:07:28.913633+07:00,c11_sim,704,13.793,33.902,0.000,0.000,0.023,47.718
2026-09-02T08:07:29.112298+07:00,c11_sim,705,13.794,32.961,0.000,0.000,0.021,46.776
2026-09-02T08:07:29.308411+07:00,c11_sim,706,15.062,34.595,0.000,0.000,0.022,49.679
2026-09-02T08:07:29.511393+07:00,c11_sim,707,11.268,34.229,0.000,0.000,0.021,45.518
2026-09-02T08:07:29.710479+07:00,c11_sim,708,7.468,37.383,0.000,0.000,0.024,44.875
2026-09-02T08:07:29.892882+07:00,c11_sim,709,9.325,19.507,0.000,0.000,0.527,29.359
2026-09-02T08:07:30.101952+07:00,c11_sim,710,10.207,22.830,0.000,0.000,0.030,33.067
2026-09-02T08:07:30.317821+07:00,c11_sim,711,13.535,29.039,0.000,0.000,0.006,42.580
2026-09-02T08:07:30.511119+07:00,c11_sim,712,13.553,29.960,0.000,0.000,0.012,43.524
2026-09-02T08:07:30.708068+07:00,c11_sim,713,8.945,36.836,0.000,0.000,0.011,45.792
2026-09-02T08:07:30.907180+07:00,c11_sim,714,9.239,30.302,0.000,0.000,0.009,39.550
2026-09-02T08:07:31.097084+07:00,c11_sim,715,8.098,29.269,0.000,0.000,0.008,37.375
2026-09-02T08:07:31.316613+07:00,c11_sim,716,12.517,28.063,0.000,0.000,0.010,40.590
2026-09-02T08:07:31.527058+07:00,c11_sim,717,9.297,38.234,0.000,0.000,0.012,47.543
2026-09-02T08:07:31.719783+07:00,c11_sim,718,13.798,36.387,0.000,0.000,0.013,50.198
2026-09-02T08:07:31.925328+07:00,c9_sim,344,6.843,34.468,0.000,0.000,0.045,41.357
2026-09-02T08:07:32.124746+07:00,c9_sim,345,12.131,40.245,0.000,0.000,0.025,52.401
2026-09-02T08:07:32.332232+07:00,c9_sim,346,8.282,38.661,0.000,0.000,0.023,46.966
2026-09-02T08:07:32.501195+07:00,c9_sim,347,8.806,25.199,0.000,0.000,0.013,34.018
2026-09-02T08:07:32.723671+07:00,c9_sim,348,12.931,33.402,0.000,0.000,0.021,46.354
2026-09-02T08:07:32.935509+07:00,c9_sim,349,16.421,38.643,0.000,0.000,0.030,55.094
2026-09-02T08:07:33.113076+07:00,c9_sim,350,11.515,33.265,0.000,0.000,0.022,44.802
2026-09-02T08:07:33.308782+07:00,c9_sim,351,8.450,34.376,0.000,0.000,0.021,42.847
2026-09-02T08:07:33.512865+07:00,c9_sim,352,11.402,32.493,0.000,0.000,0.020,43.915
2026-09-02T08:07:33.713152+07:00,c9_sim,353,5.635,34.271,0.000,0.000,0.026,39.932
2026-09-02T08:07:33.931318+07:00,c9_sim,354,9.142,40.726,0.000,0.000,0.023,49.890
2026-09-02T08:07:34.116179+07:00,c9_sim,355,11.863,23.840,0.000,0.000,0.692,36.395
2026-09-02T08:07:34.305719+07:00,c9_sim,356,11.553,25.458,0.000,0.000,0.034,37.045
2026-09-02T08:07:34.534444+07:00,c9_sim,357,9.728,32.777,0.000,0.000,0.007,42.512
2026-09-02T08:07:34.714366+07:00,c9_sim,358,7.297,34.005,0.000,0.000,0.015,41.317
2026-09-02T08:07:34.922347+07:00,c9_sim,359,8.304,36.915,0.000,0.000,0.008,45.227
2026-09-02T08:07:35.125840+07:00,c9_sim,360,11.421,32.998,0.000,0.000,0.012,44.431
2026-09-02T08:07:35.336837+07:00,c9_sim,361,10.880,38.134,0.000,0.000,0.012,49.027
2026-09-02T08:07:35.513023+07:00,c9_sim,362,7.684,33.871,0.000,0.000,0.015,41.570
2026-09-02T08:07:35.702407+07:00,c9_sim,363,5.783,26.388,0.000,0.000,0.007,32.178
2026-09-02T08:07:35.925154+07:00,c9_sim,364,8.892,36.350,0.000,0.000,0.011,45.253
2026-09-02T08:07:36.118222+07:00,c9_sim,365,8.859,26.502,0.000,0.000,0.008,35.370
2026-09-02T08:07:36.314163+07:00,c9_sim,366,11.170,30.502,0.000,0.000,0.011,41.683
2026-09-02T08:07:36.527407+07:00,c9_sim,367,6.850,30.611,0.000,0.000,0.007,37.468
2026-09-02T08:07:36.729954+07:00,c9_sim,368,7.973,37.363,1.472,0.000,0.009,46.817
2026-09-02T08:07:36.925506+07:00,c9_sim,369,10.325,32.603,0.000,0.000,0.012,42.939
2026-09-02T08:07:37.124235+07:00,c9_sim,370,9.403,36.393,0.000,0.000,0.014,45.810
2026-09-02T08:07:37.324676+07:00,c9_sim,371,10.818,36.100,0.000,0.000,0.021,46.939
2026-09-02T08:07:37.526890+07:00,c9_sim,372,10.825,37.276,0.000,0.000,0.010,48.110
2026-09-02T08:07:37.729400+07:00,c9_sim,373,9.905,38.434,0.000,0.000,0.017,48.356
2026-09-02T08:07:37.931051+07:00,c9_sim,374,10.069,35.931,0.000,0.000,0.012,46.012
2026-09-02T08:07:38.199049+07:00,c9_sim,375,9.093,41.881,1.341,55.749,0.150,108.214
2026-09-02T08:07:38.327409+07:00,c9_sim,376,7.039,30.722,0.000,0.000,0.014,37.775
2026-09-02T08:07:38.561224+07:00,c9_sim,377,9.693,31.009,1.184,32.472,0.067,74.426
2026-09-02T08:07:38.751924+07:00,c9_sim,378,7.264,36.042,1.335,33.145,0.075,77.861
2026-09-02T08:07:38.971974+07:00,c9_sim,379,11.235,35.547,0.858,32.268,0.028,79.935
2026-09-02T08:07:39.168514+07:00,c9_sim,380,7.479,47.422,1.297,33.078,0.070,89.346
2026-09-02T08:07:39.364383+07:00,c9_sim,381,6.265,41.186,0.973,29.777,0.028,78.229
2026-09-02T08:07:39.571817+07:00,c9_sim,382,10.022,37.226,0.921,31.045,0.028,79.243
2026-09-02T08:07:39.750538+07:00,c9_sim,383,6.778,26.954,0.960,32.920,0.025,67.638
2026-09-02T08:07:39.984248+07:00,c9_sim,384,9.183,46.307,1.092,38.523,0.029,95.134
2026-09-02T08:07:40.147719+07:00,c9_sim,385,8.952,36.839,0.918,29.235,0.025,75.969
2026-09-02T08:07:40.362138+07:00,c9_sim,386,8.550,38.892,0.977,29.571,0.021,78.011
2026-09-02T08:07:40.541153+07:00,c9_sim,387,8.476,24.523,0.768,29.323,0.015,63.105
2026-09-02T08:07:40.755840+07:00,c9_sim,388,10.787,33.555,0.806,36.422,0.031,81.600
2026-09-02T08:07:40.951279+07:00,c9_sim,389,9.673,27.583,0.816,27.501,0.020,65.592
2026-09-02T08:07:41.153966+07:00,c9_sim,390,6.725,29.425,0.903,31.617,0.072,68.743
2026-09-02T08:07:41.352718+07:00,c9_sim,391,7.557,45.346,0.963,31.032,0.020,84.917
2026-09-02T08:07:41.564225+07:00,c9_sim,392,6.810,39.038,1.011,32.688,0.150,79.697
2026-09-02T08:07:41.750590+07:00,c9_sim,393,10.268,40.161,1.004,29.563,0.104,81.101
2026-09-02T08:07:41.976247+07:00,c9_sim,394,8.829,41.351,1.238,35.786,0.085,87.289
2026-09-02T08:07:42.155757+07:00,c9_sim,395,9.288,34.262,0.693,25.492,0.038,69.773
2026-09-02T08:07:42.345946+07:00,c9_sim,396,4.880,38.661,0.612,24.258,0.027,68.438
2026-09-02T08:07:42.554777+07:00,c9_sim,397,10.393,35.676,0.979,28.524,0.124,75.695
2026-09-02T08:07:42.735204+07:00,c9_sim,398,5.938,24.816,0.783,30.423,0.103,62.063
2026-09-02T08:07:42.973354+07:00,c9_sim,399,8.534,41.497,1.057,35.039,0.038,86.165
2026-09-02T08:07:43.164964+07:00,c9_sim,400,6.477,40.499,1.148,36.787,0.032,84.945
2026-09-02T08:07:43.339128+07:00,c9_sim,401,6.017,25.475,0.628,30.571,0.086,62.776
2026-09-02T08:07:43.544300+07:00,c9_sim,402,10.841,34.558,0.762,28.629,0.042,74.833
2026-09-02T08:07:43.763500+07:00,c9_sim,403,11.296,33.944,0.956,38.425,0.043,84.664
2026-09-02T08:07:43.962128+07:00,c9_sim,404,12.419,44.624,0.920,34.200,0.048,92.211
2026-09-02T08:07:44.153522+07:00,c9_sim,405,7.785,35.896,1.384,34.585,0.036,79.686
2026-09-02T08:07:44.368483+07:00,c9_sim,406,9.326,38.956,1.003,35.871,0.025,85.180
2026-09-02T08:07:44.571648+07:00,c9_sim,407,7.176,32.414,0.608,51.106,0.048,91.351
2026-09-02T08:07:44.738618+07:00,c9_sim,408,7.076,23.148,0.743,25.270,0.032,56.270
2026-09-02T08:07:44.942387+07:00,c9_sim,409,9.993,36.404,0.779,22.988,0.026,70.189
2026-09-02T08:07:45.166872+07:00,c9_sim,410,16.065,31.758,0.836,29.273,0.047,77.979
2026-09-02T08:07:45.350863+07:00,c9_sim,411,10.645,36.275,0.785,25.588,0.043,73.336
2026-09-02T08:07:45.523040+07:00,c9_sim,412,12.763,34.387,0.000,0.000,0.025,47.174
2026-09-02T08:07:45.714561+07:00,c9_sim,413,9.595,24.809,0.000,0.000,0.022,34.426
2026-09-02T08:07:45.931760+07:00,c8_sim,189,9.728,32.895,0.000,0.000,0.010,42.633
2026-09-02T08:07:46.160345+07:00,c8_sim,190,16.832,64.238,0.000,0.000,0.009,81.079
2026-09-02T08:07:46.341853+07:00,c8_sim,191,11.602,40.530,0.000,0.000,0.009,52.142
2026-09-02T08:07:46.523289+07:00,c8_sim,192,13.883,38.121,0.000,0.000,0.019,52.023
2026-09-02T08:07:46.722437+07:00,c8_sim,193,8.422,40.852,0.000,0.000,0.022,49.295
2026-09-02T08:07:46.915834+07:00,c8_sim,194,7.553,24.925,0.000,0.000,0.010,32.488
2026-09-02T08:07:47.125682+07:00,c8_sim,195,10.943,26.137,0.000,0.000,0.007,37.087
2026-09-02T08:07:47.332413+07:00,c8_sim,196,8.322,33.818,0.000,0.000,0.013,42.153
2026-09-02T08:07:47.540772+07:00,c8_sim,197,13.524,36.442,0.000,0.000,0.010,49.975
2026-09-02T08:07:47.742402+07:00,c8_sim,198,15.385,32.305,0.000,0.000,0.006,47.696
2026-09-02T08:07:47.917453+07:00,c8_sim,199,15.275,30.960,0.000,0.000,0.008,46.243
2026-09-02T08:07:48.129089+07:00,c8_sim,200,15.787,26.336,0.000,0.000,0.008,42.130
2026-09-02T08:07:48.317026+07:00,c8_sim,201,9.849,20.967,0.000,0.000,0.011,30.827
2026-09-02T08:07:48.544118+07:00,c8_sim,202,15.029,33.901,1.727,0.000,0.011,50.669
2026-09-02T08:07:48.725351+07:00,c8_sim,203,8.731,39.787,1.207,0.030,0.249,50.004
2026-09-02T08:07:48.938117+07:00,c8_sim,204,12.902,41.116,1.127,0.007,0.227,55.379
2026-09-02T08:07:49.124943+07:00,c8_sim,205,11.090,45.040,0.712,0.005,0.018,56.865
2026-09-02T08:07:49.347867+07:00,c8_sim,206,17.282,37.432,1.071,0.008,0.027,55.820
2026-09-02T08:07:49.528832+07:00,c8_sim,207,11.657,38.924,0.846,0.006,0.024,51.458
2026-09-02T08:07:49.728295+07:00,c8_sim,208,15.407,32.852,0.893,0.006,0.020,49.178
2026-09-02T08:07:49.969528+07:00,c8_sim,209,15.486,32.515,0.620,44.776,0.028,93.426
2026-09-02T08:07:50.118508+07:00,c8_sim,210,8.541,31.939,0.000,0.000,0.014,40.494
2026-09-02T08:07:50.328796+07:00,c8_sim,211,7.492,31.125,0.000,0.000,0.016,38.632
2026-09-02T08:07:50.526804+07:00,c8_sim,212,13.162,35.116,0.000,0.000,0.018,48.296
2026-09-02T08:07:50.714060+07:00,c8_sim,213,8.199,32.701,0.761,0.000,0.015,41.676
2026-09-02T08:07:50.938048+07:00,c8_sim,214,12.194,34.702,0.000,0.000,0.027,46.923
2026-09-02T08:07:51.116284+07:00,c8_sim,215,9.804,32.000,0.652,0.000,0.013,42.469
2026-09-02T08:07:51.315966+07:00,c8_sim,216,10.594,37.013,0.797,0.005,0.085,48.494
2026-09-02T08:07:51.530253+07:00,c8_sim,217,9.094,32.975,1.035,0.009,0.139,43.252
2026-09-02T08:07:51.738530+07:00,c8_sim,218,9.810,39.502,0.790,0.005,0.117,50.224
2026-09-02T08:07:51.967802+07:00,c8_sim,219,18.076,68.990,1.485,0.009,0.029,88.588
2026-09-02T08:07:52.118757+07:00,c8_sim,220,12.277,33.893,0.643,0.005,0.029,46.848
2026-09-02T08:07:52.335567+07:00,c8_sim,221,9.343,43.217,1.758,0.012,0.039,54.369
2026-09-02T08:07:52.522204+07:00,c8_sim,222,14.149,21.135,0.000,0.000,0.016,35.300
2026-09-02T08:07:52.734961+07:00,c8_sim,223,13.394,27.807,0.817,0.004,0.015,42.038
2026-09-02T08:07:52.927451+07:00,c8_sim,224,8.464,29.968,0.000,0.000,0.702,39.134
2026-09-02T08:07:53.126342+07:00,c8_sim,225,11.404,27.749,0.000,0.000,0.029,39.182
2026-09-02T08:07:53.321638+07:00,c8_sim,226,9.882,26.755,0.000,0.000,0.023,36.660
2026-09-02T08:07:53.517645+07:00,c8_sim,227,10.641,35.720,0.000,0.000,0.022,46.382
2026-09-02T08:07:53.706741+07:00,c8_sim,228,10.875,22.179,0.000,0.000,0.023,33.078
2026-09-02T08:07:53.927884+07:00,c8_sim,229,10.611,26.301,0.000,0.000,0.054,36.967
2026-09-02T08:07:54.121339+07:00,c8_sim,230,12.196,32.664,0.000,0.000,0.023,44.883
2026-09-02T08:07:54.306284+07:00,c8_sim,231,8.154,26.503,0.000,0.000,0.012,34.669
2026-09-02T08:07:54.523902+07:00,c8_sim,232,8.438,27.253,0.000,0.000,0.027,35.719
2026-09-02T08:07:54.717101+07:00,c8_sim,233,8.562,36.838,0.000,0.000,0.024,45.424
2026-09-02T08:07:54.929821+07:00,c8_sim,234,8.293,31.278,0.000,0.000,0.021,39.593
2026-09-02T08:07:55.131243+07:00,c8_sim,235,8.570,37.453,0.000,0.000,0.024,46.046
2026-09-02T08:07:55.329845+07:00,c8_sim,236,12.922,33.713,0.000,0.000,0.019,46.654
2026-09-02T08:07:55.527810+07:00,c8_sim,237,7.356,31.244,0.000,0.000,0.013,38.613
2026-09-02T08:07:55.727994+07:00,c8_sim,238,8.270,29.416,0.000,0.000,0.036,37.722
2026-09-02T08:07:55.933379+07:00,c8_sim,239,11.453,37.916,0.000,0.000,0.009,49.378
2026-09-02T08:07:56.130154+07:00,c8_sim,240,11.521,30.188,0.000,0.000,0.013,41.722
2026-09-02T08:07:56.315757+07:00,c8_sim,241,11.282,33.554,0.000,0.000,0.009,44.845
2026-09-02T08:07:56.536466+07:00,c8_sim,242,10.004,36.315,0.000,0.000,0.017,46.337
2026-09-02T08:07:56.733579+07:00,c8_sim,243,14.245,33.832,0.000,0.000,0.013,48.090
2026-09-02T08:07:56.931310+07:00,c8_sim,244,13.323,34.324,0.000,0.000,0.010,47.658
2026-09-02T08:07:57.131557+07:00,c8_sim,245,9.560,33.716,0.000,0.000,0.016,43.292
2026-09-02T08:07:57.338381+07:00,c8_sim,246,11.012,39.970,0.000,0.000,0.006,50.988
2026-09-02T08:07:57.537979+07:00,c10_sim,177,10.774,37.305,0.000,0.000,0.023,48.102
2026-09-02T08:07:57.741774+07:00,c10_sim,178,11.985,38.944,0.000,0.000,0.019,50.948
2026-09-02T08:07:57.923752+07:00,c10_sim,179,8.058,40.468,0.000,0.000,0.022,48.548
2026-09-02T08:07:58.132519+07:00,c10_sim,180,10.487,41.046,0.000,0.000,0.021,51.555
2026-09-02T08:07:58.319295+07:00,c10_sim,181,7.103,24.901,0.000,0.000,0.017,32.021
2026-09-02T08:07:58.518507+07:00,c10_sim,182,8.013,35.707,0.000,0.000,0.020,43.740
2026-09-02T08:07:58.742631+07:00,c10_sim,183,13.451,33.184,0.000,0.000,0.019,46.655
2026-09-02T08:07:58.943821+07:00,c10_sim,184,8.483,42.691,0.000,0.000,0.017,51.191
2026-09-02T08:07:59.126082+07:00,c10_sim,185,7.715,33.226,1.644,0.000,0.016,42.600
2026-09-02T08:07:59.318096+07:00,c10_sim,186,8.701,25.831,1.104,0.000,0.015,35.650
2026-09-02T08:07:59.542650+07:00,c10_sim,187,9.655,38.059,1.423,0.027,0.237,49.400
2026-09-02T08:07:59.735859+07:00,c10_sim,188,6.810,44.608,1.298,0.008,0.263,52.988
2026-09-02T08:07:59.929379+07:00,c10_sim,189,8.503,24.117,1.064,0.006,0.150,33.840
2026-09-02T08:08:00.137474+07:00,c10_sim,190,8.220,34.565,0.661,0.006,0.019,43.471
2026-09-02T08:08:00.339798+07:00,c10_sim,191,7.022,51.224,1.331,0.010,2.185,61.772
2026-09-02T08:08:00.535399+07:00,c10_sim,192,7.366,24.100,0.979,0.005,0.217,32.667
2026-09-02T08:08:00.716837+07:00,c10_sim,193,7.301,30.974,1.019,0.007,0.022,39.324
2026-09-02T08:08:00.946092+07:00,c10_sim,194,10.238,46.439,0.992,0.008,0.026,57.703
2026-09-02T08:08:01.126661+07:00,c10_sim,195,7.413,40.165,0.682,0.005,0.017,48.282
2026-09-02T08:08:01.335198+07:00,c10_sim,196,8.238,36.562,0.886,0.008,0.027,45.720
2026-09-02T08:08:01.589029+07:00,c10_sim,197,10.551,36.705,1.105,49.912,0.028,98.300
2026-09-02T08:08:01.787455+07:00,c10_sim,198,7.533,45.833,1.039,34.776,0.231,89.411
2026-09-02T08:08:01.979964+07:00,c10_sim,199,6.945,40.951,1.021,31.210,0.019,80.147
2026-09-02T08:08:02.159779+07:00,c10_sim,200,13.817,28.814,1.152,28.579,0.012,72.375
2026-09-02T08:08:02.384961+07:00,c10_sim,201,8.871,42.049,1.060,31.612,0.010,83.602
2026-09-02T08:08:02.576425+07:00,c10_sim,202,9.767,38.172,0.746,33.417,0.025,82.128
2026-09-02T08:08:02.764295+07:00,c10_sim,203,11.632,35.136,1.064,32.700,0.025,80.557
2026-09-02T08:08:02.991879+07:00,c10_sim,204,14.979,40.591,1.065,38.499,0.016,95.152
2026-09-02T08:08:03.138066+07:00,c10_sim,205,9.068,20.902,1.014,27.810,0.034,58.827
2026-09-02T08:08:03.381564+07:00,c10_sim,206,9.730,41.335,0.690,32.753,0.021,84.530
2026-09-02T08:08:03.580169+07:00,c10_sim,207,8.125,44.597,0.926,29.602,0.020,83.270
2026-09-02T08:08:03.763526+07:00,c10_sim,208,7.723,31.865,0.712,34.460,0.022,74.783
2026-09-02T08:08:03.943087+07:00,c10_sim,209,10.016,40.047,0.000,0.000,0.022,50.085
2026-09-02T08:08:04.174924+07:00,c10_sim,210,12.932,43.052,1.108,40.139,0.038,97.269
2026-09-02T08:08:04.322491+07:00,c10_sim,211,6.337,26.966,0.000,0.000,0.013,33.316
2026-09-02T08:08:04.533178+07:00,c10_sim,212,10.161,26.061,0.000,0.000,0.018,36.240
2026-09-02T08:08:04.731379+07:00,c10_sim,213,11.160,33.952,0.000,0.000,0.022,45.134
2026-09-02T08:08:04.962736+07:00,c10_sim,214,9.629,21.866,0.741,41.246,0.025,73.507
2026-09-02T08:08:05.145729+07:00,c10_sim,215,8.491,42.008,0.000,0.000,0.022,50.522
2026-09-02T08:08:05.347177+07:00,c10_sim,216,9.634,40.176,0.000,0.000,0.017,49.827
2026-09-02T08:08:05.520914+07:00,c10_sim,217,9.273,29.118,0.000,0.000,0.015,38.407
2026-09-02T08:08:05.753684+07:00,c10_sim,218,9.992,48.112,0.000,0.000,0.017,58.121
2026-09-02T08:08:05.924139+07:00,c10_sim,219,7.609,36.802,0.000,0.000,0.017,44.427
2026-09-02T08:08:06.121488+07:00,c10_sim,220,7.261,27.057,0.000,0.000,0.017,34.335
2026-09-02T08:08:06.331836+07:00,c10_sim,221,7.603,43.279,0.000,0.000,0.015,50.898
2026-09-02T08:08:06.520605+07:00,c10_sim,222,9.636,29.597,0.000,0.000,0.015,39.249
2026-09-02T08:08:06.733176+07:00,c10_sim,223,12.517,40.167,0.000,0.000,0.014,52.698
2026-09-02T08:08:06.927547+07:00,c10_sim,224,9.345,27.234,0.000,0.000,0.015,36.593
2026-09-02T08:08:07.133568+07:00,c10_sim,225,10.903,41.077,0.000,0.000,0.015,51.996
2026-09-02T08:08:07.326094+07:00,c10_sim,226,8.001,26.954,0.000,0.000,0.014,34.968
2026-09-02T08:08:07.549801+07:00,c11_sim,719,10.214,40.455,0.000,0.000,0.010,50.678
2026-09-02T08:08:07.749608+07:00,c11_sim,720,11.348,37.164,0.736,0.000,0.007,49.255
2026-09-02T08:08:07.978972+07:00,c11_sim,721,10.513,33.971,0.670,26.925,0.192,72.271
2026-09-02T08:08:08.163418+07:00,c11_sim,722,10.689,27.204,1.216,30.945,0.137,70.191
2026-09-02T08:08:08.373504+07:00,c11_sim,723,8.332,35.567,0.743,33.892,0.022,78.556
2026-09-02T08:08:08.555733+07:00,c11_sim,724,8.756,27.467,0.947,30.570,0.021,67.762
2026-09-02T08:08:08.767428+07:00,c11_sim,725,10.074,35.808,0.680,32.424,0.020,79.006
2026-09-02T08:08:08.976361+07:00,c11_sim,726,8.028,28.139,0.882,34.730,0.228,72.006
2026-09-02T08:08:09.175834+07:00,c11_sim,727,8.847,43.482,0.634,33.396,0.023,86.382
2026-09-02T08:08:09.396900+07:00,c11_sim,728,8.853,38.595,1.473,38.591,0.021,87.534
2026-09-02T08:08:09.590443+07:00,c11_sim,729,12.427,40.316,0.749,28.359,0.023,81.874
2026-09-02T08:08:09.778701+07:00,c11_sim,730,10.051,28.234,0.979,32.031,0.194,71.489
2026-09-02T08:08:09.964895+07:00,c11_sim,731,9.437,39.463,0.929,28.603,0.024,78.457
2026-09-02T08:08:10.186959+07:00,c11_sim,732,9.249,40.999,1.009,32.902,0.121,84.281
2026-09-02T08:08:10.356646+07:00,c11_sim,733,8.331,25.892,0.821,26.643,0.201,61.888
2026-09-02T08:08:10.579284+07:00,c11_sim,734,9.461,45.465,1.061,32.165,0.020,88.171
2026-09-02T08:08:10.784127+07:00,c11_sim,735,13.350,30.935,0.853,30.587,0.025,75.750
2026-09-02T08:08:10.985396+07:00,c11_sim,736,13.195,40.144,1.075,38.328,0.077,92.819
2026-09-02T08:08:11.186753+07:00,c11_sim,737,8.999,41.764,0.945,38.210,0.171,90.089
2026-09-02T08:08:11.372738+07:00,c11_sim,738,10.111,39.348,0.964,31.456,0.042,81.922
2026-09-02T08:08:11.588743+07:00,c11_sim,739,7.623,48.200,0.863,33.879,0.058,90.623
2026-09-02T08:08:11.788882+07:00,c11_sim,740,12.010,45.452,1.149,34.222,0.041,92.873
2026-09-02T08:08:11.973678+07:00,c11_sim,741,12.110,39.003,0.811,29.719,0.040,81.683
2026-09-02T08:08:12.186988+07:00,c11_sim,742,9.294,37.380,1.039,36.702,0.041,84.454
2026-09-02T08:08:12.388910+07:00,c11_sim,743,11.716,46.752,0.753,28.571,0.032,87.823
2026-09-02T08:08:12.576005+07:00,c11_sim,744,9.469,33.523,1.114,32.066,0.037,76.210
2026-09-02T08:08:12.795722+07:00,c11_sim,745,11.817,42.596,0.790,30.636,0.030,85.870
2026-09-02T08:08:12.963835+07:00,c11_sim,746,7.180,31.174,0.849,39.356,0.050,78.609
2026-09-02T08:08:13.199833+07:00,c11_sim,747,8.751,48.078,1.128,34.885,0.037,92.879
2026-09-02T08:08:13.385621+07:00,c11_sim,748,8.330,35.445,0.945,31.924,0.030,76.673
2026-09-02T08:08:13.565016+07:00,c11_sim,749,9.696,29.742,0.888,32.181,0.029,72.537
2026-09-02T08:08:13.782187+07:00,c11_sim,750,8.581,40.738,0.692,34.298,0.037,84.345
2026-09-02T08:08:13.965549+07:00,c11_sim,751,8.694,31.086,0.861,31.084,0.039,71.764
2026-09-02T08:08:14.191814+07:00,c11_sim,752,12.553,48.728,0.696,30.826,0.032,92.835
2026-09-02T08:08:14.371941+07:00,c11_sim,753,13.614,26.502,0.565,31.412,0.033,72.126
2026-09-02T08:08:14.580099+07:00,c11_sim,754,9.185,39.024,0.865,29.876,0.026,78.976
2026-09-02T08:08:14.793326+07:00,c11_sim,755,11.470,35.730,0.802,35.609,0.034,83.645
2026-09-02T08:08:14.983661+07:00,c11_sim,756,8.932,37.066,0.704,33.142,0.031,79.875
2026-09-02T08:08:15.173225+07:00,c11_sim,757,10.207,27.897,0.630,35.879,0.029,74.643
2026-09-02T08:08:15.389552+07:00,c11_sim,758,14.478,42.081,0.936,32.492,0.028,90.015
2026-09-02T08:08:15.568854+07:00,c11_sim,759,12.041,31.241,1.043,26.995,0.032,71.352
2026-09-02T08:08:15.778277+07:00,c11_sim,760,7.924,35.446,0.722,32.100,0.030,76.222
2026-09-02T08:08:16.002255+07:00,c11_sim,761,14.180,38.597,0.674,37.913,0.115,91.480
2026-09-02T08:08:16.608753+07:00,c11_sim,762,10.011,39.039,0.763,464.929,0.074,514.816
2026-09-02T08:08:16.680746+07:00,c11_sim,763,81.982,40.403,0.672,29.348,0.035,152.440
2026-09-02T08:08:16.721569+07:00,c11_sim,764,96.808,16.678,0.551,22.555,0.030,136.623
2026-09-02T08:08:16.764541+07:00,c11_sim,765,7.076,18.790,0.558,22.590,0.034,49.049
2026-09-02T08:08:16.960958+07:00,c11_sim,766,6.144,30.137,0.499,23.837,0.042,60.660
2026-09-02T08:08:17.165386+07:00,c11_sim,767,11.600,33.673,0.584,28.761,0.028,74.646
2026-09-02T08:08:17.395870+07:00,c11_sim,768,13.442,35.125,1.011,32.839,0.048,82.464
2026-09-02T08:08:17.548779+07:00,c11_sim,769,9.344,32.449,0.000,0.000,0.018,41.811
2026-09-02T08:08:17.782340+07:00,c11_sim,770,10.738,37.605,0.600,31.570,0.039,80.552
2026-09-02T08:08:17.934736+07:00,c11_sim,771,12.957,28.461,0.000,0.000,0.014,41.432
2026-09-02T08:08:18.133878+07:00,c11_sim,772,12.569,29.932,0.000,0.000,0.017,42.519
2026-09-02T08:08:18.367855+07:00,c11_sim,773,9.906,24.760,0.743,33.850,0.029,69.288
2026-09-02T08:08:18.531401+07:00,c11_sim,774,11.157,25.922,0.000,0.000,0.021,37.100
2026-09-02T08:08:18.741610+07:00,c11_sim,775,10.408,25.887,0.000,0.000,0.022,36.316
2026-09-02T08:08:18.936003+07:00,c11_sim,776,7.954,32.916,0.000,0.000,0.016,40.885
2026-09-02T08:08:19.135024+07:00,c11_sim,777,13.799,29.337,0.000,0.000,0.014,43.151
2026-09-02T08:08:19.327429+07:00,c11_sim,778,7.862,29.885,0.000,0.000,0.026,37.773
2026-09-02T08:08:19.553920+07:00,c11_sim,779,8.130,44.139,0.000,0.000,0.032,52.301
2026-09-02T08:08:19.726275+07:00,c11_sim,780,9.672,26.099,0.000,0.000,0.014,35.786
2026-09-02T08:08:19.945159+07:00,c11_sim,781,7.456,31.629,0.598,0.000,0.014,39.697
2026-09-02T08:08:20.001859+07:00,c11_sim,782,6.723,24.850,1.662,28.698,0.087,62.020
2026-09-02T08:08:20.049420+07:00,c11_sim,783,8.706,22.962,0.631,22.912,0.022,55.233
2026-09-02T08:08:20.066007+07:00,c11_sim,784,8.669,16.362,0.000,0.000,0.015,25.046
2026-09-02T08:08:20.112006+07:00,c11_sim,785,6.524,21.326,0.000,0.000,0.012,27.862
2026-09-02T08:08:20.132394+07:00,c11_sim,786,6.400,20.192,0.000,0.000,0.013,26.605
2026-09-02T08:08:20.186795+07:00,c11_sim,787,6.493,29.947,0.000,0.000,0.015,36.455
2026-09-02T08:08:20.252428+07:00,c11_sim,788,6.778,37.098,0.834,0.000,0.401,45.110
2026-09-02T08:08:20.310041+07:00,c11_sim,789,7.318,31.144,0.712,24.657,0.075,63.907
2026-09-02T08:08:20.322891+07:00,c11_sim,790,6.553,12.680,0.000,0.000,0.010,19.243
2026-09-02T08:08:20.356770+07:00,c11_sim,791,6.032,12.945,0.526,19.630,0.071,39.204
2026-09-02T08:08:20.415107+07:00,c11_sim,792,6.038,14.483,0.511,18.280,0.019,39.332
2026-09-02T08:08:20.450649+07:00,c11_sim,793,6.094,16.359,0.633,17.873,0.018,40.977
2026-09-02T08:08:20.484282+07:00,c11_sim,794,6.030,14.506,0.452,17.993,0.017,38.998
2026-09-02T08:08:20.520052+07:00,c11_sim,795,6.079,16.852,0.456,17.726,0.052,41.165
2026-09-02T08:08:20.593928+07:00,c11_sim,796,5.904,29.176,0.675,18.534,0.019,54.308
2026-09-02T08:08:20.632062+07:00,c11_sim,797,7.639,18.682,0.459,18.217,0.016,45.012
2026-09-02T08:08:20.651058+07:00,c11_sim,798,6.136,18.606,0.000,0.000,0.186,24.928
2026-09-02T08:08:20.699098+07:00,c11_sim,799,5.895,23.897,0.000,0.000,0.011,29.802
2026-09-02T08:08:20.719310+07:00,c11_sim,800,6.247,20.095,0.000,0.000,0.006,26.348
2026-09-02T08:08:20.768601+07:00,c11_sim,801,6.161,28.769,0.000,0.000,0.010,34.939
2026-09-02T08:08:20.822831+07:00,c11_sim,802,6.028,29.000,0.000,0.000,0.008,35.036
2026-09-02T08:08:20.850527+07:00,c11_sim,803,6.208,27.527,0.000,0.000,0.013,33.748
2026-09-02T08:08:20.927041+07:00,c11_sim,804,6.364,30.111,0.580,19.545,0.024,56.624
2026-09-02T08:08:20.951043+07:00,c11_sim,805,6.252,23.813,0.000,0.000,0.008,30.073
2026-09-02T08:08:20.996425+07:00,c11_sim,806,6.184,24.604,0.532,19.432,0.018,50.769
2026-09-02T08:08:21.016670+07:00,c11_sim,807,5.986,20.087,0.000,0.000,0.007,26.080
2026-09-02T08:08:21.086172+07:00,c11_sim,808,6.210,23.704,0.419,19.562,0.020,49.915
2026-09-02T08:08:21.128442+07:00,c11_sim,809,6.074,21.769,0.616,18.945,0.062,47.466
2026-09-02T08:08:21.167948+07:00,c11_sim,810,6.079,19.990,0.495,18.211,0.014,44.789
2026-09-02T08:08:21.207481+07:00,c11_sim,811,6.038,19.212,0.812,18.422,0.015,44.500
2026-09-02T08:08:21.247080+07:00,c11_sim,812,6.423,19.022,0.471,19.366,0.055,45.336
2026-09-02T08:08:21.283528+07:00,c11_sim,813,5.937,17.444,0.454,17.832,0.014,41.682
2026-09-02T08:08:21.321405+07:00,c11_sim,814,6.076,19.803,0.393,16.946,0.024,43.243
2026-09-02T08:08:21.356393+07:00,c11_sim,815,5.877,17.340,0.369,16.578,0.017,40.181
2026-09-02T08:08:21.420714+07:00,c11_sim,816,6.007,18.642,0.505,19.717,0.144,45.015
2026-09-02T08:08:21.462953+07:00,c11_sim,817,6.073,21.883,0.500,18.678,0.057,47.190
2026-09-02T08:08:21.503981+07:00,c11_sim,818,5.996,20.833,0.590,18.452,0.027,45.897
2026-09-02T08:08:21.547115+07:00,c11_sim,819,5.993,22.798,0.516,18.779,0.022,48.109
2026-09-02T08:08:21.593249+07:00,c11_sim,820,6.077,25.312,0.526,19.163,0.027,51.106
2026-09-02T08:08:21.638525+07:00,c11_sim,821,5.977,24.136,0.391,20.051,0.019,50.573
2026-09-02T08:08:21.681223+07:00,c11_sim,822,6.021,22.687,0.503,18.607,0.019,47.837
2026-09-02T08:08:21.728762+07:00,c11_sim,823,5.872,26.956,0.461,19.223,0.021,52.534
2026-09-02T08:08:21.777875+07:00,c11_sim,824,6.262,26.938,0.408,20.992,0.021,54.620
2026-09-02T08:08:21.827007+07:00,c11_sim,825,6.239,25.119,0.383,22.916,0.025,54.681
2026-09-02T08:08:21.867150+07:00,c11_sim,826,6.139,21.593,0.397,17.408,0.022,45.559
2026-09-02T08:08:21.908894+07:00,c11_sim,827,5.942,20.449,0.425,20.081,0.026,46.923
2026-09-02T08:08:21.948046+07:00,c11_sim,828,5.894,18.818,0.438,19.193,0.028,44.370
2026-09-02T08:08:21.990894+07:00,c11_sim,829,6.401,21.328,0.510,20.250,0.026,48.514
2026-09-02T08:08:22.031641+07:00,c11_sim,830,6.366,20.878,0.506,18.555,0.035,46.339
2026-09-02T08:08:22.070504+07:00,c11_sim,831,6.360,19.794,0.456,17.843,0.024,44.476
2026-09-02T08:08:22.114637+07:00,c11_sim,832,5.995,25.137,0.421,17.822,0.026,49.401
2026-09-02T08:08:22.151265+07:00,c11_sim,833,6.176,18.356,0.407,17.147,0.031,42.118
2026-09-02T08:08:22.190684+07:00,c11_sim,834,5.907,20.744,0.389,17.464,0.016,44.519
2026-09-02T08:08:22.227068+07:00,c11_sim,835,6.134,18.309,0.393,17.007,0.061,41.905
2026-09-02T08:08:22.265931+07:00,c11_sim,836,6.103,20.236,0.405,17.499,0.052,44.296
2026-09-02T08:08:22.303190+07:00,c11_sim,837,6.051,18.248,0.444,17.039,0.016,41.797
2026-09-02T08:08:22.340466+07:00,c11_sim,838,5.978,18.912,0.402,17.272,0.017,42.581
2026-09-02T08:08:22.379905+07:00,c11_sim,839,6.054,20.368,0.439,17.969,0.019,44.848
2026-09-02T08:08:22.419034+07:00,c11_sim,840,5.904,19.217,0.470,18.769,0.021,44.381
2026-09-02T08:08:22.459994+07:00,c11_sim,841,6.018,21.246,0.503,18.270,0.023,46.060
2026-09-02T08:08:22.501230+07:00,c11_sim,842,5.827,21.154,0.414,18.698,0.076,46.169
2026-09-02T08:08:22.541825+07:00,c11_sim,843,6.237,20.918,0.450,18.551,0.020,46.175
2026-09-02T08:08:22.584814+07:00,c11_sim,844,6.066,23.592,0.446,18.195,0.022,48.321
2026-09-02T08:08:22.625282+07:00,c11_sim,845,6.302,20.837,0.484,18.277,0.027,45.926
2026-09-02T08:08:22.667461+07:00,c11_sim,846,6.118,23.431,0.366,17.731,0.018,47.664
2026-09-02T08:08:22.708452+07:00,c11_sim,847,5.941,21.518,0.444,18.184,0.062,46.150
2026-09-02T08:08:22.752786+07:00,c11_sim,848,5.991,24.325,0.386,18.912,0.050,49.663
2026-09-02T08:08:22.795982+07:00,c11_sim,849,6.041,22.510,0.505,19.480,0.018,48.554
2026-09-02T08:08:22.818662+07:00,c11_sim,850,6.023,22.524,0.000,0.000,0.007,28.554
2026-09-02T08:08:22.840541+07:00,c11_sim,851,6.190,21.773,0.000,0.000,0.006,27.969
2026-09-02T08:08:22.890541+07:00,c11_sim,852,6.191,24.862,0.000,0.000,0.006,31.058
2026-09-02T08:08:22.943591+07:00,c11_sim,853,6.114,27.812,0.000,0.000,0.019,33.946
2026-09-02T08:08:23.022474+07:00,c11_sim,854,6.250,29.973,0.506,22.255,0.032,59.016
2026-09-02T08:08:23.035898+07:00,c11_sim,855,6.269,13.252,0.000,0.000,0.006,19.527
2026-09-02T08:08:23.047914+07:00,c11_sim,856,6.142,11.872,0.000,0.000,0.005,18.019
2026-09-02T08:08:23.084310+07:00,c11_sim,857,6.245,12.638,0.000,0.000,0.006,18.889
2026-09-02T08:08:23.149256+07:00,c11_sim,858,6.007,14.652,0.000,0.000,0.007,20.667
2026-09-02T08:08:23.163103+07:00,c11_sim,859,5.794,13.726,0.000,0.000,0.005,19.526
2026-09-02T08:08:23.250890+07:00,c11_sim,860,6.040,18.956,0.475,18.911,0.027,44.407
2026-09-02T08:08:23.287846+07:00,c11_sim,861,5.888,17.266,0.464,18.323,0.022,41.962
2026-09-02T08:08:23.322583+07:00,c11_sim,862,6.006,16.029,0.396,17.600,0.021,40.051
2026-09-02T08:08:23.357553+07:00,c11_sim,863,5.983,16.589,0.409,17.179,0.015,40.175
2026-09-02T08:08:23.419912+07:00,c11_sim,864,5.870,20.333,0.476,18.900,0.021,45.600
2026-09-02T08:08:23.461111+07:00,c11_sim,865,6.351,21.623,0.393,18.338,0.024,46.729
2026-09-02T08:08:23.506788+07:00,c11_sim,866,5.968,24.273,0.415,20.008,0.029,50.694
2026-09-02T08:08:23.548814+07:00,c11_sim,867,6.179,22.498,0.459,17.974,0.018,47.129
2026-09-02T08:08:23.591343+07:00,c11_sim,868,6.103,21.527,0.503,19.501,0.027,47.662
2026-09-02T08:08:23.633549+07:00,c11_sim,869,5.900,23.722,0.346,17.352,0.022,47.343
2026-09-02T08:08:23.676161+07:00,c11_sim,870,5.949,22.197,0.413,18.950,0.019,47.528
2026-09-02T08:08:23.725485+07:00,c11_sim,871,6.134,26.438,0.424,21.400,0.024,54.421
2026-09-02T08:08:23.767351+07:00,c11_sim,872,6.009,22.201,0.431,18.264,0.017,46.922
2026-09-02T08:08:23.808296+07:00,c11_sim,873,5.900,20.998,0.403,18.603,0.017,45.922
2026-09-02T08:08:23.849632+07:00,c11_sim,874,6.011,21.562,0.412,18.435,0.018,46.439
2026-09-02T08:08:23.891089+07:00,c11_sim,875,6.089,21.612,0.377,18.507,0.017,46.602
2026-09-02T08:08:23.933666+07:00,c11_sim,876,6.167,23.025,0.403,18.203,0.027,47.825
2026-09-02T08:08:23.973789+07:00,c11_sim,877,6.031,21.391,0.359,17.635,0.027,45.443
2026-09-02T08:08:24.017658+07:00,c11_sim,878,5.903,23.770,0.463,18.717,0.019,48.872
2026-09-02T08:08:24.060175+07:00,c11_sim,879,5.917,22.206,0.409,18.882,0.022,47.436
2026-09-02T08:08:24.103461+07:00,c11_sim,880,5.924,24.010,0.324,18.265,0.022,48.543
2026-09-02T08:08:24.146283+07:00,c11_sim,881,5.870,24.167,0.305,17.584,0.018,47.944
2026-09-02T08:08:24.186714+07:00,c11_sim,882,5.850,22.493,0.328,16.929,0.016,45.616
2026-09-02T08:08:24.227021+07:00,c11_sim,883,5.904,21.707,0.327,17.592,0.026,45.556
2026-09-02T08:08:24.247354+07:00,c11_sim,884,6.059,20.192,0.000,0.000,0.008,26.259
2026-09-02T08:08:24.286945+07:00,c11_sim,885,5.776,21.132,0.366,17.390,0.018,44.682
2026-09-02T08:08:24.307138+07:00,c11_sim,886,5.970,20.028,0.000,0.000,0.006,26.003
2026-09-02T08:08:24.353198+07:00,c11_sim,887,5.750,20.888,0.000,0.000,0.009,26.647
2026-09-02T08:08:24.403432+07:00,c11_sim,888,5.964,24.966,0.000,0.000,0.013,30.943
2026-09-02T08:08:24.453941+07:00,c11_sim,889,6.106,28.432,0.469,20.626,0.020,55.653
2026-09-02T08:08:24.499404+07:00,c11_sim,890,6.191,25.064,0.548,18.859,0.040,50.702
2026-09-02T08:08:24.543026+07:00,c11_sim,891,6.183,23.769,0.382,18.737,0.019,49.089
2026-09-02T08:08:24.588785+07:00,c11_sim,892,5.878,25.351,0.384,19.313,0.018,50.944
2026-09-02T08:08:24.631181+07:00,c11_sim,893,5.814,23.446,0.361,17.818,0.017,47.456
2026-09-02T08:08:24.677983+07:00,c11_sim,894,5.998,23.165,0.386,22.395,0.022,51.965
2026-09-02T08:08:24.700060+07:00,c11_sim,895,6.110,21.932,0.000,0.000,0.011,28.053
2026-09-02T08:08:24.720627+07:00,c11_sim,896,6.026,20.445,0.000,0.000,0.005,26.476
2026-09-02T08:08:24.789858+07:00,c11_sim,897,6.099,24.062,0.457,18.731,0.021,49.371
2026-09-02T08:08:24.809508+07:00,c11_sim,898,5.963,19.521,0.000,0.000,0.006,25.490
2026-09-02T08:08:24.877829+07:00,c11_sim,899,6.175,23.074,0.435,18.902,0.019,48.606
2026-09-02T08:08:24.901638+07:00,c11_sim,900,5.908,23.644,0.000,0.000,0.009,29.561
2026-09-02T08:08:24.923943+07:00,c11_sim,901,6.291,22.077,0.000,0.000,0.006,28.374
2026-09-02T08:08:24.998653+07:00,c11_sim,902,6.171,27.642,0.485,20.499,0.021,54.818
2026-09-02T08:08:25.048642+07:00,c11_sim,903,6.175,25.757,0.469,22.900,0.024,55.326
2026-09-02T08:08:25.098065+07:00,c11_sim,904,6.558,28.255,0.370,20.005,0.024,55.212
2026-09-02T08:08:25.146651+07:00,c11_sim,905,6.234,26.217,0.395,21.088,0.019,53.954
2026-09-02T08:08:25.194023+07:00,c11_sim,906,6.184,26.461,0.362,19.829,0.023,52.859
2026-09-02T08:08:25.240798+07:00,c11_sim,907,6.268,26.070,0.337,19.676,0.026,52.377
2026-09-02T08:08:25.281894+07:00,c11_sim,908,5.909,21.280,0.446,18.650,0.041,46.326
2026-09-02T08:08:25.320580+07:00,c11_sim,909,6.088,20.057,0.361,17.557,0.021,44.084
2026-09-02T08:08:25.359199+07:00,c11_sim,910,5.962,20.123,0.353,17.386,0.017,43.842
2026-09-02T08:08:25.395584+07:00,c11_sim,911,5.862,18.055,0.367,17.243,0.019,41.546
2026-09-02T08:08:25.433300+07:00,c11_sim,912,5.901,19.169,0.354,17.486,0.019,42.930
2026-09-02T08:08:25.469682+07:00,c11_sim,913,5.792,18.323,0.349,16.994,0.015,41.473
2026-09-02T08:08:25.506169+07:00,c11_sim,914,5.883,18.319,0.327,17.142,0.021,41.691
2026-09-02T08:08:25.542971+07:00,c11_sim,915,5.825,17.790,0.424,17.895,0.018,41.952
2026-09-02T08:08:25.580191+07:00,c11_sim,916,5.911,18.595,0.393,17.486,0.022,42.407
2026-09-02T08:08:25.617673+07:00,c11_sim,917,5.986,19.005,0.334,17.434,0.022,42.782
2026-09-02T08:08:25.654854+07:00,c11_sim,918,5.939,19.099,0.313,17.043,0.018,42.412
2026-09-02T08:08:25.692114+07:00,c11_sim,919,6.016,19.327,0.307,16.877,0.015,42.542
2026-09-02T08:08:25.735600+07:00,c11_sim,920,5.851,19.030,0.000,0.000,0.006,24.888
2026-09-02T08:08:25.754598+07:00,c11_sim,921,5.989,18.894,0.000,0.000,0.006,24.888
2026-09-02T08:08:25.801296+07:00,c9_sim,414,3.719,21.506,0.000,0.000,0.006,25.232
2026-09-02T08:08:25.850966+07:00,c9_sim,415,5.082,24.501,0.000,0.000,0.009,29.592
2026-09-02T08:08:25.875401+07:00,c9_sim,416,4.409,24.298,0.000,0.000,0.008,28.714
2026-09-02T08:08:25.899357+07:00,c9_sim,417,5.197,23.843,0.000,0.000,0.006,29.047
2026-09-02T08:08:25.920150+07:00,c9_sim,418,4.651,20.688,0.000,0.000,0.006,25.344
2026-09-02T08:08:25.976238+07:00,c9_sim,419,4.639,30.877,0.000,0.000,0.017,35.533
2026-09-02T08:08:26.014762+07:00,c9_sim,420,6.240,38.149,0.000,0.000,0.017,44.405
2026-09-02T08:08:26.060238+07:00,c9_sim,421,25.349,45.093,0.000,0.000,0.016,70.458
2026-09-02T08:08:26.094666+07:00,c9_sim,422,6.324,32.505,0.748,0.000,0.012,39.588
2026-09-02T08:08:26.147738+07:00,c9_sim,423,5.837,29.366,0.622,22.190,0.068,58.083
2026-09-02T08:08:26.198327+07:00,c9_sim,424,7.202,27.252,0.521,21.731,0.019,56.725
2026-09-02T08:08:26.247940+07:00,c9_sim,425,5.091,27.140,0.485,21.196,0.017,53.929
2026-09-02T08:08:26.297250+07:00,c9_sim,426,4.947,27.373,0.434,20.313,0.205,53.272
2026-09-02T08:08:26.344550+07:00,c9_sim,427,4.697,26.047,0.434,20.093,0.034,51.305
2026-09-02T08:08:26.392716+07:00,c9_sim,428,6.345,26.184,0.433,20.713,0.019,53.693
2026-09-02T08:08:26.437272+07:00,c9_sim,429,4.607,25.563,0.396,17.826,0.013,48.405
2026-09-02T08:08:26.480339+07:00,c9_sim,430,6.099,24.363,0.384,17.606,0.020,48.473
2026-09-02T08:08:26.522044+07:00,c9_sim,431,4.747,22.993,0.410,17.578,0.015,45.742
2026-09-02T08:08:26.563651+07:00,c9_sim,432,4.610,22.158,0.383,18.376,0.016,45.543
2026-09-02T08:08:26.602990+07:00,c9_sim,433,6.109,21.148,0.378,17.155,0.013,44.803
2026-09-02T08:08:26.643635+07:00,c9_sim,434,4.672,20.423,0.387,19.124,0.020,44.625
2026-09-02T08:08:26.682452+07:00,c9_sim,435,6.262,20.706,0.424,17.022,0.013,44.426
2026-09-02T08:08:26.721772+07:00,c9_sim,436,4.571,20.007,0.437,18.123,0.021,43.159
2026-09-02T08:08:26.762555+07:00,c9_sim,437,5.376,20.793,0.531,18.577,0.013,45.292
2026-09-02T08:08:26.801336+07:00,c9_sim,438,4.503,20.451,0.384,17.283,0.015,42.636
2026-09-02T08:08:26.840430+07:00,c9_sim,439,4.509,20.381,0.391,17.667,0.023,42.972
2026-09-02T08:08:26.881923+07:00,c9_sim,440,5.008,22.166,0.401,18.086,0.081,45.742
2026-09-02T08:08:26.922937+07:00,c9_sim,441,4.544,21.639,0.483,18.211,0.024,44.901
2026-09-02T08:08:26.963217+07:00,c9_sim,442,4.512,21.501,0.434,17.596,0.058,44.100
2026-09-02T08:08:27.003768+07:00,c9_sim,443,5.020,21.666,0.454,17.776,0.027,44.942
2026-09-02T08:08:27.045278+07:00,c9_sim,444,4.666,22.621,0.392,17.738,0.031,45.447
2026-09-02T08:08:27.085227+07:00,c9_sim,445,4.836,21.722,0.390,17.164,0.020,44.133
2026-09-02T08:08:27.128306+07:00,c9_sim,446,5.078,21.651,0.406,20.277,0.031,47.442
2026-09-02T08:08:27.171821+07:00,c9_sim,447,4.772,23.151,0.479,19.144,0.031,47.577
2026-09-02T08:08:27.215520+07:00,c9_sim,448,4.750,23.594,0.436,18.869,0.028,47.677
2026-09-02T08:08:27.258450+07:00,c9_sim,449,4.837,22.827,0.452,18.942,0.027,47.086
2026-09-02T08:08:27.282595+07:00,c9_sim,450,5.064,23.984,0.000,0.000,0.009,29.057
2026-09-02T08:08:27.305408+07:00,c9_sim,451,4.707,22.600,0.000,0.000,0.007,27.315
2026-09-02T08:08:27.351627+07:00,c9_sim,452,4.654,24.863,0.423,20.172,0.023,50.134
2026-09-02T08:08:27.399690+07:00,c9_sim,453,5.223,26.880,0.400,20.000,0.022,52.525
2026-09-02T08:08:27.449746+07:00,c9_sim,454,4.453,30.316,0.408,18.549,0.021,53.747
2026-09-02T08:08:27.471561+07:00,c9_sim,455,4.943,21.680,0.000,0.000,0.007,26.630
2026-09-02T08:08:27.515982+07:00,c9_sim,456,5.454,24.526,0.460,18.718,0.024,49.181
2026-09-02T08:08:27.537715+07:00,c9_sim,457,4.626,21.580,0.000,0.000,0.007,26.213
2026-09-02T08:08:27.560210+07:00,c9_sim,458,4.526,22.348,0.000,0.000,0.010,26.884
2026-09-02T08:08:27.583917+07:00,c9_sim,459,5.063,23.558,0.000,0.000,0.008,28.629
2026-09-02T08:08:27.604403+07:00,c9_sim,460,4.619,20.366,0.000,0.000,0.006,24.991
2026-09-02T08:08:27.626614+07:00,c9_sim,461,4.515,22.102,0.000,0.000,0.006,26.624
2026-09-02T08:08:27.670578+07:00,c9_sim,462,5.190,23.909,0.524,18.718,0.023,48.364
2026-09-02T08:08:27.691792+07:00,c9_sim,463,4.600,21.093,0.000,0.000,0.007,25.700
2026-09-02T08:08:27.731862+07:00,c9_sim,464,4.666,21.371,0.390,17.558,0.032,44.016
2026-09-02T08:08:27.770695+07:00,c9_sim,465,5.039,20.735,0.370,17.089,0.019,43.252
2026-09-02T08:08:27.810138+07:00,c9_sim,466,4.823,21.375,0.368,16.965,0.015,43.546
2026-09-02T08:08:27.849732+07:00,c9_sim,467,4.888,20.704,0.435,17.783,0.021,43.831
2026-09-02T08:08:27.887322+07:00,c9_sim,468,4.614,19.687,0.398,16.827,0.016,41.542
2026-09-02T08:08:27.925706+07:00,c9_sim,469,4.492,20.107,0.364,17.227,0.021,42.212
2026-09-02T08:08:28.004106+07:00,c9_sim,470,4.483,19.845,0.416,57.406,0.043,82.193
2026-09-02T08:08:28.062004+07:00,c9_sim,471,4.500,31.743,0.791,24.318,0.027,61.379
2026-09-02T08:08:28.107076+07:00,c9_sim,472,5.228,24.478,0.466,19.379,0.027,49.578
2026-09-02T08:08:28.148171+07:00,c9_sim,473,4.686,21.198,0.455,18.614,0.026,44.979
2026-09-02T08:08:28.188948+07:00,c9_sim,474,4.984,21.292,0.443,18.325,0.024,45.069
2026-09-02T08:08:28.230110+07:00,c9_sim,475,4.623,20.927,0.418,19.084,0.024,45.076
2026-09-02T08:08:28.272219+07:00,c9_sim,476,4.545,21.924,0.554,18.835,0.031,45.889
2026-09-02T08:08:28.324069+07:00,c9_sim,477,4.629,28.398,0.521,22.080,0.042,55.669
2026-09-02T08:08:28.366229+07:00,c9_sim,478,4.650,20.859,0.610,19.761,0.036,45.915
2026-09-02T08:08:28.405023+07:00,c9_sim,479,4.819,19.023,0.486,18.545,0.027,42.900
2026-09-02T08:08:28.443337+07:00,c9_sim,480,4.448,18.109,0.477,18.927,0.064,42.026
2026-09-02T08:08:28.481520+07:00,c9_sim,481,4.491,18.954,0.469,17.925,0.055,41.894
2026-09-02T08:08:28.518812+07:00,c9_sim,482,4.495,18.382,0.444,17.772,0.021,41.113
2026-09-02T08:08:28.555752+07:00,c9_sim,483,4.751,18.315,0.392,17.537,0.023,41.019
2026-09-02T08:08:28.593095+07:00,c9_sim,484,4.828,18.520,0.460,17.625,0.022,41.456
2026-09-02T08:08:28.629494+07:00,c9_sim,485,4.496,18.427,0.392,16.924,0.019,40.258
2026-09-02T08:08:28.667169+07:00,c9_sim,486,4.562,19.025,0.392,17.614,0.021,41.616
2026-09-02T08:08:28.706970+07:00,c9_sim,487,5.101,20.039,0.467,18.623,0.019,44.248
2026-09-02T08:08:28.746814+07:00,c9_sim,488,4.471,20.631,0.396,18.091,0.030,43.618
2026-09-02T08:08:28.785719+07:00,c9_sim,489,4.451,20.805,0.384,17.049,0.019,42.707
2026-09-02T08:08:28.826283+07:00,c9_sim,490,4.904,21.964,0.381,17.507,0.020,44.777
2026-09-02T08:08:28.870454+07:00,c9_sim,491,4.503,23.814,0.424,19.206,0.022,47.969
2026-09-02T08:08:28.914140+07:00,c9_sim,492,4.339,24.373,0.364,18.214,0.058,47.348
2026-09-02T08:08:28.957079+07:00,c9_sim,493,4.964,22.826,0.388,19.055,0.022,47.255
2026-09-02T08:08:28.998861+07:00,c9_sim,494,12.352,21.765,0.332,17.929,0.069,52.448
2026-09-02T08:08:29.039091+07:00,c9_sim,495,6.890,21.598,0.409,17.487,0.016,46.399
2026-09-02T08:08:29.079678+07:00,c9_sim,496,6.004,22.158,0.358,17.237,0.057,45.814
2026-09-02T08:08:29.128317+07:00,c9_sim,497,5.423,28.835,0.377,18.000,0.069,52.703
2026-09-02T08:08:29.170869+07:00,c9_sim,498,5.065,23.812,0.350,17.735,0.017,46.980
2026-09-02T08:08:29.213339+07:00,c9_sim,499,4.549,23.305,0.341,18.119,0.020,46.334
2026-09-02T08:08:29.254801+07:00,c9_sim,500,4.576,22.557,0.348,17.612,0.016,45.108
2026-09-02T08:08:29.297527+07:00,c9_sim,501,5.044,23.729,0.330,17.927,0.032,47.062
2026-09-02T08:08:29.339365+07:00,c9_sim,502,4.700,22.834,0.349,17.916,0.016,45.815
2026-09-02T08:08:29.378140+07:00,c9_sim,503,4.601,19.833,0.329,17.869,0.025,42.656
2026-09-02T08:08:29.418956+07:00,c9_sim,504,5.198,21.749,0.352,18.085,0.019,45.404
2026-09-02T08:08:29.458781+07:00,c9_sim,505,5.840,21.180,0.340,17.593,0.022,44.974
2026-09-02T08:08:29.502779+07:00,c9_sim,506,4.556,23.821,0.619,18.649,0.024,47.669
2026-09-02T08:08:29.542983+07:00,c9_sim,507,5.272,21.371,0.352,17.740,0.021,44.756
2026-09-02T08:08:29.582377+07:00,c9_sim,508,5.177,19.752,0.605,18.202,0.020,43.756
2026-09-02T08:08:29.621439+07:00,c9_sim,509,4.543,20.218,0.356,17.760,0.023,42.900
2026-09-02T08:08:29.663132+07:00,c9_sim,510,5.105,22.157,0.429,18.224,0.021,45.936
2026-09-02T08:08:29.703502+07:00,c9_sim,511,4.636,21.704,0.358,17.510,0.020,44.229
2026-09-02T08:08:29.745355+07:00,c9_sim,512,4.570,22.704,0.328,18.139,0.017,45.759
2026-09-02T08:08:29.785892+07:00,c9_sim,513,5.105,22.011,0.325,17.474,0.019,44.934
2026-09-02T08:08:29.826184+07:00,c9_sim,514,4.525,21.482,0.375,17.675,0.019,44.075
2026-09-02T08:08:29.868397+07:00,c9_sim,515,4.855,23.216,0.361,17.872,0.022,46.326
2026-09-02T08:08:29.909852+07:00,c9_sim,516,4.510,22.605,0.361,17.775,0.019,45.270
2026-09-02T08:08:29.955537+07:00,c9_sim,517,5.095,25.520,0.375,18.983,0.024,49.997
2026-09-02T08:08:29.996922+07:00,c9_sim,518,4.491,22.426,0.372,17.791,0.024,45.104
2026-09-02T08:08:30.037312+07:00,c9_sim,519,4.430,21.792,0.348,17.521,0.021,44.112
2026-09-02T08:08:30.078114+07:00,c9_sim,520,4.729,22.230,0.349,17.464,0.016,44.788
2026-09-02T08:08:30.117999+07:00,c9_sim,521,4.981,21.780,0.324,17.126,0.020,44.230
2026-09-02T08:08:30.157619+07:00,c9_sim,522,4.714,20.873,0.310,17.656,0.027,43.580
2026-09-02T08:08:30.198113+07:00,c9_sim,523,4.601,21.624,0.343,17.745,0.019,44.332
2026-09-02T08:08:30.238265+07:00,c9_sim,524,5.009,21.954,0.319,17.245,0.020,44.546
2026-09-02T08:08:30.279167+07:00,c9_sim,525,4.683,21.804,0.350,18.008,0.023,44.868
2026-09-02T08:08:30.320778+07:00,c9_sim,526,4.508,22.489,0.372,18.021,0.018,45.408
2026-09-02T08:08:30.363364+07:00,c9_sim,527,5.065,23.800,0.339,17.714,0.020,46.938
2026-09-02T08:08:30.404991+07:00,c9_sim,528,4.583,22.426,0.370,18.099,0.021,45.499
2026-09-02T08:08:30.447677+07:00,c9_sim,529,5.001,23.798,0.330,17.778,0.023,46.930
2026-09-02T08:08:30.489081+07:00,c9_sim,530,4.619,22.332,0.377,17.949,0.021,45.297
2026-09-02T08:08:30.528659+07:00,c9_sim,531,4.745,20.238,0.375,18.168,0.023,43.549
2026-09-02T08:08:30.569007+07:00,c9_sim,532,4.994,20.787,0.424,18.453,0.024,44.682
2026-09-02T08:08:30.608557+07:00,c9_sim,533,4.562,20.963,0.347,17.467,0.022,43.359
2026-09-02T08:08:30.646754+07:00,c9_sim,534,4.613,19.708,0.325,17.415,0.017,42.079
2026-09-02T08:08:30.686435+07:00,c9_sim,535,4.912,20.545,0.369,18.108,0.017,43.950
2026-09-02T08:08:30.725905+07:00,c9_sim,536,4.472,20.327,0.416,18.032,0.032,43.279
2026-09-02T08:08:30.764764+07:00,c9_sim,537,4.453,20.434,0.359,17.291,0.015,42.551
2026-09-02T08:08:30.804705+07:00,c9_sim,538,4.956,21.095,0.321,17.837,0.021,44.230
2026-09-02T08:08:30.845812+07:00,c9_sim,539,4.354,21.691,0.377,18.271,0.022,44.715
2026-09-02T08:08:30.887219+07:00,c9_sim,540,4.570,22.644,0.331,17.685,0.024,45.254
2026-09-02T08:08:30.934913+07:00,c9_sim,541,5.117,27.025,0.372,19.498,0.033,52.045
2026-09-02T08:08:30.979064+07:00,c9_sim,542,4.502,24.418,0.416,18.510,0.025,47.870
2026-09-02T08:08:31.025103+07:00,c9_sim,543,4.874,25.188,0.357,19.727,0.021,50.168
2026-09-02T08:08:31.068012+07:00,c9_sim,544,4.410,23.318,0.342,18.496,0.016,46.583
2026-09-02T08:08:31.109093+07:00,c9_sim,545,4.519,22.110,0.353,17.929,0.029,44.940
2026-09-02T08:08:31.153947+07:00,c9_sim,546,4.715,24.729,0.372,18.983,0.062,48.861
2026-09-02T08:08:31.200336+07:00,c9_sim,547,5.213,25.795,0.349,19.507,0.102,50.966
2026-09-02T08:08:31.246858+07:00,c9_sim,548,4.604,24.208,0.489,20.977,0.021,50.298
2026-09-02T08:08:31.295190+07:00,c9_sim,549,4.806,26.103,0.355,21.122,0.023,52.410
2026-09-02T08:08:31.346837+07:00,c9_sim,550,4.972,28.482,0.366,21.826,0.075,55.721
2026-09-02T08:08:31.400750+07:00,c9_sim,551,4.562,28.849,0.426,23.568,0.098,57.504
2026-09-02T08:08:31.453706+07:00,c8_sim,247,5.120,27.709,0.000,0.000,0.005,32.834
2026-09-02T08:08:31.503805+07:00,c8_sim,248,5.216,27.319,0.000,0.000,0.006,32.542
2026-09-02T08:08:31.555249+07:00,c8_sim,249,5.823,26.243,0.000,0.000,0.004,32.071
2026-09-02T08:08:31.608562+07:00,c8_sim,250,6.604,28.134,0.000,0.000,0.006,34.743
2026-09-02T08:08:31.660843+07:00,c8_sim,251,7.898,27.086,0.000,0.000,0.005,34.989
2026-09-02T08:08:31.712233+07:00,c8_sim,252,6.851,26.983,0.000,0.000,0.006,33.840
2026-09-02T08:08:31.767568+07:00,c8_sim,253,7.659,30.175,0.000,0.000,0.004,37.839
2026-09-02T08:08:31.822754+07:00,c8_sim,254,9.173,33.263,0.000,0.000,0.004,42.440
2026-09-02T08:08:31.851273+07:00,c8_sim,255,7.836,28.288,0.000,0.000,0.013,36.137
2026-09-02T08:08:31.912823+07:00,c8_sim,256,9.290,37.976,0.000,0.000,0.013,47.278
2026-09-02T08:08:31.972240+07:00,c8_sim,257,6.761,34.018,0.000,0.000,0.009,40.788
2026-09-02T08:08:32.024485+07:00,c8_sim,258,8.122,29.355,0.000,0.000,0.007,37.484
2026-09-02T08:08:32.064233+07:00,c8_sim,259,7.687,36.475,0.923,0.000,0.014,45.099
2026-09-02T08:08:32.153356+07:00,c8_sim,260,8.331,37.616,0.830,24.211,0.165,71.153
2026-09-02T08:08:32.181960+07:00,c8_sim,261,7.599,28.378,0.000,0.000,0.020,35.997
2026-09-02T08:08:32.240474+07:00,c8_sim,262,7.587,31.323,0.708,25.318,0.126,65.061
2026-09-02T08:08:32.272327+07:00,c8_sim,263,8.824,12.879,0.498,17.726,0.014,39.940
2026-09-02T08:08:32.330638+07:00,c8_sim,264,6.535,14.102,0.451,17.889,0.101,39.078
2026-09-02T08:08:32.362812+07:00,c8_sim,265,6.534,13.840,0.410,17.250,0.076,38.111
2026-09-02T08:08:32.425619+07:00,c8_sim,266,6.801,17.623,0.579,18.786,0.021,43.809
2026-09-02T08:08:32.485988+07:00,c8_sim,267,6.537,16.832,0.513,18.334,0.119,42.334
2026-09-02T08:08:32.522517+07:00,c8_sim,268,6.533,17.820,0.531,17.498,0.018,42.399
2026-09-02T08:08:32.592308+07:00,c8_sim,269,6.459,22.691,0.501,20.782,0.016,50.449
2026-09-02T08:08:32.636472+07:00,c8_sim,270,6.673,23.845,0.445,19.133,0.019,50.115
2026-09-02T08:08:32.677684+07:00,c8_sim,271,6.757,22.925,0.421,17.158,0.012,47.272
2026-09-02T08:08:32.732281+07:00,c8_sim,272,6.405,13.888,0.411,17.100,0.013,37.816
2026-09-02T08:08:32.787149+07:00,c8_sim,273,6.392,15.034,0.430,17.404,0.012,39.272
2026-09-02T08:08:32.820223+07:00,c8_sim,274,6.415,14.749,0.382,17.341,0.010,38.897
2026-09-02T08:08:32.879491+07:00,c8_sim,275,6.461,15.832,0.389,17.359,0.011,40.051
2026-09-02T08:08:32.945149+07:00,c8_sim,276,6.439,21.201,0.489,18.793,0.018,46.941
2026-09-02T08:08:32.986780+07:00,c8_sim,277,6.431,21.617,0.402,18.830,0.023,47.304
2026-09-02T08:08:33.061127+07:00,c8_sim,278,6.413,25.988,0.436,22.138,0.031,55.007
2026-09-02T08:08:33.110038+07:00,c8_sim,279,7.045,26.190,0.464,21.546,0.021,55.266
2026-09-02T08:08:33.157629+07:00,c8_sim,280,6.802,26.148,0.413,20.285,0.072,53.721
2026-09-02T08:08:33.197301+07:00,c8_sim,281,6.867,21.272,0.446,17.254,0.018,45.858
2026-09-02T08:08:33.235145+07:00,c8_sim,282,6.724,19.292,0.406,17.526,0.017,43.966
2026-09-02T08:08:33.301132+07:00,c8_sim,283,6.713,20.955,0.530,18.607,0.021,46.826
2026-09-02T08:08:33.339489+07:00,c8_sim,284,6.741,19.447,0.392,17.788,0.016,44.385
2026-09-02T08:08:33.405525+07:00,c8_sim,285,6.650,20.580,0.510,18.997,0.021,46.757
2026-09-02T08:08:33.445004+07:00,c8_sim,286,7.601,20.292,0.374,17.989,0.124,46.379
2026-09-02T08:08:33.510400+07:00,c8_sim,287,6.611,22.441,0.481,18.721,0.144,48.399
2026-09-02T08:08:33.557187+07:00,c8_sim,288,6.695,25.177,0.438,20.387,0.020,52.717
2026-09-02T08:08:33.597475+07:00,c8_sim,289,6.649,20.708,0.479,18.236,0.046,46.118
2026-09-02T08:08:33.636463+07:00,c8_sim,290,6.539,20.290,0.418,17.486,0.016,44.750
2026-09-02T08:08:33.699306+07:00,c8_sim,291,6.637,21.330,0.464,18.069,0.038,46.537
2026-09-02T08:08:33.738298+07:00,c8_sim,292,6.732,20.293,0.394,17.611,0.015,45.046
2026-09-02T08:08:33.807634+07:00,c8_sim,293,6.612,23.350,0.432,19.681,0.073,50.148
2026-09-02T08:08:33.847862+07:00,c8_sim,294,6.787,21.512,0.432,17.467,0.059,46.258
2026-09-02T08:08:33.914009+07:00,c8_sim,295,6.478,21.903,0.456,18.053,0.019,46.909
2026-09-02T08:08:33.954051+07:00,c8_sim,296,6.675,21.107,0.424,17.764,0.019,45.989
2026-09-02T08:08:33.995450+07:00,c8_sim,297,6.535,22.529,0.417,17.635,0.039,47.155
2026-09-02T08:08:34.064781+07:00,c8_sim,298,6.589,24.644,0.487,18.246,0.019,49.984
2026-09-02T08:08:34.107884+07:00,c8_sim,299,6.541,23.065,0.384,18.931,0.020,48.941
2026-09-02T08:08:34.153054+07:00,c8_sim,300,6.478,25.289,0.427,18.744,0.014,50.952
2026-09-02T08:08:34.224179+07:00,c8_sim,301,6.448,25.243,0.382,19.715,0.018,51.806
2026-09-02T08:08:34.255057+07:00,c8_sim,302,6.738,12.745,0.367,17.131,0.015,36.996
2026-09-02T08:08:34.312492+07:00,c8_sim,303,6.794,13.912,0.397,17.376,0.020,38.499
2026-09-02T08:08:34.344463+07:00,c8_sim,304,6.923,13.700,0.427,17.178,0.014,38.243
2026-09-02T08:08:34.400060+07:00,c8_sim,305,6.731,16.081,0.417,17.557,0.022,40.807
2026-09-02T08:08:34.465970+07:00,c8_sim,306,7.154,20.457,0.513,20.757,0.029,48.911
2026-09-02T08:08:34.524587+07:00,c8_sim,307,7.601,30.747,0.571,26.385,0.038,65.342
2026-09-02T08:08:34.574276+07:00,c8_sim,308,8.124,28.219,0.471,20.108,0.026,56.949
2026-09-02T08:08:34.606712+07:00,c8_sim,309,7.146,13.715,0.461,17.532,0.017,38.871
2026-09-02T08:08:34.663761+07:00,c8_sim,310,6.678,14.369,0.417,18.608,0.034,40.105
2026-09-02T08:08:34.723452+07:00,c8_sim,311,6.656,15.994,0.449,19.198,0.028,42.326
2026-09-02T08:08:34.758117+07:00,c8_sim,312,6.882,16.006,0.421,17.540,0.019,40.869
2026-09-02T08:08:34.826931+07:00,c8_sim,313,6.865,19.948,0.556,22.321,0.031,49.721
2026-09-02T08:08:34.868720+07:00,c8_sim,314,7.356,20.764,0.550,19.714,0.026,48.410
2026-09-02T08:08:34.913699+07:00,c8_sim,315,7.046,22.556,0.474,19.991,0.028,50.096
2026-09-02T08:08:34.991259+07:00,c8_sim,316,6.893,29.826,0.866,21.413,0.033,59.030
2026-09-02T08:08:35.025104+07:00,c8_sim,317,7.561,14.121,0.477,18.421,0.023,40.603
2026-09-02T08:08:35.056710+07:00,c8_sim,318,6.650,12.884,0.446,17.574,0.018,37.571
2026-09-02T08:08:35.114902+07:00,c8_sim,319,6.680,14.478,0.385,17.588,0.018,39.149
2026-09-02T08:08:35.174914+07:00,c8_sim,320,7.211,17.131,0.493,18.265,0.023,43.123
2026-09-02T08:08:35.209477+07:00,c8_sim,321,6.682,16.018,0.366,17.487,0.015,40.568
2026-09-02T08:08:35.273252+07:00,c8_sim,322,6.692,19.645,0.363,18.448,0.021,45.169
2026-09-02T08:08:35.356014+07:00,c8_sim,323,6.722,24.342,0.523,30.989,0.031,62.607
2026-09-02T08:08:35.412007+07:00,c8_sim,324,7.910,32.751,0.546,21.810,0.037,63.055
2026-09-02T08:08:35.474171+07:00,c8_sim,325,8.675,34.509,0.740,25.829,0.033,69.786
2026-09-02T08:08:35.511890+07:00,c8_sim,326,7.885,13.608,0.612,22.753,0.041,44.899
2026-09-02T08:08:35.545440+07:00,c8_sim,327,7.662,13.663,0.482,18.583,0.025,40.415
2026-09-02T08:08:35.580296+07:00,c8_sim,328,6.796,14.219,0.438,19.289,0.036,40.778
2026-09-02T08:08:35.615127+07:00,c8_sim,329,6.981,15.051,0.445,18.598,0.029,41.104
2026-09-02T08:08:35.679510+07:00,c8_sim,330,6.602,18.325,0.428,20.004,0.026,45.385
2026-09-02T08:08:35.718123+07:00,c8_sim,331,6.661,17.347,0.399,19.997,0.044,44.449
2026-09-02T08:08:35.786020+07:00,c8_sim,332,6.853,19.156,0.621,22.257,0.027,48.915
2026-09-02T08:08:35.832296+07:00,c8_sim,333,7.331,20.770,0.450,24.253,0.029,52.834
2026-09-02T08:08:35.882727+07:00,c8_sim,334,7.252,23.998,0.470,25.108,0.052,56.880
2026-09-02T08:08:35.981806+07:00,c8_sim,335,7.606,36.761,0.795,34.086,0.054,79.302
2026-09-02T08:08:36.034035+07:00,c8_sim,336,7.456,28.742,0.461,22.131,0.029,58.818
2026-09-02T08:08:36.075283+07:00,c8_sim,337,9.183,21.346,0.436,18.600,0.037,49.602
2026-09-02T08:08:36.123790+07:00,c8_sim,338,7.432,25.208,0.465,21.954,0.033,55.092
2026-09-02T08:08:36.169016+07:00,c8_sim,339,7.400,22.810,0.559,20.928,0.035,51.732
2026-09-02T08:08:36.188271+07:00,c8_sim,340,7.221,19.062,0.000,0.000,0.011,26.294
2026-09-02T08:08:36.206831+07:00,c8_sim,341,7.484,18.374,0.000,0.000,0.011,25.870
2026-09-02T08:08:36.274155+07:00,c8_sim,342,7.153,18.149,0.000,0.000,0.012,25.314
