timestamp,camera_id,frame_id,decode_ms,detection_ms,tracking_ms,reid_ms,matching_ms,total_ai_ms
2026-09-02T07:39:02.272508+07:00,c8_sim,1,14.427,345.494,16.350,101.003,0.100,477.375
2026-09-02T07:39:02.349526+07:00,c8_sim,2,6.947,13.586,16.696,43.166,0.021,80.417
2026-09-02T07:39:02.412675+07:00,c8_sim,3,7.396,11.848,11.880,38.385,0.062,69.571
2026-09-02T07:39:02.472266+07:00,c8_sim,4,8.797,11.565,11.917,35.106,0.012,67.397
2026-09-02T07:39:02.533356+07:00,c8_sim,5,6.955,11.264,12.209,31.174,0.012,61.614
2026-09-02T07:39:02.591548+07:00,c8_sim,6,6.509,12.180,13.731,30.165,0.013,62.598
2026-09-02T07:39:02.648220+07:00,c8_sim,7,6.481,11.443,13.069,31.176,0.042,62.211
2026-09-02T07:39:02.703285+07:00,c8_sim,8,7.876,11.259,12.905,29.927,0.012,61.979
2026-09-02T07:39:02.757615+07:00,c8_sim,9,6.414,10.788,12.567,30.038,0.043,59.851
2026-09-02T07:39:02.821195+07:00,c8_sim,10,6.565,12.411,14.246,35.910,0.014,69.147
2026-09-02T07:39:02.935067+07:00,c8_sim,11,6.942,14.090,13.956,36.011,0.061,71.059
2026-09-02T07:39:03.050349+07:00,c8_sim,12,6.807,13.633,13.317,34.468,0.014,68.240
2026-09-02T07:39:03.135786+07:00,c8_sim,13,7.088,12.633,12.776,33.137,0.012,65.647
2026-09-02T07:39:03.272480+07:00,c8_sim,14,7.428,13.668,14.710,33.869,0.017,69.692
2026-09-02T07:39:03.362224+07:00,c8_sim,15,7.405,14.180,13.683,33.737,0.058,69.064
2026-09-02T07:39:03.486786+07:00,c8_sim,16,7.103,15.409,14.084,42.298,0.064,78.958
2026-09-02T07:39:03.606614+07:00,c8_sim,17,7.201,14.094,12.747,65.909,0.029,99.979
2026-09-02T07:39:03.773132+07:00,c8_sim,18,6.989,30.761,13.008,99.210,0.038,150.006
2026-09-02T07:39:03.876097+07:00,c8_sim,19,8.522,22.173,17.152,61.718,0.035,109.599
2026-09-02T07:39:03.972827+07:00,c8_sim,20,9.008,18.509,17.472,59.060,0.053,104.103
2026-09-02T07:39:04.076732+07:00,c8_sim,21,9.978,28.129,25.730,48.146,0.058,112.041
2026-09-02T07:39:04.181084+07:00,c8_sim,22,21.267,26.618,26.941,48.165,0.031,123.021
2026-09-02T07:39:04.260570+07:00,c8_sim,23,9.325,15.558,17.459,45.139,0.032,87.514
2026-09-02T07:39:04.361002+07:00,c8_sim,24,10.216,15.585,16.093,41.187,0.030,83.112
2026-09-02T07:39:04.457140+07:00,c8_sim,25,8.040,14.123,14.457,40.152,0.028,76.799
2026-09-02T07:39:04.612020+07:00,c8_sim,26,9.542,20.466,24.059,61.177,0.051,115.296
2026-09-02T07:39:04.685978+07:00,c8_sim,27,8.792,40.379,31.748,0.011,0.035,80.965
2026-09-02T07:39:04.735064+07:00,c8_sim,28,14.729,23.460,0.000,0.000,0.017,38.206
2026-09-02T07:39:04.873435+07:00,c8_sim,29,9.054,16.624,15.123,32.510,0.024,73.335
2026-09-02T07:39:04.978206+07:00,c8_sim,30,6.765,12.107,13.310,30.347,0.024,62.553
2026-09-02T07:39:05.091199+07:00,c8_sim,31,6.897,12.844,13.185,33.349,0.029,66.304
2026-09-02T07:39:05.206895+07:00,c8_sim,32,7.677,14.230,13.006,34.872,0.026,69.811
2026-09-02T07:39:05.332479+07:00,c8_sim,33,6.640,14.002,13.918,44.782,0.037,79.378
2026-09-02T07:39:05.449749+07:00,c8_sim,34,7.137,16.159,14.808,58.769,0.031,96.904
2026-09-02T07:39:05.586645+07:00,c8_sim,35,7.712,18.268,15.650,75.576,0.071,117.277
2026-09-02T07:39:05.790193+07:00,c8_sim,36,10.096,53.303,39.408,103.691,0.074,206.572
2026-09-02T07:39:05.888880+07:00,c8_sim,37,12.299,25.382,24.340,47.493,0.124,109.637
2026-09-02T07:39:05.985859+07:00,c8_sim,38,10.725,21.319,22.926,51.192,0.043,106.205
2026-09-02T07:39:06.086696+07:00,c8_sim,39,9.303,23.042,25.585,50.496,0.038,108.464
2026-09-02T07:39:06.185783+07:00,c8_sim,40,9.503,25.301,22.631,49.466,0.045,106.944
2026-09-02T07:39:06.351072+07:00,c8_sim,41,9.333,37.986,62.797,61.220,0.058,171.394
2026-09-02T07:39:06.566290+07:00,c8_sim,42,12.185,75.892,47.748,36.429,0.054,172.308
2026-09-02T07:39:06.865116+07:00,c8_sim,43,16.657,42.253,59.149,194.619,0.056,312.733
2026-09-02T07:39:07.009749+07:00,c8_sim,44,28.437,43.701,35.836,57.396,0.046,165.416
2026-09-02T07:39:07.124920+07:00,c8_sim,45,11.154,26.302,35.715,51.542,0.038,124.753
2026-09-02T07:39:07.254917+07:00,c8_sim,46,28.272,24.350,36.703,67.053,0.130,156.507
2026-09-02T07:39:07.408288+07:00,c8_sim,47,63.248,74.571,30.998,45.983,0.039,214.839
2026-09-02T07:39:07.506872+07:00,c8_sim,48,23.621,27.550,24.004,45.582,0.042,120.799
2026-09-02T07:39:07.611714+07:00,c8_sim,49,11.677,29.351,27.507,46.417,0.064,115.017
2026-09-02T07:39:07.639907+07:00,c8_sim,50,13.342,27.405,0.000,0.000,0.018,40.765
2026-09-02T07:39:07.663836+07:00,c8_sim,51,15.317,23.087,0.000,0.000,0.015,38.420
2026-09-02T07:39:07.701995+07:00,c8_sim,52,32.556,37.446,0.000,0.000,0.016,70.017
2026-09-02T07:39:07.727759+07:00,c8_sim,53,9.394,25.084,0.000,0.000,0.014,34.492
2026-09-02T07:39:07.759657+07:00,c8_sim,54,8.854,31.259,0.000,0.000,0.015,40.128
2026-09-02T07:39:07.789936+07:00,c8_sim,55,10.758,29.620,0.000,0.000,0.013,40.391
2026-09-02T07:39:07.828946+07:00,c8_sim,56,11.791,38.405,0.000,0.000,0.030,50.226
2026-09-02T07:39:07.896625+07:00,c9_sim,1,6.618,18.127,13.343,34.880,0.115,73.083
2026-09-02T07:39:08.022065+07:00,c9_sim,2,6.374,17.796,22.359,35.878,0.086,82.493
2026-09-02T07:39:08.117627+07:00,c9_sim,3,5.529,16.313,15.193,36.143,0.024,73.202
2026-09-02T07:39:08.220758+07:00,c9_sim,4,6.708,16.561,18.741,40.676,0.025,82.711
2026-09-02T07:39:08.468480+07:00,c9_sim,5,7.803,25.744,27.573,168.713,0.028,229.861
2026-09-02T07:39:08.543563+07:00,c9_sim,6,92.313,18.129,17.742,37.613,0.023,165.821
2026-09-02T07:39:08.625115+07:00,c9_sim,7,6.581,16.295,20.822,42.990,0.028,86.716
2026-09-02T07:39:08.729866+07:00,c9_sim,8,6.434,23.898,28.771,50.588,0.041,109.733
2026-09-02T07:39:08.820396+07:00,c9_sim,9,9.006,19.464,20.211,49.096,0.148,97.924
2026-09-02T07:39:08.912669+07:00,c9_sim,10,7.355,22.619,23.222,44.519,0.024,97.740
2026-09-02T07:39:09.001019+07:00,c9_sim,11,7.722,17.209,22.353,47.324,0.021,94.629
2026-09-02T07:39:09.081527+07:00,c9_sim,12,6.545,16.344,18.550,44.182,0.025,85.647
2026-09-02T07:39:09.163253+07:00,c9_sim,13,6.014,16.628,17.674,46.089,0.022,86.427
2026-09-02T07:39:09.261208+07:00,c9_sim,14,6.282,16.341,14.865,41.906,0.021,79.414
2026-09-02T07:39:09.360141+07:00,c9_sim,15,5.498,14.402,14.306,42.794,0.025,77.027
2026-09-02T07:39:09.460198+07:00,c9_sim,16,5.145,14.151,16.625,45.255,0.020,81.196
2026-09-02T07:39:09.567723+07:00,c9_sim,17,5.519,16.077,15.301,50.239,0.037,87.173
2026-09-02T07:39:09.673610+07:00,c9_sim,18,5.558,16.709,17.752,46.839,0.034,86.892
2026-09-02T07:39:09.800314+07:00,c9_sim,19,6.862,25.965,25.141,48.198,0.040,106.206
2026-09-02T07:39:09.893922+07:00,c9_sim,20,6.547,18.866,25.232,47.997,0.034,98.676
2026-09-02T07:39:09.977901+07:00,c9_sim,21,6.891,18.065,17.295,47.186,0.045,89.481
2026-09-02T07:39:10.105363+07:00,c9_sim,22,8.320,16.816,16.174,45.708,0.030,87.047
2026-09-02T07:39:10.184742+07:00,c9_sim,23,5.489,15.718,17.672,44.718,0.083,83.679
2026-09-02T07:39:10.289245+07:00,c9_sim,24,6.663,15.807,15.665,46.444,0.031,84.611
2026-09-02T07:39:10.385244+07:00,c9_sim,25,6.033,15.118,14.519,43.250,0.029,78.950
2026-09-02T07:39:10.505702+07:00,c9_sim,26,6.544,16.025,15.695,39.187,0.026,77.477
2026-09-02T07:39:10.594438+07:00,c9_sim,27,4.796,13.706,12.863,37.551,0.028,68.944
2026-09-02T07:39:10.683960+07:00,c9_sim,28,4.844,12.949,13.614,40.666,0.026,72.099
2026-09-02T07:39:10.807789+07:00,c9_sim,29,5.162,14.187,14.134,41.978,0.023,75.484
2026-09-02T07:39:10.903922+07:00,c9_sim,30,4.780,13.996,13.451,41.667,0.028,73.922
2026-09-02T07:39:10.992432+07:00,c9_sim,31,5.027,13.193,13.061,36.480,0.021,67.784
2026-09-02T07:39:11.108089+07:00,c9_sim,32,5.830,14.274,13.530,38.059,0.071,71.764
2026-09-02T07:39:11.209433+07:00,c9_sim,33,4.717,15.318,12.959,46.043,0.034,79.071
2026-09-02T07:39:11.394765+07:00,c9_sim,34,5.493,20.545,14.571,98.736,0.055,139.401
2026-09-02T07:39:11.574172+07:00,c9_sim,35,5.516,43.462,22.252,110.568,0.037,181.836
2026-09-02T07:39:11.684017+07:00,c9_sim,36,9.219,26.355,15.265,66.724,0.044,117.607
2026-09-02T07:39:11.770160+07:00,c9_sim,37,7.722,19.181,17.385,48.145,0.036,92.469
2026-09-02T07:39:11.867985+07:00,c9_sim,38,5.563,19.116,17.967,58.857,0.098,101.601
2026-09-02T07:39:12.005316+07:00,c9_sim,39,6.623,37.233,24.351,73.639,0.045,141.891
2026-09-02T07:39:12.116024+07:00,c9_sim,40,6.829,27.937,28.687,52.118,0.046,115.616
2026-09-02T07:39:12.213788+07:00,c9_sim,41,8.697,21.742,20.466,54.166,0.042,105.112
2026-09-02T07:39:12.314643+07:00,c9_sim,42,10.918,24.051,20.740,54.476,0.050,110.235
2026-09-02T07:39:12.420681+07:00,c9_sim,43,7.003,28.394,22.026,54.126,0.035,111.584
2026-09-02T07:39:12.520602+07:00,c9_sim,44,9.491,26.227,20.298,51.802,0.037,107.855
2026-09-02T07:39:12.608922+07:00,c9_sim,45,7.516,20.801,18.777,47.317,0.033,94.444
2026-09-02T07:39:12.693754+07:00,c9_sim,46,7.846,18.267,16.996,48.110,0.035,91.254
2026-09-02T07:39:12.772497+07:00,c9_sim,47,6.756,16.802,16.342,44.023,0.025,83.947
2026-09-02T07:39:12.853297+07:00,c9_sim,48,6.527,18.183,15.335,46.275,0.031,86.351
2026-09-02T07:39:12.942841+07:00,c9_sim,49,6.378,17.631,17.410,53.333,0.025,94.777
2026-09-02T07:39:13.050691+07:00,c9_sim,50,7.144,21.467,15.697,69.211,0.048,113.568
2026-09-02T07:39:13.149352+07:00,c9_sim,51,8.500,23.914,19.714,53.303,0.033,105.464
2026-09-02T07:39:13.231447+07:00,c9_sim,52,7.287,16.902,15.852,47.873,0.028,87.942
2026-09-02T07:39:13.315965+07:00,c9_sim,53,6.507,16.571,15.449,51.268,0.032,89.827
2026-09-02T07:39:13.401701+07:00,c9_sim,54,6.257,16.552,15.866,51.958,0.029,90.663
2026-09-02T07:39:13.495223+07:00,c9_sim,55,6.482,16.371,16.187,59.693,0.033,98.766
2026-09-02T07:39:13.593528+07:00,c9_sim,56,7.010,15.934,14.293,43.637,0.022,80.896
2026-09-02T07:39:13.689388+07:00,c9_sim,57,5.741,14.025,12.896,41.995,0.019,74.676
2026-09-02T07:39:13.798528+07:00,c9_sim,58,5.297,13.152,11.846,36.104,0.019,66.418
2026-09-02T07:39:13.883851+07:00,c9_sim,59,5.005,14.271,11.178,33.098,0.020,63.572
2026-09-02T07:39:13.985139+07:00,c9_sim,60,4.919,12.490,11.097,29.701,0.017,58.224
2026-09-02T07:39:14.091520+07:00,c9_sim,61,5.645,13.525,13.784,30.088,0.019,63.062
2026-09-02T07:39:14.203050+07:00,c9_sim,62,5.145,15.597,14.898,31.837,0.022,67.500
2026-09-02T07:39:14.316431+07:00,c9_sim,63,6.969,18.194,15.784,30.582,0.021,71.550
2026-09-02T07:39:14.403898+07:00,c9_sim,64,5.461,13.210,14.981,32.895,0.021,66.569
2026-09-02T07:39:14.517816+07:00,c9_sim,65,6.083,17.502,12.938,34.407,0.022,70.953
2026-09-02T07:39:14.610630+07:00,c9_sim,66,5.405,14.799,13.941,36.390,0.022,70.557
2026-09-02T07:39:14.733893+07:00,c9_sim,67,5.290,19.635,14.314,38.464,0.018,77.721
2026-09-02T07:39:14.832298+07:00,c9_sim,68,6.228,15.501,15.336,40.763,0.032,77.860
2026-09-02T07:39:14.937900+07:00,c9_sim,69,6.095,16.341,12.747,50.049,0.045,85.276
2026-09-02T07:39:15.105105+07:00,c9_sim,70,6.167,25.744,19.264,92.768,0.070,144.014
2026-09-02T07:39:15.210032+07:00,c9_sim,71,5.871,27.628,18.759,56.803,0.053,109.113
2026-09-02T07:39:15.298214+07:00,c9_sim,72,5.833,19.945,13.822,52.513,0.034,92.146
2026-09-02T07:39:15.384082+07:00,c9_sim,73,4.623,16.924,13.887,53.721,0.032,89.187
2026-09-02T07:39:15.468589+07:00,c9_sim,74,4.785,16.130,14.816,52.044,0.028,87.803
2026-09-02T07:39:15.550332+07:00,c9_sim,75,5.297,20.920,14.238,45.283,0.024,85.763
2026-09-02T07:39:15.646174+07:00,c9_sim,76,5.517,15.768,13.159,39.858,0.021,74.321
2026-09-02T07:39:15.765809+07:00,c9_sim,77,5.790,18.547,14.197,34.929,0.029,73.493
2026-09-02T07:39:15.853941+07:00,c9_sim,78,5.782,13.024,13.009,35.769,0.022,67.604
2026-09-02T07:39:15.942442+07:00,c9_sim,79,5.177,13.736,12.751,35.058,0.036,66.759
2026-09-02T07:39:16.062775+07:00,c9_sim,80,5.496,15.823,12.041,42.773,0.050,76.183
2026-09-02T07:39:16.187940+07:00,c9_sim,81,7.675,17.800,12.176,44.761,0.024,82.436
2026-09-02T07:39:16.267192+07:00,c9_sim,82,4.746,13.615,11.050,53.602,0.029,83.042
2026-09-02T07:39:16.370207+07:00,c9_sim,83,4.910,14.704,11.021,50.468,0.024,81.127
2026-09-02T07:39:16.489709+07:00,c9_sim,84,5.635,16.046,11.301,41.362,0.022,74.367
2026-09-02T07:39:16.582789+07:00,c9_sim,85,4.550,13.406,11.921,41.406,0.022,71.304
2026-09-02T07:39:16.676788+07:00,c9_sim,86,5.158,13.487,12.745,41.277,0.020,72.687
2026-09-02T07:39:16.798063+07:00,c9_sim,87,5.236,14.473,13.659,39.657,0.022,73.048
2026-09-02T07:39:16.891713+07:00,c9_sim,88,5.525,16.692,12.804,37.154,0.024,72.198
2026-09-02T07:39:16.984910+07:00,c9_sim,89,4.943,14.014,12.002,40.155,0.021,71.136
2026-09-02T07:39:17.099265+07:00,c9_sim,90,5.214,14.173,12.914,36.643,0.019,68.962
2026-09-02T07:39:17.187362+07:00,c9_sim,91,5.110,12.933,12.570,35.558,0.018,66.189
2026-09-02T07:39:17.297746+07:00,c9_sim,92,4.964,14.905,12.649,32.269,0.018,64.805
2026-09-02T07:39:17.401437+07:00,c9_sim,93,5.770,13.300,12.216,27.957,0.019,59.262
2026-09-02T07:39:17.501818+07:00,c9_sim,94,4.999,12.426,10.886,27.812,0.018,56.142
2026-09-02T07:39:17.602630+07:00,c9_sim,95,4.752,12.924,10.878,27.813,0.016,56.382
2026-09-02T07:39:17.708357+07:00,c9_sim,96,4.607,15.093,12.920,28.768,0.021,61.410
2026-09-02T07:39:17.828132+07:00,c9_sim,97,6.242,18.791,13.789,34.918,0.019,73.759
2026-09-02T07:39:17.934084+07:00,c9_sim,98,5.664,14.120,17.375,51.905,0.035,89.099
2026-09-02T07:39:18.110227+07:00,c9_sim,99,8.096,41.851,26.844,82.940,0.077,159.807
2026-09-02T07:39:18.212787+07:00,c9_sim,100,9.489,27.321,21.872,51.132,0.029,109.843
2026-09-02T07:39:18.291607+07:00,c9_sim,101,8.112,17.232,16.120,44.145,0.034,85.644
2026-09-02T07:39:18.368937+07:00,c9_sim,102,6.338,16.347,15.868,43.892,0.022,82.468
2026-09-02T07:39:18.438533+07:00,c9_sim,103,6.010,14.241,14.250,39.935,0.028,74.463
2026-09-02T07:39:18.531768+07:00,c9_sim,104,6.036,14.132,14.558,37.553,0.019,72.297
2026-09-02T07:39:18.643732+07:00,c9_sim,105,4.952,13.309,12.415,32.824,0.017,63.518
2026-09-02T07:39:18.730768+07:00,c9_sim,106,4.965,13.035,11.968,35.119,0.019,65.107
2026-09-02T07:39:18.837591+07:00,c9_sim,107,4.734,12.817,12.393,30.383,0.024,60.352
2026-09-02T07:39:18.947277+07:00,c9_sim,108,4.888,14.091,12.234,29.610,0.018,60.840
2026-09-02T07:39:19.061008+07:00,c9_sim,109,5.578,18.334,13.847,28.711,0.019,66.489
2026-09-02T07:39:19.149216+07:00,c9_sim,110,5.370,14.757,13.649,33.100,0.020,66.896
2026-09-02T07:39:19.271047+07:00,c9_sim,111,4.843,19.552,16.737,35.153,0.021,76.307
2026-09-02T07:39:19.353952+07:00,c9_sim,112,6.037,13.632,12.828,33.333,0.017,65.847
2026-09-02T07:39:19.468244+07:00,c9_sim,113,6.326,14.964,13.861,32.026,0.023,67.200
2026-09-02T07:39:19.554220+07:00,c9_sim,114,5.765,13.494,13.071,31.715,0.016,64.061
2026-09-02T07:39:19.620914+07:00,c9_sim,115,5.557,15.070,0.000,0.000,0.012,20.640
2026-09-02T07:39:19.760599+07:00,c9_sim,116,11.984,36.061,0.000,0.000,0.020,48.064
2026-09-02T07:39:19.867781+07:00,c9_sim,117,13.726,36.111,0.000,0.000,0.010,49.846
2026-09-02T07:39:20.015159+07:00,c9_sim,118,6.988,30.885,11.926,53.699,0.025,103.523
2026-09-02T07:39:20.064998+07:00,c9_sim,119,4.489,10.811,10.449,27.706,0.019,53.474
2026-09-02T07:39:20.163246+07:00,c9_sim,120,4.578,10.990,10.832,27.947,0.020,54.367
2026-09-02T07:39:20.269595+07:00,c9_sim,121,4.872,11.774,11.782,29.598,0.026,58.053
2026-09-02T07:39:20.393236+07:00,c9_sim,122,4.868,12.279,12.163,29.065,0.031,58.407
2026-09-02T07:39:20.474160+07:00,c9_sim,123,5.167,11.240,12.975,29.907,0.016,59.305
2026-09-02T07:39:20.607850+07:00,c9_sim,124,6.355,16.360,14.766,28.831,0.022,66.334
2026-09-02T07:39:20.693553+07:00,c9_sim,125,5.821,13.678,13.065,32.060,0.027,64.650
2026-09-02T07:39:20.805479+07:00,c9_sim,126,6.690,14.589,14.436,31.624,0.018,67.357
2026-09-02T07:39:20.914460+07:00,c9_sim,127,6.671,14.774,12.660,31.120,0.017,65.242
2026-09-02T07:39:20.996864+07:00,c9_sim,128,5.633,12.485,12.677,30.583,0.018,61.396
2026-09-02T07:39:21.109965+07:00,c9_sim,129,6.378,14.529,13.820,32.028,0.021,66.777
2026-09-02T07:39:21.229778+07:00,c9_sim,130,5.920,21.274,15.652,29.789,0.018,72.653
2026-09-02T07:39:21.315544+07:00,c9_sim,131,6.337,12.352,12.710,33.773,0.023,65.196
2026-09-02T07:39:21.432178+07:00,c9_sim,132,6.489,19.407,13.587,34.693,0.025,74.202
2026-09-02T07:39:21.540399+07:00,c9_sim,133,33.769,13.082,13.610,32.762,0.019,93.242
2026-09-02T07:39:21.626068+07:00,c9_sim,134,4.897,12.528,12.479,33.762,0.018,63.683
2026-09-02T07:39:21.736316+07:00,c9_sim,135,5.217,12.478,12.401,32.979,0.018,63.092
2026-09-02T07:39:21.840248+07:00,c9_sim,136,4.698,12.635,12.368,30.687,0.023,60.411
2026-09-02T07:39:21.926863+07:00,c9_sim,137,5.004,12.275,12.024,35.444,0.019,64.765
2026-09-02T07:39:22.047845+07:00,c9_sim,138,5.529,17.827,14.870,35.884,0.030,74.139
2026-09-02T07:39:22.143327+07:00,c9_sim,139,5.877,14.577,13.351,40.412,0.029,74.247
2026-09-02T07:39:22.261021+07:00,c9_sim,140,6.552,13.719,12.869,40.504,0.027,73.672
2026-09-02T07:39:22.359700+07:00,c9_sim,141,5.482,14.735,14.326,42.879,0.026,77.448
2026-09-02T07:39:22.454731+07:00,c9_sim,142,5.599,14.615,12.944,43.904,0.026,77.088
2026-09-02T07:39:22.571000+07:00,c9_sim,143,5.557,17.874,14.581,37.027,0.020,75.059
2026-09-02T07:39:22.659736+07:00,c9_sim,144,6.418,14.695,14.414,33.418,0.021,68.967
2026-09-02T07:39:22.776760+07:00,c9_sim,145,6.435,17.852,16.216,29.777,0.016,70.295
2026-09-02T07:39:22.861518+07:00,c9_sim,146,6.428,14.089,13.244,30.661,0.022,64.444
2026-09-02T07:39:22.972776+07:00,c9_sim,147,6.333,16.544,13.217,29.276,0.020,65.391
2026-09-02T07:39:23.083238+07:00,c9_sim,148,6.361,17.511,13.946,27.968,0.021,65.806
2026-09-02T07:39:23.162508+07:00,c9_sim,149,5.782,11.299,12.324,28.963,0.017,58.386
2026-09-02T07:39:23.268978+07:00,c9_sim,150,6.537,12.507,13.727,31.650,0.022,64.442
2026-09-02T07:39:23.383657+07:00,c9_sim,151,6.396,16.027,14.596,33.107,0.019,70.145
2026-09-02T07:39:23.501529+07:00,c9_sim,152,5.543,18.213,13.648,33.045,0.021,70.469
2026-09-02T07:39:23.588460+07:00,c9_sim,153,5.550,14.598,11.407,33.708,0.017,65.279
2026-09-02T07:39:23.707730+07:00,c9_sim,154,6.646,18.280,15.149,34.349,0.019,74.443
2026-09-02T07:39:23.807833+07:00,c9_sim,155,6.648,18.930,16.023,38.045,0.028,79.673
2026-09-02T07:39:23.911587+07:00,c9_sim,156,5.934,15.820,13.262,47.657,0.024,82.697
2026-09-02T07:39:24.012517+07:00,c9_sim,157,5.235,15.788,13.056,45.500,0.035,79.613
2026-09-02T07:39:24.107996+07:00,c9_sim,158,5.772,18.717,12.692,41.451,0.026,78.659
2026-09-02T07:39:24.228746+07:00,c9_sim,159,6.720,18.530,15.993,33.315,0.022,74.581
2026-09-02T07:39:24.321918+07:00,c9_sim,160,6.304,18.786,16.553,30.919,0.016,72.579
2026-09-02T07:39:24.403860+07:00,c9_sim,161,5.767,14.140,13.134,28.088,0.018,61.147
2026-09-02T07:39:24.514695+07:00,c9_sim,162,6.255,15.754,13.919,29.595,0.023,65.546
2026-09-02T07:39:24.629405+07:00,c9_sim,163,5.691,15.427,13.581,32.303,0.035,67.037
2026-09-02T07:39:24.710205+07:00,c9_sim,164,5.118,12.822,11.387,34.494,0.023,63.846
2026-09-02T07:39:24.823133+07:00,c9_sim,165,6.618,15.140,14.369,35.004,0.023,71.154
2026-09-02T07:39:24.936932+07:00,c9_sim,166,6.168,16.679,13.596,37.181,0.022,73.646
2026-09-02T07:39:25.033879+07:00,c9_sim,167,6.642,13.923,13.322,43.252,0.028,77.169
2026-09-02T07:39:25.156534+07:00,c9_sim,168,6.512,17.060,13.250,42.360,0.030,79.212
2026-09-02T07:39:25.258793+07:00,c9_sim,169,5.421,17.499,13.028,47.458,0.029,83.434
2026-09-02T07:39:25.360513+07:00,c9_sim,170,5.671,17.283,15.302,42.973,0.028,81.257
2026-09-02T07:39:25.457765+07:00,c9_sim,171,6.504,15.947,16.368,40.372,0.027,79.218
2026-09-02T07:39:25.558318+07:00,c9_sim,172,6.468,17.959,16.168,39.384,0.026,80.004
2026-09-02T07:39:25.651440+07:00,c9_sim,173,5.837,16.358,13.472,36.421,0.025,72.113
2026-09-02T07:39:25.762817+07:00,c9_sim,174,6.743,17.107,14.105,31.874,0.024,69.853
2026-09-02T07:39:25.847080+07:00,c9_sim,175,6.532,13.763,12.684,30.987,0.023,63.989
2026-09-02T07:39:25.950958+07:00,c9_sim,176,6.100,13.790,12.976,29.537,0.021,62.423
2026-09-02T07:39:26.059998+07:00,c9_sim,177,6.407,18.012,12.887,28.393,0.018,65.718
2026-09-02T07:39:26.172579+07:00,c9_sim,178,6.445,14.583,14.312,30.241,0.022,65.603
2026-09-02T07:39:26.258138+07:00,c9_sim,179,6.286,13.228,12.216,33.294,0.020,65.043
2026-09-02T07:39:26.379804+07:00,c9_sim,180,6.132,19.022,14.930,35.498,0.028,75.609
2026-09-02T07:39:26.507288+07:00,c9_sim,181,7.227,19.421,14.640,43.851,0.033,85.173
2026-09-02T07:39:26.614066+07:00,c9_sim,182,6.581,19.689,17.056,68.214,0.045,111.585
2026-09-02T07:39:26.713447+07:00,c9_sim,183,7.328,21.024,16.142,60.305,0.030,104.829
2026-09-02T07:39:26.792791+07:00,c9_sim,184,6.228,17.011,15.021,45.902,0.034,84.196
2026-09-02T07:39:26.902214+07:00,c9_sim,185,5.433,12.838,12.698,38.062,0.019,69.050
2026-09-02T07:39:26.986059+07:00,c9_sim,186,4.916,12.691,11.995,36.637,0.019,66.258
2026-09-02T07:39:27.099932+07:00,c9_sim,187,5.069,14.879,13.385,33.517,0.018,66.868
2026-09-02T07:39:27.209180+07:00,c9_sim,188,5.542,15.890,14.340,30.090,0.020,65.883
2026-09-02T07:39:27.287105+07:00,c9_sim,189,6.319,11.926,12.804,30.522,0.022,61.593
2026-09-02T07:39:27.398093+07:00,c9_sim,190,6.734,18.136,15.398,28.821,0.021,69.110
2026-09-02T07:39:27.506955+07:00,c9_sim,191,6.389,17.767,13.180,30.272,0.028,67.636
2026-09-02T07:39:27.630498+07:00,c9_sim,192,6.119,25.085,15.424,36.020,0.030,82.678
2026-09-02T07:39:27.728692+07:00,c9_sim,193,5.370,15.822,15.061,41.764,0.028,78.046
2026-09-02T07:39:27.841313+07:00,c9_sim,194,6.296,17.517,16.366,55.666,0.029,95.873
2026-09-02T07:39:27.939698+07:00,c9_sim,195,5.650,16.196,14.859,43.097,0.024,79.825
2026-09-02T07:39:28.034040+07:00,c9_sim,196,5.728,14.000,12.133,41.325,0.019,73.206
2026-09-02T07:39:28.123611+07:00,c9_sim,197,5.022,13.287,12.475,36.674,0.020,67.478
2026-09-02T07:39:28.235171+07:00,c9_sim,198,5.019,14.240,12.619,34.700,0.017,66.595
2026-09-02T07:39:28.344904+07:00,c9_sim,199,6.775,15.158,14.949,31.232,0.018,68.132
2026-09-02T07:39:28.426507+07:00,c9_sim,200,5.655,11.334,12.369,31.074,0.027,60.458
2026-09-02T07:39:28.536056+07:00,c9_sim,201,6.016,12.909,12.425,33.662,0.022,65.035
2026-09-02T07:39:28.654244+07:00,c9_sim,202,5.393,18.245,15.030,31.569,0.021,70.259
2026-09-02T07:39:28.736649+07:00,c9_sim,203,5.975,13.531,14.049,31.310,0.018,64.883
2026-09-02T07:39:28.850458+07:00,c9_sim,204,6.150,15.298,14.256,34.457,0.030,70.191
2026-09-02T07:39:28.967363+07:00,c9_sim,205,5.671,14.928,12.761,37.639,0.025,71.025
2026-09-02T07:39:29.061356+07:00,c9_sim,206,4.857,13.463,12.972,40.079,0.027,71.398
2026-09-02T07:39:29.155772+07:00,c9_sim,207,5.403,14.066,12.219,41.045,0.019,72.752
2026-09-02T07:39:29.273205+07:00,c9_sim,208,4.745,15.692,13.064,35.611,0.024,69.137
2026-09-02T07:39:29.364884+07:00,c9_sim,209,5.545,13.948,13.170,37.683,0.027,70.375
2026-09-02T07:39:29.488499+07:00,c9_sim,210,6.133,24.340,15.276,32.171,0.022,77.941
2026-09-02T07:39:29.574129+07:00,c9_sim,211,5.378,13.054,13.219,31.830,0.016,63.496
2026-09-02T07:39:29.687343+07:00,c9_sim,212,5.224,19.169,14.143,30.647,0.020,69.202
2026-09-02T07:39:29.772107+07:00,c9_sim,213,5.652,13.795,13.650,30.576,0.017,63.691
2026-09-02T07:39:29.886278+07:00,c9_sim,214,6.409,16.913,14.520,29.529,0.022,67.394
2026-09-02T07:39:29.972553+07:00,c9_sim,215,5.079,13.990,13.179,31.333,0.020,63.600
2026-09-02T07:39:30.087320+07:00,c9_sim,216,4.950,13.909,12.729,34.705,0.021,66.314
2026-09-02T07:39:30.204464+07:00,c9_sim,217,5.108,16.202,14.662,36.960,0.025,72.957
2026-09-02T07:39:30.302385+07:00,c9_sim,218,5.201,15.598,13.970,40.745,0.042,75.555
2026-09-02T07:39:30.406767+07:00,c9_sim,219,5.554,17.800,15.871,43.921,0.028,83.174
2026-09-02T07:39:30.513064+07:00,c9_sim,220,7.667,15.271,14.227,49.912,0.034,87.111
2026-09-02T07:39:30.627918+07:00,c9_sim,221,5.280,16.702,13.749,57.055,0.070,92.856
2026-09-02T07:39:30.738237+07:00,c9_sim,222,5.953,20.881,13.304,52.947,0.047,93.131
2026-09-02T07:39:30.815686+07:00,c9_sim,223,5.192,16.688,14.588,44.690,0.026,81.185
2026-09-02T07:39:30.907374+07:00,c9_sim,224,4.982,14.159,12.742,38.208,0.022,70.113
2026-09-02T07:39:31.031165+07:00,c9_sim,225,4.962,18.417,17.741,34.929,0.025,76.074
2026-09-02T07:39:31.127065+07:00,c9_sim,226,5.729,18.411,17.896,32.464,0.022,74.522
2026-09-02T07:39:31.218917+07:00,c9_sim,227,5.238,16.027,16.071,32.914,0.020,70.270
2026-09-02T07:39:31.334783+07:00,c9_sim,228,6.834,17.186,15.841,29.270,0.018,69.149
2026-09-02T07:39:31.422541+07:00,c9_sim,229,6.389,15.090,14.478,30.548,0.019,66.524
2026-09-02T07:39:31.568808+07:00,c9_sim,230,5.402,13.347,15.885,28.663,0.020,63.317
2026-09-02T07:39:31.623359+07:00,c9_sim,231,4.490,11.745,14.437,27.438,0.021,58.131
2026-09-02T07:39:31.737340+07:00,c9_sim,232,5.435,13.995,14.081,32.606,0.018,66.135
2026-09-02T07:39:31.858395+07:00,c9_sim,233,5.621,17.220,16.129,38.059,0.036,77.065
2026-09-02T07:39:31.968049+07:00,c9_sim,234,5.951,18.434,18.125,46.558,0.036,89.104
2026-09-02T07:39:32.077735+07:00,c9_sim,235,6.935,17.204,18.701,47.872,0.060,90.772
2026-09-02T07:39:32.181475+07:00,c9_sim,236,7.012,22.123,21.394,58.692,0.052,109.275
2026-09-02T07:39:32.295905+07:00,c9_sim,237,7.332,23.534,19.552,42.515,0.035,92.969
2026-09-02T07:39:32.382988+07:00,c9_sim,238,9.026,21.318,23.003,41.317,0.038,94.702
2026-09-02T07:39:32.486513+07:00,c9_sim,239,7.408,16.233,18.625,41.586,0.033,83.885
2026-09-02T07:39:32.585802+07:00,c9_sim,240,5.749,15.289,16.222,40.301,0.030,77.591
2026-09-02T07:39:32.676921+07:00,c9_sim,241,4.963,13.747,13.493,39.005,0.028,71.237
2026-09-02T07:39:32.765619+07:00,c9_sim,242,4.806,13.027,13.389,38.780,0.027,70.029
2026-09-02T07:39:32.878213+07:00,c9_sim,243,4.666,12.882,14.041,37.681,0.027,69.297
2026-09-02T07:39:32.969157+07:00,c9_sim,244,4.976,13.479,12.867,38.436,0.022,69.780
2026-09-02T07:39:33.079034+07:00,c9_sim,245,4.771,13.352,13.688,37.130,0.022,68.963
2026-09-02T07:39:33.188538+07:00,c9_sim,246,4.714,12.608,12.930,35.613,0.025,65.890
2026-09-02T07:39:33.284545+07:00,c9_sim,247,4.860,12.618,13.397,43.654,0.035,74.564
2026-09-02T07:39:33.453660+07:00,c9_sim,248,4.953,16.747,16.262,88.936,0.280,127.179
2026-09-02T07:39:33.601148+07:00,c9_sim,249,5.560,51.949,19.990,73.276,0.051,150.826
2026-09-02T07:39:33.680601+07:00,c9_sim,250,6.316,18.576,12.791,46.560,0.029,84.271
2026-09-02T07:39:33.758713+07:00,c9_sim,251,5.599,15.622,14.876,46.019,0.064,82.179
2026-09-02T07:39:33.848407+07:00,c9_sim,252,4.675,24.384,14.229,49.725,0.039,93.052
2026-09-02T07:39:33.951146+07:00,c9_sim,253,4.844,19.093,16.896,65.276,0.043,106.152
2026-09-02T07:39:34.066355+07:00,c9_sim,254,6.215,25.263,18.733,69.613,0.082,119.906
2026-09-02T07:39:34.150141+07:00,c9_sim,255,6.366,19.656,15.690,46.417,0.030,88.159
2026-09-02T07:39:34.224060+07:00,c9_sim,256,5.120,14.718,14.583,43.466,0.025,77.911
2026-09-02T07:39:34.320313+07:00,c9_sim,257,5.429,13.854,12.457,43.035,0.022,74.798
2026-09-02T07:39:34.381715+07:00,c9_sim,258,4.821,13.959,0.000,0.000,0.009,18.789
2026-09-02T07:39:34.506784+07:00,c8_sim,57,5.655,14.181,16.013,0.000,0.012,35.861
2026-09-02T07:39:34.588659+07:00,c8_sim,58,5.282,13.841,15.933,0.005,0.146,35.207
2026-09-02T07:39:34.649784+07:00,c8_sim,59,6.350,13.790,0.000,0.000,0.013,20.153
2026-09-02T07:39:34.763487+07:00,c8_sim,60,9.912,21.463,17.048,0.005,0.015,48.442
2026-09-02T07:39:34.847422+07:00,c8_sim,61,8.092,20.996,13.856,0.004,0.015,42.963
2026-09-02T07:39:34.915946+07:00,c8_sim,62,7.200,19.405,0.000,0.000,0.012,26.617
2026-09-02T07:39:35.015327+07:00,c8_sim,63,7.607,22.180,0.000,0.000,0.021,29.808
2026-09-02T07:39:35.120366+07:00,c8_sim,64,10.542,28.008,0.000,0.000,0.716,39.265
2026-09-02T07:39:35.218374+07:00,c8_sim,65,7.180,29.944,15.266,0.005,0.036,52.431
2026-09-02T07:39:35.273950+07:00,c8_sim,66,6.799,28.583,0.000,0.000,0.016,35.397
2026-09-02T07:39:35.397033+07:00,c8_sim,67,9.248,31.272,15.530,0.005,0.018,56.073
2026-09-02T07:39:35.477217+07:00,c8_sim,68,7.305,36.504,15.619,0.005,0.202,59.634
2026-09-02T07:39:35.533286+07:00,c8_sim,69,7.851,29.199,0.000,0.000,0.013,37.062
2026-09-02T07:39:35.633161+07:00,c8_sim,70,8.032,29.091,16.671,0.005,0.012,53.812
2026-09-02T07:39:35.712761+07:00,c8_sim,71,8.173,29.738,0.000,0.000,0.010,37.921
2026-09-02T07:39:35.813121+07:00,c8_sim,72,11.156,30.843,18.592,0.000,0.008,60.599
2026-09-02T07:39:35.868271+07:00,c8_sim,73,7.957,28.466,0.000,0.000,0.011,36.434
2026-09-02T07:39:36.000754+07:00,c8_sim,74,8.745,40.204,18.990,0.005,0.163,68.107
2026-09-02T07:39:36.055807+07:00,c8_sim,75,7.058,28.266,0.000,0.000,0.014,35.339
2026-09-02T07:39:36.158787+07:00,c8_sim,76,7.221,30.528,17.871,0.005,0.173,55.797
2026-09-02T07:39:36.229364+07:00,c8_sim,77,8.053,28.769,13.413,0.004,0.166,50.405
2026-09-02T07:39:36.354016+07:00,c8_sim,78,7.953,18.016,12.900,40.297,0.126,79.292
2026-09-02T07:39:36.414968+07:00,c8_sim,79,6.590,11.971,10.982,37.005,0.056,66.603
2026-09-02T07:39:36.527912+07:00,c8_sim,80,6.627,14.031,14.196,34.351,0.015,69.220
2026-09-02T07:39:36.583340+07:00,c8_sim,81,6.474,10.969,12.728,30.874,0.013,61.057
2026-09-02T07:39:36.690631+07:00,c8_sim,82,7.094,12.124,13.376,28.563,0.014,61.171
2026-09-02T07:39:36.742319+07:00,c8_sim,83,6.903,10.385,12.975,0.004,0.016,30.283
2026-09-02T07:39:36.846443+07:00,c8_sim,84,7.312,12.390,13.174,28.213,0.015,61.103
2026-09-02T07:39:36.923852+07:00,c8_sim,85,7.029,12.013,11.301,27.715,0.017,58.074
2026-09-02T07:39:37.025383+07:00,c8_sim,86,6.624,10.498,12.491,27.772,0.012,57.397
2026-09-02T07:39:37.103117+07:00,c8_sim,87,7.075,10.665,12.665,27.716,0.014,58.135
2026-09-02T07:39:37.167663+07:00,c8_sim,88,7.247,12.787,0.000,0.000,0.007,20.041
2026-09-02T07:39:37.276820+07:00,c8_sim,89,9.077,14.242,15.612,28.354,0.013,67.299
2026-09-02T07:39:37.391285+07:00,c8_sim,90,8.809,16.913,15.382,28.470,0.013,69.586
2026-09-02T07:39:37.442621+07:00,c8_sim,91,7.256,10.656,12.083,27.662,0.017,57.674
2026-09-02T07:39:37.552652+07:00,c8_sim,92,8.286,14.243,14.272,28.381,0.013,65.195
2026-09-02T07:39:37.629490+07:00,c8_sim,93,6.838,12.640,12.149,27.806,0.011,59.443
2026-09-02T07:39:37.706709+07:00,c8_sim,94,7.022,11.109,12.357,26.998,0.016,57.502
2026-09-02T07:39:37.812059+07:00,c8_sim,95,7.545,12.066,13.150,27.570,0.013,60.344
2026-09-02T07:39:37.891371+07:00,c8_sim,96,6.952,11.749,13.068,27.824,0.022,59.615
2026-09-02T07:39:37.968282+07:00,c8_sim,97,6.432,11.779,11.379,27.518,0.017,57.125
2026-09-02T07:39:38.045441+07:00,c8_sim,98,6.479,12.021,11.676,27.221,0.018,57.415
2026-09-02T07:39:38.149822+07:00,c8_sim,99,7.056,12.177,12.740,28.323,0.017,60.312
2026-09-02T07:39:38.228217+07:00,c8_sim,100,7.314,11.641,13.117,26.925,0.017,59.014
2026-09-02T07:39:38.274761+07:00,c8_sim,101,6.430,10.793,11.373,0.003,0.010,28.609
2026-09-02T07:39:38.413183+07:00,c8_sim,102,6.647,18.702,13.413,28.062,0.022,66.846
2026-09-02T07:39:38.491165+07:00,c8_sim,103,6.475,12.481,11.457,27.553,0.017,57.982
2026-09-02T07:39:38.566801+07:00,c8_sim,104,6.618,10.638,11.378,27.349,0.017,56.000
2026-09-02T07:39:38.642387+07:00,c8_sim,105,6.443,10.539,11.382,27.428,0.016,55.809
2026-09-02T07:39:38.746255+07:00,c8_sim,106,6.668,11.009,12.650,28.047,0.018,58.393
2026-09-02T07:39:38.825417+07:00,c8_sim,107,6.819,11.687,13.078,27.698,0.017,59.299
2026-09-02T07:39:38.927208+07:00,c8_sim,108,7.411,11.252,12.610,27.850,0.019,59.142
2026-09-02T07:39:39.005344+07:00,c8_sim,109,6.829,10.876,12.566,27.983,0.031,58.286
2026-09-02T07:39:39.079963+07:00,c8_sim,110,7.768,11.928,11.654,27.808,0.022,59.180
2026-09-02T07:39:39.176702+07:00,c8_sim,111,6.614,12.294,12.450,27.683,0.024,59.065
2026-09-02T07:39:39.255107+07:00,c8_sim,112,6.806,12.143,13.233,29.645,0.023,61.849
2026-09-02T07:39:39.365336+07:00,c8_sim,113,7.005,13.426,12.709,30.622,0.020,63.783
2026-09-02T07:39:39.445365+07:00,c8_sim,114,6.563,12.127,12.928,32.731,0.021,64.370
2026-09-02T07:39:39.531619+07:00,c8_sim,115,6.915,12.403,12.699,34.316,0.021,66.353
2026-09-02T07:39:39.618269+07:00,c8_sim,116,6.719,12.287,12.380,35.705,0.021,67.112
2026-09-02T07:39:39.704328+07:00,c8_sim,117,7.135,12.835,12.921,36.905,0.017,69.813
2026-09-02T07:39:39.798061+07:00,c8_sim,118,6.761,14.586,15.233,36.303,0.016,72.898
2026-09-02T07:39:39.888457+07:00,c8_sim,119,7.754,13.846,14.116,35.553,0.020,71.290
2026-09-02T07:39:39.954550+07:00,c8_sim,120,6.559,13.383,12.909,38.778,0.019,71.648
2026-09-02T07:39:40.049543+07:00,c8_sim,121,6.944,13.640,13.371,40.590,0.020,74.565
2026-09-02T07:39:40.146163+07:00,c8_sim,122,6.885,13.894,12.523,43.062,0.027,76.391
2026-09-02T07:39:40.225040+07:00,c8_sim,123,6.695,15.389,13.788,47.174,0.029,83.076
2026-09-02T07:39:40.350420+07:00,c8_sim,124,7.107,17.071,13.060,68.895,0.031,106.165
2026-09-02T07:39:40.434399+07:00,c8_sim,125,6.581,15.631,11.867,55.364,0.033,89.476
2026-09-02T07:39:40.516662+07:00,c8_sim,126,6.855,17.729,15.767,47.183,0.033,87.568
2026-09-02T07:39:40.601322+07:00,c8_sim,127,7.515,16.101,14.937,52.231,0.030,90.815
2026-09-02T07:39:40.617274+07:00,c8_sim,128,7.703,15.439,0.000,0.000,0.011,23.153
2026-09-02T07:39:40.681776+07:00,c10_sim,1,4.599,14.454,0.000,0.000,0.005,19.058
2026-09-02T07:39:40.851510+07:00,c10_sim,2,6.251,21.439,0.000,0.000,0.008,27.699
2026-09-02T07:39:41.009390+07:00,c10_sim,3,12.376,33.301,0.000,0.000,0.011,45.688
2026-09-02T07:39:41.142148+07:00,c10_sim,4,15.077,32.136,0.000,0.000,0.012,47.226
2026-09-02T07:39:41.297917+07:00,c10_sim,5,13.175,34.489,0.000,0.000,0.011,47.675
2026-09-02T07:39:41.427756+07:00,c10_sim,6,9.858,29.832,0.000,0.000,0.009,39.699
2026-09-02T07:39:41.647933+07:00,c10_sim,7,14.548,29.332,6.159,58.273,0.048,108.360
2026-09-02T07:39:41.727118+07:00,c10_sim,8,7.109,10.765,13.241,28.663,0.057,59.834
2026-09-02T07:39:41.893484+07:00,c10_sim,9,8.800,21.568,18.041,28.242,0.063,76.713
2026-09-02T07:39:42.027554+07:00,c10_sim,10,9.153,18.200,14.864,28.227,0.049,70.493
2026-09-02T07:39:42.231840+07:00,c10_sim,11,12.932,32.364,18.322,56.319,0.020,119.956
2026-09-02T07:39:42.319052+07:00,c10_sim,12,7.204,16.826,17.672,27.659,0.017,69.378
2026-09-02T07:39:42.520873+07:00,c10_sim,13,10.189,23.463,23.001,56.258,0.086,112.997
2026-09-02T07:39:42.632777+07:00,c10_sim,14,7.774,14.347,14.516,55.218,0.049,91.903
2026-09-02T07:39:42.785817+07:00,c10_sim,15,8.309,15.715,14.738,54.455,0.054,93.271
2026-09-02T07:39:42.925363+07:00,c10_sim,16,7.655,17.560,15.127,55.348,0.015,95.706
2026-09-02T07:39:43.054925+07:00,c10_sim,17,7.076,14.494,13.079,54.207,0.014,88.869
2026-09-02T07:39:43.218408+07:00,c10_sim,18,8.243,17.949,14.648,54.517,0.083,95.440
2026-09-02T07:39:43.358718+07:00,c10_sim,19,7.563,21.199,15.075,55.175,0.063,99.075
2026-09-02T07:39:43.496360+07:00,c10_sim,20,7.576,15.967,16.336,56.223,0.015,96.117
2026-09-02T07:39:43.665401+07:00,c10_sim,21,8.070,21.850,16.758,56.468,0.017,103.162
2026-09-02T07:39:43.812633+07:00,c10_sim,22,7.036,20.557,16.970,56.797,0.086,101.446
2026-09-02T07:39:43.926867+07:00,c10_sim,23,5.881,13.020,14.405,60.371,0.089,93.767
2026-09-02T07:39:44.082289+07:00,c10_sim,24,7.025,17.002,15.632,56.776,0.097,96.531
2026-09-02T07:39:44.225183+07:00,c10_sim,25,8.257,18.887,15.782,60.599,0.024,103.549
2026-09-02T07:39:44.377183+07:00,c10_sim,26,7.764,18.336,15.211,69.128,0.027,110.466
2026-09-02T07:39:44.545603+07:00,c10_sim,27,8.572,21.345,17.535,76.850,0.044,124.345
2026-09-02T07:39:44.688013+07:00,c10_sim,28,8.153,19.625,16.391,80.619,0.042,124.830
2026-09-02T07:39:44.829181+07:00,c10_sim,29,8.056,16.883,14.168,86.262,0.059,125.428
2026-09-02T07:39:44.980216+07:00,c10_sim,30,8.103,21.410,17.164,90.143,0.063,136.884
2026-09-02T07:39:45.125066+07:00,c10_sim,31,7.863,22.683,17.232,82.271,0.155,130.205
2026-09-02T07:39:45.271779+07:00,c10_sim,32,7.308,21.049,16.512,81.901,0.042,126.812
2026-09-02T07:39:45.418479+07:00,c10_sim,33,5.686,19.449,15.036,85.074,0.105,125.350
2026-09-02T07:39:45.570760+07:00,c10_sim,34,7.930,18.837,13.480,92.675,0.051,132.973
2026-09-02T07:39:45.700686+07:00,c10_sim,35,6.379,18.657,14.967,94.662,0.206,134.871
2026-09-02T07:39:45.852802+07:00,c10_sim,36,8.137,20.622,16.671,90.510,0.054,135.995
2026-09-02T07:39:45.995904+07:00,c10_sim,37,6.790,20.108,15.558,80.041,0.033,122.531
2026-09-02T07:39:46.136780+07:00,c10_sim,38,7.949,18.720,17.047,77.973,0.050,121.739
2026-09-02T07:39:46.234218+07:00,c10_sim,39,7.155,15.987,14.210,40.078,0.026,77.456
2026-09-02T07:39:46.380404+07:00,c10_sim,40,8.591,23.803,12.836,33.414,0.027,78.670
2026-09-02T07:39:46.485573+07:00,c10_sim,41,5.770,12.790,11.326,30.458,0.022,60.366
2026-09-02T07:39:46.724598+07:00,c10_sim,42,8.551,27.875,15.456,96.367,0.027,148.277
2026-09-02T07:39:46.820832+07:00,c10_sim,43,7.700,13.505,13.523,67.929,0.030,102.687
2026-09-02T07:39:46.985336+07:00,c10_sim,44,9.028,16.919,15.920,64.240,0.028,106.134
2026-09-02T07:39:47.072001+07:00,c10_sim,45,7.143,12.945,12.382,35.501,0.023,67.993
2026-09-02T07:39:47.219673+07:00,c10_sim,46,10.296,31.011,18.379,0.003,0.014,59.702
2026-09-02T07:39:47.327871+07:00,c10_sim,47,7.023,30.433,0.000,0.000,0.010,37.466
2026-09-02T07:39:47.469527+07:00,c10_sim,48,5.906,17.084,0.000,0.000,0.012,23.003
2026-09-02T07:39:47.633850+07:00,c10_sim,49,5.920,27.021,14.747,0.005,0.023,47.715
2026-09-02T07:39:47.770913+07:00,c10_sim,50,6.085,34.178,0.000,0.000,0.017,40.280
2026-09-02T07:39:47.955269+07:00,c10_sim,51,11.380,46.897,17.302,0.005,0.022,75.606
2026-09-02T07:39:48.089146+07:00,c10_sim,52,6.465,43.773,16.487,0.004,0.015,66.744
2026-09-02T07:39:48.235270+07:00,c10_sim,53,8.182,33.094,19.555,0.005,0.019,60.856
2026-09-02T07:39:48.371656+07:00,c10_sim,54,6.666,46.879,18.935,0.005,0.020,72.505
2026-09-02T07:39:48.540725+07:00,c10_sim,55,8.655,43.975,22.213,0.006,0.023,74.872
2026-09-02T07:39:48.655881+07:00,c10_sim,56,9.843,40.420,0.000,0.000,0.023,50.285
2026-09-02T07:39:48.807020+07:00,c10_sim,57,9.454,36.495,19.875,0.006,0.021,65.851
2026-09-02T07:39:48.912455+07:00,c10_sim,58,7.086,29.862,0.000,0.000,0.017,36.965
2026-09-02T07:39:49.120778+07:00,c12_sim,1,6.403,26.727,12.347,47.469,0.074,93.019
2026-09-02T07:39:49.284737+07:00,c12_sim,2,8.498,27.945,20.632,42.858,0.069,100.002
2026-09-02T07:39:49.413395+07:00,c12_sim,3,6.957,20.658,16.692,40.601,0.019,84.927
2026-09-02T07:39:49.479112+07:00,c12_sim,4,7.503,19.031,0.000,0.000,0.011,26.546
2026-09-02T07:39:49.697441+07:00,c12_sim,5,8.594,26.059,19.018,55.402,0.025,109.098
2026-09-02T07:39:49.829044+07:00,c12_sim,6,7.132,19.946,16.790,47.536,0.022,91.426
2026-09-02T07:39:49.953699+07:00,c12_sim,7,7.884,19.242,14.994,39.503,0.015,81.637
2026-09-02T07:39:50.081390+07:00,c12_sim,8,6.124,22.922,15.664,37.366,0.052,82.128
2026-09-02T07:39:50.195584+07:00,c12_sim,9,10.280,23.695,18.157,0.000,0.018,52.150
2026-09-02T07:39:50.372475+07:00,c12_sim,10,8.451,22.007,13.398,50.325,0.069,94.250
2026-09-02T07:39:50.511255+07:00,c12_sim,11,7.088,20.985,14.938,52.334,0.108,95.452
2026-09-02T07:39:50.639553+07:00,c12_sim,12,6.955,18.952,17.966,42.246,0.064,86.183
2026-09-02T07:39:50.789129+07:00,c12_sim,13,9.259,18.758,15.060,42.191,0.020,85.289
2026-09-02T07:39:50.909412+07:00,c12_sim,14,6.275,14.323,14.825,46.961,0.020,82.405
2026-09-02T07:39:51.053190+07:00,c12_sim,15,5.958,18.675,12.384,39.196,0.019,76.232
2026-09-02T07:39:51.207163+07:00,c12_sim,16,8.518,21.533,15.533,41.954,0.023,87.561
2026-09-02T07:39:51.334273+07:00,c12_sim,17,8.554,21.451,16.415,37.567,0.022,84.009
2026-09-02T07:39:51.487295+07:00,c12_sim,18,9.388,26.059,17.192,39.485,0.032,92.155
2026-09-02T07:39:51.623373+07:00,c12_sim,19,6.164,22.749,16.859,46.531,0.025,92.328
2026-09-02T07:39:51.748774+07:00,c12_sim,20,7.556,19.394,14.932,42.190,0.023,84.094
2026-09-02T07:39:51.906203+07:00,c12_sim,21,9.007,25.563,16.463,40.774,0.019,91.825
2026-09-02T07:39:52.033944+07:00,c12_sim,22,7.043,22.674,16.351,40.344,0.082,86.494
2026-09-02T07:39:52.265944+07:00,c12_sim,23,20.785,156.652,0.000,0.000,0.475,177.912
2026-09-02T07:39:52.311814+07:00,c12_sim,24,21.453,44.920,0.000,0.000,0.086,66.459
2026-09-02T07:39:52.397967+07:00,c12_sim,25,10.443,38.625,0.000,0.000,0.014,49.082
2026-09-02T07:39:52.549744+07:00,c12_sim,26,9.675,28.665,21.456,0.000,0.017,59.813
2026-09-02T07:39:52.741191+07:00,c12_sim,27,5.402,28.334,16.028,52.758,0.124,102.646
2026-09-02T07:39:52.867725+07:00,c12_sim,28,5.896,14.452,15.206,44.788,0.135,80.477
2026-09-02T07:39:52.949813+07:00,c12_sim,29,9.861,34.479,0.000,0.000,0.026,44.366
2026-09-02T07:39:53.149557+07:00,c12_sim,30,13.765,26.480,24.020,45.239,0.051,109.554
2026-09-02T07:39:53.227605+07:00,c12_sim,31,15.323,26.677,0.000,0.000,0.023,42.022
2026-09-02T07:39:53.371610+07:00,c11_sim,1,9.325,24.741,0.000,0.000,0.010,34.076
2026-09-02T07:39:53.491777+07:00,c11_sim,2,9.099,27.202,0.000,0.000,0.010,36.310
2026-09-02T07:39:53.599011+07:00,c11_sim,3,6.960,15.228,0.000,0.000,0.011,22.199
2026-09-02T07:39:53.758156+07:00,c11_sim,4,9.691,45.996,0.000,0.000,0.011,55.698
2026-09-02T07:39:53.921450+07:00,c11_sim,5,9.747,36.386,10.496,50.397,0.249,107.274
2026-09-02T07:39:54.085238+07:00,c11_sim,6,9.032,42.001,35.598,62.308,0.103,149.042
2026-09-02T07:39:54.206045+07:00,c11_sim,7,11.113,38.808,23.510,56.909,0.030,130.370
2026-09-02T07:39:54.250303+07:00,c11_sim,8,9.292,43.904,0.000,0.000,0.078,53.275
2026-09-02T07:39:54.514550+07:00,c11_sim,9,50.599,175.368,0.000,0.000,0.014,225.981
2026-09-02T07:39:54.665783+07:00,c11_sim,10,18.836,64.070,34.950,48.286,0.032,166.175
2026-09-02T07:39:54.822103+07:00,c11_sim,11,15.474,41.389,38.117,74.396,0.085,169.460
2026-09-02T07:39:54.927949+07:00,c11_sim,12,14.801,24.555,25.870,53.794,0.035,119.055
2026-09-02T07:39:55.037105+07:00,c11_sim,13,17.488,23.880,24.146,59.818,0.032,125.365
2026-09-02T07:39:55.142070+07:00,c11_sim,14,9.222,28.148,25.378,49.585,0.034,112.367
2026-09-02T07:39:55.246674+07:00,c11_sim,15,9.347,29.426,26.954,47.149,0.038,112.912
2026-09-02T07:39:55.370435+07:00,c11_sim,16,10.595,39.259,34.296,48.594,0.044,132.788
2026-09-02T07:39:55.470870+07:00,c11_sim,17,8.484,27.026,29.175,43.041,0.032,107.757
2026-09-02T07:39:55.502044+07:00,c11_sim,18,9.685,30.916,0.000,0.000,0.016,40.618
2026-09-02T07:39:55.526497+07:00,c11_sim,19,10.854,24.179,0.000,0.000,0.017,35.050
2026-09-02T07:39:55.640811+07:00,c11_sim,20,9.057,17.106,0.000,0.000,0.014,26.177
2026-09-02T07:39:55.756048+07:00,c11_sim,21,6.195,15.772,0.000,0.000,0.012,21.979
2026-09-02T07:39:55.901428+07:00,c11_sim,22,14.326,25.032,0.000,0.000,0.014,39.372
2026-09-02T07:39:56.008074+07:00,c11_sim,23,9.274,32.849,0.000,0.000,0.033,42.156
2026-09-02T07:39:56.147588+07:00,c11_sim,24,9.589,43.981,0.000,0.000,0.030,53.600
2026-09-02T07:39:56.259484+07:00,c11_sim,25,9.102,41.402,0.000,0.000,0.017,50.521
2026-09-02T07:39:56.382151+07:00,c11_sim,26,7.886,32.288,0.000,0.000,0.021,40.196
2026-09-02T07:39:56.568058+07:00,c11_sim,27,13.248,38.336,18.515,52.070,0.018,122.187
2026-09-02T07:39:56.581670+07:00,c11_sim,28,6.977,13.325,0.000,0.000,0.035,20.337
2026-09-02T07:39:56.717488+07:00,c11_sim,29,14.374,21.655,0.000,0.000,0.018,36.047
2026-09-02T07:39:56.833823+07:00,c11_sim,30,7.212,24.586,0.000,0.000,0.019,31.817
2026-09-02T07:39:56.974913+07:00,c11_sim,31,13.698,26.318,0.000,0.000,0.023,40.039
2026-09-02T07:39:57.089329+07:00,c11_sim,32,13.225,27.669,0.000,0.000,0.013,40.907
2026-09-02T07:39:57.269025+07:00,c11_sim,33,7.403,29.827,16.154,43.534,0.036,96.954
2026-09-02T07:39:57.352913+07:00,c11_sim,34,6.963,17.151,16.279,28.501,0.022,68.917
2026-09-02T07:39:57.465918+07:00,c11_sim,35,7.339,17.364,14.438,30.065,0.017,69.224
2026-09-02T07:39:57.616112+07:00,c11_sim,36,7.942,27.964,13.493,34.521,0.036,83.955
2026-09-02T07:39:57.756077+07:00,c11_sim,37,6.497,37.889,15.130,38.458,0.038,98.012
2026-09-02T07:39:57.842285+07:00,c11_sim,38,6.260,12.425,12.639,37.000,0.097,68.421
2026-09-02T07:39:57.982915+07:00,c11_sim,39,9.943,17.212,18.257,53.853,0.060,99.325
2026-09-02T07:39:58.157500+07:00,c11_sim,40,11.504,51.655,25.601,46.298,0.040,135.098
2026-09-02T07:39:58.266747+07:00,c11_sim,41,10.821,27.672,23.779,55.243,0.066,117.581
2026-09-02T07:39:58.495604+07:00,c11_sim,42,10.031,44.994,50.068,131.693,0.089,236.874
2026-09-02T07:39:58.694685+07:00,c11_sim,43,55.953,73.147,29.355,91.261,0.179,249.895
2026-09-02T07:39:59.069021+07:00,c11_sim,44,10.089,143.218,42.517,187.272,0.173,383.269
2026-09-02T07:39:59.448877+07:00,c11_sim,45,10.485,67.989,74.484,234.452,0.151,387.561
2026-09-02T07:39:59.761460+07:00,c11_sim,46,76.669,133.139,42.273,132.850,0.067,384.998
2026-09-02T07:40:00.054962+07:00,c11_sim,47,16.518,200.758,22.692,67.287,0.062,307.316
2026-09-02T07:40:00.282466+07:00,c11_sim,48,133.514,100.929,29.094,94.003,0.057,357.596
2026-09-02T07:40:00.472459+07:00,c11_sim,49,20.959,60.098,29.123,92.747,6.572,209.498
2026-09-02T07:40:00.737639+07:00,c11_sim,50,90.267,155.815,29.970,76.975,0.202,353.229
2026-09-02T07:40:01.037134+07:00,c11_sim,51,59.023,198.898,34.384,62.592,0.134,355.032
2026-09-02T07:40:01.330697+07:00,c11_sim,52,52.371,96.344,119.230,76.122,0.036,344.103
2026-09-02T07:40:01.420675+07:00,c11_sim,53,28.703,21.240,22.354,44.846,0.065,117.209
2026-09-02T07:40:01.600390+07:00,c11_sim,54,30.077,32.757,37.197,107.032,0.059,207.122
2026-09-02T07:40:01.818743+07:00,c11_sim,55,65.940,65.335,44.495,106.362,0.314,282.446
2026-09-02T07:40:02.073993+07:00,c11_sim,56,28.132,146.591,40.644,54.554,0.065,269.987
2026-09-02T07:40:02.464109+07:00,c11_sim,57,9.305,200.107,117.741,61.578,0.417,389.147
2026-09-02T07:40:02.784787+07:00,c11_sim,58,15.338,166.569,59.641,84.871,0.285,326.704
2026-09-02T07:40:02.943641+07:00,c11_sim,59,13.363,57.401,37.444,61.562,0.077,169.847
2026-09-02T07:40:03.111029+07:00,c11_sim,60,27.479,49.543,57.661,54.796,0.169,189.648
2026-09-02T07:40:03.278155+07:00,c11_sim,61,49.267,67.250,42.308,52.345,0.040,211.210
2026-09-02T07:40:03.438180+07:00,c11_sim,62,17.860,79.839,27.254,51.478,0.049,176.479
2026-09-02T07:40:03.612561+07:00,c11_sim,63,35.964,66.704,35.899,69.968,0.093,208.628
2026-09-02T07:40:03.780595+07:00,c11_sim,64,42.647,38.209,36.590,91.631,0.074,209.150
2026-09-02T07:40:03.921354+07:00,c11_sim,65,16.469,37.247,31.940,70.094,0.057,155.808
2026-09-02T07:40:03.989139+07:00,c11_sim,66,30.041,67.469,0.000,0.000,0.022,97.532
2026-09-02T07:40:04.381040+07:00,c11_sim,67,22.389,42.380,162.170,185.391,0.160,412.490
2026-09-02T07:40:04.780603+07:00,c11_sim,68,10.307,64.293,24.402,306.625,0.248,405.874
2026-09-02T07:40:05.046620+07:00,c11_sim,69,19.839,77.136,91.630,85.121,0.080,273.805
2026-09-02T07:40:05.276709+07:00,c11_sim,70,19.634,80.570,76.679,57.183,0.078,234.143
2026-09-02T07:40:05.488498+07:00,c11_sim,71,29.701,125.329,32.192,52.043,0.156,239.421
2026-09-02T07:40:05.797082+07:00,c11_sim,72,44.893,83.750,56.327,165.229,0.158,350.358
2026-09-02T07:40:06.053611+07:00,c11_sim,73,20.729,58.446,49.928,142.980,0.620,272.703
2026-09-02T07:40:06.338654+07:00,c11_sim,74,23.751,109.796,48.655,124.181,0.092,306.475
2026-09-02T07:40:06.590805+07:00,c11_sim,75,155.936,97.098,32.706,119.370,0.128,405.237
2026-09-02T07:40:06.748707+07:00,c11_sim,76,37.434,44.807,47.918,62.577,0.036,192.773
2026-09-02T07:40:06.951544+07:00,c11_sim,77,20.004,44.117,36.416,120.356,0.092,220.984
2026-09-02T07:40:07.189312+07:00,c11_sim,78,48.678,69.243,32.618,133.696,0.185,284.420
2026-09-02T07:40:07.524491+07:00,c11_sim,79,27.134,174.066,31.604,122.071,0.206,355.081
2026-09-02T07:40:07.856742+07:00,c11_sim,80,23.600,133.488,51.761,143.881,0.160,352.890
2026-09-02T07:40:08.173026+07:00,c11_sim,81,16.470,172.986,29.141,112.184,0.105,330.886
2026-09-02T07:40:08.471143+07:00,c11_sim,82,18.622,155.146,30.102,103.135,0.184,307.188
2026-09-02T07:40:08.784484+07:00,c11_sim,83,30.122,150.091,35.643,125.116,0.103,341.074
2026-09-02T07:40:09.028092+07:00,c11_sim,84,44.367,73.230,39.493,121.372,4.578,283.040
2026-09-02T07:40:09.323529+07:00,c11_sim,85,13.113,89.134,30.564,170.357,0.053,303.221
2026-09-02T07:40:09.600917+07:00,c11_sim,86,17.046,57.477,46.718,171.385,0.135,292.760
2026-09-02T07:40:09.834067+07:00,c11_sim,87,12.380,55.205,23.218,151.586,0.176,242.565
2026-09-02T07:40:10.048803+07:00,c11_sim,88,8.854,58.745,43.302,110.778,0.090,221.769
2026-09-02T07:40:10.303259+07:00,c11_sim,89,18.212,88.030,33.331,130.570,0.097,270.239
2026-09-02T07:40:10.516257+07:00,c11_sim,90,11.229,43.760,30.676,136.021,0.228,221.914
2026-09-02T07:40:10.717183+07:00,c11_sim,91,47.492,44.144,27.438,126.868,0.173,246.115
2026-09-02T07:40:10.912742+07:00,c11_sim,92,22.809,49.691,27.901,114.089,0.086,214.576
2026-09-02T07:40:11.128792+07:00,c11_sim,93,17.707,58.342,32.420,122.714,0.141,231.324
2026-09-02T07:40:11.329674+07:00,c11_sim,94,17.513,47.324,36.980,113.485,0.376,215.678
2026-09-02T07:40:11.548320+07:00,c11_sim,95,163.852,61.788,27.622,127.197,0.125,380.584
2026-09-02T07:40:11.750527+07:00,c11_sim,96,16.249,44.203,29.706,126.347,0.098,216.603
2026-09-02T07:40:11.952631+07:00,c11_sim,97,51.925,36.751,29.357,133.693,0.094,251.820
2026-09-02T07:40:12.155842+07:00,c11_sim,98,19.389,29.975,28.531,142.703,0.094,220.692
2026-09-02T07:40:12.366977+07:00,c11_sim,99,22.160,53.784,25.884,128.635,0.830,231.294
2026-09-02T07:40:12.599914+07:00,c11_sim,100,23.589,63.215,25.080,142.620,0.068,254.572
2026-09-02T07:40:12.837910+07:00,c11_sim,101,73.599,49.203,26.608,159.688,0.100,309.198
2026-09-02T07:40:13.057015+07:00,c11_sim,102,13.930,48.830,27.163,140.746,0.276,230.945
2026-09-02T07:40:13.316973+07:00,c11_sim,103,19.715,76.113,25.719,152.434,2.550,276.532
2026-09-02T07:40:13.556843+07:00,c11_sim,104,44.268,41.497,35.593,160.462,0.199,282.020
2026-09-02T07:40:13.754452+07:00,c11_sim,105,31.003,41.969,22.992,129.937,0.069,225.970
2026-09-02T07:40:13.985068+07:00,c11_sim,106,49.465,56.317,27.576,144.828,0.065,278.251
2026-09-02T07:40:14.212367+07:00,c11_sim,107,15.200,30.643,26.388,168.027,0.106,240.363
2026-09-02T07:40:14.452975+07:00,c11_sim,108,26.465,65.036,28.108,145.399,0.233,265.241
2026-09-02T07:40:14.656101+07:00,c11_sim,109,15.062,54.807,43.721,102.292,0.122,216.003
2026-09-02T07:40:14.882458+07:00,c11_sim,110,22.637,69.381,35.886,118.542,0.089,246.536
2026-09-02T07:40:15.110784+07:00,c11_sim,111,14.161,68.713,31.436,123.356,0.102,237.767
2026-09-02T07:40:15.416273+07:00,c11_sim,112,14.965,90.286,34.379,177.866,0.578,318.074
2026-09-02T07:40:15.680413+07:00,c11_sim,113,14.514,63.429,30.265,166.586,0.093,274.888
2026-09-02T07:40:15.932842+07:00,c11_sim,114,11.278,66.903,33.886,137.675,0.116,249.859
2026-09-02T07:40:16.146356+07:00,c11_sim,115,20.121,34.064,28.741,148.515,0.102,231.542
2026-09-02T07:40:16.343068+07:00,c11_sim,116,12.913,33.897,35.230,125.539,0.169,207.747
2026-09-02T07:40:16.539872+07:00,c11_sim,117,52.667,46.052,37.174,110.643,0.255,246.791
2026-09-02T07:40:16.745020+07:00,c11_sim,118,14.242,45.318,34.617,122.615,0.291,217.083
2026-09-02T07:40:16.949210+07:00,c11_sim,119,18.777,35.802,29.863,136.246,0.295,220.983
2026-09-02T07:40:17.128711+07:00,c11_sim,120,33.790,33.525,31.816,112.197,0.083,211.411
2026-09-02T07:40:17.337263+07:00,c11_sim,121,12.419,44.182,30.359,131.685,0.067,218.713
2026-09-02T07:40:17.549386+07:00,c11_sim,122,134.958,51.319,35.198,123.068,0.093,344.637
2026-09-02T07:40:17.764559+07:00,c11_sim,123,24.820,38.440,31.403,142.918,0.081,237.660
2026-09-02T07:40:17.938817+07:00,c11_sim,124,12.193,32.943,25.928,113.637,0.054,184.755
2026-09-02T07:40:18.087396+07:00,c11_sim,125,38.874,20.397,23.438,103.175,0.071,185.956
2026-09-02T07:40:18.257529+07:00,c11_sim,126,14.785,28.785,30.819,108.707,0.058,183.154
2026-09-02T07:40:18.447974+07:00,c11_sim,127,9.428,49.050,33.648,105.714,0.069,197.911
2026-09-02T07:40:18.625403+07:00,c11_sim,128,60.813,41.840,26.308,107.553,0.063,236.577
2026-09-02T07:40:18.785880+07:00,c11_sim,129,11.572,29.977,25.740,101.816,0.050,169.155
2026-09-02T07:40:18.935166+07:00,c11_sim,130,26.387,18.582,22.401,106.182,0.090,173.642
2026-09-02T07:40:19.160025+07:00,c11_sim,131,10.758,93.192,28.389,101.585,0.092,234.016
2026-09-02T07:40:19.385243+07:00,c11_sim,132,36.736,57.488,51.866,113.125,0.063,259.277
2026-09-02T07:40:19.493575+07:00,c11_sim,133,12.328,31.036,28.919,47.099,0.050,119.431
2026-09-02T07:40:19.605291+07:00,c11_sim,134,12.672,29.549,31.240,49.863,0.048,123.372
2026-09-02T07:40:19.750124+07:00,c11_sim,135,10.585,67.644,25.261,50.584,0.048,154.121
2026-09-02T07:40:19.868085+07:00,c11_sim,136,13.475,34.027,27.480,55.064,0.054,130.101
2026-09-02T07:40:19.986942+07:00,c11_sim,137,17.588,32.404,28.566,56.406,0.057,135.022
2026-09-02T07:40:20.213866+07:00,c11_sim,138,25.394,137.954,31.966,52.406,0.088,247.808
2026-09-02T07:40:20.389243+07:00,c11_sim,139,13.675,64.310,58.197,51.099,0.042,187.323
2026-09-02T07:40:20.428328+07:00,c11_sim,140,8.880,38.751,0.000,0.000,0.026,47.657
2026-09-02T07:40:20.465344+07:00,c11_sim,141,23.526,36.676,0.000,0.000,0.023,60.226
2026-09-02T07:40:20.589704+07:00,c11_sim,142,9.026,38.414,36.384,47.835,0.048,131.706
2026-09-02T07:40:20.780400+07:00,c11_sim,143,13.865,34.372,33.965,120.303,0.432,202.936
2026-09-02T07:40:20.988861+07:00,c11_sim,144,8.826,46.182,31.177,129.142,0.064,215.391
2026-09-02T07:40:21.189624+07:00,c11_sim,145,8.355,38.470,33.823,126.585,0.069,207.301
2026-09-02T07:40:21.379610+07:00,c11_sim,146,12.535,37.557,29.944,119.923,0.254,200.213
2026-09-02T07:40:21.569746+07:00,c11_sim,147,10.291,37.826,32.525,115.748,1.129,197.519
2026-09-02T07:40:21.765377+07:00,c11_sim,148,17.245,38.029,32.670,122.777,0.281,211.002
2026-09-02T07:40:21.966077+07:00,c11_sim,149,14.970,42.692,28.795,127.176,0.119,213.752
2026-09-02T07:40:22.088568+07:00,c11_sim,150,12.654,36.172,28.627,55.554,0.051,133.058
2026-09-02T07:40:22.200625+07:00,c11_sim,151,24.094,32.499,28.746,49.150,0.053,134.543
2026-09-02T07:40:22.317444+07:00,c11_sim,152,10.765,32.413,32.441,50.529,0.061,126.209
2026-09-02T07:40:22.468411+07:00,c11_sim,153,14.193,44.577,54.262,49.481,0.073,162.586
2026-09-02T07:40:22.568754+07:00,c11_sim,154,9.489,26.247,27.233,45.132,0.049,108.150
2026-09-02T07:40:22.735881+07:00,c11_sim,155,12.475,27.623,34.014,103.877,0.069,178.059
2026-09-02T07:40:22.920154+07:00,c11_sim,156,9.489,41.597,40.457,99.974,0.051,191.568
2026-09-02T07:40:23.030154+07:00,c11_sim,157,16.785,29.460,26.953,51.802,0.049,125.049
2026-09-02T07:40:23.140501+07:00,c11_sim,158,34.627,29.441,30.591,47.703,0.046,142.407
2026-09-02T07:40:23.240552+07:00,c11_sim,159,9.816,22.790,29.048,46.673,0.044,108.370
2026-09-02T07:40:23.348661+07:00,c11_sim,160,16.635,28.694,27.613,50.361,0.046,123.348
2026-09-02T07:40:23.447103+07:00,c11_sim,161,8.078,23.992,25.115,47.726,0.046,104.957
2026-09-02T07:40:23.605169+07:00,c11_sim,162,14.852,26.087,24.341,106.214,0.054,171.549
2026-09-02T07:40:23.711926+07:00,c11_sim,163,9.146,25.445,27.257,52.438,0.059,114.346
2026-09-02T07:40:23.772693+07:00,c11_sim,164,10.732,30.650,28.190,0.009,0.033,69.614
2026-09-02T07:40:23.813902+07:00,c11_sim,165,16.861,20.543,18.892,0.007,0.027,56.330
2026-09-02T07:40:23.891650+07:00,c11_sim,166,19.013,20.291,18.852,37.254,0.053,95.462
2026-09-02T07:40:24.001222+07:00,c11_sim,167,10.797,21.126,38.436,48.684,0.035,119.076
2026-09-02T07:40:24.145344+07:00,c11_sim,168,14.437,58.180,34.719,49.239,0.220,156.794
2026-09-02T07:40:24.267602+07:00,c11_sim,169,8.640,39.383,32.109,48.376,0.292,128.800
2026-09-02T07:40:24.376577+07:00,c11_sim,170,9.203,29.022,31.445,46.941,0.039,116.650
2026-09-02T07:40:24.479318+07:00,c11_sim,171,17.132,49.969,49.461,0.026,0.066,116.655
2026-09-02T07:40:24.615752+07:00,c11_sim,172,9.115,60.575,34.779,39.434,0.034,143.937
2026-09-02T07:40:24.757135+07:00,c11_sim,173,13.031,27.397,66.942,45.349,0.050,152.770
2026-09-02T07:40:24.872478+07:00,c11_sim,174,11.893,65.082,48.268,0.007,0.033,125.282
2026-09-02T07:40:24.922217+07:00,c11_sim,175,14.766,24.588,24.118,0.006,0.025,63.503
2026-09-02T07:40:24.962276+07:00,c11_sim,176,9.811,20.415,18.672,0.010,0.029,48.936
2026-09-02T07:40:24.998403+07:00,c11_sim,177,10.802,19.390,15.894,0.004,0.017,46.106
2026-09-02T07:40:25.030636+07:00,c11_sim,178,10.634,16.537,14.866,0.004,0.016,42.057
2026-09-02T07:40:25.063073+07:00,c11_sim,179,19.713,17.386,14.339,0.005,0.022,51.464
2026-09-02T07:40:25.094330+07:00,c11_sim,180,9.848,16.806,13.624,0.016,0.023,40.317
2026-09-02T07:40:25.122063+07:00,c11_sim,181,34.328,14.572,12.347,0.003,0.012,61.263
2026-09-02T07:40:25.150983+07:00,c11_sim,182,10.575,15.799,12.460,0.005,0.020,38.858
2026-09-02T07:40:25.183441+07:00,c11_sim,183,45.951,16.991,14.616,0.006,0.021,77.585
2026-09-02T07:40:25.219088+07:00,c11_sim,184,16.506,20.568,14.061,0.005,0.022,51.163
2026-09-02T07:40:25.260990+07:00,c11_sim,185,14.766,26.671,14.149,0.004,0.020,55.611
2026-09-02T07:40:25.325239+07:00,c11_sim,186,10.523,47.885,15.122,0.018,0.066,73.614
2026-09-02T07:40:25.372455+07:00,c11_sim,187,11.308,33.297,12.873,0.004,0.017,57.499
2026-09-02T07:40:25.408997+07:00,c11_sim,188,14.007,23.003,12.342,0.004,0.351,49.706
2026-09-02T07:40:25.438425+07:00,c11_sim,189,10.240,15.552,13.125,0.004,0.036,38.958
2026-09-02T07:40:25.477849+07:00,c11_sim,190,9.971,24.035,14.287,0.005,0.017,48.315
2026-09-02T07:40:25.512951+07:00,c11_sim,191,12.888,17.464,16.667,0.006,0.035,47.061
2026-09-02T07:40:25.570945+07:00,c11_sim,192,13.389,22.904,32.905,0.005,0.188,69.392
2026-09-02T07:40:25.647871+07:00,c11_sim,193,19.317,45.172,28.300,0.005,0.019,92.813
2026-09-02T07:40:25.710263+07:00,c11_sim,194,10.261,38.791,22.309,0.006,0.023,71.390
2026-09-02T07:40:25.764846+07:00,c11_sim,195,17.258,35.363,15.991,0.006,0.026,68.644
2026-09-02T07:40:25.815987+07:00,c11_sim,196,10.096,35.506,14.377,0.006,0.021,60.006
2026-09-02T07:40:25.845823+07:00,c11_sim,197,16.058,29.572,0.000,0.000,0.013,45.643
2026-09-02T07:40:25.877171+07:00,c11_sim,198,13.541,31.127,0.000,0.000,0.012,44.680
2026-09-02T07:40:25.905258+07:00,c11_sim,199,10.199,27.837,0.000,0.000,0.016,38.052
2026-09-02T07:40:25.936564+07:00,c11_sim,200,12.825,31.076,0.000,0.000,0.017,43.918
2026-09-02T07:40:25.979928+07:00,c11_sim,201,14.981,28.110,14.387,0.004,0.018,57.500
2026-09-02T07:40:26.029346+07:00,c11_sim,202,20.548,31.337,14.833,0.004,0.018,66.740
2026-09-02T07:40:26.072528+07:00,c11_sim,203,14.180,25.902,14.987,0.004,0.015,55.088
2026-09-02T07:40:26.113866+07:00,c11_sim,204,10.087,27.377,13.187,0.005,0.020,50.677
2026-09-02T07:40:26.165254+07:00,c11_sim,205,10.865,36.534,13.745,0.004,0.017,61.165
2026-09-02T07:40:26.224577+07:00,c11_sim,206,8.393,45.052,13.425,0.004,0.014,66.888
2026-09-02T07:40:26.257927+07:00,c11_sim,207,7.783,18.790,13.801,0.004,0.014,40.393
2026-09-02T07:40:26.273358+07:00,c11_sim,208,10.304,15.247,0.000,0.000,0.012,25.563
2026-09-02T07:40:26.289076+07:00,c11_sim,209,18.670,15.540,0.000,0.000,0.009,34.220
2026-09-02T07:40:26.305753+07:00,c11_sim,210,8.047,16.542,0.000,0.000,0.008,24.598
2026-09-02T07:40:26.320982+07:00,c11_sim,211,9.068,15.024,0.000,0.000,0.011,24.104
2026-09-02T07:40:26.338869+07:00,c11_sim,212,11.052,17.695,0.000,0.000,0.010,28.757
2026-09-02T07:40:26.354913+07:00,c11_sim,213,8.334,15.890,0.000,0.000,0.009,24.233
2026-09-02T07:40:26.371317+07:00,c11_sim,214,8.720,16.192,0.000,0.000,0.012,24.924
2026-09-02T07:40:26.391146+07:00,c11_sim,215,41.893,19.657,0.000,0.000,0.010,61.560
2026-09-02T07:40:26.423008+07:00,c11_sim,216,10.746,16.745,14.270,0.004,0.015,41.780
2026-09-02T07:40:26.442826+07:00,c11_sim,217,20.820,19.647,0.000,0.000,0.010,40.477
2026-09-02T07:40:26.460004+07:00,c11_sim,218,10.294,17.026,0.000,0.000,0.009,27.329
2026-09-02T07:40:26.489800+07:00,c11_sim,219,8.760,16.031,13.063,0.004,0.015,37.873
2026-09-02T07:40:26.508017+07:00,c11_sim,220,10.578,18.013,0.000,0.000,0.013,28.604
2026-09-02T07:40:26.527944+07:00,c11_sim,221,8.717,19.752,0.000,0.000,0.011,28.480
2026-09-02T07:40:26.548962+07:00,c11_sim,222,9.677,20.832,0.000,0.000,0.012,30.521
2026-09-02T07:40:26.574330+07:00,c11_sim,223,9.858,25.157,0.000,0.000,0.018,35.033
2026-09-02T07:40:26.596280+07:00,c11_sim,224,47.519,21.707,0.000,0.000,0.014,69.240
2026-09-02T07:40:26.617908+07:00,c11_sim,225,20.731,21.356,0.000,0.000,0.015,42.103
2026-09-02T07:40:26.644003+07:00,c11_sim,226,15.306,25.879,0.000,0.000,0.013,41.198
2026-09-02T07:40:26.666150+07:00,c11_sim,227,10.834,21.948,0.000,0.000,0.012,32.794
2026-09-02T07:40:26.697002+07:00,c11_sim,228,9.879,18.179,11.954,0.004,0.014,40.029
2026-09-02T07:40:26.716936+07:00,c11_sim,229,10.458,19.750,0.000,0.000,0.011,30.220
2026-09-02T07:40:26.739509+07:00,c11_sim,230,21.307,22.405,0.000,0.000,0.010,43.723
2026-09-02T07:40:26.774104+07:00,c11_sim,231,9.338,22.100,11.737,0.004,0.014,43.193
2026-09-02T07:40:26.812969+07:00,c11_sim,232,14.026,26.866,11.239,0.003,0.013,52.147
2026-09-02T07:40:26.839441+07:00,c11_sim,233,10.476,26.293,0.000,0.000,0.012,36.780
2026-09-02T07:40:26.881239+07:00,c11_sim,234,13.336,28.668,12.097,0.003,0.015,54.118
2026-09-02T07:40:26.909380+07:00,c11_sim,235,14.185,27.978,0.000,0.000,0.008,42.171
2026-09-02T07:40:26.952832+07:00,c11_sim,236,10.382,28.575,14.095,0.004,0.017,53.074
2026-09-02T07:40:26.992758+07:00,c11_sim,237,13.005,21.095,16.001,0.006,0.023,50.129
2026-09-02T07:40:27.035042+07:00,c11_sim,238,11.397,28.857,12.305,0.004,0.016,52.579
2026-09-02T07:40:27.067343+07:00,c11_sim,239,9.184,18.833,12.561,0.003,0.017,40.597
2026-09-02T07:40:27.098759+07:00,c11_sim,240,14.453,19.103,11.594,0.004,0.016,45.170
2026-09-02T07:40:27.129052+07:00,c11_sim,241,11.433,17.066,12.393,0.004,0.016,40.913
2026-09-02T07:40:27.160960+07:00,c11_sim,242,13.171,18.342,12.306,0.004,0.016,43.838
2026-09-02T07:40:27.195861+07:00,c11_sim,243,14.380,20.868,12.914,0.004,0.020,48.186
2026-09-02T07:40:27.228469+07:00,c11_sim,244,9.457,19.660,12.174,0.004,0.017,41.311
2026-09-02T07:40:27.262355+07:00,c11_sim,245,11.182,20.810,11.967,0.004,0.035,43.998
2026-09-02T07:40:27.295221+07:00,c11_sim,246,14.523,20.365,11.707,0.004,0.014,46.613
2026-09-02T07:40:27.327845+07:00,c11_sim,247,9.686,19.595,12.279,0.004,0.016,41.580
2026-09-02T07:40:27.370188+07:00,c11_sim,248,10.651,29.764,11.771,0.003,0.013,52.203
2026-09-02T07:40:27.410233+07:00,c11_sim,249,11.724,25.924,13.369,0.005,0.019,51.040
2026-09-02T07:40:27.447042+07:00,c11_sim,250,11.285,23.797,11.889,0.004,0.014,46.988
2026-09-02T07:40:27.482440+07:00,c11_sim,251,7.857,22.679,11.984,0.004,0.016,42.539
2026-09-02T07:40:27.518095+07:00,c11_sim,252,8.387,22.402,12.388,0.003,0.014,43.195
2026-09-02T07:40:27.562097+07:00,c11_sim,253,8.583,28.431,13.088,0.005,0.018,50.124
2026-09-02T07:40:27.603051+07:00,c11_sim,254,9.767,27.205,12.063,0.004,0.017,49.055
2026-09-02T07:40:27.643117+07:00,c11_sim,255,8.646,25.865,11.774,0.004,0.017,46.306
2026-09-02T07:40:27.668697+07:00,c11_sim,256,8.241,25.357,0.000,0.000,0.013,33.611
2026-09-02T07:40:27.693162+07:00,c11_sim,257,16.829,21.121,0.000,0.000,0.013,37.962
2026-09-02T07:40:27.727106+07:00,c11_sim,258,11.421,20.916,12.199,0.004,0.016,44.556
2026-09-02T07:40:27.766651+07:00,c11_sim,259,9.454,26.852,11.709,0.004,0.016,48.035
2026-09-02T07:40:27.789297+07:00,c11_sim,260,16.560,22.473,0.000,0.000,0.010,39.042
2026-09-02T07:40:27.813646+07:00,c11_sim,261,37.603,24.194,0.000,0.000,0.009,61.805
2026-09-02T07:40:27.836060+07:00,c11_sim,262,9.118,22.275,0.000,0.000,0.009,31.402
2026-09-02T07:40:27.872147+07:00,c11_sim,263,12.485,22.365,12.977,0.004,0.013,47.845
2026-09-02T07:40:27.906542+07:00,c11_sim,264,15.275,21.527,11.528,0.004,0.016,48.350
2026-09-02T07:40:27.944919+07:00,c11_sim,265,7.069,25.954,11.700,0.004,0.013,44.741
2026-09-02T07:40:27.967903+07:00,c11_sim,266,5.975,22.833,0.000,0.000,0.009,28.817
2026-09-02T07:40:28.006255+07:00,c11_sim,267,6.415,25.099,12.559,0.004,0.015,44.091
2026-09-02T07:40:28.044643+07:00,c11_sim,268,6.419,24.700,12.925,0.003,0.013,44.059
2026-09-02T07:40:28.085174+07:00,c11_sim,269,8.129,28.196,11.410,0.004,0.015,47.754
2026-09-02T07:40:28.124913+07:00,c11_sim,270,15.649,25.052,13.732,0.003,0.015,54.451
2026-09-02T07:40:28.152800+07:00,c11_sim,271,10.172,27.670,0.000,0.000,0.012,37.855
2026-09-02T07:40:28.193158+07:00,c11_sim,272,6.201,25.896,13.472,0.003,0.013,45.585
2026-09-02T07:40:28.231465+07:00,c11_sim,273,8.026,26.065,11.518,0.003,0.013,45.625
2026-09-02T07:40:28.270051+07:00,c11_sim,274,10.102,26.380,11.556,0.007,0.017,48.062
2026-09-02T07:40:28.282986+07:00,c11_sim,275,6.830,12.782,0.000,0.000,0.006,19.618
2026-09-02T07:40:28.294091+07:00,c11_sim,276,6.444,11.011,0.000,0.000,0.005,17.460
2026-09-02T07:40:28.305070+07:00,c11_sim,277,4.986,10.886,0.000,0.000,0.006,15.878
2026-09-02T07:40:28.334947+07:00,c11_sim,278,4.701,11.870,17.213,0.000,0.010,33.794
2026-09-02T07:40:28.360108+07:00,c11_sim,279,5.771,11.899,12.483,0.003,0.131,30.287
2026-09-02T07:40:28.386430+07:00,c11_sim,280,6.152,13.737,11.793,0.003,0.125,31.811
2026-09-02T07:40:28.412325+07:00,c11_sim,281,6.362,13.529,11.596,0.003,0.109,31.599
2026-09-02T07:40:28.438372+07:00,c11_sim,282,5.963,13.785,11.491,0.003,0.109,31.351
2026-09-02T07:40:28.465485+07:00,c11_sim,283,6.068,14.752,11.607,0.003,0.011,32.442
2026-09-02T07:40:28.493691+07:00,c11_sim,284,6.129,16.183,11.364,0.003,0.013,33.692
2026-09-02T07:40:28.523255+07:00,c11_sim,285,5.857,17.512,11.372,0.002,0.012,34.756
2026-09-02T07:40:28.552627+07:00,c11_sim,286,5.983,16.962,11.652,0.003,0.016,34.616
2026-09-02T07:40:28.588032+07:00,c11_sim,287,6.138,22.361,11.875,0.006,0.389,40.769
2026-09-02T07:40:28.621067+07:00,c11_sim,288,6.711,20.888,11.356,0.003,0.011,38.969
2026-09-02T07:40:28.655094+07:00,c11_sim,289,6.431,21.442,11.179,0.002,0.274,39.329
2026-09-02T07:40:28.694275+07:00,c11_sim,290,6.170,24.861,12.899,0.004,0.196,44.129
2026-09-02T07:40:28.735887+07:00,c11_sim,291,7.496,27.707,12.768,0.003,0.015,47.990
2026-09-02T07:40:28.775399+07:00,c11_sim,292,5.872,26.274,12.216,0.004,0.014,44.380
2026-09-02T07:40:28.820419+07:00,c11_sim,293,5.919,30.876,12.921,0.004,0.016,49.736
2026-09-02T07:40:28.859638+07:00,c11_sim,294,6.133,25.139,13.042,0.004,0.016,44.333
2026-09-02T07:40:28.900638+07:00,c11_sim,295,6.508,27.082,12.884,0.005,0.017,46.495
2026-09-02T07:40:28.943566+07:00,c11_sim,296,6.850,29.002,12.896,0.004,0.017,48.768
2026-09-02T07:40:28.981172+07:00,c11_sim,297,6.165,25.245,11.560,0.004,0.014,42.988
2026-09-02T07:40:29.028085+07:00,c11_sim,298,5.584,31.674,14.350,0.003,0.012,51.623
2026-09-02T07:40:29.065603+07:00,c11_sim,299,5.414,23.874,12.097,0.003,0.011,41.400
2026-09-02T07:40:29.101869+07:00,c11_sim,300,5.660,23.877,11.507,0.003,0.011,41.056
2026-09-02T07:40:29.155846+07:00,c11_sim,301,6.115,24.621,28.581,0.004,0.015,59.336
2026-09-02T07:40:29.203429+07:00,c11_sim,302,5.833,33.530,12.728,0.004,0.014,52.109
2026-09-02T07:40:29.238083+07:00,c11_sim,303,6.463,22.231,11.734,0.003,0.013,40.443
2026-09-02T07:40:29.263296+07:00,c11_sim,304,5.981,12.507,12.027,0.004,0.014,30.533
2026-09-02T07:40:29.288469+07:00,c11_sim,305,6.405,12.751,11.772,0.003,0.013,30.945
2026-09-02T07:40:29.314165+07:00,c11_sim,306,6.357,13.184,11.302,0.003,0.014,30.861
2026-09-02T07:40:29.338780+07:00,c11_sim,307,5.698,12.774,11.156,0.003,0.011,29.643
2026-09-02T07:40:29.364480+07:00,c11_sim,308,5.909,13.682,11.332,0.003,0.013,30.940
2026-09-02T07:40:29.391850+07:00,c11_sim,309,6.104,14.730,11.950,0.003,0.012,32.800
2026-09-02T07:40:29.418742+07:00,c11_sim,310,5.993,14.896,11.309,0.003,0.012,32.213
2026-09-02T07:40:29.446507+07:00,c11_sim,311,6.112,15.716,11.386,0.003,0.009,33.225
2026-09-02T07:40:29.477194+07:00,c11_sim,312,6.208,18.397,11.650,0.003,0.012,36.270
2026-09-02T07:40:29.508625+07:00,c11_sim,313,6.051,19.454,11.257,0.003,0.010,36.774
2026-09-02T07:40:29.544783+07:00,c11_sim,314,6.088,23.756,11.350,0.003,0.012,41.210
2026-09-02T07:40:29.581489+07:00,c11_sim,315,5.924,24.870,11.126,0.003,0.011,41.935
2026-09-02T07:40:29.618103+07:00,c11_sim,316,5.915,24.515,11.346,0.003,0.012,41.792
2026-09-02T07:40:29.657079+07:00,c11_sim,317,6.232,25.195,12.912,0.003,0.014,44.355
2026-09-02T07:40:29.696953+07:00,c11_sim,318,6.009,26.189,12.796,0.003,0.013,45.011
2026-09-02T07:40:29.737634+07:00,c11_sim,319,6.226,26.740,12.880,0.003,0.019,45.868
2026-09-02T07:40:29.778609+07:00,c11_sim,320,6.449,27.290,12.652,0.004,0.015,46.409
2026-09-02T07:40:29.819333+07:00,c11_sim,321,6.844,26.911,12.612,0.004,0.016,46.387
2026-09-02T07:40:29.859913+07:00,c11_sim,322,5.819,26.912,12.636,0.003,0.016,45.387
2026-09-02T07:40:29.898835+07:00,c11_sim,323,6.504,25.639,12.201,0.004,0.015,44.363
2026-09-02T07:40:29.938654+07:00,c11_sim,324,5.695,26.416,12.585,0.004,0.017,44.717
2026-09-02T07:40:29.964470+07:00,c11_sim,325,6.578,13.517,11.620,0.003,0.011,31.729
2026-09-02T07:40:29.989189+07:00,c11_sim,326,5.756,12.343,11.640,0.003,0.011,29.753
2026-09-02T07:40:30.014186+07:00,c11_sim,327,5.779,13.049,11.406,0.003,0.011,30.247
2026-09-02T07:40:30.027344+07:00,c11_sim,328,5.829,12.979,0.000,0.000,0.012,18.819
2026-09-02T07:40:30.052766+07:00,c11_sim,329,5.749,13.051,11.688,0.003,0.013,30.504
2026-09-02T07:40:30.078929+07:00,c11_sim,330,6.023,13.367,12.117,0.003,0.012,31.523
2026-09-02T07:40:30.104814+07:00,c11_sim,331,5.698,13.822,11.347,0.003,0.011,30.881
2026-09-02T07:40:30.132169+07:00,c11_sim,332,5.777,15.201,11.511,0.003,0.013,32.504
2026-09-02T07:40:30.160680+07:00,c11_sim,333,5.832,15.760,12.084,0.003,0.012,33.690
2026-09-02T07:40:30.190405+07:00,c11_sim,334,5.972,17.445,11.560,0.003,0.011,34.991
2026-09-02T07:40:30.223038+07:00,c11_sim,335,6.124,20.542,11.381,0.003,0.012,38.061
2026-09-02T07:40:30.260558+07:00,c11_sim,336,5.979,24.731,11.686,0.003,0.011,42.410
2026-09-02T07:40:30.285972+07:00,c11_sim,337,6.283,25.280,0.000,0.000,0.007,31.570
2026-09-02T07:40:30.320361+07:00,c11_sim,338,6.121,21.400,12.309,0.003,0.011,39.845
2026-09-02T07:40:30.354524+07:00,c11_sim,339,6.119,21.916,11.547,0.003,0.011,39.596
2026-09-02T07:40:30.376668+07:00,c11_sim,340,6.016,22.005,0.000,0.000,0.009,28.030
2026-09-02T07:40:30.398023+07:00,c11_sim,341,6.034,21.204,0.000,0.000,0.012,27.251
2026-09-02T07:40:30.418589+07:00,c11_sim,342,6.288,20.392,0.000,0.000,0.007,26.688
2026-09-02T07:40:30.452046+07:00,c11_sim,343,5.856,19.961,12.862,0.003,0.012,38.694
2026-09-02T07:40:30.487555+07:00,c11_sim,344,5.860,20.592,13.998,0.004,0.117,40.572
2026-09-02T07:40:30.523982+07:00,c11_sim,345,13.682,23.175,12.456,0.004,0.015,49.332
2026-09-02T07:40:30.561153+07:00,c11_sim,346,6.841,23.390,12.991,0.003,0.012,43.237
2026-09-02T07:40:30.649867+07:00,c11_sim,347,5.767,24.512,12.736,50.687,0.018,93.720
2026-09-02T07:40:30.700740+07:00,c11_sim,348,5.637,10.344,12.228,27.623,0.017,55.849
2026-09-02T07:40:30.751037+07:00,c11_sim,349,5.848,9.921,12.007,27.732,0.014,55.521
2026-09-02T07:40:30.760752+07:00,c11_sim,350,5.824,9.577,0.000,0.000,0.007,15.408
2026-09-02T07:40:30.770366+07:00,c11_sim,351,5.860,9.518,0.000,0.000,0.007,15.384
2026-09-02T07:40:30.822221+07:00,c11_sim,352,5.891,9.279,13.824,28.141,0.013,57.147
2026-09-02T07:40:30.831909+07:00,c11_sim,353,5.942,9.554,0.000,0.000,0.009,15.505
2026-09-02T07:40:30.841397+07:00,c11_sim,354,5.719,9.374,0.000,0.000,0.006,15.099
2026-09-02T07:40:30.894582+07:00,c11_sim,355,5.744,9.127,15.357,28.033,0.012,58.272
2026-09-02T07:40:30.945701+07:00,c11_sim,356,5.805,9.351,13.360,27.805,0.013,56.334
2026-09-02T07:40:30.996699+07:00,c11_sim,357,5.892,9.795,12.640,27.943,0.020,56.290
2026-09-02T07:40:31.048003+07:00,c11_sim,358,5.945,10.790,11.820,27.958,0.107,56.620
2026-09-02T07:40:31.098727+07:00,c11_sim,359,5.851,10.251,11.820,27.968,0.055,55.946
2026-09-02T07:40:31.150452+07:00,c11_sim,360,6.219,9.535,11.716,29.840,0.014,57.324
2026-09-02T07:40:31.206083+07:00,c11_sim,361,5.995,10.315,11.135,33.464,0.014,60.923
2026-09-02T07:40:31.273559+07:00,c11_sim,362,6.122,12.056,14.372,40.255,0.014,72.820
2026-09-02T07:40:31.348373+07:00,c11_sim,363,5.803,13.747,13.318,46.937,0.017,79.821
2026-09-02T07:40:31.426978+07:00,c11_sim,364,5.918,14.514,13.511,49.731,0.024,83.698
2026-09-02T07:40:31.507989+07:00,c11_sim,365,5.881,15.211,13.416,51.335,0.113,85.956
2026-09-02T07:40:31.748393+07:00,c11_sim,366,5.595,198.210,12.691,28.193,0.013,244.701
2026-09-02T07:40:31.748492+07:00,c12_sim,32,4.683,198.210,0.000,0.000,0.005,202.898
2026-09-02T07:40:31.805773+07:00,c11_sim,367,6.259,14.880,11.338,29.950,0.043,62.470
2026-09-02T07:40:31.868571+07:00,c12_sim,33,4.563,14.880,22.837,39.381,0.022,81.682
2026-09-02T07:40:31.963423+07:00,c11_sim,368,5.790,19.517,12.499,62.138,0.031,99.975
2026-09-02T07:40:31.963546+07:00,c12_sim,34,5.612,19.517,0.000,0.000,0.005,25.135
2026-09-02T07:40:32.171061+07:00,c11_sim,369,5.661,51.686,16.530,138.371,0.032,212.280
2026-09-02T07:40:32.171183+07:00,c12_sim,35,7.461,51.686,0.000,0.000,0.006,59.154
2026-09-02T07:40:32.221850+07:00,c11_sim,370,6.147,29.369,19.722,0.000,0.018,55.256
2026-09-02T07:40:32.222026+07:00,c12_sim,36,5.872,29.369,0.000,0.000,0.006,35.247
2026-09-02T07:40:32.316836+07:00,c11_sim,371,6.311,26.381,18.601,48.209,0.140,99.642
2026-09-02T07:40:32.317041+07:00,c12_sim,37,6.876,26.381,0.000,0.000,0.011,33.268
2026-09-02T07:40:32.586809+07:00,c10_sim,59,6.451,269.511,0.000,0.000,0.021,275.984
2026-09-02T07:40:32.634925+07:00,c11_sim,372,5.706,269.511,14.475,32.133,0.016,321.841
2026-09-02T07:40:32.635041+07:00,c12_sim,38,8.798,269.511,0.000,0.000,0.006,278.314
2026-09-02T07:40:32.653952+07:00,c10_sim,60,8.942,18.337,0.000,0.000,0.356,27.635
2026-09-02T07:40:32.699231+07:00,c11_sim,373,5.988,18.337,11.783,32.865,0.043,69.015
2026-09-02T07:40:32.736554+07:00,c10_sim,61,6.031,17.868,18.029,0.006,0.027,41.960
2026-09-02T07:40:32.796069+07:00,c11_sim,374,5.793,17.868,14.424,43.582,0.026,81.692
2026-09-02T07:40:32.855842+07:00,c10_sim,62,6.107,26.818,30.233,0.011,0.033,63.201
2026-09-02T07:40:32.963729+07:00,c11_sim,375,5.990,26.818,38.313,67.187,0.055,138.363
2026-09-02T07:40:33.059475+07:00,c10_sim,63,7.609,70.475,23.769,0.006,0.021,101.880
2026-09-02T07:40:33.123134+07:00,c11_sim,376,5.842,70.475,18.512,43.526,0.133,138.488
2026-09-02T07:40:33.185415+07:00,c10_sim,64,13.895,32.486,27.957,0.010,0.038,74.387
2026-09-02T07:40:33.252272+07:00,c11_sim,377,5.941,32.486,22.264,42.531,0.022,103.243
2026-09-02T07:40:33.303021+07:00,c10_sim,65,17.625,25.153,24.241,0.008,0.030,67.057
2026-09-02T07:40:33.372048+07:00,c11_sim,378,5.876,25.153,24.182,43.001,0.020,98.233
2026-09-02T07:40:33.415118+07:00,c10_sim,66,8.153,22.661,17.549,0.006,0.025,48.393
2026-09-02T07:40:33.475785+07:00,c11_sim,379,5.887,22.661,16.034,43.049,0.022,87.653
2026-09-02T07:40:33.518701+07:00,c10_sim,67,9.174,24.545,17.224,0.005,0.019,50.967
2026-09-02T07:40:33.579600+07:00,c11_sim,380,5.936,24.545,15.803,43.101,0.022,89.406
2026-09-02T07:40:33.629068+07:00,c10_sim,68,9.219,28.382,19.663,0.005,0.023,57.293
2026-09-02T07:40:33.699741+07:00,c11_sim,381,6.384,28.382,17.665,51.283,0.042,103.756
2026-09-02T07:40:33.777655+07:00,c10_sim,69,8.108,46.289,29.423,0.010,0.036,83.866
2026-09-02T07:40:33.847295+07:00,c11_sim,382,6.312,46.289,26.824,40.537,0.030,119.992
2026-09-02T07:40:33.901816+07:00,c10_sim,70,8.152,26.862,25.914,0.007,0.021,60.957
2026-09-02T07:40:33.976530+07:00,c11_sim,383,5.962,26.862,28.789,43.810,0.046,105.469
2026-09-02T07:40:34.007372+07:00,c10_sim,71,8.273,30.220,0.000,0.000,0.021,38.515
2026-09-02T07:40:34.082762+07:00,c11_sim,384,5.692,30.220,26.794,46.261,0.352,109.320
2026-09-02T07:40:34.205481+07:00,c10_sim,72,13.943,40.573,32.107,47.482,0.102,134.207
2026-09-02T07:40:34.282933+07:00,c11_sim,385,5.829,40.573,27.310,47.442,0.054,121.208
2026-09-02T07:40:34.410255+07:00,c10_sim,73,11.464,44.514,32.343,48.782,0.067,137.170
2026-09-02T07:40:34.488793+07:00,c11_sim,386,6.025,44.514,27.721,49.319,0.034,127.613
2026-09-02T07:40:34.613595+07:00,c10_sim,74,10.470,44.153,30.041,49.220,0.076,133.960
2026-09-02T07:40:34.693789+07:00,c11_sim,387,5.638,44.153,30.426,48.389,0.055,128.661
2026-09-02T07:40:34.789759+07:00,c10_sim,75,14.410,95.678,0.000,0.000,0.016,110.103
2026-09-02T07:40:34.854089+07:00,c11_sim,388,5.876,95.678,22.481,40.089,0.026,164.150
2026-09-02T07:40:34.963491+07:00,c10_sim,76,8.558,34.979,27.023,45.739,0.065,116.363
2026-09-02T07:40:35.045546+07:00,c11_sim,389,5.831,34.979,34.810,45.340,0.056,121.015
2026-09-02T07:40:35.166820+07:00,c10_sim,77,12.354,39.967,30.798,48.423,0.053,131.595
2026-09-02T07:40:35.248723+07:00,c11_sim,390,5.668,39.967,30.409,49.853,0.049,125.945
2026-09-02T07:40:35.389974+07:00,c10_sim,78,8.602,47.360,45.484,46.458,0.145,148.050
2026-09-02T07:40:35.468933+07:00,c11_sim,391,5.784,47.360,30.064,46.899,0.041,130.148
2026-09-02T07:40:35.595067+07:00,c10_sim,79,9.670,44.276,32.791,47.440,0.056,134.232
2026-09-02T07:40:35.670143+07:00,c11_sim,392,5.660,44.276,26.065,47.576,0.046,123.622
2026-09-02T07:40:35.788680+07:00,c10_sim,80,12.825,37.022,31.964,46.783,0.045,128.640
2026-09-02T07:40:35.867597+07:00,c11_sim,393,5.764,37.022,26.993,50.487,0.055,120.321
2026-09-02T07:40:35.984893+07:00,c10_sim,81,9.862,37.734,29.819,48.097,0.045,125.557
2026-09-02T07:40:36.068692+07:00,c11_sim,394,5.661,37.734,35.963,46.436,0.053,125.847
2026-09-02T07:40:36.187949+07:00,c10_sim,82,9.346,40.414,32.796,44.648,0.054,127.259
2026-09-02T07:40:36.268751+07:00,c11_sim,395,5.763,40.414,31.288,47.746,0.057,125.269
2026-09-02T07:40:36.395424+07:00,c10_sim,83,10.268,43.381,32.138,48.934,0.064,134.785
2026-09-02T07:40:36.481366+07:00,c11_sim,396,5.705,43.381,28.154,56.050,0.054,133.345
2026-09-02T07:40:36.604877+07:00,c10_sim,84,9.637,43.828,26.362,49.539,0.066,129.432
2026-09-02T07:40:36.684559+07:00,c11_sim,397,6.462,43.828,24.878,53.349,0.051,128.567
2026-09-02T07:40:36.800476+07:00,c10_sim,85,14.226,38.178,27.627,47.567,0.068,127.666
2026-09-02T07:40:36.800669+07:00,c11_sim,398,6.926,38.178,0.000,0.000,0.008,45.113
2026-09-02T07:40:36.906619+07:00,c10_sim,86,11.727,31.261,26.103,45.050,0.065,114.206
2026-09-02T07:40:36.981718+07:00,c11_sim,399,6.582,31.261,26.170,47.651,0.055,111.718
2026-09-02T07:40:37.098372+07:00,c10_sim,87,11.222,34.560,30.842,48.647,0.071,125.343
2026-09-02T07:40:37.098589+07:00,c11_sim,400,6.624,34.560,0.000,0.000,0.010,41.195
2026-09-02T07:40:37.213142+07:00,c10_sim,88,8.860,34.658,30.293,47.013,0.063,120.886
2026-09-02T07:40:37.213345+07:00,c11_sim,401,6.557,34.658,0.000,0.000,0.010,41.226
2026-09-02T07:40:37.321424+07:00,c10_sim,89,12.148,31.528,27.280,46.869,0.065,117.890
2026-09-02T07:40:37.321624+07:00,c11_sim,402,6.715,31.528,0.000,0.000,0.009,38.252
2026-09-02T07:40:37.443028+07:00,c10_sim,90,10.753,42.405,30.852,45.179,0.058,129.247
2026-09-02T07:40:37.543525+07:00,c10_sim,91,14.118,23.506,28.179,47.447,0.058,113.309
2026-09-02T07:40:37.676089+07:00,c10_sim,92,14.387,54.842,31.210,45.149,0.064,145.652
2026-09-02T07:40:37.705735+07:00,c10_sim,93,12.615,28.467,0.000,0.000,0.023,41.104
2026-09-02T07:40:37.771429+07:00,c10_sim,94,10.713,32.254,31.236,0.000,0.028,74.231
2026-09-02T07:40:37.820696+07:00,c10_sim,95,8.912,23.529,24.674,0.000,0.022,57.138
2026-09-02T07:40:37.902952+07:00,c10_sim,96,7.520,20.902,21.200,37.769,0.115,87.507
2026-09-02T07:40:37.980378+07:00,c10_sim,97,8.733,14.603,22.207,39.130,0.142,84.816
2026-09-02T07:40:38.083013+07:00,c10_sim,98,12.041,24.577,28.833,48.114,0.035,113.599
2026-09-02T07:40:38.189440+07:00,c10_sim,99,7.812,26.411,29.375,48.213,0.135,111.946
2026-09-02T07:40:38.285027+07:00,c10_sim,100,10.186,22.624,23.401,48.256,0.148,104.615
2026-09-02T07:40:38.378477+07:00,c10_sim,101,22.494,22.055,23.825,46.380,0.155,114.908
2026-09-02T07:40:38.476978+07:00,c10_sim,102,12.100,22.814,25.303,46.485,0.033,106.736
2026-09-02T07:40:38.575266+07:00,c10_sim,103,8.974,26.113,25.309,45.676,0.031,106.103
2026-09-02T07:40:38.664974+07:00,c10_sim,104,11.968,19.303,17.075,51.579,0.038,99.962
2026-09-02T07:40:38.779405+07:00,c10_sim,105,8.003,35.779,25.097,52.084,0.034,120.997
2026-09-02T07:40:38.882348+07:00,c10_sim,106,8.273,26.675,25.059,49.327,0.030,109.364
2026-09-02T07:40:38.977872+07:00,c10_sim,107,8.988,23.838,23.105,46.657,0.414,103.003
2026-09-02T07:40:39.059762+07:00,c10_sim,108,10.574,16.112,16.715,47.561,0.039,91.001
2026-09-02T07:40:39.154746+07:00,c10_sim,109,8.641,17.349,20.821,55.533,0.029,102.373
2026-09-02T07:40:39.311381+07:00,c10_sim,110,8.536,22.064,22.849,38.668,0.176,92.293
2026-09-02T07:40:39.448812+07:00,c10_sim,111,6.504,29.562,13.719,0.005,0.019,49.809
2026-09-02T07:40:39.616063+07:00,c10_sim,112,6.476,28.033,13.564,0.005,0.024,48.101
2026-09-02T07:40:39.866734+07:00,c10_sim,113,8.114,34.669,19.631,49.471,0.021,111.905
2026-09-02T07:40:40.015269+07:00,c10_sim,114,8.801,25.438,20.663,28.546,0.024,83.471
2026-09-02T07:40:40.149770+07:00,c10_sim,115,10.283,40.355,0.000,0.000,0.025,50.664
2026-09-02T07:40:40.349977+07:00,c10_sim,116,14.153,32.609,18.144,0.004,0.019,64.930
2026-09-02T07:40:40.531710+07:00,c10_sim,117,12.836,36.683,0.000,0.000,0.027,49.546
2026-09-02T07:40:40.736467+07:00,c10_sim,118,15.323,34.545,21.164,0.004,0.015,71.051
2026-09-02T07:40:40.877656+07:00,c10_sim,119,13.400,24.879,0.000,0.000,0.019,38.298
2026-09-02T07:40:41.072725+07:00,c10_sim,120,15.181,31.034,17.446,0.003,0.013,63.678
2026-09-02T07:40:41.250623+07:00,c10_sim,121,14.547,34.523,0.000,0.000,0.022,49.093
2026-09-02T07:40:41.428544+07:00,c10_sim,122,14.610,33.919,0.000,0.000,0.026,48.555
2026-09-02T07:40:41.599287+07:00,c10_sim,123,7.152,29.998,0.000,0.000,0.024,37.174
2026-09-02T07:40:41.777243+07:00,c11_sim,403,5.799,32.251,0.000,0.000,0.025,38.076
2026-09-02T07:40:41.951757+07:00,c11_sim,404,6.126,34.090,0.000,0.000,0.027,40.244
2026-09-02T07:40:42.102398+07:00,c11_sim,405,6.809,36.188,0.000,0.000,0.027,43.024
2026-09-02T07:40:42.260162+07:00,c11_sim,406,9.252,39.396,0.000,0.000,0.029,48.677
2026-09-02T07:40:42.387928+07:00,c11_sim,407,6.280,29.968,0.000,0.000,0.026,36.273
2026-09-02T07:40:42.564911+07:00,c11_sim,408,7.065,36.629,0.000,0.000,0.040,43.734
2026-09-02T07:40:42.717320+07:00,c11_sim,409,12.676,33.996,0.000,0.000,0.028,46.700
2026-09-02T07:40:42.865392+07:00,c11_sim,410,7.754,32.017,0.000,0.000,0.024,39.794
2026-09-02T07:40:43.021794+07:00,c11_sim,411,7.470,36.948,0.000,0.000,0.024,44.442
2026-09-02T07:40:43.155731+07:00,c11_sim,412,6.917,38.595,0.000,0.000,0.029,45.542
2026-09-02T07:40:43.323930+07:00,c11_sim,413,7.964,45.513,0.000,0.000,0.184,53.661
2026-09-02T07:40:43.458559+07:00,c11_sim,414,8.323,35.931,0.000,0.000,0.907,45.162
2026-09-02T07:40:43.664317+07:00,c11_sim,415,11.505,37.540,29.498,0.000,0.068,78.611
2026-09-02T07:40:43.766711+07:00,c11_sim,416,7.884,32.790,0.000,0.000,0.014,40.688
2026-09-02T07:40:43.916871+07:00,c11_sim,417,13.507,33.233,0.000,0.000,0.014,46.754
2026-09-02T07:40:44.072278+07:00,c11_sim,418,12.131,35.133,0.000,0.000,0.011,47.275
2026-09-02T07:40:44.222928+07:00,c11_sim,419,13.372,32.577,0.000,0.000,0.013,45.963
2026-09-02T07:40:44.521755+07:00,c11_sim,420,15.311,33.563,20.410,103.396,0.047,172.728
2026-09-02T07:40:44.535615+07:00,c11_sim,421,5.880,13.682,0.000,0.000,0.008,19.570
2026-09-02T07:40:44.682341+07:00,c11_sim,422,6.063,27.135,0.000,0.000,0.011,33.209
2026-09-02T07:40:44.858008+07:00,c11_sim,423,14.312,35.472,0.000,0.000,0.020,49.804
2026-09-02T07:40:44.984580+07:00,c11_sim,424,13.663,31.030,0.000,0.000,0.022,44.715
2026-09-02T07:40:45.139642+07:00,c11_sim,425,13.779,33.351,0.000,0.000,0.023,47.153
2026-09-02T07:40:45.287390+07:00,c11_sim,426,13.355,31.666,0.000,0.000,0.024,45.045
2026-09-02T07:40:45.458339+07:00,c11_sim,427,15.219,35.924,0.000,0.000,0.026,51.169
2026-09-02T07:40:45.617934+07:00,c11_sim,428,14.969,40.067,0.000,0.000,0.025,55.060
2026-09-02T07:40:45.770141+07:00,c11_sim,429,14.177,33.955,20.434,0.000,0.022,68.587
2026-09-02T07:40:45.899439+07:00,c11_sim,430,14.751,33.740,0.000,0.000,0.021,48.512
2026-09-02T07:40:46.130801+07:00,c11_sim,431,14.692,34.330,19.217,60.166,0.065,128.470
2026-09-02T07:40:46.245134+07:00,c11_sim,432,7.951,17.866,17.121,30.181,0.020,73.140
2026-09-02T07:40:46.332460+07:00,c11_sim,433,7.875,18.941,0.000,0.000,0.013,26.829
2026-09-02T07:40:46.504644+07:00,c11_sim,434,12.143,27.298,0.000,0.000,0.038,39.479
2026-09-02T07:40:46.658382+07:00,c11_sim,435,8.331,31.990,0.000,0.000,0.434,40.755
2026-09-02T07:40:46.883368+07:00,c11_sim,436,13.006,35.792,20.111,50.180,0.021,119.110
2026-09-02T07:40:46.948405+07:00,c11_sim,437,8.602,18.685,0.000,0.000,0.012,27.300
2026-09-02T07:40:47.182355+07:00,c11_sim,438,9.205,27.800,25.464,39.115,0.060,101.643
2026-09-02T07:40:47.317940+07:00,c11_sim,439,9.552,24.110,20.183,43.466,0.025,97.336
2026-09-02T07:40:47.474148+07:00,c11_sim,440,13.651,23.609,17.673,48.047,0.026,103.007
2026-09-02T07:40:47.626705+07:00,c11_sim,441,13.827,22.754,17.581,39.425,0.021,93.608
2026-09-02T07:40:47.778456+07:00,c11_sim,442,11.392,23.825,17.821,35.059,0.024,88.121
2026-09-02T07:40:47.935742+07:00,c11_sim,443,6.981,22.077,27.598,36.085,0.056,92.797
2026-09-02T07:40:48.094875+07:00,c11_sim,444,7.633,27.161,21.281,41.377,0.071,97.522
2026-09-02T07:40:48.213192+07:00,c11_sim,445,8.460,17.973,17.330,36.825,0.019,80.607
2026-09-02T07:40:48.419378+07:00,c11_sim,446,6.233,37.016,17.878,54.158,0.037,115.322
2026-09-02T07:40:48.556607+07:00,c11_sim,447,15.206,31.526,21.174,38.573,0.042,106.521
2026-09-02T07:40:48.681143+07:00,c11_sim,448,6.253,17.453,25.984,32.365,0.034,82.089
2026-09-02T07:40:48.904695+07:00,c11_sim,449,11.336,31.122,30.330,71.370,0.076,144.235
2026-09-02T07:40:49.174165+07:00,c11_sim,450,18.646,68.400,47.768,124.952,0.569,260.334
2026-09-02T07:40:49.491116+07:00,c11_sim,451,16.584,162.488,85.475,65.198,0.508,330.253
2026-09-02T07:40:49.800960+07:00,c11_sim,452,58.933,112.283,96.748,47.505,0.056,315.526
2026-09-02T07:40:49.949911+07:00,c11_sim,453,17.272,34.188,42.362,71.002,0.201,165.025
2026-09-02T07:40:50.164361+07:00,c11_sim,454,17.279,47.053,91.675,73.991,0.056,230.055
2026-09-02T07:40:50.245563+07:00,c11_sim,455,49.522,21.560,15.095,43.618,0.084,129.880
2026-09-02T07:40:50.323289+07:00,c11_sim,456,13.586,14.209,21.365,41.260,0.040,90.460
2026-09-02T07:40:50.427837+07:00,c11_sim,457,17.838,16.930,17.050,69.612,0.080,121.509
2026-09-02T07:40:50.611711+07:00,c11_sim,458,11.974,70.277,30.088,81.788,0.080,194.208
2026-09-02T07:40:50.727561+07:00,c11_sim,459,7.373,36.760,24.957,52.648,0.163,121.901
2026-09-02T07:40:50.833691+07:00,c11_sim,460,8.850,23.881,25.462,53.415,0.150,111.759
2026-09-02T07:40:50.938179+07:00,c11_sim,461,31.402,26.140,27.186,49.899,0.060,134.687
2026-09-02T07:40:51.081907+07:00,c11_sim,462,7.841,20.341,21.523,100.645,0.084,150.433
2026-09-02T07:40:51.695518+07:00,c11_sim,463,9.708,498.131,43.620,65.503,0.112,617.075
2026-09-02T07:40:51.830873+07:00,c11_sim,464,116.700,50.146,23.071,60.116,0.042,250.075
2026-09-02T07:40:51.926811+07:00,c11_sim,465,58.943,18.566,22.548,53.658,0.058,153.772
2026-09-02T07:40:52.022055+07:00,c11_sim,466,206.773,19.654,24.080,49.944,0.047,300.499
2026-09-02T07:40:52.107503+07:00,c11_sim,467,70.403,16.608,20.640,46.931,0.048,154.629
2026-09-02T07:40:52.212773+07:00,c11_sim,468,11.513,33.357,22.491,48.255,0.113,115.730
2026-09-02T07:40:52.297339+07:00,c11_sim,469,10.377,16.583,20.002,46.900,0.027,93.888
2026-09-02T07:40:52.373363+07:00,c11_sim,470,7.463,14.404,14.362,46.337,0.031,82.597
2026-09-02T07:40:52.457392+07:00,c11_sim,471,6.765,16.379,17.610,49.028,0.067,89.849
2026-09-02T07:40:52.476172+07:00,c11_sim,472,7.825,18.517,0.000,0.000,0.014,26.356
2026-09-02T07:40:52.561926+07:00,c11_sim,473,7.970,16.274,20.847,47.583,0.041,92.716
2026-09-02T07:40:52.644142+07:00,c11_sim,474,7.709,16.771,18.470,45.728,0.148,88.825
2026-09-02T07:40:52.776152+07:00,c11_sim,475,6.039,12.952,14.040,33.541,0.021,66.593
2026-09-02T07:40:52.948918+07:00,c11_sim,476,6.316,23.586,19.862,30.376,0.081,80.220
2026-09-02T07:40:53.039757+07:00,c11_sim,477,8.859,20.602,0.000,0.000,0.013,29.474
2026-09-02T07:40:53.303937+07:00,c11_sim,478,16.938,53.431,23.896,45.997,0.050,140.313
2026-09-02T07:40:53.388450+07:00,c11_sim,479,6.557,16.501,14.622,31.740,0.033,69.453
2026-09-02T07:40:53.557167+07:00,c11_sim,480,8.864,22.291,16.618,31.674,0.026,79.474
2026-09-02T07:40:53.650711+07:00,c11_sim,481,7.196,19.354,0.000,0.000,0.012,26.562
2026-09-02T07:40:53.850791+07:00,c11_sim,482,7.744,53.333,0.000,0.000,0.022,61.099
2026-09-02T07:40:53.992046+07:00,c11_sim,483,17.247,43.281,0.000,0.000,0.016,60.544
2026-09-02T07:40:54.110654+07:00,c11_sim,484,8.699,27.950,0.000,0.000,0.017,36.666
2026-09-02T07:40:54.278545+07:00,c11_sim,485,9.992,46.241,0.000,0.000,0.017,56.250
2026-09-02T07:40:54.472574+07:00,c11_sim,486,8.966,25.042,0.000,0.000,0.016,34.025
2026-09-02T07:40:54.677794+07:00,c11_sim,487,10.579,36.862,0.000,0.000,0.019,47.461
2026-09-02T07:40:54.870686+07:00,c11_sim,488,7.310,34.489,0.000,0.000,0.014,41.813
2026-09-02T07:40:55.085272+07:00,c11_sim,489,14.285,46.005,0.000,0.000,0.017,60.307
2026-09-02T07:40:55.295657+07:00,c11_sim,490,9.988,40.862,0.000,0.000,0.028,50.877
2026-09-02T07:40:55.478347+07:00,c11_sim,491,7.148,34.343,0.000,0.000,0.024,41.514
2026-09-02T07:40:55.685504+07:00,c11_sim,492,9.379,31.686,0.000,0.000,0.015,41.080
2026-09-02T07:40:55.870558+07:00,c11_sim,493,11.819,22.392,0.000,0.000,0.015,34.226
2026-09-02T07:40:56.074208+07:00,c11_sim,494,7.544,33.873,0.000,0.000,0.033,41.450
2026-09-02T07:40:56.285287+07:00,c11_sim,495,11.669,34.432,0.000,0.000,1.410,47.512
2026-09-02T07:40:56.478552+07:00,c11_sim,496,8.358,35.331,0.000,0.000,0.089,43.779
2026-09-02T07:40:56.685351+07:00,c11_sim,497,12.640,38.442,0.000,0.000,0.010,51.092
2026-09-02T07:40:56.878539+07:00,c11_sim,498,13.742,28.327,0.000,0.000,0.011,42.080
2026-09-02T07:40:57.072439+07:00,c11_sim,499,10.162,32.646,0.000,0.000,0.017,42.825
2026-09-02T07:40:57.274980+07:00,c11_sim,500,8.292,35.903,0.000,0.000,0.015,44.210
2026-09-02T07:40:57.480416+07:00,c11_sim,501,7.493,33.800,0.000,0.000,0.014,41.306
2026-09-02T07:40:57.682944+07:00,c11_sim,502,7.799,27.513,0.000,0.000,0.012,35.325
2026-09-02T07:40:57.878744+07:00,c9_sim,259,10.876,33.362,0.000,0.000,0.030,44.269
2026-09-02T07:40:58.088114+07:00,c9_sim,260,7.914,40.183,0.000,0.000,0.020,48.117
2026-09-02T07:40:58.284802+07:00,c9_sim,261,10.219,39.201,0.000,0.000,0.032,49.453
2026-09-02T07:40:58.488790+07:00,c9_sim,262,9.150,34.902,0.000,0.000,0.044,44.097
2026-09-02T07:40:58.677262+07:00,c9_sim,263,11.894,27.659,0.000,0.000,0.014,39.567
2026-09-02T07:40:58.898070+07:00,c9_sim,264,6.750,23.105,30.617,0.000,0.012,60.485
2026-09-02T07:40:59.096629+07:00,c9_sim,265,12.215,32.470,18.661,0.016,0.088,63.450
2026-09-02T07:40:59.296981+07:00,c9_sim,266,12.706,37.657,0.000,0.000,0.031,50.394
2026-09-02T07:40:59.497244+07:00,c9_sim,267,7.100,38.655,0.000,0.000,0.027,45.783
2026-09-02T07:40:59.685711+07:00,c9_sim,268,12.098,36.321,0.000,0.000,0.017,48.435
2026-09-02T07:40:59.884423+07:00,c9_sim,269,12.889,32.657,0.000,0.000,0.025,45.571
2026-09-02T07:41:00.084675+07:00,c9_sim,270,7.920,35.108,0.000,0.000,0.037,43.065
2026-09-02T07:41:00.305695+07:00,c9_sim,271,6.888,24.286,21.390,0.007,0.105,52.675
2026-09-02T07:41:00.504839+07:00,c9_sim,272,9.063,31.741,20.503,0.005,0.535,61.847
2026-09-02T07:41:00.666682+07:00,c9_sim,273,7.372,25.917,0.000,0.000,0.096,33.384
2026-09-02T07:41:00.890371+07:00,c9_sim,274,8.453,32.370,0.000,0.000,0.018,40.840
2026-09-02T07:41:01.091354+07:00,c9_sim,275,7.252,34.849,0.000,0.000,0.032,42.133
2026-09-02T07:41:01.282623+07:00,c9_sim,276,7.482,43.453,0.000,0.000,0.011,50.945
2026-09-02T07:41:01.547659+07:00,c9_sim,277,10.921,97.277,0.000,0.000,0.017,108.215
2026-09-02T07:41:02.049161+07:00,c9_sim,278,42.263,92.329,34.136,230.206,0.030,398.964
2026-09-02T07:41:02.185227+07:00,c9_sim,279,10.067,26.644,26.618,81.596,0.038,144.962
2026-09-02T07:41:02.442586+07:00,c9_sim,280,10.204,164.638,28.520,62.707,0.189,266.258
2026-09-02T07:41:02.491643+07:00,c9_sim,281,21.544,48.396,0.000,0.000,0.033,69.974
2026-09-02T07:41:02.545640+07:00,c9_sim,282,7.396,53.584,0.000,0.000,0.021,61.001
2026-09-02T07:41:02.717652+07:00,c9_sim,283,5.897,19.866,17.858,39.303,0.019,82.942
2026-09-02T07:41:02.933597+07:00,c9_sim,284,5.033,28.700,15.940,48.408,0.018,98.100
2026-09-02T07:41:03.093860+07:00,c9_sim,285,9.288,36.996,0.000,0.000,0.014,46.298
2026-09-02T07:41:03.352695+07:00,c9_sim,286,11.709,26.158,18.981,45.006,0.024,101.877
2026-09-02T07:41:03.547266+07:00,c9_sim,287,12.649,32.360,16.762,57.697,0.021,119.489
2026-09-02T07:41:03.748179+07:00,c9_sim,288,8.885,34.159,17.578,56.057,0.019,116.698
2026-09-02T07:41:03.919346+07:00,c9_sim,289,11.188,24.040,18.792,28.900,0.018,82.938
2026-09-02T07:41:04.163661+07:00,c9_sim,290,9.919,37.719,20.573,59.530,0.022,127.764
2026-09-02T07:41:04.329053+07:00,c9_sim,291,6.774,23.879,17.575,31.463,0.099,79.790
2026-09-02T07:41:04.528960+07:00,c9_sim,292,10.794,26.036,18.510,35.808,0.023,91.171
2026-09-02T07:41:04.747847+07:00,c9_sim,293,12.940,25.427,18.387,50.751,0.024,107.529
2026-09-02T07:41:04.878323+07:00,c9_sim,294,10.629,30.617,0.000,0.000,0.023,41.269
2026-09-02T07:41:05.095879+07:00,c9_sim,295,6.381,43.505,0.000,0.000,0.024,49.910
2026-09-02T07:41:05.367085+07:00,c9_sim,296,10.320,42.755,21.999,60.260,0.036,135.370
2026-09-02T07:41:05.459427+07:00,c9_sim,297,5.758,18.681,0.000,0.000,0.015,24.454
2026-09-02T07:41:05.676244+07:00,c9_sim,298,8.886,22.966,0.000,0.000,0.015,31.868
2026-09-02T07:41:05.868578+07:00,c9_sim,299,11.065,28.150,0.000,0.000,0.022,39.236
2026-09-02T07:41:06.084349+07:00,c9_sim,300,11.955,35.530,0.000,0.000,0.018,47.503
2026-09-02T07:41:06.285369+07:00,c9_sim,301,9.921,33.691,0.000,0.000,0.014,43.626
2026-09-02T07:41:06.561019+07:00,c9_sim,302,11.797,26.736,19.762,66.173,0.026,124.493
2026-09-02T07:41:06.751087+07:00,c9_sim,303,11.212,23.506,18.611,61.728,0.102,115.159
2026-09-02T07:41:06.866709+07:00,c9_sim,304,5.447,20.505,0.000,0.000,0.011,25.962
2026-09-02T07:41:07.086181+07:00,c9_sim,305,12.800,23.922,0.000,0.000,0.024,36.746
2026-09-02T07:41:07.344186+07:00,c9_sim,306,10.351,33.221,18.176,45.814,0.142,107.704
2026-09-02T07:41:07.526505+07:00,c9_sim,307,9.594,25.386,18.211,39.206,0.076,92.473
2026-09-02T07:41:07.728614+07:00,c9_sim,308,6.267,23.788,17.752,40.792,0.041,88.641
2026-09-02T07:41:07.930775+07:00,c9_sim,309,7.974,25.387,20.003,43.787,0.043,97.195
2026-09-02T07:41:08.137172+07:00,c9_sim,310,9.348,22.548,18.164,43.704,0.066,93.830
2026-09-02T07:41:08.359387+07:00,c9_sim,311,5.678,27.860,20.721,58.336,0.053,112.647
2026-09-02T07:41:08.537560+07:00,c9_sim,312,8.048,23.412,18.897,38.269,0.038,88.664
2026-09-02T07:41:08.761505+07:00,c9_sim,313,12.573,34.558,22.579,41.431,0.072,111.214
2026-09-02T07:41:08.934197+07:00,c9_sim,314,8.530,24.263,19.805,35.265,0.065,87.928
2026-09-02T07:41:09.129601+07:00,c9_sim,315,10.610,25.640,21.617,35.265,0.031,93.163
2026-09-02T07:41:09.329271+07:00,c9_sim,316,9.380,24.652,18.087,37.850,0.028,89.998
2026-09-02T07:41:09.526440+07:00,c9_sim,317,10.416,23.999,18.728,38.788,0.085,92.016
2026-09-02T07:41:09.748304+07:00,c9_sim,318,9.363,33.112,18.699,54.578,0.033,115.784
2026-09-02T07:41:09.918608+07:00,c9_sim,319,9.728,24.120,19.265,28.789,0.052,81.953
2026-09-02T07:41:10.159406+07:00,c9_sim,320,13.334,30.184,18.015,53.605,0.059,115.196
2026-09-02T07:41:10.339736+07:00,c9_sim,321,7.737,25.142,19.586,36.973,0.031,89.470
2026-09-02T07:41:10.546091+07:00,c9_sim,322,11.047,25.299,19.541,37.539,0.025,93.452
2026-09-02T07:41:10.741160+07:00,c9_sim,323,10.263,23.686,19.156,34.604,0.023,87.732
2026-09-02T07:41:10.965625+07:00,c9_sim,324,8.660,33.978,20.800,52.034,0.032,115.504
2026-09-02T07:41:11.114642+07:00,c9_sim,325,11.212,22.722,20.216,32.070,0.025,86.244
2026-09-02T07:41:11.322484+07:00,c9_sim,326,5.703,23.059,18.445,44.586,0.038,91.831
2026-09-02T07:41:11.566352+07:00,c9_sim,327,8.959,31.511,24.656,50.164,0.040,115.331
2026-09-02T07:41:11.706364+07:00,c9_sim,328,5.683,21.234,17.159,28.662,0.024,72.762
2026-09-02T07:41:11.964391+07:00,c9_sim,329,12.581,35.264,19.711,57.177,0.036,124.768
2026-09-02T07:41:12.166752+07:00,c9_sim,330,10.896,36.042,23.850,48.048,0.029,118.865
2026-09-02T07:41:12.367121+07:00,c9_sim,331,12.609,34.493,22.241,47.622,0.033,116.998
2026-09-02T07:41:12.566207+07:00,c9_sim,332,12.640,35.809,20.816,49.275,0.030,118.569
2026-09-02T07:41:12.710815+07:00,c9_sim,333,8.896,21.867,18.660,28.472,0.024,77.918
2026-09-02T07:41:12.965485+07:00,c9_sim,334,12.115,31.506,24.974,55.737,0.029,124.360
2026-09-02T07:41:13.181365+07:00,c9_sim,335,12.550,37.537,22.680,54.462,0.022,127.251
2026-09-02T07:41:13.320590+07:00,c9_sim,336,6.847,21.064,20.732,28.555,0.068,77.266
2026-09-02T07:41:13.566801+07:00,c9_sim,337,12.560,33.709,19.091,47.395,0.032,112.787
2026-09-02T07:41:13.764589+07:00,c9_sim,338,12.611,33.286,20.616,55.725,0.035,122.272
2026-09-02T07:41:13.908286+07:00,c9_sim,339,12.612,22.475,18.673,28.308,0.020,82.088
2026-09-02T07:41:14.149007+07:00,c9_sim,340,12.686,31.973,21.125,51.799,0.021,117.603
2026-09-02T07:41:14.264443+07:00,c9_sim,341,5.767,17.627,0.000,0.000,0.010,23.404
2026-09-02T07:41:14.491736+07:00,c9_sim,342,12.693,35.889,0.000,0.000,0.020,48.602
2026-09-02T07:41:14.689039+07:00,c9_sim,343,11.039,35.279,0.000,0.000,0.027,46.345
2026-09-02T07:41:14.929510+07:00,c8_sim,129,11.834,33.309,41.137,0.000,0.027,86.306
2026-09-02T07:41:15.104824+07:00,c8_sim,130,7.542,36.401,20.014,0.013,0.333,64.303
2026-09-02T07:41:15.790143+07:00,c8_sim,131,8.884,109.496,242.408,170.166,0.210,531.165
2026-09-02T07:41:15.888129+07:00,c8_sim,132,9.367,24.234,13.564,56.375,0.023,103.562
2026-09-02T07:41:15.919750+07:00,c8_sim,133,20.158,17.787,12.953,0.004,0.143,51.045
2026-09-02T07:41:16.040357+07:00,c8_sim,134,6.186,18.775,15.220,85.652,0.029,125.863
2026-09-02T07:41:16.165911+07:00,c8_sim,135,8.133,30.760,17.055,76.521,0.044,132.513
2026-09-02T07:41:16.340800+07:00,c8_sim,136,8.232,20.362,13.847,40.013,0.022,82.476
2026-09-02T07:41:16.550308+07:00,c8_sim,137,8.808,30.936,24.543,35.303,0.023,99.612
2026-09-02T07:41:16.729722+07:00,c8_sim,138,8.205,15.824,15.518,33.560,0.022,73.130
2026-09-02T07:41:16.911730+07:00,c8_sim,139,6.963,13.745,13.281,31.324,0.019,65.332
2026-09-02T07:41:17.149642+07:00,c8_sim,140,7.076,28.084,14.385,49.507,0.019,99.072
2026-09-02T07:41:17.367087+07:00,c8_sim,141,15.911,33.194,20.125,47.183,0.023,116.436
2026-09-02T07:41:17.533384+07:00,c8_sim,142,9.776,20.303,17.385,28.990,0.598,77.053
2026-09-02T07:41:17.764832+07:00,c8_sim,143,15.465,32.464,19.407,54.563,0.027,121.927
2026-09-02T07:41:17.874190+07:00,c8_sim,144,6.634,16.441,0.000,0.000,0.012,23.087
2026-09-02T07:41:18.145962+07:00,c8_sim,145,7.027,19.082,13.964,49.582,0.031,89.685
2026-09-02T07:41:18.329570+07:00,c8_sim,146,7.035,20.964,14.744,48.870,0.021,91.634
2026-09-02T07:41:18.541709+07:00,c8_sim,147,7.953,21.234,12.511,51.945,0.020,93.663
2026-09-02T07:41:18.737102+07:00,c8_sim,148,7.335,15.668,13.804,44.311,0.015,81.134
2026-09-02T07:41:18.924069+07:00,c8_sim,149,7.199,13.566,12.242,40.664,0.033,73.705
2026-09-02T07:41:19.146782+07:00,c8_sim,150,8.830,27.813,13.481,59.032,0.022,109.179
2026-09-02T07:41:19.323752+07:00,c8_sim,151,8.348,18.388,13.895,30.547,0.021,71.199
2026-09-02T07:41:19.511909+07:00,c8_sim,152,9.440,17.166,13.543,31.464,0.019,71.633
2026-09-02T07:41:19.763600+07:00,c8_sim,153,10.914,32.850,15.565,59.757,0.022,119.107
2026-09-02T07:41:19.917315+07:00,c8_sim,154,10.171,20.173,15.405,27.363,0.015,73.127
2026-09-02T07:41:20.165646+07:00,c8_sim,155,10.342,32.352,16.830,51.223,0.018,110.765
2026-09-02T07:41:20.385994+07:00,c8_sim,156,10.103,31.098,13.553,80.070,0.042,134.867
2026-09-02T07:41:20.532976+07:00,c8_sim,157,10.010,21.548,13.563,47.176,0.021,92.319
2026-09-02T07:41:20.680597+07:00,c8_sim,158,8.465,28.694,0.000,0.000,0.015,37.174
2026-09-02T07:41:20.950249+07:00,c8_sim,159,10.830,30.967,14.343,54.262,0.019,110.420
2026-09-02T07:41:21.063387+07:00,c8_sim,160,7.349,12.925,0.000,0.000,0.011,20.285
2026-09-02T07:41:21.281109+07:00,c8_sim,161,9.416,25.440,0.000,0.000,0.013,34.869
2026-09-02T07:41:21.487927+07:00,c8_sim,162,8.906,31.759,0.000,0.000,0.018,40.683
2026-09-02T07:41:21.697921+07:00,c8_sim,163,40.927,16.226,0.000,0.000,0.014,57.168
2026-09-02T07:41:21.874110+07:00,c8_sim,164,8.886,26.158,0.000,0.000,0.014,35.057
2026-09-02T07:41:22.094915+07:00,c8_sim,165,7.662,27.564,0.000,0.000,0.015,35.241
2026-09-02T07:41:22.292533+07:00,c8_sim,166,8.623,27.732,0.000,0.000,0.012,36.368
2026-09-02T07:41:22.485607+07:00,c8_sim,167,10.815,28.783,0.000,0.000,0.010,39.608
2026-09-02T07:41:22.687640+07:00,c8_sim,168,11.088,31.132,0.000,0.000,0.019,42.239
2026-09-02T07:41:22.878430+07:00,c8_sim,169,10.405,30.703,0.000,0.000,0.017,41.124
2026-09-02T07:41:23.074262+07:00,c8_sim,170,11.193,30.063,0.000,0.000,0.013,41.270
2026-09-02T07:41:23.295960+07:00,c8_sim,171,11.981,29.544,0.000,0.000,0.022,41.547
2026-09-02T07:41:23.487881+07:00,c8_sim,172,9.196,31.363,0.000,0.000,0.010,40.570
2026-09-02T07:41:23.686099+07:00,c8_sim,173,9.782,30.538,0.000,0.000,0.013,40.333
2026-09-02T07:41:23.888161+07:00,c8_sim,174,9.497,31.440,0.000,0.000,0.421,41.358
2026-09-02T07:41:24.075796+07:00,c8_sim,175,9.699,28.193,0.000,0.000,0.015,37.907
2026-09-02T07:41:24.291072+07:00,c8_sim,176,9.745,29.649,0.000,0.000,0.006,39.400
2026-09-02T07:41:24.482957+07:00,c8_sim,177,10.769,30.662,0.000,0.000,0.006,41.437
2026-09-02T07:41:24.680426+07:00,c8_sim,178,9.912,29.115,0.000,0.000,0.006,39.034
2026-09-02T07:41:24.877448+07:00,c8_sim,179,10.376,29.730,0.000,0.000,0.004,40.110
2026-09-02T07:41:25.074242+07:00,c8_sim,180,12.019,27.433,0.000,0.000,0.004,39.457
2026-09-02T07:41:25.292429+07:00,c8_sim,181,10.369,31.263,0.000,0.000,0.010,41.642
2026-09-02T07:41:25.491437+07:00,c8_sim,182,10.445,28.573,0.000,0.000,0.005,39.024
2026-09-02T07:41:25.686332+07:00,c8_sim,183,10.183,30.730,0.000,0.000,0.011,40.923
2026-09-02T07:41:25.875426+07:00,c8_sim,184,10.098,27.765,0.000,0.000,0.005,37.868
2026-09-02T07:41:26.097402+07:00,c8_sim,185,11.985,29.247,0.000,0.000,0.004,41.237
2026-09-02T07:41:26.287992+07:00,c8_sim,186,11.307,31.982,0.000,0.000,0.004,43.293
2026-09-02T07:41:26.486470+07:00,c8_sim,187,10.010,30.489,0.000,0.000,0.003,40.502
2026-09-02T07:41:26.681421+07:00,c8_sim,188,10.250,30.055,0.000,0.000,0.004,40.309
2026-09-02T07:41:26.900174+07:00,c10_sim,124,6.564,28.658,22.152,0.000,0.016,57.390
2026-09-02T07:41:27.181018+07:00,c10_sim,125,9.076,31.196,20.118,57.782,0.063,118.235
2026-09-02T07:41:27.318266+07:00,c10_sim,126,6.254,17.541,14.575,28.443,0.046,66.859
2026-09-02T07:41:27.550168+07:00,c10_sim,127,11.399,30.389,14.620,47.681,0.057,104.146
2026-09-02T07:41:27.764817+07:00,c10_sim,128,9.371,30.339,14.738,53.903,0.014,108.366
2026-09-02T07:41:27.964347+07:00,c10_sim,129,10.030,30.013,16.200,54.422,0.014,110.678
2026-09-02T07:41:28.117069+07:00,c10_sim,130,8.328,19.558,15.272,27.960,0.016,71.134
2026-09-02T07:41:28.350329+07:00,c10_sim,131,10.252,30.510,15.021,46.971,0.011,102.765
2026-09-02T07:41:28.566524+07:00,c10_sim,132,8.981,30.650,16.981,48.035,0.016,104.662
2026-09-02T07:41:28.763738+07:00,c10_sim,133,10.418,30.629,14.780,57.116,0.014,112.957
2026-09-02T07:41:28.966554+07:00,c10_sim,134,10.688,27.263,14.105,47.440,0.013,99.509
2026-09-02T07:41:29.187160+07:00,c10_sim,135,8.002,30.129,14.423,78.553,0.489,131.596
2026-09-02T07:41:29.346934+07:00,c10_sim,136,8.980,23.929,15.524,48.058,0.020,96.511
2026-09-02T07:41:29.565707+07:00,c10_sim,137,9.368,30.421,14.617,50.931,0.014,105.351
2026-09-02T07:41:29.750100+07:00,c10_sim,138,9.946,27.077,13.846,47.120,0.012,98.000
2026-09-02T07:41:29.915552+07:00,c10_sim,139,7.887,29.851,13.265,0.004,0.017,51.024
2026-09-02T07:41:30.164362+07:00,c10_sim,140,7.422,30.498,14.140,54.731,0.015,106.805
2026-09-02T07:41:30.363302+07:00,c10_sim,141,10.272,30.700,14.747,59.390,0.015,115.123
2026-09-02T07:41:30.498023+07:00,c10_sim,142,9.623,27.905,13.741,0.005,0.019,51.293
2026-09-02T07:41:30.713104+07:00,c10_sim,143,6.637,29.018,14.372,0.004,0.018,50.051
2026-09-02T07:41:30.901583+07:00,c10_sim,144,10.866,30.803,14.801,0.005,0.017,56.492
2026-09-02T07:41:31.124682+07:00,c10_sim,145,10.208,32.082,17.728,0.005,0.019,60.042
2026-09-02T07:41:31.314049+07:00,c10_sim,146,7.473,31.356,14.461,0.004,0.014,53.308
2026-09-02T07:41:31.521359+07:00,c10_sim,147,11.660,27.791,14.453,0.005,0.020,53.929
2026-09-02T07:41:31.688989+07:00,c10_sim,148,8.912,21.013,0.000,0.000,0.014,29.938
2026-09-02T07:41:31.908187+07:00,c10_sim,149,11.298,31.059,0.000,0.000,0.025,42.382
2026-09-02T07:41:32.103978+07:00,c10_sim,150,9.153,32.209,0.000,0.000,0.027,41.388
2026-09-02T07:41:32.298515+07:00,c10_sim,151,9.648,31.254,0.000,0.000,0.024,40.925
2026-09-02T07:41:32.488529+07:00,c10_sim,152,11.292,19.856,0.000,0.000,0.014,31.162
2026-09-02T07:41:32.705315+07:00,c10_sim,153,10.470,32.378,0.000,0.000,0.015,42.863
2026-09-02T07:41:32.902581+07:00,c12_sim,39,7.449,31.149,0.000,0.000,0.021,38.619
2026-09-02T07:41:33.166919+07:00,c12_sim,40,11.099,30.199,25.154,49.196,0.025,115.673
2026-09-02T07:41:33.285494+07:00,c12_sim,41,6.997,20.316,0.000,0.000,0.020,27.333
2026-09-02T07:41:33.508130+07:00,c12_sim,42,10.349,33.999,0.000,0.000,0.019,44.366
2026-09-02T07:41:33.710576+07:00,c12_sim,43,8.748,31.857,0.000,0.000,0.022,40.627
2026-09-02T07:41:33.904929+07:00,c12_sim,44,10.003,32.458,0.000,0.000,0.020,42.481
2026-09-02T07:41:34.095328+07:00,c12_sim,45,8.545,30.844,0.000,0.000,0.021,39.410
2026-09-02T07:41:34.307327+07:00,c12_sim,46,8.536,40.145,0.000,0.000,0.019,48.700
2026-09-02T07:41:34.498103+07:00,c12_sim,47,9.628,28.952,0.000,0.000,0.012,38.592
2026-09-02T07:41:34.704453+07:00,c12_sim,48,8.858,30.344,0.000,0.000,0.663,39.865
2026-09-02T07:41:34.906185+07:00,c11_sim,503,7.926,30.993,0.000,0.000,0.034,38.953
2026-09-02T07:41:35.121765+07:00,c11_sim,504,11.994,30.931,0.000,0.000,0.012,42.938
2026-09-02T07:41:35.320819+07:00,c11_sim,505,12.157,31.518,0.000,0.000,0.015,43.689
2026-09-02T07:41:35.538866+07:00,c11_sim,506,10.505,30.782,22.335,0.000,0.008,63.630
2026-09-02T07:41:35.732530+07:00,c11_sim,507,9.179,29.827,14.249,0.004,0.071,53.331
2026-09-02T07:41:35.925844+07:00,c11_sim,508,8.352,30.996,16.286,0.003,0.010,55.646
2026-09-02T07:41:36.179960+07:00,c11_sim,509,9.532,30.563,15.331,59.896,0.015,115.338
2026-09-02T07:41:36.307476+07:00,c11_sim,510,8.426,31.647,0.000,0.000,0.014,40.087
2026-09-02T07:41:36.504895+07:00,c11_sim,511,9.356,30.183,0.000,0.000,0.010,39.550
2026-09-02T07:41:36.766663+07:00,c11_sim,512,9.028,29.301,14.075,47.390,0.037,99.831
2026-09-02T07:41:36.982971+07:00,c11_sim,513,10.610,31.813,15.906,48.487,0.033,106.848
2026-09-02T07:41:37.181958+07:00,c11_sim,514,9.574,31.058,17.468,52.493,0.032,110.626
2026-09-02T07:41:37.381641+07:00,c11_sim,515,9.507,31.727,17.120,52.176,0.010,110.539
2026-09-02T07:41:37.518168+07:00,c11_sim,516,7.374,31.154,0.000,0.000,0.022,38.549
2026-09-02T07:41:37.781798+07:00,c11_sim,517,9.279,29.804,14.342,52.501,0.041,105.966
2026-09-02T07:41:37.904690+07:00,c11_sim,518,8.951,29.285,0.000,0.000,0.010,38.246
2026-09-02T07:41:38.116178+07:00,c11_sim,519,9.945,26.671,0.000,0.000,0.012,36.628
2026-09-02T07:41:38.364885+07:00,c11_sim,520,8.002,27.942,13.184,52.469,0.035,101.631
2026-09-02T07:41:38.581906+07:00,c11_sim,521,10.556,29.479,14.142,51.456,0.042,105.675
2026-09-02T07:41:38.725601+07:00,c11_sim,522,9.712,14.492,13.011,27.741,0.012,64.968
2026-09-02T07:41:38.964861+07:00,c11_sim,523,8.125,29.848,13.060,53.002,0.015,104.051
2026-09-02T07:41:39.181955+07:00,c11_sim,524,9.446,31.258,13.992,52.202,0.014,106.912
2026-09-02T07:41:39.381635+07:00,c11_sim,525,10.279,31.248,17.281,52.100,0.013,110.922
2026-09-02T07:41:39.580797+07:00,c11_sim,526,9.460,30.466,16.625,54.795,0.046,111.392
2026-09-02T07:41:39.803101+07:00,c11_sim,527,9.669,31.017,14.818,79.074,0.029,134.608
2026-09-02T07:41:39.958787+07:00,c11_sim,528,9.312,22.914,15.529,47.513,0.015,95.282
2026-09-02T07:41:40.104309+07:00,c11_sim,529,10.298,29.161,0.000,0.000,0.011,39.470
2026-09-02T07:41:40.303128+07:00,c11_sim,530,10.662,27.317,0.000,0.000,0.011,37.990
2026-09-02T07:41:40.563833+07:00,c11_sim,531,8.677,27.587,14.211,56.711,0.014,107.200
2026-09-02T07:41:40.782594+07:00,c11_sim,532,9.718,28.067,13.523,50.516,0.157,101.981
2026-09-02T07:41:40.966559+07:00,c11_sim,533,10.536,31.116,15.758,47.260,0.036,104.706
2026-09-02T07:41:41.120145+07:00,c11_sim,534,10.241,31.936,0.000,0.000,0.018,42.195
2026-09-02T07:41:41.381067+07:00,c11_sim,535,11.382,32.033,15.608,56.430,0.019,115.473
2026-09-02T07:41:41.585239+07:00,c11_sim,536,10.630,32.082,15.715,60.249,0.071,118.748
2026-09-02T07:41:41.780423+07:00,c11_sim,537,9.655,30.181,15.338,56.130,0.065,111.370
2026-09-02T07:41:41.928964+07:00,c11_sim,538,9.740,12.231,11.785,27.537,0.016,61.309
2026-09-02T07:41:42.133087+07:00,c11_sim,539,6.231,16.165,13.383,28.772,0.021,64.572
2026-09-02T07:41:42.365880+07:00,c11_sim,540,9.662,30.620,13.024,50.582,0.051,103.939
2026-09-02T07:41:42.515352+07:00,c11_sim,541,5.849,10.923,12.872,28.600,0.018,58.263
2026-09-02T07:41:42.781598+07:00,c11_sim,542,9.952,30.899,16.205,52.923,0.057,110.035
2026-09-02T07:41:42.980610+07:00,c11_sim,543,11.194,31.018,15.409,56.890,0.065,114.576
2026-09-02T07:41:43.181057+07:00,c11_sim,544,9.612,30.403,14.280,55.304,0.089,109.688
2026-09-02T07:41:43.380174+07:00,c11_sim,545,11.210,32.443,15.094,58.291,0.078,117.116
2026-09-02T07:41:43.580426+07:00,c11_sim,546,10.220,34.527,14.339,57.710,0.022,116.818
2026-09-02T07:41:43.766514+07:00,c11_sim,547,8.891,28.842,14.418,47.183,0.075,99.409
2026-09-02T07:41:43.964283+07:00,c11_sim,548,9.300,27.761,14.385,54.350,0.017,105.813
2026-09-02T07:41:44.182457+07:00,c11_sim,549,9.503,30.748,16.757,50.039,0.017,107.065
2026-09-02T07:41:44.382281+07:00,c11_sim,550,8.346,31.373,17.546,50.625,0.015,107.906
2026-09-02T07:41:44.601178+07:00,c11_sim,551,9.424,30.508,16.188,78.672,0.039,134.830
2026-09-02T07:41:44.710321+07:00,c11_sim,552,8.926,19.520,14.905,0.000,0.011,43.362
2026-09-02T07:41:44.966174+07:00,c11_sim,553,8.939,30.738,13.927,49.378,0.057,103.039
2026-09-02T07:41:45.183454+07:00,c11_sim,554,8.567,32.579,18.812,46.907,0.014,106.880
2026-09-02T07:41:45.366756+07:00,c11_sim,555,8.342,30.175,15.085,47.481,0.014,101.096
2026-09-02T07:41:45.563985+07:00,c11_sim,556,8.627,30.351,14.782,56.395,0.013,110.167
2026-09-02T07:41:45.726547+07:00,c11_sim,557,8.924,29.996,13.984,0.003,0.017,52.925
2026-09-02T07:41:45.905588+07:00,c11_sim,558,9.235,29.687,13.211,0.003,0.016,52.152
2026-09-02T07:41:46.098420+07:00,c11_sim,559,8.047,30.159,0.000,0.000,0.010,38.216
2026-09-02T07:41:46.292776+07:00,c11_sim,560,9.248,31.071,0.000,0.000,0.007,40.326
2026-09-02T07:41:46.497163+07:00,c11_sim,561,11.377,30.415,0.000,0.000,0.014,41.807
2026-09-02T07:41:46.706578+07:00,c11_sim,562,10.246,30.462,0.000,0.000,0.007,40.715
2026-09-02T07:41:46.923802+07:00,c11_sim,563,8.058,31.147,16.518,0.004,0.017,55.745
2026-09-02T07:41:47.141491+07:00,c11_sim,564,10.163,31.866,16.345,0.000,0.017,58.391
2026-09-02T07:41:47.335636+07:00,c11_sim,565,9.077,31.092,16.546,0.004,0.171,56.891
2026-09-02T07:41:47.581818+07:00,c11_sim,566,7.157,28.328,13.154,57.183,0.344,106.167
2026-09-02T07:41:47.781346+07:00,c11_sim,567,8.647,30.795,14.569,54.455,0.064,108.530
2026-09-02T07:41:47.965160+07:00,c11_sim,568,8.643,27.816,12.781,52.316,0.015,101.572
2026-09-02T07:41:48.183168+07:00,c11_sim,569,9.333,31.083,17.155,48.281,0.014,105.865
2026-09-02T07:41:48.380509+07:00,c11_sim,570,10.164,30.252,14.316,55.737,0.015,110.484
2026-09-02T07:41:48.566128+07:00,c11_sim,571,9.734,29.228,13.984,49.066,0.058,102.070
2026-09-02T07:41:48.781877+07:00,c11_sim,572,8.665,31.351,14.591,51.872,0.015,106.494
2026-09-02T07:41:48.980777+07:00,c11_sim,573,10.212,30.444,16.340,55.787,0.012,112.795
2026-09-02T07:41:49.180538+07:00,c11_sim,574,10.435,29.966,15.566,52.809,0.019,108.795
2026-09-02T07:41:49.380071+07:00,c11_sim,575,10.018,30.714,14.327,58.001,0.017,113.077
2026-09-02T07:41:49.600108+07:00,c11_sim,576,10.546,30.241,14.075,79.491,0.024,134.376
2026-09-02T07:41:49.797601+07:00,c11_sim,577,8.535,31.292,15.083,55.732,0.016,110.658
2026-09-02T07:41:49.943508+07:00,c11_sim,578,10.226,18.194,14.019,27.769,0.194,70.402
2026-09-02T07:41:50.180842+07:00,c11_sim,579,10.793,27.549,13.712,54.468,0.017,106.539
2026-09-02T07:41:50.398090+07:00,c11_sim,580,9.973,29.965,16.808,53.506,0.016,110.268
2026-09-02T07:41:50.597130+07:00,c11_sim,581,11.011,30.919,16.690,55.994,0.014,114.627
2026-09-02T07:41:50.782695+07:00,c11_sim,582,10.090,27.757,14.260,49.619,0.021,101.748
2026-09-02T07:41:50.966686+07:00,c11_sim,583,10.435,27.221,13.362,47.150,0.019,98.187
2026-09-02T07:41:51.183324+07:00,c11_sim,584,8.534,31.083,15.751,47.158,0.016,102.541
2026-09-02T07:41:51.386386+07:00,c11_sim,585,7.243,39.277,14.153,55.812,0.028,116.512
2026-09-02T07:41:51.584028+07:00,c11_sim,586,9.937,31.679,14.565,49.891,0.027,106.099
2026-09-02T07:41:51.780836+07:00,c11_sim,587,9.723,30.572,14.180,54.970,0.024,109.469
2026-09-02T07:41:51.980724+07:00,c11_sim,588,7.718,30.127,13.958,55.720,0.020,107.544
2026-09-02T07:41:52.112827+07:00,c11_sim,589,8.073,31.796,0.000,0.000,0.012,39.881
2026-09-02T07:41:52.303475+07:00,c11_sim,590,6.667,26.526,0.000,0.000,0.011,33.204
2026-09-02T07:41:52.596956+07:00,c11_sim,591,9.242,31.291,18.592,56.758,0.029,115.911
2026-09-02T07:41:52.796589+07:00,c11_sim,592,11.000,30.578,17.216,58.437,0.018,117.249
2026-09-02T07:41:52.997155+07:00,c11_sim,593,10.126,31.696,15.628,56.123,0.019,113.591
2026-09-02T07:41:53.126733+07:00,c11_sim,594,7.312,14.040,13.016,27.406,0.018,61.793
2026-09-02T07:41:53.401603+07:00,c11_sim,595,9.674,30.998,15.930,80.961,0.042,137.605
2026-09-02T07:41:53.582731+07:00,c11_sim,596,9.954,27.812,13.949,47.935,0.024,99.674
2026-09-02T07:41:53.766679+07:00,c11_sim,597,7.170,27.534,13.434,46.521,0.019,94.678
2026-09-02T07:41:53.982162+07:00,c11_sim,598,10.909,32.793,13.593,49.579,0.017,106.891
2026-09-02T07:41:54.181429+07:00,c11_sim,599,8.117,31.653,16.785,51.611,0.022,108.187
2026-09-02T07:41:54.384081+07:00,c11_sim,600,13.466,35.599,12.293,58.468,0.036,119.862
2026-09-02T07:41:54.580934+07:00,c11_sim,601,8.329,30.412,14.818,55.687,0.029,109.274
2026-09-02T07:41:54.780080+07:00,c11_sim,602,10.392,30.865,14.297,57.297,0.023,112.874
2026-09-02T07:41:54.965652+07:00,c11_sim,603,10.576,27.499,13.483,50.001,0.021,101.580
2026-09-02T07:41:55.108217+07:00,c11_sim,604,10.174,29.306,0.000,0.000,0.013,39.493
2026-09-02T07:41:55.303961+07:00,c11_sim,605,7.734,27.483,0.000,0.000,0.011,35.229
2026-09-02T07:41:55.581140+07:00,c11_sim,606,9.387,30.570,15.055,53.962,0.031,109.005
2026-09-02T07:41:55.779812+07:00,c11_sim,607,9.955,27.449,13.883,58.222,0.024,109.532
2026-09-02T07:41:55.981049+07:00,c11_sim,608,10.318,31.708,14.658,53.439,0.018,110.141
2026-09-02T07:41:56.106376+07:00,c11_sim,609,9.769,31.141,0.000,0.000,0.011,40.922
2026-09-02T07:41:56.401775+07:00,c11_sim,610,11.048,29.411,14.803,80.213,0.052,135.526
2026-09-02T07:41:56.561045+07:00,c11_sim,611,10.467,21.781,14.439,47.494,0.023,94.203
2026-09-02T07:41:56.781856+07:00,c11_sim,612,7.771,31.098,15.862,51.603,0.021,106.356
2026-09-02T07:41:56.981504+07:00,c11_sim,613,9.627,31.698,15.759,52.811,0.020,109.915
2026-09-02T07:41:57.201708+07:00,c11_sim,614,9.561,30.752,13.747,79.467,0.030,133.558
2026-09-02T07:41:57.398379+07:00,c11_sim,615,10.340,31.087,17.580,52.499,0.017,111.524
2026-09-02T07:41:57.519024+07:00,c11_sim,616,9.432,30.502,0.000,0.000,0.018,39.952
2026-09-02T07:41:57.781825+07:00,c11_sim,617,9.427,31.075,15.567,51.338,0.016,107.423
2026-09-02T07:41:57.980189+07:00,c11_sim,618,9.820,27.183,13.052,56.867,0.016,106.939
2026-09-02T07:41:58.200902+07:00,c11_sim,619,10.218,30.124,15.805,78.429,0.045,134.621
2026-09-02T07:41:58.383044+07:00,c11_sim,620,10.961,31.040,14.579,47.518,0.018,104.115
2026-09-02T07:41:58.580822+07:00,c11_sim,621,8.531,29.440,13.814,55.034,0.017,106.836
2026-09-02T07:41:58.765914+07:00,c11_sim,622,9.825,27.657,13.418,49.670,0.017,100.586
2026-09-02T07:41:58.920945+07:00,c11_sim,623,10.040,30.135,0.000,0.000,0.009,40.184
2026-09-02T07:41:59.180571+07:00,c11_sim,624,11.194,29.754,13.988,54.034,0.020,108.990
2026-09-02T07:41:59.398640+07:00,c11_sim,625,10.158,31.898,17.875,51.086,0.021,111.037
2026-09-02T07:41:59.519522+07:00,c11_sim,626,10.255,30.999,0.000,0.000,0.020,41.274
2026-09-02T07:41:59.781331+07:00,c11_sim,627,9.656,31.108,14.421,52.335,0.020,107.539
2026-09-02T07:41:59.903642+07:00,c11_sim,628,10.077,28.636,0.000,0.000,0.010,38.723
2026-09-02T07:42:00.180798+07:00,c11_sim,629,8.695,30.136,13.179,53.823,0.022,105.855
2026-09-02T07:42:00.307530+07:00,c11_sim,630,8.238,30.506,0.000,0.000,0.013,38.757
2026-09-02T07:42:00.525820+07:00,c11_sim,631,10.057,31.215,0.000,0.000,0.008,41.280
2026-09-02T07:42:00.716969+07:00,c11_sim,632,8.594,31.684,0.000,0.000,0.009,40.287
2026-09-02T07:42:00.904382+07:00,c11_sim,633,10.105,30.085,0.000,0.000,0.007,40.197
2026-09-02T07:42:01.120536+07:00,c11_sim,634,10.257,30.165,0.000,0.000,0.006,40.429
2026-09-02T07:42:01.382484+07:00,c11_sim,635,11.124,31.732,16.051,48.689,0.015,107.611
2026-09-02T07:42:01.516732+07:00,c11_sim,636,10.064,28.737,13.436,0.003,0.015,52.256
2026-09-02T07:42:01.736640+07:00,c11_sim,637,9.395,30.848,14.543,0.003,0.016,54.805
2026-09-02T07:42:01.911657+07:00,c11_sim,638,9.603,30.343,0.000,0.000,0.017,39.963
2026-09-02T07:42:02.121820+07:00,c11_sim,639,8.626,31.185,0.000,0.000,0.024,39.835
2026-09-02T07:42:02.318536+07:00,c11_sim,640,9.667,32.197,0.000,0.000,0.008,41.872
2026-09-02T07:42:02.506584+07:00,c11_sim,641,9.233,30.087,0.000,0.000,0.023,39.343
2026-09-02T07:42:02.745784+07:00,c11_sim,642,11.499,32.595,14.692,0.003,0.014,58.804
2026-09-02T07:42:02.923091+07:00,c11_sim,643,8.947,30.407,0.000,0.000,0.007,39.361
2026-09-02T07:42:03.112693+07:00,c11_sim,644,6.848,27.540,0.000,0.000,0.011,34.399
2026-09-02T07:42:03.306852+07:00,c11_sim,645,8.681,30.541,0.000,0.000,0.009,39.231
2026-09-02T07:42:03.508166+07:00,c11_sim,646,12.031,27.095,0.000,0.000,0.013,39.138
2026-09-02T07:42:03.718188+07:00,c11_sim,647,9.321,29.000,0.000,0.000,0.010,38.331
2026-09-02T07:42:03.923021+07:00,c11_sim,648,11.567,30.504,0.000,0.000,0.016,42.088
2026-09-02T07:42:04.115600+07:00,c11_sim,649,8.117,30.751,0.000,0.000,0.021,38.889
2026-09-02T07:42:04.314686+07:00,c11_sim,650,10.370,31.515,0.000,0.000,0.022,41.907
2026-09-02T07:42:04.505064+07:00,c11_sim,651,9.263,29.951,0.000,0.000,0.010,39.224
2026-09-02T07:42:04.719045+07:00,c11_sim,652,10.344,31.468,0.000,0.000,0.007,41.819
2026-09-02T07:42:04.981168+07:00,c12_sim,49,7.518,27.385,15.018,54.534,0.048,104.504
2026-09-02T07:42:05.125480+07:00,c12_sim,50,8.226,30.514,0.000,0.000,0.012,38.752
2026-09-02T07:42:05.322658+07:00,c12_sim,51,8.400,31.463,0.000,0.000,0.018,39.880
2026-09-02T07:42:05.523046+07:00,c12_sim,52,9.018,29.675,0.000,0.000,0.013,38.706
2026-09-02T07:42:05.711309+07:00,c12_sim,53,9.399,29.168,0.000,0.000,0.013,38.580
2026-09-02T07:42:05.906874+07:00,c12_sim,54,9.359,27.251,0.000,0.000,0.009,36.620
2026-09-02T07:42:06.122460+07:00,c12_sim,55,9.976,30.906,0.000,0.000,0.624,41.506
2026-09-02T07:42:06.321541+07:00,c12_sim,56,7.322,30.554,0.000,0.000,0.018,37.895
2026-09-02T07:42:06.517568+07:00,c12_sim,57,8.781,29.910,0.000,0.000,0.011,38.701
2026-09-02T07:42:06.718461+07:00,c12_sim,58,8.199,29.382,0.000,0.000,0.013,37.593
2026-09-02T07:42:06.914527+07:00,c12_sim,59,10.430,28.182,0.000,0.000,0.008,38.620
2026-09-02T07:42:07.114206+07:00,c12_sim,60,8.498,29.261,0.000,0.000,0.008,37.767
2026-09-02T07:42:07.337576+07:00,c12_sim,61,8.656,31.906,0.000,0.000,0.018,40.579
2026-09-02T07:42:07.528556+07:00,c10_sim,154,7.721,30.794,16.354,0.004,0.016,54.889
2026-09-02T07:42:07.750485+07:00,c10_sim,155,9.876,31.744,16.421,0.003,0.009,58.053
2026-09-02T07:42:07.929889+07:00,c10_sim,156,9.764,27.701,12.313,0.003,0.013,49.794
2026-09-02T07:42:08.143085+07:00,c10_sim,157,9.837,30.905,16.114,0.002,0.265,57.123
2026-09-02T07:42:08.327260+07:00,c10_sim,158,9.739,29.256,14.020,0.004,0.018,53.036
2026-09-02T07:42:08.583220+07:00,c10_sim,159,10.188,29.281,13.292,48.615,0.021,101.397
2026-09-02T07:42:08.799985+07:00,c10_sim,160,10.093,31.034,16.575,46.941,0.017,104.659
2026-09-02T07:42:09.018529+07:00,c10_sim,161,9.003,29.033,13.704,80.249,0.121,132.109
2026-09-02T07:42:09.176696+07:00,c10_sim,162,9.262,21.641,14.113,47.847,0.024,92.886
2026-09-02T07:42:09.398296+07:00,c10_sim,163,9.614,30.354,17.683,52.356,0.016,110.023
2026-09-02T07:42:09.598050+07:00,c10_sim,164,9.475,30.840,16.913,52.182,0.020,109.429
2026-09-02T07:42:09.782901+07:00,c10_sim,165,9.502,31.352,13.606,47.373,0.017,101.850
2026-09-02T07:42:09.999370+07:00,c10_sim,166,9.185,29.123,14.318,48.316,0.016,100.958
2026-09-02T07:42:10.219438+07:00,c10_sim,167,8.472,30.809,16.092,79.174,0.051,134.598
2026-09-02T07:42:10.375465+07:00,c10_sim,168,8.167,21.812,14.302,48.481,0.027,92.788
2026-09-02T07:42:10.582631+07:00,c10_sim,169,8.979,29.212,14.022,48.924,0.018,101.154
2026-09-02T07:42:10.797787+07:00,c10_sim,170,8.824,29.183,13.373,53.938,0.020,105.338
2026-09-02T07:42:10.918218+07:00,c10_sim,171,11.084,27.085,0.000,0.000,0.009,38.178
2026-09-02T07:42:11.199216+07:00,c10_sim,172,9.705,27.209,14.076,48.826,0.026,99.843
2026-09-02T07:42:11.396941+07:00,c10_sim,173,11.163,27.105,14.328,56.385,0.022,109.003
2026-09-02T07:42:11.581708+07:00,c10_sim,174,9.549,27.493,13.890,51.669,0.020,102.621
2026-09-02T07:42:11.797901+07:00,c10_sim,175,10.072,30.052,14.572,52.960,0.024,107.681
2026-09-02T07:42:12.017008+07:00,c10_sim,176,9.590,27.573,13.398,79.098,0.024,129.682
2026-09-02T07:42:12.155933+07:00,c11_sim,653,7.644,30.330,17.766,0.000,0.013,55.754
2026-09-02T07:42:12.345100+07:00,c11_sim,654,9.763,30.103,13.819,0.004,0.223,53.912
2026-09-02T07:42:12.560364+07:00,c11_sim,655,8.847,29.817,13.241,0.003,0.237,52.145
2026-09-02T07:42:12.752791+07:00,c11_sim,656,9.911,27.692,13.968,0.004,0.216,51.791
2026-09-02T07:42:12.956443+07:00,c11_sim,657,9.137,19.959,16.455,0.003,0.253,45.808
2026-09-02T07:42:13.125553+07:00,c11_sim,658,9.715,29.848,0.000,0.000,0.021,39.584
2026-09-02T07:42:13.414795+07:00,c11_sim,659,10.160,30.640,17.225,53.841,0.100,111.966
2026-09-02T07:42:13.613296+07:00,c11_sim,660,7.720,30.024,14.467,56.953,0.015,109.178
2026-09-02T07:42:13.798951+07:00,c11_sim,661,10.646,30.034,14.449,49.676,0.013,104.818
2026-09-02T07:42:14.017572+07:00,c11_sim,662,8.811,29.525,13.759,79.618,0.168,131.881
2026-09-02T07:42:14.213992+07:00,c11_sim,663,9.498,28.946,15.428,55.048,0.055,108.976
2026-09-02T07:42:14.414472+07:00,c11_sim,664,10.468,30.942,16.851,53.209,0.059,111.529
2026-09-02T07:42:14.613459+07:00,c11_sim,665,9.523,29.984,14.441,55.960,0.016,109.923
2026-09-02T07:42:14.813966+07:00,c11_sim,666,10.232,30.993,17.351,54.847,0.011,113.433
2026-09-02T07:42:14.998177+07:00,c11_sim,667,9.389,28.499,13.619,52.199,0.013,103.719
2026-09-02T07:42:15.215406+07:00,c11_sim,668,8.117,31.668,16.548,51.107,0.014,107.453
2026-09-02T07:42:15.414575+07:00,c11_sim,669,7.794,32.250,17.747,52.929,0.014,110.733
2026-09-02T07:42:15.613991+07:00,c11_sim,670,9.311,31.021,16.541,53.407,0.016,110.296
2026-09-02T07:42:15.798519+07:00,c11_sim,671,9.387,28.279,13.366,51.046,0.014,102.093
2026-09-02T07:42:16.016087+07:00,c11_sim,672,9.684,33.333,18.252,47.934,0.013,109.216
2026-09-02T07:42:16.214896+07:00,c11_sim,673,8.041,30.833,18.912,52.202,0.012,110.001
2026-09-02T07:42:16.398765+07:00,c11_sim,674,8.595,28.506,13.969,49.673,0.013,100.756
2026-09-02T07:42:16.614449+07:00,c11_sim,675,9.696,27.912,13.969,52.434,0.021,104.032
2026-09-02T07:42:16.736341+07:00,c11_sim,676,8.986,29.980,0.000,0.000,0.010,38.977
2026-09-02T07:42:17.035092+07:00,c11_sim,677,8.707,29.069,14.161,80.510,0.022,132.470
2026-09-02T07:42:17.191003+07:00,c11_sim,678,8.179,20.192,14.680,47.629,0.026,90.706
2026-09-02T07:42:17.399773+07:00,c11_sim,679,8.767,29.847,14.186,46.445,0.019,99.263
2026-09-02T07:42:17.596560+07:00,c11_sim,680,10.321,28.790,13.780,56.219,0.021,109.131
2026-09-02T07:42:17.814280+07:00,c11_sim,681,9.374,31.643,16.073,53.101,0.021,110.212
2026-09-02T07:42:18.013783+07:00,c11_sim,682,7.686,29.351,14.297,54.979,0.017,106.331
2026-09-02T07:42:18.144327+07:00,c11_sim,683,7.356,30.077,0.000,0.000,0.013,37.446
2026-09-02T07:42:18.415683+07:00,c11_sim,684,9.723,31.323,18.819,49.002,0.017,108.884
2026-09-02T07:42:18.634180+07:00,c11_sim,685,10.406,30.987,16.648,78.358,0.048,136.446
2026-09-02T07:42:18.786191+07:00,c11_sim,686,9.720,20.319,13.664,48.516,0.018,92.236
2026-09-02T07:42:18.998958+07:00,c11_sim,687,9.700,27.116,13.386,49.293,0.020,99.515
2026-09-02T07:42:19.222592+07:00,c11_sim,688,10.689,30.439,16.867,52.868,0.021,110.885
2026-09-02T07:42:19.379746+07:00,c11_sim,689,9.831,15.093,13.136,30.323,0.018,68.401
2026-09-02T07:42:19.597476+07:00,c11_sim,690,9.973,30.157,13.155,53.773,0.018,107.077
2026-09-02T07:42:19.763519+07:00,c11_sim,691,9.500,30.965,15.424,0.004,0.017,55.910
2026-09-02T07:42:19.932391+07:00,c11_sim,692,9.644,30.420,0.000,0.000,0.018,40.082
2026-09-02T07:42:20.198402+07:00,c11_sim,693,9.458,31.405,15.430,49.925,0.022,106.240
2026-09-02T07:42:20.413790+07:00,c11_sim,694,10.181,28.385,13.823,55.541,0.020,107.950
2026-09-02T07:42:20.536082+07:00,c11_sim,695,8.499,28.791,0.000,0.000,0.012,37.303
2026-09-02T07:42:20.730045+07:00,c11_sim,696,10.142,28.914,0.000,0.000,0.011,39.067
2026-09-02T07:42:20.927526+07:00,c11_sim,697,9.085,29.664,0.000,0.000,0.009,38.758
2026-09-02T07:42:21.122155+07:00,c11_sim,698,9.200,28.365,0.000,0.000,0.008,37.572
2026-09-02T07:42:21.396454+07:00,c11_sim,699,9.415,31.596,14.816,57.368,0.019,113.214
2026-09-02T07:42:21.547531+07:00,c11_sim,700,9.943,30.578,0.000,0.000,0.010,40.531
2026-09-02T07:42:21.723276+07:00,c11_sim,701,10.178,29.538,0.000,0.000,0.016,39.732
2026-09-02T07:42:21.945529+07:00,c11_sim,702,10.621,30.170,0.000,0.000,0.008,40.799
2026-09-02T07:42:22.144175+07:00,c11_sim,703,9.596,31.090,0.000,0.000,0.007,40.692
2026-09-02T07:42:22.341645+07:00,c11_sim,704,10.251,30.398,0.000,0.000,0.019,40.668
2026-09-02T07:42:22.535096+07:00,c11_sim,705,11.638,31.087,0.000,0.000,0.023,42.748
2026-09-02T07:42:22.741293+07:00,c11_sim,706,9.411,30.433,0.000,0.000,0.022,39.866
2026-09-02T07:42:22.925449+07:00,c11_sim,707,9.824,27.358,0.000,0.000,0.009,37.190
2026-09-02T07:42:23.145268+07:00,c11_sim,708,10.926,31.474,0.000,0.000,0.024,42.423
2026-09-02T07:42:23.342965+07:00,c11_sim,709,9.627,30.828,0.000,0.000,0.026,40.480
2026-09-02T07:42:23.539938+07:00,c11_sim,710,9.662,27.996,0.000,0.000,0.013,37.672
2026-09-02T07:42:23.737421+07:00,c11_sim,711,9.443,30.170,0.000,0.000,0.008,39.621
2026-09-02T07:42:23.929120+07:00,c11_sim,712,8.812,30.373,0.000,0.000,0.019,39.204
2026-09-02T07:42:24.127736+07:00,c11_sim,713,9.442,30.145,0.000,0.000,0.009,39.596
2026-09-02T07:42:24.352043+07:00,c11_sim,714,10.363,36.500,0.000,0.000,0.548,47.411
2026-09-02T07:42:24.524756+07:00,c11_sim,715,9.309,29.299,0.000,0.000,0.018,38.626
2026-09-02T07:42:24.742534+07:00,c11_sim,716,8.735,29.019,0.000,0.000,0.004,37.758
2026-09-02T07:42:24.936772+07:00,c11_sim,717,9.937,29.741,0.000,0.000,0.005,39.683
2026-09-02T07:42:25.128848+07:00,c11_sim,718,9.422,28.655,0.000,0.000,0.005,38.083
2026-09-02T07:42:25.328227+07:00,c9_sim,344,7.681,29.698,0.000,0.000,0.011,37.390
2026-09-02T07:42:25.529445+07:00,c9_sim,345,10.463,29.126,0.000,0.000,0.012,39.601
2026-09-02T07:42:25.738873+07:00,c9_sim,346,8.112,30.692,0.000,0.000,0.018,38.822
2026-09-02T07:42:25.944392+07:00,c9_sim,347,10.240,29.274,0.000,0.000,0.009,39.523
2026-09-02T07:42:26.116904+07:00,c9_sim,348,9.046,14.002,0.000,0.000,0.007,23.055
2026-09-02T07:42:26.342467+07:00,c9_sim,349,7.887,29.265,0.000,0.000,0.007,37.159
2026-09-02T07:42:26.537762+07:00,c9_sim,350,8.071,30.379,0.000,0.000,0.018,38.468
2026-09-02T07:42:26.737212+07:00,c9_sim,351,7.716,29.291,0.000,0.000,0.010,37.017
2026-09-02T07:42:26.939671+07:00,c9_sim,352,8.532,30.437,0.000,0.000,0.021,38.990
2026-09-02T07:42:27.135724+07:00,c9_sim,353,9.623,30.104,0.000,0.000,0.008,39.734
2026-09-02T07:42:27.333478+07:00,c9_sim,354,8.637,30.481,0.000,0.000,0.023,39.141
2026-09-02T07:42:27.555550+07:00,c9_sim,355,10.032,30.533,0.000,0.000,0.728,41.293
2026-09-02T07:42:27.730141+07:00,c9_sim,356,8.440,30.282,0.000,0.000,0.043,38.764
2026-09-02T07:42:27.938493+07:00,c9_sim,357,8.180,30.572,0.000,0.000,0.011,38.764
2026-09-02T07:42:28.134520+07:00,c9_sim,358,8.438,30.777,0.000,0.000,0.012,39.227
2026-09-02T07:42:28.328230+07:00,c9_sim,359,8.399,29.452,0.000,0.000,0.007,37.858
2026-09-02T07:42:28.524409+07:00,c9_sim,360,8.250,27.944,0.000,0.000,0.008,36.202
2026-09-02T07:42:28.746724+07:00,c9_sim,361,5.424,28.047,0.000,0.000,0.006,33.477
2026-09-02T07:42:28.945038+07:00,c9_sim,362,8.201,30.287,0.000,0.000,0.005,38.493
2026-09-02T07:42:29.143512+07:00,c9_sim,363,6.942,30.146,0.000,0.000,0.010,37.098
2026-09-02T07:42:29.339822+07:00,c9_sim,364,8.358,30.941,0.000,0.000,0.011,39.310
2026-09-02T07:42:29.542188+07:00,c9_sim,365,8.631,30.640,0.000,0.000,0.005,39.275
2026-09-02T07:42:29.737993+07:00,c9_sim,366,8.627,29.743,0.000,0.000,0.006,38.376
2026-09-02T07:42:29.937286+07:00,c9_sim,367,8.576,30.043,0.000,0.000,0.004,38.624
2026-09-02T07:42:30.150407+07:00,c9_sim,368,6.957,30.540,17.081,0.000,0.007,54.585
2026-09-02T07:42:30.352992+07:00,c9_sim,369,9.244,31.554,0.000,0.000,0.012,40.810
2026-09-02T07:42:30.546823+07:00,c9_sim,370,9.379,31.614,0.000,0.000,0.006,40.998
2026-09-02T07:42:30.738983+07:00,c9_sim,371,8.130,30.924,0.000,0.000,0.009,39.063
2026-09-02T07:42:30.935244+07:00,c9_sim,372,8.551,30.892,0.000,0.000,0.012,39.455
2026-09-02T07:42:31.132092+07:00,c9_sim,373,9.064,30.484,0.000,0.000,0.004,39.553
2026-09-02T07:42:31.354204+07:00,c9_sim,374,9.287,31.505,0.000,0.000,0.011,40.803
2026-09-02T07:42:31.527730+07:00,c9_sim,375,8.028,30.377,0.000,0.000,0.006,38.411
2026-09-02T07:42:31.829896+07:00,c9_sim,376,8.236,30.962,17.665,57.894,0.044,114.802
2026-09-02T07:42:31.968393+07:00,c9_sim,377,6.873,19.810,16.135,27.505,0.034,70.357
2026-09-02T07:42:32.141712+07:00,c9_sim,378,8.370,30.883,0.000,0.000,0.008,39.261
2026-09-02T07:42:32.341848+07:00,c9_sim,379,8.858,31.156,0.000,0.000,0.017,40.030
2026-09-02T07:42:32.597692+07:00,c9_sim,380,9.117,27.656,14.467,52.866,0.013,104.118
2026-09-02T07:42:32.816199+07:00,c9_sim,381,9.249,31.208,15.114,47.251,0.033,102.855
2026-09-02T07:42:32.998948+07:00,c9_sim,382,11.015,28.763,13.608,48.545,0.014,101.945
2026-09-02T07:42:33.214081+07:00,c9_sim,383,6.929,29.944,14.096,52.279,0.012,103.261
2026-09-02T07:42:33.434811+07:00,c9_sim,384,8.533,30.101,16.102,80.876,0.028,135.639
2026-09-02T07:42:33.592871+07:00,c9_sim,385,8.314,21.395,14.280,47.987,0.012,91.988
2026-09-02T07:42:33.815161+07:00,c9_sim,386,8.581,31.523,16.634,49.987,0.011,106.736
2026-09-02T07:42:34.033740+07:00,c9_sim,387,8.796,29.892,14.336,79.799,0.028,132.852
2026-09-02T07:42:34.186894+07:00,c9_sim,388,8.392,21.225,14.357,48.357,0.014,92.345
2026-09-02T07:42:34.398906+07:00,c9_sim,389,10.083,30.405,14.778,48.824,0.013,104.103
2026-09-02T07:42:34.613624+07:00,c9_sim,390,7.950,29.387,13.993,55.676,0.013,107.020
2026-09-02T07:42:34.799427+07:00,c9_sim,391,8.513,30.702,16.154,46.587,0.013,101.969
2026-09-02T07:42:35.018771+07:00,c9_sim,392,8.262,27.591,13.420,79.506,0.031,128.810
2026-09-02T07:42:35.214229+07:00,c9_sim,393,7.275,31.611,17.530,52.127,0.051,108.593
2026-09-02T07:42:35.399188+07:00,c9_sim,394,7.707,30.746,15.757,47.894,0.017,102.121
2026-09-02T07:42:35.613592+07:00,c9_sim,395,10.361,27.768,13.192,55.384,0.015,106.720
2026-09-02T07:42:35.813695+07:00,c9_sim,396,7.528,31.962,13.999,53.994,0.016,107.498
2026-09-02T07:42:35.998235+07:00,c9_sim,397,10.128,27.939,13.721,51.177,0.018,102.983
2026-09-02T07:42:36.214075+07:00,c9_sim,398,5.823,29.387,14.210,52.671,0.057,102.148
2026-09-02T07:42:36.413664+07:00,c9_sim,399,8.611,31.066,16.493,55.406,0.018,111.595
2026-09-02T07:42:36.613609+07:00,c9_sim,400,8.403,30.931,17.261,55.117,0.017,111.729
2026-09-02T07:42:36.798809+07:00,c9_sim,401,7.852,29.513,13.907,48.789,0.048,100.109
2026-09-02T07:42:37.035249+07:00,c9_sim,402,7.949,29.948,14.376,79.873,0.043,132.190
2026-09-02T07:42:37.188964+07:00,c9_sim,403,9.323,22.895,16.486,48.454,0.021,97.180
2026-09-02T07:42:37.414507+07:00,c9_sim,404,8.446,31.840,19.026,52.174,0.018,111.504
2026-09-02T07:42:37.634558+07:00,c9_sim,405,8.047,30.510,17.557,78.064,0.044,134.221
2026-09-02T07:42:37.793649+07:00,c9_sim,406,8.258,22.989,15.050,47.265,0.018,93.580
2026-09-02T07:42:38.014106+07:00,c9_sim,407,8.907,30.664,14.697,52.959,0.018,107.245
2026-09-02T07:42:38.216086+07:00,c9_sim,408,6.446,35.572,16.477,47.869,0.022,106.387
2026-09-02T07:42:38.419609+07:00,c9_sim,409,8.680,31.103,18.092,56.505,0.019,114.400
2026-09-02T07:42:38.613890+07:00,c9_sim,410,8.645,31.300,18.208,52.864,0.015,111.033
2026-09-02T07:42:38.835101+07:00,c9_sim,411,8.280,29.030,14.584,80.464,0.041,132.399
2026-09-02T07:42:38.923950+07:00,c9_sim,412,8.897,20.736,0.000,0.000,0.011,29.643
2026-09-02T07:42:39.142010+07:00,c9_sim,413,6.702,28.176,0.000,0.000,0.012,34.890
2026-09-02T07:42:39.337204+07:00,c8_sim,189,8.075,30.015,0.000,0.000,0.008,38.099
2026-09-02T07:42:39.551783+07:00,c8_sim,190,12.579,27.122,0.000,0.000,0.007,39.709
2026-09-02T07:42:39.743439+07:00,c8_sim,191,11.482,30.351,0.000,0.000,0.005,41.838
2026-09-02T07:42:39.961921+07:00,c8_sim,192,10.760,30.999,0.000,0.000,0.010,41.769
2026-09-02T07:42:40.159143+07:00,c8_sim,193,11.082,30.781,0.000,0.000,0.013,41.876
2026-09-02T07:42:40.359111+07:00,c8_sim,194,11.045,30.536,0.000,0.000,0.014,41.596
2026-09-02T07:42:40.537763+07:00,c8_sim,195,12.494,19.303,0.000,0.000,0.007,31.804
2026-09-02T07:42:40.747759+07:00,c8_sim,196,10.415,27.327,0.000,0.000,0.006,37.748
2026-09-02T07:42:40.944934+07:00,c8_sim,197,10.032,30.000,0.000,0.000,0.010,40.041
2026-09-02T07:42:41.146204+07:00,c8_sim,198,9.853,36.361,0.000,0.000,0.006,46.219
2026-09-02T07:42:41.359136+07:00,c8_sim,199,10.538,30.577,0.000,0.000,0.014,41.129
2026-09-02T07:42:41.551728+07:00,c8_sim,200,10.798,29.571,0.000,0.000,0.007,40.375
2026-09-02T07:42:41.754889+07:00,c8_sim,201,10.134,30.311,0.000,0.000,0.009,40.454
2026-09-02T07:42:41.969007+07:00,c8_sim,202,6.961,27.933,14.770,0.000,0.007,49.671
2026-09-02T07:42:42.158148+07:00,c8_sim,203,9.351,29.798,13.477,0.005,0.170,52.800
2026-09-02T07:42:42.370617+07:00,c8_sim,204,11.122,31.475,17.565,0.003,0.164,60.329
2026-09-02T07:42:42.553673+07:00,c8_sim,205,10.043,30.780,13.491,0.004,0.015,54.333
2026-09-02T07:42:42.769836+07:00,c8_sim,206,9.358,29.413,13.640,0.003,0.014,52.427
2026-09-02T07:42:42.959244+07:00,c8_sim,207,11.799,27.555,13.445,0.003,0.012,52.814
2026-09-02T07:42:43.230450+07:00,c8_sim,208,10.511,31.672,15.885,54.932,0.015,113.015
2026-09-02T07:42:43.430509+07:00,c8_sim,209,9.861,31.488,16.035,53.936,0.012,111.333
2026-09-02T07:42:43.615497+07:00,c8_sim,210,10.826,30.378,13.964,48.063,0.011,103.242
2026-09-02T07:42:43.814245+07:00,c8_sim,211,8.380,30.626,13.739,52.849,0.014,105.607
2026-09-02T07:42:43.999196+07:00,c8_sim,212,9.951,28.987,14.444,47.303,0.012,100.696
2026-09-02T07:42:44.235336+07:00,c8_sim,213,7.918,28.887,13.056,78.878,0.019,128.757
2026-09-02T07:42:44.360856+07:00,c8_sim,214,10.721,32.056,0.000,0.000,0.019,42.797
2026-09-02T07:42:44.615526+07:00,c8_sim,215,11.112,28.838,14.004,48.570,0.012,102.535
2026-09-02T07:42:44.754407+07:00,c8_sim,216,9.410,30.013,13.641,0.004,0.015,53.084
2026-09-02T07:42:44.946313+07:00,c8_sim,217,11.068,28.484,0.000,0.000,0.009,39.562
2026-09-02T07:42:45.213375+07:00,c8_sim,218,9.969,28.028,13.565,54.555,0.014,106.130
2026-09-02T07:42:45.412589+07:00,c8_sim,219,8.418,29.164,14.693,58.267,0.013,110.555
2026-09-02T07:42:45.631666+07:00,c8_sim,220,10.199,32.073,16.869,49.638,0.013,108.792
2026-09-02T07:42:45.852298+07:00,c8_sim,221,11.244,30.715,13.267,79.571,0.028,134.825
2026-09-02T07:42:46.011507+07:00,c8_sim,222,10.890,23.054,15.614,47.445,0.015,97.017
2026-09-02T07:42:46.198480+07:00,c8_sim,223,8.431,28.317,13.955,48.583,0.013,99.298
2026-09-02T07:42:46.415504+07:00,c8_sim,224,10.578,30.978,15.686,48.238,0.013,105.493
2026-09-02T07:42:46.631225+07:00,c8_sim,225,10.669,30.455,14.341,51.493,0.015,106.973
2026-09-02T07:42:46.851955+07:00,c8_sim,226,11.270,30.520,13.747,79.787,0.026,135.351
2026-09-02T07:42:46.938457+07:00,c8_sim,227,9.835,20.604,0.000,0.000,0.013,30.452
2026-09-02T07:42:47.199125+07:00,c8_sim,228,7.533,28.165,13.780,46.657,0.020,96.155
2026-09-02T07:42:47.347230+07:00,c8_sim,229,9.862,30.605,0.000,0.000,0.008,40.475
2026-09-02T07:42:47.546437+07:00,c8_sim,230,10.537,27.737,0.000,0.000,0.014,38.288
2026-09-02T07:42:47.746953+07:00,c8_sim,231,11.532,30.128,0.000,0.000,0.013,41.674
2026-09-02T07:42:47.942804+07:00,c8_sim,232,9.443,29.062,0.000,0.000,0.008,38.513
2026-09-02T07:42:48.159668+07:00,c8_sim,233,11.103,29.606,0.000,0.000,0.009,40.718
2026-09-02T07:42:48.360262+07:00,c8_sim,234,9.944,30.913,0.000,0.000,0.010,40.868
2026-09-02T07:42:48.564225+07:00,c8_sim,235,11.183,31.939,0.000,0.000,0.019,43.141
2026-09-02T07:42:48.738720+07:00,c8_sim,236,10.405,27.790,0.000,0.000,0.013,38.207
2026-09-02T07:42:48.955968+07:00,c8_sim,237,11.880,27.961,0.000,0.000,0.011,39.852
2026-09-02T07:42:49.155830+07:00,c8_sim,238,10.000,29.953,0.000,0.000,0.018,39.971
2026-09-02T07:42:49.353996+07:00,c8_sim,239,10.467,30.903,0.000,0.000,0.008,41.377
2026-09-02T07:42:49.543305+07:00,c8_sim,240,9.077,28.189,0.000,0.000,0.009,37.276
2026-09-02T07:42:49.754760+07:00,c8_sim,241,10.686,30.285,0.000,0.000,0.011,40.982
2026-09-02T07:42:49.951678+07:00,c8_sim,242,9.867,29.785,0.000,0.000,0.008,39.660
2026-09-02T07:42:50.153786+07:00,c8_sim,243,10.715,30.305,0.000,0.000,0.644,41.664
2026-09-02T07:42:50.352720+07:00,c8_sim,244,10.265,30.847,0.000,0.000,0.033,41.145
2026-09-02T07:42:50.545003+07:00,c8_sim,245,11.066,27.203,0.000,0.000,0.006,38.276
2026-09-02T07:42:50.762008+07:00,c8_sim,246,10.136,29.711,0.000,0.000,0.005,39.851
2026-09-02T07:42:50.964893+07:00,c10_sim,177,8.237,31.167,0.000,0.000,0.021,39.426
2026-09-02T07:42:51.161209+07:00,c10_sim,178,9.181,30.934,0.000,0.000,0.012,40.127
2026-09-02T07:42:51.354435+07:00,c10_sim,179,11.799,30.074,0.000,0.000,0.007,41.879
2026-09-02T07:42:51.573789+07:00,c10_sim,180,10.568,31.857,0.000,0.000,0.007,42.432
2026-09-02T07:42:51.772450+07:00,c10_sim,181,10.645,31.425,0.000,0.000,0.020,42.090
2026-09-02T07:42:51.972661+07:00,c10_sim,182,9.771,31.193,0.000,0.000,0.008,40.972
2026-09-02T07:42:52.168647+07:00,c10_sim,183,8.380,31.577,0.000,0.000,0.024,39.980
2026-09-02T07:42:52.362965+07:00,c10_sim,184,10.107,30.890,0.000,0.000,0.023,41.020
2026-09-02T07:42:52.578033+07:00,c10_sim,185,10.604,30.146,18.953,0.000,0.011,59.714
2026-09-02T07:42:52.772443+07:00,c10_sim,186,9.261,31.048,15.190,0.000,0.012,55.511
2026-09-02T07:42:52.966049+07:00,c10_sim,187,9.586,30.657,14.607,0.004,0.178,55.032
2026-09-02T07:42:53.231989+07:00,c10_sim,188,9.136,30.834,17.501,49.842,0.108,107.423
2026-09-02T07:42:53.450793+07:00,c10_sim,189,8.255,30.229,14.938,81.160,0.067,134.649
2026-09-02T07:42:53.609330+07:00,c10_sim,190,9.070,20.767,15.110,48.418,0.014,93.380
2026-09-02T07:42:53.830954+07:00,c10_sim,191,8.741,29.117,14.934,53.991,0.307,107.090
2026-09-02T07:42:54.052512+07:00,c10_sim,192,10.184,30.275,16.096,79.199,0.049,135.803
2026-09-02T07:42:54.212833+07:00,c10_sim,193,9.230,21.753,16.425,47.588,0.017,95.013
2026-09-02T07:42:54.416216+07:00,c10_sim,194,10.238,24.262,14.720,42.510,0.017,91.746
2026-09-02T07:42:54.631196+07:00,c10_sim,195,8.655,30.152,15.094,51.528,0.014,105.443
2026-09-02T07:42:54.827829+07:00,c10_sim,196,11.122,31.107,15.558,50.617,0.020,108.424
2026-09-02T07:42:54.980195+07:00,c10_sim,197,6.276,14.817,14.802,31.285,0.019,67.199
2026-09-02T07:42:55.233184+07:00,c10_sim,198,5.978,32.045,13.414,62.216,0.017,113.670
2026-09-02T07:42:55.429289+07:00,c10_sim,199,6.459,28.038,13.105,58.509,0.013,106.123
2026-09-02T07:42:55.614308+07:00,c10_sim,200,10.360,27.761,12.619,51.917,0.012,102.669
2026-09-02T07:42:55.831152+07:00,c10_sim,201,9.688,30.798,14.139,52.509,0.015,107.148
2026-09-02T07:42:55.989559+07:00,c10_sim,202,8.066,20.582,14.108,27.625,0.012,70.393
2026-09-02T07:42:56.231739+07:00,c10_sim,203,7.499,27.613,14.255,51.979,0.016,101.362
2026-09-02T07:42:56.430935+07:00,c10_sim,204,7.699,30.721,14.532,53.462,0.030,106.444
2026-09-02T07:42:56.593003+07:00,c10_sim,205,7.756,19.428,13.627,28.264,0.018,69.092
2026-09-02T07:42:56.846287+07:00,c10_sim,206,9.288,34.100,15.455,58.188,0.018,117.050
2026-09-02T07:42:56.994904+07:00,c10_sim,207,7.421,17.380,13.759,27.592,0.017,66.170
2026-09-02T07:42:57.246607+07:00,c10_sim,208,7.901,35.754,14.375,55.236,0.021,113.288
2026-09-02T07:42:57.385148+07:00,c10_sim,209,10.285,19.258,15.184,27.547,0.015,72.289
2026-09-02T07:42:57.629793+07:00,c10_sim,210,9.918,30.867,14.503,56.337,0.017,111.641
2026-09-02T07:42:57.829276+07:00,c10_sim,211,9.608,27.966,13.915,57.970,0.019,109.478
2026-09-02T07:42:57.958204+07:00,c10_sim,212,9.896,30.257,0.000,0.000,0.008,40.161
2026-09-02T07:42:58.231304+07:00,c10_sim,213,7.827,40.101,14.168,51.521,0.023,113.640
2026-09-02T07:42:58.344768+07:00,c10_sim,214,6.018,13.707,0.000,0.000,0.012,19.737
2026-09-02T07:42:58.530930+07:00,c10_sim,215,6.139,14.861,0.000,0.000,0.011,21.010
2026-09-02T07:42:58.751874+07:00,c10_sim,216,9.365,30.935,0.000,0.000,0.017,40.316
2026-09-02T07:42:58.947493+07:00,c10_sim,217,9.223,29.640,0.000,0.000,0.014,38.877
2026-09-02T07:42:59.172682+07:00,c10_sim,218,8.193,32.587,0.000,0.000,0.021,40.801
2026-09-02T07:42:59.340677+07:00,c10_sim,219,6.068,27.149,0.000,0.000,0.015,33.232
2026-09-02T07:42:59.562654+07:00,c10_sim,220,6.059,25.721,0.000,0.000,0.011,31.790
2026-09-02T07:42:59.753438+07:00,c10_sim,221,6.097,27.781,0.000,0.000,0.012,33.889
2026-09-02T07:42:59.952199+07:00,c10_sim,222,9.260,29.711,0.000,0.000,0.020,38.991
2026-09-02T07:43:00.165565+07:00,c10_sim,223,9.608,32.164,0.000,0.000,0.024,41.796
2026-09-02T07:43:00.360878+07:00,c10_sim,224,7.987,31.497,0.000,0.000,0.017,39.501
2026-09-02T07:43:00.553255+07:00,c10_sim,225,11.020,30.144,0.000,0.000,0.013,41.177
2026-09-02T07:43:00.750157+07:00,c10_sim,226,7.497,28.332,0.000,0.000,0.013,35.842
2026-09-02T07:43:00.999640+07:00,c11_sim,719,13.858,29.556,22.527,0.000,0.013,65.954
2026-09-02T07:43:01.284003+07:00,c11_sim,720,8.532,30.855,15.129,81.627,0.152,136.295
2026-09-02T07:43:01.446327+07:00,c11_sim,721,13.707,21.922,17.198,48.047,0.021,100.896
2026-09-02T07:43:01.647768+07:00,c11_sim,722,8.075,33.171,14.745,54.867,0.016,110.874
2026-09-02T07:43:01.847648+07:00,c11_sim,723,8.380,31.554,15.985,52.682,0.015,108.616
2026-09-02T07:43:02.001148+07:00,c11_sim,724,8.047,13.901,11.272,28.625,0.098,61.944
2026-09-02T07:43:02.215244+07:00,c11_sim,725,6.880,15.568,13.188,34.499,0.015,70.149
2026-09-02T07:43:02.431766+07:00,c11_sim,726,9.961,30.560,13.288,50.534,0.019,104.361
2026-09-02T07:43:02.577385+07:00,c11_sim,727,9.127,31.629,0.000,0.000,0.013,40.769
2026-09-02T07:43:02.848215+07:00,c11_sim,728,9.840,31.527,14.749,51.054,0.014,107.185
2026-09-02T07:43:03.047340+07:00,c11_sim,729,7.751,31.331,13.882,55.467,0.084,108.514
2026-09-02T07:43:03.203721+07:00,c11_sim,730,6.361,13.231,13.469,28.585,0.103,61.750
2026-09-02T07:43:03.447030+07:00,c11_sim,731,7.262,28.890,14.294,53.950,0.018,104.416
2026-09-02T07:43:03.646224+07:00,c11_sim,732,8.609,31.343,14.990,60.078,0.016,115.036
2026-09-02T07:43:03.847791+07:00,c11_sim,733,9.864,31.280,17.092,52.111,0.014,110.361
2026-09-02T07:43:04.008026+07:00,c11_sim,734,8.804,18.182,13.901,28.174,0.014,69.076
2026-09-02T07:43:04.262799+07:00,c11_sim,735,8.222,31.840,17.450,57.623,0.014,115.149
2026-09-02T07:43:04.393712+07:00,c11_sim,736,9.241,18.330,13.870,27.918,0.019,69.377
2026-09-02T07:43:04.646416+07:00,c11_sim,737,9.111,32.441,16.386,56.566,0.024,114.527
2026-09-02T07:43:04.832210+07:00,c11_sim,738,9.686,28.204,14.212,47.060,0.021,99.183
2026-09-02T07:43:05.030799+07:00,c11_sim,739,9.156,29.156,15.762,52.788,0.024,106.885
2026-09-02T07:43:05.247655+07:00,c11_sim,740,7.688,30.167,14.892,51.452,0.022,104.221
2026-09-02T07:43:05.431086+07:00,c11_sim,741,6.968,27.707,13.885,51.607,0.021,100.188
2026-09-02T07:43:05.646788+07:00,c11_sim,742,7.100,29.687,13.454,55.024,0.024,105.289
2026-09-02T07:43:05.846220+07:00,c11_sim,743,10.099,30.803,14.593,57.368,0.022,112.885
2026-09-02T07:43:06.032510+07:00,c11_sim,744,7.346,27.392,13.792,47.137,0.020,95.688
2026-09-02T07:43:06.189814+07:00,c11_sim,745,6.764,14.522,13.364,27.645,0.021,62.316
2026-09-02T07:43:06.430882+07:00,c11_sim,746,9.674,29.781,13.920,52.359,0.026,105.761
2026-09-02T07:43:06.629832+07:00,c11_sim,747,7.687,28.570,13.193,55.970,0.019,105.439
2026-09-02T07:43:06.848239+07:00,c11_sim,748,8.674,28.699,13.480,50.419,0.017,101.290
2026-09-02T07:43:06.999634+07:00,c11_sim,749,7.144,12.943,12.219,28.958,0.020,61.284
2026-09-02T07:43:07.247154+07:00,c11_sim,750,10.194,30.668,14.694,53.976,0.021,109.554
2026-09-02T07:43:07.432248+07:00,c11_sim,751,9.404,30.985,14.619,46.461,0.021,101.489
2026-09-02T07:43:07.647592+07:00,c11_sim,752,10.148,29.532,13.354,52.119,0.025,105.179
2026-09-02T07:43:07.774216+07:00,c11_sim,753,9.416,30.553,0.000,0.000,0.012,39.981
2026-09-02T07:43:08.045934+07:00,c11_sim,754,9.040,28.836,14.311,57.191,0.019,109.397
2026-09-02T07:43:08.268634+07:00,c11_sim,755,9.000,30.657,14.398,78.083,0.024,132.162
2026-09-02T07:43:08.363495+07:00,c11_sim,756,12.290,21.640,0.000,0.000,0.010,33.939
2026-09-02T07:43:08.635419+07:00,c11_sim,757,9.529,22.525,17.340,43.876,0.018,93.287
2026-09-02T07:43:08.815123+07:00,c11_sim,758,9.448,27.405,12.256,47.663,0.020,96.793
2026-09-02T07:43:08.966150+07:00,c11_sim,759,10.745,30.048,0.000,0.000,0.007,40.801
2026-09-02T07:43:09.262428+07:00,c11_sim,760,11.502,32.184,15.969,57.273,0.019,116.948
2026-09-02T07:43:09.396939+07:00,c11_sim,761,8.213,19.313,13.495,27.583,0.033,68.637
2026-09-02T07:43:09.607494+07:00,c11_sim,762,6.026,14.880,14.323,29.716,0.043,64.987
2026-09-02T07:43:09.743859+07:00,c11_sim,763,5.868,12.766,0.000,0.000,0.012,18.646
2026-09-02T07:43:09.971222+07:00,c11_sim,764,5.901,28.461,0.000,0.000,0.014,34.375
2026-09-02T07:43:10.176231+07:00,c11_sim,765,7.635,32.407,0.000,0.000,0.022,40.064
2026-09-02T07:43:10.374575+07:00,c11_sim,766,6.917,28.916,0.000,0.000,0.017,35.850
2026-09-02T07:43:10.647173+07:00,c11_sim,767,10.185,31.661,16.972,53.871,0.023,112.712
2026-09-02T07:43:10.756742+07:00,c11_sim,768,7.116,15.099,0.000,0.000,0.010,22.225
2026-09-02T07:43:10.972044+07:00,c11_sim,769,6.906,27.952,0.000,0.000,0.019,34.877
2026-09-02T07:43:11.176176+07:00,c11_sim,770,6.970,29.069,0.000,0.000,0.015,36.054
2026-09-02T07:43:11.377260+07:00,c11_sim,771,7.797,32.821,0.000,0.000,0.015,40.632
2026-09-02T07:43:11.648469+07:00,c11_sim,772,9.871,33.613,14.771,49.632,0.026,107.914
2026-09-02T07:43:11.780561+07:00,c11_sim,773,6.921,17.374,12.722,0.003,0.014,37.035
2026-09-02T07:43:11.981978+07:00,c11_sim,774,8.072,31.134,0.000,0.000,0.010,39.216
2026-09-02T07:43:12.159449+07:00,c11_sim,775,8.203,29.778,0.000,0.000,0.014,37.995
2026-09-02T07:43:12.360231+07:00,c11_sim,776,6.719,29.072,0.000,0.000,0.016,35.806
2026-09-02T07:43:12.580869+07:00,c11_sim,777,10.447,31.090,0.000,0.000,0.016,41.553
2026-09-02T07:43:12.742640+07:00,c11_sim,778,5.838,14.640,0.000,0.000,0.011,20.489
2026-09-02T07:43:12.981690+07:00,c11_sim,779,7.205,28.898,0.000,0.000,0.014,36.118
2026-09-02T07:43:13.180277+07:00,c11_sim,780,7.833,32.879,0.000,0.000,0.023,40.735
2026-09-02T07:43:13.373435+07:00,c11_sim,781,6.082,23.179,0.000,0.000,0.014,29.275
2026-09-02T07:43:13.390218+07:00,c11_sim,782,6.690,16.584,0.000,0.000,0.012,23.286
2026-09-02T07:43:13.432344+07:00,c11_sim,783,5.409,16.852,0.000,0.000,0.013,22.274
2026-09-02T07:43:13.497802+07:00,c11_sim,784,6.319,20.300,0.000,0.000,0.015,26.634
2026-09-02T07:43:13.541500+07:00,c11_sim,785,6.737,18.467,0.000,0.000,0.011,25.214
2026-09-02T07:43:13.581112+07:00,c11_sim,786,6.016,20.395,18.495,0.000,0.012,44.918
2026-09-02T07:43:13.698444+07:00,c11_sim,787,5.904,25.099,11.649,54.239,0.056,96.947
2026-09-02T07:43:13.724622+07:00,c11_sim,788,6.053,10.860,13.821,0.000,0.323,31.057
2026-09-02T07:43:13.735192+07:00,c11_sim,789,5.899,10.451,0.000,0.000,0.012,16.361
2026-09-02T07:43:13.745038+07:00,c11_sim,790,5.703,9.753,0.000,0.000,0.005,15.461
2026-09-02T07:43:13.779817+07:00,c11_sim,791,5.831,10.363,0.000,0.000,0.009,16.203
2026-09-02T07:43:13.857630+07:00,c11_sim,792,5.799,13.719,11.885,28.809,0.051,60.264
2026-09-02T07:43:13.871227+07:00,c11_sim,793,5.812,13.467,0.000,0.000,0.009,19.288
2026-09-02T07:43:13.964540+07:00,c11_sim,794,5.867,11.917,12.028,43.507,0.064,73.383
2026-09-02T07:43:14.071766+07:00,c11_sim,795,6.156,17.403,13.328,75.626,0.037,112.551
2026-09-02T07:43:14.113851+07:00,c11_sim,796,6.793,41.609,0.000,0.000,0.037,48.439
2026-09-02T07:43:14.152473+07:00,c11_sim,797,6.962,38.203,0.000,0.000,0.018,45.184
2026-09-02T07:43:14.184156+07:00,c11_sim,798,8.436,31.402,0.000,0.000,0.015,39.853
2026-09-02T07:43:14.210675+07:00,c11_sim,799,12.032,26.187,0.000,0.000,0.044,38.263
2026-09-02T07:43:14.236329+07:00,c11_sim,800,8.407,25.237,0.000,0.000,0.021,33.665
2026-09-02T07:43:14.259070+07:00,c11_sim,801,8.896,22.316,0.000,0.000,0.016,31.228
2026-09-02T07:43:14.334862+07:00,c11_sim,802,8.535,14.980,18.191,41.412,0.271,83.390
2026-09-02T07:43:14.412933+07:00,c11_sim,803,8.519,17.014,16.616,43.496,0.026,85.672
2026-09-02T07:43:14.498695+07:00,c11_sim,804,8.793,17.793,20.288,46.725,0.029,93.628
2026-09-02T07:43:14.520882+07:00,c11_sim,805,8.253,21.910,0.000,0.000,0.015,30.178
2026-09-02T07:43:14.610742+07:00,c11_sim,806,8.761,20.173,21.958,46.576,0.025,97.494
2026-09-02T07:43:14.697139+07:00,c11_sim,807,8.512,20.129,19.784,45.297,0.021,93.742
2026-09-02T07:43:14.782955+07:00,c11_sim,808,8.779,21.927,17.551,45.350,0.021,93.627
2026-09-02T07:43:14.864711+07:00,c11_sim,809,10.697,17.993,16.303,46.469,0.060,91.522
2026-09-02T07:43:14.954713+07:00,c11_sim,810,9.243,17.177,16.900,54.902,0.026,98.249
2026-09-02T07:43:15.041565+07:00,c11_sim,811,8.543,19.260,16.506,49.831,0.027,94.167
2026-09-02T07:43:15.131542+07:00,c11_sim,812,10.329,22.112,16.851,49.897,0.073,99.262
2026-09-02T07:43:15.217905+07:00,c11_sim,813,8.070,19.843,15.764,49.632,0.023,93.332
2026-09-02T07:43:15.297905+07:00,c11_sim,814,10.410,16.217,16.552,45.884,0.021,89.085
2026-09-02T07:43:15.375676+07:00,c11_sim,815,7.968,15.873,15.844,45.145,0.020,84.850
2026-09-02T07:43:15.456249+07:00,c11_sim,816,10.613,16.057,15.746,47.905,0.036,90.358
2026-09-02T07:43:15.536331+07:00,c11_sim,817,7.993,16.314,14.280,48.020,0.030,86.637
2026-09-02T07:43:15.614646+07:00,c11_sim,818,10.112,15.496,14.233,47.623,0.121,87.585
2026-09-02T07:43:15.689435+07:00,c11_sim,819,7.924,15.403,14.064,44.283,0.071,81.745
2026-09-02T07:43:15.769128+07:00,c11_sim,820,10.425,15.873,14.009,48.913,0.076,89.296
2026-09-02T07:43:15.851867+07:00,c11_sim,821,7.963,17.082,15.075,49.541,0.096,89.758
2026-09-02T07:43:15.940424+07:00,c11_sim,822,10.500,15.657,13.847,58.046,0.088,98.138
2026-09-02T07:43:16.045568+07:00,c11_sim,823,8.075,21.775,15.404,67.081,0.045,112.381
2026-09-02T07:43:16.130975+07:00,c11_sim,824,9.653,18.496,15.914,49.866,0.029,93.958
2026-09-02T07:43:16.206138+07:00,c11_sim,825,6.941,15.625,14.278,44.305,0.026,81.175
2026-09-02T07:43:16.278666+07:00,c11_sim,826,8.669,15.050,12.983,43.505,0.028,80.236
2026-09-02T07:43:16.353608+07:00,c11_sim,827,7.878,14.525,14.096,45.223,0.023,81.745
2026-09-02T07:43:16.428100+07:00,c11_sim,828,8.223,16.064,12.783,44.729,0.026,81.826
2026-09-02T07:43:16.505611+07:00,c11_sim,829,7.040,15.178,13.814,47.475,0.024,83.531
2026-09-02T07:43:16.583976+07:00,c11_sim,830,8.008,15.764,12.878,48.806,0.026,85.482
2026-09-02T07:43:16.658827+07:00,c11_sim,831,6.777,14.599,12.749,46.602,0.026,80.754
2026-09-02T07:43:16.731859+07:00,c11_sim,832,7.491,15.119,11.514,45.593,0.026,79.743
2026-09-02T07:43:16.803788+07:00,c11_sim,833,6.679,13.779,12.210,45.258,0.025,77.950
2026-09-02T07:43:16.881767+07:00,c11_sim,834,7.627,15.153,12.809,49.000,0.027,84.615
2026-09-02T07:43:16.959062+07:00,c11_sim,835,6.678,14.346,12.614,49.499,0.029,83.165
2026-09-02T07:43:17.033985+07:00,c11_sim,836,7.616,14.775,11.333,48.016,0.027,81.767
2026-09-02T07:43:17.111967+07:00,c11_sim,837,6.623,17.068,12.533,47.532,0.026,83.781
2026-09-02T07:43:17.184137+07:00,c11_sim,838,7.087,14.851,11.545,45.052,0.020,78.556
2026-09-02T07:43:17.260362+07:00,c11_sim,839,7.323,13.917,12.148,49.362,0.026,82.777
2026-09-02T07:43:17.338917+07:00,c11_sim,840,7.178,14.581,11.387,51.880,0.020,85.046
2026-09-02T07:43:17.421071+07:00,c11_sim,841,7.342,16.353,11.339,53.553,0.025,88.612
2026-09-02T07:43:17.500844+07:00,c11_sim,842,6.960,15.012,11.287,52.680,0.027,85.966
2026-09-02T07:43:17.573788+07:00,c11_sim,843,7.345,15.170,12.362,44.497,0.041,79.415
2026-09-02T07:43:17.644430+07:00,c11_sim,844,8.908,14.722,11.571,43.533,0.022,78.755
2026-09-02T07:43:17.717009+07:00,c11_sim,845,8.218,14.319,11.891,45.344,0.024,79.795
2026-09-02T07:43:17.794126+07:00,c11_sim,846,8.881,16.032,12.860,47.313,0.035,85.120
2026-09-02T07:43:17.870089+07:00,c11_sim,847,7.086,14.054,11.226,49.902,0.027,82.295
2026-09-02T07:43:17.952772+07:00,c11_sim,848,7.421,14.646,11.469,55.807,0.037,89.379
2026-09-02T07:43:18.035815+07:00,c11_sim,849,6.790,15.534,12.633,54.117,0.021,89.095
2026-09-02T07:43:18.115393+07:00,c11_sim,850,7.827,14.647,12.175,51.950,0.029,86.627
2026-09-02T07:43:18.188944+07:00,c11_sim,851,6.887,14.886,11.667,46.249,0.024,79.713
2026-09-02T07:43:18.261629+07:00,c11_sim,852,7.169,15.217,12.295,44.225,0.019,78.926
2026-09-02T07:43:18.275842+07:00,c11_sim,853,6.860,14.081,0.000,0.000,0.008,20.949
2026-09-02T07:43:18.349088+07:00,c11_sim,854,6.730,13.020,12.999,46.473,0.021,79.243
2026-09-02T07:43:18.423512+07:00,c11_sim,855,7.521,14.439,11.432,47.804,0.022,81.218
2026-09-02T07:43:18.438736+07:00,c11_sim,856,5.981,15.017,0.000,0.000,0.008,21.007
2026-09-02T07:43:18.453165+07:00,c11_sim,857,6.513,14.317,0.000,0.000,0.006,20.836
2026-09-02T07:43:18.532795+07:00,c11_sim,858,5.946,13.843,12.427,52.513,0.021,84.749
2026-09-02T07:43:18.608436+07:00,c11_sim,859,6.578,14.739,12.255,47.771,0.026,81.370
2026-09-02T07:43:18.681376+07:00,c11_sim,860,5.649,14.642,12.357,45.066,0.023,77.737
2026-09-02T07:43:18.753291+07:00,c11_sim,861,6.476,14.087,11.462,45.486,0.022,77.532
2026-09-02T07:43:18.830159+07:00,c11_sim,862,5.984,14.322,11.265,50.580,0.025,82.176
2026-09-02T07:43:18.906273+07:00,c11_sim,863,5.712,14.523,12.462,48.254,0.029,80.981
2026-09-02T07:43:18.979624+07:00,c11_sim,864,6.089,15.603,11.296,45.647,0.019,78.656
2026-09-02T07:43:19.053642+07:00,c11_sim,865,6.231,14.552,12.047,46.363,0.027,79.220
2026-09-02T07:43:19.128277+07:00,c11_sim,866,6.528,14.282,11.230,48.354,0.026,80.420
2026-09-02T07:43:19.204089+07:00,c11_sim,867,5.940,14.638,11.316,49.073,0.021,80.989
2026-09-02T07:43:19.282028+07:00,c11_sim,868,6.458,15.123,12.302,49.771,0.023,83.678
2026-09-02T07:43:19.296010+07:00,c9_sim,414,3.811,13.768,0.000,0.000,0.010,17.589
2026-09-02T07:43:19.309962+07:00,c9_sim,415,4.022,13.833,0.000,0.000,0.006,17.862
2026-09-02T07:43:19.322398+07:00,c9_sim,416,4.598,12.329,0.000,0.000,0.007,16.933
2026-09-02T07:43:19.335352+07:00,c9_sim,417,5.999,12.843,0.000,0.000,0.007,18.849
2026-09-02T07:43:19.347443+07:00,c9_sim,418,4.970,11.987,0.000,0.000,0.005,16.962
2026-09-02T07:43:19.386092+07:00,c9_sim,419,4.639,13.511,0.000,0.000,0.008,18.158
2026-09-02T07:43:19.397512+07:00,c9_sim,420,4.671,11.311,0.000,0.000,0.006,15.989
2026-09-02T07:43:19.436320+07:00,c9_sim,421,4.598,13.576,0.000,0.000,0.007,18.181
2026-09-02T07:43:19.447246+07:00,c9_sim,422,4.438,10.814,0.000,0.000,0.006,15.259
2026-09-02T07:43:19.500026+07:00,c9_sim,423,4.858,11.155,15.949,0.000,0.009,31.971
2026-09-02T07:43:19.511263+07:00,c9_sim,424,4.558,11.120,0.000,0.000,0.005,15.684
2026-09-02T07:43:19.546888+07:00,c9_sim,425,4.523,10.471,0.000,0.000,0.008,15.003
2026-09-02T07:43:19.558308+07:00,c9_sim,426,4.377,10.862,0.000,0.000,0.310,15.549
2026-09-02T07:43:19.634308+07:00,c9_sim,427,4.569,10.266,12.507,27.565,0.049,54.955
2026-09-02T07:43:19.684134+07:00,c9_sim,428,4.533,10.181,11.235,27.722,0.042,53.714
2026-09-02T07:43:19.736523+07:00,c9_sim,429,4.444,10.174,11.382,30.112,0.063,56.175
2026-09-02T07:43:19.810286+07:00,c9_sim,430,4.456,21.126,16.019,35.766,0.029,77.396
2026-09-02T07:43:19.909682+07:00,c9_sim,431,4.470,20.333,25.191,52.782,0.035,102.811
2026-09-02T07:43:20.029792+07:00,c9_sim,432,4.448,27.703,26.347,64.447,0.033,122.979
2026-09-02T07:43:20.049968+07:00,c9_sim,433,9.312,19.923,0.000,0.000,0.013,29.248
2026-09-02T07:43:20.066767+07:00,c9_sim,434,5.779,16.566,0.000,0.000,0.013,22.358
2026-09-02T07:43:20.082153+07:00,c9_sim,435,8.243,15.191,0.000,0.000,0.009,23.444
2026-09-02T07:43:20.155514+07:00,c9_sim,436,6.373,15.767,16.540,40.072,0.017,78.770
2026-09-02T07:43:20.228326+07:00,c9_sim,437,7.877,15.004,16.771,39.981,0.029,79.663
2026-09-02T07:43:20.301991+07:00,c9_sim,438,7.558,15.398,15.698,41.584,0.014,80.253
2026-09-02T07:43:20.376736+07:00,c9_sim,439,9.635,14.041,12.993,46.823,0.016,83.508
2026-09-02T07:43:20.452361+07:00,c9_sim,440,9.757,14.860,13.054,46.903,0.044,84.618
2026-09-02T07:43:20.522398+07:00,c9_sim,441,7.910,14.631,12.078,42.419,0.033,77.071
2026-09-02T07:43:20.597221+07:00,c9_sim,442,8.046,13.040,11.319,49.733,0.015,82.153
2026-09-02T07:43:20.671911+07:00,c9_sim,443,6.549,13.651,11.637,48.729,0.016,80.582
2026-09-02T07:43:20.743876+07:00,c9_sim,444,7.466,14.132,11.787,45.392,0.014,78.791
2026-09-02T07:43:20.816829+07:00,c9_sim,445,6.317,13.214,11.247,47.695,0.050,78.523
2026-09-02T07:43:20.894722+07:00,c9_sim,446,6.217,13.627,11.948,51.581,0.060,83.434
2026-09-02T07:43:20.970797+07:00,c9_sim,447,6.460,14.244,12.416,48.626,0.021,81.767
2026-09-02T07:43:21.052077+07:00,c9_sim,448,6.234,14.577,11.787,54.144,0.022,86.764
2026-09-02T07:43:21.127115+07:00,c9_sim,449,6.432,14.269,11.711,48.313,0.025,80.751
2026-09-02T07:43:21.199961+07:00,c9_sim,450,6.084,13.824,11.392,46.730,0.022,78.051
2026-09-02T07:43:21.269367+07:00,c9_sim,451,5.973,12.414,11.722,44.412,0.020,74.541
2026-09-02T07:43:21.342057+07:00,c9_sim,452,5.454,13.314,11.438,47.182,0.022,77.409
2026-09-02T07:43:21.414816+07:00,c9_sim,453,5.412,13.518,11.092,47.407,0.047,77.475
2026-09-02T07:43:21.487877+07:00,c9_sim,454,5.347,13.423,11.256,47.560,0.068,77.654
2026-09-02T07:43:21.563808+07:00,c9_sim,455,5.636,14.334,11.101,49.670,0.025,80.766
2026-09-02T07:43:21.640155+07:00,c9_sim,456,5.205,13.733,11.528,50.311,0.029,80.806
2026-09-02T07:43:21.717454+07:00,c9_sim,457,5.310,14.719,11.687,50.119,0.020,81.854
2026-09-02T07:43:21.793276+07:00,c9_sim,458,5.035,14.103,11.652,49.317,0.024,80.131
2026-09-02T07:43:21.864895+07:00,c9_sim,459,5.085,14.081,11.599,45.152,0.020,75.936
2026-09-02T07:43:21.935227+07:00,c9_sim,460,4.426,12.699,11.532,45.354,0.019,74.030
2026-09-02T07:43:22.008354+07:00,c9_sim,461,4.742,14.094,12.437,45.743,0.018,77.034
2026-09-02T07:43:22.083784+07:00,c9_sim,462,4.769,13.405,11.355,49.884,0.047,79.460
2026-09-02T07:43:22.160271+07:00,c9_sim,463,4.456,14.079,11.407,50.283,0.051,80.276
2026-09-02T07:43:22.235154+07:00,c9_sim,464,4.702,13.225,11.682,49.262,0.061,78.933
2026-09-02T07:43:22.309130+07:00,c9_sim,465,4.632,13.781,11.543,47.870,0.051,77.876
2026-09-02T07:43:22.386605+07:00,c9_sim,466,4.396,13.756,11.598,51.381,0.022,81.152
2026-09-02T07:43:22.463947+07:00,c9_sim,467,4.983,14.894,11.376,50.322,0.020,81.595
2026-09-02T07:43:22.538501+07:00,c9_sim,468,4.654,13.554,11.447,48.790,0.021,78.466
2026-09-02T07:43:22.613409+07:00,c9_sim,469,4.411,14.417,11.691,47.985,0.029,78.533
2026-09-02T07:43:22.685792+07:00,c9_sim,470,4.501,15.219,11.621,44.754,0.023,76.119
2026-09-02T07:43:22.757705+07:00,c9_sim,471,4.589,13.529,11.564,46.088,0.025,75.795
2026-09-02T07:43:22.834156+07:00,c9_sim,472,5.233,13.982,12.194,49.459,0.022,80.891
2026-09-02T07:43:22.911125+07:00,c9_sim,473,4.730,14.225,11.443,50.545,0.020,80.964
2026-09-02T07:43:22.985459+07:00,c9_sim,474,4.843,13.575,11.414,48.613,0.021,78.466
2026-09-02T07:43:23.063312+07:00,c9_sim,475,4.993,13.769,11.453,51.869,0.026,82.111
2026-09-02T07:43:23.136474+07:00,c9_sim,476,4.654,14.264,12.446,45.627,0.025,77.016
2026-09-02T07:43:23.205684+07:00,c9_sim,477,4.741,13.415,11.800,43.187,0.029,73.171
2026-09-02T07:43:23.288424+07:00,c9_sim,478,4.800,14.034,11.915,56.051,0.067,86.868
2026-09-02T07:43:23.380508+07:00,c9_sim,479,4.610,16.002,11.589,63.488,0.068,95.756
2026-09-02T07:43:23.459192+07:00,c9_sim,480,4.578,15.782,11.595,50.485,0.052,82.492
2026-09-02T07:43:23.535826+07:00,c9_sim,481,4.888,13.407,11.732,50.626,0.061,80.713
2026-09-02T07:43:23.608124+07:00,c9_sim,482,4.514,13.947,11.639,45.981,0.027,76.108
2026-09-02T07:43:23.682644+07:00,c9_sim,483,4.490,14.798,12.013,46.847,0.030,78.178
2026-09-02T07:43:23.757773+07:00,c9_sim,484,5.242,14.321,12.445,47.475,0.019,79.503
2026-09-02T07:43:23.833912+07:00,c9_sim,485,4.581,14.240,11.646,49.565,0.022,80.054
2026-09-02T07:43:23.917520+07:00,c9_sim,486,4.416,14.976,11.933,54.864,0.026,86.215
2026-09-02T07:43:23.998248+07:00,c9_sim,487,5.006,13.862,11.723,54.374,0.023,84.988
2026-09-02T07:43:24.074460+07:00,c9_sim,488,4.443,14.238,11.741,49.493,0.023,79.939
2026-09-02T07:43:24.147884+07:00,c9_sim,489,4.327,13.667,11.932,47.130,0.027,77.082
2026-09-02T07:43:24.224993+07:00,c9_sim,490,4.420,14.090,11.765,50.479,0.027,80.782
2026-09-02T07:43:24.306059+07:00,c9_sim,491,4.350,14.577,11.764,53.904,0.062,84.657
2026-09-02T07:43:24.389343+07:00,c9_sim,492,4.941,15.409,11.726,55.394,0.021,87.491
2026-09-02T07:43:24.474272+07:00,c9_sim,493,4.395,16.049,11.636,56.590,0.021,88.690
2026-09-02T07:43:24.554450+07:00,c9_sim,494,4.540,15.841,11.792,51.755,0.026,83.955
2026-09-02T07:43:24.628338+07:00,c9_sim,495,4.331,14.972,11.800,46.350,0.022,77.474
2026-09-02T07:43:24.700500+07:00,c9_sim,496,4.738,13.946,11.875,45.342,0.027,75.927
2026-09-02T07:43:24.777769+07:00,c9_sim,497,4.741,14.116,12.187,50.183,0.027,81.253
2026-09-02T07:43:24.864174+07:00,c9_sim,498,4.484,15.514,11.888,58.239,0.024,90.150
2026-09-02T07:43:24.899979+07:00,c8_sim,247,5.598,16.145,18.836,0.000,0.006,40.586
2026-09-02T07:43:24.914067+07:00,c8_sim,248,4.997,13.760,0.000,0.000,0.004,18.760
2026-09-02T07:43:24.976340+07:00,c8_sim,249,5.403,12.086,0.000,0.000,0.005,17.494
2026-09-02T07:43:25.035143+07:00,c8_sim,250,6.851,13.528,0.000,0.000,0.004,20.382
2026-09-02T07:43:25.088050+07:00,c8_sim,251,7.866,12.921,15.590,0.000,0.006,36.382
2026-09-02T07:43:25.125689+07:00,c8_sim,252,6.811,12.416,0.000,0.000,0.004,19.231
2026-09-02T07:43:25.183766+07:00,c8_sim,253,6.766,12.771,0.000,0.000,0.004,19.541
2026-09-02T07:43:25.221049+07:00,c8_sim,254,6.891,12.153,0.000,0.000,0.004,19.049
2026-09-02T07:43:25.284647+07:00,c8_sim,255,6.744,13.949,0.000,0.000,0.004,20.697
2026-09-02T07:43:25.321488+07:00,c8_sim,256,6.815,11.605,0.000,0.000,0.005,18.425
2026-09-02T07:43:25.383367+07:00,c8_sim,257,6.737,12.659,0.000,0.000,0.005,19.400
2026-09-02T07:43:25.445957+07:00,c8_sim,258,6.880,12.233,0.000,0.000,0.004,19.117
2026-09-02T07:43:25.483478+07:00,c8_sim,259,7.027,12.400,0.000,0.000,0.003,19.431
2026-09-02T07:43:25.563315+07:00,c8_sim,260,6.845,12.747,15.707,0.000,0.005,35.304
2026-09-02T07:43:25.574878+07:00,c8_sim,261,6.459,11.447,0.000,0.000,0.004,17.909
2026-09-02T07:43:25.679132+07:00,c8_sim,262,6.385,11.724,11.346,29.581,0.083,59.118
2026-09-02T07:43:25.731486+07:00,c8_sim,263,6.404,10.679,11.510,28.685,0.058,57.336
2026-09-02T07:43:25.780498+07:00,c8_sim,264,6.496,9.611,11.058,27.654,0.074,54.893
2026-09-02T07:43:25.830559+07:00,c8_sim,265,6.408,9.592,11.087,28.683,0.056,55.825
2026-09-02T07:43:25.883998+07:00,c8_sim,266,6.385,10.251,11.003,31.497,0.011,59.147
2026-09-02T07:43:25.939464+07:00,c8_sim,267,6.329,10.483,11.571,32.570,0.053,61.005
2026-09-02T07:43:25.999308+07:00,c8_sim,268,6.386,10.687,10.858,37.543,0.061,65.536
2026-09-02T07:43:26.064454+07:00,c8_sim,269,6.432,10.955,10.787,42.698,0.057,70.929
2026-09-02T07:43:26.138070+07:00,c8_sim,270,6.296,11.770,10.990,50.198,0.017,79.271
2026-09-02T07:43:26.227330+07:00,c8_sim,271,6.919,14.746,11.108,62.534,0.018,95.325
2026-09-02T07:43:26.310957+07:00,c8_sim,272,6.465,15.496,11.142,56.301,0.017,89.420
2026-09-02T07:43:26.387689+07:00,c8_sim,273,6.432,15.152,11.201,49.410,0.088,82.282
2026-09-02T07:43:26.463625+07:00,c8_sim,274,6.690,14.693,11.892,48.487,0.016,81.778
2026-09-02T07:43:26.535586+07:00,c8_sim,275,6.596,14.261,11.589,45.345,0.014,77.805
2026-09-02T07:43:26.607996+07:00,c8_sim,276,6.716,13.373,11.575,46.585,0.018,78.266
2026-09-02T07:43:26.681077+07:00,c8_sim,277,6.564,14.659,11.804,45.690,0.017,78.734
2026-09-02T07:43:26.753380+07:00,c8_sim,278,6.590,13.204,11.335,47.019,0.024,78.171
2026-09-02T07:43:26.836568+07:00,c8_sim,279,7.659,15.370,12.804,54.085,0.104,90.022
2026-09-02T07:43:26.919561+07:00,c8_sim,280,6.953,14.816,11.954,55.425,0.033,89.179
2026-09-02T07:43:27.004227+07:00,c8_sim,281,6.777,17.155,14.353,52.081,0.033,90.399
2026-09-02T07:43:27.086344+07:00,c8_sim,282,6.998,17.316,14.634,49.170,0.026,88.144
2026-09-02T07:43:27.163373+07:00,c8_sim,283,6.621,14.851,12.618,48.622,0.101,82.812
2026-09-02T07:43:27.236202+07:00,c8_sim,284,6.960,14.607,11.758,45.385,0.026,78.735
2026-09-02T07:43:27.312308+07:00,c8_sim,285,7.003,13.400,11.569,50.377,0.027,82.376
2026-09-02T07:43:27.405907+07:00,c8_sim,286,7.671,15.231,14.368,63.099,0.040,100.408
2026-09-02T07:43:27.497882+07:00,c8_sim,287,6.929,18.841,15.031,55.317,0.122,96.239
2026-09-02T07:43:27.577436+07:00,c8_sim,288,8.441,16.328,15.122,46.980,0.031,86.901
2026-09-02T07:43:27.655300+07:00,c8_sim,289,7.768,17.233,14.206,45.327,0.029,84.562
2026-09-02T07:43:27.735594+07:00,c8_sim,290,8.127,15.875,13.595,49.836,0.029,87.461
2026-09-02T07:43:27.859540+07:00,c8_sim,291,6.684,26.385,21.073,75.193,0.088,129.423
2026-09-02T07:43:28.109699+07:00,c8_sim,292,6.836,185.851,22.497,39.929,0.031,255.144
2026-09-02T07:43:28.186091+07:00,c8_sim,293,6.611,16.297,16.706,42.417,0.032,82.063
2026-09-02T07:43:28.262343+07:00,c8_sim,294,6.999,15.344,17.001,42.966,0.031,82.341
2026-09-02T07:43:28.336769+07:00,c8_sim,295,6.511,13.808,14.589,45.168,0.023,80.098
2026-09-02T07:43:28.420311+07:00,c8_sim,296,8.585,15.186,13.621,53.794,0.028,91.213
2026-09-02T07:43:28.503559+07:00,c8_sim,297,8.180,16.478,14.328,51.512,0.032,90.530
2026-09-02T07:43:28.581056+07:00,c8_sim,298,8.346,15.517,14.558,46.389,0.032,84.842
2026-09-02T07:43:28.653313+07:00,c8_sim,299,7.974,15.008,13.175,43.165,0.020,79.342
2026-09-02T07:43:28.755922+07:00,c8_sim,300,7.873,28.350,20.014,53.355,0.043,109.637
2026-09-02T07:43:28.853696+07:00,c8_sim,301,8.384,18.423,15.598,62.676,0.029,105.109
2026-09-02T07:43:28.939938+07:00,c8_sim,302,7.714,17.386,16.320,51.400,0.032,92.852
2026-09-02T07:43:29.019784+07:00,c8_sim,303,7.155,16.384,16.311,46.118,0.027,85.995
2026-09-02T07:43:29.092190+07:00,c8_sim,304,15.856,14.426,14.839,42.295,0.023,87.440
2026-09-02T07:43:29.164475+07:00,c8_sim,305,11.506,14.190,14.549,42.607,0.022,82.875
2026-09-02T07:43:29.236331+07:00,c8_sim,306,63.817,13.569,14.388,43.072,0.025,134.871
2026-09-02T07:43:29.310427+07:00,c8_sim,307,118.822,14.307,14.181,44.704,0.021,192.035
2026-09-02T07:43:29.391982+07:00,c8_sim,308,20.211,15.329,14.487,50.705,0.025,100.758
2026-09-02T07:43:29.471587+07:00,c8_sim,309,11.843,16.335,14.734,47.555,0.020,90.488
2026-09-02T07:43:29.548077+07:00,c8_sim,310,10.049,15.437,13.800,46.126,0.022,85.434
2026-09-02T07:43:29.619335+07:00,c8_sim,311,9.563,13.920,12.279,44.202,0.025,79.988
2026-09-02T07:43:29.694891+07:00,c8_sim,312,7.691,14.967,11.829,47.957,0.032,82.476
2026-09-02T07:43:29.776627+07:00,c8_sim,313,10.283,14.695,13.514,52.676,0.022,91.191
