timestamp,camera_id,frame_id,decode_ms,detection_ms,tracking_ms,reid_ms,matching_ms,total_ai_ms
2026-09-02T08:28:35.242125+07:00,c8_sim,1,5.477,233.425,5.301,72.008,0.072,316.283
2026-09-02T08:28:35.308835+07:00,c8_sim,2,3.575,30.716,6.944,26.722,0.037,67.994
2026-09-02T08:28:35.343342+07:00,c8_sim,3,3.802,16.305,6.567,10.832,0.033,37.538
2026-09-02T08:28:35.382108+07:00,c8_sim,4,3.839,20.168,6.151,11.659,0.009,41.826
2026-09-02T08:28:35.420669+07:00,c8_sim,5,3.491,15.737,6.523,12.306,0.011,38.069
2026-09-02T08:28:35.500792+07:00,c8_sim,6,4.141,15.078,7.008,12.983,0.013,39.224
2026-09-02T08:28:35.635896+07:00,c8_sim,7,4.987,23.539,9.492,18.157,0.049,56.225
2026-09-02T08:28:35.759004+07:00,c8_sim,8,5.672,24.973,10.687,25.497,0.016,66.845
2026-09-02T08:28:35.833207+07:00,c8_sim,9,5.677,21.147,9.650,11.969,0.034,48.477
2026-09-02T08:28:35.992171+07:00,c8_sim,10,7.557,29.138,12.169,26.813,0.090,75.766
2026-09-02T08:28:36.081691+07:00,c8_sim,11,6.135,24.275,12.873,24.046,0.016,67.345
2026-09-02T08:28:36.171872+07:00,c8_sim,12,6.152,27.898,12.141,23.169,0.013,69.373
2026-09-02T08:28:36.290646+07:00,c8_sim,13,6.602,29.115,10.167,24.796,0.012,70.692
2026-09-02T08:28:36.402076+07:00,c8_sim,14,6.023,24.054,12.456,24.158,0.016,66.707
2026-09-02T08:28:36.523048+07:00,c8_sim,15,6.670,29.137,12.306,24.617,0.013,72.743
2026-09-02T08:28:36.618389+07:00,c8_sim,16,6.219,26.693,11.535,25.827,0.056,70.330
2026-09-02T08:28:36.710973+07:00,c8_sim,17,6.210,28.059,10.685,23.085,0.063,68.102
2026-09-02T08:28:36.820172+07:00,c8_sim,18,6.262,24.292,10.859,11.755,0.019,53.187
2026-09-02T08:28:36.921683+07:00,c8_sim,19,6.389,16.167,10.727,13.798,0.049,47.130
2026-09-02T08:28:37.027301+07:00,c8_sim,20,6.505,18.949,10.448,14.791,0.018,50.711
2026-09-02T08:28:37.135557+07:00,c8_sim,21,7.272,19.779,12.414,19.854,0.016,59.335
2026-09-02T08:28:37.258438+07:00,c8_sim,22,7.307,25.834,11.272,24.473,0.017,68.902
2026-09-02T08:28:37.359811+07:00,c8_sim,23,6.169,17.221,9.988,11.887,0.044,45.310
2026-09-02T08:28:37.454404+07:00,c8_sim,24,6.336,16.626,10.614,13.457,0.018,47.051
2026-09-02T08:28:37.563003+07:00,c8_sim,25,7.150,19.372,11.709,15.101,0.017,53.349
2026-09-02T08:28:37.659615+07:00,c8_sim,26,8.609,21.905,11.871,0.003,0.011,42.399
2026-09-02T08:28:37.794434+07:00,c8_sim,27,7.692,31.732,13.116,0.004,0.013,52.557
2026-09-02T08:28:37.911909+07:00,c8_sim,28,5.674,30.729,10.730,19.643,0.062,66.838
2026-09-02T08:28:38.014191+07:00,c8_sim,29,5.849,16.995,10.496,12.569,0.016,45.925
2026-09-02T08:28:38.121462+07:00,c8_sim,30,6.437,18.073,12.141,14.158,0.016,50.824
2026-09-02T08:28:38.230544+07:00,c8_sim,31,6.493,19.377,11.445,15.475,0.017,52.807
2026-09-02T08:28:38.339805+07:00,c8_sim,32,7.009,20.640,11.113,16.774,0.025,55.562
2026-09-02T08:28:38.450013+07:00,c8_sim,33,6.606,24.059,11.970,27.661,0.017,70.314
2026-09-02T08:28:38.574916+07:00,c8_sim,34,6.627,27.782,12.180,25.717,0.018,72.324
2026-09-02T08:28:38.636568+07:00,c8_sim,35,6.689,16.393,9.863,12.043,0.018,45.007
2026-09-02T08:28:38.792918+07:00,c8_sim,36,6.404,28.584,10.990,24.185,0.017,70.180
2026-09-02T08:28:38.849835+07:00,c8_sim,37,5.735,13.990,9.135,12.047,0.016,40.923
2026-09-02T08:28:39.008069+07:00,c8_sim,38,6.834,28.262,12.469,27.061,0.020,74.646
2026-09-02T08:28:39.100365+07:00,c8_sim,39,6.426,25.023,11.988,22.847,0.018,66.301
2026-09-02T08:28:39.189026+07:00,c8_sim,40,6.145,23.616,10.516,21.277,0.017,61.571
2026-09-02T08:28:39.311442+07:00,c8_sim,41,6.879,26.145,11.693,21.425,0.016,66.158
2026-09-02T08:28:39.416659+07:00,c8_sim,42,6.713,17.848,12.243,12.957,0.016,49.776
2026-09-02T08:28:39.512559+07:00,c8_sim,43,6.613,18.358,12.136,13.841,0.017,50.965
2026-09-02T08:28:39.623865+07:00,c8_sim,44,7.325,19.754,11.935,15.723,0.017,54.753
2026-09-02T08:28:39.739202+07:00,c8_sim,45,6.561,22.790,12.180,20.983,0.024,62.537
2026-09-02T08:28:39.862564+07:00,c8_sim,46,6.430,32.419,9.763,19.028,0.017,67.657
2026-09-02T08:28:39.952703+07:00,c8_sim,47,5.500,16.068,10.406,12.343,0.014,44.332
2026-09-02T08:28:40.057844+07:00,c8_sim,48,5.827,17.949,10.843,13.190,0.016,47.825
2026-09-02T08:28:40.159095+07:00,c8_sim,49,6.603,18.378,10.596,15.541,0.025,51.143
2026-09-02T08:28:40.283188+07:00,c8_sim,50,6.507,24.641,12.117,23.926,0.019,67.210
2026-09-02T08:28:40.391913+07:00,c8_sim,51,6.998,30.396,15.437,0.000,0.012,52.843
2026-09-02T08:28:40.500819+07:00,c8_sim,52,7.284,32.548,13.676,0.003,0.134,53.645
2026-09-02T08:28:40.589937+07:00,c8_sim,53,7.409,29.055,0.000,0.000,0.009,36.473
2026-09-02T08:28:40.678822+07:00,c8_sim,54,8.814,30.365,0.000,0.000,0.008,39.187
2026-09-02T08:28:40.794373+07:00,c8_sim,55,10.747,29.380,0.000,0.000,0.010,40.137
2026-09-02T08:28:40.918294+07:00,c8_sim,56,10.730,32.398,0.000,0.000,0.018,43.146
2026-09-02T08:28:41.042803+07:00,c9_sim,1,6.619,33.837,6.924,26.777,0.057,74.214
2026-09-02T08:28:41.153158+07:00,c9_sim,2,5.707,19.795,14.734,13.110,0.044,53.390
2026-09-02T08:28:41.227053+07:00,c9_sim,3,4.548,17.971,11.550,13.464,0.046,47.580
2026-09-02T08:28:41.339389+07:00,c9_sim,4,5.465,19.992,13.384,16.454,0.014,55.309
2026-09-02T08:28:41.445822+07:00,c9_sim,5,5.301,22.173,13.455,18.361,0.064,59.354
2026-09-02T08:28:41.575399+07:00,c9_sim,6,5.151,27.214,13.536,26.641,0.013,72.555
2026-09-02T08:28:41.648075+07:00,c9_sim,7,4.656,16.221,12.111,12.081,0.012,45.081
2026-09-02T08:28:41.750784+07:00,c9_sim,8,4.531,14.969,12.659,12.700,0.016,44.876
2026-09-02T08:28:41.855586+07:00,c9_sim,9,4.297,17.542,11.176,13.809,0.016,46.840
2026-09-02T08:28:41.967474+07:00,c9_sim,10,4.909,19.645,12.258,17.671,0.014,54.498
2026-09-02T08:28:42.086561+07:00,c9_sim,11,5.154,24.484,13.755,24.130,0.016,67.539
2026-09-02T08:28:42.179511+07:00,c9_sim,12,4.611,29.422,12.128,18.878,0.012,65.051
2026-09-02T08:28:42.272710+07:00,c9_sim,13,4.452,16.826,12.051,12.172,0.012,45.513
2026-09-02T08:28:42.383559+07:00,c9_sim,14,5.287,19.421,12.851,15.609,0.013,53.180
2026-09-02T08:28:42.498177+07:00,c9_sim,15,4.600,21.544,11.804,17.791,0.011,55.750
2026-09-02T08:28:42.579350+07:00,c9_sim,16,3.929,20.994,11.062,22.641,0.012,58.638
2026-09-02T08:28:42.708662+07:00,c9_sim,17,4.414,28.918,11.726,26.381,0.017,71.455
2026-09-02T08:28:42.779320+07:00,c9_sim,18,3.994,14.885,11.916,12.275,0.016,43.087
2026-09-02T08:28:42.897761+07:00,c9_sim,19,4.875,17.502,12.465,13.782,0.019,48.643
2026-09-02T08:28:43.011332+07:00,c9_sim,20,5.081,20.364,13.583,16.419,0.024,55.472
2026-09-02T08:28:43.096848+07:00,c9_sim,21,4.702,21.618,11.830,19.666,0.019,57.835
2026-09-02T08:28:43.211699+07:00,c9_sim,22,5.149,27.145,11.846,21.178,0.017,65.334
2026-09-02T08:28:43.285300+07:00,c9_sim,23,4.494,17.007,11.438,13.187,0.017,46.143
2026-09-02T08:28:43.443230+07:00,c9_sim,24,5.202,29.978,13.294,24.818,0.019,73.311
2026-09-02T08:28:43.514521+07:00,c9_sim,25,4.233,14.615,11.683,13.078,0.016,43.625
2026-09-02T08:28:43.621825+07:00,c9_sim,26,4.577,17.856,12.473,14.405,0.016,49.327
2026-09-02T08:28:43.713433+07:00,c9_sim,27,3.084,17.876,10.970,14.415,0.024,46.369
2026-09-02T08:28:43.806463+07:00,c9_sim,28,3.081,18.302,8.405,16.215,0.018,46.020
2026-09-02T08:28:43.926182+07:00,c9_sim,29,4.452,24.274,11.393,22.653,0.017,62.789
2026-09-02T08:28:44.031197+07:00,c9_sim,30,4.474,17.583,11.943,13.508,0.019,47.527
2026-09-02T08:28:44.135747+07:00,c9_sim,31,4.722,18.342,12.563,15.678,0.020,51.324
2026-09-02T08:28:44.251943+07:00,c9_sim,32,4.795,21.028,12.919,18.535,0.018,57.296
2026-09-02T08:28:44.342935+07:00,c9_sim,33,4.711,22.450,13.905,22.564,0.033,63.663
2026-09-02T08:28:44.464278+07:00,c9_sim,34,4.327,23.261,10.571,26.501,0.020,64.679
2026-09-02T08:28:44.556326+07:00,c9_sim,35,4.522,24.883,12.165,22.900,0.020,64.490
2026-09-02T08:28:44.657347+07:00,c9_sim,36,5.129,28.636,11.057,29.077,0.027,73.925
2026-09-02T08:28:44.726105+07:00,c9_sim,37,4.283,14.894,10.001,11.679,0.015,40.872
2026-09-02T08:28:44.860465+07:00,c9_sim,38,4.603,17.415,10.970,13.800,0.020,46.807
2026-09-02T08:28:44.939493+07:00,c9_sim,39,4.940,19.244,11.448,15.641,0.017,51.290
2026-09-02T08:28:45.092872+07:00,c9_sim,40,5.135,29.482,12.547,24.673,0.018,71.855
2026-09-02T08:28:45.163406+07:00,c9_sim,41,4.188,14.659,11.478,12.781,0.017,43.123
2026-09-02T08:28:45.269451+07:00,c9_sim,42,4.568,17.459,11.278,14.516,0.021,47.841
2026-09-02T08:28:45.379841+07:00,c9_sim,43,4.766,19.831,11.500,15.474,0.021,51.592
2026-09-02T08:28:45.484838+07:00,c9_sim,44,4.675,20.438,10.391,18.917,0.019,54.441
2026-09-02T08:28:45.605589+07:00,c9_sim,45,4.107,27.238,11.472,27.813,0.018,70.648
2026-09-02T08:28:45.695057+07:00,c9_sim,46,4.602,29.609,12.069,20.841,0.015,67.136
2026-09-02T08:28:45.776810+07:00,c9_sim,47,4.519,13.989,9.931,11.625,0.022,40.087
2026-09-02T08:28:45.880723+07:00,c9_sim,48,4.521,17.058,10.477,13.949,0.017,46.023
2026-09-02T08:28:45.992332+07:00,c9_sim,49,5.224,20.292,11.988,16.329,0.016,53.850
2026-09-02T08:28:46.092764+07:00,c9_sim,50,4.688,19.470,8.031,19.396,0.020,51.605
2026-09-02T08:28:46.213745+07:00,c9_sim,51,4.000,24.570,10.275,24.434,0.018,63.297
2026-09-02T08:28:46.306524+07:00,c9_sim,52,4.611,25.210,11.640,23.814,0.018,65.293
2026-09-02T08:28:46.386095+07:00,c9_sim,53,2.584,21.941,5.726,20.800,0.030,51.081
2026-09-02T08:28:46.542268+07:00,c9_sim,54,6.766,33.382,14.926,27.767,0.026,82.867
2026-09-02T08:28:46.636156+07:00,c9_sim,55,4.765,26.587,12.437,22.420,0.020,66.228
2026-09-02T08:28:46.718961+07:00,c9_sim,56,4.516,25.823,10.583,23.213,0.018,64.153
2026-09-02T08:28:46.837882+07:00,c9_sim,57,4.495,27.629,10.528,23.897,0.017,66.565
2026-09-02T08:28:46.928544+07:00,c9_sim,58,4.013,35.224,9.133,19.920,0.017,68.307
2026-09-02T08:28:47.014988+07:00,c9_sim,59,4.097,16.359,9.057,12.145,0.014,41.671
2026-09-02T08:28:47.108375+07:00,c9_sim,60,4.483,17.813,10.107,13.855,0.018,46.274
2026-09-02T08:28:47.220968+07:00,c9_sim,61,5.150,20.827,11.299,19.265,0.020,56.560
2026-09-02T08:28:47.374037+07:00,c9_sim,62,6.100,28.426,13.785,29.104,0.020,77.435
2026-09-02T08:28:47.411489+07:00,c9_sim,63,4.521,14.247,10.140,11.713,0.015,40.636
2026-09-02T08:28:47.540778+07:00,c9_sim,64,5.102,18.649,11.530,13.581,0.017,48.878
2026-09-02T08:28:47.643178+07:00,c9_sim,65,5.511,19.624,11.980,15.552,0.020,52.688
2026-09-02T08:28:47.755623+07:00,c9_sim,66,4.737,23.599,11.261,20.544,0.019,60.160
2026-09-02T08:28:47.875012+07:00,c9_sim,67,4.150,26.424,11.285,25.175,0.017,67.050
2026-09-02T08:28:47.945004+07:00,c9_sim,68,4.628,15.538,10.677,12.562,0.019,43.423
2026-09-02T08:28:48.052841+07:00,c9_sim,69,4.928,18.714,11.427,14.405,0.016,49.491
2026-09-02T08:28:48.156523+07:00,c9_sim,70,4.433,19.168,11.479,14.181,0.017,49.279
2026-09-02T08:28:48.260762+07:00,c9_sim,71,5.235,19.027,11.360,16.434,0.017,52.073
2026-09-02T08:28:48.375001+07:00,c9_sim,72,5.253,23.465,11.945,22.542,0.017,63.222
2026-09-02T08:28:48.465623+07:00,c9_sim,73,5.559,22.804,11.625,23.504,0.016,63.508
2026-09-02T08:28:48.578174+07:00,c9_sim,74,4.608,27.078,11.090,21.089,0.016,63.880
2026-09-02T08:28:48.684638+07:00,c9_sim,75,4.826,18.394,12.627,12.702,0.018,48.568
2026-09-02T08:28:48.783260+07:00,c9_sim,76,4.501,18.350,10.982,13.431,0.018,47.281
2026-09-02T08:28:48.878077+07:00,c9_sim,77,4.837,17.510,10.741,14.661,0.019,47.768
2026-09-02T08:28:48.988011+07:00,c9_sim,78,5.198,20.377,12.440,19.412,0.028,57.455
2026-09-02T08:28:49.108366+07:00,c9_sim,79,5.100,25.435,11.662,25.448,0.019,67.663
2026-09-02T08:28:49.192707+07:00,c9_sim,80,4.579,24.687,11.015,23.219,0.015,63.515
2026-09-02T08:28:49.282122+07:00,c9_sim,81,5.332,16.334,11.388,12.834,0.014,45.903
2026-09-02T08:28:49.379794+07:00,c9_sim,82,5.020,17.899,11.310,14.001,0.019,48.249
2026-09-02T08:28:49.482068+07:00,c9_sim,83,4.378,19.012,9.448,14.904,0.017,47.759
2026-09-02T08:28:49.619755+07:00,c9_sim,84,4.488,21.795,10.770,20.948,0.016,58.017
2026-09-02T08:28:49.710879+07:00,c9_sim,85,4.293,27.255,9.237,22.009,0.014,62.809
2026-09-02T08:28:49.812979+07:00,c9_sim,86,4.545,16.826,10.597,12.106,0.017,44.091
2026-09-02T08:28:49.908942+07:00,c9_sim,87,4.196,16.939,10.471,13.206,0.016,44.829
2026-09-02T08:28:50.009001+07:00,c9_sim,88,5.114,19.048,10.628,16.383,0.022,51.195
2026-09-02T08:28:50.118067+07:00,c9_sim,89,4.758,22.148,11.616,21.313,0.018,59.853
2026-09-02T08:28:50.244682+07:00,c9_sim,90,5.239,28.386,13.132,22.292,0.017,69.066
2026-09-02T08:28:50.318494+07:00,c9_sim,91,4.440,18.069,10.783,12.957,0.016,46.265
2026-09-02T08:28:50.424755+07:00,c9_sim,92,4.670,17.943,12.178,13.644,0.014,48.449
2026-09-02T08:28:50.535808+07:00,c9_sim,93,4.892,20.943,11.395,16.703,0.026,53.959
2026-09-02T08:28:50.655267+07:00,c9_sim,94,4.775,23.450,12.550,20.983,0.020,61.779
2026-09-02T08:28:50.752220+07:00,c9_sim,95,4.751,26.978,10.952,27.920,0.024,70.626
2026-09-02T08:28:50.875537+07:00,c9_sim,96,5.389,30.610,11.422,24.808,0.017,72.246
2026-09-02T08:28:50.911953+07:00,c9_sim,97,4.132,14.063,9.557,11.510,0.014,39.276
2026-09-02T08:28:51.044130+07:00,c9_sim,98,5.282,17.694,11.869,12.717,0.018,47.580
2026-09-02T08:28:51.147037+07:00,c9_sim,99,5.498,19.220,11.656,15.571,0.017,51.961
2026-09-02T08:28:51.251563+07:00,c9_sim,100,4.835,21.728,11.620,20.740,0.017,58.939
2026-09-02T08:28:51.346420+07:00,c9_sim,101,4.649,23.949,6.629,17.262,0.016,52.506
2026-09-02T08:28:51.439798+07:00,c9_sim,102,3.429,16.125,9.037,11.092,0.015,39.698
2026-09-02T08:28:51.566926+07:00,c9_sim,103,5.047,19.350,10.993,13.930,0.018,49.337
2026-09-02T08:28:51.664738+07:00,c9_sim,104,4.846,18.982,10.619,15.741,0.018,50.204
2026-09-02T08:28:51.782457+07:00,c9_sim,105,4.626,23.492,11.512,20.255,0.026,59.912
2026-09-02T08:28:51.874105+07:00,c9_sim,106,4.548,26.303,5.846,27.626,0.024,64.347
2026-09-02T08:28:51.976146+07:00,c9_sim,107,5.683,17.363,11.419,12.332,0.018,46.815
2026-09-02T08:28:52.083777+07:00,c9_sim,108,5.424,19.087,12.082,15.456,0.016,52.067
2026-09-02T08:28:52.194591+07:00,c9_sim,109,4.891,20.340,11.962,18.326,0.022,55.540
2026-09-02T08:28:52.308330+07:00,c9_sim,110,5.496,25.320,11.671,23.982,0.017,66.486
2026-09-02T08:28:52.400169+07:00,c9_sim,111,4.523,23.529,10.897,25.253,0.021,64.223
2026-09-02T08:28:52.494886+07:00,c9_sim,112,4.895,29.231,11.524,21.406,0.017,67.072
2026-09-02T08:28:52.601780+07:00,c9_sim,113,5.134,18.009,12.815,13.331,0.016,49.305
2026-09-02T08:28:52.703913+07:00,c9_sim,114,5.005,17.943,11.922,14.096,0.018,48.984
2026-09-02T08:28:52.810491+07:00,c9_sim,115,4.556,20.246,10.266,14.958,0.018,50.044
2026-09-02T08:28:52.913179+07:00,c9_sim,116,4.739,20.077,11.563,19.075,0.017,55.471
2026-09-02T08:28:53.003563+07:00,c9_sim,117,4.562,24.263,10.467,23.280,0.014,62.587
2026-09-02T08:28:53.128278+07:00,c9_sim,118,4.466,29.913,12.437,20.122,0.016,66.954
2026-09-02T08:28:53.202341+07:00,c9_sim,119,4.624,17.609,11.451,12.979,0.015,46.678
2026-09-02T08:28:53.309597+07:00,c9_sim,120,5.534,18.605,12.153,13.785,0.019,50.097
2026-09-02T08:28:53.410310+07:00,c9_sim,121,5.378,19.451,11.720,15.845,0.023,52.416
2026-09-02T08:28:53.529490+07:00,c9_sim,122,5.436,24.246,12.753,23.568,0.025,66.028
2026-09-02T08:28:53.659373+07:00,c9_sim,123,5.216,30.577,13.570,26.136,0.017,75.514
2026-09-02T08:28:53.697305+07:00,c9_sim,124,4.897,14.774,10.484,11.533,0.014,41.703
2026-09-02T08:28:53.826557+07:00,c9_sim,125,5.496,17.893,11.318,13.252,0.018,47.977
2026-09-02T08:28:53.926825+07:00,c9_sim,126,5.537,19.922,11.477,15.490,0.024,52.450
2026-09-02T08:28:54.037416+07:00,c9_sim,127,5.103,22.399,11.186,20.766,0.016,59.471
2026-09-02T08:28:54.159820+07:00,c9_sim,128,4.643,26.942,12.019,23.466,0.016,67.086
2026-09-02T08:28:54.230857+07:00,c9_sim,129,4.735,15.179,10.500,12.680,0.015,43.109
2026-09-02T08:28:54.327941+07:00,c9_sim,130,6.729,18.747,8.020,12.841,0.026,46.364
2026-09-02T08:28:54.454529+07:00,c9_sim,131,5.083,19.767,11.211,15.927,0.040,52.027
2026-09-02T08:28:54.562944+07:00,c9_sim,132,4.746,19.769,11.929,18.891,0.019,55.354
2026-09-02T08:28:54.690694+07:00,c9_sim,133,5.247,28.446,12.787,26.748,0.047,73.275
2026-09-02T08:28:54.788398+07:00,c9_sim,134,4.568,27.577,11.282,26.300,0.029,69.755
2026-09-02T08:28:54.885317+07:00,c9_sim,135,3.858,28.485,9.803,27.026,0.022,69.193
2026-09-02T08:28:54.978225+07:00,c9_sim,136,4.428,29.099,11.235,20.729,0.017,65.508
2026-09-02T08:28:55.048469+07:00,c9_sim,137,4.628,15.708,10.220,12.666,0.015,43.239
2026-09-02T08:28:55.167011+07:00,c9_sim,138,5.158,17.614,11.441,13.469,0.017,47.699
2026-09-02T08:28:55.271369+07:00,c9_sim,139,5.480,19.102,11.148,15.453,0.019,51.203
2026-09-02T08:28:55.379679+07:00,c9_sim,140,5.749,20.809,12.241,17.237,0.017,56.053
2026-09-02T08:28:55.488065+07:00,c9_sim,141,5.004,23.133,11.844,21.927,0.023,61.932
2026-09-02T08:28:55.623857+07:00,c9_sim,142,5.179,30.479,12.783,28.911,0.029,77.381
2026-09-02T08:28:55.712430+07:00,c9_sim,143,4.974,24.723,10.923,23.670,0.020,64.310
2026-09-02T08:28:55.789273+07:00,c9_sim,144,4.116,21.863,9.829,20.479,0.025,56.312
2026-09-02T08:28:55.910904+07:00,c9_sim,145,4.585,24.133,11.081,23.802,0.019,63.620
2026-09-02T08:28:55.996850+07:00,c9_sim,146,4.601,22.647,11.529,20.750,0.016,59.542
2026-09-02T08:28:56.119677+07:00,c9_sim,147,4.924,28.592,11.369,24.565,0.023,69.473
2026-09-02T08:28:56.209917+07:00,c9_sim,148,4.832,28.666,11.453,23.368,0.017,68.335
2026-09-02T08:28:56.310198+07:00,c9_sim,149,4.797,18.020,12.074,12.815,0.020,47.726
2026-09-02T08:28:56.421275+07:00,c9_sim,150,4.940,19.766,12.783,15.861,0.018,53.368
2026-09-02T08:28:56.532827+07:00,c9_sim,151,4.943,21.761,11.958,18.049,0.023,56.735
2026-09-02T08:28:56.616724+07:00,c9_sim,152,4.497,20.535,9.330,22.264,0.016,56.642
2026-09-02T08:28:56.739186+07:00,c9_sim,153,5.096,29.848,10.733,28.379,0.020,74.075
2026-09-02T08:28:56.829198+07:00,c9_sim,154,4.609,28.344,11.068,18.811,0.018,62.850
2026-09-02T08:28:56.928289+07:00,c9_sim,155,4.780,17.028,10.316,12.782,0.017,44.922
2026-09-02T08:28:57.037344+07:00,c9_sim,156,4.743,19.352,12.360,14.651,0.017,51.123
2026-09-02T08:28:57.141801+07:00,c9_sim,157,4.813,19.448,12.601,16.062,0.022,52.946
2026-09-02T08:28:57.251073+07:00,c9_sim,158,5.021,22.309,11.941,20.833,0.018,60.121
2026-09-02T08:28:57.343405+07:00,c9_sim,159,4.375,26.117,10.441,23.602,0.015,64.550
2026-09-02T08:28:57.444659+07:00,c9_sim,160,5.276,17.844,10.560,12.590,0.018,46.287
2026-09-02T08:28:57.542726+07:00,c9_sim,161,4.116,16.754,10.590,14.339,0.017,45.815
2026-09-02T08:28:57.644382+07:00,c9_sim,162,4.903,18.861,10.586,18.293,0.016,52.660
2026-09-02T08:28:57.761918+07:00,c9_sim,163,4.932,25.684,11.444,25.245,0.023,67.328
2026-09-02T08:28:57.854666+07:00,c9_sim,164,4.810,24.589,10.643,24.604,0.018,64.663
2026-09-02T08:28:57.969447+07:00,c9_sim,165,4.613,27.973,12.825,27.534,0.024,72.970
2026-09-02T08:28:58.059788+07:00,c9_sim,166,4.075,26.614,9.884,22.590,0.018,63.180
2026-09-02T08:28:58.162748+07:00,c9_sim,167,4.498,16.698,11.194,13.220,0.027,45.636
2026-09-02T08:28:58.266658+07:00,c9_sim,168,5.552,18.869,11.626,15.621,0.019,51.688
2026-09-02T08:28:58.380329+07:00,c9_sim,169,5.146,20.366,11.612,18.322,0.020,55.465
2026-09-02T08:28:58.495957+07:00,c9_sim,170,5.086,25.128,11.361,25.219,0.018,66.812
2026-09-02T08:28:58.582075+07:00,c9_sim,171,4.182,20.878,9.568,24.042,0.017,58.687
2026-09-02T08:28:58.709730+07:00,c9_sim,172,4.935,30.426,11.647,23.203,0.020,70.231
2026-09-02T08:28:58.774455+07:00,c9_sim,173,4.091,16.841,10.209,12.118,0.017,43.276
2026-09-02T08:28:58.877612+07:00,c9_sim,174,4.637,17.887,10.189,15.152,0.020,47.885
2026-09-02T08:28:58.990308+07:00,c9_sim,175,5.491,21.764,11.843,19.200,0.025,58.323
2026-09-02T08:28:59.096103+07:00,c9_sim,176,3.029,18.098,7.290,17.915,0.017,46.349
2026-09-02T08:28:59.202718+07:00,c9_sim,177,3.696,21.271,9.337,22.587,0.017,56.909
2026-09-02T08:28:59.327538+07:00,c9_sim,178,4.599,28.692,12.141,21.848,0.020,67.300
2026-09-02T08:28:59.392883+07:00,c9_sim,179,4.693,17.405,10.453,12.266,0.016,44.831
2026-09-02T08:28:59.487392+07:00,c9_sim,180,4.753,16.868,10.494,13.991,0.016,46.122
2026-09-02T08:28:59.642748+07:00,c9_sim,181,5.825,29.508,12.051,27.748,0.026,75.158
2026-09-02T08:28:59.734688+07:00,c9_sim,182,4.761,26.031,10.808,22.560,0.017,64.178
2026-09-02T08:28:59.819894+07:00,c9_sim,183,4.073,21.848,9.172,22.243,0.016,57.353
2026-09-02T08:28:59.925806+07:00,c9_sim,184,4.501,24.345,10.111,24.670,0.016,63.643
2026-09-02T08:29:00.037583+07:00,c9_sim,185,5.166,24.303,11.738,21.743,0.018,62.967
2026-09-02T08:29:00.136983+07:00,c9_sim,186,4.731,27.185,11.810,28.850,0.025,72.601
2026-09-02T08:29:00.228355+07:00,c9_sim,187,4.742,30.402,11.592,20.961,0.016,67.714
2026-09-02T08:29:00.328043+07:00,c9_sim,188,4.959,17.702,11.697,12.864,0.016,47.237
2026-09-02T08:29:00.426412+07:00,c9_sim,189,4.838,17.932,11.325,15.420,0.017,49.532
2026-09-02T08:29:00.536405+07:00,c9_sim,190,5.217,21.118,12.062,18.016,0.022,56.435
2026-09-02T08:29:00.661064+07:00,c9_sim,191,4.834,24.170,11.852,24.938,0.021,65.816
2026-09-02T08:29:00.745644+07:00,c9_sim,192,4.588,25.113,9.897,24.880,0.018,64.496
2026-09-02T08:29:00.831947+07:00,c9_sim,193,3.783,22.237,8.781,23.106,0.018,57.925
2026-09-02T08:29:00.957096+07:00,c9_sim,194,4.576,28.669,10.517,25.887,0.021,69.671
2026-09-02T08:29:01.058193+07:00,c9_sim,195,4.520,17.756,11.583,12.483,0.017,46.359
2026-09-02T08:29:01.167085+07:00,c9_sim,196,4.706,19.571,11.465,15.210,0.018,50.971
2026-09-02T08:29:01.280721+07:00,c9_sim,197,5.145,21.481,12.523,17.856,0.021,57.026
2026-09-02T08:29:01.369409+07:00,c9_sim,198,4.451,22.527,10.570,23.066,0.016,60.630
2026-09-02T08:29:01.492129+07:00,c9_sim,199,4.947,29.787,12.174,25.408,0.018,72.335
2026-09-02T08:29:01.563140+07:00,c9_sim,200,4.598,15.525,10.845,12.683,0.016,43.667
2026-09-02T08:29:01.671001+07:00,c9_sim,201,5.376,18.225,12.437,14.496,0.018,50.552
2026-09-02T08:29:01.782482+07:00,c9_sim,202,4.824,20.522,11.684,16.032,0.034,53.096
2026-09-02T08:29:01.890247+07:00,c9_sim,203,4.134,21.100,10.690,18.961,0.018,54.902
2026-09-02T08:29:02.001392+07:00,c9_sim,204,4.833,21.055,12.996,20.064,0.016,58.964
2026-09-02T08:29:02.089154+07:00,c9_sim,205,4.463,22.361,10.558,23.171,0.018,60.571
2026-09-02T08:29:02.178641+07:00,c9_sim,206,4.551,27.766,10.533,19.436,0.017,62.303
2026-09-02T08:29:02.279433+07:00,c9_sim,207,5.728,17.774,12.037,13.211,0.022,48.771
2026-09-02T08:29:02.388163+07:00,c9_sim,208,5.468,18.340,12.340,14.588,0.017,50.753
2026-09-02T08:29:02.540661+07:00,c9_sim,209,28.823,28.068,8.915,26.559,0.017,92.382
2026-09-02T08:29:02.572797+07:00,c9_sim,210,3.445,12.216,7.778,11.275,0.014,34.727
2026-09-02T08:29:02.706848+07:00,c9_sim,211,4.434,17.360,11.206,13.326,0.023,46.351
2026-09-02T08:29:02.814852+07:00,c9_sim,212,5.324,19.764,13.202,14.720,0.018,53.028
2026-09-02T08:29:02.918554+07:00,c9_sim,213,4.780,20.308,10.788,20.252,0.017,56.145
2026-09-02T08:29:03.028852+07:00,c9_sim,214,5.018,26.940,12.781,20.303,0.017,65.060
2026-09-02T08:29:03.101797+07:00,c9_sim,215,5.275,16.742,11.285,12.942,0.015,46.259
2026-09-02T08:29:03.208672+07:00,c9_sim,216,5.428,18.974,11.476,13.356,0.014,49.249
2026-09-02T08:29:03.318724+07:00,c9_sim,217,4.815,20.157,11.131,16.208,0.018,52.328
2026-09-02T08:29:03.439064+07:00,c9_sim,218,5.305,23.332,12.343,21.140,0.018,62.137
2026-09-02T08:29:03.558491+07:00,c9_sim,219,4.675,25.896,11.818,25.146,0.017,67.552
2026-09-02T08:29:03.629872+07:00,c9_sim,220,4.157,15.315,11.224,12.868,0.015,43.579
2026-09-02T08:29:03.735242+07:00,c9_sim,221,4.567,16.992,11.795,13.946,0.019,47.318
2026-09-02T08:29:03.838445+07:00,c9_sim,222,4.428,17.610,10.759,13.726,0.019,46.542
2026-09-02T08:29:03.939284+07:00,c9_sim,223,4.449,18.495,10.758,16.571,0.016,50.289
2026-09-02T08:29:04.043177+07:00,c9_sim,224,5.016,19.939,12.062,19.558,0.017,56.591
2026-09-02T08:29:04.160181+07:00,c9_sim,225,4.894,27.975,12.696,23.139,0.015,68.719
2026-09-02T08:29:04.232347+07:00,c9_sim,226,4.570,16.892,11.304,12.796,0.017,45.579
2026-09-02T08:29:04.370440+07:00,c9_sim,227,5.560,20.224,14.317,14.735,0.021,54.857
2026-09-02T08:29:04.471964+07:00,c9_sim,228,4.918,19.272,12.239,16.126,0.023,52.578
2026-09-02T08:29:04.589003+07:00,c9_sim,229,4.322,23.389,13.411,21.353,0.019,62.494
2026-09-02T08:29:04.675183+07:00,c9_sim,230,4.381,24.840,11.823,23.793,0.013,64.850
2026-09-02T08:29:04.742998+07:00,c9_sim,231,4.478,14.591,10.072,11.723,0.017,40.881
2026-09-02T08:29:04.870145+07:00,c9_sim,232,4.510,17.381,11.530,13.948,0.024,47.392
2026-09-02T08:29:04.955847+07:00,c9_sim,233,4.373,18.110,10.931,13.230,0.017,46.661
2026-09-02T08:29:05.068339+07:00,c9_sim,234,4.529,20.832,10.496,18.768,0.016,54.640
2026-09-02T08:29:05.192077+07:00,c9_sim,235,5.085,25.527,12.141,23.594,0.017,66.363
2026-09-02T08:29:05.265460+07:00,c9_sim,236,4.528,16.191,12.188,12.883,0.017,45.806
2026-09-02T08:29:05.399008+07:00,c9_sim,237,4.670,20.676,13.164,14.500,0.018,53.028
2026-09-02T08:29:05.478703+07:00,c9_sim,238,4.640,19.845,11.924,15.492,0.021,51.922
2026-09-02T08:29:05.595918+07:00,c9_sim,239,4.585,21.936,12.503,20.140,0.019,59.182
2026-09-02T08:29:05.726500+07:00,c9_sim,240,4.884,29.847,13.736,23.478,0.019,71.963
2026-09-02T08:29:05.792870+07:00,c9_sim,241,3.638,14.944,9.764,12.116,0.015,40.477
2026-09-02T08:29:05.885735+07:00,c9_sim,242,4.427,16.223,10.324,13.623,0.017,44.614
2026-09-02T08:29:06.020675+07:00,c9_sim,243,5.119,19.605,13.513,15.841,0.018,54.096
2026-09-02T08:29:06.130198+07:00,c9_sim,244,4.998,21.845,12.850,19.921,0.017,59.631
2026-09-02T08:29:06.225262+07:00,c9_sim,245,4.866,26.194,12.404,23.815,0.016,67.295
2026-09-02T08:29:06.297285+07:00,c9_sim,246,4.558,15.870,11.373,12.867,0.015,44.684
2026-09-02T08:29:06.426435+07:00,c9_sim,247,5.146,18.527,13.197,13.711,0.018,50.598
2026-09-02T08:29:06.534792+07:00,c9_sim,248,5.277,20.377,14.495,16.449,0.022,56.619
2026-09-02T08:29:06.619416+07:00,c9_sim,249,4.381,20.393,11.913,20.638,0.016,57.341
2026-09-02T08:29:06.741072+07:00,c9_sim,250,4.624,29.990,11.470,27.961,0.019,74.064
2026-09-02T08:29:06.814660+07:00,c9_sim,251,4.904,15.725,13.160,12.647,0.018,46.455
2026-09-02T08:29:06.916317+07:00,c9_sim,252,4.344,14.940,11.136,13.397,0.023,43.841
2026-09-02T08:29:07.025388+07:00,c9_sim,253,5.050,18.987,13.484,14.165,0.016,51.702
2026-09-02T08:29:07.146202+07:00,c9_sim,254,6.117,22.722,13.252,21.804,0.021,63.917
2026-09-02T08:29:07.276976+07:00,c9_sim,255,5.085,29.494,13.505,24.020,0.017,72.121
2026-09-02T08:29:07.350666+07:00,c9_sim,256,4.707,16.790,11.949,12.991,0.015,46.453
2026-09-02T08:29:07.457084+07:00,c9_sim,257,4.405,18.015,12.048,13.888,0.015,48.371
2026-09-02T08:29:07.535167+07:00,c9_sim,258,5.058,18.285,0.000,0.000,0.011,23.353
2026-09-02T08:29:07.655579+07:00,c8_sim,57,6.460,31.207,0.000,0.000,0.025,37.692
2026-09-02T08:29:07.738465+07:00,c8_sim,58,8.532,30.889,0.000,0.000,0.008,39.429
2026-09-02T08:29:07.833104+07:00,c8_sim,59,8.426,32.320,0.000,0.000,0.008,40.754
2026-09-02T08:29:07.919193+07:00,c8_sim,60,9.484,31.632,0.000,0.000,0.020,41.137
2026-09-02T08:29:08.003996+07:00,c8_sim,61,9.256,31.535,0.000,0.000,0.022,40.814
2026-09-02T08:29:08.090142+07:00,c8_sim,62,15.739,28.222,0.000,0.000,0.009,43.970
2026-09-02T08:29:08.170671+07:00,c8_sim,63,7.683,31.975,15.849,0.000,0.013,55.521
2026-09-02T08:29:08.257705+07:00,c8_sim,64,7.630,29.297,0.000,0.000,0.009,36.936
2026-09-02T08:29:08.354707+07:00,c8_sim,65,8.116,31.506,0.000,0.000,0.363,39.985
2026-09-02T08:29:08.460379+07:00,c8_sim,66,7.694,33.324,14.941,0.005,0.029,55.993
2026-09-02T08:29:08.529027+07:00,c8_sim,67,6.834,30.690,13.031,0.005,0.012,50.573
2026-09-02T08:29:08.606996+07:00,c8_sim,68,5.536,35.930,10.489,0.003,0.009,51.968
2026-09-02T08:29:08.706688+07:00,c8_sim,69,6.222,30.799,10.971,0.004,0.011,48.006
2026-09-02T08:29:08.760487+07:00,c8_sim,70,5.873,27.386,0.000,0.000,0.010,33.269
2026-09-02T08:29:08.874616+07:00,c8_sim,71,7.941,29.770,0.000,0.000,0.010,37.722
2026-09-02T08:29:08.979391+07:00,c8_sim,72,7.732,33.988,13.693,0.000,0.007,55.421
2026-09-02T08:29:09.075466+07:00,c8_sim,73,5.347,28.771,11.137,24.215,0.082,69.552
2026-09-02T08:29:09.098157+07:00,c8_sim,74,5.269,12.956,8.833,0.002,0.086,27.146
2026-09-02T08:29:09.209563+07:00,c8_sim,75,6.503,17.677,10.693,0.003,0.107,34.983
2026-09-02T08:29:09.305703+07:00,c8_sim,76,6.812,20.731,12.685,0.003,0.153,40.384
2026-09-02T08:29:09.368916+07:00,c8_sim,77,6.682,20.254,10.487,0.002,0.082,37.507
2026-09-02T08:29:09.462156+07:00,c8_sim,78,6.490,22.921,11.738,0.002,0.009,41.161
2026-09-02T08:29:09.587927+07:00,c8_sim,79,6.928,24.783,11.955,25.433,0.082,69.180
2026-09-02T08:29:09.644865+07:00,c8_sim,80,5.729,26.323,9.425,19.755,0.013,61.244
2026-09-02T08:29:09.711593+07:00,c8_sim,81,5.745,13.421,9.535,11.984,0.013,40.698
2026-09-02T08:29:09.809982+07:00,c8_sim,82,6.594,16.190,10.787,13.187,0.016,46.774
2026-09-02T08:29:09.901962+07:00,c8_sim,83,6.002,18.857,11.011,0.003,0.010,35.882
2026-09-02T08:29:10.016042+07:00,c8_sim,84,6.749,22.828,11.595,21.015,0.020,62.208
2026-09-02T08:29:10.105421+07:00,c8_sim,85,6.136,27.593,10.487,27.024,0.013,71.253
2026-09-02T08:29:10.193789+07:00,c8_sim,86,5.452,28.519,10.946,21.989,0.012,66.917
2026-09-02T08:29:10.226900+07:00,c8_sim,87,5.358,12.339,8.191,11.767,0.010,37.665
2026-09-02T08:29:10.327193+07:00,c8_sim,88,5.874,15.790,10.071,12.680,0.012,44.428
2026-09-02T08:29:10.422611+07:00,c8_sim,89,6.099,17.778,10.604,15.316,0.012,49.809
2026-09-02T08:29:10.519950+07:00,c8_sim,90,6.084,20.620,10.176,20.368,0.011,57.259
2026-09-02T08:29:10.609044+07:00,c8_sim,91,5.567,23.667,8.687,24.806,0.011,62.737
2026-09-02T08:29:10.675188+07:00,c8_sim,92,5.388,13.799,9.410,11.641,0.011,40.250
2026-09-02T08:29:10.768034+07:00,c8_sim,93,5.585,15.469,9.279,13.148,0.014,43.496
2026-09-02T08:29:10.838446+07:00,c8_sim,94,5.783,16.630,8.837,14.180,0.012,45.442
2026-09-02T08:29:10.934757+07:00,c8_sim,95,5.566,18.681,9.171,19.227,0.017,52.662
2026-09-02T08:29:11.024436+07:00,c8_sim,96,5.808,22.883,9.748,25.248,0.015,63.701
2026-09-02T08:29:11.108101+07:00,c8_sim,97,6.423,15.461,9.827,12.199,0.017,43.927
2026-09-02T08:29:11.211354+07:00,c8_sim,98,5.970,17.141,10.920,14.577,0.024,48.632
2026-09-02T08:29:11.288548+07:00,c8_sim,99,5.612,18.626,9.948,16.466,0.016,50.668
2026-09-02T08:29:11.372511+07:00,c8_sim,100,6.051,21.481,10.093,20.583,0.030,58.237
2026-09-02T08:29:11.460987+07:00,c8_sim,101,5.789,23.733,9.855,23.423,0.017,62.817
2026-09-02T08:29:11.544187+07:00,c8_sim,102,5.702,19.975,10.397,21.164,0.020,57.258
2026-09-02T08:29:11.657230+07:00,c8_sim,103,4.550,23.600,9.147,23.686,0.018,61.001
2026-09-02T08:29:11.706786+07:00,c8_sim,104,4.886,19.945,8.339,20.188,0.020,53.377
2026-09-02T08:29:11.819264+07:00,c8_sim,105,5.087,20.812,11.125,18.455,0.024,55.503
2026-09-02T08:29:11.901921+07:00,c8_sim,106,4.965,20.566,9.885,20.619,0.016,56.053
2026-09-02T08:29:11.988361+07:00,c8_sim,107,5.295,21.960,10.064,22.865,0.016,60.201
2026-09-02T08:29:12.078330+07:00,c8_sim,108,5.270,27.474,10.771,19.783,0.018,63.316
2026-09-02T08:29:12.149425+07:00,c8_sim,109,5.505,15.788,10.639,12.496,0.014,44.442
2026-09-02T08:29:12.218145+07:00,c8_sim,110,5.555,14.877,10.828,13.505,0.014,44.779
2026-09-02T08:29:12.314181+07:00,c8_sim,111,6.346,17.260,10.247,14.992,0.016,48.862
2026-09-02T08:29:12.421686+07:00,c8_sim,112,5.955,19.481,10.941,19.211,0.016,55.603
2026-09-02T08:29:12.510437+07:00,c8_sim,113,22.606,24.549,9.511,22.354,0.017,79.037
2026-09-02T08:29:12.585728+07:00,c8_sim,114,4.608,20.580,8.778,21.012,0.016,54.994
2026-09-02T08:29:12.675542+07:00,c8_sim,115,4.921,24.843,9.793,23.225,0.015,62.798
2026-09-02T08:29:12.737884+07:00,c8_sim,116,5.259,15.405,8.919,11.506,0.014,41.103
2026-09-02T08:29:12.826942+07:00,c8_sim,117,5.979,16.792,10.193,13.495,0.021,46.480
2026-09-02T08:29:12.935105+07:00,c8_sim,118,5.854,18.459,11.327,15.714,0.017,51.371
2026-09-02T08:29:13.014362+07:00,c8_sim,119,5.428,18.484,10.140,18.967,0.015,53.035
2026-09-02T08:29:13.099489+07:00,c8_sim,120,5.266,23.105,10.069,24.613,0.017,63.070
2026-09-02T08:29:13.211827+07:00,c8_sim,121,6.021,30.403,12.581,20.274,0.015,69.294
2026-09-02T08:29:13.236616+07:00,c8_sim,122,5.704,13.850,9.954,0.002,0.008,29.518
2026-09-02T08:29:13.339918+07:00,c8_sim,123,6.133,16.721,11.620,12.389,0.016,46.879
2026-09-02T08:29:13.442384+07:00,c8_sim,124,5.951,18.764,8.224,15.306,0.020,48.265
2026-09-02T08:29:13.546167+07:00,c8_sim,125,27.379,20.001,7.572,19.725,0.040,74.718
2026-09-02T08:29:13.627848+07:00,c8_sim,126,3.944,24.008,7.184,18.715,0.026,53.876
2026-09-02T08:29:13.690775+07:00,c8_sim,127,3.544,13.402,6.605,11.311,0.020,34.882
2026-09-02T08:29:13.757805+07:00,c8_sim,128,4.228,12.915,0.000,0.000,0.008,17.151
2026-09-02T08:29:13.830162+07:00,c10_sim,1,3.241,14.854,0.000,0.000,0.005,18.099
2026-09-02T08:29:14.000480+07:00,c10_sim,2,6.767,29.735,0.000,0.000,0.007,36.508
2026-09-02T08:29:14.139320+07:00,c10_sim,3,7.265,28.499,0.000,0.000,0.009,35.773
2026-09-02T08:29:14.310175+07:00,c10_sim,4,10.287,35.369,0.000,0.000,0.012,45.668
2026-09-02T08:29:14.462165+07:00,c10_sim,5,10.732,36.014,0.000,0.000,0.013,46.759
2026-09-02T08:29:14.582633+07:00,c10_sim,6,10.216,33.661,0.000,0.000,0.008,43.884
2026-09-02T08:29:14.773452+07:00,c10_sim,7,10.123,36.164,7.458,29.408,0.057,83.211
2026-09-02T08:29:14.901334+07:00,c10_sim,8,7.730,25.733,13.962,25.374,0.020,72.820
2026-09-02T08:29:15.061791+07:00,c10_sim,9,6.452,31.688,14.906,20.973,0.017,74.037
2026-09-02T08:29:15.168726+07:00,c10_sim,10,7.633,17.888,13.614,13.212,0.013,52.360
2026-09-02T08:29:15.359436+07:00,c10_sim,11,8.024,34.429,16.150,25.185,0.011,83.799
2026-09-02T08:29:15.462945+07:00,c10_sim,12,7.228,24.635,12.503,12.931,0.012,57.308
2026-09-02T08:29:15.655748+07:00,c10_sim,13,7.250,41.419,14.464,32.621,0.041,95.795
2026-09-02T08:29:15.759464+07:00,c10_sim,14,5.514,15.621,10.244,23.762,0.047,55.189
2026-09-02T08:29:15.955064+07:00,c10_sim,15,6.736,38.295,12.375,33.727,0.045,91.179
2026-09-02T08:29:16.038774+07:00,c10_sim,16,5.141,21.837,9.747,22.887,0.044,59.656
2026-09-02T08:29:16.239296+07:00,c10_sim,17,7.311,32.334,15.040,32.266,0.012,86.964
2026-09-02T08:29:16.344302+07:00,c10_sim,18,5.325,14.953,11.537,24.300,0.014,56.128
2026-09-02T08:29:16.495918+07:00,c10_sim,19,6.698,18.473,13.058,28.456,0.012,66.697
2026-09-02T08:29:16.647530+07:00,c10_sim,20,7.139,19.414,12.737,31.234,0.014,70.539
2026-09-02T08:29:16.812390+07:00,c10_sim,21,6.604,31.963,12.336,40.339,0.066,91.308
2026-09-02T08:29:16.959132+07:00,c10_sim,22,6.066,26.478,12.958,45.958,0.017,91.476
2026-09-02T08:29:17.100342+07:00,c10_sim,23,6.116,23.596,13.357,44.515,0.092,87.676
2026-09-02T08:29:17.249317+07:00,c10_sim,24,5.809,26.659,13.015,46.307,0.067,91.856
2026-09-02T08:29:17.394104+07:00,c10_sim,25,6.044,25.418,12.867,43.601,0.024,87.952
2026-09-02T08:29:17.498875+07:00,c10_sim,26,6.010,22.419,12.027,37.940,0.020,78.415
2026-09-02T08:29:17.655169+07:00,c10_sim,27,6.584,27.553,9.241,28.807,0.076,72.261
2026-09-02T08:29:17.799196+07:00,c10_sim,28,6.427,19.078,12.333,27.456,0.032,65.325
2026-09-02T08:29:17.949093+07:00,c10_sim,29,7.088,20.420,13.462,30.813,0.045,71.827
2026-09-02T08:29:18.075221+07:00,c10_sim,30,6.440,19.179,12.097,32.630,0.024,70.369
2026-09-02T08:29:18.254685+07:00,c10_sim,31,7.265,31.302,12.732,47.352,0.026,98.675
2026-09-02T08:29:18.413064+07:00,c10_sim,32,6.491,28.675,13.460,52.784,0.024,101.434
2026-09-02T08:29:18.523462+07:00,c10_sim,33,5.691,26.264,11.771,46.702,0.101,90.529
2026-09-02T08:29:18.656091+07:00,c10_sim,34,6.533,22.199,11.211,40.382,0.039,80.363
2026-09-02T08:29:18.818360+07:00,c10_sim,35,6.699,24.358,12.457,38.186,0.024,81.724
2026-09-02T08:29:18.956112+07:00,c10_sim,36,6.022,23.750,11.437,39.082,0.022,80.313
2026-09-02T08:29:19.084478+07:00,c10_sim,37,5.989,19.810,11.675,35.853,0.022,73.349
2026-09-02T08:29:19.255136+07:00,c10_sim,38,6.652,29.589,13.607,34.815,0.063,84.725
2026-09-02T08:29:19.359321+07:00,c10_sim,39,5.970,17.098,12.285,12.844,0.016,48.212
2026-09-02T08:29:19.497850+07:00,c10_sim,40,7.670,21.505,12.806,15.878,0.024,57.882
2026-09-02T08:29:19.649581+07:00,c10_sim,41,8.050,24.841,13.927,22.441,0.024,69.282
2026-09-02T08:29:19.821222+07:00,c10_sim,42,7.779,31.339,13.616,35.868,0.020,88.621
2026-09-02T08:29:19.938344+07:00,c10_sim,43,6.316,17.702,11.847,24.943,0.016,60.825
2026-09-02T08:29:20.087996+07:00,c10_sim,44,7.109,18.236,13.008,28.987,0.019,67.358
2026-09-02T08:29:20.222820+07:00,c10_sim,45,7.060,21.969,12.298,18.208,0.019,59.554
2026-09-02T08:29:20.383659+07:00,c10_sim,46,7.222,32.808,12.126,22.707,0.021,74.884
2026-09-02T08:29:20.523400+07:00,c10_sim,47,6.600,32.680,14.725,0.003,0.016,54.025
2026-09-02T08:29:20.655515+07:00,c10_sim,48,6.295,32.777,13.592,0.003,0.015,52.682
2026-09-02T08:29:20.844128+07:00,c10_sim,49,7.095,34.069,15.042,21.878,0.020,78.105
2026-09-02T08:29:20.948293+07:00,c10_sim,50,6.154,16.517,12.316,12.554,0.017,47.557
2026-09-02T08:29:21.095385+07:00,c10_sim,51,6.034,28.082,13.686,15.490,0.021,63.313
2026-09-02T08:29:21.216181+07:00,c10_sim,52,6.738,21.575,13.858,0.003,0.014,42.188
2026-09-02T08:29:21.386720+07:00,c10_sim,53,10.992,33.565,0.000,0.000,0.018,44.575
2026-09-02T08:29:21.516319+07:00,c10_sim,54,9.504,34.556,14.325,0.003,0.017,58.405
2026-09-02T08:29:21.683597+07:00,c10_sim,55,8.380,31.619,20.022,0.004,0.014,60.039
2026-09-02T08:29:21.801885+07:00,c10_sim,56,7.126,30.598,0.000,0.000,0.016,37.739
2026-09-02T08:29:21.939243+07:00,c10_sim,57,9.290,31.295,0.000,0.000,0.020,40.605
2026-09-02T08:29:22.098279+07:00,c10_sim,58,9.597,33.840,17.793,0.000,0.010,61.240
2026-09-02T08:29:22.213920+07:00,c12_sim,1,6.175,31.152,0.000,0.000,0.012,37.338
2026-09-02T08:29:22.364051+07:00,c12_sim,2,8.583,31.578,0.000,0.000,0.012,40.173
2026-09-02T08:29:22.506802+07:00,c12_sim,3,8.854,29.364,0.000,0.000,0.007,38.225
2026-09-02T08:29:22.645729+07:00,c12_sim,4,8.948,30.686,0.000,0.000,0.009,39.643
2026-09-02T08:29:22.810503+07:00,c12_sim,5,7.465,31.544,7.186,22.804,0.044,69.044
2026-09-02T08:29:22.938483+07:00,c12_sim,6,6.874,19.964,13.654,12.338,0.032,52.862
2026-09-02T08:29:23.042887+07:00,c12_sim,7,6.019,17.176,0.000,0.000,0.009,23.204
2026-09-02T08:29:23.245613+07:00,c12_sim,8,8.388,33.907,17.067,19.459,0.032,78.854
2026-09-02T08:29:23.343701+07:00,c12_sim,9,6.640,16.779,13.601,12.574,0.038,49.632
2026-09-02T08:29:23.525872+07:00,c12_sim,10,7.655,34.269,16.797,25.195,0.014,83.929
2026-09-02T08:29:23.633000+07:00,c12_sim,11,6.715,18.241,13.391,13.930,0.040,52.316
2026-09-02T08:29:23.770420+07:00,c12_sim,12,7.227,21.610,12.384,16.142,0.012,57.375
2026-09-02T08:29:23.888940+07:00,c12_sim,13,7.106,21.090,8.625,15.578,0.049,52.447
2026-09-02T08:29:24.091905+07:00,c12_sim,14,8.046,35.021,18.054,28.679,0.019,89.820
2026-09-02T08:29:24.204363+07:00,c12_sim,15,5.808,24.680,9.862,20.896,0.012,61.259
2026-09-02T08:29:24.323255+07:00,c12_sim,16,5.990,23.969,11.180,22.326,0.015,63.481
2026-09-02T08:29:24.481628+07:00,c12_sim,17,6.757,26.523,15.646,23.738,0.018,72.682
2026-09-02T08:29:24.632369+07:00,c12_sim,18,7.025,28.171,13.007,27.577,0.017,75.797
2026-09-02T08:29:24.760126+07:00,c12_sim,19,6.265,28.527,11.589,25.360,0.015,71.756
2026-09-02T08:29:24.900403+07:00,c12_sim,20,6.787,25.761,11.756,21.207,0.016,65.526
2026-09-02T08:29:25.053885+07:00,c12_sim,21,7.345,29.195,13.265,28.316,0.059,78.180
2026-09-02T08:29:25.179611+07:00,c12_sim,22,6.354,32.356,13.961,18.778,0.013,71.462
2026-09-02T08:29:25.276924+07:00,c12_sim,23,6.402,18.082,11.809,12.682,0.137,49.112
2026-09-02T08:29:25.421370+07:00,c12_sim,24,7.476,31.048,0.000,0.000,0.028,38.552
2026-09-02T08:29:25.555957+07:00,c12_sim,25,7.367,31.168,0.000,0.000,0.012,38.547
2026-09-02T08:29:25.692951+07:00,c12_sim,26,9.246,27.934,0.000,0.000,0.008,37.188
2026-09-02T08:29:25.860114+07:00,c12_sim,27,8.078,35.850,18.943,0.000,0.008,62.879
2026-09-02T08:29:26.026700+07:00,c12_sim,28,6.275,33.965,15.756,24.635,0.070,80.701
2026-09-02T08:29:26.103011+07:00,c12_sim,29,6.055,15.482,0.000,0.000,0.008,21.544
2026-09-02T08:29:26.260433+07:00,c12_sim,30,10.067,30.312,13.485,0.004,0.014,53.882
2026-09-02T08:29:26.381573+07:00,c12_sim,31,5.804,30.076,0.000,0.000,0.012,35.891
2026-09-02T08:29:26.515943+07:00,c11_sim,1,6.892,32.393,0.000,0.000,0.012,39.297
2026-09-02T08:29:26.627661+07:00,c11_sim,2,8.188,32.161,0.000,0.000,0.014,40.363
2026-09-02T08:29:26.757053+07:00,c11_sim,3,9.064,31.859,0.000,0.000,0.008,40.932
2026-09-02T08:29:26.896966+07:00,c11_sim,4,10.889,30.156,0.000,0.000,0.009,41.055
2026-09-02T08:29:27.044449+07:00,c11_sim,5,9.475,33.977,7.914,22.059,0.039,73.463
2026-09-02T08:29:27.140851+07:00,c11_sim,6,7.119,17.997,13.613,12.181,0.014,50.923
2026-09-02T08:29:27.240057+07:00,c11_sim,7,7.861,16.589,0.000,0.000,0.009,24.459
2026-09-02T08:29:27.396271+07:00,c11_sim,8,10.549,33.915,18.320,0.003,0.011,62.799
2026-09-02T08:29:27.487253+07:00,c11_sim,9,6.886,30.690,0.000,0.000,0.009,37.585
2026-09-02T08:29:27.602833+07:00,c11_sim,10,9.582,32.104,0.000,0.000,0.018,41.705
2026-09-02T08:29:27.737051+07:00,c11_sim,11,10.886,36.071,15.193,0.003,0.067,62.220
2026-09-02T08:29:27.827584+07:00,c11_sim,12,6.826,30.197,0.000,0.000,0.012,37.034
2026-09-02T08:29:27.970994+07:00,c11_sim,13,10.497,31.583,0.000,0.000,0.013,42.093
2026-09-02T08:29:28.083582+07:00,c11_sim,14,9.377,32.395,0.000,0.000,0.022,41.794
2026-09-02T08:29:28.217583+07:00,c11_sim,15,10.142,34.193,14.610,0.004,0.017,58.966
2026-09-02T08:29:28.375507+07:00,c11_sim,16,7.257,33.207,14.039,25.251,0.034,79.789
2026-09-02T08:29:28.433221+07:00,c11_sim,17,5.703,14.111,9.505,11.911,0.030,41.259
2026-09-02T08:29:28.612199+07:00,c11_sim,18,7.433,30.775,13.981,19.888,0.014,72.091
2026-09-02T08:29:28.678112+07:00,c11_sim,19,5.987,14.677,10.709,12.355,0.010,43.738
2026-09-02T08:29:28.801058+07:00,c11_sim,20,6.161,18.074,10.493,13.848,0.017,48.594
2026-09-02T08:29:28.929991+07:00,c11_sim,21,7.091,19.867,11.895,15.482,0.023,54.358
2026-09-02T08:29:29.073773+07:00,c11_sim,22,6.885,22.611,13.587,19.956,0.052,63.090
2026-09-02T08:29:29.180768+07:00,c11_sim,23,7.215,22.479,11.918,18.530,0.013,60.155
2026-09-02T08:29:29.322558+07:00,c11_sim,24,6.943,24.464,12.756,23.914,0.014,68.091
2026-09-02T08:29:29.442400+07:00,c11_sim,25,6.565,28.342,12.900,24.289,0.013,72.108
2026-09-02T08:29:29.508805+07:00,c11_sim,26,6.377,14.181,0.000,0.000,0.009,20.567
2026-09-02T08:29:29.692646+07:00,c11_sim,27,9.519,35.566,17.579,24.479,0.012,87.155
2026-09-02T08:29:29.760197+07:00,c11_sim,28,6.639,14.769,11.424,11.897,0.015,44.744
2026-09-02T08:29:29.883152+07:00,c11_sim,29,6.957,18.031,10.378,12.758,0.035,48.158
2026-09-02T08:29:30.015285+07:00,c11_sim,30,7.221,20.044,11.871,15.770,0.039,54.944
2026-09-02T08:29:30.151352+07:00,c11_sim,31,7.147,22.697,13.763,19.482,0.020,63.108
2026-09-02T08:29:30.274370+07:00,c11_sim,32,6.885,26.654,13.299,24.856,0.019,71.714
2026-09-02T08:29:30.404274+07:00,c11_sim,33,6.744,27.260,13.106,28.174,0.025,75.309
2026-09-02T08:29:30.496071+07:00,c11_sim,34,6.331,30.349,11.691,18.670,0.015,67.057
2026-09-02T08:29:30.599354+07:00,c11_sim,35,6.196,18.315,11.300,12.683,0.017,48.511
2026-09-02T08:29:30.723305+07:00,c11_sim,36,7.886,18.189,12.795,13.892,0.017,52.779
2026-09-02T08:29:30.857618+07:00,c11_sim,37,7.592,19.928,12.911,14.213,0.022,54.665
2026-09-02T08:29:30.984987+07:00,c11_sim,38,6.278,21.855,11.216,20.590,0.041,59.979
2026-09-02T08:29:31.127236+07:00,c11_sim,39,7.191,29.255,13.664,22.630,0.038,72.778
2026-09-02T08:29:31.191313+07:00,c11_sim,40,5.878,17.727,10.508,11.817,0.014,45.943
2026-09-02T08:29:31.328510+07:00,c11_sim,41,7.235,18.613,12.178,15.275,0.018,53.320
2026-09-02T08:29:31.467241+07:00,c11_sim,42,6.531,20.850,13.187,18.403,0.024,58.995
2026-09-02T08:29:31.588835+07:00,c11_sim,43,6.688,24.772,12.266,22.874,0.018,66.617
2026-09-02T08:29:31.710178+07:00,c11_sim,44,6.694,29.559,12.524,23.148,0.016,71.941
2026-09-02T08:29:31.804628+07:00,c11_sim,45,6.676,18.234,12.868,12.031,0.017,49.826
2026-09-02T08:29:31.961178+07:00,c11_sim,46,7.072,30.938,13.336,21.494,0.037,72.877
2026-09-02T08:29:32.059995+07:00,c11_sim,47,6.605,17.959,11.738,12.484,0.018,48.804
2026-09-02T08:29:32.167131+07:00,c11_sim,48,6.653,18.676,11.801,15.270,0.013,52.413
2026-09-02T08:29:32.301315+07:00,c11_sim,49,6.753,20.920,12.216,18.248,0.019,58.155
2026-09-02T08:29:32.428395+07:00,c11_sim,50,6.905,23.674,12.032,25.051,0.017,67.679
2026-09-02T08:29:32.553656+07:00,c11_sim,51,6.642,26.065,12.720,24.913,0.026,70.366
2026-09-02T08:29:32.688163+07:00,c11_sim,52,6.887,30.191,13.240,29.332,0.022,79.673
2026-09-02T08:29:32.808957+07:00,c11_sim,53,6.443,32.099,12.308,25.340,0.018,76.208
2026-09-02T08:29:32.875355+07:00,c11_sim,54,5.866,15.104,8.969,11.599,0.017,41.555
2026-09-02T08:29:33.004086+07:00,c11_sim,55,7.071,17.100,10.574,13.037,0.019,47.800
2026-09-02T08:29:33.136358+07:00,c11_sim,56,6.747,20.313,11.726,16.257,0.018,55.061
2026-09-02T08:29:33.251713+07:00,c11_sim,57,7.210,22.013,11.921,19.799,0.025,60.967
2026-09-02T08:29:33.403297+07:00,c11_sim,58,7.601,26.920,13.015,27.692,0.022,75.249
2026-09-02T08:29:33.526921+07:00,c11_sim,59,6.753,32.568,13.464,23.570,0.019,76.374
2026-09-02T08:29:33.596105+07:00,c11_sim,60,5.894,16.116,10.304,11.736,0.013,44.063
2026-09-02T08:29:33.728351+07:00,c11_sim,61,7.623,18.166,12.621,14.121,0.018,52.549
2026-09-02T08:29:33.860657+07:00,c11_sim,62,7.668,21.357,13.050,16.197,0.021,58.293
2026-09-02T08:29:33.966003+07:00,c11_sim,63,6.371,20.171,10.668,19.984,0.018,57.213
2026-09-02T08:29:34.109833+07:00,c11_sim,64,5.735,26.691,11.738,23.344,0.018,67.527
2026-09-02T08:29:34.179454+07:00,c11_sim,65,7.113,15.320,0.000,0.000,0.010,22.443
2026-09-02T08:29:34.377477+07:00,c11_sim,66,9.379,34.884,18.287,21.702,0.016,84.268
2026-09-02T08:29:34.447868+07:00,c11_sim,67,6.026,14.847,11.787,12.618,0.014,45.292
2026-09-02T08:29:34.581551+07:00,c11_sim,68,7.114,18.648,12.137,14.063,0.018,51.981
2026-09-02T08:29:34.699192+07:00,c11_sim,69,6.884,19.295,12.171,32.162,0.042,70.555
2026-09-02T08:29:34.805815+07:00,c11_sim,70,5.720,19.490,10.681,18.739,0.026,54.656
2026-09-02T08:29:34.967143+07:00,c11_sim,71,6.104,22.545,12.652,41.662,0.047,83.010
2026-09-02T08:29:35.070530+07:00,c11_sim,72,5.247,25.589,12.029,33.788,0.039,76.693
2026-09-02T08:29:35.184195+07:00,c11_sim,73,6.056,25.926,10.675,23.791,0.104,66.551
2026-09-02T08:29:35.292403+07:00,c11_sim,74,5.061,16.949,9.092,25.067,0.054,56.222
2026-09-02T08:29:35.423605+07:00,c11_sim,75,6.137,18.924,12.079,14.316,0.039,51.495
2026-09-02T08:29:35.540706+07:00,c11_sim,76,6.822,22.662,13.220,19.908,0.017,62.628
2026-09-02T08:29:35.648469+07:00,c11_sim,77,6.903,21.944,13.163,20.467,0.015,62.493
2026-09-02T08:29:35.808493+07:00,c11_sim,78,6.627,30.326,12.053,25.064,0.014,74.083
2026-09-02T08:29:35.875393+07:00,c11_sim,79,5.708,15.971,10.288,11.627,0.013,43.607
2026-09-02T08:29:36.014867+07:00,c11_sim,80,7.072,17.821,11.818,28.128,0.024,64.863
2026-09-02T08:29:36.168382+07:00,c11_sim,81,6.977,20.513,13.104,32.557,0.020,73.171
2026-09-02T08:29:36.265873+07:00,c11_sim,82,5.645,19.251,10.634,36.261,0.017,71.808
2026-09-02T08:29:36.398589+07:00,c11_sim,83,6.139,22.066,11.607,41.727,0.019,81.558
2026-09-02T08:29:36.544145+07:00,c11_sim,84,5.864,26.702,12.471,46.884,0.068,91.989
2026-09-02T08:29:36.654802+07:00,c11_sim,85,5.063,23.492,11.204,44.475,0.054,84.287
2026-09-02T08:29:36.761653+07:00,c11_sim,86,5.713,25.444,11.089,44.016,0.066,86.328
2026-09-02T08:29:36.866470+07:00,c11_sim,87,4.659,22.793,8.891,41.772,0.033,78.149
2026-09-02T08:29:37.002778+07:00,c11_sim,88,4.326,23.323,8.879,41.803,0.060,78.392
2026-09-02T08:29:37.111761+07:00,c11_sim,89,4.390,23.105,9.341,45.725,0.027,82.587
2026-09-02T08:29:37.237921+07:00,c11_sim,90,5.735,22.220,11.352,40.409,0.025,79.741
2026-09-02T08:29:37.375592+07:00,c11_sim,91,5.984,25.395,12.301,41.738,0.070,85.489
2026-09-02T08:29:37.480578+07:00,c11_sim,92,5.450,21.714,11.463,40.068,0.026,78.722
2026-09-02T08:29:37.623186+07:00,c11_sim,93,5.783,25.318,13.165,41.777,0.023,86.066
2026-09-02T08:29:37.720995+07:00,c11_sim,94,4.340,20.021,10.261,36.457,0.023,71.102
2026-09-02T08:29:37.845893+07:00,c11_sim,95,5.106,20.286,11.687,39.505,0.036,76.619
2026-09-02T08:29:37.952371+07:00,c11_sim,96,5.249,23.487,11.260,39.333,0.052,79.381
2026-09-02T08:29:38.088886+07:00,c11_sim,97,5.550,25.968,12.497,42.374,0.024,86.413
2026-09-02T08:29:38.185153+07:00,c11_sim,98,5.344,21.642,10.565,42.100,0.050,79.701
2026-09-02T08:29:38.324309+07:00,c11_sim,99,5.574,25.155,12.535,44.456,0.030,87.751
2026-09-02T08:29:38.427438+07:00,c11_sim,100,5.938,22.185,11.195,38.259,0.023,77.600
2026-09-02T08:29:38.566713+07:00,c11_sim,101,5.784,23.954,13.119,39.259,0.081,82.197
2026-09-02T08:29:38.675739+07:00,c11_sim,102,5.489,23.078,12.013,41.840,0.028,82.447
2026-09-02T08:29:38.803576+07:00,c11_sim,103,5.751,20.735,11.817,36.971,0.076,75.350
2026-09-02T08:29:38.933096+07:00,c11_sim,104,4.555,22.180,13.229,43.324,0.027,83.314
2026-09-02T08:29:39.042489+07:00,c11_sim,105,4.824,25.353,12.327,41.656,0.024,84.186
2026-09-02T08:29:39.149530+07:00,c11_sim,106,4.754,22.613,11.871,42.423,0.022,81.683
2026-09-02T08:29:39.294524+07:00,c11_sim,107,5.602,26.968,13.952,46.126,0.036,92.683
2026-09-02T08:29:39.399579+07:00,c11_sim,108,5.723,21.432,12.559,39.549,0.026,79.289
2026-09-02T08:29:39.506470+07:00,c11_sim,109,5.810,23.036,11.474,40.269,0.023,80.611
2026-09-02T08:29:39.639000+07:00,c11_sim,110,5.734,22.215,12.655,35.733,0.029,76.366
2026-09-02T08:29:39.739899+07:00,c11_sim,111,5.505,22.036,11.939,35.291,0.021,74.790
2026-09-02T08:29:39.854857+07:00,c11_sim,112,5.670,19.398,11.498,32.703,0.036,69.306
2026-09-02T08:29:39.986168+07:00,c11_sim,113,5.729,20.897,12.066,37.036,0.023,75.751
2026-09-02T08:29:40.123170+07:00,c11_sim,114,5.831,22.404,12.087,40.775,0.030,81.127
2026-09-02T08:29:40.222964+07:00,c11_sim,115,5.616,21.723,12.048,34.541,0.021,73.948
2026-09-02T08:29:40.352974+07:00,c11_sim,116,5.576,20.219,12.706,35.824,0.022,74.347
2026-09-02T08:29:40.473286+07:00,c11_sim,117,5.722,20.665,13.035,38.130,0.021,77.572
2026-09-02T08:29:40.596644+07:00,c11_sim,118,5.638,19.182,11.560,35.159,0.025,71.563
2026-09-02T08:29:40.697975+07:00,c11_sim,119,5.417,20.941,12.187,36.981,0.021,75.546
2026-09-02T08:29:40.853299+07:00,c11_sim,120,6.323,23.289,12.300,40.026,0.035,81.973
2026-09-02T08:29:40.957179+07:00,c11_sim,121,5.460,22.437,10.638,39.372,0.078,77.985
2026-09-02T08:29:41.083295+07:00,c11_sim,122,5.142,20.334,12.021,39.823,0.089,77.409
2026-09-02T08:29:41.189891+07:00,c11_sim,123,5.784,23.851,11.887,38.381,0.024,79.926
2026-09-02T08:29:41.313772+07:00,c11_sim,124,5.122,19.303,12.142,40.215,0.026,76.809
2026-09-02T08:29:41.457199+07:00,c11_sim,125,6.331,26.683,13.213,46.494,0.032,92.753
2026-09-02T08:29:41.566718+07:00,c11_sim,126,5.386,23.768,11.704,42.657,0.024,83.539
2026-09-02T08:29:41.664435+07:00,c11_sim,127,5.066,22.430,9.454,42.735,0.022,79.707
2026-09-02T08:29:41.802790+07:00,c11_sim,128,5.518,22.447,12.403,41.416,0.028,81.814
2026-09-02T08:29:41.908414+07:00,c11_sim,129,5.523,22.286,10.568,40.995,0.024,79.397
2026-09-02T08:29:42.023151+07:00,c11_sim,130,5.748,19.941,11.162,35.658,0.029,72.537
2026-09-02T08:29:42.138101+07:00,c11_sim,131,5.596,18.176,12.051,32.074,0.024,67.920
2026-09-02T08:29:42.254894+07:00,c11_sim,132,5.664,18.397,12.181,33.386,0.021,69.649
2026-09-02T08:29:42.368641+07:00,c11_sim,133,6.020,20.454,11.239,20.359,0.021,58.094
2026-09-02T08:29:42.518239+07:00,c11_sim,134,7.128,26.726,14.568,27.390,0.026,75.837
2026-09-02T08:29:42.622216+07:00,c11_sim,135,5.787,31.088,12.533,29.474,0.028,78.910
2026-09-02T08:29:42.751304+07:00,c11_sim,136,6.745,27.752,12.667,28.826,0.027,76.017
2026-09-02T08:29:42.874353+07:00,c11_sim,137,5.313,32.284,12.636,26.720,0.022,76.975
2026-09-02T08:29:42.974687+07:00,c11_sim,138,5.638,18.417,12.161,12.466,0.023,48.704
2026-09-02T08:29:43.080037+07:00,c11_sim,139,6.079,17.753,11.316,15.381,0.017,50.547
2026-09-02T08:29:43.220635+07:00,c11_sim,140,6.015,21.501,13.772,18.512,0.019,59.819
2026-09-02T08:29:43.340651+07:00,c11_sim,141,6.150,26.411,14.182,23.251,0.026,70.020
2026-09-02T08:29:43.446642+07:00,c11_sim,142,4.084,22.205,12.410,24.726,0.039,63.463
2026-09-02T08:29:43.664503+07:00,c11_sim,143,7.359,29.563,14.552,89.066,0.042,140.582
2026-09-02T08:29:43.721925+07:00,c11_sim,144,25.358,26.912,7.647,21.982,0.022,81.921
2026-09-02T08:29:43.800606+07:00,c11_sim,145,3.829,14.475,8.782,24.569,0.023,51.677
2026-09-02T08:29:43.941061+07:00,c11_sim,146,5.175,17.367,10.721,27.879,0.084,61.225
2026-09-02T08:29:44.060064+07:00,c11_sim,147,5.805,18.189,11.725,34.332,0.024,70.074
2026-09-02T08:29:44.193235+07:00,c11_sim,148,6.244,21.958,12.874,43.875,0.074,85.025
2026-09-02T08:29:44.337111+07:00,c11_sim,149,6.641,23.688,12.607,45.582,0.024,88.542
2026-09-02T08:29:44.437987+07:00,c11_sim,150,5.027,27.307,11.795,33.673,0.022,77.824
2026-09-02T08:29:44.514892+07:00,c11_sim,151,5.013,13.774,9.858,24.310,0.022,52.977
2026-09-02T08:29:44.662520+07:00,c11_sim,152,5.771,18.371,11.279,29.935,0.026,65.381
2026-09-02T08:29:44.775791+07:00,c11_sim,153,5.525,17.813,10.965,33.502,0.029,67.834
2026-09-02T08:29:44.891761+07:00,c11_sim,154,5.766,22.667,11.470,23.019,0.024,62.945
2026-09-02T08:29:45.016199+07:00,c11_sim,155,5.433,23.056,13.556,25.744,0.111,67.900
2026-09-02T08:29:45.156816+07:00,c11_sim,156,6.620,31.825,15.364,31.450,0.065,85.323
2026-09-02T08:29:45.259618+07:00,c11_sim,157,5.408,24.497,12.137,12.796,0.080,54.918
2026-09-02T08:29:45.377756+07:00,c11_sim,158,5.309,17.652,12.470,14.641,0.021,50.093
2026-09-02T08:29:45.480829+07:00,c11_sim,159,5.841,19.912,11.875,19.754,0.083,57.465
2026-09-02T08:29:45.640682+07:00,c11_sim,160,6.306,28.201,15.011,29.437,0.175,79.129
2026-09-02T08:29:45.733527+07:00,c11_sim,161,5.885,26.274,12.025,22.786,0.020,66.989
2026-09-02T08:29:45.892828+07:00,c11_sim,162,5.994,28.067,13.559,42.174,0.022,89.816
2026-09-02T08:29:45.973754+07:00,c11_sim,163,4.438,20.041,11.402,18.190,0.019,54.090
2026-09-02T08:29:46.059334+07:00,c11_sim,164,5.259,22.250,10.633,0.003,0.013,38.158
2026-09-02T08:29:46.216772+07:00,c11_sim,165,7.069,33.280,15.797,0.003,0.015,56.165
2026-09-02T08:29:46.311492+07:00,c11_sim,166,7.648,30.581,9.048,0.002,0.010,47.290
2026-09-02T08:29:46.442649+07:00,c11_sim,167,8.202,34.498,15.313,0.003,0.012,58.028
2026-09-02T08:29:46.533568+07:00,c11_sim,168,7.038,16.488,13.016,0.004,0.017,36.563
2026-09-02T08:29:46.691458+07:00,c11_sim,169,7.543,33.868,15.705,0.003,0.015,57.134
2026-09-02T08:29:46.798023+07:00,c11_sim,170,7.590,32.591,12.576,0.003,0.018,52.778
2026-09-02T08:29:46.930379+07:00,c11_sim,171,7.147,31.037,13.785,0.004,0.017,51.990
2026-09-02T08:29:47.091379+07:00,c11_sim,172,7.833,32.845,14.287,29.154,0.035,84.154
2026-09-02T08:29:47.171279+07:00,c11_sim,173,6.076,23.717,11.653,21.489,0.020,62.955
2026-09-02T08:29:47.265443+07:00,c11_sim,174,6.364,26.175,11.297,0.002,0.010,43.848
2026-09-02T08:29:47.397054+07:00,c11_sim,175,6.539,32.288,13.668,0.003,0.016,52.514
2026-09-02T08:29:47.527517+07:00,c11_sim,176,6.829,33.212,14.726,0.004,0.020,54.791
2026-09-02T08:29:47.636909+07:00,c11_sim,177,6.507,33.611,14.117,0.004,0.018,54.256
2026-09-02T08:29:47.772250+07:00,c11_sim,178,7.734,34.833,15.614,0.003,0.016,58.199
2026-09-02T08:29:47.870735+07:00,c11_sim,179,7.275,32.230,12.533,0.004,0.017,52.059
2026-09-02T08:29:48.007423+07:00,c11_sim,180,7.398,31.233,14.217,0.003,0.019,52.870
2026-09-02T08:29:48.110995+07:00,c11_sim,181,7.517,32.448,12.459,0.002,0.014,52.440
2026-09-02T08:29:48.234773+07:00,c11_sim,182,6.788,32.409,12.945,0.003,0.016,52.162
2026-09-02T08:29:48.373815+07:00,c11_sim,183,6.240,33.444,14.443,0.004,0.018,54.149
2026-09-02T08:29:48.470191+07:00,c11_sim,184,7.404,32.393,12.801,0.004,0.018,52.619
2026-09-02T08:29:48.604693+07:00,c11_sim,185,7.151,32.463,13.450,0.003,0.016,53.083
2026-09-02T08:29:48.712519+07:00,c11_sim,186,7.583,32.697,13.634,0.003,0.017,53.934
2026-09-02T08:29:48.830645+07:00,c11_sim,187,6.620,33.454,13.053,0.004,0.018,53.150
2026-09-02T08:29:48.958275+07:00,c11_sim,188,8.151,31.164,13.304,0.005,0.202,52.827
2026-09-02T08:29:49.087798+07:00,c11_sim,189,7.699,31.371,14.812,0.006,0.057,53.945
2026-09-02T08:29:49.188770+07:00,c11_sim,190,7.247,32.012,12.315,0.004,0.017,51.595
2026-09-02T08:29:49.314551+07:00,c11_sim,191,7.552,32.650,13.616,0.003,0.013,53.834
2026-09-02T08:29:49.447985+07:00,c11_sim,192,7.276,33.376,13.100,0.004,0.019,53.774
2026-09-02T08:29:49.554443+07:00,c11_sim,193,5.165,31.837,13.488,0.002,0.009,50.502
2026-09-02T08:29:49.691328+07:00,c11_sim,194,7.173,31.941,13.796,0.003,0.013,52.927
2026-09-02T08:29:49.793180+07:00,c11_sim,195,7.120,31.493,8.913,0.002,0.009,47.536
2026-09-02T08:29:49.898453+07:00,c11_sim,196,6.174,16.785,10.499,0.002,0.009,33.469
2026-09-02T08:29:50.018684+07:00,c11_sim,197,6.437,19.224,11.849,0.003,0.011,37.524
2026-09-02T08:29:50.185335+07:00,c11_sim,198,8.130,34.701,16.768,0.003,0.013,59.615
2026-09-02T08:29:50.281994+07:00,c11_sim,199,7.510,31.821,9.553,0.002,0.008,48.893
2026-09-02T08:29:50.385658+07:00,c11_sim,200,6.514,31.115,11.178,0.002,0.012,48.820
2026-09-02T08:29:50.521677+07:00,c11_sim,201,6.663,33.764,14.135,0.003,0.014,54.580
2026-09-02T08:29:50.650692+07:00,c11_sim,202,7.594,32.191,14.178,0.003,0.014,53.981
2026-09-02T08:29:50.757847+07:00,c11_sim,203,7.871,31.967,13.732,0.003,0.015,53.588
2026-09-02T08:29:50.887818+07:00,c11_sim,204,7.782,32.553,13.714,0.003,0.013,54.064
2026-09-02T08:29:50.992930+07:00,c11_sim,205,6.394,31.322,12.339,0.003,0.013,50.071
2026-09-02T08:29:51.128979+07:00,c11_sim,206,7.085,33.873,13.358,0.002,0.017,54.335
2026-09-02T08:29:51.226248+07:00,c11_sim,207,7.300,31.087,12.508,0.003,0.013,50.911
2026-09-02T08:29:51.365141+07:00,c11_sim,208,7.114,34.896,15.624,0.003,0.014,57.651
2026-09-02T08:29:51.472390+07:00,c11_sim,209,7.919,33.059,12.916,0.003,0.015,53.912
2026-09-02T08:29:51.607061+07:00,c11_sim,210,6.049,32.850,13.570,0.003,0.017,52.490
2026-09-02T08:29:51.710827+07:00,c11_sim,211,6.531,30.659,12.894,0.003,0.014,50.102
2026-09-02T08:29:51.817698+07:00,c11_sim,212,6.806,31.848,13.518,0.003,0.018,52.193
2026-09-02T08:29:51.980652+07:00,c11_sim,213,6.578,34.844,15.667,0.002,0.012,57.103
2026-09-02T08:29:52.087305+07:00,c11_sim,214,7.344,32.988,13.551,0.003,0.013,53.899
2026-09-02T08:29:52.186612+07:00,c11_sim,215,7.008,32.077,12.796,0.003,0.017,51.901
2026-09-02T08:29:52.312527+07:00,c11_sim,216,6.859,33.696,14.109,0.004,0.015,54.683
2026-09-02T08:29:52.450754+07:00,c11_sim,217,7.150,34.223,16.712,0.002,0.012,58.099
2026-09-02T08:29:52.557451+07:00,c11_sim,218,6.852,33.662,14.296,0.004,0.023,54.836
2026-09-02T08:29:52.687337+07:00,c11_sim,219,7.474,33.775,14.445,0.003,0.013,55.709
2026-09-02T08:29:52.792984+07:00,c11_sim,220,7.831,31.468,12.970,0.002,0.010,52.281
2026-09-02T08:29:52.923123+07:00,c11_sim,221,6.166,31.778,12.309,0.003,0.013,50.268
2026-09-02T08:29:53.056736+07:00,c11_sim,222,6.831,32.640,14.312,0.003,0.018,53.805
2026-09-02T08:29:53.162948+07:00,c11_sim,223,7.346,31.506,13.401,0.003,0.018,52.274
2026-09-02T08:29:53.284506+07:00,c11_sim,224,6.618,32.683,12.510,0.003,0.010,51.823
2026-09-02T08:29:53.408625+07:00,c11_sim,225,6.062,36.102,14.573,0.003,0.014,56.754
2026-09-02T08:29:53.506371+07:00,c11_sim,226,7.583,31.974,12.722,0.003,0.015,52.298
2026-09-02T08:29:53.640993+07:00,c11_sim,227,6.861,33.771,13.407,0.003,0.013,54.055
2026-09-02T08:29:53.763046+07:00,c11_sim,228,7.417,32.500,13.600,0.003,0.017,53.536
2026-09-02T08:29:53.861807+07:00,c11_sim,229,7.194,31.742,12.505,0.003,0.019,51.462
2026-09-02T08:29:53.996637+07:00,c11_sim,230,6.359,31.331,12.917,0.004,0.017,50.629
2026-09-02T08:29:54.129371+07:00,c11_sim,231,7.220,33.693,13.942,0.004,0.016,54.875
2026-09-02T08:29:54.236810+07:00,c11_sim,232,7.544,32.674,13.162,0.003,0.020,53.403
2026-09-02T08:29:54.354785+07:00,c11_sim,233,6.386,33.351,13.419,0.004,0.018,53.179
2026-09-02T08:29:54.489288+07:00,c11_sim,234,6.366,33.656,13.965,0.004,0.016,54.007
2026-09-02T08:29:54.592999+07:00,c11_sim,235,6.606,32.680,13.454,0.004,0.016,52.760
2026-09-02T08:29:54.721389+07:00,c11_sim,236,6.716,33.482,14.042,0.003,0.015,54.258
2026-09-02T08:29:54.828863+07:00,c11_sim,237,6.675,32.758,13.219,0.003,0.019,52.674
2026-09-02T08:29:54.962667+07:00,c11_sim,238,7.484,30.988,12.693,0.003,0.017,51.185
2026-09-02T08:29:55.082180+07:00,c11_sim,239,6.834,30.121,13.276,0.003,0.016,50.250
2026-09-02T08:29:55.184106+07:00,c11_sim,240,6.312,32.734,13.188,0.003,0.017,52.253
2026-09-02T08:29:55.319940+07:00,c11_sim,241,7.151,34.330,15.380,0.003,0.011,56.875
2026-09-02T08:29:55.427772+07:00,c11_sim,242,6.603,33.095,13.228,0.003,0.017,52.946
2026-09-02T08:29:55.566793+07:00,c11_sim,243,7.944,33.763,16.991,0.003,0.013,58.713
2026-09-02T08:29:55.673861+07:00,c11_sim,244,7.292,34.244,14.325,0.003,0.015,55.879
2026-09-02T08:29:55.809276+07:00,c11_sim,245,6.646,34.791,16.439,0.002,0.011,57.889
2026-09-02T08:29:55.917957+07:00,c11_sim,246,6.154,34.102,13.266,0.003,0.018,53.544
2026-09-02T08:29:56.025372+07:00,c11_sim,247,6.805,32.984,12.771,0.003,0.014,52.576
2026-09-02T08:29:56.159706+07:00,c11_sim,248,6.931,32.637,13.479,0.002,0.015,53.064
2026-09-02T08:29:56.267701+07:00,c11_sim,249,7.069,32.572,13.901,0.003,0.015,53.560
2026-09-02T08:29:56.397339+07:00,c11_sim,250,7.537,31.146,13.334,0.004,0.016,52.037
2026-09-02T08:29:56.505240+07:00,c11_sim,251,7.240,32.947,13.563,0.003,0.017,53.770
2026-09-02T08:29:56.620241+07:00,c11_sim,252,6.655,30.234,0.000,0.000,0.012,36.902
2026-09-02T08:29:56.733444+07:00,c11_sim,253,9.702,31.448,0.000,0.000,0.016,41.166
2026-09-02T08:29:56.878234+07:00,c11_sim,254,7.808,32.342,0.000,0.000,0.023,40.173
2026-09-02T08:29:56.991170+07:00,c11_sim,255,10.138,33.312,0.000,0.000,0.024,43.474
2026-09-02T08:29:57.107760+07:00,c11_sim,256,9.437,31.317,0.000,0.000,0.022,40.777
2026-09-02T08:29:57.239027+07:00,c11_sim,257,10.849,35.064,15.802,0.004,0.013,61.732
2026-09-02T08:29:57.344969+07:00,c11_sim,258,6.691,32.177,12.238,0.003,0.017,51.126
2026-09-02T08:29:57.479131+07:00,c11_sim,259,6.306,32.590,13.760,0.003,0.017,52.676
2026-09-02T08:29:57.587016+07:00,c11_sim,260,7.187,34.064,13.553,0.003,0.014,54.821
2026-09-02T08:29:57.720459+07:00,c11_sim,261,6.715,33.064,14.047,0.003,0.015,53.845
2026-09-02T08:29:57.825161+07:00,c11_sim,262,6.797,32.946,12.858,0.005,0.016,52.621
2026-09-02T08:29:57.960212+07:00,c11_sim,263,6.555,30.481,13.363,0.003,0.017,50.420
2026-09-02T08:29:58.064402+07:00,c11_sim,264,6.683,31.713,12.788,0.003,0.015,51.202
2026-09-02T08:29:58.199533+07:00,c11_sim,265,6.303,32.001,13.401,0.004,0.020,51.729
2026-09-02T08:29:58.318233+07:00,c11_sim,266,6.722,33.191,14.298,0.003,0.014,54.228
2026-09-02T08:29:58.445347+07:00,c11_sim,267,6.558,32.452,14.565,0.004,0.017,53.595
2026-09-02T08:29:58.552954+07:00,c11_sim,268,7.543,32.621,13.218,0.003,0.016,53.401
2026-09-02T08:29:58.678527+07:00,c11_sim,269,6.342,34.210,13.736,0.003,0.016,54.308
2026-09-02T08:29:58.803746+07:00,c11_sim,270,6.458,33.322,13.802,0.004,0.020,53.606
2026-09-02T08:29:58.900999+07:00,c11_sim,271,7.251,31.900,12.879,0.002,0.009,52.042
2026-09-02T08:29:59.030484+07:00,c11_sim,272,7.288,31.161,13.265,0.003,0.013,51.729
2026-09-02T08:29:59.140067+07:00,c11_sim,273,6.716,33.203,14.831,0.003,0.015,54.768
2026-09-02T08:29:59.269240+07:00,c11_sim,274,8.062,33.244,13.852,0.003,0.016,55.176
2026-09-02T08:29:59.385072+07:00,c11_sim,275,7.428,28.375,0.000,0.000,0.012,35.815
2026-09-02T08:29:59.495301+07:00,c11_sim,276,9.161,31.348,0.000,0.000,0.017,40.526
2026-09-02T08:29:59.646770+07:00,c11_sim,277,6.734,34.681,21.386,0.000,0.013,62.813
2026-09-02T08:29:59.689033+07:00,c11_sim,278,7.227,30.027,11.077,0.002,0.072,48.406
2026-09-02T08:29:59.724443+07:00,c11_sim,279,5.029,26.564,8.143,0.002,0.008,39.746
2026-09-02T08:29:59.759469+07:00,c11_sim,280,4.229,26.599,7.747,0.002,0.008,38.585
2026-09-02T08:29:59.794444+07:00,c11_sim,281,4.387,26.749,7.494,0.002,0.009,38.642
2026-09-02T08:29:59.830045+07:00,c11_sim,282,4.154,27.017,7.993,0.003,0.011,39.177
2026-09-02T08:29:59.863845+07:00,c11_sim,283,4.163,25.252,7.715,0.002,0.008,37.140
2026-09-02T08:29:59.899288+07:00,c11_sim,284,4.176,26.720,7.981,0.003,0.010,38.889
2026-09-02T08:29:59.963678+07:00,c11_sim,285,3.923,27.191,8.804,0.002,0.009,39.929
2026-09-02T08:29:59.998577+07:00,c11_sim,286,4.618,26.167,7.838,0.002,0.009,38.634
2026-09-02T08:30:00.032726+07:00,c11_sim,287,4.552,25.512,8.074,0.002,0.009,38.149
2026-09-02T08:30:00.052712+07:00,c11_sim,288,4.522,11.925,7.455,0.002,0.011,23.915
2026-09-02T08:30:00.106027+07:00,c11_sim,289,3.753,14.349,7.931,0.002,0.194,26.228
2026-09-02T08:30:00.127996+07:00,c11_sim,290,4.158,14.093,7.286,0.002,0.018,25.556
2026-09-02T08:30:00.180839+07:00,c11_sim,291,4.158,14.732,7.445,0.002,0.007,26.344
2026-09-02T08:30:00.201982+07:00,c11_sim,292,3.844,13.810,6.748,0.002,0.007,24.410
2026-09-02T08:30:00.256489+07:00,c11_sim,293,3.941,16.340,7.562,0.002,0.007,27.851
2026-09-02T08:30:00.303472+07:00,c11_sim,294,4.047,17.242,8.410,0.002,0.008,29.709
2026-09-02T08:30:00.329555+07:00,c11_sim,295,4.245,17.794,7.669,0.001,0.006,29.716
2026-09-02T08:30:00.388788+07:00,c11_sim,296,4.232,19.732,8.788,0.003,0.010,32.765
2026-09-02T08:30:00.422616+07:00,c11_sim,297,4.783,24.505,8.107,0.002,0.007,37.404
2026-09-02T08:30:00.460951+07:00,c11_sim,298,3.827,28.537,8.728,0.002,0.007,41.101
2026-09-02T08:30:00.529000+07:00,c11_sim,299,3.488,28.508,8.779,0.002,0.006,40.783
2026-09-02T08:30:00.564393+07:00,c11_sim,300,4.308,26.184,8.457,0.002,0.009,38.960
2026-09-02T08:30:00.598569+07:00,c11_sim,301,3.815,25.884,7.565,0.002,0.010,37.276
2026-09-02T08:30:00.632674+07:00,c11_sim,302,3.891,25.748,7.792,0.002,0.009,37.442
2026-09-02T08:30:00.653044+07:00,c11_sim,303,3.998,12.733,7.044,0.001,0.007,23.783
2026-09-02T08:30:00.705636+07:00,c11_sim,304,3.526,13.589,7.727,0.002,0.010,24.855
2026-09-02T08:30:00.727682+07:00,c11_sim,305,3.908,14.048,7.370,0.001,0.007,25.336
2026-09-02T08:30:00.781229+07:00,c11_sim,306,4.108,15.185,7.693,0.002,0.007,26.994
2026-09-02T08:30:00.826108+07:00,c11_sim,307,3.767,16.422,7.741,0.002,0.009,27.942
2026-09-02T08:30:00.848441+07:00,c11_sim,308,3.923,14.442,7.323,0.002,0.007,25.696
2026-09-02T08:30:00.902881+07:00,c11_sim,309,3.984,17.341,8.520,0.002,0.010,29.857
2026-09-02T08:30:00.962476+07:00,c11_sim,310,4.022,20.348,8.618,0.002,0.008,32.997
2026-09-02T08:30:00.993844+07:00,c11_sim,311,4.665,22.750,7.912,0.002,0.008,35.338
2026-09-02T08:30:01.028744+07:00,c11_sim,312,4.623,26.342,7.908,0.002,0.009,38.883
2026-09-02T08:30:01.063031+07:00,c11_sim,313,4.106,25.465,8.209,0.002,0.009,37.791
2026-09-02T08:30:01.122657+07:00,c11_sim,314,4.263,26.745,8.396,0.002,0.010,39.416
2026-09-02T08:30:01.157623+07:00,c11_sim,315,4.522,25.934,8.104,0.002,0.009,38.570
2026-09-02T08:30:01.193198+07:00,c11_sim,316,4.278,26.693,8.080,0.002,0.008,39.062
2026-09-02T08:30:01.221474+07:00,c11_sim,317,4.475,19.700,7.956,0.002,0.008,32.140
2026-09-02T08:30:01.273841+07:00,c11_sim,318,3.869,13.251,8.441,0.002,0.009,25.572
2026-09-02T08:30:01.294936+07:00,c11_sim,319,4.283,12.891,7.533,0.002,0.084,24.793
2026-09-02T08:30:01.348740+07:00,c11_sim,320,4.041,15.227,7.553,0.002,0.008,26.830
2026-09-02T08:30:01.370001+07:00,c11_sim,321,4.337,13.476,7.225,0.002,0.007,25.046
2026-09-02T08:30:01.425171+07:00,c11_sim,322,4.021,16.588,7.913,0.002,0.009,28.532
2026-09-02T08:30:01.482231+07:00,c11_sim,323,4.028,17.713,8.659,0.002,0.009,30.410
2026-09-02T08:30:01.506365+07:00,c11_sim,324,4.748,15.610,7.948,0.002,0.008,28.316
2026-09-02T08:30:01.531322+07:00,c11_sim,325,4.684,17.020,7.286,0.002,0.007,28.998
2026-09-02T08:30:01.591087+07:00,c11_sim,326,3.935,20.512,8.587,0.003,0.010,33.048
2026-09-02T08:30:01.623849+07:00,c11_sim,327,4.426,24.190,7.872,0.002,0.008,36.498
2026-09-02T08:30:01.691856+07:00,c11_sim,328,3.891,27.696,9.116,0.002,0.008,40.714
2026-09-02T08:30:01.728765+07:00,c11_sim,329,4.675,27.550,8.341,0.002,0.007,40.574
2026-09-02T08:30:01.765008+07:00,c11_sim,330,4.401,26.700,8.609,0.002,0.008,39.720
2026-09-02T08:30:01.798961+07:00,c11_sim,331,4.437,25.334,7.881,0.002,0.010,37.663
2026-09-02T08:30:01.832782+07:00,c11_sim,332,4.525,25.287,7.779,0.003,0.013,37.607
2026-09-02T08:30:01.866445+07:00,c11_sim,333,4.113,25.191,7.863,0.002,0.009,37.178
2026-09-02T08:30:01.886800+07:00,c11_sim,334,3.775,12.858,6.907,0.001,0.007,23.548
2026-09-02T08:30:01.939919+07:00,c11_sim,335,3.602,14.624,7.398,0.002,0.010,25.636
2026-09-02T08:30:01.993240+07:00,c11_sim,336,3.676,15.183,7.483,0.002,0.007,26.351
2026-09-02T08:30:02.015388+07:00,c11_sim,337,4.132,14.078,7.403,0.001,0.007,25.622
2026-09-02T08:30:02.070372+07:00,c11_sim,338,3.737,16.006,8.330,0.002,0.010,28.084
2026-09-02T08:30:02.095607+07:00,c11_sim,339,4.342,17.089,7.541,0.002,0.010,28.984
2026-09-02T08:30:02.152927+07:00,c11_sim,340,3.668,18.559,8.081,0.002,0.006,30.317
2026-09-02T08:30:02.182952+07:00,c11_sim,341,4.728,21.549,7.790,0.002,0.008,34.078
2026-09-02T08:30:02.244002+07:00,c11_sim,342,3.766,23.382,6.984,0.002,0.009,34.143
2026-09-02T08:30:02.278243+07:00,c11_sim,343,3.729,26.141,7.435,0.001,0.007,37.313
2026-09-02T08:30:02.311575+07:00,c11_sim,344,3.835,24.854,7.889,0.002,0.008,36.587
2026-09-02T08:30:02.346865+07:00,c11_sim,345,4.027,26.396,7.694,0.002,0.008,38.127
2026-09-02T08:30:02.381602+07:00,c11_sim,346,4.009,26.297,7.729,0.002,0.010,38.047
2026-09-02T08:30:02.447548+07:00,c11_sim,347,3.525,26.540,8.595,0.002,0.011,38.675
2026-09-02T08:30:02.507437+07:00,c11_sim,348,5.433,26.994,7.983,24.211,0.015,64.635
2026-09-02T08:30:02.538988+07:00,c11_sim,349,4.037,12.218,7.566,11.148,0.012,34.981
2026-09-02T08:30:02.549667+07:00,c11_sim,350,3.858,10.557,0.000,0.000,0.007,14.423
2026-09-02T08:30:02.581847+07:00,c11_sim,351,3.659,11.752,7.988,11.890,0.012,35.300
2026-09-02T08:30:02.592594+07:00,c11_sim,352,3.427,10.652,0.000,0.000,0.006,14.086
2026-09-02T08:30:02.634552+07:00,c11_sim,353,3.168,11.821,0.000,0.000,0.006,14.995
2026-09-02T08:30:02.705680+07:00,c11_sim,354,3.135,12.248,0.000,0.000,0.007,15.389
2026-09-02T08:30:02.738972+07:00,c11_sim,355,3.193,12.412,8.299,12.058,0.010,35.972
2026-09-02T08:30:02.799928+07:00,c11_sim,356,3.069,14.644,7.065,14.442,0.013,39.233
2026-09-02T08:30:02.837533+07:00,c11_sim,357,3.237,15.501,6.739,14.805,0.011,40.294
2026-09-02T08:30:02.879555+07:00,c11_sim,358,3.141,17.124,6.401,17.955,0.015,44.636
2026-09-02T08:30:02.934204+07:00,c11_sim,359,3.181,19.714,6.511,23.134,0.014,52.553
2026-09-02T08:30:02.987991+07:00,c11_sim,360,3.087,22.966,6.937,23.255,0.011,56.256
2026-09-02T08:30:03.043886+07:00,c11_sim,361,3.387,22.580,8.124,24.523,0.014,58.627
2026-09-02T08:30:03.090803+07:00,c11_sim,362,3.744,17.971,9.177,19.172,0.015,50.079
2026-09-02T08:30:03.133595+07:00,c11_sim,363,3.921,16.285,7.681,18.207,0.011,46.104
2026-09-02T08:30:03.174939+07:00,c11_sim,364,4.550,17.369,7.374,16.045,0.014,45.351
2026-09-02T08:30:03.218269+07:00,c11_sim,365,3.970,16.976,7.375,18.322,0.010,46.653
2026-09-02T08:30:03.263437+07:00,c11_sim,366,3.601,18.334,7.023,19.249,0.011,48.218
2026-09-02T08:30:03.311292+07:00,c11_sim,367,3.613,19.410,7.041,20.816,0.013,50.894
2026-09-02T08:30:03.364597+07:00,c11_sim,368,3.631,21.402,7.877,23.380,0.019,56.309
2026-09-02T08:30:03.420005+07:00,c11_sim,369,3.638,22.500,7.650,24.582,0.015,58.385
2026-09-02T08:30:03.452735+07:00,c11_sim,370,3.610,23.117,8.920,0.000,0.006,35.653
2026-09-02T08:30:03.504248+07:00,c11_sim,371,3.607,22.259,7.894,20.620,0.057,54.437
2026-09-02T08:30:03.558776+07:00,c11_sim,372,4.297,23.527,7.687,22.567,0.060,58.138
2026-09-02T08:30:03.602903+07:00,c11_sim,373,3.875,17.466,7.474,18.486,0.012,47.313
2026-09-02T08:30:03.647683+07:00,c11_sim,374,3.776,18.662,7.493,18.022,0.041,47.994
2026-09-02T08:30:03.691129+07:00,c11_sim,375,3.812,17.511,8.066,17.224,0.045,46.657
2026-09-02T08:30:03.734215+07:00,c11_sim,376,3.693,17.105,7.170,18.099,0.044,46.111
2026-09-02T08:30:03.778368+07:00,c11_sim,377,3.774,18.075,6.907,18.578,0.044,47.379
2026-09-02T08:30:03.823874+07:00,c11_sim,378,3.852,18.669,7.030,19.165,0.015,48.730
2026-09-02T08:30:03.865233+07:00,c11_sim,379,4.196,16.937,6.802,16.913,0.014,44.862
2026-09-02T08:30:03.912115+07:00,c11_sim,380,3.620,17.183,6.810,22.258,0.028,49.898
2026-09-02T08:30:03.960247+07:00,c11_sim,381,3.738,21.741,7.342,18.227,0.012,51.061
2026-09-02T08:30:04.005021+07:00,c11_sim,382,3.628,18.567,6.533,19.072,0.012,47.811
2026-09-02T08:30:04.047379+07:00,c11_sim,383,3.395,16.990,6.368,18.042,0.012,44.808
2026-09-02T08:30:04.091229+07:00,c11_sim,384,3.423,17.947,6.274,18.685,0.145,46.474
2026-09-02T08:30:04.133397+07:00,c11_sim,385,12.681,17.019,6.371,18.131,0.015,54.217
2026-09-02T08:30:04.175984+07:00,c11_sim,386,3.337,17.400,6.346,18.247,0.011,45.341
2026-09-02T08:30:04.218175+07:00,c11_sim,387,3.302,16.702,6.658,18.192,0.013,44.867
2026-09-02T08:30:04.262152+07:00,c11_sim,388,3.766,18.247,6.763,18.404,0.014,47.194
2026-09-02T08:30:04.308973+07:00,c11_sim,389,3.353,18.944,6.699,20.553,0.016,49.565
2026-09-02T08:30:04.351689+07:00,c11_sim,390,3.389,17.146,6.781,18.110,0.017,45.443
2026-09-02T08:30:04.396401+07:00,c11_sim,391,3.560,18.528,6.924,18.550,0.015,47.577
2026-09-02T08:30:04.444130+07:00,c11_sim,392,3.442,19.166,7.054,20.913,0.017,50.592
2026-09-02T08:30:04.494013+07:00,c11_sim,393,3.413,19.807,7.439,22.001,0.017,52.677
2026-09-02T08:30:04.542677+07:00,c11_sim,394,3.597,18.888,7.412,21.675,0.014,51.587
2026-09-02T08:30:04.585425+07:00,c11_sim,395,3.511,17.677,7.256,17.173,0.020,45.637
2026-09-02T08:30:04.628595+07:00,c11_sim,396,3.478,18.301,7.070,17.168,0.017,46.033
2026-09-02T08:30:04.771810+07:00,c11_sim,397,3.477,109.629,6.071,26.943,0.017,146.138
2026-09-02T08:30:04.771899+07:00,c12_sim,32,2.471,109.629,0.000,0.000,0.003,112.103
2026-09-02T08:30:04.808837+07:00,c11_sim,398,3.531,19.242,5.903,11.235,0.012,39.923
2026-09-02T08:30:04.808904+07:00,c12_sim,33,2.595,19.242,0.000,0.000,0.003,21.840
2026-09-02T08:30:04.838837+07:00,c11_sim,399,3.828,12.605,5.873,10.885,0.014,33.205
2026-09-02T08:30:04.849736+07:00,c11_sim,400,3.921,10.796,0.000,0.000,0.005,14.721
2026-09-02T08:30:04.860652+07:00,c11_sim,401,3.750,10.848,0.000,0.000,0.003,14.601
2026-09-02T08:30:04.871080+07:00,c11_sim,402,3.820,10.363,0.000,0.000,0.005,14.188
2026-09-02T08:30:04.882348+07:00,c12_sim,34,2.839,11.205,0.000,0.000,0.005,14.049
2026-09-02T08:30:05.023556+07:00,c12_sim,35,5.243,26.744,0.000,0.000,0.010,31.997
2026-09-02T08:30:05.165532+07:00,c12_sim,36,10.940,29.660,0.000,0.000,0.010,40.610
2026-09-02T08:30:05.258999+07:00,c12_sim,37,8.346,33.268,0.000,0.000,0.021,41.635
2026-09-02T08:30:05.395193+07:00,c12_sim,38,12.076,31.921,0.000,0.000,0.301,44.298
2026-09-02T08:30:05.509386+07:00,c10_sim,59,7.053,33.834,0.000,0.000,0.045,40.933
2026-09-02T08:30:05.624552+07:00,c10_sim,60,8.690,32.026,0.000,0.000,0.021,40.737
2026-09-02T08:30:05.756336+07:00,c10_sim,61,9.380,33.899,16.401,0.004,0.017,59.701
2026-09-02T08:30:05.861989+07:00,c10_sim,62,6.781,33.156,12.936,0.004,0.020,52.897
2026-09-02T08:30:05.968883+07:00,c10_sim,63,6.581,32.761,12.535,0.004,0.018,51.899
2026-09-02T08:30:06.095109+07:00,c10_sim,64,7.272,32.820,13.485,0.004,0.016,53.597
2026-09-02T08:30:06.205266+07:00,c10_sim,65,6.261,34.243,14.155,0.003,0.015,54.677
2026-09-02T08:30:06.313787+07:00,c10_sim,66,6.765,32.780,13.552,0.003,0.308,53.408
2026-09-02T08:30:06.451661+07:00,c10_sim,67,6.886,34.960,11.593,0.005,0.044,53.487
2026-09-02T08:30:06.531435+07:00,c10_sim,68,4.223,27.698,8.852,0.002,0.007,40.781
2026-09-02T08:30:06.657721+07:00,c10_sim,69,8.455,34.708,12.867,0.003,0.011,56.044
2026-09-02T08:30:06.760367+07:00,c10_sim,70,7.365,33.110,13.605,0.003,0.015,54.097
2026-09-02T08:30:06.924301+07:00,c10_sim,71,7.498,31.529,14.096,26.903,0.023,80.050
2026-09-02T08:30:06.993794+07:00,c10_sim,72,5.513,15.261,10.318,12.904,0.018,44.013
2026-09-02T08:30:07.120243+07:00,c10_sim,73,6.524,17.983,10.997,14.795,0.019,50.318
2026-09-02T08:30:07.231576+07:00,c10_sim,74,6.806,20.622,12.698,16.322,0.048,56.495
2026-09-02T08:30:07.346585+07:00,c10_sim,75,6.799,21.862,12.326,19.159,0.024,60.171
2026-09-02T08:30:07.471445+07:00,c10_sim,76,7.420,24.431,13.195,25.647,0.024,70.718
2026-09-02T08:30:07.607374+07:00,c10_sim,77,7.050,31.667,14.436,28.360,0.021,81.534
2026-09-02T08:30:07.677661+07:00,c10_sim,78,6.104,15.258,11.245,12.812,0.016,45.436
2026-09-02T08:30:07.802239+07:00,c10_sim,79,7.288,18.793,13.115,14.582,0.024,53.802
2026-09-02T08:30:07.936954+07:00,c10_sim,80,6.758,20.970,13.066,15.042,0.021,55.857
2026-09-02T08:30:08.041527+07:00,c10_sim,81,6.302,20.758,12.574,19.939,0.019,59.591
2026-09-02T08:30:08.175003+07:00,c10_sim,82,7.411,31.653,13.295,26.613,0.021,78.993
2026-09-02T08:30:08.244445+07:00,c10_sim,83,6.257,15.260,11.267,11.934,0.016,44.734
2026-09-02T08:30:08.380696+07:00,c10_sim,84,6.585,18.602,12.416,14.316,0.020,51.939
2026-09-02T08:30:08.482426+07:00,c10_sim,85,7.028,19.308,12.337,16.542,0.024,55.239
2026-09-02T08:30:08.627100+07:00,c10_sim,86,7.836,23.198,13.896,23.884,0.029,68.844
2026-09-02T08:30:08.752106+07:00,c10_sim,87,6.297,27.641,13.016,24.883,0.060,71.898
2026-09-02T08:30:08.844102+07:00,c10_sim,88,6.043,29.011,13.256,19.596,0.016,67.922
2026-09-02T08:30:08.947701+07:00,c10_sim,89,5.690,17.661,11.850,12.689,0.018,47.908
2026-09-02T08:30:09.049667+07:00,c10_sim,90,6.425,16.879,12.325,13.595,0.015,49.239
2026-09-02T08:30:09.176249+07:00,c10_sim,91,7.350,19.881,12.697,15.356,0.020,55.303
2026-09-02T08:30:09.273006+07:00,c10_sim,92,7.214,18.801,0.000,0.000,0.011,26.026
2026-09-02T08:30:09.381937+07:00,c10_sim,93,9.795,20.863,0.000,0.000,0.011,30.668
2026-09-02T08:30:09.549709+07:00,c10_sim,94,6.747,34.286,18.814,12.642,0.016,72.506
2026-09-02T08:30:09.720647+07:00,c10_sim,95,8.075,35.769,19.216,0.000,0.011,63.071
2026-09-02T08:30:09.921635+07:00,c10_sim,96,7.485,30.597,13.287,28.677,0.097,80.143
2026-09-02T08:30:10.087963+07:00,c10_sim,97,7.221,30.206,14.723,29.696,0.086,81.933
2026-09-02T08:30:10.276310+07:00,c10_sim,98,10.006,32.169,14.751,23.188,0.013,80.128
2026-09-02T08:30:10.443202+07:00,c10_sim,99,9.656,30.831,13.318,22.838,0.015,76.659
2026-09-02T08:30:10.643804+07:00,c10_sim,100,9.190,32.663,14.350,21.856,0.058,78.116
2026-09-02T08:30:10.827689+07:00,c10_sim,101,8.258,34.181,16.412,21.151,0.075,80.078
2026-09-02T08:30:11.010183+07:00,c10_sim,102,8.157,32.499,14.635,22.334,0.013,77.637
2026-09-02T08:30:11.191173+07:00,c10_sim,103,7.423,32.405,14.149,28.794,0.018,82.790
2026-09-02T08:30:11.362497+07:00,c10_sim,104,8.514,33.849,16.877,18.193,0.012,77.445
2026-09-02T08:30:11.542416+07:00,c10_sim,105,9.041,33.568,13.682,24.214,0.013,80.518
2026-09-02T08:30:11.741571+07:00,c10_sim,106,8.085,34.482,17.991,26.179,0.014,86.752
2026-09-02T08:30:11.870372+07:00,c10_sim,107,7.740,20.233,12.554,12.380,0.013,52.921
2026-09-02T08:30:12.093043+07:00,c10_sim,108,10.645,37.377,11.838,12.061,0.013,71.934
2026-09-02T08:30:12.277101+07:00,c10_sim,109,7.963,34.390,17.452,23.566,0.162,83.534
2026-09-02T08:30:12.458660+07:00,c10_sim,110,9.412,34.165,16.755,24.736,0.095,85.164
2026-09-02T08:30:12.644203+07:00,c10_sim,111,8.856,35.351,15.810,21.054,0.011,81.082
2026-09-02T08:30:12.759526+07:00,c10_sim,112,6.386,20.005,13.332,0.003,0.012,39.737
2026-09-02T08:30:12.961401+07:00,c10_sim,113,9.495,32.955,13.676,0.005,0.018,56.149
2026-09-02T08:30:13.190802+07:00,c10_sim,114,10.319,34.315,17.933,27.783,0.019,90.369
2026-09-02T08:30:13.350334+07:00,c10_sim,115,8.951,36.321,18.700,0.003,0.009,63.983
2026-09-02T08:30:13.513031+07:00,c10_sim,116,11.267,34.188,15.309,0.002,0.008,60.775
2026-09-02T08:30:13.682338+07:00,c10_sim,117,9.327,30.368,0.000,0.000,0.010,39.705
2026-09-02T08:30:13.881393+07:00,c10_sim,118,6.784,31.470,15.521,0.004,0.014,53.792
2026-09-02T08:30:14.075475+07:00,c10_sim,119,9.516,34.594,18.963,0.004,0.015,63.091
2026-09-02T08:30:14.237255+07:00,c10_sim,120,9.038,33.313,14.087,0.003,0.014,56.455
2026-09-02T08:30:14.404099+07:00,c10_sim,121,10.122,32.886,0.000,0.000,0.008,43.016
2026-09-02T08:30:14.598319+07:00,c10_sim,122,8.877,30.020,0.000,0.000,0.012,38.909
2026-09-02T08:30:14.768551+07:00,c10_sim,123,11.303,31.304,0.000,0.000,0.020,42.627
2026-09-02T08:30:14.950926+07:00,c11_sim,403,6.871,31.551,0.000,0.000,0.021,38.443
2026-09-02T08:30:15.117956+07:00,c11_sim,404,9.586,31.394,0.000,0.000,0.022,41.003
2026-09-02T08:30:15.255965+07:00,c11_sim,405,4.836,28.641,0.000,0.000,0.012,33.489
2026-09-02T08:30:15.419596+07:00,c11_sim,406,6.614,27.479,0.000,0.000,0.011,34.104
2026-09-02T08:30:15.572984+07:00,c11_sim,407,9.230,28.405,0.000,0.000,0.008,37.643
2026-09-02T08:30:15.719245+07:00,c11_sim,408,10.017,31.401,0.000,0.000,0.019,41.437
2026-09-02T08:30:15.869234+07:00,c11_sim,409,10.333,31.736,0.000,0.000,0.021,42.090
2026-09-02T08:30:16.042682+07:00,c11_sim,410,9.820,29.601,0.000,0.000,0.011,39.432
2026-09-02T08:30:16.182794+07:00,c11_sim,411,10.812,31.313,0.000,0.000,0.021,42.145
2026-09-02T08:30:16.350883+07:00,c11_sim,412,9.340,31.915,0.000,0.000,0.023,41.277
2026-09-02T08:30:16.475431+07:00,c11_sim,413,9.432,30.800,0.000,0.000,0.021,40.253
2026-09-02T08:30:16.641343+07:00,c11_sim,414,9.323,31.544,0.000,0.000,0.438,41.305
2026-09-02T08:30:16.774788+07:00,c11_sim,415,9.428,32.398,0.000,0.000,0.038,41.863
2026-09-02T08:30:16.947728+07:00,c11_sim,416,9.335,30.193,0.000,0.000,0.007,39.535
2026-09-02T08:30:17.103772+07:00,c11_sim,417,9.612,32.728,0.000,0.000,0.013,42.353
2026-09-02T08:30:17.242653+07:00,c11_sim,418,9.487,31.594,0.000,0.000,0.012,41.093
2026-09-02T08:30:17.389548+07:00,c11_sim,419,9.775,28.186,0.000,0.000,0.006,37.967
2026-09-02T08:30:17.557597+07:00,c11_sim,420,9.538,31.836,0.000,0.000,0.012,41.386
2026-09-02T08:30:17.696353+07:00,c11_sim,421,10.391,28.029,0.000,0.000,0.009,38.429
2026-09-02T08:30:17.865885+07:00,c11_sim,422,9.195,31.704,0.000,0.000,0.012,40.911
2026-09-02T08:30:18.023194+07:00,c11_sim,423,9.017,32.470,0.000,0.000,0.016,41.503
2026-09-02T08:30:18.194516+07:00,c11_sim,424,11.945,34.372,22.222,0.000,0.012,68.551
2026-09-02T08:30:18.356681+07:00,c11_sim,425,8.572,33.845,15.951,29.180,0.048,87.595
2026-09-02T08:30:18.462928+07:00,c11_sim,426,6.386,18.261,13.492,13.342,0.036,51.517
2026-09-02T08:30:18.641960+07:00,c11_sim,427,10.741,30.338,10.587,22.880,0.019,74.565
2026-09-02T08:30:18.775712+07:00,c11_sim,428,6.344,18.357,12.024,12.249,0.014,48.988
2026-09-02T08:30:18.910856+07:00,c11_sim,429,7.882,30.176,0.000,0.000,0.015,38.073
2026-09-02T08:30:19.125948+07:00,c11_sim,430,9.186,32.009,14.905,24.208,0.014,80.322
2026-09-02T08:30:19.230685+07:00,c11_sim,431,7.739,17.679,12.402,13.584,0.014,51.417
2026-09-02T08:30:19.398137+07:00,c11_sim,432,7.671,24.859,13.900,16.336,0.018,62.784
2026-09-02T08:30:19.539418+07:00,c11_sim,433,8.144,32.126,0.000,0.000,0.020,40.290
2026-09-02T08:30:19.680814+07:00,c11_sim,434,9.472,31.855,0.000,0.000,0.022,41.348
2026-09-02T08:30:19.844203+07:00,c11_sim,435,9.494,33.225,0.000,0.000,0.021,42.740
2026-09-02T08:30:19.976366+07:00,c11_sim,436,8.891,31.272,0.000,0.000,0.022,40.185
2026-09-02T08:30:20.145145+07:00,c11_sim,437,11.118,32.193,0.000,0.000,0.030,43.340
2026-09-02T08:30:20.324597+07:00,c11_sim,438,9.340,34.459,17.093,26.226,0.014,87.133
2026-09-02T08:30:20.459350+07:00,c11_sim,439,7.994,23.209,13.621,12.689,0.013,57.525
2026-09-02T08:30:20.643661+07:00,c11_sim,440,8.004,33.758,13.785,21.508,0.012,77.066
2026-09-02T08:30:20.746498+07:00,c11_sim,441,6.749,17.357,12.180,13.381,0.012,49.678
2026-09-02T08:30:20.928534+07:00,c11_sim,442,7.112,32.855,13.845,18.907,0.011,72.729
2026-09-02T08:30:21.067679+07:00,c11_sim,443,6.768,19.897,13.133,14.617,0.014,54.429
2026-09-02T08:30:21.259121+07:00,c11_sim,444,7.989,35.092,18.501,23.981,0.011,85.575
2026-09-02T08:30:21.367651+07:00,c11_sim,445,6.379,20.123,13.274,13.984,0.013,53.773
2026-09-02T08:30:21.560060+07:00,c11_sim,446,8.108,34.311,18.273,22.065,0.041,82.797
2026-09-02T08:30:21.687989+07:00,c11_sim,447,6.009,18.994,11.993,12.378,0.042,49.417
2026-09-02T08:30:21.822375+07:00,c11_sim,448,6.255,19.384,12.592,14.287,0.022,52.539
2026-09-02T08:30:22.005357+07:00,c11_sim,449,8.092,33.534,13.426,28.835,0.020,83.908
2026-09-02T08:30:22.161505+07:00,c11_sim,450,7.123,29.059,13.920,25.022,0.020,75.143
2026-09-02T08:30:22.288108+07:00,c11_sim,451,7.243,22.729,14.666,20.412,0.021,65.071
2026-09-02T08:30:22.474190+07:00,c11_sim,452,8.050,34.167,17.856,28.678,0.020,88.772
2026-09-02T08:30:22.601484+07:00,c11_sim,453,7.290,27.261,13.767,25.025,0.021,73.364
2026-09-02T08:30:22.791091+07:00,c11_sim,454,7.894,35.065,18.688,26.426,0.016,88.090
2026-09-02T08:30:22.885464+07:00,c11_sim,455,7.365,17.191,12.483,12.660,0.018,49.716
2026-09-02T08:30:23.076987+07:00,c11_sim,456,6.652,34.216,16.459,21.951,0.047,79.324
2026-09-02T08:30:23.199787+07:00,c11_sim,457,7.087,19.062,13.081,13.129,0.049,52.409
2026-09-02T08:30:23.392518+07:00,c11_sim,458,8.146,33.319,16.804,23.547,0.018,81.834
2026-09-02T08:30:23.498699+07:00,c11_sim,459,6.856,17.339,13.718,14.041,0.019,51.972
2026-09-02T08:30:23.678030+07:00,c11_sim,460,7.922,33.749,15.921,19.844,0.017,77.453
2026-09-02T08:30:23.802475+07:00,c11_sim,461,7.884,20.369,15.144,13.652,0.018,57.067
2026-09-02T08:30:23.989350+07:00,c11_sim,462,7.806,33.862,12.966,29.066,0.022,83.722
2026-09-02T08:30:24.109896+07:00,c11_sim,463,7.212,24.437,12.198,23.917,0.026,67.789
2026-09-02T08:30:24.308341+07:00,c11_sim,464,7.938,34.894,17.367,24.739,0.017,84.954
2026-09-02T08:30:24.383962+07:00,c11_sim,465,6.987,15.430,0.000,0.000,0.008,22.426
2026-09-02T08:30:24.550840+07:00,c11_sim,466,9.165,30.844,0.000,0.000,0.018,40.026
2026-09-02T08:30:24.743292+07:00,c11_sim,467,8.662,34.137,18.969,22.893,0.016,84.677
2026-09-02T08:30:24.868997+07:00,c11_sim,468,7.598,18.759,13.057,12.760,0.017,52.191
2026-09-02T08:30:25.072409+07:00,c11_sim,469,5.855,34.949,18.025,29.658,0.023,88.510
2026-09-02T08:30:25.189092+07:00,c11_sim,470,5.862,24.990,13.324,22.246,0.026,66.447
2026-09-02T08:30:25.335952+07:00,c11_sim,471,6.818,24.615,14.384,19.799,0.016,65.631
2026-09-02T08:30:25.484581+07:00,c11_sim,472,7.641,27.292,15.509,21.795,0.016,72.253
2026-09-02T08:30:25.643581+07:00,c11_sim,473,7.871,33.687,16.323,21.270,0.018,79.170
2026-09-02T08:30:25.824296+07:00,c11_sim,474,7.240,33.558,16.121,26.595,0.017,83.531
2026-09-02T08:30:25.944002+07:00,c11_sim,475,7.019,18.263,13.899,13.018,0.125,52.325
2026-09-02T08:30:26.123970+07:00,c11_sim,476,6.930,32.243,14.804,25.702,0.063,79.743
2026-09-02T08:30:26.231634+07:00,c11_sim,477,6.419,18.754,13.429,14.564,0.056,53.222
2026-09-02T08:30:26.418178+07:00,c11_sim,478,8.725,34.046,15.131,29.867,0.025,87.793
2026-09-02T08:30:26.574402+07:00,c11_sim,479,7.453,32.378,14.866,22.683,0.018,77.397
2026-09-02T08:30:26.678233+07:00,c11_sim,480,6.441,18.455,0.000,0.000,0.012,24.908
2026-09-02T08:30:26.847557+07:00,c11_sim,481,10.275,32.924,0.000,0.000,0.018,43.217
2026-09-02T08:30:26.986606+07:00,c11_sim,482,9.940,28.692,0.000,0.000,0.012,38.644
2026-09-02T08:30:27.121167+07:00,c11_sim,483,9.714,27.865,0.000,0.000,0.009,37.588
2026-09-02T08:30:27.288642+07:00,c11_sim,484,9.934,29.780,0.000,0.000,0.008,39.722
2026-09-02T08:30:27.452114+07:00,c11_sim,485,7.963,31.587,0.000,0.000,0.019,39.569
2026-09-02T08:30:27.641589+07:00,c11_sim,486,9.701,30.593,0.000,0.000,0.012,40.307
2026-09-02T08:30:27.844761+07:00,c11_sim,487,8.759,28.161,0.000,0.000,0.013,36.933
2026-09-02T08:30:28.072081+07:00,c11_sim,488,11.171,32.756,0.000,0.000,0.022,43.950
2026-09-02T08:30:28.254811+07:00,c11_sim,489,10.928,31.554,0.000,0.000,0.020,42.502
2026-09-02T08:30:28.443747+07:00,c11_sim,490,9.513,31.673,0.000,0.000,0.021,41.206
2026-09-02T08:30:28.651138+07:00,c11_sim,491,10.371,28.485,0.000,0.000,0.012,38.868
2026-09-02T08:30:28.864147+07:00,c11_sim,492,11.783,31.246,0.000,0.000,0.018,43.047
2026-09-02T08:30:29.034920+07:00,c11_sim,493,8.175,30.841,0.000,0.000,0.016,39.033
2026-09-02T08:30:29.245781+07:00,c11_sim,494,10.697,28.342,0.000,0.000,0.312,39.351
2026-09-02T08:30:29.466465+07:00,c11_sim,495,9.939,29.982,0.000,0.000,0.016,39.937
2026-09-02T08:30:29.662124+07:00,c11_sim,496,10.954,31.169,0.000,0.000,0.013,42.135
2026-09-02T08:30:29.844992+07:00,c11_sim,497,9.850,30.658,0.000,0.000,0.007,40.514
2026-09-02T08:30:30.061086+07:00,c11_sim,498,9.212,33.728,0.000,0.000,0.013,42.953
2026-09-02T08:30:30.249740+07:00,c11_sim,499,9.300,31.079,0.000,0.000,0.012,40.392
2026-09-02T08:30:30.449034+07:00,c11_sim,500,9.762,28.785,0.000,0.000,0.007,38.553
2026-09-02T08:30:30.654201+07:00,c11_sim,501,7.782,28.580,0.000,0.000,0.006,36.368
2026-09-02T08:30:30.852089+07:00,c11_sim,502,8.962,30.355,0.000,0.000,0.005,39.321
2026-09-02T08:30:31.046264+07:00,c9_sim,259,6.915,28.542,0.000,0.000,0.015,35.472
2026-09-02T08:30:31.257901+07:00,c9_sim,260,9.213,30.793,0.000,0.000,0.018,40.025
2026-09-02T08:30:31.459100+07:00,c9_sim,261,8.320,32.667,0.000,0.000,0.022,41.009
2026-09-02T08:30:31.657550+07:00,c9_sim,262,8.172,31.305,0.000,0.000,0.023,39.499
2026-09-02T08:30:31.843758+07:00,c9_sim,263,7.611,32.084,0.000,0.000,0.022,39.717
2026-09-02T08:30:32.068221+07:00,c9_sim,264,9.108,31.887,0.000,0.000,0.023,41.018
2026-09-02T08:30:32.270386+07:00,c9_sim,265,10.208,32.432,0.000,0.000,0.023,42.663
2026-09-02T08:30:32.457030+07:00,c9_sim,266,8.928,28.068,0.000,0.000,0.012,37.007
2026-09-02T08:30:32.633925+07:00,c9_sim,267,8.727,15.421,0.000,0.000,0.009,24.157
2026-09-02T08:30:32.856485+07:00,c9_sim,268,8.457,33.181,0.000,0.000,0.021,41.659
2026-09-02T08:30:33.065766+07:00,c9_sim,269,8.246,32.356,0.000,0.000,0.021,40.623
2026-09-02T08:30:33.265204+07:00,c9_sim,270,8.628,32.471,0.000,0.000,0.021,41.120
2026-09-02T08:30:33.444363+07:00,c9_sim,271,7.963,30.783,0.000,0.000,0.010,38.756
2026-09-02T08:30:33.660719+07:00,c9_sim,272,8.360,29.662,0.000,0.000,0.350,38.372
2026-09-02T08:30:33.865794+07:00,c9_sim,273,7.058,33.578,0.000,0.000,0.067,40.703
2026-09-02T08:30:34.051689+07:00,c9_sim,274,9.174,31.412,0.000,0.000,0.012,40.598
2026-09-02T08:30:34.270643+07:00,c9_sim,275,10.074,33.358,0.000,0.000,0.013,43.445
2026-09-02T08:30:34.456596+07:00,c9_sim,276,9.312,31.494,0.000,0.000,0.012,40.817
2026-09-02T08:30:34.657098+07:00,c9_sim,277,8.646,31.928,0.000,0.000,0.013,40.587
2026-09-02T08:30:34.851899+07:00,c9_sim,278,7.259,31.701,0.000,0.000,0.011,38.972
2026-09-02T08:30:35.043867+07:00,c9_sim,279,8.877,29.864,0.000,0.000,0.007,38.748
2026-09-02T08:30:35.252178+07:00,c9_sim,280,8.685,31.464,0.000,0.000,0.010,40.160
2026-09-02T08:30:35.438382+07:00,c9_sim,281,8.043,32.207,0.000,0.000,0.011,40.261
2026-09-02T08:30:35.651651+07:00,c9_sim,282,8.742,31.701,0.000,0.000,0.010,40.454
2026-09-02T08:30:35.861163+07:00,c9_sim,283,8.242,32.964,0.000,0.000,0.007,41.213
2026-09-02T08:30:36.060259+07:00,c9_sim,284,8.069,33.893,19.772,0.000,0.007,61.741
2026-09-02T08:30:36.239593+07:00,c9_sim,285,11.362,32.816,0.000,0.000,0.009,44.187
2026-09-02T08:30:36.450594+07:00,c9_sim,286,10.247,32.222,0.000,0.000,0.010,42.480
2026-09-02T08:30:36.650831+07:00,c9_sim,287,9.298,32.060,0.000,0.000,0.011,41.369
2026-09-02T08:30:36.837873+07:00,c9_sim,288,9.438,29.228,0.000,0.000,0.007,38.673
2026-09-02T08:30:37.098980+07:00,c9_sim,289,8.145,34.386,16.716,26.641,0.038,85.925
2026-09-02T08:30:37.244545+07:00,c9_sim,290,8.741,31.022,0.000,0.000,0.009,39.772
2026-09-02T08:30:37.443665+07:00,c9_sim,291,6.135,31.367,0.000,0.000,0.008,37.510
2026-09-02T08:30:37.655325+07:00,c9_sim,292,7.637,30.144,0.000,0.000,0.007,37.788
2026-09-02T08:30:37.863497+07:00,c9_sim,293,8.043,30.350,0.000,0.000,0.011,38.403
2026-09-02T08:30:38.096932+07:00,c9_sim,294,7.838,32.992,14.403,27.205,0.034,82.471
2026-09-02T08:30:38.247112+07:00,c9_sim,295,8.481,31.746,0.000,0.000,0.015,40.242
2026-09-02T08:30:38.439000+07:00,c9_sim,296,8.207,31.626,0.000,0.000,0.021,39.854
2026-09-02T08:30:38.630102+07:00,c9_sim,297,10.169,31.307,0.000,0.000,0.010,41.486
2026-09-02T08:30:38.828011+07:00,c9_sim,298,7.392,28.460,0.000,0.000,0.009,35.861
2026-09-02T08:30:39.095529+07:00,c9_sim,299,9.383,36.146,19.360,27.801,0.034,92.724
2026-09-02T08:30:39.294389+07:00,c9_sim,300,8.176,34.854,16.379,28.030,0.013,87.452
2026-09-02T08:30:39.478316+07:00,c9_sim,301,9.943,30.791,14.019,27.219,0.035,82.007
2026-09-02T08:30:39.681478+07:00,c9_sim,302,7.897,32.964,13.344,20.984,0.034,75.222
2026-09-02T08:30:39.881102+07:00,c9_sim,303,9.007,34.708,17.058,21.811,0.012,82.597
2026-09-02T08:30:40.096198+07:00,c9_sim,304,7.076,34.053,14.687,24.001,0.012,79.829
2026-09-02T08:30:40.294421+07:00,c9_sim,305,9.815,34.493,18.609,26.591,0.013,89.521
2026-09-02T08:30:40.479238+07:00,c9_sim,306,8.871,32.452,14.441,23.350,0.012,79.126
2026-09-02T08:30:40.680947+07:00,c9_sim,307,8.329,33.209,13.637,20.016,0.014,75.204
2026-09-02T08:30:40.893244+07:00,c9_sim,308,8.105,32.605,13.344,25.914,0.014,79.983
2026-09-02T08:30:41.079110+07:00,c9_sim,309,4.661,30.953,13.678,22.348,0.013,71.652
2026-09-02T08:30:41.295053+07:00,c9_sim,310,9.347,33.874,19.138,23.245,0.036,85.640
2026-09-02T08:30:41.478345+07:00,c9_sim,311,9.360,30.786,14.782,23.052,0.036,78.016
2026-09-02T08:30:41.677163+07:00,c9_sim,312,8.213,33.519,14.385,24.533,0.035,80.686
2026-09-02T08:30:41.896300+07:00,c9_sim,313,9.024,35.290,16.702,19.599,0.040,80.654
2026-09-02T08:30:42.079602+07:00,c9_sim,314,6.124,33.105,14.180,19.213,0.017,72.638
2026-09-02T08:30:42.295288+07:00,c9_sim,315,8.628,34.713,19.372,20.508,0.015,83.236
2026-09-02T08:30:42.480078+07:00,c9_sim,316,8.515,35.236,18.715,17.202,0.014,79.682
2026-09-02T08:30:42.694744+07:00,c9_sim,317,6.940,35.430,18.662,20.959,0.018,82.009
2026-09-02T08:30:42.874947+07:00,c9_sim,318,8.283,33.447,14.795,26.464,0.019,83.009
2026-09-02T08:30:43.074582+07:00,c9_sim,319,6.895,33.683,17.801,28.909,0.019,87.307
2026-09-02T08:30:43.295057+07:00,c9_sim,320,8.951,35.387,19.443,19.301,0.016,83.098
2026-09-02T08:30:43.491791+07:00,c9_sim,321,8.715,34.709,19.095,24.350,0.012,86.881
2026-09-02T08:30:43.674883+07:00,c9_sim,322,10.540,32.499,15.320,25.031,0.014,83.405
2026-09-02T08:30:43.891314+07:00,c9_sim,323,7.946,33.119,14.401,25.017,0.021,80.504
2026-09-02T08:30:44.088200+07:00,c9_sim,324,5.768,32.229,14.592,28.887,0.046,81.520
2026-09-02T08:30:44.274968+07:00,c9_sim,325,6.992,33.353,15.438,24.428,0.019,80.230
2026-09-02T08:30:44.475798+07:00,c9_sim,326,7.898,33.329,15.200,21.517,0.015,77.959
2026-09-02T08:30:44.660125+07:00,c9_sim,327,7.131,33.143,14.759,19.384,0.016,74.435
2026-09-02T08:30:44.874893+07:00,c9_sim,328,8.876,33.612,14.999,23.285,0.073,80.845
2026-09-02T08:30:45.090677+07:00,c9_sim,329,6.862,34.437,16.277,24.556,0.046,82.179
2026-09-02T08:30:45.260227+07:00,c9_sim,330,7.442,30.756,15.405,19.158,0.054,72.815
2026-09-02T08:30:45.473094+07:00,c9_sim,331,8.999,31.335,15.053,24.844,0.016,80.246
2026-09-02T08:30:45.675685+07:00,c9_sim,332,8.569,30.775,14.795,20.123,0.016,74.278
2026-09-02T08:30:45.890638+07:00,c9_sim,333,8.504,34.994,18.626,22.332,0.018,84.474
2026-09-02T08:30:46.092339+07:00,c9_sim,334,6.801,35.496,20.870,19.487,0.013,82.667
2026-09-02T08:30:46.284657+07:00,c9_sim,335,9.281,33.956,17.953,25.539,0.016,86.744
2026-09-02T08:30:46.488801+07:00,c9_sim,336,8.985,33.620,16.875,25.790,0.064,85.334
2026-09-02T08:30:46.687704+07:00,c9_sim,337,8.605,33.458,17.224,26.956,0.061,86.304
2026-09-02T08:30:46.874336+07:00,c9_sim,338,8.065,34.183,17.559,20.186,0.030,80.022
2026-09-02T08:30:47.056574+07:00,c9_sim,339,6.319,32.766,15.978,22.084,0.017,77.164
2026-09-02T08:30:47.303745+07:00,c9_sim,340,9.851,34.945,19.274,27.251,0.016,91.336
2026-09-02T08:30:47.406795+07:00,c9_sim,341,6.966,18.711,0.000,0.000,0.018,25.695
2026-09-02T08:30:47.627062+07:00,c9_sim,342,8.395,30.933,0.000,0.000,0.021,39.349
2026-09-02T08:30:47.845871+07:00,c9_sim,343,9.555,31.332,0.000,0.000,0.026,40.912
2026-09-02T08:30:48.057427+07:00,c8_sim,129,6.608,32.196,21.456,0.000,0.014,60.274
2026-09-02T08:30:48.303178+07:00,c8_sim,130,10.872,35.496,17.405,27.139,0.068,90.981
2026-09-02T08:30:48.490617+07:00,c8_sim,131,9.076,35.191,20.406,19.039,0.060,83.772
2026-09-02T08:30:48.683587+07:00,c8_sim,132,9.805,34.078,18.520,29.394,0.018,91.815
2026-09-02T08:30:48.878153+07:00,c8_sim,133,10.954,35.006,19.042,0.004,0.183,65.188
2026-09-02T08:30:49.087227+07:00,c8_sim,134,7.365,30.794,15.867,24.550,0.065,78.642
2026-09-02T08:30:49.303930+07:00,c8_sim,135,9.865,35.446,19.497,23.829,0.012,88.650
2026-09-02T08:30:49.472534+07:00,c8_sim,136,9.855,34.799,16.899,20.049,0.011,81.612
2026-09-02T08:30:49.688381+07:00,c8_sim,137,8.442,32.838,13.915,21.515,0.012,76.721
2026-09-02T08:30:49.903094+07:00,c8_sim,138,10.222,34.666,20.052,24.981,0.014,89.935
2026-09-02T08:30:50.088734+07:00,c8_sim,139,7.816,34.794,15.864,19.949,0.015,78.437
2026-09-02T08:30:50.239828+07:00,c8_sim,140,9.060,30.634,0.000,0.000,0.011,39.704
2026-09-02T08:30:50.486450+07:00,c8_sim,141,7.713,32.579,17.665,23.030,0.015,81.002
2026-09-02T08:30:50.703391+07:00,c8_sim,142,9.413,34.432,16.206,28.733,0.259,89.043
2026-09-02T08:30:50.887643+07:00,c8_sim,143,11.117,34.753,18.805,21.139,0.021,85.835
2026-09-02T08:30:51.035191+07:00,c8_sim,144,9.127,31.557,0.000,0.000,0.011,40.695
2026-09-02T08:30:51.287651+07:00,c8_sim,145,10.531,35.555,18.062,20.327,0.016,84.491
2026-09-02T08:30:51.502298+07:00,c8_sim,146,10.935,35.276,18.665,24.416,0.013,89.305
2026-09-02T08:30:51.696990+07:00,c8_sim,147,10.399,35.298,14.932,29.882,0.021,90.532
2026-09-02T08:30:51.884511+07:00,c8_sim,148,10.309,34.052,16.222,24.431,0.015,85.030
2026-09-02T08:30:52.097405+07:00,c8_sim,149,8.902,34.109,17.045,29.603,0.028,89.688
2026-09-02T08:30:52.284758+07:00,c8_sim,150,11.662,34.445,17.812,24.728,0.017,88.664
2026-09-02T08:30:52.469762+07:00,c8_sim,151,10.851,32.655,14.086,21.607,0.018,79.218
2026-09-02T08:30:52.670964+07:00,c8_sim,152,10.254,34.251,16.322,19.460,0.019,80.307
2026-09-02T08:30:52.829931+07:00,c8_sim,153,10.826,18.539,0.000,0.000,0.016,29.380
2026-09-02T08:30:53.086514+07:00,c8_sim,154,8.471,30.974,14.288,20.983,0.018,74.735
2026-09-02T08:30:53.266419+07:00,c8_sim,155,9.557,33.710,13.429,24.218,0.024,80.938
2026-09-02T08:30:53.482278+07:00,c8_sim,156,10.449,33.801,16.202,27.809,0.023,88.284
2026-09-02T08:30:53.673063+07:00,c8_sim,157,9.197,33.966,16.734,23.409,0.021,83.327
2026-09-02T08:30:53.818220+07:00,c8_sim,158,4.332,13.322,0.000,0.000,0.009,17.662
2026-09-02T08:30:54.035530+07:00,c8_sim,159,6.031,27.086,0.000,0.000,0.015,33.133
2026-09-02T08:30:54.255371+07:00,c8_sim,160,12.939,33.715,0.000,0.000,0.017,46.671
2026-09-02T08:30:54.429140+07:00,c8_sim,161,11.925,19.044,0.000,0.000,0.015,30.984
2026-09-02T08:30:54.638565+07:00,c8_sim,162,11.526,31.357,0.000,0.000,0.021,42.905
2026-09-02T08:30:54.856082+07:00,c8_sim,163,8.413,31.875,0.000,0.000,0.021,40.309
2026-09-02T08:30:55.028058+07:00,c8_sim,164,10.706,18.072,0.000,0.000,0.014,28.792
2026-09-02T08:30:55.253370+07:00,c8_sim,165,8.732,32.547,0.000,0.000,0.020,41.299
2026-09-02T08:30:55.451334+07:00,c8_sim,166,10.617,32.879,0.000,0.000,0.019,43.515
2026-09-02T08:30:55.640120+07:00,c8_sim,167,10.258,32.122,0.000,0.000,0.020,42.400
2026-09-02T08:30:55.830094+07:00,c8_sim,168,11.988,31.863,0.000,0.000,0.025,43.876
2026-09-02T08:30:56.048306+07:00,c8_sim,169,11.582,32.902,0.000,0.000,0.021,44.505
2026-09-02T08:30:56.245712+07:00,c8_sim,170,10.033,32.079,0.000,0.000,0.022,42.133
2026-09-02T08:30:56.440966+07:00,c8_sim,171,10.052,31.098,0.000,0.000,0.022,41.171
2026-09-02T08:30:56.628795+07:00,c8_sim,172,9.314,19.021,0.000,0.000,0.383,28.717
2026-09-02T08:30:56.845331+07:00,c8_sim,173,10.764,32.005,0.000,0.000,0.039,42.808
2026-09-02T08:30:57.021144+07:00,c8_sim,174,11.017,30.687,0.000,0.000,0.009,41.714
2026-09-02T08:30:57.252775+07:00,c8_sim,175,10.400,33.169,0.000,0.000,0.011,43.580
2026-09-02T08:30:57.421117+07:00,c8_sim,176,10.222,30.881,0.000,0.000,0.012,41.115
2026-09-02T08:30:57.643513+07:00,c8_sim,177,9.991,32.882,0.000,0.000,0.011,42.884
2026-09-02T08:30:57.817804+07:00,c8_sim,178,8.001,28.296,0.000,0.000,0.007,36.304
2026-09-02T08:30:58.039907+07:00,c8_sim,179,10.943,27.669,0.000,0.000,0.005,38.617
2026-09-02T08:30:58.237780+07:00,c8_sim,180,10.366,32.333,0.000,0.000,0.011,42.710
2026-09-02T08:30:58.428933+07:00,c8_sim,181,10.108,31.593,0.000,0.000,0.012,41.713
2026-09-02T08:30:58.642507+07:00,c8_sim,182,9.846,31.158,0.000,0.000,0.012,41.016
2026-09-02T08:30:58.827665+07:00,c8_sim,183,9.677,30.313,0.000,0.000,0.010,40.000
2026-09-02T08:30:59.023801+07:00,c8_sim,184,10.819,28.751,0.000,0.000,0.009,39.580
2026-09-02T08:30:59.229921+07:00,c8_sim,185,8.252,31.158,0.000,0.000,0.013,39.423
2026-09-02T08:30:59.442571+07:00,c8_sim,186,11.011,32.038,0.000,0.000,0.013,43.062
2026-09-02T08:30:59.632549+07:00,c8_sim,187,9.034,31.748,0.000,0.000,0.011,40.793
2026-09-02T08:30:59.832490+07:00,c8_sim,188,10.526,31.165,0.000,0.000,0.012,41.704
2026-09-02T08:31:00.071100+07:00,c10_sim,124,7.872,32.197,18.362,0.000,0.014,58.446
2026-09-02T08:31:00.331509+07:00,c10_sim,125,9.016,39.924,19.904,38.018,0.145,107.008
2026-09-02T08:31:00.469852+07:00,c10_sim,126,6.804,21.717,14.541,14.537,0.054,57.653
2026-09-02T08:31:00.713669+07:00,c10_sim,127,9.847,36.010,17.782,26.579,0.066,90.284
2026-09-02T08:31:00.912973+07:00,c10_sim,128,9.653,36.774,17.634,27.059,0.016,91.135
2026-09-02T08:31:01.100501+07:00,c10_sim,129,8.399,34.856,16.373,19.326,0.013,78.966
2026-09-02T08:31:01.282094+07:00,c10_sim,130,8.802,34.251,17.398,23.075,0.060,83.586
2026-09-02T08:31:01.483169+07:00,c10_sim,131,8.625,31.767,13.202,19.626,0.009,73.229
2026-09-02T08:31:01.697812+07:00,c10_sim,132,10.196,33.891,17.396,24.778,0.015,86.276
2026-09-02T08:31:01.894380+07:00,c10_sim,133,9.240,34.421,15.408,28.823,0.027,87.918
2026-09-02T08:31:02.093573+07:00,c10_sim,134,8.922,33.876,15.195,29.253,0.018,87.264
2026-09-02T08:31:02.299782+07:00,c10_sim,135,9.901,34.455,18.400,20.908,0.205,83.869
2026-09-02T08:31:02.479401+07:00,c10_sim,136,10.122,33.910,16.124,26.716,0.015,86.888
2026-09-02T08:31:02.697890+07:00,c10_sim,137,7.936,34.035,17.508,23.850,0.012,83.340
2026-09-02T08:31:02.912082+07:00,c10_sim,138,11.324,34.307,14.525,28.549,0.014,88.720
2026-09-02T08:31:03.098846+07:00,c10_sim,139,7.676,34.919,15.643,21.861,0.013,80.111
2026-09-02T08:31:03.280866+07:00,c10_sim,140,9.607,32.041,14.314,24.164,0.013,80.138
2026-09-02T08:31:03.487713+07:00,c10_sim,141,9.218,34.350,19.267,12.595,0.073,75.505
2026-09-02T08:31:03.648836+07:00,c10_sim,142,10.772,30.216,13.242,0.003,0.011,54.244
2026-09-02T08:31:03.861627+07:00,c10_sim,143,9.362,33.939,17.006,0.003,0.012,60.322
2026-09-02T08:31:04.049589+07:00,c10_sim,144,8.851,30.613,12.113,0.004,0.018,51.600
2026-09-02T08:31:04.273061+07:00,c10_sim,145,9.400,33.467,21.193,0.003,0.013,64.076
2026-09-02T08:31:04.465093+07:00,c10_sim,146,10.634,34.833,18.290,0.002,0.011,63.770
2026-09-02T08:31:04.651748+07:00,c10_sim,147,9.528,30.960,14.990,0.003,0.014,55.495
2026-09-02T08:31:04.851309+07:00,c10_sim,148,9.394,31.558,13.785,0.004,0.015,54.756
2026-09-02T08:31:05.050004+07:00,c10_sim,149,9.244,31.155,0.000,0.000,0.020,40.418
2026-09-02T08:31:05.237436+07:00,c10_sim,150,9.660,31.703,0.000,0.000,0.026,41.389
2026-09-02T08:31:05.436908+07:00,c10_sim,151,9.773,31.011,0.000,0.000,0.016,40.800
2026-09-02T08:31:05.630943+07:00,c10_sim,152,8.739,29.318,0.000,0.000,0.011,38.068
2026-09-02T08:31:05.836656+07:00,c10_sim,153,9.948,28.511,0.000,0.000,0.010,38.470
2026-09-02T08:31:06.039190+07:00,c12_sim,39,7.637,31.671,0.000,0.000,0.016,39.324
2026-09-02T08:31:06.311444+07:00,c12_sim,40,10.279,34.319,27.196,24.911,0.014,96.719
2026-09-02T08:31:06.450121+07:00,c12_sim,41,5.948,27.336,0.000,0.000,0.010,33.294
2026-09-02T08:31:06.699377+07:00,c12_sim,42,9.327,34.698,16.239,0.004,0.016,60.283
2026-09-02T08:31:06.868771+07:00,c12_sim,43,9.804,32.350,0.000,0.000,0.016,42.170
2026-09-02T08:31:07.056875+07:00,c12_sim,44,7.747,31.208,0.000,0.000,0.020,38.975
2026-09-02T08:31:07.264497+07:00,c12_sim,45,9.513,32.392,0.000,0.000,0.021,41.926
2026-09-02T08:31:07.456278+07:00,c12_sim,46,8.120,29.376,0.000,0.000,0.011,37.506
2026-09-02T08:31:07.665128+07:00,c12_sim,47,9.445,29.981,0.000,0.000,0.008,39.434
2026-09-02T08:31:07.861255+07:00,c12_sim,48,9.973,31.903,0.000,0.000,0.018,41.894
2026-09-02T08:31:08.048487+07:00,c11_sim,503,9.875,28.799,0.000,0.000,0.006,38.680
2026-09-02T08:31:08.257511+07:00,c11_sim,504,9.981,18.245,0.000,0.000,0.008,28.234
2026-09-02T08:31:08.464504+07:00,c11_sim,505,9.390,31.529,0.000,0.000,0.012,40.931
2026-09-02T08:31:08.656388+07:00,c11_sim,506,9.742,29.919,0.000,0.000,0.006,39.668
2026-09-02T08:31:08.859578+07:00,c11_sim,507,7.150,27.876,0.000,0.000,0.006,35.032
2026-09-02T08:31:09.093871+07:00,c11_sim,508,7.777,33.724,19.374,0.000,0.006,60.881
2026-09-02T08:31:09.254191+07:00,c11_sim,509,9.703,31.606,0.000,0.000,0.012,41.321
2026-09-02T08:31:09.474669+07:00,c11_sim,510,8.886,32.962,13.841,0.004,0.074,55.766
2026-09-02T08:31:09.681004+07:00,c11_sim,511,9.606,32.486,0.000,0.000,0.018,42.110
2026-09-02T08:31:09.866558+07:00,c11_sim,512,9.582,32.407,0.000,0.000,0.019,42.009
2026-09-02T08:31:10.076323+07:00,c11_sim,513,9.542,33.860,14.994,0.003,0.074,58.473
2026-09-02T08:31:10.290910+07:00,c11_sim,514,10.803,34.155,15.866,0.002,0.064,60.890
2026-09-02T08:31:10.510854+07:00,c11_sim,515,9.335,34.899,17.112,26.396,0.036,87.779
2026-09-02T08:31:10.694119+07:00,c11_sim,516,8.262,34.037,14.749,26.586,0.040,83.673
2026-09-02T08:31:10.908967+07:00,c11_sim,517,9.858,30.555,14.059,27.861,0.059,82.392
2026-09-02T08:31:11.095357+07:00,c11_sim,518,7.520,32.421,14.168,24.254,0.015,78.378
2026-09-02T08:31:11.297003+07:00,c11_sim,519,9.908,33.914,15.240,20.975,0.037,80.073
2026-09-02T08:31:11.510492+07:00,c11_sim,520,9.802,34.238,16.673,26.301,0.034,87.048
2026-09-02T08:31:11.655356+07:00,c11_sim,521,8.854,29.278,0.000,0.000,0.009,38.140
2026-09-02T08:31:11.861827+07:00,c11_sim,522,9.391,31.037,0.000,0.000,0.008,40.436
2026-09-02T08:31:12.095286+07:00,c11_sim,523,11.854,34.694,16.143,23.707,0.012,86.410
2026-09-02T08:31:12.255134+07:00,c11_sim,524,10.339,28.385,0.000,0.000,0.009,38.733
2026-09-02T08:31:12.496474+07:00,c11_sim,525,10.591,33.697,16.071,21.319,0.011,81.689
2026-09-02T08:31:12.713840+07:00,c11_sim,526,9.500,34.044,17.851,20.142,0.013,81.550
2026-09-02T08:31:12.852963+07:00,c11_sim,527,7.435,26.757,0.000,0.000,0.010,34.202
2026-09-02T08:31:13.113313+07:00,c11_sim,528,10.191,34.178,17.469,20.988,0.014,82.840
2026-09-02T08:31:13.297928+07:00,c11_sim,529,7.226,31.489,13.214,18.613,0.013,70.555
2026-09-02T08:31:13.511580+07:00,c11_sim,530,10.335,33.256,16.093,24.130,0.011,83.826
2026-09-02T08:31:13.725747+07:00,c11_sim,531,10.544,33.992,16.959,28.880,0.014,90.390
2026-09-02T08:31:13.855727+07:00,c11_sim,532,10.223,32.751,0.000,0.000,0.010,42.984
2026-09-02T08:31:14.093297+07:00,c11_sim,533,10.733,31.343,13.202,26.820,0.014,82.111
2026-09-02T08:31:14.295627+07:00,c11_sim,534,10.415,33.911,15.593,22.297,0.012,82.229
2026-09-02T08:31:14.461387+07:00,c11_sim,535,10.185,31.345,0.000,0.000,0.018,41.548
2026-09-02T08:31:14.708529+07:00,c11_sim,536,9.187,36.019,14.547,28.697,0.018,88.468
2026-09-02T08:31:14.895740+07:00,c11_sim,537,10.063,33.302,16.623,22.115,0.019,82.122
2026-09-02T08:31:15.126874+07:00,c11_sim,538,9.446,35.280,16.524,25.729,0.047,87.026
2026-09-02T08:31:15.325060+07:00,c11_sim,539,8.851,33.968,17.466,28.193,0.019,88.497
2026-09-02T08:31:15.526432+07:00,c11_sim,540,9.419,35.653,18.760,27.005,0.046,90.884
2026-09-02T08:31:15.712621+07:00,c11_sim,541,10.277,30.947,14.875,21.672,0.019,77.791
2026-09-02T08:31:15.890645+07:00,c11_sim,542,8.670,20.927,18.578,12.460,0.055,60.691
2026-09-02T08:31:16.110666+07:00,c11_sim,543,9.523,31.375,14.367,24.565,0.018,79.847
2026-09-02T08:31:16.295496+07:00,c11_sim,544,9.511,32.460,14.173,21.860,0.016,78.020
2026-09-02T08:31:16.495270+07:00,c11_sim,545,10.081,32.753,13.999,22.761,0.014,79.609
2026-09-02T08:31:16.712440+07:00,c11_sim,546,9.996,35.403,18.445,21.417,0.017,85.279
2026-09-02T08:31:16.913256+07:00,c11_sim,547,8.379,34.877,17.813,20.132,0.077,81.278
2026-09-02T08:31:17.107847+07:00,c11_sim,548,9.244,31.422,14.153,28.480,0.081,83.380
2026-09-02T08:31:17.312026+07:00,c11_sim,549,10.514,34.651,18.692,22.580,0.016,86.453
2026-09-02T08:31:17.494984+07:00,c11_sim,550,8.960,30.900,14.587,22.717,0.017,77.181
2026-09-02T08:31:17.710075+07:00,c11_sim,551,9.285,33.675,18.284,26.300,0.022,87.566
2026-09-02T08:31:17.873756+07:00,c11_sim,552,6.887,32.957,16.685,0.000,0.011,56.540
2026-09-02T08:31:18.110494+07:00,c11_sim,553,8.914,31.499,13.986,25.559,0.076,80.034
2026-09-02T08:31:18.327804+07:00,c11_sim,554,10.201,36.096,19.595,24.509,0.014,90.415
2026-09-02T08:31:18.465854+07:00,c11_sim,555,9.245,21.966,15.842,14.311,0.013,61.377
2026-09-02T08:31:18.710427+07:00,c11_sim,556,10.419,32.646,14.511,25.376,0.014,82.965
2026-09-02T08:31:18.870668+07:00,c11_sim,557,9.321,32.919,14.430,0.004,0.017,56.692
2026-09-02T08:31:19.071003+07:00,c11_sim,558,9.347,31.822,10.103,0.002,0.077,51.352
2026-09-02T08:31:19.246345+07:00,c11_sim,559,8.111,30.907,0.000,0.000,0.011,39.030
2026-09-02T08:31:19.453520+07:00,c11_sim,560,9.233,31.489,0.000,0.000,0.018,40.739
2026-09-02T08:31:19.667017+07:00,c11_sim,561,10.141,32.005,0.000,0.000,0.023,42.169
2026-09-02T08:31:19.850270+07:00,c11_sim,562,9.336,28.471,0.000,0.000,0.013,37.820
2026-09-02T08:31:20.074058+07:00,c11_sim,563,7.942,32.896,16.337,0.003,0.016,57.194
2026-09-02T08:31:20.286438+07:00,c11_sim,564,11.433,34.357,16.397,0.000,0.008,62.194
2026-09-02T08:31:20.500874+07:00,c11_sim,565,9.448,34.315,18.544,0.003,0.156,62.466
2026-09-02T08:31:20.709192+07:00,c11_sim,566,10.277,31.473,14.278,27.723,0.167,83.917
2026-09-02T08:31:20.925027+07:00,c11_sim,567,9.260,32.731,14.129,28.968,0.034,85.121
2026-09-02T08:31:21.096257+07:00,c11_sim,568,6.818,31.289,12.085,20.416,0.014,70.622
2026-09-02T08:31:21.328276+07:00,c11_sim,569,9.830,34.328,17.041,21.380,0.018,82.598
2026-09-02T08:31:21.523859+07:00,c11_sim,570,9.359,34.304,18.387,28.739,0.015,90.803
2026-09-02T08:31:21.708015+07:00,c11_sim,571,9.607,32.425,13.007,29.380,0.024,84.443
2026-09-02T08:31:21.925507+07:00,c11_sim,572,9.321,33.833,17.810,27.247,0.017,88.226
2026-09-02T08:31:22.141579+07:00,c11_sim,573,10.902,35.027,14.797,29.220,0.021,89.966
2026-09-02T08:31:22.328021+07:00,c11_sim,574,8.570,35.257,18.660,22.429,0.010,84.926
2026-09-02T08:31:22.523266+07:00,c11_sim,575,8.270,33.820,16.287,28.905,0.016,87.297
2026-09-02T08:31:22.742660+07:00,c11_sim,576,11.351,35.657,18.376,25.918,0.011,91.314
2026-09-02T08:31:22.883391+07:00,c11_sim,577,8.585,21.308,16.386,14.003,0.011,60.294
2026-09-02T08:31:23.112807+07:00,c11_sim,578,9.318,31.822,14.629,20.193,0.147,76.108
2026-09-02T08:31:23.317412+07:00,c11_sim,579,8.566,30.514,15.519,26.081,0.018,80.698
2026-09-02T08:31:23.490628+07:00,c11_sim,580,8.693,28.140,9.462,25.863,0.014,72.173
2026-09-02T08:31:23.722975+07:00,c11_sim,581,8.772,30.698,18.604,27.810,0.016,85.899
2026-09-02T08:31:23.910631+07:00,c11_sim,582,8.810,33.067,15.818,23.446,0.019,81.159
2026-09-02T08:31:24.109282+07:00,c11_sim,583,9.420,33.013,13.968,23.573,0.019,79.993
2026-09-02T08:31:24.324567+07:00,c11_sim,584,9.511,33.094,18.491,27.592,0.024,88.713
2026-09-02T08:31:24.525557+07:00,c11_sim,585,9.435,33.884,17.486,26.793,0.021,87.619
2026-09-02T08:31:24.695471+07:00,c11_sim,586,9.584,29.250,12.839,16.545,0.023,68.241
2026-09-02T08:31:24.911038+07:00,c11_sim,587,9.526,30.412,17.953,21.252,0.025,79.167
2026-09-02T08:31:25.128780+07:00,c11_sim,588,8.867,32.988,15.147,20.558,0.019,77.579
2026-09-02T08:31:25.326969+07:00,c11_sim,589,7.946,35.541,18.019,24.440,0.018,85.964
2026-09-02T08:31:25.473607+07:00,c11_sim,590,9.848,28.381,0.000,0.000,0.010,38.239
2026-09-02T08:31:25.710378+07:00,c11_sim,591,12.372,30.995,14.771,23.422,0.022,81.583
2026-09-02T08:31:25.910428+07:00,c11_sim,592,10.540,33.260,15.579,23.274,0.017,82.671
2026-09-02T08:31:26.124502+07:00,c11_sim,593,10.640,33.524,14.435,29.085,0.026,87.711
2026-09-02T08:31:26.312129+07:00,c11_sim,594,9.575,34.471,18.309,20.100,0.017,82.472
2026-09-02T08:31:26.525046+07:00,c11_sim,595,10.010,35.055,15.647,28.322,0.018,89.053
2026-09-02T08:31:26.710941+07:00,c11_sim,596,9.686,34.107,16.331,22.556,0.028,82.707
2026-09-02T08:31:26.906038+07:00,c11_sim,597,8.779,32.741,14.482,28.670,0.021,84.692
2026-09-02T08:31:27.112185+07:00,c11_sim,598,8.877,31.310,13.927,20.235,0.020,74.370
2026-09-02T08:31:27.312899+07:00,c11_sim,599,9.368,34.689,16.888,18.504,0.016,79.465
2026-09-02T08:31:27.539861+07:00,c11_sim,600,8.107,35.708,18.606,28.343,0.021,90.785
2026-09-02T08:31:27.698092+07:00,c11_sim,601,9.142,27.585,15.702,24.917,0.023,77.370
2026-09-02T08:31:27.908170+07:00,c11_sim,602,8.963,33.516,14.363,27.015,0.017,83.874
2026-09-02T08:31:28.124883+07:00,c11_sim,603,10.183,32.986,14.269,27.159,0.021,84.618
2026-09-02T08:31:28.272494+07:00,c11_sim,604,9.086,32.287,0.000,0.000,0.021,41.394
2026-09-02T08:31:28.463260+07:00,c11_sim,605,8.152,31.037,0.000,0.000,0.022,39.211
2026-09-02T08:31:28.694485+07:00,c11_sim,606,10.521,32.581,0.000,0.000,0.022,43.124
2026-09-02T08:31:28.925271+07:00,c11_sim,607,10.822,35.084,17.832,26.002,0.024,89.763
2026-09-02T08:31:29.111261+07:00,c11_sim,608,9.999,34.616,13.748,21.295,0.017,79.675
2026-09-02T08:31:29.271136+07:00,c11_sim,609,9.301,31.262,0.000,0.000,0.019,40.582
2026-09-02T08:31:29.511665+07:00,c11_sim,610,9.836,34.117,16.174,20.700,0.016,80.844
2026-09-02T08:31:29.728306+07:00,c11_sim,611,9.503,35.370,18.265,20.323,0.017,83.478
2026-09-02T08:31:29.868019+07:00,c11_sim,612,8.915,31.094,0.000,0.000,0.009,40.018
2026-09-02T08:31:30.077909+07:00,c11_sim,613,9.404,29.328,0.000,0.000,0.010,38.742
2026-09-02T08:31:30.264143+07:00,c11_sim,614,3.802,22.967,0.000,0.000,0.006,26.775
2026-09-02T08:31:30.463770+07:00,c11_sim,615,4.021,23.038,0.000,0.000,0.006,27.066
2026-09-02T08:31:30.663245+07:00,c11_sim,616,3.533,23.555,0.000,0.000,0.007,27.094
2026-09-02T08:31:30.896559+07:00,c11_sim,617,3.452,27.532,7.867,24.786,0.020,63.658
2026-09-02T08:31:31.070008+07:00,c11_sim,618,5.237,26.523,0.000,0.000,0.011,31.771
2026-09-02T08:31:31.341951+07:00,c11_sim,619,8.880,35.900,19.472,26.049,0.018,90.320
2026-09-02T08:31:31.539578+07:00,c11_sim,620,9.317,34.832,18.537,28.723,0.020,91.429
2026-09-02T08:31:31.699322+07:00,c11_sim,621,8.953,28.177,10.113,22.367,0.020,69.630
2026-09-02T08:31:31.895035+07:00,c11_sim,622,6.720,27.593,8.184,16.548,0.020,59.066
2026-09-02T08:31:32.077525+07:00,c11_sim,623,3.294,22.785,6.246,11.139,0.015,43.480
2026-09-02T08:31:32.292278+07:00,c11_sim,624,5.456,30.524,10.823,22.022,0.019,68.845
2026-09-02T08:31:32.469506+07:00,c11_sim,625,6.654,28.165,0.000,0.000,0.012,34.831
2026-09-02T08:31:32.679658+07:00,c11_sim,626,10.355,31.840,0.000,0.000,0.019,42.214
2026-09-02T08:31:32.865773+07:00,c11_sim,627,10.257,30.967,0.000,0.000,0.021,41.245
2026-09-02T08:31:33.084370+07:00,c11_sim,628,9.114,28.293,0.000,0.000,0.010,37.417
2026-09-02T08:31:33.281573+07:00,c11_sim,629,8.173,32.679,0.000,0.000,0.020,40.873
2026-09-02T08:31:33.470173+07:00,c11_sim,630,11.201,27.867,0.000,0.000,0.010,39.077
2026-09-02T08:31:33.665349+07:00,c11_sim,631,9.452,28.829,0.000,0.000,0.008,38.289
2026-09-02T08:31:33.883741+07:00,c11_sim,632,6.456,28.406,0.000,0.000,0.011,34.873
2026-09-02T08:31:34.075415+07:00,c11_sim,633,9.549,29.209,0.000,0.000,0.012,38.770
2026-09-02T08:31:34.280231+07:00,c11_sim,634,9.352,30.973,0.000,0.000,0.017,40.342
2026-09-02T08:31:34.483063+07:00,c11_sim,635,11.791,30.433,0.000,0.000,0.009,42.233
2026-09-02T08:31:34.678889+07:00,c11_sim,636,9.400,31.277,0.000,0.000,0.018,40.695
2026-09-02T08:31:34.877782+07:00,c11_sim,637,9.951,28.132,0.000,0.000,0.011,38.093
2026-09-02T08:31:35.078954+07:00,c11_sim,638,10.383,30.856,0.000,0.000,0.026,41.264
2026-09-02T08:31:35.261915+07:00,c11_sim,639,11.055,27.653,0.000,0.000,0.303,39.011
2026-09-02T08:31:35.484493+07:00,c11_sim,640,9.428,31.419,0.000,0.000,0.045,40.892
2026-09-02T08:31:35.676320+07:00,c11_sim,641,9.128,32.006,0.000,0.000,0.012,41.145
2026-09-02T08:31:35.880609+07:00,c11_sim,642,9.363,31.944,0.000,0.000,0.012,41.318
2026-09-02T08:31:36.072258+07:00,c11_sim,643,10.006,29.359,0.000,0.000,0.007,39.373
2026-09-02T08:31:36.267012+07:00,c11_sim,644,9.367,30.700,0.000,0.000,0.009,40.076
2026-09-02T08:31:36.483883+07:00,c11_sim,645,8.295,31.282,0.000,0.000,0.005,39.582
2026-09-02T08:31:36.688847+07:00,c11_sim,646,9.530,31.877,0.000,0.000,0.005,41.411
2026-09-02T08:31:36.885159+07:00,c11_sim,647,9.453,32.183,0.000,0.000,0.011,41.647
2026-09-02T08:31:37.073243+07:00,c11_sim,648,9.602,31.689,0.000,0.000,0.006,41.297
2026-09-02T08:31:37.273118+07:00,c11_sim,649,9.834,28.708,0.000,0.000,0.005,38.547
2026-09-02T08:31:37.476328+07:00,c11_sim,650,9.895,31.836,0.000,0.000,0.009,41.740
2026-09-02T08:31:37.670093+07:00,c11_sim,651,9.372,31.040,0.000,0.000,0.012,40.424
2026-09-02T08:31:37.866950+07:00,c11_sim,652,9.350,31.729,0.000,0.000,0.011,41.091
2026-09-02T08:31:38.070708+07:00,c12_sim,49,7.596,31.406,0.000,0.000,0.013,39.015
2026-09-02T08:31:38.267380+07:00,c12_sim,50,9.466,30.611,0.000,0.000,0.008,40.084
2026-09-02T08:31:38.468889+07:00,c12_sim,51,8.905,29.708,0.000,0.000,0.008,38.621
2026-09-02T08:31:38.684637+07:00,c12_sim,52,9.127,32.199,0.000,0.000,0.018,41.344
2026-09-02T08:31:38.885395+07:00,c12_sim,53,11.455,28.090,0.000,0.000,0.009,39.553
2026-09-02T08:31:39.072902+07:00,c12_sim,54,9.038,30.830,0.000,0.000,0.006,39.874
2026-09-02T08:31:39.277551+07:00,c12_sim,55,7.570,31.151,0.000,0.000,0.020,38.742
2026-09-02T08:31:39.471599+07:00,c12_sim,56,8.929,30.105,0.000,0.000,0.010,39.044
2026-09-02T08:31:39.689655+07:00,c12_sim,57,11.370,30.138,0.000,0.000,0.293,41.801
2026-09-02T08:31:39.877641+07:00,c12_sim,58,8.876,32.097,0.000,0.000,0.020,40.993
2026-09-02T08:31:40.092962+07:00,c12_sim,59,8.214,32.346,0.000,0.000,0.011,40.571
2026-09-02T08:31:40.287577+07:00,c12_sim,60,11.307,32.224,0.000,0.000,0.011,43.542
2026-09-02T08:31:40.472778+07:00,c12_sim,61,12.055,29.100,0.000,0.000,0.005,41.160
2026-09-02T08:31:40.698379+07:00,c10_sim,154,8.616,30.312,14.451,0.000,0.009,53.388
2026-09-02T08:31:40.916690+07:00,c10_sim,155,9.097,34.543,14.626,0.004,0.264,58.534
2026-09-02T08:31:41.138696+07:00,c10_sim,156,27.924,30.481,18.673,0.004,0.130,77.212
2026-09-02T08:31:41.327075+07:00,c10_sim,157,11.162,34.874,16.456,0.003,0.012,62.506
2026-09-02T08:31:41.540593+07:00,c10_sim,158,9.192,33.703,16.274,26.929,0.093,86.190
2026-09-02T08:31:41.740551+07:00,c10_sim,159,9.712,35.764,15.782,27.338,0.018,88.614
2026-09-02T08:31:41.940129+07:00,c10_sim,160,7.099,32.537,14.924,28.779,0.016,83.354
2026-09-02T08:31:42.124380+07:00,c10_sim,161,8.353,34.001,13.951,26.710,0.013,83.027
2026-09-02T08:31:42.324366+07:00,c10_sim,162,9.689,30.298,12.646,26.990,0.013,79.636
2026-09-02T08:31:42.558947+07:00,c10_sim,163,8.755,34.456,18.813,29.211,0.235,91.471
2026-09-02T08:31:42.715169+07:00,c10_sim,164,9.731,27.278,14.344,25.237,0.023,76.613
2026-09-02T08:31:42.942445+07:00,c10_sim,165,9.352,34.313,18.503,23.860,0.010,86.039
2026-09-02T08:31:43.138278+07:00,c10_sim,166,9.602,33.987,14.408,28.936,0.015,86.947
2026-09-02T08:31:43.344803+07:00,c10_sim,167,10.356,35.199,19.461,19.715,0.012,84.742
2026-09-02T08:31:43.502495+07:00,c10_sim,168,11.194,20.146,16.917,12.333,0.009,60.600
2026-09-02T08:31:43.740643+07:00,c10_sim,169,8.937,34.506,15.996,27.326,0.013,86.778
2026-09-02T08:31:43.907889+07:00,c10_sim,170,4.760,27.419,8.800,24.008,0.012,64.999
2026-09-02T08:31:44.128404+07:00,c10_sim,171,11.152,31.157,13.008,19.328,0.012,74.657
2026-09-02T08:31:44.326199+07:00,c10_sim,172,9.181,32.400,14.558,22.801,0.013,78.955
2026-09-02T08:31:44.540510+07:00,c10_sim,173,11.274,30.570,13.989,28.300,0.017,84.150
2026-09-02T08:31:44.724332+07:00,c10_sim,174,9.530,30.804,13.559,26.520,0.018,80.431
2026-09-02T08:31:44.926468+07:00,c10_sim,175,7.599,32.763,14.788,22.449,0.018,77.618
2026-09-02T08:31:45.098193+07:00,c10_sim,176,9.100,18.650,13.538,13.117,0.018,54.423
2026-09-02T08:31:45.298266+07:00,c11_sim,653,8.295,31.750,0.000,0.000,0.011,40.056
2026-09-02T08:31:45.491826+07:00,c11_sim,654,9.979,30.801,0.000,0.000,0.011,40.791
2026-09-02T08:31:45.719816+07:00,c11_sim,655,10.834,34.016,19.907,0.000,0.006,64.763
2026-09-02T08:31:45.927388+07:00,c11_sim,656,9.846,35.820,17.301,0.004,0.230,63.202
2026-09-02T08:31:46.154930+07:00,c11_sim,657,8.537,32.484,14.803,29.080,0.126,85.030
2026-09-02T08:31:46.291028+07:00,c11_sim,658,7.873,27.169,0.000,0.000,0.027,35.068
2026-09-02T08:31:46.539417+07:00,c11_sim,659,9.982,33.829,18.413,29.253,0.083,91.561
2026-09-02T08:31:46.771527+07:00,c11_sim,660,11.404,34.892,17.997,28.922,0.014,93.228
2026-09-02T08:31:46.960363+07:00,c11_sim,661,10.401,35.451,18.541,21.149,0.094,85.636
2026-09-02T08:31:47.142389+07:00,c11_sim,662,8.605,34.315,15.851,23.744,0.052,82.567
2026-09-02T08:31:47.318879+07:00,c11_sim,663,9.222,19.921,16.580,12.874,0.048,58.645
2026-09-02T08:31:47.527123+07:00,c11_sim,664,9.422,33.650,16.132,20.997,0.012,80.213
2026-09-02T08:31:47.759591+07:00,c11_sim,665,10.377,35.014,17.183,22.361,0.012,84.947
2026-09-02T08:31:47.890627+07:00,c11_sim,666,8.067,29.775,0.000,0.000,0.014,37.856
2026-09-02T08:31:48.127597+07:00,c11_sim,667,9.720,35.111,15.940,20.518,0.013,81.302
2026-09-02T08:31:48.373450+07:00,c11_sim,668,12.055,36.803,19.444,29.119,0.019,97.441
2026-09-02T08:31:48.485327+07:00,c11_sim,669,8.601,25.027,0.000,0.000,0.014,33.641
2026-09-02T08:31:48.757177+07:00,c11_sim,670,9.909,34.442,17.332,26.996,0.011,88.689
2026-09-02T08:31:48.941559+07:00,c11_sim,671,11.654,33.630,16.700,25.472,0.011,87.468
2026-09-02T08:31:49.158261+07:00,c11_sim,672,9.261,33.682,16.976,25.158,0.013,85.090
2026-09-02T08:31:49.339725+07:00,c11_sim,673,8.120,34.087,17.108,27.210,0.013,86.539
2026-09-02T08:31:49.511573+07:00,c11_sim,674,10.310,34.252,0.000,0.000,0.019,44.581
2026-09-02T08:31:49.706842+07:00,c11_sim,675,10.244,30.855,0.000,0.000,0.020,41.119
2026-09-02T08:31:49.943517+07:00,c11_sim,676,7.344,33.657,18.327,19.582,0.015,78.924
2026-09-02T08:31:50.158169+07:00,c11_sim,677,11.246,35.048,17.814,24.886,0.013,89.007
2026-09-02T08:31:50.358967+07:00,c11_sim,678,10.405,34.509,15.448,23.818,0.019,84.199
2026-09-02T08:31:50.543722+07:00,c11_sim,679,8.635,34.371,18.017,20.468,0.018,81.509
2026-09-02T08:31:50.702724+07:00,c11_sim,680,8.672,29.994,0.000,0.000,0.009,38.676
2026-09-02T08:31:50.961467+07:00,c11_sim,681,8.105,35.139,18.067,18.995,0.016,80.321
2026-09-02T08:31:51.157564+07:00,c11_sim,682,7.995,33.980,15.644,26.029,0.017,83.666
2026-09-02T08:31:51.340793+07:00,c11_sim,683,11.026,34.753,16.149,25.760,0.015,87.703
2026-09-02T08:31:51.543823+07:00,c11_sim,684,9.337,34.796,18.238,20.349,0.016,82.735
2026-09-02T08:31:51.759038+07:00,c11_sim,685,10.538,35.488,18.362,23.505,0.015,87.907
2026-09-02T08:31:51.960556+07:00,c11_sim,686,10.469,36.174,16.352,20.159,0.014,83.166
2026-09-02T08:31:52.141084+07:00,c11_sim,687,8.128,33.917,14.159,25.674,0.018,81.897
2026-09-02T08:31:52.333330+07:00,c11_sim,688,8.696,34.173,18.463,0.003,0.013,61.349
2026-09-02T08:31:52.528057+07:00,c11_sim,689,8.164,35.535,17.841,0.002,0.010,61.553
2026-09-02T08:31:52.720580+07:00,c11_sim,690,10.702,31.550,12.912,0.006,0.020,55.190
2026-09-02T08:31:52.937157+07:00,c11_sim,691,10.554,35.874,17.264,0.002,0.010,63.704
2026-09-02T08:31:53.134605+07:00,c11_sim,692,9.532,34.892,16.171,0.004,0.016,60.615
2026-09-02T08:31:53.357997+07:00,c11_sim,693,9.724,34.822,16.267,25.389,0.020,86.222
2026-09-02T08:31:53.541320+07:00,c11_sim,694,8.834,34.306,17.978,25.198,0.016,86.333
2026-09-02T08:31:53.717998+07:00,c11_sim,695,9.508,32.454,0.000,0.000,0.008,41.970
2026-09-02T08:31:53.912837+07:00,c11_sim,696,10.064,33.843,0.000,0.000,0.020,43.927
2026-09-02T08:31:54.107592+07:00,c11_sim,697,9.706,31.531,0.000,0.000,0.014,41.250
2026-09-02T08:31:54.295792+07:00,c11_sim,698,9.312,31.392,0.000,0.000,0.022,40.726
2026-09-02T08:31:54.503813+07:00,c11_sim,699,9.365,31.287,0.000,0.000,0.020,40.673
2026-09-02T08:31:54.691294+07:00,c11_sim,700,9.930,29.419,0.000,0.000,0.016,39.365
2026-09-02T08:31:54.889328+07:00,c11_sim,701,8.891,29.049,0.000,0.000,0.012,37.952
2026-09-02T08:31:55.102796+07:00,c11_sim,702,10.692,28.108,0.000,0.000,0.015,38.815
2026-09-02T08:31:55.296736+07:00,c11_sim,703,10.547,31.501,0.000,0.000,0.015,42.063
2026-09-02T08:31:55.483512+07:00,c11_sim,704,11.240,28.829,0.000,0.000,0.013,40.082
2026-09-02T08:31:55.709640+07:00,c11_sim,705,9.568,32.296,0.000,0.000,0.021,41.885
2026-09-02T08:31:55.912891+07:00,c11_sim,706,7.406,30.067,0.000,0.000,0.014,37.487
2026-09-02T08:31:56.111702+07:00,c11_sim,707,9.165,30.139,0.000,0.000,0.009,39.313
2026-09-02T08:31:56.305447+07:00,c11_sim,708,9.131,27.709,0.000,0.000,0.009,36.849
2026-09-02T08:31:56.502807+07:00,c11_sim,709,10.568,31.018,0.000,0.000,0.497,42.083
2026-09-02T08:31:56.715921+07:00,c11_sim,710,10.644,28.334,0.000,0.000,0.022,39.000
2026-09-02T08:31:56.903371+07:00,c11_sim,711,11.347,30.260,0.000,0.000,0.008,41.614
2026-09-02T08:31:57.097470+07:00,c11_sim,712,9.907,30.758,0.000,0.000,0.005,40.671
2026-09-02T08:31:57.288536+07:00,c11_sim,713,8.897,28.447,0.000,0.000,0.005,37.349
2026-09-02T08:31:57.512847+07:00,c11_sim,714,10.435,33.035,0.000,0.000,0.009,43.479
2026-09-02T08:31:57.697322+07:00,c11_sim,715,9.614,28.028,0.000,0.000,0.004,37.646
2026-09-02T08:31:57.888770+07:00,c11_sim,716,10.331,27.912,0.000,0.000,0.004,38.246
2026-09-02T08:31:58.117958+07:00,c11_sim,717,9.697,32.400,0.000,0.000,0.011,42.108
2026-09-02T08:31:58.310270+07:00,c11_sim,718,9.337,32.502,0.000,0.000,0.013,41.853
2026-09-02T08:31:58.500174+07:00,c9_sim,344,7.073,30.599,0.000,0.000,0.012,37.683
2026-09-02T08:31:58.689251+07:00,c9_sim,345,8.721,27.948,0.000,0.000,0.008,36.676
2026-09-02T08:31:58.920512+07:00,c9_sim,346,7.858,30.667,0.000,0.000,0.007,38.532
2026-09-02T08:31:59.111720+07:00,c9_sim,347,7.487,26.995,0.000,0.000,0.012,34.494
2026-09-02T08:31:59.293300+07:00,c9_sim,348,3.171,15.954,0.000,0.000,0.004,19.129
2026-09-02T08:31:59.509965+07:00,c9_sim,349,2.876,26.724,0.000,0.000,0.011,29.612
2026-09-02T08:31:59.706146+07:00,c9_sim,350,6.870,31.163,0.000,0.000,0.018,38.051
2026-09-02T08:31:59.916829+07:00,c9_sim,351,9.051,29.162,0.000,0.000,0.012,38.225
2026-09-02T08:32:00.103513+07:00,c9_sim,352,6.509,32.146,0.000,0.000,0.018,38.673
2026-09-02T08:32:00.302220+07:00,c9_sim,353,8.310,30.842,0.000,0.000,0.020,39.172
2026-09-02T08:32:00.512739+07:00,c9_sim,354,8.979,31.204,0.000,0.000,0.020,40.204
2026-09-02T08:32:00.701329+07:00,c9_sim,355,5.786,28.422,0.000,0.000,0.495,34.703
2026-09-02T08:32:00.908333+07:00,c9_sim,356,8.273,32.182,0.000,0.000,0.039,40.493
2026-09-02T08:32:01.110763+07:00,c9_sim,357,7.624,32.044,0.000,0.000,0.010,39.678
2026-09-02T08:32:01.300118+07:00,c9_sim,358,8.358,31.382,0.000,0.000,0.013,39.753
2026-09-02T08:32:01.506938+07:00,c9_sim,359,8.458,31.586,0.000,0.000,0.010,40.054
2026-09-02T08:32:01.728018+07:00,c9_sim,360,8.899,31.717,0.000,0.000,0.010,40.626
2026-09-02T08:32:01.929067+07:00,c9_sim,361,9.341,31.865,0.000,0.000,0.010,41.217
2026-09-02T08:32:02.108405+07:00,c9_sim,362,8.034,32.258,0.000,0.000,0.010,40.302
2026-09-02T08:32:02.314350+07:00,c9_sim,363,9.519,32.144,0.000,0.000,0.010,41.673
2026-09-02T08:32:02.506072+07:00,c9_sim,364,7.504,29.993,0.000,0.000,0.007,37.504
2026-09-02T08:32:02.714536+07:00,c9_sim,365,8.618,30.488,0.000,0.000,0.006,39.112
2026-09-02T08:32:02.907356+07:00,c9_sim,366,8.986,30.463,0.000,0.000,0.005,39.454
2026-09-02T08:32:03.095383+07:00,c9_sim,367,9.154,31.673,0.000,0.000,0.008,40.835
2026-09-02T08:32:03.343347+07:00,c9_sim,368,8.445,36.568,20.477,0.000,0.009,65.500
2026-09-02T08:32:03.516579+07:00,c9_sim,369,7.551,27.808,0.000,0.000,0.012,35.372
2026-09-02T08:32:03.719363+07:00,c9_sim,370,8.130,32.582,0.000,0.000,0.010,40.722
2026-09-02T08:32:03.899603+07:00,c9_sim,371,8.869,31.536,0.000,0.000,0.011,40.416
2026-09-02T08:32:04.117799+07:00,c9_sim,372,7.261,33.045,0.000,0.000,0.010,40.316
2026-09-02T08:32:04.305335+07:00,c9_sim,373,8.385,28.577,0.000,0.000,0.007,36.968
2026-09-02T08:32:04.499743+07:00,c9_sim,374,8.004,30.862,0.000,0.000,0.009,38.875
2026-09-02T08:32:04.760374+07:00,c9_sim,375,8.234,34.612,19.101,19.443,0.046,81.436
2026-09-02T08:32:04.897104+07:00,c9_sim,376,6.848,31.245,0.000,0.000,0.017,38.109
2026-09-02T08:32:05.144043+07:00,c9_sim,377,8.195,31.784,13.713,19.218,0.035,72.945
2026-09-02T08:32:05.358165+07:00,c9_sim,378,8.310,34.475,17.993,23.380,0.050,84.209
2026-09-02T08:32:05.514172+07:00,c9_sim,379,9.027,18.098,14.259,12.948,0.012,54.344
2026-09-02T08:32:05.758500+07:00,c9_sim,380,9.675,35.775,17.252,23.306,0.032,86.040
2026-09-02T08:32:05.941934+07:00,c9_sim,381,8.665,34.318,16.818,23.080,0.011,82.892
2026-09-02T08:32:06.142389+07:00,c9_sim,382,5.264,30.896,10.841,18.615,0.012,65.628
2026-09-02T08:32:06.336494+07:00,c9_sim,383,5.038,28.620,8.247,24.893,0.011,66.809
2026-09-02T08:32:06.540060+07:00,c9_sim,384,8.139,27.405,12.840,21.777,0.012,70.174
2026-09-02T08:32:06.739078+07:00,c9_sim,385,8.305,31.890,16.259,27.768,0.015,84.237
2026-09-02T08:32:06.957118+07:00,c9_sim,386,7.760,34.377,19.212,26.077,0.012,87.438
2026-09-02T08:32:07.141942+07:00,c9_sim,387,6.794,34.493,14.750,23.422,0.013,79.472
2026-09-02T08:32:07.357436+07:00,c9_sim,388,7.848,34.515,18.969,24.857,0.015,86.204
2026-09-02T08:32:07.556922+07:00,c9_sim,389,8.508,34.635,17.421,26.131,0.013,86.708
2026-09-02T08:32:07.740255+07:00,c9_sim,390,8.861,32.776,14.513,26.111,0.039,82.301
2026-09-02T08:32:07.957329+07:00,c9_sim,391,8.012,34.127,17.838,28.351,0.014,88.342
2026-09-02T08:32:08.154646+07:00,c9_sim,392,7.136,35.603,17.693,28.667,0.048,89.148
2026-09-02T08:32:08.343855+07:00,c9_sim,393,9.276,32.469,10.313,17.801,0.032,69.892
2026-09-02T08:32:08.543164+07:00,c9_sim,394,6.125,34.564,16.010,20.572,0.042,77.313
2026-09-02T08:32:08.725552+07:00,c9_sim,395,5.902,30.452,13.263,21.822,0.018,71.456
2026-09-02T08:32:08.959808+07:00,c9_sim,396,8.901,31.586,14.174,17.411,0.016,72.089
2026-09-02T08:32:09.128196+07:00,c9_sim,397,7.844,31.652,13.010,14.751,0.057,67.314
2026-09-02T08:32:09.353568+07:00,c9_sim,398,9.169,35.776,15.064,27.081,0.014,87.104
2026-09-02T08:32:09.532059+07:00,c9_sim,399,9.252,23.504,12.969,11.397,0.010,57.133
2026-09-02T08:32:09.742291+07:00,c9_sim,400,7.094,33.589,16.248,18.637,0.013,75.581
2026-09-02T08:32:09.941414+07:00,c9_sim,401,9.204,34.970,14.858,23.893,0.050,82.975
2026-09-02T08:32:10.159427+07:00,c9_sim,402,9.215,36.373,15.495,21.159,0.016,82.258
2026-09-02T08:32:10.342061+07:00,c9_sim,403,8.658,34.914,17.502,21.930,0.016,83.020
2026-09-02T08:32:10.558875+07:00,c9_sim,404,8.803,34.543,18.869,22.479,0.018,84.712
2026-09-02T08:32:10.756771+07:00,c9_sim,405,8.853,33.927,17.650,28.644,0.020,89.095
2026-09-02T08:32:10.942927+07:00,c9_sim,406,8.060,34.452,18.736,20.796,0.014,82.058
2026-09-02T08:32:11.155916+07:00,c9_sim,407,8.317,34.617,17.477,27.987,0.017,88.414
2026-09-02T08:32:11.315900+07:00,c9_sim,408,8.334,19.265,14.873,13.129,0.016,55.616
2026-09-02T08:32:11.572913+07:00,c9_sim,409,8.860,34.939,20.757,26.964,0.016,91.537
2026-09-02T08:32:11.757249+07:00,c9_sim,410,8.300,34.273,20.071,25.443,0.013,88.101
2026-09-02T08:32:11.957465+07:00,c9_sim,411,8.587,35.426,18.255,25.116,0.015,87.400
2026-09-02T08:32:12.104994+07:00,c9_sim,412,7.242,31.720,0.000,0.000,0.019,38.981
2026-09-02T08:32:12.291578+07:00,c9_sim,413,8.525,29.694,0.000,0.000,0.015,38.234
2026-09-02T08:32:12.513246+07:00,c8_sim,189,7.934,31.343,0.000,0.000,0.010,39.288
2026-09-02T08:32:12.725606+07:00,c8_sim,190,12.025,32.939,0.000,0.000,0.012,44.976
2026-09-02T08:32:12.933541+07:00,c8_sim,191,11.145,31.692,0.000,0.000,0.007,42.843
2026-09-02T08:32:13.121136+07:00,c8_sim,192,10.338,31.661,0.000,0.000,0.011,42.011
2026-09-02T08:32:13.329561+07:00,c8_sim,193,10.523,29.007,0.000,0.000,0.007,39.537
2026-09-02T08:32:13.537257+07:00,c8_sim,194,10.744,28.669,0.000,0.000,0.006,39.419
2026-09-02T08:32:13.729204+07:00,c8_sim,195,11.748,33.636,0.000,0.000,0.010,45.395
2026-09-02T08:32:13.917154+07:00,c8_sim,196,10.551,31.123,0.000,0.000,0.007,41.681
2026-09-02T08:32:14.118863+07:00,c8_sim,197,9.579,30.214,0.000,0.000,0.007,39.800
2026-09-02T08:32:14.326662+07:00,c8_sim,198,10.427,28.732,0.000,0.000,0.007,39.166
2026-09-02T08:32:14.515822+07:00,c8_sim,199,10.524,30.697,0.000,0.000,0.010,41.231
2026-09-02T08:32:14.737568+07:00,c8_sim,200,10.091,32.780,0.000,0.000,0.012,42.883
2026-09-02T08:32:14.920544+07:00,c8_sim,201,9.993,30.886,0.000,0.000,0.010,40.889
2026-09-02T08:32:15.145039+07:00,c8_sim,202,8.871,35.326,16.852,0.000,0.006,61.056
2026-09-02T08:32:15.371300+07:00,c8_sim,203,10.132,35.109,17.978,28.797,0.112,92.128
2026-09-02T08:32:15.543964+07:00,c8_sim,204,10.558,34.301,19.499,0.004,0.205,64.567
2026-09-02T08:32:15.748541+07:00,c8_sim,205,10.037,34.736,15.959,0.003,0.010,60.747
2026-09-02T08:32:15.933159+07:00,c8_sim,206,10.143,31.538,13.913,0.004,0.015,55.612
2026-09-02T08:32:16.157630+07:00,c8_sim,207,9.942,35.267,17.635,0.003,0.010,62.857
2026-09-02T08:32:16.347616+07:00,c8_sim,208,12.629,19.735,13.858,13.250,0.012,59.485
2026-09-02T08:32:16.556040+07:00,c8_sim,209,10.464,31.086,14.070,28.884,0.020,84.523
2026-09-02T08:32:16.704802+07:00,c8_sim,210,10.257,29.485,0.000,0.000,0.011,39.753
2026-09-02T08:32:16.912520+07:00,c8_sim,211,9.170,29.194,0.000,0.000,0.008,38.373
2026-09-02T08:32:17.136374+07:00,c8_sim,212,10.031,33.303,0.000,0.000,0.019,43.353
2026-09-02T08:32:17.359086+07:00,c8_sim,213,10.747,35.203,19.274,0.000,0.008,65.232
2026-09-02T08:32:17.535684+07:00,c8_sim,214,10.710,31.989,0.000,0.000,0.022,42.721
2026-09-02T08:32:17.754969+07:00,c8_sim,215,10.679,34.455,19.058,0.000,0.013,64.205
2026-09-02T08:32:17.937527+07:00,c8_sim,216,8.391,34.093,11.817,0.002,0.038,54.342
2026-09-02T08:32:18.174403+07:00,c8_sim,217,8.749,36.316,16.419,23.909,0.051,85.444
2026-09-02T08:32:18.371539+07:00,c8_sim,218,8.757,35.307,16.001,29.613,0.079,89.757
2026-09-02T08:32:18.556405+07:00,c8_sim,219,9.308,33.166,14.914,26.115,0.016,83.518
2026-09-02T08:32:18.772707+07:00,c8_sim,220,7.507,32.228,14.714,27.590,0.015,82.054
2026-09-02T08:32:18.989605+07:00,c8_sim,221,12.080,34.456,18.536,28.383,0.015,93.469
2026-09-02T08:32:19.123603+07:00,c8_sim,222,8.805,30.963,0.000,0.000,0.022,39.789
2026-09-02T08:32:19.374834+07:00,c8_sim,223,9.613,33.966,16.350,23.902,0.015,83.845
2026-09-02T08:32:19.518126+07:00,c8_sim,224,11.215,28.708,0.000,0.000,0.376,40.299
2026-09-02T08:32:19.732541+07:00,c8_sim,225,11.298,31.754,0.000,0.000,0.025,43.078
2026-09-02T08:32:19.917575+07:00,c8_sim,226,9.535,28.510,0.000,0.000,0.011,38.056
2026-09-02T08:32:20.130917+07:00,c8_sim,227,11.857,32.821,0.000,0.000,0.019,44.698
2026-09-02T08:32:20.326617+07:00,c8_sim,228,10.381,32.119,0.000,0.000,0.019,42.520
2026-09-02T08:32:20.545547+07:00,c8_sim,229,11.965,32.674,0.000,0.000,0.021,44.660
2026-09-02T08:32:20.730191+07:00,c8_sim,230,9.723,31.418,0.000,0.000,0.019,41.159
2026-09-02T08:32:20.911757+07:00,c8_sim,231,8.551,29.976,0.000,0.000,0.009,38.537
2026-09-02T08:32:21.137189+07:00,c8_sim,232,7.769,32.239,0.000,0.000,0.014,40.022
2026-09-02T08:32:21.332778+07:00,c8_sim,233,10.507,33.088,0.000,0.000,0.019,43.614
2026-09-02T08:32:21.515626+07:00,c8_sim,234,7.374,14.414,0.000,0.000,0.008,21.796
2026-09-02T08:32:21.716847+07:00,c8_sim,235,9.915,29.827,0.000,0.000,0.019,39.761
2026-09-02T08:32:21.924642+07:00,c8_sim,236,10.049,32.267,0.000,0.000,0.023,42.339
2026-09-02T08:32:22.121081+07:00,c8_sim,237,9.491,29.788,0.000,0.000,0.011,39.291
2026-09-02T08:32:22.327066+07:00,c8_sim,238,10.417,30.285,0.000,0.000,0.347,41.049
2026-09-02T08:32:22.517340+07:00,c8_sim,239,10.598,30.993,0.000,0.000,0.010,41.601
2026-09-02T08:32:22.741750+07:00,c8_sim,240,10.467,32.279,0.000,0.000,0.009,42.755
2026-09-02T08:32:22.929517+07:00,c8_sim,241,9.322,24.930,0.000,0.000,0.008,34.261
2026-09-02T08:32:23.125570+07:00,c8_sim,242,10.017,31.243,0.000,0.000,0.011,41.272
2026-09-02T08:32:23.320440+07:00,c8_sim,243,12.316,28.920,0.000,0.000,0.007,41.244
2026-09-02T08:32:23.538119+07:00,c8_sim,244,10.414,29.280,0.000,0.000,0.007,39.701
2026-09-02T08:32:23.727448+07:00,c8_sim,245,10.336,31.346,0.000,0.000,0.013,41.696
2026-09-02T08:32:23.908831+07:00,c8_sim,246,10.395,30.455,0.000,0.000,0.008,40.858
2026-09-02T08:32:24.122882+07:00,c10_sim,177,8.286,31.074,0.000,0.000,0.020,39.379
2026-09-02T08:32:24.311299+07:00,c10_sim,178,10.034,27.900,0.000,0.000,0.011,37.946
2026-09-02T08:32:24.522933+07:00,c10_sim,179,10.425,31.153,0.000,0.000,0.018,41.596
2026-09-02T08:32:24.718126+07:00,c10_sim,180,10.230,31.292,0.000,0.000,0.020,41.542
2026-09-02T08:32:24.934691+07:00,c10_sim,181,7.082,32.024,0.000,0.000,0.022,39.128
2026-09-02T08:32:25.125265+07:00,c10_sim,182,10.019,31.133,0.000,0.000,0.019,41.172
2026-09-02T08:32:25.338672+07:00,c10_sim,183,8.805,30.873,0.000,0.000,0.021,39.699
2026-09-02T08:32:25.540418+07:00,c10_sim,184,8.772,28.898,0.000,0.000,0.015,37.685
2026-09-02T08:32:25.743539+07:00,c10_sim,185,10.063,21.064,21.463,0.000,0.008,52.598
2026-09-02T08:32:25.955706+07:00,c10_sim,186,9.984,34.846,17.638,0.000,0.007,62.476
2026-09-02T08:32:26.160979+07:00,c10_sim,187,9.765,32.886,13.749,0.004,0.166,56.569
2026-09-02T08:32:26.389094+07:00,c10_sim,188,10.164,35.012,19.956,27.905,0.102,93.138
2026-09-02T08:32:26.575001+07:00,c10_sim,189,8.497,34.157,20.395,22.794,0.059,85.901
2026-09-02T08:32:26.757607+07:00,c10_sim,190,10.592,30.457,14.608,23.846,0.013,79.517
2026-09-02T08:32:26.973495+07:00,c10_sim,191,7.452,33.481,16.266,26.096,0.254,83.550
2026-09-02T08:32:27.156588+07:00,c10_sim,192,7.716,31.380,13.706,25.329,0.089,78.220
2026-09-02T08:32:27.389224+07:00,c10_sim,193,8.442,34.127,16.286,27.578,0.014,86.447
2026-09-02T08:32:27.572368+07:00,c10_sim,194,8.571,34.109,17.514,27.555,0.013,87.762
2026-09-02T08:32:27.757668+07:00,c10_sim,195,10.246,33.724,15.435,24.079,0.011,83.495
2026-09-02T08:32:27.953378+07:00,c10_sim,196,6.407,31.171,14.045,28.996,0.015,80.634
2026-09-02T08:32:28.159017+07:00,c10_sim,197,10.285,34.536,17.616,21.257,0.013,83.707
2026-09-02T08:32:28.375230+07:00,c10_sim,198,8.740,36.378,17.800,21.571,0.043,84.533
2026-09-02T08:32:28.559475+07:00,c10_sim,199,9.201,34.768,16.133,19.859,0.011,79.971
2026-09-02T08:32:28.759749+07:00,c10_sim,200,10.046,30.985,13.799,19.734,0.011,74.577
2026-09-02T08:32:28.975119+07:00,c10_sim,201,8.260,34.700,15.575,21.880,0.012,80.426
2026-09-02T08:32:29.158184+07:00,c10_sim,202,7.913,33.860,16.620,22.454,0.012,80.858
2026-09-02T08:32:29.358151+07:00,c10_sim,203,8.917,29.630,10.140,20.681,0.009,69.377
2026-09-02T08:32:29.543347+07:00,c10_sim,204,7.071,30.049,14.917,19.023,0.016,71.076
2026-09-02T08:32:29.771464+07:00,c10_sim,205,10.598,34.800,16.453,28.773,0.018,90.643
2026-09-02T08:32:29.975646+07:00,c10_sim,206,6.883,33.247,15.418,21.223,0.019,76.790
2026-09-02T08:32:30.175946+07:00,c10_sim,207,6.871,33.156,15.248,20.138,0.017,75.431
2026-09-02T08:32:30.359317+07:00,c10_sim,208,9.914,34.283,15.853,20.286,0.014,80.350
2026-09-02T08:32:30.525715+07:00,c10_sim,209,9.357,29.044,0.000,0.000,0.010,38.411
2026-09-02T08:32:30.772225+07:00,c10_sim,210,9.216,33.571,15.580,28.751,0.026,87.144
2026-09-02T08:32:30.918116+07:00,c10_sim,211,7.943,30.996,0.000,0.000,0.019,38.958
2026-09-02T08:32:31.122000+07:00,c10_sim,212,7.397,26.947,0.000,0.000,0.019,34.362
2026-09-02T08:32:31.326879+07:00,c10_sim,213,8.452,30.292,0.000,0.000,0.014,38.758
2026-09-02T08:32:31.588661+07:00,c10_sim,214,9.043,34.143,19.860,27.347,0.018,90.411
2026-09-02T08:32:31.732215+07:00,c10_sim,215,10.774,29.873,0.000,0.000,0.009,40.657
2026-09-02T08:32:31.919555+07:00,c10_sim,216,9.626,30.552,0.000,0.000,0.007,40.185
2026-09-02T08:32:32.128695+07:00,c10_sim,217,10.905,31.095,0.000,0.000,0.018,42.017
2026-09-02T08:32:32.314384+07:00,c10_sim,218,8.561,28.957,0.000,0.000,0.008,37.527
2026-09-02T08:32:32.534364+07:00,c10_sim,219,11.496,27.592,0.000,0.000,0.007,39.094
2026-09-02T08:32:32.736705+07:00,c10_sim,220,9.068,30.843,0.000,0.000,0.019,39.931
2026-09-02T08:32:32.928942+07:00,c10_sim,221,8.992,31.819,0.000,0.000,0.019,40.830
2026-09-02T08:32:33.136380+07:00,c10_sim,222,8.286,32.682,0.000,0.000,0.028,40.997
2026-09-02T08:32:33.318254+07:00,c10_sim,223,9.050,30.482,0.000,0.000,0.010,39.543
2026-09-02T08:32:33.537244+07:00,c10_sim,224,9.656,32.267,0.000,0.000,0.006,41.928
2026-09-02T08:32:33.746054+07:00,c10_sim,225,10.545,33.257,0.000,0.000,0.019,43.821
2026-09-02T08:32:33.933691+07:00,c10_sim,226,7.571,31.605,0.000,0.000,0.017,39.193
2026-09-02T08:32:34.129837+07:00,c11_sim,719,7.677,32.924,0.000,0.000,0.015,40.615
2026-09-02T08:32:34.326861+07:00,c11_sim,720,6.008,27.327,12.298,0.000,0.003,45.636
2026-09-02T08:32:34.571811+07:00,c11_sim,721,8.652,32.055,14.702,28.012,0.074,83.494
2026-09-02T08:32:34.759238+07:00,c11_sim,722,9.951,34.384,17.244,20.475,0.058,82.111
2026-09-02T08:32:34.975956+07:00,c11_sim,723,7.575,34.966,15.452,20.174,0.013,78.180
2026-09-02T08:32:35.160325+07:00,c11_sim,724,8.743,34.487,14.964,18.564,0.014,76.772
2026-09-02T08:32:35.371387+07:00,c11_sim,725,9.454,34.459,15.743,29.010,0.013,88.679
2026-09-02T08:32:35.588351+07:00,c11_sim,726,9.482,34.023,17.013,28.952,0.110,89.580
2026-09-02T08:32:35.789015+07:00,c11_sim,727,10.356,35.428,18.618,28.814,0.015,93.231
2026-09-02T08:32:35.974290+07:00,c11_sim,728,6.865,33.037,14.670,23.333,0.013,77.918
2026-09-02T08:32:36.159252+07:00,c11_sim,729,7.538,32.693,14.143,20.489,0.014,74.878
2026-09-02T08:32:36.374061+07:00,c11_sim,730,9.642,34.453,16.821,24.137,0.076,85.129
2026-09-02T08:32:36.557633+07:00,c11_sim,731,9.432,33.299,15.369,23.740,0.012,81.852
2026-09-02T08:32:36.764210+07:00,c11_sim,732,9.514,33.976,17.450,12.444,0.055,73.440
2026-09-02T08:32:36.987146+07:00,c11_sim,733,8.615,34.709,19.138,28.849,0.071,91.383
2026-09-02T08:32:37.172071+07:00,c11_sim,734,11.179,30.937,13.640,28.348,0.023,84.129
2026-09-02T08:32:37.388470+07:00,c11_sim,735,9.326,35.209,17.135,28.034,0.012,89.715
2026-09-02T08:32:37.588886+07:00,c11_sim,736,9.074,35.041,18.531,27.040,0.012,89.698
2026-09-02T08:32:37.750560+07:00,c11_sim,737,11.216,20.018,16.805,12.470,0.017,60.525
2026-09-02T08:32:37.958103+07:00,c11_sim,738,9.746,34.757,16.447,22.384,0.016,83.350
2026-09-02T08:32:38.170621+07:00,c11_sim,739,10.041,30.402,13.204,28.334,0.025,82.006
2026-09-02T08:32:38.391319+07:00,c11_sim,740,10.926,35.972,18.709,22.187,0.015,87.810
2026-09-02T08:32:38.589935+07:00,c11_sim,741,9.639,35.371,18.446,25.105,0.017,88.577
2026-09-02T08:32:38.771195+07:00,c11_sim,742,10.716,33.665,16.210,28.398,0.018,89.008
2026-09-02T08:32:38.975760+07:00,c11_sim,743,9.708,34.845,17.716,20.250,0.015,82.535
2026-09-02T08:32:39.172704+07:00,c11_sim,744,8.843,30.394,12.639,24.820,0.020,76.715
2026-09-02T08:32:39.388455+07:00,c11_sim,745,8.962,34.530,18.812,26.969,0.019,89.291
2026-09-02T08:32:39.589265+07:00,c11_sim,746,9.725,33.989,15.342,26.696,0.018,85.769
2026-09-02T08:32:39.773182+07:00,c11_sim,747,12.028,33.716,15.457,24.728,0.016,85.944
2026-09-02T08:32:39.959593+07:00,c11_sim,748,6.653,29.393,20.755,18.234,0.022,75.058
2026-09-02T08:32:40.171588+07:00,c11_sim,749,6.851,32.386,14.025,28.747,0.040,82.048
2026-09-02T08:32:40.391401+07:00,c11_sim,750,9.791,34.505,19.461,22.063,0.017,85.837
2026-09-02T08:32:40.588461+07:00,c11_sim,751,7.951,34.381,17.237,28.349,0.018,87.935
2026-09-02T08:32:40.775340+07:00,c11_sim,752,9.675,34.211,15.024,20.950,0.016,79.875
2026-09-02T08:32:40.958168+07:00,c11_sim,753,10.010,34.868,14.852,21.740,0.016,81.484
2026-09-02T08:32:41.158220+07:00,c11_sim,754,7.769,32.557,14.263,21.906,0.016,76.511
2026-09-02T08:32:41.360033+07:00,c11_sim,755,10.130,30.581,12.103,17.743,0.013,70.570
2026-09-02T08:32:41.571512+07:00,c11_sim,756,9.630,34.760,15.969,27.969,0.016,88.344
2026-09-02T08:32:41.775492+07:00,c11_sim,757,10.681,30.991,13.614,20.809,0.018,76.113
2026-09-02T08:32:41.959541+07:00,c11_sim,758,8.557,33.980,15.099,19.474,0.014,77.125
2026-09-02T08:32:42.172979+07:00,c11_sim,759,8.143,34.285,15.064,25.106,0.019,82.617
2026-09-02T08:32:42.358200+07:00,c11_sim,760,10.034,33.257,14.385,21.763,0.017,79.456
2026-09-02T08:32:42.591462+07:00,c11_sim,761,10.036,35.367,17.344,21.712,0.017,84.477
2026-09-02T08:32:42.774304+07:00,c11_sim,762,9.376,34.591,17.678,22.626,0.014,84.285
2026-09-02T08:32:42.971069+07:00,c11_sim,763,8.608,32.955,14.097,28.247,0.022,83.928
2026-09-02T08:32:43.188755+07:00,c11_sim,764,9.468,35.714,17.198,26.862,0.018,89.260
2026-09-02T08:32:43.358584+07:00,c11_sim,765,9.103,32.781,14.229,20.994,0.016,77.122
2026-09-02T08:32:43.573752+07:00,c11_sim,766,7.174,30.808,14.500,23.787,0.018,76.287
2026-09-02T08:32:43.790555+07:00,c11_sim,767,9.685,35.348,18.033,23.504,0.015,86.585
2026-09-02T08:32:43.974867+07:00,c11_sim,768,8.756,33.636,15.919,21.355,0.015,79.680
2026-09-02T08:32:44.111890+07:00,c11_sim,769,8.887,30.867,0.000,0.000,0.018,39.772
2026-09-02T08:32:44.358660+07:00,c11_sim,770,10.068,31.073,13.395,20.582,0.018,75.135
2026-09-02T08:32:44.553603+07:00,c11_sim,771,11.316,33.040,0.000,0.000,0.018,44.374
2026-09-02T08:32:44.743952+07:00,c11_sim,772,10.013,29.961,0.000,0.000,0.009,39.983
2026-09-02T08:32:44.973230+07:00,c11_sim,773,9.745,30.640,14.345,25.202,0.018,79.951
2026-09-02T08:32:45.125496+07:00,c11_sim,774,8.366,33.773,0.000,0.000,0.009,42.148
2026-09-02T08:32:45.334659+07:00,c11_sim,775,9.940,28.920,0.000,0.000,0.008,38.868
2026-09-02T08:32:45.526795+07:00,c11_sim,776,9.631,30.803,0.000,0.000,0.007,40.441
2026-09-02T08:32:45.715447+07:00,c11_sim,777,10.067,31.438,0.000,0.000,0.006,41.511
2026-09-02T08:32:45.940212+07:00,c11_sim,778,10.077,32.018,0.000,0.000,0.019,42.114
2026-09-02T08:32:46.129719+07:00,c11_sim,779,8.511,31.077,0.000,0.000,0.021,39.608
2026-09-02T08:32:46.326363+07:00,c11_sim,780,9.202,31.789,0.000,0.000,0.020,41.011
2026-09-02T08:32:46.539903+07:00,c11_sim,781,6.798,34.323,20.489,0.000,0.009,61.620
2026-09-02T08:32:46.604292+07:00,c11_sim,782,5.528,29.092,8.548,26.063,0.037,69.269
2026-09-02T08:32:46.635667+07:00,c11_sim,783,4.929,11.922,7.741,11.088,0.011,35.691
2026-09-02T08:32:46.646641+07:00,c11_sim,784,4.305,10.880,0.000,0.000,0.005,15.191
2026-09-02T08:32:46.688136+07:00,c11_sim,785,4.879,11.375,0.000,0.000,0.004,16.258
2026-09-02T08:32:46.731850+07:00,c11_sim,786,4.529,13.598,0.000,0.000,0.006,18.134
2026-09-02T08:32:46.766526+07:00,c11_sim,787,5.122,13.067,0.000,0.000,0.005,18.194
2026-09-02T08:32:46.821341+07:00,c11_sim,788,5.842,17.552,10.597,0.000,0.160,34.150
2026-09-02T08:32:46.895042+07:00,c11_sim,789,4.578,17.090,8.618,17.286,0.047,47.619
2026-09-02T08:32:46.912202+07:00,c11_sim,790,5.108,17.042,0.000,0.000,0.006,22.156
2026-09-02T08:32:46.962817+07:00,c11_sim,791,4.283,19.201,8.178,22.625,0.047,54.334
2026-09-02T08:32:47.020569+07:00,c11_sim,792,4.213,23.135,8.581,25.309,0.011,61.249
2026-09-02T08:32:47.052364+07:00,c11_sim,793,4.664,12.192,7.754,11.227,0.010,35.847
2026-09-02T08:32:47.084277+07:00,c11_sim,794,4.380,12.261,7.649,11.384,0.011,35.685
2026-09-02T08:32:47.116285+07:00,c11_sim,795,4.264,12.621,6.843,11.904,0.040,35.673
2026-09-02T08:32:47.148886+07:00,c11_sim,796,3.562,13.181,6.359,12.464,0.009,35.575
2026-09-02T08:32:47.181331+07:00,c11_sim,797,3.396,13.144,6.217,12.483,0.013,35.253
2026-09-02T08:32:47.225775+07:00,c11_sim,798,3.507,14.118,0.000,0.000,0.143,17.767
2026-09-02T08:32:47.263587+07:00,c11_sim,799,3.912,14.573,0.000,0.000,0.005,18.491
2026-09-02T08:32:47.303456+07:00,c11_sim,800,4.314,15.784,0.000,0.000,0.005,20.103
2026-09-02T08:32:47.353947+07:00,c11_sim,801,4.704,20.374,0.000,0.000,0.005,25.082
2026-09-02T08:32:47.409010+07:00,c11_sim,802,5.748,24.891,0.000,0.000,0.011,30.650
2026-09-02T08:32:47.433616+07:00,c11_sim,803,6.144,24.423,0.000,0.000,0.012,30.580
2026-09-02T08:32:47.525588+07:00,c11_sim,804,6.246,29.677,11.788,19.429,0.012,67.152
2026-09-02T08:32:47.536585+07:00,c11_sim,805,6.089,10.887,0.000,0.000,0.005,16.981
2026-09-02T08:32:47.568066+07:00,c11_sim,806,4.355,11.843,7.930,11.122,0.009,35.259
2026-09-02T08:32:47.610191+07:00,c11_sim,807,3.779,11.977,0.000,0.000,0.006,15.762
2026-09-02T08:32:47.642622+07:00,c11_sim,808,4.698,12.036,7.854,11.932,0.011,36.531
2026-09-02T08:32:47.709569+07:00,c11_sim,809,4.018,14.556,8.351,13.312,0.047,40.284
2026-09-02T08:32:47.748290+07:00,c11_sim,810,4.354,15.893,7.608,14.587,0.011,42.454
2026-09-02T08:32:47.786172+07:00,c11_sim,811,4.042,15.417,7.273,14.532,0.010,41.275
2026-09-02T08:32:47.826023+07:00,c11_sim,812,3.758,15.873,6.832,16.517,0.040,43.019
2026-09-02T08:32:47.868892+07:00,c11_sim,813,3.637,17.469,6.966,17.794,0.010,45.876
2026-09-02T08:32:47.912268+07:00,c11_sim,814,3.541,17.542,6.809,18.415,0.021,46.327
2026-09-02T08:32:47.959921+07:00,c11_sim,815,3.514,19.058,6.737,21.227,0.017,50.553
2026-09-02T08:32:48.014883+07:00,c11_sim,816,3.503,21.816,7.161,25.366,0.042,57.887
2026-09-02T08:32:48.070363+07:00,c11_sim,817,3.828,24.081,7.674,23.012,0.056,58.651
2026-09-02T08:32:48.118794+07:00,c11_sim,818,3.972,20.029,7.678,20.021,0.017,51.717
2026-09-02T08:32:48.167372+07:00,c11_sim,819,3.985,20.404,7.259,20.192,0.016,51.856
2026-09-02T08:32:48.216829+07:00,c11_sim,820,3.916,20.439,7.466,20.838,0.018,52.677
2026-09-02T08:32:48.268189+07:00,c11_sim,821,3.670,20.614,8.873,21.206,0.019,54.382
2026-09-02T08:32:48.321729+07:00,c11_sim,822,3.682,23.731,7.406,21.231,0.022,56.073
2026-09-02T08:32:48.365514+07:00,c11_sim,823,4.097,17.400,7.368,17.644,0.015,46.525
2026-09-02T08:32:48.407198+07:00,c11_sim,824,3.787,17.433,6.741,16.903,0.014,44.878
2026-09-02T08:32:48.448650+07:00,c11_sim,825,3.708,17.083,6.638,17.191,0.014,44.635
2026-09-02T08:32:48.490329+07:00,c11_sim,826,3.982,17.611,6.559,16.855,0.015,45.022
2026-09-02T08:32:48.531131+07:00,c11_sim,827,3.630,16.675,6.341,17.180,0.013,43.839
2026-09-02T08:32:48.571974+07:00,c11_sim,828,3.651,17.169,6.332,16.688,0.023,43.862
2026-09-02T08:32:48.614678+07:00,c11_sim,829,3.530,17.368,6.676,17.942,0.014,45.530
2026-09-02T08:32:48.657301+07:00,c11_sim,830,3.433,17.864,6.539,17.600,0.017,45.453
2026-09-02T08:32:48.701160+07:00,c11_sim,831,3.597,18.140,6.403,18.631,0.013,46.785
2026-09-02T08:32:48.747553+07:00,c11_sim,832,3.557,19.474,6.542,19.722,0.014,49.309
2026-09-02T08:32:48.795392+07:00,c11_sim,833,3.501,19.061,6.664,21.528,0.018,50.772
2026-09-02T08:32:48.847959+07:00,c11_sim,834,3.546,20.913,7.110,23.887,0.017,55.472
2026-09-02T08:32:48.902091+07:00,c11_sim,835,3.555,21.200,7.446,24.643,0.053,56.897
2026-09-02T08:32:48.957135+07:00,c11_sim,836,3.502,23.322,7.648,23.359,0.053,57.883
2026-09-02T08:32:49.003429+07:00,c11_sim,837,3.748,18.855,7.728,19.052,0.019,49.401
2026-09-02T08:32:49.043137+07:00,c11_sim,838,5.149,16.339,7.634,15.103,0.016,44.241
2026-09-02T08:32:49.082845+07:00,c11_sim,839,3.916,15.933,7.655,15.429,0.018,42.952
2026-09-02T08:32:49.121607+07:00,c11_sim,840,3.893,16.162,7.124,14.793,0.015,41.988
2026-09-02T08:32:49.158102+07:00,c11_sim,841,4.168,15.106,6.772,13.940,0.016,40.002
2026-09-02T08:32:49.193949+07:00,c11_sim,842,4.111,14.411,6.637,14.087,0.059,39.304
2026-09-02T08:32:49.230626+07:00,c11_sim,843,3.819,14.336,6.595,15.143,0.013,39.906
2026-09-02T08:32:49.266481+07:00,c11_sim,844,3.695,14.217,6.236,14.785,0.012,38.945
2026-09-02T08:32:49.302418+07:00,c11_sim,845,3.736,14.622,6.118,14.639,0.015,39.130
2026-09-02T08:32:49.338381+07:00,c11_sim,846,3.354,14.957,5.932,14.510,0.013,38.766
2026-09-02T08:32:49.374389+07:00,c11_sim,847,3.467,14.608,6.150,14.543,0.035,38.803
2026-09-02T08:32:49.411529+07:00,c11_sim,848,3.343,15.547,6.112,14.869,0.039,39.910
2026-09-02T08:32:49.451014+07:00,c11_sim,849,3.203,15.934,6.738,16.211,0.013,42.099
2026-09-02T08:32:49.466659+07:00,c11_sim,850,3.379,15.541,0.000,0.000,0.004,18.924
2026-09-02T08:32:49.482014+07:00,c11_sim,851,3.356,15.283,0.000,0.000,0.004,18.642
2026-09-02T08:32:49.497619+07:00,c11_sim,852,3.346,15.532,0.000,0.000,0.004,18.881
2026-09-02T08:32:49.513324+07:00,c11_sim,853,3.653,15.632,0.000,0.000,0.003,19.288
2026-09-02T08:32:49.583639+07:00,c11_sim,854,4.064,18.139,8.192,18.976,0.024,49.396
2026-09-02T08:32:49.601452+07:00,c11_sim,855,3.992,17.706,0.000,0.000,0.005,21.703
2026-09-02T08:32:49.650906+07:00,c11_sim,856,4.363,19.270,0.000,0.000,0.005,23.638
2026-09-02T08:32:49.702489+07:00,c11_sim,857,4.727,21.438,0.000,0.000,0.007,26.172
2026-09-02T08:32:49.725901+07:00,c11_sim,858,5.209,23.318,0.000,0.000,0.005,28.531
2026-09-02T08:32:49.775114+07:00,c11_sim,859,5.456,25.531,0.000,0.000,0.005,30.992
2026-09-02T08:32:49.873570+07:00,c11_sim,860,6.253,30.106,13.526,23.752,0.017,73.655
2026-09-02T08:32:49.907382+07:00,c11_sim,861,7.334,12.655,8.892,11.508,0.015,40.404
2026-09-02T08:32:49.939390+07:00,c11_sim,862,5.180,12.179,7.411,11.672,0.013,36.456
2026-09-02T08:32:49.970467+07:00,c11_sim,863,4.184,12.122,7.049,11.301,0.012,34.668
2026-09-02T08:32:50.002530+07:00,c11_sim,864,3.897,12.983,6.640,11.838,0.012,35.370
2026-09-02T08:32:50.035624+07:00,c11_sim,865,3.752,13.455,6.415,12.643,0.014,36.280
2026-09-02T08:32:50.069100+07:00,c11_sim,866,3.451,13.847,6.267,12.751,0.017,36.333
2026-09-02T08:32:50.103590+07:00,c11_sim,867,3.475,14.243,6.121,13.284,0.011,37.134
2026-09-02T08:32:50.177072+07:00,c11_sim,868,3.354,17.407,6.838,18.562,0.014,46.175
2026-09-02T08:32:50.225371+07:00,c11_sim,869,3.755,18.414,6.902,22.423,0.017,51.512
2026-09-02T08:32:50.274982+07:00,c11_sim,870,3.826,19.136,6.937,22.875,0.014,52.789
2026-09-02T08:32:50.318494+07:00,c11_sim,871,3.738,18.086,6.986,17.761,0.013,46.584
2026-09-02T08:32:50.364277+07:00,c11_sim,872,3.864,19.142,7.092,18.869,0.017,48.983
2026-09-02T08:32:50.411196+07:00,c11_sim,873,3.752,19.011,6.959,20.334,0.016,50.072
2026-09-02T08:32:50.461856+07:00,c11_sim,874,3.728,19.860,7.079,23.150,0.017,53.835
2026-09-02T08:32:50.518513+07:00,c11_sim,875,3.746,22.960,8.012,25.106,0.015,59.839
2026-09-02T08:32:50.576512+07:00,c11_sim,876,3.648,24.134,7.972,25.193,0.018,60.964
2026-09-02T08:32:50.623633+07:00,c11_sim,877,4.027,19.279,7.783,19.371,0.017,50.476
2026-09-02T08:32:50.668702+07:00,c11_sim,878,4.149,18.291,7.499,18.563,0.017,48.518
2026-09-02T08:32:50.715134+07:00,c11_sim,879,4.033,19.338,7.690,18.682,0.023,49.766
2026-09-02T08:32:50.762003+07:00,c11_sim,880,3.886,19.165,7.715,19.326,0.014,50.107
2026-09-02T08:32:50.810177+07:00,c11_sim,881,3.948,19.162,7.766,20.629,0.015,51.521
2026-09-02T08:32:50.861145+07:00,c11_sim,882,3.749,20.480,7.363,22.482,0.017,54.091
2026-09-02T08:32:50.915863+07:00,c11_sim,883,3.841,22.668,7.654,23.449,0.019,57.632
2026-09-02T08:32:50.936870+07:00,c11_sim,884,4.120,20.903,0.000,0.000,0.004,25.028
2026-09-02T08:32:50.992953+07:00,c11_sim,885,3.865,22.843,7.741,24.812,0.019,59.280
2026-09-02T08:32:51.010944+07:00,c11_sim,886,3.911,17.827,0.000,0.000,0.005,21.744
2026-09-02T08:32:51.028480+07:00,c11_sim,887,3.866,17.466,0.000,0.000,0.004,21.336
2026-09-02T08:32:51.046106+07:00,c11_sim,888,3.933,17.548,0.000,0.000,0.005,21.486
2026-09-02T08:32:51.092438+07:00,c11_sim,889,3.764,18.314,8.882,18.461,0.022,49.443
2026-09-02T08:32:51.138533+07:00,c11_sim,890,4.327,19.020,7.968,18.532,0.017,49.864
2026-09-02T08:32:51.184862+07:00,c11_sim,891,4.338,19.299,7.166,19.148,0.020,49.972
2026-09-02T08:32:51.232950+07:00,c11_sim,892,4.262,19.874,7.189,19.717,0.015,51.058
2026-09-02T08:32:51.280947+07:00,c11_sim,893,3.749,19.882,7.155,20.056,0.016,50.858
2026-09-02T08:32:51.331916+07:00,c11_sim,894,3.612,20.491,7.268,22.543,0.016,53.930
2026-09-02T08:32:51.352222+07:00,c11_sim,895,3.607,20.195,0.000,0.000,0.005,23.807
2026-09-02T08:32:51.374044+07:00,c11_sim,896,3.683,21.733,0.000,0.000,0.005,25.421
2026-09-02T08:32:51.433973+07:00,c11_sim,897,3.679,24.398,8.402,26.423,0.023,62.925
2026-09-02T08:32:51.455338+07:00,c11_sim,898,4.155,21.247,0.000,0.000,0.007,25.409
2026-09-02T08:32:51.487193+07:00,c11_sim,899,4.108,12.657,7.358,11.226,0.014,35.363
2026-09-02T08:32:51.498275+07:00,c11_sim,900,3.853,10.993,0.000,0.000,0.005,14.850
2026-09-02T08:32:51.509307+07:00,c11_sim,901,3.729,10.903,0.000,0.000,0.004,14.636
2026-09-02T08:32:51.569476+07:00,c11_sim,902,4.194,13.792,8.174,11.189,0.014,37.363
2026-09-02T08:32:51.636358+07:00,c11_sim,903,3.893,15.202,7.732,13.295,0.015,40.137
2026-09-02T08:32:51.674737+07:00,c11_sim,904,4.598,15.582,7.816,14.334,0.015,42.346
2026-09-02T08:32:51.714529+07:00,c11_sim,905,4.192,15.834,7.296,16.036,0.014,43.372
2026-09-02T08:32:51.755273+07:00,c11_sim,906,3.787,16.437,7.004,16.675,0.012,43.915
2026-09-02T08:32:51.799153+07:00,c11_sim,907,3.699,17.068,6.926,19.188,0.021,46.902
2026-09-02T08:32:51.846974+07:00,c11_sim,908,3.636,18.671,7.011,21.542,0.015,50.874
2026-09-02T08:32:51.897939+07:00,c11_sim,909,3.858,20.207,6.966,23.150,0.019,54.201
2026-09-02T08:32:51.953438+07:00,c11_sim,910,3.844,23.427,7.210,24.155,0.016,58.652
2026-09-02T08:32:52.001685+07:00,c11_sim,911,3.739,19.947,7.612,20.006,0.014,51.318
2026-09-02T08:32:52.051152+07:00,c11_sim,912,3.740,21.352,7.739,19.708,0.015,52.553
2026-09-02T08:32:52.099124+07:00,c11_sim,913,3.895,20.429,7.735,19.113,0.017,51.189
2026-09-02T08:32:52.145908+07:00,c11_sim,914,3.954,19.281,7.348,19.480,0.014,50.078
2026-09-02T08:32:52.195390+07:00,c11_sim,915,4.350,19.661,7.415,21.729,0.021,53.175
2026-09-02T08:32:52.246303+07:00,c11_sim,916,3.872,20.448,7.332,22.415,0.018,54.084
2026-09-02T08:32:52.300171+07:00,c11_sim,917,3.802,21.164,7.348,24.391,0.016,56.721
2026-09-02T08:32:52.351976+07:00,c11_sim,918,3.789,22.805,7.535,20.773,0.015,54.916
2026-09-02T08:32:52.402630+07:00,c11_sim,919,3.864,21.284,7.760,20.956,0.014,53.878
2026-09-02T08:32:52.421255+07:00,c9_sim,414,2.521,18.486,0.000,0.000,0.005,21.012
2026-09-02T08:32:52.438355+07:00,c9_sim,415,2.998,17.008,0.000,0.000,0.008,20.015
2026-09-02T08:32:52.455419+07:00,c9_sim,416,3.172,16.945,0.000,0.000,0.007,20.124
2026-09-02T08:32:52.504651+07:00,c9_sim,417,3.366,19.089,0.000,0.000,0.005,22.460
2026-09-02T08:32:52.522848+07:00,c9_sim,418,3.408,18.123,0.000,0.000,0.004,21.535
2026-09-02T08:32:52.541099+07:00,c9_sim,419,3.828,18.174,0.000,0.000,0.004,22.006
2026-09-02T08:32:52.559433+07:00,c9_sim,420,4.006,18.260,0.000,0.000,0.005,22.271
2026-09-02T08:32:52.609377+07:00,c9_sim,421,4.002,19.839,0.000,0.000,0.005,23.846
2026-09-02T08:32:52.646479+07:00,c9_sim,422,4.359,22.374,14.065,0.000,0.007,40.806
2026-09-02T08:32:52.702373+07:00,c9_sim,423,4.467,22.024,9.216,24.003,0.039,59.748
2026-09-02T08:32:52.759689+07:00,c9_sim,424,3.629,23.292,8.617,24.672,0.014,60.223
2026-09-02T08:32:52.806998+07:00,c9_sim,425,3.494,19.357,8.517,18.795,0.013,50.176
2026-09-02T08:32:52.852633+07:00,c9_sim,426,3.461,18.208,7.653,18.772,0.210,48.305
2026-09-02T08:32:52.897654+07:00,c9_sim,427,3.425,18.276,8.116,17.990,0.023,47.830
2026-09-02T08:32:52.943073+07:00,c9_sim,428,3.419,18.602,7.413,18.775,0.010,48.219
2026-09-02T08:32:52.988704+07:00,c9_sim,429,3.499,18.773,7.136,19.166,0.013,48.587
2026-09-02T08:32:53.030897+07:00,c9_sim,430,9.404,16.846,7.149,17.511,0.012,50.923
2026-09-02T08:32:53.073928+07:00,c9_sim,431,3.033,17.921,7.167,17.350,0.013,45.484
2026-09-02T08:32:53.117386+07:00,c9_sim,432,5.075,17.681,6.637,18.515,0.012,47.920
2026-09-02T08:32:53.164061+07:00,c9_sim,433,2.970,19.753,7.036,19.199,0.011,48.969
2026-09-02T08:32:53.211466+07:00,c9_sim,434,2.837,18.917,6.950,20.945,0.012,49.661
2026-09-02T08:32:53.261651+07:00,c9_sim,435,4.455,19.954,6.945,22.704,0.013,54.070
2026-09-02T08:32:53.315995+07:00,c9_sim,436,3.067,21.940,7.018,24.016,0.011,56.053
2026-09-02T08:32:53.368767+07:00,c9_sim,437,3.344,23.571,7.243,21.307,0.009,55.474
2026-09-02T08:32:53.420185+07:00,c9_sim,438,2.862,22.361,7.276,21.130,0.012,53.642
2026-09-02T08:32:53.464119+07:00,c9_sim,439,2.804,18.250,7.337,17.652,0.020,46.063
2026-09-02T08:32:53.526445+07:00,c9_sim,440,3.086,33.485,9.193,19.022,0.046,64.832
2026-09-02T08:32:53.571712+07:00,c9_sim,441,2.796,18.587,6.700,19.360,0.016,47.460
2026-09-02T08:32:53.611574+07:00,c9_sim,442,2.819,16.217,6.538,16.439,0.036,42.049
2026-09-02T08:32:53.652083+07:00,c9_sim,443,3.175,16.547,6.585,16.785,0.013,43.104
2026-09-02T08:32:53.692703+07:00,c9_sim,444,2.910,16.621,6.505,16.929,0.015,42.980
2026-09-02T08:32:53.735467+07:00,c9_sim,445,3.244,17.991,6.503,17.666,0.013,45.417
2026-09-02T08:32:53.774614+07:00,c9_sim,446,2.791,16.044,6.309,16.193,0.015,41.352
2026-09-02T08:32:53.816643+07:00,c9_sim,447,3.391,17.254,6.923,17.284,0.015,44.868
2026-09-02T08:32:53.858135+07:00,c9_sim,448,3.063,16.808,6.615,17.452,0.017,43.955
2026-09-02T08:32:53.900715+07:00,c9_sim,449,3.543,17.578,6.783,17.593,0.019,45.516
2026-09-02T08:32:53.918501+07:00,c9_sim,450,2.976,17.675,0.000,0.000,0.004,20.655
2026-09-02T08:32:53.936199+07:00,c9_sim,451,3.399,17.575,0.000,0.000,0.004,20.978
2026-09-02T08:32:53.984380+07:00,c9_sim,452,3.240,19.849,7.256,19.997,0.014,50.355
2026-09-02T08:32:54.032667+07:00,c9_sim,453,3.117,20.126,6.915,20.564,0.019,50.740
2026-09-02T08:32:54.084031+07:00,c9_sim,454,3.370,20.906,7.336,22.427,0.017,54.056
2026-09-02T08:32:54.105512+07:00,c9_sim,455,4.704,21.358,0.000,0.000,0.007,26.069
2026-09-02T08:32:54.160040+07:00,c9_sim,456,2.658,22.542,7.586,23.710,0.014,56.510
2026-09-02T08:32:54.181176+07:00,c9_sim,457,2.652,21.042,0.000,0.000,0.006,23.700
2026-09-02T08:32:54.201498+07:00,c9_sim,458,3.055,20.224,0.000,0.000,0.009,23.288
2026-09-02T08:32:54.223149+07:00,c9_sim,459,2.759,21.525,0.000,0.000,0.009,24.293
2026-09-02T08:32:54.244312+07:00,c9_sim,460,2.590,21.022,0.000,0.000,0.011,23.622
2026-09-02T08:32:54.266835+07:00,c9_sim,461,3.199,22.395,0.000,0.000,0.009,25.603
2026-09-02T08:32:54.319160+07:00,c9_sim,462,2.649,22.343,7.863,21.339,0.019,54.213
2026-09-02T08:32:54.338616+07:00,c9_sim,463,2.605,19.346,0.000,0.000,0.005,21.957
2026-09-02T08:32:54.388879+07:00,c9_sim,464,3.084,21.040,7.576,21.007,0.017,52.724
2026-09-02T08:32:54.431233+07:00,c9_sim,465,2.582,17.334,7.355,17.017,0.018,44.305
2026-09-02T08:32:54.471153+07:00,c9_sim,466,2.644,16.424,6.883,15.963,0.017,41.930
2026-09-02T08:32:54.510722+07:00,c9_sim,467,3.124,16.426,6.686,15.804,0.013,42.054
2026-09-02T08:32:54.550450+07:00,c9_sim,468,2.725,16.453,6.634,16.010,0.023,41.845
2026-09-02T08:32:54.590127+07:00,c9_sim,469,2.704,16.464,6.671,15.940,0.024,41.802
2026-09-02T08:32:54.631223+07:00,c9_sim,470,3.061,17.219,6.565,16.718,0.014,43.577
2026-09-02T08:32:54.672299+07:00,c9_sim,471,2.759,16.840,6.865,16.657,0.013,43.134
2026-09-02T08:32:54.714248+07:00,c9_sim,472,3.073,16.919,6.896,17.402,0.016,44.305
2026-09-02T08:32:54.756109+07:00,c9_sim,473,3.149,17.282,6.891,17.066,0.013,44.401
2026-09-02T08:32:54.800115+07:00,c9_sim,474,2.930,17.619,6.550,19.232,0.017,46.349
2026-09-02T08:32:54.847272+07:00,c9_sim,475,3.697,19.997,6.612,19.864,0.015,50.184
2026-09-02T08:32:54.897602+07:00,c9_sim,476,2.867,20.107,6.713,22.903,0.016,52.606
2026-09-02T08:32:54.952341+07:00,c9_sim,477,3.339,22.006,7.266,24.726,0.017,57.354
2026-09-02T08:32:55.005617+07:00,c9_sim,478,3.238,22.631,7.162,22.874,0.017,55.922
2026-09-02T08:32:55.051074+07:00,c9_sim,479,3.172,18.498,7.176,19.104,0.014,47.964
2026-09-02T08:32:55.095865+07:00,c9_sim,480,3.667,18.767,7.085,18.219,0.051,47.789
2026-09-02T08:32:55.141412+07:00,c9_sim,481,3.132,18.474,7.031,19.290,0.035,47.963
2026-09-02T08:32:55.189140+07:00,c9_sim,482,3.586,19.384,6.938,20.783,0.015,50.707
2026-09-02T08:32:55.231375+07:00,c9_sim,483,3.276,17.688,7.175,16.741,0.018,44.897
2026-09-02T08:32:55.273098+07:00,c9_sim,484,3.577,17.125,6.974,17.051,0.015,44.741
2026-09-02T08:32:55.314389+07:00,c9_sim,485,3.070,16.804,6.697,17.160,0.014,43.745
2026-09-02T08:32:55.355944+07:00,c9_sim,486,2.958,16.674,7.408,16.899,0.014,43.953
2026-09-02T08:32:55.397740+07:00,c9_sim,487,2.832,16.788,6.514,17.814,0.015,43.963
2026-09-02T08:32:55.441241+07:00,c9_sim,488,3.330,18.321,6.672,17.875,0.019,46.218
2026-09-02T08:32:55.485986+07:00,c9_sim,489,2.878,18.627,6.357,19.139,0.017,47.017
2026-09-02T08:32:55.534223+07:00,c9_sim,490,2.629,23.179,6.661,17.824,0.014,50.307
2026-09-02T08:32:55.578663+07:00,c9_sim,491,3.057,18.255,6.881,18.554,0.013,46.759
2026-09-02T08:32:55.624052+07:00,c9_sim,492,2.708,18.662,6.533,19.566,0.044,47.513
2026-09-02T08:32:55.669487+07:00,c9_sim,493,2.687,18.547,6.735,19.512,0.015,47.496
2026-09-02T08:32:55.712049+07:00,c9_sim,494,3.111,17.595,6.925,17.409,0.035,45.075
2026-09-02T08:32:55.754512+07:00,c9_sim,495,2.573,17.815,6.749,17.288,0.014,44.438
2026-09-02T08:32:55.797044+07:00,c9_sim,496,2.641,16.880,6.628,18.310,0.038,44.497
2026-09-02T08:32:55.841000+07:00,c9_sim,497,2.776,17.971,6.860,18.486,0.042,46.136
2026-09-02T08:32:55.886269+07:00,c9_sim,498,2.707,18.703,6.678,19.249,0.016,47.353
2026-09-02T08:32:55.926440+07:00,c9_sim,499,2.552,16.093,6.717,16.812,0.016,42.189
2026-09-02T08:32:55.967664+07:00,c9_sim,500,2.919,17.232,6.684,16.715,0.023,43.574
2026-09-02T08:32:56.009400+07:00,c9_sim,501,2.775,17.323,6.782,17.029,0.014,43.923
2026-09-02T08:32:56.051179+07:00,c9_sim,502,2.631,16.673,6.708,17.794,0.016,43.822
2026-09-02T08:32:56.095344+07:00,c9_sim,503,3.046,18.401,6.831,18.311,0.021,46.610
2026-09-02T08:32:56.139626+07:00,c9_sim,504,2.664,18.656,6.701,18.317,0.016,46.353
2026-09-02T08:32:56.186829+07:00,c9_sim,505,3.185,20.291,6.816,19.417,0.015,49.724
2026-09-02T08:32:56.226397+07:00,c9_sim,506,2.868,15.746,6.643,16.322,0.021,41.599
2026-09-02T08:32:56.266537+07:00,c9_sim,507,2.928,16.523,6.730,16.246,0.013,42.440
2026-09-02T08:32:56.307538+07:00,c9_sim,508,2.962,16.907,6.696,16.832,0.015,43.413
2026-09-02T08:32:56.348602+07:00,c9_sim,509,3.342,17.136,6.486,16.831,0.014,43.809
2026-09-02T08:32:56.390414+07:00,c9_sim,510,2.877,17.122,6.578,17.514,0.017,44.108
2026-09-02T08:32:56.432301+07:00,c9_sim,511,2.820,16.834,6.776,17.650,0.014,44.094
2026-09-02T08:32:56.476927+07:00,c9_sim,512,3.204,18.339,6.848,18.829,0.015,47.235
2026-09-02T08:32:56.523546+07:00,c9_sim,513,2.846,18.987,7.018,20.006,0.015,48.873
2026-09-02T08:32:56.574570+07:00,c9_sim,514,3.383,20.777,7.127,22.444,0.017,53.748
2026-09-02T08:32:56.619099+07:00,c9_sim,515,3.085,18.147,7.003,18.792,0.014,47.042
2026-09-02T08:32:56.661714+07:00,c9_sim,516,2.764,17.438,6.933,17.557,0.015,44.707
2026-09-02T08:32:56.704240+07:00,c9_sim,517,3.314,17.587,6.927,17.360,0.018,45.206
2026-09-02T08:32:56.747976+07:00,c9_sim,518,2.901,17.982,7.013,18.102,0.013,46.011
2026-09-02T08:32:56.791575+07:00,c9_sim,519,2.761,18.032,6.887,18.061,0.014,45.755
2026-09-02T08:32:56.839428+07:00,c9_sim,520,3.107,19.586,7.222,20.479,0.014,50.408
2026-09-02T08:32:56.882935+07:00,c9_sim,521,2.670,17.458,7.030,18.269,0.015,45.442
2026-09-02T08:32:56.927984+07:00,c9_sim,522,3.084,18.288,7.222,18.917,0.016,47.527
2026-09-02T08:32:56.975277+07:00,c9_sim,523,2.856,19.273,7.205,20.220,0.013,49.568
2026-09-02T08:32:57.024881+07:00,c9_sim,524,2.584,20.217,7.156,21.610,0.017,51.585
2026-09-02T08:32:57.078683+07:00,c9_sim,525,3.045,21.896,7.385,23.514,0.016,55.855
2026-09-02T08:32:57.136287+07:00,c9_sim,526,2.541,23.487,7.567,25.851,0.017,59.463
2026-09-02T08:32:57.185049+07:00,c9_sim,527,2.595,20.510,7.491,20.033,0.016,50.645
2026-09-02T08:32:57.234076+07:00,c9_sim,528,3.123,21.070,7.106,20.152,0.018,51.470
2026-09-02T08:32:57.282796+07:00,c9_sim,529,2.684,20.718,6.966,20.341,0.016,50.725
2026-09-02T08:32:57.331787+07:00,c9_sim,530,2.683,20.220,7.003,21.089,0.016,51.010
2026-09-02T08:32:57.383107+07:00,c9_sim,531,2.753,21.362,6.855,22.413,0.017,53.401
2026-09-02T08:32:57.435153+07:00,c9_sim,532,2.679,23.019,7.203,20.678,0.025,53.603
2026-09-02T08:32:57.486877+07:00,c9_sim,533,3.145,22.263,7.741,21.009,0.033,54.191
2026-09-02T08:32:57.529395+07:00,c9_sim,534,2.800,17.369,7.295,17.161,0.015,44.641
2026-09-02T08:32:57.570921+07:00,c9_sim,535,2.814,17.212,7.271,16.443,0.012,43.752
2026-09-02T08:32:57.611519+07:00,c9_sim,536,3.203,16.331,6.894,16.704,0.014,43.146
2026-09-02T08:32:57.652729+07:00,c9_sim,537,2.645,16.842,6.848,16.950,0.012,43.297
2026-09-02T08:32:57.692553+07:00,c9_sim,538,3.114,16.066,7.057,16.089,0.017,42.342
2026-09-02T08:32:57.732569+07:00,c9_sim,539,2.593,16.306,6.880,16.245,0.021,42.045
2026-09-02T08:32:57.772514+07:00,c9_sim,540,2.634,16.003,6.617,16.756,0.013,42.024
2026-09-02T08:32:57.814403+07:00,c9_sim,541,3.023,17.427,6.618,17.173,0.015,44.254
2026-09-02T08:32:57.855560+07:00,c9_sim,542,2.595,17.096,6.901,16.569,0.016,43.177
2026-09-02T08:32:57.898260+07:00,c9_sim,543,3.161,17.171,6.572,18.304,0.012,45.220
2026-09-02T08:32:57.941589+07:00,c9_sim,544,2.614,17.814,6.691,18.238,0.017,45.375
2026-09-02T08:32:57.990340+07:00,c9_sim,545,2.562,18.739,7.350,21.927,0.014,50.593
2026-09-02T08:32:58.035487+07:00,c9_sim,546,2.868,18.866,7.659,17.972,0.040,47.405
2026-09-02T08:32:58.050949+07:00,c8_sim,247,2.800,15.236,0.000,0.000,0.003,18.039
2026-09-02T08:32:58.097829+07:00,c8_sim,248,2.960,16.736,0.000,0.000,0.004,19.700
2026-09-02T08:32:58.146450+07:00,c8_sim,249,3.955,18.451,0.000,0.000,0.004,22.410
2026-09-02T08:32:58.188104+07:00,c8_sim,250,5.669,19.083,0.000,0.000,0.003,24.755
2026-09-02T08:32:58.235635+07:00,c8_sim,251,7.133,21.535,0.000,0.000,0.004,28.672
2026-09-02T08:32:58.292025+07:00,c8_sim,252,7.265,26.862,0.000,0.000,0.005,34.132
2026-09-02T08:32:58.343020+07:00,c8_sim,253,5.894,25.685,0.000,0.000,0.004,31.583
2026-09-02T08:32:58.399205+07:00,c8_sim,254,6.735,26.056,0.000,0.000,0.003,32.794
2026-09-02T08:32:58.445753+07:00,c8_sim,255,7.055,26.293,0.000,0.000,0.005,33.353
2026-09-02T08:32:58.527038+07:00,c8_sim,256,7.312,29.939,0.000,0.000,0.005,37.256
2026-09-02T08:32:58.554808+07:00,c8_sim,257,7.956,27.633,0.000,0.000,0.006,35.595
2026-09-02T08:32:58.612593+07:00,c8_sim,258,7.845,27.625,0.000,0.000,0.004,35.473
2026-09-02T08:32:58.691567+07:00,c8_sim,259,7.829,31.246,16.167,0.000,0.004,55.245
2026-09-02T08:32:58.754659+07:00,c8_sim,260,7.529,27.712,8.264,26.094,0.050,69.649
2026-09-02T08:32:58.773613+07:00,c8_sim,261,5.607,18.842,0.000,0.000,0.007,24.456
2026-09-02T08:32:58.822389+07:00,c8_sim,262,5.035,20.131,8.333,19.568,0.060,53.127
2026-09-02T08:32:58.868658+07:00,c8_sim,263,4.564,19.276,7.693,18.633,0.013,50.178
2026-09-02T08:32:58.945247+07:00,c8_sim,264,4.238,19.446,8.278,21.005,0.041,53.009
2026-09-02T08:32:58.994924+07:00,c8_sim,265,5.315,19.168,7.528,22.356,0.050,54.418
2026-09-02T08:32:59.047450+07:00,c8_sim,266,4.295,20.346,7.919,23.284,0.011,55.857
2026-09-02T08:32:59.101668+07:00,c8_sim,267,4.328,22.689,8.278,22.251,0.081,57.627
2026-09-02T08:32:59.158421+07:00,c8_sim,268,4.862,23.795,7.846,24.399,0.011,60.913
2026-09-02T08:32:59.204746+07:00,c8_sim,269,4.647,18.697,7.898,19.125,0.013,50.380
2026-09-02T08:32:59.247849+07:00,c8_sim,270,4.636,17.080,7.798,17.581,0.018,47.112
2026-09-02T08:32:59.291312+07:00,c8_sim,271,4.740,17.830,7.248,17.702,0.011,47.531
2026-09-02T08:32:59.333988+07:00,c8_sim,272,4.201,17.238,7.219,17.559,0.011,46.228
2026-09-02T08:32:59.377683+07:00,c8_sim,273,4.168,18.142,7.164,17.746,0.009,47.229
2026-09-02T08:32:59.455908+07:00,c8_sim,274,3.930,19.015,8.319,20.242,0.014,51.520
2026-09-02T08:32:59.502587+07:00,c8_sim,275,4.967,18.676,7.864,19.421,0.011,50.940
2026-09-02T08:32:59.545067+07:00,c8_sim,276,4.485,16.875,7.654,17.245,0.012,46.271
2026-09-02T08:32:59.586770+07:00,c8_sim,277,4.342,17.304,7.255,16.473,0.016,45.390
2026-09-02T08:32:59.628793+07:00,c8_sim,278,4.110,16.818,6.939,17.613,0.013,45.493
2026-09-02T08:32:59.708532+07:00,c8_sim,279,4.221,19.524,8.785,20.783,0.030,53.343
2026-09-02T08:32:59.760831+07:00,c8_sim,280,5.039,20.361,8.189,23.068,0.040,56.698
2026-09-02T08:32:59.816905+07:00,c8_sim,281,4.773,22.666,8.037,24.795,0.013,60.285
2026-09-02T08:32:59.873477+07:00,c8_sim,282,5.014,24.011,8.233,23.618,0.017,60.893
2026-09-02T08:32:59.919571+07:00,c8_sim,283,5.046,18.514,8.021,18.882,0.017,50.480
2026-09-02T08:32:59.960353+07:00,c8_sim,284,4.728,16.452,7.725,15.928,0.016,44.850
2026-09-02T08:33:00.001166+07:00,c8_sim,285,4.706,16.605,7.414,16.129,0.024,44.878
2026-09-02T08:33:00.039922+07:00,c8_sim,286,4.394,15.949,6.942,15.147,0.078,42.510
2026-09-02T08:33:00.078047+07:00,c8_sim,287,3.941,15.293,6.732,14.852,0.059,40.877
2026-09-02T08:33:00.142560+07:00,c8_sim,288,4.027,16.845,7.280,15.526,0.017,43.695
2026-09-02T08:33:00.182917+07:00,c8_sim,289,4.169,16.364,7.275,15.945,0.015,43.769
2026-09-02T08:33:00.258025+07:00,c8_sim,290,4.308,18.749,7.885,17.781,0.018,48.740
2026-09-02T08:33:00.303784+07:00,c8_sim,291,4.632,18.238,7.852,19.021,0.017,49.760
2026-09-02T08:33:00.344666+07:00,c8_sim,292,4.168,16.556,7.287,16.367,0.016,44.393
2026-09-02T08:33:00.385647+07:00,c8_sim,293,4.090,16.727,7.197,16.408,0.042,44.465
2026-09-02T08:33:00.465021+07:00,c8_sim,294,4.181,20.186,8.073,20.249,0.069,52.758
2026-09-02T08:33:00.516409+07:00,c8_sim,295,4.454,20.658,7.908,22.024,0.016,55.060
2026-09-02T08:33:00.569986+07:00,c8_sim,296,4.437,22.142,8.377,22.105,0.016,57.077
2026-09-02T08:33:00.617187+07:00,c8_sim,297,5.215,19.249,8.278,18.940,0.014,51.697
2026-09-02T08:33:00.665314+07:00,c8_sim,298,4.989,19.899,8.205,19.287,0.018,52.398
2026-09-02T08:33:00.714047+07:00,c8_sim,299,4.637,19.875,8.012,20.177,0.017,52.718
2026-09-02T08:33:00.764420+07:00,c8_sim,300,4.415,20.636,8.145,20.909,0.015,54.120
2026-09-02T08:33:00.816972+07:00,c8_sim,301,4.561,20.827,8.049,22.254,0.017,55.708
2026-09-02T08:33:00.871798+07:00,c8_sim,302,4.354,23.796,8.227,22.095,0.019,58.490
2026-09-02T08:33:00.915828+07:00,c8_sim,303,4.999,17.573,7.899,17.878,0.020,48.368
2026-09-02T08:33:00.960770+07:00,c8_sim,304,4.620,18.284,8.035,17.925,0.017,48.881
2026-09-02T08:33:01.004199+07:00,c8_sim,305,4.318,18.082,7.436,17.250,0.013,47.099
2026-09-02T08:33:01.047311+07:00,c8_sim,306,4.104,17.305,7.232,17.911,0.014,46.566
2026-09-02T08:33:01.118930+07:00,c8_sim,307,4.188,18.710,8.060,19.470,0.025,50.453
2026-09-02T08:33:01.164350+07:00,c8_sim,308,4.606,18.360,7.837,18.503,0.015,49.322
2026-09-02T08:33:01.210264+07:00,c8_sim,309,4.270,18.662,7.559,19.070,0.020,49.580
2026-09-02T08:33:01.258821+07:00,c8_sim,310,4.057,19.523,7.608,20.808,0.024,52.021
2026-09-02T08:33:01.309715+07:00,c8_sim,311,4.381,20.045,7.313,22.949,0.019,54.707
2026-09-02T08:33:01.365297+07:00,c8_sim,312,4.459,23.408,7.310,24.217,0.019,59.413
2026-09-02T08:33:01.418542+07:00,c8_sim,313,4.171,23.726,7.419,21.428,0.017,56.761
2026-09-02T08:33:01.469921+07:00,c8_sim,314,4.264,22.122,7.553,20.963,0.021,54.924
2026-09-02T08:33:01.513916+07:00,c8_sim,315,4.308,17.954,7.449,17.878,0.025,47.613
2026-09-02T08:33:01.556865+07:00,c8_sim,316,4.314,17.830,7.305,17.106,0.015,46.571
2026-09-02T08:33:01.633510+07:00,c8_sim,317,4.033,21.244,8.356,19.306,0.017,52.956
2026-09-02T08:33:01.683017+07:00,c8_sim,318,4.965,19.810,8.906,20.071,0.017,53.769
2026-09-02T08:33:01.733748+07:00,c8_sim,319,4.483,20.618,8.175,21.281,0.016,54.573
2026-09-02T08:33:01.785529+07:00,c8_sim,320,4.638,22.262,7.953,20.325,0.026,55.203
2026-09-02T08:33:01.834210+07:00,c8_sim,321,4.568,19.995,8.649,19.346,0.016,52.574
2026-09-02T08:33:01.882925+07:00,c8_sim,322,4.395,20.101,7.907,20.022,0.019,52.444
2026-09-02T08:33:01.932506+07:00,c8_sim,323,4.415,20.101,7.851,20.991,0.023,53.381
2026-09-02T08:33:01.985457+07:00,c8_sim,324,4.520,21.763,8.034,21.990,0.018,56.325
2026-09-02T08:33:02.038775+07:00,c8_sim,325,4.504,22.222,8.400,21.589,0.019,56.734
2026-09-02T08:33:02.082482+07:00,c8_sim,326,4.604,17.502,7.994,17.521,0.017,47.639
2026-09-02T08:33:02.127104+07:00,c8_sim,327,4.538,18.485,7.977,17.476,0.017,48.493
2026-09-02T08:33:02.170394+07:00,c8_sim,328,4.290,18.364,7.494,16.802,0.016,46.966
2026-09-02T08:33:02.248793+07:00,c8_sim,329,4.205,20.229,8.349,20.374,0.017,53.174
2026-09-02T08:33:02.300616+07:00,c8_sim,330,5.071,20.833,8.585,21.733,0.017,56.239
2026-09-02T08:33:02.354844+07:00,c8_sim,331,5.049,23.377,8.801,20.814,0.018,58.058
2026-09-02T08:33:02.397931+07:00,c8_sim,332,4.849,17.166,8.082,17.205,0.015,47.317
2026-09-02T08:33:02.441127+07:00,c8_sim,333,4.583,17.700,7.820,17.030,0.015,47.148
2026-09-02T08:33:02.484341+07:00,c8_sim,334,4.497,17.131,8.339,17.068,0.017,47.053
2026-09-02T08:33:02.527462+07:00,c8_sim,335,4.277,17.797,7.517,17.146,0.033,46.768
2026-09-02T08:33:02.598959+07:00,c8_sim,336,4.266,19.786,8.097,19.412,0.024,51.585
2026-09-02T08:33:02.647931+07:00,c8_sim,337,4.979,19.937,7.832,20.372,0.016,53.137
2026-09-02T08:33:02.700316+07:00,c8_sim,338,4.622,20.917,8.066,22.609,0.017,56.231
2026-09-02T08:33:02.755637+07:00,c8_sim,339,4.673,24.206,8.215,22.102,0.016,59.211
2026-09-02T08:33:02.771801+07:00,c8_sim,340,5.048,16.041,0.000,0.000,0.006,21.096
2026-09-02T08:33:02.819231+07:00,c8_sim,341,4.636,17.292,0.000,0.000,0.005,21.932
2026-09-02T08:33:02.862673+07:00,c8_sim,342,5.399,18.620,0.000,0.000,0.005,24.025
