timestamp,camera_id,frame_id,decode_ms,detection_ms,tracking_ms,reid_ms,matching_ms,total_ai_ms
2026-09-02T08:33:19.556145+07:00,c8_sim,1,7.953,258.650,585.410,101.186,0.055,953.254
2026-09-02T08:33:19.611855+07:00,c8_sim,2,3.736,30.613,0.797,21.244,0.015,56.405
2026-09-02T08:33:19.655225+07:00,c8_sim,3,3.988,32.309,0.301,9.995,0.009,46.602
2026-09-02T08:33:19.685889+07:00,c8_sim,4,6.262,19.581,0.284,10.038,0.012,36.177
2026-09-02T08:33:19.717340+07:00,c8_sim,5,4.361,16.388,0.262,9.846,0.008,30.866
2026-09-02T08:33:19.740527+07:00,c8_sim,6,6.175,12.734,0.236,9.400,0.006,28.552
2026-09-02T08:33:19.771448+07:00,c8_sim,7,9.811,20.076,0.277,9.824,0.010,39.998
2026-09-02T08:33:19.795293+07:00,c8_sim,8,9.089,12.564,0.280,10.222,0.010,32.166
2026-09-02T08:33:19.837913+07:00,c8_sim,9,4.414,31.430,0.293,10.110,0.009,46.256
2026-09-02T08:33:19.862748+07:00,c8_sim,10,4.196,13.361,0.226,10.433,0.007,28.223
2026-09-02T08:33:19.887696+07:00,c8_sim,11,3.684,14.175,0.236,9.783,0.007,27.886
2026-09-02T08:33:19.914077+07:00,c8_sim,12,3.688,13.850,0.210,11.516,0.008,29.273
2026-09-02T08:33:19.940077+07:00,c8_sim,13,3.497,14.613,0.194,10.386,0.007,28.697
2026-09-02T08:33:20.050763+07:00,c8_sim,14,4.267,18.171,0.334,11.955,0.008,34.736
2026-09-02T08:33:20.187560+07:00,c8_sim,15,5.958,28.601,0.437,20.123,0.012,55.130
2026-09-02T08:33:20.284646+07:00,c8_sim,16,6.963,16.960,0.451,16.474,0.012,40.859
2026-09-02T08:33:20.380473+07:00,c8_sim,17,7.057,18.269,0.428,16.739,0.015,42.508
2026-09-02T08:33:20.494678+07:00,c8_sim,18,7.240,28.863,0.453,14.861,0.021,51.438
2026-09-02T08:33:20.585826+07:00,c8_sim,19,6.048,18.029,0.383,14.861,0.014,39.335
2026-09-02T08:33:20.715284+07:00,c8_sim,20,6.907,24.683,0.524,19.399,0.016,51.530
2026-09-02T08:33:20.834156+07:00,c8_sim,21,7.668,29.991,0.518,24.877,0.019,63.073
2026-09-02T08:33:20.943290+07:00,c8_sim,22,6.297,28.714,0.482,21.806,0.016,57.316
2026-09-02T08:33:21.054281+07:00,c8_sim,23,6.989,32.079,0.679,20.945,0.019,60.711
2026-09-02T08:33:21.152732+07:00,c8_sim,24,6.323,18.031,0.459,17.049,0.020,41.883
2026-09-02T08:33:21.243332+07:00,c8_sim,25,6.573,16.569,0.471,17.111,0.026,40.750
2026-09-02T08:33:21.330969+07:00,c8_sim,26,7.941,18.813,0.446,0.003,0.008,27.211
2026-09-02T08:33:21.472743+07:00,c8_sim,27,8.261,34.894,0.936,0.007,0.020,44.119
2026-09-02T08:33:21.595748+07:00,c8_sim,28,10.363,34.791,0.945,27.263,0.026,73.388
2026-09-02T08:33:21.680978+07:00,c8_sim,29,6.338,29.618,0.535,22.390,0.017,58.898
2026-09-02T08:33:21.787295+07:00,c8_sim,30,7.045,29.290,0.453,20.529,0.017,57.334
2026-09-02T08:33:21.870289+07:00,c8_sim,31,7.303,16.765,0.359,12.051,0.013,36.491
2026-09-02T08:33:21.981450+07:00,c8_sim,32,3.508,15.103,0.309,11.579,0.014,30.514
2026-09-02T08:33:22.130593+07:00,c8_sim,33,8.027,33.268,0.867,22.881,0.026,65.068
2026-09-02T08:33:22.238473+07:00,c8_sim,34,7.644,31.487,0.624,19.959,0.016,59.730
2026-09-02T08:33:22.334218+07:00,c8_sim,35,6.863,17.984,0.460,16.829,0.017,42.152
2026-09-02T08:33:22.421607+07:00,c8_sim,36,7.573,17.472,0.482,16.007,0.014,41.548
2026-09-02T08:33:22.538762+07:00,c8_sim,37,7.549,20.301,0.520,16.666,0.017,45.053
2026-09-02T08:33:22.664743+07:00,c8_sim,38,7.344,21.504,0.510,19.209,0.018,48.584
2026-09-02T08:33:22.771475+07:00,c8_sim,39,7.419,22.635,0.524,19.418,0.013,50.009
2026-09-02T08:33:22.887658+07:00,c8_sim,40,6.917,31.340,0.505,21.357,0.013,60.132
2026-09-02T08:33:22.980800+07:00,c8_sim,41,6.568,17.012,0.372,14.905,0.013,38.869
2026-09-02T08:33:23.065795+07:00,c8_sim,42,6.611,16.141,0.341,15.347,0.014,38.455
2026-09-02T08:33:23.204538+07:00,c8_sim,43,7.934,28.957,0.462,19.864,0.017,57.235
2026-09-02T08:33:23.298190+07:00,c8_sim,44,6.939,17.116,0.457,17.320,0.012,41.845
2026-09-02T08:33:23.417828+07:00,c8_sim,45,7.553,17.949,0.443,18.229,0.016,44.190
2026-09-02T08:33:23.526782+07:00,c8_sim,46,7.293,27.591,0.543,17.578,0.018,53.024
2026-09-02T08:33:23.629602+07:00,c8_sim,47,6.837,21.576,0.506,17.383,0.015,46.316
2026-09-02T08:33:23.737656+07:00,c8_sim,48,7.348,25.087,0.466,18.982,0.016,51.899
2026-09-02T08:33:23.848446+07:00,c8_sim,49,4.891,26.965,0.384,21.516,0.012,53.768
2026-09-02T08:33:23.959950+07:00,c8_sim,50,6.420,28.544,0.441,22.362,0.021,57.788
2026-09-02T08:33:24.052923+07:00,c8_sim,51,7.134,29.567,1.312,0.000,0.007,38.021
2026-09-02T08:33:24.175184+07:00,c8_sim,52,10.327,33.698,0.895,0.000,0.014,44.934
2026-09-02T08:33:24.260338+07:00,c8_sim,53,9.598,30.231,0.000,0.000,0.010,39.839
2026-09-02T08:33:24.370573+07:00,c8_sim,54,9.698,29.636,0.000,0.000,0.009,39.343
2026-09-02T08:33:24.493542+07:00,c8_sim,55,11.413,30.686,0.000,0.000,0.011,42.111
2026-09-02T08:33:24.586135+07:00,c8_sim,56,7.942,30.419,0.000,0.000,0.008,38.370
2026-09-02T08:33:24.721032+07:00,c9_sim,1,6.703,34.756,0.671,22.081,0.097,64.307
2026-09-02T08:33:24.821059+07:00,c9_sim,2,5.191,17.926,0.491,18.343,0.013,41.963
2026-09-02T08:33:24.920107+07:00,c9_sim,3,5.631,18.351,0.502,17.276,0.010,41.770
2026-09-02T08:33:25.017224+07:00,c9_sim,4,5.384,20.346,0.425,17.503,0.016,43.676
2026-09-02T08:33:25.154162+07:00,c9_sim,5,5.965,30.494,0.615,20.950,0.012,58.037
2026-09-02T08:33:25.213944+07:00,c9_sim,6,3.922,13.634,0.355,14.551,0.008,32.470
2026-09-02T08:33:25.331785+07:00,c9_sim,7,4.986,17.275,0.459,17.833,0.012,40.565
2026-09-02T08:33:25.417947+07:00,c9_sim,8,5.259,17.946,0.458,16.635,0.010,40.308
2026-09-02T08:33:25.544123+07:00,c9_sim,9,5.251,20.052,0.522,19.018,0.021,44.864
2026-09-02T08:33:25.648571+07:00,c9_sim,10,5.194,22.024,0.493,18.621,0.011,46.344
2026-09-02T08:33:25.756033+07:00,c9_sim,11,5.408,24.295,0.498,19.330,0.012,49.543
2026-09-02T08:33:25.869629+07:00,c9_sim,12,5.111,29.937,0.507,22.833,0.010,58.398
2026-09-02T08:33:25.951774+07:00,c9_sim,13,4.996,14.899,0.428,17.140,0.009,37.473
2026-09-02T08:33:26.045719+07:00,c9_sim,14,5.174,17.558,0.478,17.551,0.011,40.773
2026-09-02T08:33:26.187440+07:00,c9_sim,15,6.141,30.973,0.585,21.411,0.012,59.124
2026-09-02T08:33:26.250495+07:00,c9_sim,16,4.547,14.706,0.397,15.766,0.008,35.424
2026-09-02T08:33:26.395614+07:00,c9_sim,17,5.083,30.746,0.563,22.902,0.024,59.319
2026-09-02T08:33:26.479979+07:00,c9_sim,18,4.311,30.481,0.468,23.219,0.021,58.499
2026-09-02T08:33:26.600024+07:00,c9_sim,19,4.680,32.305,0.577,23.486,0.023,61.070
2026-09-02T08:33:26.683659+07:00,c9_sim,20,4.362,29.167,0.452,21.845,0.017,55.842
2026-09-02T08:33:26.801117+07:00,c9_sim,21,5.263,30.692,0.532,23.095,0.028,59.611
2026-09-02T08:33:26.884694+07:00,c9_sim,22,4.846,29.245,0.483,21.446,0.013,56.033
2026-09-02T08:33:27.009624+07:00,c9_sim,23,5.098,30.143,0.548,22.103,0.019,57.911
2026-09-02T08:33:27.093669+07:00,c9_sim,24,4.559,29.194,0.489,22.159,0.014,56.415
2026-09-02T08:33:27.203611+07:00,c9_sim,25,5.036,30.415,0.510,21.163,0.019,57.144
2026-09-02T08:33:27.300893+07:00,c9_sim,26,5.050,17.346,0.435,16.574,0.017,39.422
2026-09-02T08:33:27.400536+07:00,c9_sim,27,5.116,19.312,0.538,21.870,0.016,46.852
2026-09-02T08:33:27.481449+07:00,c9_sim,28,3.916,14.574,0.386,14.124,0.012,33.012
2026-09-02T08:33:27.605088+07:00,c9_sim,29,5.398,19.517,0.511,18.323,0.016,43.765
2026-09-02T08:33:27.696324+07:00,c9_sim,30,5.230,21.542,0.508,17.622,0.018,44.920
2026-09-02T08:33:27.835615+07:00,c9_sim,31,5.823,29.458,0.554,21.668,0.018,57.521
2026-09-02T08:33:27.936513+07:00,c9_sim,32,4.704,28.929,0.540,21.850,0.014,56.036
2026-09-02T08:33:27.998093+07:00,c9_sim,33,4.707,14.914,0.398,14.242,0.014,34.275
2026-09-02T08:33:28.142488+07:00,c9_sim,34,3.610,29.560,0.601,21.779,0.023,55.573
2026-09-02T08:33:28.220885+07:00,c9_sim,35,4.475,28.236,0.460,19.618,0.018,52.807
2026-09-02T08:33:28.313067+07:00,c9_sim,36,5.433,17.557,0.487,16.146,0.017,39.639
2026-09-02T08:33:28.445600+07:00,c9_sim,37,5.580,20.222,0.501,18.746,0.014,45.063
2026-09-02T08:33:28.545033+07:00,c9_sim,38,5.259,19.201,0.413,16.931,0.022,41.826
2026-09-02T08:33:28.645811+07:00,c9_sim,39,4.612,19.448,0.537,18.202,0.016,42.815
2026-09-02T08:33:28.737445+07:00,c9_sim,40,4.872,21.907,0.512,17.640,0.020,44.951
2026-09-02T08:33:28.854287+07:00,c9_sim,41,5.186,31.571,0.581,21.156,0.021,58.514
2026-09-02T08:33:28.953260+07:00,c9_sim,42,4.879,17.538,0.485,17.855,0.019,40.774
2026-09-02T08:33:29.051872+07:00,c9_sim,43,5.149,18.771,0.428,16.333,0.017,40.698
2026-09-02T08:33:29.142232+07:00,c9_sim,44,5.037,19.678,0.444,16.546,0.022,41.728
2026-09-02T08:33:29.267814+07:00,c9_sim,45,4.920,21.424,0.448,18.046,0.024,44.862
2026-09-02T08:33:29.371150+07:00,c9_sim,46,4.998,28.436,0.502,20.215,0.016,54.167
2026-09-02T08:33:29.466852+07:00,c9_sim,47,4.822,17.525,0.503,17.388,0.014,40.252
2026-09-02T08:33:29.562096+07:00,c9_sim,48,4.766,17.166,0.407,15.280,0.013,37.633
2026-09-02T08:33:29.653711+07:00,c9_sim,49,4.486,18.619,0.377,16.076,0.017,39.576
2026-09-02T08:33:29.777204+07:00,c9_sim,50,5.319,20.813,0.514,18.371,0.015,45.032
2026-09-02T08:33:29.880270+07:00,c9_sim,51,5.455,21.116,0.509,18.416,0.016,45.512
2026-09-02T08:33:29.987341+07:00,c9_sim,52,4.459,24.626,0.521,18.125,0.016,47.748
2026-09-02T08:33:30.097588+07:00,c9_sim,53,4.500,29.437,0.478,22.273,0.017,56.705
2026-09-02T08:33:30.214083+07:00,c9_sim,54,4.607,32.175,0.510,22.858,0.018,60.169
2026-09-02T08:33:30.286966+07:00,c9_sim,55,4.090,26.258,0.238,14.550,0.015,45.151
2026-09-02T08:33:30.380841+07:00,c9_sim,56,4.982,16.226,0.398,15.661,0.012,37.280
2026-09-02T08:33:30.527833+07:00,c9_sim,57,5.764,31.791,0.592,23.371,0.023,61.542
2026-09-02T08:33:30.620414+07:00,c9_sim,58,4.542,39.863,0.434,19.815,0.013,64.667
2026-09-02T08:33:30.697772+07:00,c9_sim,59,3.675,13.281,0.356,14.295,0.011,31.618
2026-09-02T08:33:30.791410+07:00,c9_sim,60,4.523,15.565,0.418,15.543,0.016,36.065
2026-09-02T08:33:30.888956+07:00,c9_sim,61,5.142,17.574,0.393,17.883,0.013,41.005
2026-09-02T08:33:31.017558+07:00,c9_sim,62,5.375,20.269,0.529,18.971,0.018,45.163
2026-09-02T08:33:31.099647+07:00,c9_sim,63,5.488,19.072,0.506,15.754,0.015,40.835
2026-09-02T08:33:31.244532+07:00,c9_sim,64,4.445,31.142,0.632,21.984,0.019,58.222
2026-09-02T08:33:31.330646+07:00,c9_sim,65,4.919,31.026,0.584,22.228,0.017,58.773
2026-09-02T08:33:31.446115+07:00,c9_sim,66,4.436,30.747,0.533,22.200,0.017,57.932
2026-09-02T08:33:31.549456+07:00,c9_sim,67,4.791,31.378,0.560,23.007,0.025,59.761
2026-09-02T08:33:31.636102+07:00,c9_sim,68,4.523,30.587,0.459,23.007,0.017,58.592
2026-09-02T08:33:31.730907+07:00,c9_sim,69,4.826,16.931,0.445,17.055,0.013,39.271
2026-09-02T08:33:31.822430+07:00,c9_sim,70,5.489,18.108,0.423,12.906,0.012,36.940
2026-09-02T08:33:31.936946+07:00,c9_sim,71,6.011,19.800,0.561,18.121,0.027,44.520
2026-09-02T08:33:32.032380+07:00,c9_sim,72,5.600,19.901,0.439,16.779,0.016,42.735
2026-09-02T08:33:32.135017+07:00,c9_sim,73,4.984,22.372,0.522,16.560,0.016,44.454
2026-09-02T08:33:32.269401+07:00,c9_sim,74,4.368,25.435,0.350,31.002,0.026,61.181
2026-09-02T08:33:32.336201+07:00,c9_sim,75,5.223,16.129,0.551,18.785,0.020,40.709
2026-09-02T08:33:32.470917+07:00,c9_sim,76,5.980,26.302,0.638,19.857,0.022,52.797
2026-09-02T08:33:32.581058+07:00,c9_sim,77,5.642,25.930,0.632,24.936,0.026,57.166
2026-09-02T08:33:32.659999+07:00,c9_sim,78,5.015,32.293,0.456,19.284,0.018,57.066
2026-09-02T08:33:32.751651+07:00,c9_sim,79,5.288,18.635,0.457,17.015,0.017,41.412
2026-09-02T08:33:32.876247+07:00,c9_sim,80,6.161,19.999,0.568,19.502,0.017,46.247
2026-09-02T08:33:32.976947+07:00,c9_sim,81,5.567,20.666,0.481,18.033,0.016,44.764
2026-09-02T08:33:33.081343+07:00,c9_sim,82,5.198,22.254,0.496,17.944,0.017,45.908
2026-09-02T08:33:33.197329+07:00,c9_sim,83,5.187,29.130,0.646,23.442,0.027,58.433
2026-09-02T08:33:33.281838+07:00,c9_sim,84,4.835,29.521,0.489,22.053,0.021,56.919
2026-09-02T08:33:33.397247+07:00,c9_sim,85,4.941,30.549,0.501,22.346,0.016,58.353
2026-09-02T08:33:33.508568+07:00,c9_sim,86,4.802,31.767,0.558,23.116,0.024,60.267
2026-09-02T08:33:33.592295+07:00,c9_sim,87,4.564,29.924,0.510,23.176,0.021,58.195
2026-09-02T08:33:33.711910+07:00,c9_sim,88,4.917,32.703,0.546,22.856,0.022,61.044
2026-09-02T08:33:33.791917+07:00,c9_sim,89,4.223,29.949,0.366,20.903,0.020,55.459
2026-09-02T08:33:33.895836+07:00,c9_sim,90,5.263,28.436,0.490,21.157,0.015,55.361
2026-09-02T08:33:34.010838+07:00,c9_sim,91,5.282,32.287,0.620,23.242,0.024,61.455
2026-09-02T08:33:34.129234+07:00,c9_sim,92,4.790,32.063,0.579,23.116,0.023,60.572
2026-09-02T08:33:34.215161+07:00,c9_sim,93,4.853,30.684,0.543,22.104,0.019,58.203
2026-09-02T08:33:34.320160+07:00,c9_sim,94,4.578,29.968,0.526,20.703,0.019,55.794
2026-09-02T08:33:34.404128+07:00,c9_sim,95,4.834,15.721,0.420,15.660,0.014,36.650
2026-09-02T08:33:34.525457+07:00,c9_sim,96,5.245,18.004,0.560,17.765,0.018,41.592
2026-09-02T08:33:34.616025+07:00,c9_sim,97,4.852,19.692,0.416,16.520,0.015,41.495
2026-09-02T08:33:34.716453+07:00,c9_sim,98,5.511,19.986,0.464,17.183,0.015,43.160
2026-09-02T08:33:34.816201+07:00,c9_sim,99,5.495,20.966,0.562,15.240,0.015,42.277
2026-09-02T08:33:34.915546+07:00,c9_sim,100,2.651,20.730,0.337,17.089,0.014,40.821
2026-09-02T08:33:35.058688+07:00,c9_sim,101,6.385,31.675,0.377,20.989,0.022,59.449
2026-09-02T08:33:35.161367+07:00,c9_sim,102,5.862,31.081,0.560,21.691,0.021,59.216
2026-09-02T08:33:35.236592+07:00,c9_sim,103,4.530,28.624,0.457,20.336,0.014,53.962
2026-09-02T08:33:35.353978+07:00,c9_sim,104,5.728,19.414,0.559,18.724,0.019,44.443
2026-09-02T08:33:35.434711+07:00,c9_sim,105,5.036,17.271,0.436,15.299,0.017,38.059
2026-09-02T08:33:35.567104+07:00,c9_sim,106,6.582,20.686,0.515,17.832,0.022,45.636
2026-09-02T08:33:35.658440+07:00,c9_sim,107,5.257,21.777,0.572,18.352,0.029,45.988
2026-09-02T08:33:35.756765+07:00,c9_sim,108,3.412,21.536,0.487,15.326,0.017,40.779
2026-09-02T08:33:35.866520+07:00,c9_sim,109,4.455,26.013,0.474,21.201,0.017,52.161
2026-09-02T08:33:35.985118+07:00,c9_sim,110,5.145,31.804,0.638,23.114,0.031,60.732
2026-09-02T08:33:36.050345+07:00,c9_sim,111,5.107,16.075,0.459,16.156,0.015,37.812
2026-09-02T08:33:36.200182+07:00,c9_sim,112,5.382,32.533,0.634,23.175,0.024,61.748
2026-09-02T08:33:36.275567+07:00,c9_sim,113,4.618,29.532,0.440,21.754,0.022,56.367
2026-09-02T08:33:36.380138+07:00,c9_sim,114,4.293,27.707,0.451,21.114,0.018,53.583
2026-09-02T08:33:36.493140+07:00,c9_sim,115,4.480,28.885,0.430,21.868,0.017,55.679
2026-09-02T08:33:36.601131+07:00,c9_sim,116,4.587,30.857,0.604,23.022,0.024,59.094
2026-09-02T08:33:36.683217+07:00,c9_sim,117,4.386,28.727,0.495,21.154,0.015,54.779
2026-09-02T08:33:36.791347+07:00,c9_sim,118,4.946,29.179,0.582,21.748,0.025,56.480
2026-09-02T08:33:36.909561+07:00,c9_sim,119,5.177,31.790,0.591,22.912,0.020,60.490
2026-09-02T08:33:36.995638+07:00,c9_sim,120,4.911,30.020,0.495,22.946,0.029,58.402
2026-09-02T08:33:37.114204+07:00,c9_sim,121,4.942,31.430,0.564,22.821,0.023,59.779
2026-09-02T08:33:37.226592+07:00,c9_sim,122,5.019,34.299,0.542,17.686,0.027,57.573
2026-09-02T08:33:37.311603+07:00,c9_sim,123,4.928,15.819,0.533,20.694,0.020,41.995
2026-09-02T08:33:37.419485+07:00,c9_sim,124,5.180,25.172,0.671,19.096,0.033,50.152
2026-09-02T08:33:37.528486+07:00,c9_sim,125,4.776,26.348,0.647,19.079,0.023,50.874
2026-09-02T08:33:37.603676+07:00,c9_sim,126,4.363,24.263,0.419,19.224,0.015,48.284
2026-09-02T08:33:37.690332+07:00,c9_sim,127,5.061,15.534,0.386,15.346,0.014,36.340
2026-09-02T08:33:37.823331+07:00,c9_sim,128,5.539,21.190,0.408,18.429,0.015,45.580
2026-09-02T08:33:37.924042+07:00,c9_sim,129,5.631,18.905,0.498,18.209,0.015,43.258
2026-09-02T08:33:38.016433+07:00,c9_sim,130,5.511,19.249,0.581,16.579,0.019,41.939
2026-09-02T08:33:38.143332+07:00,c9_sim,131,5.764,24.644,0.513,18.641,0.017,49.579
2026-09-02T08:33:38.250445+07:00,c9_sim,132,5.319,27.605,0.564,20.281,0.019,53.788
2026-09-02T08:33:38.366159+07:00,c9_sim,133,5.430,28.921,0.681,22.949,0.029,58.010
2026-09-02T08:33:38.451804+07:00,c9_sim,134,4.491,30.028,0.541,22.441,0.016,57.517
2026-09-02T08:33:38.539783+07:00,c9_sim,135,4.929,15.864,0.510,16.369,0.018,37.689
2026-09-02T08:33:38.637103+07:00,c9_sim,136,5.177,18.493,0.458,16.316,0.017,40.461
2026-09-02T08:33:38.736140+07:00,c9_sim,137,5.369,19.159,0.504,17.965,0.015,43.013
2026-09-02T08:33:38.838035+07:00,c9_sim,138,5.750,20.275,0.461,17.982,0.016,44.485
2026-09-02T08:33:38.964661+07:00,c9_sim,139,5.948,25.698,0.459,19.371,0.017,51.492
2026-09-02T08:33:39.075015+07:00,c9_sim,140,4.796,30.185,0.595,23.146,0.021,58.744
2026-09-02T08:33:39.192784+07:00,c9_sim,141,5.403,30.345,0.582,23.109,0.025,59.464
2026-09-02T08:33:39.278099+07:00,c9_sim,142,4.251,29.846,0.548,22.591,0.024,57.261
2026-09-02T08:33:39.395417+07:00,c9_sim,143,5.093,31.430,0.547,22.808,0.022,59.899
2026-09-02T08:33:39.470247+07:00,c9_sim,144,4.566,29.728,0.428,19.613,0.014,54.349
2026-09-02T08:33:39.567231+07:00,c9_sim,145,4.494,17.123,0.426,17.665,0.027,39.735
2026-09-02T08:33:39.665422+07:00,c9_sim,146,5.347,17.995,0.466,17.321,0.017,41.146
2026-09-02T08:33:39.763575+07:00,c9_sim,147,5.178,17.988,0.462,16.734,0.014,40.377
2026-09-02T08:33:39.862449+07:00,c9_sim,148,5.219,19.548,0.461,16.882,0.016,42.126
2026-09-02T08:33:40.004132+07:00,c9_sim,149,5.735,31.331,0.602,20.691,0.019,58.380
2026-09-02T08:33:40.102318+07:00,c9_sim,150,5.661,17.934,0.424,16.374,0.015,40.407
2026-09-02T08:33:40.198072+07:00,c9_sim,151,5.148,18.498,0.432,16.921,0.014,41.013
2026-09-02T08:33:40.287921+07:00,c9_sim,152,4.586,17.247,0.349,16.232,0.016,38.430
2026-09-02T08:33:40.413882+07:00,c9_sim,153,5.263,22.305,0.553,18.195,0.020,46.337
2026-09-02T08:33:40.500455+07:00,c9_sim,154,4.969,22.483,0.493,17.863,0.013,45.821
2026-09-02T08:33:40.608432+07:00,c9_sim,155,5.382,25.554,0.525,20.350,0.018,51.829
2026-09-02T08:33:40.718971+07:00,c9_sim,156,5.431,30.802,0.502,23.007,0.021,59.764
2026-09-02T08:33:40.816847+07:00,c9_sim,157,5.440,17.226,0.428,17.706,0.015,40.815
2026-09-02T08:33:40.915149+07:00,c9_sim,158,5.028,18.177,0.451,16.761,0.014,40.432
2026-09-02T08:33:41.003935+07:00,c9_sim,159,5.535,18.425,0.399,15.401,0.017,39.776
2026-09-02T08:33:41.105346+07:00,c9_sim,160,5.105,21.080,0.408,17.782,0.015,44.391
2026-09-02T08:33:41.242441+07:00,c9_sim,161,5.711,24.695,0.582,18.919,0.025,49.930
2026-09-02T08:33:41.326353+07:00,c9_sim,162,4.863,27.629,0.535,23.057,0.024,56.108
2026-09-02T08:33:41.444905+07:00,c9_sim,163,5.207,31.595,0.519,22.912,0.023,60.256
2026-09-02T08:33:41.562567+07:00,c9_sim,164,5.134,31.533,0.530,22.818,0.024,60.039
2026-09-02T08:33:41.656545+07:00,c9_sim,165,4.548,30.795,0.609,30.209,0.018,66.179
2026-09-02T08:33:41.735818+07:00,c9_sim,166,3.518,26.615,0.400,21.052,0.023,51.608
2026-09-02T08:33:41.830148+07:00,c9_sim,167,4.613,16.140,0.411,16.056,0.018,37.238
2026-09-02T08:33:41.941348+07:00,c9_sim,168,6.056,18.706,0.437,17.971,0.015,43.185
2026-09-02T08:33:42.037560+07:00,c9_sim,169,5.014,18.406,0.417,14.190,0.018,38.045
2026-09-02T08:33:42.131848+07:00,c9_sim,170,5.024,17.562,0.361,14.837,0.017,37.801
2026-09-02T08:33:42.277902+07:00,c9_sim,171,5.172,30.022,0.550,22.980,0.029,58.754
2026-09-02T08:33:42.362948+07:00,c9_sim,172,4.473,30.296,0.503,21.649,0.018,56.940
2026-09-02T08:33:42.478368+07:00,c9_sim,173,4.668,29.919,0.435,22.835,0.021,57.879
2026-09-02T08:33:42.587627+07:00,c9_sim,174,4.820,31.815,0.578,20.143,0.017,57.373
2026-09-02T08:33:42.650124+07:00,c9_sim,175,4.489,15.166,0.348,14.969,0.016,34.988
2026-09-02T08:33:42.772138+07:00,c9_sim,176,5.222,18.951,0.548,18.685,0.017,43.423
2026-09-02T08:33:42.868737+07:00,c9_sim,177,4.055,19.579,0.479,13.691,0.015,37.820
2026-09-02T08:33:42.986042+07:00,c9_sim,178,4.416,19.301,0.507,15.609,0.016,39.849
2026-09-02T08:33:43.080102+07:00,c9_sim,179,4.591,21.936,0.485,17.499,0.026,44.537
2026-09-02T08:33:43.188593+07:00,c9_sim,180,5.536,24.648,0.492,21.374,0.026,52.076
2026-09-02T08:33:43.304181+07:00,c9_sim,181,5.746,32.027,0.657,20.483,0.017,58.930
2026-09-02T08:33:43.402673+07:00,c9_sim,182,4.932,17.795,0.489,18.117,0.019,41.352
2026-09-02T08:33:43.497256+07:00,c9_sim,183,4.833,17.778,0.498,17.782,0.011,40.903
2026-09-02T08:33:43.584411+07:00,c9_sim,184,4.857,19.222,0.535,17.004,0.016,41.635
2026-09-02T08:33:43.721308+07:00,c9_sim,185,5.955,23.046,0.587,20.474,0.018,50.080
2026-09-02T08:33:43.801608+07:00,c9_sim,186,5.359,26.915,0.432,20.406,0.018,53.131
2026-09-02T08:33:43.931463+07:00,c9_sim,187,5.472,27.925,0.581,23.253,0.016,57.247
2026-09-02T08:33:44.016824+07:00,c9_sim,188,4.713,30.175,0.495,22.317,0.017,57.717
2026-09-02T08:33:44.134426+07:00,c9_sim,189,4.827,30.972,0.553,23.009,0.021,59.381
2026-09-02T08:33:44.219533+07:00,c9_sim,190,4.843,30.354,0.556,21.719,0.014,57.486
2026-09-02T08:33:44.313284+07:00,c9_sim,191,4.523,16.084,0.387,15.617,0.025,36.637
2026-09-02T08:33:44.409126+07:00,c9_sim,192,5.178,17.454,0.420,16.892,0.016,39.959
2026-09-02T08:33:44.528170+07:00,c9_sim,193,5.308,19.031,0.460,17.744,0.019,42.563
2026-09-02T08:33:44.617116+07:00,c9_sim,194,5.152,18.975,0.422,17.109,0.013,41.671
2026-09-02T08:33:44.735139+07:00,c9_sim,195,5.227,21.356,0.477,18.718,0.016,45.794
2026-09-02T08:33:44.839563+07:00,c9_sim,196,5.454,23.068,0.484,18.466,0.015,47.487
2026-09-02T08:33:44.952406+07:00,c9_sim,197,4.823,28.846,0.469,20.270,0.018,54.426
2026-09-02T08:33:45.059780+07:00,c9_sim,198,5.171,25.547,0.482,18.430,0.022,49.652
2026-09-02T08:33:45.169420+07:00,c9_sim,199,4.964,30.642,0.488,22.368,0.019,58.481
2026-09-02T08:33:45.231980+07:00,c9_sim,200,4.449,14.997,0.438,14.924,0.013,34.821
2026-09-02T08:33:45.376228+07:00,c9_sim,201,4.878,29.415,0.484,22.262,0.019,57.058
2026-09-02T08:33:45.461765+07:00,c9_sim,202,4.841,30.016,0.500,22.836,0.018,58.211
2026-09-02T08:33:45.570113+07:00,c9_sim,203,4.581,30.830,0.585,21.438,0.016,57.449
2026-09-02T08:33:45.676070+07:00,c9_sim,204,3.601,16.488,0.351,13.424,0.013,33.877
2026-09-02T08:33:45.768967+07:00,c9_sim,205,4.034,16.094,0.376,15.099,0.012,35.615
2026-09-02T08:33:45.863509+07:00,c9_sim,206,4.441,16.851,0.391,15.809,0.014,37.506
2026-09-02T08:33:45.962865+07:00,c9_sim,207,5.004,18.130,0.514,18.844,0.017,42.509
2026-09-02T08:33:46.104550+07:00,c9_sim,208,5.786,31.989,0.617,20.191,0.017,58.600
2026-09-02T08:33:46.168234+07:00,c9_sim,209,4.704,14.709,0.380,16.475,0.014,36.282
2026-09-02T08:33:46.278982+07:00,c9_sim,210,5.315,13.671,0.258,9.844,0.014,29.103
2026-09-02T08:33:46.372201+07:00,c9_sim,211,6.142,19.941,0.525,18.167,0.015,44.789
2026-09-02T08:33:46.489822+07:00,c9_sim,212,5.774,20.491,0.513,18.689,0.017,45.483
2026-09-02T08:33:46.599082+07:00,c9_sim,213,5.448,27.325,0.618,20.838,0.023,54.252
2026-09-02T08:33:46.714671+07:00,c9_sim,214,5.171,29.058,0.558,22.806,0.021,57.614
2026-09-02T08:33:46.821190+07:00,c9_sim,215,5.345,31.226,0.531,19.534,0.015,56.651
2026-09-02T08:33:46.883697+07:00,c9_sim,216,4.922,15.368,0.348,14.520,0.013,35.171
2026-09-02T08:33:47.030214+07:00,c9_sim,217,5.786,31.182,0.561,22.238,0.023,59.791
2026-09-02T08:33:47.115168+07:00,c9_sim,218,4.853,29.851,0.438,22.471,0.020,57.633
2026-09-02T08:33:47.199816+07:00,c9_sim,219,4.727,29.655,0.443,22.160,0.020,57.006
2026-09-02T08:33:47.336491+07:00,c9_sim,220,4.804,30.393,0.603,20.715,0.018,56.534
2026-09-02T08:33:47.400086+07:00,c9_sim,221,4.873,15.536,0.380,15.551,0.015,36.355
2026-09-02T08:33:47.536919+07:00,c9_sim,222,5.172,30.182,0.583,20.420,0.016,56.373
2026-09-02T08:33:47.626048+07:00,c9_sim,223,4.590,16.129,0.419,16.489,0.014,37.641
2026-09-02T08:33:47.722011+07:00,c9_sim,224,4.995,16.499,0.503,17.393,0.014,39.404
2026-09-02T08:33:47.821700+07:00,c9_sim,225,5.287,18.742,0.423,17.611,0.015,42.078
2026-09-02T08:33:47.947920+07:00,c9_sim,226,5.442,22.253,0.474,18.181,0.013,46.364
2026-09-02T08:33:48.049880+07:00,c9_sim,227,5.066,20.921,0.485,17.476,0.018,43.966
2026-09-02T08:33:48.152605+07:00,c9_sim,228,4.710,23.940,0.498,19.264,0.019,48.431
2026-09-02T08:33:48.252951+07:00,c9_sim,229,4.841,22.836,0.460,19.188,0.016,47.342
2026-09-02T08:33:48.356767+07:00,c9_sim,230,4.449,25.329,0.468,20.036,0.017,50.300
2026-09-02T08:33:48.465228+07:00,c9_sim,231,4.880,29.635,0.438,21.440,0.016,56.409
2026-09-02T08:33:48.544319+07:00,c9_sim,232,3.313,27.591,0.309,19.964,0.019,51.197
2026-09-02T08:33:48.652250+07:00,c9_sim,233,4.314,29.448,0.378,21.452,0.013,55.605
2026-09-02T08:33:48.749184+07:00,c9_sim,234,5.005,16.923,0.444,18.279,0.015,40.666
2026-09-02T08:33:48.846291+07:00,c9_sim,235,5.040,17.775,0.507,16.694,0.015,40.030
2026-09-02T08:33:48.991978+07:00,c9_sim,236,5.546,32.569,0.572,23.582,0.019,62.287
2026-09-02T08:33:49.069959+07:00,c9_sim,237,4.206,30.511,0.496,20.924,0.014,56.150
2026-09-02T08:33:49.158344+07:00,c9_sim,238,4.301,16.263,0.359,15.764,0.015,36.702
2026-09-02T08:33:49.280226+07:00,c9_sim,239,5.287,18.879,0.468,18.430,0.019,43.083
2026-09-02T08:33:49.379141+07:00,c9_sim,240,5.134,19.413,0.467,17.043,0.019,42.077
2026-09-02T08:33:49.471539+07:00,c9_sim,241,5.406,21.077,0.491,17.189,0.017,44.179
2026-09-02T08:33:49.576373+07:00,c9_sim,242,5.462,22.073,0.573,18.325,0.022,46.455
2026-09-02T08:33:49.690232+07:00,c9_sim,243,5.302,27.851,0.523,21.805,0.022,55.504
2026-09-02T08:33:49.809742+07:00,c9_sim,244,5.308,32.113,0.576,23.336,0.018,61.350
2026-09-02T08:33:49.893691+07:00,c9_sim,245,4.665,29.672,0.520,23.034,0.013,57.905
2026-09-02T08:33:50.007781+07:00,c9_sim,246,5.129,29.601,0.504,21.869,0.022,57.126
2026-09-02T08:33:50.118872+07:00,c9_sim,247,4.612,31.109,0.570,23.300,0.019,59.610
2026-09-02T08:33:50.181713+07:00,c9_sim,248,4.606,14.778,0.377,15.596,0.026,35.383
2026-09-02T08:33:50.320327+07:00,c9_sim,249,4.774,29.206,0.499,20.119,0.020,54.617
2026-09-02T08:33:50.383275+07:00,c9_sim,250,4.951,15.425,0.409,16.712,0.014,37.510
2026-09-02T08:33:50.532184+07:00,c9_sim,251,6.203,31.532,0.528,23.337,0.021,61.621
2026-09-02T08:33:50.633989+07:00,c9_sim,252,4.579,30.414,0.571,23.065,0.023,58.651
2026-09-02T08:33:50.715539+07:00,c9_sim,253,4.252,28.469,0.362,20.431,0.015,53.529
2026-09-02T08:33:50.826982+07:00,c9_sim,254,4.861,29.408,0.464,22.461,0.016,57.210
2026-09-02T08:33:50.936032+07:00,c9_sim,255,5.301,32.684,0.486,22.406,0.015,60.891
2026-09-02T08:33:51.035950+07:00,c9_sim,256,5.281,18.010,0.463,18.437,0.016,42.206
2026-09-02T08:33:51.120877+07:00,c9_sim,257,4.731,16.984,0.450,16.582,0.013,38.759
2026-09-02T08:33:51.198485+07:00,c9_sim,258,5.558,16.565,0.000,0.000,0.008,22.131
2026-09-02T08:33:51.315365+07:00,c8_sim,57,5.424,28.992,0.000,0.000,0.012,34.428
2026-09-02T08:33:51.433899+07:00,c8_sim,58,7.918,31.217,0.000,0.000,0.017,39.152
2026-09-02T08:33:51.491431+07:00,c8_sim,59,8.272,30.601,0.000,0.000,0.008,38.880
2026-09-02T08:33:51.584357+07:00,c8_sim,60,10.058,31.652,0.000,0.000,0.020,41.729
2026-09-02T08:33:51.673842+07:00,c8_sim,61,11.515,29.372,0.000,0.000,0.009,40.896
2026-09-02T08:33:51.761948+07:00,c8_sim,62,8.039,31.664,0.000,0.000,0.007,39.709
2026-09-02T08:33:51.851459+07:00,c8_sim,63,7.221,32.689,0.754,0.000,0.008,40.673
2026-09-02T08:33:51.935791+07:00,c8_sim,64,9.131,30.439,0.000,0.000,0.007,39.578
2026-09-02T08:33:52.023589+07:00,c8_sim,65,8.872,31.860,0.000,0.000,0.345,41.077
2026-09-02T08:33:52.122606+07:00,c8_sim,66,10.369,35.540,2.318,0.007,0.214,48.448
2026-09-02T08:33:52.214910+07:00,c8_sim,67,11.154,36.480,0.974,0.007,0.021,48.636
2026-09-02T08:33:52.291393+07:00,c8_sim,68,8.739,43.526,0.705,0.005,0.016,52.991
2026-09-02T08:33:52.388079+07:00,c8_sim,69,8.040,32.920,0.739,0.005,0.016,41.720
2026-09-02T08:33:52.448657+07:00,c8_sim,70,7.418,28.679,0.000,0.000,0.014,36.111
2026-09-02T08:33:52.533746+07:00,c8_sim,71,7.906,31.730,0.000,0.000,0.009,39.644
2026-09-02T08:33:52.624119+07:00,c8_sim,72,7.141,33.200,1.771,0.000,0.014,42.125
2026-09-02T08:33:52.718471+07:00,c8_sim,73,9.271,34.005,0.559,0.000,0.009,43.843
2026-09-02T08:33:52.787279+07:00,c8_sim,74,7.388,35.402,0.467,0.005,0.184,43.446
2026-09-02T08:33:52.887520+07:00,c8_sim,75,9.410,35.174,0.846,0.004,0.018,45.452
2026-09-02T08:33:52.982184+07:00,c8_sim,76,8.803,35.919,1.035,0.007,0.024,45.789
2026-09-02T08:33:53.041155+07:00,c8_sim,77,7.354,31.768,0.781,0.005,0.020,39.927
2026-09-02T08:33:53.165687+07:00,c8_sim,78,8.140,35.703,0.691,24.441,0.020,68.994
2026-09-02T08:33:53.241364+07:00,c8_sim,79,6.677,28.884,0.412,20.990,0.012,56.975
2026-09-02T08:33:53.298384+07:00,c8_sim,80,3.627,22.384,0.313,9.746,0.012,36.081
2026-09-02T08:33:53.382581+07:00,c8_sim,81,3.585,14.387,0.297,10.609,0.014,28.892
2026-09-02T08:33:53.525267+07:00,c8_sim,82,7.070,33.111,0.665,22.230,0.014,63.089
2026-09-02T08:33:53.586925+07:00,c8_sim,83,5.686,29.250,0.594,0.005,0.013,35.548
2026-09-02T08:33:53.701074+07:00,c8_sim,84,8.013,30.991,0.621,23.642,0.021,63.288
2026-09-02T08:33:53.728003+07:00,c8_sim,85,5.981,12.452,0.349,13.328,0.008,32.117
2026-09-02T08:33:53.836822+07:00,c8_sim,86,6.629,15.795,0.477,17.315,0.009,40.225
2026-09-02T08:33:53.926359+07:00,c8_sim,87,6.623,17.187,0.457,16.350,0.010,40.627
2026-09-02T08:33:54.014074+07:00,c8_sim,88,6.316,18.166,0.428,16.321,0.014,41.246
2026-09-02T08:33:54.072227+07:00,c8_sim,89,5.707,14.943,0.378,14.510,0.008,35.545
2026-09-02T08:33:54.192886+07:00,c8_sim,90,6.803,20.156,0.523,18.396,0.015,45.893
2026-09-02T08:33:54.262522+07:00,c8_sim,91,6.751,21.183,0.578,18.333,0.022,46.868
2026-09-02T08:33:54.369074+07:00,c8_sim,92,5.406,27.097,0.644,20.761,0.011,53.919
2026-09-02T08:33:54.419271+07:00,c8_sim,93,4.773,13.260,0.447,13.623,0.009,32.113
2026-09-02T08:33:54.509692+07:00,c8_sim,94,5.902,15.259,0.387,14.931,0.010,36.490
2026-09-02T08:33:54.603367+07:00,c8_sim,95,6.534,15.559,0.518,15.489,0.015,38.115
2026-09-02T08:33:54.693943+07:00,c8_sim,96,6.407,17.043,0.511,17.014,0.024,40.999
2026-09-02T08:33:54.784854+07:00,c8_sim,97,6.814,20.169,0.476,19.916,0.016,47.391
2026-09-02T08:33:54.864171+07:00,c8_sim,98,5.420,26.872,0.410,20.729,0.016,53.447
2026-09-02T08:33:54.968120+07:00,c8_sim,99,6.286,27.018,0.470,20.985,0.025,54.784
2026-09-02T08:33:55.045402+07:00,c8_sim,100,6.071,25.649,0.612,19.309,0.021,51.663
2026-09-02T08:33:55.124422+07:00,c8_sim,101,6.368,25.543,0.489,20.463,0.024,52.887
2026-09-02T08:33:55.232018+07:00,c8_sim,102,5.972,27.692,0.595,22.456,0.019,56.735
2026-09-02T08:33:55.315977+07:00,c8_sim,103,6.101,29.604,0.518,21.552,0.019,57.793
2026-09-02T08:33:55.393143+07:00,c8_sim,104,5.817,27.122,0.406,21.173,0.027,54.545
2026-09-02T08:33:55.511968+07:00,c8_sim,105,6.084,32.067,0.804,31.781,0.019,70.755
2026-09-02T08:33:55.550475+07:00,c8_sim,106,7.567,25.021,0.357,12.276,0.016,45.237
2026-09-02T08:33:55.657256+07:00,c8_sim,107,4.997,16.509,0.370,12.175,0.013,34.064
2026-09-02T08:33:55.714707+07:00,c8_sim,108,4.559,13.679,0.318,11.949,0.013,30.520
2026-09-02T08:33:55.806612+07:00,c8_sim,109,5.305,16.834,0.351,14.128,0.013,36.631
2026-09-02T08:33:55.896175+07:00,c8_sim,110,4.712,16.121,0.327,11.769,0.016,32.944
2026-09-02T08:33:55.982308+07:00,c8_sim,111,8.057,19.700,0.541,14.335,0.017,42.649
2026-09-02T08:33:56.085233+07:00,c8_sim,112,6.917,22.561,0.547,18.287,0.027,48.339
2026-09-02T08:33:56.162451+07:00,c8_sim,113,6.267,25.598,0.502,19.363,0.021,51.752
2026-09-02T08:33:56.245440+07:00,c8_sim,114,6.439,28.298,0.548,21.597,0.031,56.913
2026-09-02T08:33:56.356662+07:00,c8_sim,115,5.741,27.817,0.451,20.925,0.034,54.968
2026-09-02T08:33:56.436330+07:00,c8_sim,116,5.476,27.717,0.411,20.148,0.014,53.765
2026-09-02T08:33:56.485060+07:00,c8_sim,117,5.798,14.057,0.336,12.566,0.010,32.767
2026-09-02T08:33:56.576892+07:00,c8_sim,118,6.140,15.569,0.361,14.254,0.014,36.338
2026-09-02T08:33:56.671242+07:00,c8_sim,119,6.302,16.619,0.438,15.790,0.014,39.162
2026-09-02T08:33:56.756836+07:00,c8_sim,120,6.505,17.185,0.380,15.484,0.011,39.564
2026-09-02T08:33:56.857668+07:00,c8_sim,121,6.346,20.310,0.429,17.997,0.016,45.098
2026-09-02T08:33:56.916448+07:00,c8_sim,122,6.457,25.633,0.383,0.003,0.008,32.484
2026-09-02T08:33:57.032654+07:00,c8_sim,123,8.671,28.318,0.399,22.879,0.031,60.298
2026-09-02T08:33:57.111990+07:00,c8_sim,124,5.642,26.828,0.371,20.021,0.021,52.882
2026-09-02T08:33:57.191879+07:00,c8_sim,125,4.077,27.168,0.384,20.890,0.025,52.546
2026-09-02T08:33:57.303425+07:00,c8_sim,126,5.491,29.113,0.514,19.598,0.020,54.735
2026-09-02T08:33:57.363817+07:00,c8_sim,127,5.570,13.851,0.429,14.633,0.014,34.497
2026-09-02T08:33:57.438103+07:00,c8_sim,128,5.832,13.111,0.000,0.000,0.007,18.950
2026-09-02T08:33:57.504814+07:00,c10_sim,1,4.928,14.579,0.000,0.000,0.004,19.511
2026-09-02T08:33:57.673178+07:00,c10_sim,2,7.074,30.896,0.000,0.000,0.005,37.975
2026-09-02T08:33:57.816204+07:00,c10_sim,3,8.976,29.128,0.000,0.000,0.006,38.110
2026-09-02T08:33:57.968044+07:00,c10_sim,4,10.230,31.810,0.000,0.000,0.009,42.050
2026-09-02T08:33:58.102832+07:00,c10_sim,5,9.640,27.371,0.000,0.000,0.005,37.016
2026-09-02T08:33:58.269428+07:00,c10_sim,6,9.191,31.978,0.000,0.000,0.006,41.175
2026-09-02T08:33:58.442163+07:00,c10_sim,7,10.017,36.983,0.724,24.854,0.099,72.678
2026-09-02T08:33:58.591065+07:00,c10_sim,8,8.182,31.557,0.669,23.202,0.021,63.631
2026-09-02T08:33:58.706990+07:00,c10_sim,9,7.645,30.428,0.408,22.512,0.017,61.011
2026-09-02T08:33:58.852900+07:00,c10_sim,10,9.360,36.337,0.898,22.726,0.012,69.332
2026-09-02T08:33:58.973029+07:00,c10_sim,11,7.981,18.747,0.545,18.075,0.009,45.356
2026-09-02T08:33:59.167970+07:00,c10_sim,12,8.372,47.323,0.725,23.056,0.018,79.493
2026-09-02T08:33:59.270434+07:00,c10_sim,13,6.212,24.895,0.544,14.183,0.012,45.845
2026-09-02T08:33:59.442317+07:00,c10_sim,14,6.267,30.343,0.722,23.072,0.018,60.421
2026-09-02T08:33:59.618742+07:00,c10_sim,15,7.270,41.016,0.679,45.136,0.061,94.162
2026-09-02T08:33:59.726415+07:00,c10_sim,16,4.968,20.419,0.456,25.224,0.011,51.078
2026-09-02T08:33:59.882310+07:00,c10_sim,17,5.571,27.858,0.525,35.478,0.011,69.443
2026-09-02T08:34:00.007874+07:00,c10_sim,18,6.237,16.449,0.512,31.395,0.013,54.605
2026-09-02T08:34:00.143722+07:00,c10_sim,19,6.462,18.950,0.617,29.550,0.012,55.590
2026-09-02T08:34:00.333086+07:00,c10_sim,20,7.088,29.927,0.723,44.332,0.016,82.085
2026-09-02T08:34:00.467329+07:00,c10_sim,21,4.990,35.525,0.534,40.640,0.016,81.704
2026-09-02T08:34:00.599256+07:00,c10_sim,22,5.606,27.213,0.514,42.431,0.013,75.778
2026-09-02T08:34:00.750186+07:00,c10_sim,23,6.026,27.917,0.551,33.181,0.013,67.688
2026-09-02T08:34:00.884054+07:00,c10_sim,24,5.479,17.515,0.554,29.903,0.017,53.469
2026-09-02T08:34:01.013046+07:00,c10_sim,25,6.271,16.956,0.450,25.761,0.014,49.453
2026-09-02T08:34:01.147286+07:00,c10_sim,26,6.489,18.840,0.563,27.302,0.016,53.210
2026-09-02T08:34:01.330084+07:00,c10_sim,27,7.014,28.521,0.730,44.852,0.021,81.138
2026-09-02T08:34:01.464031+07:00,c10_sim,28,5.619,28.090,0.545,43.467,0.019,77.740
2026-09-02T08:34:01.621110+07:00,c10_sim,29,6.222,29.800,0.648,42.465,0.017,79.153
2026-09-02T08:34:01.748789+07:00,c10_sim,30,5.698,25.828,0.549,39.684,0.018,71.777
2026-09-02T08:34:01.899687+07:00,c10_sim,31,7.152,36.429,0.585,33.204,0.018,77.387
2026-09-02T08:34:02.004039+07:00,c10_sim,32,5.590,15.406,0.453,26.951,0.016,48.416
2026-09-02T08:34:02.182871+07:00,c10_sim,33,6.522,28.023,0.654,36.993,0.019,72.211
2026-09-02T08:34:02.333355+07:00,c10_sim,34,6.403,28.268,0.719,34.964,0.017,70.372
2026-09-02T08:34:02.466892+07:00,c10_sim,35,6.204,17.539,0.550,31.027,0.013,55.332
2026-09-02T08:34:02.593010+07:00,c10_sim,36,6.473,18.129,0.512,16.917,0.027,42.057
2026-09-02T08:34:02.780141+07:00,c10_sim,37,8.144,34.274,0.578,46.091,0.027,89.114
2026-09-02T08:34:02.918789+07:00,c10_sim,38,6.468,30.487,0.583,44.626,0.018,82.182
2026-09-02T08:34:03.006911+07:00,c10_sim,39,5.572,14.941,0.498,15.290,0.018,36.319
2026-09-02T08:34:03.211735+07:00,c10_sim,40,8.680,38.778,1.052,24.736,0.032,73.278
2026-09-02T08:34:03.330393+07:00,c10_sim,41,6.358,31.314,0.676,23.586,0.034,61.968
2026-09-02T08:34:03.483021+07:00,c10_sim,42,6.385,31.993,0.777,34.812,0.021,73.988
2026-09-02T08:34:03.604428+07:00,c10_sim,43,6.205,16.157,0.492,28.404,0.015,51.273
2026-09-02T08:34:03.730164+07:00,c10_sim,44,7.155,16.715,0.527,16.666,0.017,41.080
2026-09-02T08:34:03.909752+07:00,c10_sim,45,6.441,31.818,0.770,23.464,0.028,62.521
2026-09-02T08:34:04.063838+07:00,c10_sim,46,6.478,43.201,0.694,23.532,0.024,73.928
2026-09-02T08:34:04.189481+07:00,c10_sim,47,7.334,31.616,0.818,0.004,0.017,39.790
2026-09-02T08:34:04.330397+07:00,c10_sim,48,22.340,29.889,1.123,0.009,0.028,53.388
2026-09-02T08:34:04.476324+07:00,c10_sim,49,10.224,36.088,1.425,0.007,0.028,47.771
2026-09-02T08:34:04.601207+07:00,c10_sim,50,10.109,32.553,0.835,0.007,0.020,43.523
2026-09-02T08:34:04.766595+07:00,c10_sim,51,10.193,31.980,0.467,18.092,0.018,60.752
2026-09-02T08:34:04.887583+07:00,c10_sim,52,7.244,33.159,0.772,0.004,0.014,41.194
2026-09-02T08:34:05.030598+07:00,c10_sim,53,9.472,32.788,0.000,0.000,0.022,42.282
2026-09-02T08:34:05.167088+07:00,c10_sim,54,10.278,34.818,0.513,0.003,0.013,45.626
2026-09-02T08:34:05.341390+07:00,c10_sim,55,9.312,33.170,0.589,0.005,0.014,43.090
2026-09-02T08:34:05.458262+07:00,c10_sim,56,10.196,31.215,0.000,0.000,0.008,41.419
2026-09-02T08:34:05.614919+07:00,c10_sim,57,10.174,34.258,0.000,0.000,0.009,44.441
2026-09-02T08:34:05.758930+07:00,c10_sim,58,8.992,35.308,1.044,0.000,0.017,45.362
2026-09-02T08:34:05.899326+07:00,c12_sim,1,6.633,32.536,0.000,0.000,0.011,39.180
2026-09-02T08:34:06.032335+07:00,c12_sim,2,8.674,32.213,0.000,0.000,0.008,40.894
2026-09-02T08:34:06.177006+07:00,c12_sim,3,7.448,33.476,0.000,0.000,0.013,40.937
2026-09-02T08:34:06.334841+07:00,c12_sim,4,9.891,32.127,0.000,0.000,0.008,42.025
2026-09-02T08:34:06.479182+07:00,c12_sim,5,10.903,35.521,0.462,23.174,0.057,70.116
2026-09-02T08:34:06.619805+07:00,c12_sim,6,6.285,31.447,0.647,20.822,0.012,59.213
2026-09-02T08:34:06.715841+07:00,c12_sim,7,6.142,15.575,0.000,0.000,0.008,21.726
2026-09-02T08:34:06.935155+07:00,c12_sim,8,10.413,34.190,0.770,45.330,0.048,90.752
2026-09-02T08:34:06.982268+07:00,c12_sim,9,5.290,15.417,0.456,0.000,0.007,21.169
2026-09-02T08:34:07.153886+07:00,c12_sim,10,8.805,33.150,1.037,0.000,0.023,43.016
2026-09-02T08:34:07.318279+07:00,c12_sim,11,8.163,36.618,1.063,26.397,0.027,72.269
2026-09-02T08:34:07.441879+07:00,c12_sim,12,6.757,20.342,0.612,19.122,0.014,46.847
2026-09-02T08:34:07.561746+07:00,c12_sim,13,6.351,18.725,0.523,17.906,0.016,43.521
2026-09-02T08:34:07.735681+07:00,c12_sim,14,7.888,36.032,1.030,22.891,0.016,67.856
2026-09-02T08:34:07.853646+07:00,c12_sim,15,7.073,19.655,0.596,17.886,0.015,45.225
2026-09-02T08:34:07.979765+07:00,c12_sim,16,7.586,20.818,0.555,19.452,0.012,48.423
2026-09-02T08:34:08.149805+07:00,c12_sim,17,7.101,34.078,0.626,23.100,0.017,64.924
2026-09-02T08:34:08.264120+07:00,c12_sim,18,7.279,30.792,0.672,22.136,0.014,60.893
2026-09-02T08:34:08.425893+07:00,c12_sim,19,7.562,30.997,0.672,23.005,0.019,62.255
2026-09-02T08:34:08.568909+07:00,c12_sim,20,7.303,33.099,0.649,22.186,0.018,63.255
2026-09-02T08:34:08.680988+07:00,c12_sim,21,6.997,18.636,0.562,17.731,0.014,43.940
2026-09-02T08:34:08.846943+07:00,c12_sim,22,5.799,30.089,0.604,22.208,0.018,58.718
2026-09-02T08:34:08.970227+07:00,c12_sim,23,6.468,31.719,0.680,20.516,0.137,59.519
2026-09-02T08:34:09.069008+07:00,c12_sim,24,5.841,15.724,0.000,0.000,0.013,21.578
2026-09-02T08:34:09.242191+07:00,c12_sim,25,8.284,33.694,0.000,0.000,0.021,41.999
2026-09-02T08:34:09.374294+07:00,c12_sim,26,8.879,31.980,0.000,0.000,0.010,40.869
2026-09-02T08:34:09.513646+07:00,c12_sim,27,9.810,36.893,1.217,0.000,0.025,47.944
2026-09-02T08:34:09.663187+07:00,c12_sim,28,8.317,37.031,1.054,0.000,0.019,46.421
2026-09-02T08:34:09.770253+07:00,c12_sim,29,9.244,32.701,0.000,0.000,0.022,41.967
2026-09-02T08:34:09.903783+07:00,c12_sim,30,7.768,21.025,0.839,0.000,0.016,29.647
2026-09-02T08:34:10.069877+07:00,c12_sim,31,9.816,34.133,0.000,0.000,0.024,43.972
2026-09-02T08:34:10.183920+07:00,c11_sim,1,6.302,32.391,0.000,0.000,0.007,38.700
2026-09-02T08:34:10.319448+07:00,c11_sim,2,8.851,32.820,0.000,0.000,0.012,41.683
2026-09-02T08:34:10.457192+07:00,c11_sim,3,9.480,33.368,0.000,0.000,0.013,42.861
2026-09-02T08:34:10.569666+07:00,c11_sim,4,9.731,32.829,0.000,0.000,0.014,42.574
2026-09-02T08:34:10.701261+07:00,c11_sim,5,10.123,36.161,0.601,23.242,0.077,70.204
2026-09-02T08:34:10.792932+07:00,c11_sim,6,7.812,17.921,0.481,16.531,0.011,42.756
2026-09-02T08:34:10.936866+07:00,c11_sim,7,7.268,31.662,0.000,0.000,0.007,38.938
2026-09-02T08:34:11.062882+07:00,c11_sim,8,10.418,39.269,0.989,0.005,0.028,50.708
2026-09-02T08:34:11.168717+07:00,c11_sim,9,10.326,33.333,0.000,0.000,0.024,43.683
2026-09-02T08:34:11.270593+07:00,c11_sim,10,8.846,30.217,0.000,0.000,0.011,39.074
2026-09-02T08:34:11.413241+07:00,c11_sim,11,8.991,36.902,0.980,0.007,0.025,46.905
2026-09-02T08:34:11.509676+07:00,c11_sim,12,9.821,33.086,0.000,0.000,0.026,42.934
2026-09-02T08:34:11.651667+07:00,c11_sim,13,8.705,32.850,0.000,0.000,0.023,41.578
2026-09-02T08:34:11.765672+07:00,c11_sim,14,10.782,33.586,0.000,0.000,0.022,44.390
2026-09-02T08:34:11.912384+07:00,c11_sim,15,10.446,37.912,1.140,25.364,0.017,74.879
2026-09-02T08:34:12.028349+07:00,c11_sim,16,7.001,31.390,0.571,22.697,0.015,61.673
2026-09-02T08:34:12.144776+07:00,c11_sim,17,7.062,31.485,0.706,23.022,0.018,62.292
2026-09-02T08:34:12.258771+07:00,c11_sim,18,6.864,30.025,0.655,22.246,0.018,59.809
2026-09-02T08:34:12.394448+07:00,c11_sim,19,6.822,31.578,0.570,22.556,0.017,61.543
2026-09-02T08:34:12.508001+07:00,c11_sim,20,6.389,29.801,0.489,22.094,0.011,58.784
2026-09-02T08:34:12.623773+07:00,c11_sim,21,6.567,31.205,0.652,22.802,0.018,61.243
2026-09-02T08:34:12.740413+07:00,c11_sim,22,7.436,31.763,0.561,22.779,0.019,62.557
2026-09-02T08:34:12.883196+07:00,c11_sim,23,7.730,32.562,0.578,22.888,0.016,63.775
2026-09-02T08:34:12.963423+07:00,c11_sim,24,5.845,29.766,0.497,22.593,0.014,58.716
2026-09-02T08:34:13.100760+07:00,c11_sim,25,6.650,31.782,0.559,22.707,0.017,61.715
2026-09-02T08:34:13.182654+07:00,c11_sim,26,7.251,14.994,0.000,0.000,0.010,22.255
2026-09-02T08:34:13.360792+07:00,c11_sim,27,10.715,36.513,1.141,23.718,0.011,72.098
2026-09-02T08:34:13.468274+07:00,c11_sim,28,3.595,25.589,0.329,20.547,0.013,50.072
2026-09-02T08:34:13.548515+07:00,c11_sim,29,4.987,12.766,0.337,12.864,0.010,30.965
2026-09-02T08:34:13.714712+07:00,c11_sim,30,6.933,28.672,0.633,21.737,0.026,58.001
2026-09-02T08:34:13.828674+07:00,c11_sim,31,6.745,30.911,0.596,22.705,0.028,60.985
2026-09-02T08:34:13.944455+07:00,c11_sim,32,6.577,31.226,0.551,22.635,0.024,61.013
2026-09-02T08:34:14.045050+07:00,c11_sim,33,4.281,27.621,0.343,20.207,0.015,52.466
2026-09-02T08:34:14.184991+07:00,c11_sim,34,6.218,28.332,0.516,21.321,0.017,56.404
2026-09-02T08:34:14.267299+07:00,c11_sim,35,6.883,15.024,0.425,14.892,0.015,37.239
2026-09-02T08:34:14.388428+07:00,c11_sim,36,7.217,18.004,0.525,17.603,0.017,43.365
2026-09-02T08:34:14.544419+07:00,c11_sim,37,7.805,31.512,0.508,22.854,0.019,62.697
2026-09-02T08:34:14.660455+07:00,c11_sim,38,6.765,31.396,0.614,22.890,0.024,61.688
2026-09-02T08:34:14.774161+07:00,c11_sim,39,7.192,29.855,0.541,22.114,0.023,59.724
2026-09-02T08:34:14.908648+07:00,c11_sim,40,7.195,29.648,0.519,22.702,0.022,60.087
2026-09-02T08:34:15.023721+07:00,c11_sim,41,6.253,30.587,0.580,22.793,0.021,60.233
2026-09-02T08:34:15.114148+07:00,c11_sim,42,6.648,15.073,0.431,15.779,0.016,37.947
2026-09-02T08:34:15.258684+07:00,c11_sim,43,6.394,31.858,0.665,23.153,0.031,62.101
2026-09-02T08:34:15.375049+07:00,c11_sim,44,7.579,31.481,0.551,22.740,0.020,62.371
2026-09-02T08:34:15.487115+07:00,c11_sim,45,6.805,30.669,0.582,19.356,0.016,57.428
2026-09-02T08:34:15.615195+07:00,c11_sim,46,7.322,18.364,0.499,17.599,0.017,43.801
2026-09-02T08:34:15.737230+07:00,c11_sim,47,7.199,19.989,0.494,17.990,0.018,45.690
2026-09-02T08:34:15.866065+07:00,c11_sim,48,7.346,22.332,0.548,20.595,0.016,50.836
2026-09-02T08:34:15.983281+07:00,c11_sim,49,7.620,21.637,0.686,19.565,0.016,49.524
2026-09-02T08:34:16.104557+07:00,c11_sim,50,7.239,24.248,0.563,19.162,0.021,51.233
2026-09-02T08:34:16.217295+07:00,c11_sim,51,6.947,30.151,0.587,22.856,0.022,60.562
2026-09-02T08:34:16.308972+07:00,c11_sim,52,7.215,16.723,0.426,15.671,0.018,40.053
2026-09-02T08:34:16.452763+07:00,c11_sim,53,7.730,30.614,0.689,21.305,0.018,60.355
2026-09-02T08:34:16.572386+07:00,c11_sim,54,7.911,18.572,0.626,19.249,0.015,46.372
2026-09-02T08:34:16.668279+07:00,c11_sim,55,7.087,17.915,0.444,16.424,0.017,41.886
2026-09-02T08:34:16.798403+07:00,c11_sim,56,7.299,20.875,0.446,17.722,0.015,46.357
2026-09-02T08:34:16.912368+07:00,c11_sim,57,6.548,21.236,0.393,17.309,0.014,45.499
2026-09-02T08:34:17.076114+07:00,c11_sim,58,7.873,36.292,0.831,23.074,0.017,68.087
2026-09-02T08:34:17.191955+07:00,c11_sim,59,6.716,31.104,0.537,22.836,0.018,61.211
2026-09-02T08:34:17.307981+07:00,c11_sim,60,6.560,31.430,0.575,22.833,0.023,61.421
2026-09-02T08:34:17.402816+07:00,c11_sim,61,6.009,30.757,0.545,20.738,0.016,58.066
2026-09-02T08:34:17.516770+07:00,c11_sim,62,7.712,17.905,0.446,18.161,0.015,44.238
2026-09-02T08:34:17.636871+07:00,c11_sim,63,7.094,19.500,0.481,16.827,0.022,43.924
2026-09-02T08:34:17.767288+07:00,c11_sim,64,6.693,20.936,0.445,17.899,0.015,45.988
2026-09-02T08:34:17.871633+07:00,c11_sim,65,6.166,25.213,0.000,0.000,0.008,31.388
2026-09-02T08:34:18.028250+07:00,c11_sim,66,9.687,30.415,0.592,23.012,0.023,63.730
2026-09-02T08:34:18.139948+07:00,c11_sim,67,7.030,28.370,0.576,21.676,0.024,57.677
2026-09-02T08:34:18.277474+07:00,c11_sim,68,7.677,32.253,0.384,20.688,0.024,61.026
2026-09-02T08:34:18.395361+07:00,c11_sim,69,6.239,33.440,0.770,21.952,0.019,62.419
2026-09-02T08:34:18.503007+07:00,c11_sim,70,6.550,31.556,0.667,20.411,0.018,59.203
2026-09-02T08:34:18.594499+07:00,c11_sim,71,6.842,17.212,0.690,16.264,0.018,41.027
2026-09-02T08:34:18.716373+07:00,c11_sim,72,5.501,15.671,0.356,17.709,0.021,39.258
2026-09-02T08:34:18.854874+07:00,c11_sim,73,7.444,31.609,0.552,27.405,0.050,67.060
2026-09-02T08:34:18.997236+07:00,c11_sim,74,5.509,24.560,0.598,41.283,0.019,71.969
2026-09-02T08:34:19.105357+07:00,c11_sim,75,5.073,28.988,0.727,21.569,0.014,56.372
2026-09-02T08:34:19.209517+07:00,c11_sim,76,6.267,28.173,0.467,20.691,0.014,55.612
2026-09-02T08:34:19.326406+07:00,c11_sim,77,6.958,32.118,0.686,23.029,0.021,62.811
2026-09-02T08:34:19.463213+07:00,c11_sim,78,7.814,31.034,0.693,23.330,0.020,62.891
2026-09-02T08:34:19.563988+07:00,c11_sim,79,6.910,30.671,0.543,22.356,0.016,60.497
2026-09-02T08:34:19.709711+07:00,c11_sim,80,7.320,30.511,1.133,22.934,0.017,61.915
2026-09-02T08:34:19.824974+07:00,c11_sim,81,6.817,30.204,0.599,22.855,0.020,60.495
2026-09-02T08:34:19.951238+07:00,c11_sim,82,6.702,30.229,0.598,42.792,0.015,80.336
2026-09-02T08:34:20.067187+07:00,c11_sim,83,5.262,22.168,0.557,33.406,0.018,61.411
2026-09-02T08:34:20.188270+07:00,c11_sim,84,5.132,23.284,0.508,35.733,0.018,64.676
2026-09-02T08:34:20.316229+07:00,c11_sim,85,5.037,26.917,0.572,39.633,0.029,72.188
2026-09-02T08:34:20.444175+07:00,c11_sim,86,5.062,27.833,0.566,42.414,0.031,75.905
2026-09-02T08:34:20.543134+07:00,c11_sim,87,4.607,26.676,0.398,40.869,0.016,72.567
2026-09-02T08:34:20.665578+07:00,c11_sim,88,4.985,28.524,0.580,32.071,0.017,66.177
2026-09-02T08:34:20.769930+07:00,c11_sim,89,5.299,15.564,0.464,27.035,0.018,48.379
2026-09-02T08:34:20.906706+07:00,c11_sim,90,5.589,17.450,0.526,29.399,0.014,52.978
2026-09-02T08:34:21.011839+07:00,c11_sim,91,5.035,16.379,0.448,27.343,0.020,49.224
2026-09-02T08:34:21.116457+07:00,c11_sim,92,5.429,16.960,0.468,27.153,0.019,50.029
2026-09-02T08:34:21.262165+07:00,c11_sim,93,5.603,24.371,0.552,36.765,0.024,67.315
2026-09-02T08:34:21.356961+07:00,c11_sim,94,5.487,13.446,0.467,26.431,0.021,45.852
2026-09-02T08:34:21.494477+07:00,c11_sim,95,6.023,17.220,0.514,28.591,0.021,52.368
2026-09-02T08:34:21.610861+07:00,c11_sim,96,5.082,17.365,0.446,27.312,0.016,50.221
2026-09-02T08:34:21.732532+07:00,c11_sim,97,5.251,18.044,0.498,28.324,0.020,52.137
2026-09-02T08:34:21.855043+07:00,c11_sim,98,5.522,19.302,0.471,29.395,0.021,54.711
2026-09-02T08:34:21.965344+07:00,c11_sim,99,4.666,21.512,0.405,33.347,0.018,59.949
2026-09-02T08:34:22.085264+07:00,c11_sim,100,5.516,22.202,1.079,34.823,0.025,63.645
2026-09-02T08:34:22.248697+07:00,c11_sim,101,6.122,27.240,0.711,43.596,0.025,77.694
2026-09-02T08:34:22.346274+07:00,c11_sim,102,4.569,27.415,0.485,40.093,0.032,72.594
2026-09-02T08:34:22.463301+07:00,c11_sim,103,5.185,26.236,0.506,42.683,0.023,74.634
2026-09-02T08:34:22.595007+07:00,c11_sim,104,4.969,29.066,0.497,42.700,0.025,77.258
2026-09-02T08:34:22.718599+07:00,c11_sim,105,4.543,27.897,0.514,40.957,0.017,73.928
2026-09-02T08:34:22.788127+07:00,c11_sim,106,4.240,13.364,0.396,24.857,0.014,42.871
2026-09-02T08:34:22.919414+07:00,c11_sim,107,5.503,16.736,0.482,27.843,0.015,50.579
2026-09-02T08:34:23.059570+07:00,c11_sim,108,5.349,18.210,0.502,31.385,0.015,55.461
2026-09-02T08:34:23.169296+07:00,c11_sim,109,5.327,18.817,0.457,29.489,0.016,54.106
2026-09-02T08:34:23.290375+07:00,c11_sim,110,5.548,21.394,0.557,37.437,0.031,64.966
2026-09-02T08:34:23.447589+07:00,c11_sim,111,5.613,29.368,0.609,43.125,0.022,78.738
2026-09-02T08:34:23.543093+07:00,c11_sim,112,4.519,26.507,0.434,40.824,0.041,72.324
2026-09-02T08:34:23.677306+07:00,c11_sim,113,5.232,29.327,0.470,43.090,0.022,78.142
2026-09-02T08:34:23.776741+07:00,c11_sim,114,4.533,26.989,0.383,40.996,0.017,72.918
2026-09-02T08:34:23.910311+07:00,c11_sim,115,5.202,28.898,0.442,42.969,0.018,77.529
2026-09-02T08:34:24.044031+07:00,c11_sim,116,5.089,29.176,0.494,42.913,0.029,77.701
2026-09-02T08:34:24.145524+07:00,c11_sim,117,4.573,27.962,0.465,41.899,0.028,74.927
2026-09-02T08:34:24.261737+07:00,c11_sim,118,3.128,26.432,0.351,30.347,0.017,60.275
2026-09-02T08:34:24.351668+07:00,c11_sim,119,5.326,14.062,0.497,26.978,0.016,46.880
2026-09-02T08:34:24.477286+07:00,c11_sim,120,6.177,17.572,0.502,29.257,0.016,53.524
2026-09-02T08:34:24.616125+07:00,c11_sim,121,5.614,19.453,0.537,30.833,0.016,56.454
2026-09-02T08:34:24.728847+07:00,c11_sim,122,5.653,19.154,0.599,31.876,0.019,57.301
2026-09-02T08:34:24.849515+07:00,c11_sim,123,5.650,21.649,0.501,36.969,0.019,64.787
2026-09-02T08:34:25.001886+07:00,c11_sim,124,5.903,28.846,0.576,42.775,0.016,78.116
2026-09-02T08:34:25.071490+07:00,c11_sim,125,4.853,13.645,0.360,24.632,0.019,43.509
2026-09-02T08:34:25.199349+07:00,c11_sim,126,5.648,16.973,0.468,29.102,0.020,52.210
2026-09-02T08:34:25.364444+07:00,c11_sim,127,5.665,29.101,0.640,43.901,0.032,79.338
2026-09-02T08:34:25.447990+07:00,c11_sim,128,4.612,27.092,0.445,26.531,0.019,58.700
2026-09-02T08:34:25.548809+07:00,c11_sim,129,5.071,14.374,0.396,25.903,0.015,45.758
2026-09-02T08:34:25.714243+07:00,c11_sim,130,5.663,29.329,0.649,43.994,0.021,79.655
2026-09-02T08:34:25.813750+07:00,c11_sim,131,4.955,27.576,0.421,40.453,0.021,73.427
2026-09-02T08:34:25.962973+07:00,c11_sim,132,5.599,29.687,0.630,43.669,0.029,79.614
2026-09-02T08:34:26.046200+07:00,c11_sim,133,4.856,29.122,0.641,22.386,0.025,57.030
2026-09-02T08:34:26.178665+07:00,c11_sim,134,6.550,32.013,0.682,23.597,0.025,62.867
2026-09-02T08:34:26.295550+07:00,c11_sim,135,6.831,31.001,0.630,24.014,0.024,62.501
2026-09-02T08:34:26.409109+07:00,c11_sim,136,6.573,31.292,0.639,23.434,0.027,61.966
2026-09-02T08:34:26.518631+07:00,c11_sim,137,6.444,31.209,0.633,22.056,0.016,60.359
2026-09-02T08:34:26.643011+07:00,c11_sim,138,7.149,18.115,0.463,15.357,0.018,41.102
2026-09-02T08:34:26.738949+07:00,c11_sim,139,5.667,17.103,0.439,16.836,0.014,40.059
2026-09-02T08:34:26.871874+07:00,c11_sim,140,6.906,20.235,0.524,21.008,0.020,48.692
2026-09-02T08:34:27.000676+07:00,c11_sim,141,6.956,22.975,0.571,20.439,0.021,50.962
2026-09-02T08:34:27.131493+07:00,c11_sim,142,6.620,24.778,0.717,18.680,0.021,50.815
2026-09-02T08:34:27.242197+07:00,c11_sim,143,4.847,26.321,0.605,22.294,0.019,54.085
2026-09-02T08:34:27.385995+07:00,c11_sim,144,7.384,34.288,0.824,21.511,0.021,64.028
2026-09-02T08:34:27.498820+07:00,c11_sim,145,5.896,17.950,0.576,32.823,0.060,57.304
2026-09-02T08:34:27.590197+07:00,c11_sim,146,5.187,15.280,0.512,26.733,0.016,47.728
2026-09-02T08:34:27.733827+07:00,c11_sim,147,5.821,19.509,0.655,31.192,0.109,57.286
2026-09-02T08:34:27.831981+07:00,c11_sim,148,5.400,19.664,0.558,16.785,0.024,42.431
2026-09-02T08:34:27.996320+07:00,c11_sim,149,7.637,30.771,0.744,45.193,0.022,84.367
2026-09-02T08:34:28.099273+07:00,c11_sim,150,4.826,26.994,0.477,44.410,0.034,76.740
2026-09-02T08:34:28.225590+07:00,c11_sim,151,5.114,27.770,0.542,41.529,0.017,74.973
2026-09-02T08:34:28.349334+07:00,c11_sim,152,5.092,28.195,0.531,43.679,0.019,77.515
2026-09-02T08:34:28.481195+07:00,c11_sim,153,4.922,28.505,0.568,44.197,0.020,78.213
2026-09-02T08:34:28.561089+07:00,c11_sim,154,4.671,27.606,0.426,20.797,0.022,53.522
2026-09-02T08:34:28.714971+07:00,c11_sim,155,5.302,29.211,0.760,37.494,0.020,72.786
2026-09-02T08:34:28.784917+07:00,c11_sim,156,4.283,13.111,0.413,25.438,0.013,43.259
2026-09-02T08:34:28.914543+07:00,c11_sim,157,5.038,21.240,0.581,16.693,0.018,43.570
2026-09-02T08:34:29.040614+07:00,c11_sim,158,6.498,21.323,0.765,20.500,0.022,49.108
2026-09-02T08:34:29.165172+07:00,c11_sim,159,6.256,23.770,0.681,19.297,0.025,50.030
2026-09-02T08:34:29.291757+07:00,c11_sim,160,6.614,25.876,0.717,20.311,0.022,53.539
2026-09-02T08:34:29.414611+07:00,c11_sim,161,6.374,30.463,0.729,38.072,0.015,75.653
2026-09-02T08:34:29.513358+07:00,c11_sim,162,4.943,14.244,0.485,27.378,0.017,47.066
2026-09-02T08:34:29.613600+07:00,c11_sim,163,5.163,17.306,0.585,0.004,0.015,23.072
2026-09-02T08:34:29.764342+07:00,c11_sim,164,9.485,35.502,0.942,0.007,0.026,45.961
2026-09-02T08:34:29.870639+07:00,c11_sim,165,10.382,35.110,1.088,0.008,0.029,46.617
2026-09-02T08:34:30.034943+07:00,c11_sim,166,9.334,35.489,1.150,25.771,0.017,71.762
2026-09-02T08:34:30.123308+07:00,c11_sim,167,6.003,16.735,0.511,17.263,0.013,40.525
2026-09-02T08:34:30.202367+07:00,c11_sim,168,7.084,16.996,0.517,0.003,0.012,24.612
2026-09-02T08:34:30.336527+07:00,c11_sim,169,6.516,30.424,0.595,0.003,0.016,37.554
2026-09-02T08:34:30.462905+07:00,c11_sim,170,8.802,35.088,0.962,0.006,0.028,44.887
2026-09-02T08:34:30.589679+07:00,c11_sim,171,10.039,33.985,1.044,0.007,0.030,45.105
2026-09-02T08:34:30.727975+07:00,c11_sim,172,9.904,34.438,1.516,0.007,0.038,45.904
2026-09-02T08:34:30.826437+07:00,c11_sim,173,9.581,35.493,1.128,0.007,0.031,46.240
2026-09-02T08:34:30.947283+07:00,c11_sim,174,11.706,34.579,0.594,0.003,0.013,46.895
2026-09-02T08:34:31.057783+07:00,c11_sim,175,11.584,32.114,0.518,0.004,0.015,44.234
2026-09-02T08:34:31.193046+07:00,c11_sim,176,9.399,34.318,1.016,0.006,0.028,44.767
2026-09-02T08:34:31.308256+07:00,c11_sim,177,9.612,35.835,1.066,0.007,0.028,46.549
2026-09-02T08:34:31.434348+07:00,c11_sim,178,8.679,36.305,1.103,0.007,0.031,46.125
2026-09-02T08:34:31.552081+07:00,c11_sim,179,9.614,35.637,1.092,0.006,0.028,46.379
2026-09-02T08:34:31.673955+07:00,c11_sim,180,8.336,36.212,1.370,0.008,0.031,45.957
2026-09-02T08:34:31.770817+07:00,c11_sim,181,8.055,21.539,0.765,0.005,0.022,30.385
2026-09-02T08:34:31.879489+07:00,c11_sim,182,9.306,20.661,0.670,0.004,0.019,30.660
2026-09-02T08:34:32.033728+07:00,c11_sim,183,9.157,34.095,0.955,0.008,0.272,44.488
2026-09-02T08:34:32.146249+07:00,c11_sim,184,9.930,35.409,0.508,0.003,0.024,45.874
2026-09-02T08:34:32.263317+07:00,c11_sim,185,6.822,35.748,1.018,0.007,0.024,43.619
2026-09-02T08:34:32.391297+07:00,c11_sim,186,9.684,33.286,0.571,0.004,0.014,43.559
2026-09-02T08:34:32.512791+07:00,c11_sim,187,9.375,34.870,1.010,0.007,0.025,45.288
2026-09-02T08:34:32.632548+07:00,c11_sim,188,10.490,36.002,1.004,0.007,0.027,47.530
2026-09-02T08:34:32.763768+07:00,c11_sim,189,9.394,36.343,1.121,0.008,0.032,46.898
2026-09-02T08:34:32.854499+07:00,c11_sim,190,8.985,34.794,0.550,0.003,0.013,44.345
2026-09-02T08:34:32.995531+07:00,c11_sim,191,9.358,33.988,1.031,0.007,0.025,44.409
2026-09-02T08:34:33.113547+07:00,c11_sim,192,9.753,34.983,0.485,0.003,0.013,45.238
2026-09-02T08:34:33.228754+07:00,c11_sim,193,9.185,35.922,0.992,0.006,0.027,46.132
2026-09-02T08:34:33.349568+07:00,c11_sim,194,6.753,31.411,0.604,0.005,0.016,38.788
2026-09-02T08:34:33.466932+07:00,c11_sim,195,8.352,34.976,0.875,0.006,0.021,44.229
2026-09-02T08:34:33.584995+07:00,c11_sim,196,10.627,35.743,1.030,0.008,0.027,47.435
2026-09-02T08:34:33.701564+07:00,c11_sim,197,8.837,33.876,0.545,0.003,0.015,43.276
2026-09-02T08:34:33.822679+07:00,c11_sim,198,10.641,35.550,0.994,0.006,0.024,47.216
2026-09-02T08:34:33.940794+07:00,c11_sim,199,10.625,35.438,0.959,0.007,0.026,47.055
2026-09-02T08:34:34.078628+07:00,c11_sim,200,9.421,34.672,1.036,0.007,0.028,45.165
2026-09-02T08:34:34.188882+07:00,c11_sim,201,9.550,36.392,1.067,0.007,0.027,47.044
2026-09-02T08:34:34.321634+07:00,c11_sim,202,10.008,31.210,0.601,0.003,0.017,41.841
2026-09-02T08:34:34.435812+07:00,c11_sim,203,8.344,34.136,0.958,0.007,0.024,43.467
2026-09-02T08:34:34.542261+07:00,c11_sim,204,8.953,33.583,0.605,0.006,0.015,43.162
2026-09-02T08:34:34.671219+07:00,c11_sim,205,11.476,34.746,0.872,0.007,0.022,47.123
2026-09-02T08:34:34.781163+07:00,c11_sim,206,8.775,33.609,0.525,0.003,0.014,42.926
2026-09-02T08:34:34.927792+07:00,c11_sim,207,9.270,35.781,0.992,0.007,0.024,46.075
2026-09-02T08:34:35.015095+07:00,c11_sim,208,9.280,34.828,0.946,0.007,0.027,45.088
2026-09-02T08:34:35.131964+07:00,c11_sim,209,7.072,32.545,0.483,0.004,0.015,40.119
2026-09-02T08:34:35.283293+07:00,c11_sim,210,9.085,35.511,0.434,0.003,0.011,45.043
2026-09-02T08:34:35.375438+07:00,c11_sim,211,9.656,34.934,0.817,0.003,0.010,45.422
2026-09-02T08:34:35.495493+07:00,c11_sim,212,9.236,33.850,0.482,0.003,0.012,43.584
2026-09-02T08:34:35.634271+07:00,c11_sim,213,9.584,34.219,0.422,0.003,0.011,44.238
2026-09-02T08:34:35.748922+07:00,c11_sim,214,9.246,36.094,0.934,0.008,0.026,46.309
2026-09-02T08:34:35.864515+07:00,c11_sim,215,9.592,36.254,0.914,0.007,0.027,46.795
2026-09-02T08:34:35.983991+07:00,c11_sim,216,11.660,35.436,0.919,0.007,0.027,48.049
2026-09-02T08:34:36.118896+07:00,c11_sim,217,9.358,34.902,0.903,0.007,0.029,45.199
2026-09-02T08:34:36.227066+07:00,c11_sim,218,9.489,34.549,0.601,0.003,0.018,44.660
2026-09-02T08:34:36.352899+07:00,c11_sim,219,7.661,36.634,0.947,0.007,0.025,45.274
2026-09-02T08:34:36.476527+07:00,c11_sim,220,9.741,36.870,1.049,0.009,0.028,47.697
2026-09-02T08:34:36.596560+07:00,c11_sim,221,10.147,37.004,1.055,0.008,0.028,48.242
2026-09-02T08:34:36.709430+07:00,c11_sim,222,9.327,35.824,1.050,0.007,0.027,46.235
2026-09-02T08:34:36.819279+07:00,c11_sim,223,9.309,34.396,0.558,0.004,0.016,44.283
2026-09-02T08:34:36.933179+07:00,c11_sim,224,9.707,31.905,0.448,0.003,0.014,42.076
2026-09-02T08:34:37.073399+07:00,c11_sim,225,8.007,33.949,0.947,0.008,0.028,42.939
2026-09-02T08:34:37.191723+07:00,c11_sim,226,10.028,35.833,1.025,0.008,0.029,46.923
2026-09-02T08:34:37.301720+07:00,c11_sim,227,11.454,33.862,0.579,0.004,0.018,45.917
2026-09-02T08:34:37.439485+07:00,c11_sim,228,9.337,33.444,0.476,0.003,0.014,43.274
2026-09-02T08:34:37.533727+07:00,c11_sim,229,10.487,34.477,0.412,0.003,0.012,45.390
2026-09-02T08:34:37.680466+07:00,c11_sim,230,9.790,34.005,0.883,0.007,0.024,44.708
2026-09-02T08:34:37.800469+07:00,c11_sim,231,9.475,33.712,0.987,0.008,0.026,44.209
2026-09-02T08:34:37.918491+07:00,c11_sim,232,10.320,36.358,0.992,0.007,0.032,47.709
2026-09-02T08:34:38.040312+07:00,c11_sim,233,10.734,37.119,0.969,0.007,0.029,48.857
2026-09-02T08:34:38.132737+07:00,c11_sim,234,10.246,35.211,0.989,0.007,0.027,46.480
2026-09-02T08:34:38.259255+07:00,c11_sim,235,9.504,34.393,0.996,0.007,0.026,44.925
2026-09-02T08:34:38.383481+07:00,c11_sim,236,9.756,35.456,0.940,0.007,0.027,46.187
2026-09-02T08:34:38.502337+07:00,c11_sim,237,10.076,35.618,1.036,0.008,0.029,46.767
2026-09-02T08:34:38.616578+07:00,c11_sim,238,9.669,32.396,0.435,0.003,0.013,42.516
2026-09-02T08:34:38.764418+07:00,c11_sim,239,9.982,36.266,1.081,0.007,0.028,47.365
2026-09-02T08:34:38.851121+07:00,c11_sim,240,9.076,34.325,0.625,0.004,0.022,44.051
2026-09-02T08:34:38.999045+07:00,c11_sim,241,9.170,34.587,0.873,0.006,0.023,44.660
2026-09-02T08:34:39.112929+07:00,c11_sim,242,9.519,34.758,0.483,0.003,0.014,44.777
2026-09-02T08:34:39.231806+07:00,c11_sim,243,11.861,35.372,0.970,0.007,0.024,48.234
2026-09-02T08:34:39.350957+07:00,c11_sim,244,7.919,34.220,0.979,0.011,0.028,43.158
2026-09-02T08:34:39.460530+07:00,c11_sim,245,9.763,31.234,0.436,0.003,0.013,41.449
2026-09-02T08:34:39.585401+07:00,c11_sim,246,9.447,36.187,0.946,0.008,0.024,46.611
2026-09-02T08:34:39.705797+07:00,c11_sim,247,11.280,36.313,0.978,0.007,0.028,48.606
2026-09-02T08:34:39.826891+07:00,c11_sim,248,10.059,35.217,0.964,0.008,0.028,46.277
2026-09-02T08:34:39.927549+07:00,c11_sim,249,6.572,31.422,0.445,0.003,0.015,38.457
2026-09-02T08:34:40.049239+07:00,c11_sim,250,7.872,32.721,0.579,0.005,0.016,41.193
2026-09-02T08:34:40.200266+07:00,c11_sim,251,8.107,35.967,0.422,0.003,0.011,44.510
2026-09-02T08:34:40.289772+07:00,c11_sim,252,6.300,29.975,0.000,0.000,0.012,36.287
2026-09-02T08:34:40.410232+07:00,c11_sim,253,8.081,31.132,0.000,0.000,0.009,39.222
2026-09-02T08:34:40.557434+07:00,c11_sim,254,9.278,32.005,0.000,0.000,0.019,41.303
2026-09-02T08:34:40.637824+07:00,c11_sim,255,9.605,29.122,0.000,0.000,0.013,38.739
2026-09-02T08:34:40.784099+07:00,c11_sim,256,9.144,31.427,0.000,0.000,0.017,40.588
2026-09-02T08:34:40.892822+07:00,c11_sim,257,9.385,34.653,1.007,0.007,0.027,45.080
2026-09-02T08:34:41.017517+07:00,c11_sim,258,11.037,35.655,0.961,0.008,0.028,47.690
2026-09-02T08:34:41.151188+07:00,c11_sim,259,9.349,34.595,1.018,0.007,0.030,44.998
2026-09-02T08:34:41.263276+07:00,c11_sim,260,9.236,35.081,0.944,0.007,0.028,45.296
2026-09-02T08:34:41.384787+07:00,c11_sim,261,11.310,34.276,0.962,0.008,0.030,46.585
2026-09-02T08:34:41.500442+07:00,c11_sim,262,9.380,34.865,0.965,0.007,0.026,45.243
2026-09-02T08:34:41.620048+07:00,c11_sim,263,8.295,35.509,1.018,0.007,0.028,44.858
2026-09-02T08:34:41.756580+07:00,c11_sim,264,10.923,33.718,0.993,0.007,0.028,45.669
2026-09-02T08:34:41.864840+07:00,c11_sim,265,9.729,34.821,0.667,0.005,0.018,45.241
2026-09-02T08:34:41.985343+07:00,c11_sim,266,8.226,36.813,0.905,0.006,0.038,45.989
2026-09-02T08:34:42.102874+07:00,c11_sim,267,11.855,33.124,0.689,0.005,0.019,45.691
2026-09-02T08:34:42.203653+07:00,c11_sim,268,8.481,21.616,0.681,0.006,0.020,30.804
2026-09-02T08:34:42.338794+07:00,c11_sim,269,7.920,34.285,0.977,0.007,0.028,43.216
2026-09-02T08:34:42.458062+07:00,c11_sim,270,6.666,33.243,0.517,0.004,0.017,40.446
2026-09-02T08:34:42.593979+07:00,c11_sim,271,10.023,34.675,0.956,0.008,0.027,45.688
2026-09-02T08:34:42.705114+07:00,c11_sim,272,8.589,35.383,0.969,0.007,0.028,44.977
2026-09-02T08:34:42.815000+07:00,c11_sim,273,10.038,32.274,0.354,0.003,0.013,42.681
2026-09-02T08:34:42.928318+07:00,c11_sim,274,6.836,32.135,0.512,0.004,0.015,39.502
2026-09-02T08:34:43.068505+07:00,c11_sim,275,8.125,33.511,0.000,0.000,0.021,41.657
2026-09-02T08:34:43.186525+07:00,c11_sim,276,9.188,33.985,0.000,0.000,0.023,43.195
2026-09-02T08:34:43.297066+07:00,c11_sim,277,7.063,33.640,1.029,0.000,0.010,41.741
2026-09-02T08:34:43.362559+07:00,c11_sim,278,6.038,33.698,0.564,0.000,0.009,40.308
2026-09-02T08:34:43.394525+07:00,c11_sim,279,6.873,30.356,0.648,0.000,0.013,37.889
2026-09-02T08:34:43.424874+07:00,c11_sim,280,7.305,28.742,0.430,0.003,0.142,36.623
2026-09-02T08:34:43.455202+07:00,c11_sim,281,6.005,28.948,0.376,0.002,0.010,35.340
2026-09-02T08:34:43.508637+07:00,c11_sim,282,5.993,28.844,0.406,0.003,0.011,35.256
2026-09-02T08:34:43.536666+07:00,c11_sim,283,5.280,26.847,0.357,0.002,0.009,32.495
2026-09-02T08:34:43.597272+07:00,c11_sim,284,5.398,29.149,0.477,0.003,0.011,35.038
2026-09-02T08:34:43.626479+07:00,c11_sim,285,6.230,27.864,0.366,0.003,0.011,34.473
2026-09-02T08:34:43.653168+07:00,c11_sim,286,5.569,25.544,0.405,0.003,0.011,31.532
2026-09-02T08:34:43.712587+07:00,c11_sim,287,5.241,28.010,0.384,0.003,0.009,33.646
2026-09-02T08:34:43.741495+07:00,c11_sim,288,5.812,27.699,0.357,0.003,0.010,33.881
2026-09-02T08:34:43.801917+07:00,c11_sim,289,5.792,28.278,0.399,0.003,0.155,34.626
2026-09-02T08:34:43.832588+07:00,c11_sim,290,6.190,29.183,0.456,0.003,0.032,35.864
2026-09-02T08:34:43.863518+07:00,c11_sim,291,6.273,29.601,0.407,0.003,0.008,36.292
2026-09-02T08:34:43.893784+07:00,c11_sim,292,5.972,29.001,0.406,0.003,0.009,35.391
2026-09-02T08:34:43.954261+07:00,c11_sim,293,5.765,29.100,0.437,0.003,0.010,35.315
2026-09-02T08:34:43.985331+07:00,c11_sim,294,6.624,29.752,0.383,0.002,0.008,36.770
2026-09-02T08:34:44.016090+07:00,c11_sim,295,5.962,29.361,0.398,0.002,0.008,35.732
2026-09-02T08:34:44.078280+07:00,c11_sim,296,6.026,30.762,0.402,0.002,0.009,37.202
2026-09-02T08:34:44.108600+07:00,c11_sim,297,6.682,29.093,0.392,0.002,0.010,36.179
2026-09-02T08:34:44.137390+07:00,c11_sim,298,5.620,27.481,0.408,0.003,0.010,33.523
2026-09-02T08:34:44.193981+07:00,c11_sim,299,5.144,28.544,0.528,0.003,0.012,34.231
2026-09-02T08:34:44.221866+07:00,c11_sim,300,5.909,26.461,0.442,0.003,0.009,32.823
2026-09-02T08:34:44.251304+07:00,c11_sim,301,5.616,27.862,0.356,0.002,0.008,33.844
2026-09-02T08:34:44.308256+07:00,c11_sim,302,5.758,30.200,0.530,0.003,0.012,36.503
2026-09-02T08:34:44.338332+07:00,c11_sim,303,5.696,28.490,0.530,0.003,0.013,34.732
2026-09-02T08:34:44.369614+07:00,c11_sim,304,5.632,29.959,0.389,0.002,0.008,35.991
2026-09-02T08:34:44.433224+07:00,c11_sim,305,5.883,31.913,0.554,0.003,0.014,38.368
2026-09-02T08:34:44.464544+07:00,c11_sim,306,6.637,29.894,0.421,0.002,0.011,36.965
2026-09-02T08:34:44.495218+07:00,c11_sim,307,5.814,29.105,0.613,0.003,0.011,35.545
2026-09-02T08:34:44.556508+07:00,c11_sim,308,6.234,29.779,0.440,0.003,0.012,36.468
2026-09-02T08:34:44.586750+07:00,c11_sim,309,6.938,28.823,0.435,0.004,0.011,36.211
2026-09-02T08:34:44.617727+07:00,c11_sim,310,6.062,29.547,0.386,0.003,0.010,36.007
2026-09-02T08:34:44.664552+07:00,c11_sim,311,6.547,15.395,0.426,0.003,0.012,22.382
2026-09-02T08:34:44.679835+07:00,c11_sim,312,6.221,14.088,0.313,0.002,0.009,20.633
2026-09-02T08:34:44.726224+07:00,c11_sim,313,6.827,15.158,0.293,0.002,0.007,22.287
2026-09-02T08:34:44.771269+07:00,c11_sim,314,6.706,15.053,0.348,0.002,0.008,22.116
2026-09-02T08:34:44.818211+07:00,c11_sim,315,6.737,16.785,0.352,0.003,0.009,23.885
2026-09-02T08:34:44.836192+07:00,c11_sim,316,6.476,16.730,0.306,0.002,0.007,23.522
2026-09-02T08:34:44.897809+07:00,c11_sim,317,6.821,18.786,0.303,0.002,0.007,25.920
2026-09-02T08:34:44.918442+07:00,c11_sim,318,6.370,19.431,0.296,0.002,0.007,26.106
2026-09-02T08:34:44.968135+07:00,c11_sim,319,6.545,22.273,0.298,0.002,0.007,29.125
2026-09-02T08:34:45.030265+07:00,c11_sim,320,6.027,30.678,0.362,0.003,0.010,37.081
2026-09-02T08:34:45.060341+07:00,c11_sim,321,6.757,28.880,0.326,0.002,0.008,35.973
2026-09-02T08:34:45.123214+07:00,c11_sim,322,5.955,31.174,0.535,0.003,0.015,37.682
2026-09-02T08:34:45.154626+07:00,c11_sim,323,6.867,29.970,0.424,0.003,0.013,37.277
2026-09-02T08:34:45.185440+07:00,c11_sim,324,6.392,29.404,0.371,0.002,0.010,36.179
2026-09-02T08:34:45.216941+07:00,c11_sim,325,6.157,29.850,0.623,0.002,0.008,36.639
2026-09-02T08:34:45.275441+07:00,c11_sim,326,6.277,30.075,0.363,0.002,0.010,36.727
2026-09-02T08:34:45.304358+07:00,c11_sim,327,6.332,27.930,0.332,0.002,0.009,34.605
2026-09-02T08:34:45.332010+07:00,c11_sim,328,5.574,26.617,0.286,0.002,0.007,32.485
2026-09-02T08:34:45.384251+07:00,c11_sim,329,6.017,27.531,0.380,0.003,0.010,33.940
2026-09-02T08:34:45.412261+07:00,c11_sim,330,6.659,26.730,0.406,0.003,0.011,33.808
2026-09-02T08:34:45.472271+07:00,c11_sim,331,6.653,28.493,0.437,0.004,0.011,35.597
2026-09-02T08:34:45.502646+07:00,c11_sim,332,7.306,28.681,0.484,0.004,0.013,36.487
2026-09-02T08:34:45.534257+07:00,c11_sim,333,7.416,29.948,0.358,0.002,0.008,37.732
2026-09-02T08:34:45.594036+07:00,c11_sim,334,6.593,29.546,0.367,0.003,0.010,36.519
2026-09-02T08:34:45.623881+07:00,c11_sim,335,6.389,28.496,0.369,0.003,0.010,35.267
2026-09-02T08:34:45.653275+07:00,c11_sim,336,6.091,27.916,0.482,0.004,0.013,34.505
2026-09-02T08:34:45.713956+07:00,c11_sim,337,6.027,30.686,0.449,0.003,0.012,37.177
2026-09-02T08:34:45.744554+07:00,c11_sim,338,6.127,29.262,0.374,0.003,0.009,35.775
2026-09-02T08:34:45.774482+07:00,c11_sim,339,6.250,28.670,0.305,0.002,0.007,35.234
2026-09-02T08:34:45.835012+07:00,c11_sim,340,5.928,29.124,0.411,0.002,0.011,35.475
2026-09-02T08:34:45.864839+07:00,c11_sim,341,6.675,28.413,0.342,0.003,0.009,35.443
2026-09-02T08:34:45.894759+07:00,c11_sim,342,6.698,28.606,0.346,0.002,0.008,35.662
2026-09-02T08:34:45.948679+07:00,c11_sim,343,6.488,29.985,0.387,0.003,0.010,36.873
2026-09-02T08:34:45.979706+07:00,c11_sim,344,6.501,29.737,0.352,0.003,0.010,36.602
2026-09-02T08:34:46.009639+07:00,c11_sim,345,5.783,28.751,0.299,0.002,0.008,34.844
2026-09-02T08:34:46.068256+07:00,c11_sim,346,6.274,26.956,0.353,0.003,0.009,33.595
2026-09-02T08:34:46.097684+07:00,c11_sim,347,5.647,28.137,0.408,0.003,0.010,34.206
2026-09-02T08:34:46.181525+07:00,c11_sim,348,5.753,29.380,0.436,22.888,0.015,58.472
2026-09-02T08:34:46.220654+07:00,c11_sim,349,6.542,22.630,0.373,15.517,0.015,45.076
2026-09-02T08:34:46.231420+07:00,c11_sim,350,4.764,10.651,0.000,0.000,0.006,15.422
2026-09-02T08:34:46.256009+07:00,c11_sim,351,4.756,11.687,0.342,12.008,0.012,28.805
2026-09-02T08:34:46.266366+07:00,c11_sim,352,3.773,10.256,0.000,0.000,0.006,14.035
2026-09-02T08:34:46.324784+07:00,c11_sim,353,3.704,12.306,0.000,0.000,0.008,16.018
2026-09-02T08:34:46.362870+07:00,c11_sim,354,4.522,13.025,0.000,0.000,0.006,17.553
2026-09-02T08:34:46.435555+07:00,c11_sim,355,5.035,16.082,0.432,31.080,0.014,52.643
2026-09-02T08:34:46.464164+07:00,c11_sim,356,9.470,15.366,0.301,12.316,0.009,37.462
2026-09-02T08:34:46.491901+07:00,c11_sim,357,3.488,15.232,0.243,11.676,0.007,30.645
2026-09-02T08:34:46.555293+07:00,c11_sim,358,3.169,18.179,0.256,14.311,0.010,35.926
2026-09-02T08:34:46.590197+07:00,c11_sim,359,3.846,18.910,0.260,15.078,0.010,38.105
2026-09-02T08:34:46.631783+07:00,c11_sim,360,3.642,22.144,0.239,18.597,0.013,44.635
2026-09-02T08:34:46.670687+07:00,c11_sim,361,3.697,22.416,0.288,15.554,0.013,41.968
2026-09-02T08:34:46.710267+07:00,c11_sim,362,3.972,21.870,0.249,16.785,0.011,42.886
2026-09-02T08:34:46.750068+07:00,c11_sim,363,3.744,20.995,0.236,18.009,0.011,42.994
2026-09-02T08:34:46.783892+07:00,c11_sim,364,3.703,19.592,0.283,13.268,0.013,36.859
2026-09-02T08:34:46.817203+07:00,c11_sim,365,3.548,19.416,0.245,12.959,0.007,36.175
2026-09-02T08:34:46.885822+07:00,c11_sim,366,3.337,20.713,0.294,16.932,0.010,41.286
2026-09-02T08:34:46.926393+07:00,c11_sim,367,4.177,22.321,0.273,17.308,0.011,44.091
2026-09-02T08:34:46.968444+07:00,c11_sim,368,3.706,22.089,0.254,19.093,0.015,45.157
2026-09-02T08:34:47.002136+07:00,c11_sim,369,3.705,19.234,0.248,13.559,0.013,36.758
2026-09-02T08:34:47.021849+07:00,c11_sim,370,3.688,18.703,0.375,0.000,0.004,22.770
2026-09-02T08:34:47.041027+07:00,c11_sim,371,3.514,18.263,0.277,0.000,0.006,22.059
2026-09-02T08:34:47.087643+07:00,c11_sim,372,3.679,20.744,0.259,0.000,0.004,24.687
2026-09-02T08:34:47.159796+07:00,c11_sim,373,4.228,23.745,0.413,16.758,0.056,45.199
2026-09-02T08:34:47.199544+07:00,c11_sim,374,4.683,20.974,0.289,17.866,0.012,43.824
2026-09-02T08:34:47.236658+07:00,c11_sim,375,4.404,20.804,0.269,15.415,0.016,40.907
2026-09-02T08:34:47.273791+07:00,c11_sim,376,3.973,20.812,0.248,15.464,0.010,40.507
2026-09-02T08:34:47.312310+07:00,c11_sim,377,3.804,20.815,0.395,16.738,0.019,41.770
2026-09-02T08:34:47.349981+07:00,c11_sim,378,3.776,20.191,0.323,16.521,0.011,40.822
2026-09-02T08:34:47.388440+07:00,c11_sim,379,3.697,21.570,0.279,15.943,0.012,41.501
2026-09-02T08:34:47.427326+07:00,c11_sim,380,3.746,21.246,0.307,16.679,0.013,41.991
2026-09-02T08:34:47.466065+07:00,c11_sim,381,3.732,20.437,0.306,17.379,0.013,41.867
2026-09-02T08:34:47.503873+07:00,c11_sim,382,3.523,21.271,0.278,15.600,0.012,40.684
2026-09-02T08:34:47.541717+07:00,c11_sim,383,3.690,21.517,0.287,15.336,0.015,40.846
2026-09-02T08:34:47.579308+07:00,c11_sim,384,3.558,20.356,0.277,16.154,0.094,40.438
2026-09-02T08:34:47.616456+07:00,c11_sim,385,3.511,19.772,0.247,16.558,0.015,40.103
2026-09-02T08:34:47.687851+07:00,c11_sim,386,3.396,22.568,0.350,17.724,0.010,44.047
2026-09-02T08:34:47.729690+07:00,c11_sim,387,3.693,22.548,0.327,18.307,0.009,44.884
2026-09-02T08:34:47.771132+07:00,c11_sim,388,3.985,21.817,0.300,18.593,0.009,44.704
2026-09-02T08:34:47.815286+07:00,c11_sim,389,3.961,24.800,0.308,18.383,0.014,47.466
2026-09-02T08:34:47.857176+07:00,c11_sim,390,3.686,24.302,0.277,16.678,0.015,44.957
2026-09-02T08:34:47.898063+07:00,c11_sim,391,3.586,22.591,0.308,17.337,0.011,43.832
2026-09-02T08:34:47.936305+07:00,c11_sim,392,3.567,21.135,0.282,16.165,0.016,41.165
2026-09-02T08:34:47.972958+07:00,c11_sim,393,3.583,20.429,0.293,15.238,0.013,39.556
2026-09-02T08:34:48.011039+07:00,c11_sim,394,3.601,20.910,0.270,16.291,0.012,41.084
2026-09-02T08:34:48.046782+07:00,c11_sim,395,3.601,19.012,0.252,15.926,0.012,38.803
2026-09-02T08:34:48.082004+07:00,c11_sim,396,3.468,18.506,0.272,15.878,0.010,38.135
2026-09-02T08:34:48.116311+07:00,c11_sim,397,3.430,19.052,0.253,14.328,0.019,37.082
2026-09-02T08:34:48.150617+07:00,c11_sim,398,3.425,19.775,0.282,13.558,0.019,37.059
2026-09-02T08:34:48.183814+07:00,c11_sim,399,3.464,18.976,0.264,13.325,0.018,36.046
2026-09-02T08:34:48.201329+07:00,c11_sim,400,3.480,17.414,0.000,0.000,0.005,20.899
2026-09-02T08:34:48.251576+07:00,c11_sim,401,3.621,20.111,0.000,0.000,0.005,23.737
2026-09-02T08:34:48.302731+07:00,c11_sim,402,4.217,20.999,0.000,0.000,0.008,25.223
2026-09-02T08:34:48.324002+07:00,c12_sim,32,3.458,21.170,0.000,0.000,0.007,24.634
2026-09-02T08:34:48.468632+07:00,c12_sim,33,8.208,31.084,0.000,0.000,0.019,39.310
2026-09-02T08:34:48.601804+07:00,c12_sim,34,9.313,32.738,0.000,0.000,0.023,42.074
2026-09-02T08:34:48.718757+07:00,c12_sim,35,7.880,32.488,0.000,0.000,0.023,40.391
2026-09-02T08:34:48.819559+07:00,c12_sim,36,9.811,31.231,0.000,0.000,0.008,41.051
2026-09-02T08:34:48.933400+07:00,c12_sim,37,10.193,31.641,0.000,0.000,0.020,41.855
2026-09-02T08:34:49.045833+07:00,c12_sim,38,9.297,29.622,0.000,0.000,0.235,39.153
2026-09-02T08:34:49.190723+07:00,c10_sim,59,7.100,36.258,0.000,0.000,0.036,43.394
2026-09-02T08:34:49.304735+07:00,c10_sim,60,8.445,32.154,0.000,0.000,0.013,40.612
2026-09-02T08:34:49.425030+07:00,c10_sim,61,9.014,34.407,0.980,0.000,0.013,44.413
2026-09-02T08:34:49.542154+07:00,c10_sim,62,9.579,35.986,0.988,0.000,0.019,46.571
2026-09-02T08:34:49.656260+07:00,c10_sim,63,9.373,36.405,1.103,0.007,0.025,46.913
2026-09-02T08:34:49.747333+07:00,c10_sim,64,10.384,35.774,1.105,0.007,0.025,47.294
2026-09-02T08:34:49.868294+07:00,c10_sim,65,9.457,34.436,1.120,0.008,0.027,45.048
2026-09-02T08:34:49.986991+07:00,c10_sim,66,10.087,35.673,1.146,0.007,0.268,47.180
2026-09-02T08:34:50.107221+07:00,c10_sim,67,7.722,42.053,1.037,0.007,0.056,50.875
2026-09-02T08:34:50.214933+07:00,c10_sim,68,10.485,33.124,0.762,0.005,0.017,44.392
2026-09-02T08:34:50.333212+07:00,c10_sim,69,10.180,34.168,0.710,0.005,0.014,45.077
2026-09-02T08:34:50.445869+07:00,c10_sim,70,9.715,32.600,0.691,0.005,0.014,43.025
2026-09-02T08:34:50.593313+07:00,c10_sim,71,8.671,35.317,0.985,26.883,0.022,71.876
2026-09-02T08:34:50.679809+07:00,c10_sim,72,6.680,30.922,0.634,23.753,0.026,62.016
2026-09-02T08:34:50.796778+07:00,c10_sim,73,6.980,31.220,0.631,23.887,0.020,62.738
2026-09-02T08:34:50.913493+07:00,c10_sim,74,7.261,31.050,0.654,23.792,0.014,62.771
2026-09-02T08:34:51.053019+07:00,c10_sim,75,6.614,31.453,0.628,20.214,0.015,58.925
2026-09-02T08:34:51.134382+07:00,c10_sim,76,6.469,14.945,0.528,17.694,0.016,39.652
2026-09-02T08:34:51.237778+07:00,c10_sim,77,7.748,18.589,0.605,0.004,0.014,26.959
2026-09-02T08:34:51.400728+07:00,c10_sim,78,8.081,34.973,1.007,27.079,0.018,71.158
2026-09-02T08:34:51.457955+07:00,c10_sim,79,6.105,15.758,0.489,15.806,0.017,38.176
2026-09-02T08:34:51.582137+07:00,c10_sim,80,7.268,18.036,0.544,18.308,0.014,44.171
2026-09-02T08:34:51.727657+07:00,c10_sim,81,6.614,32.633,0.672,23.899,0.018,63.836
2026-09-02T08:34:51.842061+07:00,c10_sim,82,7.032,29.936,0.567,22.764,0.018,60.318
2026-09-02T08:34:51.957667+07:00,c10_sim,83,6.245,30.430,0.653,23.428,0.019,60.776
2026-09-02T08:34:52.065871+07:00,c10_sim,84,6.690,32.254,0.616,23.432,0.019,63.012
2026-09-02T08:34:52.166389+07:00,c10_sim,85,6.615,30.372,0.613,22.608,0.023,60.231
2026-09-02T08:34:52.279695+07:00,c10_sim,86,6.558,17.395,0.551,18.377,0.017,42.899
2026-09-02T08:34:52.396558+07:00,c10_sim,87,6.376,19.257,0.650,17.961,0.020,44.263
2026-09-02T08:34:52.474919+07:00,c10_sim,88,5.974,19.657,0.718,0.000,0.009,26.357
2026-09-02T08:34:52.614057+07:00,c10_sim,89,9.633,31.205,0.647,0.000,0.010,41.495
2026-09-02T08:34:52.737747+07:00,c10_sim,90,7.807,31.613,0.753,0.000,0.012,40.185
2026-09-02T08:34:52.856710+07:00,c10_sim,91,10.300,35.512,1.116,0.000,0.016,46.944
2026-09-02T08:34:52.974688+07:00,c10_sim,92,10.106,32.811,0.000,0.000,0.022,42.940
2026-09-02T08:34:53.055059+07:00,c10_sim,93,9.661,31.675,0.000,0.000,0.009,41.344
2026-09-02T08:34:53.228462+07:00,c10_sim,94,6.510,34.874,1.117,25.735,0.107,68.342
2026-09-02T08:34:53.370318+07:00,c10_sim,95,7.672,36.158,1.809,0.000,0.020,45.658
2026-09-02T08:34:53.576865+07:00,c10_sim,96,8.306,34.397,1.419,0.000,0.020,44.141
2026-09-02T08:34:53.736398+07:00,c10_sim,97,8.952,34.017,1.124,0.000,0.020,44.113
2026-09-02T08:34:53.936238+07:00,c10_sim,98,11.968,32.581,0.617,20.518,0.081,65.765
2026-09-02T08:34:54.138973+07:00,c10_sim,99,9.442,35.334,1.169,24.998,0.013,70.957
2026-09-02T08:34:54.305976+07:00,c10_sim,100,9.336,36.642,0.910,24.030,0.026,70.944
2026-09-02T08:34:54.478214+07:00,c10_sim,101,8.521,35.369,1.258,24.219,0.022,69.388
2026-09-02T08:34:54.677358+07:00,c10_sim,102,7.724,35.124,1.097,23.993,0.170,68.108
2026-09-02T08:34:54.859179+07:00,c10_sim,103,9.305,35.185,1.093,25.099,0.025,70.708
2026-09-02T08:34:55.017164+07:00,c10_sim,104,9.062,33.555,0.831,24.087,0.014,67.550
2026-09-02T08:34:55.239247+07:00,c10_sim,105,8.064,43.786,0.633,25.398,0.018,77.900
2026-09-02T08:34:55.376805+07:00,c10_sim,106,7.685,32.118,0.847,23.773,0.017,64.440
2026-09-02T08:34:55.566719+07:00,c10_sim,107,9.609,31.768,0.776,23.811,0.019,65.983
2026-09-02T08:34:55.732908+07:00,c10_sim,108,6.973,15.934,0.655,17.766,0.024,41.351
2026-09-02T08:34:55.941633+07:00,c10_sim,109,10.007,34.734,1.287,25.289,0.215,71.532
2026-09-02T08:34:56.110613+07:00,c10_sim,110,9.759,35.228,1.131,23.135,0.014,69.267
2026-09-02T08:34:56.269445+07:00,c10_sim,111,9.290,32.185,1.032,0.006,0.020,42.532
2026-09-02T08:34:56.448605+07:00,c10_sim,112,7.483,38.266,1.103,0.007,0.024,46.883
2026-09-02T08:34:56.678774+07:00,c10_sim,113,6.632,34.483,1.038,29.057,0.025,71.234
2026-09-02T08:34:56.847107+07:00,c10_sim,114,8.635,37.474,1.036,25.043,0.026,72.213
2026-09-02T08:34:56.988311+07:00,c10_sim,115,7.342,34.293,1.208,0.008,0.025,42.875
2026-09-02T08:34:57.180935+07:00,c10_sim,116,7.770,32.688,0.789,0.005,0.017,41.270
2026-09-02T08:34:57.363386+07:00,c10_sim,117,8.450,31.034,0.000,0.000,0.018,39.502
2026-09-02T08:34:57.554903+07:00,c10_sim,118,8.500,36.380,1.181,0.000,0.017,46.079
2026-09-02T08:34:57.724469+07:00,c10_sim,119,8.053,35.145,1.162,0.000,0.019,44.380
2026-09-02T08:34:57.919167+07:00,c10_sim,120,10.371,35.306,1.235,0.000,0.019,46.931
2026-09-02T08:34:58.078246+07:00,c10_sim,121,10.131,31.420,0.000,0.000,0.020,41.571
2026-09-02T08:34:58.258078+07:00,c10_sim,122,9.742,32.292,0.000,0.000,0.023,42.057
2026-09-02T08:34:58.441696+07:00,c10_sim,123,10.323,29.477,0.000,0.000,0.013,39.813
2026-09-02T08:34:58.631091+07:00,c11_sim,403,7.044,31.969,0.000,0.000,0.021,39.034
2026-09-02T08:34:58.789953+07:00,c11_sim,404,9.227,28.417,0.000,0.000,0.010,37.654
2026-09-02T08:34:58.938096+07:00,c11_sim,405,9.013,32.469,0.000,0.000,0.025,41.506
2026-09-02T08:34:59.098031+07:00,c11_sim,406,10.561,33.280,0.000,0.000,0.024,43.865
2026-09-02T08:34:59.240894+07:00,c11_sim,407,9.595,32.960,0.000,0.000,0.021,42.576
2026-09-02T08:34:59.398554+07:00,c11_sim,408,7.644,31.770,0.000,0.000,0.019,39.433
2026-09-02T08:34:59.557225+07:00,c11_sim,409,10.042,30.746,0.000,0.000,0.014,40.802
2026-09-02T08:34:59.707183+07:00,c11_sim,410,10.097,28.620,0.000,0.000,0.014,38.730
2026-09-02T08:34:59.866770+07:00,c11_sim,411,10.329,29.890,0.000,0.000,0.010,40.229
2026-09-02T08:35:00.009313+07:00,c11_sim,412,6.832,28.370,0.000,0.000,0.009,35.211
2026-09-02T08:35:00.170525+07:00,c11_sim,413,9.987,29.669,0.000,0.000,0.013,39.669
2026-09-02T08:35:00.310888+07:00,c11_sim,414,11.596,28.306,0.000,0.000,0.289,40.192
2026-09-02T08:35:00.452217+07:00,c11_sim,415,9.944,28.403,0.000,0.000,0.013,38.360
2026-09-02T08:35:00.617272+07:00,c11_sim,416,8.699,29.595,0.000,0.000,0.005,38.299
2026-09-02T08:35:00.784408+07:00,c11_sim,417,9.279,32.626,0.000,0.000,0.010,41.915
2026-09-02T08:35:00.899392+07:00,c11_sim,418,9.513,31.794,0.000,0.000,0.012,41.318
2026-09-02T08:35:01.076161+07:00,c11_sim,419,9.321,31.869,0.000,0.000,0.015,41.205
2026-09-02T08:35:01.213637+07:00,c11_sim,420,10.449,32.131,0.000,0.000,0.006,42.587
2026-09-02T08:35:01.381706+07:00,c11_sim,421,8.190,31.745,0.000,0.000,0.011,39.946
2026-09-02T08:35:01.516746+07:00,c11_sim,422,10.393,30.972,0.000,0.000,0.011,41.377
2026-09-02T08:35:01.687023+07:00,c11_sim,423,12.230,31.823,0.000,0.000,0.012,44.065
2026-09-02T08:35:01.836176+07:00,c11_sim,424,10.630,33.857,1.525,0.000,0.009,46.021
2026-09-02T08:35:01.974853+07:00,c11_sim,425,9.244,33.333,0.794,0.000,0.007,43.377
2026-09-02T08:35:02.135627+07:00,c11_sim,426,10.392,34.588,0.847,0.000,0.009,45.835
2026-09-02T08:35:02.326318+07:00,c11_sim,427,11.817,35.363,1.073,26.208,0.089,74.549
2026-09-02T08:35:02.465730+07:00,c11_sim,428,7.284,34.503,0.709,23.254,0.015,65.766
2026-09-02T08:35:02.576130+07:00,c11_sim,429,6.822,29.543,0.000,0.000,0.010,36.375
2026-09-02T08:35:02.769954+07:00,c11_sim,430,8.435,34.939,1.054,22.914,0.009,67.351
2026-09-02T08:35:02.897043+07:00,c11_sim,431,7.530,19.542,0.624,19.022,0.010,46.729
2026-09-02T08:35:03.067784+07:00,c11_sim,432,9.336,34.177,1.033,22.864,0.008,67.418
2026-09-02T08:35:03.206075+07:00,c11_sim,433,7.452,31.678,0.000,0.000,0.018,39.148
2026-09-02T08:35:03.343039+07:00,c11_sim,434,11.678,30.222,0.000,0.000,0.012,41.912
2026-09-02T08:35:03.509067+07:00,c11_sim,435,8.158,32.070,0.000,0.000,0.021,40.249
2026-09-02T08:35:03.644533+07:00,c11_sim,436,10.302,30.352,0.000,0.000,0.009,40.662
2026-09-02T08:35:03.812268+07:00,c11_sim,437,8.733,32.068,0.000,0.000,0.022,40.824
2026-09-02T08:35:03.988091+07:00,c11_sim,438,6.886,35.757,1.181,25.730,0.011,69.564
2026-09-02T08:35:04.116104+07:00,c11_sim,439,7.781,20.286,0.772,21.490,0.010,50.340
2026-09-02T08:35:04.298952+07:00,c11_sim,440,8.455,34.318,1.130,26.180,0.019,70.101
2026-09-02T08:35:04.441926+07:00,c11_sim,441,6.386,34.291,0.883,23.392,0.023,64.976
2026-09-02T08:35:04.571035+07:00,c11_sim,442,8.163,19.209,0.685,20.057,0.011,48.124
2026-09-02T08:35:04.745250+07:00,c11_sim,443,9.548,34.266,0.986,24.023,0.010,68.833
2026-09-02T08:35:04.885746+07:00,c11_sim,444,7.964,33.317,0.703,20.088,0.009,62.081
2026-09-02T08:35:05.054061+07:00,c11_sim,445,8.136,33.850,1.026,23.267,0.009,66.288
2026-09-02T08:35:05.179295+07:00,c11_sim,446,7.883,20.093,0.574,18.931,0.009,47.489
2026-09-02T08:35:05.369185+07:00,c11_sim,447,10.120,35.645,0.783,21.126,0.013,67.687
2026-09-02T08:35:05.497697+07:00,c11_sim,448,7.760,19.029,0.512,18.266,0.010,45.577
2026-09-02T08:35:05.660721+07:00,c11_sim,449,4.952,30.597,0.547,22.695,0.023,58.814
2026-09-02T08:35:05.800942+07:00,c11_sim,450,6.737,30.843,0.605,21.219,0.018,59.422
2026-09-02T08:35:05.973179+07:00,c11_sim,451,8.290,34.895,1.031,24.481,0.017,68.714
2026-09-02T08:35:06.118473+07:00,c11_sim,452,7.158,34.106,0.664,21.052,0.015,62.996
2026-09-02T08:35:06.246252+07:00,c11_sim,453,6.626,18.811,0.531,17.585,0.020,43.574
2026-09-02T08:35:06.418529+07:00,c11_sim,454,7.189,32.854,0.614,20.905,0.016,61.578
2026-09-02T08:35:06.541053+07:00,c11_sim,455,6.892,19.164,0.551,18.449,0.017,45.073
2026-09-02T08:35:06.739369+07:00,c11_sim,456,9.279,33.696,0.951,24.187,0.016,68.129
2026-09-02T08:35:06.877868+07:00,c11_sim,457,6.403,32.801,0.606,23.367,0.019,63.196
2026-09-02T08:35:07.041479+07:00,c11_sim,458,8.153,34.763,1.033,24.678,0.016,68.642
2026-09-02T08:35:07.183789+07:00,c11_sim,459,7.271,33.042,0.642,22.896,0.029,63.880
2026-09-02T08:35:07.307266+07:00,c11_sim,460,7.709,18.230,0.547,18.097,0.018,44.601
2026-09-02T08:35:07.481997+07:00,c11_sim,461,8.237,33.811,0.656,23.724,0.025,66.453
2026-09-02T08:35:07.648439+07:00,c11_sim,462,8.058,34.732,0.907,24.519,0.019,68.235
2026-09-02T08:35:07.783610+07:00,c11_sim,463,6.361,30.848,0.584,21.360,0.020,59.173
2026-09-02T08:35:07.965157+07:00,c11_sim,464,8.508,35.078,0.992,26.900,0.017,71.494
2026-09-02T08:35:08.055033+07:00,c11_sim,465,6.969,29.590,0.000,0.000,0.008,36.567
2026-09-02T08:35:08.231177+07:00,c11_sim,466,9.789,33.193,0.000,0.000,0.006,42.988
2026-09-02T08:35:08.394610+07:00,c11_sim,467,7.851,33.348,0.265,20.745,0.020,62.229
2026-09-02T08:35:08.543534+07:00,c11_sim,468,7.622,36.286,0.960,0.010,0.024,44.901
2026-09-02T08:35:08.713007+07:00,c11_sim,469,8.576,36.653,0.877,24.122,0.035,70.264
2026-09-02T08:35:08.848735+07:00,c11_sim,470,6.573,32.377,0.896,22.539,0.020,62.405
2026-09-02T08:35:09.024745+07:00,c11_sim,471,7.860,35.248,0.925,24.160,0.031,68.225
2026-09-02T08:35:09.156919+07:00,c11_sim,472,7.135,32.507,0.704,23.764,0.030,64.141
2026-09-02T08:35:09.299746+07:00,c11_sim,473,6.879,32.814,0.629,23.555,0.018,63.895
2026-09-02T08:35:09.466850+07:00,c11_sim,474,6.360,34.074,0.759,24.301,0.046,65.540
2026-09-02T08:35:09.584606+07:00,c11_sim,475,6.530,17.498,0.380,12.513,0.028,36.950
2026-09-02T08:35:09.755549+07:00,c11_sim,476,6.782,31.893,0.541,22.226,0.020,61.462
2026-09-02T08:35:09.931025+07:00,c11_sim,477,8.434,39.711,1.010,26.550,0.019,75.726
2026-09-02T08:35:10.068741+07:00,c11_sim,478,8.000,34.793,0.572,20.764,0.015,64.143
2026-09-02T08:35:10.191005+07:00,c11_sim,479,8.523,20.629,0.356,11.569,0.019,41.096
2026-09-02T08:35:10.350936+07:00,c11_sim,480,7.051,33.615,0.000,0.000,0.012,40.678
2026-09-02T08:35:10.493537+07:00,c11_sim,481,7.146,33.482,0.000,0.000,0.011,40.639
2026-09-02T08:35:10.662001+07:00,c11_sim,482,11.254,34.344,0.000,0.000,0.009,45.607
2026-09-02T08:35:10.801229+07:00,c11_sim,483,10.630,31.523,0.000,0.000,0.010,42.163
2026-09-02T08:35:10.972423+07:00,c11_sim,484,9.968,35.549,0.000,0.000,0.020,45.537
2026-09-02T08:35:11.102017+07:00,c11_sim,485,8.124,30.625,0.000,0.000,0.011,38.761
2026-09-02T08:35:11.304872+07:00,c11_sim,486,8.979,32.868,0.000,0.000,0.007,41.854
2026-09-02T08:35:11.506587+07:00,c11_sim,487,6.719,31.948,0.000,0.000,0.025,38.692
2026-09-02T08:35:11.717530+07:00,c11_sim,488,7.758,29.662,0.000,0.000,0.021,37.441
2026-09-02T08:35:11.926184+07:00,c11_sim,489,10.142,34.794,0.000,0.000,0.014,44.951
2026-09-02T08:35:12.123640+07:00,c11_sim,490,8.371,34.182,0.000,0.000,0.018,42.571
2026-09-02T08:35:12.337724+07:00,c11_sim,491,13.434,36.269,0.000,0.000,0.018,49.722
2026-09-02T08:35:12.515858+07:00,c11_sim,492,10.397,33.851,0.000,0.000,0.015,44.264
2026-09-02T08:35:12.730376+07:00,c11_sim,493,11.925,32.841,0.000,0.000,0.034,44.801
2026-09-02T08:35:12.927373+07:00,c11_sim,494,9.050,37.276,0.000,0.000,0.698,47.025
2026-09-02T08:35:13.130863+07:00,c11_sim,495,10.168,35.537,0.000,0.000,0.035,45.740
2026-09-02T08:35:13.323740+07:00,c11_sim,496,8.596,34.340,0.000,0.000,0.010,42.945
2026-09-02T08:35:13.513225+07:00,c11_sim,497,11.325,31.705,0.000,0.000,0.008,43.038
2026-09-02T08:35:13.734748+07:00,c11_sim,498,10.600,34.725,0.000,0.000,0.005,45.330
2026-09-02T08:35:13.913649+07:00,c11_sim,499,10.268,34.037,0.000,0.000,0.005,44.310
2026-09-02T08:35:14.131802+07:00,c11_sim,500,7.554,33.001,0.000,0.000,0.010,40.566
2026-09-02T08:35:14.316794+07:00,c11_sim,501,7.724,35.223,0.000,0.000,0.016,42.963
2026-09-02T08:35:14.528773+07:00,c11_sim,502,10.676,34.046,0.000,0.000,0.005,44.727
2026-09-02T08:35:14.729383+07:00,c9_sim,259,7.817,32.570,0.000,0.000,0.013,40.400
2026-09-02T08:35:14.928876+07:00,c9_sim,260,11.013,34.529,0.000,0.000,0.008,45.550
2026-09-02T08:35:15.131610+07:00,c9_sim,261,9.185,34.300,0.000,0.000,0.007,43.491
2026-09-02T08:35:15.330486+07:00,c9_sim,262,9.055,33.927,0.000,0.000,0.008,42.990
2026-09-02T08:35:15.515206+07:00,c9_sim,263,8.946,28.616,0.000,0.000,0.009,37.571
2026-09-02T08:35:15.742603+07:00,c9_sim,264,9.426,31.668,0.000,0.000,0.021,41.115
2026-09-02T08:35:15.942848+07:00,c9_sim,265,8.788,33.340,0.000,0.000,0.021,42.149
2026-09-02T08:35:16.138148+07:00,c9_sim,266,9.276,32.708,0.000,0.000,0.022,42.006
2026-09-02T08:35:16.318710+07:00,c9_sim,267,8.444,31.992,0.000,0.000,0.023,40.459
2026-09-02T08:35:16.528212+07:00,c9_sim,268,8.217,31.292,0.000,0.000,0.021,39.529
2026-09-02T08:35:16.734717+07:00,c9_sim,269,8.071,28.741,0.000,0.000,0.014,36.826
2026-09-02T08:35:16.927596+07:00,c9_sim,270,8.679,30.319,0.000,0.000,0.007,39.005
2026-09-02T08:35:17.123672+07:00,c9_sim,271,9.170,31.627,0.000,0.000,0.019,40.816
2026-09-02T08:35:17.313442+07:00,c9_sim,272,7.979,28.391,0.000,0.000,0.438,36.808
2026-09-02T08:35:17.524111+07:00,c9_sim,273,8.365,29.542,0.000,0.000,0.077,37.984
2026-09-02T08:35:17.732086+07:00,c9_sim,274,8.483,28.342,0.000,0.000,0.005,36.829
2026-09-02T08:35:17.935283+07:00,c9_sim,275,9.030,32.613,0.000,0.000,0.010,41.654
2026-09-02T08:35:18.132027+07:00,c9_sim,276,8.696,31.757,0.000,0.000,0.011,40.464
2026-09-02T08:35:18.336386+07:00,c9_sim,277,8.441,30.868,0.000,0.000,0.006,39.314
2026-09-02T08:35:18.529871+07:00,c9_sim,278,5.099,30.263,0.000,0.000,0.008,35.370
2026-09-02T08:35:18.720267+07:00,c9_sim,279,9.240,30.396,0.000,0.000,0.007,39.643
2026-09-02T08:35:18.940627+07:00,c9_sim,280,8.042,29.951,0.000,0.000,0.005,37.998
2026-09-02T08:35:19.117057+07:00,c9_sim,281,8.226,28.626,0.000,0.000,0.005,36.857
2026-09-02T08:35:19.317394+07:00,c9_sim,282,5.355,30.417,0.000,0.000,0.006,35.778
2026-09-02T08:35:19.526940+07:00,c9_sim,283,7.940,32.210,0.000,0.000,0.010,40.160
2026-09-02T08:35:19.735158+07:00,c9_sim,284,8.081,32.536,1.877,0.000,0.006,42.499
2026-09-02T08:35:19.924652+07:00,c9_sim,285,10.175,31.605,0.000,0.000,0.009,41.789
2026-09-02T08:35:20.112504+07:00,c9_sim,286,8.297,28.630,0.000,0.000,0.006,36.934
2026-09-02T08:35:20.323728+07:00,c9_sim,287,8.824,31.919,0.000,0.000,0.010,40.752
2026-09-02T08:35:20.521326+07:00,c9_sim,288,10.665,32.000,0.000,0.000,0.010,42.675
2026-09-02T08:35:20.731784+07:00,c9_sim,289,8.644,35.493,1.175,0.000,0.015,45.327
2026-09-02T08:35:20.936430+07:00,c9_sim,290,10.719,32.126,0.000,0.000,0.011,42.855
2026-09-02T08:35:21.127668+07:00,c9_sim,291,8.130,30.572,0.000,0.000,0.006,38.708
2026-09-02T08:35:21.320173+07:00,c9_sim,292,7.311,29.667,0.000,0.000,0.004,36.982
2026-09-02T08:35:21.524356+07:00,c9_sim,293,6.101,30.366,0.000,0.000,0.004,36.472
2026-09-02T08:35:21.730113+07:00,c9_sim,294,8.739,30.323,0.707,0.000,0.006,39.775
2026-09-02T08:35:21.933009+07:00,c9_sim,295,10.482,31.962,0.000,0.000,0.009,42.453
2026-09-02T08:35:22.110846+07:00,c9_sim,296,7.481,28.567,0.000,0.000,0.005,36.053
2026-09-02T08:35:22.343776+07:00,c9_sim,297,8.289,31.758,0.000,0.000,0.005,40.051
2026-09-02T08:35:22.541303+07:00,c9_sim,298,6.161,32.114,0.000,0.000,0.009,38.283
2026-09-02T08:35:22.759305+07:00,c9_sim,299,7.688,34.939,0.960,24.443,0.076,68.106
2026-09-02T08:35:22.956844+07:00,c9_sim,300,7.704,35.451,1.045,23.548,0.013,67.760
2026-09-02T08:35:23.162683+07:00,c9_sim,301,7.474,36.589,1.124,24.291,0.010,69.488
2026-09-02T08:35:23.353684+07:00,c9_sim,302,8.860,34.528,1.087,24.064,0.020,68.559
2026-09-02T08:35:23.551015+07:00,c9_sim,303,7.241,33.824,1.157,24.184,0.008,66.413
2026-09-02T08:35:23.750006+07:00,c9_sim,304,8.854,34.339,1.034,23.796,0.007,68.029
2026-09-02T08:35:23.959841+07:00,c9_sim,305,8.435,34.845,1.037,24.333,0.009,68.659
2026-09-02T08:35:24.156968+07:00,c9_sim,306,8.191,33.313,0.807,23.626,0.013,65.950
2026-09-02T08:35:24.346333+07:00,c9_sim,307,7.864,32.282,0.760,23.280,0.018,64.204
2026-09-02T08:35:24.564846+07:00,c9_sim,308,7.504,34.676,0.776,23.276,0.016,66.248
2026-09-02T08:35:24.762999+07:00,c9_sim,309,6.202,33.091,0.732,23.522,0.018,63.564
2026-09-02T08:35:24.956717+07:00,c9_sim,310,7.704,32.236,0.739,23.275,0.014,63.968
2026-09-02T08:35:25.155915+07:00,c9_sim,311,9.256,34.293,1.045,24.339,0.010,68.942
2026-09-02T08:35:25.347222+07:00,c9_sim,312,8.362,34.446,1.117,24.229,0.021,68.174
2026-09-02T08:35:25.556422+07:00,c9_sim,313,6.255,34.429,1.192,24.541,0.015,66.431
2026-09-02T08:35:25.763059+07:00,c9_sim,314,10.637,34.705,1.055,24.100,0.011,70.508
2026-09-02T08:35:25.965571+07:00,c9_sim,315,8.671,35.658,1.076,25.138,0.027,70.570
2026-09-02T08:35:26.141356+07:00,c9_sim,316,9.480,21.178,0.851,23.158,0.014,54.680
2026-09-02T08:35:26.351618+07:00,c9_sim,317,8.189,31.970,0.772,20.712,0.022,61.665
2026-09-02T08:35:26.549826+07:00,c9_sim,318,7.535,34.571,1.108,24.110,0.027,67.352
2026-09-02T08:35:26.739129+07:00,c9_sim,319,5.666,24.317,0.910,23.647,0.020,54.560
2026-09-02T08:35:26.955643+07:00,c9_sim,320,6.781,34.792,1.126,24.151,0.013,66.863
2026-09-02T08:35:27.148210+07:00,c9_sim,321,8.436,31.457,0.690,23.349,0.017,63.948
2026-09-02T08:35:27.363451+07:00,c9_sim,322,8.155,33.123,0.697,23.268,0.037,65.280
2026-09-02T08:35:27.563850+07:00,c9_sim,323,6.001,32.732,0.707,23.581,0.018,63.039
2026-09-02T08:35:27.767942+07:00,c9_sim,324,8.864,33.627,0.907,21.039,0.012,64.449
2026-09-02T08:35:27.973122+07:00,c9_sim,325,8.175,34.617,1.093,23.948,0.014,67.847
2026-09-02T08:35:28.150469+07:00,c9_sim,326,8.096,32.987,1.330,23.172,0.011,65.596
2026-09-02T08:35:28.357779+07:00,c9_sim,327,8.550,34.713,1.042,25.944,0.030,70.279
2026-09-02T08:35:28.565061+07:00,c9_sim,328,6.099,33.650,0.721,23.708,0.020,64.198
2026-09-02T08:35:28.752006+07:00,c9_sim,329,10.271,32.401,0.567,20.465,0.016,63.721
2026-09-02T08:35:28.939252+07:00,c9_sim,330,10.840,30.671,0.499,23.406,0.015,65.431
2026-09-02T08:35:29.153693+07:00,c9_sim,331,9.871,34.726,0.890,24.758,0.013,70.257
2026-09-02T08:35:29.349030+07:00,c9_sim,332,7.765,33.659,0.932,23.899,0.024,66.278
2026-09-02T08:35:29.552897+07:00,c9_sim,333,7.009,34.440,1.072,25.343,0.018,67.881
2026-09-02T08:35:29.766701+07:00,c9_sim,334,9.262,33.891,0.999,23.602,0.013,67.767
2026-09-02T08:35:29.973656+07:00,c9_sim,335,8.260,34.736,1.068,25.728,0.013,69.805
2026-09-02T08:35:30.148613+07:00,c9_sim,336,8.369,34.098,0.985,25.286,0.012,68.750
2026-09-02T08:35:30.347690+07:00,c9_sim,337,9.325,34.537,1.073,0.008,0.023,44.967
2026-09-02T08:35:30.544766+07:00,c9_sim,338,5.112,32.230,0.640,23.894,0.018,61.894
2026-09-02T08:35:30.744531+07:00,c9_sim,339,10.667,30.886,0.522,23.352,0.016,65.444
2026-09-02T08:35:30.962566+07:00,c9_sim,340,8.926,31.695,0.659,23.812,0.020,65.112
2026-09-02T08:35:31.133401+07:00,c9_sim,341,8.178,31.859,0.000,0.000,0.021,40.057
2026-09-02T08:35:31.325488+07:00,c9_sim,342,6.900,31.083,0.000,0.000,0.023,38.006
2026-09-02T08:35:31.516152+07:00,c9_sim,343,7.093,30.855,0.000,0.000,0.021,37.970
2026-09-02T08:35:31.736459+07:00,c8_sim,129,6.518,31.422,0.904,0.000,0.013,38.858
2026-09-02T08:35:31.958077+07:00,c8_sim,130,11.244,30.486,0.640,0.000,0.011,42.380
2026-09-02T08:35:32.131826+07:00,c8_sim,131,9.753,31.068,0.507,0.000,0.009,41.337
2026-09-02T08:35:32.330557+07:00,c8_sim,132,10.665,15.011,0.366,17.254,0.085,43.381
2026-09-02T08:35:32.548112+07:00,c8_sim,133,9.437,34.811,1.090,0.007,0.026,45.371
2026-09-02T08:35:32.772821+07:00,c8_sim,134,9.695,33.992,1.064,24.946,0.020,69.718
2026-09-02T08:35:32.977972+07:00,c8_sim,135,8.277,34.586,1.098,26.236,0.018,70.214
2026-09-02T08:35:33.166477+07:00,c8_sim,136,10.089,33.641,0.722,23.384,0.011,67.847
2026-09-02T08:35:33.373911+07:00,c8_sim,137,10.482,34.690,1.086,26.519,0.024,72.801
2026-09-02T08:35:33.566808+07:00,c8_sim,138,9.264,34.539,1.134,24.113,0.010,69.060
2026-09-02T08:35:33.751488+07:00,c8_sim,139,9.922,34.243,0.995,21.079,0.009,66.248
2026-09-02T08:35:33.938213+07:00,c8_sim,140,10.201,31.608,0.000,0.000,0.018,41.827
2026-09-02T08:35:34.160246+07:00,c8_sim,141,9.622,30.923,0.589,23.140,0.016,64.289
2026-09-02T08:35:34.352028+07:00,c8_sim,142,8.588,32.766,0.692,21.459,0.175,63.680
2026-09-02T08:35:34.555884+07:00,c8_sim,143,7.913,30.940,0.698,23.641,0.063,63.256
2026-09-02T08:35:34.725152+07:00,c8_sim,144,10.183,29.851,0.000,0.000,0.012,40.047
2026-09-02T08:35:34.978777+07:00,c8_sim,145,9.737,33.832,1.060,23.797,0.015,68.440
2026-09-02T08:35:35.168485+07:00,c8_sim,146,12.413,35.186,1.158,24.910,0.009,73.677
2026-09-02T08:35:35.358868+07:00,c8_sim,147,10.089,34.297,1.106,24.038,0.019,69.548
2026-09-02T08:35:35.563104+07:00,c8_sim,148,11.497,34.462,1.107,24.282,0.017,71.366
2026-09-02T08:35:35.767741+07:00,c8_sim,149,10.275,34.591,1.006,21.605,0.008,67.484
2026-09-02T08:35:35.970120+07:00,c8_sim,150,11.186,34.601,1.192,23.602,0.009,70.590
2026-09-02T08:35:36.155475+07:00,c8_sim,151,10.883,34.370,1.075,23.896,0.019,70.243
2026-09-02T08:35:36.360896+07:00,c8_sim,152,10.243,34.922,1.056,24.161,0.027,70.408
2026-09-02T08:35:36.534002+07:00,c8_sim,153,8.983,31.033,0.000,0.000,0.019,40.035
2026-09-02T08:35:36.756862+07:00,c8_sim,154,10.536,31.406,0.667,23.309,0.024,65.941
2026-09-02T08:35:36.955281+07:00,c8_sim,155,12.083,30.774,0.614,23.231,0.022,66.723
2026-09-02T08:35:37.150304+07:00,c8_sim,156,7.522,32.466,0.621,19.892,0.017,60.518
2026-09-02T08:35:37.349554+07:00,c8_sim,157,11.001,33.654,1.043,23.745,0.025,69.469
2026-09-02T08:35:37.536979+07:00,c8_sim,158,9.351,31.096,0.000,0.000,0.020,40.467
2026-09-02T08:35:37.728589+07:00,c8_sim,159,8.902,31.510,0.000,0.000,0.014,40.425
2026-09-02T08:35:37.927115+07:00,c8_sim,160,9.655,30.128,0.000,0.000,0.009,39.793
2026-09-02T08:35:38.127667+07:00,c8_sim,161,9.702,30.692,0.000,0.000,0.008,40.402
2026-09-02T08:35:38.345569+07:00,c8_sim,162,9.124,31.171,0.000,0.000,0.018,40.314
2026-09-02T08:35:38.545899+07:00,c8_sim,163,9.199,31.950,0.000,0.000,0.021,41.170
2026-09-02T08:35:38.727682+07:00,c8_sim,164,10.879,30.672,0.000,0.000,0.014,41.565
2026-09-02T08:35:38.937239+07:00,c8_sim,165,10.145,32.187,0.000,0.000,0.018,42.350
2026-09-02T08:35:39.124736+07:00,c8_sim,166,11.563,28.511,0.000,0.000,0.008,40.082
2026-09-02T08:35:39.354721+07:00,c8_sim,167,10.720,32.557,0.000,0.000,0.019,43.296
2026-09-02T08:35:39.534406+07:00,c8_sim,168,9.748,31.084,0.000,0.000,0.010,40.842
2026-09-02T08:35:39.738519+07:00,c8_sim,169,9.520,31.834,0.000,0.000,0.022,41.376
2026-09-02T08:35:39.933309+07:00,c8_sim,170,9.949,31.817,0.000,0.000,0.022,41.787
2026-09-02T08:35:40.146639+07:00,c8_sim,171,9.864,30.961,0.000,0.000,0.021,40.847
2026-09-02T08:35:40.334049+07:00,c8_sim,172,11.868,31.380,0.000,0.000,0.268,43.516
2026-09-02T08:35:40.540699+07:00,c8_sim,173,10.062,31.240,0.000,0.000,0.031,41.333
2026-09-02T08:35:40.734410+07:00,c8_sim,174,9.142,31.766,0.000,0.000,0.010,40.919
2026-09-02T08:35:40.940385+07:00,c8_sim,175,11.303,28.021,0.000,0.000,0.005,39.330
2026-09-02T08:35:41.141726+07:00,c8_sim,176,10.514,31.568,0.000,0.000,0.011,42.092
2026-09-02T08:35:41.331074+07:00,c8_sim,177,8.908,29.980,0.000,0.000,0.005,38.892
2026-09-02T08:35:41.541985+07:00,c8_sim,178,10.211,32.123,0.000,0.000,0.012,42.345
2026-09-02T08:35:41.731131+07:00,c8_sim,179,9.603,31.431,0.000,0.000,0.011,41.046
2026-09-02T08:35:41.920007+07:00,c8_sim,180,9.519,28.451,0.000,0.000,0.005,37.975
2026-09-02T08:35:42.148146+07:00,c8_sim,181,10.755,31.944,0.000,0.000,0.010,42.709
2026-09-02T08:35:42.346250+07:00,c8_sim,182,10.007,32.695,0.000,0.000,0.011,42.713
2026-09-02T08:35:42.527736+07:00,c8_sim,183,11.047,28.026,0.000,0.000,0.005,39.078
2026-09-02T08:35:42.726442+07:00,c8_sim,184,11.804,30.933,0.000,0.000,0.009,42.747
2026-09-02T08:35:42.917875+07:00,c8_sim,185,9.503,29.005,0.000,0.000,0.005,38.512
2026-09-02T08:35:43.136825+07:00,c8_sim,186,10.738,31.134,0.000,0.000,0.011,41.883
2026-09-02T08:35:43.321879+07:00,c8_sim,187,10.640,27.646,0.000,0.000,0.005,38.290
2026-09-02T08:35:43.539888+07:00,c8_sim,188,10.848,28.632,0.000,0.000,0.006,39.486
2026-09-02T08:35:43.755270+07:00,c10_sim,124,7.613,34.550,3.437,0.000,0.018,45.618
2026-09-02T08:35:43.962728+07:00,c10_sim,125,9.956,35.171,1.162,0.000,0.017,46.305
2026-09-02T08:35:44.189600+07:00,c10_sim,126,9.105,34.219,1.189,24.851,0.143,69.507
2026-09-02T08:35:44.363864+07:00,c10_sim,127,10.708,34.792,1.192,0.006,0.020,46.718
2026-09-02T08:35:44.577526+07:00,c10_sim,128,9.167,31.826,0.763,22.843,0.015,64.615
2026-09-02T08:35:44.781355+07:00,c10_sim,129,7.250,32.551,0.859,23.529,0.017,64.207
2026-09-02T08:35:44.985591+07:00,c10_sim,130,8.803,35.265,1.181,24.492,0.012,69.752
2026-09-02T08:35:45.180235+07:00,c10_sim,131,9.518,33.966,1.141,25.108,0.211,69.943
2026-09-02T08:35:45.386714+07:00,c10_sim,132,9.102,34.045,1.165,26.224,0.022,70.557
2026-09-02T08:35:45.592927+07:00,c10_sim,133,10.461,35.441,1.274,28.189,0.017,75.381
2026-09-02T08:35:45.766518+07:00,c10_sim,134,8.721,34.485,0.862,23.219,0.012,67.299
2026-09-02T08:35:45.950295+07:00,c10_sim,135,9.010,28.301,0.630,20.340,0.016,58.297
2026-09-02T08:35:46.197996+07:00,c10_sim,136,9.343,36.072,1.268,25.679,0.013,72.374
2026-09-02T08:35:46.365897+07:00,c10_sim,137,9.597,31.179,0.734,22.513,0.028,64.051
2026-09-02T08:35:46.585686+07:00,c10_sim,138,7.345,35.424,1.181,24.662,0.016,68.628
2026-09-02T08:35:46.780170+07:00,c10_sim,139,9.068,35.093,1.061,24.524,0.012,69.758
2026-09-02T08:35:46.964597+07:00,c10_sim,140,9.275,31.502,0.791,24.161,0.012,65.742
2026-09-02T08:35:47.194134+07:00,c10_sim,141,10.568,35.117,1.121,27.983,0.013,74.802
2026-09-02T08:35:47.358389+07:00,c10_sim,142,10.817,35.164,1.235,0.007,0.021,47.243
2026-09-02T08:35:47.553478+07:00,c10_sim,143,9.624,34.561,1.137,0.008,0.025,45.355
2026-09-02T08:35:47.746552+07:00,c10_sim,144,9.164,34.453,1.007,0.006,0.027,44.658
2026-09-02T08:35:47.971156+07:00,c10_sim,145,9.312,34.905,1.152,0.012,0.025,45.405
2026-09-02T08:35:48.166428+07:00,c10_sim,146,8.991,34.692,1.150,0.006,0.023,44.862
2026-09-02T08:35:48.341438+07:00,c10_sim,147,7.177,31.114,0.720,0.005,0.015,39.031
2026-09-02T08:35:48.569545+07:00,c10_sim,148,9.753,35.395,0.995,0.006,0.020,46.170
2026-09-02T08:35:48.748106+07:00,c10_sim,149,8.938,31.809,0.000,0.000,0.009,40.756
2026-09-02T08:35:48.942839+07:00,c10_sim,150,10.071,31.645,0.000,0.000,0.022,41.738
2026-09-02T08:35:49.149057+07:00,c10_sim,151,10.706,31.702,0.000,0.000,0.020,42.427
2026-09-02T08:35:49.347533+07:00,c10_sim,152,9.112,31.986,0.000,0.000,0.010,41.108
2026-09-02T08:35:49.542279+07:00,c10_sim,153,7.249,29.077,0.000,0.000,0.011,36.337
2026-09-02T08:35:49.762997+07:00,c12_sim,39,7.597,31.471,0.000,0.000,0.005,39.073
2026-09-02T08:35:49.994204+07:00,c12_sim,40,11.943,31.025,0.805,23.641,0.113,67.527
2026-09-02T08:35:50.159744+07:00,c12_sim,41,8.787,32.037,0.000,0.000,0.014,40.839
2026-09-02T08:35:50.376910+07:00,c12_sim,42,9.938,35.670,1.058,0.006,0.022,46.695
2026-09-02T08:35:50.550057+07:00,c12_sim,43,7.316,32.143,0.000,0.000,0.017,39.476
2026-09-02T08:35:50.770952+07:00,c12_sim,44,9.009,32.474,0.000,0.000,0.018,41.501
2026-09-02T08:35:50.971325+07:00,c12_sim,45,10.105,30.491,0.000,0.000,0.009,40.605
2026-09-02T08:35:51.152496+07:00,c12_sim,46,7.761,25.566,0.000,0.000,0.011,33.337
2026-09-02T08:35:51.351453+07:00,c12_sim,47,8.771,32.222,0.000,0.000,0.020,41.013
2026-09-02T08:35:51.577237+07:00,c12_sim,48,9.483,32.455,0.000,0.000,0.014,41.952
2026-09-02T08:35:51.756662+07:00,c11_sim,503,7.910,30.748,0.000,0.000,0.009,38.667
2026-09-02T08:35:51.980415+07:00,c11_sim,504,11.217,33.411,0.000,0.000,0.011,44.639
2026-09-02T08:35:52.166292+07:00,c11_sim,505,12.040,31.514,0.000,0.000,0.011,43.565
2026-09-02T08:35:52.378255+07:00,c11_sim,506,11.490,31.000,0.000,0.000,0.008,42.499
2026-09-02T08:35:52.579733+07:00,c11_sim,507,8.774,32.085,0.000,0.000,0.010,40.870
2026-09-02T08:35:52.781124+07:00,c11_sim,508,10.897,32.225,0.975,0.000,0.007,44.104
2026-09-02T08:35:52.972775+07:00,c11_sim,509,9.439,30.545,0.000,0.000,0.005,39.990
2026-09-02T08:35:53.187894+07:00,c11_sim,510,9.333,35.448,1.201,0.000,0.008,45.990
2026-09-02T08:35:53.371871+07:00,c11_sim,511,8.750,30.783,0.000,0.000,0.011,39.544
2026-09-02T08:35:53.568709+07:00,c11_sim,512,9.065,31.412,0.000,0.000,0.011,40.488
2026-09-02T08:35:53.785194+07:00,c11_sim,513,9.163,35.586,1.037,0.000,0.010,45.795
2026-09-02T08:35:53.986207+07:00,c11_sim,514,10.546,34.799,1.092,0.006,0.101,46.545
2026-09-02T08:35:54.242869+07:00,c11_sim,515,9.765,45.055,1.900,34.243,0.015,90.979
2026-09-02T08:35:54.407301+07:00,c11_sim,516,6.921,33.557,0.818,22.712,0.041,64.049
2026-09-02T08:35:54.614408+07:00,c11_sim,517,8.789,34.449,1.099,25.377,0.014,69.727
2026-09-02T08:35:54.815822+07:00,c11_sim,518,9.442,30.999,0.731,22.999,0.024,64.194
2026-09-02T08:35:55.018204+07:00,c11_sim,519,9.462,36.122,1.006,23.692,0.016,70.297
2026-09-02T08:35:55.206890+07:00,c11_sim,520,10.274,34.606,1.124,25.382,0.012,71.397
2026-09-02T08:35:55.379784+07:00,c11_sim,521,9.165,32.260,0.000,0.000,0.011,41.437
2026-09-02T08:35:55.564892+07:00,c11_sim,522,7.295,30.221,0.000,0.000,0.010,37.527
2026-09-02T08:35:55.799458+07:00,c11_sim,523,10.330,32.564,0.823,22.655,0.012,66.384
2026-09-02T08:35:55.972616+07:00,c11_sim,524,10.930,31.201,0.000,0.000,0.021,42.152
2026-09-02T08:35:56.197099+07:00,c11_sim,525,9.466,33.212,1.077,25.288,0.019,69.062
2026-09-02T08:35:56.416478+07:00,c11_sim,526,8.930,34.256,1.041,22.046,0.014,66.288
2026-09-02T08:35:56.586200+07:00,c11_sim,527,9.172,32.358,0.000,0.000,0.019,41.549
2026-09-02T08:35:56.801082+07:00,c11_sim,528,7.893,31.618,0.755,19.961,0.015,60.241
2026-09-02T08:35:57.008829+07:00,c11_sim,529,9.511,33.799,0.697,23.221,0.013,67.241
2026-09-02T08:35:57.209917+07:00,c11_sim,530,9.847,36.955,0.909,24.253,0.012,71.976
2026-09-02T08:35:57.417873+07:00,c11_sim,531,9.181,34.718,1.110,22.930,0.015,67.953
2026-09-02T08:35:57.586138+07:00,c11_sim,532,10.219,32.640,0.000,0.000,0.022,42.882
2026-09-02T08:35:57.816147+07:00,c11_sim,533,8.811,34.734,1.066,24.205,0.017,68.833
2026-09-02T08:35:58.011253+07:00,c11_sim,534,9.069,34.904,1.052,23.763,0.016,68.804
2026-09-02T08:35:58.160484+07:00,c11_sim,535,6.855,28.683,0.000,0.000,0.013,35.550
2026-09-02T08:35:58.412262+07:00,c11_sim,536,8.702,33.466,1.843,24.486,0.020,68.518
2026-09-02T08:35:58.609432+07:00,c11_sim,537,8.727,33.983,0.777,23.528,0.029,67.045
2026-09-02T08:35:58.799855+07:00,c11_sim,538,9.211,32.472,0.734,21.666,0.018,64.101
2026-09-02T08:35:58.993443+07:00,c11_sim,539,11.254,33.759,0.657,23.164,0.018,68.852
2026-09-02T08:35:59.221740+07:00,c11_sim,540,9.165,40.805,0.630,26.171,0.021,76.792
2026-09-02T08:35:59.423831+07:00,c11_sim,541,9.483,35.748,1.144,26.418,0.033,72.827
2026-09-02T08:35:59.563194+07:00,c11_sim,542,10.571,15.891,0.542,16.705,0.016,43.724
2026-09-02T08:35:59.815523+07:00,c11_sim,543,8.969,34.601,0.988,24.301,0.015,68.873
2026-09-02T08:36:00.021717+07:00,c11_sim,544,9.802,34.607,1.078,25.117,0.013,70.617
2026-09-02T08:36:00.192136+07:00,c11_sim,545,9.844,30.343,0.616,23.510,0.024,64.338
2026-09-02T08:36:00.423254+07:00,c11_sim,546,9.610,35.041,1.097,24.142,0.026,69.916
2026-09-02T08:36:00.608335+07:00,c11_sim,547,9.132,36.461,1.314,26.660,0.018,73.585
2026-09-02T08:36:00.798994+07:00,c11_sim,548,9.351,33.933,0.657,24.356,0.017,68.314
2026-09-02T08:36:00.999588+07:00,c11_sim,549,10.433,35.396,0.578,22.591,0.015,69.013
2026-09-02T08:36:01.231145+07:00,c11_sim,550,11.321,35.565,1.055,27.205,0.020,75.165
2026-09-02T08:36:01.399308+07:00,c11_sim,551,9.685,36.554,0.787,29.232,0.033,76.290
2026-09-02T08:36:01.587057+07:00,c11_sim,552,10.172,37.982,0.972,0.000,0.014,49.141
2026-09-02T08:36:01.788489+07:00,c11_sim,553,9.435,34.222,0.616,0.000,0.010,44.282
2026-09-02T08:36:01.983438+07:00,c11_sim,554,9.900,36.321,0.947,0.000,0.018,47.187
2026-09-02T08:36:02.201305+07:00,c11_sim,555,9.614,32.830,0.593,20.964,0.090,64.092
2026-09-02T08:36:02.401845+07:00,c11_sim,556,8.701,32.422,0.736,20.795,0.015,62.669
2026-09-02T08:36:02.583026+07:00,c11_sim,557,9.075,33.624,0.727,0.005,0.022,43.454
2026-09-02T08:36:02.783170+07:00,c11_sim,558,10.254,33.867,0.913,0.008,0.021,45.062
2026-09-02T08:36:02.969974+07:00,c11_sim,559,9.334,31.179,0.000,0.000,0.021,40.535
2026-09-02T08:36:03.180620+07:00,c11_sim,560,8.687,30.611,0.000,0.000,0.015,39.313
2026-09-02T08:36:03.352094+07:00,c11_sim,561,9.800,26.216,0.000,0.000,0.020,36.035
2026-09-02T08:36:03.561214+07:00,c11_sim,562,9.819,25.051,0.000,0.000,0.015,34.886
2026-09-02T08:36:03.776643+07:00,c11_sim,563,6.885,27.464,0.935,0.527,0.017,35.828
2026-09-02T08:36:04.004517+07:00,c11_sim,564,9.531,34.877,1.339,25.431,0.028,71.206
2026-09-02T08:36:04.207771+07:00,c11_sim,565,8.904,34.143,1.419,0.006,0.023,44.495
2026-09-02T08:36:04.409758+07:00,c11_sim,566,10.129,33.648,1.101,23.720,0.243,68.841
2026-09-02T08:36:04.611443+07:00,c11_sim,567,7.997,33.421,0.798,23.861,0.026,66.103
2026-09-02T08:36:04.789301+07:00,c11_sim,568,9.413,34.023,1.481,0.000,0.010,44.928
2026-09-02T08:36:05.002498+07:00,c11_sim,569,10.400,31.573,0.528,0.000,0.010,42.511
2026-09-02T08:36:05.200048+07:00,c11_sim,570,9.328,32.238,0.469,21.834,0.081,63.950
2026-09-02T08:36:05.380780+07:00,c11_sim,571,9.339,33.387,1.311,0.007,0.022,44.066
2026-09-02T08:36:05.627607+07:00,c11_sim,572,9.114,35.082,1.059,25.706,0.022,70.982
2026-09-02T08:36:05.799542+07:00,c11_sim,573,9.466,33.613,0.745,22.594,0.012,66.430
2026-09-02T08:36:05.999934+07:00,c11_sim,574,10.534,34.187,0.961,22.413,0.011,68.107
2026-09-02T08:36:06.193919+07:00,c11_sim,575,8.699,30.865,0.671,23.620,0.013,63.867
2026-09-02T08:36:06.428696+07:00,c11_sim,576,9.772,35.522,1.209,26.432,0.024,72.959
2026-09-02T08:36:06.604444+07:00,c11_sim,577,7.578,34.829,1.198,25.740,0.016,69.360
2026-09-02T08:36:06.810631+07:00,c11_sim,578,9.728,33.508,0.785,23.839,0.012,67.871
2026-09-02T08:36:07.020880+07:00,c11_sim,579,9.286,36.074,0.989,24.760,0.010,71.120
2026-09-02T08:36:07.221728+07:00,c11_sim,580,8.832,34.323,1.003,24.390,0.008,68.556
2026-09-02T08:36:07.415736+07:00,c11_sim,581,9.576,31.472,0.759,23.227,0.021,65.055
2026-09-02T08:36:07.611591+07:00,c11_sim,582,9.489,31.329,0.671,23.248,0.205,64.943
2026-09-02T08:36:07.832236+07:00,c11_sim,583,9.898,34.472,0.966,23.776,0.013,69.124
2026-09-02T08:36:08.005437+07:00,c11_sim,584,9.393,35.397,1.130,24.391,0.016,70.327
2026-09-02T08:36:08.199441+07:00,c11_sim,585,11.500,30.540,0.650,22.074,0.012,64.775
2026-09-02T08:36:08.422991+07:00,c11_sim,586,9.754,34.760,1.107,26.146,0.022,71.789
2026-09-02T08:36:08.625015+07:00,c11_sim,587,9.850,34.842,1.031,23.838,0.025,69.587
2026-09-02T08:36:08.788313+07:00,c11_sim,588,10.095,29.833,0.634,22.385,0.022,62.969
2026-09-02T08:36:09.028665+07:00,c11_sim,589,9.930,35.178,1.005,23.913,0.019,70.044
2026-09-02T08:36:09.194584+07:00,c11_sim,590,8.902,32.353,0.000,0.000,0.018,41.273
2026-09-02T08:36:09.416616+07:00,c11_sim,591,9.238,33.405,0.701,21.122,0.018,64.483
2026-09-02T08:36:09.589094+07:00,c11_sim,592,5.743,29.621,0.516,22.668,0.026,58.574
2026-09-02T08:36:09.811011+07:00,c11_sim,593,9.100,33.111,0.651,23.313,0.017,66.192
2026-09-02T08:36:10.010509+07:00,c11_sim,594,11.270,34.550,0.993,24.121,0.017,70.951
2026-09-02T08:36:10.212670+07:00,c11_sim,595,11.235,32.815,0.684,23.450,0.018,68.202
2026-09-02T08:36:10.398791+07:00,c11_sim,596,9.753,30.801,0.594,23.238,0.023,64.409
2026-09-02T08:36:10.596517+07:00,c11_sim,597,8.227,32.523,0.736,23.415,0.023,64.924
2026-09-02T08:36:10.799428+07:00,c11_sim,598,10.286,32.921,0.629,22.219,0.025,66.081
2026-09-02T08:36:11.009743+07:00,c11_sim,599,8.926,32.749,0.715,23.593,0.023,66.006
2026-09-02T08:36:11.225154+07:00,c11_sim,600,10.308,37.500,0.982,28.089,0.016,76.896
2026-09-02T08:36:11.415969+07:00,c11_sim,601,9.284,34.472,0.639,22.022,0.026,66.443
2026-09-02T08:36:11.609123+07:00,c11_sim,602,5.845,30.625,0.562,22.878,0.020,59.930
2026-09-02T08:36:11.815359+07:00,c11_sim,603,9.384,34.196,0.876,23.736,0.013,68.205
2026-09-02T08:36:11.990630+07:00,c11_sim,604,11.023,36.610,0.000,0.000,0.022,47.654
2026-09-02T08:36:12.201214+07:00,c11_sim,605,10.823,33.592,0.000,0.000,0.013,44.428
2026-09-02T08:36:12.376742+07:00,c11_sim,606,10.323,31.437,0.000,0.000,0.020,41.780
2026-09-02T08:36:12.604271+07:00,c11_sim,607,10.515,31.957,0.671,23.091,0.022,66.255
2026-09-02T08:36:12.807000+07:00,c11_sim,608,10.395,32.089,0.731,23.505,0.022,66.743
2026-09-02T08:36:13.001234+07:00,c11_sim,609,10.327,34.791,0.000,0.000,0.024,45.142
2026-09-02T08:36:13.221474+07:00,c11_sim,610,9.419,33.837,0.592,23.181,0.023,67.051
2026-09-02T08:36:13.412782+07:00,c11_sim,611,12.318,30.543,0.556,22.460,0.025,65.902
2026-09-02T08:36:13.586088+07:00,c11_sim,612,8.749,30.630,0.000,0.000,0.011,39.390
2026-09-02T08:36:13.780210+07:00,c11_sim,613,9.788,27.995,0.000,0.000,0.008,37.791
2026-09-02T08:36:13.975514+07:00,c11_sim,614,8.759,28.827,0.000,0.000,0.013,37.599
2026-09-02T08:36:14.179213+07:00,c11_sim,615,8.875,29.473,0.000,0.000,0.010,38.358
2026-09-02T08:36:14.380599+07:00,c11_sim,616,9.368,30.094,0.000,0.000,0.009,39.471
2026-09-02T08:36:14.631885+07:00,c11_sim,617,8.965,34.065,0.951,24.643,0.023,68.648
2026-09-02T08:36:14.773077+07:00,c11_sim,618,9.800,28.080,0.000,0.000,0.007,37.887
2026-09-02T08:36:15.019537+07:00,c11_sim,619,9.456,34.413,0.999,24.537,0.025,69.430
2026-09-02T08:36:15.216381+07:00,c11_sim,620,9.597,32.721,0.711,21.516,0.014,64.558
2026-09-02T08:36:15.423722+07:00,c11_sim,621,9.253,33.840,1.001,23.617,0.035,67.746
2026-09-02T08:36:15.626879+07:00,c11_sim,622,10.005,31.571,0.635,23.109,0.024,65.344
2026-09-02T08:36:15.799973+07:00,c11_sim,623,6.736,31.068,0.587,21.274,0.024,59.689
2026-09-02T08:36:16.023195+07:00,c11_sim,624,9.883,33.533,0.648,23.341,0.019,67.425
2026-09-02T08:36:16.191742+07:00,c11_sim,625,9.344,31.592,0.000,0.000,0.009,40.946
2026-09-02T08:36:16.394736+07:00,c11_sim,626,9.272,31.345,0.000,0.000,0.017,40.635
2026-09-02T08:36:16.583371+07:00,c11_sim,627,8.753,28.701,0.000,0.000,0.009,37.463
2026-09-02T08:36:16.798596+07:00,c11_sim,628,9.701,28.535,0.000,0.000,0.013,38.249
2026-09-02T08:36:16.998853+07:00,c11_sim,629,10.084,32.082,0.000,0.000,0.019,42.185
2026-09-02T08:36:17.175033+07:00,c11_sim,630,9.655,31.554,0.000,0.000,0.021,41.231
2026-09-02T08:36:17.374343+07:00,c11_sim,631,10.236,28.184,0.000,0.000,0.009,38.429
2026-09-02T08:36:17.586308+07:00,c11_sim,632,9.103,30.349,0.000,0.000,0.008,39.460
2026-09-02T08:36:17.803572+07:00,c11_sim,633,10.535,32.529,0.000,0.000,0.021,43.085
2026-09-02T08:36:17.995273+07:00,c11_sim,634,11.910,31.558,0.000,0.000,0.021,43.490
2026-09-02T08:36:18.191095+07:00,c11_sim,635,9.191,33.126,0.000,0.000,0.022,42.339
2026-09-02T08:36:18.378368+07:00,c11_sim,636,9.822,33.900,0.000,0.000,0.010,43.732
2026-09-02T08:36:18.594896+07:00,c11_sim,637,10.508,32.033,0.000,0.000,0.023,42.564
2026-09-02T08:36:18.783202+07:00,c11_sim,638,9.372,31.588,0.000,0.000,0.020,40.980
2026-09-02T08:36:18.987501+07:00,c11_sim,639,9.416,31.327,0.000,0.000,0.495,41.238
2026-09-02T08:36:19.200506+07:00,c11_sim,640,7.164,32.280,0.000,0.000,0.040,39.484
2026-09-02T08:36:19.384302+07:00,c11_sim,641,9.442,31.059,0.000,0.000,0.009,40.510
2026-09-02T08:36:19.600601+07:00,c11_sim,642,10.135,31.318,0.000,0.000,0.010,41.463
2026-09-02T08:36:19.767136+07:00,c11_sim,643,10.256,31.844,0.000,0.000,0.010,42.111
2026-09-02T08:36:19.980108+07:00,c11_sim,644,10.172,30.331,0.000,0.000,0.006,40.510
2026-09-02T08:36:20.174502+07:00,c11_sim,645,11.504,31.087,0.000,0.000,0.006,42.597
2026-09-02T08:36:20.374040+07:00,c11_sim,646,8.990,30.529,0.000,0.000,0.005,39.524
2026-09-02T08:36:20.562786+07:00,c11_sim,647,10.308,18.336,0.000,0.000,0.007,28.650
2026-09-02T08:36:20.798950+07:00,c11_sim,648,9.354,32.699,0.000,0.000,0.011,42.065
2026-09-02T08:36:20.988144+07:00,c11_sim,649,9.865,31.706,0.000,0.000,0.011,41.582
2026-09-02T08:36:21.175014+07:00,c11_sim,650,10.575,30.614,0.000,0.000,0.017,41.205
2026-09-02T08:36:21.385270+07:00,c11_sim,651,10.447,32.931,0.000,0.000,0.011,43.388
2026-09-02T08:36:21.584495+07:00,c11_sim,652,11.476,31.833,0.000,0.000,0.008,43.317
2026-09-02T08:36:21.798938+07:00,c12_sim,49,7.299,31.352,0.000,0.000,0.025,38.676
2026-09-02T08:36:21.988047+07:00,c12_sim,50,11.001,31.932,0.000,0.000,0.019,42.951
2026-09-02T08:36:22.208790+07:00,c12_sim,51,9.166,32.752,0.000,0.000,0.037,41.955
2026-09-02T08:36:22.407730+07:00,c12_sim,52,9.408,32.241,0.000,0.000,0.021,41.669
2026-09-02T08:36:22.593372+07:00,c12_sim,53,9.440,30.275,0.000,0.000,0.016,39.730
2026-09-02T08:36:22.790048+07:00,c12_sim,54,5.794,28.575,0.000,0.000,0.012,34.381
2026-09-02T08:36:23.013836+07:00,c12_sim,55,9.277,31.157,0.000,0.000,0.014,40.448
2026-09-02T08:36:23.205503+07:00,c12_sim,56,8.807,33.455,0.000,0.000,0.020,42.281
2026-09-02T08:36:23.390792+07:00,c12_sim,57,7.376,32.564,0.000,0.000,0.303,40.242
2026-09-02T08:36:23.595405+07:00,c12_sim,58,7.930,32.404,0.000,0.000,0.025,40.359
2026-09-02T08:36:23.783965+07:00,c12_sim,59,8.026,31.575,0.000,0.000,0.006,39.607
2026-09-02T08:36:23.980659+07:00,c12_sim,60,6.906,29.308,0.000,0.000,0.021,36.235
2026-09-02T08:36:24.202370+07:00,c12_sim,61,7.444,32.883,0.000,0.000,0.010,40.337
2026-09-02T08:36:24.421837+07:00,c10_sim,154,7.856,35.443,3.509,0.000,0.021,46.829
2026-09-02T08:36:24.623250+07:00,c10_sim,155,10.596,32.185,0.781,0.000,0.013,43.574
2026-09-02T08:36:24.808677+07:00,c10_sim,156,9.089,31.499,0.770,0.011,0.151,41.521
2026-09-02T08:36:25.013517+07:00,c10_sim,157,10.094,34.812,1.111,0.007,0.024,46.047
2026-09-02T08:36:25.249003+07:00,c10_sim,158,10.948,35.373,1.161,27.218,0.020,74.721
2026-09-02T08:36:25.448798+07:00,c10_sim,159,10.471,33.031,0.882,23.967,0.019,68.370
2026-09-02T08:36:25.634579+07:00,c10_sim,160,10.120,33.738,1.103,24.782,0.020,69.763
2026-09-02T08:36:25.809918+07:00,c10_sim,161,9.629,34.120,0.809,0.005,0.014,44.576
2026-09-02T08:36:26.032281+07:00,c10_sim,162,9.519,31.490,0.656,22.811,0.012,64.488
2026-09-02T08:36:26.227278+07:00,c10_sim,163,7.395,29.476,0.672,22.858,0.159,60.561
2026-09-02T08:36:26.438088+07:00,c10_sim,164,8.757,34.791,1.124,25.123,0.026,69.821
2026-09-02T08:36:26.629315+07:00,c10_sim,165,10.257,33.742,0.830,24.605,0.020,69.453
2026-09-02T08:36:26.826180+07:00,c10_sim,166,10.655,33.569,0.759,24.086,0.018,69.088
2026-09-02T08:36:27.042737+07:00,c10_sim,167,8.658,34.384,1.023,23.630,0.017,67.712
2026-09-02T08:36:27.228472+07:00,c10_sim,168,9.227,34.174,1.029,25.180,0.014,69.625
2026-09-02T08:36:27.424511+07:00,c10_sim,169,9.503,27.463,0.665,22.316,0.010,59.957
2026-09-02T08:36:27.616123+07:00,c10_sim,170,7.214,26.946,0.673,20.274,0.011,55.118
2026-09-02T08:36:27.832134+07:00,c10_sim,171,8.690,34.092,0.969,22.825,0.014,66.591
2026-09-02T08:36:28.026189+07:00,c10_sim,172,8.878,34.110,1.069,26.729,0.015,70.801
2026-09-02T08:36:28.247207+07:00,c10_sim,173,9.457,34.550,1.030,22.398,0.012,67.448
2026-09-02T08:36:28.441442+07:00,c10_sim,174,9.585,32.313,0.610,22.330,0.014,64.851
2026-09-02T08:36:28.639580+07:00,c10_sim,175,6.387,32.882,0.702,23.259,0.026,63.257
2026-09-02T08:36:28.830597+07:00,c10_sim,176,8.401,27.562,0.687,24.922,0.023,61.596
2026-09-02T08:36:28.998679+07:00,c11_sim,653,8.669,30.967,0.000,0.000,0.007,39.643
2026-09-02T08:36:29.222932+07:00,c11_sim,654,7.946,28.400,0.000,0.000,0.007,36.352
2026-09-02T08:36:29.425253+07:00,c11_sim,655,9.539,33.411,1.208,0.000,0.006,44.164
2026-09-02T08:36:29.623155+07:00,c11_sim,656,10.058,34.316,0.897,0.000,0.008,45.279
2026-09-02T08:36:29.816096+07:00,c11_sim,657,11.726,33.438,0.611,0.000,0.006,45.781
2026-09-02T08:36:30.028912+07:00,c11_sim,658,10.584,29.002,0.000,0.000,0.006,39.593
2026-09-02T08:36:30.247009+07:00,c11_sim,659,10.958,34.450,1.111,25.527,0.194,72.240
2026-09-02T08:36:30.439001+07:00,c11_sim,660,9.772,32.635,0.806,24.224,0.020,67.457
2026-09-02T08:36:30.663893+07:00,c11_sim,661,11.634,36.058,1.164,27.585,0.020,76.461
2026-09-02T08:36:30.840077+07:00,c11_sim,662,9.921,32.343,0.749,24.000,0.017,67.029
2026-09-02T08:36:31.032860+07:00,c11_sim,663,9.169,34.641,1.029,22.434,0.010,67.282
2026-09-02T08:36:31.245813+07:00,c11_sim,664,10.960,35.360,0.666,23.906,0.012,70.904
2026-09-02T08:36:31.432416+07:00,c11_sim,665,9.633,34.023,1.064,22.751,0.011,67.483
2026-09-02T08:36:31.609298+07:00,c11_sim,666,7.757,30.051,0.000,0.000,0.013,37.821
2026-09-02T08:36:31.848273+07:00,c11_sim,667,8.912,34.254,0.822,23.933,0.017,67.938
2026-09-02T08:36:32.044127+07:00,c11_sim,668,10.553,32.315,0.617,23.624,0.013,67.122
2026-09-02T08:36:32.221179+07:00,c11_sim,669,11.254,30.300,0.000,0.000,0.009,41.563
2026-09-02T08:36:32.451113+07:00,c11_sim,670,9.524,34.814,1.118,25.563,0.017,71.036
2026-09-02T08:36:32.649289+07:00,c11_sim,671,8.756,32.607,0.761,22.188,0.013,64.324
2026-09-02T08:36:32.833749+07:00,c11_sim,672,9.332,32.701,0.806,20.121,0.011,62.971
2026-09-02T08:36:33.048617+07:00,c11_sim,673,11.221,47.033,0.624,21.376,0.015,80.268
2026-09-02T08:36:33.233372+07:00,c11_sim,674,10.276,33.738,0.000,0.000,0.019,44.034
2026-09-02T08:36:33.426966+07:00,c11_sim,675,9.247,31.404,0.000,0.000,0.021,40.673
2026-09-02T08:36:33.639946+07:00,c11_sim,676,9.773,33.375,0.821,23.429,0.018,67.416
2026-09-02T08:36:33.859061+07:00,c11_sim,677,9.001,35.143,0.999,23.394,0.019,68.555
2026-09-02T08:36:34.030348+07:00,c11_sim,678,9.696,33.925,0.952,24.298,0.014,68.885
2026-09-02T08:36:34.243985+07:00,c11_sim,679,10.489,34.922,1.100,24.554,0.037,71.102
2026-09-02T08:36:34.411926+07:00,c11_sim,680,9.787,30.191,0.000,0.000,0.012,39.990
2026-09-02T08:36:34.651692+07:00,c11_sim,681,10.877,34.270,1.063,21.256,0.020,67.485
2026-09-02T08:36:34.828420+07:00,c11_sim,682,9.321,33.534,0.827,23.408,0.034,67.125
2026-09-02T08:36:35.045617+07:00,c11_sim,683,9.825,30.828,0.745,23.178,0.027,64.603
2026-09-02T08:36:35.242637+07:00,c11_sim,684,10.595,34.270,1.086,25.421,0.019,71.389
2026-09-02T08:36:35.420273+07:00,c11_sim,685,9.312,29.809,0.548,22.163,0.017,61.849
2026-09-02T08:36:35.628669+07:00,c11_sim,686,7.515,32.902,0.669,23.351,0.027,64.465
2026-09-02T08:36:35.833490+07:00,c11_sim,687,11.782,33.322,0.873,0.003,0.013,45.993
2026-09-02T08:36:36.003801+07:00,c11_sim,688,9.895,30.853,0.712,0.003,0.011,41.474
2026-09-02T08:36:36.229827+07:00,c11_sim,689,10.262,35.435,0.931,0.006,0.021,46.655
2026-09-02T08:36:36.446984+07:00,c11_sim,690,9.461,34.283,1.031,26.386,0.022,71.182
2026-09-02T08:36:36.616063+07:00,c11_sim,691,12.141,34.551,1.235,0.006,0.023,47.956
2026-09-02T08:36:36.811260+07:00,c11_sim,692,8.874,31.686,0.689,0.005,0.017,41.271
2026-09-02T08:36:37.028481+07:00,c11_sim,693,6.907,30.549,0.554,22.709,0.023,60.742
2026-09-02T08:36:37.246508+07:00,c11_sim,694,10.832,30.679,0.570,23.187,0.021,65.290
2026-09-02T08:36:37.408967+07:00,c11_sim,695,10.446,31.517,0.000,0.000,0.021,41.985
2026-09-02T08:36:37.614312+07:00,c11_sim,696,11.150,28.468,0.000,0.000,0.011,39.629
2026-09-02T08:36:37.803744+07:00,c11_sim,697,9.814,30.363,0.000,0.000,0.009,40.187
2026-09-02T08:36:38.018271+07:00,c11_sim,698,9.468,31.343,0.000,0.000,0.019,40.830
2026-09-02T08:36:38.207236+07:00,c11_sim,699,9.414,31.145,0.000,0.000,0.021,40.581
2026-09-02T08:36:38.418147+07:00,c11_sim,700,11.250,31.343,0.000,0.000,0.023,42.616
2026-09-02T08:36:38.626459+07:00,c11_sim,701,10.259,30.227,0.000,0.000,0.008,40.495
2026-09-02T08:36:38.812268+07:00,c11_sim,702,10.191,28.125,0.000,0.000,0.010,38.326
2026-09-02T08:36:39.016245+07:00,c11_sim,703,9.261,29.741,0.000,0.000,0.012,39.013
2026-09-02T08:36:39.204924+07:00,c11_sim,704,9.082,31.700,0.000,0.000,0.014,40.797
2026-09-02T08:36:39.421449+07:00,c11_sim,705,10.307,31.024,0.000,0.000,0.015,41.346
2026-09-02T08:36:39.612056+07:00,c11_sim,706,9.612,31.166,0.000,0.000,0.017,40.795
2026-09-02T08:36:39.800575+07:00,c11_sim,707,9.814,30.518,0.000,0.000,0.011,40.342
2026-09-02T08:36:40.006096+07:00,c11_sim,708,9.866,30.012,0.000,0.000,0.010,39.889
2026-09-02T08:36:40.230858+07:00,c11_sim,709,9.868,29.623,0.000,0.000,0.313,39.805
2026-09-02T08:36:40.417372+07:00,c11_sim,710,10.225,31.149,0.000,0.000,0.032,41.407
2026-09-02T08:36:40.621571+07:00,c11_sim,711,10.628,31.545,0.000,0.000,0.007,42.180
2026-09-02T08:36:40.809381+07:00,c11_sim,712,9.325,30.989,0.000,0.000,0.011,40.324
2026-09-02T08:36:41.026828+07:00,c11_sim,713,10.225,32.328,0.000,0.000,0.013,42.566
2026-09-02T08:36:41.216240+07:00,c11_sim,714,10.396,31.706,0.000,0.000,0.011,42.113
2026-09-02T08:36:41.401998+07:00,c11_sim,715,11.862,28.074,0.000,0.000,0.005,39.940
2026-09-02T08:36:41.618870+07:00,c11_sim,716,9.376,31.982,0.000,0.000,0.011,41.370
2026-09-02T08:36:41.807195+07:00,c11_sim,717,7.018,28.400,0.000,0.000,0.005,35.423
2026-09-02T08:36:42.028122+07:00,c11_sim,718,9.076,31.714,0.000,0.000,0.014,40.804
2026-09-02T08:36:42.223843+07:00,c9_sim,344,6.997,31.823,0.000,0.000,0.021,38.842
2026-09-02T08:36:42.431736+07:00,c9_sim,345,9.979,30.920,0.000,0.000,0.021,40.920
2026-09-02T08:36:42.629348+07:00,c9_sim,346,8.243,30.575,0.000,0.000,0.013,38.832
2026-09-02T08:36:42.826844+07:00,c9_sim,347,8.756,31.460,0.000,0.000,0.017,40.232
2026-09-02T08:36:43.012413+07:00,c9_sim,348,9.446,29.728,0.000,0.000,0.009,39.183
2026-09-02T08:36:43.229136+07:00,c9_sim,349,8.730,31.125,0.000,0.000,0.024,39.879
2026-09-02T08:36:43.415233+07:00,c9_sim,350,8.123,30.970,0.000,0.000,0.019,39.112
2026-09-02T08:36:43.616051+07:00,c9_sim,351,10.254,29.399,0.000,0.000,0.009,39.662
2026-09-02T08:36:43.838080+07:00,c9_sim,352,8.202,31.667,0.000,0.000,0.010,39.879
2026-09-02T08:36:44.030470+07:00,c9_sim,353,9.337,32.264,0.000,0.000,0.020,41.621
2026-09-02T08:36:44.226189+07:00,c9_sim,354,8.283,31.372,0.000,0.000,0.021,39.676
2026-09-02T08:36:44.434565+07:00,c9_sim,355,8.804,32.438,0.000,0.000,0.507,41.749
2026-09-02T08:36:44.610934+07:00,c9_sim,356,10.397,28.517,0.000,0.000,0.045,38.959
2026-09-02T08:36:44.830581+07:00,c9_sim,357,9.304,31.026,0.000,0.000,0.005,40.335
2026-09-02T08:36:45.016442+07:00,c9_sim,358,8.366,31.649,0.000,0.000,0.009,40.024
2026-09-02T08:36:45.210021+07:00,c9_sim,359,10.935,31.135,0.000,0.000,0.010,42.079
2026-09-02T08:36:45.430704+07:00,c9_sim,360,9.770,32.520,0.000,0.000,0.013,42.303
2026-09-02T08:36:45.635200+07:00,c9_sim,361,9.431,31.559,0.000,0.000,0.010,41.000
2026-09-02T08:36:45.827139+07:00,c9_sim,362,8.095,32.342,0.000,0.000,0.011,40.448
2026-09-02T08:36:46.024002+07:00,c9_sim,363,9.123,31.078,0.000,0.000,0.010,40.211
2026-09-02T08:36:46.211805+07:00,c9_sim,364,9.302,17.511,0.000,0.000,0.007,26.820
2026-09-02T08:36:46.429881+07:00,c9_sim,365,8.337,31.807,0.000,0.000,0.012,40.155
2026-09-02T08:36:46.627142+07:00,c9_sim,366,8.399,32.848,0.000,0.000,0.010,41.257
2026-09-02T08:36:46.816522+07:00,c9_sim,367,8.039,31.136,0.000,0.000,0.011,39.186
2026-09-02T08:36:47.029541+07:00,c9_sim,368,9.527,31.905,0.920,0.000,0.006,42.359
2026-09-02T08:36:47.256565+07:00,c9_sim,369,10.243,46.997,0.000,0.000,0.005,57.245
2026-09-02T08:36:47.424450+07:00,c9_sim,370,7.292,31.530,0.000,0.000,0.010,38.833
2026-09-02T08:36:47.615512+07:00,c9_sim,371,8.049,29.348,0.000,0.000,0.007,37.404
2026-09-02T08:36:47.811267+07:00,c9_sim,372,8.288,29.066,0.000,0.000,0.006,37.360
2026-09-02T08:36:48.034599+07:00,c9_sim,373,9.024,31.444,0.000,0.000,0.012,40.480
2026-09-02T08:36:48.213003+07:00,c9_sim,374,8.108,31.052,0.000,0.000,0.011,39.171
2026-09-02T08:36:48.423589+07:00,c9_sim,375,8.168,33.389,0.661,0.000,0.007,42.225
2026-09-02T08:36:48.614211+07:00,c9_sim,376,8.040,31.558,0.000,0.000,0.007,39.605
2026-09-02T08:36:48.819902+07:00,c9_sim,377,7.922,34.021,1.011,0.000,0.008,42.962
2026-09-02T08:36:49.042524+07:00,c9_sim,378,8.920,33.622,0.819,23.049,0.065,66.475
2026-09-02T08:36:49.247356+07:00,c9_sim,379,9.099,33.904,0.989,24.091,0.012,68.095
2026-09-02T08:36:49.441408+07:00,c9_sim,380,9.291,36.282,0.618,23.158,0.010,69.358
2026-09-02T08:36:49.642992+07:00,c9_sim,381,9.181,36.270,1.024,24.086,0.013,70.574
2026-09-02T08:36:49.850315+07:00,c9_sim,382,8.168,36.006,1.127,25.068,0.015,70.384
2026-09-02T08:36:50.037522+07:00,c9_sim,383,10.163,31.303,0.702,23.254,0.016,65.437
2026-09-02T08:36:50.265161+07:00,c9_sim,384,6.499,34.352,1.007,22.332,0.011,64.201
2026-09-02T08:36:50.448748+07:00,c9_sim,385,8.933,34.609,1.095,22.325,0.008,66.970
2026-09-02T08:36:50.649384+07:00,c9_sim,386,8.547,33.793,0.792,20.798,0.013,63.943
2026-09-02T08:36:50.842212+07:00,c9_sim,387,8.652,34.368,0.881,24.629,0.020,68.550
2026-09-02T08:36:51.033429+07:00,c9_sim,388,7.981,33.009,0.717,20.203,0.010,61.920
2026-09-02T08:36:51.253554+07:00,c9_sim,389,9.338,33.162,0.634,23.116,0.020,66.270
2026-09-02T08:36:51.462628+07:00,c9_sim,390,7.205,35.816,1.176,25.810,0.017,70.025
2026-09-02T08:36:51.663153+07:00,c9_sim,391,9.230,35.397,1.109,24.968,0.020,70.724
2026-09-02T08:36:51.866292+07:00,c9_sim,392,7.927,34.879,1.095,22.008,0.008,65.917
2026-09-02T08:36:52.039095+07:00,c9_sim,393,8.648,34.220,1.051,24.387,0.009,68.314
2026-09-02T08:36:52.263627+07:00,c9_sim,394,9.024,35.243,1.133,24.591,0.018,70.009
2026-09-02T08:36:52.444501+07:00,c9_sim,395,7.821,34.107,1.193,27.117,0.022,70.259
2026-09-02T08:36:52.648131+07:00,c9_sim,396,8.307,33.893,0.779,23.150,0.016,66.145
2026-09-02T08:36:52.859832+07:00,c9_sim,397,8.515,34.291,1.088,24.791,0.019,68.705
2026-09-02T08:36:53.038767+07:00,c9_sim,398,10.239,34.357,0.971,24.169,0.013,69.749
2026-09-02T08:36:53.262215+07:00,c9_sim,399,8.901,35.668,1.132,23.979,0.015,69.694
2026-09-02T08:36:53.454454+07:00,c9_sim,400,6.041,36.009,1.047,26.018,0.030,69.144
2026-09-02T08:36:53.644774+07:00,c9_sim,401,7.793,33.560,0.732,23.586,0.025,65.696
2026-09-02T08:36:53.841262+07:00,c9_sim,402,9.220,32.934,0.623,23.416,0.023,66.215
2026-09-02T08:36:54.065742+07:00,c9_sim,403,9.208,34.319,1.081,23.262,0.022,67.892
2026-09-02T08:36:54.241693+07:00,c9_sim,404,8.811,42.043,0.400,21.929,0.019,73.202
2026-09-02T08:36:54.440316+07:00,c9_sim,405,7.946,34.595,1.196,23.993,0.023,67.753
2026-09-02T08:36:54.646850+07:00,c9_sim,406,8.919,35.123,1.025,24.563,0.026,69.656
2026-09-02T08:36:54.854415+07:00,c9_sim,407,8.474,35.434,0.960,25.173,0.028,70.069
2026-09-02T08:36:55.056921+07:00,c9_sim,408,8.844,35.022,1.079,24.979,0.022,69.946
2026-09-02T08:36:55.252434+07:00,c9_sim,409,10.218,35.030,1.102,25.804,0.013,72.167
2026-09-02T08:36:55.445116+07:00,c9_sim,410,6.075,33.130,0.720,23.600,0.025,63.550
2026-09-02T08:36:55.639615+07:00,c9_sim,411,8.239,34.295,0.938,24.446,0.022,67.940
2026-09-02T08:36:55.807691+07:00,c9_sim,412,11.351,29.076,0.000,0.000,0.010,40.438
2026-09-02T08:36:56.030260+07:00,c9_sim,413,8.333,32.657,0.000,0.000,0.017,41.007
2026-09-02T08:36:56.223534+07:00,c8_sim,189,8.026,31.448,0.000,0.000,0.046,39.520
2026-09-02T08:36:56.428416+07:00,c8_sim,190,12.235,29.655,0.000,0.000,0.007,41.897
2026-09-02T08:36:56.648978+07:00,c8_sim,191,10.442,30.949,0.000,0.000,0.010,41.402
2026-09-02T08:36:56.843440+07:00,c8_sim,192,11.287,32.368,0.000,0.000,0.011,43.666
2026-09-02T08:36:57.025825+07:00,c8_sim,193,9.980,31.161,0.000,0.000,0.010,41.151
2026-09-02T08:36:57.234682+07:00,c8_sim,194,10.566,29.975,0.000,0.000,0.007,40.547
2026-09-02T08:36:57.442663+07:00,c8_sim,195,11.571,34.632,0.000,0.000,0.011,46.214
2026-09-02T08:36:57.642352+07:00,c8_sim,196,10.031,31.818,0.000,0.000,0.012,41.861
2026-09-02T08:36:57.843038+07:00,c8_sim,197,10.736,33.248,0.000,0.000,0.012,43.996
2026-09-02T08:36:58.031708+07:00,c8_sim,198,9.985,30.932,0.000,0.000,0.005,40.922
2026-09-02T08:36:58.234350+07:00,c8_sim,199,10.164,31.849,0.000,0.000,0.010,42.023
2026-09-02T08:36:58.432241+07:00,c8_sim,200,10.956,27.804,0.000,0.000,0.005,38.766
2026-09-02T08:36:58.649358+07:00,c8_sim,201,10.767,33.196,0.000,0.000,0.005,43.968
2026-09-02T08:36:58.830313+07:00,c8_sim,202,8.836,30.898,1.177,0.000,0.015,40.927
2026-09-02T08:36:59.031245+07:00,c8_sim,203,7.084,35.010,1.182,0.000,0.011,43.286
2026-09-02T08:36:59.250375+07:00,c8_sim,204,10.289,35.336,1.172,0.000,0.010,46.806
2026-09-02T08:36:59.451937+07:00,c8_sim,205,9.234,35.842,1.226,0.032,0.208,46.542
2026-09-02T08:36:59.640258+07:00,c8_sim,206,13.019,35.135,1.385,0.006,0.021,49.566
2026-09-02T08:36:59.832658+07:00,c8_sim,207,13.363,33.993,1.015,0.006,0.023,48.401
2026-09-02T08:37:00.078912+07:00,c8_sim,208,11.196,35.894,1.042,26.507,0.026,74.665
2026-09-02T08:37:00.237130+07:00,c8_sim,209,9.015,19.753,0.785,21.813,0.010,51.376
2026-09-02T08:37:00.435578+07:00,c8_sim,210,10.312,32.086,0.000,0.000,0.018,42.417
2026-09-02T08:37:00.628686+07:00,c8_sim,211,10.707,31.377,0.000,0.000,0.021,42.105
2026-09-02T08:37:00.849754+07:00,c8_sim,212,10.539,31.087,0.000,0.000,0.022,41.648
2026-09-02T08:37:01.032178+07:00,c8_sim,213,7.102,30.879,0.709,0.000,0.012,38.703
2026-09-02T08:37:01.254130+07:00,c8_sim,214,9.632,32.347,0.000,0.000,0.020,42.000
2026-09-02T08:37:01.440554+07:00,c8_sim,215,8.376,30.637,0.703,0.000,0.011,39.727
2026-09-02T08:37:01.630250+07:00,c8_sim,216,10.654,30.729,0.600,0.000,0.011,41.993
2026-09-02T08:37:01.880370+07:00,c8_sim,217,10.516,34.957,1.010,25.366,0.090,71.939
2026-09-02T08:37:02.068864+07:00,c8_sim,218,12.203,34.610,1.241,24.124,0.019,72.197
2026-09-02T08:37:02.264274+07:00,c8_sim,219,10.288,34.116,1.198,23.760,0.009,69.371
2026-09-02T08:37:02.460344+07:00,c8_sim,220,10.949,34.185,1.167,24.137,0.010,70.448
2026-09-02T08:37:02.662644+07:00,c8_sim,221,9.028,33.841,0.895,23.635,0.017,67.415
2026-09-02T08:37:02.825821+07:00,c8_sim,222,10.693,28.640,0.000,0.000,0.009,39.341
2026-09-02T08:37:03.073715+07:00,c8_sim,223,6.889,38.715,1.125,24.832,0.021,71.582
2026-09-02T08:37:03.247197+07:00,c8_sim,224,10.373,32.487,0.000,0.000,0.464,43.323
2026-09-02T08:37:03.430856+07:00,c8_sim,225,11.841,29.071,0.000,0.000,0.015,40.926
2026-09-02T08:37:03.642904+07:00,c8_sim,226,10.104,32.291,0.000,0.000,0.019,42.414
2026-09-02T08:37:03.835761+07:00,c8_sim,227,9.912,31.514,0.000,0.000,0.021,41.446
2026-09-02T08:37:04.052813+07:00,c8_sim,228,8.943,32.831,0.000,0.000,0.021,41.795
2026-09-02T08:37:04.246116+07:00,c8_sim,229,9.593,31.718,0.000,0.000,0.022,41.333
2026-09-02T08:37:04.434335+07:00,c8_sim,230,11.373,31.761,0.000,0.000,0.020,43.155
2026-09-02T08:37:04.632695+07:00,c8_sim,231,8.810,30.077,0.000,0.000,0.013,38.900
2026-09-02T08:37:04.843680+07:00,c8_sim,232,10.326,28.432,0.000,0.000,0.009,38.767
2026-09-02T08:37:05.050585+07:00,c8_sim,233,12.137,29.820,0.000,0.000,0.011,41.968
2026-09-02T08:37:05.243941+07:00,c8_sim,234,9.141,34.156,0.000,0.000,0.021,43.318
2026-09-02T08:37:05.430192+07:00,c8_sim,235,9.357,31.152,0.000,0.000,0.020,40.528
2026-09-02T08:37:05.648480+07:00,c8_sim,236,10.098,32.659,0.000,0.000,0.020,42.776
2026-09-02T08:37:05.837195+07:00,c8_sim,237,9.501,29.375,0.000,0.000,0.018,38.894
2026-09-02T08:37:06.024663+07:00,c8_sim,238,10.613,28.149,0.000,0.000,0.331,39.093
2026-09-02T08:37:06.252606+07:00,c8_sim,239,10.499,32.381,0.000,0.000,0.018,42.898
2026-09-02T08:37:06.435154+07:00,c8_sim,240,12.737,31.278,0.000,0.000,0.012,44.027
2026-09-02T08:37:06.647109+07:00,c8_sim,241,9.980,32.727,0.000,0.000,0.012,42.718
2026-09-02T08:37:06.828823+07:00,c8_sim,242,10.067,31.132,0.000,0.000,0.011,41.211
2026-09-02T08:37:07.048476+07:00,c8_sim,243,9.960,31.607,0.000,0.000,0.011,41.578
2026-09-02T08:37:07.236814+07:00,c8_sim,244,9.981,31.318,0.000,0.000,0.011,41.310
2026-09-02T08:37:07.448287+07:00,c8_sim,245,13.242,32.812,0.000,0.000,0.012,46.066
2026-09-02T08:37:07.629276+07:00,c8_sim,246,10.000,31.255,0.000,0.000,0.011,41.266
2026-09-02T08:37:07.837543+07:00,c10_sim,177,8.158,31.009,0.000,0.000,0.025,39.192
2026-09-02T08:37:08.060321+07:00,c10_sim,178,9.759,32.278,0.000,0.000,0.023,42.061
2026-09-02T08:37:08.253175+07:00,c10_sim,179,9.868,31.583,0.000,0.000,0.023,41.474
2026-09-02T08:37:08.434461+07:00,c10_sim,180,9.257,31.520,0.000,0.000,0.021,40.799
2026-09-02T08:37:08.645093+07:00,c10_sim,181,9.223,18.611,0.000,0.000,0.014,27.848
2026-09-02T08:37:08.860645+07:00,c10_sim,182,9.034,31.311,0.000,0.000,0.021,40.366
2026-09-02T08:37:09.053347+07:00,c10_sim,183,8.764,29.952,0.000,0.000,0.009,38.725
2026-09-02T08:37:09.236341+07:00,c10_sim,184,8.648,28.648,0.000,0.000,0.011,37.306
2026-09-02T08:37:09.474185+07:00,c10_sim,185,10.275,34.503,1.638,0.000,0.019,46.434
2026-09-02T08:37:09.647566+07:00,c10_sim,186,10.683,34.984,1.086,0.000,0.019,46.772
2026-09-02T08:37:09.868318+07:00,c10_sim,187,8.819,34.150,1.147,0.000,0.019,44.135
2026-09-02T08:37:10.089744+07:00,c10_sim,188,9.059,35.585,1.185,26.994,0.167,72.991
2026-09-02T08:37:10.270774+07:00,c10_sim,189,9.659,34.833,1.069,0.007,0.022,45.590
2026-09-02T08:37:10.474787+07:00,c10_sim,190,9.700,34.285,1.121,24.312,0.018,69.436
2026-09-02T08:37:10.666574+07:00,c10_sim,191,9.697,33.408,0.780,20.333,0.154,64.373
2026-09-02T08:37:10.897757+07:00,c10_sim,192,10.335,34.410,1.472,23.522,0.014,69.754
2026-09-02T08:37:11.065001+07:00,c10_sim,193,8.444,31.017,0.669,21.613,0.010,61.753
2026-09-02T08:37:11.281505+07:00,c10_sim,194,8.566,33.924,0.723,21.874,0.010,65.097
2026-09-02T08:37:11.487612+07:00,c10_sim,195,9.433,34.492,1.049,26.714,0.010,71.698
2026-09-02T08:37:11.692942+07:00,c10_sim,196,8.384,34.516,1.096,23.866,0.018,67.879
2026-09-02T08:37:11.883646+07:00,c10_sim,197,9.435,31.319,0.732,20.812,0.015,62.313
2026-09-02T08:37:12.080387+07:00,c10_sim,198,9.871,34.587,1.132,25.742,0.014,71.346
2026-09-02T08:37:12.280932+07:00,c10_sim,199,10.161,32.628,0.745,23.206,0.009,66.749
2026-09-02T08:37:12.472999+07:00,c10_sim,200,8.157,33.747,0.997,24.239,0.008,67.149
2026-09-02T08:37:12.695281+07:00,c10_sim,201,9.458,35.919,1.180,25.137,0.010,71.704
2026-09-02T08:37:12.883107+07:00,c10_sim,202,9.186,34.773,1.098,23.843,0.012,68.912
2026-09-02T08:37:13.080743+07:00,c10_sim,203,9.654,30.189,0.692,22.285,0.014,62.834
2026-09-02T08:37:13.265303+07:00,c10_sim,204,9.794,32.801,0.979,21.409,0.008,64.991
2026-09-02T08:37:13.462738+07:00,c10_sim,205,7.301,32.889,0.677,23.427,0.020,64.315
2026-09-02T08:37:13.681498+07:00,c10_sim,206,8.085,34.368,0.644,21.813,0.016,64.927
2026-09-02T08:37:13.873532+07:00,c10_sim,207,4.939,30.887,0.604,22.488,0.024,58.941
2026-09-02T08:37:14.094649+07:00,c10_sim,208,9.037,35.070,1.195,25.665,0.020,70.987
2026-09-02T08:37:14.262799+07:00,c10_sim,209,9.312,31.837,0.000,0.000,0.018,41.167
2026-09-02T08:37:14.474607+07:00,c10_sim,210,8.199,34.160,1.140,23.690,0.015,67.204
2026-09-02T08:37:14.644452+07:00,c10_sim,211,10.338,30.315,0.000,0.000,0.011,40.664
2026-09-02T08:37:14.841010+07:00,c10_sim,212,8.163,28.022,0.000,0.000,0.016,36.201
2026-09-02T08:37:15.058786+07:00,c10_sim,213,9.086,31.153,0.000,0.000,0.023,40.262
2026-09-02T08:37:15.266003+07:00,c10_sim,214,8.502,31.371,0.773,20.412,0.018,61.076
2026-09-02T08:37:15.460149+07:00,c10_sim,215,9.355,31.290,0.000,0.000,0.018,40.664
2026-09-02T08:37:15.657699+07:00,c10_sim,216,9.041,32.124,0.000,0.000,0.022,41.187
2026-09-02T08:37:15.846003+07:00,c10_sim,217,9.292,31.255,0.000,0.000,0.019,40.566
2026-09-02T08:37:16.041202+07:00,c10_sim,218,9.314,31.262,0.000,0.000,0.020,40.597
2026-09-02T08:37:16.251964+07:00,c10_sim,219,10.838,30.881,0.000,0.000,0.014,41.733
2026-09-02T08:37:16.450022+07:00,c10_sim,220,9.126,30.794,0.000,0.000,0.018,39.939
2026-09-02T08:37:16.654975+07:00,c10_sim,221,8.454,32.828,0.000,0.000,0.022,41.304
2026-09-02T08:37:16.847450+07:00,c10_sim,222,9.016,31.005,0.000,0.000,0.020,40.040
2026-09-02T08:37:17.049408+07:00,c10_sim,223,8.676,30.350,0.000,0.000,0.014,39.040
2026-09-02T08:37:17.241548+07:00,c10_sim,224,8.700,31.053,0.000,0.000,0.018,39.771
2026-09-02T08:37:17.442500+07:00,c10_sim,225,9.114,32.152,0.000,0.000,0.021,41.287
2026-09-02T08:37:17.641328+07:00,c10_sim,226,9.187,30.968,0.000,0.000,0.008,40.163
2026-09-02T08:37:17.843260+07:00,c11_sim,719,7.201,16.334,0.000,0.000,0.006,23.542
2026-09-02T08:37:18.074911+07:00,c11_sim,720,12.505,30.193,0.796,0.000,0.006,43.499
2026-09-02T08:37:18.282562+07:00,c11_sim,721,9.458,34.356,0.876,0.000,0.006,44.695
2026-09-02T08:37:18.476218+07:00,c11_sim,722,10.151,37.163,1.039,0.000,0.010,48.362
2026-09-02T08:37:18.675031+07:00,c11_sim,723,9.946,35.513,0.716,0.005,0.130,46.309
2026-09-02T08:37:18.880403+07:00,c11_sim,724,8.816,31.959,0.551,23.666,0.022,65.013
2026-09-02T08:37:19.091320+07:00,c11_sim,725,10.739,34.620,1.110,24.896,0.014,71.379
2026-09-02T08:37:19.279943+07:00,c11_sim,726,12.099,35.036,1.177,0.007,0.018,48.336
2026-09-02T08:37:19.475933+07:00,c11_sim,727,6.973,31.977,0.787,24.023,0.016,63.777
2026-09-02T08:37:19.697134+07:00,c11_sim,728,9.928,32.049,0.691,23.866,0.020,66.554
2026-09-02T08:37:19.892740+07:00,c11_sim,729,9.614,34.598,0.995,24.876,0.022,70.105
2026-09-02T08:37:20.066588+07:00,c11_sim,730,10.378,18.600,0.691,19.684,0.012,49.365
2026-09-02T08:37:20.292400+07:00,c11_sim,731,9.534,34.493,0.929,24.365,0.011,69.333
2026-09-02T08:37:20.492820+07:00,c11_sim,732,10.421,35.043,1.167,28.841,0.018,75.491
2026-09-02T08:37:20.682559+07:00,c11_sim,733,9.611,34.035,0.802,21.008,0.011,65.467
2026-09-02T08:37:20.880613+07:00,c11_sim,734,10.196,32.125,0.646,22.825,0.010,65.802
2026-09-02T08:37:21.103627+07:00,c11_sim,735,9.570,36.099,1.216,27.057,0.017,73.959
2026-09-02T08:37:21.297087+07:00,c11_sim,736,10.223,33.998,1.224,25.562,0.011,71.019
2026-09-02T08:37:21.481247+07:00,c11_sim,737,8.943,34.657,1.048,22.502,0.009,67.159
2026-09-02T08:37:21.698669+07:00,c11_sim,738,9.423,34.935,1.075,21.405,0.008,66.846
2026-09-02T08:37:21.881853+07:00,c11_sim,739,9.399,33.893,0.789,21.044,0.009,65.134
2026-09-02T08:37:22.099647+07:00,c11_sim,740,9.398,33.962,1.197,23.956,0.015,68.528
2026-09-02T08:37:22.296943+07:00,c11_sim,741,10.017,30.325,0.617,22.769,0.027,63.756
2026-09-02T08:37:22.481002+07:00,c11_sim,742,9.401,33.516,0.985,22.843,0.014,66.759
2026-09-02T08:37:22.675408+07:00,c11_sim,743,9.097,30.631,0.566,22.400,0.033,62.726
2026-09-02T08:37:22.905043+07:00,c11_sim,744,8.741,35.943,1.149,27.214,0.018,73.064
2026-09-02T08:37:23.094780+07:00,c11_sim,745,11.608,34.999,1.079,24.016,0.015,71.717
2026-09-02T08:37:23.306845+07:00,c11_sim,746,10.651,35.667,1.035,24.230,0.020,71.604
2026-09-02T08:37:23.498345+07:00,c11_sim,747,9.775,35.375,1.213,25.358,0.011,71.732
2026-09-02T08:37:23.691020+07:00,c11_sim,748,9.940,32.984,0.691,23.326,0.023,66.963
2026-09-02T08:37:23.889271+07:00,c11_sim,749,19.287,30.330,1.116,27.201,0.023,77.958
2026-09-02T08:37:24.093494+07:00,c11_sim,750,10.496,35.962,1.325,24.728,0.025,72.536
2026-09-02T08:37:24.290098+07:00,c11_sim,751,9.246,35.305,1.105,24.284,0.015,69.955
2026-09-02T08:37:24.505401+07:00,c11_sim,752,9.629,42.886,0.529,22.760,0.026,75.829
2026-09-02T08:37:24.706331+07:00,c11_sim,753,9.537,34.688,0.655,23.295,0.024,68.199
2026-09-02T08:37:24.896812+07:00,c11_sim,754,9.427,33.013,0.670,22.933,0.024,66.065
2026-09-02T08:37:25.096290+07:00,c11_sim,755,8.748,32.602,0.686,23.528,0.020,65.584
2026-09-02T08:37:25.275362+07:00,c11_sim,756,9.565,34.295,0.548,0.004,0.012,44.424
2026-09-02T08:37:25.480111+07:00,c11_sim,757,9.606,33.706,0.753,23.887,0.015,67.968
2026-09-02T08:37:25.707856+07:00,c11_sim,758,8.847,33.399,0.538,23.282,0.017,66.082
2026-09-02T08:37:25.906762+07:00,c11_sim,759,8.564,35.146,0.994,24.945,0.016,69.665
2026-09-02T08:37:26.091837+07:00,c11_sim,760,10.114,33.932,0.566,23.232,0.023,67.868
2026-09-02T08:37:26.286880+07:00,c11_sim,761,9.847,30.797,0.490,23.027,0.020,64.180
2026-09-02T08:37:26.503747+07:00,c11_sim,762,8.794,35.847,0.982,24.878,0.014,70.515
2026-09-02T08:37:26.711714+07:00,c11_sim,763,9.364,34.932,1.032,24.153,0.036,69.518
2026-09-02T08:37:26.877390+07:00,c11_sim,764,7.717,29.094,0.548,21.616,0.017,58.993
2026-09-02T08:37:27.094484+07:00,c11_sim,765,9.364,34.182,1.028,25.051,0.025,69.650
2026-09-02T08:37:27.291117+07:00,c11_sim,766,9.195,33.700,0.639,23.263,0.017,66.815
2026-09-02T08:37:27.487292+07:00,c11_sim,767,8.221,35.045,0.900,23.758,0.015,67.939
2026-09-02T08:37:27.680702+07:00,c11_sim,768,11.062,34.149,1.018,22.995,0.020,69.244
2026-09-02T08:37:27.852512+07:00,c11_sim,769,10.194,28.723,0.000,0.000,0.010,38.927
2026-09-02T08:37:28.098797+07:00,c11_sim,770,6.998,30.368,0.662,20.066,0.017,58.113
2026-09-02T08:37:28.278966+07:00,c11_sim,771,9.330,31.749,0.000,0.000,0.019,41.097
2026-09-02T08:37:28.466775+07:00,c11_sim,772,10.274,32.350,0.000,0.000,0.021,42.645
2026-09-02T08:37:28.657607+07:00,c11_sim,773,9.527,34.502,0.888,0.006,0.025,44.947
2026-09-02T08:37:28.859926+07:00,c11_sim,774,10.647,29.824,0.000,0.000,0.010,40.482
2026-09-02T08:37:29.080039+07:00,c11_sim,775,10.864,30.900,0.000,0.000,0.011,41.775
2026-09-02T08:37:29.265216+07:00,c11_sim,776,9.445,32.815,0.000,0.000,0.020,42.280
2026-09-02T08:37:29.466486+07:00,c11_sim,777,9.838,31.098,0.000,0.000,0.011,40.947
2026-09-02T08:37:29.658947+07:00,c11_sim,778,9.586,30.964,0.000,0.000,0.022,40.572
2026-09-02T08:37:29.869761+07:00,c11_sim,779,9.469,31.584,0.000,0.000,0.022,41.075
2026-09-02T08:37:30.077046+07:00,c11_sim,780,10.912,31.174,0.000,0.000,0.023,42.109
2026-09-02T08:37:30.276554+07:00,c11_sim,781,6.743,33.815,0.967,0.000,0.011,41.535
2026-09-02T08:37:30.308632+07:00,c11_sim,782,10.054,30.539,0.612,0.000,0.010,41.215
2026-09-02T08:37:30.367837+07:00,c11_sim,783,6.149,30.626,0.596,0.000,0.011,37.382
2026-09-02T08:37:30.395601+07:00,c11_sim,784,7.389,27.603,0.000,0.000,0.009,35.001
2026-09-02T08:37:30.452866+07:00,c11_sim,785,7.064,28.737,0.000,0.000,0.008,35.809
2026-09-02T08:37:30.480140+07:00,c11_sim,786,7.365,27.137,0.000,0.000,0.006,34.508
2026-09-02T08:37:30.507719+07:00,c11_sim,787,6.490,27.461,0.000,0.000,0.006,33.957
2026-09-02T08:37:30.571178+07:00,c11_sim,788,6.250,29.494,0.717,0.000,0.163,36.624
2026-09-02T08:37:30.599590+07:00,c11_sim,789,6.781,27.010,0.508,0.000,0.013,34.312
2026-09-02T08:37:30.655586+07:00,c11_sim,790,5.740,27.198,0.000,0.000,0.004,32.942
2026-09-02T08:37:30.685255+07:00,c11_sim,791,6.781,28.270,0.543,0.000,0.004,35.598
2026-09-02T08:37:30.765076+07:00,c11_sim,792,5.866,28.330,0.535,19.799,0.046,54.576
2026-09-02T08:37:30.791433+07:00,c11_sim,793,6.439,12.323,0.391,13.001,0.010,32.163
2026-09-02T08:37:30.815245+07:00,c11_sim,794,4.802,11.725,0.280,11.266,0.008,28.080
2026-09-02T08:37:30.837948+07:00,c11_sim,795,4.224,11.591,0.285,10.264,0.005,26.369
2026-09-02T08:37:30.892292+07:00,c11_sim,796,3.478,12.684,0.295,10.692,0.009,27.157
2026-09-02T08:37:30.943541+07:00,c11_sim,797,3.646,12.592,0.429,11.477,0.011,28.156
2026-09-02T08:37:30.955395+07:00,c11_sim,798,4.483,11.742,0.000,0.000,0.005,16.230
2026-09-02T08:37:30.992195+07:00,c11_sim,799,3.804,13.679,0.000,0.000,0.004,17.487
2026-09-02T08:37:31.036148+07:00,c11_sim,800,4.666,13.842,0.000,0.000,0.004,18.511
2026-09-02T08:37:31.082253+07:00,c11_sim,801,5.414,15.979,0.000,0.000,0.006,21.399
2026-09-02T08:37:31.125283+07:00,c11_sim,802,5.668,19.530,0.000,0.000,0.005,25.202
2026-09-02T08:37:31.177550+07:00,c11_sim,803,6.296,22.136,0.000,0.000,0.006,28.438
2026-09-02T08:37:31.260311+07:00,c11_sim,804,6.730,28.462,0.626,22.346,0.014,58.179
2026-09-02T08:37:31.285950+07:00,c11_sim,805,6.824,25.512,0.000,0.000,0.006,32.342
2026-09-02T08:37:31.331280+07:00,c11_sim,806,4.787,24.480,0.407,19.717,0.012,49.403
2026-09-02T08:37:31.349325+07:00,c11_sim,807,5.064,17.917,0.000,0.000,0.006,22.987
2026-09-02T08:37:31.382151+07:00,c11_sim,808,4.517,18.908,0.348,12.919,0.009,36.700
2026-09-02T08:37:31.446450+07:00,c11_sim,809,4.300,19.546,0.372,13.686,0.014,37.918
2026-09-02T08:37:31.478202+07:00,c11_sim,810,4.679,18.663,0.314,12.161,0.009,35.826
2026-09-02T08:37:31.510071+07:00,c11_sim,811,4.357,17.946,0.352,12.847,0.007,35.510
2026-09-02T08:37:31.562115+07:00,c11_sim,812,3.788,16.811,0.401,11.933,0.010,32.944
2026-09-02T08:37:31.593257+07:00,c11_sim,813,4.268,17.726,0.331,12.430,0.012,34.766
2026-09-02T08:37:31.656760+07:00,c11_sim,814,3.675,18.105,0.360,14.397,0.010,36.548
2026-09-02T08:37:31.688850+07:00,c11_sim,815,4.120,17.350,0.331,13.855,0.013,35.670
2026-09-02T08:37:31.720878+07:00,c11_sim,816,3.698,17.508,0.295,13.602,0.013,35.116
2026-09-02T08:37:31.778536+07:00,c11_sim,817,3.492,17.494,0.302,12.141,0.013,33.441
2026-09-02T08:37:31.811498+07:00,c11_sim,818,4.007,18.931,0.289,13.077,0.015,36.318
2026-09-02T08:37:31.845121+07:00,c11_sim,819,3.637,19.260,0.279,13.399,0.029,36.605
2026-09-02T08:37:31.878720+07:00,c11_sim,820,3.661,19.115,0.344,13.464,0.011,36.595
2026-09-02T08:37:31.948120+07:00,c11_sim,821,3.514,20.903,0.374,17.364,0.022,42.176
2026-09-02T08:37:31.990414+07:00,c11_sim,822,3.966,22.402,0.391,18.751,0.015,45.525
2026-09-02T08:37:32.033612+07:00,c11_sim,823,4.180,22.860,0.323,19.358,0.015,46.736
2026-09-02T08:37:32.080122+07:00,c11_sim,824,3.955,24.548,0.372,20.988,0.014,49.877
2026-09-02T08:37:32.103588+07:00,c11_sim,825,3.986,11.997,0.285,10.597,0.013,26.878
2026-09-02T08:37:32.126222+07:00,c11_sim,826,3.892,11.778,0.287,9.979,0.010,25.946
2026-09-02T08:37:32.176067+07:00,c11_sim,827,3.648,12.708,0.286,10.803,0.012,27.457
2026-09-02T08:37:32.226202+07:00,c11_sim,828,3.635,12.737,0.256,11.324,0.013,27.965
2026-09-02T08:37:32.250726+07:00,c11_sim,829,4.121,12.884,0.234,10.770,0.009,28.019
2026-09-02T08:37:32.298804+07:00,c11_sim,830,3.837,14.156,0.221,11.209,0.008,29.431
2026-09-02T08:37:32.357437+07:00,c11_sim,831,3.827,15.322,0.252,12.399,0.024,31.824
2026-09-02T08:37:32.384207+07:00,c11_sim,832,4.376,14.637,0.261,11.274,0.009,30.558
2026-09-02T08:37:32.443653+07:00,c11_sim,833,3.842,16.635,0.283,11.893,0.014,32.666
2026-09-02T08:37:32.477613+07:00,c11_sim,834,4.257,18.307,0.234,14.825,0.014,37.638
2026-09-02T08:37:32.512558+07:00,c11_sim,835,3.916,20.171,0.277,13.830,0.012,38.206
2026-09-02T08:37:32.585643+07:00,c11_sim,836,3.496,23.211,0.312,19.486,0.017,46.522
2026-09-02T08:37:32.631189+07:00,c11_sim,837,4.232,25.232,0.318,19.283,0.014,49.079
2026-09-02T08:37:32.653899+07:00,c11_sim,838,3.768,11.700,0.244,10.197,0.011,25.920
2026-09-02T08:37:32.675832+07:00,c11_sim,839,3.648,11.625,0.208,9.534,0.012,25.027
2026-09-02T08:37:32.730831+07:00,c11_sim,840,3.172,13.322,0.275,10.786,0.015,27.570
2026-09-02T08:37:32.753668+07:00,c11_sim,841,3.746,12.113,0.238,9.867,0.009,25.973
2026-09-02T08:37:32.803906+07:00,c11_sim,842,3.372,13.495,0.222,10.587,0.009,27.686
2026-09-02T08:37:32.860146+07:00,c11_sim,843,3.533,13.830,0.248,11.566,0.011,29.188
2026-09-02T08:37:32.885344+07:00,c11_sim,844,4.188,13.786,0.222,10.621,0.010,28.827
2026-09-02T08:37:32.942176+07:00,c11_sim,845,3.741,14.537,0.264,11.413,0.011,29.968
2026-09-02T08:37:32.968633+07:00,c11_sim,846,3.931,14.927,0.241,10.701,0.009,29.810
2026-09-02T08:37:33.028140+07:00,c11_sim,847,3.611,16.830,0.289,11.731,0.012,32.473
2026-09-02T08:37:33.060807+07:00,c11_sim,848,4.202,17.796,0.254,13.965,0.014,36.232
2026-09-02T08:37:33.095481+07:00,c11_sim,849,3.596,20.145,0.238,13.633,0.011,37.623
2026-09-02T08:37:33.147291+07:00,c11_sim,850,3.684,21.672,0.000,0.000,0.006,25.362
2026-09-02T08:37:33.168866+07:00,c11_sim,851,4.146,21.497,0.000,0.000,0.004,25.648
2026-09-02T08:37:33.223906+07:00,c11_sim,852,4.429,24.920,0.000,0.000,0.005,29.353
2026-09-02T08:37:33.280230+07:00,c11_sim,853,5.537,26.183,0.000,0.000,0.007,31.727
2026-09-02T08:37:33.331274+07:00,c11_sim,854,6.535,29.293,0.515,19.963,0.013,56.320
2026-09-02T08:37:33.342147+07:00,c11_sim,855,5.765,10.778,0.000,0.000,0.005,16.548
2026-09-02T08:37:33.383899+07:00,c11_sim,856,4.332,11.589,0.000,0.000,0.004,15.926
2026-09-02T08:37:33.417019+07:00,c11_sim,857,4.615,12.113,0.000,0.000,0.007,16.735
2026-09-02T08:37:33.459620+07:00,c11_sim,858,5.221,14.007,0.000,0.000,0.005,19.233
2026-09-02T08:37:33.504597+07:00,c11_sim,859,5.578,14.850,0.000,0.000,0.005,20.434
2026-09-02T08:37:33.571988+07:00,c11_sim,860,5.406,19.131,0.743,16.588,0.020,41.888
2026-09-02T08:37:33.601211+07:00,c11_sim,861,6.039,15.486,0.376,12.576,0.033,34.509
2026-09-02T08:37:33.632659+07:00,c11_sim,862,4.063,17.344,0.279,13.197,0.009,34.892
2026-09-02T08:37:33.696672+07:00,c11_sim,863,3.789,19.110,0.328,13.938,0.016,37.180
2026-09-02T08:37:33.736288+07:00,c11_sim,864,4.362,21.691,0.279,16.931,0.025,43.289
2026-09-02T08:37:33.781183+07:00,c11_sim,865,4.023,24.389,0.263,19.568,0.013,48.257
2026-09-02T08:37:33.815542+07:00,c11_sim,866,4.047,19.855,0.287,13.544,0.014,37.747
2026-09-02T08:37:33.849621+07:00,c11_sim,867,3.871,19.782,0.249,13.391,0.010,37.303
2026-09-02T08:37:33.920226+07:00,c11_sim,868,3.622,22.450,0.301,17.108,0.017,43.497
2026-09-02T08:37:33.962318+07:00,c11_sim,869,4.154,22.557,0.261,18.631,0.017,45.619
2026-09-02T08:37:33.999695+07:00,c11_sim,870,4.027,20.977,0.276,15.421,0.013,40.714
2026-09-02T08:37:34.037584+07:00,c11_sim,871,3.959,21.143,0.282,15.719,0.023,41.126
2026-09-02T08:37:34.076771+07:00,c11_sim,872,3.584,21.388,0.236,16.962,0.012,42.183
2026-09-02T08:37:34.113327+07:00,c11_sim,873,3.453,19.680,0.252,15.964,0.022,39.371
2026-09-02T08:37:34.151778+07:00,c11_sim,874,3.698,21.665,0.237,15.878,0.016,41.496
2026-09-02T08:37:34.192018+07:00,c11_sim,875,3.565,22.284,0.257,17.099,0.025,43.229
2026-09-02T08:37:34.229996+07:00,c11_sim,876,3.724,20.610,0.265,16.173,0.015,40.787
2026-09-02T08:37:34.270057+07:00,c11_sim,877,3.521,22.466,0.257,16.716,0.016,42.976
2026-09-02T08:37:34.310669+07:00,c11_sim,878,3.554,22.370,0.232,17.406,0.013,43.574
2026-09-02T08:37:34.348099+07:00,c11_sim,879,3.501,21.835,0.245,14.728,0.014,40.324
2026-09-02T08:37:34.383202+07:00,c11_sim,880,3.424,20.115,0.253,14.069,0.011,37.872
2026-09-02T08:37:34.451134+07:00,c11_sim,881,3.640,21.598,0.307,15.364,0.014,40.923
2026-09-02T08:37:34.490376+07:00,c11_sim,882,4.023,21.528,0.264,16.822,0.015,42.651
2026-09-02T08:37:34.528287+07:00,c11_sim,883,4.032,20.292,0.260,16.742,0.017,41.343
2026-09-02T08:37:34.547853+07:00,c11_sim,884,4.003,19.449,0.000,0.000,0.004,23.457
2026-09-02T08:37:34.616683+07:00,c11_sim,885,3.985,21.817,0.407,15.943,0.016,42.169
2026-09-02T08:37:34.637632+07:00,c11_sim,886,4.316,20.803,0.000,0.000,0.005,25.124
2026-09-02T08:37:34.683855+07:00,c11_sim,887,4.043,23.022,0.000,0.000,0.006,27.071
2026-09-02T08:37:34.705636+07:00,c11_sim,888,4.802,21.678,0.000,0.000,0.005,26.485
2026-09-02T08:37:34.781720+07:00,c11_sim,889,5.162,25.010,0.430,19.922,0.019,50.543
2026-09-02T08:37:34.818415+07:00,c11_sim,890,5.158,20.958,0.351,14.667,0.016,41.150
2026-09-02T08:37:34.855929+07:00,c11_sim,891,4.677,20.708,0.309,15.895,0.017,41.607
2026-09-02T08:37:34.892263+07:00,c11_sim,892,4.435,19.617,0.322,15.741,0.017,40.132
2026-09-02T08:37:34.960625+07:00,c11_sim,893,3.711,20.508,0.343,16.812,0.024,41.398
2026-09-02T08:37:34.996841+07:00,c11_sim,894,4.341,20.136,0.311,15.037,0.022,39.847
2026-09-02T08:37:35.015767+07:00,c11_sim,895,4.054,18.817,0.000,0.000,0.006,22.877
2026-09-02T08:37:35.035063+07:00,c11_sim,896,3.772,19.207,0.000,0.000,0.004,22.983
2026-09-02T08:37:35.100120+07:00,c11_sim,897,4.288,22.839,0.333,15.662,0.016,43.137
2026-09-02T08:37:35.120339+07:00,c11_sim,898,4.342,20.124,0.000,0.000,0.005,24.471
2026-09-02T08:37:35.193745+07:00,c11_sim,899,4.651,24.075,0.402,18.477,0.026,47.631
2026-09-02T08:37:35.214714+07:00,c11_sim,900,4.952,20.834,0.000,0.000,0.005,25.791
2026-09-02T08:37:35.260827+07:00,c11_sim,901,4.510,21.115,0.000,0.000,0.004,25.629
2026-09-02T08:37:35.337818+07:00,c11_sim,902,5.551,25.321,0.417,20.373,0.015,51.678
2026-09-02T08:37:35.385806+07:00,c11_sim,903,5.935,25.331,0.317,21.568,0.014,53.165
2026-09-02T08:37:35.434015+07:00,c11_sim,904,5.059,26.147,0.336,20.967,0.015,52.524
2026-09-02T08:37:35.481106+07:00,c11_sim,905,4.000,26.018,0.281,20.106,0.016,50.421
2026-09-02T08:37:35.517263+07:00,c11_sim,906,3.918,20.890,0.285,14.277,0.017,39.387
2026-09-02T08:37:35.552951+07:00,c11_sim,907,4.053,19.881,0.278,14.905,0.011,39.127
2026-09-02T08:37:35.586311+07:00,c11_sim,908,3.866,18.135,0.287,14.330,0.012,36.630
2026-09-02T08:37:35.618429+07:00,c11_sim,909,3.606,17.778,0.289,13.447,0.014,35.134
2026-09-02T08:37:35.649183+07:00,c11_sim,910,3.808,17.219,0.222,12.703,0.015,33.968
2026-09-02T08:37:35.677761+07:00,c11_sim,911,3.516,16.236,0.237,11.550,0.010,31.548
2026-09-02T08:37:35.738983+07:00,c11_sim,912,3.278,17.312,0.380,12.861,0.013,33.845
2026-09-02T08:37:35.768691+07:00,c11_sim,913,3.937,16.566,0.214,12.322,0.014,33.053
2026-09-02T08:37:35.797869+07:00,c11_sim,914,3.629,16.280,0.220,12.083,0.012,32.225
2026-09-02T08:37:35.859749+07:00,c11_sim,915,3.610,18.504,0.258,13.980,0.013,36.366
2026-09-02T08:37:35.892507+07:00,c11_sim,916,3.965,18.016,0.252,13.907,0.013,36.154
2026-09-02T08:37:35.925813+07:00,c11_sim,917,3.721,18.130,0.251,14.338,0.014,36.455
2026-09-02T08:37:35.991978+07:00,c11_sim,918,3.439,19.212,0.370,15.865,0.012,38.899
2026-09-02T08:37:36.026720+07:00,c11_sim,919,4.039,18.462,0.234,15.420,0.017,38.171
2026-09-02T08:37:36.044527+07:00,c11_sim,920,3.810,17.696,0.000,0.000,0.005,21.510
2026-09-02T08:37:36.091580+07:00,c11_sim,921,3.981,19.055,0.000,0.000,0.008,23.044
2026-09-02T08:37:36.132911+07:00,c9_sim,414,2.937,20.639,0.000,0.000,0.005,23.581
2026-09-02T08:37:36.175888+07:00,c9_sim,415,3.151,22.474,0.000,0.000,0.007,25.632
2026-09-02T08:37:36.198441+07:00,c9_sim,416,4.320,22.459,0.000,0.000,0.006,26.785
2026-09-02T08:37:36.220799+07:00,c9_sim,417,4.343,22.267,0.000,0.000,0.005,26.616
2026-09-02T08:37:36.266895+07:00,c9_sim,418,4.312,24.062,0.000,0.000,0.007,28.380
2026-09-02T08:37:36.291038+07:00,c9_sim,419,4.722,24.033,0.000,0.000,0.007,28.762
2026-09-02T08:37:36.314824+07:00,c9_sim,420,4.636,23.690,0.000,0.000,0.006,28.332
2026-09-02T08:37:36.338961+07:00,c9_sim,421,4.427,23.962,0.000,0.000,0.006,28.395
2026-09-02T08:37:36.363683+07:00,c9_sim,422,4.542,23.227,0.684,0.000,0.005,28.458
2026-09-02T08:37:36.389931+07:00,c9_sim,423,4.477,25.174,0.388,0.000,0.005,30.044
2026-09-02T08:37:36.414209+07:00,c9_sim,424,4.500,23.167,0.448,0.000,0.008,28.122
2026-09-02T08:37:36.458711+07:00,c9_sim,425,4.244,24.823,0.393,18.444,0.043,47.947
2026-09-02T08:37:36.500013+07:00,c9_sim,426,4.242,21.818,0.355,18.253,0.151,44.820
2026-09-02T08:37:36.543123+07:00,c9_sim,427,3.648,23.877,0.358,18.234,0.027,46.144
2026-09-02T08:37:36.582491+07:00,c9_sim,428,3.173,22.281,0.318,16.082,0.014,41.868
2026-09-02T08:37:36.622331+07:00,c9_sim,429,3.552,22.293,0.368,16.464,0.011,42.688
2026-09-02T08:37:36.660369+07:00,c9_sim,430,3.087,20.401,0.343,16.622,0.011,40.464
2026-09-02T08:37:36.696758+07:00,c9_sim,431,3.317,20.571,0.287,14.835,0.013,39.023
2026-09-02T08:37:36.733159+07:00,c9_sim,432,3.398,20.534,0.308,14.886,0.008,39.134
2026-09-02T08:37:36.768469+07:00,c9_sim,433,3.199,20.117,0.281,14.285,0.007,37.889
2026-09-02T08:37:36.804916+07:00,c9_sim,434,3.018,19.942,0.258,15.665,0.015,38.898
2026-09-02T08:37:36.841144+07:00,c9_sim,435,3.167,19.504,0.307,15.801,0.008,38.787
2026-09-02T08:37:36.877041+07:00,c9_sim,436,3.248,19.000,0.259,16.038,0.006,38.551
2026-09-02T08:37:36.911775+07:00,c9_sim,437,2.810,19.344,0.252,14.472,0.012,36.892
2026-09-02T08:37:36.946390+07:00,c9_sim,438,2.681,19.678,0.301,14.004,0.016,36.681
2026-09-02T08:37:36.979936+07:00,c9_sim,439,2.693,19.417,0.259,13.195,0.009,35.573
2026-09-02T08:37:37.013009+07:00,c9_sim,440,3.139,19.180,0.233,13.067,0.007,35.626
2026-09-02T08:37:37.046481+07:00,c9_sim,441,2.601,19.338,0.240,13.258,0.019,35.455
2026-09-02T08:37:37.081233+07:00,c9_sim,442,2.696,19.783,0.261,14.070,0.016,36.826
2026-09-02T08:37:37.115372+07:00,c9_sim,443,2.757,19.228,0.257,14.005,0.012,36.258
2026-09-02T08:37:37.149356+07:00,c9_sim,444,2.675,19.095,0.241,14.000,0.010,36.021
2026-09-02T08:37:37.185672+07:00,c9_sim,445,3.046,20.855,0.241,14.568,0.015,38.726
2026-09-02T08:37:37.223494+07:00,c9_sim,446,2.599,20.586,0.394,16.293,0.016,39.887
2026-09-02T08:37:37.259718+07:00,c9_sim,447,2.724,19.271,0.264,16.098,0.013,38.370
2026-09-02T08:37:37.294724+07:00,c9_sim,448,2.749,18.779,0.243,15.394,0.017,37.182
2026-09-02T08:37:37.328551+07:00,c9_sim,449,2.801,19.934,0.249,13.058,0.022,36.063
2026-09-02T08:37:37.345804+07:00,c9_sim,450,3.124,17.121,0.000,0.000,0.005,20.250
2026-09-02T08:37:37.363239+07:00,c9_sim,451,2.720,17.313,0.000,0.000,0.003,20.036
2026-09-02T08:37:37.395501+07:00,c9_sim,452,2.571,18.337,0.286,13.010,0.012,34.215
2026-09-02T08:37:37.428225+07:00,c9_sim,453,2.659,18.474,0.259,13.322,0.017,34.730
2026-09-02T08:37:37.461561+07:00,c9_sim,454,2.920,18.844,0.288,13.534,0.012,35.597
2026-09-02T08:37:37.478913+07:00,c9_sim,455,3.111,17.260,0.000,0.000,0.004,20.375
2026-09-02T08:37:37.511586+07:00,c9_sim,456,2.598,18.513,0.263,13.289,0.015,34.679
2026-09-02T08:37:37.529178+07:00,c9_sim,457,2.612,17.493,0.000,0.000,0.005,20.109
2026-09-02T08:37:37.546578+07:00,c9_sim,458,2.717,17.329,0.000,0.000,0.004,20.049
2026-09-02T08:37:37.563589+07:00,c9_sim,459,2.968,16.949,0.000,0.000,0.003,19.920
2026-09-02T08:37:37.580574+07:00,c9_sim,460,2.779,16.903,0.000,0.000,0.007,19.690
2026-09-02T08:37:37.597230+07:00,c9_sim,461,2.606,16.562,0.000,0.000,0.004,19.172
2026-09-02T08:37:37.629359+07:00,c9_sim,462,2.573,18.386,0.308,12.854,0.015,34.135
2026-09-02T08:37:37.646599+07:00,c9_sim,463,2.700,17.147,0.000,0.000,0.004,19.850
2026-09-02T08:37:37.679814+07:00,c9_sim,464,2.744,18.460,0.290,13.883,0.019,35.395
2026-09-02T08:37:37.714021+07:00,c9_sim,465,2.684,19.420,0.274,13.888,0.016,36.280
2026-09-02T08:37:37.748518+07:00,c9_sim,466,2.822,19.563,0.263,13.954,0.012,36.613
2026-09-02T08:37:37.784668+07:00,c9_sim,467,3.017,20.577,0.244,14.671,0.016,38.524
2026-09-02T08:37:37.822617+07:00,c9_sim,468,3.132,20.700,0.265,16.296,0.011,40.404
2026-09-02T08:37:37.859483+07:00,c9_sim,469,3.108,19.574,0.228,16.486,0.012,39.408
2026-09-02T08:37:37.895812+07:00,c9_sim,470,2.945,19.643,0.235,15.769,0.017,38.609
2026-09-02T08:37:37.932701+07:00,c9_sim,471,3.196,20.500,0.260,15.468,0.015,39.439
2026-09-02T08:37:37.970609+07:00,c9_sim,472,3.139,21.477,0.256,15.503,0.017,40.392
2026-09-02T08:37:38.010245+07:00,c9_sim,473,2.953,21.591,0.217,17.223,0.015,42.000
2026-09-02T08:37:38.047166+07:00,c9_sim,474,2.984,20.148,0.265,15.883,0.013,39.293
2026-09-02T08:37:38.085375+07:00,c9_sim,475,2.781,20.672,0.232,16.699,0.033,40.417
2026-09-02T08:37:38.127140+07:00,c9_sim,476,2.843,23.409,0.276,17.407,0.019,43.955
2026-09-02T08:37:38.164425+07:00,c9_sim,477,2.863,21.301,0.248,15.066,0.011,39.489
2026-09-02T08:37:38.200687+07:00,c9_sim,478,2.689,20.650,0.228,14.727,0.016,38.310
2026-09-02T08:37:38.237503+07:00,c9_sim,479,2.700,20.457,0.247,15.472,0.013,38.889
2026-09-02T08:37:38.274546+07:00,c9_sim,480,2.751,20.249,0.244,15.939,0.031,39.215
2026-09-02T08:37:38.310726+07:00,c9_sim,481,2.625,19.241,0.261,16.071,0.016,38.213
2026-09-02T08:37:38.345711+07:00,c9_sim,482,2.571,19.429,0.251,14.714,0.010,36.976
2026-09-02T08:37:38.380521+07:00,c9_sim,483,2.564,19.585,0.227,14.341,0.012,36.729
2026-09-02T08:37:38.414658+07:00,c9_sim,484,3.246,19.515,0.233,13.724,0.018,36.737
2026-09-02T08:37:38.449855+07:00,c9_sim,485,2.622,20.220,0.234,14.067,0.015,37.159
2026-09-02T08:37:38.484052+07:00,c9_sim,486,7.147,19.396,0.258,13.904,0.013,40.718
2026-09-02T08:37:38.518501+07:00,c9_sim,487,4.896,19.113,0.218,14.391,0.012,38.630
2026-09-02T08:37:38.555059+07:00,c9_sim,488,2.531,19.821,0.231,15.844,0.014,38.441
2026-09-02T08:37:38.591303+07:00,c9_sim,489,2.515,19.180,0.227,16.300,0.014,38.237
2026-09-02T08:37:38.626912+07:00,c9_sim,490,2.608,18.821,0.233,15.946,0.016,37.624
2026-09-02T08:37:38.663178+07:00,c9_sim,491,2.875,20.124,0.208,15.280,0.015,38.500
2026-09-02T08:37:38.699699+07:00,c9_sim,492,2.494,20.841,0.241,14.770,0.018,38.364
2026-09-02T08:37:38.735406+07:00,c9_sim,493,2.622,20.313,0.243,14.469,0.017,37.664
2026-09-02T08:37:38.773675+07:00,c9_sim,494,2.597,20.873,0.212,16.553,0.021,40.256
2026-09-02T08:37:38.811206+07:00,c9_sim,495,2.660,19.997,0.217,16.714,0.013,39.602
2026-09-02T08:37:38.847190+07:00,c9_sim,496,2.939,21.390,0.228,13.702,0.012,38.271
2026-09-02T08:37:38.880451+07:00,c9_sim,497,2.590,19.184,0.229,13.194,0.025,35.221
2026-09-02T08:37:38.913458+07:00,c9_sim,498,2.563,19.392,0.232,12.702,0.043,34.932
2026-09-02T08:37:38.946415+07:00,c9_sim,499,2.686,18.762,0.251,13.326,0.021,35.045
2026-09-02T08:37:38.979322+07:00,c9_sim,500,3.153,18.892,0.217,13.164,0.012,35.437
2026-09-02T08:37:39.012605+07:00,c9_sim,501,2.628,18.791,0.207,13.629,0.011,35.266
2026-09-02T08:37:39.046349+07:00,c9_sim,502,2.493,19.319,0.219,13.538,0.017,35.585
2026-09-02T08:37:39.080384+07:00,c9_sim,503,2.485,19.854,0.217,13.300,0.013,35.870
2026-09-02T08:37:39.118936+07:00,c9_sim,504,2.623,23.129,0.216,14.564,0.011,40.543
2026-09-02T08:37:39.154928+07:00,c9_sim,505,2.855,19.429,0.206,15.679,0.012,38.182
2026-09-02T08:37:39.191813+07:00,c9_sim,506,2.573,19.726,0.216,16.391,0.013,38.918
2026-09-02T08:37:39.228296+07:00,c9_sim,507,2.648,19.322,0.229,16.358,0.012,38.568
2026-09-02T08:37:39.262147+07:00,c9_sim,508,2.803,19.989,0.232,13.056,0.013,36.093
2026-09-02T08:37:39.296035+07:00,c9_sim,509,3.017,19.849,0.224,13.167,0.015,36.271
2026-09-02T08:37:39.329663+07:00,c9_sim,510,2.593,19.138,0.234,13.585,0.013,35.563
2026-09-02T08:37:39.363093+07:00,c9_sim,511,2.548,19.035,0.206,13.504,0.011,35.304
2026-09-02T08:37:39.396299+07:00,c9_sim,512,2.670,19.174,0.211,13.189,0.011,35.257
2026-09-02T08:37:39.429854+07:00,c9_sim,513,2.934,19.506,0.251,13.161,0.015,35.866
2026-09-02T08:37:39.464583+07:00,c9_sim,514,2.545,19.658,0.238,14.175,0.014,36.630
2026-09-02T08:37:39.498727+07:00,c9_sim,515,2.934,19.186,0.221,14.088,0.009,36.439
2026-09-02T08:37:39.534167+07:00,c9_sim,516,2.632,19.951,0.227,14.626,0.014,37.449
2026-09-02T08:37:39.572621+07:00,c9_sim,517,2.757,21.154,0.230,16.351,0.016,40.508
2026-09-02T08:37:39.609909+07:00,c9_sim,518,2.882,19.743,0.250,16.676,0.019,39.569
2026-09-02T08:37:39.646778+07:00,c9_sim,519,2.617,21.082,0.239,14.874,0.028,38.840
2026-09-02T08:37:39.683238+07:00,c9_sim,520,2.500,20.767,0.239,14.767,0.015,38.287
2026-09-02T08:37:39.719215+07:00,c9_sim,521,2.521,20.288,0.261,14.814,0.014,37.897
2026-09-02T08:37:39.756748+07:00,c9_sim,522,2.761,20.545,0.217,16.190,0.014,39.726
2026-09-02T08:37:39.794810+07:00,c9_sim,523,3.003,20.421,0.209,16.844,0.015,40.493
2026-09-02T08:37:39.828842+07:00,c9_sim,524,2.647,20.928,0.253,12.185,0.013,36.025
2026-09-02T08:37:39.861290+07:00,c9_sim,525,2.575,18.470,0.214,13.125,0.015,34.399
2026-09-02T08:37:39.893773+07:00,c9_sim,526,2.730,18.726,0.216,12.853,0.009,34.533
2026-09-02T08:37:39.926120+07:00,c9_sim,527,3.029,18.023,0.290,13.474,0.016,34.832
2026-09-02T08:37:39.958358+07:00,c9_sim,528,2.701,17.493,0.224,13.921,0.013,34.351
2026-09-02T08:37:39.989378+07:00,c9_sim,529,2.557,16.741,0.215,13.509,0.013,33.036
2026-09-02T08:37:40.019526+07:00,c9_sim,530,2.606,16.253,0.235,13.070,0.012,32.175
2026-09-02T08:37:40.049672+07:00,c9_sim,531,3.022,16.571,0.223,12.784,0.012,32.613
2026-09-02T08:37:40.078835+07:00,c9_sim,532,2.622,16.529,0.201,11.850,0.010,31.211
2026-09-02T08:37:40.108282+07:00,c9_sim,533,2.689,16.285,0.194,12.389,0.008,31.564
2026-09-02T08:37:40.137934+07:00,c9_sim,534,2.652,16.156,0.224,12.762,0.008,31.803
2026-09-02T08:37:40.167668+07:00,c9_sim,535,2.573,16.514,0.211,12.440,0.013,31.750
2026-09-02T08:37:40.197651+07:00,c9_sim,536,2.664,16.570,0.217,12.607,0.014,32.071
2026-09-02T08:37:40.226432+07:00,c9_sim,537,3.047,16.236,0.198,11.703,0.013,31.198
2026-09-02T08:37:40.256791+07:00,c9_sim,538,2.603,16.735,0.199,12.840,0.011,32.388
2026-09-02T08:37:40.286748+07:00,c9_sim,539,2.653,16.640,0.199,12.587,0.012,32.091
2026-09-02T08:37:40.316347+07:00,c9_sim,540,2.600,16.355,0.205,12.467,0.010,31.636
2026-09-02T08:37:40.345534+07:00,c9_sim,541,3.000,16.461,0.221,11.862,0.015,31.559
2026-09-02T08:37:40.374808+07:00,c9_sim,542,2.658,16.159,0.203,12.297,0.010,31.328
2026-09-02T08:37:40.405054+07:00,c9_sim,543,2.545,16.565,0.194,12.913,0.011,32.229
2026-09-02T08:37:40.435247+07:00,c9_sim,544,2.662,16.421,0.223,12.952,0.020,32.277
2026-09-02T08:37:40.465871+07:00,c9_sim,545,3.032,16.735,0.211,13.030,0.011,33.018
2026-09-02T08:37:40.494687+07:00,c9_sim,546,2.727,16.433,0.211,11.594,0.009,30.974
2026-09-02T08:37:40.526020+07:00,c9_sim,547,2.646,17.428,0.239,12.995,0.019,33.327
2026-09-02T08:37:40.558443+07:00,c9_sim,548,2.653,17.636,0.210,13.950,0.013,34.462
2026-09-02T08:37:40.591322+07:00,c9_sim,549,2.944,17.767,0.278,14.308,0.014,35.311
2026-09-02T08:37:40.622577+07:00,c9_sim,550,2.652,16.642,0.238,13.763,0.016,33.311
2026-09-02T08:37:40.653485+07:00,c9_sim,551,2.557,16.553,0.205,13.558,0.010,32.884
2026-09-02T08:37:40.684493+07:00,c9_sim,552,2.626,16.880,0.201,13.348,0.009,33.063
2026-09-02T08:37:40.714766+07:00,c9_sim,553,2.585,16.908,0.235,12.545,0.015,32.288
2026-09-02T08:37:40.744164+07:00,c9_sim,554,2.569,16.438,0.207,12.060,0.016,31.290
2026-09-02T08:37:40.776431+07:00,c9_sim,555,2.941,18.159,0.205,13.060,0.014,34.379
2026-09-02T08:37:40.809460+07:00,c9_sim,556,2.494,17.651,0.204,14.571,0.013,34.934
2026-09-02T08:37:40.842808+07:00,c9_sim,557,2.508,17.838,0.220,14.698,0.012,35.276
2026-09-02T08:37:40.875193+07:00,c9_sim,558,2.528,17.368,0.202,14.235,0.013,34.347
2026-09-02T08:37:40.907995+07:00,c9_sim,559,2.432,17.883,0.231,14.091,0.017,34.653
2026-09-02T08:37:40.940158+07:00,c9_sim,560,2.554,17.385,0.234,13.952,0.012,34.137
2026-09-02T08:37:40.971560+07:00,c9_sim,561,2.522,16.941,0.246,13.675,0.013,33.397
2026-09-02T08:37:41.003000+07:00,c9_sim,562,2.399,17.054,0.197,13.656,0.013,33.320
2026-09-02T08:37:41.034308+07:00,c9_sim,563,2.515,17.088,0.205,13.442,0.013,33.263
2026-09-02T08:37:41.064981+07:00,c9_sim,564,2.521,17.029,0.199,12.862,0.012,32.624
2026-09-02T08:37:41.094385+07:00,c9_sim,565,2.489,16.538,0.210,12.013,0.012,31.263
2026-09-02T08:37:41.126207+07:00,c9_sim,566,2.513,17.785,0.237,13.058,0.011,33.604
2026-09-02T08:37:41.159611+07:00,c9_sim,567,2.766,18.349,0.198,14.280,0.016,35.610
2026-09-02T08:37:41.192730+07:00,c9_sim,568,2.425,17.657,0.215,14.650,0.014,34.960
2026-09-02T08:37:41.224961+07:00,c9_sim,569,2.478,17.183,0.215,14.259,0.012,34.146
2026-09-02T08:37:41.256884+07:00,c9_sim,570,2.480,17.226,0.203,13.919,0.010,33.839
2026-09-02T08:37:41.287789+07:00,c9_sim,571,2.503,16.588,0.208,13.487,0.009,32.795
2026-09-02T08:37:41.319517+07:00,c9_sim,572,2.451,17.661,0.204,13.290,0.013,33.619
2026-09-02T08:37:41.350676+07:00,c9_sim,573,2.588,17.105,0.196,13.328,0.014,33.231
2026-09-02T08:37:41.381455+07:00,c9_sim,574,2.514,17.155,0.208,12.838,0.014,32.729
2026-09-02T08:37:41.410451+07:00,c9_sim,575,2.562,16.242,0.204,11.987,0.012,31.006
2026-09-02T08:37:41.441966+07:00,c9_sim,576,2.523,16.821,0.244,13.875,0.013,33.476
2026-09-02T08:37:41.473491+07:00,c9_sim,577,2.716,16.810,0.226,13.926,0.017,33.695
2026-09-02T08:37:41.505048+07:00,c9_sim,578,2.825,17.125,0.206,13.618,0.013,33.786
2026-09-02T08:37:41.536817+07:00,c9_sim,579,2.404,17.023,0.247,13.933,0.014,33.620
2026-09-02T08:37:41.569296+07:00,c9_sim,580,2.455,17.797,0.206,13.890,0.014,34.363
2026-09-02T08:37:41.601977+07:00,c9_sim,581,2.513,17.740,0.246,14.106,0.014,34.619
2026-09-02T08:37:41.634879+07:00,c9_sim,582,2.341,17.703,0.263,14.329,0.020,34.657
2026-09-02T08:37:41.667356+07:00,c9_sim,583,2.540,17.718,0.230,13.915,0.018,34.421
2026-09-02T08:37:41.697904+07:00,c9_sim,584,2.533,17.211,0.215,12.492,0.022,32.473
2026-09-02T08:37:41.729756+07:00,c9_sim,585,2.819,19.060,0.224,11.956,0.009,34.068
2026-09-02T08:37:41.773454+07:00,c8_sim,247,2.449,19.535,0.000,0.000,0.004,21.988
2026-09-02T08:37:41.826150+07:00,c8_sim,248,3.500,22.582,0.000,0.000,0.003,26.085
2026-09-02T08:37:41.881696+07:00,c8_sim,249,4.404,25.448,0.000,0.000,0.004,29.855
2026-09-02T08:37:41.939147+07:00,c8_sim,250,6.468,27.278,0.000,0.000,0.006,33.752
2026-09-02T08:37:41.997251+07:00,c8_sim,251,8.183,27.899,0.000,0.000,0.005,36.087
2026-09-02T08:37:42.045045+07:00,c8_sim,252,7.196,27.618,0.000,0.000,0.004,34.817
2026-09-02T08:37:42.103245+07:00,c8_sim,253,7.537,28.056,0.000,0.000,0.005,35.597
2026-09-02T08:37:42.129134+07:00,c8_sim,254,7.518,25.784,0.000,0.000,0.003,33.306
2026-09-02T08:37:42.177401+07:00,c8_sim,255,7.605,27.231,0.000,0.000,0.004,34.840
2026-09-02T08:37:42.233739+07:00,c8_sim,256,7.464,26.137,0.000,0.000,0.004,33.605
2026-09-02T08:37:42.292904+07:00,c8_sim,257,7.551,28.936,0.000,0.000,0.004,36.491
2026-09-02T08:37:42.353110+07:00,c8_sim,258,8.154,30.056,0.000,0.000,0.005,38.216
2026-09-02T08:37:42.419096+07:00,c8_sim,259,7.828,33.871,1.008,0.000,0.005,42.711
2026-09-02T08:37:42.451316+07:00,c8_sim,260,7.797,30.682,0.567,0.000,0.003,39.050
2026-09-02T08:37:42.499079+07:00,c8_sim,261,7.425,27.546,0.000,0.000,0.003,34.974
2026-09-02T08:37:42.561043+07:00,c8_sim,262,7.661,30.369,0.576,0.000,0.004,38.609
2026-09-02T08:37:42.614447+07:00,c8_sim,263,7.721,30.749,0.685,20.844,0.069,60.068
2026-09-02T08:37:42.639350+07:00,c8_sim,264,5.702,12.000,0.374,11.963,0.008,30.047
2026-09-02T08:37:42.689600+07:00,c8_sim,265,4.751,12.828,0.350,12.511,0.007,30.449
2026-09-02T08:37:42.738059+07:00,c8_sim,266,4.674,13.081,0.360,11.687,0.007,29.809
2026-09-02T08:37:42.791463+07:00,c8_sim,267,4.438,13.965,0.366,11.975,0.008,30.753
2026-09-02T08:37:42.841398+07:00,c8_sim,268,4.468,14.667,0.328,12.188,0.007,31.658
2026-09-02T08:37:42.900377+07:00,c8_sim,269,4.821,15.424,0.415,12.498,0.008,33.165
2026-09-02T08:37:42.960325+07:00,c8_sim,270,4.397,16.115,0.385,12.771,0.012,33.680
2026-09-02T08:37:42.990369+07:00,c8_sim,271,4.652,16.007,0.367,12.983,0.009,34.018
2026-09-02T08:37:43.055623+07:00,c8_sim,272,4.482,19.546,0.346,15.898,0.009,40.281
2026-09-02T08:37:43.118220+07:00,c8_sim,273,4.468,24.904,0.367,15.456,0.012,45.208
2026-09-02T08:37:43.160616+07:00,c8_sim,274,4.434,22.714,0.374,18.600,0.015,46.138
2026-09-02T08:37:43.229059+07:00,c8_sim,275,4.551,24.105,0.368,13.320,0.012,42.356
2026-09-02T08:37:43.253282+07:00,c8_sim,276,5.382,12.115,0.331,11.188,0.007,29.024
2026-09-02T08:37:43.307827+07:00,c8_sim,277,4.523,12.959,0.321,11.949,0.007,29.760
2026-09-02T08:37:43.363530+07:00,c8_sim,278,4.233,13.202,0.324,12.038,0.007,29.803
2026-09-02T08:37:43.421926+07:00,c8_sim,279,4.640,15.513,0.360,12.969,0.018,33.500
2026-09-02T08:37:43.449230+07:00,c8_sim,280,5.069,14.763,0.329,11.622,0.009,31.791
2026-09-02T08:37:43.509159+07:00,c8_sim,281,4.555,16.603,0.332,12.278,0.012,33.779
2026-09-02T08:37:43.566308+07:00,c8_sim,282,4.599,18.530,0.301,13.611,0.010,37.051
2026-09-02T08:37:43.637161+07:00,c8_sim,283,4.433,21.850,0.351,17.929,0.015,44.578
2026-09-02T08:37:43.683473+07:00,c8_sim,284,4.926,24.410,0.315,20.967,0.018,50.636
2026-09-02T08:37:43.729758+07:00,c8_sim,285,4.666,25.062,0.330,20.164,0.020,50.243
2026-09-02T08:37:43.753846+07:00,c8_sim,286,4.559,12.019,0.295,11.173,0.011,28.058
2026-09-02T08:37:43.802607+07:00,c8_sim,287,4.596,13.375,0.271,11.177,0.010,29.429
2026-09-02T08:37:43.858111+07:00,c8_sim,288,4.360,13.247,0.261,11.368,0.009,29.245
2026-09-02T08:37:43.915417+07:00,c8_sim,289,4.566,14.707,0.306,11.676,0.011,31.266
2026-09-02T08:37:43.973937+07:00,c8_sim,290,4.169,16.960,0.351,12.172,0.012,33.663
2026-09-02T08:37:44.038768+07:00,c8_sim,291,4.218,18.589,0.323,15.259,0.016,38.406
2026-09-02T08:37:44.074017+07:00,c8_sim,292,5.207,18.211,0.269,16.137,0.014,39.839
2026-09-02T08:37:44.148325+07:00,c8_sim,293,4.247,22.903,0.307,20.435,0.018,47.909
2026-09-02T08:37:44.182185+07:00,c8_sim,294,5.140,19.117,0.289,13.757,0.014,38.317
2026-09-02T08:37:44.218912+07:00,c8_sim,295,4.346,20.803,0.264,14.998,0.013,40.426
2026-09-02T08:37:44.287022+07:00,c8_sim,296,4.406,25.254,0.269,16.978,0.029,46.936
2026-09-02T08:37:44.328790+07:00,c8_sim,297,4.525,22.624,0.278,18.207,0.017,45.651
2026-09-02T08:37:44.397917+07:00,c8_sim,298,4.518,22.233,0.287,19.137,0.028,46.203
2026-09-02T08:37:44.435153+07:00,c8_sim,299,5.107,21.208,0.310,15.104,0.014,41.742
2026-09-02T08:37:44.474653+07:00,c8_sim,300,4.386,21.687,0.294,16.911,0.010,43.288
2026-09-02T08:37:44.538472+07:00,c8_sim,301,4.543,21.979,0.275,16.239,0.017,43.052
2026-09-02T08:37:44.578965+07:00,c8_sim,302,4.458,21.645,0.271,17.941,0.016,44.330
2026-09-02T08:37:44.647089+07:00,c8_sim,303,4.598,21.273,0.321,15.789,0.017,41.997
2026-09-02T08:37:44.685648+07:00,c8_sim,304,5.136,21.718,0.290,15.863,0.014,43.021
2026-09-02T08:37:44.726333+07:00,c8_sim,305,4.376,22.373,0.304,17.411,0.018,44.482
2026-09-02T08:37:44.798435+07:00,c8_sim,306,4.617,22.306,0.311,18.573,0.013,45.821
2026-09-02T08:37:44.842835+07:00,c8_sim,307,5.043,24.838,0.308,18.562,0.014,48.765
2026-09-02T08:37:44.884379+07:00,c8_sim,308,4.594,23.413,0.271,17.163,0.012,45.454
2026-09-02T08:37:44.952329+07:00,c8_sim,309,4.619,23.960,0.323,20.894,0.016,49.812
2026-09-02T08:37:45.000897+07:00,c8_sim,310,4.610,25.981,0.328,21.576,0.016,52.511
2026-09-02T08:37:45.050671+07:00,c8_sim,311,4.534,27.111,0.302,21.579,0.016,53.541
2026-09-02T08:37:45.096393+07:00,c8_sim,312,4.543,25.611,0.297,19.100,0.013,49.564
2026-09-02T08:37:45.131057+07:00,c8_sim,313,4.490,20.573,0.279,13.143,0.010,38.495
2026-09-02T08:37:45.197067+07:00,c8_sim,314,4.340,21.214,0.269,13.802,0.014,39.639
2026-09-02T08:37:45.230807+07:00,c8_sim,315,4.932,19.874,0.277,12.914,0.012,38.008
2026-09-02T08:37:45.298337+07:00,c8_sim,316,4.577,22.450,0.306,13.988,0.013,41.334
2026-09-02T08:37:45.333613+07:00,c8_sim,317,5.161,20.167,0.281,14.144,0.019,39.773
2026-09-02T08:37:45.403037+07:00,c8_sim,318,4.827,22.287,0.274,16.129,0.014,43.531
2026-09-02T08:37:45.443776+07:00,c8_sim,319,5.205,22.094,0.340,17.615,0.015,45.269
2026-09-02T08:37:45.518118+07:00,c8_sim,320,5.122,23.203,0.404,20.011,0.015,48.754
2026-09-02T08:37:45.564972+07:00,c8_sim,321,5.662,25.311,0.315,20.529,0.014,51.830
2026-09-02T08:37:45.600881+07:00,c8_sim,322,4.937,20.763,0.336,14.170,0.014,40.220
2026-09-02T08:37:45.668086+07:00,c8_sim,323,4.344,21.410,0.311,14.763,0.014,40.842
2026-09-02T08:37:45.705606+07:00,c8_sim,324,4.854,20.760,0.240,15.900,0.018,41.773
2026-09-02T08:37:45.742538+07:00,c8_sim,325,4.176,19.764,0.284,16.286,0.015,40.526
2026-09-02T08:37:45.811798+07:00,c8_sim,326,4.115,21.087,0.275,17.220,0.026,42.722
2026-09-02T08:37:45.847252+07:00,c8_sim,327,4.585,20.479,0.277,13.968,0.012,39.320
2026-09-02T08:37:45.916997+07:00,c8_sim,328,4.251,22.949,0.288,15.787,0.018,43.293
2026-09-02T08:37:45.955581+07:00,c8_sim,329,5.179,21.516,0.300,16.058,0.017,43.070
2026-09-02T08:37:45.994340+07:00,c8_sim,330,4.365,20.719,0.261,17.166,0.015,42.526
2026-09-02T08:37:46.063769+07:00,c8_sim,331,4.211,22.311,0.266,18.243,0.018,45.049
2026-09-02T08:37:46.101200+07:00,c8_sim,332,4.515,21.404,0.271,15.083,0.009,41.282
2026-09-02T08:37:46.172403+07:00,c8_sim,333,4.432,23.960,0.291,16.489,0.030,45.202
2026-09-02T08:37:46.211480+07:00,c8_sim,334,5.308,20.948,0.272,17.289,0.015,43.831
2026-09-02T08:37:46.284137+07:00,c8_sim,335,4.678,21.938,0.299,20.587,0.019,47.521
2026-09-02T08:37:46.330739+07:00,c8_sim,336,4.306,26.150,0.356,19.410,0.013,50.234
2026-09-02T08:37:46.354503+07:00,c8_sim,337,5.381,11.986,0.313,10.886,0.011,28.576
2026-09-02T08:37:46.409837+07:00,c8_sim,338,4.313,12.794,0.267,11.610,0.009,28.993
2026-09-02T08:37:46.463894+07:00,c8_sim,339,4.327,13.151,0.324,12.251,0.014,30.067
2026-09-02T08:37:46.507238+07:00,c8_sim,340,4.309,13.188,0.000,0.000,0.005,17.503
2026-09-02T08:37:46.550401+07:00,c8_sim,341,4.833,14.019,0.000,0.000,0.006,18.857
2026-09-02T08:37:46.595991+07:00,c8_sim,342,5.692,15.435,0.000,0.000,0.008,21.135
