timestamp,camera_id,frame_id,decode_ms,detection_ms,tracking_ms,reid_ms,matching_ms,total_ai_ms
2026-09-02T08:38:07.510244+07:00,c8_sim,1,5.067,240.392,607.703,64.730,0.064,917.955
2026-09-02T08:38:07.556381+07:00,c8_sim,2,3.565,14.200,0.404,29.665,0.014,47.848
2026-09-02T08:38:07.597100+07:00,c8_sim,3,3.874,13.456,0.304,26.185,0.009,43.827
2026-09-02T08:38:07.637053+07:00,c8_sim,4,4.356,12.903,0.269,26.009,0.010,43.547
2026-09-02T08:38:07.679863+07:00,c8_sim,5,7.628,13.428,0.340,26.244,0.010,47.650
2026-09-02T08:38:07.716789+07:00,c8_sim,6,10.613,9.473,0.287,26.229,0.009,46.611
2026-09-02T08:38:07.767101+07:00,c8_sim,7,5.127,22.665,0.359,26.519,0.011,54.681
2026-09-02T08:38:07.803938+07:00,c8_sim,8,14.932,9.281,0.312,26.351,0.010,50.886
2026-09-02T08:38:07.846183+07:00,c8_sim,9,4.272,14.979,0.259,26.186,0.009,45.706
2026-09-02T08:38:07.882611+07:00,c8_sim,10,3.847,8.910,0.253,26.483,0.013,39.506
2026-09-02T08:38:07.919426+07:00,c8_sim,11,4.119,9.495,0.278,26.180,0.012,40.084
2026-09-02T08:38:07.956083+07:00,c8_sim,12,4.451,9.159,0.352,26.350,0.011,40.323
2026-09-02T08:38:07.992569+07:00,c8_sim,13,5.148,9.148,0.315,26.258,0.009,40.878
2026-09-02T08:38:08.060792+07:00,c8_sim,14,5.228,10.186,0.311,26.480,0.011,42.215
2026-09-02T08:38:08.166607+07:00,c8_sim,15,7.225,15.111,0.437,27.290,0.012,50.076
2026-09-02T08:38:08.269801+07:00,c8_sim,16,7.368,15.009,0.392,26.599,0.011,49.379
2026-09-02T08:38:08.370022+07:00,c8_sim,17,7.842,15.718,0.437,26.688,0.021,50.706
2026-09-02T08:38:08.516435+07:00,c8_sim,18,7.651,31.344,0.454,27.840,0.016,67.305
2026-09-02T08:38:08.587979+07:00,c8_sim,19,8.742,12.792,0.403,26.562,0.016,48.515
2026-09-02T08:38:08.689140+07:00,c8_sim,20,8.808,17.765,0.404,27.798,0.018,54.792
2026-09-02T08:38:08.812457+07:00,c8_sim,21,9.063,19.832,0.378,27.292,0.015,56.580
2026-09-02T08:38:08.921527+07:00,c8_sim,22,9.611,19.076,0.546,27.993,0.014,57.240
2026-09-02T08:38:09.028319+07:00,c8_sim,23,10.361,21.015,0.496,28.051,0.015,59.938
2026-09-02T08:38:09.135836+07:00,c8_sim,24,9.297,17.828,0.387,26.814,0.014,54.340
2026-09-02T08:38:09.244179+07:00,c8_sim,25,9.069,18.722,0.435,27.551,0.013,55.790
2026-09-02T08:38:09.323051+07:00,c8_sim,26,8.429,18.200,0.411,0.003,0.008,27.051
2026-09-02T08:38:09.430120+07:00,c8_sim,27,7.233,21.666,0.723,0.004,0.013,29.640
2026-09-02T08:38:09.622325+07:00,c8_sim,28,10.147,34.445,0.993,49.335,0.016,94.937
2026-09-02T08:38:09.661822+07:00,c8_sim,29,7.379,11.490,0.384,26.712,0.019,45.984
2026-09-02T08:38:09.763581+07:00,c8_sim,30,7.782,16.150,0.406,26.807,0.021,51.166
2026-09-02T08:38:09.901549+07:00,c8_sim,31,10.188,19.905,0.540,28.490,0.029,59.153
2026-09-02T08:38:10.000119+07:00,c8_sim,32,9.135,19.009,0.434,27.931,0.016,56.525
2026-09-02T08:38:10.128998+07:00,c8_sim,33,8.386,21.682,0.514,28.613,0.012,59.207
2026-09-02T08:38:10.201024+07:00,c8_sim,34,7.041,12.211,0.445,27.467,0.015,47.178
2026-09-02T08:38:10.339558+07:00,c8_sim,35,9.011,20.923,0.557,28.542,0.035,59.068
2026-09-02T08:38:10.445682+07:00,c8_sim,36,8.699,19.862,0.543,29.111,0.019,58.234
2026-09-02T08:38:10.553714+07:00,c8_sim,37,7.256,18.604,0.505,28.136,0.014,54.515
2026-09-02T08:38:10.659839+07:00,c8_sim,38,8.672,19.518,0.557,28.741,0.015,57.503
2026-09-02T08:38:10.760446+07:00,c8_sim,39,8.081,19.124,0.476,27.732,0.020,55.433
2026-09-02T08:38:10.887532+07:00,c8_sim,40,9.754,21.896,0.602,29.174,0.032,61.459
2026-09-02T08:38:10.958952+07:00,c8_sim,41,7.791,15.882,0.423,26.908,0.015,51.019
2026-09-02T08:38:11.137429+07:00,c8_sim,42,8.623,34.337,0.624,54.180,0.019,97.782
2026-09-02T08:38:11.177453+07:00,c8_sim,43,7.591,11.927,0.347,26.783,0.014,46.662
2026-09-02T08:38:11.316408+07:00,c8_sim,44,8.752,21.373,0.614,28.685,0.030,59.453
2026-09-02T08:38:11.417981+07:00,c8_sim,45,12.461,19.137,0.539,28.354,0.017,60.508
2026-09-02T08:38:11.526957+07:00,c8_sim,46,8.950,25.419,0.480,27.221,0.015,62.084
2026-09-02T08:38:11.626580+07:00,c8_sim,47,7.262,17.021,0.425,27.361,0.013,52.082
2026-09-02T08:38:11.730055+07:00,c8_sim,48,7.988,17.737,0.527,27.996,0.020,54.268
2026-09-02T08:38:11.828913+07:00,c8_sim,49,7.179,15.430,0.368,27.019,0.015,50.010
2026-09-02T08:38:11.961376+07:00,c8_sim,50,8.895,20.970,0.630,28.284,0.031,58.810
2026-09-02T08:38:12.000508+07:00,c8_sim,51,7.664,11.614,0.677,0.000,0.008,19.963
2026-09-02T08:38:12.169449+07:00,c8_sim,52,10.392,33.046,0.519,0.000,0.007,43.964
2026-09-02T08:38:12.258999+07:00,c8_sim,53,8.972,30.757,0.000,0.000,0.012,39.742
2026-09-02T08:38:12.348304+07:00,c8_sim,54,8.018,28.697,0.000,0.000,0.006,36.722
2026-09-02T08:38:12.480334+07:00,c8_sim,55,9.933,31.661,0.000,0.000,0.017,41.612
2026-09-02T08:38:12.585293+07:00,c8_sim,56,10.599,32.078,0.000,0.000,0.020,42.697
2026-09-02T08:38:12.736601+07:00,c9_sim,1,4.623,32.821,0.408,56.788,0.097,94.736
2026-09-02T08:38:12.803216+07:00,c9_sim,2,5.614,14.582,0.480,28.009,0.013,48.699
2026-09-02T08:38:12.908941+07:00,c9_sim,3,7.523,19.232,0.493,27.859,0.013,55.120
2026-09-02T08:38:13.018820+07:00,c9_sim,4,7.141,18.970,0.530,28.155,0.012,54.807
2026-09-02T08:38:13.118298+07:00,c9_sim,5,6.100,17.099,0.442,27.818,0.012,51.470
2026-09-02T08:38:13.231575+07:00,c9_sim,6,7.057,21.063,0.575,28.829,0.012,57.536
2026-09-02T08:38:13.304205+07:00,c9_sim,7,6.020,13.534,0.372,26.991,0.010,46.928
2026-09-02T08:38:13.503824+07:00,c9_sim,8,19.841,35.151,0.846,55.157,0.017,111.013
2026-09-02T08:38:13.544673+07:00,c9_sim,9,5.499,12.197,0.459,27.313,0.010,45.478
2026-09-02T08:38:13.616591+07:00,c9_sim,10,5.818,12.325,0.415,27.495,0.012,46.065
2026-09-02T08:38:13.741018+07:00,c9_sim,11,6.270,17.964,0.571,28.046,0.012,52.863
2026-09-02T08:38:13.849571+07:00,c9_sim,12,5.437,19.212,0.524,28.521,0.010,53.705
2026-09-02T08:38:13.959328+07:00,c9_sim,13,8.456,18.679,0.523,27.902,0.013,55.573
2026-09-02T08:38:14.028556+07:00,c9_sim,14,5.398,14.194,0.486,27.390,0.010,47.478
2026-09-02T08:38:14.165143+07:00,c9_sim,15,7.259,22.090,0.608,28.808,0.020,58.785
2026-09-02T08:38:14.237813+07:00,c9_sim,16,6.859,15.076,0.406,27.960,0.011,50.313
2026-09-02T08:38:14.346613+07:00,c9_sim,17,7.304,18.926,0.444,27.728,0.015,54.417
2026-09-02T08:38:14.486550+07:00,c9_sim,18,8.333,22.476,0.611,28.543,0.029,59.992
2026-09-02T08:38:14.554394+07:00,c9_sim,19,5.877,15.197,0.471,27.885,0.019,49.450
2026-09-02T08:38:14.683982+07:00,c9_sim,20,7.448,22.551,0.611,28.588,0.029,59.226
2026-09-02T08:38:14.791100+07:00,c9_sim,21,6.972,20.010,0.549,28.248,0.030,55.809
2026-09-02T08:38:14.864740+07:00,c9_sim,22,6.815,17.460,0.475,27.764,0.022,52.536
2026-09-02T08:38:14.969277+07:00,c9_sim,23,8.451,18.219,0.514,28.194,0.015,55.393
2026-09-02T08:38:15.071084+07:00,c9_sim,24,6.855,18.764,0.502,28.215,0.019,54.355
2026-09-02T08:38:15.181667+07:00,c9_sim,25,8.308,20.335,0.531,28.393,0.031,57.599
2026-09-02T08:38:15.288501+07:00,c9_sim,26,8.160,19.004,0.593,28.688,0.031,56.477
2026-09-02T08:38:15.380348+07:00,c9_sim,27,6.909,18.860,0.534,28.207,0.018,54.528
2026-09-02T08:38:15.498672+07:00,c9_sim,28,6.316,18.771,0.539,42.081,0.021,67.728
2026-09-02T08:38:15.590037+07:00,c9_sim,29,5.094,15.451,0.509,27.183,0.022,48.259
2026-09-02T08:38:15.691198+07:00,c9_sim,30,5.031,15.171,0.634,28.100,0.020,48.956
2026-09-02T08:38:15.800791+07:00,c9_sim,31,5.791,17.125,0.616,27.950,0.020,51.502
2026-09-02T08:38:15.900187+07:00,c9_sim,32,5.046,16.913,0.289,26.124,0.028,48.399
2026-09-02T08:38:16.001773+07:00,c9_sim,33,4.917,18.602,0.521,28.567,0.017,52.623
2026-09-02T08:38:16.114210+07:00,c9_sim,34,5.172,18.603,0.524,39.365,0.030,63.695
2026-09-02T08:38:16.268287+07:00,c9_sim,35,3.359,61.368,0.745,32.552,0.019,98.043
2026-09-02T08:38:16.313121+07:00,c9_sim,36,2.591,13.393,0.584,29.917,0.032,46.517
2026-09-02T08:38:16.408917+07:00,c9_sim,37,5.401,15.891,0.519,28.374,0.021,50.205
2026-09-02T08:38:16.522551+07:00,c9_sim,38,5.934,21.044,0.579,29.177,0.031,56.764
2026-09-02T08:38:16.628112+07:00,c9_sim,39,5.851,19.761,0.525,27.880,0.029,54.047
2026-09-02T08:38:16.732220+07:00,c9_sim,40,5.896,18.643,0.518,27.791,0.021,52.869
2026-09-02T08:38:16.835055+07:00,c9_sim,41,5.758,16.277,0.486,26.643,0.021,49.185
2026-09-02T08:38:16.937100+07:00,c9_sim,42,5.776,18.098,0.555,28.195,0.015,52.639
2026-09-02T08:38:17.044784+07:00,c9_sim,43,5.482,20.241,0.444,27.661,0.018,53.846
2026-09-02T08:38:17.154559+07:00,c9_sim,44,5.601,18.475,0.492,28.074,0.036,52.678
2026-09-02T08:38:17.255827+07:00,c9_sim,45,6.288,18.794,0.529,27.761,0.028,53.400
2026-09-02T08:38:17.361341+07:00,c9_sim,46,5.488,19.255,0.495,27.790,0.031,53.058
2026-09-02T08:38:17.462199+07:00,c9_sim,47,4.498,13.313,0.519,26.909,0.017,45.257
2026-09-02T08:38:17.569072+07:00,c9_sim,48,6.099,16.636,0.594,27.507,0.019,50.855
2026-09-02T08:38:17.662254+07:00,c9_sim,49,5.684,16.547,0.420,26.311,0.019,48.981
2026-09-02T08:38:17.769309+07:00,c9_sim,50,5.560,18.302,0.502,27.616,0.020,52.000
2026-09-02T08:38:17.861328+07:00,c9_sim,51,5.766,17.602,0.725,28.468,0.013,52.575
2026-09-02T08:38:17.962808+07:00,c9_sim,52,5.460,17.565,0.525,27.895,0.032,51.477
2026-09-02T08:38:18.062279+07:00,c9_sim,53,5.742,17.310,0.572,28.756,0.014,52.393
2026-09-02T08:38:18.168543+07:00,c9_sim,54,5.805,18.331,0.576,27.932,0.031,52.674
2026-09-02T08:38:18.282033+07:00,c9_sim,55,5.233,15.462,0.549,28.686,0.023,49.953
2026-09-02T08:38:18.385205+07:00,c9_sim,56,5.767,15.688,0.489,27.465,0.028,49.437
2026-09-02T08:38:18.482336+07:00,c9_sim,57,5.941,17.781,0.513,27.858,0.030,52.123
2026-09-02T08:38:18.595027+07:00,c9_sim,58,5.664,30.360,0.564,27.810,0.024,64.423
2026-09-02T08:38:18.682356+07:00,c9_sim,59,4.407,11.144,0.325,26.136,0.021,42.033
2026-09-02T08:38:18.791722+07:00,c9_sim,60,5.648,19.093,0.526,27.623,0.026,52.915
2026-09-02T08:38:18.898401+07:00,c9_sim,61,5.486,19.608,0.528,28.146,0.023,53.792
2026-09-02T08:38:19.002130+07:00,c9_sim,62,5.568,17.929,0.529,27.856,0.030,51.912
2026-09-02T08:38:19.111905+07:00,c9_sim,63,5.527,18.908,0.509,27.624,0.032,52.600
2026-09-02T08:38:19.217298+07:00,c9_sim,64,6.102,19.349,0.537,28.275,0.014,54.278
2026-09-02T08:38:19.285018+07:00,c9_sim,65,6.032,14.248,0.388,26.689,0.019,47.375
2026-09-02T08:38:19.392496+07:00,c9_sim,66,5.816,19.342,0.404,26.642,0.017,52.221
2026-09-02T08:38:19.519781+07:00,c9_sim,67,6.372,21.436,0.588,29.086,0.035,57.517
2026-09-02T08:38:19.623941+07:00,c9_sim,68,6.865,19.515,0.630,28.709,0.025,55.743
2026-09-02T08:38:19.735060+07:00,c9_sim,69,6.793,19.346,0.544,27.982,0.019,54.683
2026-09-02T08:38:19.843600+07:00,c9_sim,70,6.797,18.945,0.506,27.620,0.020,53.888
2026-09-02T08:38:19.918921+07:00,c9_sim,71,6.141,15.692,0.502,26.676,0.016,49.026
2026-09-02T08:38:20.025397+07:00,c9_sim,72,6.954,20.698,0.445,27.064,0.016,55.178
2026-09-02T08:38:20.135615+07:00,c9_sim,73,6.576,18.563,0.455,27.647,0.016,53.257
2026-09-02T08:38:20.247043+07:00,c9_sim,74,7.692,21.845,0.549,28.381,0.012,58.479
2026-09-02T08:38:20.356030+07:00,c9_sim,75,7.004,18.635,0.568,28.591,0.018,54.815
2026-09-02T08:38:20.431876+07:00,c9_sim,76,5.990,16.354,0.417,26.529,0.016,49.307
2026-09-02T08:38:20.542482+07:00,c9_sim,77,7.573,20.521,0.387,26.945,0.017,55.443
2026-09-02T08:38:20.647030+07:00,c9_sim,78,6.842,21.056,0.368,27.004,0.018,55.288
2026-09-02T08:38:20.754676+07:00,c9_sim,79,6.613,18.326,0.417,27.633,0.018,53.007
2026-09-02T08:38:20.852826+07:00,c9_sim,80,6.201,16.594,0.384,26.607,0.016,49.802
2026-09-02T08:38:20.959973+07:00,c9_sim,81,6.893,17.969,0.376,26.715,0.017,51.970
2026-09-02T08:38:21.059505+07:00,c9_sim,82,5.344,17.265,0.429,27.249,0.014,50.301
2026-09-02T08:38:21.163286+07:00,c9_sim,83,6.981,18.323,0.390,26.741,0.015,52.450
2026-09-02T08:38:21.267986+07:00,c9_sim,84,7.066,19.213,0.590,28.340,0.017,55.225
2026-09-02T08:38:21.380800+07:00,c9_sim,85,7.635,21.006,0.556,28.410,0.033,57.640
2026-09-02T08:38:21.474186+07:00,c9_sim,86,6.886,19.466,0.384,27.422,0.016,54.175
2026-09-02T08:38:21.584983+07:00,c9_sim,87,6.333,19.260,0.354,27.865,0.014,53.826
2026-09-02T08:38:21.691860+07:00,c9_sim,88,6.224,20.643,0.433,26.586,0.021,53.907
2026-09-02T08:38:21.797249+07:00,c9_sim,89,6.250,17.463,0.580,27.498,0.019,51.809
2026-09-02T08:38:21.892180+07:00,c9_sim,90,6.257,16.779,0.355,27.026,0.015,50.433
2026-09-02T08:38:21.996662+07:00,c9_sim,91,5.507,15.199,0.416,26.282,0.020,47.425
2026-09-02T08:38:22.103222+07:00,c9_sim,92,6.358,17.248,0.473,27.342,0.017,51.439
2026-09-02T08:38:22.203560+07:00,c9_sim,93,5.731,18.540,0.414,27.025,0.015,51.725
2026-09-02T08:38:22.307715+07:00,c9_sim,94,6.677,19.633,0.381,27.434,0.014,54.139
2026-09-02T08:38:22.409868+07:00,c9_sim,95,7.012,19.809,0.396,26.952,0.015,54.184
2026-09-02T08:38:22.515559+07:00,c9_sim,96,16.423,19.376,0.470,27.650,0.021,63.940
2026-09-02T08:38:22.621786+07:00,c9_sim,97,6.263,19.542,0.537,28.209,0.019,54.570
2026-09-02T08:38:22.724072+07:00,c9_sim,98,6.699,20.554,0.512,27.660,0.017,55.440
2026-09-02T08:38:22.828131+07:00,c9_sim,99,6.378,19.015,0.431,26.939,0.015,52.779
2026-09-02T08:38:22.914583+07:00,c9_sim,100,5.841,15.708,0.349,26.454,0.015,48.366
2026-09-02T08:38:23.020788+07:00,c9_sim,101,7.051,18.557,0.498,27.565,0.018,53.688
2026-09-02T08:38:23.127180+07:00,c9_sim,102,6.551,19.676,0.397,27.036,0.015,53.675
2026-09-02T08:38:23.233095+07:00,c9_sim,103,12.084,18.333,0.402,26.913,0.015,57.747
2026-09-02T08:38:23.337026+07:00,c9_sim,104,7.328,19.784,0.596,28.551,0.029,56.287
2026-09-02T08:38:23.447410+07:00,c9_sim,105,7.372,21.804,0.560,28.394,0.030,58.160
2026-09-02T08:38:23.542158+07:00,c9_sim,106,7.366,18.213,0.566,28.101,0.018,54.263
2026-09-02T08:38:23.647999+07:00,c9_sim,107,7.042,21.240,0.541,28.070,0.014,56.907
2026-09-02T08:38:23.746060+07:00,c9_sim,108,6.106,16.587,0.499,27.595,0.016,50.803
2026-09-02T08:38:23.844677+07:00,c9_sim,109,6.250,16.674,0.347,27.169,0.018,50.459
2026-09-02T08:38:23.944446+07:00,c9_sim,110,6.506,16.921,0.379,26.983,0.013,50.801
2026-09-02T08:38:24.056054+07:00,c9_sim,111,7.081,20.008,0.575,28.334,0.012,56.010
2026-09-02T08:38:24.169396+07:00,c9_sim,112,7.090,21.225,0.599,28.431,0.029,57.375
2026-09-02T08:38:24.263130+07:00,c9_sim,113,7.883,18.660,0.396,26.993,0.022,53.955
2026-09-02T08:38:24.376826+07:00,c9_sim,114,7.005,21.537,0.618,28.601,0.015,57.775
2026-09-02T08:38:24.451386+07:00,c9_sim,115,6.088,15.870,0.339,26.514,0.013,48.824
2026-09-02T08:38:24.556098+07:00,c9_sim,116,7.407,18.160,0.411,27.440,0.013,53.431
2026-09-02T08:38:24.696190+07:00,c9_sim,117,7.602,23.892,0.700,29.161,0.019,61.374
2026-09-02T08:38:24.769777+07:00,c9_sim,118,6.412,13.669,0.439,27.137,0.015,47.672
2026-09-02T08:38:24.879397+07:00,c9_sim,119,6.371,18.797,0.522,27.632,0.015,53.338
2026-09-02T08:38:24.989704+07:00,c9_sim,120,7.178,19.372,0.591,28.517,0.027,55.685
2026-09-02T08:38:25.100319+07:00,c9_sim,121,6.484,19.393,0.606,27.744,0.019,54.247
2026-09-02T08:38:25.172486+07:00,c9_sim,122,5.764,12.954,0.436,27.188,0.015,46.358
2026-09-02T08:38:25.305196+07:00,c9_sim,123,8.969,24.052,0.842,29.734,0.030,63.627
2026-09-02T08:38:25.411018+07:00,c9_sim,124,7.054,22.678,0.573,27.578,0.019,57.902
2026-09-02T08:38:25.510971+07:00,c9_sim,125,6.818,19.303,0.439,26.837,0.018,53.415
2026-09-02T08:38:25.600959+07:00,c9_sim,126,5.370,14.416,0.384,26.512,0.014,46.695
2026-09-02T08:38:25.697234+07:00,c9_sim,127,7.064,17.899,0.413,26.870,0.018,52.264
2026-09-02T08:38:25.827907+07:00,c9_sim,128,7.401,20.926,0.603,28.397,0.015,57.343
2026-09-02T08:38:25.899130+07:00,c9_sim,129,6.523,14.394,0.369,26.585,0.016,47.887
2026-09-02T08:38:26.007708+07:00,c9_sim,130,6.283,18.640,0.364,26.951,0.019,52.257
2026-09-02T08:38:26.127034+07:00,c9_sim,131,6.757,20.664,0.415,26.990,0.014,54.840
2026-09-02T08:38:26.239149+07:00,c9_sim,132,6.515,21.759,0.562,28.856,0.015,57.706
2026-09-02T08:38:26.314353+07:00,c9_sim,133,5.673,15.702,0.425,26.677,0.014,48.490
2026-09-02T08:38:26.448971+07:00,c9_sim,134,7.044,22.436,0.635,28.790,0.015,58.920
2026-09-02T08:38:26.518992+07:00,c9_sim,135,5.393,13.535,0.346,26.627,0.018,45.919
2026-09-02T08:38:26.650524+07:00,c9_sim,136,7.751,23.070,0.423,26.955,0.015,58.215
2026-09-02T08:38:26.718132+07:00,c9_sim,137,3.944,9.809,0.440,26.387,0.017,40.597
2026-09-02T08:38:26.862622+07:00,c9_sim,138,6.593,22.310,0.564,36.249,0.018,65.734
2026-09-02T08:38:26.934901+07:00,c9_sim,139,6.321,13.483,0.460,26.639,0.017,46.920
2026-09-02T08:38:27.039967+07:00,c9_sim,140,7.268,16.722,0.445,27.495,0.017,51.946
2026-09-02T08:38:27.142682+07:00,c9_sim,141,7.268,18.177,0.428,27.256,0.018,53.148
2026-09-02T08:38:27.246923+07:00,c9_sim,142,7.325,21.398,0.537,27.611,0.013,56.883
2026-09-02T08:38:27.355065+07:00,c9_sim,143,7.618,20.715,0.618,29.104,0.032,58.086
2026-09-02T08:38:27.464883+07:00,c9_sim,144,8.395,19.988,0.576,28.452,0.019,57.430
2026-09-02T08:38:27.573367+07:00,c9_sim,145,15.863,17.596,0.481,27.588,0.021,61.548
2026-09-02T08:38:27.651422+07:00,c9_sim,146,5.078,18.214,0.620,27.646,0.031,51.589
2026-09-02T08:38:27.757318+07:00,c9_sim,147,5.270,16.634,0.585,27.238,0.020,49.747
2026-09-02T08:38:27.863000+07:00,c9_sim,148,6.816,16.099,0.585,27.626,0.018,51.144
2026-09-02T08:38:27.994074+07:00,c9_sim,149,7.343,23.587,0.731,28.636,0.035,60.332
2026-09-02T08:38:28.059178+07:00,c9_sim,150,6.050,12.886,0.408,26.565,0.019,45.929
2026-09-02T08:38:28.193920+07:00,c9_sim,151,7.542,23.014,0.749,29.269,0.013,60.587
2026-09-02T08:38:28.269667+07:00,c9_sim,152,6.422,15.208,0.465,28.268,0.017,50.381
2026-09-02T08:38:28.394205+07:00,c9_sim,153,8.891,21.959,0.602,28.564,0.014,60.029
2026-09-02T08:38:28.502789+07:00,c9_sim,154,7.127,19.758,0.625,28.899,0.032,56.441
2026-09-02T08:38:28.592753+07:00,c9_sim,155,6.348,17.782,0.445,27.090,0.018,51.684
2026-09-02T08:38:28.698015+07:00,c9_sim,156,6.071,21.734,0.601,28.371,0.032,56.809
2026-09-02T08:38:28.801170+07:00,c9_sim,157,7.308,23.761,0.586,28.477,0.028,60.160
2026-09-02T08:38:28.902940+07:00,c9_sim,158,6.675,19.097,0.589,28.451,0.018,54.830
2026-09-02T08:38:29.012590+07:00,c9_sim,159,6.264,21.403,0.456,27.851,0.024,55.998
2026-09-02T08:38:29.098504+07:00,c9_sim,160,6.571,12.904,0.428,26.583,0.017,46.503
2026-09-02T08:38:29.201123+07:00,c9_sim,161,5.206,14.250,0.494,27.329,0.021,47.300
2026-09-02T08:38:29.346007+07:00,c9_sim,162,7.254,26.831,1.036,28.863,0.016,64.000
2026-09-02T08:38:29.419125+07:00,c9_sim,163,6.508,13.880,0.451,26.986,0.016,47.840
2026-09-02T08:38:29.522017+07:00,c9_sim,164,6.245,19.112,0.479,27.647,0.020,53.503
2026-09-02T08:38:29.615025+07:00,c9_sim,165,6.027,18.085,0.433,27.468,0.016,52.028
2026-09-02T08:38:29.726027+07:00,c9_sim,166,7.192,18.605,0.425,32.624,0.032,58.878
2026-09-02T08:38:29.828587+07:00,c9_sim,167,6.272,18.000,0.563,27.479,0.021,52.335
2026-09-02T08:38:29.933732+07:00,c9_sim,168,7.326,19.665,0.439,27.214,0.016,54.660
2026-09-02T08:38:30.033236+07:00,c9_sim,169,7.131,18.485,0.429,27.101,0.021,53.167
2026-09-02T08:38:30.135025+07:00,c9_sim,170,7.015,18.682,0.386,27.009,0.017,53.109
2026-09-02T08:38:30.238586+07:00,c9_sim,171,5.875,15.321,0.562,27.177,0.017,48.951
2026-09-02T08:38:30.348363+07:00,c9_sim,172,7.110,20.774,0.617,28.262,0.017,56.780
2026-09-02T08:38:30.455869+07:00,c9_sim,173,5.464,16.113,0.532,27.757,0.020,49.886
2026-09-02T08:38:30.556689+07:00,c9_sim,174,6.783,19.520,0.462,27.575,0.018,54.357
2026-09-02T08:38:30.658451+07:00,c9_sim,175,6.799,20.363,0.384,26.986,0.017,54.549
2026-09-02T08:38:30.761774+07:00,c9_sim,176,6.274,16.361,0.387,26.784,0.017,49.823
2026-09-02T08:38:30.857484+07:00,c9_sim,177,6.041,16.720,0.419,26.691,0.017,49.887
2026-09-02T08:38:30.968334+07:00,c9_sim,178,7.033,19.792,0.739,28.748,0.016,56.329
2026-09-02T08:38:31.076978+07:00,c9_sim,179,6.610,21.801,0.596,27.841,0.016,56.864
2026-09-02T08:38:31.188364+07:00,c9_sim,180,7.129,19.643,0.602,28.194,0.016,55.585
2026-09-02T08:38:31.262117+07:00,c9_sim,181,6.186,14.951,0.342,26.338,0.014,47.831
2026-09-02T08:38:31.400923+07:00,c9_sim,182,6.864,21.651,0.608,28.535,0.032,57.690
2026-09-02T08:38:31.474288+07:00,c9_sim,183,6.854,14.404,0.423,27.685,0.017,49.382
2026-09-02T08:38:31.584340+07:00,c9_sim,184,7.127,20.840,0.532,27.666,0.013,56.177
2026-09-02T08:38:31.693717+07:00,c9_sim,185,7.032,20.760,0.388,26.613,0.018,54.811
2026-09-02T08:38:31.795261+07:00,c9_sim,186,6.355,17.054,0.414,26.423,0.018,50.264
2026-09-02T08:38:31.898026+07:00,c9_sim,187,5.700,17.824,0.384,26.547,0.015,50.470
2026-09-02T08:38:31.998365+07:00,c9_sim,188,5.902,16.875,0.363,26.517,0.016,49.674
2026-09-02T08:38:32.101269+07:00,c9_sim,189,6.191,17.955,0.468,26.805,0.017,51.436
2026-09-02T08:38:32.209947+07:00,c9_sim,190,6.214,19.031,0.394,26.954,0.016,52.608
2026-09-02T08:38:32.327798+07:00,c9_sim,191,7.049,24.891,0.650,29.059,0.033,61.682
2026-09-02T08:38:32.401525+07:00,c9_sim,192,6.955,16.066,0.403,27.011,0.017,50.452
2026-09-02T08:38:32.504975+07:00,c9_sim,193,7.656,18.684,0.524,27.780,0.015,54.659
2026-09-02T08:38:32.609558+07:00,c9_sim,194,7.158,18.658,0.400,27.012,0.016,53.243
2026-09-02T08:38:32.721747+07:00,c9_sim,195,7.867,20.632,0.496,28.056,0.017,57.067
2026-09-02T08:38:32.821153+07:00,c9_sim,196,6.966,19.025,0.482,27.738,0.015,54.226
2026-09-02T08:38:32.932403+07:00,c9_sim,197,7.149,21.516,0.609,28.839,0.015,58.128
2026-09-02T08:38:33.038923+07:00,c9_sim,198,6.990,19.740,0.569,28.483,0.015,55.797
2026-09-02T08:38:33.146308+07:00,c9_sim,199,6.914,21.736,0.572,28.699,0.032,57.953
2026-09-02T08:38:33.252282+07:00,c9_sim,200,7.132,20.630,0.570,28.549,0.032,56.912
2026-09-02T08:38:33.364386+07:00,c9_sim,201,7.167,21.515,0.608,28.396,0.016,57.703
2026-09-02T08:38:33.437650+07:00,c9_sim,202,6.081,14.658,0.343,26.537,0.015,47.632
2026-09-02T08:38:33.573620+07:00,c9_sim,203,8.239,23.648,0.578,28.975,0.015,61.455
2026-09-02T08:38:33.649289+07:00,c9_sim,204,5.870,16.934,0.388,26.544,0.014,49.750
2026-09-02T08:38:33.755392+07:00,c9_sim,205,6.026,17.120,0.385,26.363,0.016,49.909
2026-09-02T08:38:33.861220+07:00,c9_sim,206,6.358,15.654,0.477,26.531,0.017,49.036
2026-09-02T08:38:33.968367+07:00,c9_sim,207,5.505,19.165,0.397,26.944,0.016,52.028
2026-09-02T08:38:34.060938+07:00,c9_sim,208,6.688,15.144,0.444,26.407,0.015,48.698
2026-09-02T08:38:34.161164+07:00,c9_sim,209,6.245,16.586,0.396,26.523,0.016,49.766
2026-09-02T08:38:34.272183+07:00,c9_sim,210,7.321,19.678,0.584,27.958,0.019,55.560
2026-09-02T08:38:34.377105+07:00,c9_sim,211,5.606,19.937,0.416,26.981,0.016,52.956
2026-09-02T08:38:34.483586+07:00,c9_sim,212,6.914,19.478,0.553,28.211,0.012,55.167
2026-09-02T08:38:34.573065+07:00,c9_sim,213,7.142,13.291,0.385,27.533,0.014,48.365
2026-09-02T08:38:34.675991+07:00,c9_sim,214,7.084,18.693,0.498,27.538,0.018,53.831
2026-09-02T08:38:34.781210+07:00,c9_sim,215,6.633,16.069,0.486,27.882,0.017,51.086
2026-09-02T08:38:34.893028+07:00,c9_sim,216,5.981,20.078,0.494,27.530,0.019,54.102
2026-09-02T08:38:35.006152+07:00,c9_sim,217,6.743,21.743,0.693,29.038,0.017,58.234
2026-09-02T08:38:35.111926+07:00,c9_sim,218,6.557,18.946,0.497,27.981,0.016,53.999
2026-09-02T08:38:35.181484+07:00,c9_sim,219,5.906,12.402,0.356,26.752,0.015,45.431
2026-09-02T08:38:35.319354+07:00,c9_sim,220,7.441,25.576,0.326,26.599,0.015,59.956
2026-09-02T08:38:35.391535+07:00,c9_sim,221,6.281,11.658,0.471,27.774,0.016,46.200
2026-09-02T08:38:35.528640+07:00,c9_sim,222,6.906,26.197,0.453,27.631,0.019,61.206
2026-09-02T08:38:35.596183+07:00,c9_sim,223,5.609,11.910,0.375,26.636,0.017,44.547
2026-09-02T08:38:35.703207+07:00,c9_sim,224,5.774,17.152,0.456,26.724,0.027,50.134
2026-09-02T08:38:35.841710+07:00,c9_sim,225,7.765,23.434,0.604,28.915,0.034,60.753
2026-09-02T08:38:35.906323+07:00,c9_sim,226,6.663,14.004,0.384,27.650,0.017,48.718
2026-09-02T08:38:36.046043+07:00,c9_sim,227,9.582,24.910,0.390,28.717,0.017,63.615
2026-09-02T08:38:36.117537+07:00,c9_sim,228,5.268,12.859,0.323,26.505,0.014,44.969
2026-09-02T08:38:36.226999+07:00,c9_sim,229,8.436,19.393,0.354,26.951,0.015,55.150
2026-09-02T08:38:36.336241+07:00,c9_sim,230,6.945,20.276,0.674,29.420,0.014,57.329
2026-09-02T08:38:36.436807+07:00,c9_sim,231,6.935,18.955,0.362,26.981,0.015,53.248
2026-09-02T08:38:36.546789+07:00,c9_sim,232,6.948,21.382,0.541,27.848,0.021,56.740
2026-09-02T08:38:36.658609+07:00,c9_sim,233,6.203,20.549,0.557,27.803,0.015,55.127
2026-09-02T08:38:36.729611+07:00,c9_sim,234,5.779,16.724,0.444,26.651,0.017,49.615
2026-09-02T08:38:36.859049+07:00,c9_sim,235,5.834,18.832,0.459,27.241,0.017,52.383
2026-09-02T08:38:36.961843+07:00,c9_sim,236,6.091,20.395,0.487,27.531,0.016,54.520
2026-09-02T08:38:37.035460+07:00,c9_sim,237,5.997,13.955,0.441,27.352,0.017,47.762
2026-09-02T08:38:37.153511+07:00,c9_sim,238,7.306,19.107,0.438,27.538,0.016,54.406
2026-09-02T08:38:37.261546+07:00,c9_sim,239,8.013,21.059,0.545,27.729,0.015,57.361
2026-09-02T08:38:37.367570+07:00,c9_sim,240,7.023,19.920,0.573,28.350,0.013,55.878
2026-09-02T08:38:37.480463+07:00,c9_sim,241,7.292,21.411,0.574,28.025,0.017,57.318
2026-09-02T08:38:37.588872+07:00,c9_sim,242,7.666,19.485,0.425,27.596,0.013,55.185
2026-09-02T08:38:37.663827+07:00,c9_sim,243,5.310,15.871,0.352,26.670,0.015,48.218
2026-09-02T08:38:37.765453+07:00,c9_sim,244,6.308,16.494,0.396,26.786,0.016,50.000
2026-09-02T08:38:37.874780+07:00,c9_sim,245,6.726,18.139,0.385,27.381,0.017,52.648
2026-09-02T08:38:37.974549+07:00,c9_sim,246,6.793,17.961,0.419,27.535,0.014,52.722
2026-09-02T08:38:38.079756+07:00,c9_sim,247,4.369,14.179,0.427,27.297,0.015,46.288
2026-09-02T08:38:38.171243+07:00,c9_sim,248,4.284,12.007,0.411,27.422,0.017,44.141
2026-09-02T08:38:38.353844+07:00,c9_sim,249,6.996,36.381,0.841,53.420,0.019,97.657
2026-09-02T08:38:38.392594+07:00,c9_sim,250,5.958,10.925,0.356,26.704,0.014,43.957
2026-09-02T08:38:38.489908+07:00,c9_sim,251,5.307,17.085,0.340,26.718,0.015,49.466
2026-09-02T08:38:38.598786+07:00,c9_sim,252,6.615,18.383,0.367,28.228,0.016,53.610
2026-09-02T08:38:38.708045+07:00,c9_sim,253,7.180,21.215,0.481,27.749,0.021,56.646
2026-09-02T08:38:38.818787+07:00,c9_sim,254,5.345,19.372,0.562,28.048,0.021,53.347
2026-09-02T08:38:38.909229+07:00,c9_sim,255,6.244,18.399,0.473,27.253,0.017,52.387
2026-09-02T08:38:39.016359+07:00,c9_sim,256,7.128,19.511,0.482,28.038,0.029,55.188
2026-09-02T08:38:39.121321+07:00,c9_sim,257,7.085,18.991,0.528,28.504,0.035,55.142
2026-09-02T08:38:39.191133+07:00,c9_sim,258,9.244,18.035,0.000,0.000,0.019,27.298
2026-09-02T08:38:39.342693+07:00,c8_sim,57,6.189,65.485,0.000,0.000,0.016,71.689
2026-09-02T08:38:39.400596+07:00,c8_sim,58,4.290,27.601,0.000,0.000,0.009,31.901
2026-09-02T08:38:39.507031+07:00,c8_sim,59,6.810,28.023,0.000,0.000,0.007,34.840
2026-09-02T08:38:39.584873+07:00,c8_sim,60,8.474,28.329,0.000,0.000,0.008,36.811
2026-09-02T08:38:39.681276+07:00,c8_sim,61,7.683,33.367,0.000,0.000,0.009,41.059
2026-09-02T08:38:39.741601+07:00,c8_sim,62,8.246,28.434,0.000,0.000,0.009,36.689
2026-09-02T08:38:39.838339+07:00,c8_sim,63,7.337,32.006,0.792,0.000,0.013,40.148
2026-09-02T08:38:39.928200+07:00,c8_sim,64,7.704,29.097,0.000,0.000,0.010,36.811
2026-09-02T08:38:40.026285+07:00,c8_sim,65,8.443,32.618,0.000,0.000,0.692,41.754
2026-09-02T08:38:40.092475+07:00,c8_sim,66,8.233,31.818,1.159,0.006,0.168,41.383
2026-09-02T08:38:40.187749+07:00,c8_sim,67,9.210,36.206,0.697,0.005,0.015,46.132
2026-09-02T08:38:40.299623+07:00,c8_sim,68,8.850,46.439,0.632,0.004,0.014,55.940
2026-09-02T08:38:40.365668+07:00,c8_sim,69,7.649,32.190,0.773,0.003,0.014,40.629
2026-09-02T08:38:40.425176+07:00,c8_sim,70,7.419,27.787,0.000,0.000,0.008,35.215
2026-09-02T08:38:40.544061+07:00,c8_sim,71,10.999,31.218,0.000,0.000,0.017,42.234
2026-09-02T08:38:40.613347+07:00,c8_sim,72,9.433,34.516,1.784,0.000,0.017,45.750
2026-09-02T08:38:40.708108+07:00,c8_sim,73,8.805,34.394,0.658,0.000,0.012,43.869
2026-09-02T08:38:40.798589+07:00,c8_sim,74,7.994,35.467,0.491,0.004,0.181,44.138
2026-09-02T08:38:40.862975+07:00,c8_sim,75,7.922,31.063,0.650,0.005,0.016,39.655
2026-09-02T08:38:40.956139+07:00,c8_sim,76,9.058,34.114,0.617,0.004,0.016,43.808
2026-09-02T08:38:41.047326+07:00,c8_sim,77,7.334,33.044,0.512,0.003,0.013,40.906
2026-09-02T08:38:41.202651+07:00,c8_sim,78,8.579,35.906,0.808,59.017,0.017,104.326
2026-09-02T08:38:41.243240+07:00,c8_sim,79,7.160,11.859,0.454,27.404,0.012,46.890
2026-09-02T08:38:41.314585+07:00,c8_sim,80,8.574,11.944,0.434,27.341,0.012,48.305
2026-09-02T08:38:41.423691+07:00,c8_sim,81,6.996,18.666,0.386,27.534,0.011,53.593
2026-09-02T08:38:41.499025+07:00,c8_sim,82,7.958,15.837,0.450,27.486,0.011,51.743
2026-09-02T08:38:41.538679+07:00,c8_sim,83,8.753,11.908,0.426,0.003,0.009,21.099
2026-09-02T08:38:41.670940+07:00,c8_sim,84,8.899,21.146,0.767,28.835,0.018,59.665
2026-09-02T08:38:41.746185+07:00,c8_sim,85,8.354,14.971,0.477,27.256,0.011,51.069
2026-09-02T08:38:41.812852+07:00,c8_sim,86,8.338,11.465,0.344,26.477,0.012,46.636
2026-09-02T08:38:41.943759+07:00,c8_sim,87,7.786,18.648,0.548,27.811,0.014,54.808
2026-09-02T08:38:42.014342+07:00,c8_sim,88,8.159,11.937,0.424,27.424,0.011,47.955
2026-09-02T08:38:42.085075+07:00,c8_sim,89,7.620,12.069,0.382,26.596,0.011,46.679
2026-09-02T08:38:42.191538+07:00,c8_sim,90,7.925,15.489,0.512,27.299,0.012,51.237
2026-09-02T08:38:42.266285+07:00,c8_sim,91,8.101,15.436,0.405,27.215,0.010,51.168
2026-09-02T08:38:42.336664+07:00,c8_sim,92,7.392,11.655,0.414,26.687,0.011,46.159
2026-09-02T08:38:42.443717+07:00,c8_sim,93,7.539,17.866,0.374,27.162,0.013,52.954
2026-09-02T08:38:42.514319+07:00,c8_sim,94,7.308,11.921,0.389,26.630,0.010,46.258
2026-09-02T08:38:42.597864+07:00,c8_sim,95,8.370,11.551,0.391,26.582,0.016,46.910
2026-09-02T08:38:42.704323+07:00,c8_sim,96,7.233,17.840,0.439,27.565,0.032,53.109
2026-09-02T08:38:42.773435+07:00,c8_sim,97,8.659,11.806,0.388,27.485,0.016,48.356
2026-09-02T08:38:42.872502+07:00,c8_sim,98,8.036,16.089,0.571,27.540,0.018,52.253
2026-09-02T08:38:42.946836+07:00,c8_sim,99,7.652,15.368,0.379,26.603,0.016,50.018
2026-09-02T08:38:43.055519+07:00,c8_sim,100,8.865,18.407,0.466,26.537,0.016,54.292
2026-09-02T08:38:43.130022+07:00,c8_sim,101,6.755,14.204,0.643,27.231,0.017,48.850
2026-09-02T08:38:43.197467+07:00,c8_sim,102,5.460,9.739,0.358,26.258,0.016,41.831
2026-09-02T08:38:43.290223+07:00,c8_sim,103,6.243,11.254,0.387,27.454,0.016,45.355
2026-09-02T08:38:43.394316+07:00,c8_sim,104,8.645,15.774,0.419,26.491,0.016,51.345
2026-09-02T08:38:43.465585+07:00,c8_sim,105,8.710,12.563,0.449,26.792,0.017,48.531
2026-09-02T08:38:43.573255+07:00,c8_sim,106,7.865,17.928,0.413,26.729,0.017,52.952
2026-09-02T08:38:43.645273+07:00,c8_sim,107,8.656,15.106,0.421,26.460,0.016,50.658
2026-09-02T08:38:43.715075+07:00,c8_sim,108,8.263,11.647,0.392,26.361,0.017,46.680
2026-09-02T08:38:43.813560+07:00,c8_sim,109,6.973,17.210,0.467,27.608,0.019,52.279
2026-09-02T08:38:43.906612+07:00,c8_sim,110,8.062,13.406,0.432,27.794,0.017,49.710
2026-09-02T08:38:44.007120+07:00,c8_sim,111,7.534,17.730,0.420,27.494,0.015,53.194
2026-09-02T08:38:44.081182+07:00,c8_sim,112,8.173,15.570,0.390,26.446,0.015,50.593
2026-09-02T08:38:44.150405+07:00,c8_sim,113,7.332,10.937,0.322,26.378,0.013,44.982
2026-09-02T08:38:44.244357+07:00,c8_sim,114,8.206,13.391,0.400,27.002,0.015,49.013
2026-09-02T08:38:44.351191+07:00,c8_sim,115,7.846,17.771,0.387,26.898,0.015,52.917
2026-09-02T08:38:44.414435+07:00,c8_sim,116,8.430,11.424,0.332,26.512,0.013,46.712
2026-09-02T08:38:44.513716+07:00,c8_sim,117,8.672,15.500,0.462,27.602,0.016,52.252
2026-09-02T08:38:44.580524+07:00,c8_sim,118,8.482,11.517,0.350,26.353,0.016,46.719
2026-09-02T08:38:44.687531+07:00,c8_sim,119,7.582,15.849,0.437,27.176,0.016,51.060
2026-09-02T08:38:44.760383+07:00,c8_sim,120,8.215,12.444,0.406,27.562,0.017,48.643
2026-09-02T08:38:44.854700+07:00,c8_sim,121,8.613,12.659,0.441,27.092,0.015,48.819
2026-09-02T08:38:44.900212+07:00,c8_sim,122,8.266,13.529,0.359,0.002,0.008,22.165
2026-09-02T08:38:45.028412+07:00,c8_sim,123,6.982,14.706,0.449,27.526,0.018,49.680
2026-09-02T08:38:45.095751+07:00,c8_sim,124,6.495,12.483,0.345,26.590,0.020,45.933
2026-09-02T08:38:45.200269+07:00,c8_sim,125,3.805,15.573,0.562,26.848,0.020,46.808
2026-09-02T08:38:45.270512+07:00,c8_sim,126,7.239,11.626,0.419,26.775,0.018,46.077
2026-09-02T08:38:45.377694+07:00,c8_sim,127,8.118,15.971,0.566,27.605,0.019,52.278
2026-09-02T08:38:45.419369+07:00,c8_sim,128,8.762,10.586,0.000,0.000,0.007,19.355
2026-09-02T08:38:45.510696+07:00,c10_sim,1,6.944,16.764,0.000,0.000,0.006,23.713
2026-09-02T08:38:45.681154+07:00,c10_sim,2,9.423,33.190,0.000,0.000,0.013,42.626
2026-09-02T08:38:45.823419+07:00,c10_sim,3,9.696,28.322,0.000,0.000,0.007,38.026
2026-09-02T08:38:45.977376+07:00,c10_sim,4,10.868,33.081,0.000,0.000,0.010,43.959
2026-09-02T08:38:46.110528+07:00,c10_sim,5,8.360,19.511,0.000,0.000,0.013,27.884
2026-09-02T08:38:46.271174+07:00,c10_sim,6,10.805,29.869,0.000,0.000,0.007,40.680
2026-09-02T08:38:46.486475+07:00,c10_sim,7,10.414,35.906,0.733,55.445,0.096,102.593
2026-09-02T08:38:46.561019+07:00,c10_sim,8,9.959,17.152,0.597,28.347,0.020,56.075
2026-09-02T08:38:46.753982+07:00,c10_sim,9,9.978,34.870,0.984,52.208,0.019,98.059
2026-09-02T08:38:46.860204+07:00,c10_sim,10,9.951,21.032,0.593,28.746,0.020,60.342
2026-09-02T08:38:46.985174+07:00,c10_sim,11,8.823,18.794,0.501,27.614,0.015,55.746
2026-09-02T08:38:47.203250+07:00,c10_sim,12,9.084,48.450,0.738,54.128,0.021,112.421
2026-09-02T08:38:47.278861+07:00,c10_sim,13,6.977,22.006,0.552,27.037,0.014,56.586
2026-09-02T08:38:47.417289+07:00,c10_sim,14,10.336,20.202,0.546,27.788,0.013,58.886
2026-09-02T08:38:47.647711+07:00,c10_sim,15,9.573,42.093,0.532,86.262,0.071,138.530
2026-09-02T08:38:47.757409+07:00,c10_sim,16,7.444,23.387,0.511,54.035,0.016,85.393
2026-09-02T08:38:47.885652+07:00,c10_sim,17,7.261,18.924,0.594,54.956,0.017,81.752
2026-09-02T08:38:48.046025+07:00,c10_sim,18,10.086,21.063,0.674,56.898,0.019,88.739
2026-09-02T08:38:48.173077+07:00,c10_sim,19,7.953,18.344,0.619,54.655,0.015,81.586
2026-09-02T08:38:48.306218+07:00,c10_sim,20,9.063,19.336,0.565,54.947,0.011,83.921
2026-09-02T08:38:48.458073+07:00,c10_sim,21,9.997,23.630,0.449,53.335,0.016,87.426
2026-09-02T08:38:48.622612+07:00,c10_sim,22,8.049,22.971,0.767,56.971,0.024,88.781
2026-09-02T08:38:48.745382+07:00,c10_sim,23,9.342,18.417,0.529,55.264,0.024,83.575
2026-09-02T08:38:48.908838+07:00,c10_sim,24,8.067,20.952,0.678,56.871,0.022,86.590
2026-09-02T08:38:49.041552+07:00,c10_sim,25,8.331,19.447,0.558,55.347,0.023,83.705
2026-09-02T08:38:49.196022+07:00,c10_sim,26,8.039,21.007,0.773,57.704,0.018,87.541
2026-09-02T08:38:49.330577+07:00,c10_sim,27,8.628,18.941,0.605,55.384,0.017,83.576
2026-09-02T08:38:49.482872+07:00,c10_sim,28,7.891,19.830,0.652,56.972,0.035,85.381
2026-09-02T08:38:49.631512+07:00,c10_sim,29,11.525,19.487,0.558,54.711,0.018,86.299
2026-09-02T08:38:49.762445+07:00,c10_sim,30,6.945,18.154,0.630,55.303,0.022,81.053
2026-09-02T08:38:49.947921+07:00,c10_sim,31,10.816,43.879,0.615,55.763,0.019,111.091
2026-09-02T08:38:50.041302+07:00,c10_sim,32,7.688,12.986,0.547,54.122,0.023,75.366
2026-09-02T08:38:50.197711+07:00,c10_sim,33,8.508,21.203,0.672,56.021,0.022,86.425
2026-09-02T08:38:50.330997+07:00,c10_sim,34,7.979,19.018,0.669,57.096,0.023,84.785
2026-09-02T08:38:50.487241+07:00,c10_sim,35,9.583,16.557,0.519,54.247,0.021,80.927
2026-09-02T08:38:50.593307+07:00,c10_sim,36,7.963,19.023,0.594,27.903,0.018,55.500
2026-09-02T08:38:50.817042+07:00,c10_sim,37,9.310,32.836,0.576,79.064,0.031,121.817
2026-09-02T08:38:50.906535+07:00,c10_sim,38,7.690,12.065,0.410,54.026,0.022,74.213
2026-09-02T08:38:51.028210+07:00,c10_sim,39,8.068,19.781,0.629,28.473,0.015,56.965
2026-09-02T08:38:51.219885+07:00,c10_sim,40,9.356,33.874,1.125,55.598,0.036,99.989
2026-09-02T08:38:51.322809+07:00,c10_sim,41,9.062,18.756,0.639,28.746,0.032,57.235
2026-09-02T08:38:51.549521+07:00,c10_sim,42,10.435,34.158,1.036,83.567,0.034,129.230
2026-09-02T08:38:51.618040+07:00,c10_sim,43,5.854,12.280,0.578,54.626,0.025,73.364
2026-09-02T08:38:51.752659+07:00,c10_sim,44,12.174,19.876,0.669,28.761,0.017,61.498
2026-09-02T08:38:51.937816+07:00,c10_sim,45,7.056,32.010,0.810,50.314,0.031,90.221
2026-09-02T08:38:52.047086+07:00,c10_sim,46,9.026,23.183,0.456,27.067,0.024,59.756
2026-09-02T08:38:52.162587+07:00,c10_sim,47,8.033,21.069,0.956,0.005,0.020,30.083
2026-09-02T08:38:52.312393+07:00,c10_sim,48,11.685,30.987,0.633,0.004,0.014,43.324
2026-09-02T08:38:52.465234+07:00,c10_sim,49,9.219,33.171,0.766,0.004,0.013,43.174
2026-09-02T08:38:52.612786+07:00,c10_sim,50,9.852,34.456,0.895,0.005,0.021,45.228
2026-09-02T08:38:52.820586+07:00,c10_sim,51,10.617,45.605,0.504,51.477,0.034,108.238
2026-09-02T08:38:52.860550+07:00,c10_sim,52,6.816,12.475,0.577,0.003,0.013,19.884
2026-09-02T08:38:53.029421+07:00,c10_sim,53,10.070,28.081,0.000,0.000,0.012,38.162
2026-09-02T08:38:53.178181+07:00,c10_sim,54,11.161,31.116,0.658,0.004,0.016,42.954
2026-09-02T08:38:53.321920+07:00,c10_sim,55,9.902,29.587,1.129,0.007,0.028,40.653
2026-09-02T08:38:53.459908+07:00,c10_sim,56,9.059,31.308,0.000,0.000,0.026,40.393
2026-09-02T08:38:53.626132+07:00,c10_sim,57,8.807,31.914,0.000,0.000,0.024,40.745
2026-09-02T08:38:53.742914+07:00,c10_sim,58,9.735,32.990,0.826,0.000,0.013,43.564
2026-09-02T08:38:53.898170+07:00,c12_sim,1,6.401,31.478,0.000,0.000,0.011,37.890
2026-09-02T08:38:54.034499+07:00,c12_sim,2,8.287,31.446,0.000,0.000,0.013,39.746
2026-09-02T08:38:54.180371+07:00,c12_sim,3,8.586,32.089,0.000,0.000,0.010,40.685
2026-09-02T08:38:54.324955+07:00,c12_sim,4,8.139,32.462,0.000,0.000,0.007,40.608
2026-09-02T08:38:54.521265+07:00,c12_sim,5,9.184,33.928,0.411,50.098,0.045,93.666
2026-09-02T08:38:54.623987+07:00,c12_sim,6,6.402,16.935,0.484,27.006,0.014,50.841
2026-09-02T08:38:54.720139+07:00,c12_sim,7,10.112,18.168,0.000,0.000,0.007,28.286
2026-09-02T08:38:54.983856+07:00,c12_sim,8,9.497,35.597,1.173,76.534,0.081,122.883
2026-09-02T08:38:54.999587+07:00,c12_sim,9,8.094,14.409,0.597,0.000,0.010,23.110
2026-09-02T08:38:55.165552+07:00,c12_sim,10,8.550,31.472,0.747,0.000,0.015,40.785
2026-09-02T08:38:55.352084+07:00,c12_sim,11,8.084,36.060,0.850,58.410,0.025,103.429
2026-09-02T08:38:55.448146+07:00,c12_sim,12,9.741,18.969,0.627,28.272,0.020,57.628
2026-09-02T08:38:55.637915+07:00,c12_sim,13,9.647,41.271,1.050,49.378,0.023,101.369
2026-09-02T08:38:55.708713+07:00,c12_sim,14,7.867,16.264,0.600,28.333,0.019,53.083
2026-09-02T08:38:55.904940+07:00,c12_sim,15,9.233,34.125,0.808,48.869,0.024,93.059
2026-09-02T08:38:56.002407+07:00,c12_sim,16,8.255,20.003,0.663,28.821,0.022,57.763
2026-09-02T08:38:56.139871+07:00,c12_sim,17,7.514,20.180,0.576,27.839,0.016,56.124
2026-09-02T08:38:56.336244+07:00,c12_sim,18,10.515,32.996,0.681,54.699,0.025,98.916
2026-09-02T08:38:56.431697+07:00,c12_sim,19,7.878,20.287,0.682,28.674,0.021,57.542
2026-09-02T08:38:56.562194+07:00,c12_sim,20,8.905,20.891,0.666,28.439,0.024,58.925
2026-09-02T08:38:56.683743+07:00,c12_sim,21,8.066,19.526,0.324,27.753,0.043,55.713
2026-09-02T08:38:56.884947+07:00,c12_sim,22,9.217,34.657,0.831,57.864,0.013,102.582
2026-09-02T08:38:56.953691+07:00,c12_sim,23,4.634,10.577,0.419,26.675,0.172,42.477
2026-09-02T08:38:57.104593+07:00,c12_sim,24,8.909,31.944,0.000,0.000,0.016,40.868
2026-09-02T08:38:57.225473+07:00,c12_sim,25,8.064,31.908,0.000,0.000,0.018,39.989
2026-09-02T08:38:57.371572+07:00,c12_sim,26,9.816,32.827,0.000,0.000,0.025,42.668
2026-09-02T08:38:57.503282+07:00,c12_sim,27,8.309,32.536,0.764,0.000,0.009,41.618
2026-09-02T08:38:57.656602+07:00,c12_sim,28,7.351,34.836,0.922,0.000,0.020,43.129
2026-09-02T08:38:57.782408+07:00,c12_sim,29,7.999,31.790,0.000,0.000,0.024,39.813
2026-09-02T08:38:57.927081+07:00,c12_sim,30,6.075,32.418,0.707,0.000,0.012,39.213
2026-09-02T08:38:58.071419+07:00,c12_sim,31,10.157,32.546,0.000,0.000,0.021,42.724
2026-09-02T08:38:58.208524+07:00,c11_sim,1,6.916,31.060,0.000,0.000,0.013,37.989
2026-09-02T08:38:58.342330+07:00,c11_sim,2,10.336,32.542,0.000,0.000,0.014,42.892
2026-09-02T08:38:58.442983+07:00,c11_sim,3,9.510,32.262,0.000,0.000,0.015,41.786
2026-09-02T08:38:58.588474+07:00,c11_sim,4,10.160,31.401,0.000,0.000,0.007,41.567
2026-09-02T08:38:58.769956+07:00,c11_sim,5,9.606,34.848,0.718,55.039,0.049,100.259
2026-09-02T08:38:58.809107+07:00,c11_sim,6,6.767,11.535,0.410,26.548,0.013,45.273
2026-09-02T08:38:58.925919+07:00,c11_sim,7,9.453,32.363,0.000,0.000,0.020,41.836
2026-09-02T08:38:59.073615+07:00,c11_sim,8,10.307,33.959,0.819,0.005,0.023,45.114
2026-09-02T08:38:59.172408+07:00,c11_sim,9,9.128,32.322,0.000,0.000,0.023,41.473
2026-09-02T08:38:59.296735+07:00,c11_sim,10,11.228,32.912,0.000,0.000,0.026,44.166
2026-09-02T08:38:59.409334+07:00,c11_sim,11,9.569,35.294,0.973,0.007,0.027,45.870
2026-09-02T08:38:59.542179+07:00,c11_sim,12,11.050,32.058,0.000,0.000,0.026,43.134
2026-09-02T08:38:59.659534+07:00,c11_sim,13,9.470,31.868,0.000,0.000,0.024,41.362
2026-09-02T08:38:59.768356+07:00,c11_sim,14,10.154,31.993,0.000,0.000,0.024,42.171
2026-09-02T08:38:59.953977+07:00,c11_sim,15,9.762,31.148,0.599,50.486,0.015,92.010
2026-09-02T08:39:00.023425+07:00,c11_sim,16,6.588,11.926,0.366,26.398,0.013,45.291
2026-09-02T08:39:00.160447+07:00,c11_sim,17,6.404,19.709,0.548,28.018,0.016,54.694
2026-09-02T08:39:00.259534+07:00,c11_sim,18,8.419,17.993,0.492,27.472,0.014,54.391
2026-09-02T08:39:00.436239+07:00,c11_sim,19,9.541,35.357,0.970,55.751,0.024,101.642
2026-09-02T08:39:00.508268+07:00,c11_sim,20,8.703,16.888,0.628,28.527,0.019,54.766
2026-09-02T08:39:00.618856+07:00,c11_sim,21,9.843,19.436,0.423,26.898,0.012,56.611
2026-09-02T08:39:00.739520+07:00,c11_sim,22,9.680,19.735,0.384,27.263,0.016,57.077
2026-09-02T08:39:00.869131+07:00,c11_sim,23,10.447,18.890,0.540,28.150,0.012,58.038
2026-09-02T08:39:00.973807+07:00,c11_sim,24,7.297,18.134,0.610,27.832,0.013,53.886
2026-09-02T08:39:01.103931+07:00,c11_sim,25,10.508,20.653,0.390,27.791,0.012,59.354
2026-09-02T08:39:01.201769+07:00,c11_sim,26,8.266,19.176,0.000,0.000,0.007,27.448
2026-09-02T08:39:01.402142+07:00,c11_sim,27,12.153,35.844,0.928,57.844,0.022,106.791
2026-09-02T08:39:01.443489+07:00,c11_sim,28,7.210,13.664,0.386,26.593,0.011,47.865
2026-09-02T08:39:01.574753+07:00,c11_sim,29,9.950,15.456,0.451,26.643,0.016,52.516
2026-09-02T08:39:01.752269+07:00,c11_sim,30,11.052,34.319,0.958,56.776,0.032,103.136
2026-09-02T08:39:01.819812+07:00,c11_sim,31,6.856,13.970,0.402,26.814,0.020,48.061
2026-09-02T08:39:01.943711+07:00,c11_sim,32,8.194,20.524,0.531,27.943,0.020,57.212
2026-09-02T08:39:02.070023+07:00,c11_sim,33,10.421,20.078,0.535,28.157,0.018,59.208
2026-09-02T08:39:02.200104+07:00,c11_sim,34,10.545,21.064,0.575,29.073,0.031,61.288
2026-09-02T08:39:02.298927+07:00,c11_sim,35,8.325,18.944,0.568,28.216,0.030,56.083
2026-09-02T08:39:02.437168+07:00,c11_sim,36,9.071,19.759,0.439,27.654,0.019,56.942
2026-09-02T08:39:02.542180+07:00,c11_sim,37,9.427,21.041,0.593,28.336,0.017,59.415
2026-09-02T08:39:02.667646+07:00,c11_sim,38,9.267,18.729,0.508,28.084,0.022,56.610
2026-09-02T08:39:02.770767+07:00,c11_sim,39,8.863,17.902,0.403,27.359,0.016,54.543
2026-09-02T08:39:02.951773+07:00,c11_sim,40,10.091,33.241,0.493,58.030,0.036,101.892
2026-09-02T08:39:03.025285+07:00,c11_sim,41,8.433,17.077,0.616,28.350,0.031,54.507
2026-09-02T08:39:03.150178+07:00,c11_sim,42,8.449,21.421,0.553,28.271,0.029,58.723
2026-09-02T08:39:03.277775+07:00,c11_sim,43,9.592,19.886,0.639,27.955,0.021,58.093
2026-09-02T08:39:03.388140+07:00,c11_sim,44,10.119,20.121,0.591,28.652,0.034,59.517
2026-09-02T08:39:03.517878+07:00,c11_sim,45,9.751,23.146,0.695,28.692,0.030,62.314
2026-09-02T08:39:03.644579+07:00,c11_sim,46,9.506,23.107,0.754,28.578,0.029,61.974
2026-09-02T08:39:03.736355+07:00,c11_sim,47,9.907,16.480,0.491,27.976,0.023,54.876
2026-09-02T08:39:03.857926+07:00,c11_sim,48,10.083,19.501,0.489,27.688,0.017,57.778
2026-09-02T08:39:03.990476+07:00,c11_sim,49,7.883,19.316,0.477,28.033,0.016,55.726
2026-09-02T08:39:04.099106+07:00,c11_sim,50,8.038,20.930,0.517,28.265,0.026,57.776
2026-09-02T08:39:04.222225+07:00,c11_sim,51,10.490,15.780,0.458,27.815,0.020,54.562
2026-09-02T08:39:04.350862+07:00,c11_sim,52,9.877,15.765,0.368,27.567,0.020,53.596
2026-09-02T08:39:04.458833+07:00,c11_sim,53,8.203,20.720,0.560,28.259,0.031,57.773
2026-09-02T08:39:04.588137+07:00,c11_sim,54,9.887,19.388,0.486,27.768,0.019,57.547
2026-09-02T08:39:04.695756+07:00,c11_sim,55,7.808,19.390,0.508,28.634,0.017,56.358
2026-09-02T08:39:04.831732+07:00,c11_sim,56,7.259,18.807,0.497,28.040,0.029,54.630
2026-09-02T08:39:04.955659+07:00,c11_sim,57,8.342,20.866,0.557,28.721,0.017,58.503
2026-09-02T08:39:05.063397+07:00,c11_sim,58,8.531,20.315,0.593,28.534,0.020,57.993
2026-09-02T08:39:05.193734+07:00,c11_sim,59,10.732,16.413,0.456,27.357,0.016,54.973
2026-09-02T08:39:05.294516+07:00,c11_sim,60,8.904,16.310,0.480,26.885,0.037,52.615
2026-09-02T08:39:05.434556+07:00,c11_sim,61,8.226,22.564,0.629,28.384,0.018,59.821
2026-09-02T08:39:05.540227+07:00,c11_sim,62,9.870,17.725,0.520,27.793,0.017,55.925
2026-09-02T08:39:05.679285+07:00,c11_sim,63,7.109,24.675,0.774,28.621,0.032,61.211
2026-09-02T08:39:05.783910+07:00,c11_sim,64,9.797,19.252,0.454,27.326,0.017,56.847
2026-09-02T08:39:05.889091+07:00,c11_sim,65,8.420,20.099,0.000,0.000,0.018,28.537
2026-09-02T08:39:06.021926+07:00,c11_sim,66,9.644,19.210,0.425,27.923,0.018,57.219
2026-09-02T08:39:06.144673+07:00,c11_sim,67,7.298,14.876,0.388,27.481,0.015,50.058
2026-09-02T08:39:06.270980+07:00,c11_sim,68,7.910,16.748,0.535,27.940,0.017,53.150
2026-09-02T08:39:06.376471+07:00,c11_sim,69,8.212,20.422,0.660,28.126,0.016,57.437
2026-09-02T08:39:06.517626+07:00,c11_sim,70,9.484,22.561,0.745,28.553,0.034,61.377
2026-09-02T08:39:06.628154+07:00,c11_sim,71,8.355,22.524,0.813,28.249,0.031,59.972
2026-09-02T08:39:06.761245+07:00,c11_sim,72,9.422,23.682,0.686,28.504,0.031,62.325
2026-09-02T08:39:06.889229+07:00,c11_sim,73,7.377,28.493,0.551,53.531,0.054,90.007
2026-09-02T08:39:06.985573+07:00,c11_sim,74,6.443,11.890,0.460,53.004,0.020,71.817
2026-09-02T08:39:07.117689+07:00,c11_sim,75,7.965,20.631,0.763,27.917,0.015,57.291
2026-09-02T08:39:07.218225+07:00,c11_sim,76,8.042,18.771,0.597,28.310,0.013,55.732
2026-09-02T08:39:07.350580+07:00,c11_sim,77,9.453,20.647,0.600,27.941,0.012,58.652
2026-09-02T08:39:07.453834+07:00,c11_sim,78,10.244,16.090,0.529,27.225,0.012,54.100
2026-09-02T08:39:07.581790+07:00,c11_sim,79,9.482,21.500,0.618,28.183,0.012,59.795
2026-09-02T08:39:07.714249+07:00,c11_sim,80,10.310,19.739,1.536,27.345,0.015,58.944
2026-09-02T08:39:07.807180+07:00,c11_sim,81,5.918,12.435,0.523,27.336,0.017,46.229
2026-09-02T08:39:08.016472+07:00,c11_sim,82,8.420,30.933,0.690,75.990,0.025,116.060
2026-09-02T08:39:08.083397+07:00,c11_sim,83,7.296,12.122,0.497,53.387,0.026,73.327
2026-09-02T08:39:08.200686+07:00,c11_sim,84,7.150,16.144,0.570,54.409,0.019,78.292
2026-09-02T08:39:08.326992+07:00,c11_sim,85,11.162,20.949,0.538,54.196,0.025,86.870
2026-09-02T08:39:08.446225+07:00,c11_sim,86,6.546,14.563,0.456,53.182,0.018,74.765
2026-09-02T08:39:08.543764+07:00,c11_sim,87,7.725,12.960,0.450,53.221,0.016,74.372
2026-09-02T08:39:08.697208+07:00,c11_sim,88,8.169,20.940,0.701,57.308,0.022,87.140
2026-09-02T08:39:08.796670+07:00,c11_sim,89,6.733,14.592,0.489,53.381,0.022,75.216
2026-09-02T08:39:08.928292+07:00,c11_sim,90,6.764,18.254,0.606,53.985,0.021,79.631
2026-09-02T08:39:09.065283+07:00,c11_sim,91,6.853,18.983,0.672,56.079,0.032,82.619
2026-09-02T08:39:09.162385+07:00,c11_sim,92,6.863,12.243,0.483,53.352,0.021,72.962
2026-09-02T08:39:09.279003+07:00,c11_sim,93,7.021,11.151,0.490,52.894,0.020,71.576
2026-09-02T08:39:09.409519+07:00,c11_sim,94,6.775,15.771,0.470,53.291,0.021,76.329
2026-09-02T08:39:09.540514+07:00,c11_sim,95,7.115,17.794,0.620,55.420,0.029,80.978
2026-09-02T08:39:09.638575+07:00,c11_sim,96,7.536,12.467,0.552,54.036,0.024,74.616
2026-09-02T08:39:09.769558+07:00,c11_sim,97,6.257,18.295,0.454,53.678,0.027,78.712
2026-09-02T08:39:09.866463+07:00,c11_sim,98,6.831,12.267,0.463,53.242,0.024,72.828
2026-09-02T08:39:10.022372+07:00,c11_sim,99,7.931,17.845,0.559,54.276,0.026,80.638
2026-09-02T08:39:10.120183+07:00,c11_sim,100,7.166,12.744,0.618,54.173,0.023,74.724
2026-09-02T08:39:10.244982+07:00,c11_sim,101,7.541,16.220,0.528,53.650,0.022,77.961
2026-09-02T08:39:10.378541+07:00,c11_sim,102,6.435,17.844,0.674,55.441,0.018,80.412
2026-09-02T08:39:10.476825+07:00,c11_sim,103,7.149,13.312,0.460,53.522,0.024,74.466
2026-09-02T08:39:10.612527+07:00,c11_sim,104,6.130,18.321,0.676,55.627,0.023,80.778
2026-09-02T08:39:10.744493+07:00,c11_sim,105,6.188,18.348,0.604,56.644,0.019,81.803
2026-09-02T08:39:10.842164+07:00,c11_sim,106,6.635,12.215,0.656,53.862,0.023,73.391
2026-09-02T08:39:10.974037+07:00,c11_sim,107,6.802,17.709,0.649,54.287,0.027,79.474
2026-09-02T08:39:11.072822+07:00,c11_sim,108,6.273,14.047,0.456,53.276,0.027,74.079
2026-09-02T08:39:11.200606+07:00,c11_sim,109,7.395,19.108,0.566,54.886,0.024,81.979
2026-09-02T08:39:11.332536+07:00,c11_sim,110,6.999,18.997,0.702,55.402,0.022,82.121
2026-09-02T08:39:11.432124+07:00,c11_sim,111,7.098,14.024,0.451,53.988,0.020,75.582
2026-09-02T08:39:11.566983+07:00,c11_sim,112,7.050,19.371,0.560,54.012,0.021,81.013
2026-09-02T08:39:11.692806+07:00,c11_sim,113,7.638,16.394,0.480,53.544,0.022,78.078
2026-09-02T08:39:11.807492+07:00,c11_sim,114,6.487,13.538,0.479,53.490,0.023,74.017
2026-09-02T08:39:11.930418+07:00,c11_sim,115,6.432,18.449,0.510,54.218,0.022,79.631
2026-09-02T08:39:12.027228+07:00,c11_sim,116,7.229,11.997,0.474,53.346,0.021,73.067
2026-09-02T08:39:12.147999+07:00,c11_sim,117,7.150,12.310,0.439,53.795,0.020,73.714
2026-09-02T08:39:12.308898+07:00,c11_sim,118,8.133,22.569,0.755,56.800,0.021,88.278
2026-09-02T08:39:12.407875+07:00,c11_sim,119,6.772,14.156,0.443,53.420,0.019,74.809
2026-09-02T08:39:12.502804+07:00,c11_sim,120,7.164,12.688,0.380,53.396,0.019,73.648
2026-09-02T08:39:12.625156+07:00,c11_sim,121,6.579,13.874,0.455,53.232,0.020,74.160
2026-09-02T08:39:12.756400+07:00,c11_sim,122,7.535,16.938,0.477,54.628,0.027,79.606
2026-09-02T08:39:12.888174+07:00,c11_sim,123,7.137,20.035,0.604,55.313,0.025,83.114
2026-09-02T08:39:12.986220+07:00,c11_sim,124,6.757,12.657,0.470,53.911,0.022,73.817
2026-09-02T08:39:13.117094+07:00,c11_sim,125,6.913,17.469,0.623,54.644,0.024,79.672
2026-09-02T08:39:13.245852+07:00,c11_sim,126,7.158,18.363,0.572,55.222,0.026,81.343
2026-09-02T08:39:13.344739+07:00,c11_sim,127,7.502,13.175,0.446,54.319,0.027,75.470
2026-09-02T08:39:13.494121+07:00,c11_sim,128,7.755,20.442,0.725,55.611,0.025,84.557
2026-09-02T08:39:13.593749+07:00,c11_sim,129,6.304,14.111,0.481,53.994,0.024,74.913
2026-09-02T08:39:13.724488+07:00,c11_sim,130,6.965,17.231,0.571,54.330,0.020,79.117
2026-09-02T08:39:13.854029+07:00,c11_sim,131,7.668,17.573,0.484,53.832,0.024,79.581
2026-09-02T08:39:13.951760+07:00,c11_sim,132,7.008,12.118,0.545,54.103,0.022,73.796
2026-09-02T08:39:14.050745+07:00,c11_sim,133,7.536,17.463,0.653,27.997,0.017,53.667
2026-09-02T08:39:14.185143+07:00,c11_sim,134,8.528,21.750,0.587,28.879,0.018,59.762
2026-09-02T08:39:14.295831+07:00,c11_sim,135,8.580,21.376,0.622,28.691,0.014,59.284
2026-09-02T08:39:14.423603+07:00,c11_sim,136,9.345,19.028,0.682,28.794,0.033,57.883
2026-09-02T08:39:14.529030+07:00,c11_sim,137,8.809,19.399,0.534,27.777,0.018,56.537
2026-09-02T08:39:14.658873+07:00,c11_sim,138,9.762,20.884,0.641,28.695,0.016,59.999
2026-09-02T08:39:14.836760+07:00,c11_sim,139,11.343,34.903,1.298,53.291,0.015,100.850
2026-09-02T08:39:14.876394+07:00,c11_sim,140,5.533,11.431,0.401,27.200,0.020,44.584
2026-09-02T08:39:15.084856+07:00,c11_sim,141,9.520,35.700,1.120,60.078,0.035,106.452
2026-09-02T08:39:15.128340+07:00,c11_sim,142,7.229,13.848,0.671,27.980,0.018,49.746
2026-09-02T08:39:15.260780+07:00,c11_sim,143,9.096,21.731,0.856,29.003,0.034,60.720
2026-09-02T08:39:15.359831+07:00,c11_sim,144,8.688,17.151,0.591,27.765,0.019,54.213
2026-09-02T08:39:15.582479+07:00,c11_sim,145,10.977,35.772,1.203,86.138,0.138,134.228
2026-09-02T08:39:15.654318+07:00,c11_sim,146,9.046,14.599,0.643,55.675,0.023,79.985
2026-09-02T08:39:15.753312+07:00,c11_sim,147,7.226,13.022,0.489,54.099,0.268,75.104
2026-09-02T08:39:15.861089+07:00,c11_sim,148,6.446,18.382,0.706,27.517,0.027,53.078
2026-09-02T08:39:16.024563+07:00,c11_sim,149,6.723,22.178,0.661,56.815,0.019,86.395
2026-09-02T08:39:16.125073+07:00,c11_sim,150,7.292,14.857,0.539,54.125,0.026,76.839
2026-09-02T08:39:16.259343+07:00,c11_sim,151,6.709,18.873,0.760,54.936,0.022,81.300
2026-09-02T08:39:16.354351+07:00,c11_sim,152,7.277,12.453,0.603,54.556,0.020,74.910
2026-09-02T08:39:16.484122+07:00,c11_sim,153,7.889,18.480,0.624,55.582,0.017,82.592
2026-09-02T08:39:16.555545+07:00,c11_sim,154,7.306,11.915,0.498,28.051,0.017,47.786
2026-09-02T08:39:16.723032+07:00,c11_sim,155,8.727,22.674,0.909,58.250,0.021,90.581
2026-09-02T08:39:16.823715+07:00,c11_sim,156,6.657,14.841,0.507,54.350,0.018,76.373
2026-09-02T08:39:16.928991+07:00,c11_sim,157,6.796,19.986,0.517,27.415,0.018,54.732
2026-09-02T08:39:17.069623+07:00,c11_sim,158,7.862,21.999,0.811,29.524,0.034,60.230
2026-09-02T08:39:17.163380+07:00,c11_sim,159,7.577,17.653,0.614,27.944,0.019,53.807
2026-09-02T08:39:17.296241+07:00,c11_sim,160,9.791,19.807,0.700,28.816,0.018,59.131
2026-09-02T08:39:17.435506+07:00,c11_sim,161,9.476,20.002,0.828,58.945,0.017,89.268
2026-09-02T08:39:17.561252+07:00,c11_sim,162,7.854,18.718,0.739,57.941,0.020,85.272
2026-09-02T08:39:17.640415+07:00,c11_sim,163,6.931,17.237,0.700,0.004,0.013,24.886
2026-09-02T08:39:17.742143+07:00,c11_sim,164,9.363,15.662,0.455,0.004,0.012,25.496
2026-09-02T08:39:17.888210+07:00,c11_sim,165,10.055,34.132,1.152,0.008,0.035,45.382
2026-09-02T08:39:18.052809+07:00,c11_sim,166,9.338,35.461,1.116,55.416,0.038,101.368
2026-09-02T08:39:18.124656+07:00,c11_sim,167,8.370,15.895,0.555,27.590,0.014,52.422
2026-09-02T08:39:18.225873+07:00,c11_sim,168,8.723,21.748,0.694,0.005,0.017,31.188
2026-09-02T08:39:18.371790+07:00,c11_sim,169,10.629,33.623,1.143,0.007,0.028,45.430
2026-09-02T08:39:18.488630+07:00,c11_sim,170,9.278,34.526,0.554,0.004,0.017,44.378
2026-09-02T08:39:18.611911+07:00,c11_sim,171,9.678,35.194,0.992,0.006,0.028,45.898
2026-09-02T08:39:18.725394+07:00,c11_sim,172,12.186,34.818,0.881,0.003,0.015,47.903
2026-09-02T08:39:18.831364+07:00,c11_sim,173,10.504,36.414,1.050,0.006,0.029,48.004
2026-09-02T08:39:18.965911+07:00,c11_sim,174,9.683,35.896,1.524,0.007,0.027,47.137
2026-09-02T08:39:19.084524+07:00,c11_sim,175,8.205,35.546,1.020,0.006,0.028,44.805
2026-09-02T08:39:19.191208+07:00,c11_sim,176,6.415,32.934,0.611,0.004,0.018,39.982
2026-09-02T08:39:19.335156+07:00,c11_sim,177,10.194,35.750,0.953,0.006,0.030,46.932
2026-09-02T08:39:19.439849+07:00,c11_sim,178,9.483,35.649,1.098,0.007,0.035,46.272
2026-09-02T08:39:19.557192+07:00,c11_sim,179,9.542,35.412,1.010,0.007,0.030,46.001
2026-09-02T08:39:19.674401+07:00,c11_sim,180,10.686,35.376,1.058,0.006,0.036,47.163
2026-09-02T08:39:19.793279+07:00,c11_sim,181,10.326,33.937,0.690,0.004,0.020,44.977
2026-09-02T08:39:19.931034+07:00,c11_sim,182,6.936,31.339,0.644,0.005,0.019,38.943
2026-09-02T08:39:20.056360+07:00,c11_sim,183,8.129,35.886,0.885,0.006,0.345,45.251
2026-09-02T08:39:20.149672+07:00,c11_sim,184,8.135,35.907,1.054,0.007,0.045,45.147
2026-09-02T08:39:20.290938+07:00,c11_sim,185,8.664,35.163,0.603,0.004,0.016,44.450
2026-09-02T08:39:20.413363+07:00,c11_sim,186,9.558,35.228,0.974,0.007,0.026,45.792
2026-09-02T08:39:20.524239+07:00,c11_sim,187,10.082,37.035,1.483,0.009,0.040,48.650
2026-09-02T08:39:20.645166+07:00,c11_sim,188,9.975,37.393,0.558,0.003,0.017,47.946
2026-09-02T08:39:20.772709+07:00,c11_sim,189,12.172,36.829,0.559,0.004,0.014,49.578
2026-09-02T08:39:20.890438+07:00,c11_sim,190,7.848,34.869,0.560,0.004,0.013,43.293
2026-09-02T08:39:21.008931+07:00,c11_sim,191,9.259,36.541,0.967,0.007,0.025,46.798
2026-09-02T08:39:21.123132+07:00,c11_sim,192,10.251,36.129,0.990,0.007,0.029,47.405
2026-09-02T08:39:21.229242+07:00,c11_sim,193,8.361,20.364,0.779,0.005,0.019,29.530
2026-09-02T08:39:21.365278+07:00,c11_sim,194,8.810,31.837,0.551,0.004,0.016,41.217
2026-09-02T08:39:21.478971+07:00,c11_sim,195,9.455,35.587,0.963,0.006,0.026,46.037
2026-09-02T08:39:21.594109+07:00,c11_sim,196,8.323,36.294,0.984,0.007,0.027,45.636
2026-09-02T08:39:21.713627+07:00,c11_sim,197,10.137,35.005,0.540,0.003,0.014,45.698
2026-09-02T08:39:21.838424+07:00,c11_sim,198,9.124,36.449,1.073,0.008,0.028,46.681
2026-09-02T08:39:21.950072+07:00,c11_sim,199,7.285,32.518,0.535,0.004,0.016,40.359
2026-09-02T08:39:22.069830+07:00,c11_sim,200,6.476,32.232,0.606,0.004,0.017,39.334
2026-09-02T08:39:22.193126+07:00,c11_sim,201,9.384,35.593,0.920,0.006,0.023,45.926
2026-09-02T08:39:22.319646+07:00,c11_sim,202,10.385,34.332,1.045,0.007,0.032,45.801
2026-09-02T08:39:22.429349+07:00,c11_sim,203,10.391,35.783,1.029,0.006,0.032,47.242
2026-09-02T08:39:22.570040+07:00,c11_sim,204,9.838,34.745,1.095,0.007,0.029,45.714
2026-09-02T08:39:22.683314+07:00,c11_sim,205,9.083,36.299,0.985,0.007,0.033,46.407
2026-09-02T08:39:22.792378+07:00,c11_sim,206,9.049,32.863,0.579,0.004,0.017,42.511
2026-09-02T08:39:22.924228+07:00,c11_sim,207,8.057,36.508,0.939,0.007,0.026,45.538
2026-09-02T08:39:23.042801+07:00,c11_sim,208,9.436,36.674,0.998,0.007,0.030,47.145
2026-09-02T08:39:23.156512+07:00,c11_sim,209,9.864,35.848,1.023,0.008,0.029,46.772
2026-09-02T08:39:23.282218+07:00,c11_sim,210,8.679,35.662,1.020,0.007,0.028,45.397
2026-09-02T08:39:23.396113+07:00,c11_sim,211,9.470,35.557,0.896,0.007,0.027,45.956
2026-09-02T08:39:23.531294+07:00,c11_sim,212,10.049,35.961,0.988,0.007,0.032,47.037
2026-09-02T08:39:23.637331+07:00,c11_sim,213,9.620,31.952,0.482,0.004,0.016,42.074
2026-09-02T08:39:23.750422+07:00,c11_sim,214,7.505,34.967,0.838,0.006,0.023,43.339
2026-09-02T08:39:23.882903+07:00,c11_sim,215,10.696,35.356,0.908,0.006,0.026,46.993
2026-09-02T08:39:24.002288+07:00,c11_sim,216,8.923,34.042,0.685,0.005,0.021,43.676
2026-09-02T08:39:24.122107+07:00,c11_sim,217,10.606,32.741,0.569,0.005,0.017,43.939
2026-09-02T08:39:24.242946+07:00,c11_sim,218,10.414,34.131,0.790,0.006,0.021,45.361
2026-09-02T08:39:24.363721+07:00,c11_sim,219,9.414,35.797,0.973,0.006,0.028,46.219
2026-09-02T08:39:24.485103+07:00,c11_sim,220,10.619,32.880,0.585,0.004,0.018,44.106
2026-09-02T08:39:24.598231+07:00,c11_sim,221,10.818,35.544,0.913,0.008,0.025,47.308
2026-09-02T08:39:24.723947+07:00,c11_sim,222,9.466,36.511,1.031,0.007,0.029,47.045
2026-09-02T08:39:24.840920+07:00,c11_sim,223,8.312,36.565,0.984,0.007,0.031,45.899
2026-09-02T08:39:24.955419+07:00,c11_sim,224,8.276,35.744,0.961,0.007,0.029,45.017
2026-09-02T08:39:25.071819+07:00,c11_sim,225,8.367,35.300,0.977,0.007,0.029,44.679
2026-09-02T08:39:25.196814+07:00,c11_sim,226,7.234,33.153,0.634,0.004,0.018,41.044
2026-09-02T08:39:25.325299+07:00,c11_sim,227,9.414,36.445,0.775,0.006,0.020,46.660
2026-09-02T08:39:25.447105+07:00,c11_sim,228,11.452,38.358,0.975,0.006,0.028,50.819
2026-09-02T08:39:25.575403+07:00,c11_sim,229,9.676,37.120,1.020,0.007,0.032,47.855
2026-09-02T08:39:25.693782+07:00,c11_sim,230,8.707,37.663,1.030,0.007,0.031,47.439
2026-09-02T08:39:25.796880+07:00,c11_sim,231,10.400,34.902,0.437,0.003,0.015,45.757
2026-09-02T08:39:25.916752+07:00,c11_sim,232,10.304,35.210,0.910,0.007,0.025,46.457
2026-09-02T08:39:26.049810+07:00,c11_sim,233,9.570,35.843,0.953,0.007,0.029,46.402
2026-09-02T08:39:26.143551+07:00,c11_sim,234,9.375,35.379,0.945,0.007,0.028,45.733
2026-09-02T08:39:26.278311+07:00,c11_sim,235,8.924,32.813,0.478,0.003,0.015,42.233
2026-09-02T08:39:26.396606+07:00,c11_sim,236,9.764,31.247,0.434,0.003,0.013,41.462
2026-09-02T08:39:26.518025+07:00,c11_sim,237,11.462,35.585,0.869,0.008,0.026,47.950
2026-09-02T08:39:26.633278+07:00,c11_sim,238,10.334,33.667,0.514,0.004,0.017,44.536
2026-09-02T08:39:26.751393+07:00,c11_sim,239,9.861,35.733,0.899,0.006,0.027,46.526
2026-09-02T08:39:26.866225+07:00,c11_sim,240,10.286,36.292,1.942,0.007,0.028,48.555
2026-09-02T08:39:26.984270+07:00,c11_sim,241,8.692,34.418,0.504,0.004,0.015,43.633
2026-09-02T08:39:27.112988+07:00,c11_sim,242,8.905,33.103,0.431,0.003,0.010,42.453
2026-09-02T08:39:27.235524+07:00,c11_sim,243,9.032,35.585,0.977,0.006,0.027,45.627
2026-09-02T08:39:27.352193+07:00,c11_sim,244,9.053,34.308,0.499,0.003,0.015,43.879
2026-09-02T08:39:27.467917+07:00,c11_sim,245,9.410,35.723,0.995,0.007,0.030,46.166
2026-09-02T08:39:27.611534+07:00,c11_sim,246,10.815,32.802,0.474,0.004,0.015,44.110
2026-09-02T08:39:27.731136+07:00,c11_sim,247,8.774,37.312,0.984,0.008,0.027,47.105
2026-09-02T08:39:27.823302+07:00,c11_sim,248,8.181,34.394,0.566,0.004,0.016,43.162
2026-09-02T08:39:27.962865+07:00,c11_sim,249,7.026,35.020,0.885,0.007,0.025,42.962
2026-09-02T08:39:28.076766+07:00,c11_sim,250,8.549,36.465,0.896,0.007,0.027,45.943
2026-09-02T08:39:28.192603+07:00,c11_sim,251,9.629,32.918,0.524,0.004,0.015,43.091
2026-09-02T08:39:28.328378+07:00,c11_sim,252,8.829,31.431,0.000,0.000,0.025,40.285
2026-09-02T08:39:28.449096+07:00,c11_sim,253,11.363,32.774,0.000,0.000,0.025,44.162
2026-09-02T08:39:28.554521+07:00,c11_sim,254,10.573,31.982,0.000,0.000,0.026,42.581
2026-09-02T08:39:28.661110+07:00,c11_sim,255,8.178,32.262,0.000,0.000,0.023,40.463
2026-09-02T08:39:28.797434+07:00,c11_sim,256,9.029,30.420,0.000,0.000,0.014,39.464
2026-09-02T08:39:28.914665+07:00,c11_sim,257,9.694,35.528,0.619,0.004,0.014,45.859
2026-09-02T08:39:29.029916+07:00,c11_sim,258,8.720,33.360,0.459,0.003,0.012,42.553
2026-09-02T08:39:29.150646+07:00,c11_sim,259,9.290,35.833,0.816,0.006,0.024,45.969
2026-09-02T08:39:29.276639+07:00,c11_sim,260,9.778,36.252,0.949,0.006,0.033,47.018
2026-09-02T08:39:29.386455+07:00,c11_sim,261,9.521,32.490,0.440,0.003,0.013,42.467
2026-09-02T08:39:29.507077+07:00,c11_sim,262,10.587,35.505,0.826,0.006,0.028,46.953
2026-09-02T08:39:29.618087+07:00,c11_sim,263,9.594,32.052,0.531,0.004,0.017,42.199
2026-09-02T08:39:29.760978+07:00,c11_sim,264,9.323,35.935,0.840,0.005,0.023,46.126
2026-09-02T08:39:29.875866+07:00,c11_sim,265,9.306,35.464,1.017,0.007,0.031,45.825
2026-09-02T08:39:29.990971+07:00,c11_sim,266,10.465,35.568,0.925,0.007,0.029,46.994
2026-09-02T08:39:30.114239+07:00,c11_sim,267,8.934,33.408,0.614,0.004,0.017,42.977
2026-09-02T08:39:30.237629+07:00,c11_sim,268,9.107,35.515,0.791,0.006,0.022,45.441
2026-09-02T08:39:30.350122+07:00,c11_sim,269,10.200,35.318,0.950,0.007,0.030,46.506
2026-09-02T08:39:30.484487+07:00,c11_sim,270,8.985,33.841,0.930,0.008,0.029,43.793
2026-09-02T08:39:30.604097+07:00,c11_sim,271,8.956,34.658,0.511,0.004,0.013,44.142
2026-09-02T08:39:30.724614+07:00,c11_sim,272,6.222,37.492,0.890,0.006,0.032,44.641
2026-09-02T08:39:30.839560+07:00,c11_sim,273,6.764,37.119,0.971,0.008,0.029,44.891
2026-09-02T08:39:30.950059+07:00,c11_sim,274,9.331,37.599,0.963,0.008,0.032,47.933
2026-09-02T08:39:31.059583+07:00,c11_sim,275,9.384,31.577,0.000,0.000,0.016,40.977
2026-09-02T08:39:31.196412+07:00,c11_sim,276,9.487,31.767,0.000,0.000,0.020,41.275
2026-09-02T08:39:31.319370+07:00,c11_sim,277,7.115,35.938,1.828,0.000,0.024,44.904
2026-09-02T08:39:31.353309+07:00,c11_sim,278,6.733,32.029,0.764,0.000,0.013,39.538
2026-09-02T08:39:31.385478+07:00,c11_sim,279,7.227,30.449,0.578,0.000,0.010,38.264
2026-09-02T08:39:31.448685+07:00,c11_sim,280,6.953,31.328,0.580,0.005,0.168,39.035
2026-09-02T08:39:31.481063+07:00,c11_sim,281,7.341,30.845,0.474,0.003,0.014,38.676
2026-09-02T08:39:31.512490+07:00,c11_sim,282,6.458,30.002,0.445,0.003,0.011,36.920
2026-09-02T08:39:31.575649+07:00,c11_sim,283,6.356,31.306,0.537,0.004,0.014,38.217
2026-09-02T08:39:31.606593+07:00,c11_sim,284,7.131,29.873,0.351,0.002,0.009,37.366
2026-09-02T08:39:31.634548+07:00,c11_sim,285,6.583,26.629,0.548,0.004,0.015,33.778
2026-09-02T08:39:31.694257+07:00,c11_sim,286,5.766,28.051,0.450,0.002,0.010,34.279
2026-09-02T08:39:31.722822+07:00,c11_sim,287,6.813,27.165,0.456,0.003,0.011,34.448
2026-09-02T08:39:31.752547+07:00,c11_sim,288,5.843,28.397,0.409,0.003,0.010,34.662
2026-09-02T08:39:31.814334+07:00,c11_sim,289,6.483,29.475,0.546,0.004,0.194,36.701
2026-09-02T08:39:31.844216+07:00,c11_sim,290,6.450,28.201,0.434,0.003,0.023,35.111
2026-09-02T08:39:31.874853+07:00,c11_sim,291,6.012,28.962,0.397,0.002,0.009,35.382
2026-09-02T08:39:31.904530+07:00,c11_sim,292,5.657,28.198,0.524,0.004,0.014,34.397
2026-09-02T08:39:31.965595+07:00,c11_sim,293,5.434,29.524,0.512,0.004,0.014,35.488
2026-09-02T08:39:31.995769+07:00,c11_sim,294,6.085,28.441,0.468,0.002,0.008,35.005
2026-09-02T08:39:32.026471+07:00,c11_sim,295,6.627,29.424,0.363,0.002,0.008,36.425
2026-09-02T08:39:32.087495+07:00,c11_sim,296,6.142,29.582,0.426,0.003,0.008,36.161
2026-09-02T08:39:32.117317+07:00,c11_sim,297,6.641,28.304,0.557,0.003,0.014,35.520
2026-09-02T08:39:32.146503+07:00,c11_sim,298,6.055,27.750,0.418,0.003,0.011,34.236
2026-09-02T08:39:32.199735+07:00,c11_sim,299,5.406,29.446,0.427,0.003,0.010,35.291
2026-09-02T08:39:32.228633+07:00,c11_sim,300,6.064,27.590,0.352,0.002,0.008,34.017
2026-09-02T08:39:32.291229+07:00,c11_sim,301,5.548,31.157,0.408,0.002,0.009,37.124
2026-09-02T08:39:32.322612+07:00,c11_sim,302,6.488,29.877,0.476,0.003,0.011,36.855
2026-09-02T08:39:32.352702+07:00,c11_sim,303,5.903,28.831,0.374,0.002,0.008,35.118
2026-09-02T08:39:32.414281+07:00,c11_sim,304,6.270,29.857,0.596,0.003,0.014,36.741
2026-09-02T08:39:32.445603+07:00,c11_sim,305,7.087,29.882,0.467,0.003,0.012,37.451
2026-09-02T08:39:32.477495+07:00,c11_sim,306,7.468,30.112,0.503,0.004,0.012,38.098
2026-09-02T08:39:32.509627+07:00,c11_sim,307,6.605,30.466,0.571,0.003,0.009,37.655
2026-09-02T08:39:32.560782+07:00,c11_sim,308,6.109,29.551,0.376,0.003,0.010,36.048
2026-09-02T08:39:32.590395+07:00,c11_sim,309,6.103,28.364,0.304,0.002,0.008,34.781
2026-09-02T08:39:32.619518+07:00,c11_sim,310,5.702,27.947,0.314,0.003,0.008,33.973
2026-09-02T08:39:32.679342+07:00,c11_sim,311,5.910,28.174,0.480,0.004,0.015,34.582
2026-09-02T08:39:32.709539+07:00,c11_sim,312,6.353,28.860,0.389,0.004,0.015,35.621
2026-09-02T08:39:32.771155+07:00,c11_sim,313,6.063,29.870,0.522,0.004,0.017,36.476
2026-09-02T08:39:32.800170+07:00,c11_sim,314,5.910,27.847,0.377,0.002,0.011,34.147
2026-09-02T08:39:32.827238+07:00,c11_sim,315,5.568,25.932,0.289,0.002,0.008,31.799
2026-09-02T08:39:32.886448+07:00,c11_sim,316,5.648,27.912,0.365,0.002,0.010,33.937
2026-09-02T08:39:32.914109+07:00,c11_sim,317,6.587,26.241,0.493,0.004,0.014,33.339
2026-09-02T08:39:32.967933+07:00,c11_sim,318,5.961,28.983,0.463,0.003,0.014,35.423
2026-09-02T08:39:32.998345+07:00,c11_sim,319,6.818,29.036,0.365,0.002,0.009,36.231
2026-09-02T08:39:33.028975+07:00,c11_sim,320,6.506,29.343,0.363,0.003,0.010,36.226
2026-09-02T08:39:33.080683+07:00,c11_sim,321,6.363,30.245,0.330,0.003,0.009,36.950
2026-09-02T08:39:33.111620+07:00,c11_sim,322,6.619,29.612,0.403,0.002,0.012,36.648
2026-09-02T08:39:33.174272+07:00,c11_sim,323,6.201,31.213,0.411,0.003,0.012,37.839
2026-09-02T08:39:33.206325+07:00,c11_sim,324,6.216,30.733,0.386,0.002,0.009,37.347
2026-09-02T08:39:33.235311+07:00,c11_sim,325,6.865,27.832,0.315,0.002,0.008,35.023
2026-09-02T08:39:33.262631+07:00,c11_sim,326,5.695,26.147,0.297,0.002,0.007,32.148
2026-09-02T08:39:33.323010+07:00,c11_sim,327,6.017,28.941,0.395,0.003,0.010,35.366
2026-09-02T08:39:33.352294+07:00,c11_sim,328,6.299,28.106,0.303,0.002,0.008,34.719
2026-09-02T08:39:33.413413+07:00,c11_sim,329,5.930,29.510,0.479,0.003,0.013,35.935
2026-09-02T08:39:33.445150+07:00,c11_sim,330,6.740,30.362,0.392,0.003,0.009,37.506
2026-09-02T08:39:33.476418+07:00,c11_sim,331,6.734,29.834,0.357,0.003,0.008,36.936
2026-09-02T08:39:33.507958+07:00,c11_sim,332,6.663,30.129,0.351,0.003,0.009,37.154
2026-09-02T08:39:33.563479+07:00,c11_sim,333,6.825,30.759,0.444,0.004,0.012,38.044
2026-09-02T08:39:33.594736+07:00,c11_sim,334,6.808,29.634,0.343,0.002,0.009,36.797
2026-09-02T08:39:33.625251+07:00,c11_sim,335,6.310,29.143,0.433,0.003,0.010,35.900
2026-09-02T08:39:33.686552+07:00,c11_sim,336,5.972,29.905,0.354,0.002,0.009,36.242
2026-09-02T08:39:33.715092+07:00,c11_sim,337,6.614,27.224,0.379,0.002,0.007,34.227
2026-09-02T08:39:33.744359+07:00,c11_sim,338,6.003,27.904,0.313,0.002,0.007,34.229
2026-09-02T08:39:33.804062+07:00,c11_sim,339,6.026,29.241,0.403,0.003,0.010,35.683
2026-09-02T08:39:33.832410+07:00,c11_sim,340,5.681,27.184,0.335,0.002,0.009,33.211
2026-09-02T08:39:33.860313+07:00,c11_sim,341,5.695,26.634,0.351,0.002,0.009,32.691
2026-09-02T08:39:33.914623+07:00,c11_sim,342,6.177,28.806,0.465,0.003,0.012,35.464
2026-09-02T08:39:33.945099+07:00,c11_sim,343,6.453,29.028,0.391,0.002,0.011,35.886
2026-09-02T08:39:33.990897+07:00,c11_sim,344,6.938,15.197,0.417,0.003,0.012,22.567
2026-09-02T08:39:34.034205+07:00,c11_sim,345,6.431,14.424,0.368,0.003,0.010,21.236
2026-09-02T08:39:34.049264+07:00,c11_sim,346,5.729,14.092,0.305,0.007,0.008,20.141
2026-09-02T08:39:34.092703+07:00,c11_sim,347,5.230,15.543,0.327,0.002,0.008,21.111
2026-09-02T08:39:34.186731+07:00,c11_sim,348,5.869,16.822,0.411,47.671,0.022,70.795
2026-09-02T08:39:34.236699+07:00,c11_sim,349,4.534,12.324,0.365,36.616,0.011,53.851
2026-09-02T08:39:34.246472+07:00,c11_sim,350,4.978,9.676,0.000,0.000,0.006,14.661
2026-09-02T08:39:34.290042+07:00,c11_sim,351,5.098,10.639,0.319,31.991,0.011,48.059
2026-09-02T08:39:34.298744+07:00,c11_sim,352,4.181,8.617,0.000,0.000,0.005,12.802
2026-09-02T08:39:34.333423+07:00,c11_sim,353,5.024,9.302,0.000,0.000,0.004,14.331
2026-09-02T08:39:34.373937+07:00,c11_sim,354,5.389,10.391,0.000,0.000,0.005,15.785
2026-09-02T08:39:34.446486+07:00,c11_sim,355,5.628,11.057,0.393,30.369,0.012,47.458
2026-09-02T08:39:34.484005+07:00,c11_sim,356,5.020,9.666,0.298,26.908,0.011,41.903
2026-09-02T08:39:34.520907+07:00,c11_sim,357,4.934,9.529,0.288,26.507,0.011,41.269
2026-09-02T08:39:34.557713+07:00,c11_sim,358,4.931,9.474,0.286,26.419,0.012,41.123
2026-09-02T08:39:34.594078+07:00,c11_sim,359,4.527,9.135,0.250,26.396,0.008,40.316
2026-09-02T08:39:34.630062+07:00,c11_sim,360,3.946,8.902,0.228,26.292,0.012,39.381
2026-09-02T08:39:34.666511+07:00,c11_sim,361,3.960,9.112,0.259,26.457,0.010,39.799
2026-09-02T08:39:34.702558+07:00,c11_sim,362,4.225,8.916,0.217,26.354,0.008,39.721
2026-09-02T08:39:34.770199+07:00,c11_sim,363,4.365,9.993,0.271,26.720,0.013,41.361
2026-09-02T08:39:34.807422+07:00,c11_sim,364,4.445,9.642,0.317,26.607,0.014,41.025
2026-09-02T08:39:34.844311+07:00,c11_sim,365,4.409,9.444,0.310,26.511,0.010,40.685
2026-09-02T08:39:34.880747+07:00,c11_sim,366,4.477,9.220,0.259,26.366,0.010,40.332
2026-09-02T08:39:34.916957+07:00,c11_sim,367,4.677,9.131,0.249,26.251,0.012,40.320
2026-09-02T08:39:34.953824+07:00,c11_sim,368,4.394,9.475,0.309,26.379,0.014,40.572
2026-09-02T08:39:34.989298+07:00,c11_sim,369,4.584,8.745,0.236,25.975,0.018,39.558
2026-09-02T08:39:35.029143+07:00,c11_sim,370,4.353,9.976,0.414,0.000,0.008,14.752
2026-09-02T08:39:35.038514+07:00,c11_sim,371,3.432,8.551,0.365,0.000,0.006,12.354
2026-09-02T08:39:35.113508+07:00,c11_sim,372,3.061,13.003,0.765,0.000,0.016,16.846
2026-09-02T08:39:35.185557+07:00,c11_sim,373,5.899,12.532,0.651,27.223,0.045,46.351
2026-09-02T08:39:35.224133+07:00,c11_sim,374,4.392,10.870,0.453,26.671,0.013,42.399
2026-09-02T08:39:35.261530+07:00,c11_sim,375,6.541,9.944,0.310,26.541,0.013,43.350
2026-09-02T08:39:35.298219+07:00,c11_sim,376,5.194,9.380,0.274,26.463,0.012,41.323
2026-09-02T08:39:35.334810+07:00,c11_sim,377,4.623,9.255,0.290,26.428,0.014,40.610
2026-09-02T08:39:35.371457+07:00,c11_sim,378,4.425,9.278,0.382,26.371,0.013,40.469
2026-09-02T08:39:35.408096+07:00,c11_sim,379,4.430,9.438,0.295,26.289,0.011,40.464
2026-09-02T08:39:35.444473+07:00,c11_sim,380,4.442,9.210,0.286,26.274,0.011,40.224
2026-09-02T08:39:35.480928+07:00,c11_sim,381,4.314,9.267,0.294,26.287,0.011,40.174
2026-09-02T08:39:35.517135+07:00,c11_sim,382,4.265,9.114,0.269,26.244,0.011,39.903
2026-09-02T08:39:35.553397+07:00,c11_sim,383,4.518,9.157,0.263,26.158,0.011,40.107
2026-09-02T08:39:35.621684+07:00,c11_sim,384,4.572,10.596,0.305,26.469,0.140,42.081
2026-09-02T08:39:35.658329+07:00,c11_sim,385,5.414,9.392,0.315,26.383,0.020,41.524
2026-09-02T08:39:35.694939+07:00,c11_sim,386,4.805,9.318,0.364,26.293,0.012,40.792
2026-09-02T08:39:35.731846+07:00,c11_sim,387,4.668,9.647,0.340,26.281,0.011,40.947
2026-09-02T08:39:35.768595+07:00,c11_sim,388,4.867,9.569,0.336,26.227,0.009,41.008
2026-09-02T08:39:35.804969+07:00,c11_sim,389,4.490,9.238,0.364,26.224,0.020,40.337
2026-09-02T08:39:35.841706+07:00,c11_sim,390,4.444,9.493,0.333,26.279,0.014,40.563
2026-09-02T08:39:35.877700+07:00,c11_sim,391,4.337,8.961,0.306,26.106,0.014,39.725
2026-09-02T08:39:35.913914+07:00,c11_sim,392,4.161,9.112,0.285,26.199,0.017,39.773
2026-09-02T08:39:35.950255+07:00,c11_sim,393,4.326,9.210,0.378,26.166,0.013,40.093
2026-09-02T08:39:36.016543+07:00,c11_sim,394,4.430,10.226,0.338,26.407,0.017,41.419
2026-09-02T08:39:36.053250+07:00,c11_sim,395,5.037,9.362,0.316,26.379,0.033,41.128
2026-09-02T08:39:36.102110+07:00,c11_sim,396,4.975,18.784,0.655,27.416,0.018,51.849
2026-09-02T08:39:36.138934+07:00,c11_sim,397,6.144,9.408,0.361,26.448,0.017,42.377
2026-09-02T08:39:36.175255+07:00,c11_sim,398,4.393,9.166,0.321,26.220,0.017,40.117
2026-09-02T08:39:36.211435+07:00,c11_sim,399,4.302,9.104,0.292,26.191,0.016,39.906
2026-09-02T08:39:36.219395+07:00,c11_sim,400,4.293,7.874,0.000,0.000,0.005,12.172
2026-09-02T08:39:36.252552+07:00,c11_sim,401,4.591,8.549,0.000,0.000,0.004,13.144
2026-09-02T08:39:36.292110+07:00,c11_sim,402,5.073,9.444,0.000,0.000,0.004,14.521
2026-09-02T08:39:36.326905+07:00,c12_sim,32,4.010,9.952,0.000,0.000,0.006,13.968
2026-09-02T08:39:36.484494+07:00,c12_sim,33,8.976,30.257,0.000,0.000,0.020,39.254
2026-09-02T08:39:36.592416+07:00,c12_sim,34,9.874,28.270,0.000,0.000,0.011,38.155
2026-09-02T08:39:36.733294+07:00,c12_sim,35,9.262,32.874,0.000,0.000,0.024,42.160
2026-09-02T08:39:36.845295+07:00,c12_sim,36,9.084,32.769,0.000,0.000,0.024,41.877
2026-09-02T08:39:36.953124+07:00,c12_sim,37,9.726,30.533,0.000,0.000,0.013,40.272
2026-09-02T08:39:37.064007+07:00,c12_sim,38,7.350,29.172,0.000,0.000,0.372,36.894
2026-09-02T08:39:37.203720+07:00,c10_sim,59,6.524,32.687,0.000,0.000,0.029,39.240
2026-09-02T08:39:37.321085+07:00,c10_sim,60,9.539,32.568,0.000,0.000,0.019,42.126
2026-09-02T08:39:37.444217+07:00,c10_sim,61,9.450,36.619,1.645,0.000,0.022,47.736
2026-09-02T08:39:37.566585+07:00,c10_sim,62,10.231,36.393,1.157,0.000,0.024,47.805
2026-09-02T08:39:37.652289+07:00,c10_sim,63,10.596,32.613,0.743,0.006,0.018,43.976
2026-09-02T08:39:37.778180+07:00,c10_sim,64,10.005,35.895,0.909,0.006,0.022,46.837
2026-09-02T08:39:37.896510+07:00,c10_sim,65,10.200,32.362,0.664,0.004,0.016,43.246
2026-09-02T08:39:38.018909+07:00,c10_sim,66,8.138,36.118,1.124,0.006,0.639,46.025
2026-09-02T08:39:38.116086+07:00,c10_sim,67,10.303,36.181,1.121,0.007,0.052,47.664
2026-09-02T08:39:38.234375+07:00,c10_sim,68,9.578,34.678,0.718,0.005,0.016,44.995
2026-09-02T08:39:38.359369+07:00,c10_sim,69,9.367,36.484,1.034,0.006,0.023,46.915
2026-09-02T08:39:38.444607+07:00,c10_sim,70,9.638,32.357,0.617,0.004,0.014,42.630
2026-09-02T08:39:38.650656+07:00,c10_sim,71,9.158,34.256,1.063,61.149,0.023,105.649
2026-09-02T08:39:38.691222+07:00,c10_sim,72,7.174,11.668,0.493,27.706,0.016,47.058
2026-09-02T08:39:38.822534+07:00,c10_sim,73,10.557,21.320,0.678,29.247,0.014,61.817
2026-09-02T08:39:38.929972+07:00,c10_sim,74,8.082,20.359,0.607,28.694,0.038,57.780
2026-09-02T08:39:39.035727+07:00,c10_sim,75,8.866,19.256,0.642,28.288,0.031,57.083
2026-09-02T08:39:39.217598+07:00,c10_sim,76,6.088,32.644,0.712,56.996,0.019,96.459
2026-09-02T08:39:39.230759+07:00,c10_sim,77,6.310,12.066,0.453,0.003,0.009,18.840
2026-09-02T08:39:39.435131+07:00,c10_sim,78,9.659,34.446,0.950,56.231,0.032,101.317
2026-09-02T08:39:39.478524+07:00,c10_sim,79,7.448,14.199,0.481,28.042,0.015,50.185
2026-09-02T08:39:39.611213+07:00,c10_sim,80,10.202,19.885,0.668,28.342,0.016,59.114
2026-09-02T08:39:39.718211+07:00,c10_sim,81,8.958,19.059,0.601,28.381,0.014,57.013
2026-09-02T08:39:39.841296+07:00,c10_sim,82,9.383,15.399,0.562,28.031,0.015,53.390
2026-09-02T08:39:39.946926+07:00,c10_sim,83,7.051,16.088,0.523,27.471,0.018,51.151
2026-09-02T08:39:40.085514+07:00,c10_sim,84,8.924,21.200,0.671,28.716,0.016,59.526
2026-09-02T08:39:40.192399+07:00,c10_sim,85,7.926,19.787,0.617,28.223,0.026,56.578
2026-09-02T08:39:40.297369+07:00,c10_sim,86,8.919,18.680,0.715,28.764,0.045,57.123
2026-09-02T08:39:40.424339+07:00,c10_sim,87,9.877,20.923,0.810,29.670,0.063,61.343
2026-09-02T08:39:40.506290+07:00,c10_sim,88,9.040,21.456,0.901,0.000,0.010,31.406
2026-09-02T08:39:40.628002+07:00,c10_sim,89,8.702,31.488,0.746,0.000,0.010,40.946
2026-09-02T08:39:40.743626+07:00,c10_sim,90,9.832,34.987,1.177,0.000,0.021,46.017
2026-09-02T08:39:40.864302+07:00,c10_sim,91,7.238,33.615,0.742,0.000,0.013,41.608
2026-09-02T08:39:40.982600+07:00,c10_sim,92,8.116,32.073,0.000,0.000,0.018,40.207
2026-09-02T08:39:41.094365+07:00,c10_sim,93,8.984,32.082,0.000,0.000,0.024,41.090
2026-09-02T08:39:41.269841+07:00,c10_sim,94,6.776,36.667,1.104,51.764,0.094,96.405
2026-09-02T08:39:41.366034+07:00,c10_sim,95,8.868,20.911,1.239,0.000,0.011,31.029
2026-09-02T08:39:41.593144+07:00,c10_sim,96,9.695,34.352,1.321,0.000,0.022,45.389
2026-09-02T08:39:41.767094+07:00,c10_sim,97,9.989,35.202,1.067,0.000,0.023,46.281
2026-09-02T08:39:41.986659+07:00,c10_sim,98,10.206,38.891,0.836,53.856,0.139,103.928
2026-09-02T08:39:42.184573+07:00,c10_sim,99,9.763,39.055,1.182,59.364,0.024,109.388
2026-09-02T08:39:42.318389+07:00,c10_sim,100,9.459,22.432,0.750,29.377,0.018,62.036
2026-09-02T08:39:42.520591+07:00,c10_sim,101,10.284,33.424,0.635,46.969,0.023,91.336
2026-09-02T08:39:42.719630+07:00,c10_sim,102,10.413,35.630,0.999,55.046,0.373,102.460
2026-09-02T08:39:42.848789+07:00,c10_sim,103,8.735,20.485,0.591,27.649,0.027,57.487
2026-09-02T08:39:43.070538+07:00,c10_sim,104,10.922,34.077,1.436,47.562,0.025,94.022
2026-09-02T08:39:43.251432+07:00,c10_sim,105,8.743,35.382,1.067,56.512,0.022,101.727
2026-09-02T08:39:43.452214+07:00,c10_sim,106,10.098,35.549,1.198,54.066,0.025,100.936
2026-09-02T08:39:43.584328+07:00,c10_sim,107,9.531,20.646,0.683,28.652,0.022,59.535
2026-09-02T08:39:43.804000+07:00,c10_sim,108,10.577,34.010,1.151,48.248,0.022,94.010
2026-09-02T08:39:43.936549+07:00,c10_sim,109,10.411,20.192,0.622,28.591,0.165,59.981
2026-09-02T08:39:44.169583+07:00,c10_sim,110,10.836,34.554,1.004,50.688,0.026,97.109
2026-09-02T08:39:44.272230+07:00,c10_sim,111,9.583,19.813,0.658,0.004,0.014,30.071
2026-09-02T08:39:44.491716+07:00,c10_sim,112,9.544,36.010,0.977,0.006,0.020,46.557
2026-09-02T08:39:44.703434+07:00,c10_sim,113,9.974,30.841,0.716,49.248,0.014,90.793
2026-09-02T08:39:44.904102+07:00,c10_sim,114,9.578,32.833,0.634,46.933,0.021,90.000
2026-09-02T08:39:45.002321+07:00,c10_sim,115,9.401,21.210,0.738,0.004,0.013,31.367
2026-09-02T08:39:45.186368+07:00,c10_sim,116,8.045,34.423,1.010,0.006,0.025,43.510
2026-09-02T08:39:45.361893+07:00,c10_sim,117,8.964,28.726,0.000,0.000,0.014,37.705
2026-09-02T08:39:45.578167+07:00,c10_sim,118,9.743,34.958,1.475,0.000,0.018,46.194
2026-09-02T08:39:45.748533+07:00,c10_sim,119,8.788,33.629,1.158,0.000,0.018,43.593
2026-09-02T08:39:45.936226+07:00,c10_sim,120,9.931,34.416,1.181,0.000,0.020,45.548
2026-09-02T08:39:46.121813+07:00,c10_sim,121,10.046,33.011,0.000,0.000,0.012,43.069
2026-09-02T08:39:46.264481+07:00,c10_sim,122,6.257,25.647,0.000,0.000,0.007,31.912
2026-09-02T08:39:46.474359+07:00,c10_sim,123,9.945,32.226,0.000,0.000,0.021,42.193
2026-09-02T08:39:46.634658+07:00,c11_sim,403,7.008,31.585,0.000,0.000,0.023,38.616
2026-09-02T08:39:46.788557+07:00,c11_sim,404,9.660,31.862,0.000,0.000,0.024,41.546
2026-09-02T08:39:46.941371+07:00,c11_sim,405,8.401,29.890,0.000,0.000,0.015,38.305
2026-09-02T08:39:47.094336+07:00,c11_sim,406,9.071,29.652,0.000,0.000,0.011,38.734
2026-09-02T08:39:47.262793+07:00,c11_sim,407,9.729,30.773,0.000,0.000,0.021,40.524
2026-09-02T08:39:47.414814+07:00,c11_sim,408,5.011,27.822,0.000,0.000,0.013,32.846
2026-09-02T08:39:47.578537+07:00,c11_sim,409,9.833,32.300,0.000,0.000,0.019,42.152
2026-09-02T08:39:47.727468+07:00,c11_sim,410,8.403,33.001,0.000,0.000,0.026,41.430
2026-09-02T08:39:47.872368+07:00,c11_sim,411,8.543,33.355,0.000,0.000,0.024,41.922
2026-09-02T08:39:48.006903+07:00,c11_sim,412,9.690,28.040,0.000,0.000,0.011,37.741
2026-09-02T08:39:48.180586+07:00,c11_sim,413,10.016,28.869,0.000,0.000,0.014,38.899
2026-09-02T08:39:48.315224+07:00,c11_sim,414,9.016,29.393,0.000,0.000,0.370,38.779
2026-09-02T08:39:48.479293+07:00,c11_sim,415,10.221,32.241,0.000,0.000,0.027,42.489
2026-09-02T08:39:48.624031+07:00,c11_sim,416,9.722,29.695,0.000,0.000,0.007,39.423
2026-09-02T08:39:48.781631+07:00,c11_sim,417,10.587,27.833,0.000,0.000,0.005,38.425
2026-09-02T08:39:48.942508+07:00,c11_sim,418,9.758,32.249,0.000,0.000,0.006,42.013
2026-09-02T08:39:49.082037+07:00,c11_sim,419,8.998,31.400,0.000,0.000,0.011,40.409
2026-09-02T08:39:49.238279+07:00,c11_sim,420,10.021,31.488,0.000,0.000,0.015,41.525
2026-09-02T08:39:49.378868+07:00,c11_sim,421,8.148,28.553,0.000,0.000,0.007,36.708
2026-09-02T08:39:49.542251+07:00,c11_sim,422,9.084,32.015,0.000,0.000,0.011,41.110
2026-09-02T08:39:49.680223+07:00,c11_sim,423,12.029,28.140,0.000,0.000,0.006,40.174
2026-09-02T08:39:49.854598+07:00,c11_sim,424,11.004,33.583,1.451,0.000,0.008,46.045
2026-09-02T08:39:49.990406+07:00,c11_sim,425,8.213,30.861,0.789,0.000,0.006,39.869
2026-09-02T08:39:50.147809+07:00,c11_sim,426,9.407,33.730,0.732,0.000,0.007,43.877
2026-09-02T08:39:50.368710+07:00,c11_sim,427,11.685,34.843,0.808,55.719,0.084,103.139
2026-09-02T08:39:50.468999+07:00,c11_sim,428,8.687,19.558,0.600,28.194,0.019,57.057
2026-09-02T08:39:50.596432+07:00,c11_sim,429,10.395,28.126,0.000,0.000,0.013,38.535
2026-09-02T08:39:50.819887+07:00,c11_sim,430,10.032,33.319,0.795,48.370,0.018,92.534
2026-09-02T08:39:50.919768+07:00,c11_sim,431,9.014,18.399,0.595,28.398,0.010,56.416
2026-09-02T08:39:51.117503+07:00,c11_sim,432,9.851,31.234,0.652,56.862,0.025,98.624
2026-09-02T08:39:51.222265+07:00,c11_sim,433,12.645,18.991,0.000,0.000,0.018,31.654
2026-09-02T08:39:51.359557+07:00,c11_sim,434,9.695,30.991,0.000,0.000,0.023,40.709
2026-09-02T08:39:51.521194+07:00,c11_sim,435,8.812,32.908,0.000,0.000,0.022,41.742
2026-09-02T08:39:51.665590+07:00,c11_sim,436,10.652,31.591,0.000,0.000,0.022,42.265
2026-09-02T08:39:51.833832+07:00,c11_sim,437,9.066,31.322,0.000,0.000,0.024,40.412
2026-09-02T08:39:52.019453+07:00,c11_sim,438,8.886,31.085,0.723,50.424,0.025,91.143
2026-09-02T08:39:52.144429+07:00,c11_sim,439,9.323,20.930,0.611,28.141,0.014,59.019
2026-09-02T08:39:52.350950+07:00,c11_sim,440,8.628,32.819,0.781,56.516,0.023,98.766
2026-09-02T08:39:52.441904+07:00,c11_sim,441,9.493,17.639,0.621,28.233,0.020,56.006
2026-09-02T08:39:52.634407+07:00,c11_sim,442,10.174,31.357,0.603,56.439,0.021,98.595
2026-09-02T08:39:52.751544+07:00,c11_sim,443,10.960,16.060,0.525,27.370,0.014,54.929
2026-09-02T08:39:52.950851+07:00,c11_sim,444,9.792,33.980,1.021,57.610,0.023,102.427
2026-09-02T08:39:53.048863+07:00,c11_sim,445,10.268,15.060,0.507,26.544,0.014,52.395
2026-09-02T08:39:53.237275+07:00,c11_sim,446,8.692,35.334,1.048,47.772,0.023,92.868
2026-09-02T08:39:53.417933+07:00,c11_sim,447,9.380,33.667,1.146,56.086,0.023,100.303
2026-09-02T08:39:53.511803+07:00,c11_sim,448,9.396,18.376,0.684,28.626,0.020,57.102
2026-09-02T08:39:53.718032+07:00,c11_sim,449,10.538,35.623,1.131,56.101,0.034,103.428
2026-09-02T08:39:53.825977+07:00,c11_sim,450,9.607,20.582,0.699,28.661,0.027,59.574
2026-09-02T08:39:53.961009+07:00,c11_sim,451,9.575,21.253,0.593,28.516,0.030,59.968
2026-09-02T08:39:54.167760+07:00,c11_sim,452,9.434,34.211,1.109,56.084,0.029,100.867
2026-09-02T08:39:54.272887+07:00,c11_sim,453,7.935,18.010,2.977,28.591,0.021,57.534
2026-09-02T08:39:54.467413+07:00,c11_sim,454,10.965,31.573,0.712,56.457,0.033,99.741
2026-09-02T08:39:54.600747+07:00,c11_sim,455,11.965,20.470,0.613,28.357,0.024,61.429
2026-09-02T08:39:54.737571+07:00,c11_sim,456,7.912,20.072,0.651,28.233,0.017,56.886
2026-09-02T08:39:54.904648+07:00,c11_sim,457,8.304,22.210,0.790,41.540,0.035,72.877
2026-09-02T08:39:55.034798+07:00,c11_sim,458,10.429,20.790,0.521,36.608,0.024,68.371
2026-09-02T08:39:55.234751+07:00,c11_sim,459,9.487,33.599,0.503,56.371,0.035,99.996
2026-09-02T08:39:55.359071+07:00,c11_sim,460,9.786,22.180,0.713,28.727,0.030,61.437
2026-09-02T08:39:55.552331+07:00,c11_sim,461,9.200,36.075,1.015,52.829,0.034,99.154
2026-09-02T08:39:55.661245+07:00,c11_sim,462,9.926,20.676,0.595,28.393,0.032,59.622
2026-09-02T08:39:55.797871+07:00,c11_sim,463,9.933,15.539,0.488,26.837,0.023,52.820
2026-09-02T08:39:55.986125+07:00,c11_sim,464,9.662,30.280,0.601,48.860,0.026,89.428
2026-09-02T08:39:56.063217+07:00,c11_sim,465,9.098,17.444,0.000,0.000,0.012,26.553
2026-09-02T08:39:56.239654+07:00,c11_sim,466,8.242,31.810,0.000,0.000,0.026,40.078
2026-09-02T08:39:56.453901+07:00,c11_sim,467,9.162,34.849,1.013,48.597,0.036,93.658
2026-09-02T08:39:56.515907+07:00,c11_sim,468,9.833,17.925,0.487,0.004,0.012,28.261
2026-09-02T08:39:56.753801+07:00,c11_sim,469,8.336,34.361,0.754,47.967,0.033,91.452
2026-09-02T08:39:56.857593+07:00,c11_sim,470,8.744,19.859,0.459,28.056,0.022,57.140
2026-09-02T08:39:57.051726+07:00,c11_sim,471,8.862,33.871,1.001,54.645,0.034,98.412
2026-09-02T08:39:57.154995+07:00,c11_sim,472,9.167,16.152,0.378,26.646,0.025,52.368
2026-09-02T08:39:57.352864+07:00,c11_sim,473,9.195,31.341,0.617,50.426,0.032,91.612
2026-09-02T08:39:57.473472+07:00,c11_sim,474,9.200,20.040,0.557,28.463,0.021,58.281
2026-09-02T08:39:57.668388+07:00,c11_sim,475,11.429,34.994,1.047,54.565,0.036,102.072
2026-09-02T08:39:57.767247+07:00,c11_sim,476,11.071,18.321,0.546,28.470,0.028,58.436
2026-09-02T08:39:57.969271+07:00,c11_sim,477,11.952,34.787,1.070,52.166,0.032,100.007
2026-09-02T08:39:58.093784+07:00,c11_sim,478,9.737,21.483,0.597,28.751,0.032,60.600
2026-09-02T08:39:58.284712+07:00,c11_sim,479,7.549,33.085,0.570,55.230,0.032,96.467
2026-09-02T08:39:58.351212+07:00,c11_sim,480,9.306,17.474,0.000,0.000,0.011,26.791
2026-09-02T08:39:58.527209+07:00,c11_sim,481,12.028,26.080,0.000,0.000,0.013,38.121
2026-09-02T08:39:58.663748+07:00,c11_sim,482,9.033,27.982,0.000,0.000,0.019,37.034
2026-09-02T08:39:58.822540+07:00,c11_sim,483,9.267,17.338,0.000,0.000,0.009,26.614
2026-09-02T08:39:58.961924+07:00,c11_sim,484,9.730,30.072,0.000,0.000,0.013,39.815
2026-09-02T08:39:59.127570+07:00,c11_sim,485,8.189,30.960,0.000,0.000,0.019,39.168
2026-09-02T08:39:59.324193+07:00,c11_sim,486,9.652,28.076,0.000,0.000,0.011,37.739
2026-09-02T08:39:59.550158+07:00,c11_sim,487,8.838,32.096,0.000,0.000,0.022,40.956
2026-09-02T08:39:59.743565+07:00,c11_sim,488,7.085,28.215,0.000,0.000,0.011,35.311
2026-09-02T08:39:59.947748+07:00,c11_sim,489,10.764,30.731,0.000,0.000,0.021,41.516
2026-09-02T08:40:00.137388+07:00,c11_sim,490,9.690,31.763,0.000,0.000,0.024,41.477
2026-09-02T08:40:00.352035+07:00,c11_sim,491,10.186,32.231,0.000,0.000,0.022,42.439
2026-09-02T08:40:00.540924+07:00,c11_sim,492,9.839,28.044,0.000,0.000,0.012,37.895
2026-09-02T08:40:00.756691+07:00,c11_sim,493,9.866,27.996,0.000,0.000,0.010,37.872
2026-09-02T08:40:00.952724+07:00,c11_sim,494,8.907,31.657,0.000,0.000,0.505,41.068
2026-09-02T08:40:01.140013+07:00,c11_sim,495,9.332,30.973,0.000,0.000,0.018,40.323
2026-09-02T08:40:01.345354+07:00,c11_sim,496,9.584,33.621,0.000,0.000,0.014,43.218
2026-09-02T08:40:01.533441+07:00,c11_sim,497,9.226,29.157,0.000,0.000,0.007,38.389
2026-09-02T08:40:01.755208+07:00,c11_sim,498,10.644,32.290,0.000,0.000,0.011,42.945
2026-09-02T08:40:01.941301+07:00,c11_sim,499,9.482,31.314,0.000,0.000,0.012,40.807
2026-09-02T08:40:02.153249+07:00,c11_sim,500,9.661,33.793,0.000,0.000,0.013,43.468
2026-09-02T08:40:02.336377+07:00,c11_sim,501,9.463,31.600,0.000,0.000,0.005,41.068
2026-09-02T08:40:02.531837+07:00,c11_sim,502,7.857,28.099,0.000,0.000,0.005,35.961
2026-09-02T08:40:02.745441+07:00,c9_sim,259,6.783,32.056,0.000,0.000,0.022,38.860
2026-09-02T08:40:02.956099+07:00,c9_sim,260,8.552,30.249,0.000,0.000,0.013,38.815
2026-09-02T08:40:03.157986+07:00,c9_sim,261,9.106,31.786,0.000,0.000,0.019,40.911
2026-09-02T08:40:03.349348+07:00,c9_sim,262,8.257,32.030,0.000,0.000,0.023,40.309
2026-09-02T08:40:03.547933+07:00,c9_sim,263,9.002,31.818,0.000,0.000,0.024,40.845
2026-09-02T08:40:03.737697+07:00,c9_sim,264,8.234,30.445,0.000,0.000,0.009,38.689
2026-09-02T08:40:03.955280+07:00,c9_sim,265,9.594,29.996,0.000,0.000,0.017,39.607
2026-09-02T08:40:04.146727+07:00,c9_sim,266,8.491,29.333,0.000,0.000,0.010,37.834
2026-09-02T08:40:04.356185+07:00,c9_sim,267,9.447,31.521,0.000,0.000,0.012,40.980
2026-09-02T08:40:04.561203+07:00,c9_sim,268,8.267,32.278,0.000,0.000,0.020,40.565
2026-09-02T08:40:04.763997+07:00,c9_sim,269,8.786,31.795,0.000,0.000,0.022,40.603
2026-09-02T08:40:04.955259+07:00,c9_sim,270,9.163,32.469,0.000,0.000,0.023,41.656
2026-09-02T08:40:05.146585+07:00,c9_sim,271,8.222,28.579,0.000,0.000,0.010,36.811
2026-09-02T08:40:05.371322+07:00,c9_sim,272,8.181,29.200,0.000,0.000,0.543,37.924
2026-09-02T08:40:05.563657+07:00,c9_sim,273,9.105,32.377,0.000,0.000,0.106,41.588
2026-09-02T08:40:05.765488+07:00,c9_sim,274,8.408,32.323,0.000,0.000,0.013,40.744
2026-09-02T08:40:05.954656+07:00,c9_sim,275,8.250,31.175,0.000,0.000,0.011,39.437
2026-09-02T08:40:06.169550+07:00,c9_sim,276,7.852,30.727,0.000,0.000,0.006,38.585
2026-09-02T08:40:06.371473+07:00,c9_sim,277,8.832,32.581,0.000,0.000,0.011,41.423
2026-09-02T08:40:06.567061+07:00,c9_sim,278,9.390,31.926,0.000,0.000,0.013,41.328
2026-09-02T08:40:06.767704+07:00,c9_sim,279,8.547,32.425,0.000,0.000,0.011,40.983
2026-09-02T08:40:06.957235+07:00,c9_sim,280,8.692,29.957,0.000,0.000,0.005,38.654
2026-09-02T08:40:07.171755+07:00,c9_sim,281,9.183,32.255,0.000,0.000,0.012,41.449
2026-09-02T08:40:07.348011+07:00,c9_sim,282,8.631,29.501,0.000,0.000,0.006,38.138
2026-09-02T08:40:07.565409+07:00,c9_sim,283,10.173,31.604,0.000,0.000,0.009,41.786
2026-09-02T08:40:07.757846+07:00,c9_sim,284,8.710,30.186,1.263,0.000,0.006,40.164
2026-09-02T08:40:07.964162+07:00,c9_sim,285,8.606,31.852,0.000,0.000,0.007,40.466
2026-09-02T08:40:08.159619+07:00,c9_sim,286,8.868,31.575,0.000,0.000,0.009,40.452
2026-09-02T08:40:08.365912+07:00,c9_sim,287,9.509,30.807,0.000,0.000,0.006,40.322
2026-09-02T08:40:08.566514+07:00,c9_sim,288,7.830,32.240,0.000,0.000,0.010,40.080
2026-09-02T08:40:08.760116+07:00,c9_sim,289,8.368,34.481,1.060,0.000,0.010,43.920
2026-09-02T08:40:08.955936+07:00,c9_sim,290,9.918,31.564,0.000,0.000,0.010,41.493
2026-09-02T08:40:09.146975+07:00,c9_sim,291,8.636,32.335,0.000,0.000,0.011,40.982
2026-09-02T08:40:09.362689+07:00,c9_sim,292,8.172,32.550,0.000,0.000,0.011,40.733
2026-09-02T08:40:09.562050+07:00,c9_sim,293,8.833,31.809,0.000,0.000,0.012,40.654
2026-09-02T08:40:09.760492+07:00,c9_sim,294,7.820,34.469,1.020,0.000,0.009,43.317
2026-09-02T08:40:09.956249+07:00,c9_sim,295,8.896,32.549,0.000,0.000,0.010,41.456
2026-09-02T08:40:10.163848+07:00,c9_sim,296,8.816,28.429,0.000,0.000,0.005,37.251
2026-09-02T08:40:10.346520+07:00,c9_sim,297,8.924,31.906,0.000,0.000,0.010,40.840
2026-09-02T08:40:10.560793+07:00,c9_sim,298,9.558,31.784,0.000,0.000,0.011,41.352
2026-09-02T08:40:10.819676+07:00,c9_sim,299,8.738,34.366,1.054,51.576,0.051,95.786
2026-09-02T08:40:11.017286+07:00,c9_sim,300,9.401,32.449,0.790,56.367,0.022,99.030
2026-09-02T08:40:11.217606+07:00,c9_sim,301,8.561,34.817,1.164,55.405,0.022,99.969
2026-09-02T08:40:11.417017+07:00,c9_sim,302,8.171,31.507,0.843,56.802,0.021,97.344
2026-09-02T08:40:11.601423+07:00,c9_sim,303,7.930,31.622,0.576,53.367,0.023,93.518
2026-09-02T08:40:11.798614+07:00,c9_sim,304,5.911,17.879,0.522,40.016,0.016,64.343
2026-09-02T08:40:12.017471+07:00,c9_sim,305,8.939,32.117,0.592,54.388,0.022,96.058
2026-09-02T08:40:12.200518+07:00,c9_sim,306,4.665,30.187,0.564,54.501,0.014,89.932
2026-09-02T08:40:12.433335+07:00,c9_sim,307,6.851,34.122,0.748,58.140,0.021,99.883
2026-09-02T08:40:12.633697+07:00,c9_sim,308,7.449,34.352,1.004,57.785,0.023,100.614
2026-09-02T08:40:12.833271+07:00,c9_sim,309,9.205,35.646,1.177,58.775,0.034,104.838
2026-09-02T08:40:12.965463+07:00,c9_sim,310,8.204,20.381,0.612,27.843,0.014,57.053
2026-09-02T08:40:13.219670+07:00,c9_sim,311,8.309,34.694,1.071,49.601,0.021,93.696
2026-09-02T08:40:13.416861+07:00,c9_sim,312,8.115,34.735,1.152,57.609,0.022,101.633
2026-09-02T08:40:13.618517+07:00,c9_sim,313,10.257,34.987,0.697,51.927,0.020,97.888
2026-09-02T08:40:13.802848+07:00,c9_sim,314,9.583,34.618,0.969,49.234,0.022,94.426
2026-09-02T08:40:14.019243+07:00,c9_sim,315,8.510,35.602,1.064,51.009,0.034,96.219
2026-09-02T08:40:14.218469+07:00,c9_sim,316,8.315,35.240,1.200,52.623,0.031,97.410
2026-09-02T08:40:14.401865+07:00,c9_sim,317,7.989,33.743,1.225,51.949,0.031,94.937
2026-09-02T08:40:14.633955+07:00,c9_sim,318,8.332,33.062,0.757,55.829,0.034,98.013
2026-09-02T08:40:14.819747+07:00,c9_sim,319,8.217,35.128,0.925,48.440,0.030,92.740
2026-09-02T08:40:14.983921+07:00,c9_sim,320,9.067,18.980,0.747,40.847,0.028,69.669
2026-09-02T08:40:15.187041+07:00,c9_sim,321,8.226,22.395,0.860,41.000,0.035,72.516
2026-09-02T08:40:15.402295+07:00,c9_sim,322,7.273,32.977,0.793,50.433,0.030,91.507
2026-09-02T08:40:15.619067+07:00,c9_sim,323,6.122,33.451,0.925,50.943,0.031,91.471
2026-09-02T08:40:15.802813+07:00,c9_sim,324,6.748,34.811,1.091,49.254,0.032,91.936
2026-09-02T08:40:16.000564+07:00,c9_sim,325,8.929,34.172,0.993,55.354,0.029,99.478
2026-09-02T08:40:16.217587+07:00,c9_sim,326,10.858,33.074,0.908,53.491,0.030,98.361
2026-09-02T08:40:16.402243+07:00,c9_sim,327,8.147,32.059,0.699,50.432,0.031,91.368
2026-09-02T08:40:16.585342+07:00,c9_sim,328,7.547,30.355,0.536,50.141,0.033,88.611
2026-09-02T08:40:16.816330+07:00,c9_sim,329,8.755,33.620,0.902,59.134,0.032,102.442
2026-09-02T08:40:17.016448+07:00,c9_sim,330,10.079,35.040,1.029,58.731,0.033,104.913
2026-09-02T08:40:17.201795+07:00,c9_sim,331,8.082,34.160,0.654,50.710,0.028,93.634
2026-09-02T08:40:17.402644+07:00,c9_sim,332,8.946,34.107,0.893,49.535,0.031,93.512
2026-09-02T08:40:17.633432+07:00,c9_sim,333,10.151,33.983,0.998,58.107,0.032,103.272
2026-09-02T08:40:17.834206+07:00,c9_sim,334,8.987,34.486,0.640,54.873,0.031,99.017
2026-09-02T08:40:18.018852+07:00,c9_sim,335,7.836,33.538,0.558,49.385,0.027,91.343
2026-09-02T08:40:18.216895+07:00,c9_sim,336,7.868,34.672,0.945,58.204,0.032,101.720
2026-09-02T08:40:18.360333+07:00,c9_sim,337,8.949,34.910,1.069,0.006,0.028,44.962
2026-09-02T08:40:18.633088+07:00,c9_sim,338,8.352,36.466,1.022,58.813,0.049,104.703
2026-09-02T08:40:18.755468+07:00,c9_sim,339,7.029,20.183,0.509,28.230,0.025,55.976
2026-09-02T08:40:19.002946+07:00,c9_sim,340,8.732,34.600,0.954,47.926,0.033,92.245
2026-09-02T08:40:19.156454+07:00,c9_sim,341,9.460,31.326,0.000,0.000,0.023,40.809
2026-09-02T08:40:19.360340+07:00,c9_sim,342,8.231,32.457,0.000,0.000,0.021,40.709
2026-09-02T08:40:19.557083+07:00,c9_sim,343,8.079,31.661,0.000,0.000,0.022,39.762
2026-09-02T08:40:19.779770+07:00,c8_sim,129,7.854,35.212,1.629,0.000,0.020,44.716
2026-09-02T08:40:19.968496+07:00,c8_sim,130,13.088,31.256,0.642,0.000,0.012,44.998
2026-09-02T08:40:20.164799+07:00,c8_sim,131,10.052,33.220,0.661,0.000,0.012,43.945
2026-09-02T08:40:20.435266+07:00,c8_sim,132,11.023,30.889,0.690,52.770,0.114,95.486
2026-09-02T08:40:20.571436+07:00,c8_sim,133,10.123,34.387,1.004,0.005,0.021,45.541
2026-09-02T08:40:20.818686+07:00,c8_sim,134,9.096,34.813,1.032,52.387,0.022,97.349
2026-09-02T08:40:21.033201+07:00,c8_sim,135,9.929,33.805,1.102,59.051,0.027,103.914
2026-09-02T08:40:21.233790+07:00,c8_sim,136,9.810,35.236,1.219,56.712,0.025,103.002
2026-09-02T08:40:21.416741+07:00,c8_sim,137,10.203,30.324,0.592,56.295,0.020,97.435
2026-09-02T08:40:21.602176+07:00,c8_sim,138,10.149,19.930,0.797,41.513,0.025,72.413
2026-09-02T08:40:21.854228+07:00,c8_sim,139,7.590,32.680,0.587,79.563,0.044,120.463
2026-09-02T08:40:21.954049+07:00,c8_sim,140,10.376,20.607,0.000,0.000,0.024,31.007
2026-09-02T08:40:22.219495+07:00,c8_sim,141,9.791,32.989,0.584,46.526,0.021,89.912
2026-09-02T08:40:22.417963+07:00,c8_sim,142,8.839,33.933,0.691,57.731,0.442,101.635
2026-09-02T08:40:22.636008+07:00,c8_sim,143,10.231,35.777,1.001,49.337,0.054,96.400
2026-09-02T08:40:22.774429+07:00,c8_sim,144,10.097,31.868,0.000,0.000,0.023,41.988
2026-09-02T08:40:23.018748+07:00,c8_sim,145,10.657,34.959,1.116,50.193,0.018,96.943
2026-09-02T08:40:23.250224+07:00,c8_sim,146,11.321,33.823,0.648,56.483,0.021,102.296
2026-09-02T08:40:23.378368+07:00,c8_sim,147,9.873,17.889,0.483,27.305,0.016,55.566
2026-09-02T08:40:23.633394+07:00,c8_sim,148,10.908,30.451,0.500,56.563,0.023,98.445
2026-09-02T08:40:23.819129+07:00,c8_sim,149,10.321,34.148,0.840,49.958,0.023,95.290
2026-09-02T08:40:24.016174+07:00,c8_sim,150,11.671,30.371,0.550,56.540,0.017,99.148
2026-09-02T08:40:24.250571+07:00,c8_sim,151,12.101,35.963,0.820,55.334,0.044,104.262
2026-09-02T08:40:24.434868+07:00,c8_sim,152,11.077,35.079,1.037,52.043,0.035,99.272
2026-09-02T08:40:24.567551+07:00,c8_sim,153,10.824,31.486,0.000,0.000,0.024,42.334
2026-09-02T08:40:24.835688+07:00,c8_sim,154,7.450,34.671,1.045,49.911,0.032,93.109
2026-09-02T08:40:24.998701+07:00,c8_sim,155,10.155,17.694,0.582,40.551,0.030,69.011
2026-09-02T08:40:25.218873+07:00,c8_sim,156,9.737,31.368,0.661,48.368,0.023,90.157
2026-09-02T08:40:25.434377+07:00,c8_sim,157,7.762,30.470,0.574,51.959,0.019,90.783
2026-09-02T08:40:25.582071+07:00,c8_sim,158,10.670,28.614,0.000,0.000,0.010,39.294
2026-09-02T08:40:25.765224+07:00,c8_sim,159,7.628,31.818,0.000,0.000,0.022,39.468
2026-09-02T08:40:25.984231+07:00,c8_sim,160,9.038,32.039,0.000,0.000,0.022,41.099
2026-09-02T08:40:26.176620+07:00,c8_sim,161,9.108,31.343,0.000,0.000,0.023,40.474
2026-09-02T08:40:26.366910+07:00,c8_sim,162,10.787,32.313,0.000,0.000,0.024,43.125
2026-09-02T08:40:26.580284+07:00,c8_sim,163,10.608,31.217,0.000,0.000,0.009,41.834
2026-09-02T08:40:26.777398+07:00,c8_sim,164,9.105,36.140,0.000,0.000,0.026,45.271
2026-09-02T08:40:26.961443+07:00,c8_sim,165,7.060,33.609,0.000,0.000,0.016,40.685
2026-09-02T08:40:27.169938+07:00,c8_sim,166,10.584,33.235,0.000,0.000,0.020,43.839
2026-09-02T08:40:27.357026+07:00,c8_sim,167,8.650,32.939,0.000,0.000,0.011,41.600
2026-09-02T08:40:27.573296+07:00,c8_sim,168,10.656,35.613,0.000,0.000,0.020,46.290
2026-09-02T08:40:27.758446+07:00,c8_sim,169,9.214,30.999,0.000,0.000,0.013,40.226
2026-09-02T08:40:27.963900+07:00,c8_sim,170,10.737,28.365,0.000,0.000,0.008,39.110
2026-09-02T08:40:28.179828+07:00,c8_sim,171,10.949,31.658,0.000,0.000,0.028,42.635
2026-09-02T08:40:28.373413+07:00,c8_sim,172,10.815,31.890,0.000,0.000,0.520,43.225
2026-09-02T08:40:28.559160+07:00,c8_sim,173,10.723,31.559,0.000,0.000,0.018,42.300
2026-09-02T08:40:28.782435+07:00,c8_sim,174,9.228,32.470,0.000,0.000,0.011,41.708
2026-09-02T08:40:28.981401+07:00,c8_sim,175,11.010,32.256,0.000,0.000,0.012,43.278
2026-09-02T08:40:29.180688+07:00,c8_sim,176,11.575,34.275,0.000,0.000,0.012,45.862
2026-09-02T08:40:29.357531+07:00,c8_sim,177,9.982,31.606,0.000,0.000,0.015,41.603
2026-09-02T08:40:29.578693+07:00,c8_sim,178,10.001,32.559,0.000,0.000,0.012,42.573
2026-09-02T08:40:29.764682+07:00,c8_sim,179,9.335,31.710,0.000,0.000,0.011,41.057
2026-09-02T08:40:29.970256+07:00,c8_sim,180,10.776,14.526,0.000,0.000,0.004,25.307
2026-09-02T08:40:30.180933+07:00,c8_sim,181,12.417,28.534,0.000,0.000,0.006,40.957
2026-09-02T08:40:30.371692+07:00,c8_sim,182,10.502,28.217,0.000,0.000,0.006,38.724
2026-09-02T08:40:30.588399+07:00,c8_sim,183,10.023,32.764,0.000,0.000,0.012,42.800
2026-09-02T08:40:30.763712+07:00,c8_sim,184,10.715,29.778,0.000,0.000,0.006,40.499
2026-09-02T08:40:30.959235+07:00,c8_sim,185,10.153,31.387,0.000,0.000,0.012,41.551
2026-09-02T08:40:31.174111+07:00,c8_sim,186,10.483,28.664,0.000,0.000,0.006,39.153
2026-09-02T08:40:31.381667+07:00,c8_sim,187,11.399,31.045,0.000,0.000,0.013,42.457
2026-09-02T08:40:31.575226+07:00,c8_sim,188,10.552,29.406,0.000,0.000,0.008,39.966
2026-09-02T08:40:31.782537+07:00,c10_sim,124,7.099,34.320,3.572,0.000,0.018,45.010
2026-09-02T08:40:31.977865+07:00,c10_sim,125,12.335,33.689,0.842,0.000,0.013,46.879
2026-09-02T08:40:32.251450+07:00,c10_sim,126,9.690,35.955,1.008,56.015,0.081,102.749
2026-09-02T08:40:32.395738+07:00,c10_sim,127,10.608,35.629,1.218,0.007,0.022,47.484
2026-09-02T08:40:32.649736+07:00,c10_sim,128,9.434,34.933,1.138,58.484,0.024,104.013
2026-09-02T08:40:32.834359+07:00,c10_sim,129,9.082,33.679,1.301,53.035,0.022,97.119
2026-09-02T08:40:33.034447+07:00,c10_sim,130,9.073,32.190,0.853,51.457,0.017,93.590
2026-09-02T08:40:33.219659+07:00,c10_sim,131,8.763,30.881,0.663,46.000,0.233,86.540
2026-09-02T08:40:33.450900+07:00,c10_sim,132,9.494,35.934,1.155,54.261,0.030,100.874
2026-09-02T08:40:33.650289+07:00,c10_sim,133,10.438,31.778,0.816,56.076,0.021,99.129
2026-09-02T08:40:33.833591+07:00,c10_sim,134,9.030,33.746,0.577,55.279,0.023,98.654
2026-09-02T08:40:34.049222+07:00,c10_sim,135,10.717,35.203,1.040,59.398,0.026,106.383
2026-09-02T08:40:34.234835+07:00,c10_sim,136,9.676,33.945,0.758,49.731,0.026,94.136
2026-09-02T08:40:34.434220+07:00,c10_sim,137,8.028,35.159,0.721,53.153,0.022,97.082
2026-09-02T08:40:34.619167+07:00,c10_sim,138,8.217,35.907,1.004,48.401,0.019,93.548
2026-09-02T08:40:34.834351+07:00,c10_sim,139,6.746,37.765,1.079,53.848,0.022,99.461
2026-09-02T08:40:35.049642+07:00,c10_sim,140,6.670,35.626,1.102,57.342,0.021,100.762
2026-09-02T08:40:35.183957+07:00,c10_sim,141,6.547,18.725,0.579,28.333,0.020,54.204
2026-09-02T08:40:35.391815+07:00,c10_sim,142,6.922,34.516,1.300,0.007,0.024,42.770
2026-09-02T08:40:35.589484+07:00,c10_sim,143,6.848,34.538,1.050,0.007,0.025,42.467
2026-09-02T08:40:35.790444+07:00,c10_sim,144,6.701,35.875,1.075,0.007,0.024,43.681
2026-09-02T08:40:35.982710+07:00,c10_sim,145,6.600,36.318,1.143,0.007,0.024,44.093
2026-09-02T08:40:36.190099+07:00,c10_sim,146,6.666,36.857,1.181,0.007,0.023,44.733
2026-09-02T08:40:36.380943+07:00,c10_sim,147,6.637,34.651,1.095,0.007,0.026,42.417
2026-09-02T08:40:36.583662+07:00,c10_sim,148,6.424,34.734,1.086,0.006,0.023,42.273
2026-09-02T08:40:36.775802+07:00,c10_sim,149,6.626,32.324,0.000,0.000,0.024,38.973
2026-09-02T08:40:36.969125+07:00,c10_sim,150,6.514,31.845,0.000,0.000,0.022,38.381
2026-09-02T08:40:37.187495+07:00,c10_sim,151,6.559,32.664,0.000,0.000,0.023,39.245
2026-09-02T08:40:37.387700+07:00,c10_sim,152,6.585,33.386,0.000,0.000,0.016,39.987
2026-09-02T08:40:37.581897+07:00,c10_sim,153,6.687,31.377,0.000,0.000,0.014,38.078
2026-09-02T08:40:37.780861+07:00,c12_sim,39,5.983,31.746,0.000,0.000,0.012,37.740
2026-09-02T08:40:38.067932+07:00,c12_sim,40,12.082,35.407,1.137,54.266,0.110,103.002
2026-09-02T08:40:38.168205+07:00,c12_sim,41,6.184,16.435,0.000,0.000,0.014,22.633
2026-09-02T08:40:38.393004+07:00,c12_sim,42,6.535,33.629,0.693,0.005,0.018,40.880
2026-09-02T08:40:38.574346+07:00,c12_sim,43,6.019,31.959,0.000,0.000,0.018,37.996
2026-09-02T08:40:38.788685+07:00,c12_sim,44,5.852,31.782,0.000,0.000,0.020,37.653
2026-09-02T08:40:38.996342+07:00,c12_sim,45,6.437,31.655,0.000,0.000,0.019,38.110
2026-09-02T08:40:39.195277+07:00,c12_sim,46,5.966,40.450,0.000,0.000,0.021,46.437
2026-09-02T08:40:39.389295+07:00,c12_sim,47,6.011,28.324,0.000,0.000,0.012,34.346
2026-09-02T08:40:39.572550+07:00,c12_sim,48,5.965,30.402,0.000,0.000,0.015,36.383
2026-09-02T08:40:39.801596+07:00,c11_sim,503,6.355,31.554,0.000,0.000,0.011,37.919
2026-09-02T08:40:39.994730+07:00,c11_sim,504,6.838,33.584,0.000,0.000,0.011,40.433
2026-09-02T08:40:40.201724+07:00,c11_sim,505,6.581,31.686,0.000,0.000,0.011,38.278
2026-09-02T08:40:40.390007+07:00,c11_sim,506,6.883,30.779,0.000,0.000,0.006,37.667
2026-09-02T08:40:40.596516+07:00,c11_sim,507,6.782,31.989,0.000,0.000,0.009,38.780
2026-09-02T08:40:40.811484+07:00,c11_sim,508,10.318,21.595,1.122,0.000,0.012,33.047
2026-09-02T08:40:40.994264+07:00,c11_sim,509,7.822,28.072,0.000,0.000,0.007,35.900
2026-09-02T08:40:41.213013+07:00,c11_sim,510,9.723,30.821,0.821,0.000,0.007,41.372
2026-09-02T08:40:41.410636+07:00,c11_sim,511,9.514,31.731,0.000,0.000,0.008,41.253
2026-09-02T08:40:41.595606+07:00,c11_sim,512,9.750,28.381,0.000,0.000,0.005,38.136
2026-09-02T08:40:41.813625+07:00,c11_sim,513,9.108,34.007,1.094,0.000,0.008,44.217
2026-09-02T08:40:42.006389+07:00,c11_sim,514,10.111,34.258,1.046,0.006,0.079,45.500
2026-09-02T08:40:42.252412+07:00,c11_sim,515,9.486,32.981,0.821,47.824,0.019,91.131
2026-09-02T08:40:42.450687+07:00,c11_sim,516,9.802,34.413,1.056,54.027,0.024,99.322
2026-09-02T08:40:42.683704+07:00,c11_sim,517,10.882,36.028,1.195,54.284,0.024,102.412
2026-09-02T08:40:42.817245+07:00,c11_sim,518,9.335,19.561,0.566,27.776,0.015,57.253
2026-09-02T08:40:43.065425+07:00,c11_sim,519,10.042,33.863,0.620,57.539,0.018,102.082
2026-09-02T08:40:43.251876+07:00,c11_sim,520,9.402,33.858,0.749,47.098,0.015,91.122
2026-09-02T08:40:43.418113+07:00,c11_sim,521,10.769,29.904,0.000,0.000,0.009,40.682
2026-09-02T08:40:43.604039+07:00,c11_sim,522,10.597,28.860,0.000,0.000,0.011,39.468
2026-09-02T08:40:43.868040+07:00,c11_sim,523,10.459,33.772,1.107,51.379,0.022,96.740
2026-09-02T08:40:44.006912+07:00,c11_sim,524,8.895,30.546,0.000,0.000,0.010,39.452
2026-09-02T08:40:44.250224+07:00,c11_sim,525,10.582,32.807,0.765,53.121,0.015,97.291
2026-09-02T08:40:44.450886+07:00,c11_sim,526,8.882,33.864,1.058,52.852,0.023,96.679
2026-09-02T08:40:44.603455+07:00,c11_sim,527,10.727,30.202,0.000,0.000,0.010,40.940
2026-09-02T08:40:44.867354+07:00,c11_sim,528,9.811,36.469,1.215,52.868,0.025,100.388
2026-09-02T08:40:45.068571+07:00,c11_sim,529,8.119,34.399,1.093,49.601,0.021,93.233
2026-09-02T08:40:45.267979+07:00,c11_sim,530,9.797,35.790,1.092,51.508,0.022,98.208
2026-09-02T08:40:45.450196+07:00,c11_sim,531,9.442,34.714,1.032,54.697,0.022,99.907
2026-09-02T08:40:45.607955+07:00,c11_sim,532,10.053,30.526,0.000,0.000,0.017,40.595
2026-09-02T08:40:45.882529+07:00,c11_sim,533,10.549,34.415,0.798,58.079,0.023,103.863
2026-09-02T08:40:46.069009+07:00,c11_sim,534,8.170,33.722,0.959,48.559,0.022,91.432
2026-09-02T08:40:46.201987+07:00,c11_sim,535,9.403,31.781,0.000,0.000,0.024,41.207
2026-09-02T08:40:46.467464+07:00,c11_sim,536,9.138,34.748,1.039,52.995,0.020,97.940
2026-09-02T08:40:46.686602+07:00,c11_sim,537,9.962,31.091,0.724,79.449,0.049,121.275
2026-09-02T08:40:46.883225+07:00,c11_sim,538,10.199,35.621,0.991,56.104,0.041,102.955
2026-09-02T08:40:47.068062+07:00,c11_sim,539,9.457,34.381,1.183,50.795,0.034,95.850
2026-09-02T08:40:47.266494+07:00,c11_sim,540,9.705,35.120,1.144,55.375,0.033,101.376
2026-09-02T08:40:47.465687+07:00,c11_sim,541,9.830,34.334,1.114,59.833,0.034,105.144
2026-09-02T08:40:47.651476+07:00,c11_sim,542,10.328,32.718,0.834,50.550,0.032,94.462
2026-09-02T08:40:47.865737+07:00,c11_sim,543,9.448,34.186,0.977,59.240,0.034,103.885
2026-09-02T08:40:48.051493+07:00,c11_sim,544,9.868,34.153,1.020,49.257,0.031,94.329
2026-09-02T08:40:48.266769+07:00,c11_sim,545,8.912,34.729,1.067,54.427,0.030,99.166
2026-09-02T08:40:48.467956+07:00,c11_sim,546,9.542,35.662,1.093,51.571,0.035,97.904
2026-09-02T08:40:48.667864+07:00,c11_sim,547,9.598,34.289,1.376,51.838,0.033,97.133
2026-09-02T08:40:48.865971+07:00,c11_sim,548,5.097,33.658,1.017,57.482,0.033,97.286
2026-09-02T08:40:49.065625+07:00,c11_sim,549,10.088,34.361,0.987,58.228,0.031,103.696
2026-09-02T08:40:49.268115+07:00,c11_sim,550,11.457,34.319,1.064,50.704,0.032,97.575
2026-09-02T08:40:49.465617+07:00,c11_sim,551,8.986,33.249,0.735,58.065,0.021,101.056
2026-09-02T08:40:49.605412+07:00,c11_sim,552,10.187,34.386,1.137,0.000,0.010,45.720
2026-09-02T08:40:49.819509+07:00,c11_sim,553,8.406,34.580,0.962,0.000,0.014,43.962
2026-09-02T08:40:50.028215+07:00,c11_sim,554,11.236,35.370,1.044,0.000,0.018,47.669
2026-09-02T08:40:50.235710+07:00,c11_sim,555,9.859,30.628,0.603,46.396,0.096,87.583
2026-09-02T08:40:50.465675+07:00,c11_sim,556,9.364,34.938,0.971,59.293,0.022,104.588
2026-09-02T08:40:50.603572+07:00,c11_sim,557,8.938,32.078,0.744,0.005,0.018,41.783
2026-09-02T08:40:50.796820+07:00,c11_sim,558,5.088,30.504,0.520,0.005,0.017,36.133
2026-09-02T08:40:51.006066+07:00,c11_sim,559,9.517,31.626,0.000,0.000,0.021,41.163
2026-09-02T08:40:51.195132+07:00,c11_sim,560,8.562,25.331,0.000,0.000,0.014,33.907
2026-09-02T08:40:51.412886+07:00,c11_sim,561,9.336,31.686,0.000,0.000,0.025,41.047
2026-09-02T08:40:51.607062+07:00,c11_sim,562,9.968,31.110,0.000,0.000,0.024,41.103
2026-09-02T08:40:51.828147+07:00,c11_sim,563,7.988,34.956,1.453,0.638,0.033,45.068
2026-09-02T08:40:52.099752+07:00,c11_sim,564,10.112,35.361,0.983,56.627,0.024,103.106
2026-09-02T08:40:52.196324+07:00,c11_sim,565,9.525,20.618,0.811,0.004,0.013,30.972
2026-09-02T08:40:52.467140+07:00,c11_sim,566,10.243,31.018,0.819,53.968,0.225,96.273
2026-09-02T08:40:52.699176+07:00,c11_sim,567,9.499,35.439,1.090,58.423,0.033,104.483
2026-09-02T08:40:52.837206+07:00,c11_sim,568,9.970,33.106,1.645,0.000,0.013,44.733
2026-09-02T08:40:53.033577+07:00,c11_sim,569,10.778,32.346,0.612,0.000,0.011,43.747
2026-09-02T08:40:53.282512+07:00,c11_sim,570,9.305,35.563,1.201,57.020,0.108,103.198
2026-09-02T08:40:53.425143+07:00,c11_sim,571,8.198,30.756,1.468,0.008,0.031,40.460
2026-09-02T08:40:53.666394+07:00,c11_sim,572,10.293,34.523,0.923,55.646,0.023,101.408
2026-09-02T08:40:53.884738+07:00,c11_sim,573,9.569,35.096,1.117,51.141,0.024,96.946
2026-09-02T08:40:54.085192+07:00,c11_sim,574,7.218,34.573,1.040,49.746,0.023,92.600
2026-09-02T08:40:54.281611+07:00,c11_sim,575,7.560,32.830,0.438,56.702,0.024,97.554
2026-09-02T08:40:54.468943+07:00,c11_sim,576,9.679,34.373,1.098,47.258,0.024,92.432
2026-09-02T08:40:54.667394+07:00,c11_sim,577,10.166,34.205,1.123,53.019,0.024,98.537
2026-09-02T08:40:54.882839+07:00,c11_sim,578,8.558,35.578,1.185,56.572,0.026,101.918
2026-09-02T08:40:55.082356+07:00,c11_sim,579,9.561,32.426,0.672,55.698,0.026,98.382
2026-09-02T08:40:55.284488+07:00,c11_sim,580,9.268,34.907,1.151,51.005,0.024,96.354
2026-09-02T08:40:55.468008+07:00,c11_sim,581,9.322,34.389,1.116,50.780,0.022,95.630
2026-09-02T08:40:55.668058+07:00,c11_sim,582,8.977,32.905,0.859,50.633,0.279,93.653
2026-09-02T08:40:55.866655+07:00,c11_sim,583,8.409,34.544,0.986,54.837,0.027,98.803
2026-09-02T08:40:56.067184+07:00,c11_sim,584,9.212,32.950,0.617,51.242,0.020,94.040
2026-09-02T08:40:56.281864+07:00,c11_sim,585,9.842,33.650,1.092,59.393,0.021,103.998
2026-09-02T08:40:56.482741+07:00,c11_sim,586,9.675,35.361,1.121,56.807,0.022,102.987
2026-09-02T08:40:56.668494+07:00,c11_sim,587,8.869,32.401,0.587,46.531,0.027,88.415
2026-09-02T08:40:56.867307+07:00,c11_sim,588,8.492,36.031,0.975,51.281,0.036,96.814
2026-09-02T08:40:57.068681+07:00,c11_sim,589,6.719,36.984,1.054,47.969,0.029,92.755
2026-09-02T08:40:57.216671+07:00,c11_sim,590,7.934,35.426,0.000,0.000,0.017,43.377
2026-09-02T08:40:57.499620+07:00,c11_sim,591,6.728,37.894,1.045,55.469,0.038,101.174
2026-09-02T08:40:57.632156+07:00,c11_sim,592,7.791,20.759,0.610,28.606,0.029,57.796
2026-09-02T08:40:57.884300+07:00,c11_sim,593,9.274,34.439,1.104,51.065,0.038,95.920
2026-09-02T08:40:58.099448+07:00,c11_sim,594,10.356,40.623,1.142,57.756,0.036,109.913
2026-09-02T08:40:58.230147+07:00,c11_sim,595,9.870,16.612,0.637,27.252,0.019,54.391
2026-09-02T08:40:58.483967+07:00,c11_sim,596,9.542,35.459,1.031,52.866,0.038,98.937
2026-09-02T08:40:58.683675+07:00,c11_sim,597,9.802,36.223,1.118,54.012,0.035,101.189
2026-09-02T08:40:58.868872+07:00,c11_sim,598,9.051,34.905,1.063,48.591,0.036,93.646
2026-09-02T08:40:59.085258+07:00,c11_sim,599,10.124,37.744,1.070,48.189,0.040,97.167
2026-09-02T08:40:59.284984+07:00,c11_sim,600,11.386,37.543,1.043,48.454,0.030,98.456
2026-09-02T08:40:59.483422+07:00,c11_sim,601,8.999,32.658,0.725,53.932,0.037,96.351
2026-09-02T08:40:59.683131+07:00,c11_sim,602,10.663,34.045,1.034,55.189,0.035,100.965
2026-09-02T08:40:59.884146+07:00,c11_sim,603,8.618,35.721,1.177,51.261,0.044,96.821
2026-09-02T08:41:00.009063+07:00,c11_sim,604,9.162,31.299,0.000,0.000,0.021,40.482
2026-09-02T08:41:00.227354+07:00,c11_sim,605,10.101,33.196,0.000,0.000,0.026,43.323
2026-09-02T08:41:00.413077+07:00,c11_sim,606,9.158,29.298,0.000,0.000,0.015,38.472
2026-09-02T08:41:00.684973+07:00,c11_sim,607,10.267,36.361,1.086,49.857,0.042,97.612
2026-09-02T08:41:00.883553+07:00,c11_sim,608,9.843,35.650,1.005,54.313,0.036,100.846
2026-09-02T08:41:01.019975+07:00,c11_sim,609,11.724,31.306,0.000,0.000,0.023,43.053
2026-09-02T08:41:01.285885+07:00,c11_sim,610,9.792,36.442,1.077,48.024,0.039,95.373
2026-09-02T08:41:01.503888+07:00,c11_sim,611,10.573,36.443,0.874,80.105,0.051,128.047
2026-09-02T08:41:01.605641+07:00,c11_sim,612,7.869,22.551,0.000,0.000,0.017,30.436
2026-09-02T08:41:01.835607+07:00,c11_sim,613,10.444,36.261,0.000,0.000,0.028,46.733
2026-09-02T08:41:02.035592+07:00,c11_sim,614,9.209,32.918,0.000,0.000,0.017,42.143
2026-09-02T08:41:02.234694+07:00,c11_sim,615,11.078,35.942,0.000,0.000,0.010,47.030
2026-09-02T08:41:02.420807+07:00,c11_sim,616,11.416,34.935,0.000,0.000,0.010,46.361
2026-09-02T08:41:02.700654+07:00,c11_sim,617,10.242,35.851,1.181,53.663,0.033,100.970
2026-09-02T08:41:02.801625+07:00,c11_sim,618,7.058,13.120,0.000,0.000,0.009,20.187
2026-09-02T08:41:03.085218+07:00,c11_sim,619,9.499,34.927,1.085,48.391,0.050,93.953
2026-09-02T08:41:03.268029+07:00,c11_sim,620,9.450,35.349,0.941,49.184,0.026,94.949
2026-09-02T08:41:03.484218+07:00,c11_sim,621,10.371,34.951,0.963,52.026,0.038,98.350
2026-09-02T08:41:03.616417+07:00,c11_sim,622,4.919,14.789,0.380,27.473,0.016,47.577
2026-09-02T08:41:03.899697+07:00,c11_sim,623,9.532,35.528,0.941,55.503,0.039,101.542
2026-09-02T08:41:04.030053+07:00,c11_sim,624,9.812,20.166,0.432,26.940,0.037,57.385
2026-09-02T08:41:04.207952+07:00,c11_sim,625,9.345,28.580,0.000,0.000,0.013,37.939
2026-09-02T08:41:04.433259+07:00,c11_sim,626,10.369,31.820,0.000,0.000,0.018,42.208
2026-09-02T08:41:04.633295+07:00,c11_sim,627,9.464,33.840,0.000,0.000,0.029,43.334
2026-09-02T08:41:04.833180+07:00,c11_sim,628,9.655,33.238,0.000,0.000,0.022,42.916
2026-09-02T08:41:05.024992+07:00,c11_sim,629,9.861,31.709,0.000,0.000,0.013,41.583
2026-09-02T08:41:05.215220+07:00,c11_sim,630,9.831,31.757,0.000,0.000,0.021,41.609
2026-09-02T08:41:05.424158+07:00,c11_sim,631,9.472,29.204,0.000,0.000,0.011,38.686
2026-09-02T08:41:05.619208+07:00,c11_sim,632,9.325,31.887,0.000,0.000,0.019,41.231
2026-09-02T08:41:05.828043+07:00,c11_sim,633,11.104,32.583,0.000,0.000,0.024,43.711
2026-09-02T08:41:06.013742+07:00,c11_sim,634,9.692,27.726,0.000,0.000,0.010,37.428
2026-09-02T08:41:06.237853+07:00,c11_sim,635,10.440,33.929,0.000,0.000,0.022,44.390
2026-09-02T08:41:06.412681+07:00,c11_sim,636,5.363,27.937,0.000,0.000,0.012,33.312
2026-09-02T08:41:06.631944+07:00,c11_sim,637,10.181,31.958,0.000,0.000,0.019,42.159
2026-09-02T08:41:06.824157+07:00,c11_sim,638,11.483,32.206,0.000,0.000,0.023,43.711
2026-09-02T08:41:07.028077+07:00,c11_sim,639,9.884,32.582,0.000,0.000,0.756,43.222
2026-09-02T08:41:07.227418+07:00,c11_sim,640,10.313,31.033,0.000,0.000,0.029,41.375
2026-09-02T08:41:07.434365+07:00,c11_sim,641,11.473,35.561,0.000,0.000,0.011,47.045
2026-09-02T08:41:07.635089+07:00,c11_sim,642,10.401,35.454,0.000,0.000,0.013,45.868
2026-09-02T08:41:07.803184+07:00,c11_sim,643,9.293,29.335,0.000,0.000,0.007,38.635
2026-09-02T08:41:08.022022+07:00,c11_sim,644,8.879,30.586,0.000,0.000,0.005,39.470
2026-09-02T08:41:08.220994+07:00,c11_sim,645,9.627,32.192,0.000,0.000,0.010,41.829
2026-09-02T08:41:08.403197+07:00,c11_sim,646,8.248,15.257,0.000,0.000,0.004,23.509
2026-09-02T08:41:08.623164+07:00,c11_sim,647,12.422,31.814,0.000,0.000,0.009,44.245
2026-09-02T08:41:08.825044+07:00,c11_sim,648,9.226,30.641,0.000,0.000,0.007,39.873
2026-09-02T08:41:09.029208+07:00,c11_sim,649,9.305,33.899,0.000,0.000,0.010,43.214
2026-09-02T08:41:09.216583+07:00,c11_sim,650,9.552,32.300,0.000,0.000,0.011,41.863
2026-09-02T08:41:09.439019+07:00,c11_sim,651,11.326,33.148,0.000,0.000,0.012,44.485
2026-09-02T08:41:09.629270+07:00,c11_sim,652,6.395,28.661,0.000,0.000,0.007,35.062
2026-09-02T08:41:09.814845+07:00,c12_sim,49,8.893,28.299,0.000,0.000,0.011,37.202
2026-09-02T08:41:10.028869+07:00,c12_sim,50,7.260,30.026,0.000,0.000,0.017,37.303
2026-09-02T08:41:10.249731+07:00,c12_sim,51,8.871,33.902,0.000,0.000,0.021,42.793
2026-09-02T08:41:10.423220+07:00,c12_sim,52,9.400,30.060,0.000,0.000,0.011,39.472
2026-09-02T08:41:10.631852+07:00,c12_sim,53,8.890,31.541,0.000,0.000,0.019,40.449
2026-09-02T08:41:10.835091+07:00,c12_sim,54,11.922,31.892,0.000,0.000,0.021,43.835
2026-09-02T08:41:11.032091+07:00,c12_sim,55,8.263,30.288,0.000,0.000,0.010,38.560
2026-09-02T08:41:11.228985+07:00,c12_sim,56,10.000,31.843,0.000,0.000,0.018,41.861
2026-09-02T08:41:11.427111+07:00,c12_sim,57,10.494,31.450,0.000,0.000,0.314,42.258
2026-09-02T08:41:11.638593+07:00,c12_sim,58,9.905,32.696,0.000,0.000,0.062,42.664
2026-09-02T08:41:11.850952+07:00,c12_sim,59,9.033,33.515,0.000,0.000,0.014,42.562
2026-09-02T08:41:12.042130+07:00,c12_sim,60,9.233,32.602,0.000,0.000,0.011,41.846
2026-09-02T08:41:12.227752+07:00,c12_sim,61,8.232,28.628,0.000,0.000,0.005,36.865
2026-09-02T08:41:12.464337+07:00,c10_sim,154,7.600,36.050,3.604,0.000,0.021,47.274
2026-09-02T08:41:12.656162+07:00,c10_sim,155,10.483,32.849,0.874,0.000,0.012,44.218
2026-09-02T08:41:12.852867+07:00,c10_sim,156,9.950,35.467,1.037,0.006,0.320,46.781
2026-09-02T08:41:13.039577+07:00,c10_sim,157,9.656,37.786,1.029,0.010,0.026,48.505
2026-09-02T08:41:13.299225+07:00,c10_sim,158,9.342,34.284,1.038,57.981,0.019,102.663
2026-09-02T08:41:13.499367+07:00,c10_sim,159,10.007,32.895,0.696,56.270,0.022,99.890
2026-09-02T08:41:13.699139+07:00,c10_sim,160,8.454,34.045,1.033,57.641,0.028,101.200
2026-09-02T08:41:13.825507+07:00,c10_sim,161,7.876,19.602,0.595,0.004,0.018,28.096
2026-09-02T08:41:14.101214+07:00,c10_sim,162,10.343,35.766,0.985,49.463,0.020,96.577
2026-09-02T08:41:14.269373+07:00,c10_sim,163,9.896,23.702,0.874,29.831,0.350,64.653
2026-09-02T08:41:14.486872+07:00,c10_sim,164,9.990,21.437,0.931,42.573,0.051,74.982
2026-09-02T08:41:14.674625+07:00,c10_sim,165,10.125,19.833,0.582,37.775,0.012,68.327
2026-09-02T08:41:14.916168+07:00,c10_sim,166,8.649,35.042,0.975,56.574,0.023,101.262
2026-09-02T08:41:15.115819+07:00,c10_sim,167,10.112,32.828,0.612,54.708,0.013,98.273
2026-09-02T08:41:15.299885+07:00,c10_sim,168,10.019,32.323,0.709,52.264,0.018,95.333
2026-09-02T08:41:15.517098+07:00,c10_sim,169,9.787,34.529,1.073,53.437,0.023,98.848
2026-09-02T08:41:15.715668+07:00,c10_sim,170,8.871,33.384,0.706,57.025,0.020,100.006
2026-09-02T08:41:15.901527+07:00,c10_sim,171,8.438,33.754,0.543,49.217,0.021,91.973
2026-09-02T08:41:16.101206+07:00,c10_sim,172,9.547,32.174,0.545,47.631,0.020,89.917
2026-09-02T08:41:16.300558+07:00,c10_sim,173,10.117,34.428,1.153,51.840,0.021,97.559
2026-09-02T08:41:16.485098+07:00,c10_sim,174,7.503,34.648,1.092,47.586,0.021,90.849
2026-09-02T08:41:16.699415+07:00,c10_sim,175,8.003,33.936,0.720,53.535,0.023,96.216
2026-09-02T08:41:16.899748+07:00,c10_sim,176,8.241,36.227,1.127,56.285,0.037,101.918
2026-09-02T08:41:17.049676+07:00,c11_sim,653,16.390,32.586,0.000,0.000,0.009,48.984
2026-09-02T08:41:17.257659+07:00,c11_sim,654,9.885,32.467,0.000,0.000,0.012,42.363
2026-09-02T08:41:17.461705+07:00,c11_sim,655,9.824,31.647,1.094,0.000,0.007,42.571
2026-09-02T08:41:17.679840+07:00,c11_sim,656,10.562,33.800,0.620,0.000,0.005,44.987
2026-09-02T08:41:17.860906+07:00,c11_sim,657,8.519,34.481,0.894,0.000,0.010,43.905
2026-09-02T08:41:18.067228+07:00,c11_sim,658,11.013,32.478,0.000,0.000,0.012,43.502
2026-09-02T08:41:18.300387+07:00,c11_sim,659,5.731,30.265,0.572,51.034,0.099,87.702
2026-09-02T08:41:18.518116+07:00,c11_sim,660,9.585,35.541,1.048,49.390,0.022,95.585
2026-09-02T08:41:18.701708+07:00,c11_sim,661,9.949,30.244,0.687,46.591,0.021,87.492
2026-09-02T08:41:18.901644+07:00,c11_sim,662,6.801,34.931,0.636,47.666,0.022,90.056
2026-09-02T08:41:19.116280+07:00,c11_sim,663,7.906,30.489,0.691,52.028,0.018,91.132
2026-09-02T08:41:19.317318+07:00,c11_sim,664,9.522,36.424,0.687,50.755,0.018,97.408
2026-09-02T08:41:19.515975+07:00,c11_sim,665,9.941,37.068,0.829,56.945,0.039,104.823
2026-09-02T08:41:19.644929+07:00,c11_sim,666,7.174,29.417,0.000,0.000,0.026,36.617
2026-09-02T08:41:19.954628+07:00,c11_sim,667,7.109,40.884,1.498,83.941,0.037,133.469
2026-09-02T08:41:20.100956+07:00,c11_sim,668,5.482,19.626,0.600,47.075,0.019,72.802
2026-09-02T08:41:20.272365+07:00,c11_sim,669,9.785,38.258,0.000,0.000,0.022,48.064
2026-09-02T08:41:20.501128+07:00,c11_sim,670,6.747,31.515,0.715,49.725,0.021,88.723
2026-09-02T08:41:20.733188+07:00,c11_sim,671,11.458,36.771,0.647,59.951,0.039,108.866
2026-09-02T08:41:20.871150+07:00,c11_sim,672,7.629,24.390,0.688,30.303,0.018,63.028
2026-09-02T08:41:21.132477+07:00,c11_sim,673,12.783,47.579,0.577,55.782,0.023,116.743
2026-09-02T08:41:21.259812+07:00,c11_sim,674,9.481,34.510,0.000,0.000,0.025,44.016
2026-09-02T08:41:21.457582+07:00,c11_sim,675,8.984,34.440,0.000,0.000,0.019,43.443
2026-09-02T08:41:21.701827+07:00,c11_sim,676,9.426,33.979,1.179,47.953,0.022,92.560
2026-09-02T08:41:21.918301+07:00,c11_sim,677,7.562,38.565,1.134,49.277,0.021,96.559
2026-09-02T08:41:22.100896+07:00,c11_sim,678,9.682,33.967,0.850,49.138,0.018,93.655
2026-09-02T08:41:22.317094+07:00,c11_sim,679,9.054,35.208,1.007,51.883,0.051,97.204
2026-09-02T08:41:22.454987+07:00,c11_sim,680,6.014,28.795,0.000,0.000,0.011,34.820
2026-09-02T08:41:22.731571+07:00,c11_sim,681,9.031,31.415,0.785,59.443,0.044,100.719
2026-09-02T08:41:22.932263+07:00,c11_sim,682,7.992,36.627,1.044,57.545,0.054,103.262
2026-09-02T08:41:23.132356+07:00,c11_sim,683,11.203,36.088,1.163,57.499,0.055,106.008
2026-09-02T08:41:23.315982+07:00,c11_sim,684,11.322,32.888,0.584,53.466,0.052,98.311
2026-09-02T08:41:23.532657+07:00,c11_sim,685,10.058,35.206,1.082,55.371,0.036,101.753
2026-09-02T08:41:23.717703+07:00,c11_sim,686,10.796,34.389,1.022,49.764,0.032,96.003
2026-09-02T08:41:23.868309+07:00,c11_sim,687,9.285,35.613,1.584,0.007,0.024,46.512
2026-09-02T08:41:24.059751+07:00,c11_sim,688,8.324,35.910,1.351,0.006,0.025,45.616
2026-09-02T08:41:24.285194+07:00,c11_sim,689,8.756,43.781,0.788,0.005,0.017,53.348
2026-09-02T08:41:24.501601+07:00,c11_sim,690,11.947,32.227,0.727,47.931,0.031,92.863
2026-09-02T08:41:24.672171+07:00,c11_sim,691,11.126,31.233,0.876,0.005,0.018,43.259
2026-09-02T08:41:24.874606+07:00,c11_sim,692,10.004,34.737,0.747,0.006,0.017,45.512
2026-09-02T08:41:25.116763+07:00,c11_sim,693,9.885,34.166,0.490,51.656,0.030,96.228
2026-09-02T08:41:25.316373+07:00,c11_sim,694,9.276,34.523,1.002,54.068,0.035,98.903
2026-09-02T08:41:25.458208+07:00,c11_sim,695,10.497,31.726,0.000,0.000,0.023,42.246
2026-09-02T08:41:25.645271+07:00,c11_sim,696,9.798,31.760,0.000,0.000,0.012,41.570
2026-09-02T08:41:25.880476+07:00,c11_sim,697,18.583,31.884,0.000,0.000,0.021,50.488
2026-09-02T08:41:26.078697+07:00,c11_sim,698,10.578,30.767,0.000,0.000,0.016,41.361
2026-09-02T08:41:26.267968+07:00,c11_sim,699,10.514,32.475,0.000,0.000,0.020,43.009
2026-09-02T08:41:26.464900+07:00,c11_sim,700,10.134,33.148,0.000,0.000,0.022,43.303
2026-09-02T08:41:26.653556+07:00,c11_sim,701,10.279,32.319,0.000,0.000,0.024,42.622
2026-09-02T08:41:26.858093+07:00,c11_sim,702,9.655,31.716,0.000,0.000,0.024,41.395
2026-09-02T08:41:27.065391+07:00,c11_sim,703,10.865,30.541,0.000,0.000,0.013,41.419
2026-09-02T08:41:27.255207+07:00,c11_sim,704,10.124,31.268,0.000,0.000,0.019,41.411
2026-09-02T08:41:27.465458+07:00,c11_sim,705,9.637,28.536,0.000,0.000,0.010,38.182
2026-09-02T08:41:27.674723+07:00,c11_sim,706,10.058,33.104,0.000,0.000,0.023,43.185
2026-09-02T08:41:27.876697+07:00,c11_sim,707,10.262,31.982,0.000,0.000,0.021,42.264
2026-09-02T08:41:28.033489+07:00,c11_sim,708,7.297,25.769,0.000,0.000,0.007,33.073
2026-09-02T08:41:28.260374+07:00,c11_sim,709,11.133,31.159,0.000,0.000,0.955,43.247
2026-09-02T08:41:28.450666+07:00,c11_sim,710,9.716,28.235,0.000,0.000,0.028,37.979
2026-09-02T08:41:28.675985+07:00,c11_sim,711,11.736,32.203,0.000,0.000,0.006,43.944
2026-09-02T08:41:28.863918+07:00,c11_sim,712,10.156,27.942,0.000,0.000,0.006,38.104
2026-09-02T08:41:29.058906+07:00,c11_sim,713,11.147,32.190,0.000,0.000,0.010,43.347
2026-09-02T08:41:29.260875+07:00,c11_sim,714,10.290,31.682,0.000,0.000,0.011,41.984
2026-09-02T08:41:29.433280+07:00,c11_sim,715,5.886,28.845,0.000,0.000,0.007,34.738
2026-09-02T08:41:29.651962+07:00,c11_sim,716,10.538,27.937,0.000,0.000,0.006,38.481
2026-09-02T08:41:29.855165+07:00,c11_sim,717,10.398,31.138,0.000,0.000,0.011,41.547
2026-09-02T08:41:30.042071+07:00,c11_sim,718,6.820,29.217,0.000,0.000,0.014,36.051
2026-09-02T08:41:30.261535+07:00,c9_sim,344,6.929,32.381,0.000,0.000,0.016,39.326
2026-09-02T08:41:30.466876+07:00,c9_sim,345,10.884,31.303,0.000,0.000,0.019,42.205
2026-09-02T08:41:30.685638+07:00,c9_sim,346,8.812,33.467,0.000,0.000,0.026,42.305
2026-09-02T08:41:30.889012+07:00,c9_sim,347,7.518,32.938,0.000,0.000,0.023,40.479
2026-09-02T08:41:31.055988+07:00,c9_sim,348,7.033,33.105,0.000,0.000,0.029,40.167
2026-09-02T08:41:31.261075+07:00,c9_sim,349,8.136,31.541,0.000,0.000,0.022,39.698
2026-09-02T08:41:31.486634+07:00,c9_sim,350,10.626,33.403,0.000,0.000,0.021,44.049
2026-09-02T08:41:31.662192+07:00,c9_sim,351,8.031,31.161,0.000,0.000,0.021,39.213
2026-09-02T08:41:31.871682+07:00,c9_sim,352,8.149,32.784,0.000,0.000,0.024,40.956
2026-09-02T08:41:32.061298+07:00,c9_sim,353,8.300,32.559,0.000,0.000,0.008,40.867
2026-09-02T08:41:32.268608+07:00,c9_sim,354,7.568,30.748,0.000,0.000,0.011,38.327
2026-09-02T08:41:32.464153+07:00,c9_sim,355,8.292,31.933,0.000,0.000,0.791,41.016
2026-09-02T08:41:32.665038+07:00,c9_sim,356,8.777,30.160,0.000,0.000,0.041,38.978
2026-09-02T08:41:32.862361+07:00,c9_sim,357,7.159,31.436,0.000,0.000,0.005,38.600
2026-09-02T08:41:33.071256+07:00,c9_sim,358,7.057,32.321,0.000,0.000,0.009,39.387
2026-09-02T08:41:33.263895+07:00,c9_sim,359,9.487,31.205,0.000,0.000,0.012,40.704
2026-09-02T08:41:33.459130+07:00,c9_sim,360,8.215,30.124,0.000,0.000,0.007,38.346
2026-09-02T08:41:33.691362+07:00,c9_sim,361,9.286,32.548,0.000,0.000,0.010,41.845
2026-09-02T08:41:33.860319+07:00,c9_sim,362,7.338,31.873,0.000,0.000,0.011,39.222
2026-09-02T08:41:34.055272+07:00,c9_sim,363,7.008,30.569,0.000,0.000,0.007,37.585
2026-09-02T08:41:34.287811+07:00,c9_sim,364,5.938,37.169,0.000,0.000,0.006,43.114
2026-09-02T08:41:34.490370+07:00,c9_sim,365,7.016,37.632,0.000,0.000,0.005,44.653
2026-09-02T08:41:34.681074+07:00,c9_sim,366,9.996,29.736,0.000,0.000,0.012,39.744
2026-09-02T08:41:34.880364+07:00,c9_sim,367,7.051,34.920,0.000,0.000,0.009,41.980
2026-09-02T08:41:35.081953+07:00,c9_sim,368,6.171,40.017,2.078,0.000,0.009,48.276
2026-09-02T08:41:35.264132+07:00,c9_sim,369,6.350,35.454,0.000,0.000,0.009,41.812
2026-09-02T08:41:35.476336+07:00,c9_sim,370,6.281,35.378,0.000,0.000,0.006,41.665
2026-09-02T08:41:35.684403+07:00,c9_sim,371,6.155,39.971,0.000,0.000,0.013,46.139
2026-09-02T08:41:35.869518+07:00,c9_sim,372,7.817,35.919,0.000,0.000,0.006,43.743
2026-09-02T08:41:36.084253+07:00,c9_sim,373,6.291,35.420,0.000,0.000,0.007,41.717
2026-09-02T08:41:36.266602+07:00,c9_sim,374,6.216,35.510,0.000,0.000,0.007,41.733
2026-09-02T08:41:36.470879+07:00,c9_sim,375,6.225,37.527,0.946,0.000,0.009,44.707
2026-09-02T08:41:36.666780+07:00,c9_sim,376,6.254,35.182,0.000,0.000,0.009,41.445
2026-09-02T08:41:36.893022+07:00,c9_sim,377,6.658,38.611,0.629,0.000,0.005,45.903
2026-09-02T08:41:37.118799+07:00,c9_sim,378,6.343,32.857,0.671,61.771,0.079,101.721
2026-09-02T08:41:37.317624+07:00,c9_sim,379,6.141,29.302,0.779,47.712,0.025,83.958
2026-09-02T08:41:37.549551+07:00,c9_sim,380,6.027,40.641,0.995,53.805,0.025,101.493
2026-09-02T08:41:37.748107+07:00,c9_sim,381,6.477,37.660,1.065,59.235,0.016,104.454
2026-09-02T08:41:37.878100+07:00,c9_sim,382,5.476,18.931,0.597,27.957,0.020,52.981
2026-09-02T08:41:38.132992+07:00,c9_sim,383,5.735,34.721,1.188,53.090,0.021,94.755
2026-09-02T08:41:38.316930+07:00,c9_sim,384,7.353,36.223,1.024,52.005,0.017,96.623
2026-09-02T08:41:38.533957+07:00,c9_sim,385,8.301,36.948,1.109,50.913,0.022,97.292
2026-09-02T08:41:38.717087+07:00,c9_sim,386,8.261,33.835,0.761,49.295,0.022,92.173
2026-09-02T08:41:38.934304+07:00,c9_sim,387,8.357,36.405,0.954,49.176,0.022,94.913
2026-09-02T08:41:39.132710+07:00,c9_sim,388,8.805,37.804,1.040,54.614,0.022,102.286
2026-09-02T08:41:39.332947+07:00,c9_sim,389,8.438,36.773,1.030,53.429,0.020,99.690
2026-09-02T08:41:39.549941+07:00,c9_sim,390,8.888,36.135,1.012,51.440,0.022,97.498
2026-09-02T08:41:39.688218+07:00,c9_sim,391,8.765,22.794,0.643,28.690,0.018,60.909
2026-09-02T08:41:39.950349+07:00,c9_sim,392,9.663,39.047,1.110,50.959,0.024,100.804
2026-09-02T08:41:40.084646+07:00,c9_sim,393,8.302,21.806,0.671,28.166,0.010,58.954
2026-09-02T08:41:40.349342+07:00,c9_sim,394,9.038,36.775,1.058,53.422,0.031,100.324
2026-09-02T08:41:40.533788+07:00,c9_sim,395,5.224,34.395,0.827,50.453,0.032,90.931
2026-09-02T08:41:40.731000+07:00,c9_sim,396,8.703,35.061,0.967,59.633,0.023,104.388
2026-09-02T08:41:40.898259+07:00,c9_sim,397,8.938,19.146,0.549,40.539,0.039,69.210
2026-09-02T08:41:41.152895+07:00,c9_sim,398,8.087,35.223,0.974,82.227,0.050,126.562
2026-09-02T08:41:41.307323+07:00,c9_sim,399,8.675,24.338,0.800,48.932,0.039,82.784
2026-09-02T08:41:41.534475+07:00,c9_sim,400,8.669,36.757,1.038,48.391,0.032,94.886
2026-09-02T08:41:41.733767+07:00,c9_sim,401,8.013,36.802,1.031,52.024,0.034,97.903
2026-09-02T08:41:41.917811+07:00,c9_sim,402,7.488,34.865,0.700,46.915,0.033,90.000
2026-09-02T08:41:42.151856+07:00,c9_sim,403,9.266,38.118,1.017,79.065,0.027,127.492
2026-09-02T08:41:42.331549+07:00,c9_sim,404,6.542,34.280,0.735,56.856,0.050,98.463
2026-09-02T08:41:42.517106+07:00,c9_sim,405,9.450,30.903,0.708,48.599,0.030,89.689
2026-09-02T08:41:42.750102+07:00,c9_sim,406,10.366,35.571,0.881,51.638,0.034,98.490
2026-09-02T08:41:42.947850+07:00,c9_sim,407,9.675,37.532,0.987,59.138,0.034,107.366
2026-09-02T08:41:43.133877+07:00,c9_sim,408,8.564,36.742,0.964,49.595,0.029,95.894
2026-09-02T08:41:43.347922+07:00,c9_sim,409,9.519,29.919,0.606,56.272,0.022,96.337
2026-09-02T08:41:43.477756+07:00,c9_sim,410,8.540,22.117,0.542,27.968,0.017,59.184
2026-09-02T08:41:43.733829+07:00,c9_sim,411,9.014,37.244,0.995,49.892,0.032,97.177
2026-09-02T08:41:43.866686+07:00,c9_sim,412,9.254,32.085,0.000,0.000,0.008,41.347
2026-09-02T08:41:44.082808+07:00,c9_sim,413,7.870,36.010,0.000,0.000,0.022,43.902
2026-09-02T08:41:44.283209+07:00,c8_sim,189,8.544,35.892,0.000,0.000,0.013,44.449
2026-09-02T08:41:44.482485+07:00,c8_sim,190,12.776,33.164,0.000,0.000,0.012,45.952
2026-09-02T08:41:44.696204+07:00,c8_sim,191,10.024,32.593,0.000,0.000,0.006,42.623
2026-09-02T08:41:44.870455+07:00,c8_sim,192,10.631,30.822,0.000,0.000,0.007,41.459
2026-09-02T08:41:45.066641+07:00,c8_sim,193,10.790,30.973,0.000,0.000,0.005,41.769
2026-09-02T08:41:45.294153+07:00,c8_sim,194,10.286,34.216,0.000,0.000,0.011,44.513
2026-09-02T08:41:45.499836+07:00,c8_sim,195,10.837,35.795,0.000,0.000,0.013,46.645
2026-09-02T08:41:45.690298+07:00,c8_sim,196,8.443,28.595,0.000,0.000,0.007,37.044
2026-09-02T08:41:45.886293+07:00,c8_sim,197,10.044,33.311,0.000,0.000,0.011,43.366
2026-09-02T08:41:46.072114+07:00,c8_sim,198,10.909,29.975,0.000,0.000,0.005,40.889
2026-09-02T08:41:46.282439+07:00,c8_sim,199,11.186,27.217,0.000,0.000,0.014,38.416
2026-09-02T08:41:46.472004+07:00,c8_sim,200,11.240,32.513,0.000,0.000,0.011,43.764
2026-09-02T08:41:46.665997+07:00,c8_sim,201,10.869,29.553,0.000,0.000,0.008,40.430
2026-09-02T08:41:46.898276+07:00,c8_sim,202,11.799,37.635,1.308,0.000,0.009,50.751
2026-09-02T08:41:47.093442+07:00,c8_sim,203,9.692,34.753,1.053,0.000,0.010,45.508
2026-09-02T08:41:47.285508+07:00,c8_sim,204,11.106,36.807,1.060,0.000,0.011,48.984
2026-09-02T08:41:47.468481+07:00,c8_sim,205,10.473,33.237,0.845,0.006,0.197,44.758
2026-09-02T08:41:47.672554+07:00,c8_sim,206,7.686,39.002,1.691,0.009,0.031,48.418
2026-09-02T08:41:47.882821+07:00,c8_sim,207,7.282,38.734,1.183,0.008,0.028,47.235
2026-09-02T08:41:48.148982+07:00,c8_sim,208,9.131,38.397,1.018,56.624,0.016,105.187
2026-09-02T08:41:48.349956+07:00,c8_sim,209,10.258,36.740,1.084,51.148,0.020,99.251
2026-09-02T08:41:48.486736+07:00,c8_sim,210,9.794,33.900,0.000,0.000,0.023,43.716
2026-09-02T08:41:48.675509+07:00,c8_sim,211,10.876,32.446,0.000,0.000,0.023,43.344
2026-09-02T08:41:48.878594+07:00,c8_sim,212,9.704,30.834,0.000,0.000,0.017,40.556
2026-09-02T08:41:49.094327+07:00,c8_sim,213,10.342,37.464,1.274,0.000,0.015,49.095
2026-09-02T08:41:49.290377+07:00,c8_sim,214,11.117,32.921,0.000,0.000,0.024,44.062
2026-09-02T08:41:49.493881+07:00,c8_sim,215,10.854,36.269,1.345,0.000,0.020,48.489
2026-09-02T08:41:49.689014+07:00,c8_sim,216,10.965,37.517,1.034,0.000,0.019,49.535
2026-09-02T08:41:49.932480+07:00,c8_sim,217,10.156,35.043,0.917,54.676,0.075,100.867
2026-09-02T08:41:50.147546+07:00,c8_sim,218,10.852,37.303,1.092,58.715,0.022,107.984
2026-09-02T08:41:50.349418+07:00,c8_sim,219,12.087,38.088,1.194,52.852,0.023,104.244
2026-09-02T08:41:50.533806+07:00,c8_sim,220,11.162,34.222,0.751,47.988,0.023,94.145
2026-09-02T08:41:50.747393+07:00,c8_sim,221,10.205,36.450,1.110,60.720,0.024,108.509
2026-09-02T08:41:50.890038+07:00,c8_sim,222,11.012,34.526,0.000,0.000,0.027,45.565
2026-09-02T08:41:51.132030+07:00,c8_sim,223,10.321,37.171,0.618,55.002,0.023,103.135
2026-09-02T08:41:51.287371+07:00,c8_sim,224,11.405,35.907,0.000,0.000,0.551,47.863
2026-09-02T08:41:51.486860+07:00,c8_sim,225,12.522,34.094,0.000,0.000,0.034,46.649
2026-09-02T08:41:51.673656+07:00,c8_sim,226,9.087,32.651,0.000,0.000,0.023,41.761
2026-09-02T08:41:51.886724+07:00,c8_sim,227,10.184,32.516,0.000,0.000,0.025,42.725
2026-09-02T08:41:52.086645+07:00,c8_sim,228,10.638,35.303,0.000,0.000,0.022,45.963
2026-09-02T08:41:52.270422+07:00,c8_sim,229,10.635,31.868,0.000,0.000,0.014,42.517
2026-09-02T08:41:52.464550+07:00,c8_sim,230,11.370,32.425,0.000,0.000,0.010,43.805
2026-09-02T08:41:52.662159+07:00,c8_sim,231,10.190,32.761,0.000,0.000,0.009,42.960
2026-09-02T08:41:52.882945+07:00,c8_sim,232,12.003,32.489,0.000,0.000,0.007,44.498
2026-09-02T08:41:53.084320+07:00,c8_sim,233,8.241,30.821,0.000,0.000,0.026,39.088
2026-09-02T08:41:53.267967+07:00,c8_sim,234,7.286,32.048,0.000,0.000,0.014,39.347
2026-09-02T08:41:53.472111+07:00,c8_sim,235,8.987,34.211,0.000,0.000,0.022,43.220
2026-09-02T08:41:53.697671+07:00,c8_sim,236,10.155,34.918,0.000,0.000,0.024,45.097
2026-09-02T08:41:53.881575+07:00,c8_sim,237,10.656,32.348,0.000,0.000,0.011,43.016
2026-09-02T08:41:54.068538+07:00,c8_sim,238,10.716,32.989,0.000,0.000,0.474,44.180
2026-09-02T08:41:54.283453+07:00,c8_sim,239,8.378,32.770,0.000,0.000,0.021,41.170
2026-09-02T08:41:54.490777+07:00,c8_sim,240,11.606,33.624,0.000,0.000,0.018,45.248
2026-09-02T08:41:54.685514+07:00,c8_sim,241,10.114,33.692,0.000,0.000,0.013,43.819
2026-09-02T08:41:54.874087+07:00,c8_sim,242,10.463,32.817,0.000,0.000,0.009,43.289
2026-09-02T08:41:55.086423+07:00,c8_sim,243,7.257,31.731,0.000,0.000,0.008,38.996
2026-09-02T08:41:55.285853+07:00,c8_sim,244,10.748,32.997,0.000,0.000,0.010,43.755
2026-09-02T08:41:55.485372+07:00,c8_sim,245,10.098,33.624,0.000,0.000,0.012,43.734
2026-09-02T08:41:55.671519+07:00,c8_sim,246,11.495,31.696,0.000,0.000,0.007,43.198
2026-09-02T08:41:55.872821+07:00,c10_sim,177,8.353,31.955,0.000,0.000,0.016,40.323
2026-09-02T08:41:56.088810+07:00,c10_sim,178,11.748,31.625,0.000,0.000,0.007,43.380
2026-09-02T08:41:56.303332+07:00,c10_sim,179,10.398,33.401,0.000,0.000,0.018,43.817
2026-09-02T08:41:56.492418+07:00,c10_sim,180,10.327,32.173,0.000,0.000,0.022,42.523
2026-09-02T08:41:56.677061+07:00,c10_sim,181,11.029,31.385,0.000,0.000,0.010,42.425
2026-09-02T08:41:56.894610+07:00,c10_sim,182,10.232,33.958,0.000,0.000,0.024,44.214
2026-09-02T08:41:57.076131+07:00,c10_sim,183,9.653,27.644,0.000,0.000,0.008,37.305
2026-09-02T08:41:57.291705+07:00,c10_sim,184,9.531,27.502,0.000,0.000,0.012,37.045
2026-09-02T08:41:57.512966+07:00,c10_sim,185,9.028,34.294,1.204,0.000,0.011,44.536
2026-09-02T08:41:57.712511+07:00,c10_sim,186,9.968,37.265,0.943,0.000,0.015,48.192
2026-09-02T08:41:57.912645+07:00,c10_sim,187,9.701,36.446,1.056,0.000,0.019,47.222
2026-09-02T08:41:58.134341+07:00,c10_sim,188,9.541,35.828,1.034,49.768,0.092,96.264
2026-09-02T08:41:58.289986+07:00,c10_sim,189,9.664,36.559,1.013,0.006,0.024,47.266
2026-09-02T08:41:58.549416+07:00,c10_sim,190,10.213,38.136,1.065,53.544,0.024,102.982
2026-09-02T08:41:58.750633+07:00,c10_sim,191,9.439,36.347,1.069,51.402,0.516,98.773
2026-09-02T08:41:58.949293+07:00,c10_sim,192,10.524,33.818,1.072,52.052,0.047,97.514
2026-09-02T08:41:59.147666+07:00,c10_sim,193,9.201,32.361,0.567,56.630,0.023,98.782
2026-09-02T08:41:59.366711+07:00,c10_sim,194,9.862,36.188,0.954,50.629,0.020,97.653
2026-09-02T08:41:59.565891+07:00,c10_sim,195,9.947,37.246,1.039,53.295,0.021,101.548
2026-09-02T08:41:59.764086+07:00,c10_sim,196,9.174,37.080,1.161,59.047,0.022,106.485
2026-09-02T08:41:59.949783+07:00,c10_sim,197,9.791,33.999,0.546,49.124,0.022,93.482
2026-09-02T08:42:00.130910+07:00,c10_sim,198,10.219,24.622,0.882,28.780,0.021,64.524
2026-09-02T08:42:00.364682+07:00,c10_sim,199,10.061,37.314,1.021,56.044,0.020,104.460
2026-09-02T08:42:00.564854+07:00,c10_sim,200,7.569,34.734,1.020,56.567,0.021,99.911
2026-09-02T08:42:00.765285+07:00,c10_sim,201,7.116,38.541,1.020,55.323,0.021,102.021
2026-09-02T08:42:00.898312+07:00,c10_sim,202,6.695,20.814,0.597,28.609,0.019,56.734
2026-09-02T08:42:01.150484+07:00,c10_sim,203,6.550,38.389,1.316,47.707,0.017,93.979
2026-09-02T08:42:01.364523+07:00,c10_sim,204,6.722,40.595,1.036,56.040,0.023,104.415
2026-09-02T08:42:01.565026+07:00,c10_sim,205,9.001,35.895,1.056,56.500,0.094,102.545
2026-09-02T08:42:01.700408+07:00,c10_sim,206,9.668,21.361,0.620,28.454,0.031,60.134
2026-09-02T08:42:01.948657+07:00,c10_sim,207,7.926,35.560,1.068,53.772,0.035,98.361
2026-09-02T08:42:02.165479+07:00,c10_sim,208,10.503,38.531,1.011,53.256,0.033,103.334
2026-09-02T08:42:02.309566+07:00,c10_sim,209,9.527,32.800,0.000,0.000,0.022,42.350
2026-09-02T08:42:02.549786+07:00,c10_sim,210,9.036,33.745,0.832,49.196,0.031,92.841
2026-09-02T08:42:02.682437+07:00,c10_sim,211,9.372,30.624,0.000,0.000,0.014,40.010
2026-09-02T08:42:02.880564+07:00,c10_sim,212,9.773,31.700,0.000,0.000,0.019,41.493
2026-09-02T08:42:03.087924+07:00,c10_sim,213,10.331,31.667,0.000,0.000,0.022,42.020
2026-09-02T08:42:03.364586+07:00,c10_sim,214,6.705,35.882,0.979,56.870,0.034,100.469
2026-09-02T08:42:03.501818+07:00,c10_sim,215,10.333,32.618,0.000,0.000,0.023,42.973
2026-09-02T08:42:03.691267+07:00,c10_sim,216,10.252,34.148,0.000,0.000,0.023,44.422
2026-09-02T08:42:03.890449+07:00,c10_sim,217,8.755,33.366,0.000,0.000,0.023,42.144
2026-09-02T08:42:04.111620+07:00,c10_sim,218,13.768,51.210,0.000,0.000,0.012,64.990
2026-09-02T08:42:04.288546+07:00,c10_sim,219,11.289,19.212,0.000,0.000,0.024,30.526
2026-09-02T08:42:04.478436+07:00,c10_sim,220,9.916,31.816,0.000,0.000,0.018,41.751
2026-09-02T08:42:04.693245+07:00,c10_sim,221,10.487,32.533,0.000,0.000,0.018,43.038
2026-09-02T08:42:04.882986+07:00,c10_sim,222,10.117,31.324,0.000,0.000,0.021,41.462
2026-09-02T08:42:05.106058+07:00,c10_sim,223,8.360,32.039,0.000,0.000,0.021,40.419
2026-09-02T08:42:05.298484+07:00,c10_sim,224,6.682,31.610,0.000,0.000,0.022,38.314
2026-09-02T08:42:05.489238+07:00,c10_sim,225,10.349,31.593,0.000,0.000,0.010,41.952
2026-09-02T08:42:05.691014+07:00,c10_sim,226,9.234,30.681,0.000,0.000,0.009,39.924
2026-09-02T08:42:05.898604+07:00,c11_sim,719,8.064,33.324,0.000,0.000,0.012,41.400
2026-09-02T08:42:06.116327+07:00,c11_sim,720,14.918,36.499,1.274,0.000,0.012,52.703
2026-09-02T08:42:06.303966+07:00,c11_sim,721,10.483,32.911,0.847,0.000,0.006,44.247
2026-09-02T08:42:06.506594+07:00,c11_sim,722,9.766,31.448,0.664,0.000,0.006,41.884
2026-09-02T08:42:06.716219+07:00,c11_sim,723,11.601,30.954,0.608,0.005,0.178,43.346
2026-09-02T08:42:06.980480+07:00,c11_sim,724,10.591,31.364,0.694,59.528,0.017,102.194
2026-09-02T08:42:07.166270+07:00,c11_sim,725,8.021,35.642,1.173,52.117,0.021,96.974
2026-09-02T08:42:07.311089+07:00,c11_sim,726,9.392,33.097,0.629,0.004,0.015,43.138
2026-09-02T08:42:07.564152+07:00,c11_sim,727,6.195,32.067,0.742,56.814,0.015,95.834
2026-09-02T08:42:07.766268+07:00,c11_sim,728,8.163,34.539,1.000,51.605,0.022,95.329
2026-09-02T08:42:07.965544+07:00,c11_sim,729,9.188,34.981,1.042,54.029,0.022,99.261
2026-09-02T08:42:08.150196+07:00,c11_sim,730,14.511,39.199,0.615,47.531,0.031,101.888
2026-09-02T08:42:08.350076+07:00,c11_sim,731,9.681,34.266,1.149,49.559,0.021,94.676
2026-09-02T08:42:08.566154+07:00,c11_sim,732,12.197,34.852,1.085,52.007,0.022,100.163
2026-09-02T08:42:08.764007+07:00,c11_sim,733,11.710,34.614,1.077,59.330,0.022,106.752
2026-09-02T08:42:08.948564+07:00,c11_sim,734,10.390,30.980,0.705,51.652,0.016,93.743
2026-09-02T08:42:09.180884+07:00,c11_sim,735,10.759,35.727,0.978,57.288,0.023,104.775
2026-09-02T08:42:09.310288+07:00,c11_sim,736,9.618,20.467,0.565,28.300,0.015,58.966
2026-09-02T08:42:09.563713+07:00,c11_sim,737,11.702,35.167,1.076,58.848,0.012,106.805
2026-09-02T08:42:09.764560+07:00,c11_sim,738,12.000,34.438,1.073,56.857,0.027,104.395
2026-09-02T08:42:09.965661+07:00,c11_sim,739,7.676,35.397,1.103,52.479,0.023,96.677
2026-09-02T08:42:10.150357+07:00,c11_sim,740,8.584,35.236,1.061,48.707,0.021,93.609
2026-09-02T08:42:10.350357+07:00,c11_sim,741,9.780,34.074,1.032,48.181,0.032,93.099
2026-09-02T08:42:10.566998+07:00,c11_sim,742,11.065,35.747,1.196,48.685,0.033,96.727
2026-09-02T08:42:10.766230+07:00,c11_sim,743,10.182,33.773,0.661,50.448,0.031,95.096
2026-09-02T08:42:10.950572+07:00,c11_sim,744,9.500,34.518,0.713,46.863,0.032,91.626
2026-09-02T08:42:11.166944+07:00,c11_sim,745,9.800,35.094,1.000,47.523,0.033,93.449
2026-09-02T08:42:11.364875+07:00,c11_sim,746,9.841,35.750,1.005,56.263,0.034,102.892
2026-09-02T08:42:11.550195+07:00,c11_sim,747,9.402,32.343,1.174,50.471,0.036,93.425
2026-09-02T08:42:11.780988+07:00,c11_sim,748,6.675,40.417,1.199,60.219,0.032,108.541
2026-09-02T08:42:11.917132+07:00,c11_sim,749,7.217,22.376,0.610,28.767,0.032,59.002
2026-09-02T08:42:12.165405+07:00,c11_sim,750,8.859,35.955,1.172,53.639,0.038,99.663
2026-09-02T08:42:12.366936+07:00,c11_sim,751,9.147,34.848,0.763,48.003,0.032,92.794
2026-09-02T08:42:12.550249+07:00,c11_sim,752,10.070,33.655,0.516,47.774,0.025,92.041
2026-09-02T08:42:12.781238+07:00,c11_sim,753,10.337,36.121,0.907,55.789,0.036,103.189
2026-09-02T08:42:12.965731+07:00,c11_sim,754,9.149,34.677,0.969,52.192,0.033,97.020
2026-09-02T08:42:13.166238+07:00,c11_sim,755,10.183,33.376,0.529,50.111,0.032,94.232
2026-09-02T08:42:13.306988+07:00,c11_sim,756,9.718,33.844,1.005,0.009,0.027,44.603
2026-09-02T08:42:13.548987+07:00,c11_sim,757,9.607,35.110,0.905,52.272,0.031,97.925
2026-09-02T08:42:13.764710+07:00,c11_sim,758,11.032,34.430,0.957,55.717,0.031,102.167
2026-09-02T08:42:13.930664+07:00,c11_sim,759,10.023,17.637,0.483,42.104,0.029,70.275
2026-09-02T08:42:14.165547+07:00,c11_sim,760,9.810,35.720,0.988,52.038,0.034,98.589
2026-09-02T08:42:14.364429+07:00,c11_sim,761,11.367,35.044,0.966,56.605,0.035,104.017
2026-09-02T08:42:14.585511+07:00,c11_sim,762,9.718,31.910,0.734,81.004,0.045,123.411
2026-09-02T08:42:14.782466+07:00,c11_sim,763,10.410,34.884,0.994,51.091,0.034,97.413
2026-09-02T08:42:14.964632+07:00,c11_sim,764,11.064,30.545,0.618,54.171,0.025,96.422
2026-09-02T08:42:15.163853+07:00,c11_sim,765,10.463,35.924,0.841,58.362,0.036,105.626
2026-09-02T08:42:15.363755+07:00,c11_sim,766,9.252,35.090,1.012,59.532,0.035,104.922
2026-09-02T08:42:15.564960+07:00,c11_sim,767,10.148,35.543,1.054,53.830,0.034,100.609
2026-09-02T08:42:15.766557+07:00,c11_sim,768,10.127,33.989,0.618,48.209,0.031,92.974
2026-09-02T08:42:15.896499+07:00,c11_sim,769,10.930,31.523,0.000,0.000,0.024,42.477
2026-09-02T08:42:16.165745+07:00,c11_sim,770,9.691,36.208,1.066,51.221,0.033,98.219
2026-09-02T08:42:16.317236+07:00,c11_sim,771,6.435,32.820,0.000,0.000,0.024,39.278
2026-09-02T08:42:16.505955+07:00,c11_sim,772,10.525,31.249,0.000,0.000,0.022,41.796
2026-09-02T08:42:16.715322+07:00,c11_sim,773,9.848,31.975,0.669,0.004,0.018,42.514
2026-09-02T08:42:16.904399+07:00,c11_sim,774,19.971,27.949,0.000,0.000,0.022,47.942
2026-09-02T08:42:17.122462+07:00,c11_sim,775,10.488,30.667,0.000,0.000,0.014,41.169
2026-09-02T08:42:17.301657+07:00,c11_sim,776,8.635,33.449,0.000,0.000,0.021,42.106
2026-09-02T08:42:17.509749+07:00,c11_sim,777,9.986,34.893,0.000,0.000,0.025,44.904
2026-09-02T08:42:17.691327+07:00,c11_sim,778,9.878,31.281,0.000,0.000,0.012,41.171
2026-09-02T08:42:17.913582+07:00,c11_sim,779,9.312,34.664,0.000,0.000,0.012,43.987
2026-09-02T08:42:18.094402+07:00,c11_sim,780,8.789,32.098,0.000,0.000,0.024,40.911
2026-09-02T08:42:18.318600+07:00,c11_sim,781,7.380,36.882,1.180,0.000,0.012,45.455
2026-09-02T08:42:18.349774+07:00,c11_sim,782,6.171,29.635,0.580,0.000,0.007,36.393
2026-09-02T08:42:18.411646+07:00,c11_sim,783,6.032,31.491,0.723,0.000,0.016,38.262
2026-09-02T08:42:18.438974+07:00,c11_sim,784,8.687,27.102,0.000,0.000,0.013,35.802
2026-09-02T08:42:18.495657+07:00,c11_sim,785,5.911,28.185,0.000,0.000,0.011,34.107
2026-09-02T08:42:18.523027+07:00,c11_sim,786,6.092,27.194,0.000,0.000,0.008,33.294
2026-09-02T08:42:18.575129+07:00,c11_sim,787,6.020,27.055,0.000,0.000,0.009,33.084
2026-09-02T08:42:18.605542+07:00,c11_sim,788,6.177,28.098,0.729,0.000,0.351,35.355
2026-09-02T08:42:18.666782+07:00,c11_sim,789,5.905,29.519,0.703,0.000,0.018,36.145
2026-09-02T08:42:18.693216+07:00,c11_sim,790,7.165,26.266,0.000,0.000,0.005,33.437
2026-09-02T08:42:18.722826+07:00,c11_sim,791,6.445,28.068,0.626,0.000,0.004,35.143
2026-09-02T08:42:18.833196+07:00,c11_sim,792,6.914,29.659,0.555,49.094,0.052,86.274
2026-09-02T08:42:18.869891+07:00,c11_sim,793,7.401,9.456,0.370,26.301,0.012,43.539
2026-09-02T08:42:18.905878+07:00,c11_sim,794,4.695,8.999,0.337,26.123,0.010,40.164
2026-09-02T08:42:18.942007+07:00,c11_sim,795,4.381,9.012,0.347,26.218,0.010,39.968
2026-09-02T08:42:18.977762+07:00,c11_sim,796,4.211,8.856,0.295,26.032,0.009,39.402
2026-09-02T08:42:19.013602+07:00,c11_sim,797,4.642,8.890,0.306,26.107,0.011,39.957
2026-09-02T08:42:19.021900+07:00,c11_sim,798,4.632,8.207,0.000,0.000,0.006,12.845
2026-09-02T08:42:19.030212+07:00,c11_sim,799,4.645,8.212,0.000,0.000,0.008,12.865
2026-09-02T08:42:19.092629+07:00,c11_sim,800,4.411,9.247,0.000,0.000,0.007,13.666
2026-09-02T08:42:19.132675+07:00,c11_sim,801,4.687,9.869,0.000,0.000,0.007,14.563
2026-09-02T08:42:19.162385+07:00,c11_sim,802,5.784,9.541,0.000,0.000,0.006,15.331
2026-09-02T08:42:19.203527+07:00,c11_sim,803,5.701,10.978,0.000,0.000,0.007,16.686
2026-09-02T08:42:19.273966+07:00,c11_sim,804,7.149,11.620,0.591,27.554,0.016,46.929
2026-09-02T08:42:19.310362+07:00,c11_sim,805,5.711,9.283,0.000,0.000,0.009,15.003
2026-09-02T08:42:19.345888+07:00,c11_sim,806,4.347,8.638,0.328,26.033,0.014,39.360
2026-09-02T08:42:19.386513+07:00,c11_sim,807,3.644,10.472,0.000,0.000,0.010,14.126
2026-09-02T08:42:19.461771+07:00,c11_sim,808,3.420,16.422,0.699,27.309,0.016,47.866
2026-09-02T08:42:19.503716+07:00,c11_sim,809,6.661,11.484,0.550,29.257,0.015,47.967
2026-09-02T08:42:19.542291+07:00,c11_sim,810,5.745,11.201,0.432,26.303,0.012,43.693
2026-09-02T08:42:19.579661+07:00,c11_sim,811,5.601,9.857,0.443,26.402,0.011,42.315
2026-09-02T08:42:19.616941+07:00,c11_sim,812,5.162,9.792,0.417,26.447,0.012,41.830
2026-09-02T08:42:19.653949+07:00,c11_sim,813,4.853,9.698,0.357,26.319,0.011,41.239
2026-09-02T08:42:19.691192+07:00,c11_sim,814,5.128,9.734,0.440,26.432,0.011,41.745
2026-09-02T08:42:19.727580+07:00,c11_sim,815,4.698,9.194,0.346,26.243,0.011,40.491
2026-09-02T08:42:19.764034+07:00,c11_sim,816,5.229,9.227,0.317,26.300,0.015,41.088
2026-09-02T08:42:19.832135+07:00,c11_sim,817,5.156,10.834,0.359,26.230,0.020,42.598
2026-09-02T08:42:19.868659+07:00,c11_sim,818,5.208,9.359,0.311,26.224,0.014,41.116
2026-09-02T08:42:19.904782+07:00,c11_sim,819,4.281,9.068,0.284,26.170,0.015,39.817
2026-09-02T08:42:19.940886+07:00,c11_sim,820,4.563,9.050,0.318,26.140,0.014,40.085
2026-09-02T08:42:19.977028+07:00,c11_sim,821,4.296,9.175,0.307,26.080,0.012,39.871
2026-09-02T08:42:20.044414+07:00,c11_sim,822,4.264,10.155,0.341,26.217,0.018,40.995
2026-09-02T08:42:20.081716+07:00,c11_sim,823,5.024,9.886,0.357,26.420,0.014,41.700
2026-09-02T08:42:20.118380+07:00,c11_sim,824,4.512,9.361,0.402,26.297,0.015,40.587
2026-09-02T08:42:20.154528+07:00,c11_sim,825,4.638,9.004,0.295,26.241,0.016,40.195
2026-09-02T08:42:20.190808+07:00,c11_sim,826,4.844,9.201,0.283,26.128,0.018,40.474
2026-09-02T08:42:20.227306+07:00,c11_sim,827,4.650,9.236,0.301,26.358,0.014,40.558
2026-09-02T08:42:20.263471+07:00,c11_sim,828,4.519,8.998,0.271,26.310,0.013,40.110
2026-09-02T08:42:20.330919+07:00,c11_sim,829,4.732,10.189,0.279,26.310,0.014,41.525
2026-09-02T08:42:20.366992+07:00,c11_sim,830,4.695,9.076,0.236,26.179,0.014,40.200
2026-09-02T08:42:20.403017+07:00,c11_sim,831,4.476,9.045,0.229,26.143,0.018,39.911
2026-09-02T08:42:20.439433+07:00,c11_sim,832,4.396,9.293,0.268,26.243,0.013,40.214
2026-09-02T08:42:20.475543+07:00,c11_sim,833,4.599,9.090,0.224,26.212,0.012,40.137
2026-09-02T08:42:20.539035+07:00,c11_sim,834,5.011,10.216,0.256,26.301,0.015,41.800
2026-09-02T08:42:20.575442+07:00,c11_sim,835,4.833,9.301,0.244,26.245,0.014,40.638
2026-09-02T08:42:20.611888+07:00,c11_sim,836,4.997,9.389,0.252,26.210,0.015,40.862
2026-09-02T08:42:20.647645+07:00,c11_sim,837,4.628,8.965,0.226,26.017,0.014,39.849
2026-09-02T08:42:20.683518+07:00,c11_sim,838,4.646,8.894,0.234,26.207,0.013,39.994
2026-09-02T08:42:20.751959+07:00,c11_sim,839,5.166,10.723,0.360,26.727,0.017,42.993
2026-09-02T08:42:20.789092+07:00,c11_sim,840,5.584,9.870,0.300,26.356,0.017,42.127
2026-09-02T08:42:20.826042+07:00,c11_sim,841,5.475,9.643,0.275,26.336,0.015,41.744
2026-09-02T08:42:20.862929+07:00,c11_sim,842,4.951,9.720,0.261,26.283,0.014,41.229
2026-09-02T08:42:20.899156+07:00,c11_sim,843,4.625,9.153,0.232,26.193,0.013,40.216
2026-09-02T08:42:20.935060+07:00,c11_sim,844,4.587,8.916,0.208,26.187,0.016,39.913
2026-09-02T08:42:21.002885+07:00,c11_sim,845,4.896,10.334,0.293,26.498,0.016,42.037
2026-09-02T08:42:21.039421+07:00,c11_sim,846,4.872,9.344,0.289,26.290,0.017,40.812
2026-09-02T08:42:21.077805+07:00,c11_sim,847,4.358,11.014,0.287,26.463,0.015,42.138
2026-09-02T08:42:21.113814+07:00,c11_sim,848,3.993,9.040,0.233,26.144,0.013,39.423
2026-09-02T08:42:21.149579+07:00,c11_sim,849,4.035,8.919,0.216,26.092,0.013,39.276
2026-09-02T08:42:21.157276+07:00,c11_sim,850,4.446,7.621,0.000,0.000,0.004,12.071
2026-09-02T08:42:21.219772+07:00,c11_sim,851,4.712,9.655,0.000,0.000,0.005,14.373
2026-09-02T08:42:21.260185+07:00,c11_sim,852,5.560,10.279,0.000,0.000,0.006,15.845
2026-09-02T08:42:21.293437+07:00,c11_sim,853,5.544,9.587,0.000,0.000,0.005,15.136
2026-09-02T08:42:21.362325+07:00,c11_sim,854,6.510,11.354,0.371,26.492,0.016,44.742
2026-09-02T08:42:21.370573+07:00,c11_sim,855,5.491,8.162,0.000,0.000,0.005,13.658
2026-09-02T08:42:21.405033+07:00,c11_sim,856,6.055,9.663,0.000,0.000,0.005,15.722
2026-09-02T08:42:21.465480+07:00,c11_sim,857,6.048,11.043,0.000,0.000,0.005,17.095
2026-09-02T08:42:21.506563+07:00,c11_sim,858,6.141,10.961,0.000,0.000,0.005,17.106
2026-09-02T08:42:21.546433+07:00,c11_sim,859,6.790,11.061,0.000,0.000,0.005,17.856
2026-09-02T08:42:21.612065+07:00,c11_sim,860,7.356,14.669,0.498,27.177,0.017,49.717
2026-09-02T08:42:21.649266+07:00,c11_sim,861,5.701,9.830,0.276,26.369,0.014,42.190
2026-09-02T08:42:21.685795+07:00,c11_sim,862,5.106,9.406,0.253,26.284,0.013,41.062
2026-09-02T08:42:21.750432+07:00,c11_sim,863,5.007,10.350,0.359,26.490,0.016,42.222
2026-09-02T08:42:21.787897+07:00,c11_sim,864,5.297,10.017,0.305,26.495,0.016,42.129
2026-09-02T08:42:21.825311+07:00,c11_sim,865,5.769,9.997,0.347,26.424,0.014,42.552
2026-09-02T08:42:21.861660+07:00,c11_sim,866,5.009,9.246,0.269,26.228,0.014,40.765
2026-09-02T08:42:21.898017+07:00,c11_sim,867,4.694,9.294,0.253,26.207,0.013,40.461
2026-09-02T08:42:21.966066+07:00,c11_sim,868,5.109,10.713,0.305,26.385,0.015,42.526
2026-09-02T08:42:22.003696+07:00,c11_sim,869,5.789,10.207,0.306,26.490,0.020,42.811
2026-09-02T08:42:22.041021+07:00,c11_sim,870,5.444,9.935,0.295,26.454,0.018,42.145
2026-09-02T08:42:22.078218+07:00,c11_sim,871,5.324,9.775,0.411,26.325,0.020,41.854
2026-09-02T08:42:22.115319+07:00,c11_sim,872,4.658,9.746,0.351,26.373,0.016,41.144
2026-09-02T08:42:22.151861+07:00,c11_sim,873,4.693,9.420,0.278,26.221,0.014,40.626
2026-09-02T08:42:22.188127+07:00,c11_sim,874,4.699,9.126,0.272,26.272,0.018,40.388
2026-09-02T08:42:22.224692+07:00,c11_sim,875,4.485,9.521,0.289,26.178,0.013,40.486
2026-09-02T08:42:22.260677+07:00,c11_sim,876,4.250,8.980,0.236,26.198,0.013,39.676
2026-09-02T08:42:22.328270+07:00,c11_sim,877,4.647,10.278,0.314,26.357,0.014,41.611
2026-09-02T08:42:22.364368+07:00,c11_sim,878,4.721,9.095,0.225,26.192,0.012,40.245
2026-09-02T08:42:22.400703+07:00,c11_sim,879,4.631,9.235,0.251,26.227,0.018,40.362
2026-09-02T08:42:22.437528+07:00,c11_sim,880,4.672,9.602,0.319,26.280,0.013,40.886
2026-09-02T08:42:22.473787+07:00,c11_sim,881,4.631,9.158,0.248,26.270,0.014,40.321
2026-09-02T08:42:22.541040+07:00,c11_sim,882,4.577,10.115,0.288,26.182,0.014,41.176
2026-09-02T08:42:22.577378+07:00,c11_sim,883,4.264,9.201,0.281,26.270,0.015,40.031
2026-09-02T08:42:22.585384+07:00,c11_sim,884,4.650,7.918,0.000,0.000,0.004,12.572
2026-09-02T08:42:22.652611+07:00,c11_sim,885,5.054,9.941,0.299,26.319,0.015,41.630
2026-09-02T08:42:22.660706+07:00,c11_sim,886,4.992,7.968,0.000,0.000,0.005,12.965
2026-09-02T08:42:22.699970+07:00,c11_sim,887,5.389,9.143,0.000,0.000,0.005,14.537
2026-09-02T08:42:22.764142+07:00,c11_sim,888,6.210,11.302,0.000,0.000,0.006,17.518
2026-09-02T08:42:22.831592+07:00,c11_sim,889,5.987,13.331,0.414,26.622,0.017,46.372
2026-09-02T08:42:22.869645+07:00,c11_sim,890,5.504,10.414,0.392,26.607,0.016,42.932
2026-09-02T08:42:22.906422+07:00,c11_sim,891,5.246,9.683,0.297,26.172,0.014,41.412
2026-09-02T08:42:22.942994+07:00,c11_sim,892,5.124,9.319,0.263,26.357,0.016,41.078
2026-09-02T08:42:22.979426+07:00,c11_sim,893,4.319,9.266,0.275,26.309,0.012,40.181
2026-09-02T08:42:23.046555+07:00,c11_sim,894,4.234,10.004,0.275,26.233,0.018,40.764
2026-09-02T08:42:23.054855+07:00,c11_sim,895,5.129,8.197,0.000,0.000,0.006,13.331
2026-09-02T08:42:23.093959+07:00,c11_sim,896,4.821,8.986,0.000,0.000,0.005,13.812
2026-09-02T08:42:23.155995+07:00,c11_sim,897,5.593,10.541,0.432,27.355,0.015,43.936
2026-09-02T08:42:23.164387+07:00,c11_sim,898,5.209,8.303,0.000,0.000,0.005,13.517
2026-09-02T08:42:23.257094+07:00,c11_sim,899,5.964,12.258,0.411,27.289,0.019,45.939
2026-09-02T08:42:23.265682+07:00,c11_sim,900,5.882,8.474,0.000,0.000,0.006,14.362
2026-09-02T08:42:23.303713+07:00,c11_sim,901,5.120,9.150,0.000,0.000,0.005,14.276
2026-09-02T08:42:23.370241+07:00,c11_sim,902,5.721,12.451,0.492,27.004,0.015,45.683
2026-09-02T08:42:23.407741+07:00,c11_sim,903,5.690,10.310,0.344,26.256,0.020,42.620
2026-09-02T08:42:23.444806+07:00,c11_sim,904,5.344,9.842,0.332,26.277,0.015,41.810
2026-09-02T08:42:23.481050+07:00,c11_sim,905,5.102,9.090,0.264,26.289,0.013,40.759
2026-09-02T08:42:23.517363+07:00,c11_sim,906,4.561,9.217,0.259,26.244,0.012,40.294
2026-09-02T08:42:23.585378+07:00,c11_sim,907,4.686,10.622,0.324,26.436,0.016,42.085
2026-09-02T08:42:23.622641+07:00,c11_sim,908,5.244,9.866,0.325,26.422,0.014,41.872
2026-09-02T08:42:23.658445+07:00,c11_sim,909,4.644,9.006,0.259,25.988,0.013,39.909
2026-09-02T08:42:23.694141+07:00,c11_sim,910,4.300,8.775,0.244,26.145,0.014,39.478
2026-09-02T08:42:23.729838+07:00,c11_sim,911,4.451,8.821,0.219,26.114,0.013,39.618
2026-09-02T08:42:23.796776+07:00,c11_sim,912,4.545,9.677,0.306,26.388,0.013,40.929
2026-09-02T08:42:23.833402+07:00,c11_sim,913,5.030,9.507,0.265,26.233,0.014,41.049
2026-09-02T08:42:23.869162+07:00,c11_sim,914,4.583,8.892,0.248,26.103,0.014,39.839
2026-09-02T08:42:23.904907+07:00,c11_sim,915,4.442,8.849,0.242,26.115,0.014,39.661
2026-09-02T08:42:23.940821+07:00,c11_sim,916,4.485,8.915,0.235,26.181,0.018,39.835
2026-09-02T08:42:24.008644+07:00,c11_sim,917,4.556,10.357,0.330,26.517,0.015,41.774
2026-09-02T08:42:24.045212+07:00,c11_sim,918,5.444,9.441,0.301,26.219,0.018,41.423
2026-09-02T08:42:24.082177+07:00,c11_sim,919,4.854,9.718,0.312,26.316,0.017,41.218
2026-09-02T08:42:24.090518+07:00,c11_sim,920,4.874,8.238,0.000,0.000,0.005,13.117
2026-09-02T08:42:24.128493+07:00,c11_sim,921,5.040,9.082,0.000,0.000,0.006,14.128
2026-09-02T08:42:24.158613+07:00,c9_sim,414,3.704,9.112,0.000,0.000,0.014,12.830
2026-09-02T08:42:24.198934+07:00,c9_sim,415,5.224,10.209,0.000,0.000,0.006,15.439
2026-09-02T08:42:24.239921+07:00,c9_sim,416,4.172,10.851,0.000,0.000,0.006,15.029
2026-09-02T08:42:24.248681+07:00,c9_sim,417,4.477,8.681,0.000,0.000,0.005,13.162
2026-09-02T08:42:24.283571+07:00,c9_sim,418,4.316,9.547,0.000,0.000,0.004,13.868
2026-09-02T08:42:24.321993+07:00,c9_sim,419,4.576,10.305,0.000,0.000,0.006,14.886
2026-09-02T08:42:24.331190+07:00,c9_sim,420,4.828,9.123,0.000,0.000,0.004,13.955
2026-09-02T08:42:24.371311+07:00,c9_sim,421,4.445,9.936,0.000,0.000,0.009,14.389
2026-09-02T08:42:24.382762+07:00,c9_sim,422,4.676,10.371,0.501,0.000,0.004,15.552
2026-09-02T08:42:24.425776+07:00,c9_sim,423,4.337,11.767,0.426,0.000,0.006,16.537
2026-09-02T08:42:24.436462+07:00,c9_sim,424,3.885,9.828,0.300,0.000,0.004,14.018
2026-09-02T08:42:24.504181+07:00,c9_sim,425,4.081,10.197,0.358,26.578,0.036,41.250
2026-09-02T08:42:24.541111+07:00,c9_sim,426,3.635,9.256,0.325,26.412,0.253,39.880
2026-09-02T08:42:24.577353+07:00,c9_sim,427,3.886,9.129,0.308,26.235,0.027,39.585
2026-09-02T08:42:24.613501+07:00,c9_sim,428,3.586,9.174,0.286,26.152,0.012,39.210
2026-09-02T08:42:24.649572+07:00,c9_sim,429,3.565,9.125,0.339,26.044,0.011,39.084
2026-09-02T08:42:24.685365+07:00,c9_sim,430,3.672,8.969,0.259,26.017,0.010,38.928
2026-09-02T08:42:24.721196+07:00,c9_sim,431,5.172,8.909,0.306,26.070,0.013,40.470
2026-09-02T08:42:24.757586+07:00,c9_sim,432,3.598,9.253,0.292,26.260,0.010,39.412
2026-09-02T08:42:24.793629+07:00,c9_sim,433,3.292,9.013,0.257,26.204,0.009,38.775
2026-09-02T08:42:24.829607+07:00,c9_sim,434,3.572,9.077,0.242,26.089,0.011,38.991
2026-09-02T08:42:24.866216+07:00,c9_sim,435,4.909,9.246,0.331,26.357,0.011,40.854
2026-09-02T08:42:24.902434+07:00,c9_sim,436,3.638,9.125,0.291,26.174,0.010,39.237
2026-09-02T08:42:24.938604+07:00,c9_sim,437,3.350,9.144,0.282,26.241,0.012,39.028
2026-09-02T08:42:24.975165+07:00,c9_sim,438,3.359,9.453,0.341,26.214,0.011,39.377
2026-09-02T08:42:25.011234+07:00,c9_sim,439,4.854,9.103,0.290,26.093,0.010,40.349
2026-09-02T08:42:25.047779+07:00,c9_sim,440,3.630,9.261,0.281,26.395,0.015,39.582
2026-09-02T08:42:25.084307+07:00,c9_sim,441,3.310,9.336,0.354,26.256,0.015,39.272
2026-09-02T08:42:25.120609+07:00,c9_sim,442,3.660,9.257,0.271,26.191,0.013,39.393
2026-09-02T08:42:25.156683+07:00,c9_sim,443,4.941,9.051,0.283,26.168,0.020,40.462
2026-09-02T08:42:25.192656+07:00,c9_sim,444,3.310,8.777,0.378,26.196,0.023,38.684
2026-09-02T08:42:25.228703+07:00,c9_sim,445,3.255,9.139,0.307,26.046,0.013,38.759
2026-09-02T08:42:25.264390+07:00,c9_sim,446,3.391,8.815,0.259,26.083,0.013,38.562
2026-09-02T08:42:25.300509+07:00,c9_sim,447,4.813,9.006,0.325,26.130,0.017,40.290
2026-09-02T08:42:25.335823+07:00,c9_sim,448,3.742,8.654,0.271,25.877,0.014,38.559
2026-09-02T08:42:25.371278+07:00,c9_sim,449,3.383,8.783,0.266,25.872,0.017,38.320
2026-09-02T08:42:25.379332+07:00,c9_sim,450,3.450,7.955,0.000,0.000,0.006,11.410
2026-09-02T08:42:25.387165+07:00,c9_sim,451,3.388,7.702,0.000,0.000,0.003,11.094
2026-09-02T08:42:25.422809+07:00,c9_sim,452,4.538,8.650,0.330,26.100,0.016,39.634
2026-09-02T08:42:25.458560+07:00,c9_sim,453,3.247,8.796,0.313,26.090,0.015,38.461
2026-09-02T08:42:25.494304+07:00,c9_sim,454,3.061,8.798,0.338,26.080,0.014,38.290
2026-09-02T08:42:25.502037+07:00,c9_sim,455,3.487,7.648,0.000,0.000,0.005,11.139
2026-09-02T08:42:25.537366+07:00,c9_sim,456,4.462,8.600,0.279,25.947,0.014,39.301
2026-09-02T08:42:25.544998+07:00,c9_sim,457,3.101,7.563,0.000,0.000,0.004,10.668
2026-09-02T08:42:25.552679+07:00,c9_sim,458,2.914,7.616,0.000,0.000,0.004,10.534
2026-09-02T08:42:25.560222+07:00,c9_sim,459,4.143,7.478,0.000,0.000,0.003,11.625
2026-09-02T08:42:25.567649+07:00,c9_sim,460,2.884,7.368,0.000,0.000,0.003,10.255
2026-09-02T08:42:25.575082+07:00,c9_sim,461,3.001,7.382,0.000,0.000,0.003,10.386
2026-09-02T08:42:25.610217+07:00,c9_sim,462,3.278,8.463,0.272,25.928,0.013,37.955
2026-09-02T08:42:25.617761+07:00,c9_sim,463,3.414,7.480,0.000,0.000,0.004,10.898
2026-09-02T08:42:25.653370+07:00,c9_sim,464,3.105,8.678,0.247,26.199,0.014,38.243
2026-09-02T08:42:25.688809+07:00,c9_sim,465,3.323,8.621,0.257,26.058,0.013,38.271
2026-09-02T08:42:25.724838+07:00,c9_sim,466,3.024,9.042,0.247,26.133,0.013,38.458
2026-09-02T08:42:25.760663+07:00,c9_sim,467,3.003,8.922,0.230,26.123,0.013,38.291
2026-09-02T08:42:25.796855+07:00,c9_sim,468,3.092,9.112,0.233,26.278,0.013,38.727
2026-09-02T08:42:25.832895+07:00,c9_sim,469,3.211,9.075,0.239,26.167,0.013,38.705
2026-09-02T08:42:25.869254+07:00,c9_sim,470,3.311,9.032,0.352,26.320,0.013,39.028
2026-09-02T08:42:25.905355+07:00,c9_sim,471,3.225,8.974,0.241,26.353,0.015,38.807
2026-09-02T08:42:25.941380+07:00,c9_sim,472,3.251,9.196,0.238,25.997,0.014,38.695
2026-09-02T08:42:25.978194+07:00,c9_sim,473,3.543,9.662,0.274,26.290,0.015,39.784
2026-09-02T08:42:26.014495+07:00,c9_sim,474,3.681,9.195,0.251,26.264,0.034,39.426
2026-09-02T08:42:26.050209+07:00,c9_sim,475,3.366,8.887,0.280,26.011,0.024,38.567
2026-09-02T08:42:26.086583+07:00,c9_sim,476,3.893,9.456,0.303,25.991,0.016,39.658
2026-09-02T08:42:26.122593+07:00,c9_sim,477,3.646,8.839,0.249,26.414,0.014,39.162
2026-09-02T08:42:26.158296+07:00,c9_sim,478,3.610,8.918,0.244,25.995,0.016,38.783
2026-09-02T08:42:26.194044+07:00,c9_sim,479,3.125,8.947,0.229,26.025,0.017,38.344
2026-09-02T08:42:26.230360+07:00,c9_sim,480,3.100,9.287,0.256,26.180,0.013,38.836
2026-09-02T08:42:26.266395+07:00,c9_sim,481,3.326,9.126,0.244,26.078,0.013,38.787
2026-09-02T08:42:26.305088+07:00,c9_sim,482,3.636,9.568,0.303,26.096,0.015,39.619
2026-09-02T08:42:26.340706+07:00,c9_sim,483,3.187,8.847,0.244,26.042,0.014,38.334
2026-09-02T08:42:26.376715+07:00,c9_sim,484,3.277,8.988,0.330,26.140,0.014,38.749
2026-09-02T08:42:26.412831+07:00,c9_sim,485,3.225,9.266,0.248,25.997,0.016,38.752
2026-09-02T08:42:26.449363+07:00,c9_sim,486,3.437,9.264,0.295,26.340,0.015,39.352
2026-09-02T08:42:26.485584+07:00,c9_sim,487,3.326,9.149,0.257,26.224,0.013,38.968
2026-09-02T08:42:26.521349+07:00,c9_sim,488,3.045,8.836,0.223,26.177,0.013,38.293
2026-09-02T08:42:26.557643+07:00,c9_sim,489,3.285,9.314,0.276,26.135,0.016,39.026
2026-09-02T08:42:26.593935+07:00,c9_sim,490,3.544,9.078,0.258,26.389,0.025,39.295
2026-09-02T08:42:26.629978+07:00,c9_sim,491,3.482,9.023,0.254,26.164,0.012,38.936
2026-09-02T08:42:26.666034+07:00,c9_sim,492,3.211,8.962,0.238,26.262,0.015,38.688
2026-09-02T08:42:26.702637+07:00,c9_sim,493,3.313,9.163,0.254,26.552,0.014,39.297
2026-09-02T08:42:26.739727+07:00,c9_sim,494,3.956,10.026,0.326,26.176,0.013,40.497
2026-09-02T08:42:26.775913+07:00,c9_sim,495,3.537,9.135,0.250,26.210,0.014,39.145
2026-09-02T08:42:26.812323+07:00,c9_sim,496,3.246,9.199,0.274,26.334,0.014,39.067
2026-09-02T08:42:26.848651+07:00,c9_sim,497,3.658,9.301,0.240,26.205,0.013,39.418
2026-09-02T08:42:26.885381+07:00,c9_sim,498,4.055,9.566,0.235,26.321,0.013,40.191
2026-09-02T08:42:26.921809+07:00,c9_sim,499,3.317,9.107,0.257,26.525,0.016,39.222
2026-09-02T08:42:26.958401+07:00,c9_sim,500,3.303,9.430,0.312,26.260,0.014,39.319
2026-09-02T08:42:26.994542+07:00,c9_sim,501,3.612,9.097,0.230,26.227,0.013,39.179
2026-09-02T08:42:27.031137+07:00,c9_sim,502,4.205,9.371,0.240,26.450,0.014,40.280
2026-09-02T08:42:27.067077+07:00,c9_sim,503,3.418,9.159,0.223,25.967,0.015,38.783
2026-09-02T08:42:27.103273+07:00,c9_sim,504,3.184,8.953,0.324,26.383,0.016,38.860
2026-09-02T08:42:27.139511+07:00,c9_sim,505,3.413,9.127,0.311,26.261,0.014,39.125
2026-09-02T08:42:27.175965+07:00,c9_sim,506,3.971,9.349,0.274,26.231,0.013,39.838
2026-09-02T08:42:27.211778+07:00,c9_sim,507,3.681,8.987,0.229,26.030,0.016,38.942
2026-09-02T08:42:27.248311+07:00,c9_sim,508,3.242,9.220,0.314,26.317,0.015,39.108
2026-09-02T08:42:27.284640+07:00,c9_sim,509,3.391,9.214,0.274,26.245,0.012,39.137
2026-09-02T08:42:27.321216+07:00,c9_sim,510,3.975,9.551,0.239,26.207,0.013,39.984
2026-09-02T08:42:27.357588+07:00,c9_sim,511,3.489,9.166,0.259,26.329,0.014,39.256
2026-09-02T08:42:27.393566+07:00,c9_sim,512,3.449,8.852,0.247,26.202,0.012,38.763
2026-09-02T08:42:27.429564+07:00,c9_sim,513,3.512,8.975,0.275,26.200,0.014,38.976
2026-09-02T08:42:27.466331+07:00,c9_sim,514,3.913,9.648,0.271,26.300,0.012,40.144
2026-09-02T08:42:27.502524+07:00,c9_sim,515,3.773,9.157,0.248,26.216,0.013,39.407
2026-09-02T08:42:27.538854+07:00,c9_sim,516,3.257,9.177,0.246,26.309,0.015,39.004
2026-09-02T08:42:27.575288+07:00,c9_sim,517,3.282,9.124,0.345,26.321,0.015,39.086
2026-09-02T08:42:27.611827+07:00,c9_sim,518,3.930,9.444,0.272,26.228,0.013,39.887
2026-09-02T08:42:27.648082+07:00,c9_sim,519,3.427,9.164,0.237,26.291,0.013,39.132
2026-09-02T08:42:27.684346+07:00,c9_sim,520,3.264,9.221,0.262,26.195,0.015,38.956
2026-09-02T08:42:27.720860+07:00,c9_sim,521,3.227,9.421,0.269,26.236,0.014,39.167
2026-09-02T08:42:27.757209+07:00,c9_sim,522,3.879,9.320,0.249,26.198,0.013,39.658
2026-09-02T08:42:27.794456+07:00,c9_sim,523,4.104,10.259,0.238,26.174,0.012,40.787
2026-09-02T08:42:27.830798+07:00,c9_sim,524,3.316,9.215,0.257,26.275,0.014,39.078
2026-09-02T08:42:27.867070+07:00,c9_sim,525,3.361,9.300,0.234,26.160,0.012,39.067
2026-09-02T08:42:27.903479+07:00,c9_sim,526,3.725,9.242,0.231,26.378,0.016,39.592
2026-09-02T08:42:27.939698+07:00,c9_sim,527,3.645,9.054,0.300,26.298,0.016,39.312
2026-09-02T08:42:27.976471+07:00,c9_sim,528,3.299,9.541,0.291,26.345,0.014,39.490
2026-09-02T08:42:28.012847+07:00,c9_sim,529,3.200,9.235,0.278,26.312,0.012,39.037
2026-09-02T08:42:28.049246+07:00,c9_sim,530,4.014,9.395,0.279,26.117,0.017,39.822
2026-09-02T08:42:28.085783+07:00,c9_sim,531,3.520,9.393,0.280,26.260,0.014,39.468
2026-09-02T08:42:28.122310+07:00,c9_sim,532,3.302,9.364,0.249,26.355,0.014,39.284
2026-09-02T08:42:28.158880+07:00,c9_sim,533,3.310,9.361,0.277,26.327,0.014,39.288
2026-09-02T08:42:28.195246+07:00,c9_sim,534,3.991,9.450,0.223,26.114,0.015,39.794
2026-09-02T08:42:28.231640+07:00,c9_sim,535,3.664,9.214,0.277,26.366,0.014,39.534
2026-09-02T08:42:28.268022+07:00,c9_sim,536,3.541,9.246,0.262,26.281,0.014,39.344
2026-09-02T08:42:28.304047+07:00,c9_sim,537,3.539,8.987,0.236,26.206,0.014,38.981
2026-09-02T08:42:28.339993+07:00,c9_sim,538,3.611,9.055,0.230,26.143,0.013,39.052
2026-09-02T08:42:28.376945+07:00,c9_sim,539,3.981,9.753,0.310,26.364,0.014,40.421
2026-09-02T08:42:28.413147+07:00,c9_sim,540,3.505,9.084,0.272,26.278,0.017,39.156
2026-09-02T08:42:28.450283+07:00,c9_sim,541,3.290,9.623,0.312,26.576,0.014,39.815
2026-09-02T08:42:28.486504+07:00,c9_sim,542,3.759,9.011,0.294,26.339,0.014,39.418
2026-09-02T08:42:28.523620+07:00,c9_sim,543,4.401,10.104,0.244,26.195,0.013,40.956
2026-09-02T08:42:28.559737+07:00,c9_sim,544,3.402,9.038,0.256,26.298,0.014,39.008
2026-09-02T08:42:28.596068+07:00,c9_sim,545,3.198,9.198,0.296,26.304,0.013,39.010
2026-09-02T08:42:28.633174+07:00,c9_sim,546,4.163,10.062,0.261,26.179,0.013,40.678
2026-09-02T08:42:28.669421+07:00,c9_sim,547,3.723,9.202,0.255,26.256,0.016,39.452
2026-09-02T08:42:28.706310+07:00,c9_sim,548,3.636,9.594,0.300,26.388,0.013,39.932
2026-09-02T08:42:28.742845+07:00,c9_sim,549,3.596,9.342,0.248,26.344,0.013,39.542
2026-09-02T08:42:28.778923+07:00,c9_sim,550,3.637,9.023,0.235,26.290,0.013,39.199
2026-09-02T08:42:28.816646+07:00,c9_sim,551,4.129,10.404,0.251,26.452,0.012,41.249
2026-09-02T08:42:28.852662+07:00,c9_sim,552,3.537,9.047,0.234,26.151,0.012,38.981
2026-09-02T08:42:28.888450+07:00,c9_sim,553,3.288,8.847,0.219,26.178,0.014,38.546
2026-09-02T08:42:28.924657+07:00,c9_sim,554,3.917,9.249,0.289,26.120,0.014,39.589
2026-09-02T08:42:28.960775+07:00,c9_sim,555,3.512,9.085,0.289,26.185,0.014,39.085
2026-09-02T08:42:28.996887+07:00,c9_sim,556,3.611,9.081,0.288,26.150,0.015,39.145
2026-09-02T08:42:29.033755+07:00,c9_sim,557,3.241,9.530,0.263,26.483,0.014,39.532
2026-09-02T08:42:29.069858+07:00,c9_sim,558,3.587,9.158,0.253,26.125,0.019,39.142
2026-09-02T08:42:29.107564+07:00,c9_sim,559,4.059,10.260,0.285,26.565,0.015,41.183
2026-09-02T08:42:29.147199+07:00,c9_sim,560,3.442,12.260,0.264,26.497,0.015,42.479
2026-09-02T08:42:29.183613+07:00,c9_sim,561,3.214,9.231,0.255,26.336,0.014,39.050
2026-09-02T08:42:29.219661+07:00,c9_sim,562,3.602,9.122,0.234,26.172,0.016,39.146
2026-09-02T08:42:29.256737+07:00,c9_sim,563,3.964,9.884,0.266,26.330,0.013,40.458
2026-09-02T08:42:29.292895+07:00,c9_sim,564,3.310,9.064,0.280,26.266,0.014,38.935
2026-09-02T08:42:29.329379+07:00,c9_sim,565,3.499,9.007,0.320,26.354,0.014,39.193
2026-09-02T08:42:29.365650+07:00,c9_sim,566,3.541,9.220,0.252,26.231,0.014,39.259
2026-09-02T08:42:29.402221+07:00,c9_sim,567,3.965,9.553,0.225,26.202,0.013,39.959
2026-09-02T08:42:29.438632+07:00,c9_sim,568,3.373,9.107,0.318,26.443,0.016,39.257
2026-09-02T08:42:29.475374+07:00,c9_sim,569,3.367,9.563,0.269,26.324,0.014,39.537
2026-09-02T08:42:29.512286+07:00,c9_sim,570,4.060,9.758,0.308,26.317,0.019,40.463
2026-09-02T08:42:29.549129+07:00,c9_sim,571,3.541,9.587,0.343,26.313,0.019,39.802
2026-09-02T08:42:29.585059+07:00,c9_sim,572,3.637,9.037,0.267,26.089,0.019,39.048
2026-09-02T08:42:29.621215+07:00,c9_sim,573,3.314,8.850,0.281,26.460,0.023,38.928
2026-09-02T08:42:29.662150+07:00,c9_sim,574,3.579,10.854,0.410,29.002,0.022,43.867
2026-09-02T08:42:29.730876+07:00,c9_sim,575,3.905,37.619,1.057,29.384,0.044,72.008
2026-09-02T08:42:29.777829+07:00,c9_sim,576,3.567,19.328,0.287,26.699,0.018,49.898
2026-09-02T08:42:29.785790+07:00,c8_sim,247,2.864,7.846,0.000,0.000,0.003,10.713
2026-09-02T08:42:29.847345+07:00,c8_sim,248,3.593,9.890,0.000,0.000,0.004,13.487
2026-09-02T08:42:29.903200+07:00,c8_sim,249,4.858,10.321,0.000,0.000,0.004,15.182
2026-09-02T08:42:29.972359+07:00,c8_sim,250,6.520,11.841,0.000,0.000,0.005,18.366
2026-09-02T08:42:30.003959+07:00,c8_sim,251,7.305,10.429,0.000,0.000,0.005,17.738
2026-09-02T08:42:30.072643+07:00,c8_sim,252,7.769,14.092,0.000,0.000,0.005,21.866
2026-09-02T08:42:30.106430+07:00,c8_sim,253,7.119,12.579,0.000,0.000,0.005,19.702
2026-09-02T08:42:30.164193+07:00,c8_sim,254,7.774,11.684,0.000,0.000,0.005,19.463
2026-09-02T08:42:30.233807+07:00,c8_sim,255,8.068,13.734,0.000,0.000,0.005,21.807
2026-09-02T08:42:30.245161+07:00,c8_sim,256,7.559,11.173,0.000,0.000,0.004,18.736
2026-09-02T08:42:30.318365+07:00,c8_sim,257,8.748,13.044,0.000,0.000,0.004,21.796
2026-09-02T08:42:30.361762+07:00,c8_sim,258,8.567,13.278,0.000,0.000,0.003,21.848
2026-09-02T08:42:30.439489+07:00,c8_sim,259,8.606,20.125,1.221,0.000,0.006,29.958
2026-09-02T08:42:30.483114+07:00,c8_sim,260,8.586,16.006,0.655,0.000,0.005,25.252
2026-09-02T08:42:30.524754+07:00,c8_sim,261,6.520,14.352,0.000,0.000,0.004,20.876
2026-09-02T08:42:30.568806+07:00,c8_sim,262,6.910,18.933,0.551,0.000,0.004,26.398
2026-09-02T08:42:30.696507+07:00,c8_sim,263,7.293,25.740,0.596,56.628,0.069,90.326
2026-09-02T08:42:30.734450+07:00,c8_sim,264,7.403,10.212,0.486,26.620,0.012,44.733
2026-09-02T08:42:30.773689+07:00,c8_sim,265,7.964,10.156,0.405,28.094,0.011,46.630
2026-09-02T08:42:30.811432+07:00,c8_sim,266,6.419,10.095,0.461,26.642,0.011,43.628
2026-09-02T08:42:30.848123+07:00,c8_sim,267,5.708,9.485,0.382,26.243,0.009,41.827
2026-09-02T08:42:30.916153+07:00,c8_sim,268,5.555,10.421,0.396,26.510,0.013,42.895
2026-09-02T08:42:30.953371+07:00,c8_sim,269,6.163,9.913,0.386,26.319,0.018,42.798
2026-09-02T08:42:30.990814+07:00,c8_sim,270,5.799,9.937,0.458,26.470,0.016,42.681
2026-09-02T08:42:31.057825+07:00,c8_sim,271,4.383,11.168,0.544,26.533,0.014,42.641
2026-09-02T08:42:31.094779+07:00,c8_sim,272,5.139,9.820,0.327,26.185,0.012,41.482
2026-09-02T08:42:31.163870+07:00,c8_sim,273,5.651,10.744,0.564,27.112,0.012,44.084
2026-09-02T08:42:31.201748+07:00,c8_sim,274,6.060,10.223,0.392,26.697,0.015,43.387
2026-09-02T08:42:31.269729+07:00,c8_sim,275,5.754,11.808,0.430,26.633,0.012,44.637
2026-09-02T08:42:31.306465+07:00,c8_sim,276,5.671,9.351,0.343,26.433,0.010,41.808
2026-09-02T08:42:31.375067+07:00,c8_sim,277,5.611,10.857,0.457,26.623,0.010,43.559
2026-09-02T08:42:31.412889+07:00,c8_sim,278,6.021,10.241,0.400,26.532,0.012,43.206
2026-09-02T08:42:31.450332+07:00,c8_sim,279,6.683,9.720,0.383,26.709,0.017,43.512
2026-09-02T08:42:31.518656+07:00,c8_sim,280,5.879,10.691,0.400,26.549,0.015,43.534
2026-09-02T08:42:31.555738+07:00,c8_sim,281,5.883,9.493,0.396,26.580,0.016,42.367
2026-09-02T08:42:31.622481+07:00,c8_sim,282,6.039,10.884,0.368,26.702,0.018,44.011
2026-09-02T08:42:31.659264+07:00,c8_sim,283,5.917,9.665,0.302,26.214,0.011,42.110
2026-09-02T08:42:31.727640+07:00,c8_sim,284,6.208,10.903,0.337,26.473,0.014,43.934
2026-09-02T08:42:31.765234+07:00,c8_sim,285,6.020,9.896,0.363,26.727,0.016,43.022
2026-09-02T08:42:31.802384+07:00,c8_sim,286,6.502,9.644,0.326,26.523,0.013,43.008
2026-09-02T08:42:31.871047+07:00,c8_sim,287,6.729,11.076,0.357,26.568,0.015,44.744
2026-09-02T08:42:31.907870+07:00,c8_sim,288,6.292,9.496,0.291,26.422,0.013,42.514
2026-09-02T08:42:31.969321+07:00,c8_sim,289,5.666,10.983,0.343,26.505,0.016,43.513
2026-09-02T08:42:32.005936+07:00,c8_sim,290,5.854,9.374,0.323,26.341,0.013,41.907
2026-09-02T08:42:32.074159+07:00,c8_sim,291,5.695,10.821,0.369,26.364,0.018,43.265
2026-09-02T08:42:32.111063+07:00,c8_sim,292,5.746,9.748,0.301,26.241,0.015,42.051
2026-09-02T08:42:32.179368+07:00,c8_sim,293,5.578,10.750,0.320,26.563,0.014,43.225
2026-09-02T08:42:32.216175+07:00,c8_sim,294,5.790,9.699,0.273,26.203,0.018,41.983
2026-09-02T08:42:32.274025+07:00,c8_sim,295,5.693,10.480,0.341,26.364,0.014,42.892
2026-09-02T08:42:32.310947+07:00,c8_sim,296,5.791,9.573,0.295,26.427,0.014,42.100
2026-09-02T08:42:32.379294+07:00,c8_sim,297,6.672,11.036,0.299,26.339,0.015,44.360
2026-09-02T08:42:32.415498+07:00,c8_sim,298,5.675,9.033,0.269,26.231,0.015,41.223
2026-09-02T08:42:32.452238+07:00,c8_sim,299,5.694,9.416,0.305,26.446,0.014,41.875
2026-09-02T08:42:32.547236+07:00,c8_sim,300,6.210,13.502,0.387,27.462,0.017,47.577
2026-09-02T08:42:32.584906+07:00,c8_sim,301,6.627,10.294,0.310,26.337,0.016,43.584
2026-09-02T08:42:32.621633+07:00,c8_sim,302,6.078,9.425,0.316,26.366,0.013,42.199
2026-09-02T08:42:32.686610+07:00,c8_sim,303,5.956,11.476,0.329,26.708,0.014,44.483
2026-09-02T08:42:32.724395+07:00,c8_sim,304,6.273,10.429,0.273,26.411,0.014,43.399
2026-09-02T08:42:32.790486+07:00,c8_sim,305,6.054,10.615,0.291,26.337,0.014,43.312
2026-09-02T08:42:32.827149+07:00,c8_sim,306,5.923,9.434,0.301,26.334,0.014,42.006
2026-09-02T08:42:32.895435+07:00,c8_sim,307,5.660,10.770,0.312,26.539,0.014,43.295
2026-09-02T08:42:32.932191+07:00,c8_sim,308,5.474,9.457,0.276,26.412,0.013,41.632
2026-09-02T08:42:32.968685+07:00,c8_sim,309,5.818,9.169,0.297,26.453,0.013,41.751
2026-09-02T08:42:33.036177+07:00,c8_sim,310,5.683,10.268,0.285,26.260,0.013,42.509
2026-09-02T08:42:33.072249+07:00,c8_sim,311,5.286,9.020,0.262,26.218,0.016,40.801
2026-09-02T08:42:33.136104+07:00,c8_sim,312,5.655,10.355,0.317,26.553,0.014,42.894
2026-09-02T08:42:33.172397+07:00,c8_sim,313,5.593,9.153,0.272,26.323,0.011,41.353
2026-09-02T08:42:33.237071+07:00,c8_sim,314,5.812,9.609,0.266,26.324,0.013,42.024
2026-09-02T08:42:33.272903+07:00,c8_sim,315,4.817,8.865,0.216,26.175,0.012,40.086
2026-09-02T08:42:33.340537+07:00,c8_sim,316,5.151,10.181,0.286,26.497,0.014,42.128
2026-09-02T08:42:33.377056+07:00,c8_sim,317,5.867,9.376,0.242,26.317,0.013,41.815
2026-09-02T08:42:33.444947+07:00,c8_sim,318,5.775,10.492,0.344,26.392,0.014,43.017
2026-09-02T08:42:33.481399+07:00,c8_sim,319,5.750,9.243,0.258,26.368,0.012,41.631
2026-09-02T08:42:33.549052+07:00,c8_sim,320,5.643,10.309,0.291,26.341,0.014,42.599
2026-09-02T08:42:33.585322+07:00,c8_sim,321,5.283,9.186,0.248,26.253,0.012,40.983
2026-09-02T08:42:33.654896+07:00,c8_sim,322,5.737,12.012,0.317,26.591,0.015,44.672
2026-09-02T08:42:33.691572+07:00,c8_sim,323,5.499,9.488,0.275,26.308,0.013,41.582
2026-09-02T08:42:33.728100+07:00,c8_sim,324,5.230,9.301,0.248,26.387,0.013,41.179
2026-09-02T08:42:33.796143+07:00,c8_sim,325,6.100,10.680,0.294,26.403,0.015,43.491
2026-09-02T08:42:33.833041+07:00,c8_sim,326,6.155,9.582,0.282,26.436,0.013,42.469
2026-09-02T08:42:33.893748+07:00,c8_sim,327,6.039,10.157,0.276,26.327,0.015,42.814
2026-09-02T08:42:33.929924+07:00,c8_sim,328,5.506,9.089,0.257,26.245,0.013,41.110
2026-09-02T08:42:33.998139+07:00,c8_sim,329,5.652,10.805,0.321,26.419,0.017,43.213
2026-09-02T08:42:34.034999+07:00,c8_sim,330,5.549,9.593,0.306,26.387,0.014,41.849
2026-09-02T08:42:34.101120+07:00,c8_sim,331,5.789,11.001,0.347,27.432,0.016,44.585
2026-09-02T08:42:34.137721+07:00,c8_sim,332,5.716,9.354,0.273,26.378,0.013,41.733
2026-09-02T08:42:34.205187+07:00,c8_sim,333,5.422,10.054,0.288,26.493,0.014,42.271
2026-09-02T08:42:34.241790+07:00,c8_sim,334,5.291,9.355,0.300,26.334,0.015,41.295
2026-09-02T08:42:34.309427+07:00,c8_sim,335,5.936,10.441,0.309,26.213,0.014,42.913
2026-09-02T08:42:34.346134+07:00,c8_sim,336,5.863,9.218,0.257,26.571,0.012,41.922
2026-09-02T08:42:34.413667+07:00,c8_sim,337,5.851,10.364,0.272,26.242,0.017,42.746
2026-09-02T08:42:34.450657+07:00,c8_sim,338,5.822,9.643,0.317,26.399,0.014,42.195
2026-09-02T08:42:34.487186+07:00,c8_sim,339,5.822,9.407,0.252,26.256,0.014,41.752
2026-09-02T08:42:34.517402+07:00,c8_sim,340,5.008,8.203,0.000,0.000,0.006,13.217
2026-09-02T08:42:34.587248+07:00,c8_sim,341,5.130,11.398,0.000,0.000,0.009,16.536
2026-09-02T08:42:34.629917+07:00,c8_sim,342,7.970,13.321,0.000,0.000,0.009,21.300
