timestamp,camera_id,frame_id,decode_ms,detection_ms,tracking_ms,reid_ms,matching_ms,total_ai_ms
2026-09-02T09:01:49.329252+07:00,c8_sim,1,5.015,490.161,18.975,99.955,0.054,614.159
2026-09-02T09:01:49.449142+07:00,c8_sim,2,3.880,87.175,20.333,10.981,0.033,122.403
2026-09-02T09:01:49.553637+07:00,c8_sim,3,3.997,84.630,7.506,11.561,0.010,107.704
2026-09-02T09:01:49.658700+07:00,c8_sim,4,4.481,83.978,8.405,11.903,0.030,108.797
2026-09-02T09:01:49.772593+07:00,c8_sim,5,5.129,84.423,9.877,13.142,0.009,112.580
2026-09-02T09:01:49.878710+07:00,c8_sim,6,6.413,85.075,8.075,12.026,0.009,111.599
2026-09-02T09:01:49.986386+07:00,c8_sim,7,3.741,85.301,9.022,12.501,0.036,110.600
2026-09-02T09:01:50.092418+07:00,c8_sim,8,4.232,84.773,8.481,11.986,0.032,109.503
2026-09-02T09:01:50.199828+07:00,c8_sim,9,4.681,84.561,9.016,13.068,0.008,111.333
2026-09-02T09:01:50.307263+07:00,c8_sim,10,5.383,84.766,9.022,12.857,0.009,112.038
2026-09-02T09:01:50.415430+07:00,c8_sim,11,5.604,84.650,9.618,13.114,0.010,112.996
2026-09-02T09:01:50.525042+07:00,c8_sim,12,5.055,85.415,9.805,13.598,0.010,113.884
2026-09-02T09:01:50.633467+07:00,c8_sim,13,5.566,84.684,9.583,13.352,0.009,113.193
2026-09-02T09:01:50.741394+07:00,c8_sim,14,5.301,84.567,9.777,12.803,0.009,112.457
2026-09-02T09:01:50.848985+07:00,c8_sim,15,5.646,84.603,9.293,12.935,0.008,112.485
2026-09-02T09:01:50.957134+07:00,c8_sim,16,5.634,84.547,9.537,13.272,0.028,113.018
2026-09-02T09:01:51.064687+07:00,c8_sim,17,5.919,85.158,8.909,12.726,0.015,112.728
2026-09-02T09:01:51.171355+07:00,c8_sim,18,5.987,84.527,8.382,12.932,0.014,111.843
2026-09-02T09:01:51.276682+07:00,c8_sim,19,6.164,84.364,8.408,11.752,0.013,110.701
2026-09-02T09:01:51.384762+07:00,c8_sim,20,5.826,84.882,9.138,13.274,0.014,113.134
2026-09-02T09:01:51.494208+07:00,c8_sim,21,5.779,85.129,9.785,13.698,0.015,114.406
2026-09-02T09:01:51.603092+07:00,c8_sim,22,6.208,85.458,9.441,13.165,0.016,114.287
2026-09-02T09:01:51.710690+07:00,c8_sim,23,5.921,84.533,9.600,12.689,0.013,112.756
2026-09-02T09:01:51.820000+07:00,c8_sim,24,5.515,84.838,10.102,13.572,0.012,114.039
2026-09-02T09:01:51.928446+07:00,c8_sim,25,5.274,84.578,9.903,13.206,0.015,112.977
2026-09-02T09:01:52.035096+07:00,c8_sim,26,5.579,85.002,8.329,12.503,0.013,111.426
2026-09-02T09:01:52.142998+07:00,c8_sim,27,5.748,84.702,9.281,13.160,0.013,112.904
2026-09-02T09:01:52.252283+07:00,c8_sim,28,5.789,84.647,10.300,13.541,0.015,114.292
2026-09-02T09:01:52.361220+07:00,c8_sim,29,5.792,85.272,9.453,13.428,0.012,113.957
2026-09-02T09:01:52.469544+07:00,c8_sim,30,6.159,84.802,9.243,13.489,0.013,113.706
2026-09-02T09:01:52.577223+07:00,c8_sim,31,6.260,84.738,8.917,13.212,0.012,113.139
2026-09-02T09:01:52.684704+07:00,c8_sim,32,5.496,84.647,8.969,13.061,0.013,112.186
2026-09-02T09:01:52.793311+07:00,c8_sim,33,5.847,84.692,9.864,13.177,0.013,113.593
2026-09-02T09:01:52.896085+07:00,c8_sim,34,6.312,84.316,7.096,10.593,0.013,108.329
2026-09-02T09:01:53.005466+07:00,c8_sim,35,6.103,84.640,10.023,13.875,0.018,114.658
2026-09-02T09:01:53.114833+07:00,c8_sim,36,5.907,85.422,9.436,13.622,0.014,114.401
2026-09-02T09:01:53.222660+07:00,c8_sim,37,5.818,84.712,9.290,12.903,0.013,112.736
2026-09-02T09:01:53.330930+07:00,c8_sim,38,5.794,85.266,9.233,12.993,0.012,113.299
2026-09-02T09:01:53.438109+07:00,c8_sim,39,6.173,84.137,9.301,12.946,0.013,112.570
2026-09-02T09:01:53.545613+07:00,c8_sim,40,4.209,84.374,8.760,13.585,0.014,110.942
2026-09-02T09:01:53.654232+07:00,c8_sim,41,5.941,84.946,9.806,13.072,0.013,113.777
2026-09-02T09:01:53.763251+07:00,c8_sim,42,5.898,84.630,10.216,13.376,0.012,114.131
2026-09-02T09:01:53.872150+07:00,c8_sim,43,5.909,84.831,9.692,13.602,0.013,114.046
2026-09-02T09:01:53.980174+07:00,c8_sim,44,5.712,84.721,9.418,13.096,0.014,112.960
2026-09-02T09:01:54.088467+07:00,c8_sim,45,5.698,84.685,9.337,13.480,0.013,113.213
2026-09-02T09:01:54.195780+07:00,c8_sim,46,5.653,84.452,9.008,13.064,0.013,112.190
2026-09-02T09:01:54.309762+07:00,c8_sim,47,5.515,89.880,10.261,12.895,0.027,118.578
2026-09-02T09:01:54.422049+07:00,c8_sim,48,5.951,90.844,8.123,12.508,0.017,117.443
2026-09-02T09:01:54.528583+07:00,c8_sim,49,5.871,85.025,8.536,12.182,0.015,111.629
2026-09-02T09:01:54.635566+07:00,c8_sim,50,6.032,84.714,8.808,12.650,0.012,112.216
2026-09-02T09:01:54.731019+07:00,c8_sim,51,5.830,84.713,9.938,0.000,0.006,100.487
2026-09-02T09:01:54.943379+07:00,c8_sim,52,5.701,197.005,12.593,0.002,0.105,215.406
2026-09-02T09:01:54.972698+07:00,c9_sim,1,2.949,197.005,7.042,20.644,0.062,227.702
2026-09-02T09:01:55.141615+07:00,c8_sim,53,6.483,157.135,10.957,0.000,0.009,174.584
2026-09-02T09:01:55.164393+07:00,c9_sim,2,2.351,157.135,8.661,12.961,0.010,181.117
2026-09-02T09:01:55.335034+07:00,c8_sim,54,5.465,158.600,11.152,0.003,0.072,175.292
2026-09-02T09:01:55.358146+07:00,c9_sim,3,6.656,158.600,9.128,12.976,0.010,187.370
2026-09-02T09:01:55.516286+07:00,c8_sim,55,5.265,157.833,0.000,0.000,0.010,163.108
2026-09-02T09:01:55.543151+07:00,c9_sim,4,2.841,157.833,11.963,14.357,0.010,187.005
2026-09-02T09:01:55.702182+07:00,c8_sim,56,5.264,158.705,0.000,0.000,0.012,163.981
2026-09-02T09:01:55.733737+07:00,c9_sim,5,4.055,158.705,15.292,15.574,0.051,193.677
2026-09-02T09:01:55.844052+07:00,c9_sim,6,3.964,85.164,10.490,13.847,0.048,113.514
2026-09-02T09:01:55.953025+07:00,c9_sim,7,3.781,84.681,9.801,13.705,0.010,111.977
2026-09-02T09:01:56.063874+07:00,c9_sim,8,3.578,85.073,11.440,13.574,0.010,113.674
2026-09-02T09:01:56.173177+07:00,c9_sim,9,3.495,85.122,9.912,13.481,0.060,112.068
2026-09-02T09:01:56.282282+07:00,c9_sim,10,5.662,84.820,9.871,13.641,0.010,114.004
2026-09-02T09:01:56.391702+07:00,c9_sim,11,3.519,84.944,10.171,13.558,0.010,112.201
2026-09-02T09:01:56.500296+07:00,c9_sim,12,3.330,84.899,9.881,13.041,0.010,111.161
2026-09-02T09:01:56.608126+07:00,c9_sim,13,3.307,84.711,9.538,12.819,0.008,110.384
2026-09-02T09:01:56.715583+07:00,c9_sim,14,3.247,84.287,9.206,13.227,0.010,109.977
2026-09-02T09:01:56.822916+07:00,c9_sim,15,3.506,84.585,9.176,12.895,0.009,110.173
2026-09-02T09:01:56.932532+07:00,c9_sim,16,3.522,84.809,10.557,13.473,0.011,112.372
2026-09-02T09:01:57.041953+07:00,c9_sim,17,3.690,85.427,9.862,13.369,0.015,112.363
2026-09-02T09:01:57.150503+07:00,c9_sim,18,3.860,84.411,9.775,13.612,0.013,111.671
2026-09-02T09:01:57.259089+07:00,c9_sim,19,3.981,84.764,9.931,13.128,0.017,111.821
2026-09-02T09:01:57.367198+07:00,c9_sim,20,4.014,84.935,9.286,13.101,0.013,111.349
2026-09-02T09:01:57.474723+07:00,c9_sim,21,3.564,84.490,9.191,13.090,0.014,110.349
2026-09-02T09:01:57.582417+07:00,c9_sim,22,3.962,84.408,9.504,13.030,0.013,110.918
2026-09-02T09:01:57.691795+07:00,c9_sim,23,3.975,84.697,9.475,14.431,0.011,112.588
2026-09-02T09:01:57.799168+07:00,c9_sim,24,3.955,84.600,9.019,12.995,0.013,110.582
2026-09-02T09:01:57.906726+07:00,c9_sim,25,3.939,84.630,8.978,13.183,0.012,110.742
2026-09-02T09:01:58.015489+07:00,c9_sim,26,3.485,84.389,10.161,13.479,0.013,111.527
2026-09-02T09:01:58.123408+07:00,c9_sim,27,3.250,85.026,9.022,13.075,0.015,110.388
2026-09-02T09:01:58.233852+07:00,c9_sim,28,3.346,84.914,9.857,13.536,0.010,111.664
2026-09-02T09:01:58.343423+07:00,c9_sim,29,3.759,85.043,10.396,13.389,0.012,112.600
2026-09-02T09:01:58.452288+07:00,c9_sim,30,3.524,84.931,9.605,13.554,0.011,111.625
2026-09-02T09:01:58.562462+07:00,c9_sim,31,3.254,84.860,10.322,14.231,0.014,112.682
2026-09-02T09:01:58.670525+07:00,c9_sim,32,3.236,85.013,9.055,13.206,0.013,110.522
2026-09-02T09:01:58.778330+07:00,c9_sim,33,3.245,84.775,9.306,12.979,0.013,110.317
2026-09-02T09:01:58.885067+07:00,c9_sim,34,3.051,84.593,8.526,12.863,0.012,109.046
2026-09-02T09:01:58.991589+07:00,c9_sim,35,3.212,84.207,8.804,12.695,0.013,108.932
2026-09-02T09:01:59.098700+07:00,c9_sim,36,3.422,84.368,8.916,13.048,0.013,109.766
2026-09-02T09:01:59.207349+07:00,c9_sim,37,3.826,84.692,9.538,13.641,0.013,111.710
2026-09-02T09:01:59.315251+07:00,c9_sim,38,4.271,84.896,9.215,13.006,0.014,111.402
2026-09-02T09:01:59.422784+07:00,c9_sim,39,5.503,84.586,9.066,13.136,0.013,112.304
2026-09-02T09:01:59.530595+07:00,c9_sim,40,4.037,84.604,9.080,13.385,0.013,111.119
2026-09-02T09:01:59.638385+07:00,c9_sim,41,3.728,84.909,8.892,13.222,0.012,110.762
2026-09-02T09:01:59.745529+07:00,c9_sim,42,3.604,84.524,8.906,12.967,0.011,110.012
2026-09-02T09:01:59.853843+07:00,c9_sim,43,3.614,84.502,9.391,13.640,0.011,111.159
2026-09-02T09:01:59.961101+07:00,c9_sim,44,4.019,84.560,8.687,13.243,0.014,110.524
2026-09-02T09:02:00.068079+07:00,c9_sim,45,3.727,84.277,8.906,13.056,0.013,109.980
2026-09-02T09:02:00.176734+07:00,c9_sim,46,3.620,84.772,9.473,13.548,0.014,111.427
2026-09-02T09:02:00.285450+07:00,c9_sim,47,3.747,84.529,9.759,13.676,0.013,111.723
2026-09-02T09:02:00.395834+07:00,c9_sim,48,3.690,85.538,9.659,14.417,0.016,113.320
2026-09-02T09:02:00.505687+07:00,c9_sim,49,3.367,85.856,9.867,13.344,0.014,112.450
2026-09-02T09:02:00.613712+07:00,c9_sim,50,3.326,84.527,9.049,13.725,0.015,110.641
2026-09-02T09:02:00.722802+07:00,c9_sim,51,3.530,84.780,9.700,13.876,0.013,111.900
2026-09-02T09:02:00.831021+07:00,c9_sim,52,3.486,84.485,9.156,13.879,0.012,111.018
2026-09-02T09:02:00.938698+07:00,c9_sim,53,3.321,84.393,8.907,13.652,0.014,110.287
2026-09-02T09:02:01.045081+07:00,c9_sim,54,3.333,84.385,8.331,12.947,0.014,109.011
2026-09-02T09:02:01.151927+07:00,c9_sim,55,3.189,84.407,8.787,12.898,0.013,109.294
2026-09-02T09:02:01.259316+07:00,c9_sim,56,3.676,84.308,9.176,13.107,0.014,110.280
2026-09-02T09:02:01.366906+07:00,c9_sim,57,3.861,84.964,9.230,12.650,0.014,110.719
2026-09-02T09:02:01.474428+07:00,c9_sim,58,3.764,84.361,9.217,13.206,0.014,110.562
2026-09-02T09:02:01.581026+07:00,c9_sim,59,4.173,84.308,8.735,12.827,0.013,110.056
2026-09-02T09:02:01.688058+07:00,c9_sim,60,5.638,84.174,8.990,13.135,0.014,111.951
2026-09-02T09:02:01.794757+07:00,c9_sim,61,4.495,83.756,9.311,12.912,0.014,110.489
2026-09-02T09:02:01.902139+07:00,c9_sim,62,3.932,84.198,9.164,13.295,0.013,110.601
2026-09-02T09:02:02.009748+07:00,c9_sim,63,4.039,85.333,8.432,13.097,0.014,110.914
2026-09-02T09:02:02.117523+07:00,c9_sim,64,3.615,84.612,8.871,13.514,0.013,110.626
2026-09-02T09:02:02.225644+07:00,c9_sim,65,3.587,84.429,9.035,13.968,0.015,111.033
2026-09-02T09:02:02.332712+07:00,c9_sim,66,3.966,84.496,8.597,13.252,0.013,110.326
2026-09-02T09:02:02.439811+07:00,c9_sim,67,4.067,84.367,8.792,13.172,0.017,110.414
2026-09-02T09:02:02.547671+07:00,c9_sim,68,4.246,85.161,8.953,13.003,0.013,111.377
2026-09-02T09:02:02.655194+07:00,c9_sim,69,3.882,84.726,8.954,13.089,0.013,110.664
2026-09-02T09:02:02.762196+07:00,c9_sim,70,3.662,84.520,8.742,12.974,0.013,109.911
2026-09-02T09:02:02.870400+07:00,c9_sim,71,3.619,84.822,8.944,13.688,0.013,111.087
2026-09-02T09:02:02.979034+07:00,c9_sim,72,3.714,84.916,9.576,13.389,0.015,111.610
2026-09-02T09:02:03.088732+07:00,c9_sim,73,3.650,85.228,9.702,14.025,0.016,112.622
2026-09-02T09:02:03.196919+07:00,c9_sim,74,3.442,84.764,9.532,13.110,0.013,110.862
2026-09-02T09:02:03.305818+07:00,c9_sim,75,3.334,85.212,9.392,13.516,0.014,111.467
2026-09-02T09:02:03.413819+07:00,c9_sim,76,3.209,84.552,9.206,13.526,0.015,110.508
2026-09-02T09:02:03.520810+07:00,c9_sim,77,3.340,84.300,9.019,12.899,0.015,109.574
2026-09-02T09:02:03.627410+07:00,c9_sim,78,3.033,84.414,8.741,12.685,0.012,108.886
2026-09-02T09:02:03.734487+07:00,c9_sim,79,3.242,84.446,8.767,13.108,0.013,109.577
2026-09-02T09:02:03.841929+07:00,c9_sim,80,3.510,84.645,8.505,13.528,0.014,110.202
2026-09-02T09:02:03.949578+07:00,c9_sim,81,3.369,84.618,9.102,13.155,0.015,110.260
2026-09-02T09:02:04.056060+07:00,c9_sim,82,3.588,84.990,8.121,12.599,0.013,109.311
2026-09-02T09:02:04.161822+07:00,c9_sim,83,3.765,84.217,8.153,12.676,0.013,108.824
2026-09-02T09:02:04.268007+07:00,c9_sim,84,3.877,84.411,7.869,13.140,0.020,109.317
2026-09-02T09:02:04.375295+07:00,c9_sim,85,5.428,84.481,8.501,13.437,0.013,111.861
2026-09-02T09:02:04.483938+07:00,c9_sim,86,4.032,84.684,9.653,13.555,0.014,111.938
2026-09-02T09:02:04.591787+07:00,c9_sim,87,4.256,84.840,8.798,13.448,0.014,111.356
2026-09-02T09:02:04.699158+07:00,c9_sim,88,3.881,84.581,8.660,13.384,0.011,110.517
2026-09-02T09:02:04.806793+07:00,c9_sim,89,3.604,84.713,8.730,13.459,0.010,110.517
2026-09-02T09:02:04.914688+07:00,c9_sim,90,4.060,84.793,9.232,13.108,0.013,111.205
2026-09-02T09:02:05.022397+07:00,c9_sim,91,4.140,84.496,9.008,13.418,0.013,111.075
2026-09-02T09:02:05.126563+07:00,c9_sim,92,3.659,83.975,7.630,11.868,0.014,107.146
2026-09-02T09:02:05.232167+07:00,c9_sim,93,3.657,84.218,8.197,12.472,0.012,108.555
2026-09-02T09:02:05.339367+07:00,c9_sim,94,3.690,84.364,8.729,13.354,0.012,110.150
2026-09-02T09:02:05.446725+07:00,c9_sim,95,3.664,84.613,8.600,13.374,0.016,110.267
2026-09-02T09:02:05.554554+07:00,c9_sim,96,3.660,85.280,8.598,13.213,0.013,110.764
2026-09-02T09:02:05.664411+07:00,c9_sim,97,3.715,84.991,10.178,13.912,0.014,112.811
2026-09-02T09:02:05.772996+07:00,c9_sim,98,3.405,84.683,9.476,13.642,0.014,111.220
2026-09-02T09:02:05.881310+07:00,c9_sim,99,3.484,84.670,9.383,13.487,0.012,111.036
2026-09-02T09:02:05.989377+07:00,c9_sim,100,3.355,84.825,9.094,13.395,0.013,110.681
2026-09-02T09:02:06.097758+07:00,c9_sim,101,3.079,84.570,10.103,12.963,0.013,110.727
2026-09-02T09:02:06.205362+07:00,c9_sim,102,2.985,84.006,9.090,13.692,0.014,109.786
2026-09-02T09:02:06.309500+07:00,c9_sim,103,3.162,84.160,7.590,11.631,0.013,106.555
2026-09-02T09:02:06.413813+07:00,c9_sim,104,3.422,83.997,7.611,11.997,0.017,107.045
2026-09-02T09:02:06.515415+07:00,c9_sim,105,3.313,84.816,6.227,9.842,0.013,104.211
2026-09-02T09:02:06.623125+07:00,c9_sim,106,3.434,85.197,7.966,13.745,0.014,110.356
2026-09-02T09:02:06.730977+07:00,c9_sim,107,3.361,84.448,9.005,13.657,0.012,110.483
2026-09-02T09:02:06.838592+07:00,c9_sim,108,3.781,84.666,8.788,13.452,0.016,110.702
2026-09-02T09:02:06.947805+07:00,c9_sim,109,3.658,85.205,9.468,13.744,0.018,112.093
2026-09-02T09:02:07.056214+07:00,c9_sim,110,3.970,85.439,8.809,13.418,0.014,111.650
2026-09-02T09:02:07.163249+07:00,c9_sim,111,4.465,84.454,9.009,12.831,0.015,110.774
2026-09-02T09:02:07.266397+07:00,c9_sim,112,3.654,84.409,6.752,11.291,0.013,106.118
2026-09-02T09:02:07.372281+07:00,c9_sim,113,3.413,84.444,8.287,12.390,0.015,108.549
2026-09-02T09:02:07.478630+07:00,c9_sim,114,2.763,84.077,8.652,12.857,0.015,108.364
2026-09-02T09:02:07.587195+07:00,c9_sim,115,2.573,85.204,9.042,13.546,0.013,110.378
2026-09-02T09:02:07.694936+07:00,c9_sim,116,4.035,84.890,8.905,13.185,0.012,111.027
2026-09-02T09:02:07.802889+07:00,c9_sim,117,3.810,84.840,9.023,13.355,0.013,111.040
2026-09-02T09:02:07.910714+07:00,c9_sim,118,4.154,84.431,8.815,13.860,0.013,111.272
2026-09-02T09:02:08.018837+07:00,c9_sim,119,4.074,84.820,9.003,13.546,0.017,111.459
2026-09-02T09:02:08.126215+07:00,c9_sim,120,4.132,84.689,8.616,13.286,0.015,110.738
2026-09-02T09:02:08.234457+07:00,c9_sim,121,3.826,85.301,9.146,13.035,0.014,111.322
2026-09-02T09:02:08.342973+07:00,c9_sim,122,2.743,84.719,9.370,13.613,0.016,110.460
2026-09-02T09:02:08.453019+07:00,c9_sim,123,3.447,85.194,10.084,13.991,0.016,112.732
2026-09-02T09:02:08.562336+07:00,c9_sim,124,3.448,84.986,9.965,13.576,0.014,111.989
2026-09-02T09:02:08.670156+07:00,c9_sim,125,3.436,84.519,8.925,13.669,0.013,110.562
2026-09-02T09:02:08.775060+07:00,c9_sim,126,3.634,84.247,7.970,11.955,0.016,107.823
2026-09-02T09:02:08.884380+07:00,c9_sim,127,3.361,85.062,9.404,13.885,0.016,111.728
2026-09-02T09:02:08.992697+07:00,c9_sim,128,3.298,85.579,8.855,13.109,0.015,110.857
2026-09-02T09:02:09.098732+07:00,c9_sim,129,3.284,84.543,8.010,12.705,0.014,108.556
2026-09-02T09:02:09.205184+07:00,c9_sim,130,3.452,84.532,8.346,12.802,0.014,109.147
2026-09-02T09:02:09.312023+07:00,c9_sim,131,3.244,84.609,8.695,12.768,0.014,109.330
2026-09-02T09:02:09.419971+07:00,c9_sim,132,3.255,84.610,9.076,13.541,0.014,110.495
2026-09-02T09:02:09.527269+07:00,c9_sim,133,3.321,84.590,8.961,12.997,0.014,109.883
2026-09-02T09:02:09.634523+07:00,c9_sim,134,3.736,84.616,8.714,13.161,0.013,110.240
2026-09-02T09:02:09.744502+07:00,c9_sim,135,4.377,84.748,9.528,14.836,0.013,113.501
2026-09-02T09:02:09.853934+07:00,c9_sim,136,3.834,86.167,8.964,13.537,0.013,112.515
2026-09-02T09:02:09.961015+07:00,c9_sim,137,7.037,84.588,8.881,12.862,0.013,113.381
2026-09-02T09:02:10.068414+07:00,c9_sim,138,4.397,84.711,8.835,13.068,0.014,111.025
2026-09-02T09:02:10.176077+07:00,c9_sim,139,3.895,84.967,8.832,13.142,0.012,110.849
2026-09-02T09:02:10.283992+07:00,c9_sim,140,3.889,84.365,9.398,13.396,0.014,111.063
2026-09-02T09:02:10.391740+07:00,c9_sim,141,3.682,84.526,9.093,13.371,0.012,110.683
2026-09-02T09:02:10.498629+07:00,c9_sim,142,3.842,84.358,8.759,13.053,0.012,110.024
2026-09-02T09:02:10.607035+07:00,c9_sim,143,4.091,84.442,9.442,13.770,0.011,111.756
2026-09-02T09:02:10.714320+07:00,c9_sim,144,4.024,84.548,9.105,12.863,0.014,110.554
2026-09-02T09:02:10.822695+07:00,c9_sim,145,3.909,84.775,9.229,13.671,0.021,111.604
2026-09-02T09:02:10.921978+07:00,c9_sim,146,3.671,83.010,5.836,9.786,0.014,102.316
2026-09-02T09:02:11.030479+07:00,c9_sim,147,3.886,84.331,8.469,14.892,0.017,111.595
2026-09-02T09:02:11.140253+07:00,c9_sim,148,3.598,85.536,9.411,14.014,0.015,112.575
2026-09-02T09:02:11.250051+07:00,c9_sim,149,3.444,85.625,9.506,13.861,0.014,112.451
2026-09-02T09:02:11.359047+07:00,c9_sim,150,3.669,84.710,9.783,13.784,0.012,111.958
2026-09-02T09:02:11.466285+07:00,c9_sim,151,3.339,84.766,8.534,13.171,0.012,109.822
2026-09-02T09:02:11.573614+07:00,c9_sim,152,3.356,84.804,9.087,12.717,0.014,109.979
2026-09-02T09:02:11.680822+07:00,c9_sim,153,3.258,84.570,8.726,13.177,0.012,109.743
2026-09-02T09:02:11.788482+07:00,c9_sim,154,3.101,84.601,8.848,13.465,0.012,110.028
2026-09-02T09:02:11.896683+07:00,c9_sim,155,3.234,84.655,9.168,13.613,0.012,110.682
2026-09-02T09:02:12.004695+07:00,c9_sim,156,3.381,85.016,8.664,13.585,0.013,110.658
2026-09-02T09:02:12.112097+07:00,c9_sim,157,3.374,84.839,8.526,13.314,0.013,110.067
2026-09-02T09:02:12.219566+07:00,c9_sim,158,2.687,84.883,8.591,13.284,0.011,109.456
2026-09-02T09:02:12.327966+07:00,c9_sim,159,3.953,84.645,9.208,13.786,0.015,111.607
2026-09-02T09:02:12.435716+07:00,c9_sim,160,4.003,84.750,9.035,13.210,0.013,111.011
2026-09-02T09:02:12.543993+07:00,c9_sim,161,4.157,84.623,9.378,13.536,0.014,111.708
2026-09-02T09:02:12.653302+07:00,c9_sim,162,5.555,84.919,9.612,14.041,0.013,114.140
2026-09-02T09:02:12.761499+07:00,c9_sim,163,4.188,84.293,8.895,14.285,0.013,111.673
2026-09-02T09:02:12.869362+07:00,c9_sim,164,4.027,84.770,8.952,13.394,0.013,111.157
2026-09-02T09:02:12.977496+07:00,c9_sim,165,3.738,84.699,9.124,13.576,0.015,111.152
2026-09-02T09:02:13.082342+07:00,c9_sim,166,4.108,84.420,7.840,11.866,0.014,108.248
2026-09-02T09:02:13.189540+07:00,c9_sim,167,3.967,84.951,8.581,12.875,0.013,110.387
2026-09-02T09:02:13.296679+07:00,c9_sim,168,3.986,84.694,8.827,12.869,0.016,110.393
2026-09-02T09:02:13.405031+07:00,c9_sim,169,4.054,84.732,9.297,13.566,0.013,111.662
2026-09-02T09:02:13.512639+07:00,c9_sim,170,3.771,84.722,9.349,12.767,0.014,110.623
2026-09-02T09:02:13.620948+07:00,c9_sim,171,3.747,84.307,9.239,14.032,0.014,111.339
2026-09-02T09:02:13.727325+07:00,c9_sim,172,3.627,84.374,8.388,12.881,0.013,109.283
2026-09-02T09:02:13.833867+07:00,c9_sim,173,3.428,84.195,8.796,12.832,0.014,109.265
2026-09-02T09:02:13.940758+07:00,c9_sim,174,3.552,84.729,8.629,12.775,0.013,109.699
2026-09-02T09:02:14.048139+07:00,c9_sim,175,3.357,84.490,8.740,13.403,0.018,110.008
2026-09-02T09:02:14.155420+07:00,c9_sim,176,3.349,84.736,8.782,12.977,0.015,109.859
2026-09-02T09:02:14.263236+07:00,c9_sim,177,3.538,84.491,8.921,13.647,0.012,110.610
2026-09-02T09:02:14.370764+07:00,c9_sim,178,3.273,84.486,8.759,13.547,0.014,110.078
2026-09-02T09:02:14.478819+07:00,c9_sim,179,3.162,84.411,9.117,13.808,0.013,110.511
2026-09-02T09:02:14.586926+07:00,c9_sim,180,3.575,84.730,9.300,13.306,0.014,110.925
2026-09-02T09:02:14.695112+07:00,c9_sim,181,3.671,84.715,9.345,13.331,0.014,111.076
2026-09-02T09:02:14.802277+07:00,c9_sim,182,3.823,84.408,8.720,13.290,0.012,110.254
2026-09-02T09:02:14.910032+07:00,c9_sim,183,3.668,84.557,9.051,13.390,0.013,110.679
2026-09-02T09:02:15.017898+07:00,c9_sim,184,3.894,84.724,8.838,13.547,0.014,111.016
2026-09-02T09:02:15.125333+07:00,c9_sim,185,5.205,85.083,8.757,12.887,0.014,111.946
2026-09-02T09:02:15.233061+07:00,c9_sim,186,4.100,84.434,9.030,13.544,0.013,111.121
2026-09-02T09:02:15.340672+07:00,c9_sim,187,3.919,84.189,8.962,13.700,0.014,110.784
2026-09-02T09:02:15.447961+07:00,c9_sim,188,4.013,84.401,8.653,13.531,0.014,110.611
2026-09-02T09:02:15.556344+07:00,c9_sim,189,3.864,85.255,9.049,13.304,0.014,111.486
2026-09-02T09:02:15.664042+07:00,c9_sim,190,3.965,84.438,9.380,13.150,0.015,110.948
2026-09-02T09:02:15.773120+07:00,c9_sim,191,3.835,83.964,9.035,15.335,0.013,112.182
2026-09-02T09:02:15.882131+07:00,c9_sim,192,4.006,84.733,9.705,13.810,0.014,112.268
2026-09-02T09:02:15.991167+07:00,c9_sim,193,4.011,85.559,9.342,13.373,0.014,112.298
2026-09-02T09:02:16.100043+07:00,c9_sim,194,3.593,84.945,9.340,13.810,0.014,111.702
2026-09-02T09:02:16.207728+07:00,c9_sim,195,3.882,84.233,9.873,12.851,0.014,110.853
2026-09-02T09:02:16.314528+07:00,c9_sim,196,3.750,84.796,8.425,12.813,0.014,109.799
2026-09-02T09:02:16.420929+07:00,c9_sim,197,3.662,84.513,8.321,12.813,0.013,109.323
2026-09-02T09:02:16.527674+07:00,c9_sim,198,3.625,84.381,8.492,13.114,0.014,109.626
2026-09-02T09:02:16.634474+07:00,c9_sim,199,3.295,84.497,8.696,12.848,0.014,109.351
2026-09-02T09:02:16.742251+07:00,c9_sim,200,3.329,84.445,9.100,13.387,0.014,110.274
2026-09-02T09:02:16.851029+07:00,c9_sim,201,3.329,84.812,9.289,13.914,0.014,111.358
2026-09-02T09:02:16.959217+07:00,c9_sim,202,3.158,84.680,9.330,13.424,0.014,110.605
2026-09-02T09:02:17.066865+07:00,c9_sim,203,3.187,84.781,9.087,12.987,0.014,110.055
2026-09-02T09:02:17.174357+07:00,c9_sim,204,3.447,84.610,9.341,12.822,0.014,110.235
2026-09-02T09:02:17.281684+07:00,c9_sim,205,3.509,84.405,9.222,12.973,0.014,110.123
2026-09-02T09:02:17.388107+07:00,c9_sim,206,3.650,84.167,8.653,12.857,0.013,109.340
2026-09-02T09:02:17.494416+07:00,c9_sim,207,4.232,84.336,8.694,12.523,0.015,109.800
2026-09-02T09:02:17.602169+07:00,c9_sim,208,4.098,84.950,8.857,13.190,0.013,111.107
2026-09-02T09:02:17.709679+07:00,c9_sim,209,4.059,84.358,8.928,13.469,0.012,110.826
2026-09-02T09:02:17.816824+07:00,c9_sim,210,3.877,84.451,8.584,13.368,0.013,110.293
2026-09-02T09:02:17.924511+07:00,c9_sim,211,3.927,84.492,8.987,13.418,0.013,110.836
2026-09-02T09:02:18.032841+07:00,c9_sim,212,3.739,84.677,9.492,13.371,0.014,111.293
2026-09-02T09:02:18.140869+07:00,c9_sim,213,3.691,84.836,9.328,13.074,0.015,110.944
2026-09-02T09:02:18.249335+07:00,c9_sim,214,3.727,84.394,9.440,13.872,0.015,111.448
2026-09-02T09:02:18.358206+07:00,c9_sim,215,4.064,85.015,9.432,13.633,0.014,112.159
2026-09-02T09:02:18.467027+07:00,c9_sim,216,4.145,84.821,9.504,13.747,0.017,112.234
2026-09-02T09:02:18.576579+07:00,c9_sim,217,3.571,84.998,9.787,13.949,0.014,112.320
2026-09-02T09:02:18.685704+07:00,c9_sim,218,3.688,84.596,10.320,13.456,0.014,112.075
2026-09-02T09:02:18.794003+07:00,c9_sim,219,3.291,84.491,8.847,14.195,0.013,110.838
2026-09-02T09:02:18.901964+07:00,c9_sim,220,3.275,84.529,9.652,13.023,0.015,110.494
2026-09-02T09:02:19.010577+07:00,c9_sim,221,3.351,84.485,9.792,13.575,0.014,111.217
2026-09-02T09:02:19.118555+07:00,c9_sim,222,3.446,84.512,9.390,13.308,0.014,110.670
2026-09-02T09:02:19.225696+07:00,c9_sim,223,3.217,84.703,8.991,12.688,0.013,109.612
2026-09-02T09:02:19.332441+07:00,c9_sim,224,3.255,84.651,8.652,12.710,0.013,109.281
2026-09-02T09:02:19.439584+07:00,c9_sim,225,3.094,84.309,8.976,13.116,0.012,109.508
2026-09-02T09:02:19.546888+07:00,c9_sim,226,3.047,84.602,8.986,12.935,0.015,109.585
2026-09-02T09:02:19.654903+07:00,c9_sim,227,3.207,84.441,10.069,12.774,0.014,110.504
2026-09-02T09:02:19.763233+07:00,c9_sim,228,3.101,84.476,9.761,13.322,0.013,110.673
2026-09-02T09:02:19.871285+07:00,c9_sim,229,3.337,84.654,9.702,12.942,0.012,110.647
2026-09-02T09:02:19.979567+07:00,c9_sim,230,3.736,84.564,9.963,13.005,0.013,111.282
2026-09-02T09:02:20.087568+07:00,c9_sim,231,4.053,84.549,9.615,13.058,0.014,111.288
2026-09-02T09:02:20.192379+07:00,c9_sim,232,3.930,84.034,8.091,11.930,0.013,107.998
2026-09-02T09:02:20.300222+07:00,c9_sim,233,4.350,84.513,9.679,12.895,0.016,111.452
2026-09-02T09:02:20.408448+07:00,c9_sim,234,3.884,84.416,9.696,13.333,0.012,111.342
2026-09-02T09:02:20.516577+07:00,c9_sim,235,3.920,84.950,9.235,13.169,0.015,111.288
2026-09-02T09:02:20.624880+07:00,c9_sim,236,3.847,84.761,9.417,13.360,0.014,111.399
2026-09-02T09:02:20.734543+07:00,c9_sim,237,3.930,84.660,10.493,13.757,0.013,112.852
2026-09-02T09:02:20.843274+07:00,c9_sim,238,4.073,84.796,10.056,13.120,0.011,112.057
2026-09-02T09:02:20.952066+07:00,c9_sim,239,3.877,84.238,10.213,13.611,0.014,111.954
2026-09-02T09:02:21.060465+07:00,c9_sim,240,3.658,84.569,10.010,13.023,0.027,111.287
2026-09-02T09:02:21.168104+07:00,c9_sim,241,3.530,85.174,8.723,12.896,0.012,110.336
2026-09-02T09:02:21.271808+07:00,c9_sim,242,3.450,83.944,7.700,11.383,0.017,106.493
2026-09-02T09:02:21.380840+07:00,c9_sim,243,3.314,84.300,10.438,13.551,0.020,111.623
2026-09-02T09:02:21.552650+07:00,c8_sim,57,3.888,158.988,11.931,0.003,0.074,174.885
2026-09-02T09:02:21.575817+07:00,c9_sim,244,3.466,158.988,8.873,13.090,0.013,184.431
2026-09-02T09:02:21.746297+07:00,c8_sim,58,3.436,157.883,11.690,0.004,0.100,173.113
2026-09-02T09:02:21.770508+07:00,c9_sim,245,3.229,157.883,10.026,12.812,0.013,183.963
2026-09-02T09:02:21.940251+07:00,c8_sim,59,5.943,157.191,11.636,0.004,0.105,174.879
2026-09-02T09:02:21.964650+07:00,c9_sim,246,3.164,157.191,9.732,13.373,0.015,183.476
2026-09-02T09:02:22.134344+07:00,c8_sim,60,4.564,157.413,11.457,0.003,0.011,173.448
2026-09-02T09:02:22.158265+07:00,c9_sim,247,3.076,157.413,9.331,13.448,0.014,183.281
2026-09-02T09:02:22.328412+07:00,c8_sim,61,8.269,158.165,11.009,0.004,0.181,177.628
2026-09-02T09:02:22.353222+07:00,c9_sim,248,2.885,158.165,10.426,13.031,0.014,184.520
2026-09-02T09:02:22.525018+07:00,c8_sim,62,4.225,158.817,12.110,0.003,0.012,175.167
2026-09-02T09:02:22.550580+07:00,c9_sim,249,2.868,158.817,10.754,13.644,0.017,186.100
2026-09-02T09:02:22.723241+07:00,c8_sim,63,5.881,158.738,13.054,0.004,0.015,177.692
2026-09-02T09:02:22.748318+07:00,c9_sim,250,3.331,158.738,9.980,13.795,0.014,185.858
2026-09-02T09:02:22.920031+07:00,c8_sim,64,4.967,157.119,13.213,0.004,0.016,175.319
2026-09-02T09:02:22.954543+07:00,c9_sim,251,3.355,157.119,13.504,16.242,0.016,190.236
2026-09-02T09:02:23.126037+07:00,c8_sim,65,5.898,157.730,9.996,0.003,0.129,173.756
2026-09-02T09:02:23.149179+07:00,c9_sim,252,3.256,157.730,8.974,13.032,0.021,183.012
2026-09-02T09:02:23.318721+07:00,c8_sim,66,6.967,157.590,11.102,0.003,0.019,175.681
2026-09-02T09:02:23.343777+07:00,c9_sim,253,3.537,157.590,10.567,13.281,0.015,184.990
2026-09-02T09:02:23.513762+07:00,c8_sim,67,5.636,157.476,11.661,0.003,0.080,174.857
2026-09-02T09:02:23.537312+07:00,c9_sim,254,3.544,157.476,9.238,13.201,0.013,183.472
2026-09-02T09:02:23.707233+07:00,c8_sim,68,8.618,158.504,10.628,0.003,0.010,177.762
2026-09-02T09:02:23.729882+07:00,c9_sim,255,3.911,158.504,8.514,12.994,0.012,183.935
2026-09-02T09:02:23.901428+07:00,c8_sim,69,4.544,158.803,11.877,0.003,0.011,175.238
2026-09-02T09:02:23.926115+07:00,c9_sim,256,5.063,158.803,10.029,13.535,0.013,187.442
2026-09-02T09:02:24.096319+07:00,c8_sim,70,7.028,157.308,12.073,0.003,0.013,176.425
2026-09-02T09:02:24.120779+07:00,c9_sim,257,3.553,157.308,9.719,13.488,0.014,184.082
2026-09-02T09:02:24.292053+07:00,c8_sim,71,4.973,158.184,12.351,0.003,0.012,175.523
2026-09-02T09:02:24.292169+07:00,c9_sim,258,3.943,158.184,0.000,0.000,0.003,162.131
2026-09-02T09:02:24.390069+07:00,c8_sim,72,7.486,86.072,11.015,0.000,0.007,104.581
2026-09-02T09:02:24.500130+07:00,c8_sim,73,5.883,85.722,9.887,13.639,0.048,115.179
2026-09-02T09:02:24.595183+07:00,c8_sim,74,6.112,84.768,9.543,0.002,0.009,100.435
2026-09-02T09:02:24.691310+07:00,c8_sim,75,8.215,85.371,9.917,0.002,0.081,103.586
2026-09-02T09:02:24.788259+07:00,c8_sim,76,4.365,85.538,10.545,0.002,0.075,100.526
2026-09-02T09:02:24.884771+07:00,c8_sim,77,6.567,85.576,10.124,0.002,0.073,102.342
2026-09-02T09:02:24.980757+07:00,c8_sim,78,4.321,85.705,9.466,0.003,0.073,99.568
2026-09-02T09:02:25.090854+07:00,c8_sim,79,6.333,85.900,9.450,13.965,0.011,115.659
2026-09-02T09:02:25.198563+07:00,c8_sim,80,5.039,84.637,9.250,13.056,0.010,111.991
2026-09-02T09:02:25.306115+07:00,c8_sim,81,6.032,84.608,9.371,12.804,0.010,112.825
2026-09-02T09:02:25.415799+07:00,c8_sim,82,7.036,85.155,9.962,13.782,0.010,115.944
2026-09-02T09:02:25.511430+07:00,c8_sim,83,5.669,85.210,9.576,0.003,0.009,100.467
2026-09-02T09:02:25.621358+07:00,c8_sim,84,7.835,85.846,9.337,13.755,0.010,116.783
2026-09-02T09:02:25.730354+07:00,c8_sim,85,4.927,84.661,9.452,13.907,0.011,112.959
2026-09-02T09:02:25.839422+07:00,c8_sim,86,7.280,84.751,9.720,13.596,0.013,115.359
2026-09-02T09:02:25.946369+07:00,c8_sim,87,4.394,84.596,8.748,12.626,0.010,110.375
2026-09-02T09:02:26.052863+07:00,c8_sim,88,6.276,84.599,8.289,12.650,0.009,111.823
2026-09-02T09:02:26.159225+07:00,c8_sim,89,5.176,84.166,8.793,12.463,0.010,110.607
2026-09-02T09:02:26.265474+07:00,c8_sim,90,5.820,83.708,9.112,12.486,0.010,111.135
2026-09-02T09:02:26.372634+07:00,c8_sim,91,7.720,84.395,8.908,12.754,0.009,113.785
2026-09-02T09:02:26.480226+07:00,c8_sim,92,6.054,84.372,9.081,13.056,0.011,112.574
2026-09-02T09:02:26.587843+07:00,c8_sim,93,6.398,84.560,9.178,12.913,0.010,113.060
2026-09-02T09:02:26.695564+07:00,c8_sim,94,4.809,84.589,9.209,12.948,0.010,111.565
2026-09-02T09:02:26.803168+07:00,c8_sim,95,5.405,84.625,9.353,12.691,0.013,112.087
2026-09-02T09:02:26.911630+07:00,c8_sim,96,5.069,84.534,9.365,13.609,0.012,112.589
2026-09-02T09:02:27.020358+07:00,c8_sim,97,5.066,84.723,9.441,13.351,0.012,112.594
2026-09-02T09:02:27.128566+07:00,c8_sim,98,5.891,84.670,9.578,12.996,0.013,113.148
2026-09-02T09:02:27.236345+07:00,c8_sim,99,6.640,85.068,9.006,12.741,0.012,113.467
2026-09-02T09:02:27.344561+07:00,c8_sim,100,6.228,84.500,9.589,13.115,0.013,113.445
2026-09-02T09:02:27.452668+07:00,c8_sim,101,5.590,84.558,9.463,13.088,0.013,112.711
2026-09-02T09:02:27.561400+07:00,c8_sim,102,4.721,84.725,9.509,13.496,0.014,112.465
2026-09-02T09:02:27.748220+07:00,c8_sim,103,4.303,158.259,12.808,14.626,0.014,190.011
2026-09-02T09:02:27.748299+07:00,c10_sim,1,3.067,158.259,0.000,0.000,0.002,161.328
2026-09-02T09:02:27.936183+07:00,c8_sim,104,5.250,158.423,13.249,15.114,0.013,192.049
2026-09-02T09:02:27.936267+07:00,c10_sim,2,6.701,158.423,0.000,0.000,0.002,165.126
2026-09-02T09:02:28.123610+07:00,c8_sim,105,6.224,158.840,12.316,15.070,0.014,192.465
2026-09-02T09:02:28.123713+07:00,c10_sim,3,5.685,158.840,0.000,0.000,0.002,164.526
2026-09-02T09:02:28.312548+07:00,c8_sim,106,6.196,158.768,13.316,15.706,0.016,194.003
2026-09-02T09:02:28.312630+07:00,c10_sim,4,5.156,158.768,0.000,0.000,0.002,163.926
2026-09-02T09:02:28.506480+07:00,c8_sim,107,5.224,158.693,15.748,18.318,0.015,197.999
2026-09-02T09:02:28.506844+07:00,c10_sim,5,4.464,158.693,0.000,0.000,0.002,163.159
2026-09-02T09:02:28.699617+07:00,c8_sim,108,4.736,160.569,15.135,16.010,0.015,196.466
2026-09-02T09:02:28.699704+07:00,c10_sim,6,6.450,160.569,0.000,0.000,0.002,167.021
2026-09-02T09:02:28.889376+07:00,c8_sim,109,5.055,158.981,14.193,15.398,0.014,193.642
2026-09-02T09:02:28.905666+07:00,c10_sim,7,5.928,158.981,3.485,12.233,0.035,180.663
2026-09-02T09:02:29.094491+07:00,c8_sim,110,5.794,158.164,14.627,14.916,0.014,193.515
2026-09-02T09:02:29.115181+07:00,c10_sim,8,7.000,158.164,8.284,11.821,0.009,185.277
2026-09-02T09:02:29.302816+07:00,c8_sim,111,5.292,158.027,13.146,15.334,0.021,191.821
2026-09-02T09:02:29.323104+07:00,c10_sim,9,4.538,158.027,7.929,11.784,0.011,182.289
2026-09-02T09:02:29.507099+07:00,c8_sim,112,4.502,156.741,11.566,14.549,0.015,187.373
2026-09-02T09:02:29.527664+07:00,c10_sim,10,6.900,156.741,7.985,12.014,0.008,183.648
2026-09-02T09:02:29.715315+07:00,c8_sim,113,4.288,157.897,13.252,15.481,0.016,190.934
2026-09-02T09:02:29.736346+07:00,c10_sim,11,6.411,157.897,8.460,11.775,0.008,184.551
2026-09-02T09:02:29.922949+07:00,c8_sim,114,4.766,157.379,12.979,15.119,0.012,190.256
2026-09-02T09:02:29.954730+07:00,c10_sim,12,4.293,157.379,8.854,22.100,0.029,192.655
2026-09-02T09:02:30.136972+07:00,c8_sim,115,5.780,156.932,10.190,14.084,0.015,187.001
2026-09-02T09:02:30.168264+07:00,c10_sim,13,4.245,156.932,8.861,21.579,0.047,191.664
2026-09-02T09:02:30.350881+07:00,c8_sim,116,5.395,157.862,10.322,13.397,0.013,186.988
2026-09-02T09:02:30.381465+07:00,c10_sim,14,5.668,157.862,8.025,21.821,0.008,193.383
2026-09-02T09:02:30.565417+07:00,c8_sim,117,4.865,157.463,11.276,14.164,0.014,187.782
2026-09-02T09:02:30.595559+07:00,c10_sim,15,4.724,157.463,7.685,21.656,0.009,191.537
2026-09-02T09:02:30.779336+07:00,c8_sim,118,4.543,157.526,10.718,14.524,0.013,187.324
2026-09-02T09:02:30.809793+07:00,c10_sim,16,3.617,157.526,8.155,21.518,0.008,190.825
2026-09-02T09:02:30.995876+07:00,c8_sim,119,4.672,157.902,12.047,15.104,0.015,189.739
2026-09-02T09:02:31.026963+07:00,c10_sim,17,6.734,157.902,8.528,21.754,0.008,194.925
2026-09-02T09:02:31.210811+07:00,c8_sim,120,5.711,158.434,10.302,14.110,0.015,188.572
2026-09-02T09:02:31.241199+07:00,c10_sim,18,4.622,158.434,8.148,21.424,0.009,192.636
2026-09-02T09:02:31.410495+07:00,c8_sim,121,5.519,157.274,11.081,0.003,0.010,173.888
2026-09-02T09:02:31.444310+07:00,c10_sim,19,3.384,157.274,8.948,23.488,0.034,193.128
2026-09-02T09:02:31.615319+07:00,c8_sim,122,5.203,157.984,12.053,0.002,0.010,175.253
2026-09-02T09:02:31.650249+07:00,c10_sim,20,6.019,157.984,9.286,24.237,0.010,197.536
2026-09-02T09:02:31.841401+07:00,c8_sim,123,4.474,160.491,11.772,14.914,0.016,191.666
2026-09-02T09:02:31.872156+07:00,c10_sim,21,4.921,160.491,8.066,21.378,0.010,194.865
2026-09-02T09:02:32.061527+07:00,c8_sim,124,5.066,160.359,12.782,15.184,0.018,193.409
2026-09-02T09:02:32.092907+07:00,c10_sim,22,3.649,160.359,8.192,22.358,0.011,194.570
2026-09-02T09:02:32.278189+07:00,c8_sim,125,5.541,157.910,11.728,14.654,0.015,189.847
2026-09-02T09:02:32.309523+07:00,c10_sim,23,5.570,157.910,8.445,22.066,0.045,194.036
2026-09-02T09:02:32.467307+07:00,c8_sim,126,5.762,157.325,0.000,0.000,0.010,163.096
2026-09-02T09:02:32.507341+07:00,c10_sim,24,4.316,157.325,12.506,26.631,0.015,200.792
2026-09-02T09:02:32.666649+07:00,c8_sim,127,5.229,158.843,0.000,0.000,0.009,164.081
2026-09-02T09:02:32.706988+07:00,c10_sim,25,3.443,158.843,12.332,27.073,0.016,201.707
2026-09-02T09:02:32.865853+07:00,c8_sim,128,5.140,158.402,0.000,0.000,0.010,163.552
2026-09-02T09:02:32.908278+07:00,c10_sim,26,5.821,158.402,14.200,27.353,0.017,205.794
2026-09-02T09:02:33.028233+07:00,c10_sim,27,4.547,84.944,9.710,24.300,0.013,123.515
2026-09-02T09:02:33.146314+07:00,c10_sim,28,3.662,84.189,8.612,24.223,0.017,120.703
2026-09-02T09:02:33.263498+07:00,c10_sim,29,6.159,84.550,8.645,22.930,0.016,122.300
2026-09-02T09:02:33.380461+07:00,c10_sim,30,5.660,84.404,8.891,22.597,0.016,121.568
2026-09-02T09:02:33.495796+07:00,c10_sim,31,4.008,84.107,6.563,23.680,0.020,118.377
2026-09-02T09:02:33.616275+07:00,c10_sim,32,5.106,86.265,8.935,24.034,0.058,124.398
2026-09-02T09:02:33.734532+07:00,c10_sim,33,5.320,84.512,9.251,23.406,0.016,122.505
2026-09-02T09:02:33.852469+07:00,c10_sim,34,3.536,84.396,8.738,23.710,0.058,120.438
2026-09-02T09:02:33.969028+07:00,c10_sim,35,5.296,84.213,8.212,23.074,0.016,120.811
2026-09-02T09:02:34.086774+07:00,c10_sim,36,6.988,84.728,8.738,23.205,0.025,123.685
2026-09-02T09:02:34.205916+07:00,c10_sim,37,5.162,84.727,9.313,23.957,0.056,123.215
2026-09-02T09:02:34.324264+07:00,c10_sim,38,4.102,84.513,8.681,24.038,0.073,121.408
2026-09-02T09:02:34.431340+07:00,c10_sim,39,3.989,84.615,8.822,12.591,0.014,110.031
2026-09-02T09:02:34.539025+07:00,c10_sim,40,3.925,84.702,8.798,13.122,0.013,110.561
2026-09-02T09:02:34.648717+07:00,c10_sim,41,4.627,84.950,9.503,14.154,0.014,113.248
2026-09-02T09:02:34.770916+07:00,c10_sim,42,5.123,84.755,10.316,25.941,0.016,126.152
2026-09-02T09:02:34.890704+07:00,c10_sim,43,3.527,84.642,9.102,24.963,0.017,122.251
2026-09-02T09:02:35.010604+07:00,c10_sim,44,3.987,84.454,9.709,24.665,0.018,122.833
2026-09-02T09:02:35.117222+07:00,c10_sim,45,4.247,84.366,8.534,12.687,0.013,109.846
2026-09-02T09:02:35.225196+07:00,c10_sim,46,4.212,84.757,9.064,13.075,0.015,111.123
2026-09-02T09:02:35.334769+07:00,c10_sim,47,3.649,84.867,9.861,13.722,0.090,112.189
2026-09-02T09:02:35.442810+07:00,c10_sim,48,3.664,84.642,9.212,13.116,0.014,110.649
2026-09-02T09:02:35.550327+07:00,c10_sim,49,4.941,84.713,8.803,12.954,0.013,111.423
2026-09-02T09:02:35.658935+07:00,c10_sim,50,4.471,84.493,9.872,13.144,0.012,111.991
2026-09-02T09:02:35.769636+07:00,c10_sim,51,3.707,84.945,11.038,13.673,0.013,113.376
2026-09-02T09:02:35.878441+07:00,c10_sim,52,4.248,84.616,9.948,13.219,0.013,112.043
2026-09-02T09:02:35.986505+07:00,c10_sim,53,4.236,84.772,9.116,13.135,0.013,111.272
2026-09-02T09:02:36.158681+07:00,c10_sim,54,4.209,158.256,12.955,0.004,0.022,175.447
2026-09-02T09:02:36.179407+07:00,c12_sim,1,3.351,158.256,4.840,14.415,0.029,180.891
2026-09-02T09:02:36.353002+07:00,c10_sim,55,4.330,159.049,13.375,0.005,0.019,176.777
2026-09-02T09:02:36.377436+07:00,c12_sim,2,4.481,159.049,10.005,13.080,0.009,186.624
2026-09-02T09:02:36.544066+07:00,c10_sim,56,4.450,157.599,8.212,0.002,0.008,170.271
2026-09-02T09:02:36.562602+07:00,c12_sim,3,4.334,157.599,6.493,11.060,0.008,179.494
2026-09-02T09:02:36.726456+07:00,c10_sim,57,4.454,156.105,6.767,0.002,0.008,167.337
2026-09-02T09:02:36.743345+07:00,c12_sim,4,4.570,156.105,5.687,10.223,0.007,176.591
2026-09-02T09:02:36.906524+07:00,c10_sim,58,4.129,155.920,6.279,0.003,0.008,166.338
2026-09-02T09:02:36.924193+07:00,c12_sim,5,5.037,155.920,6.440,10.256,0.008,177.660
2026-09-02T09:02:37.048227+07:00,c12_sim,6,3.009,84.234,7.869,30.958,0.039,126.109
2026-09-02T09:02:37.173416+07:00,c12_sim,7,2.945,86.478,10.325,26.957,0.027,126.733
2026-09-02T09:02:37.291067+07:00,c12_sim,8,3.151,84.676,8.608,23.364,0.027,119.826
2026-09-02T09:02:37.398805+07:00,c12_sim,9,5.076,84.886,9.334,12.787,0.010,112.094
2026-09-02T09:02:37.506124+07:00,c12_sim,10,3.454,84.896,8.709,12.980,0.013,110.052
2026-09-02T09:02:37.614925+07:00,c12_sim,11,3.976,85.322,9.706,13.006,0.010,112.020
2026-09-02T09:02:37.722982+07:00,c12_sim,12,4.218,84.851,8.934,13.514,0.009,111.527
2026-09-02T09:02:37.831955+07:00,c12_sim,13,4.203,85.104,9.086,13.728,0.010,112.132
2026-09-02T09:02:37.940238+07:00,c12_sim,14,4.093,84.945,9.318,13.285,0.010,111.652
2026-09-02T09:02:38.047734+07:00,c12_sim,15,4.811,84.934,8.892,12.922,0.010,111.569
2026-09-02T09:02:38.154115+07:00,c12_sim,16,4.714,84.946,7.998,12.670,0.010,110.338
2026-09-02T09:02:38.289990+07:00,c12_sim,17,3.662,85.721,9.740,13.449,0.010,112.583
2026-09-02T09:02:38.432798+07:00,c12_sim,18,3.866,86.108,10.902,14.774,0.010,115.661
2026-09-02T09:02:38.575265+07:00,c12_sim,19,3.829,86.532,10.290,14.635,0.011,115.297
2026-09-02T09:02:38.684750+07:00,c12_sim,20,4.441,85.331,9.392,14.007,0.009,113.180
2026-09-02T09:02:38.858895+07:00,c12_sim,21,4.530,86.481,12.475,15.266,0.012,118.763
2026-09-02T09:02:38.970016+07:00,c12_sim,22,4.730,85.079,10.863,14.382,0.016,115.070
2026-09-02T09:02:39.113033+07:00,c12_sim,23,4.254,86.054,10.999,14.792,0.119,116.217
2026-09-02T09:02:39.248901+07:00,c12_sim,24,4.134,85.865,10.980,13.928,0.016,114.922
2026-09-02T09:02:39.365218+07:00,c12_sim,25,4.224,85.855,0.000,0.000,0.009,90.088
2026-09-02T09:02:39.523706+07:00,c12_sim,26,5.783,88.982,16.511,0.000,0.014,111.290
2026-09-02T09:02:39.671565+07:00,c12_sim,27,5.885,87.263,13.638,15.578,0.045,122.408
2026-09-02T09:02:39.808516+07:00,c12_sim,28,4.026,85.924,11.091,14.584,0.043,115.669
2026-09-02T09:02:39.950852+07:00,c12_sim,29,3.725,86.026,11.320,14.000,0.049,115.120
2026-09-02T09:02:40.091708+07:00,c12_sim,30,3.695,85.470,10.389,14.048,0.046,113.648
2026-09-02T09:02:40.221202+07:00,c12_sim,31,3.535,86.261,12.156,0.004,0.013,101.969
2026-09-02T09:02:40.352290+07:00,c11_sim,1,3.729,86.226,5.251,15.141,0.036,110.383
2026-09-02T09:02:40.491382+07:00,c11_sim,2,4.329,86.099,11.021,15.007,0.010,116.465
2026-09-02T09:02:40.601648+07:00,c11_sim,3,4.877,84.769,10.742,14.054,0.010,114.451
2026-09-02T09:02:40.729055+07:00,c11_sim,4,4.166,85.653,10.950,0.003,0.011,100.782
2026-09-02T09:02:40.874956+07:00,c11_sim,5,5.785,86.735,13.364,14.945,0.029,120.857
2026-09-02T09:02:40.984280+07:00,c11_sim,6,6.609,84.706,10.373,13.555,0.009,115.253
2026-09-02T09:02:41.092529+07:00,c11_sim,7,4.861,84.548,9.733,13.277,0.010,112.429
2026-09-02T09:02:41.199980+07:00,c11_sim,8,4.884,84.274,9.233,13.253,0.009,111.654
2026-09-02T09:02:41.338452+07:00,c11_sim,9,3.873,85.355,10.676,13.859,0.012,113.775
2026-09-02T09:02:41.447754+07:00,c11_sim,10,4.646,84.703,10.139,13.765,0.011,113.264
2026-09-02T09:02:41.589467+07:00,c11_sim,11,4.021,85.865,10.683,14.337,0.011,114.917
2026-09-02T09:02:41.699723+07:00,c11_sim,12,5.479,84.583,10.863,14.060,0.031,115.015
2026-09-02T09:02:41.808050+07:00,c11_sim,13,5.351,84.083,9.918,13.666,0.031,113.049
2026-09-02T09:02:41.916167+07:00,c11_sim,14,4.377,84.369,9.758,13.334,0.027,111.864
2026-09-02T09:02:42.050392+07:00,c11_sim,15,4.274,85.105,11.009,14.266,0.011,114.664
2026-09-02T09:02:42.192572+07:00,c11_sim,16,4.248,85.801,10.968,14.605,0.011,115.633
2026-09-02T09:02:42.301993+07:00,c11_sim,17,5.916,84.621,10.232,13.858,0.028,114.655
2026-09-02T09:02:42.406888+07:00,c11_sim,18,5.278,84.291,7.623,12.342,0.019,109.554
2026-09-02T09:02:42.548380+07:00,c11_sim,19,4.125,85.915,10.487,14.260,0.032,114.819
2026-09-02T09:02:42.658330+07:00,c11_sim,20,5.254,85.110,10.134,14.022,0.015,114.535
2026-09-02T09:02:42.765819+07:00,c11_sim,21,4.592,84.753,9.044,13.016,0.012,111.417
2026-09-02T09:02:42.908054+07:00,c11_sim,22,4.005,85.919,10.715,15.856,0.014,116.510
2026-09-02T09:02:43.017750+07:00,c11_sim,23,5.414,84.690,10.180,14.140,0.039,114.463
2026-09-02T09:02:43.127034+07:00,c11_sim,24,4.671,84.668,10.054,13.836,0.031,113.260
2026-09-02T09:02:43.268391+07:00,c11_sim,25,3.914,85.977,10.520,14.096,0.014,114.522
2026-09-02T09:02:43.378191+07:00,c11_sim,26,5.270,84.987,10.188,13.938,0.017,114.400
2026-09-02T09:02:43.487347+07:00,c11_sim,27,4.586,84.685,10.018,13.752,0.014,113.055
2026-09-02T09:02:43.617315+07:00,c11_sim,28,4.006,85.476,10.182,13.495,0.015,113.175
2026-09-02T09:02:43.726206+07:00,c11_sim,29,4.768,84.819,9.850,13.543,0.016,112.996
2026-09-02T09:02:43.857151+07:00,c11_sim,30,3.863,86.004,10.318,13.701,0.014,113.898
2026-09-02T09:02:43.967058+07:00,c11_sim,31,4.991,85.101,10.378,13.648,0.012,114.131
2026-09-02T09:02:44.076832+07:00,c11_sim,32,4.608,85.137,10.253,13.684,0.013,113.695
2026-09-02T09:02:44.210721+07:00,c11_sim,33,4.236,85.663,9.221,13.475,0.032,112.627
2026-09-02T09:02:44.319963+07:00,c11_sim,34,4.791,84.858,9.734,13.943,0.027,113.353
2026-09-02T09:02:44.456019+07:00,c11_sim,35,4.201,85.912,10.370,14.503,0.032,115.019
2026-09-02T09:02:44.565290+07:00,c11_sim,36,4.683,85.247,9.768,13.549,0.015,113.262
2026-09-02T09:02:44.707989+07:00,c11_sim,37,4.039,86.273,11.292,14.342,0.014,115.959
2026-09-02T09:02:44.818035+07:00,c11_sim,38,5.349,85.116,10.212,14.089,0.014,114.779
2026-09-02T09:02:44.928421+07:00,c11_sim,39,4.726,85.201,10.582,13.906,0.013,114.428
2026-09-02T09:02:45.062754+07:00,c11_sim,40,4.115,87.342,9.978,13.500,0.014,114.948
2026-09-02T09:02:45.171169+07:00,c11_sim,41,4.838,85.045,9.520,13.154,0.016,112.573
2026-09-02T09:02:45.279634+07:00,c11_sim,42,4.660,84.970,9.458,13.364,0.011,112.463
2026-09-02T09:02:45.420222+07:00,c11_sim,43,3.929,85.765,10.553,13.480,0.015,113.742
2026-09-02T09:02:45.526565+07:00,c11_sim,44,4.690,84.532,8.523,12.638,0.015,110.398
2026-09-02T09:02:45.668430+07:00,c11_sim,45,3.746,86.020,10.804,14.281,0.014,114.865
2026-09-02T09:02:45.778187+07:00,c11_sim,46,5.447,85.236,10.316,13.508,0.012,114.520
2026-09-02T09:02:45.886560+07:00,c11_sim,47,5.141,84.637,10.011,13.043,0.016,112.846
2026-09-02T09:02:45.995681+07:00,c11_sim,48,4.322,84.878,9.604,13.970,0.014,112.788
2026-09-02T09:02:46.130576+07:00,c11_sim,49,4.257,85.761,10.427,13.911,0.040,114.395
2026-09-02T09:02:46.272626+07:00,c11_sim,50,4.265,86.039,10.888,14.400,0.017,115.609
2026-09-02T09:02:46.379509+07:00,c11_sim,51,6.082,84.333,8.870,12.981,0.037,112.303
2026-09-02T09:02:46.488592+07:00,c11_sim,52,4.584,84.789,9.917,13.714,0.013,113.016
2026-09-02T09:02:46.597200+07:00,c11_sim,53,4.395,85.007,9.643,13.274,0.012,112.331
2026-09-02T09:02:46.738315+07:00,c11_sim,54,4.255,86.134,11.205,14.639,0.015,116.248
2026-09-02T09:02:46.848546+07:00,c11_sim,55,5.124,85.119,10.453,13.975,0.013,114.684
2026-09-02T09:02:46.989918+07:00,c11_sim,56,4.176,86.290,10.603,13.693,0.014,114.777
2026-09-02T09:02:47.098683+07:00,c11_sim,57,5.609,84.823,9.562,13.702,0.013,113.710
2026-09-02T09:02:47.205584+07:00,c11_sim,58,4.705,84.014,9.032,13.226,0.013,110.990
2026-09-02T09:02:47.346437+07:00,c11_sim,59,4.171,85.664,10.851,13.624,0.014,114.324
2026-09-02T09:02:47.454810+07:00,c11_sim,60,5.814,84.940,9.687,13.075,0.013,113.530
2026-09-02T09:02:47.563634+07:00,c11_sim,61,4.342,84.740,9.944,13.442,0.015,112.484
2026-09-02T09:02:47.698898+07:00,c11_sim,62,4.396,85.860,11.070,14.252,0.015,115.594
2026-09-02T09:02:47.808528+07:00,c11_sim,63,5.070,84.967,10.000,13.770,0.014,113.822
2026-09-02T09:02:47.963403+07:00,c11_sim,64,4.124,85.869,11.638,26.324,0.033,127.989
2026-09-02T09:02:48.082532+07:00,c11_sim,65,6.170,84.430,9.307,24.577,0.015,124.499
2026-09-02T09:02:48.200691+07:00,c11_sim,66,5.139,84.531,8.726,24.059,0.031,122.487
2026-09-02T09:02:48.318785+07:00,c11_sim,67,5.008,84.501,8.897,23.818,0.014,122.237
2026-09-02T09:02:48.436371+07:00,c11_sim,68,4.778,84.569,8.645,23.538,0.031,121.563
2026-09-02T09:02:48.553560+07:00,c11_sim,69,5.056,84.284,8.887,23.144,0.014,121.385
2026-09-02T09:02:48.670851+07:00,c11_sim,70,4.499,83.905,8.809,23.758,0.031,121.003
2026-09-02T09:02:48.789139+07:00,c11_sim,71,4.881,84.429,9.245,23.726,0.033,122.314
2026-09-02T09:02:48.907922+07:00,c11_sim,72,4.263,84.367,9.105,24.448,0.015,122.197
2026-09-02T09:02:49.024832+07:00,c11_sim,73,4.330,84.418,8.500,23.166,0.017,120.432
2026-09-02T09:02:49.142189+07:00,c11_sim,74,4.000,84.484,8.725,23.280,0.015,120.505
2026-09-02T09:02:49.259449+07:00,c11_sim,75,4.161,84.319,8.567,23.530,0.015,120.591
2026-09-02T09:02:49.377447+07:00,c11_sim,76,3.866,84.983,8.827,23.335,0.014,121.025
2026-09-02T09:02:49.495938+07:00,c11_sim,77,4.150,84.827,9.085,23.706,0.017,121.785
2026-09-02T09:02:49.614059+07:00,c11_sim,78,4.003,84.696,8.994,23.563,0.016,121.272
2026-09-02T09:02:49.732244+07:00,c11_sim,79,3.843,84.412,9.413,23.460,0.016,121.143
2026-09-02T09:02:49.849488+07:00,c11_sim,80,3.997,84.456,8.797,23.096,0.039,120.385
2026-09-02T09:02:49.968340+07:00,c11_sim,81,3.729,84.704,9.157,24.058,0.062,121.711
2026-09-02T09:02:50.086388+07:00,c11_sim,82,3.735,84.783,8.750,23.627,0.034,120.929
2026-09-02T09:02:50.234895+07:00,c11_sim,83,3.721,85.499,9.743,23.903,0.017,122.882
2026-09-02T09:02:50.354152+07:00,c11_sim,84,4.782,84.556,9.686,24.198,0.015,123.236
2026-09-02T09:02:50.472227+07:00,c11_sim,85,4.824,84.507,9.367,23.325,0.017,122.039
2026-09-02T09:02:50.589711+07:00,c11_sim,86,4.440,84.709,8.758,23.158,0.017,121.081
2026-09-02T09:02:50.707303+07:00,c11_sim,87,4.167,84.528,8.739,23.448,0.016,120.899
2026-09-02T09:02:50.824908+07:00,c11_sim,88,4.195,84.433,8.508,23.790,0.036,120.962
2026-09-02T09:02:50.943011+07:00,c11_sim,89,4.257,84.634,8.831,23.771,0.014,121.507
2026-09-02T09:02:51.060373+07:00,c11_sim,90,4.289,84.679,8.561,23.321,0.016,120.866
2026-09-02T09:02:51.177488+07:00,c11_sim,91,3.996,84.452,8.743,22.986,0.053,120.230
2026-09-02T09:02:51.294936+07:00,c11_sim,92,4.278,84.567,8.547,23.482,0.037,120.911
2026-09-02T09:02:51.413182+07:00,c11_sim,93,3.901,84.284,9.283,23.762,0.019,121.249
2026-09-02T09:02:51.531947+07:00,c11_sim,94,3.752,84.481,9.191,23.983,0.018,121.425
2026-09-02T09:02:51.650261+07:00,c11_sim,95,3.689,84.643,9.041,23.814,0.016,121.202
2026-09-02T09:02:51.768290+07:00,c11_sim,96,3.688,84.512,9.257,23.385,0.027,120.868
2026-09-02T09:02:51.919526+07:00,c11_sim,97,3.673,85.939,10.561,25.107,0.016,125.296
2026-09-02T09:02:52.038272+07:00,c11_sim,98,5.410,84.657,9.480,23.783,0.017,123.346
2026-09-02T09:02:52.155981+07:00,c11_sim,99,4.791,84.614,8.877,23.261,0.037,121.580
2026-09-02T09:02:52.273071+07:00,c11_sim,100,4.878,84.288,8.522,23.425,0.017,121.129
2026-09-02T09:02:52.390051+07:00,c11_sim,101,4.503,83.872,9.314,23.001,0.017,120.707
2026-09-02T09:02:52.509517+07:00,c11_sim,102,4.485,84.675,10.025,23.853,0.036,123.073
2026-09-02T09:02:52.628657+07:00,c11_sim,103,4.880,84.477,9.563,24.207,0.017,123.145
2026-09-02T09:02:52.748586+07:00,c11_sim,104,4.244,84.536,10.432,24.007,0.041,123.261
2026-09-02T09:02:52.866967+07:00,c11_sim,105,4.306,84.813,9.619,23.041,0.039,121.818
2026-09-02T09:02:52.984275+07:00,c11_sim,106,3.839,84.051,9.153,23.279,0.015,120.337
2026-09-02T09:02:53.101543+07:00,c11_sim,107,4.028,84.674,9.073,22.651,0.017,120.444
2026-09-02T09:02:53.218486+07:00,c11_sim,108,4.063,84.324,8.744,23.020,0.018,120.169
2026-09-02T09:02:53.336463+07:00,c11_sim,109,3.623,83.979,9.341,23.880,0.018,120.841
2026-09-02T09:02:53.454671+07:00,c11_sim,110,3.805,84.552,8.729,24.063,0.016,121.164
2026-09-02T09:02:53.573419+07:00,c11_sim,111,3.947,84.506,9.425,23.957,0.019,121.853
2026-09-02T09:02:53.693073+07:00,c11_sim,112,3.888,84.597,9.973,24.203,0.050,122.710
2026-09-02T09:02:53.811682+07:00,c11_sim,113,3.922,84.347,9.521,23.870,0.018,121.678
2026-09-02T09:02:53.930152+07:00,c11_sim,114,3.875,84.570,8.887,24.136,0.016,121.483
2026-09-02T09:02:54.050095+07:00,c11_sim,115,3.892,84.919,9.920,24.226,0.017,122.974
2026-09-02T09:02:54.168221+07:00,c11_sim,116,4.014,84.508,9.209,23.564,0.017,121.312
2026-09-02T09:02:54.287602+07:00,c11_sim,117,3.799,84.342,10.087,24.023,0.020,122.271
2026-09-02T09:02:54.404862+07:00,c11_sim,118,3.556,84.582,8.714,23.081,0.017,119.950
2026-09-02T09:02:54.556617+07:00,c11_sim,119,3.424,85.763,10.108,25.112,0.017,124.424
2026-09-02T09:02:54.675005+07:00,c11_sim,120,4.951,84.463,9.304,23.806,0.015,122.538
2026-09-02T09:02:54.794781+07:00,c11_sim,121,5.061,84.757,9.598,24.480,0.044,123.940
2026-09-02T09:02:54.914780+07:00,c11_sim,122,4.659,84.696,9.686,24.740,0.015,123.797
2026-09-02T09:02:55.032180+07:00,c11_sim,123,4.904,84.531,9.178,22.914,0.017,121.543
2026-09-02T09:02:55.150387+07:00,c11_sim,124,4.675,84.445,9.258,23.620,0.024,122.022
2026-09-02T09:02:55.267636+07:00,c11_sim,125,4.537,84.624,9.188,22.643,0.017,121.009
2026-09-02T09:02:55.385961+07:00,c11_sim,126,4.263,84.233,9.081,24.158,0.016,121.752
2026-09-02T09:02:55.503985+07:00,c11_sim,127,4.332,84.750,8.722,23.667,0.016,121.487
2026-09-02T09:02:55.622572+07:00,c11_sim,128,4.303,84.792,8.852,24.096,0.018,122.062
2026-09-02T09:02:55.741198+07:00,c11_sim,129,4.118,84.762,8.745,24.247,0.016,121.888
2026-09-02T09:02:55.863429+07:00,c11_sim,130,4.202,87.584,9.584,24.206,0.016,125.593
2026-09-02T09:02:55.985889+07:00,c11_sim,131,4.496,86.984,10.425,24.160,0.016,126.081
2026-09-02T09:02:56.108209+07:00,c11_sim,132,4.513,88.134,10.163,23.148,0.016,125.974
2026-09-02T09:02:56.229871+07:00,c11_sim,133,4.194,87.749,9.147,23.905,0.017,125.013
2026-09-02T09:02:56.353529+07:00,c11_sim,134,4.606,88.237,10.364,24.167,0.016,127.389
2026-09-02T09:02:56.475036+07:00,c11_sim,135,4.618,87.769,9.111,23.760,0.017,125.275
2026-09-02T09:02:56.584572+07:00,c11_sim,136,4.534,87.565,8.530,12.856,0.014,113.499
2026-09-02T09:02:56.695078+07:00,c11_sim,137,4.624,87.623,9.145,13.027,0.080,114.499
2026-09-02T09:02:56.807228+07:00,c11_sim,138,4.178,87.804,9.876,13.862,0.015,115.735
2026-09-02T09:02:56.922105+07:00,c11_sim,139,4.132,88.910,10.780,14.596,0.012,118.429
2026-09-02T09:02:57.068278+07:00,c11_sim,140,3.496,88.621,12.533,14.313,0.016,118.979
2026-09-02T09:02:57.194473+07:00,c11_sim,141,5.860,88.129,11.415,25.761,0.018,131.184
2026-09-02T09:02:57.317503+07:00,c11_sim,142,4.560,87.174,10.115,24.908,0.017,126.774
2026-09-02T09:02:57.439730+07:00,c11_sim,143,4.785,87.532,9.975,23.851,0.018,126.161
2026-09-02T09:02:57.558841+07:00,c11_sim,144,4.953,86.624,8.745,22.954,0.016,123.293
2026-09-02T09:02:57.679304+07:00,c11_sim,145,4.306,87.008,9.349,23.249,0.054,123.966
2026-09-02T09:02:57.797162+07:00,c11_sim,146,4.809,86.233,8.148,22.596,0.016,121.802
2026-09-02T09:02:57.916825+07:00,c11_sim,147,4.265,86.828,9.038,22.989,0.051,123.171
2026-09-02T09:02:58.037070+07:00,c11_sim,148,4.206,87.481,8.723,23.245,0.053,123.707
2026-09-02T09:02:58.158165+07:00,c11_sim,149,4.569,87.069,9.340,23.885,0.017,124.882
2026-09-02T09:02:58.278496+07:00,c11_sim,150,4.731,87.067,8.659,23.659,0.018,124.134
2026-09-02T09:02:58.399022+07:00,c11_sim,151,4.875,86.388,9.425,23.725,0.060,124.473
2026-09-02T09:02:58.518857+07:00,c11_sim,152,4.952,87.284,8.704,23.021,0.016,123.977
2026-09-02T09:02:58.635343+07:00,c11_sim,153,4.580,86.751,7.588,21.345,0.018,120.282
2026-09-02T09:02:58.743610+07:00,c11_sim,154,3.905,87.204,8.322,11.935,0.014,111.380
2026-09-02T09:02:58.865727+07:00,c11_sim,155,3.528,87.147,10.394,23.735,0.015,124.820
2026-09-02T09:02:58.987248+07:00,c11_sim,156,3.864,86.897,9.990,23.883,0.016,124.651
2026-09-02T09:02:59.109602+07:00,c11_sim,157,4.504,87.253,10.045,24.251,0.017,126.070
2026-09-02T09:02:59.221087+07:00,c11_sim,158,4.221,87.373,10.120,13.151,0.016,114.881
2026-09-02T09:02:59.333731+07:00,c11_sim,159,4.343,88.132,10.307,13.306,0.018,116.106
2026-09-02T09:02:59.445210+07:00,c11_sim,160,4.157,87.404,10.013,13.275,0.015,114.864
2026-09-02T09:02:59.556272+07:00,c11_sim,161,4.278,86.787,9.733,13.626,0.014,114.439
2026-09-02T09:02:59.712887+07:00,c11_sim,162,3.785,88.151,11.146,26.360,0.018,129.460
2026-09-02T09:02:59.824600+07:00,c11_sim,163,4.911,86.543,10.692,13.640,0.013,115.799
2026-09-02T09:02:59.922827+07:00,c11_sim,164,4.819,86.969,10.448,0.003,0.010,102.250
2026-09-02T09:03:00.024795+07:00,c11_sim,165,5.567,89.558,11.536,0.003,0.011,106.674
2026-09-02T09:03:00.170588+07:00,c11_sim,166,5.261,88.547,11.455,14.793,0.016,120.072
2026-09-02T09:03:00.269658+07:00,c11_sim,167,4.549,86.825,11.376,0.003,0.012,102.765
2026-09-02T09:03:00.399647+07:00,c11_sim,168,5.243,87.656,11.314,0.004,0.015,104.231
2026-09-02T09:03:00.529735+07:00,c11_sim,169,4.826,87.797,11.333,0.004,0.013,103.973
2026-09-02T09:03:00.629972+07:00,c11_sim,170,6.559,87.586,11.679,0.005,0.022,105.851
2026-09-02T09:03:00.763163+07:00,c11_sim,171,5.823,88.515,13.508,0.004,0.015,107.864
2026-09-02T09:03:00.887776+07:00,c11_sim,172,5.522,88.261,13.498,0.003,0.013,107.297
2026-09-02T09:03:01.006630+07:00,c11_sim,173,6.010,89.198,12.327,16.354,0.017,123.906
2026-09-02T09:03:01.119667+07:00,c11_sim,174,5.133,86.640,11.065,14.465,0.017,117.320
2026-09-02T09:03:01.262081+07:00,c11_sim,175,4.151,86.611,10.853,13.904,0.015,115.535
2026-09-02T09:03:01.372647+07:00,c11_sim,176,5.246,85.730,10.314,13.646,0.015,114.951
2026-09-02T09:03:01.484049+07:00,c11_sim,177,4.516,86.213,9.821,14.523,0.018,115.091
2026-09-02T09:03:01.595187+07:00,c11_sim,178,4.149,86.608,9.718,13.929,0.019,114.423
2026-09-02T09:03:01.724925+07:00,c11_sim,179,3.870,86.559,12.467,0.003,0.012,102.910
2026-09-02T09:03:01.870390+07:00,c11_sim,180,5.466,86.976,12.370,15.410,0.016,120.238
2026-09-02T09:03:01.981468+07:00,c11_sim,181,7.116,85.207,10.458,14.565,0.015,117.360
2026-09-02T09:03:02.077561+07:00,c11_sim,182,5.669,85.464,10.009,0.003,0.011,101.156
2026-09-02T09:03:02.199311+07:00,c11_sim,183,4.617,86.997,12.389,0.003,0.012,104.019
2026-09-02T09:03:02.327078+07:00,c11_sim,184,5.052,86.417,10.763,0.003,0.014,102.249
2026-09-02T09:03:02.427459+07:00,c11_sim,185,6.311,87.265,12.433,0.018,0.014,106.041
2026-09-02T09:03:02.557364+07:00,c11_sim,186,5.131,87.133,12.603,0.004,0.019,104.891
2026-09-02T09:03:02.687759+07:00,c11_sim,187,5.309,86.901,12.668,0.002,0.011,104.892
2026-09-02T09:03:02.786011+07:00,c11_sim,188,6.449,86.768,10.824,0.002,0.011,104.054
2026-09-02T09:03:02.916302+07:00,c11_sim,189,5.470,86.704,12.824,0.003,0.012,105.013
2026-09-02T09:03:03.044745+07:00,c11_sim,190,5.378,87.801,12.651,0.003,0.015,105.849
2026-09-02T09:03:03.171975+07:00,c11_sim,191,6.193,87.770,12.328,0.002,0.010,106.303
2026-09-02T09:03:03.270241+07:00,c11_sim,192,6.811,86.157,11.434,0.003,0.013,104.418
2026-09-02T09:03:03.393566+07:00,c11_sim,193,4.688,86.315,14.148,0.003,0.014,105.167
2026-09-02T09:03:03.524553+07:00,c11_sim,194,5.208,86.512,13.743,0.003,0.012,105.478
2026-09-02T09:03:03.621732+07:00,c11_sim,195,5.539,85.725,10.821,0.004,0.014,102.102
2026-09-02T09:03:03.751204+07:00,c11_sim,196,5.529,86.110,11.504,0.003,0.115,103.260
2026-09-02T09:03:03.880416+07:00,c11_sim,197,4.722,86.578,11.868,0.003,0.028,103.199
2026-09-02T09:03:04.008962+07:00,c11_sim,198,5.247,86.815,11.029,0.003,0.009,103.102
2026-09-02T09:03:04.106853+07:00,c11_sim,199,6.921,86.305,10.940,0.003,0.012,104.182
2026-09-02T09:03:04.234786+07:00,c11_sim,200,5.394,86.276,12.579,0.004,0.019,104.273
2026-09-02T09:03:04.355438+07:00,c11_sim,201,5.461,86.693,12.605,0.005,0.018,104.782
2026-09-02T09:03:04.483632+07:00,c11_sim,202,4.989,86.206,11.952,0.003,0.011,103.161
2026-09-02T09:03:04.581298+07:00,c11_sim,203,7.016,85.447,11.532,0.003,0.012,104.010
2026-09-02T09:03:04.712873+07:00,c11_sim,204,5.744,87.769,12.908,0.004,0.016,106.441
2026-09-02T09:03:04.843510+07:00,c11_sim,205,5.947,87.265,12.550,0.003,0.013,105.777
2026-09-02T09:03:04.941273+07:00,c11_sim,206,6.373,85.722,11.360,0.003,0.011,103.468
2026-09-02T09:03:05.071031+07:00,c11_sim,207,5.694,86.717,12.276,0.004,0.017,104.708
2026-09-02T09:03:05.200756+07:00,c11_sim,208,5.046,86.610,12.320,0.002,0.010,103.988
2026-09-02T09:03:05.298499+07:00,c11_sim,209,6.714,85.632,11.415,0.003,0.014,103.778
2026-09-02T09:03:05.430176+07:00,c11_sim,210,5.844,88.131,12.801,0.003,0.019,106.799
2026-09-02T09:03:05.559279+07:00,c11_sim,211,5.969,86.881,12.922,0.003,0.011,105.785
2026-09-02T09:03:05.658667+07:00,c11_sim,212,6.385,86.308,12.396,0.002,0.011,105.102
2026-09-02T09:03:05.788619+07:00,c11_sim,213,6.283,86.651,13.089,0.003,0.015,106.042
2026-09-02T09:03:05.920796+07:00,c11_sim,214,5.844,88.068,13.295,0.004,0.016,107.227
2026-09-02T09:03:06.050911+07:00,c11_sim,215,5.908,87.883,13.152,0.003,0.012,106.957
2026-09-02T09:03:06.149450+07:00,c11_sim,216,6.855,86.073,11.733,0.004,0.018,104.683
2026-09-02T09:03:06.276771+07:00,c11_sim,217,5.185,87.043,11.729,0.003,0.012,103.973
2026-09-02T09:03:06.403056+07:00,c11_sim,218,5.103,86.293,11.689,0.003,0.012,103.099
2026-09-02T09:03:06.501503+07:00,c11_sim,219,6.506,86.010,11.761,0.002,0.011,104.291
2026-09-02T09:03:06.632019+07:00,c11_sim,220,5.728,86.698,13.034,0.004,0.019,105.482
2026-09-02T09:03:06.753311+07:00,c11_sim,221,5.438,86.488,12.347,0.004,0.017,104.295
2026-09-02T09:03:06.884318+07:00,c11_sim,222,5.435,87.028,13.172,0.002,0.010,105.648
2026-09-02T09:03:06.982214+07:00,c11_sim,223,6.293,85.989,11.250,0.003,0.010,103.545
2026-09-02T09:03:07.102173+07:00,c11_sim,224,5.696,86.205,12.212,0.004,0.016,104.132
2026-09-02T09:03:07.232332+07:00,c11_sim,225,5.802,86.676,12.658,0.004,0.018,105.158
2026-09-02T09:03:07.362340+07:00,c11_sim,226,5.422,86.858,12.350,0.003,0.010,104.642
2026-09-02T09:03:07.460118+07:00,c11_sim,227,5.588,85.890,11.206,0.003,0.012,102.700
2026-09-02T09:03:07.590956+07:00,c11_sim,228,5.812,86.582,13.488,0.004,0.018,105.905
2026-09-02T09:03:07.722114+07:00,c11_sim,229,6.096,87.117,13.238,0.004,0.016,106.471
2026-09-02T09:03:07.821258+07:00,c11_sim,230,7.242,86.427,11.992,0.003,0.012,105.676
2026-09-02T09:03:07.950094+07:00,c11_sim,231,5.430,85.850,12.788,0.003,0.012,104.084
2026-09-02T09:03:08.078446+07:00,c11_sim,232,5.426,87.082,12.569,0.003,0.010,105.089
2026-09-02T09:03:08.175058+07:00,c11_sim,233,6.095,85.529,10.427,0.003,0.012,102.065
2026-09-02T09:03:08.303934+07:00,c11_sim,234,5.583,86.518,11.598,0.004,0.016,103.719
2026-09-02T09:03:08.433848+07:00,c11_sim,235,5.436,86.623,12.568,0.003,0.013,104.644
2026-09-02T09:03:08.565186+07:00,c11_sim,236,5.163,87.161,13.420,0.003,0.011,105.758
2026-09-02T09:03:08.663710+07:00,c11_sim,237,6.410,86.239,11.617,0.003,0.011,104.280
2026-09-02T09:03:08.795046+07:00,c11_sim,238,5.530,86.704,13.868,0.003,0.009,106.113
2026-09-02T09:03:08.925763+07:00,c11_sim,239,6.159,87.125,12.854,0.003,0.010,106.151
2026-09-02T09:03:09.023950+07:00,c11_sim,240,6.764,86.199,11.338,0.003,0.010,104.314
2026-09-02T09:03:09.153845+07:00,c11_sim,241,5.739,86.484,12.989,0.004,0.013,105.228
2026-09-02T09:03:09.281534+07:00,c11_sim,242,5.328,86.476,10.990,0.003,0.012,102.809
2026-09-02T09:03:09.379960+07:00,c11_sim,243,7.131,85.871,11.878,0.003,0.012,104.895
2026-09-02T09:03:09.511065+07:00,c11_sim,244,5.589,86.841,13.448,0.004,0.020,105.902
2026-09-02T09:03:09.640653+07:00,c11_sim,245,5.861,86.698,12.114,0.003,0.010,104.685
2026-09-02T09:03:09.738961+07:00,c11_sim,246,6.306,85.925,11.743,0.003,0.010,103.988
2026-09-02T09:03:09.869405+07:00,c11_sim,247,5.499,86.753,12.913,0.004,0.013,105.183
2026-09-02T09:03:10.000276+07:00,c11_sim,248,5.742,86.676,13.426,0.003,0.013,105.859
2026-09-02T09:03:10.129571+07:00,c11_sim,249,6.209,86.737,11.804,0.003,0.014,104.768
2026-09-02T09:03:10.226883+07:00,c11_sim,250,7.051,85.901,10.710,0.003,0.013,103.678
2026-09-02T09:03:10.357555+07:00,c11_sim,251,5.259,86.802,13.119,0.004,0.017,105.201
2026-09-02T09:03:10.487484+07:00,c11_sim,252,5.321,86.797,12.353,0.004,0.014,104.489
2026-09-02T09:03:10.586075+07:00,c11_sim,253,7.331,86.152,11.735,0.004,0.016,105.239
2026-09-02T09:03:10.716884+07:00,c11_sim,254,5.361,87.089,12.919,0.004,0.020,105.393
2026-09-02T09:03:10.847596+07:00,c11_sim,255,5.636,87.058,12.888,0.003,0.012,105.597
2026-09-02T09:03:10.946575+07:00,c11_sim,256,7.302,86.004,12.200,0.003,0.011,105.520
2026-09-02T09:03:11.076212+07:00,c11_sim,257,5.672,86.549,12.312,0.003,0.015,104.550
2026-09-02T09:03:11.204654+07:00,c11_sim,258,5.155,87.187,10.551,0.003,0.013,102.909
2026-09-02T09:03:11.302782+07:00,c11_sim,259,6.797,86.159,11.284,0.003,0.015,104.258
2026-09-02T09:03:11.428770+07:00,c11_sim,260,5.397,86.061,9.246,0.003,0.010,100.717
2026-09-02T09:03:11.557218+07:00,c11_sim,261,4.174,85.992,11.671,0.003,0.011,101.851
2026-09-02T09:03:11.652557+07:00,c11_sim,262,6.275,85.413,9.306,0.002,0.010,101.007
2026-09-02T09:03:11.781174+07:00,c11_sim,263,4.975,86.263,11.657,0.003,0.012,102.910
2026-09-02T09:03:11.912124+07:00,c11_sim,264,5.588,87.053,13.120,0.003,0.013,105.778
2026-09-02T09:03:12.043316+07:00,c11_sim,265,5.367,87.610,12.803,0.003,0.010,105.793
2026-09-02T09:03:12.142473+07:00,c11_sim,266,7.619,86.257,12.246,0.003,0.013,106.139
2026-09-02T09:03:12.272578+07:00,c11_sim,267,5.758,86.396,13.319,0.004,0.018,105.495
2026-09-02T09:03:12.401707+07:00,c11_sim,268,5.253,86.964,11.448,0.002,0.011,103.678
2026-09-02T09:03:12.499193+07:00,c11_sim,269,7.011,85.635,11.173,0.002,0.011,103.833
2026-09-02T09:03:12.627990+07:00,c11_sim,270,5.552,86.450,13.172,0.005,0.017,105.196
2026-09-02T09:03:12.758818+07:00,c11_sim,271,5.481,87.200,12.747,0.003,0.011,105.441
2026-09-02T09:03:12.857356+07:00,c11_sim,272,5.854,86.003,11.870,0.002,0.010,103.739
2026-09-02T09:03:12.987758+07:00,c11_sim,273,5.624,86.635,13.026,0.003,0.011,105.299
2026-09-02T09:03:13.117014+07:00,c11_sim,274,5.254,86.489,12.095,0.004,0.014,103.856
2026-09-02T09:03:13.213814+07:00,c11_sim,275,6.516,85.542,10.609,0.004,0.014,102.685
2026-09-02T09:03:13.329664+07:00,c11_sim,276,5.374,86.550,0.000,0.000,0.008,91.933
2026-09-02T09:03:13.495728+07:00,c11_sim,277,5.826,88.535,16.856,0.000,0.008,111.225
2026-09-02T09:03:13.591192+07:00,c11_sim,278,5.121,85.069,9.727,0.003,0.075,99.995
2026-09-02T09:03:13.687245+07:00,c11_sim,279,6.643,85.712,9.654,0.003,0.076,102.087
2026-09-02T09:03:13.781618+07:00,c11_sim,280,5.121,84.921,8.880,0.002,0.009,98.934
2026-09-02T09:03:13.879904+07:00,c11_sim,281,5.171,88.276,9.324,0.003,0.077,102.851
2026-09-02T09:03:13.974186+07:00,c11_sim,282,4.963,84.965,8.741,0.003,0.010,98.683
2026-09-02T09:03:14.069465+07:00,c11_sim,283,4.641,85.819,8.782,0.002,0.072,99.315
2026-09-02T09:03:14.164351+07:00,c11_sim,284,5.501,85.158,9.038,0.003,0.078,99.777
2026-09-02T09:03:14.259212+07:00,c11_sim,285,4.740,85.144,9.033,0.003,0.075,98.994
2026-09-02T09:03:14.353893+07:00,c11_sim,286,4.961,85.134,8.930,0.002,0.009,99.036
2026-09-02T09:03:14.449866+07:00,c11_sim,287,5.426,85.585,9.717,0.003,0.077,100.807
2026-09-02T09:03:14.544897+07:00,c11_sim,288,4.499,85.254,9.162,0.002,0.010,98.926
2026-09-02T09:03:14.640599+07:00,c11_sim,289,6.898,85.428,9.669,0.003,0.011,102.007
2026-09-02T09:03:14.736975+07:00,c11_sim,290,4.265,85.000,10.232,0.003,0.104,99.603
2026-09-02T09:03:14.831492+07:00,c11_sim,291,5.224,84.810,9.149,0.002,0.018,99.203
2026-09-02T09:03:14.925913+07:00,c11_sim,292,4.943,85.045,8.788,0.003,0.009,98.788
2026-09-02T09:03:15.020168+07:00,c11_sim,293,4.645,84.969,8.629,0.002,0.074,98.319
2026-09-02T09:03:15.115033+07:00,c11_sim,294,4.869,84.729,9.506,0.002,0.072,99.178
2026-09-02T09:03:15.209990+07:00,c11_sim,295,4.338,85.001,9.261,0.002,0.076,98.678
2026-09-02T09:03:15.303906+07:00,c11_sim,296,5.114,84.750,8.584,0.002,0.008,98.458
2026-09-02T09:03:15.399134+07:00,c11_sim,297,4.347,85.051,9.584,0.002,0.008,98.992
2026-09-02T09:03:15.494040+07:00,c11_sim,298,4.419,84.794,9.482,0.002,0.071,98.767
2026-09-02T09:03:15.588940+07:00,c11_sim,299,4.484,85.202,9.091,0.002,0.009,98.789
2026-09-02T09:03:15.683238+07:00,c11_sim,300,3.841,85.136,8.573,0.002,0.009,97.561
2026-09-02T09:03:15.777810+07:00,c11_sim,301,4.550,84.968,9.005,0.002,0.009,98.534
2026-09-02T09:03:15.873201+07:00,c11_sim,302,4.024,85.156,9.586,0.002,0.070,98.839
2026-09-02T09:03:15.968077+07:00,c11_sim,303,5.018,84.889,9.435,0.002,0.008,99.353
2026-09-02T09:03:16.062551+07:00,c11_sim,304,4.960,85.011,8.888,0.002,0.006,98.867
2026-09-02T09:03:16.157024+07:00,c11_sim,305,5.734,84.961,8.903,0.002,0.073,99.675
2026-09-02T09:03:16.251474+07:00,c11_sim,306,5.142,84.894,8.986,0.002,0.008,99.033
2026-09-02T09:03:16.345379+07:00,c11_sim,307,4.524,85.116,8.203,0.002,0.009,97.854
2026-09-02T09:03:16.439996+07:00,c11_sim,308,5.034,84.685,9.329,0.002,0.009,99.059
2026-09-02T09:03:16.535458+07:00,c11_sim,309,4.867,85.489,9.382,0.002,0.009,99.750
2026-09-02T09:03:16.630387+07:00,c11_sim,310,5.547,85.205,9.123,0.002,0.009,99.887
2026-09-02T09:03:16.725058+07:00,c11_sim,311,5.493,85.110,8.969,0.003,0.009,99.584
2026-09-02T09:03:16.819844+07:00,c11_sim,312,5.495,84.822,9.405,0.002,0.008,99.733
2026-09-02T09:03:16.914531+07:00,c11_sim,313,5.111,85.095,9.005,0.003,0.008,99.222
2026-09-02T09:03:17.009327+07:00,c11_sim,314,4.233,84.853,9.388,0.002,0.008,98.484
2026-09-02T09:03:17.104104+07:00,c11_sim,315,5.425,85.238,8.883,0.002,0.009,99.556
2026-09-02T09:03:17.199440+07:00,c11_sim,316,4.473,84.771,9.928,0.003,0.009,99.184
2026-09-02T09:03:17.294978+07:00,c11_sim,317,6.321,85.570,9.145,0.002,0.008,101.046
2026-09-02T09:03:17.389775+07:00,c11_sim,318,6.220,85.029,9.173,0.002,0.009,100.431
2026-09-02T09:03:17.485224+07:00,c11_sim,319,4.199,85.782,9.072,0.002,0.010,99.065
2026-09-02T09:03:17.580481+07:00,c11_sim,320,5.311,85.055,9.629,0.002,0.008,100.006
2026-09-02T09:03:17.674803+07:00,c11_sim,321,4.353,84.785,8.971,0.002,0.008,98.119
2026-09-02T09:03:17.770056+07:00,c11_sim,322,5.560,85.407,9.229,0.002,0.009,100.208
2026-09-02T09:03:17.865577+07:00,c11_sim,323,5.060,85.775,9.133,0.002,0.008,99.978
2026-09-02T09:03:17.961445+07:00,c11_sim,324,5.399,85.906,9.380,0.002,0.009,100.696
2026-09-02T09:03:18.057885+07:00,c11_sim,325,5.454,85.979,9.889,0.002,0.009,101.334
2026-09-02T09:03:18.153684+07:00,c11_sim,326,4.222,85.622,9.573,0.002,0.009,99.428
2026-09-02T09:03:18.250315+07:00,c11_sim,327,5.539,86.544,9.403,0.003,0.090,101.578
2026-09-02T09:03:18.346195+07:00,c11_sim,328,4.329,85.768,9.450,0.002,0.072,99.621
2026-09-02T09:03:18.445325+07:00,c11_sim,329,5.446,87.637,10.532,0.003,0.080,103.697
2026-09-02T09:03:18.623332+07:00,c11_sim,330,5.353,162.304,15.056,0.004,0.018,182.735
2026-09-02T09:03:18.623591+07:00,c12_sim,32,4.579,162.304,0.000,0.000,0.006,166.888
2026-09-02T09:03:18.803075+07:00,c11_sim,331,4.601,164.929,13.839,0.004,0.017,183.389
2026-09-02T09:03:18.819472+07:00,c12_sim,33,4.737,164.929,14.827,0.000,0.006,184.498
2026-09-02T09:03:18.996325+07:00,c11_sim,332,5.410,161.769,14.429,0.004,0.015,181.627
2026-09-02T09:03:19.022710+07:00,c12_sim,34,4.416,161.769,10.797,14.106,0.033,191.121
2026-09-02T09:03:19.196996+07:00,c11_sim,333,4.296,160.498,13.113,0.004,0.016,177.928
2026-09-02T09:03:19.222511+07:00,c12_sim,35,6.438,160.498,10.295,13.758,0.010,191.000
2026-09-02T09:03:19.395002+07:00,c11_sim,334,4.929,160.538,11.327,0.003,0.012,176.809
2026-09-02T09:03:19.395109+07:00,c12_sim,36,5.828,160.538,0.000,0.000,0.005,166.370
2026-09-02T09:03:19.680408+07:00,c10_sim,59,2.780,273.437,11.073,0.000,0.009,287.299
2026-09-02T09:03:19.688832+07:00,c11_sim,335,4.281,273.437,7.427,0.002,0.007,285.154
2026-09-02T09:03:19.688896+07:00,c12_sim,37,4.871,273.437,0.000,0.000,0.003,278.312
2026-09-02T09:03:19.946797+07:00,c10_sim,60,5.488,236.474,8.340,12.277,0.098,262.676
2026-09-02T09:03:19.954588+07:00,c11_sim,336,4.822,236.474,7.212,0.002,0.007,248.517
2026-09-02T09:03:19.954648+07:00,c12_sim,38,5.426,236.474,0.000,0.000,0.003,241.903
2026-09-02T09:03:20.122861+07:00,c10_sim,61,2.890,160.534,6.833,0.003,0.103,170.363
2026-09-02T09:03:20.130656+07:00,c11_sim,337,5.535,160.534,6.734,0.002,0.007,172.812
2026-09-02T09:03:20.297005+07:00,c10_sim,62,3.624,159.292,6.452,0.002,0.089,169.460
2026-09-02T09:03:20.303958+07:00,c11_sim,338,4.646,159.292,5.920,0.001,0.006,169.866
2026-09-02T09:03:20.472400+07:00,c10_sim,63,3.860,161.662,6.215,0.002,0.008,171.747
2026-09-02T09:03:20.479043+07:00,c11_sim,339,5.369,161.662,5.778,0.001,0.006,172.817
2026-09-02T09:03:20.646204+07:00,c10_sim,64,4.936,160.591,6.054,0.002,0.008,171.591
2026-09-02T09:03:20.652938+07:00,c11_sim,340,4.215,160.591,5.751,0.001,0.006,170.563
2026-09-02T09:03:20.821101+07:00,c10_sim,65,4.313,161.472,6.123,0.002,0.009,171.919
2026-09-02T09:03:20.827854+07:00,c11_sim,341,5.374,161.472,5.741,0.001,0.005,172.594
2026-09-02T09:03:20.996148+07:00,c10_sim,66,3.691,161.665,6.063,0.002,0.009,171.430
2026-09-02T09:03:21.002915+07:00,c11_sim,342,5.502,161.665,5.697,0.001,0.006,172.871
2026-09-02T09:03:21.171173+07:00,c10_sim,67,3.203,161.604,6.094,0.002,0.008,170.911
2026-09-02T09:03:21.178469+07:00,c11_sim,343,4.867,161.604,6.412,0.002,0.007,172.893
2026-09-02T09:03:21.347063+07:00,c10_sim,68,3.226,161.749,6.061,0.002,0.009,171.047
2026-09-02T09:03:21.354376+07:00,c11_sim,344,5.640,161.749,6.363,0.001,0.005,173.759
2026-09-02T09:03:21.533280+07:00,c10_sim,69,3.240,160.868,6.884,10.505,0.014,181.511
2026-09-02T09:03:21.540542+07:00,c11_sim,345,4.217,160.868,6.819,0.002,0.008,171.915
2026-09-02T09:03:21.730466+07:00,c10_sim,70,3.290,161.533,9.639,17.869,0.029,192.359
2026-09-02T09:03:21.743163+07:00,c11_sim,346,5.112,161.533,12.122,0.002,0.009,178.778
2026-09-02T09:03:21.961874+07:00,c10_sim,71,3.299,165.547,14.154,38.127,0.024,221.152
2026-09-02T09:03:21.974495+07:00,c11_sim,347,4.171,165.547,11.730,0.004,0.016,181.469
2026-09-02T09:03:22.175481+07:00,c10_sim,72,3.224,163.220,10.459,26.353,0.014,203.270
2026-09-02T09:03:22.195040+07:00,c11_sim,348,4.974,163.220,7.434,11.567,0.009,187.203
2026-09-02T09:03:22.393483+07:00,c10_sim,73,3.528,160.835,10.420,25.731,0.191,200.705
2026-09-02T09:03:22.412298+07:00,c11_sim,349,5.054,160.835,7.311,10.995,0.014,184.210
2026-09-02T09:03:22.629600+07:00,c10_sim,74,3.126,163.400,11.613,41.440,0.012,219.591
2026-09-02T09:03:22.647859+07:00,c11_sim,350,4.322,163.400,6.651,11.078,0.009,185.460
2026-09-02T09:03:22.846775+07:00,c10_sim,75,3.163,163.635,9.564,24.807,0.031,201.200
2026-09-02T09:03:22.865544+07:00,c11_sim,351,4.883,163.635,7.457,10.754,0.008,186.736
2026-09-02T09:03:23.062712+07:00,c10_sim,76,3.323,162.661,9.580,24.144,0.011,199.718
2026-09-02T09:03:23.081602+07:00,c11_sim,352,4.111,162.661,7.175,11.199,0.008,185.154
2026-09-02T09:03:23.280600+07:00,c10_sim,77,3.211,163.287,10.020,24.951,0.029,201.499
2026-09-02T09:03:23.299587+07:00,c11_sim,353,5.144,163.287,7.215,11.253,0.007,186.907
2026-09-02T09:03:23.503051+07:00,c10_sim,78,3.404,165.337,11.662,25.595,0.029,206.028
2026-09-02T09:03:23.522030+07:00,c11_sim,354,4.250,165.337,7.195,11.285,0.009,188.077
2026-09-02T09:03:23.724337+07:00,c10_sim,79,3.471,165.317,10.646,25.459,0.012,204.906
2026-09-02T09:03:23.744330+07:00,c11_sim,355,4.906,165.317,8.279,11.192,0.008,189.703
2026-09-02T09:03:23.951837+07:00,c10_sim,80,3.530,165.779,12.709,28.079,0.029,210.126
2026-09-02T09:03:23.971895+07:00,c11_sim,356,4.761,165.779,8.149,11.324,0.066,190.080
2026-09-02T09:03:24.173411+07:00,c10_sim,81,4.597,161.725,11.814,27.072,0.012,205.221
2026-09-02T09:03:24.193408+07:00,c11_sim,357,4.907,161.725,7.963,11.419,0.079,186.092
2026-09-02T09:03:24.395980+07:00,c10_sim,82,7.165,163.140,12.060,26.423,0.011,208.800
2026-09-02T09:03:24.415288+07:00,c11_sim,358,4.953,163.140,7.284,11.494,0.008,186.879
2026-09-02T09:03:24.617427+07:00,c10_sim,83,3.391,163.759,11.682,25.803,0.012,204.647
2026-09-02T09:03:24.636472+07:00,c11_sim,359,4.449,163.759,7.299,11.224,0.008,186.739
2026-09-02T09:03:24.829597+07:00,c10_sim,84,5.247,163.573,13.555,15.330,0.011,197.717
2026-09-02T09:03:24.849917+07:00,c11_sim,360,5.346,163.573,7.808,11.993,0.009,188.729
2026-09-02T09:03:25.045815+07:00,c10_sim,85,3.698,165.376,13.315,16.507,0.012,198.909
2026-09-02T09:03:25.067249+07:00,c11_sim,361,4.257,165.376,8.221,12.690,0.010,190.553
2026-09-02T09:03:25.262749+07:00,c10_sim,86,5.531,166.772,12.647,15.409,0.012,200.371
2026-09-02T09:03:25.284394+07:00,c11_sim,362,5.518,166.772,8.888,12.227,0.007,193.412
2026-09-02T09:03:25.477372+07:00,c10_sim,87,3.915,164.089,13.537,14.737,0.017,196.295
2026-09-02T09:03:25.497402+07:00,c11_sim,363,5.163,164.089,8.080,11.429,0.009,188.769
2026-09-02T09:03:25.702072+07:00,c10_sim,88,6.107,163.562,13.351,26.863,0.018,209.901
2026-09-02T09:03:25.720937+07:00,c11_sim,364,4.618,163.562,7.448,10.905,0.012,186.545
2026-09-02T09:03:25.911699+07:00,c10_sim,89,3.256,162.185,12.597,15.302,0.016,193.356
2026-09-02T09:03:25.932244+07:00,c11_sim,365,5.043,162.185,8.028,11.981,0.011,187.249
2026-09-02T09:03:26.141559+07:00,c10_sim,90,5.048,166.489,14.051,27.854,0.019,213.461
2026-09-02T09:03:26.160978+07:00,c11_sim,366,4.275,166.489,7.468,11.377,0.013,189.621
2026-09-02T09:03:26.370622+07:00,c10_sim,91,3.773,167.207,13.544,28.002,0.020,212.547
2026-09-02T09:03:26.390032+07:00,c11_sim,367,5.637,167.207,7.388,11.478,0.013,191.723
2026-09-02T09:03:26.584346+07:00,c10_sim,92,5.022,166.196,12.134,15.340,0.016,198.708
2026-09-02T09:03:26.606871+07:00,c11_sim,368,5.163,166.196,9.173,12.661,0.014,193.207
2026-09-02T09:03:26.784882+07:00,c10_sim,93,3.783,163.933,13.376,0.000,0.016,181.108
2026-09-02T09:03:26.810088+07:00,c11_sim,369,5.484,163.933,10.524,13.274,0.014,193.229
2026-09-02T09:03:27.009234+07:00,c10_sim,94,4.140,166.496,16.322,15.634,0.041,202.632
2026-09-02T09:03:27.018838+07:00,c11_sim,370,5.349,166.496,9.066,0.000,0.005,180.917
2026-09-02T09:03:27.217961+07:00,c10_sim,95,5.039,169.200,13.807,15.441,0.035,203.522
2026-09-02T09:03:27.239803+07:00,c11_sim,371,4.595,169.200,8.969,12.124,0.037,194.924
2026-09-02T09:03:27.436230+07:00,c10_sim,96,3.432,165.771,14.655,15.219,0.055,199.131
2026-09-02T09:03:27.457260+07:00,c11_sim,372,5.986,165.771,8.545,11.913,0.041,192.254
2026-09-02T09:03:27.650614+07:00,c10_sim,97,3.980,165.215,12.211,15.221,0.047,196.673
2026-09-02T09:03:27.670865+07:00,c11_sim,373,4.555,165.215,7.921,11.826,0.010,189.526
2026-09-02T09:03:27.870210+07:00,c10_sim,98,3.770,168.742,14.590,15.309,0.050,202.460
2026-09-02T09:03:27.890084+07:00,c11_sim,374,5.681,168.742,7.611,11.719,0.007,193.760
2026-09-02T09:03:28.087745+07:00,c10_sim,99,4.682,167.279,13.553,16.172,0.052,201.738
2026-09-02T09:03:28.109261+07:00,c11_sim,375,5.520,167.279,8.996,11.996,0.011,193.802
2026-09-02T09:03:28.307061+07:00,c10_sim,100,5.580,168.659,12.359,15.903,0.071,202.571
2026-09-02T09:03:28.327724+07:00,c11_sim,376,4.901,168.659,8.230,11.761,0.010,193.561
2026-09-02T09:03:28.529255+07:00,c10_sim,101,5.732,170.714,14.091,15.666,0.014,206.218
2026-09-02T09:03:28.549978+07:00,c11_sim,377,5.398,170.714,7.903,12.307,0.009,196.331
2026-09-02T09:03:28.749181+07:00,c10_sim,102,4.424,170.553,12.573,15.299,0.012,202.862
2026-09-02T09:03:28.769341+07:00,c11_sim,378,4.242,170.553,7.827,11.795,0.009,194.426
2026-09-02T09:03:28.971632+07:00,c10_sim,103,4.013,170.999,14.684,15.569,0.012,205.277
2026-09-02T09:03:28.991543+07:00,c11_sim,379,5.423,170.999,7.966,11.424,0.012,195.823
2026-09-02T09:03:29.191322+07:00,c10_sim,104,4.214,169.647,13.882,15.531,0.017,203.292
2026-09-02T09:03:29.211833+07:00,c11_sim,380,4.373,169.647,7.574,12.418,0.010,194.022
2026-09-02T09:03:29.412361+07:00,c10_sim,105,5.653,171.311,12.417,15.733,0.013,205.126
2026-09-02T09:03:29.432870+07:00,c11_sim,381,5.544,171.311,8.293,11.659,0.011,196.818
2026-09-02T09:03:29.632631+07:00,c10_sim,106,6.719,171.706,12.094,15.048,0.098,205.665
2026-09-02T09:03:29.652361+07:00,c11_sim,382,5.492,171.706,7.718,11.471,0.012,196.399
2026-09-02T09:03:29.854041+07:00,c10_sim,107,5.856,170.747,13.548,16.100,0.108,206.359
2026-09-02T09:03:29.875020+07:00,c11_sim,383,4.660,170.747,8.223,12.233,0.016,195.880
2026-09-02T09:03:30.076076+07:00,c10_sim,108,5.050,171.855,13.113,14.861,0.011,204.889
2026-09-02T09:03:30.096398+07:00,c11_sim,384,5.428,171.855,7.719,11.822,0.107,196.931
2026-09-02T09:03:30.299510+07:00,c10_sim,109,4.044,171.496,14.601,16.169,0.024,206.334
2026-09-02T09:03:30.320443+07:00,c11_sim,385,4.246,171.496,7.953,12.409,0.008,196.111
2026-09-02T09:03:30.524873+07:00,c10_sim,110,3.835,172.071,14.659,16.355,0.017,206.937
2026-09-02T09:03:30.545107+07:00,c11_sim,386,5.314,172.071,7.772,11.908,0.010,197.075
2026-09-02T09:03:30.728393+07:00,c10_sim,111,7.506,169.793,12.852,0.003,0.012,190.166
2026-09-02T09:03:30.753729+07:00,c11_sim,387,4.545,169.793,10.278,13.963,0.013,198.592
2026-09-02T09:03:30.940807+07:00,c10_sim,112,6.646,170.675,15.017,0.004,0.017,192.360
2026-09-02T09:03:30.968787+07:00,c11_sim,388,5.722,170.675,11.796,14.665,0.014,202.872
2026-09-02T09:03:31.170180+07:00,c10_sim,113,5.720,169.938,13.708,16.984,0.015,206.365
2026-09-02T09:03:31.191525+07:00,c11_sim,389,5.452,169.938,8.373,12.446,0.015,196.224
2026-09-02T09:03:31.395144+07:00,c10_sim,114,5.110,170.810,15.514,16.125,0.074,207.632
2026-09-02T09:03:31.415536+07:00,c11_sim,390,4.573,170.810,7.969,11.857,0.012,195.220
2026-09-02T09:03:31.601047+07:00,c10_sim,115,4.289,170.984,13.153,0.005,0.208,188.640
2026-09-02T09:03:31.624807+07:00,c11_sim,391,5.610,170.984,9.047,13.191,0.013,198.845
2026-09-02T09:03:31.811133+07:00,c10_sim,116,4.089,171.518,13.857,0.004,0.210,189.678
2026-09-02T09:03:31.837418+07:00,c11_sim,392,4.250,171.518,10.966,13.820,0.010,200.563
2026-09-02T09:03:32.026576+07:00,c10_sim,117,6.584,171.637,16.243,0.003,0.011,194.478
2026-09-02T09:03:32.052255+07:00,c11_sim,393,5.458,171.637,10.396,13.961,0.014,201.466
2026-09-02T09:03:32.240665+07:00,c10_sim,118,5.275,171.972,15.381,0.004,0.210,192.841
2026-09-02T09:03:32.267003+07:00,c11_sim,394,5.496,171.972,11.010,13.832,0.015,202.324
2026-09-02T09:03:32.455102+07:00,c10_sim,119,6.377,172.158,14.833,0.004,0.016,193.389
2026-09-02T09:03:32.481694+07:00,c11_sim,395,5.111,172.158,11.039,13.983,0.014,202.305
2026-09-02T09:03:32.667552+07:00,c10_sim,120,5.101,171.205,13.191,0.006,0.222,189.724
2026-09-02T09:03:32.692463+07:00,c11_sim,396,5.499,171.205,10.265,13.142,0.014,200.125
2026-09-02T09:03:32.881087+07:00,c10_sim,121,3.955,171.993,15.925,0.003,0.016,191.892
2026-09-02T09:03:32.906882+07:00,c11_sim,397,4.722,171.993,10.347,13.889,0.013,200.964
2026-09-02T09:03:33.078779+07:00,c10_sim,122,4.027,171.056,0.000,0.000,0.016,175.099
2026-09-02T09:03:33.108395+07:00,c11_sim,398,4.954,171.056,13.279,15.701,0.019,205.009
2026-09-02T09:03:33.282453+07:00,c10_sim,123,6.464,173.891,0.000,0.000,0.011,180.366
2026-09-02T09:03:33.312186+07:00,c11_sim,399,4.548,173.891,13.970,15.139,0.015,207.562
2026-09-02T09:03:33.428620+07:00,c11_sim,400,5.508,90.658,11.002,13.897,0.014,121.079
2026-09-02T09:03:33.530492+07:00,c11_sim,401,5.884,89.797,11.501,0.000,0.010,107.192
2026-09-02T09:03:33.632267+07:00,c11_sim,402,4.645,90.729,10.410,0.002,0.035,105.821
2026-09-02T09:03:33.738024+07:00,c11_sim,403,3.993,92.936,12.230,0.000,0.011,109.169
2026-09-02T09:03:33.843925+07:00,c11_sim,404,4.782,93.441,11.490,0.004,0.049,109.765
2026-09-02T09:03:33.966813+07:00,c11_sim,405,3.805,94.022,13.195,14.857,0.029,125.907
2026-09-02T09:03:34.083432+07:00,c11_sim,406,7.027,92.117,10.166,13.681,0.012,123.003
2026-09-02T09:03:34.199317+07:00,c11_sim,407,5.482,91.648,9.670,13.639,0.037,120.476
2026-09-02T09:03:34.313687+07:00,c11_sim,408,3.904,90.534,9.900,13.352,0.011,117.701
2026-09-02T09:03:34.430205+07:00,c11_sim,409,6.825,90.853,10.950,13.948,0.011,122.588
2026-09-02T09:03:34.545673+07:00,c11_sim,410,6.349,91.284,10.057,13.407,0.011,121.108
2026-09-02T09:03:34.662007+07:00,c11_sim,411,4.273,92.110,9.954,13.559,0.009,119.905
2026-09-02T09:03:34.779281+07:00,c11_sim,412,5.233,92.540,10.349,13.539,0.010,121.672
2026-09-02T09:03:34.897945+07:00,c11_sim,413,6.594,92.978,10.612,14.350,0.012,124.546
2026-09-02T09:03:35.014403+07:00,c11_sim,414,4.594,92.852,9.773,13.200,0.009,120.427
2026-09-02T09:03:35.132292+07:00,c11_sim,415,4.829,92.299,9.402,13.540,0.104,120.174
2026-09-02T09:03:35.250429+07:00,c11_sim,416,7.290,93.275,10.290,13.692,0.014,124.562
2026-09-02T09:03:35.367997+07:00,c11_sim,417,5.829,91.894,10.751,14.201,0.013,122.688
2026-09-02T09:03:35.482666+07:00,c11_sim,418,4.289,91.002,9.413,13.636,0.010,118.351
2026-09-02T09:03:35.597213+07:00,c11_sim,419,6.417,90.690,9.473,13.812,0.011,120.402
2026-09-02T09:03:35.713303+07:00,c11_sim,420,5.728,91.428,10.026,13.734,0.011,120.927
2026-09-02T09:03:35.830128+07:00,c11_sim,421,3.762,91.724,10.397,13.919,0.014,119.816
2026-09-02T09:03:35.946080+07:00,c11_sim,422,7.647,91.505,10.476,13.344,0.029,123.001
2026-09-02T09:03:36.061022+07:00,c11_sim,423,5.635,91.484,9.540,13.338,0.015,120.012
2026-09-02T09:03:36.175932+07:00,c11_sim,424,4.632,91.432,9.672,13.060,0.015,118.811
2026-09-02T09:03:36.297042+07:00,c11_sim,425,5.144,95.876,9.904,14.717,0.018,125.659
2026-09-02T09:03:36.415634+07:00,c11_sim,426,7.956,94.427,10.363,13.166,0.029,125.941
2026-09-02T09:03:36.533339+07:00,c11_sim,427,5.742,93.771,9.707,13.591,0.019,122.831
2026-09-02T09:03:36.651282+07:00,c11_sim,428,3.936,93.901,9.638,13.820,0.017,121.312
2026-09-02T09:03:36.769118+07:00,c11_sim,429,6.196,94.353,9.669,12.996,0.020,123.234
2026-09-02T09:03:36.889294+07:00,c11_sim,430,5.792,94.242,11.060,14.141,0.037,125.273
2026-09-02T09:03:37.008547+07:00,c11_sim,431,4.790,94.151,10.434,13.921,0.015,123.311
2026-09-02T09:03:37.127959+07:00,c11_sim,432,4.724,94.733,10.171,13.874,0.017,123.517
2026-09-02T09:03:37.247211+07:00,c11_sim,433,7.038,95.467,9.558,13.534,0.014,125.612
2026-09-02T09:03:37.368085+07:00,c11_sim,434,5.102,95.468,10.361,14.010,0.014,124.955
2026-09-02T09:03:37.489524+07:00,c11_sim,435,5.127,95.413,11.083,14.251,0.015,125.889
2026-09-02T09:03:37.611505+07:00,c11_sim,436,5.396,95.634,10.683,14.872,0.019,126.604
2026-09-02T09:03:37.732516+07:00,c11_sim,437,5.342,95.988,10.553,13.702,0.034,125.618
2026-09-02T09:03:37.853453+07:00,c11_sim,438,4.998,96.180,10.275,13.748,0.012,125.212
2026-09-02T09:03:37.975352+07:00,c11_sim,439,5.726,95.297,11.085,14.546,0.015,126.669
2026-09-02T09:03:38.097080+07:00,c11_sim,440,4.089,95.581,10.917,14.477,0.014,125.078
2026-09-02T09:03:38.216954+07:00,c11_sim,441,4.587,94.976,10.108,14.151,0.049,123.872
2026-09-02T09:03:38.335913+07:00,c11_sim,442,5.477,95.076,9.477,13.763,0.040,123.834
2026-09-02T09:03:38.456250+07:00,c11_sim,443,4.305,94.696,10.470,14.106,0.019,123.596
2026-09-02T09:03:38.576570+07:00,c11_sim,444,4.515,94.424,10.573,14.581,0.041,124.134
2026-09-02T09:03:38.694124+07:00,c11_sim,445,4.885,93.793,9.876,13.300,0.015,121.869
2026-09-02T09:03:38.811084+07:00,c11_sim,446,4.704,93.404,9.756,13.247,0.016,121.127
2026-09-02T09:03:38.921139+07:00,c11_sim,447,4.202,92.027,6.670,10.669,0.052,113.620
2026-09-02T09:03:39.039748+07:00,c11_sim,448,4.981,94.130,9.287,13.324,0.023,121.746
2026-09-02T09:03:39.159835+07:00,c11_sim,449,5.150,101.623,6.968,10.926,0.023,124.690
2026-09-02T09:03:39.280484+07:00,c11_sim,450,4.176,98.847,8.563,12.679,0.017,124.282
2026-09-02T09:03:39.406300+07:00,c11_sim,451,5.025,99.584,10.318,15.256,0.022,130.205
2026-09-02T09:03:39.528839+07:00,c11_sim,452,5.406,99.038,9.607,13.271,0.020,127.341
2026-09-02T09:03:39.654376+07:00,c11_sim,453,4.258,100.966,10.088,13.527,0.043,128.882
2026-09-02T09:03:39.780194+07:00,c11_sim,454,4.330,100.550,10.786,13.852,0.018,129.535
2026-09-02T09:03:39.907025+07:00,c11_sim,455,5.017,101.004,11.149,14.013,0.042,131.224
2026-09-02T09:03:40.034090+07:00,c11_sim,456,4.369,102.556,10.353,13.532,0.045,130.855
2026-09-02T09:03:40.159383+07:00,c11_sim,457,4.133,101.290,10.012,13.370,0.043,128.848
2026-09-02T09:03:40.285234+07:00,c11_sim,458,5.055,100.565,10.437,13.967,0.053,130.077
2026-09-02T09:03:40.415088+07:00,c11_sim,459,5.110,102.238,12.231,14.657,0.017,134.254
2026-09-02T09:03:40.546019+07:00,c11_sim,460,4.322,102.862,12.563,14.729,0.015,134.490
2026-09-02T09:03:40.675036+07:00,c11_sim,461,4.518,102.749,11.990,13.673,0.015,132.945
2026-09-02T09:03:40.801640+07:00,c11_sim,462,5.385,101.817,10.480,13.717,0.031,131.430
2026-09-02T09:03:40.929864+07:00,c11_sim,463,5.545,103.648,10.278,13.695,0.013,133.179
2026-09-02T09:03:41.059947+07:00,c11_sim,464,4.403,103.778,11.560,14.025,0.014,133.780
2026-09-02T09:03:41.190897+07:00,c11_sim,465,4.148,104.185,11.552,14.156,0.015,134.055
2026-09-02T09:03:41.322792+07:00,c11_sim,466,5.058,103.777,13.447,13.877,0.018,136.177
2026-09-02T09:03:41.452319+07:00,c11_sim,467,5.446,104.874,10.374,13.599,0.052,134.344
2026-09-02T09:03:41.577168+07:00,c11_sim,468,4.027,101.841,9.177,13.268,0.018,128.331
2026-09-02T09:03:41.707729+07:00,c11_sim,469,3.945,101.701,13.409,14.720,0.015,133.789
2026-09-02T09:03:41.832194+07:00,c11_sim,470,2.826,99.831,10.353,13.659,0.014,126.682
2026-09-02T09:03:41.958840+07:00,c11_sim,471,4.003,100.033,11.352,14.217,0.014,129.619
2026-09-02T09:03:42.086007+07:00,c11_sim,472,3.496,100.010,12.116,14.383,0.015,130.020
2026-09-02T09:03:42.208643+07:00,c11_sim,473,5.151,96.954,11.136,13.789,0.061,127.091
2026-09-02T09:03:42.339836+07:00,c11_sim,474,5.489,97.917,10.973,13.612,0.014,128.005
2026-09-02T09:03:42.461612+07:00,c11_sim,475,4.812,97.042,10.715,13.416,0.016,126.001
2026-09-02T09:03:42.583875+07:00,c11_sim,476,4.269,96.242,10.818,14.185,0.015,125.528
2026-09-02T09:03:42.704278+07:00,c11_sim,477,4.820,95.329,10.307,14.084,0.014,124.553
2026-09-02T09:03:42.821533+07:00,c11_sim,478,5.036,94.028,9.279,13.417,0.014,121.774
2026-09-02T09:03:42.944162+07:00,c11_sim,479,5.529,96.225,11.535,13.950,0.017,127.256
2026-09-02T09:03:43.064858+07:00,c11_sim,480,4.430,94.568,11.490,14.028,0.026,124.542
2026-09-02T09:03:43.187422+07:00,c11_sim,481,4.236,94.740,11.016,15.930,0.017,125.939
2026-09-02T09:03:43.304400+07:00,c11_sim,482,4.565,94.554,8.627,13.289,0.017,121.052
2026-09-02T09:03:43.422738+07:00,c11_sim,483,5.584,94.176,9.990,13.429,0.016,123.195
2026-09-02T09:03:43.542521+07:00,c11_sim,484,5.677,94.594,10.350,13.908,0.017,124.545
2026-09-02T09:03:43.651321+07:00,c11_sim,485,5.296,94.521,13.698,0.000,0.009,113.523
2026-09-02T09:03:43.781537+07:00,c11_sim,486,5.231,102.488,12.848,13.766,0.038,134.371
2026-09-02T09:03:43.900150+07:00,c11_sim,487,4.021,98.494,7.238,12.211,0.037,122.001
2026-09-02T09:03:44.034658+07:00,c11_sim,488,6.188,113.132,8.334,12.452,0.017,140.123
2026-09-02T09:03:44.172922+07:00,c11_sim,489,4.179,113.141,9.560,14.494,0.015,141.389
2026-09-02T09:03:44.279398+07:00,c11_sim,490,5.632,106.315,0.000,0.000,0.011,111.959
2026-09-02T09:03:44.415144+07:00,c11_sim,491,4.620,108.591,12.262,14.155,0.016,139.643
2026-09-02T09:03:44.549846+07:00,c11_sim,492,4.593,108.532,11.039,14.023,0.012,138.199
2026-09-02T09:03:44.669038+07:00,c11_sim,493,4.976,108.286,10.237,0.002,0.011,123.512
2026-09-02T09:03:44.808059+07:00,c11_sim,494,4.529,110.004,12.743,15.049,0.012,142.337
2026-09-02T09:03:45.010324+07:00,c9_sim,259,4.844,202.132,0.000,0.000,0.007,206.984
2026-09-02T09:03:45.027374+07:00,c11_sim,495,4.560,202.132,6.532,10.018,0.009,223.251
2026-09-02T09:03:45.236945+07:00,c9_sim,260,3.781,198.911,10.081,0.000,0.007,212.780
2026-09-02T09:03:45.254862+07:00,c11_sim,496,5.139,198.911,6.175,10.662,0.010,220.897
2026-09-02T09:03:45.461615+07:00,c9_sim,261,2.659,199.395,6.549,0.002,0.027,208.632
2026-09-02T09:03:45.478727+07:00,c11_sim,497,4.763,199.395,6.172,10.039,0.011,220.380
2026-09-02T09:03:45.684354+07:00,c9_sim,262,2.637,198.371,6.424,0.002,0.026,207.460
2026-09-02T09:03:45.701470+07:00,c11_sim,498,4.632,198.371,5.825,10.223,0.009,219.060
2026-09-02T09:03:45.905170+07:00,c9_sim,263,2.570,196.629,6.283,0.002,0.029,205.513
2026-09-02T09:03:45.905696+07:00,c11_sim,499,5.106,196.629,0.000,0.000,0.144,201.879
2026-09-02T09:03:46.111991+07:00,c9_sim,264,2.630,199.210,6.230,0.002,0.033,208.105
2026-09-02T09:03:46.112063+07:00,c11_sim,500,3.950,199.210,0.000,0.000,0.002,203.162
2026-09-02T09:03:46.317889+07:00,c9_sim,265,2.528,198.764,6.377,0.002,0.009,207.680
2026-09-02T09:03:46.317959+07:00,c11_sim,501,6.811,198.764,0.000,0.000,0.002,205.577
2026-09-02T09:03:46.530180+07:00,c9_sim,266,2.685,212.088,0.000,0.000,0.012,214.784
2026-09-02T09:03:46.530289+07:00,c11_sim,502,4.316,212.088,0.000,0.000,0.005,216.409
2026-09-02T09:03:46.667451+07:00,c9_sim,267,2.645,117.277,19.101,0.005,0.015,139.042
2026-09-02T09:03:46.796053+07:00,c9_sim,268,6.312,112.306,15.478,0.004,0.018,134.118
2026-09-02T09:03:46.921275+07:00,c9_sim,269,6.051,109.468,14.881,0.003,0.070,130.474
2026-09-02T09:03:47.170712+07:00,c9_sim,270,6.616,130.942,19.388,0.002,0.011,156.959
2026-09-02T09:03:47.313575+07:00,c9_sim,271,5.255,98.106,13.817,0.003,0.064,117.245
2026-09-02T09:03:47.546286+07:00,c9_sim,272,6.752,122.013,19.530,0.003,0.234,148.534
2026-09-02T09:03:47.714083+07:00,c9_sim,273,5.947,97.004,15.692,0.002,0.058,118.703
2026-09-02T09:03:47.930174+07:00,c9_sim,274,7.932,115.538,18.905,0.002,0.055,142.433
2026-09-02T09:03:48.158737+07:00,c9_sim,275,7.747,126.104,17.841,0.003,0.011,151.707
2026-09-02T09:03:48.325704+07:00,c9_sim,276,5.963,92.196,13.860,0.003,0.058,112.080
2026-09-02T09:03:48.597051+07:00,c9_sim,277,6.220,175.991,18.709,0.004,0.070,200.994
2026-09-02T09:03:48.706665+07:00,c9_sim,278,6.294,95.271,13.576,0.004,0.017,115.161
2026-09-02T09:03:48.940174+07:00,c9_sim,279,7.655,117.793,18.512,0.002,0.011,143.973
2026-09-02T09:03:49.133161+07:00,c9_sim,280,7.641,95.406,17.358,0.005,0.017,120.426
2026-09-02T09:03:49.343380+07:00,c9_sim,281,4.689,92.986,12.641,15.286,0.016,125.619
2026-09-02T09:03:49.527987+07:00,c9_sim,282,5.838,93.653,14.242,15.245,0.013,128.991
2026-09-02T09:03:49.720112+07:00,c9_sim,283,5.684,88.992,12.224,0.004,0.017,106.921
2026-09-02T09:03:49.929222+07:00,c9_sim,284,6.175,112.574,11.458,0.004,0.017,130.228
2026-09-02T09:03:50.172684+07:00,c9_sim,285,6.140,117.162,18.414,16.919,0.011,158.647
2026-09-02T09:03:50.312811+07:00,c9_sim,286,4.441,85.762,11.032,13.905,0.011,115.152
2026-09-02T09:03:50.553388+07:00,c9_sim,287,5.667,107.965,15.162,15.765,0.031,144.591
2026-09-02T09:03:50.728669+07:00,c9_sim,288,4.996,86.768,12.624,15.164,0.011,119.562
2026-09-02T09:03:50.931680+07:00,c9_sim,289,5.396,88.670,13.855,15.066,0.032,123.020
2026-09-02T09:03:51.155611+07:00,c9_sim,290,5.017,115.126,17.965,0.003,0.015,138.127
2026-09-02T09:03:51.317176+07:00,c9_sim,291,6.188,90.477,13.385,0.004,0.072,110.126
2026-09-02T09:03:51.617184+07:00,c9_sim,292,6.534,176.964,19.523,18.758,0.014,221.794
2026-09-02T09:03:51.738290+07:00,c9_sim,293,6.318,93.219,12.836,14.374,0.011,126.759
2026-09-02T09:03:51.938283+07:00,c9_sim,294,4.918,88.048,14.068,15.861,0.011,122.907
2026-09-02T09:03:52.144159+07:00,c9_sim,295,5.078,89.541,13.625,15.928,0.010,124.183
2026-09-02T09:03:52.315361+07:00,c9_sim,296,5.255,87.367,12.878,14.543,0.036,120.078
2026-09-02T09:03:52.618237+07:00,c9_sim,297,5.335,173.995,21.239,18.236,0.012,218.817
2026-09-02T09:03:52.737821+07:00,c9_sim,298,5.675,91.993,12.654,14.349,0.011,124.682
2026-09-02T09:03:52.946302+07:00,c9_sim,299,5.018,89.221,13.824,14.723,0.011,122.797
2026-09-02T09:03:53.115893+07:00,c9_sim,300,4.492,87.152,12.811,14.519,0.012,118.987
2026-09-02T09:03:53.354596+07:00,c9_sim,301,2.620,112.169,17.870,17.700,0.022,150.381
2026-09-02T09:03:53.520902+07:00,c9_sim,302,3.160,88.199,11.734,14.136,0.017,117.245
2026-09-02T09:03:53.716691+07:00,c9_sim,303,5.639,86.717,13.597,14.638,0.037,120.628
2026-09-02T09:03:53.972189+07:00,c9_sim,304,5.493,115.535,17.705,18.749,0.012,157.494
2026-09-02T09:03:54.121052+07:00,c9_sim,305,4.740,90.395,11.895,15.937,0.017,122.984
2026-09-02T09:03:54.321334+07:00,c9_sim,306,5.687,93.023,9.068,11.582,0.049,119.409
2026-09-02T09:03:54.520621+07:00,c9_sim,307,4.603,87.453,8.235,16.940,0.022,117.253
2026-09-02T09:03:54.712976+07:00,c9_sim,308,5.430,87.734,12.596,15.091,0.016,120.867
2026-09-02T09:03:54.914916+07:00,c9_sim,309,5.954,88.569,13.466,14.804,0.016,122.809
2026-09-02T09:03:55.175563+07:00,c9_sim,310,5.597,108.833,18.968,18.427,0.037,151.862
2026-09-02T09:03:55.341094+07:00,c9_sim,311,4.754,87.043,12.531,14.649,0.016,118.992
2026-09-02T09:03:55.541735+07:00,c9_sim,312,4.895,88.338,13.925,15.585,0.017,122.760
2026-09-02T09:03:55.742978+07:00,c9_sim,313,5.074,88.780,14.285,15.952,0.017,124.108
2026-09-02T09:03:55.916887+07:00,c9_sim,314,4.356,86.822,12.831,14.893,0.020,118.922
2026-09-02T09:03:56.157339+07:00,c9_sim,315,2.621,111.012,18.573,20.108,0.021,152.335
2026-09-02T09:03:56.336445+07:00,c9_sim,316,5.626,89.021,14.058,15.230,0.020,123.955
2026-09-02T09:03:56.531926+07:00,c9_sim,317,4.461,87.855,14.155,14.720,0.040,121.230
2026-09-02T09:03:56.829859+07:00,c9_sim,318,4.898,172.429,19.180,18.415,0.050,214.971
2026-09-02T09:03:56.951535+07:00,c9_sim,319,5.874,93.602,12.832,14.565,0.043,126.915
2026-09-02T09:03:57.127101+07:00,c9_sim,320,4.338,87.236,12.813,14.737,0.016,119.139
2026-09-02T09:03:57.328473+07:00,c9_sim,321,5.121,88.270,15.513,15.275,0.036,124.215
2026-09-02T09:03:57.573072+07:00,c9_sim,322,5.421,118.721,19.065,16.020,0.015,159.243
2026-09-02T09:03:57.714602+07:00,c9_sim,323,4.029,86.293,13.755,14.824,0.016,118.918
2026-09-02T09:03:58.015287+07:00,c9_sim,324,5.127,173.695,19.707,16.361,0.016,214.906
2026-09-02T09:03:58.133214+07:00,c9_sim,325,5.672,90.278,12.579,14.452,0.016,122.997
2026-09-02T09:03:58.325908+07:00,c9_sim,326,4.430,86.311,14.221,14.631,0.015,119.609
2026-09-02T09:03:58.517383+07:00,c9_sim,327,5.064,87.580,14.718,15.044,0.015,122.422
2026-09-02T09:03:58.721960+07:00,c9_sim,328,5.736,88.287,13.705,14.844,0.014,122.586
2026-09-02T09:03:58.926897+07:00,c9_sim,329,5.473,88.983,13.997,15.015,0.040,123.507
2026-09-02T09:03:59.121855+07:00,c9_sim,330,6.132,87.988,14.750,14.884,0.042,123.797
2026-09-02T09:03:59.310506+07:00,c9_sim,331,5.052,86.580,14.746,14.925,0.014,121.317
2026-09-02T09:03:59.510483+07:00,c9_sim,332,5.454,88.144,15.629,14.848,0.042,124.118
2026-09-02T09:03:59.738409+07:00,c9_sim,333,5.891,105.098,16.555,15.478,0.015,143.036
2026-09-02T09:03:59.932422+07:00,c9_sim,334,5.088,88.839,14.905,14.958,0.011,123.801
2026-09-02T09:04:00.156107+07:00,c9_sim,335,4.895,105.525,18.407,15.138,0.016,143.982
2026-09-02T09:04:00.325561+07:00,c9_sim,336,4.301,86.269,15.114,14.412,0.049,120.146
2026-09-02T09:04:00.519101+07:00,c9_sim,337,5.141,87.578,13.947,15.181,0.016,121.863
2026-09-02T09:04:00.727705+07:00,c9_sim,338,5.145,88.864,14.177,14.788,0.017,122.991
2026-09-02T09:04:00.928142+07:00,c9_sim,339,5.552,89.051,15.058,15.088,0.013,124.762
2026-09-02T09:04:01.155157+07:00,c9_sim,340,4.307,104.224,16.594,15.306,0.014,140.446
2026-09-02T09:04:01.302010+07:00,c9_sim,341,4.384,86.607,0.000,0.000,0.009,91.000
2026-09-02T09:04:01.540541+07:00,c9_sim,342,8.822,121.171,0.000,0.000,0.014,130.006
2026-09-02T09:04:01.712555+07:00,c9_sim,343,7.806,91.945,0.000,0.000,0.010,99.762
2026-09-02T09:04:01.961394+07:00,c8_sim,129,6.735,112.584,23.260,0.000,0.011,142.590
2026-09-02T09:04:02.124096+07:00,c8_sim,130,8.585,87.835,13.875,0.005,0.178,110.479
2026-09-02T09:04:02.361471+07:00,c8_sim,131,8.323,105.272,11.943,14.137,0.051,139.726
2026-09-02T09:04:02.534292+07:00,c8_sim,132,6.949,85.833,12.891,14.977,0.048,120.697
2026-09-02T09:04:02.717174+07:00,c8_sim,133,7.775,87.454,14.203,0.004,0.192,109.629
2026-09-02T09:04:02.987398+07:00,c8_sim,134,10.026,117.346,17.146,15.837,0.054,160.410
2026-09-02T09:04:03.130145+07:00,c8_sim,135,5.215,85.345,12.188,14.542,0.013,117.303
2026-09-02T09:04:03.368753+07:00,c8_sim,136,7.774,104.522,14.330,15.303,0.012,141.941
2026-09-02T09:04:03.540125+07:00,c8_sim,137,5.528,85.929,12.395,14.939,0.012,118.802
2026-09-02T09:04:03.737926+07:00,c8_sim,138,7.335,86.896,14.035,14.927,0.010,123.202
2026-09-02T09:04:03.946784+07:00,c8_sim,139,7.287,88.960,14.197,14.953,0.011,125.408
2026-09-02T09:04:04.122903+07:00,c8_sim,140,6.717,86.744,12.651,15.017,0.162,121.292
2026-09-02T09:04:04.327341+07:00,c8_sim,141,7.958,89.176,13.206,15.105,0.018,125.463
2026-09-02T09:04:04.527989+07:00,c8_sim,142,7.662,88.203,13.965,15.030,0.011,124.872
2026-09-02T09:04:04.752056+07:00,c8_sim,143,8.513,104.560,14.993,15.234,0.011,143.312
2026-09-02T09:04:04.954288+07:00,c8_sim,144,7.296,88.921,14.579,15.407,0.012,126.216
2026-09-02T09:04:05.152476+07:00,c8_sim,145,11.154,86.760,13.087,15.666,0.013,126.680
2026-09-02T09:04:05.326095+07:00,c8_sim,146,6.886,86.206,11.860,14.839,0.010,119.801
2026-09-02T09:04:05.569402+07:00,c8_sim,147,7.705,108.153,15.138,15.501,0.012,146.509
2026-09-02T09:04:05.756995+07:00,c8_sim,148,6.807,87.733,13.722,14.716,0.014,122.992
2026-09-02T09:04:05.929834+07:00,c8_sim,149,6.760,86.146,12.635,14.744,0.015,120.299
2026-09-02T09:04:06.230818+07:00,c8_sim,150,8.287,174.708,18.922,16.402,0.017,218.337
2026-09-02T09:04:06.350930+07:00,c8_sim,151,8.092,93.535,11.611,14.271,0.016,127.525
2026-09-02T09:04:06.549839+07:00,c8_sim,152,6.911,87.660,13.447,14.969,0.014,123.001
2026-09-02T09:04:06.769106+07:00,c8_sim,153,7.237,102.919,14.739,15.508,0.015,140.418
2026-09-02T09:04:06.927883+07:00,c8_sim,154,5.054,84.759,9.475,12.807,0.014,112.109
2026-09-02T09:04:07.187371+07:00,c8_sim,155,8.175,114.789,15.660,16.458,0.016,155.097
2026-09-02T09:04:07.327762+07:00,c8_sim,156,5.551,86.419,9.983,13.367,0.013,115.333
2026-09-02T09:04:07.550642+07:00,c8_sim,157,8.028,102.990,13.742,15.349,0.016,140.125
2026-09-02T09:04:07.696983+07:00,c8_sim,158,7.115,86.112,0.000,0.000,0.010,93.237
2026-09-02T09:04:07.999019+07:00,c8_sim,159,11.865,121.575,18.911,16.037,0.015,168.402
2026-09-02T09:04:08.125941+07:00,c8_sim,160,4.798,85.522,7.211,11.611,0.017,109.158
2026-09-02T09:04:08.322385+07:00,c8_sim,161,5.086,87.932,0.000,0.000,0.022,93.041
2026-09-02T09:04:08.526818+07:00,c8_sim,162,10.073,96.080,0.000,0.000,0.013,106.166
2026-09-02T09:04:08.739854+07:00,c8_sim,163,8.986,112.260,0.000,0.000,0.013,121.258
2026-09-02T09:04:08.921075+07:00,c8_sim,164,10.551,93.333,0.000,0.000,0.013,103.897
2026-09-02T09:04:09.157219+07:00,c8_sim,165,10.860,123.574,0.000,0.000,0.013,134.448
2026-09-02T09:04:09.336282+07:00,c8_sim,166,11.100,94.146,0.000,0.000,0.013,105.259
2026-09-02T09:04:09.511785+07:00,c8_sim,167,11.229,92.075,0.000,0.000,0.012,103.316
2026-09-02T09:04:09.740769+07:00,c8_sim,168,7.201,117.376,0.000,0.000,0.014,124.591
2026-09-02T09:04:09.920586+07:00,c8_sim,169,10.972,95.539,0.000,0.000,0.015,106.526
2026-09-02T09:04:10.140601+07:00,c8_sim,170,11.236,119.868,0.000,0.000,0.013,131.116
2026-09-02T09:04:10.312499+07:00,c8_sim,171,11.306,92.437,0.000,0.000,0.009,103.752
2026-09-02T09:04:10.541670+07:00,c8_sim,172,9.660,120.405,0.000,0.000,0.014,130.079
2026-09-02T09:04:10.706198+07:00,c8_sim,173,10.844,91.710,0.000,0.000,0.013,102.567
2026-09-02T09:04:10.936998+07:00,c8_sim,174,10.045,121.936,0.000,0.000,0.013,131.994
2026-09-02T09:04:11.122660+07:00,c8_sim,175,10.750,97.446,0.000,0.000,0.397,108.594
2026-09-02T09:04:11.337273+07:00,c8_sim,176,8.233,109.736,0.000,0.000,0.016,117.985
2026-09-02T09:04:11.508416+07:00,c8_sim,177,9.469,91.719,0.000,0.000,0.007,101.194
2026-09-02T09:04:11.736322+07:00,c8_sim,178,11.313,120.348,0.000,0.000,0.007,131.669
2026-09-02T09:04:11.908691+07:00,c8_sim,179,9.589,91.686,0.000,0.000,0.007,101.282
2026-09-02T09:04:12.141695+07:00,c8_sim,180,10.202,120.294,0.000,0.000,0.007,130.504
2026-09-02T09:04:12.314570+07:00,c8_sim,181,9.821,90.277,0.000,0.000,0.006,100.104
2026-09-02T09:04:12.541883+07:00,c8_sim,182,9.509,120.485,0.000,0.000,0.008,130.003
2026-09-02T09:04:12.712612+07:00,c8_sim,183,13.044,91.618,0.000,0.000,0.008,104.670
2026-09-02T09:04:12.939440+07:00,c8_sim,184,9.921,122.416,0.000,0.000,0.009,132.345
2026-09-02T09:04:13.108969+07:00,c8_sim,185,9.514,92.372,0.000,0.000,0.007,101.894
2026-09-02T09:04:13.322684+07:00,c8_sim,186,10.968,110.893,0.000,0.000,0.007,121.868
2026-09-02T09:04:13.540625+07:00,c8_sim,187,10.098,120.983,0.000,0.000,0.007,131.088
2026-09-02T09:04:13.755160+07:00,c8_sim,188,10.905,117.743,0.000,0.000,0.008,128.656
2026-09-02T09:04:13.955503+07:00,c10_sim,124,7.498,93.218,25.199,0.000,0.015,125.931
2026-09-02T09:04:14.194940+07:00,c10_sim,125,7.697,116.549,19.717,17.273,0.061,161.297
2026-09-02T09:04:14.357562+07:00,c10_sim,126,5.120,85.633,12.422,14.695,0.047,117.916
2026-09-02T09:04:14.547282+07:00,c10_sim,127,7.312,86.519,14.437,15.124,0.052,123.444
2026-09-02T09:04:14.769462+07:00,c10_sim,128,6.954,104.999,14.933,15.475,0.053,142.415
2026-09-02T09:04:14.944953+07:00,c10_sim,129,5.670,86.201,13.416,15.130,0.011,120.428
2026-09-02T09:04:15.167826+07:00,c10_sim,130,5.465,103.650,14.584,15.208,0.013,138.919
2026-09-02T09:04:15.366703+07:00,c10_sim,131,6.006,86.640,14.122,14.663,0.012,121.443
2026-09-02T09:04:15.533784+07:00,c10_sim,132,5.260,85.607,12.890,14.849,0.014,118.620
2026-09-02T09:04:15.805260+07:00,c10_sim,133,6.494,117.560,16.384,16.590,0.014,157.043
2026-09-02T09:04:15.947578+07:00,c10_sim,134,4.560,85.416,11.876,14.339,0.011,116.203
2026-09-02T09:04:16.249421+07:00,c10_sim,135,6.315,175.146,19.686,17.206,0.015,218.367
2026-09-02T09:04:16.363940+07:00,c10_sim,136,6.640,92.661,6.586,14.043,0.604,120.534
2026-09-02T09:04:16.553516+07:00,c10_sim,137,4.543,88.638,12.990,16.150,0.085,122.406
2026-09-02T09:04:16.753131+07:00,c10_sim,138,6.985,87.416,12.923,15.601,0.013,122.937
2026-09-02T09:04:16.938813+07:00,c10_sim,139,6.432,87.970,13.818,0.005,0.217,108.441
2026-09-02T09:04:17.206868+07:00,c10_sim,140,8.114,122.749,18.351,16.410,0.013,165.638
2026-09-02T09:04:17.349584+07:00,c10_sim,141,4.954,85.638,11.947,14.456,0.012,117.006
2026-09-02T09:04:17.632021+07:00,c10_sim,142,6.303,173.860,20.388,0.005,0.017,200.573
2026-09-02T09:04:17.746863+07:00,c10_sim,143,7.081,99.373,14.486,0.005,0.019,120.963
2026-09-02T09:04:17.957429+07:00,c10_sim,144,8.166,109.313,18.098,0.003,0.011,135.590
2026-09-02T09:04:18.177032+07:00,c10_sim,145,8.367,119.065,18.559,0.003,0.012,146.007
2026-09-02T09:04:18.330213+07:00,c10_sim,146,6.652,88.095,14.087,0.005,0.020,108.858
2026-09-02T09:04:18.569823+07:00,c10_sim,147,8.214,123.666,13.625,0.003,0.118,145.625
2026-09-02T09:04:18.749415+07:00,c10_sim,148,8.244,90.575,17.309,0.003,0.012,116.143
2026-09-02T09:04:18.973968+07:00,c10_sim,149,7.883,124.428,18.525,0.003,0.008,150.847
2026-09-02T09:04:19.191993+07:00,c10_sim,150,7.626,117.938,17.449,0.002,0.008,143.023
2026-09-02T09:04:19.339620+07:00,c10_sim,151,6.658,87.334,0.000,0.000,0.009,94.001
2026-09-02T09:04:19.571675+07:00,c10_sim,152,11.100,116.345,0.000,0.000,0.015,127.460
2026-09-02T09:04:19.758707+07:00,c10_sim,153,11.066,92.188,17.874,0.004,0.062,121.194
2026-09-02T09:04:19.987701+07:00,c12_sim,39,6.148,92.218,26.849,15.465,0.146,140.827
2026-09-02T09:04:20.162079+07:00,c12_sim,40,6.853,86.518,11.865,15.251,0.061,120.548
2026-09-02T09:04:20.357527+07:00,c12_sim,41,6.201,87.142,12.740,15.193,0.012,121.288
2026-09-02T09:04:20.561058+07:00,c12_sim,42,7.049,88.191,12.872,14.891,0.009,123.012
2026-09-02T09:04:20.847100+07:00,c12_sim,43,5.940,176.453,18.605,0.006,0.020,201.024
2026-09-02T09:04:20.944823+07:00,c12_sim,44,6.393,97.498,0.000,0.000,0.011,103.902
2026-09-02T09:04:21.173196+07:00,c12_sim,45,10.054,115.961,0.000,0.000,0.014,126.029
2026-09-02T09:04:21.342536+07:00,c12_sim,46,9.174,92.542,0.000,0.000,0.012,101.728
2026-09-02T09:04:21.557814+07:00,c12_sim,47,8.382,116.577,0.000,0.000,0.013,124.971
2026-09-02T09:04:21.770986+07:00,c12_sim,48,6.288,113.635,0.000,0.000,0.013,119.936
2026-09-02T09:04:21.964212+07:00,c11_sim,503,7.936,90.916,18.099,0.000,0.015,116.966
2026-09-02T09:04:22.190259+07:00,c11_sim,504,9.009,120.531,0.000,0.000,0.012,129.552
2026-09-02T09:04:22.374129+07:00,c11_sim,505,10.000,92.977,14.937,0.005,0.084,118.003
2026-09-02T09:04:22.607439+07:00,c11_sim,506,8.774,115.872,19.012,0.003,0.011,143.673
2026-09-02T09:04:22.765264+07:00,c11_sim,507,7.300,89.318,13.548,0.004,0.089,110.259
2026-09-02T09:04:22.989907+07:00,c11_sim,508,8.147,118.099,17.900,0.003,0.013,144.162
2026-09-02T09:04:23.207539+07:00,c11_sim,509,8.567,123.640,17.971,0.002,0.069,150.249
2026-09-02T09:04:23.388013+07:00,c11_sim,510,6.713,89.395,14.119,16.556,0.034,126.818
2026-09-02T09:04:23.593767+07:00,c11_sim,511,6.650,89.272,14.270,15.367,0.011,125.570
2026-09-02T09:04:23.757748+07:00,c11_sim,512,5.712,86.031,11.255,14.598,0.012,117.609
2026-09-02T09:04:23.950841+07:00,c11_sim,513,5.713,88.043,13.029,0.003,0.217,107.005
2026-09-02T09:04:24.208389+07:00,c11_sim,514,10.265,112.224,18.315,17.651,0.016,158.471
2026-09-02T09:04:24.385113+07:00,c11_sim,515,6.296,86.944,13.724,15.295,0.011,122.269
2026-09-02T09:04:24.583267+07:00,c11_sim,516,6.352,88.097,14.671,16.063,0.031,125.214
2026-09-02T09:04:24.757344+07:00,c11_sim,517,6.540,86.653,12.834,14.622,0.027,120.674
2026-09-02T09:04:25.005565+07:00,c11_sim,518,6.753,105.749,17.057,16.569,0.030,146.158
2026-09-02T09:04:25.174411+07:00,c11_sim,519,5.738,86.662,12.382,15.109,0.010,119.901
2026-09-02T09:04:25.371243+07:00,c11_sim,520,7.208,87.300,13.372,16.687,0.010,124.577
2026-09-02T09:04:25.562660+07:00,c11_sim,521,6.390,86.656,13.615,15.090,0.011,121.762
2026-09-02T09:04:25.819948+07:00,c11_sim,522,6.005,116.720,18.055,16.791,0.012,157.582
2026-09-02T09:04:25.995065+07:00,c11_sim,523,5.973,87.678,13.381,14.946,0.009,121.986
2026-09-02T09:04:26.169758+07:00,c11_sim,524,6.453,87.719,13.161,15.417,0.028,122.778
2026-09-02T09:04:26.377029+07:00,c11_sim,525,7.631,87.411,13.854,15.181,0.029,124.107
2026-09-02T09:04:26.577259+07:00,c11_sim,526,7.145,88.402,13.776,15.044,0.028,124.396
2026-09-02T09:04:26.804106+07:00,c11_sim,527,6.335,103.409,16.279,16.345,0.027,142.396
2026-09-02T09:04:26.971042+07:00,c11_sim,528,6.312,86.712,13.463,14.935,0.015,121.437
2026-09-02T09:04:27.174897+07:00,c11_sim,529,7.503,88.424,15.212,15.847,0.013,127.000
2026-09-02T09:04:27.371670+07:00,c11_sim,530,7.451,87.693,13.766,14.941,0.015,123.866
2026-09-02T09:04:27.576000+07:00,c11_sim,531,6.770,88.282,13.272,15.146,0.035,123.505
2026-09-02T09:04:27.772856+07:00,c11_sim,532,7.151,87.261,13.342,15.017,0.032,122.803
2026-09-02T09:04:27.974522+07:00,c11_sim,533,6.968,87.747,12.567,14.312,0.036,121.631
2026-09-02T09:04:28.173565+07:00,c11_sim,534,6.756,87.778,14.039,15.812,0.034,124.418
2026-09-02T09:04:28.374585+07:00,c11_sim,535,7.229,87.116,14.116,16.839,0.013,125.314
2026-09-02T09:04:28.572268+07:00,c11_sim,536,6.477,87.207,13.204,15.184,0.015,122.086
2026-09-02T09:04:28.778217+07:00,c11_sim,537,7.482,88.011,14.455,15.444,0.041,125.432
2026-09-02T09:04:29.024431+07:00,c11_sim,538,7.023,107.589,18.458,16.834,0.013,149.916
2026-09-02T09:04:29.194636+07:00,c11_sim,539,5.689,88.211,13.536,15.525,0.041,123.002
2026-09-02T09:04:29.370326+07:00,c11_sim,540,5.600,87.092,12.403,15.449,0.014,120.558
2026-09-02T09:04:29.571240+07:00,c11_sim,541,7.489,88.317,14.328,15.557,0.014,125.704
2026-09-02T09:04:29.776431+07:00,c11_sim,542,7.369,87.553,14.620,15.289,0.054,124.886
2026-09-02T09:04:30.006767+07:00,c11_sim,543,6.578,104.916,17.836,16.738,0.015,146.083
2026-09-02T09:04:30.177119+07:00,c11_sim,544,6.658,87.674,13.831,15.355,0.014,123.532
2026-09-02T09:04:30.482476+07:00,c11_sim,545,6.516,175.041,20.114,19.126,0.059,220.856
2026-09-02T09:04:30.607534+07:00,c11_sim,546,9.096,96.605,13.139,14.633,0.014,133.487
2026-09-02T09:04:30.783130+07:00,c11_sim,547,5.288,86.860,12.553,15.384,0.055,120.140
2026-09-02T09:04:31.020983+07:00,c11_sim,548,6.486,113.106,17.066,16.832,0.053,153.543
2026-09-02T09:04:31.164573+07:00,c11_sim,549,5.077,86.129,12.131,14.637,0.015,117.988
2026-09-02T09:04:31.419137+07:00,c11_sim,550,7.141,114.637,16.109,15.858,0.015,153.761
2026-09-02T09:04:31.562171+07:00,c11_sim,551,4.946,85.798,12.085,14.492,0.017,117.338
2026-09-02T09:04:31.799066+07:00,c11_sim,552,7.142,109.661,14.012,0.000,0.015,130.830
2026-09-02T09:04:31.976886+07:00,c11_sim,553,6.912,88.153,13.484,15.303,0.064,123.916
2026-09-02T09:04:32.199611+07:00,c11_sim,554,6.362,103.022,13.867,15.037,0.011,138.300
2026-09-02T09:04:32.377023+07:00,c11_sim,555,5.630,87.240,13.712,15.662,0.012,122.256
2026-09-02T09:04:32.608041+07:00,c11_sim,556,7.055,104.452,18.441,17.305,0.010,147.263
2026-09-02T09:04:32.770067+07:00,c11_sim,557,6.308,87.173,14.051,0.004,0.018,107.555
2026-09-02T09:04:32.991070+07:00,c11_sim,558,8.081,117.386,17.942,0.003,0.013,143.425
2026-09-02T09:04:33.161372+07:00,c11_sim,559,7.516,90.697,16.178,0.003,0.012,114.406
2026-09-02T09:04:33.352233+07:00,c11_sim,560,6.009,87.104,0.000,0.000,0.013,93.126
2026-09-02T09:04:33.570127+07:00,c11_sim,561,10.559,116.541,0.000,0.000,0.015,127.115
2026-09-02T09:04:33.787609+07:00,c11_sim,562,9.490,117.584,0.000,0.000,0.014,127.087
2026-09-02T09:04:33.974486+07:00,c11_sim,563,7.479,90.155,18.201,0.000,0.014,115.849
2026-09-02T09:04:34.208496+07:00,c11_sim,564,9.095,110.816,18.021,17.482,0.059,155.472
2026-09-02T09:04:34.355056+07:00,c11_sim,565,5.653,86.787,12.725,0.005,0.181,105.351
2026-09-02T09:04:34.679525+07:00,c11_sim,566,7.462,174.151,19.126,17.811,0.177,218.726
2026-09-02T09:04:34.800926+07:00,c11_sim,567,6.675,93.953,11.953,14.843,0.017,127.441
2026-09-02T09:04:34.973251+07:00,c11_sim,568,5.555,86.546,12.230,12.747,0.011,117.089
2026-09-02T09:04:35.182889+07:00,c11_sim,569,6.154,88.719,15.161,16.441,0.010,126.485
2026-09-02T09:04:35.380694+07:00,c11_sim,570,6.185,87.647,13.091,15.401,0.010,122.333
2026-09-02T09:04:35.602327+07:00,c11_sim,571,6.478,104.855,14.995,15.886,0.060,142.274
2026-09-02T09:04:35.772887+07:00,c11_sim,572,6.056,86.567,12.494,15.269,0.012,120.398
2026-09-02T09:04:35.981376+07:00,c11_sim,573,7.342,88.575,13.459,15.627,0.012,125.015
2026-09-02T09:04:36.281245+07:00,c11_sim,574,6.991,172.034,19.041,17.622,0.194,215.883
2026-09-02T09:04:36.399374+07:00,c11_sim,575,7.174,90.952,11.628,14.907,0.013,124.674
2026-09-02T09:04:36.566566+07:00,c11_sim,576,5.625,86.233,12.394,14.958,0.011,119.221
2026-09-02T09:04:36.774903+07:00,c11_sim,577,6.311,87.731,14.054,15.684,0.053,123.833
2026-09-02T09:04:36.974215+07:00,c11_sim,578,7.008,87.872,13.894,15.356,0.046,124.177
2026-09-02T09:04:37.183948+07:00,c11_sim,579,7.462,89.052,14.148,15.742,0.011,126.416
2026-09-02T09:04:37.387075+07:00,c11_sim,580,6.480,87.776,13.951,15.346,0.011,123.564
2026-09-02T09:04:37.592694+07:00,c11_sim,581,6.163,87.541,13.235,14.917,0.016,121.871
2026-09-02T09:04:37.817365+07:00,c11_sim,582,6.139,103.686,14.895,15.361,0.016,140.096
2026-09-02T09:04:37.993693+07:00,c11_sim,583,5.196,87.026,13.045,15.470,0.016,120.753
2026-09-02T09:04:38.196260+07:00,c11_sim,584,6.993,89.025,14.920,15.689,0.016,126.643
2026-09-02T09:04:38.364688+07:00,c11_sim,585,5.667,86.916,12.285,15.010,0.015,119.894
2026-09-02T09:04:38.623555+07:00,c11_sim,586,7.484,111.637,18.714,17.165,0.015,155.015
2026-09-02T09:04:38.769560+07:00,c11_sim,587,5.382,86.555,13.324,15.155,0.014,120.429
2026-09-02T09:04:39.020334+07:00,c11_sim,588,7.022,109.453,17.002,16.406,0.016,149.899
2026-09-02T09:04:39.193347+07:00,c11_sim,589,5.925,87.715,13.651,15.343,0.011,122.645
2026-09-02T09:04:39.397707+07:00,c11_sim,590,6.291,88.157,13.937,15.189,0.016,123.590
2026-09-02T09:04:39.598713+07:00,c11_sim,591,5.929,88.086,13.985,15.421,0.012,123.433
2026-09-02T09:04:39.796147+07:00,c11_sim,592,6.210,88.630,13.950,15.226,0.014,124.030
2026-09-02T09:04:39.972260+07:00,c11_sim,593,6.351,87.141,13.193,15.040,0.012,121.737
2026-09-02T09:04:40.171405+07:00,c11_sim,594,6.947,88.210,14.900,15.658,0.016,125.731
2026-09-02T09:04:40.379079+07:00,c11_sim,595,6.953,88.205,13.516,15.681,0.015,124.370
2026-09-02T09:04:40.577668+07:00,c11_sim,596,6.678,88.022,14.517,15.993,0.018,125.228
2026-09-02T09:04:40.778512+07:00,c11_sim,597,7.187,88.527,14.105,15.704,0.015,125.538
2026-09-02T09:04:40.977456+07:00,c11_sim,598,7.218,88.386,13.540,15.500,0.016,124.660
2026-09-02T09:04:41.207292+07:00,c11_sim,599,7.133,103.844,18.146,17.067,0.011,146.201
2026-09-02T09:04:41.383511+07:00,c11_sim,600,6.643,87.740,13.192,15.059,0.012,122.646
2026-09-02T09:04:41.587403+07:00,c11_sim,601,7.283,87.759,14.531,15.625,0.016,125.215
2026-09-02T09:04:41.778711+07:00,c11_sim,602,7.107,86.616,12.511,14.221,0.015,120.470
2026-09-02T09:04:41.979167+07:00,c11_sim,603,6.518,88.017,13.890,15.253,0.014,123.693
2026-09-02T09:04:42.181998+07:00,c11_sim,604,5.040,88.938,13.370,15.561,0.016,122.924
2026-09-02T09:04:42.381832+07:00,c11_sim,605,6.455,88.334,13.134,15.376,0.017,123.317
2026-09-02T09:04:42.681439+07:00,c11_sim,606,6.562,171.573,20.099,18.245,0.017,216.496
2026-09-02T09:04:42.800241+07:00,c11_sim,607,7.438,90.947,12.549,14.624,0.014,125.572
2026-09-02T09:04:42.973703+07:00,c11_sim,608,5.719,86.179,11.855,14.732,0.014,118.499
2026-09-02T09:04:43.182767+07:00,c11_sim,609,7.350,89.095,13.835,15.338,0.014,125.632
2026-09-02T09:04:43.381291+07:00,c11_sim,610,6.580,87.061,13.745,15.175,0.015,122.576
2026-09-02T09:04:43.682240+07:00,c11_sim,611,6.578,173.852,20.263,18.449,0.019,219.161
2026-09-02T09:04:43.804115+07:00,c11_sim,612,7.613,95.942,10.291,14.948,0.018,128.811
2026-09-02T09:04:43.977907+07:00,c11_sim,613,6.058,87.198,13.146,15.344,0.014,121.761
2026-09-02T09:04:44.204196+07:00,c11_sim,614,7.151,103.424,16.077,16.041,0.013,142.707
2026-09-02T09:04:44.380811+07:00,c11_sim,615,5.761,87.194,13.515,15.106,0.015,121.590
2026-09-02T09:04:44.582449+07:00,c11_sim,616,7.329,88.286,15.286,16.075,0.017,126.992
2026-09-02T09:04:44.781880+07:00,c11_sim,617,7.277,88.176,13.549,15.143,0.016,124.162
2026-09-02T09:04:45.087206+07:00,c11_sim,618,6.560,176.030,20.011,18.918,0.023,221.542
2026-09-02T09:04:45.207610+07:00,c11_sim,619,8.794,93.584,11.354,14.697,0.015,128.443
2026-09-02T09:04:45.383261+07:00,c11_sim,620,5.354,87.277,12.487,15.124,0.014,120.255
2026-09-02T09:04:45.583784+07:00,c11_sim,621,7.235,88.165,13.652,15.228,0.016,124.296
2026-09-02T09:04:45.791019+07:00,c11_sim,622,6.471,88.424,13.514,14.872,0.014,123.295
2026-09-02T09:04:45.992763+07:00,c11_sim,623,6.528,88.358,13.635,15.284,0.013,123.818
2026-09-02T09:04:46.195319+07:00,c11_sim,624,6.894,88.718,14.033,15.134,0.015,124.794
2026-09-02T09:04:46.369824+07:00,c11_sim,625,6.067,85.471,12.113,16.178,0.016,119.845
2026-09-02T09:04:46.575254+07:00,c11_sim,626,6.774,88.096,14.608,15.983,0.017,125.478
2026-09-02T09:04:46.882242+07:00,c11_sim,627,6.514,178.157,20.124,18.417,0.019,223.231
2026-09-02T09:04:47.005759+07:00,c11_sim,628,7.774,95.897,12.531,14.456,0.014,130.672
2026-09-02T09:04:47.177024+07:00,c11_sim,629,5.570,86.311,12.487,14.836,0.013,119.217
2026-09-02T09:04:47.378829+07:00,c11_sim,630,6.559,87.504,13.426,15.301,0.014,122.805
2026-09-02T09:04:47.582684+07:00,c11_sim,631,7.189,88.334,14.103,15.168,0.018,124.812
2026-09-02T09:04:47.882535+07:00,c11_sim,632,7.574,176.903,19.746,18.147,0.015,222.385
2026-09-02T09:04:47.992088+07:00,c11_sim,633,7.900,96.385,12.508,0.003,0.011,116.807
2026-09-02T09:04:48.155693+07:00,c11_sim,634,7.440,88.921,13.844,0.003,0.016,110.224
2026-09-02T09:04:48.405115+07:00,c11_sim,635,8.036,121.332,18.442,0.003,0.011,147.824
2026-09-02T09:04:48.566292+07:00,c11_sim,636,7.420,90.074,13.278,0.004,0.013,110.790
2026-09-02T09:04:48.808871+07:00,c11_sim,637,8.324,111.556,18.416,0.003,0.014,138.314
2026-09-02T09:04:48.972933+07:00,c11_sim,638,7.382,90.469,17.836,0.002,0.010,115.700
2026-09-02T09:04:49.220767+07:00,c11_sim,639,9.311,121.846,17.866,0.002,0.007,149.032
2026-09-02T09:04:49.350615+07:00,c11_sim,640,8.092,86.838,12.281,0.003,0.019,107.233
2026-09-02T09:04:49.602796+07:00,c11_sim,641,7.570,119.414,10.818,0.004,0.014,137.819
2026-09-02T09:04:49.768426+07:00,c11_sim,642,6.012,91.519,13.174,0.004,0.019,110.729
2026-09-02T09:04:50.023359+07:00,c11_sim,643,8.508,125.354,17.967,0.002,0.009,151.841
2026-09-02T09:04:50.170382+07:00,c11_sim,644,7.645,87.180,7.307,0.002,0.007,102.141
2026-09-02T09:04:50.386666+07:00,c11_sim,645,5.974,105.941,0.000,0.000,0.011,111.925
2026-09-02T09:04:50.567200+07:00,c11_sim,646,10.235,90.862,13.885,0.003,0.017,115.002
2026-09-02T09:04:50.804479+07:00,c11_sim,647,8.274,120.689,0.000,0.000,0.014,128.977
2026-09-02T09:04:50.967686+07:00,c11_sim,648,9.517,93.183,0.000,0.000,0.011,102.712
2026-09-02T09:04:51.188055+07:00,c11_sim,649,10.341,120.813,0.000,0.000,0.011,131.165
2026-09-02T09:04:51.341932+07:00,c11_sim,650,8.360,91.004,0.000,0.000,0.010,99.374
2026-09-02T09:04:51.603622+07:00,c11_sim,651,9.632,123.660,0.000,0.000,0.011,133.303
2026-09-02T09:04:51.767733+07:00,c11_sim,652,10.076,92.734,0.000,0.000,0.011,102.821
2026-09-02T09:04:51.964617+07:00,c12_sim,49,4.873,87.123,13.355,0.000,0.012,105.363
2026-09-02T09:04:52.237892+07:00,c12_sim,50,8.941,119.003,18.598,18.150,0.166,164.859
2026-09-02T09:04:52.360813+07:00,c12_sim,51,4.995,92.733,0.000,0.000,0.016,97.744
2026-09-02T09:04:52.605342+07:00,c12_sim,52,8.561,116.082,0.000,0.000,0.015,124.657
2026-09-02T09:04:52.776048+07:00,c12_sim,53,8.879,92.942,0.000,0.000,0.012,101.833
2026-09-02T09:04:53.006595+07:00,c12_sim,54,8.852,121.621,0.000,0.000,0.012,130.485
2026-09-02T09:04:53.174005+07:00,c12_sim,55,8.888,93.519,0.000,0.000,0.011,102.418
2026-09-02T09:04:53.422175+07:00,c12_sim,56,9.399,117.451,18.497,0.000,0.017,145.364
2026-09-02T09:04:53.562025+07:00,c12_sim,57,6.366,89.058,0.000,0.000,0.013,95.436
2026-09-02T09:04:53.788969+07:00,c12_sim,58,10.203,118.884,0.000,0.000,0.273,129.359
2026-09-02T09:04:53.964336+07:00,c12_sim,59,5.848,89.136,0.000,0.000,0.017,95.001
2026-09-02T09:04:54.202323+07:00,c12_sim,60,9.423,113.206,0.000,0.000,0.011,122.641
2026-09-02T09:04:54.367327+07:00,c12_sim,61,6.898,94.136,0.000,0.000,0.010,101.044
2026-09-02T09:04:54.626342+07:00,c10_sim,154,8.276,113.663,20.417,0.000,0.019,142.375
2026-09-02T09:04:54.791408+07:00,c10_sim,155,8.498,89.802,14.052,0.005,0.282,112.639
2026-09-02T09:04:55.023217+07:00,c10_sim,156,7.900,123.771,18.181,0.003,0.011,149.865
2026-09-02T09:04:55.183995+07:00,c10_sim,157,7.160,87.396,12.476,0.004,0.018,107.055
2026-09-02T09:04:55.438925+07:00,c10_sim,158,7.432,115.547,17.783,18.279,0.011,159.052
2026-09-02T09:04:55.605879+07:00,c10_sim,159,5.226,86.309,13.011,15.678,0.012,120.235
2026-09-02T09:04:55.802782+07:00,c10_sim,160,6.122,88.278,13.307,15.647,0.015,123.368
2026-09-02T09:04:56.013415+07:00,c10_sim,161,8.276,89.591,13.810,16.349,0.012,128.039
2026-09-02T09:04:56.203654+07:00,c10_sim,162,6.260,88.314,13.617,15.977,0.012,124.179
2026-09-02T09:04:56.406951+07:00,c10_sim,163,6.778,87.684,13.558,15.638,0.012,123.670
2026-09-02T09:04:56.615938+07:00,c10_sim,164,6.525,89.486,14.121,16.168,0.019,126.319
2026-09-02T09:04:56.810434+07:00,c10_sim,165,6.291,88.358,13.183,15.840,0.136,123.808
2026-09-02T09:04:57.014171+07:00,c10_sim,166,6.626,88.394,14.552,16.060,0.026,125.658
2026-09-02T09:04:57.215178+07:00,c10_sim,167,6.277,87.919,13.912,15.668,0.011,123.787
2026-09-02T09:04:57.391388+07:00,c10_sim,168,5.522,87.092,12.855,15.493,0.014,120.976
2026-09-02T09:04:57.657264+07:00,c10_sim,169,5.850,119.995,18.714,17.218,0.010,161.787
2026-09-02T09:04:57.803653+07:00,c10_sim,170,5.352,86.789,13.072,15.827,0.010,121.049
2026-09-02T09:04:58.056291+07:00,c10_sim,171,6.643,111.887,19.555,17.856,0.013,155.954
2026-09-02T09:04:58.200937+07:00,c10_sim,172,5.501,86.124,13.006,14.852,0.011,119.495
2026-09-02T09:04:58.409041+07:00,c10_sim,173,5.869,87.755,14.105,15.430,0.010,123.169
2026-09-02T09:04:58.633664+07:00,c10_sim,174,6.461,104.762,13.740,15.505,0.015,140.482
2026-09-02T09:04:58.808805+07:00,c10_sim,175,5.486,86.611,12.468,15.086,0.038,119.690
2026-09-02T09:04:59.007433+07:00,c10_sim,176,6.184,87.965,14.431,15.677,0.017,124.274
2026-09-02T09:04:59.195349+07:00,c11_sim,653,6.364,87.652,16.152,0.000,0.015,110.183
2026-09-02T09:04:59.420214+07:00,c11_sim,654,9.089,108.052,15.509,0.004,0.235,132.888
2026-09-02T09:04:59.638641+07:00,c11_sim,655,7.598,120.607,18.019,0.003,0.224,146.451
2026-09-02T09:04:59.856944+07:00,c11_sim,656,8.145,116.137,18.962,0.003,0.010,143.256
2026-09-02T09:05:00.005762+07:00,c11_sim,657,7.603,90.043,0.000,0.000,0.013,97.659
2026-09-02T09:05:00.226814+07:00,c11_sim,658,9.021,90.445,17.477,0.004,0.236,117.182
2026-09-02T09:05:00.472419+07:00,c11_sim,659,6.574,118.174,19.069,18.871,0.013,162.701
2026-09-02T09:05:00.608996+07:00,c11_sim,660,5.073,86.111,12.667,15.026,0.013,118.891
2026-09-02T09:05:00.834977+07:00,c11_sim,661,7.011,104.678,14.361,15.656,0.123,141.829
2026-09-02T09:05:01.005556+07:00,c11_sim,662,5.607,87.061,12.217,15.393,0.020,120.298
2026-09-02T09:05:01.213530+07:00,c11_sim,663,7.289,87.187,14.600,15.345,0.012,124.433
2026-09-02T09:05:01.518171+07:00,c11_sim,664,6.754,174.127,22.378,18.423,0.013,221.694
2026-09-02T09:05:01.641780+07:00,c11_sim,665,7.833,95.797,12.354,14.832,0.012,130.828
2026-09-02T09:05:01.807217+07:00,c11_sim,666,5.544,85.802,11.879,14.836,0.010,118.072
2026-09-02T09:05:02.055953+07:00,c11_sim,667,7.122,107.147,18.100,16.741,0.011,149.121
2026-09-02T09:05:02.233615+07:00,c11_sim,668,6.003,87.932,14.246,15.206,0.010,123.397
2026-09-02T09:05:02.408597+07:00,c11_sim,669,5.483,86.638,12.433,15.163,0.012,119.729
2026-09-02T09:05:02.604172+07:00,c11_sim,670,7.060,87.044,13.335,15.580,0.011,123.030
2026-09-02T09:05:02.867690+07:00,c11_sim,671,7.423,118.913,16.835,16.545,0.011,159.727
2026-09-02T09:05:03.009705+07:00,c11_sim,672,5.093,85.778,12.779,14.761,0.008,118.418
2026-09-02T09:05:03.237438+07:00,c11_sim,673,6.807,104.037,16.951,15.944,0.010,143.750
2026-09-02T09:05:03.413009+07:00,c11_sim,674,5.942,86.391,13.216,15.215,0.012,120.776
2026-09-02T09:05:03.635358+07:00,c11_sim,675,6.306,105.030,15.037,15.703,0.014,142.090
2026-09-02T09:05:03.824903+07:00,c11_sim,676,6.210,87.875,13.529,15.517,0.013,123.144
2026-09-02T09:05:04.024176+07:00,c11_sim,677,6.440,88.140,14.239,15.090,0.014,123.923
2026-09-02T09:05:04.231704+07:00,c11_sim,678,6.563,88.614,14.658,15.305,0.014,125.153
2026-09-02T09:05:04.406779+07:00,c11_sim,679,5.662,86.779,12.481,15.038,0.014,119.974
2026-09-02T09:05:04.616017+07:00,c11_sim,680,7.309,88.118,14.567,15.719,0.019,125.731
2026-09-02T09:05:04.851123+07:00,c11_sim,681,7.040,112.770,16.279,15.929,0.014,152.032
2026-09-02T09:05:05.021956+07:00,c11_sim,682,5.561,86.446,12.469,14.863,0.014,119.353
2026-09-02T09:05:05.232771+07:00,c11_sim,683,6.395,88.833,15.545,15.712,0.013,126.498
2026-09-02T09:05:05.408790+07:00,c11_sim,684,5.970,87.404,12.485,15.390,0.015,121.265
2026-09-02T09:05:05.619196+07:00,c11_sim,685,5.953,89.298,15.947,15.593,0.016,126.808
2026-09-02T09:05:05.817718+07:00,c11_sim,686,7.425,88.406,13.605,15.090,0.014,124.539
2026-09-02T09:05:06.024607+07:00,c11_sim,687,7.081,88.223,14.545,15.171,0.014,125.035
2026-09-02T09:05:06.213285+07:00,c11_sim,688,6.889,88.251,14.224,0.004,0.014,109.381
2026-09-02T09:05:06.416901+07:00,c11_sim,689,7.155,108.376,12.705,0.004,0.013,128.252
2026-09-02T09:05:06.637076+07:00,c11_sim,690,7.151,114.430,16.029,0.003,0.011,137.624
2026-09-02T09:05:06.801371+07:00,c11_sim,691,7.045,89.697,13.611,0.004,0.018,110.376
2026-09-02T09:05:07.042396+07:00,c11_sim,692,8.547,115.706,18.292,0.002,0.009,142.556
2026-09-02T09:05:07.208225+07:00,c11_sim,693,7.869,89.855,15.683,0.003,0.012,113.421
2026-09-02T09:05:07.467589+07:00,c11_sim,694,8.153,120.905,15.292,16.510,0.017,160.875
2026-09-02T09:05:07.609649+07:00,c11_sim,695,4.774,85.847,11.228,14.208,0.016,116.073
2026-09-02T09:05:07.809946+07:00,c11_sim,696,6.579,88.301,12.833,15.144,0.017,122.873
2026-09-02T09:05:08.038334+07:00,c11_sim,697,7.067,104.339,16.809,16.413,0.014,144.643
2026-09-02T09:05:08.235708+07:00,c11_sim,698,6.525,89.248,15.227,15.946,0.015,126.961
2026-09-02T09:05:08.412676+07:00,c11_sim,699,6.214,87.522,13.467,15.142,0.016,122.362
2026-09-02T09:05:08.715117+07:00,c11_sim,700,7.442,173.258,19.928,18.211,0.016,218.856
2026-09-02T09:05:08.833242+07:00,c11_sim,701,7.297,92.196,11.144,14.129,0.015,124.781
2026-09-02T09:05:09.008091+07:00,c11_sim,702,5.567,86.559,12.469,15.058,0.014,119.666
2026-09-02T09:05:09.238194+07:00,c11_sim,703,6.985,103.740,17.517,15.852,0.015,144.110
2026-09-02T09:05:09.408831+07:00,c11_sim,704,6.224,87.642,13.427,15.231,0.014,122.538
2026-09-02T09:05:09.638043+07:00,c11_sim,705,6.634,104.523,17.016,16.905,0.015,145.093
2026-09-02T09:05:09.825271+07:00,c11_sim,706,6.081,87.257,13.261,15.185,0.015,121.799
2026-09-02T09:05:10.028946+07:00,c11_sim,707,6.069,87.776,13.752,15.965,0.015,123.576
2026-09-02T09:05:10.234513+07:00,c11_sim,708,6.678,88.574,15.070,15.542,0.016,125.880
2026-09-02T09:05:10.435632+07:00,c11_sim,709,6.191,88.718,14.567,16.015,0.017,125.508
2026-09-02T09:05:10.605869+07:00,c11_sim,710,5.706,86.507,11.026,14.553,0.015,117.807
2026-09-02T09:05:10.811398+07:00,c11_sim,711,7.239,88.359,13.202,15.177,0.015,123.993
2026-09-02T09:05:11.004535+07:00,c11_sim,712,7.160,102.829,0.000,0.000,0.013,110.002
2026-09-02T09:05:11.218540+07:00,c11_sim,713,8.777,112.108,0.000,0.000,0.010,120.894
2026-09-02T09:05:11.385592+07:00,c11_sim,714,9.297,87.973,0.000,0.000,0.009,97.280
2026-09-02T09:05:11.620756+07:00,c11_sim,715,8.935,118.718,0.000,0.000,0.014,127.667
2026-09-02T09:05:11.793510+07:00,c11_sim,716,9.751,88.256,0.000,0.000,0.011,98.018
2026-09-02T09:05:12.022469+07:00,c11_sim,717,9.281,117.137,0.000,0.000,0.013,126.432
2026-09-02T09:05:12.197035+07:00,c11_sim,718,9.992,88.787,0.000,0.000,0.007,98.786
2026-09-02T09:05:12.437227+07:00,c9_sim,344,7.350,121.630,0.000,0.000,0.013,128.993
2026-09-02T09:05:12.605828+07:00,c9_sim,345,10.530,88.180,0.000,0.000,0.008,98.718
2026-09-02T09:05:12.818924+07:00,c9_sim,346,8.203,110.989,0.000,0.000,0.013,119.205
2026-09-02T09:05:12.993899+07:00,c9_sim,347,8.046,91.547,0.000,0.000,0.012,99.605
2026-09-02T09:05:13.224384+07:00,c9_sim,348,8.998,115.836,0.000,0.000,0.012,124.846
2026-09-02T09:05:13.395961+07:00,c9_sim,349,7.979,90.237,0.000,0.000,0.011,98.227
2026-09-02T09:05:13.618014+07:00,c9_sim,350,10.797,107.676,0.000,0.000,0.009,118.483
2026-09-02T09:05:13.836442+07:00,c9_sim,351,5.551,107.470,0.000,0.000,0.011,113.032
2026-09-02T09:05:14.001814+07:00,c9_sim,352,8.527,91.765,0.000,0.000,0.012,100.304
2026-09-02T09:05:14.329286+07:00,c9_sim,353,11.138,181.251,18.679,0.000,0.015,211.084
2026-09-02T09:05:14.454300+07:00,c9_sim,354,6.140,96.259,12.740,15.296,0.032,130.467
2026-09-02T09:05:14.598338+07:00,c9_sim,355,4.348,86.421,0.000,0.000,0.233,91.003
2026-09-02T09:05:14.817612+07:00,c9_sim,356,8.189,117.359,0.000,0.000,0.055,125.602
2026-09-02T09:05:15.036567+07:00,c9_sim,357,10.428,109.820,0.000,0.000,0.012,120.260
2026-09-02T09:05:15.219736+07:00,c9_sim,358,8.337,93.389,0.000,0.000,0.012,101.738
2026-09-02T09:05:15.394672+07:00,c9_sim,359,8.182,92.650,0.000,0.000,0.011,100.844
2026-09-02T09:05:15.689049+07:00,c9_sim,360,9.332,123.867,18.474,16.502,0.029,168.204
2026-09-02T09:05:15.805915+07:00,c9_sim,361,3.913,86.642,0.000,0.000,0.009,90.564
2026-09-02T09:05:16.019566+07:00,c9_sim,362,8.359,107.486,0.000,0.000,0.012,115.857
2026-09-02T09:05:16.238617+07:00,c9_sim,363,8.449,117.726,0.000,0.000,0.012,126.186
2026-09-02T09:05:16.441156+07:00,c9_sim,364,8.460,91.000,19.045,16.837,0.029,135.371
2026-09-02T09:05:16.640469+07:00,c9_sim,365,5.674,88.184,12.552,14.305,0.037,120.752
2026-09-02T09:05:16.845293+07:00,c9_sim,366,4.345,87.335,13.427,15.224,0.011,120.342
2026-09-02T09:05:17.046910+07:00,c9_sim,367,4.845,88.376,14.249,15.993,0.011,123.474
2026-09-02T09:05:17.222883+07:00,c9_sim,368,5.143,87.375,12.638,15.173,0.028,120.357
2026-09-02T09:05:17.428081+07:00,c9_sim,369,5.932,88.952,13.524,14.998,0.029,123.436
2026-09-02T09:05:17.731737+07:00,c9_sim,370,5.748,175.398,19.357,17.775,0.013,218.292
2026-09-02T09:05:17.827964+07:00,c9_sim,371,6.482,96.089,0.000,0.000,0.009,102.580
2026-09-02T09:05:18.131672+07:00,c9_sim,372,8.061,175.620,20.313,18.018,0.033,222.045
2026-09-02T09:05:18.250886+07:00,c9_sim,373,6.796,90.189,13.480,14.944,0.011,125.419
2026-09-02T09:05:18.422051+07:00,c9_sim,374,4.458,86.524,13.139,15.076,0.009,119.207
2026-09-02T09:05:18.668299+07:00,c9_sim,375,5.387,107.973,15.175,15.812,0.011,144.358
2026-09-02T09:05:18.845039+07:00,c9_sim,376,4.290,87.522,13.254,15.167,0.009,120.243
2026-09-02T09:05:19.049699+07:00,c9_sim,377,5.026,88.480,16.122,15.828,0.010,125.465
2026-09-02T09:05:19.238656+07:00,c9_sim,378,5.146,87.151,13.437,14.996,0.029,120.760
2026-09-02T09:05:19.444438+07:00,c9_sim,379,4.980,87.859,14.231,15.853,0.017,122.942
2026-09-02T09:05:19.619743+07:00,c9_sim,380,4.929,88.532,11.679,14.392,0.014,119.546
2026-09-02T09:05:19.887472+07:00,c9_sim,381,5.813,119.190,18.525,18.288,0.016,161.832
2026-09-02T09:05:20.033955+07:00,c9_sim,382,3.982,86.972,13.491,15.292,0.031,119.769
2026-09-02T09:05:20.242481+07:00,c9_sim,383,5.184,89.378,13.927,14.927,0.013,123.429
2026-09-02T09:05:20.469477+07:00,c9_sim,384,5.442,104.369,15.756,16.085,0.011,141.663
2026-09-02T09:05:20.637209+07:00,c9_sim,385,3.928,86.358,12.745,15.073,0.013,118.117
2026-09-02T09:05:20.840486+07:00,c9_sim,386,4.883,88.582,14.225,15.370,0.011,123.071
2026-09-02T09:05:21.050805+07:00,c9_sim,387,5.037,89.120,14.673,15.735,0.032,124.597
2026-09-02T09:05:21.227051+07:00,c9_sim,388,4.779,87.111,13.079,15.316,0.013,120.299
2026-09-02T09:05:21.430055+07:00,c9_sim,389,6.025,88.020,14.212,15.177,0.015,123.450
2026-09-02T09:05:21.631733+07:00,c9_sim,390,5.349,88.239,13.596,15.612,0.013,122.809
2026-09-02T09:05:21.934086+07:00,c9_sim,391,4.952,173.428,20.474,19.330,0.020,218.204
2026-09-02T09:05:22.059779+07:00,c9_sim,392,6.589,96.676,13.229,15.106,0.014,131.614
2026-09-02T09:05:22.236992+07:00,c9_sim,393,4.647,87.943,13.574,14.890,0.016,121.071
2026-09-02T09:05:22.443209+07:00,c9_sim,394,5.017,88.569,14.399,15.942,0.015,123.942
2026-09-02T09:05:22.631862+07:00,c9_sim,395,5.321,88.837,12.591,14.626,0.014,121.388
2026-09-02T09:05:22.868918+07:00,c9_sim,396,4.974,113.504,17.212,16.536,0.015,152.241
2026-09-02T09:05:23.044815+07:00,c9_sim,397,4.375,86.814,13.164,15.261,0.014,119.628
2026-09-02T09:05:23.222858+07:00,c9_sim,398,5.162,87.613,14.334,15.289,0.037,122.435
2026-09-02T09:05:23.428635+07:00,c9_sim,399,5.366,88.211,13.402,14.959,0.039,121.977
2026-09-02T09:05:23.628098+07:00,c9_sim,400,5.107,87.629,13.714,15.150,0.044,121.643
2026-09-02T09:05:23.932956+07:00,c9_sim,401,5.417,174.573,20.280,18.800,0.054,219.124
2026-09-02T09:05:24.056874+07:00,c9_sim,402,6.701,95.886,12.876,14.508,0.013,129.984
2026-09-02T09:05:24.232899+07:00,c9_sim,403,4.468,86.983,13.204,15.088,0.036,119.779
2026-09-02T09:05:24.425313+07:00,c9_sim,404,5.462,88.141,14.987,15.342,0.016,123.948
2026-09-02T09:05:24.629282+07:00,c9_sim,405,5.760,88.531,14.891,15.566,0.016,124.763
2026-09-02T09:05:24.868381+07:00,c9_sim,406,5.022,114.947,17.183,16.150,0.015,153.318
2026-09-02T09:05:25.045481+07:00,c9_sim,407,4.237,87.116,13.972,15.257,0.015,120.596
2026-09-02T09:05:25.221822+07:00,c9_sim,408,4.188,87.185,13.306,15.073,0.048,119.801
2026-09-02T09:05:25.469982+07:00,c9_sim,409,5.776,111.633,17.776,16.560,0.051,151.797
2026-09-02T09:05:25.641353+07:00,c9_sim,410,4.325,86.459,13.460,14.198,0.014,118.455
2026-09-02T09:05:25.844470+07:00,c9_sim,411,4.677,88.449,13.386,14.949,0.015,121.476
2026-09-02T09:05:26.014485+07:00,c9_sim,412,4.526,87.847,0.000,0.000,0.008,92.382
2026-09-02T09:05:26.238014+07:00,c9_sim,413,9.285,112.013,0.000,0.000,0.013,121.311
2026-09-02T09:05:26.434666+07:00,c8_sim,189,7.638,89.447,20.085,0.000,0.008,117.178
2026-09-02T09:05:26.653044+07:00,c8_sim,190,8.143,110.456,16.714,0.004,0.147,135.464
2026-09-02T09:05:26.870213+07:00,c8_sim,191,8.352,119.699,18.129,0.003,0.146,146.329
2026-09-02T09:05:27.031731+07:00,c8_sim,192,8.468,90.254,17.215,0.002,0.009,115.949
2026-09-02T09:05:27.255105+07:00,c8_sim,193,9.403,116.596,17.716,0.003,0.008,143.727
2026-09-02T09:05:27.472857+07:00,c8_sim,194,9.432,116.287,17.888,0.005,0.016,143.628
2026-09-02T09:05:27.624354+07:00,c8_sim,195,7.664,91.227,0.000,0.000,0.014,98.905
2026-09-02T09:05:27.868745+07:00,c8_sim,196,10.938,122.301,14.865,0.002,0.016,148.122
2026-09-02T09:05:28.039763+07:00,c8_sim,197,3.707,90.463,13.352,15.551,0.016,123.089
2026-09-02T09:05:28.211199+07:00,c8_sim,198,7.280,90.684,0.000,0.000,0.011,97.974
2026-09-02T09:05:28.517681+07:00,c8_sim,199,13.266,172.217,0.000,0.000,0.010,185.492
2026-09-02T09:05:28.615448+07:00,c8_sim,200,7.362,97.620,0.000,0.000,0.009,104.990
2026-09-02T09:05:28.872718+07:00,c8_sim,201,11.389,126.735,0.000,0.000,0.015,138.139
2026-09-02T09:05:29.034339+07:00,c8_sim,202,11.492,93.234,16.896,0.000,0.016,121.638
2026-09-02T09:05:29.274723+07:00,c8_sim,203,8.819,121.484,19.615,17.729,0.053,167.700
2026-09-02T09:05:29.436345+07:00,c8_sim,204,6.931,86.997,13.684,0.004,0.175,107.791
2026-09-02T09:05:29.672930+07:00,c8_sim,205,8.167,113.172,17.637,0.003,0.162,139.142
2026-09-02T09:05:29.827952+07:00,c8_sim,206,7.558,89.365,13.975,0.004,0.018,110.920
2026-09-02T09:05:30.075734+07:00,c8_sim,207,9.322,116.350,18.827,0.003,0.012,144.515
2026-09-02T09:05:30.259448+07:00,c8_sim,208,6.972,90.236,17.575,16.750,0.011,131.544
2026-09-02T09:05:30.460300+07:00,c8_sim,209,7.696,88.979,14.284,15.219,0.011,126.189
2026-09-02T09:05:30.659367+07:00,c8_sim,210,6.750,87.398,14.165,15.678,0.013,124.005
2026-09-02T09:05:30.854384+07:00,c8_sim,211,6.430,87.863,13.785,15.498,0.011,123.587
2026-09-02T09:05:31.033292+07:00,c8_sim,212,6.838,88.122,0.000,0.000,0.253,95.213
2026-09-02T09:05:31.241624+07:00,c8_sim,213,9.466,89.277,14.644,16.237,0.025,129.650
2026-09-02T09:05:31.490425+07:00,c8_sim,214,6.570,113.575,19.600,17.980,0.011,157.736
2026-09-02T09:05:31.633239+07:00,c8_sim,215,6.445,86.694,12.992,14.767,0.010,120.907
2026-09-02T09:05:31.836263+07:00,c8_sim,216,8.073,86.619,11.376,14.292,0.011,120.371
2026-09-02T09:05:32.090084+07:00,c8_sim,217,7.595,112.203,18.615,17.647,0.010,156.069
2026-09-02T09:05:32.233353+07:00,c8_sim,218,6.375,86.347,12.599,15.274,0.011,120.606
2026-09-02T09:05:32.442703+07:00,c8_sim,219,8.986,88.719,14.713,15.371,0.010,127.798
2026-09-02T09:05:32.643449+07:00,c8_sim,220,7.553,88.382,14.168,15.421,0.009,125.533
2026-09-02T09:05:32.838029+07:00,c8_sim,221,7.616,88.271,12.739,15.165,0.009,123.799
2026-09-02T09:05:33.047956+07:00,c8_sim,222,8.005,88.604,14.710,15.850,0.011,127.182
2026-09-02T09:05:33.285598+07:00,c8_sim,223,7.927,109.489,16.042,15.868,0.009,149.336
2026-09-02T09:05:33.457621+07:00,c8_sim,224,5.926,87.573,13.844,14.916,0.015,122.275
2026-09-02T09:05:33.643433+07:00,c8_sim,225,6.649,87.210,13.503,15.134,0.014,122.511
2026-09-02T09:05:33.844143+07:00,c8_sim,226,6.294,87.075,13.642,15.456,0.015,122.481
2026-09-02T09:05:34.037696+07:00,c8_sim,227,7.482,103.243,0.000,0.000,0.014,110.739
2026-09-02T09:05:34.255534+07:00,c8_sim,228,10.477,116.814,0.000,0.000,0.012,127.303
2026-09-02T09:05:34.464257+07:00,c8_sim,229,10.016,91.712,19.054,17.747,0.015,138.544
2026-09-02T09:05:34.621581+07:00,c8_sim,230,7.531,88.893,0.000,0.000,0.008,96.432
2026-09-02T09:05:34.834960+07:00,c8_sim,231,10.005,113.527,0.000,0.000,0.014,123.546
2026-09-02T09:05:35.069015+07:00,c8_sim,232,9.374,122.208,0.000,0.000,0.012,131.595
2026-09-02T09:05:35.237168+07:00,c8_sim,233,10.605,89.590,0.000,0.000,0.013,100.208
2026-09-02T09:05:35.468837+07:00,c8_sim,234,10.073,120.893,0.000,0.000,0.012,130.978
2026-09-02T09:05:35.629182+07:00,c8_sim,235,11.147,91.328,0.000,0.000,0.013,102.487
2026-09-02T09:05:35.908578+07:00,c8_sim,236,10.126,173.855,0.000,0.000,0.019,184.000
2026-09-02T09:05:36.042653+07:00,c8_sim,237,9.227,111.942,0.000,0.000,0.015,121.184
2026-09-02T09:05:36.214382+07:00,c8_sim,238,11.137,90.586,0.000,0.000,0.012,101.735
2026-09-02T09:05:36.434058+07:00,c8_sim,239,10.251,118.136,0.000,0.000,0.015,128.402
2026-09-02T09:05:36.654040+07:00,c8_sim,240,10.500,123.158,0.000,0.000,0.013,133.671
2026-09-02T09:05:36.820598+07:00,c8_sim,241,9.940,90.023,0.000,0.000,0.013,99.976
2026-09-02T09:05:37.112105+07:00,c8_sim,242,9.749,182.972,0.000,0.000,0.012,192.733
2026-09-02T09:05:37.211585+07:00,c8_sim,243,4.690,99.328,0.000,0.000,0.010,104.028
2026-09-02T09:05:37.437769+07:00,c8_sim,244,10.767,115.189,0.000,0.000,0.286,126.242
2026-09-02T09:05:37.604158+07:00,c8_sim,245,10.805,90.325,0.000,0.000,0.011,101.141
2026-09-02T09:05:37.851395+07:00,c8_sim,246,10.356,118.751,0.000,0.000,0.008,129.115
2026-09-02T09:05:38.013455+07:00,c10_sim,177,9.206,89.885,0.000,0.000,0.014,99.105
2026-09-02T09:05:38.281054+07:00,c10_sim,178,10.027,124.723,22.646,0.005,0.072,157.473
2026-09-02T09:05:38.435980+07:00,c10_sim,179,7.751,88.775,13.885,0.017,0.116,110.544
2026-09-02T09:05:38.678029+07:00,c10_sim,180,8.223,113.868,18.649,0.009,0.071,140.821
2026-09-02T09:05:38.841415+07:00,c10_sim,181,6.774,90.479,12.988,0.004,0.067,110.313
2026-09-02T09:05:39.079663+07:00,c10_sim,182,8.148,116.528,13.558,0.004,0.081,138.319
2026-09-02T09:05:39.236628+07:00,c10_sim,183,6.600,87.534,13.994,0.005,0.073,108.206
2026-09-02T09:05:39.476055+07:00,c10_sim,184,7.866,112.469,17.418,0.004,0.186,137.943
2026-09-02T09:05:39.643619+07:00,c10_sim,185,6.986,91.053,15.262,0.005,0.018,113.324
2026-09-02T09:05:39.892823+07:00,c10_sim,186,8.029,120.229,19.142,0.004,0.183,147.587
2026-09-02T09:05:40.058379+07:00,c10_sim,187,7.504,90.169,14.308,0.004,0.017,112.003
2026-09-02T09:05:40.308316+07:00,c10_sim,188,6.886,121.971,18.480,18.064,0.013,165.414
2026-09-02T09:05:40.451825+07:00,c10_sim,189,5.019,86.148,12.009,14.173,0.012,117.362
2026-09-02T09:05:40.660645+07:00,c10_sim,190,6.070,88.588,14.969,15.125,0.012,124.764
2026-09-02T09:05:40.862335+07:00,c10_sim,191,6.056,87.675,14.317,14.567,0.154,122.768
2026-09-02T09:05:41.101239+07:00,c10_sim,192,6.068,104.262,17.519,29.603,0.022,157.474
2026-09-02T09:05:41.242958+07:00,c10_sim,193,4.413,85.636,11.220,13.734,0.013,115.016
2026-09-02T09:05:41.487819+07:00,c10_sim,194,6.678,108.256,17.803,15.813,0.014,148.563
2026-09-02T09:05:41.657759+07:00,c10_sim,195,3.561,90.149,8.675,13.888,0.016,116.290
2026-09-02T09:05:41.857894+07:00,c10_sim,196,4.023,89.679,12.462,15.164,0.016,121.344
2026-09-02T09:05:42.054557+07:00,c10_sim,197,6.372,89.369,15.590,15.948,0.014,127.292
2026-09-02T09:05:42.261653+07:00,c10_sim,198,6.767,88.726,14.451,15.190,0.013,125.147
2026-09-02T09:05:42.504942+07:00,c10_sim,199,6.280,119.237,18.315,16.973,0.014,160.818
2026-09-02T09:05:42.650942+07:00,c10_sim,200,5.294,86.665,13.002,15.364,0.012,120.336
2026-09-02T09:05:42.901982+07:00,c10_sim,201,7.251,112.873,16.333,15.942,0.012,152.411
2026-09-02T09:05:43.048440+07:00,c10_sim,202,4.944,86.435,13.625,15.459,0.014,120.478
2026-09-02T09:05:43.287154+07:00,c10_sim,203,6.815,112.699,17.969,16.824,0.011,154.319
2026-09-02T09:05:43.463994+07:00,c10_sim,204,5.847,87.697,13.429,14.731,0.019,121.724
2026-09-02T09:05:43.762200+07:00,c10_sim,205,6.304,172.895,18.596,17.974,0.016,215.785
2026-09-02T09:05:43.883414+07:00,c10_sim,206,8.608,93.371,12.213,14.279,0.015,128.486
2026-09-02T09:05:44.051169+07:00,c10_sim,207,4.805,86.328,12.649,14.584,0.047,118.413
2026-09-02T09:05:44.260190+07:00,c10_sim,208,6.865,89.782,13.464,15.557,0.040,125.708
2026-09-02T09:05:44.460281+07:00,c10_sim,209,6.264,89.315,13.238,14.493,0.034,123.343
2026-09-02T09:05:44.650726+07:00,c10_sim,210,4.824,86.281,12.525,14.176,0.016,117.823
2026-09-02T09:05:44.854388+07:00,c10_sim,211,6.019,93.922,12.857,14.352,0.017,127.167
2026-09-02T09:05:45.053261+07:00,c10_sim,212,6.244,87.835,13.243,14.893,0.015,122.231
2026-09-02T09:05:45.260017+07:00,c10_sim,213,6.384,89.189,14.204,15.195,0.016,124.988
2026-09-02T09:05:45.459233+07:00,c10_sim,214,6.200,87.255,12.626,14.705,0.017,120.804
2026-09-02T09:05:45.685846+07:00,c10_sim,215,6.341,104.358,15.130,15.942,0.021,141.793
2026-09-02T09:05:45.864128+07:00,c10_sim,216,5.258,87.909,13.488,15.612,0.016,122.284
2026-09-02T09:05:46.064091+07:00,c10_sim,217,6.229,87.642,14.359,15.897,0.017,124.144
2026-09-02T09:05:46.287449+07:00,c10_sim,218,6.147,103.543,16.049,15.973,0.021,141.733
2026-09-02T09:05:46.462964+07:00,c10_sim,219,3.164,88.144,12.978,15.094,0.020,119.401
2026-09-02T09:05:46.660841+07:00,c10_sim,220,5.493,93.034,12.471,15.491,0.053,126.542
2026-09-02T09:05:46.871656+07:00,c10_sim,221,6.068,91.258,13.747,15.534,0.022,126.628
2026-09-02T09:05:47.047586+07:00,c10_sim,222,5.904,87.050,12.612,15.099,0.020,120.685
2026-09-02T09:05:47.287756+07:00,c10_sim,223,6.954,114.045,18.321,16.486,0.018,155.823
2026-09-02T09:05:47.465105+07:00,c10_sim,224,5.886,87.895,13.416,14.823,0.017,122.037
2026-09-02T09:05:47.687221+07:00,c10_sim,225,5.574,102.553,16.187,16.073,0.018,140.405
2026-09-02T09:05:47.859674+07:00,c10_sim,226,5.470,86.551,10.971,13.715,0.016,116.722
2026-09-02T09:05:48.051990+07:00,c11_sim,719,5.403,86.634,27.132,0.000,0.010,119.178
2026-09-02T09:05:48.292224+07:00,c11_sim,720,8.293,113.774,17.634,17.883,0.054,157.638
2026-09-02T09:05:48.469042+07:00,c11_sim,721,6.363,87.840,13.266,14.891,0.012,122.371
2026-09-02T09:05:48.769789+07:00,c11_sim,722,6.954,171.659,13.212,15.542,0.012,207.379
2026-09-02T09:05:48.890786+07:00,c11_sim,723,6.897,95.236,10.548,14.528,0.060,127.268
2026-09-02T09:05:49.062604+07:00,c11_sim,724,5.692,86.592,12.037,15.299,0.011,119.631
2026-09-02T09:05:49.263960+07:00,c11_sim,725,7.449,87.959,14.077,16.090,0.011,125.587
2026-09-02T09:05:49.566797+07:00,c11_sim,726,7.668,175.656,19.289,18.946,0.235,221.794
2026-09-02T09:05:49.693108+07:00,c11_sim,727,8.025,96.252,13.745,15.703,0.018,133.742
2026-09-02T09:05:49.862233+07:00,c11_sim,728,5.148,86.996,12.716,15.222,0.012,120.094
2026-09-02T09:05:50.167746+07:00,c11_sim,729,6.995,174.102,21.676,18.570,0.012,221.355
2026-09-02T09:05:50.291008+07:00,c11_sim,730,8.323,94.257,13.369,14.939,0.050,130.939
2026-09-02T09:05:50.466878+07:00,c11_sim,731,5.462,86.807,12.879,15.438,0.011,120.598
2026-09-02T09:05:50.675734+07:00,c11_sim,732,6.649,88.958,15.448,15.720,0.010,126.786
2026-09-02T09:05:50.877882+07:00,c11_sim,733,5.883,88.614,14.302,16.209,0.011,125.019
2026-09-02T09:05:51.083776+07:00,c11_sim,734,6.256,88.630,14.782,15.420,0.011,125.100
2026-09-02T09:05:51.275955+07:00,c11_sim,735,5.982,88.994,8.475,12.000,0.013,115.464
2026-09-02T09:05:51.473673+07:00,c11_sim,736,5.794,89.057,13.877,16.661,0.019,125.409
2026-09-02T09:05:51.670506+07:00,c11_sim,737,6.590,88.195,15.021,15.915,0.016,125.737
2026-09-02T09:05:51.878872+07:00,c11_sim,738,6.296,88.162,14.797,16.493,0.016,125.764
2026-09-02T09:05:52.078134+07:00,c11_sim,739,6.142,88.370,14.240,15.604,0.014,124.370
2026-09-02T09:05:52.278822+07:00,c11_sim,740,6.338,87.817,13.678,15.459,0.016,123.308
2026-09-02T09:05:52.482788+07:00,c11_sim,741,6.652,88.112,14.396,16.594,0.016,125.769
2026-09-02T09:05:52.656106+07:00,c11_sim,742,6.203,86.717,12.502,15.063,0.015,120.499
2026-09-02T09:05:52.901599+07:00,c11_sim,743,6.821,108.009,16.407,15.754,0.016,147.007
2026-09-02T09:05:53.075232+07:00,c11_sim,744,5.601,86.282,13.458,15.168,0.015,120.523
2026-09-02T09:05:53.282612+07:00,c11_sim,745,6.742,88.722,14.442,15.297,0.016,125.218
2026-09-02T09:05:53.486110+07:00,c11_sim,746,6.484,88.810,11.720,17.034,0.019,124.067
2026-09-02T09:05:53.653446+07:00,c11_sim,747,6.265,87.068,12.059,14.963,0.017,120.372
2026-09-02T09:05:53.860623+07:00,c11_sim,748,7.724,88.282,12.918,15.114,0.018,124.054
2026-09-02T09:05:54.087524+07:00,c11_sim,749,6.817,103.826,17.136,16.345,0.015,144.139
2026-09-02T09:05:54.274693+07:00,c11_sim,750,5.848,90.723,15.020,22.300,0.030,133.921
2026-09-02T09:05:54.447298+07:00,c11_sim,751,3.537,88.024,11.841,14.727,0.022,118.151
2026-09-02T09:05:54.724030+07:00,c11_sim,752,6.648,120.106,18.867,18.109,0.015,163.744
2026-09-02T09:05:54.862758+07:00,c11_sim,753,5.271,86.109,12.790,14.780,0.017,118.969
2026-09-02T09:05:55.165475+07:00,c11_sim,754,6.527,175.242,19.563,18.295,0.014,219.641
2026-09-02T09:05:55.290053+07:00,c11_sim,755,7.756,95.965,12.726,15.229,0.014,131.690
2026-09-02T09:05:55.466143+07:00,c11_sim,756,5.859,87.188,12.774,15.332,0.014,121.167
2026-09-02T09:05:55.672411+07:00,c11_sim,757,7.217,87.712,13.671,16.265,0.014,124.879
2026-09-02T09:05:55.869826+07:00,c11_sim,758,6.256,87.913,13.340,15.225,0.018,122.751
2026-09-02T09:05:56.071768+07:00,c11_sim,759,6.261,87.787,13.153,15.424,0.012,122.637
2026-09-02T09:05:56.281373+07:00,c11_sim,760,6.964,88.383,14.459,16.000,0.017,125.823
2026-09-02T09:05:56.457454+07:00,c11_sim,761,6.237,86.208,14.266,14.848,0.015,121.575
2026-09-02T09:05:56.704444+07:00,c11_sim,762,5.759,108.092,17.586,16.535,0.019,147.991
2026-09-02T09:05:56.880433+07:00,c11_sim,763,5.855,88.292,13.569,14.974,0.015,122.705
2026-09-02T09:05:57.056299+07:00,c11_sim,764,6.514,86.762,12.749,15.560,0.014,121.599
2026-09-02T09:05:57.263585+07:00,c11_sim,765,7.110,88.417,13.526,14.605,0.017,123.677
2026-09-02T09:05:57.564016+07:00,c11_sim,766,6.641,172.632,20.996,18.166,0.019,218.453
2026-09-02T09:05:57.686035+07:00,c11_sim,767,7.855,93.843,12.847,14.673,0.015,129.232
2026-09-02T09:05:57.861096+07:00,c11_sim,768,5.432,86.635,12.615,15.006,0.018,119.706
2026-09-02T09:05:58.164890+07:00,c11_sim,769,7.210,174.808,19.622,18.396,0.017,220.054
2026-09-02T09:05:58.290075+07:00,c11_sim,770,7.674,96.842,12.934,14.753,0.014,132.218
2026-09-02T09:05:58.467173+07:00,c11_sim,771,5.777,88.805,12.161,15.314,0.018,122.076
2026-09-02T09:05:58.669201+07:00,c11_sim,772,7.312,88.341,13.825,15.281,0.016,124.775
2026-09-02T09:05:58.861318+07:00,c11_sim,773,6.216,88.266,13.625,0.004,0.021,108.133
2026-09-02T09:05:59.087710+07:00,c11_sim,774,6.719,118.306,17.142,0.004,0.019,142.190
2026-09-02T09:05:59.248501+07:00,c11_sim,775,7.093,89.467,14.469,0.002,0.013,111.044
2026-09-02T09:05:59.471754+07:00,c11_sim,776,9.723,93.592,13.421,0.003,0.016,116.754
2026-09-02T09:05:59.669373+07:00,c11_sim,777,6.720,109.086,0.000,0.000,0.012,115.818
2026-09-02T09:05:59.837119+07:00,c11_sim,778,9.067,89.607,0.000,0.000,0.012,98.686
2026-09-02T09:06:00.070244+07:00,c11_sim,779,10.022,109.520,0.000,0.000,0.019,119.561
2026-09-02T09:06:00.286236+07:00,c11_sim,780,9.446,121.698,0.000,0.000,0.013,131.157
2026-09-02T09:06:00.474075+07:00,c11_sim,781,7.193,90.126,17.051,0.000,0.008,114.378
2026-09-02T09:06:00.581747+07:00,c11_sim,782,5.279,85.267,8.923,12.823,0.029,112.322
2026-09-02T09:06:00.687065+07:00,c11_sim,783,7.386,84.124,8.574,12.032,0.010,112.127
2026-09-02T09:06:00.793154+07:00,c11_sim,784,5.089,84.660,8.421,12.465,0.011,110.647
2026-09-02T09:06:00.898264+07:00,c11_sim,785,7.151,84.027,8.375,12.096,0.030,111.678
2026-09-02T09:06:01.002790+07:00,c11_sim,786,6.247,84.188,7.802,11.952,0.029,110.218
2026-09-02T09:06:01.108600+07:00,c11_sim,787,3.960,84.218,8.460,12.549,0.011,109.198
2026-09-02T09:06:01.202399+07:00,c11_sim,788,5.806,84.438,8.848,0.000,0.008,99.101
2026-09-02T09:06:01.310508+07:00,c11_sim,789,4.231,85.009,9.124,13.368,0.035,111.767
2026-09-02T09:06:01.417167+07:00,c11_sim,790,4.376,84.609,8.565,12.898,0.011,110.460
2026-09-02T09:06:01.523688+07:00,c11_sim,791,5.007,85.219,8.361,11.932,0.122,110.641
2026-09-02T09:06:01.628398+07:00,c11_sim,792,3.819,84.179,7.940,12.049,0.035,108.021
2026-09-02T09:06:01.735018+07:00,c11_sim,793,4.801,85.055,8.184,12.778,0.033,110.852
2026-09-02T09:06:01.839970+07:00,c11_sim,794,4.053,83.692,8.308,12.395,0.011,108.458
2026-09-02T09:06:01.947415+07:00,c11_sim,795,4.562,85.427,8.300,13.133,0.011,111.433
2026-09-02T09:06:02.052787+07:00,c11_sim,796,4.688,84.511,7.981,12.284,0.030,109.494
2026-09-02T09:06:02.157727+07:00,c11_sim,797,3.785,83.808,8.376,12.234,0.011,108.214
2026-09-02T09:06:02.264488+07:00,c11_sim,798,4.736,84.425,8.775,12.980,0.033,110.949
2026-09-02T09:06:02.375440+07:00,c11_sim,799,4.242,83.664,9.906,13.092,0.012,110.916
2026-09-02T09:06:02.481368+07:00,c11_sim,800,4.626,84.914,8.181,12.245,0.011,109.977
2026-09-02T09:06:02.586993+07:00,c11_sim,801,4.895,85.003,7.988,12.058,0.011,109.955
2026-09-02T09:06:02.692356+07:00,c11_sim,802,4.003,84.952,7.771,11.933,0.120,108.778
2026-09-02T09:06:02.798176+07:00,c11_sim,803,5.588,84.864,8.169,12.223,0.012,110.855
2026-09-02T09:06:02.903510+07:00,c11_sim,804,4.331,84.079,8.938,11.783,0.011,109.143
2026-09-02T09:06:03.009056+07:00,c11_sim,805,4.740,84.443,8.388,12.171,0.014,109.756
2026-09-02T09:06:03.115562+07:00,c11_sim,806,5.156,84.718,8.645,12.589,0.034,111.141
2026-09-02T09:06:03.222092+07:00,c11_sim,807,3.761,84.175,9.003,12.809,0.015,109.764
2026-09-02T09:06:03.328356+07:00,c11_sim,808,4.970,84.942,8.597,12.189,0.014,110.711
2026-09-02T09:06:03.433994+07:00,c11_sim,809,4.239,84.156,8.317,12.577,0.016,109.306
2026-09-02T09:06:03.539872+07:00,c11_sim,810,4.361,84.648,8.345,12.286,0.014,109.654
2026-09-02T09:06:03.647798+07:00,c11_sim,811,4.728,85.370,8.840,13.034,0.044,112.015
2026-09-02T09:06:03.752788+07:00,c11_sim,812,3.659,84.268,8.176,11.944,0.033,108.081
2026-09-02T09:06:03.858255+07:00,c11_sim,813,4.704,84.641,8.234,12.004,0.035,109.618
2026-09-02T09:06:03.962418+07:00,c11_sim,814,4.366,83.821,7.794,11.975,0.016,107.972
2026-09-02T09:06:04.067841+07:00,c11_sim,815,4.369,84.752,8.181,11.894,0.033,109.229
2026-09-02T09:06:04.174169+07:00,c11_sim,816,4.916,85.274,8.196,12.248,0.014,110.647
2026-09-02T09:06:04.279837+07:00,c11_sim,817,4.009,84.060,8.490,12.568,0.032,109.158
2026-09-02T09:06:04.385239+07:00,c11_sim,818,6.105,84.596,7.877,12.352,0.016,110.945
2026-09-02T09:06:04.490746+07:00,c11_sim,819,4.331,84.239,8.290,12.416,0.013,109.290
2026-09-02T09:06:04.597004+07:00,c11_sim,820,4.405,84.914,8.203,12.551,0.017,110.089
2026-09-02T09:06:04.702215+07:00,c11_sim,821,4.571,84.774,7.854,11.788,0.014,109.000
2026-09-02T09:06:04.806630+07:00,c11_sim,822,3.732,83.891,7.744,12.212,0.015,107.594
2026-09-02T09:06:04.913848+07:00,c11_sim,823,4.470,86.409,7.905,12.364,0.014,111.162
2026-09-02T09:06:05.019368+07:00,c11_sim,824,4.683,84.220,8.614,12.133,0.014,109.664
2026-09-02T09:06:05.125496+07:00,c11_sim,825,4.291,86.072,7.831,11.675,0.014,109.883
2026-09-02T09:06:05.232220+07:00,c11_sim,826,5.050,84.997,8.725,12.394,0.015,111.182
2026-09-02T09:06:05.337984+07:00,c11_sim,827,4.058,84.283,8.438,12.363,0.014,109.156
2026-09-02T09:06:05.448378+07:00,c11_sim,828,4.948,89.418,8.279,12.160,0.013,114.818
2026-09-02T09:06:05.554702+07:00,c11_sim,829,5.074,84.362,9.144,12.230,0.013,110.823
2026-09-02T09:06:05.661232+07:00,c11_sim,830,4.312,85.009,8.376,12.574,0.013,110.284
2026-09-02T09:06:05.769337+07:00,c11_sim,831,5.199,85.571,9.190,12.753,0.014,112.727
2026-09-02T09:06:05.874511+07:00,c11_sim,832,4.331,84.071,8.608,11.918,0.016,108.944
2026-09-02T09:06:05.987487+07:00,c11_sim,833,4.534,92.124,8.339,11.930,0.014,116.941
2026-09-02T09:06:06.093324+07:00,c11_sim,834,4.951,85.249,8.103,11.908,0.014,110.225
2026-09-02T09:06:06.202878+07:00,c11_sim,835,4.004,84.211,9.533,12.851,0.014,110.614
2026-09-02T09:06:06.310750+07:00,c11_sim,836,4.800,85.420,9.102,12.812,0.015,112.150
2026-09-02T09:06:06.407431+07:00,c9_sim,414,2.773,84.180,11.812,0.000,0.008,98.773
2026-09-02T09:06:06.501887+07:00,c9_sim,415,3.058,85.119,8.725,0.002,0.031,96.935
2026-09-02T09:06:06.597064+07:00,c9_sim,416,3.589,85.272,9.319,0.002,0.010,98.191
2026-09-02T09:06:06.692039+07:00,c9_sim,417,4.059,85.062,9.302,0.002,0.032,98.457
2026-09-02T09:06:06.787040+07:00,c9_sim,418,3.349,85.144,9.270,0.002,0.011,97.777
2026-09-02T09:06:06.883004+07:00,c9_sim,419,3.889,85.371,10.014,0.002,0.030,99.306
2026-09-02T09:06:06.977893+07:00,c9_sim,420,3.697,84.852,9.422,0.002,0.031,98.004
2026-09-02T09:06:07.085962+07:00,c9_sim,421,3.286,85.443,9.032,12.904,0.030,110.695
2026-09-02T09:06:07.192262+07:00,c9_sim,422,3.907,84.185,9.462,12.055,0.026,109.635
2026-09-02T09:06:07.297131+07:00,c9_sim,423,3.612,84.047,8.173,12.103,0.028,107.964
2026-09-02T09:06:07.402532+07:00,c9_sim,424,3.279,83.887,8.519,12.342,0.027,108.054
2026-09-02T09:06:07.508034+07:00,c9_sim,425,3.795,83.991,8.522,12.410,0.011,108.729
2026-09-02T09:06:07.613979+07:00,c9_sim,426,4.177,84.028,8.378,12.719,0.165,109.466
2026-09-02T09:06:07.719311+07:00,c9_sim,427,3.928,84.066,8.453,12.248,0.039,108.735
2026-09-02T09:06:07.823462+07:00,c9_sim,428,3.618,83.807,8.008,11.792,0.010,107.235
2026-09-02T09:06:07.929277+07:00,c9_sim,429,4.260,84.312,8.533,12.412,0.026,109.543
2026-09-02T09:06:08.035982+07:00,c9_sim,430,3.828,84.322,8.909,12.923,0.011,109.993
2026-09-02T09:06:08.142651+07:00,c9_sim,431,3.448,84.287,9.047,12.756,0.010,109.548
2026-09-02T09:06:08.247081+07:00,c9_sim,432,3.938,84.055,8.154,11.649,0.010,107.805
2026-09-02T09:06:08.351654+07:00,c9_sim,433,4.214,83.655,8.571,11.817,0.010,108.268
2026-09-02T09:06:08.455939+07:00,c9_sim,434,3.781,84.029,7.956,11.753,0.012,107.530
2026-09-02T09:06:08.559284+07:00,c9_sim,435,3.853,83.640,7.602,11.571,0.009,106.675
2026-09-02T09:06:08.664353+07:00,c9_sim,436,4.232,83.658,8.480,12.356,0.010,108.736
2026-09-02T09:06:08.769111+07:00,c9_sim,437,4.149,83.689,8.278,12.280,0.013,108.409
2026-09-02T09:06:08.872905+07:00,c9_sim,438,3.423,83.366,8.106,11.783,0.016,106.694
2026-09-02T09:06:08.976741+07:00,c9_sim,439,3.421,83.855,8.013,11.393,0.015,106.697
2026-09-02T09:06:09.081962+07:00,c9_sim,440,4.010,84.864,7.915,11.768,0.015,108.572
2026-09-02T09:06:09.188252+07:00,c9_sim,441,3.689,84.478,8.393,12.789,0.015,109.363
2026-09-02T09:06:09.295421+07:00,c9_sim,442,3.496,84.285,8.833,13.448,0.024,110.084
2026-09-02T09:06:09.401259+07:00,c9_sim,443,4.144,84.003,8.749,12.485,0.016,109.398
2026-09-02T09:06:09.505469+07:00,c9_sim,444,4.189,84.087,7.952,11.620,0.015,107.862
2026-09-02T09:06:09.609425+07:00,c9_sim,445,3.319,83.771,7.955,11.659,0.015,106.717
2026-09-02T09:06:09.714351+07:00,c9_sim,446,3.198,84.042,8.261,12.042,0.015,107.558
2026-09-02T09:06:09.819544+07:00,c9_sim,447,4.188,83.940,8.598,12.078,0.014,108.818
2026-09-02T09:06:09.922855+07:00,c9_sim,448,3.705,84.944,7.261,10.565,0.014,106.489
2026-09-02T09:06:10.026844+07:00,c9_sim,449,3.263,83.700,7.980,11.776,0.013,106.731
2026-09-02T09:06:10.132604+07:00,c9_sim,450,3.470,84.540,8.027,12.610,0.016,108.663
2026-09-02T09:06:10.237644+07:00,c9_sim,451,3.892,84.636,7.967,11.677,0.017,108.188
2026-09-02T09:06:10.342974+07:00,c9_sim,452,3.639,83.971,8.451,12.323,0.013,108.398
2026-09-02T09:06:10.448447+07:00,c9_sim,453,2.799,84.296,8.164,12.471,0.013,107.743
2026-09-02T09:06:10.554110+07:00,c9_sim,454,3.371,84.044,8.600,12.430,0.016,108.461
2026-09-02T09:06:10.659524+07:00,c9_sim,455,3.503,83.630,8.702,12.524,0.016,108.374
2026-09-02T09:06:10.767240+07:00,c9_sim,456,3.599,84.207,8.596,14.348,0.014,110.764
2026-09-02T09:06:10.872283+07:00,c9_sim,457,3.360,83.973,8.236,12.261,0.016,107.846
2026-09-02T09:06:10.977132+07:00,c9_sim,458,3.528,84.211,8.107,11.988,0.015,107.849
2026-09-02T09:06:11.081614+07:00,c9_sim,459,3.289,83.961,8.055,11.906,0.013,107.223
2026-09-02T09:06:11.187907+07:00,c9_sim,460,3.376,84.461,8.636,12.666,0.014,109.153
2026-09-02T09:06:11.293919+07:00,c9_sim,461,3.182,83.876,8.988,12.569,0.014,108.628
2026-09-02T09:06:11.400479+07:00,c9_sim,462,3.129,84.435,9.067,12.483,0.017,109.130
2026-09-02T09:06:11.506356+07:00,c9_sim,463,3.868,84.249,8.507,12.532,0.015,109.170
2026-09-02T09:06:11.612488+07:00,c9_sim,464,3.307,84.965,8.218,12.370,0.015,108.875
2026-09-02T09:06:11.717643+07:00,c9_sim,465,3.324,83.986,8.504,12.070,0.015,107.898
2026-09-02T09:06:11.822288+07:00,c9_sim,466,3.181,84.601,7.788,11.641,0.013,107.223
2026-09-02T09:06:11.926675+07:00,c9_sim,467,3.537,83.891,8.411,11.486,0.015,107.340
2026-09-02T09:06:12.023028+07:00,c8_sim,247,2.960,84.711,11.063,0.000,0.004,98.738
2026-09-02T09:06:12.108231+07:00,c8_sim,248,3.326,85.100,0.000,0.000,0.004,88.431
2026-09-02T09:06:12.205015+07:00,c8_sim,249,4.652,85.329,10.810,0.003,0.066,100.860
2026-09-02T09:06:12.290432+07:00,c8_sim,250,4.435,85.307,0.000,0.000,0.007,89.749
2026-09-02T09:06:12.400007+07:00,c8_sim,251,6.197,85.036,10.573,13.316,0.012,115.133
2026-09-02T09:06:12.505723+07:00,c8_sim,252,5.556,84.372,8.251,12.502,0.010,110.690
2026-09-02T09:06:12.610957+07:00,c8_sim,253,6.779,84.416,8.045,12.214,0.011,111.465
2026-09-02T09:06:12.715996+07:00,c8_sim,254,5.579,84.388,7.992,12.092,0.010,110.061
2026-09-02T09:06:12.821589+07:00,c8_sim,255,5.632,84.301,8.404,12.312,0.010,110.658
2026-09-02T09:06:12.927574+07:00,c8_sim,256,6.020,84.289,8.562,12.511,0.010,111.392
2026-09-02T09:06:13.011940+07:00,c8_sim,257,6.330,84.252,0.000,0.000,0.007,90.589
2026-09-02T09:06:13.108982+07:00,c8_sim,258,4.936,85.456,11.050,0.000,0.007,101.450
2026-09-02T09:06:13.217123+07:00,c8_sim,259,6.042,85.388,9.140,12.997,0.035,113.603
2026-09-02T09:06:13.322974+07:00,c8_sim,260,4.427,84.337,8.345,12.590,0.011,109.711
2026-09-02T09:06:13.428813+07:00,c8_sim,261,5.184,84.121,8.360,12.770,0.011,110.447
2026-09-02T09:06:13.534656+07:00,c8_sim,262,4.400,84.531,8.294,12.438,0.010,109.674
2026-09-02T09:06:13.639995+07:00,c8_sim,263,4.708,84.671,8.149,11.938,0.011,109.478
2026-09-02T09:06:13.745996+07:00,c8_sim,264,4.210,84.178,8.483,12.784,0.010,109.665
2026-09-02T09:06:13.852459+07:00,c8_sim,265,5.021,84.403,8.415,13.057,0.011,110.907
2026-09-02T09:06:13.959074+07:00,c8_sim,266,4.127,84.631,8.538,12.809,0.055,110.160
2026-09-02T09:06:14.066298+07:00,c8_sim,267,5.408,84.666,9.016,12.899,0.051,112.041
2026-09-02T09:06:14.172766+07:00,c8_sim,268,4.151,84.212,8.940,12.747,0.042,110.092
2026-09-02T09:06:14.279015+07:00,c8_sim,269,5.533,84.013,8.703,12.963,0.041,111.252
2026-09-02T09:06:14.384034+07:00,c8_sim,270,5.952,84.447,7.881,12.161,0.011,110.451
2026-09-02T09:06:14.489612+07:00,c8_sim,271,5.945,84.246,7.816,12.097,0.119,110.223
2026-09-02T09:06:14.595044+07:00,c8_sim,272,5.480,84.522,7.964,12.398,0.011,110.375
2026-09-02T09:06:14.700113+07:00,c8_sim,273,5.987,84.298,7.923,12.285,0.010,110.501
2026-09-02T09:06:14.804950+07:00,c8_sim,274,4.652,84.276,7.998,12.009,0.010,108.946
2026-09-02T09:06:14.910597+07:00,c8_sim,275,5.293,84.472,8.294,12.322,0.014,110.394
2026-09-02T09:06:15.016125+07:00,c8_sim,276,4.407,84.025,8.585,12.343,0.014,109.374
2026-09-02T09:06:15.122788+07:00,c8_sim,277,5.328,84.576,8.582,12.915,0.015,111.415
2026-09-02T09:06:15.229820+07:00,c8_sim,278,4.093,84.551,8.962,12.939,0.015,110.560
2026-09-02T09:06:15.337186+07:00,c8_sim,279,5.095,84.748,9.181,12.840,0.014,111.877
2026-09-02T09:06:15.444123+07:00,c8_sim,280,4.455,84.384,8.948,12.991,0.036,110.815
2026-09-02T09:06:15.549256+07:00,c8_sim,281,5.598,84.226,8.119,12.220,0.014,110.177
2026-09-02T09:06:15.655218+07:00,c8_sim,282,4.204,84.524,8.313,12.555,0.016,109.611
2026-09-02T09:06:15.760923+07:00,c8_sim,283,5.576,84.416,8.362,12.322,0.042,110.717
2026-09-02T09:06:15.866178+07:00,c8_sim,284,4.344,84.048,8.236,12.394,0.048,109.069
2026-09-02T09:06:15.972306+07:00,c8_sim,285,5.148,84.111,8.542,12.897,0.014,110.712
2026-09-02T09:06:16.078781+07:00,c8_sim,286,4.629,84.498,8.620,12.737,0.012,110.497
2026-09-02T09:06:16.185403+07:00,c8_sim,287,5.137,84.330,8.545,13.176,0.013,111.201
2026-09-02T09:06:16.291378+07:00,c8_sim,288,4.625,84.337,8.377,12.679,0.015,110.033
2026-09-02T09:06:16.398559+07:00,c8_sim,289,5.398,84.793,8.894,12.914,0.014,112.013
2026-09-02T09:06:16.505083+07:00,c8_sim,290,4.905,84.443,8.460,12.948,0.014,110.770
2026-09-02T09:06:16.610706+07:00,c8_sim,291,5.330,84.219,8.238,12.618,0.013,110.417
2026-09-02T09:06:16.716899+07:00,c8_sim,292,5.297,84.451,8.495,12.706,0.013,110.962
2026-09-02T09:06:16.823353+07:00,c8_sim,293,4.828,84.458,8.444,12.857,0.014,110.603
