timestamp,camera_id,frame_id,decode_ms,detection_ms,tracking_ms,reid_ms,matching_ms,total_ai_ms
2026-09-02T09:11:24.170441+07:00,c8_sim,1,10.878,412.664,16.888,69.835,0.056,510.321
2026-09-02T09:11:24.288961+07:00,c8_sim,2,4.755,85.000,23.448,8.466,0.036,121.705
2026-09-02T09:11:24.392269+07:00,c8_sim,3,4.258,85.918,7.745,8.868,0.010,106.798
2026-09-02T09:11:24.505972+07:00,c8_sim,4,5.150,92.771,10.102,9.884,0.037,117.943
2026-09-02T09:11:24.626130+07:00,c8_sim,5,5.424,92.723,10.899,10.127,0.012,119.184
2026-09-02T09:11:24.743720+07:00,c8_sim,6,3.698,96.831,9.828,9.880,0.011,120.248
2026-09-02T09:11:24.865271+07:00,c8_sim,7,3.565,100.550,10.226,9.870,0.035,124.246
2026-09-02T09:11:24.993491+07:00,c8_sim,8,4.177,104.765,11.208,11.221,0.047,131.418
2026-09-02T09:11:25.125723+07:00,c8_sim,9,5.763,108.404,11.473,11.320,0.010,136.970
2026-09-02T09:11:25.258676+07:00,c8_sim,10,7.231,109.247,12.068,10.641,0.011,139.198
2026-09-02T09:11:25.392121+07:00,c8_sim,11,5.749,109.890,11.676,10.919,0.012,138.245
2026-09-02T09:11:25.525630+07:00,c8_sim,12,5.917,110.359,11.200,10.937,0.012,138.425
2026-09-02T09:11:25.662780+07:00,c8_sim,13,6.300,110.723,13.931,11.462,0.011,142.428
2026-09-02T09:11:25.799001+07:00,c8_sim,14,5.959,111.432,13.025,10.630,0.012,141.058
2026-09-02T09:11:25.933369+07:00,c8_sim,15,5.230,110.781,10.884,11.748,0.010,138.653
2026-09-02T09:11:26.066878+07:00,c8_sim,16,6.376,110.720,11.024,10.877,0.037,139.034
2026-09-02T09:11:26.202396+07:00,c8_sim,17,7.978,111.442,11.985,10.892,0.021,142.318
2026-09-02T09:11:26.334413+07:00,c8_sim,18,6.327,108.571,12.167,10.211,0.022,137.298
2026-09-02T09:11:26.463478+07:00,c8_sim,19,6.419,107.351,10.685,10.058,0.016,134.529
2026-09-02T09:11:26.592252+07:00,c8_sim,20,5.327,105.767,11.144,11.032,0.015,133.285
2026-09-02T09:11:26.721762+07:00,c8_sim,21,6.295,105.485,11.723,11.207,0.015,134.725
2026-09-02T09:11:26.851199+07:00,c8_sim,22,8.054,105.539,11.928,10.968,0.015,136.503
2026-09-02T09:11:26.981024+07:00,c8_sim,23,6.658,105.517,12.849,10.363,0.016,135.403
2026-09-02T09:11:27.109563+07:00,c8_sim,24,5.934,104.423,12.267,10.757,0.020,133.401
2026-09-02T09:11:27.233457+07:00,c8_sim,25,5.571,101.883,10.917,10.012,0.015,128.399
2026-09-02T09:11:27.357800+07:00,c8_sim,26,6.250,101.474,10.897,10.863,0.014,129.499
2026-09-02T09:11:27.480915+07:00,c8_sim,27,8.550,100.757,11.123,10.266,0.017,130.713
2026-09-02T09:11:27.602537+07:00,c8_sim,28,6.758,99.304,11.133,10.202,0.014,127.413
2026-09-02T09:11:27.724660+07:00,c8_sim,29,6.171,98.468,11.922,10.738,0.015,127.314
2026-09-02T09:11:27.846727+07:00,c8_sim,30,6.256,98.683,12.187,10.205,0.015,127.346
2026-09-02T09:11:27.967608+07:00,c8_sim,31,5.090,97.620,12.049,10.214,0.015,124.988
2026-09-02T09:11:28.086080+07:00,c8_sim,32,6.192,97.477,10.641,9.409,0.014,123.733
2026-09-02T09:11:28.204217+07:00,c8_sim,33,7.477,96.921,10.703,9.522,0.013,124.636
2026-09-02T09:11:28.319769+07:00,c8_sim,34,6.430,95.522,9.974,9.209,0.014,121.149
2026-09-02T09:11:28.436909+07:00,c8_sim,35,7.127,95.841,10.570,9.730,0.020,123.289
2026-09-02T09:11:28.553468+07:00,c8_sim,36,6.513,95.711,10.429,9.465,0.015,122.133
2026-09-02T09:11:28.670298+07:00,c8_sim,37,5.853,95.120,11.016,9.875,0.013,121.879
2026-09-02T09:11:28.789524+07:00,c8_sim,38,5.150,96.504,11.247,10.519,0.013,123.434
2026-09-02T09:11:28.907775+07:00,c8_sim,39,5.625,96.696,10.698,9.948,0.014,122.980
2026-09-02T09:11:29.025855+07:00,c8_sim,40,6.936,95.098,11.276,10.769,0.018,124.098
2026-09-02T09:11:29.144962+07:00,c8_sim,41,7.652,96.421,11.916,9.758,0.017,125.763
2026-09-02T09:11:29.264384+07:00,c8_sim,42,7.777,96.680,11.704,10.095,0.015,126.271
2026-09-02T09:11:29.382925+07:00,c8_sim,43,6.344,96.991,10.365,10.040,0.015,123.755
2026-09-02T09:11:29.513313+07:00,c8_sim,44,6.510,97.069,10.295,22.155,0.051,136.080
2026-09-02T09:11:29.640918+07:00,c8_sim,45,5.852,107.764,8.795,10.008,0.013,132.431
2026-09-02T09:11:29.762717+07:00,c8_sim,46,5.679,100.429,10.629,9.819,0.014,126.572
2026-09-02T09:11:30.000035+07:00,c8_sim,47,5.762,217.813,9.093,9.565,0.015,242.248
2026-09-02T09:11:30.013828+07:00,c9_sim,1,2.866,217.813,3.988,9.218,0.035,233.920
2026-09-02T09:11:30.225275+07:00,c8_sim,48,5.808,184.732,14.758,11.006,0.018,216.323
2026-09-02T09:11:30.246723+07:00,c9_sim,2,2.997,184.732,11.023,9.822,0.010,208.584
2026-09-02T09:11:30.465942+07:00,c8_sim,49,5.281,190.976,15.273,12.007,0.019,223.555
2026-09-02T09:11:30.489441+07:00,c9_sim,3,2.818,190.976,11.835,10.986,0.011,216.626
2026-09-02T09:11:30.719125+07:00,c8_sim,50,5.096,194.619,21.484,12.351,0.020,233.571
2026-09-02T09:11:30.740968+07:00,c9_sim,4,3.068,194.619,10.717,10.535,0.011,218.950
2026-09-02T09:11:30.952732+07:00,c8_sim,51,5.791,193.293,17.516,0.000,0.011,216.611
2026-09-02T09:11:30.977405+07:00,c9_sim,5,3.548,193.293,12.138,10.934,0.060,219.972
2026-09-02T09:11:31.191244+07:00,c8_sim,52,5.870,194.116,18.592,0.005,0.147,218.730
2026-09-02T09:11:31.216487+07:00,c9_sim,6,6.255,194.116,12.823,10.747,0.051,223.992
2026-09-02T09:11:31.428311+07:00,c8_sim,53,7.119,190.471,20.356,0.000,0.012,217.957
2026-09-02T09:11:31.452810+07:00,c9_sim,7,3.971,190.471,12.505,10.446,0.012,217.405
2026-09-02T09:11:31.648564+07:00,c8_sim,54,7.607,187.048,7.815,0.002,0.050,202.523
2026-09-02T09:11:31.667719+07:00,c9_sim,8,7.462,187.048,8.584,9.409,0.008,212.512
2026-09-02T09:11:31.850369+07:00,c8_sim,55,5.995,182.388,0.000,0.000,0.006,188.388
2026-09-02T09:11:31.866623+07:00,c9_sim,9,3.340,182.388,6.552,9.210,0.044,201.534
2026-09-02T09:11:32.050790+07:00,c8_sim,56,4.283,183.899,0.000,0.000,0.007,188.189
2026-09-02T09:11:32.066990+07:00,c9_sim,10,4.952,183.899,6.393,9.272,0.009,204.525
2026-09-02T09:11:32.184604+07:00,c9_sim,11,4.467,100.069,7.393,9.427,0.012,121.367
2026-09-02T09:11:32.319637+07:00,c9_sim,12,5.032,101.643,20.208,12.168,0.013,139.063
2026-09-02T09:11:32.450029+07:00,c9_sim,13,7.996,103.686,14.204,11.419,0.012,137.317
2026-09-02T09:11:32.574153+07:00,c9_sim,14,4.005,101.327,11.751,10.246,0.011,127.341
2026-09-02T09:11:32.696250+07:00,c9_sim,15,5.209,99.928,11.394,9.908,0.012,126.452
2026-09-02T09:11:32.821345+07:00,c9_sim,16,3.604,100.749,12.940,10.438,0.012,127.743
2026-09-02T09:11:32.943733+07:00,c9_sim,17,5.416,98.676,11.863,10.895,0.016,126.867
2026-09-02T09:11:33.063845+07:00,c9_sim,18,4.565,97.589,11.043,10.488,0.019,123.703
2026-09-02T09:11:33.186870+07:00,c9_sim,19,4.661,98.607,12.598,10.885,0.018,126.768
2026-09-02T09:11:33.307488+07:00,c9_sim,20,3.056,98.307,11.782,9.642,0.017,122.803
2026-09-02T09:11:33.425217+07:00,c9_sim,21,2.636,96.522,10.622,9.658,0.015,119.453
2026-09-02T09:11:33.542668+07:00,c9_sim,22,2.688,95.223,11.266,10.037,0.015,119.229
2026-09-02T09:11:33.659966+07:00,c9_sim,23,2.651,94.752,11.588,10.059,0.014,119.064
2026-09-02T09:11:33.775003+07:00,c9_sim,24,2.541,94.293,10.359,9.594,0.016,116.802
2026-09-02T09:11:33.890495+07:00,c9_sim,25,2.651,93.744,10.922,9.984,0.015,117.317
2026-09-02T09:11:34.008791+07:00,c9_sim,26,4.414,94.212,12.469,10.683,0.017,121.794
2026-09-02T09:11:34.125534+07:00,c9_sim,27,5.236,94.662,10.805,10.347,0.017,121.067
2026-09-02T09:11:34.243667+07:00,c9_sim,28,3.857,95.314,11.827,10.034,0.015,121.047
2026-09-02T09:11:34.361335+07:00,c9_sim,29,4.054,95.269,11.642,9.842,0.015,120.822
2026-09-02T09:11:34.479912+07:00,c9_sim,30,5.063,96.056,11.582,10.132,0.016,122.848
2026-09-02T09:11:34.599848+07:00,c9_sim,31,4.438,97.036,11.627,10.317,0.014,123.434
2026-09-02T09:11:34.719251+07:00,c9_sim,32,4.876,98.492,10.295,9.783,0.017,123.463
2026-09-02T09:11:34.840305+07:00,c9_sim,33,4.335,98.141,11.847,10.115,0.017,124.456
2026-09-02T09:11:34.961207+07:00,c9_sim,34,3.723,97.587,12.018,10.323,0.017,123.668
2026-09-02T09:11:35.082501+07:00,c9_sim,35,3.979,99.111,10.566,10.746,0.016,124.418
2026-09-02T09:11:35.205036+07:00,c9_sim,36,4.125,100.176,11.214,10.290,0.018,125.822
2026-09-02T09:11:35.331918+07:00,c9_sim,37,5.857,102.316,12.557,11.080,0.018,131.829
2026-09-02T09:11:35.459432+07:00,c9_sim,38,4.440,102.035,13.154,11.282,0.018,130.929
2026-09-02T09:11:35.582745+07:00,c9_sim,39,4.705,100.099,12.031,10.255,0.017,127.107
2026-09-02T09:11:35.704191+07:00,c9_sim,40,4.460,99.234,10.936,10.351,0.015,124.997
2026-09-02T09:11:35.825962+07:00,c9_sim,41,4.239,99.123,11.139,10.558,0.017,125.075
2026-09-02T09:11:35.948528+07:00,c9_sim,42,4.005,98.163,12.749,10.711,0.017,125.644
2026-09-02T09:11:36.065302+07:00,c9_sim,43,3.618,96.916,9.497,9.449,0.015,119.495
2026-09-02T09:11:36.183829+07:00,c9_sim,44,3.971,97.067,10.504,10.115,0.016,121.673
2026-09-02T09:11:36.303205+07:00,c9_sim,45,4.846,97.466,11.274,9.720,0.016,123.321
2026-09-02T09:11:36.423147+07:00,c9_sim,46,5.658,97.394,10.804,10.832,0.016,124.704
2026-09-02T09:11:36.543778+07:00,c9_sim,47,5.322,97.530,11.696,10.441,0.016,125.005
2026-09-02T09:11:36.665938+07:00,c9_sim,48,4.600,99.487,11.419,10.347,0.018,125.871
2026-09-02T09:11:36.786783+07:00,c9_sim,49,3.673,97.502,12.256,10.141,0.016,123.588
2026-09-02T09:11:36.906162+07:00,c9_sim,50,3.838,97.956,10.569,9.947,0.021,122.332
2026-09-02T09:11:37.025638+07:00,c9_sim,51,3.856,96.597,11.665,10.303,0.015,122.437
2026-09-02T09:11:37.142355+07:00,c9_sim,52,4.756,95.581,10.215,10.020,0.018,120.590
2026-09-02T09:11:37.261352+07:00,c9_sim,53,6.396,97.066,10.609,10.415,0.016,124.503
2026-09-02T09:11:37.382410+07:00,c9_sim,54,5.192,98.787,10.787,10.519,0.025,125.309
2026-09-02T09:11:37.504716+07:00,c9_sim,55,4.521,99.408,11.778,10.151,0.016,125.875
2026-09-02T09:11:37.625726+07:00,c9_sim,56,4.226,98.312,11.488,10.329,0.016,124.370
2026-09-02T09:11:37.746132+07:00,c9_sim,57,4.090,96.562,12.332,10.568,0.017,123.569
2026-09-02T09:11:37.866953+07:00,c9_sim,58,4.990,98.640,10.773,10.488,0.015,124.906
2026-09-02T09:11:37.988308+07:00,c9_sim,59,5.891,99.041,11.653,9.731,0.018,126.335
2026-09-02T09:11:38.109958+07:00,c9_sim,60,5.289,97.866,11.109,10.560,0.018,124.841
2026-09-02T09:11:38.232054+07:00,c9_sim,61,4.856,99.382,11.041,10.710,0.017,126.006
2026-09-02T09:11:38.354074+07:00,c9_sim,62,3.709,99.510,11.216,10.326,0.018,124.779
2026-09-02T09:11:38.474126+07:00,c9_sim,63,3.346,97.905,11.282,9.928,0.019,122.481
2026-09-02T09:11:38.592099+07:00,c9_sim,64,3.874,96.322,10.921,9.862,0.016,120.994
2026-09-02T09:11:38.706902+07:00,c9_sim,65,5.110,95.057,9.504,9.417,0.016,119.104
2026-09-02T09:11:38.823729+07:00,c9_sim,66,5.445,95.046,10.717,10.185,0.016,121.409
2026-09-02T09:11:38.942978+07:00,c9_sim,67,4.673,94.805,12.788,10.708,0.018,122.991
2026-09-02T09:11:39.060051+07:00,c9_sim,68,4.617,94.795,10.889,10.536,0.017,120.854
2026-09-02T09:11:39.178625+07:00,c9_sim,69,4.417,94.957,12.022,10.656,0.020,122.073
2026-09-02T09:11:39.296604+07:00,c9_sim,70,3.769,95.363,11.663,10.096,0.019,120.911
2026-09-02T09:11:39.414461+07:00,c9_sim,71,4.246,96.053,10.687,10.239,0.017,121.242
2026-09-02T09:11:39.530488+07:00,c9_sim,72,4.585,96.136,9.610,9.482,0.022,119.833
2026-09-02T09:11:39.649728+07:00,c9_sim,73,5.021,97.488,10.123,10.578,0.017,123.228
2026-09-02T09:11:39.771282+07:00,c9_sim,74,4.461,99.068,11.251,10.266,0.017,125.063
2026-09-02T09:11:39.884389+07:00,c9_sim,75,5.001,96.761,6.548,9.103,0.016,117.429
2026-09-02T09:11:40.000429+07:00,c9_sim,76,4.481,96.884,8.858,9.542,0.021,119.787
2026-09-02T09:11:40.123124+07:00,c9_sim,77,4.258,102.399,9.747,9.745,0.019,126.168
2026-09-02T09:11:40.244501+07:00,c9_sim,78,4.161,99.856,10.579,10.063,0.017,124.677
2026-09-02T09:11:40.367660+07:00,c9_sim,79,4.570,100.992,10.676,10.543,0.021,126.801
2026-09-02T09:11:40.492157+07:00,c9_sim,80,5.640,102.590,10.726,10.228,0.016,129.201
2026-09-02T09:11:40.614920+07:00,c9_sim,81,5.210,100.049,11.032,10.726,0.020,127.037
2026-09-02T09:11:40.740594+07:00,c9_sim,82,4.525,102.088,12.237,10.444,0.017,129.312
2026-09-02T09:11:40.863108+07:00,c9_sim,83,4.181,100.609,10.331,10.636,0.015,125.772
2026-09-02T09:11:40.989197+07:00,c9_sim,84,3.659,102.384,12.104,10.662,0.014,128.823
2026-09-02T09:11:41.110437+07:00,c9_sim,85,3.875,99.585,10.451,10.382,0.015,124.308
2026-09-02T09:11:41.232939+07:00,c9_sim,86,5.336,98.900,11.928,10.752,0.016,126.932
2026-09-02T09:11:41.358643+07:00,c9_sim,87,5.435,101.291,12.424,11.028,0.017,130.195
2026-09-02T09:11:41.480085+07:00,c9_sim,88,5.065,99.846,10.753,9.887,0.017,125.568
2026-09-02T09:11:41.600481+07:00,c9_sim,89,4.474,98.186,11.004,10.251,0.017,123.931
2026-09-02T09:11:41.721350+07:00,c9_sim,90,4.858,98.392,11.255,10.269,0.017,124.791
2026-09-02T09:11:41.841895+07:00,c9_sim,91,4.152,97.949,11.119,10.512,0.016,123.748
2026-09-02T09:11:41.961435+07:00,c9_sim,92,3.943,97.220,10.896,10.498,0.015,122.572
2026-09-02T09:11:42.078664+07:00,c9_sim,93,4.374,96.555,10.087,9.719,0.018,120.753
2026-09-02T09:11:42.199934+07:00,c9_sim,94,5.195,99.019,10.655,10.660,0.017,125.546
2026-09-02T09:11:42.323688+07:00,c9_sim,95,5.474,100.396,12.120,10.205,0.016,128.212
2026-09-02T09:11:42.445175+07:00,c9_sim,96,4.114,97.867,11.976,10.718,0.017,124.692
2026-09-02T09:11:42.566120+07:00,c9_sim,97,4.300,98.838,10.865,10.327,0.015,124.345
2026-09-02T09:11:42.686990+07:00,c9_sim,98,4.598,98.574,11.428,9.950,0.015,124.566
2026-09-02T09:11:42.807025+07:00,c9_sim,99,4.026,97.687,11.603,9.871,0.017,123.204
2026-09-02T09:11:42.923778+07:00,c9_sim,100,2.781,95.907,10.318,9.652,0.015,118.672
2026-09-02T09:11:43.039882+07:00,c9_sim,101,3.559,94.873,10.614,9.828,0.016,118.891
2026-09-02T09:11:43.156598+07:00,c9_sim,102,4.865,94.354,10.958,10.492,0.016,120.685
2026-09-02T09:11:43.273463+07:00,c9_sim,103,4.504,94.295,11.408,10.276,0.016,120.497
2026-09-02T09:11:43.391563+07:00,c9_sim,104,5.507,94.488,12.041,10.639,0.016,122.691
2026-09-02T09:11:43.508739+07:00,c9_sim,105,4.591,95.120,10.608,10.214,0.017,120.551
2026-09-02T09:11:43.625880+07:00,c9_sim,106,3.730,95.097,11.172,9.919,0.016,119.933
2026-09-02T09:11:43.741899+07:00,c9_sim,107,4.196,94.879,10.109,10.124,0.016,119.322
2026-09-02T09:11:43.858624+07:00,c9_sim,108,5.058,95.150,10.125,10.510,0.016,120.860
2026-09-02T09:11:43.976591+07:00,c9_sim,109,5.656,95.662,10.844,10.513,0.017,122.691
2026-09-02T09:11:44.093358+07:00,c9_sim,110,5.214,95.638,10.191,10.091,0.016,121.150
2026-09-02T09:11:44.212640+07:00,c9_sim,111,4.570,97.865,10.359,10.231,0.015,123.040
2026-09-02T09:11:44.332252+07:00,c9_sim,112,4.081,97.393,11.055,10.289,0.016,122.834
2026-09-02T09:11:44.453852+07:00,c9_sim,113,4.313,99.059,11.705,9.821,0.017,124.914
2026-09-02T09:11:44.573179+07:00,c9_sim,114,5.444,97.567,10.732,10.078,0.015,123.836
2026-09-02T09:11:44.693800+07:00,c9_sim,115,5.682,97.177,12.221,10.276,0.015,125.371
2026-09-02T09:11:44.811101+07:00,c9_sim,116,5.224,95.551,10.712,10.174,0.016,121.676
2026-09-02T09:11:44.927225+07:00,c9_sim,117,4.693,94.964,10.442,9.847,0.015,119.961
2026-09-02T09:11:45.042096+07:00,c9_sim,118,3.917,94.349,9.996,9.716,0.016,117.994
2026-09-02T09:11:45.158490+07:00,c9_sim,119,3.799,94.393,10.563,10.513,0.017,119.285
2026-09-02T09:11:45.274700+07:00,c9_sim,120,4.033,95.210,10.385,9.674,0.016,119.317
2026-09-02T09:11:45.390523+07:00,c9_sim,121,5.612,95.824,9.383,9.726,0.016,120.561
2026-09-02T09:11:45.506524+07:00,c9_sim,122,4.973,95.391,9.812,9.998,0.018,120.192
2026-09-02T09:11:45.626051+07:00,c9_sim,123,6.246,97.041,11.491,10.193,0.016,124.986
2026-09-02T09:11:45.745846+07:00,c9_sim,124,4.680,96.891,11.639,10.329,0.016,123.555
2026-09-02T09:11:45.868248+07:00,c9_sim,125,4.182,98.103,12.794,10.518,0.018,125.615
2026-09-02T09:11:45.989010+07:00,c9_sim,126,3.742,98.494,11.305,10.009,0.018,123.568
2026-09-02T09:11:46.106090+07:00,c9_sim,127,3.998,97.328,9.407,9.470,0.017,120.220
2026-09-02T09:11:46.224248+07:00,c9_sim,128,5.238,97.096,10.287,9.838,0.017,122.476
2026-09-02T09:11:46.335820+07:00,c9_sim,129,5.245,95.683,5.984,9.240,0.016,116.168
2026-09-02T09:11:46.462972+07:00,c9_sim,130,4.854,103.774,11.668,10.815,0.019,131.130
2026-09-02T09:11:46.596402+07:00,c9_sim,131,5.052,109.256,11.708,11.490,0.019,137.525
2026-09-02T09:11:46.726199+07:00,c9_sim,132,4.614,104.911,13.235,10.663,0.015,133.438
2026-09-02T09:11:46.851370+07:00,c9_sim,133,4.530,102.405,11.420,10.410,0.018,128.783
2026-09-02T09:11:46.977473+07:00,c9_sim,134,3.698,101.648,12.418,11.084,0.015,128.863
2026-09-02T09:11:47.099855+07:00,c9_sim,135,3.873,100.190,10.825,10.231,0.016,125.136
2026-09-02T09:11:47.221941+07:00,c9_sim,136,4.465,99.834,10.273,11.047,0.017,125.637
2026-09-02T09:11:47.345516+07:00,c9_sim,137,4.924,101.265,11.111,10.188,0.017,127.506
2026-09-02T09:11:47.466138+07:00,c9_sim,138,4.436,98.952,10.412,10.130,0.016,123.946
2026-09-02T09:11:47.585867+07:00,c9_sim,139,4.864,98.091,10.214,10.644,0.017,123.831
2026-09-02T09:11:47.708402+07:00,c9_sim,140,4.860,99.726,11.280,10.717,0.015,126.598
2026-09-02T09:11:47.829063+07:00,c9_sim,141,4.285,98.514,11.137,10.101,0.016,124.054
2026-09-02T09:11:47.951831+07:00,c9_sim,142,4.190,98.190,12.470,11.167,0.017,126.034
2026-09-02T09:11:48.072114+07:00,c9_sim,143,4.007,98.667,10.380,10.346,0.017,123.418
2026-09-02T09:11:48.190873+07:00,c9_sim,144,4.831,97.939,10.187,9.720,0.016,122.693
2026-09-02T09:11:48.309978+07:00,c9_sim,145,5.082,97.647,10.357,10.171,0.017,123.273
2026-09-02T09:11:48.428536+07:00,c9_sim,146,5.041,96.206,10.961,10.450,0.015,122.673
2026-09-02T09:11:48.546330+07:00,c9_sim,147,4.783,95.929,10.541,10.486,0.018,121.756
2026-09-02T09:11:48.667063+07:00,c9_sim,148,4.436,96.707,12.788,10.240,0.017,124.188
2026-09-02T09:11:48.786181+07:00,c9_sim,149,3.909,96.425,11.739,9.997,0.018,122.088
2026-09-02T09:11:48.903942+07:00,c9_sim,150,3.872,95.845,10.968,9.974,0.017,120.676
2026-09-02T09:11:49.020105+07:00,c9_sim,151,4.234,94.671,10.625,9.918,0.016,119.464
2026-09-02T09:11:49.136941+07:00,c9_sim,152,4.064,94.964,11.124,9.814,0.017,119.982
2026-09-02T09:11:49.255168+07:00,c9_sim,153,5.341,95.119,12.010,10.166,0.018,122.654
2026-09-02T09:11:49.371627+07:00,c9_sim,154,4.398,94.254,11.167,10.185,0.015,120.019
2026-09-02T09:11:49.487930+07:00,c9_sim,155,5.223,94.218,11.148,9.990,0.020,120.598
2026-09-02T09:11:49.604346+07:00,c9_sim,156,4.485,94.605,10.429,10.457,0.017,119.994
2026-09-02T09:11:49.721258+07:00,c9_sim,157,4.608,95.399,10.184,10.315,0.016,120.522
2026-09-02T09:11:49.839307+07:00,c9_sim,158,3.710,96.075,10.554,10.512,0.015,120.867
2026-09-02T09:11:49.957776+07:00,c9_sim,159,4.004,96.312,10.643,10.510,0.015,121.484
2026-09-02T09:11:50.075655+07:00,c9_sim,160,5.130,96.706,10.357,9.931,0.016,122.139
2026-09-02T09:11:50.193849+07:00,c9_sim,161,5.047,96.523,10.828,9.916,0.015,122.329
2026-09-02T09:11:50.312836+07:00,c9_sim,162,3.693,96.145,11.405,10.498,0.014,121.757
2026-09-02T09:11:50.432734+07:00,c9_sim,163,3.735,97.033,11.416,10.528,0.017,122.728
2026-09-02T09:11:50.551273+07:00,c9_sim,164,4.172,97.261,10.421,9.998,0.016,121.868
2026-09-02T09:11:50.670216+07:00,c9_sim,165,4.219,97.464,10.458,10.152,0.016,122.309
2026-09-02T09:11:50.792559+07:00,c9_sim,166,5.129,98.192,12.312,10.874,0.017,126.525
2026-09-02T09:11:50.915403+07:00,c9_sim,167,5.238,100.290,10.748,10.912,0.016,127.205
2026-09-02T09:11:51.037257+07:00,c9_sim,168,5.227,99.987,10.424,10.465,0.017,126.120
2026-09-02T09:11:51.159045+07:00,c9_sim,169,4.399,99.138,11.508,10.199,0.019,125.264
2026-09-02T09:11:51.282167+07:00,c9_sim,170,3.809,99.882,11.116,11.218,0.018,126.043
2026-09-02T09:11:51.404622+07:00,c9_sim,171,4.002,99.735,11.262,10.457,0.016,125.472
2026-09-02T09:11:51.523941+07:00,c9_sim,172,5.076,98.029,10.376,9.984,0.017,123.480
2026-09-02T09:11:51.642653+07:00,c9_sim,173,5.050,96.796,10.925,10.055,0.022,122.848
2026-09-02T09:11:51.760017+07:00,c9_sim,174,4.643,95.383,11.094,9.980,0.016,121.115
2026-09-02T09:11:51.875862+07:00,c9_sim,175,4.599,94.455,10.774,9.786,0.019,119.632
2026-09-02T09:11:51.990085+07:00,c9_sim,176,3.774,93.894,9.821,9.600,0.018,117.107
2026-09-02T09:11:52.103116+07:00,c9_sim,177,4.121,93.155,9.457,9.614,0.016,116.364
2026-09-02T09:11:52.219514+07:00,c9_sim,178,4.021,94.980,10.307,10.207,0.016,119.531
2026-09-02T09:11:52.338736+07:00,c9_sim,179,5.846,96.674,11.160,10.456,0.016,124.153
2026-09-02T09:11:52.456547+07:00,c9_sim,180,5.189,95.956,10.918,10.111,0.017,122.191
2026-09-02T09:11:52.575538+07:00,c9_sim,181,5.072,96.537,11.111,10.373,0.017,123.110
2026-09-02T09:11:52.694276+07:00,c9_sim,182,4.573,96.809,10.710,10.303,0.021,122.415
2026-09-02T09:11:52.813383+07:00,c9_sim,183,4.650,97.148,10.926,10.056,0.016,122.795
2026-09-02T09:11:52.932182+07:00,c9_sim,184,3.874,97.335,10.406,10.155,0.016,121.786
2026-09-02T09:11:53.052611+07:00,c9_sim,185,3.921,97.909,11.275,10.316,0.015,123.436
2026-09-02T09:11:53.173981+07:00,c9_sim,186,4.788,98.292,11.871,10.281,0.018,125.250
2026-09-02T09:11:53.295266+07:00,c9_sim,187,5.522,97.390,12.234,10.703,0.015,125.865
2026-09-02T09:11:53.418086+07:00,c9_sim,188,4.370,99.245,12.653,9.992,0.017,126.277
2026-09-02T09:11:53.537275+07:00,c9_sim,189,4.926,97.720,10.634,9.948,0.016,123.243
2026-09-02T09:11:53.657548+07:00,c9_sim,190,4.567,97.195,11.854,10.188,0.019,123.824
2026-09-02T09:11:53.778662+07:00,c9_sim,191,4.094,97.971,11.410,10.845,0.016,124.337
2026-09-02T09:11:53.900284+07:00,c9_sim,192,3.799,97.544,12.294,10.819,0.019,124.475
2026-09-02T09:11:54.023284+07:00,c9_sim,193,3.617,99.152,12.371,10.457,0.018,125.614
2026-09-02T09:11:54.146425+07:00,c9_sim,194,4.076,99.350,12.869,10.024,0.017,126.336
2026-09-02T09:11:54.271299+07:00,c9_sim,195,5.272,97.304,14.483,12.234,0.027,129.321
2026-09-02T09:11:54.395513+07:00,c9_sim,196,4.816,104.460,8.567,10.024,0.023,127.889
2026-09-02T09:11:54.515923+07:00,c9_sim,197,4.932,100.329,9.428,9.717,0.029,124.436
2026-09-02T09:11:54.636873+07:00,c9_sim,198,4.623,99.129,10.120,10.865,0.019,124.757
2026-09-02T09:11:54.760507+07:00,c9_sim,199,4.291,101.412,10.813,10.451,0.019,126.986
2026-09-02T09:11:54.883504+07:00,c9_sim,200,3.657,100.220,11.520,10.354,0.018,125.768
2026-09-02T09:11:55.005839+07:00,c9_sim,201,3.857,99.308,10.908,11.200,0.015,125.287
2026-09-02T09:11:55.126129+07:00,c9_sim,202,4.039,99.658,9.960,9.859,0.017,123.533
2026-09-02T09:11:55.248257+07:00,c9_sim,203,4.933,99.763,11.204,10.207,0.016,126.123
2026-09-02T09:11:55.369934+07:00,c9_sim,204,4.738,98.128,11.833,10.900,0.017,125.615
2026-09-02T09:11:55.494153+07:00,c9_sim,205,4.777,100.164,12.647,10.426,0.020,128.034
2026-09-02T09:11:55.616444+07:00,c9_sim,206,4.376,99.694,11.006,10.625,0.017,125.719
2026-09-02T09:11:55.740787+07:00,c9_sim,207,4.096,101.347,11.138,10.898,0.018,127.498
2026-09-02T09:11:55.865622+07:00,c9_sim,208,3.802,100.411,12.745,10.727,0.017,127.701
2026-09-02T09:11:55.989714+07:00,c9_sim,209,4.577,100.644,11.363,11.139,0.015,127.738
2026-09-02T09:11:56.111579+07:00,c9_sim,210,5.657,100.213,10.821,9.868,0.015,126.574
2026-09-02T09:11:56.231057+07:00,c9_sim,211,4.630,98.219,10.368,9.944,0.017,123.177
2026-09-02T09:11:56.350997+07:00,c9_sim,212,4.229,98.266,10.582,10.258,0.016,123.351
2026-09-02T09:11:56.553179+07:00,c8_sim,57,4.575,186.128,15.033,0.004,0.084,205.825
2026-09-02T09:11:56.574751+07:00,c9_sim,213,4.200,186.128,9.991,10.175,0.016,210.510
2026-09-02T09:11:56.773602+07:00,c8_sim,58,5.279,184.257,13.500,0.004,0.148,203.188
2026-09-02T09:11:56.795451+07:00,c9_sim,214,4.013,184.257,10.055,10.237,0.014,208.577
2026-09-02T09:11:57.001055+07:00,c8_sim,59,7.090,187.591,16.895,0.004,0.156,211.737
2026-09-02T09:11:57.024514+07:00,c9_sim,215,3.797,187.591,11.143,10.809,0.021,213.360
2026-09-02T09:11:57.226827+07:00,c8_sim,60,5.107,187.412,13.920,0.004,0.017,206.460
2026-09-02T09:11:57.248768+07:00,c9_sim,216,3.963,187.412,10.373,10.013,0.016,211.778
2026-09-02T09:11:57.447822+07:00,c8_sim,61,7.181,182.797,15.101,0.005,0.178,205.262
2026-09-02T09:11:57.470759+07:00,c9_sim,217,4.992,182.797,11.203,10.211,0.015,209.218
2026-09-02T09:11:57.667813+07:00,c8_sim,62,8.025,182.958,13.130,0.004,0.013,204.129
2026-09-02T09:11:57.689166+07:00,c9_sim,218,4.022,182.958,10.159,9.744,0.015,206.898
2026-09-02T09:11:57.887414+07:00,c8_sim,63,5.364,184.937,12.466,0.004,0.012,202.784
2026-09-02T09:11:57.909212+07:00,c9_sim,219,4.296,184.937,9.686,10.850,0.015,209.783
2026-09-02T09:11:58.110186+07:00,c8_sim,64,6.895,185.898,14.125,0.004,0.018,206.941
2026-09-02T09:11:58.133646+07:00,c9_sim,220,4.484,185.898,11.606,10.452,0.017,212.456
2026-09-02T09:11:58.334560+07:00,c8_sim,65,6.345,183.537,14.034,0.004,0.391,204.311
2026-09-02T09:11:58.357025+07:00,c9_sim,221,4.421,183.537,11.121,9.872,0.021,208.973
2026-09-02T09:11:58.553174+07:00,c8_sim,66,6.618,180.220,14.969,0.004,0.019,201.830
2026-09-02T09:11:58.575581+07:00,c9_sim,222,3.901,180.220,10.908,10.097,0.016,205.142
2026-09-02T09:11:58.774047+07:00,c8_sim,67,7.989,183.063,14.213,0.004,0.182,205.451
2026-09-02T09:11:58.797293+07:00,c9_sim,223,3.673,183.063,10.740,10.966,0.020,208.462
2026-09-02T09:11:58.997172+07:00,c8_sim,68,4.859,183.960,14.996,0.004,0.013,203.833
2026-09-02T09:11:59.019403+07:00,c9_sim,224,3.797,183.960,10.416,10.456,0.015,208.645
2026-09-02T09:11:59.221153+07:00,c8_sim,69,7.098,185.643,15.107,0.003,0.011,207.863
2026-09-02T09:11:59.242683+07:00,c9_sim,225,4.978,185.643,10.427,9.711,0.016,210.775
2026-09-02T09:11:59.441123+07:00,c8_sim,70,8.413,182.433,15.034,0.004,0.016,205.899
2026-09-02T09:11:59.464495+07:00,c9_sim,226,4.881,182.433,11.151,10.605,0.016,209.086
2026-09-02T09:11:59.661870+07:00,c8_sim,71,5.874,182.729,13.696,0.004,0.015,202.317
2026-09-02T09:11:59.685869+07:00,c9_sim,227,5.032,182.729,12.228,9.757,0.017,209.762
2026-09-02T09:11:59.884147+07:00,c8_sim,72,8.100,182.239,15.088,0.000,0.013,205.440
2026-09-02T09:11:59.905723+07:00,c9_sim,228,4.394,182.239,10.451,9.692,0.016,206.792
2026-09-02T09:12:00.113945+07:00,c8_sim,73,5.483,180.905,15.256,11.049,0.089,212.782
2026-09-02T09:12:00.133141+07:00,c9_sim,229,4.333,180.905,9.182,9.419,0.015,203.855
2026-09-02T09:12:00.332952+07:00,c8_sim,74,7.997,184.049,14.798,0.004,0.018,206.866
2026-09-02T09:12:00.354800+07:00,c9_sim,230,3.674,184.049,11.116,9.321,0.015,208.175
2026-09-02T09:12:00.550360+07:00,c8_sim,75,7.332,179.924,14.560,0.004,0.123,201.943
2026-09-02T09:12:00.571692+07:00,c9_sim,231,4.338,179.924,10.220,9.589,0.016,204.086
2026-09-02T09:12:00.770486+07:00,c8_sim,76,6.052,181.933,15.758,0.004,0.170,203.917
2026-09-02T09:12:00.793983+07:00,c9_sim,232,5.864,181.933,11.497,10.353,0.015,209.662
2026-09-02T09:12:00.990263+07:00,c8_sim,77,6.982,181.100,14.077,0.004,0.165,202.329
2026-09-02T09:12:01.012636+07:00,c9_sim,233,3.690,181.100,10.990,9.903,0.014,205.698
2026-09-02T09:12:01.226335+07:00,c8_sim,78,5.353,202.129,10.694,0.003,0.081,218.261
2026-09-02T09:12:01.244506+07:00,c9_sim,234,5.149,202.129,8.251,9.055,0.014,224.599
2026-09-02T09:12:01.453730+07:00,c8_sim,79,6.844,182.259,14.655,11.373,0.013,215.144
2026-09-02T09:12:01.472139+07:00,c9_sim,235,4.399,182.259,8.742,9.108,0.015,204.523
2026-09-02T09:12:01.680516+07:00,c8_sim,80,7.387,181.777,14.762,10.925,0.013,214.864
2026-09-02T09:12:01.701793+07:00,c9_sim,236,3.896,181.777,10.521,10.198,0.018,206.409
2026-09-02T09:12:01.912608+07:00,c8_sim,81,4.856,182.161,16.781,10.958,0.013,214.770
2026-09-02T09:12:01.932188+07:00,c9_sim,237,3.821,182.161,9.810,9.221,0.015,205.028
2026-09-02T09:12:02.137262+07:00,c8_sim,82,7.970,182.187,11.334,10.720,0.012,212.222
2026-09-02T09:12:02.156228+07:00,c9_sim,238,4.908,182.187,8.981,9.410,0.014,205.499
2026-09-02T09:12:02.358947+07:00,c8_sim,83,6.881,184.281,17.455,0.004,0.016,208.639
2026-09-02T09:12:02.383651+07:00,c9_sim,239,5.528,184.281,11.960,11.158,0.017,212.944
2026-09-02T09:12:02.599518+07:00,c8_sim,84,7.219,187.269,16.003,11.571,0.013,222.076
2026-09-02T09:12:02.621236+07:00,c9_sim,240,3.897,187.269,11.562,9.525,0.014,212.267
2026-09-02T09:12:02.935583+07:00,c8_sim,85,7.857,296.859,7.062,9.644,0.011,321.433
2026-09-02T09:12:02.951761+07:00,c9_sim,241,4.788,296.859,6.477,9.160,0.014,317.298
2026-09-02T09:12:02.951826+07:00,c10_sim,1,6.050,296.859,0.000,0.000,0.003,302.912
2026-09-02T09:12:03.253663+07:00,c8_sim,86,4.596,272.151,16.617,12.204,0.025,305.592
2026-09-02T09:12:03.276426+07:00,c9_sim,242,3.716,272.151,11.548,10.631,0.015,298.061
2026-09-02T09:12:03.276498+07:00,c10_sim,2,2.733,272.151,0.000,0.000,0.002,274.885
2026-09-02T09:12:03.569557+07:00,c8_sim,87,7.072,276.066,6.103,10.245,0.010,299.496
2026-09-02T09:12:03.585801+07:00,c9_sim,243,3.597,276.066,6.441,9.290,0.011,295.405
2026-09-02T09:12:03.585857+07:00,c10_sim,3,3.123,276.066,0.000,0.000,0.001,279.190
2026-09-02T09:12:03.884104+07:00,c8_sim,88,8.302,280.947,6.031,10.643,0.009,305.932
2026-09-02T09:12:03.900488+07:00,c9_sim,244,3.963,280.947,6.035,9.825,0.013,300.782
2026-09-02T09:12:03.900552+07:00,c10_sim,4,3.688,280.947,0.000,0.000,0.001,284.636
2026-09-02T09:12:04.205298+07:00,c8_sim,89,5.272,288.087,6.260,9.657,0.008,309.285
2026-09-02T09:12:04.221477+07:00,c9_sim,245,5.263,288.087,6.222,9.448,0.012,309.032
2026-09-02T09:12:04.221529+07:00,c10_sim,5,6.595,288.087,0.000,0.000,0.001,294.684
2026-09-02T09:12:04.523961+07:00,c8_sim,90,8.441,286.002,6.370,9.425,0.009,310.248
2026-09-02T09:12:04.540236+07:00,c9_sim,246,4.761,286.002,5.961,9.818,0.013,306.556
2026-09-02T09:12:04.540296+07:00,c10_sim,6,5.957,286.002,0.000,0.000,0.001,291.960
2026-09-02T09:12:04.841871+07:00,c8_sim,91,5.400,284.770,6.089,10.061,0.009,306.329
2026-09-02T09:12:04.857957+07:00,c9_sim,247,4.463,284.770,6.056,9.533,0.013,304.835
2026-09-02T09:12:04.870421+07:00,c10_sim,7,4.697,284.770,2.516,9.432,0.035,301.450
2026-09-02T09:12:05.169298+07:00,c8_sim,92,6.701,281.187,6.237,10.797,0.010,304.932
2026-09-02T09:12:05.186375+07:00,c9_sim,248,3.901,281.187,7.068,9.507,0.010,301.673
2026-09-02T09:12:05.202221+07:00,c10_sim,8,3.339,281.187,6.091,9.266,0.008,299.891
2026-09-02T09:12:05.502722+07:00,c8_sim,93,8.146,284.003,6.106,9.724,0.010,307.989
2026-09-02T09:12:05.519982+07:00,c9_sim,249,3.849,284.003,6.943,9.811,0.014,304.620
2026-09-02T09:12:05.536446+07:00,c10_sim,9,3.167,284.003,6.122,9.815,0.007,303.115
2026-09-02T09:12:05.836254+07:00,c8_sim,94,5.804,283.166,6.192,9.775,0.010,304.947
2026-09-02T09:12:05.851913+07:00,c9_sim,250,3.704,283.166,5.620,9.522,0.015,302.028
2026-09-02T09:12:05.868093+07:00,c10_sim,10,3.149,283.166,6.185,9.476,0.009,301.985
2026-09-02T09:12:06.181558+07:00,c8_sim,95,7.426,296.205,6.903,9.669,0.017,320.220
2026-09-02T09:12:06.199495+07:00,c9_sim,251,4.568,296.205,7.369,10.085,0.011,318.238
2026-09-02T09:12:06.216903+07:00,c10_sim,11,3.162,296.205,6.499,10.260,0.009,316.135
2026-09-02T09:12:06.528224+07:00,c8_sim,96,5.447,294.293,6.531,9.696,0.014,315.981
2026-09-02T09:12:06.545984+07:00,c9_sim,252,5.584,294.293,6.824,10.270,0.012,316.984
2026-09-02T09:12:06.583631+07:00,c10_sim,12,3.248,294.293,7.264,29.606,0.054,334.465
2026-09-02T09:12:06.912167+07:00,c8_sim,97,7.056,311.095,6.749,9.822,0.015,334.737
2026-09-02T09:12:06.929567+07:00,c9_sim,253,4.816,311.095,7.261,9.629,0.012,332.813
2026-09-02T09:12:06.956539+07:00,c10_sim,13,3.207,311.095,7.606,18.632,0.031,340.572
2026-09-02T09:12:07.262799+07:00,c8_sim,98,7.910,289.605,6.482,9.529,0.015,313.541
2026-09-02T09:12:07.278922+07:00,c9_sim,254,4.894,289.605,6.420,9.225,0.013,310.157
2026-09-02T09:12:07.304324+07:00,c10_sim,14,3.125,289.605,6.723,18.025,0.009,317.488
2026-09-02T09:12:07.606395+07:00,c8_sim,99,5.147,284.511,6.180,10.712,0.015,306.565
2026-09-02T09:12:07.622185+07:00,c9_sim,255,3.909,284.511,5.916,9.345,0.012,303.692
2026-09-02T09:12:07.647287+07:00,c10_sim,15,3.571,284.511,6.255,18.143,0.008,312.488
2026-09-02T09:12:07.947597+07:00,c8_sim,100,8.006,283.298,6.474,9.762,0.017,307.557
2026-09-02T09:12:07.963912+07:00,c9_sim,256,3.925,283.298,6.257,9.553,0.012,303.046
2026-09-02T09:12:07.988976+07:00,c10_sim,16,3.078,283.298,6.288,18.084,0.009,310.756
2026-09-02T09:12:08.286612+07:00,c8_sim,101,5.995,280.799,6.250,9.908,0.017,302.969
2026-09-02T09:12:08.302546+07:00,c9_sim,257,4.355,280.799,6.090,9.376,0.014,300.635
2026-09-02T09:12:08.327944+07:00,c10_sim,17,3.230,280.799,6.506,18.220,0.009,308.764
2026-09-02T09:12:08.626256+07:00,c8_sim,102,6.118,281.736,6.347,9.574,0.012,303.787
2026-09-02T09:12:08.626321+07:00,c9_sim,258,6.096,281.736,0.000,0.000,0.002,287.835
2026-09-02T09:12:08.651741+07:00,c10_sim,18,3.199,281.736,6.406,18.352,0.011,309.704
2026-09-02T09:12:08.859324+07:00,c8_sim,103,7.422,190.936,6.329,9.628,0.014,214.328
2026-09-02T09:12:08.884443+07:00,c10_sim,19,3.236,190.936,6.099,18.280,0.035,218.586
2026-09-02T09:12:09.089967+07:00,c8_sim,104,4.568,189.167,6.278,9.425,0.013,209.452
2026-09-02T09:12:09.115059+07:00,c10_sim,20,3.305,189.167,6.278,18.172,0.010,216.931
2026-09-02T09:12:09.320806+07:00,c8_sim,105,6.918,188.591,6.420,10.124,0.014,212.066
2026-09-02T09:12:09.345942+07:00,c10_sim,21,3.134,188.591,6.223,18.189,0.009,216.146
2026-09-02T09:12:09.552503+07:00,c8_sim,106,8.434,190.323,6.180,9.374,0.014,214.325
2026-09-02T09:12:09.577535+07:00,c10_sim,22,3.208,190.323,6.085,18.246,0.010,217.871
2026-09-02T09:12:09.784361+07:00,c8_sim,107,6.043,190.001,6.442,9.715,0.015,212.216
2026-09-02T09:12:09.809544+07:00,c10_sim,23,3.117,190.001,6.409,18.038,0.040,217.605
2026-09-02T09:12:10.016178+07:00,c8_sim,108,8.220,190.266,6.085,9.625,0.013,214.209
2026-09-02T09:12:10.041807+07:00,c10_sim,24,3.331,190.266,6.746,18.163,0.013,218.520
2026-09-02T09:12:10.247439+07:00,c8_sim,109,5.069,189.164,6.238,9.545,0.018,210.034
2026-09-02T09:12:10.272681+07:00,c10_sim,25,3.557,189.164,6.087,18.368,0.013,217.189
2026-09-02T09:12:10.479522+07:00,c8_sim,110,6.377,190.361,6.346,9.478,0.013,212.574
2026-09-02T09:12:10.505895+07:00,c10_sim,26,3.582,190.361,6.415,19.228,0.012,219.597
2026-09-02T09:12:10.717312+07:00,c8_sim,111,8.608,194.306,6.587,9.836,0.014,219.351
2026-09-02T09:12:10.742838+07:00,c10_sim,27,3.539,194.306,6.152,18.645,0.010,222.652
2026-09-02T09:12:10.955040+07:00,c8_sim,112,5.761,195.505,6.269,9.750,0.014,217.299
2026-09-02T09:12:10.980252+07:00,c10_sim,28,3.699,195.505,5.953,18.525,0.016,223.697
2026-09-02T09:12:11.286145+07:00,c8_sim,113,28.061,289.005,6.191,9.999,0.014,333.269
2026-09-02T09:12:11.311544+07:00,c10_sim,29,11.588,289.005,6.160,18.516,0.017,325.286
2026-09-02T09:12:11.324325+07:00,c12_sim,1,2.140,289.005,2.559,9.644,0.025,303.373
2026-09-02T09:12:11.631181+07:00,c8_sim,114,5.102,290.167,6.127,9.954,0.014,311.364
2026-09-02T09:12:11.657842+07:00,c10_sim,30,3.524,290.167,6.454,19.501,0.015,319.661
2026-09-02T09:12:11.673756+07:00,c12_sim,2,3.116,290.167,5.641,9.764,0.008,308.696
2026-09-02T09:12:11.981820+07:00,c8_sim,115,6.337,291.475,6.220,9.748,0.013,313.793
2026-09-02T09:12:12.007778+07:00,c10_sim,31,3.478,291.475,6.309,18.913,0.014,320.190
2026-09-02T09:12:12.024167+07:00,c12_sim,3,2.767,291.475,5.642,10.305,0.009,310.200
2026-09-02T09:12:12.330297+07:00,c8_sim,116,8.518,289.879,6.029,9.617,0.013,314.056
2026-09-02T09:12:12.355694+07:00,c10_sim,32,3.411,289.879,5.903,18.797,0.048,318.037
2026-09-02T09:12:12.371567+07:00,c12_sim,4,3.018,289.879,5.752,9.633,0.007,308.290
2026-09-02T09:12:12.677001+07:00,c8_sim,117,4.608,287.824,6.598,10.388,0.012,309.430
2026-09-02T09:12:12.703455+07:00,c10_sim,33,3.535,287.824,6.083,19.645,0.015,317.101
2026-09-02T09:12:12.720200+07:00,c12_sim,5,3.690,287.824,6.398,9.642,0.009,307.563
2026-09-02T09:12:13.025368+07:00,c8_sim,118,6.373,288.977,6.035,9.559,0.013,310.957
2026-09-02T09:12:13.051677+07:00,c10_sim,34,3.325,288.977,5.980,19.587,0.048,317.917
2026-09-02T09:12:13.076669+07:00,c12_sim,6,2.975,288.977,5.882,18.399,0.024,316.257
2026-09-02T09:12:13.377059+07:00,c8_sim,119,7.601,284.182,6.262,9.309,0.014,307.369
2026-09-02T09:12:13.402073+07:00,c10_sim,35,3.327,284.182,5.801,18.477,0.016,311.803
2026-09-02T09:12:13.426648+07:00,c12_sim,7,2.931,284.182,5.699,18.135,0.037,310.985
2026-09-02T09:12:13.727659+07:00,c8_sim,120,5.333,284.851,6.173,9.317,0.012,305.685
2026-09-02T09:12:13.753092+07:00,c10_sim,36,3.291,284.851,5.998,18.549,0.017,312.706
2026-09-02T09:12:13.777467+07:00,c12_sim,8,3.251,284.851,5.518,18.123,0.023,311.765
2026-09-02T09:12:14.071378+07:00,c8_sim,121,9.528,285.958,7.329,0.003,0.009,302.827
2026-09-02T09:12:14.101897+07:00,c10_sim,37,3.346,285.958,8.817,20.433,0.057,318.612
2026-09-02T09:12:14.122711+07:00,c12_sim,9,3.060,285.958,10.615,9.571,0.012,309.217
2026-09-02T09:12:14.443692+07:00,c8_sim,122,5.777,298.606,21.332,0.004,0.015,325.734
2026-09-02T09:12:14.482585+07:00,c10_sim,38,3.131,298.606,13.710,23.086,0.075,338.608
2026-09-02T09:12:14.501207+07:00,c12_sim,10,3.044,298.606,8.471,9.560,0.013,319.694
2026-09-02T09:12:14.827677+07:00,c8_sim,123,6.387,290.450,19.825,14.259,0.019,330.940
2026-09-02T09:12:14.849945+07:00,c10_sim,39,3.309,290.450,10.625,9.618,0.016,314.019
2026-09-02T09:12:14.868120+07:00,c12_sim,11,2.890,290.450,7.672,9.979,0.010,311.002
2026-09-02T09:12:15.205561+07:00,c8_sim,124,5.625,303.316,20.331,12.852,0.029,342.153
2026-09-02T09:12:15.228108+07:00,c10_sim,40,3.228,303.316,10.980,10.453,0.015,327.992
2026-09-02T09:12:15.245737+07:00,c12_sim,12,2.950,303.316,7.415,9.580,0.011,323.272
2026-09-02T09:12:15.664299+07:00,c8_sim,125,4.600,394.182,12.399,11.116,0.019,422.318
2026-09-02T09:12:15.684052+07:00,c10_sim,41,3.307,394.182,8.945,9.935,0.018,416.387
2026-09-02T09:12:15.697823+07:00,c11_sim,1,4.839,394.182,3.411,9.765,0.032,412.230
2026-09-02T09:12:15.714424+07:00,c12_sim,13,2.935,394.182,7.264,8.857,0.011,413.248
2026-09-02T09:12:16.075768+07:00,c8_sim,126,6.978,361.226,0.000,0.000,0.008,368.212
2026-09-02T09:12:16.101744+07:00,c10_sim,42,3.414,361.226,6.395,18.666,0.016,389.717
2026-09-02T09:12:16.117664+07:00,c11_sim,2,2.871,361.226,6.110,9.276,0.010,379.492
2026-09-02T09:12:16.133272+07:00,c12_sim,14,3.144,361.226,5.990,9.116,0.008,379.484
2026-09-02T09:12:16.497261+07:00,c8_sim,127,7.595,363.873,0.000,0.000,0.010,371.477
2026-09-02T09:12:16.523080+07:00,c10_sim,43,3.164,363.873,6.283,18.626,0.018,391.964
2026-09-02T09:12:16.539240+07:00,c11_sim,3,3.672,363.873,6.170,9.525,0.009,383.248
2026-09-02T09:12:16.555808+07:00,c12_sim,15,3.305,363.873,5.803,10.257,0.009,383.247
2026-09-02T09:12:16.934981+07:00,c8_sim,128,5.916,379.056,0.000,0.000,0.007,384.980
2026-09-02T09:12:16.962014+07:00,c10_sim,44,3.290,379.056,6.841,19.276,0.017,408.480
2026-09-02T09:12:16.968363+07:00,c11_sim,4,4.287,379.056,5.819,0.001,0.006,389.169
2026-09-02T09:12:16.984430+07:00,c12_sim,16,3.210,379.056,5.477,9.601,0.007,397.352
2026-09-02T09:12:17.289259+07:00,c10_sim,45,3.247,287.225,6.018,10.846,0.014,307.349
2026-09-02T09:12:17.305498+07:00,c11_sim,5,5.094,287.225,5.995,9.698,0.024,308.035
2026-09-02T09:12:17.321056+07:00,c12_sim,17,3.128,287.225,5.564,9.506,0.008,305.431
2026-09-02T09:12:17.622308+07:00,c10_sim,46,3.151,284.766,6.019,9.719,0.013,303.669
2026-09-02T09:12:17.638142+07:00,c11_sim,6,5.945,284.766,5.984,9.323,0.008,306.026
2026-09-02T09:12:17.653541+07:00,c12_sim,18,3.039,284.766,5.581,9.350,0.008,302.745
2026-09-02T09:12:17.953146+07:00,c10_sim,47,3.122,282.376,6.477,9.901,0.073,301.949
2026-09-02T09:12:17.969804+07:00,c11_sim,7,4.100,282.376,6.018,10.115,0.010,302.619
2026-09-02T09:12:17.985447+07:00,c12_sim,19,2.900,282.376,5.551,9.580,0.007,300.414
2026-09-02T09:12:18.287338+07:00,c10_sim,48,3.229,285.203,6.192,9.799,0.014,304.436
2026-09-02T09:12:18.303375+07:00,c11_sim,8,3.489,285.203,5.852,9.682,0.009,304.234
2026-09-02T09:12:18.318742+07:00,c12_sim,20,3.141,285.203,5.384,9.499,0.008,303.235
2026-09-02T09:12:18.620999+07:00,c10_sim,49,3.220,285.201,6.189,10.089,0.014,304.713
2026-09-02T09:12:18.637531+07:00,c11_sim,9,3.296,285.201,5.937,10.082,0.008,304.524
2026-09-02T09:12:18.653542+07:00,c12_sim,21,3.013,285.201,5.819,9.751,0.010,303.794
2026-09-02T09:12:18.956512+07:00,c10_sim,50,3.232,285.812,6.461,9.914,0.013,305.432
2026-09-02T09:12:18.972222+07:00,c11_sim,10,3.156,285.812,5.749,9.434,0.008,304.159
2026-09-02T09:12:18.988109+07:00,c12_sim,22,3.070,285.812,5.860,9.523,0.014,304.279
2026-09-02T09:12:19.291572+07:00,c10_sim,51,3.190,285.774,6.695,10.302,0.015,305.976
2026-09-02T09:12:19.307306+07:00,c11_sim,11,3.088,285.774,5.713,9.518,0.007,304.099
2026-09-02T09:12:19.323091+07:00,c12_sim,23,2.927,285.774,5.717,9.443,0.113,303.973
2026-09-02T09:12:19.627179+07:00,c10_sim,52,3.151,287.000,6.632,9.679,0.017,306.479
2026-09-02T09:12:19.642545+07:00,c11_sim,12,3.258,287.000,5.627,9.231,0.029,305.146
2026-09-02T09:12:19.659046+07:00,c12_sim,24,3.933,287.000,6.004,9.982,0.013,306.932
2026-09-02T09:12:19.982742+07:00,c10_sim,53,3.137,291.867,15.489,14.552,0.032,325.076
2026-09-02T09:12:19.999925+07:00,c11_sim,13,3.310,291.867,6.292,10.039,0.027,311.534
2026-09-02T09:12:19.999999+07:00,c12_sim,25,6.661,291.867,0.000,0.000,0.002,298.530
2026-09-02T09:12:20.318319+07:00,c10_sim,54,3.350,311.695,6.094,0.002,0.008,321.149
2026-09-02T09:12:20.335264+07:00,c11_sim,14,3.122,311.695,5.716,10.204,0.023,330.760
2026-09-02T09:12:20.343027+07:00,c12_sim,26,6.691,311.695,7.270,0.000,0.004,325.659
2026-09-02T09:12:20.650259+07:00,c10_sim,55,3.133,299.814,6.629,0.003,0.009,309.587
2026-09-02T09:12:20.666948+07:00,c11_sim,15,3.211,299.814,5.876,9.858,0.008,318.765
2026-09-02T09:12:20.683504+07:00,c12_sim,27,3.861,299.814,6.079,9.935,0.055,319.744
2026-09-02T09:12:20.983445+07:00,c10_sim,56,3.108,293.321,6.085,0.002,0.009,302.525
2026-09-02T09:12:20.999876+07:00,c11_sim,16,3.223,293.321,5.643,9.865,0.010,312.062
2026-09-02T09:12:21.016654+07:00,c12_sim,28,7.268,293.321,6.155,10.072,0.044,316.861
2026-09-02T09:12:21.315005+07:00,c10_sim,57,3.205,289.807,7.750,0.003,0.011,300.776
2026-09-02T09:12:21.331569+07:00,c11_sim,17,3.267,289.807,5.866,9.828,0.025,308.793
2026-09-02T09:12:21.348026+07:00,c12_sim,29,8.383,289.807,6.217,9.728,0.040,314.175
2026-09-02T09:12:21.644307+07:00,c10_sim,58,3.297,288.904,6.484,0.003,0.009,298.696
2026-09-02T09:12:21.660608+07:00,c11_sim,18,3.157,288.904,5.771,9.408,0.013,307.254
2026-09-02T09:12:21.676257+07:00,c12_sim,30,3.520,288.904,5.864,9.239,0.058,307.586
2026-09-02T09:12:21.885010+07:00,c11_sim,19,3.220,192.613,5.909,9.639,0.028,211.408
2026-09-02T09:12:21.891976+07:00,c12_sim,31,7.190,192.613,6.453,0.002,0.006,206.264
2026-09-02T09:12:22.014363+07:00,c11_sim,20,3.247,105.878,6.497,9.504,0.015,125.141
2026-09-02T09:12:22.150341+07:00,c11_sim,21,3.263,103.903,19.128,12.057,0.019,138.370
2026-09-02T09:12:22.281738+07:00,c11_sim,22,3.243,106.431,13.422,10.719,0.021,133.836
2026-09-02T09:12:22.408208+07:00,c11_sim,23,3.467,102.031,12.749,10.929,0.036,129.212
2026-09-02T09:12:22.526924+07:00,c11_sim,24,3.278,101.183,7.700,9.242,0.041,121.443
2026-09-02T09:12:22.659421+07:00,c11_sim,25,3.243,109.493,11.568,10.626,0.018,134.949
2026-09-02T09:12:22.786127+07:00,c11_sim,26,3.163,103.002,11.686,11.293,0.020,129.162
2026-09-02T09:12:22.912050+07:00,c11_sim,27,3.134,103.474,11.736,9.941,0.016,128.301
2026-09-02T09:12:23.035709+07:00,c11_sim,28,3.259,101.063,10.944,10.899,0.018,126.183
2026-09-02T09:12:23.159424+07:00,c11_sim,29,3.177,101.487,11.172,10.289,0.018,126.142
2026-09-02T09:12:23.281847+07:00,c11_sim,30,3.275,100.484,10.856,10.308,0.017,124.939
2026-09-02T09:12:23.407458+07:00,c11_sim,31,3.232,102.169,12.317,10.392,0.020,128.130
2026-09-02T09:12:23.531788+07:00,c11_sim,32,3.213,100.589,11.958,11.002,0.018,126.781
2026-09-02T09:12:23.656155+07:00,c11_sim,33,3.399,101.702,11.380,10.470,0.033,126.985
2026-09-02T09:12:23.777563+07:00,c11_sim,34,3.183,99.804,10.584,10.249,0.032,123.853
2026-09-02T09:12:23.899288+07:00,c11_sim,35,3.413,100.851,10.117,9.970,0.035,124.385
2026-09-02T09:12:24.020755+07:00,c11_sim,36,3.160,99.202,11.139,10.359,0.018,123.877
2026-09-02T09:12:24.141492+07:00,c11_sim,37,3.236,98.757,11.394,9.820,0.019,123.226
2026-09-02T09:12:24.261381+07:00,c11_sim,38,3.241,98.324,10.937,9.874,0.017,122.392
2026-09-02T09:12:24.382599+07:00,c11_sim,39,3.253,99.090,11.057,10.303,0.017,123.720
2026-09-02T09:12:24.505124+07:00,c11_sim,40,3.098,100.208,11.146,10.401,0.017,124.870
2026-09-02T09:12:24.623627+07:00,c11_sim,41,3.505,99.162,9.291,9.422,0.019,121.399
2026-09-02T09:12:24.743109+07:00,c11_sim,42,3.257,98.485,10.319,9.927,0.016,122.004
2026-09-02T09:12:24.862690+07:00,c11_sim,43,3.161,97.468,11.225,10.102,0.017,121.973
2026-09-02T09:12:24.983634+07:00,c11_sim,44,3.202,97.902,11.567,10.708,0.026,123.405
2026-09-02T09:12:25.103724+07:00,c11_sim,45,3.239,98.633,10.501,10.276,0.014,122.662
2026-09-02T09:12:25.221245+07:00,c11_sim,46,3.235,98.297,9.206,9.376,0.016,120.129
2026-09-02T09:12:25.341299+07:00,c11_sim,47,3.450,98.545,10.997,9.847,0.016,122.855
2026-09-02T09:12:25.465665+07:00,c11_sim,48,3.166,100.817,11.823,10.978,0.019,126.804
2026-09-02T09:12:25.591336+07:00,c11_sim,49,3.228,102.445,12.117,10.335,0.016,128.141
2026-09-02T09:12:25.714714+07:00,c11_sim,50,3.225,100.098,11.683,10.813,0.017,125.837
2026-09-02T09:12:25.839793+07:00,c11_sim,51,12.915,101.766,11.797,10.719,0.031,137.228
2026-09-02T09:12:25.963496+07:00,c11_sim,52,3.451,100.161,12.038,10.764,0.018,126.431
2026-09-02T09:12:26.090268+07:00,c11_sim,53,3.246,102.839,13.155,9.970,0.018,129.228
2026-09-02T09:12:26.207962+07:00,c11_sim,54,3.274,98.811,9.057,9.222,0.016,120.380
2026-09-02T09:12:26.326242+07:00,c11_sim,55,3.421,98.041,10.283,9.299,0.014,121.059
2026-09-02T09:12:26.444814+07:00,c11_sim,56,3.266,98.021,10.223,9.676,0.016,121.201
2026-09-02T09:12:26.564820+07:00,c11_sim,57,3.170,98.393,10.660,10.344,0.016,122.582
2026-09-02T09:12:26.688887+07:00,c11_sim,58,3.456,100.355,11.626,11.291,0.019,126.747
2026-09-02T09:12:26.809645+07:00,c11_sim,59,5.582,100.542,10.464,9.072,0.020,125.680
2026-09-02T09:12:26.928943+07:00,c11_sim,60,5.139,97.571,10.951,10.139,0.018,123.818
2026-09-02T09:12:27.051217+07:00,c11_sim,61,5.522,98.329,12.169,10.914,0.017,126.951
2026-09-02T09:12:27.176307+07:00,c11_sim,62,3.886,100.657,12.606,11.036,0.018,128.202
2026-09-02T09:12:27.299794+07:00,c11_sim,63,6.765,98.917,12.546,11.030,0.018,129.276
2026-09-02T09:12:27.432970+07:00,c11_sim,64,6.519,100.778,11.431,19.955,0.037,138.720
2026-09-02T09:12:27.563951+07:00,c11_sim,65,5.738,99.731,11.714,18.475,0.018,135.675
2026-09-02T09:12:27.693441+07:00,c11_sim,66,5.624,99.394,10.849,18.166,0.033,134.067
2026-09-02T09:12:27.824807+07:00,c11_sim,67,5.587,99.689,11.216,19.519,0.019,136.031
2026-09-02T09:12:27.956740+07:00,c11_sim,68,5.648,101.350,10.840,18.721,0.034,136.593
2026-09-02T09:12:28.088468+07:00,c11_sim,69,6.477,101.031,10.832,18.937,0.019,137.296
2026-09-02T09:12:28.221119+07:00,c11_sim,70,7.065,100.962,11.040,19.586,0.036,138.689
2026-09-02T09:12:28.353401+07:00,c11_sim,71,6.535,101.005,11.278,18.920,0.038,137.777
2026-09-02T09:12:28.480958+07:00,c11_sim,72,5.771,99.613,9.108,17.837,0.017,132.347
2026-09-02T09:12:28.609933+07:00,c11_sim,73,6.184,98.409,10.352,19.399,0.019,134.362
2026-09-02T09:12:28.739945+07:00,c11_sim,74,5.659,100.314,10.333,18.471,0.017,134.794
2026-09-02T09:12:28.873612+07:00,c11_sim,75,5.631,101.341,11.980,19.304,0.018,138.274
2026-09-02T09:12:29.006376+07:00,c11_sim,76,5.720,101.030,11.829,18.851,0.018,137.448
2026-09-02T09:12:29.139897+07:00,c11_sim,77,5.706,100.903,12.382,19.151,0.019,138.161
2026-09-02T09:12:29.271460+07:00,c11_sim,78,5.627,100.329,11.188,19.091,0.017,136.253
2026-09-02T09:12:29.402083+07:00,c11_sim,79,5.538,99.806,11.017,18.781,0.016,135.159
2026-09-02T09:12:29.531711+07:00,c11_sim,80,5.462,98.819,11.099,18.810,0.041,134.230
2026-09-02T09:12:29.658545+07:00,c11_sim,81,5.531,97.742,10.364,17.738,0.041,131.416
2026-09-02T09:12:29.788932+07:00,c11_sim,82,5.615,99.746,10.569,19.122,0.039,135.092
2026-09-02T09:12:29.920206+07:00,c11_sim,83,5.826,100.585,10.395,19.378,0.020,136.205
2026-09-02T09:12:30.053195+07:00,c11_sim,84,4.440,100.941,11.792,19.189,0.019,136.381
2026-09-02T09:12:30.185334+07:00,c11_sim,85,5.497,100.730,11.216,19.257,0.019,136.719
2026-09-02T09:12:30.310934+07:00,c11_sim,86,5.861,100.138,7.416,17.184,0.019,130.617
2026-09-02T09:12:30.433562+07:00,c11_sim,87,5.684,98.201,6.341,17.377,0.019,127.622
2026-09-02T09:12:30.565085+07:00,c11_sim,88,5.082,100.727,11.899,17.798,0.041,135.548
2026-09-02T09:12:30.689697+07:00,c11_sim,89,5.153,100.391,6.096,17.443,0.017,129.100
2026-09-02T09:12:30.819097+07:00,c11_sim,90,5.068,101.224,8.461,18.822,0.016,133.592
2026-09-02T09:12:30.949349+07:00,c11_sim,91,4.887,104.009,6.588,18.606,0.059,134.149
2026-09-02T09:12:31.078792+07:00,c11_sim,92,4.879,103.391,7.563,17.590,0.053,133.476
2026-09-02T09:12:31.212956+07:00,c11_sim,93,4.217,103.182,10.768,19.305,0.021,137.493
2026-09-02T09:12:31.348832+07:00,c11_sim,94,4.580,106.665,10.032,18.282,0.018,139.577
2026-09-02T09:12:31.484891+07:00,c11_sim,95,5.102,107.018,9.045,18.996,0.019,140.180
2026-09-02T09:12:31.622833+07:00,c11_sim,96,4.944,108.010,10.581,18.412,0.020,141.967
2026-09-02T09:12:31.763199+07:00,c11_sim,97,5.075,109.978,10.289,19.236,0.018,144.597
2026-09-02T09:12:31.905689+07:00,c11_sim,98,3.809,110.452,11.428,19.595,0.020,145.304
2026-09-02T09:12:32.055066+07:00,c11_sim,99,5.154,116.914,11.213,20.353,0.056,153.691
2026-09-02T09:12:32.214236+07:00,c11_sim,100,5.089,124.903,11.227,21.921,0.020,163.160
2026-09-02T09:12:32.387104+07:00,c11_sim,101,4.530,132.362,16.234,22.979,0.020,176.125
2026-09-02T09:12:32.560884+07:00,c11_sim,102,4.382,139.501,7.457,25.966,0.056,177.362
2026-09-02T09:12:32.770056+07:00,c11_sim,103,5.206,162.070,16.272,29.530,0.026,213.104
2026-09-02T09:12:32.949677+07:00,c11_sim,104,4.037,138.177,16.041,24.000,0.056,182.310
2026-09-02T09:12:33.114057+07:00,c11_sim,105,4.467,126.946,12.088,24.220,0.050,167.770
2026-09-02T09:12:33.274605+07:00,c11_sim,106,5.881,122.607,13.757,22.996,0.028,165.270
2026-09-02T09:12:33.431515+07:00,c11_sim,107,5.326,119.555,14.384,21.825,0.019,161.108
2026-09-02T09:12:33.581902+07:00,c11_sim,108,5.271,114.355,13.601,21.314,0.024,154.564
2026-09-02T09:12:33.728342+07:00,c11_sim,109,5.578,111.906,12.322,20.921,0.022,150.749
2026-09-02T09:12:33.871751+07:00,c11_sim,110,5.359,109.850,11.685,20.806,0.023,147.723
2026-09-02T09:12:34.013411+07:00,c11_sim,111,5.167,106.995,12.428,21.393,0.020,146.004
2026-09-02T09:12:34.153671+07:00,c11_sim,112,4.558,105.660,12.989,20.503,0.057,143.768
2026-09-02T09:12:34.290180+07:00,c11_sim,113,4.147,104.576,11.538,19.405,0.022,139.687
2026-09-02T09:12:34.426209+07:00,c11_sim,114,4.404,103.039,10.859,21.017,0.024,139.344
2026-09-02T09:12:34.562295+07:00,c11_sim,115,4.572,102.258,12.405,20.392,0.022,139.648
2026-09-02T09:12:34.692849+07:00,c11_sim,116,5.076,100.530,10.845,18.328,0.021,134.800
2026-09-02T09:12:34.825915+07:00,c11_sim,117,5.999,99.423,12.075,20.540,0.018,138.054
2026-09-02T09:12:34.957797+07:00,c11_sim,118,6.199,100.140,11.506,19.191,0.019,137.056
2026-09-02T09:12:35.087520+07:00,c11_sim,119,5.528,98.770,10.861,19.257,0.019,134.434
2026-09-02T09:12:35.217012+07:00,c11_sim,120,5.585,97.338,11.097,20.098,0.020,134.138
2026-09-02T09:12:35.347173+07:00,c11_sim,121,5.276,97.885,11.053,20.076,0.054,134.344
2026-09-02T09:12:35.476654+07:00,c11_sim,122,5.037,97.187,11.679,19.402,0.021,133.325
2026-09-02T09:12:35.605669+07:00,c11_sim,123,5.309,97.172,11.829,18.968,0.022,133.300
2026-09-02T09:12:35.736561+07:00,c11_sim,124,4.940,97.995,11.811,20.052,0.022,134.820
2026-09-02T09:12:35.867447+07:00,c11_sim,125,4.866,98.093,11.642,19.752,0.021,134.374
2026-09-02T09:12:35.995263+07:00,c11_sim,126,4.344,98.028,10.544,18.374,0.021,131.311
2026-09-02T09:12:36.121935+07:00,c11_sim,127,3.460,97.325,10.301,18.208,0.019,129.314
2026-09-02T09:12:36.250716+07:00,c11_sim,128,3.353,97.791,10.316,19.650,0.021,131.131
2026-09-02T09:12:36.378869+07:00,c11_sim,129,3.316,97.518,10.234,19.545,0.022,130.636
2026-09-02T09:12:36.509243+07:00,c11_sim,130,5.778,97.984,10.874,20.523,0.022,135.181
2026-09-02T09:12:36.640320+07:00,c11_sim,131,7.216,98.710,11.677,19.701,0.029,137.333
2026-09-02T09:12:36.773142+07:00,c11_sim,132,3.691,99.561,12.266,19.819,0.019,135.356
2026-09-02T09:12:36.905237+07:00,c11_sim,133,3.325,99.805,11.984,19.349,0.018,134.480
2026-09-02T09:12:37.038794+07:00,c11_sim,134,3.859,100.160,12.809,19.612,0.022,136.463
2026-09-02T09:12:37.168168+07:00,c11_sim,135,5.167,99.506,10.547,18.356,0.020,133.597
2026-09-02T09:12:37.287508+07:00,c11_sim,136,3.224,98.251,10.583,9.784,0.017,121.859
2026-09-02T09:12:37.408583+07:00,c11_sim,137,3.216,99.115,11.054,10.104,0.065,123.554
2026-09-02T09:12:37.527548+07:00,c11_sim,138,3.480,97.813,10.588,9.824,0.017,121.723
2026-09-02T09:12:37.644526+07:00,c11_sim,139,3.384,96.888,9.999,9.345,0.018,119.634
2026-09-02T09:12:37.763372+07:00,c11_sim,140,8.905,96.940,11.759,9.486,0.016,127.105
2026-09-02T09:12:37.894596+07:00,c11_sim,141,6.192,97.567,12.667,19.816,0.020,136.262
2026-09-02T09:12:38.026462+07:00,c11_sim,142,3.179,99.530,11.376,19.853,0.019,133.957
2026-09-02T09:12:38.159754+07:00,c11_sim,143,3.128,100.557,11.508,20.342,0.024,135.558
2026-09-02T09:12:38.293069+07:00,c11_sim,144,7.883,102.114,10.963,19.235,0.021,140.216
2026-09-02T09:12:38.428357+07:00,c11_sim,145,7.871,102.481,12.715,19.014,0.057,142.138
2026-09-02T09:12:38.561655+07:00,c11_sim,146,4.100,101.528,11.285,19.594,0.023,136.531
2026-09-02T09:12:38.698495+07:00,c11_sim,147,8.008,102.553,12.140,21.058,0.063,143.821
2026-09-02T09:12:38.833168+07:00,c11_sim,148,6.045,102.543,11.415,19.612,0.076,139.692
2026-09-02T09:12:38.965813+07:00,c11_sim,149,4.692,101.745,10.366,19.651,0.021,136.475
2026-09-02T09:12:39.100488+07:00,c11_sim,150,7.721,102.905,10.717,20.075,0.021,141.440
2026-09-02T09:12:39.234667+07:00,c11_sim,151,6.305,102.232,11.502,19.510,0.066,139.615
2026-09-02T09:12:39.367738+07:00,c11_sim,152,5.184,102.444,10.797,18.955,0.021,137.401
2026-09-02T09:12:39.501048+07:00,c11_sim,153,4.520,101.692,10.783,19.814,0.020,136.830
2026-09-02T09:12:39.626738+07:00,c11_sim,154,7.108,101.887,11.547,11.227,0.018,131.786
2026-09-02T09:12:39.765171+07:00,c11_sim,155,5.298,102.590,13.673,21.113,0.020,142.695
2026-09-02T09:12:39.901288+07:00,c11_sim,156,5.039,101.624,12.813,20.620,0.022,140.118
2026-09-02T09:12:40.039806+07:00,c11_sim,157,4.627,102.821,12.812,21.809,0.021,142.090
2026-09-02T09:12:40.167591+07:00,c11_sim,158,4.296,103.369,12.526,10.826,0.017,131.034
2026-09-02T09:12:40.293988+07:00,c11_sim,159,4.458,102.789,11.438,11.145,0.018,129.847
2026-09-02T09:12:40.418437+07:00,c11_sim,160,5.999,101.495,11.458,10.547,0.019,129.517
2026-09-02T09:12:40.543769+07:00,c11_sim,161,6.627,101.933,11.705,10.708,0.019,130.993
2026-09-02T09:12:40.677111+07:00,c11_sim,162,5.418,101.498,11.510,19.432,0.020,137.878
2026-09-02T09:12:40.800703+07:00,c11_sim,163,5.421,99.748,12.270,10.663,0.016,128.117
2026-09-02T09:12:40.914592+07:00,c11_sim,164,5.210,100.950,11.895,0.004,0.013,118.072
2026-09-02T09:12:41.032717+07:00,c11_sim,165,5.215,103.303,13.764,0.005,0.017,122.303
2026-09-02T09:12:41.160949+07:00,c11_sim,166,4.923,102.659,13.179,11.295,0.019,132.076
2026-09-02T09:12:41.274801+07:00,c11_sim,167,4.225,100.959,11.867,0.004,0.013,117.068
2026-09-02T09:12:41.389747+07:00,c11_sim,168,4.567,102.278,11.611,0.003,0.012,118.471
2026-09-02T09:12:41.502890+07:00,c11_sim,169,4.182,100.815,11.437,0.004,0.014,116.453
2026-09-02T09:12:41.620376+07:00,c11_sim,170,4.793,104.503,12.071,0.004,0.013,121.385
2026-09-02T09:12:41.740474+07:00,c11_sim,171,5.017,105.420,13.610,0.004,0.013,124.064
2026-09-02T09:12:41.856742+07:00,c11_sim,172,6.063,103.035,11.951,0.004,0.013,121.067
2026-09-02T09:12:41.984013+07:00,c11_sim,173,6.841,103.169,12.176,10.859,0.021,133.067
2026-09-02T09:12:42.104481+07:00,c11_sim,174,5.554,99.674,10.006,9.926,0.017,125.176
2026-09-02T09:12:42.225254+07:00,c11_sim,175,5.382,98.316,11.415,10.130,0.018,125.261
2026-09-02T09:12:42.346466+07:00,c11_sim,176,5.597,97.856,11.784,10.708,0.019,125.962
2026-09-02T09:12:42.469937+07:00,c11_sim,177,5.012,99.697,11.560,11.132,0.019,127.421
2026-09-02T09:12:42.593625+07:00,c11_sim,178,5.315,99.729,11.831,10.351,0.018,127.244
2026-09-02T09:12:42.702578+07:00,c11_sim,179,5.111,96.870,11.465,0.002,0.010,113.459
2026-09-02T09:12:42.824925+07:00,c11_sim,180,4.685,98.614,11.914,10.818,0.018,126.050
2026-09-02T09:12:42.943672+07:00,c11_sim,181,4.528,96.940,10.697,10.114,0.016,122.294
2026-09-02T09:12:43.051697+07:00,c11_sim,182,4.356,96.417,10.879,0.003,0.011,111.666
2026-09-02T09:12:43.163591+07:00,c11_sim,183,4.982,98.713,12.349,0.003,0.010,116.057
2026-09-02T09:12:43.273829+07:00,c11_sim,184,5.603,99.255,10.314,0.003,0.013,115.187
2026-09-02T09:12:43.384821+07:00,c11_sim,185,6.437,98.722,11.598,0.003,0.011,116.770
2026-09-02T09:12:43.501238+07:00,c11_sim,186,6.480,103.195,12.466,0.003,0.013,122.157
2026-09-02T09:12:43.619486+07:00,c11_sim,187,5.632,104.942,12.488,0.003,0.014,123.080
2026-09-02T09:12:43.738779+07:00,c11_sim,188,5.607,105.443,12.943,0.003,0.013,124.009
2026-09-02T09:12:43.857868+07:00,c11_sim,189,5.859,105.240,13.018,0.003,0.014,124.133
2026-09-02T09:12:43.976986+07:00,c11_sim,190,5.749,105.383,12.949,0.003,0.013,124.098
2026-09-02T09:12:44.094943+07:00,c11_sim,191,6.335,104.011,13.191,0.003,0.013,123.552
2026-09-02T09:12:44.211317+07:00,c11_sim,192,5.858,102.839,12.713,0.003,0.013,121.427
2026-09-02T09:12:44.325704+07:00,c11_sim,193,5.065,104.362,9.377,0.003,0.010,118.817
2026-09-02T09:12:44.435741+07:00,c11_sim,194,5.021,99.133,10.324,0.002,0.011,114.491
2026-09-02T09:12:44.543966+07:00,c11_sim,195,5.026,99.201,8.412,0.003,0.010,112.653
2026-09-02T09:12:44.652033+07:00,c11_sim,196,4.632,98.923,8.198,0.003,0.183,111.940
2026-09-02T09:12:44.764857+07:00,c11_sim,197,4.357,102.336,9.881,0.002,0.018,116.594
2026-09-02T09:12:44.876850+07:00,c11_sim,198,4.565,99.784,11.444,0.003,0.011,115.807
2026-09-02T09:12:44.991602+07:00,c11_sim,199,4.667,102.515,11.455,0.004,0.015,118.655
2026-09-02T09:12:45.108389+07:00,c11_sim,200,6.261,104.413,11.577,0.004,0.017,122.272
2026-09-02T09:12:45.226335+07:00,c11_sim,201,5.198,105.117,11.995,0.003,0.012,122.325
2026-09-02T09:12:45.343316+07:00,c11_sim,202,5.971,103.852,12.370,0.004,0.020,122.216
2026-09-02T09:12:45.460034+07:00,c11_sim,203,5.696,104.268,11.713,0.003,0.010,121.690
2026-09-02T09:12:45.574183+07:00,c11_sim,204,5.056,102.154,11.226,0.003,0.014,118.454
2026-09-02T09:12:45.688184+07:00,c11_sim,205,4.996,101.771,11.425,0.003,0.014,118.209
2026-09-02T09:12:45.804575+07:00,c11_sim,206,4.583,104.457,11.141,0.003,0.011,120.195
2026-09-02T09:12:45.922105+07:00,c11_sim,207,4.613,104.470,12.265,0.003,0.015,121.368
2026-09-02T09:12:46.039032+07:00,c11_sim,208,5.180,103.990,12.166,0.003,0.014,121.354
2026-09-02T09:12:46.155272+07:00,c11_sim,209,7.434,104.541,10.933,0.003,0.013,122.924
2026-09-02T09:12:46.270099+07:00,c11_sim,210,6.141,102.995,11.116,0.004,0.013,120.269
2026-09-02T09:12:46.385789+07:00,c11_sim,211,5.951,102.413,12.470,0.003,0.013,120.851
2026-09-02T09:12:46.510624+07:00,c11_sim,212,5.903,110.843,13.207,0.003,0.013,129.969
2026-09-02T09:12:46.630259+07:00,c11_sim,213,6.300,106.200,12.630,0.004,0.013,125.147
2026-09-02T09:12:46.747163+07:00,c11_sim,214,6.334,104.913,11.237,0.003,0.012,122.500
2026-09-02T09:12:46.866062+07:00,c11_sim,215,6.036,104.665,13.400,0.003,0.012,124.117
2026-09-02T09:12:46.983253+07:00,c11_sim,216,6.501,103.503,12.876,0.003,0.012,122.895
2026-09-02T09:12:47.100306+07:00,c11_sim,217,6.108,103.360,12.870,0.003,0.013,122.355
2026-09-02T09:12:47.215546+07:00,c11_sim,218,5.717,102.438,12.009,0.003,0.013,120.180
2026-09-02T09:12:47.333007+07:00,c11_sim,219,6.486,104.715,11.950,0.004,0.014,123.168
2026-09-02T09:12:47.451480+07:00,c11_sim,220,6.707,104.255,13.365,0.003,0.012,124.342
2026-09-02T09:12:47.569233+07:00,c11_sim,221,6.727,104.284,12.691,0.004,0.014,123.720
2026-09-02T09:12:47.683113+07:00,c11_sim,222,6.234,101.996,11.082,0.003,0.012,119.328
2026-09-02T09:12:47.794830+07:00,c11_sim,223,5.686,99.841,11.112,0.003,0.012,116.653
2026-09-02T09:12:47.908041+07:00,c11_sim,224,5.642,99.514,12.897,0.004,0.018,118.074
2026-09-02T09:12:48.019013+07:00,c11_sim,225,4.968,97.762,12.375,0.004,0.015,115.124
2026-09-02T09:12:48.131563+07:00,c11_sim,226,5.496,100.617,11.160,0.004,0.013,117.290
2026-09-02T09:12:48.239674+07:00,c11_sim,227,6.191,97.052,10.334,0.003,0.011,113.592
2026-09-02T09:12:48.351325+07:00,c11_sim,228,6.346,99.416,11.449,0.003,0.011,117.223
2026-09-02T09:12:48.460426+07:00,c11_sim,229,6.569,97.328,11.145,0.003,0.010,115.055
2026-09-02T09:12:48.569712+07:00,c11_sim,230,6.416,98.501,10.122,0.003,0.011,115.052
2026-09-02T09:12:48.680239+07:00,c11_sim,231,5.890,99.471,8.655,0.002,0.009,114.028
2026-09-02T09:12:48.792367+07:00,c11_sim,232,5.622,102.498,9.056,0.003,0.010,117.189
2026-09-02T09:12:48.909713+07:00,c11_sim,233,5.657,106.444,9.984,0.003,0.011,122.099
2026-09-02T09:12:49.024535+07:00,c11_sim,234,6.255,103.701,10.474,0.003,0.011,120.443
2026-09-02T09:12:49.138644+07:00,c11_sim,235,6.046,103.454,10.030,0.002,0.009,119.542
2026-09-02T09:12:49.250449+07:00,c11_sim,236,5.919,101.063,10.101,0.002,0.010,117.095
2026-09-02T09:12:49.362735+07:00,c11_sim,237,5.858,101.409,10.141,0.003,0.012,117.422
2026-09-02T09:12:49.476242+07:00,c11_sim,238,5.747,102.247,10.514,0.003,0.011,118.522
2026-09-02T09:12:49.587533+07:00,c11_sim,239,5.583,100.624,10.000,0.004,0.018,116.229
2026-09-02T09:12:49.701005+07:00,c11_sim,240,5.629,102.775,9.960,0.005,0.022,118.391
2026-09-02T09:12:49.815851+07:00,c11_sim,241,5.700,103.903,10.284,0.003,0.010,119.899
2026-09-02T09:12:49.930193+07:00,c11_sim,242,5.516,104.757,8.983,0.003,0.013,119.272
2026-09-02T09:12:50.041714+07:00,c11_sim,243,4.770,101.385,9.423,0.004,0.014,115.597
2026-09-02T09:12:50.154370+07:00,c11_sim,244,3.784,102.065,9.955,0.003,0.013,115.819
2026-09-02T09:12:50.268278+07:00,c11_sim,245,3.650,103.375,9.955,0.002,0.009,116.990
2026-09-02T09:12:50.380042+07:00,c11_sim,246,4.638,101.567,9.577,0.002,0.009,115.794
2026-09-02T09:12:50.493729+07:00,c11_sim,247,4.737,103.294,9.788,0.002,0.009,117.831
2026-09-02T09:12:50.606555+07:00,c11_sim,248,5.645,103.629,8.584,0.002,0.009,117.869
2026-09-02T09:12:50.718556+07:00,c11_sim,249,6.445,102.723,8.549,0.003,0.010,117.729
2026-09-02T09:12:50.834248+07:00,c11_sim,250,5.955,105.422,9.679,0.003,0.009,121.068
2026-09-02T09:12:50.953083+07:00,c11_sim,251,6.616,107.028,11.165,0.003,0.011,124.823
2026-09-02T09:12:51.071173+07:00,c11_sim,252,6.422,107.095,10.358,0.002,0.010,123.888
2026-09-02T09:12:51.187856+07:00,c11_sim,253,6.548,106.097,9.890,0.002,0.009,122.546
2026-09-02T09:12:51.306139+07:00,c11_sim,254,6.017,106.302,11.154,0.003,0.015,123.490
2026-09-02T09:12:51.425185+07:00,c11_sim,255,5.659,107.617,10.761,0.003,0.012,124.052
2026-09-02T09:12:51.542907+07:00,c11_sim,256,6.001,106.690,10.362,0.003,0.010,123.066
2026-09-02T09:12:51.660479+07:00,c11_sim,257,6.303,106.646,10.292,0.003,0.011,123.254
2026-09-02T09:12:51.776691+07:00,c11_sim,258,6.207,105.618,9.916,0.003,0.010,121.753
2026-09-02T09:12:51.892435+07:00,c11_sim,259,6.231,105.094,9.914,0.002,0.009,121.250
2026-09-02T09:12:52.007135+07:00,c11_sim,260,6.362,104.283,9.820,0.003,0.009,120.477
2026-09-02T09:12:52.123362+07:00,c11_sim,261,6.683,105.581,9.955,0.003,0.011,122.232
2026-09-02T09:12:52.235702+07:00,c11_sim,262,7.237,102.328,9.440,0.002,0.010,119.017
2026-09-02T09:12:52.348368+07:00,c11_sim,263,7.032,102.348,9.764,0.002,0.010,119.155
2026-09-02T09:12:52.463423+07:00,c11_sim,264,6.552,103.773,10.632,0.002,0.009,120.970
2026-09-02T09:12:52.575969+07:00,c11_sim,265,6.187,101.711,10.098,0.002,0.009,118.008
2026-09-02T09:12:52.686580+07:00,c11_sim,266,6.329,100.446,9.564,0.002,0.009,116.349
2026-09-02T09:12:52.797865+07:00,c11_sim,267,6.028,100.514,10.049,0.003,0.010,116.604
2026-09-02T09:12:52.909534+07:00,c11_sim,268,5.230,101.195,9.845,0.002,0.010,116.284
2026-09-02T09:12:53.023709+07:00,c11_sim,269,5.856,103.240,10.347,0.002,0.010,119.456
2026-09-02T09:12:53.137009+07:00,c11_sim,270,5.029,102.020,10.545,0.002,0.009,117.605
2026-09-02T09:12:53.252054+07:00,c11_sim,271,5.068,101.843,10.425,0.004,0.011,117.351
2026-09-02T09:12:53.367122+07:00,c11_sim,272,4.602,106.197,8.294,0.002,0.009,119.104
2026-09-02T09:12:53.584127+07:00,c11_sim,273,4.964,202.104,14.146,0.005,0.021,221.240
2026-09-02T09:12:53.584314+07:00,c12_sim,32,3.247,202.104,0.000,0.000,0.025,205.376
2026-09-02T09:12:53.789078+07:00,c11_sim,274,5.467,194.479,9.631,0.003,0.011,209.593
2026-09-02T09:12:53.802350+07:00,c12_sim,33,4.495,194.479,12.277,0.000,0.007,211.257
2026-09-02T09:12:54.000767+07:00,c11_sim,275,5.598,191.762,5.946,0.002,0.008,203.316
2026-09-02T09:12:54.025225+07:00,c12_sim,34,5.089,191.762,5.798,17.530,0.066,220.246
2026-09-02T09:12:54.215002+07:00,c11_sim,276,5.233,189.646,0.000,0.000,0.009,194.887
2026-09-02T09:12:54.233271+07:00,c12_sim,35,4.559,189.646,8.015,9.693,0.013,211.926
2026-09-02T09:12:54.579069+07:00,c10_sim,59,2.467,320.611,23.619,0.000,0.018,346.716
2026-09-02T09:12:54.597405+07:00,c11_sim,277,4.067,320.611,16.620,0.000,0.012,341.311
2026-09-02T09:12:54.597549+07:00,c12_sim,36,3.821,320.611,0.000,0.000,0.005,324.437
2026-09-02T09:12:54.934659+07:00,c10_sim,60,4.484,303.573,19.138,12.852,0.137,340.184
2026-09-02T09:12:54.947814+07:00,c11_sim,278,4.581,303.573,12.216,0.003,0.177,320.549
2026-09-02T09:12:54.947957+07:00,c12_sim,37,3.168,303.573,0.000,0.000,0.007,306.748
2026-09-02T09:12:55.277613+07:00,c10_sim,61,8.115,307.947,20.188,0.006,0.315,336.571
2026-09-02T09:12:55.292962+07:00,c11_sim,279,4.955,307.947,13.504,0.003,0.218,326.627
2026-09-02T09:12:55.293143+07:00,c12_sim,38,3.426,307.947,0.000,0.000,0.006,311.379
2026-09-02T09:12:55.518148+07:00,c10_sim,62,7.345,204.830,19.011,0.004,0.258,231.449
2026-09-02T09:12:55.531554+07:00,c11_sim,280,5.551,204.830,11.868,0.003,0.013,222.264
2026-09-02T09:12:55.743900+07:00,c10_sim,63,5.454,194.950,16.510,0.004,0.019,216.938
2026-09-02T09:12:55.757363+07:00,c11_sim,281,5.006,194.950,11.732,0.003,0.184,211.876
2026-09-02T09:12:55.960455+07:00,c10_sim,64,5.743,193.586,8.747,0.002,0.009,208.087
2026-09-02T09:12:55.968686+07:00,c11_sim,282,6.073,193.586,7.001,0.002,0.007,206.669
2026-09-02T09:12:56.167413+07:00,c10_sim,65,10.494,190.799,7.350,0.002,0.009,208.655
2026-09-02T09:12:56.174849+07:00,c11_sim,283,5.919,190.799,6.312,0.002,0.066,203.099
2026-09-02T09:12:56.368642+07:00,c10_sim,66,4.807,186.299,6.935,0.002,0.009,198.051
2026-09-02T09:12:56.375965+07:00,c11_sim,284,4.744,186.299,6.214,0.002,0.069,197.327
2026-09-02T09:12:56.573302+07:00,c10_sim,67,8.020,190.115,6.662,0.002,0.009,204.808
2026-09-02T09:12:56.580766+07:00,c11_sim,285,5.460,190.115,6.354,0.001,0.067,201.997
2026-09-02T09:12:56.777712+07:00,c10_sim,68,6.040,189.367,6.774,0.003,0.011,202.194
2026-09-02T09:12:56.784856+07:00,c11_sim,286,5.430,189.367,6.059,0.001,0.006,200.863
2026-09-02T09:12:56.997585+07:00,c10_sim,69,5.402,195.257,6.725,9.945,0.015,217.344
2026-09-02T09:12:57.004689+07:00,c11_sim,287,4.583,195.257,6.509,0.002,0.069,206.420
2026-09-02T09:12:57.219403+07:00,c10_sim,70,7.958,197.702,6.478,9.731,0.014,221.882
2026-09-02T09:12:57.226646+07:00,c11_sim,288,10.220,197.702,6.737,0.002,0.006,214.667
2026-09-02T09:12:57.445966+07:00,c10_sim,71,4.616,192.814,7.235,18.438,0.012,223.116
2026-09-02T09:12:57.452407+07:00,c11_sim,289,4.957,192.814,5.980,0.001,0.007,203.760
2026-09-02T09:12:57.684882+07:00,c10_sim,72,6.010,201.920,8.894,20.797,0.018,237.639
2026-09-02T09:12:57.697772+07:00,c11_sim,290,5.018,201.920,11.622,0.003,0.240,218.802
2026-09-02T09:12:57.957099+07:00,c10_sim,73,4.535,212.724,21.209,23.229,0.328,262.025
2026-09-02T09:12:57.966135+07:00,c11_sim,291,6.438,212.724,8.473,0.002,0.017,227.654
2026-09-02T09:12:58.212576+07:00,c10_sim,74,4.292,202.440,19.168,23.701,0.016,249.618
2026-09-02T09:12:58.223816+07:00,c11_sim,292,5.069,202.440,10.607,0.013,0.009,218.137
2026-09-02T09:12:58.450704+07:00,c10_sim,75,3.758,196.495,10.129,19.373,0.035,229.791
2026-09-02T09:12:58.460166+07:00,c11_sim,293,5.528,196.495,8.838,0.002,0.082,210.945
2026-09-02T09:12:58.699315+07:00,c10_sim,76,3.426,196.113,20.218,21.664,0.015,241.435
2026-09-02T09:12:58.710886+07:00,c11_sim,294,6.173,196.113,10.811,0.003,0.182,213.282
2026-09-02T09:12:58.948699+07:00,c10_sim,77,3.746,195.385,19.927,21.288,0.034,240.379
2026-09-02T09:12:58.959005+07:00,c11_sim,295,5.202,195.385,9.665,0.002,0.112,210.366
2026-09-02T09:12:59.175343+07:00,c10_sim,78,3.485,189.473,7.701,18.297,0.031,218.987
2026-09-02T09:12:59.184017+07:00,c11_sim,296,5.783,189.473,8.161,0.002,0.008,203.426
2026-09-02T09:12:59.395622+07:00,c10_sim,79,3.620,186.404,6.514,17.889,0.012,214.438
2026-09-02T09:12:59.401961+07:00,c11_sim,297,5.581,186.404,5.872,0.001,0.006,197.863
2026-09-02T09:12:59.614150+07:00,c10_sim,80,3.505,186.608,6.389,18.397,0.031,214.929
2026-09-02T09:12:59.621266+07:00,c11_sim,298,4.424,186.608,6.540,0.002,0.066,197.640
2026-09-02T09:12:59.834324+07:00,c10_sim,81,3.487,188.243,6.103,17.995,0.012,215.841
2026-09-02T09:12:59.840925+07:00,c11_sim,299,5.151,188.243,6.093,0.001,0.006,199.495
2026-09-02T09:13:00.058890+07:00,c10_sim,82,3.421,192.015,6.536,18.612,0.015,220.599
2026-09-02T09:13:00.067595+07:00,c11_sim,300,5.529,192.015,8.164,0.002,0.007,205.717
2026-09-02T09:13:00.310287+07:00,c10_sim,83,3.330,197.085,20.739,23.622,0.016,244.793
2026-09-02T09:13:00.320960+07:00,c11_sim,301,4.255,197.085,10.115,0.002,0.007,211.465
2026-09-02T09:13:00.550221+07:00,c10_sim,84,3.502,200.366,15.743,12.311,0.014,231.937
2026-09-02T09:13:00.562005+07:00,c11_sim,302,5.297,200.366,11.084,0.003,0.082,216.831
2026-09-02T09:13:00.775448+07:00,c10_sim,85,3.256,194.211,7.454,11.230,0.011,216.162
2026-09-02T09:13:00.783194+07:00,c11_sim,303,5.869,194.211,7.279,0.002,0.009,207.369
2026-09-02T09:13:00.992195+07:00,c10_sim,86,4.675,192.496,6.470,9.522,0.011,213.173
2026-09-02T09:13:00.998809+07:00,c11_sim,304,4.525,192.496,5.854,0.001,0.005,202.881
2026-09-02T09:13:01.207688+07:00,c10_sim,87,3.407,191.343,6.573,10.403,0.021,211.748
2026-09-02T09:13:01.214196+07:00,c11_sim,305,6.017,191.343,5.956,0.001,0.068,203.384
2026-09-02T09:13:01.433693+07:00,c10_sim,88,3.232,192.914,7.163,18.620,0.018,221.947
2026-09-02T09:13:01.440085+07:00,c11_sim,306,6.586,192.914,5.858,0.002,0.006,205.366
2026-09-02T09:13:01.649727+07:00,c10_sim,89,3.906,192.022,6.667,10.416,0.014,213.025
2026-09-02T09:13:01.656020+07:00,c11_sim,307,4.950,192.022,5.818,0.001,0.005,202.797
2026-09-02T09:13:01.877032+07:00,c10_sim,90,4.709,195.017,6.503,18.749,0.017,224.995
2026-09-02T09:13:01.883535+07:00,c11_sim,308,6.067,195.017,5.846,0.001,0.006,206.938
2026-09-02T09:13:02.106979+07:00,c10_sim,91,7.596,197.249,6.762,18.686,0.016,230.309
2026-09-02T09:13:02.113503+07:00,c11_sim,309,5.046,197.249,6.016,0.001,0.005,208.316
2026-09-02T09:13:02.329236+07:00,c10_sim,92,5.636,199.128,6.401,9.682,0.014,220.861
2026-09-02T09:13:02.335502+07:00,c11_sim,310,5.759,199.128,5.752,0.001,0.006,210.646
2026-09-02T09:13:02.543309+07:00,c10_sim,93,6.671,201.107,6.170,0.000,0.007,213.955
2026-09-02T09:13:02.550263+07:00,c11_sim,311,5.656,201.107,5.750,0.001,0.005,212.520
2026-09-02T09:13:02.772660+07:00,c10_sim,94,6.763,202.641,7.081,12.080,0.028,228.593
2026-09-02T09:13:02.779411+07:00,c11_sim,312,4.757,202.641,5.901,0.001,0.006,213.306
2026-09-02T09:13:02.998815+07:00,c10_sim,95,4.280,202.517,6.554,9.804,0.037,223.191
2026-09-02T09:13:03.005116+07:00,c11_sim,313,5.441,202.517,5.783,0.001,0.005,213.747
2026-09-02T09:13:03.222899+07:00,c10_sim,96,4.881,199.515,6.700,10.983,0.046,222.125
2026-09-02T09:13:03.229224+07:00,c11_sim,314,5.949,199.515,5.782,0.001,0.006,211.253
2026-09-02T09:13:03.446587+07:00,c10_sim,97,4.279,200.390,6.840,9.534,0.047,221.091
2026-09-02T09:13:03.452935+07:00,c11_sim,315,4.331,200.390,5.801,0.002,0.006,210.530
2026-09-02T09:13:03.669226+07:00,c10_sim,98,8.930,199.007,6.461,10.232,0.044,224.674
2026-09-02T09:13:03.675506+07:00,c11_sim,316,5.656,199.007,5.770,0.001,0.007,210.442
2026-09-02T09:13:03.890641+07:00,c10_sim,99,4.084,198.383,6.411,9.796,0.039,218.714
2026-09-02T09:13:03.897053+07:00,c11_sim,317,5.563,198.383,5.941,0.001,0.005,209.894
2026-09-02T09:13:04.113666+07:00,c10_sim,100,3.188,198.626,7.650,9.741,0.057,219.262
2026-09-02T09:13:04.122494+07:00,c11_sim,318,4.263,198.626,8.285,0.002,0.009,211.185
2026-09-02T09:13:04.366995+07:00,c10_sim,101,3.366,210.082,20.543,13.008,0.016,247.015
2026-09-02T09:13:04.379164+07:00,c11_sim,319,5.639,210.082,11.483,0.003,0.011,227.218
2026-09-02T09:13:04.612672+07:00,c10_sim,102,3.235,202.224,18.510,11.943,0.014,235.926
2026-09-02T09:13:04.624013+07:00,c11_sim,320,5.814,202.224,10.651,0.002,0.011,218.703
2026-09-02T09:13:04.855282+07:00,c10_sim,103,3.381,199.276,19.558,11.585,0.014,233.814
2026-09-02T09:13:04.865123+07:00,c11_sim,321,4.379,199.276,9.246,0.002,0.007,212.911
2026-09-02T09:13:05.073025+07:00,c10_sim,104,3.111,191.469,6.431,9.427,0.011,210.447
2026-09-02T09:13:05.079349+07:00,c11_sim,322,5.701,191.469,5.808,0.001,0.006,202.984
2026-09-02T09:13:05.286917+07:00,c10_sim,105,4.514,190.719,6.472,9.865,0.012,211.583
2026-09-02T09:13:05.293421+07:00,c11_sim,323,5.450,190.719,6.017,0.001,0.006,202.193
2026-09-02T09:13:05.500770+07:00,c10_sim,106,4.890,190.283,6.115,9.595,0.100,210.983
2026-09-02T09:13:05.507169+07:00,c11_sim,324,5.334,190.283,5.899,0.001,0.008,201.526
2026-09-02T09:13:05.723899+07:00,c10_sim,107,6.455,192.982,11.503,11.281,0.178,222.400
2026-09-02T09:13:05.736440+07:00,c11_sim,325,6.547,192.982,11.927,0.002,0.015,211.473
2026-09-02T09:13:05.968651+07:00,c10_sim,108,3.682,199.533,19.099,12.774,0.014,235.102
2026-09-02T09:13:05.980660+07:00,c11_sim,326,5.596,199.533,11.393,0.002,0.011,216.535
2026-09-02T09:13:06.209932+07:00,c10_sim,109,3.298,199.349,16.932,12.189,0.016,231.784
2026-09-02T09:13:06.219985+07:00,c11_sim,327,5.132,199.349,9.317,0.003,0.086,213.887
2026-09-02T09:13:06.427832+07:00,c10_sim,110,3.313,191.617,6.254,9.398,0.013,210.595
2026-09-02T09:13:06.434122+07:00,c11_sim,328,5.374,191.617,5.745,0.001,0.068,202.806
2026-09-02T09:13:06.629832+07:00,c10_sim,111,4.386,188.715,6.448,0.002,0.008,199.558
2026-09-02T09:13:06.636876+07:00,c11_sim,329,4.624,188.715,5.894,0.001,0.068,199.302
2026-09-02T09:13:06.833300+07:00,c10_sim,112,3.388,189.954,5.977,0.002,0.007,199.328
2026-09-02T09:13:06.840562+07:00,c11_sim,330,5.512,189.954,6.039,0.001,0.005,201.513
2026-09-02T09:13:07.052611+07:00,c10_sim,113,3.218,194.168,7.593,9.717,0.014,214.709
2026-09-02T09:13:07.059531+07:00,c11_sim,331,5.940,194.168,6.396,0.002,0.006,206.512
2026-09-02T09:13:07.269899+07:00,c10_sim,114,3.478,192.040,6.897,10.814,0.040,213.269
2026-09-02T09:13:07.276291+07:00,c11_sim,332,4.483,192.040,5.929,0.001,0.005,202.459
2026-09-02T09:13:07.478011+07:00,c10_sim,115,3.245,194.375,6.708,0.002,0.077,204.408
2026-09-02T09:13:07.484979+07:00,c11_sim,333,5.376,194.375,6.031,0.001,0.006,205.789
2026-09-02T09:13:07.686192+07:00,c10_sim,116,3.143,194.279,6.304,0.002,0.078,203.807
2026-09-02T09:13:07.692905+07:00,c11_sim,334,5.572,194.279,5.820,0.001,0.005,205.679
2026-09-02T09:13:07.897495+07:00,c10_sim,117,3.154,196.845,7.192,0.002,0.007,207.199
2026-09-02T09:13:07.904381+07:00,c11_sim,335,3.981,196.845,5.798,0.002,0.006,206.632
2026-09-02T09:13:08.109089+07:00,c10_sim,118,3.257,197.671,6.454,0.002,0.078,207.462
2026-09-02T09:13:08.115945+07:00,c11_sim,336,5.343,197.671,5.974,0.001,0.006,208.995
2026-09-02T09:13:08.323359+07:00,c10_sim,119,3.150,200.229,6.619,0.002,0.008,210.008
2026-09-02T09:13:08.330409+07:00,c11_sim,337,5.463,200.229,5.977,0.001,0.006,211.676
2026-09-02T09:13:08.538252+07:00,c10_sim,120,3.226,200.875,6.332,0.002,0.080,210.515
2026-09-02T09:13:08.545226+07:00,c11_sim,338,4.415,200.875,5.915,0.001,0.006,211.213
2026-09-02T09:13:08.753649+07:00,c10_sim,121,3.143,201.355,6.521,0.002,0.008,211.029
2026-09-02T09:13:08.760372+07:00,c11_sim,339,5.705,201.355,5.764,0.001,0.006,212.832
2026-09-02T09:13:08.960305+07:00,c10_sim,122,3.366,199.838,0.000,0.000,0.006,203.210
2026-09-02T09:13:08.967261+07:00,c11_sim,340,5.539,199.838,6.337,0.002,0.006,211.722
2026-09-02T09:13:09.172606+07:00,c10_sim,123,3.383,205.246,0.000,0.000,0.008,208.637
2026-09-02T09:13:09.179178+07:00,c11_sim,341,4.988,205.246,6.074,0.002,0.006,216.316
2026-09-02T09:13:09.297561+07:00,c11_sim,342,6.076,111.590,6.267,0.002,0.008,123.943
2026-09-02T09:13:09.415316+07:00,c11_sim,343,5.378,110.593,6.626,0.002,0.007,122.606
2026-09-02T09:13:09.534866+07:00,c11_sim,344,5.492,112.351,6.665,0.002,0.008,124.517
2026-09-02T09:13:09.651166+07:00,c11_sim,345,6.154,108.178,7.588,0.002,0.008,121.931
2026-09-02T09:13:09.783114+07:00,c11_sim,346,5.389,111.164,19.909,0.004,0.016,136.482
2026-09-02T09:13:09.921693+07:00,c11_sim,347,5.413,121.789,15.979,0.005,0.016,143.202
2026-09-02T09:13:10.061216+07:00,c11_sim,348,5.987,111.688,14.421,12.580,0.013,144.688
2026-09-02T09:13:10.190673+07:00,c11_sim,349,6.071,105.999,12.395,10.282,0.011,134.759
2026-09-02T09:13:10.318446+07:00,c11_sim,350,5.144,102.568,13.343,11.068,0.013,132.136
2026-09-02T09:13:10.446456+07:00,c11_sim,351,6.081,103.505,12.586,11.138,0.014,133.324
2026-09-02T09:13:10.574866+07:00,c11_sim,352,5.240,103.379,12.746,11.506,0.012,132.883
2026-09-02T09:13:10.699408+07:00,c11_sim,353,6.030,101.753,11.717,10.404,0.011,129.915
2026-09-02T09:13:10.823159+07:00,c11_sim,354,6.645,99.934,11.879,11.200,0.014,129.672
2026-09-02T09:13:10.948030+07:00,c11_sim,355,5.347,98.996,14.697,10.417,0.013,129.470
2026-09-02T09:13:11.072108+07:00,c11_sim,356,6.102,98.801,13.537,10.955,0.069,129.464
2026-09-02T09:13:11.194113+07:00,c11_sim,357,6.057,98.776,11.853,10.600,0.062,127.349
2026-09-02T09:13:11.314219+07:00,c11_sim,358,4.866,97.639,11.766,9.925,0.019,124.214
2026-09-02T09:13:11.441219+07:00,c11_sim,359,5.849,105.982,10.566,9.802,0.012,132.211
2026-09-02T09:13:11.566878+07:00,c11_sim,360,6.170,101.843,12.170,10.907,0.019,131.109
2026-09-02T09:13:11.690963+07:00,c11_sim,361,5.195,101.033,12.148,10.067,0.013,128.456
2026-09-02T09:13:11.814225+07:00,c11_sim,362,6.124,99.297,12.254,10.981,0.011,128.667
2026-09-02T09:13:11.939054+07:00,c11_sim,363,5.822,101.302,12.415,10.331,0.013,129.882
2026-09-02T09:13:12.060677+07:00,c11_sim,364,4.305,99.178,11.434,10.284,0.018,125.219
2026-09-02T09:13:12.183278+07:00,c11_sim,365,5.607,101.552,10.529,9.769,0.015,127.471
2026-09-02T09:13:12.306522+07:00,c11_sim,366,5.351,100.194,11.940,10.348,0.017,127.851
2026-09-02T09:13:12.430367+07:00,c11_sim,367,4.714,99.777,12.317,10.975,0.015,127.797
2026-09-02T09:13:12.556369+07:00,c11_sim,368,5.598,101.674,12.601,10.972,0.017,130.861
2026-09-02T09:13:12.678216+07:00,c11_sim,369,5.738,100.763,10.698,9.762,0.017,126.978
2026-09-02T09:13:12.790776+07:00,c11_sim,370,4.512,99.005,12.705,0.000,0.008,116.229
2026-09-02T09:13:12.917469+07:00,c11_sim,371,5.969,102.039,12.897,10.942,0.047,131.894
2026-09-02T09:13:13.044415+07:00,c11_sim,372,6.029,102.387,13.083,10.723,0.044,132.266
2026-09-02T09:13:13.171646+07:00,c11_sim,373,4.580,100.905,14.046,11.471,0.014,131.016
2026-09-02T09:13:13.295843+07:00,c11_sim,374,5.464,102.330,10.925,10.263,0.012,128.993
2026-09-02T09:13:13.423647+07:00,c11_sim,375,5.979,101.134,14.585,11.318,0.015,133.031
2026-09-02T09:13:13.547635+07:00,c11_sim,376,4.756,100.915,11.973,10.411,0.012,128.068
2026-09-02T09:13:13.671866+07:00,c11_sim,377,6.031,102.568,10.503,10.403,0.014,129.519
2026-09-02T09:13:13.796952+07:00,c11_sim,378,5.552,101.273,12.309,10.734,0.012,129.879
2026-09-02T09:13:13.922992+07:00,c11_sim,379,5.503,102.827,11.978,10.459,0.013,130.780
2026-09-02T09:13:14.048592+07:00,c11_sim,380,5.989,101.646,12.206,10.984,0.014,130.838
2026-09-02T09:13:14.174783+07:00,c11_sim,381,5.349,101.386,12.738,11.294,0.013,130.780
2026-09-02T09:13:14.298543+07:00,c11_sim,382,6.102,101.362,11.650,10.014,0.014,129.142
2026-09-02T09:13:14.424206+07:00,c11_sim,383,5.954,101.175,12.830,10.892,0.014,130.865
2026-09-02T09:13:14.546664+07:00,c11_sim,384,4.390,100.056,11.164,9.941,0.132,125.683
2026-09-02T09:13:14.670010+07:00,c11_sim,385,5.526,100.431,10.990,11.185,0.020,128.151
2026-09-02T09:13:14.794604+07:00,c11_sim,386,5.503,101.752,11.838,10.323,0.012,129.429
2026-09-02T09:13:14.919229+07:00,c11_sim,387,4.206,99.612,13.118,11.200,0.017,128.153
2026-09-02T09:13:15.047371+07:00,c11_sim,388,5.509,103.375,13.343,10.647,0.017,132.891
2026-09-02T09:13:15.172622+07:00,c11_sim,389,5.447,101.504,11.985,10.974,0.022,129.931
2026-09-02T09:13:15.296286+07:00,c11_sim,390,4.823,100.643,11.588,10.626,0.018,127.698
2026-09-02T09:13:15.422327+07:00,c11_sim,391,5.943,103.339,11.417,10.458,0.017,131.173
2026-09-02T09:13:15.547868+07:00,c11_sim,392,4.903,101.104,12.828,10.817,0.015,129.667
2026-09-02T09:13:15.672316+07:00,c11_sim,393,5.625,102.588,11.136,9.923,0.017,129.290
2026-09-02T09:13:15.802288+07:00,c11_sim,394,6.085,106.398,12.374,10.417,0.015,135.290
2026-09-02T09:13:15.926660+07:00,c11_sim,395,4.895,100.219,12.851,10.537,0.017,128.519
2026-09-02T09:13:16.050353+07:00,c11_sim,396,5.935,101.099,11.497,10.341,0.017,128.888
2026-09-02T09:13:16.174635+07:00,c11_sim,397,7.504,101.205,11.544,10.805,0.021,131.079
2026-09-02T09:13:16.297965+07:00,c11_sim,398,4.224,100.490,11.618,10.431,0.017,126.779
2026-09-02T09:13:16.422398+07:00,c11_sim,399,5.500,100.979,11.529,11.172,0.018,129.198
2026-09-02T09:13:16.548449+07:00,c11_sim,400,5.505,101.936,13.306,10.024,0.017,130.787
2026-09-02T09:13:16.660782+07:00,c11_sim,401,4.521,99.376,12.239,0.000,0.012,116.148
2026-09-02T09:13:16.775446+07:00,c11_sim,402,5.529,102.768,11.119,0.003,0.049,119.468
2026-09-02T09:13:16.895790+07:00,c11_sim,403,2.372,103.869,15.766,0.000,0.013,122.021
2026-09-02T09:13:17.013992+07:00,c11_sim,404,3.396,103.844,13.467,0.004,0.077,120.788
2026-09-02T09:13:17.145474+07:00,c11_sim,405,3.002,105.190,14.272,11.182,0.030,133.675
2026-09-02T09:13:17.268536+07:00,c11_sim,406,3.695,101.504,10.769,10.119,0.013,126.099
2026-09-02T09:13:17.392950+07:00,c11_sim,407,9.704,101.790,11.490,10.329,0.034,133.347
2026-09-02T09:13:17.517533+07:00,c11_sim,408,4.302,102.024,11.693,10.100,0.014,128.133
2026-09-02T09:13:17.642967+07:00,c11_sim,409,6.282,101.043,12.751,10.870,0.014,130.961
2026-09-02T09:13:17.765979+07:00,c11_sim,410,5.932,100.768,11.393,10.043,0.018,128.154
2026-09-02T09:13:17.890619+07:00,c11_sim,411,5.757,100.130,12.788,10.951,0.013,129.639
2026-09-02T09:13:18.015575+07:00,c11_sim,412,3.318,101.077,12.463,10.659,0.014,127.531
2026-09-02T09:13:18.137547+07:00,c11_sim,413,3.359,100.611,10.229,10.430,0.014,124.644
2026-09-02T09:13:18.259877+07:00,c11_sim,414,3.422,100.345,10.622,10.599,0.014,125.002
2026-09-02T09:13:18.382787+07:00,c11_sim,415,3.278,99.828,11.181,10.930,0.138,125.355
2026-09-02T09:13:18.508106+07:00,c11_sim,416,3.294,101.408,12.571,10.593,0.019,127.885
2026-09-02T09:13:18.631989+07:00,c11_sim,417,5.401,99.364,12.511,11.255,0.018,128.549
2026-09-02T09:13:18.755521+07:00,c11_sim,418,9.118,100.493,11.692,10.183,0.012,131.498
2026-09-02T09:13:18.879436+07:00,c11_sim,419,6.249,99.332,12.903,10.918,0.012,129.414
2026-09-02T09:13:19.003130+07:00,c11_sim,420,4.604,101.202,11.458,10.265,0.011,127.541
2026-09-02T09:13:19.125996+07:00,c11_sim,421,3.624,100.423,11.423,10.234,0.016,125.721
2026-09-02T09:13:19.250421+07:00,c11_sim,422,3.204,99.526,13.090,11.001,0.038,126.859
2026-09-02T09:13:19.374143+07:00,c11_sim,423,3.151,100.655,12.157,10.249,0.018,126.230
2026-09-02T09:13:19.495667+07:00,c11_sim,424,3.234,97.897,12.420,10.460,0.016,124.028
2026-09-02T09:13:19.619603+07:00,c11_sim,425,3.684,100.739,11.975,10.447,0.016,126.861
2026-09-02T09:13:19.740329+07:00,c11_sim,426,3.284,99.919,10.575,9.515,0.016,123.309
2026-09-02T09:13:19.927876+07:00,c9_sim,259,4.398,187.323,0.000,0.000,0.018,191.739
2026-09-02T09:13:19.959695+07:00,c11_sim,427,3.536,187.323,19.289,11.748,0.018,221.914
2026-09-02T09:13:20.158569+07:00,c9_sim,260,11.037,188.271,10.052,0.000,0.007,209.367
2026-09-02T09:13:20.174878+07:00,c11_sim,428,3.159,188.271,6.058,9.295,0.012,206.796
2026-09-02T09:13:20.368204+07:00,c9_sim,261,2.847,186.526,6.186,0.002,0.027,195.588
2026-09-02T09:13:20.384555+07:00,c11_sim,429,3.319,186.526,6.055,9.327,0.014,205.241
2026-09-02T09:13:20.603044+07:00,c9_sim,262,2.549,200.824,16.815,0.005,0.048,220.240
2026-09-02T09:13:20.626866+07:00,c11_sim,430,3.272,200.824,12.017,10.733,0.041,226.886
2026-09-02T09:13:20.866278+07:00,c9_sim,263,4.841,216.114,20.932,0.005,0.078,241.970
2026-09-02T09:13:20.893548+07:00,c11_sim,431,3.361,216.114,13.842,11.777,0.016,245.109
2026-09-02T09:13:21.124675+07:00,c9_sim,264,6.002,210.493,19.160,0.003,0.074,235.732
2026-09-02T09:13:21.150008+07:00,c11_sim,432,3.367,210.493,12.774,11.194,0.017,237.845
2026-09-02T09:13:21.364953+07:00,c9_sim,265,3.950,197.788,16.362,0.004,0.019,218.123
2026-09-02T09:13:21.389109+07:00,c11_sim,433,3.285,197.788,11.214,11.405,0.016,223.707
2026-09-02T09:13:21.580415+07:00,c9_sim,266,5.644,190.974,0.000,0.000,0.008,196.625
2026-09-02T09:13:21.597101+07:00,c11_sim,434,3.293,190.974,6.745,9.393,0.013,210.418
2026-09-02T09:13:21.795238+07:00,c9_sim,267,5.693,190.417,7.031,0.002,0.009,203.151
2026-09-02T09:13:21.812457+07:00,c11_sim,435,3.101,190.417,6.642,9.472,0.016,209.648
2026-09-02T09:13:22.012681+07:00,c9_sim,268,3.389,192.766,6.658,0.002,0.008,202.823
2026-09-02T09:13:22.029409+07:00,c11_sim,436,3.193,192.766,6.437,9.343,0.012,211.751
2026-09-02T09:13:22.228691+07:00,c9_sim,269,3.282,192.098,6.469,0.002,0.027,201.877
2026-09-02T09:13:22.246011+07:00,c11_sim,437,3.186,192.098,6.482,9.758,0.029,211.552
2026-09-02T09:13:22.448395+07:00,c9_sim,270,2.776,195.328,6.391,0.002,0.008,204.505
2026-09-02T09:13:22.465252+07:00,c11_sim,438,3.283,195.328,5.961,9.781,0.012,214.365
2026-09-02T09:13:22.668204+07:00,c9_sim,271,2.799,196.009,6.245,0.002,0.027,205.083
2026-09-02T09:13:22.685759+07:00,c11_sim,439,3.277,196.009,5.996,10.614,0.014,215.909
2026-09-02T09:13:22.893764+07:00,c9_sim,272,2.774,199.737,6.422,0.002,0.153,209.088
2026-09-02T09:13:22.910816+07:00,c11_sim,440,3.145,199.737,5.909,9.981,0.021,218.793
2026-09-02T09:13:23.116012+07:00,c9_sim,273,2.784,198.117,6.409,0.002,0.007,207.319
2026-09-02T09:13:23.133084+07:00,c11_sim,441,3.165,198.117,5.935,10.147,0.037,217.401
2026-09-02T09:13:23.338085+07:00,c9_sim,274,2.685,198.319,6.141,0.002,0.026,207.174
2026-09-02T09:13:23.354671+07:00,c11_sim,442,3.112,198.319,5.801,9.775,0.026,217.034
2026-09-02T09:13:23.559494+07:00,c9_sim,275,2.608,197.985,6.120,0.002,0.008,206.722
2026-09-02T09:13:23.575640+07:00,c11_sim,443,4.619,197.985,5.872,9.340,0.016,217.833
2026-09-02T09:13:23.780920+07:00,c9_sim,276,2.579,198.426,6.154,0.002,0.026,207.187
2026-09-02T09:13:23.797908+07:00,c11_sim,444,7.158,198.426,5.803,10.081,0.026,221.494
2026-09-02T09:13:24.003123+07:00,c9_sim,277,2.650,198.508,6.015,0.002,0.030,207.205
2026-09-02T09:13:24.020193+07:00,c11_sim,445,7.121,198.508,6.008,10.111,0.012,221.760
2026-09-02T09:13:24.225688+07:00,c9_sim,278,2.661,198.807,6.005,0.002,0.008,207.482
2026-09-02T09:13:24.242116+07:00,c11_sim,446,5.421,198.807,5.852,9.727,0.016,219.823
2026-09-02T09:13:24.447650+07:00,c9_sim,279,2.909,198.555,6.301,0.001,0.007,207.774
2026-09-02T09:13:24.464635+07:00,c11_sim,447,4.732,198.555,5.753,10.088,0.034,219.163
2026-09-02T09:13:24.670558+07:00,c9_sim,280,2.574,199.268,6.039,0.002,0.008,207.891
2026-09-02T09:13:24.687439+07:00,c11_sim,448,5.116,199.268,5.734,10.211,0.013,220.341
2026-09-02T09:13:24.903855+07:00,c9_sim,281,2.560,199.237,6.219,10.246,0.010,218.272
2026-09-02T09:13:24.920340+07:00,c11_sim,449,5.574,199.237,5.757,10.206,0.013,220.786
2026-09-02T09:13:25.135229+07:00,c9_sim,282,2.566,198.164,6.244,9.804,0.011,216.788
2026-09-02T09:13:25.151607+07:00,c11_sim,450,5.593,198.164,5.791,10.051,0.012,219.611
2026-09-02T09:13:25.356164+07:00,c9_sim,283,2.538,197.826,6.173,0.002,0.009,206.548
2026-09-02T09:13:25.373706+07:00,c11_sim,451,5.600,197.826,6.203,10.325,0.013,219.967
2026-09-02T09:13:25.580505+07:00,c9_sim,284,2.565,199.917,6.154,0.002,0.008,208.645
2026-09-02T09:13:25.597050+07:00,c11_sim,452,4.504,199.917,5.899,9.691,0.013,220.023
2026-09-02T09:13:25.813314+07:00,c9_sim,285,2.783,199.731,6.228,9.643,0.010,218.395
2026-09-02T09:13:25.829458+07:00,c11_sim,453,5.001,199.731,5.909,9.658,0.040,220.338
2026-09-02T09:13:26.047575+07:00,c9_sim,286,2.581,201.497,6.081,9.869,0.009,220.037
2026-09-02T09:13:26.063957+07:00,c11_sim,454,5.067,201.497,6.060,9.800,0.013,222.437
2026-09-02T09:13:26.281948+07:00,c9_sim,287,2.654,201.203,6.148,9.954,0.026,219.986
2026-09-02T09:13:26.298078+07:00,c11_sim,455,6.291,201.203,5.839,9.760,0.034,223.127
2026-09-02T09:13:26.516257+07:00,c9_sim,288,2.445,201.917,6.045,9.540,0.009,219.956
2026-09-02T09:13:26.532215+07:00,c11_sim,456,4.196,201.917,5.814,9.603,0.042,221.573
2026-09-02T09:13:26.749075+07:00,c9_sim,289,2.825,200.329,6.043,9.936,0.027,219.159
2026-09-02T09:13:26.765115+07:00,c11_sim,457,5.140,200.329,5.787,9.713,0.037,221.005
2026-09-02T09:13:26.972368+07:00,c9_sim,290,2.701,200.424,6.157,0.002,0.008,209.293
2026-09-02T09:13:26.989618+07:00,c11_sim,458,6.074,200.424,5.926,10.132,0.043,222.600
2026-09-02T09:13:27.196967+07:00,c9_sim,291,2.612,200.251,6.396,0.002,0.028,209.289
2026-09-02T09:13:27.214621+07:00,c11_sim,459,5.870,200.251,6.300,10.257,0.017,222.694
2026-09-02T09:13:27.431763+07:00,c9_sim,292,2.492,200.443,6.122,9.884,0.010,218.950
2026-09-02T09:13:27.448150+07:00,c11_sim,460,4.841,200.443,6.031,9.827,0.012,221.154
2026-09-02T09:13:27.664924+07:00,c9_sim,293,2.547,200.194,6.357,9.544,0.010,218.653
2026-09-02T09:13:27.681332+07:00,c11_sim,461,4.985,200.194,6.500,9.380,0.016,221.074
2026-09-02T09:13:27.898575+07:00,c9_sim,294,2.567,200.366,6.182,10.002,0.010,219.127
2026-09-02T09:13:27.915271+07:00,c11_sim,462,5.653,200.366,6.000,10.217,0.012,222.248
2026-09-02T09:13:28.132618+07:00,c9_sim,295,2.466,200.427,6.036,10.252,0.010,219.191
2026-09-02T09:13:28.148976+07:00,c11_sim,463,4.937,200.427,5.908,9.921,0.011,221.204
2026-09-02T09:13:28.367278+07:00,c9_sim,296,2.541,200.970,6.098,10.693,0.026,220.326
2026-09-02T09:13:28.384136+07:00,c11_sim,464,5.038,200.970,6.180,10.163,0.012,222.363
2026-09-02T09:13:28.602522+07:00,c9_sim,297,2.584,200.312,6.451,10.966,0.011,220.325
2026-09-02T09:13:28.619454+07:00,c11_sim,465,4.946,200.312,6.127,10.284,0.011,221.679
2026-09-02T09:13:28.835127+07:00,c9_sim,298,2.578,198.801,6.119,10.038,0.010,217.546
2026-09-02T09:13:28.853659+07:00,c11_sim,466,5.100,198.801,6.841,11.164,0.013,221.919
2026-09-02T09:13:29.068426+07:00,c9_sim,299,2.858,197.756,6.223,10.075,0.010,216.922
2026-09-02T09:13:29.085388+07:00,c11_sim,467,5.919,197.756,6.400,10.062,0.039,220.176
2026-09-02T09:13:29.298269+07:00,c9_sim,300,2.718,195.734,6.244,10.226,0.009,214.930
2026-09-02T09:13:29.315218+07:00,c11_sim,468,6.315,195.734,6.151,10.231,0.012,218.443
2026-09-02T09:13:29.530458+07:00,c9_sim,301,2.596,198.894,6.104,9.571,0.014,217.179
2026-09-02T09:13:29.547556+07:00,c11_sim,469,3.988,198.894,6.892,9.712,0.011,219.498
2026-09-02T09:13:29.762849+07:00,c9_sim,302,2.555,198.747,6.359,9.676,0.019,217.355
2026-09-02T09:13:29.779994+07:00,c11_sim,470,4.272,198.747,6.875,9.724,0.013,219.632
2026-09-02T09:13:29.998814+07:00,c9_sim,303,2.683,202.054,6.445,9.620,0.028,220.830
2026-09-02T09:13:30.015193+07:00,c11_sim,471,5.215,202.054,6.111,9.743,0.010,223.133
2026-09-02T09:13:30.236454+07:00,c9_sim,304,2.517,200.223,9.940,10.386,0.014,223.081
2026-09-02T09:13:30.255694+07:00,c11_sim,472,5.228,200.223,8.151,10.547,0.017,224.166
2026-09-02T09:13:30.471505+07:00,c9_sim,305,2.597,199.353,6.073,9.666,0.012,217.701
2026-09-02T09:13:30.489269+07:00,c11_sim,473,6.123,199.353,6.505,10.700,0.057,222.738
2026-09-02T09:13:30.703345+07:00,c9_sim,306,2.517,197.413,6.147,9.829,0.013,215.918
2026-09-02T09:13:30.720165+07:00,c11_sim,474,4.480,197.413,6.405,9.895,0.012,218.205
2026-09-02T09:13:30.931913+07:00,c9_sim,307,2.538,195.089,6.149,9.812,0.014,213.603
2026-09-02T09:13:30.949401+07:00,c11_sim,475,4.906,195.089,6.546,10.425,0.011,216.976
2026-09-02T09:13:31.162792+07:00,c9_sim,308,2.541,197.336,6.039,9.534,0.012,215.461
2026-09-02T09:13:31.179085+07:00,c11_sim,476,6.130,197.336,6.058,9.708,0.012,219.243
2026-09-02T09:13:31.394100+07:00,c9_sim,309,2.754,198.550,6.351,9.448,0.014,217.116
2026-09-02T09:13:31.409994+07:00,c11_sim,477,6.578,198.550,5.809,9.577,0.011,220.524
2026-09-02T09:13:31.628568+07:00,c9_sim,310,2.625,200.777,7.226,9.879,0.033,220.539
2026-09-02T09:13:31.647119+07:00,c11_sim,478,5.015,200.777,7.887,10.110,0.013,223.801
2026-09-02T09:13:31.895579+07:00,c9_sim,311,2.473,212.940,21.425,12.677,0.020,249.534
2026-09-02T09:13:31.921656+07:00,c11_sim,479,4.822,212.940,12.989,12.393,0.018,243.162
2026-09-02T09:13:32.160450+07:00,c9_sim,312,2.732,205.267,19.772,12.634,0.020,240.424
2026-09-02T09:13:32.184356+07:00,c11_sim,480,5.395,205.267,12.658,10.583,0.015,233.918
2026-09-02T09:13:32.415870+07:00,c9_sim,313,2.588,198.794,19.387,12.464,0.020,233.252
2026-09-02T09:13:32.440213+07:00,c11_sim,481,5.604,198.794,12.022,11.645,0.016,228.081
2026-09-02T09:13:32.671543+07:00,c9_sim,314,2.813,197.931,19.851,12.217,0.022,232.834
2026-09-02T09:13:32.694141+07:00,c11_sim,482,5.602,197.931,12.132,9.794,0.016,225.475
2026-09-02T09:13:32.921205+07:00,c9_sim,315,2.694,193.252,20.271,12.283,0.019,228.520
2026-09-02T09:13:32.941391+07:00,c11_sim,483,4.483,193.252,9.890,9.681,0.016,217.322
2026-09-02T09:13:33.143731+07:00,c9_sim,316,2.615,185.848,6.527,9.207,0.014,204.211
2026-09-02T09:13:33.159303+07:00,c11_sim,484,4.540,185.848,5.911,9.136,0.011,205.446
2026-09-02T09:13:33.359738+07:00,c9_sim,317,2.577,184.364,6.336,9.199,0.029,202.505
2026-09-02T09:13:33.368901+07:00,c11_sim,485,5.403,184.364,8.682,0.000,0.004,198.453
2026-09-02T09:13:33.572419+07:00,c9_sim,318,2.509,186.945,6.249,9.669,0.031,205.402
2026-09-02T09:13:33.588244+07:00,c11_sim,486,5.460,186.945,6.073,9.207,0.031,207.715
2026-09-02T09:13:33.792140+07:00,c9_sim,319,8.368,187.689,6.139,9.349,0.033,211.578
2026-09-02T09:13:33.808545+07:00,c11_sim,487,6.393,187.689,5.925,9.987,0.024,210.018
2026-09-02T09:13:34.017113+07:00,c9_sim,320,3.592,191.191,6.388,10.312,0.013,211.495
2026-09-02T09:13:34.033151+07:00,c11_sim,488,6.151,191.191,5.856,9.671,0.009,212.878
2026-09-02T09:13:34.242537+07:00,c9_sim,321,7.398,192.645,6.777,9.249,0.034,216.102
2026-09-02T09:13:34.258193+07:00,c11_sim,489,5.008,192.645,5.916,9.265,0.012,212.845
2026-09-02T09:13:34.469425+07:00,c9_sim,322,6.283,194.210,6.418,9.934,0.013,216.858
2026-09-02T09:13:34.469494+07:00,c11_sim,490,7.561,194.210,0.000,0.000,0.003,201.774
2026-09-02T09:13:34.683069+07:00,c9_sim,323,5.410,195.921,6.518,10.496,0.014,218.359
2026-09-02T09:13:34.699868+07:00,c11_sim,491,5.602,195.921,6.239,10.043,0.011,217.816
2026-09-02T09:13:34.914459+07:00,c9_sim,324,3.577,197.874,6.324,9.714,0.013,217.502
2026-09-02T09:13:34.930655+07:00,c11_sim,492,5.018,197.874,5.938,9.787,0.011,218.628
2026-09-02T09:13:35.147236+07:00,c9_sim,325,4.576,199.750,6.422,9.865,0.013,220.626
2026-09-02T09:13:35.153685+07:00,c11_sim,493,6.185,199.750,5.945,0.001,0.006,211.888
2026-09-02T09:13:35.372453+07:00,c9_sim,326,2.714,201.295,6.582,10.237,0.014,220.841
2026-09-02T09:13:35.389584+07:00,c11_sim,494,5.157,201.295,5.992,10.609,0.009,223.061
2026-09-02T09:13:35.606640+07:00,c9_sim,327,2.529,199.884,6.574,9.993,0.013,218.992
2026-09-02T09:13:35.622715+07:00,c11_sim,495,5.929,199.884,5.883,9.674,0.008,221.378
2026-09-02T09:13:35.837553+07:00,c9_sim,328,2.595,197.844,6.292,10.008,0.013,216.751
2026-09-02T09:13:35.853924+07:00,c11_sim,496,6.103,197.844,6.057,9.818,0.008,219.830
2026-09-02T09:13:36.067282+07:00,c9_sim,329,2.732,196.539,6.199,9.991,0.032,215.493
2026-09-02T09:13:36.083855+07:00,c11_sim,497,5.306,196.539,6.036,10.014,0.008,217.903
2026-09-02T09:13:36.297545+07:00,c9_sim,330,2.452,196.466,6.727,9.803,0.037,215.484
2026-09-02T09:13:36.313659+07:00,c11_sim,498,5.631,196.466,5.958,9.590,0.009,217.654
2026-09-02T09:13:36.530220+07:00,c9_sim,331,2.540,199.170,6.909,9.871,0.015,218.506
2026-09-02T09:13:36.530483+07:00,c11_sim,499,5.447,199.170,0.000,0.000,0.106,204.723
2026-09-02T09:13:36.751577+07:00,c9_sim,332,2.528,202.931,6.687,10.926,0.048,223.121
2026-09-02T09:13:36.751639+07:00,c11_sim,500,5.107,202.931,0.000,0.000,0.002,208.041
2026-09-02T09:13:37.067138+07:00,c8_sim,129,3.192,305.286,9.512,0.000,0.007,317.997
2026-09-02T09:13:37.085606+07:00,c9_sim,333,2.523,305.286,6.476,10.962,0.015,325.262
2026-09-02T09:13:37.085681+07:00,c11_sim,501,6.434,305.286,0.000,0.000,0.002,311.723
2026-09-02T09:13:37.400264+07:00,c8_sim,130,4.661,307.253,6.643,0.002,0.083,318.642
2026-09-02T09:13:37.418888+07:00,c9_sim,334,2.439,307.253,6.722,11.044,0.013,327.471
2026-09-02T09:13:37.418946+07:00,c11_sim,502,5.187,307.253,0.000,0.000,0.002,312.443
2026-09-02T09:13:37.643389+07:00,c8_sim,131,3.582,206.742,6.660,10.345,0.047,227.377
2026-09-02T09:13:37.661111+07:00,c9_sim,335,2.341,206.742,7.302,9.737,0.011,226.134
2026-09-02T09:13:37.880941+07:00,c8_sim,132,4.321,202.614,6.489,10.029,0.041,223.493
2026-09-02T09:13:37.898664+07:00,c9_sim,336,2.547,202.614,7.430,9.742,0.045,222.378
2026-09-02T09:13:38.105910+07:00,c8_sim,133,3.572,200.150,6.422,0.002,0.075,210.221
2026-09-02T09:13:38.122675+07:00,c9_sim,337,2.487,200.150,5.809,10.042,0.013,218.502
2026-09-02T09:13:38.339524+07:00,c8_sim,134,3.471,199.059,7.105,9.853,0.050,219.538
2026-09-02T09:13:38.356211+07:00,c9_sim,338,2.506,199.059,6.435,9.778,0.014,217.793
2026-09-02T09:13:38.570356+07:00,c8_sim,135,3.326,196.089,6.379,11.088,0.010,216.893
2026-09-02T09:13:38.587458+07:00,c9_sim,339,2.548,196.089,6.654,9.911,0.013,215.215
2026-09-02T09:13:38.799885+07:00,c8_sim,136,3.475,195.463,6.383,9.907,0.011,215.239
2026-09-02T09:13:38.818111+07:00,c9_sim,340,2.595,195.463,7.098,10.529,0.012,215.698
2026-09-02T09:13:39.030946+07:00,c8_sim,137,3.557,196.048,6.331,9.862,0.011,215.809
2026-09-02T09:13:39.031022+07:00,c9_sim,341,2.570,196.048,0.000,0.000,0.002,198.620
2026-09-02T09:13:39.246595+07:00,c8_sim,138,3.520,198.668,6.582,9.746,0.010,218.526
2026-09-02T09:13:39.246659+07:00,c9_sim,342,2.576,198.668,0.000,0.000,0.002,201.246
2026-09-02T09:13:39.462996+07:00,c8_sim,139,3.586,199.719,6.221,9.803,0.011,219.340
2026-09-02T09:13:39.463069+07:00,c9_sim,343,2.634,199.719,0.000,0.000,0.002,202.354
2026-09-02T09:13:39.590450+07:00,c8_sim,140,3.665,109.433,6.080,11.124,0.151,130.453
2026-09-02T09:13:39.715812+07:00,c8_sim,141,3.531,108.675,6.166,9.870,0.017,128.258
2026-09-02T09:13:39.841042+07:00,c8_sim,142,3.534,108.448,6.100,10.106,0.010,128.197
2026-09-02T09:13:39.965987+07:00,c8_sim,143,3.656,108.060,6.386,9.949,0.009,128.060
2026-09-02T09:13:40.090873+07:00,c8_sim,144,3.645,107.849,6.232,10.126,0.009,127.860
2026-09-02T09:13:40.217408+07:00,c8_sim,145,3.567,108.446,6.971,10.556,0.013,129.553
2026-09-02T09:13:40.368619+07:00,c8_sim,146,3.713,117.526,20.454,12.019,0.015,153.727
2026-09-02T09:13:40.511543+07:00,c8_sim,147,8.953,115.205,14.888,12.002,0.014,151.061
2026-09-02T09:13:40.681333+07:00,c8_sim,148,7.384,112.024,15.198,11.617,0.024,146.247
2026-09-02T09:13:40.894008+07:00,c8_sim,149,8.950,108.775,15.748,11.659,0.016,145.149
2026-09-02T09:13:41.083996+07:00,c8_sim,150,9.023,102.676,15.402,11.013,0.018,138.132
2026-09-02T09:13:41.291180+07:00,c8_sim,151,8.206,99.877,13.914,10.943,0.017,132.957
2026-09-02T09:13:41.470860+07:00,c8_sim,152,7.752,95.239,13.251,10.338,0.018,126.599
2026-09-02T09:13:41.664251+07:00,c8_sim,153,9.141,91.875,14.141,10.482,0.018,125.657
2026-09-02T09:13:41.872313+07:00,c8_sim,154,10.011,95.523,14.382,10.421,0.016,130.353
2026-09-02T09:13:42.169911+07:00,c8_sim,155,8.586,176.897,19.656,12.898,0.018,218.054
2026-09-02T09:13:42.291164+07:00,c8_sim,156,9.125,96.792,13.593,10.186,0.017,129.713
2026-09-02T09:13:42.466300+07:00,c8_sim,157,7.824,90.695,13.631,10.025,0.017,122.191
2026-09-02T09:13:42.641414+07:00,c8_sim,158,7.918,91.871,0.000,0.000,0.008,99.796
2026-09-02T09:13:42.915887+07:00,c8_sim,159,8.872,120.666,19.547,11.555,0.016,160.656
2026-09-02T09:13:43.051243+07:00,c8_sim,160,6.110,88.141,6.783,8.850,0.029,109.914
2026-09-02T09:13:43.335676+07:00,c8_sim,161,4.886,173.054,0.000,0.000,0.016,177.956
2026-09-02T09:13:43.456267+07:00,c8_sim,162,6.318,99.113,0.000,0.000,0.012,105.443
2026-09-02T09:13:43.677788+07:00,c8_sim,163,9.093,119.457,0.000,0.000,0.015,128.565
2026-09-02T09:13:43.854697+07:00,c8_sim,164,10.499,93.310,0.000,0.000,0.013,103.822
2026-09-02T09:13:44.079103+07:00,c8_sim,165,8.993,120.912,0.000,0.000,0.013,129.918
2026-09-02T09:13:44.257498+07:00,c8_sim,166,9.786,93.024,0.000,0.000,0.013,102.822
2026-09-02T09:13:44.480834+07:00,c8_sim,167,9.718,121.249,0.000,0.000,0.013,130.979
2026-09-02T09:13:44.657363+07:00,c8_sim,168,9.944,92.115,0.000,0.000,0.011,102.070
2026-09-02T09:13:44.845042+07:00,c8_sim,169,11.196,91.594,0.000,0.000,0.013,102.802
2026-09-02T09:13:45.064184+07:00,c8_sim,170,10.379,121.507,0.000,0.000,0.013,131.899
2026-09-02T09:13:45.278120+07:00,c8_sim,171,11.731,111.843,0.000,0.000,0.011,123.585
2026-09-02T09:13:45.456619+07:00,c8_sim,172,9.153,91.379,0.000,0.000,0.014,100.546
2026-09-02T09:13:45.678268+07:00,c8_sim,173,9.997,105.632,0.000,0.000,0.010,115.638
2026-09-02T09:13:45.856581+07:00,c8_sim,174,8.489,90.219,0.000,0.000,0.013,98.721
2026-09-02T09:13:46.082434+07:00,c8_sim,175,10.143,123.657,0.000,0.000,0.381,134.181
2026-09-02T09:13:46.258695+07:00,c8_sim,176,11.107,95.150,0.000,0.000,0.020,106.278
2026-09-02T09:13:46.464389+07:00,c8_sim,177,10.090,123.216,0.000,0.000,0.007,133.313
2026-09-02T09:13:46.632807+07:00,c8_sim,178,10.122,90.920,0.000,0.000,0.007,101.048
2026-09-02T09:13:46.882727+07:00,c8_sim,179,10.497,114.890,0.000,0.000,0.008,125.395
2026-09-02T09:13:47.044145+07:00,c8_sim,180,10.021,91.569,0.000,0.000,0.007,101.598
2026-09-02T09:13:47.279945+07:00,c8_sim,181,10.280,114.245,0.000,0.000,0.006,124.531
2026-09-02T09:13:47.441475+07:00,c8_sim,182,10.359,92.007,0.000,0.000,0.007,102.373
2026-09-02T09:13:47.734287+07:00,c8_sim,183,10.025,178.320,0.000,0.000,0.009,188.353
2026-09-02T09:13:47.865559+07:00,c8_sim,184,9.220,104.385,0.000,0.000,0.008,113.613
2026-09-02T09:13:48.096193+07:00,c8_sim,185,10.056,122.167,0.000,0.000,0.007,132.230
2026-09-02T09:13:48.247137+07:00,c8_sim,186,10.826,90.549,0.000,0.000,0.007,101.382
2026-09-02T09:13:48.466131+07:00,c8_sim,187,9.416,115.355,0.000,0.000,0.007,124.778
2026-09-02T09:13:48.645735+07:00,c8_sim,188,10.277,91.638,0.000,0.000,0.008,101.923
2026-09-02T09:13:48.907463+07:00,c10_sim,124,7.650,111.815,24.192,0.000,0.019,143.676
2026-09-02T09:13:49.076141+07:00,c10_sim,125,5.586,88.121,14.083,10.757,0.058,118.605
2026-09-02T09:13:49.328633+07:00,c10_sim,126,7.930,113.903,18.723,10.510,0.047,151.114
2026-09-02T09:13:49.466661+07:00,c10_sim,127,7.148,86.928,13.449,10.081,0.053,117.660
2026-09-02T09:13:49.706939+07:00,c10_sim,128,7.527,108.795,16.172,10.288,0.058,142.841
2026-09-02T09:13:49.873317+07:00,c10_sim,129,7.112,87.306,13.454,9.879,0.014,117.765
2026-09-02T09:13:50.110205+07:00,c10_sim,130,7.566,117.403,19.033,10.647,0.012,154.662
2026-09-02T09:13:50.285869+07:00,c10_sim,131,6.185,89.396,14.975,10.409,0.013,120.977
2026-09-02T09:13:50.484599+07:00,c10_sim,132,7.133,90.358,14.977,10.435,0.014,122.917
2026-09-02T09:13:50.725522+07:00,c10_sim,133,7.201,118.725,16.925,10.460,0.012,153.323
2026-09-02T09:13:50.862435+07:00,c10_sim,134,6.281,86.102,13.134,9.935,0.013,115.465
2026-09-02T09:13:51.123442+07:00,c10_sim,135,8.113,119.167,18.464,11.044,0.011,156.799
2026-09-02T09:13:51.296939+07:00,c10_sim,136,6.908,88.809,14.025,9.641,0.160,119.544
2026-09-02T09:13:51.491298+07:00,c10_sim,137,15.297,87.665,15.065,10.194,0.081,128.303
2026-09-02T09:13:51.721321+07:00,c10_sim,138,7.192,113.455,15.155,10.600,0.013,146.415
2026-09-02T09:13:51.878759+07:00,c10_sim,139,5.989,87.564,13.191,0.004,0.242,106.990
2026-09-02T09:13:52.111657+07:00,c10_sim,140,7.942,118.411,18.693,11.302,0.012,156.360
2026-09-02T09:13:52.286433+07:00,c10_sim,141,7.312,88.980,14.828,10.225,0.015,121.360
2026-09-02T09:13:52.515826+07:00,c10_sim,142,5.915,121.711,19.221,0.004,0.014,146.865
2026-09-02T09:13:52.680604+07:00,c10_sim,143,6.903,90.524,14.365,0.004,0.015,111.812
2026-09-02T09:13:52.897434+07:00,c10_sim,144,7.675,112.936,17.833,0.004,0.019,138.466
2026-09-02T09:13:53.117041+07:00,c10_sim,145,8.074,120.293,18.527,0.002,0.010,146.906
2026-09-02T09:13:53.281957+07:00,c10_sim,146,6.413,91.183,16.025,0.003,0.016,113.640
2026-09-02T09:13:53.498313+07:00,c10_sim,147,7.191,115.694,19.180,0.003,0.112,142.180
2026-09-02T09:13:53.667136+07:00,c10_sim,148,7.863,90.927,17.826,0.004,0.013,116.633
2026-09-02T09:13:53.902551+07:00,c10_sim,149,9.241,116.039,18.702,0.004,0.020,144.007
2026-09-02T09:13:54.063891+07:00,c10_sim,150,7.602,89.633,14.450,0.004,0.016,111.705
2026-09-02T09:13:54.284914+07:00,c10_sim,151,9.229,113.592,0.000,0.000,0.017,122.839
2026-09-02T09:13:54.457122+07:00,c10_sim,152,8.807,92.092,0.000,0.000,0.014,100.913
2026-09-02T09:13:54.721688+07:00,c10_sim,153,9.279,117.711,20.978,0.005,0.068,148.040
2026-09-02T09:13:54.899950+07:00,c12_sim,39,6.224,89.110,18.976,9.837,0.198,124.345
2026-09-02T09:13:55.100545+07:00,c12_sim,40,6.343,89.030,13.364,10.281,0.065,119.082
2026-09-02T09:13:55.301039+07:00,c12_sim,41,5.570,89.635,13.664,9.821,0.013,118.703
2026-09-02T09:13:55.491231+07:00,c12_sim,42,7.411,89.498,14.067,10.365,0.013,121.354
2026-09-02T09:13:55.714044+07:00,c12_sim,43,6.164,115.111,18.010,0.005,0.017,139.306
2026-09-02T09:13:55.855547+07:00,c12_sim,44,6.587,90.310,0.000,0.000,0.012,96.910
2026-09-02T09:13:56.113079+07:00,c12_sim,45,9.983,121.729,0.000,0.000,0.016,131.728
2026-09-02T09:13:56.263621+07:00,c12_sim,46,8.227,91.105,0.000,0.000,0.011,99.343
2026-09-02T09:13:56.482494+07:00,c12_sim,47,8.767,113.267,0.000,0.000,0.014,122.048
2026-09-02T09:13:56.695532+07:00,c12_sim,48,8.596,119.399,0.000,0.000,0.013,128.008
2026-09-02T09:13:56.881938+07:00,c11_sim,503,8.265,91.448,17.483,0.000,0.014,117.211
2026-09-02T09:13:57.112313+07:00,c11_sim,504,10.293,118.742,0.000,0.000,0.013,129.048
2026-09-02T09:13:57.294960+07:00,c11_sim,505,10.951,90.626,15.344,0.004,0.051,116.976
2026-09-02T09:13:57.605152+07:00,c11_sim,506,9.380,181.053,17.702,0.002,0.011,208.149
2026-09-02T09:13:57.715410+07:00,c11_sim,507,7.551,95.896,13.522,0.004,0.148,117.121
2026-09-02T09:13:57.877525+07:00,c11_sim,508,7.898,89.412,13.803,0.003,0.015,111.131
2026-09-02T09:13:58.132468+07:00,c11_sim,509,10.576,124.669,16.961,0.003,0.078,152.288
2026-09-02T09:13:58.308714+07:00,c11_sim,510,6.218,90.876,14.129,10.345,0.035,121.604
2026-09-02T09:13:58.505344+07:00,c11_sim,511,5.844,90.318,14.990,9.869,0.013,121.033
2026-09-02T09:13:58.701250+07:00,c11_sim,512,6.464,90.078,14.095,9.725,0.012,120.374
2026-09-02T09:13:58.886927+07:00,c11_sim,513,7.169,89.704,14.006,0.004,0.224,111.108
2026-09-02T09:13:59.144369+07:00,c11_sim,514,9.825,111.963,17.972,10.296,0.016,150.072
2026-09-02T09:13:59.317980+07:00,c11_sim,515,5.926,88.217,14.401,10.232,0.012,118.788
2026-09-02T09:13:59.490840+07:00,c11_sim,516,7.404,88.612,13.756,9.730,0.033,119.536
2026-09-02T09:13:59.724441+07:00,c11_sim,517,8.191,114.336,18.055,10.257,0.030,150.870
2026-09-02T09:13:59.897101+07:00,c11_sim,518,7.482,88.530,13.804,9.596,0.031,119.443
2026-09-02T09:14:00.096852+07:00,c11_sim,519,7.620,89.978,13.604,9.785,0.012,120.998
2026-09-02T09:14:00.301018+07:00,c11_sim,520,7.257,90.411,12.780,10.045,0.013,120.507
2026-09-02T09:14:00.497351+07:00,c11_sim,521,7.257,88.831,14.232,9.735,0.013,120.069
2026-09-02T09:14:00.699825+07:00,c11_sim,522,7.212,90.587,14.791,9.938,0.012,122.540
2026-09-02T09:14:00.901325+07:00,c11_sim,523,7.978,89.551,14.697,9.602,0.012,121.841
2026-09-02T09:14:01.141573+07:00,c11_sim,524,6.877,120.385,18.190,10.633,0.037,156.121
2026-09-02T09:14:01.317750+07:00,c11_sim,525,7.513,90.810,14.673,9.946,0.033,122.975
2026-09-02T09:14:01.491095+07:00,c11_sim,526,7.093,89.068,14.174,10.334,0.033,120.702
2026-09-02T09:14:01.743692+07:00,c11_sim,527,8.677,115.461,17.296,10.206,0.017,151.656
2026-09-02T09:14:01.915533+07:00,c11_sim,528,6.052,87.887,13.547,9.630,0.017,117.133
2026-09-02T09:14:02.088212+07:00,c11_sim,529,7.808,88.469,13.816,9.681,0.016,119.790
2026-09-02T09:14:02.346205+07:00,c11_sim,530,8.257,112.249,18.522,10.518,0.016,149.561
2026-09-02T09:14:02.486613+07:00,c11_sim,531,6.734,87.753,13.183,9.595,0.037,117.302
2026-09-02T09:14:02.742379+07:00,c11_sim,532,21.436,113.609,16.575,10.377,0.036,162.033
2026-09-02T09:14:02.883058+07:00,c11_sim,533,6.743,86.947,13.449,9.563,0.033,116.736
2026-09-02T09:14:03.145105+07:00,c11_sim,534,8.540,117.292,16.713,10.049,0.035,152.630
2026-09-02T09:14:03.286474+07:00,c11_sim,535,6.536,87.578,13.352,9.810,0.016,117.292
2026-09-02T09:14:03.543621+07:00,c11_sim,536,7.222,117.102,17.560,10.430,0.017,152.331
2026-09-02T09:14:03.684946+07:00,c11_sim,537,6.472,87.210,13.527,9.859,0.040,117.108
2026-09-02T09:14:03.940278+07:00,c11_sim,538,7.461,117.886,17.595,10.241,0.016,153.200
2026-09-02T09:14:04.113548+07:00,c11_sim,539,6.600,88.618,13.736,10.101,0.044,119.100
2026-09-02T09:14:04.316946+07:00,c11_sim,540,7.668,89.594,13.354,9.516,0.016,120.147
2026-09-02T09:14:04.507610+07:00,c11_sim,541,7.169,88.588,14.762,10.030,0.017,120.566
2026-09-02T09:14:04.700758+07:00,c11_sim,542,7.089,89.929,14.059,9.936,0.043,121.057
2026-09-02T09:14:04.942665+07:00,c11_sim,543,6.352,121.834,18.632,10.540,0.017,157.376
2026-09-02T09:14:05.115815+07:00,c11_sim,544,7.237,89.374,14.150,9.751,0.015,120.528
2026-09-02T09:14:05.321264+07:00,c11_sim,545,7.821,90.993,14.659,10.287,0.043,123.802
2026-09-02T09:14:05.516672+07:00,c11_sim,546,6.928,90.097,14.849,9.845,0.018,121.737
2026-09-02T09:14:05.720886+07:00,c11_sim,547,7.630,89.356,13.997,9.941,0.073,120.997
2026-09-02T09:14:05.892082+07:00,c11_sim,548,6.549,86.976,13.536,9.934,0.054,117.049
2026-09-02T09:14:06.144376+07:00,c11_sim,549,7.175,113.721,17.669,10.882,0.014,149.462
2026-09-02T09:14:06.316406+07:00,c11_sim,550,7.557,90.089,14.661,9.838,0.016,122.162
2026-09-02T09:14:06.489374+07:00,c11_sim,551,6.549,88.148,13.888,10.120,0.016,118.721
2026-09-02T09:14:06.727230+07:00,c11_sim,552,6.581,114.142,15.245,0.000,0.009,135.978
2026-09-02T09:14:06.897627+07:00,c11_sim,553,6.316,87.406,12.667,10.093,0.066,116.548
2026-09-02T09:14:07.104931+07:00,c11_sim,554,6.609,91.593,14.891,9.998,0.013,123.103
2026-09-02T09:14:07.310430+07:00,c11_sim,555,6.846,90.943,14.573,10.330,0.013,122.704
2026-09-02T09:14:07.517467+07:00,c11_sim,556,7.434,91.057,15.067,10.028,0.013,123.599
2026-09-02T09:14:07.710389+07:00,c11_sim,557,7.475,90.677,13.787,0.005,0.020,111.964
2026-09-02T09:14:07.895369+07:00,c11_sim,558,7.769,90.194,14.296,0.005,0.018,112.281
2026-09-02T09:14:08.137378+07:00,c11_sim,559,8.602,115.144,17.500,0.002,0.010,141.258
2026-09-02T09:14:08.275800+07:00,c11_sim,560,6.340,87.251,0.000,0.000,0.013,93.603
2026-09-02T09:14:08.498469+07:00,c11_sim,561,9.483,115.787,0.000,0.000,0.013,125.284
2026-09-02T09:14:08.674317+07:00,c11_sim,562,7.584,88.754,0.000,0.000,0.013,96.350
2026-09-02T09:14:08.931055+07:00,c11_sim,563,6.859,113.844,18.978,0.000,0.017,139.698
2026-09-02T09:14:09.163191+07:00,c11_sim,564,7.160,116.665,19.091,11.980,0.090,154.986
2026-09-02T09:14:09.293991+07:00,c11_sim,565,6.941,86.600,13.308,0.005,0.193,107.046
2026-09-02T09:14:09.536278+07:00,c11_sim,566,7.182,106.657,12.972,9.891,0.217,136.919
2026-09-02T09:14:09.708697+07:00,c11_sim,567,6.933,88.088,13.579,9.969,0.023,118.593
2026-09-02T09:14:09.938297+07:00,c11_sim,568,7.302,113.317,14.479,10.977,0.014,146.090
2026-09-02T09:14:10.111706+07:00,c11_sim,569,7.831,88.358,14.417,9.922,0.014,120.541
2026-09-02T09:14:10.307029+07:00,c11_sim,570,7.352,89.901,13.457,9.875,0.013,120.598
2026-09-02T09:14:10.541249+07:00,c11_sim,571,6.832,114.888,17.758,10.606,0.053,150.137
2026-09-02T09:14:10.716114+07:00,c11_sim,572,7.393,89.319,14.580,10.659,0.014,121.964
2026-09-02T09:14:10.907517+07:00,c11_sim,573,7.254,89.326,14.354,9.818,0.014,120.765
2026-09-02T09:14:11.153998+07:00,c11_sim,574,6.537,114.408,14.227,9.934,0.188,145.294
2026-09-02T09:14:11.327253+07:00,c11_sim,575,6.503,88.017,14.872,9.648,0.015,119.054
2026-09-02T09:14:11.529802+07:00,c11_sim,576,6.846,90.127,14.590,9.775,0.013,121.351
2026-09-02T09:14:11.734425+07:00,c11_sim,577,7.618,90.030,14.339,10.130,0.070,122.187
2026-09-02T09:14:11.936862+07:00,c11_sim,578,6.789,91.013,14.088,9.826,0.050,121.766
2026-09-02T09:14:12.109391+07:00,c11_sim,579,6.839,88.539,14.314,10.260,0.013,119.965
2026-09-02T09:14:12.358817+07:00,c11_sim,580,8.366,116.836,16.584,10.292,0.012,152.091
2026-09-02T09:14:12.532443+07:00,c11_sim,581,6.709,88.479,14.623,9.831,0.020,119.662
2026-09-02T09:14:12.705361+07:00,c11_sim,582,6.859,88.541,13.834,9.777,0.016,119.027
2026-09-02T09:14:12.954305+07:00,c11_sim,583,6.590,116.131,16.061,10.106,0.018,148.907
2026-09-02T09:14:13.116226+07:00,c11_sim,584,6.282,87.215,13.344,9.898,0.016,116.755
2026-09-02T09:14:13.320744+07:00,c11_sim,585,6.325,91.145,14.669,9.873,0.020,122.032
2026-09-02T09:14:13.506134+07:00,c11_sim,586,6.702,88.389,14.388,9.942,0.016,119.438
2026-09-02T09:14:13.740104+07:00,c11_sim,587,7.346,114.522,17.836,10.474,0.022,150.200
2026-09-02T09:14:13.904202+07:00,c11_sim,588,7.745,88.817,13.676,9.872,0.016,120.126
2026-09-02T09:14:14.162742+07:00,c11_sim,589,7.699,116.377,18.563,10.770,0.016,153.426
2026-09-02T09:14:14.304877+07:00,c11_sim,590,6.743,88.097,13.398,9.834,0.017,118.088
2026-09-02T09:14:14.604591+07:00,c11_sim,591,6.492,176.361,21.501,12.441,0.020,216.815
2026-09-02T09:14:14.723794+07:00,c11_sim,592,6.743,94.659,13.880,10.012,0.017,125.311
2026-09-02T09:14:14.912725+07:00,c11_sim,593,7.174,88.746,13.535,9.865,0.017,119.337
2026-09-02T09:14:15.116471+07:00,c11_sim,594,6.641,89.862,13.281,9.776,0.016,119.576
2026-09-02T09:14:15.318686+07:00,c11_sim,595,6.348,90.971,14.188,10.235,0.019,121.761
2026-09-02T09:14:15.558621+07:00,c11_sim,596,7.183,119.129,19.033,10.854,0.018,156.216
2026-09-02T09:14:15.732473+07:00,c11_sim,597,7.408,89.256,13.961,9.788,0.018,120.431
2026-09-02T09:14:15.932985+07:00,c11_sim,598,6.912,89.575,14.437,10.017,0.018,120.959
2026-09-02T09:14:16.105040+07:00,c11_sim,599,7.209,88.145,13.463,9.733,0.015,118.566
2026-09-02T09:14:16.341056+07:00,c11_sim,600,7.333,116.540,18.991,10.329,0.015,153.208
2026-09-02T09:14:16.514122+07:00,c11_sim,601,7.781,88.459,14.216,9.777,0.017,120.249
2026-09-02T09:14:16.709534+07:00,c11_sim,602,6.429,89.380,13.641,9.738,0.017,119.206
2026-09-02T09:14:16.914952+07:00,c11_sim,603,6.740,90.122,14.362,10.172,0.017,121.414
2026-09-02T09:14:17.112460+07:00,c11_sim,604,7.652,90.582,13.959,9.787,0.016,121.996
2026-09-02T09:14:17.313272+07:00,c11_sim,605,7.681,90.712,13.097,9.892,0.016,121.397
2026-09-02T09:14:17.517552+07:00,c11_sim,606,7.326,89.601,13.795,9.922,0.017,120.661
2026-09-02T09:14:17.722981+07:00,c11_sim,607,6.880,90.363,15.574,9.866,0.017,122.700
2026-09-02T09:14:17.920711+07:00,c11_sim,608,6.856,90.358,13.525,9.802,0.019,120.560
2026-09-02T09:14:18.118992+07:00,c11_sim,609,6.886,90.472,15.024,9.824,0.016,122.222
2026-09-02T09:14:18.358356+07:00,c11_sim,610,6.831,121.985,17.016,10.314,0.016,156.162
2026-09-02T09:14:18.519161+07:00,c11_sim,611,7.082,88.990,14.150,9.960,0.018,120.200
2026-09-02T09:14:18.712043+07:00,c11_sim,612,6.791,89.501,12.622,9.749,0.016,118.679
2026-09-02T09:14:18.906883+07:00,c11_sim,613,6.686,89.839,13.911,9.926,0.017,120.380
2026-09-02T09:14:19.161392+07:00,c11_sim,614,7.687,110.482,18.002,10.390,0.015,146.575
2026-09-02T09:14:19.303691+07:00,c11_sim,615,6.488,88.062,13.728,9.806,0.019,118.103
2026-09-02T09:14:19.597577+07:00,c11_sim,616,7.437,173.891,17.997,10.999,0.019,210.342
2026-09-02T09:14:19.715143+07:00,c11_sim,617,6.085,93.855,13.443,9.595,0.016,122.994
2026-09-02T09:14:19.919995+07:00,c11_sim,618,6.630,89.988,14.210,9.813,0.018,120.659
2026-09-02T09:14:20.117671+07:00,c11_sim,619,6.764,90.281,14.213,9.925,0.017,121.200
2026-09-02T09:14:20.311844+07:00,c11_sim,620,6.519,89.555,13.482,9.980,0.018,119.554
2026-09-02T09:14:20.514703+07:00,c11_sim,621,7.164,90.243,14.809,9.907,0.019,122.142
2026-09-02T09:14:20.710902+07:00,c11_sim,622,7.367,90.387,13.684,9.866,0.017,121.321
2026-09-02T09:14:20.914885+07:00,c11_sim,623,7.768,89.259,14.283,9.581,0.017,120.908
2026-09-02T09:14:21.114249+07:00,c11_sim,624,7.760,89.546,13.765,9.912,0.015,120.998
2026-09-02T09:14:21.313351+07:00,c11_sim,625,7.108,89.251,13.430,9.677,0.017,119.483
2026-09-02T09:14:21.516670+07:00,c11_sim,626,6.867,88.471,13.936,10.030,0.019,119.323
2026-09-02T09:14:21.709843+07:00,c11_sim,627,7.379,90.021,15.065,10.083,0.017,122.566
2026-09-02T09:14:21.911494+07:00,c11_sim,628,7.164,88.900,13.893,9.830,0.018,119.805
2026-09-02T09:14:22.112598+07:00,c11_sim,629,7.365,91.062,15.305,10.006,0.016,123.754
2026-09-02T09:14:22.314930+07:00,c11_sim,630,6.946,92.562,14.353,10.246,0.016,124.123
2026-09-02T09:14:22.518869+07:00,c11_sim,631,7.826,89.471,13.690,9.850,0.016,120.853
2026-09-02T09:14:22.747377+07:00,c11_sim,632,6.870,117.061,12.018,8.529,0.020,144.498
2026-09-02T09:14:22.895106+07:00,c11_sim,633,5.562,87.944,12.702,0.003,0.014,106.225
2026-09-02T09:14:23.139772+07:00,c11_sim,634,9.565,113.445,13.254,0.004,0.019,136.288
2026-09-02T09:14:23.301456+07:00,c11_sim,635,7.359,88.660,13.647,0.004,0.019,109.689
2026-09-02T09:14:23.553257+07:00,c11_sim,636,7.270,112.724,18.398,0.005,0.019,138.416
2026-09-02T09:14:23.715905+07:00,c11_sim,637,6.947,90.796,14.335,0.003,0.023,112.105
2026-09-02T09:14:23.927633+07:00,c11_sim,638,6.975,109.819,14.862,0.004,0.018,131.679
2026-09-02T09:14:24.092262+07:00,c11_sim,639,7.268,90.314,13.384,0.003,0.016,110.986
2026-09-02T09:14:24.330573+07:00,c11_sim,640,9.368,114.337,17.743,0.002,0.013,141.463
2026-09-02T09:14:24.492246+07:00,c11_sim,641,6.392,87.562,14.000,0.004,0.019,107.977
2026-09-02T09:14:24.746549+07:00,c11_sim,642,8.701,116.621,16.984,0.003,0.012,142.321
2026-09-02T09:14:24.907695+07:00,c11_sim,643,7.000,88.882,13.908,0.004,0.017,109.811
2026-09-02T09:14:25.133595+07:00,c11_sim,644,8.392,111.143,17.573,0.003,0.010,137.121
2026-09-02T09:14:25.275520+07:00,c11_sim,645,7.758,90.083,0.000,0.000,0.008,97.848
2026-09-02T09:14:25.529667+07:00,c11_sim,646,11.233,106.754,15.615,0.003,0.015,133.620
2026-09-02T09:14:25.682694+07:00,c11_sim,647,7.846,92.665,0.000,0.000,0.010,100.521
2026-09-02T09:14:25.930513+07:00,c11_sim,648,11.246,110.900,0.000,0.000,0.012,122.159
2026-09-02T09:14:26.111777+07:00,c11_sim,649,10.435,94.855,0.000,0.000,0.011,105.301
2026-09-02T09:14:26.329978+07:00,c11_sim,650,6.915,119.419,0.000,0.000,0.012,126.347
2026-09-02T09:14:26.506506+07:00,c11_sim,651,9.724,90.020,0.000,0.000,0.009,99.753
2026-09-02T09:14:26.739228+07:00,c11_sim,652,9.907,117.259,0.000,0.000,0.012,127.178
2026-09-02T09:14:26.934319+07:00,c12_sim,49,7.522,95.357,20.621,0.000,0.009,123.509
2026-09-02T09:14:27.177279+07:00,c12_sim,50,10.873,121.540,17.724,11.851,0.208,162.195
2026-09-02T09:14:27.295132+07:00,c12_sim,51,5.519,87.657,0.000,0.000,0.014,93.190
2026-09-02T09:14:27.530665+07:00,c12_sim,52,8.396,116.742,0.000,0.000,0.014,125.152
2026-09-02T09:14:27.702727+07:00,c12_sim,53,10.595,91.157,0.000,0.000,0.012,101.764
2026-09-02T09:14:27.929832+07:00,c12_sim,54,9.699,109.315,0.000,0.000,0.017,119.031
2026-09-02T09:14:28.111894+07:00,c12_sim,55,8.438,93.599,0.000,0.000,0.014,102.052
2026-09-02T09:14:28.363639+07:00,c12_sim,56,8.829,121.273,18.068,0.000,0.012,148.182
2026-09-02T09:14:28.507815+07:00,c12_sim,57,5.292,90.167,0.000,0.000,0.010,95.469
2026-09-02T09:14:28.730820+07:00,c12_sim,58,8.113,116.207,0.000,0.000,0.342,124.662
2026-09-02T09:14:28.911445+07:00,c12_sim,59,8.699,90.496,0.000,0.000,0.025,99.221
2026-09-02T09:14:29.132272+07:00,c12_sim,60,9.256,112.665,0.000,0.000,0.016,121.936
2026-09-02T09:14:29.313647+07:00,c12_sim,61,8.844,91.846,0.000,0.000,0.012,100.702
2026-09-02T09:14:29.568109+07:00,c10_sim,154,7.736,124.240,20.426,0.000,0.017,152.418
2026-09-02T09:14:29.733973+07:00,c10_sim,155,8.221,90.295,14.429,0.004,0.272,113.221
2026-09-02T09:14:29.944657+07:00,c10_sim,156,6.238,110.970,15.356,0.004,0.018,132.586
2026-09-02T09:14:30.164880+07:00,c10_sim,157,8.705,119.464,18.428,0.003,0.012,146.612
2026-09-02T09:14:30.330865+07:00,c10_sim,158,6.510,89.190,13.711,10.966,0.013,120.390
2026-09-02T09:14:30.523110+07:00,c10_sim,159,6.091,88.211,12.666,9.766,0.013,116.746
2026-09-02T09:14:30.776443+07:00,c10_sim,160,7.320,117.066,17.839,10.777,0.012,153.014
2026-09-02T09:14:30.941591+07:00,c10_sim,161,6.265,87.899,13.254,10.368,0.012,117.798
2026-09-02T09:14:31.175347+07:00,c10_sim,162,6.083,114.783,18.209,11.093,0.012,150.181
2026-09-02T09:14:31.345982+07:00,c10_sim,163,6.822,87.907,13.763,9.996,0.020,118.508
2026-09-02T09:14:31.547145+07:00,c10_sim,164,6.418,89.123,13.299,10.199,0.014,119.054
2026-09-02T09:14:31.738513+07:00,c10_sim,165,7.481,89.041,14.105,10.162,0.181,120.970
2026-09-02T09:14:31.972471+07:00,c10_sim,166,7.701,115.850,16.843,10.457,0.021,150.871
2026-09-02T09:14:32.142431+07:00,c10_sim,167,6.685,87.050,12.339,9.864,0.013,115.951
2026-09-02T09:14:32.333165+07:00,c10_sim,168,8.068,88.889,13.910,10.190,0.016,121.073
2026-09-02T09:14:32.536054+07:00,c10_sim,169,7.506,88.652,14.474,10.330,0.013,120.976
2026-09-02T09:14:32.729787+07:00,c10_sim,170,7.018,89.523,14.156,10.097,0.012,120.805
2026-09-02T09:14:32.932321+07:00,c10_sim,171,6.357,89.201,14.098,10.158,0.012,119.826
2026-09-02T09:14:33.138298+07:00,c10_sim,172,7.191,90.348,14.307,10.347,0.012,122.205
2026-09-02T09:14:33.334681+07:00,c10_sim,173,6.862,90.878,14.774,9.606,0.011,122.131
2026-09-02T09:14:33.525635+07:00,c10_sim,174,6.638,87.605,13.267,9.829,0.017,117.356
2026-09-02T09:14:33.777639+07:00,c10_sim,175,7.867,112.114,18.425,10.664,0.048,149.118
2026-09-02T09:14:33.917572+07:00,c10_sim,176,6.188,86.922,12.784,9.520,0.017,115.431
2026-09-02T09:14:34.167300+07:00,c11_sim,653,7.130,118.960,20.536,0.000,0.010,146.637
2026-09-02T09:14:34.333638+07:00,c11_sim,654,7.449,90.330,14.955,0.004,0.235,112.972
2026-09-02T09:14:34.580832+07:00,c11_sim,655,6.489,112.655,18.490,0.004,0.240,137.879
2026-09-02T09:14:34.742349+07:00,c11_sim,656,7.305,89.195,13.856,0.003,0.017,110.376
2026-09-02T09:14:34.943842+07:00,c11_sim,657,7.310,116.648,0.000,0.000,0.015,123.973
2026-09-02T09:14:35.140065+07:00,c11_sim,658,9.154,90.549,15.981,0.004,0.247,115.935
2026-09-02T09:14:35.379456+07:00,c11_sim,659,8.426,118.200,19.990,11.300,0.013,157.929
2026-09-02T09:14:35.551806+07:00,c11_sim,660,7.123,87.866,13.685,10.035,0.012,118.721
2026-09-02T09:14:35.741752+07:00,c11_sim,661,6.331,89.576,15.697,10.632,0.162,122.399
2026-09-02T09:14:35.975017+07:00,c11_sim,662,6.372,112.868,18.475,11.040,0.021,148.776
2026-09-02T09:14:36.150019+07:00,c11_sim,663,7.705,88.418,15.685,10.173,0.012,121.992
2026-09-02T09:14:36.353676+07:00,c11_sim,664,6.283,90.779,14.534,9.893,0.013,121.500
2026-09-02T09:14:36.542125+07:00,c11_sim,665,7.278,87.618,13.693,9.976,0.012,118.577
2026-09-02T09:14:36.748085+07:00,c11_sim,666,7.202,90.167,15.036,10.191,0.011,122.607
2026-09-02T09:14:36.948534+07:00,c11_sim,667,7.438,88.625,11.687,9.413,0.012,117.176
2026-09-02T09:14:37.153104+07:00,c11_sim,668,8.269,88.802,15.319,10.088,0.012,122.489
2026-09-02T09:14:37.451423+07:00,c11_sim,669,7.294,177.439,19.515,11.889,0.012,216.149
2026-09-02T09:14:37.570236+07:00,c11_sim,670,8.100,95.031,13.128,9.972,0.012,126.243
2026-09-02T09:14:37.737568+07:00,c11_sim,671,6.734,87.791,13.994,10.062,0.012,118.592
2026-09-02T09:14:38.002351+07:00,c11_sim,672,7.165,115.658,19.086,11.160,0.011,153.080
2026-09-02T09:14:38.146807+07:00,c11_sim,673,5.978,89.351,14.568,9.819,0.012,119.729
2026-09-02T09:14:38.354045+07:00,c11_sim,674,7.212,91.842,17.689,10.471,0.011,127.225
2026-09-02T09:14:38.555784+07:00,c11_sim,675,6.668,90.650,16.780,10.244,0.023,124.366
2026-09-02T09:14:38.773818+07:00,c11_sim,676,6.831,106.304,16.378,10.176,0.014,139.703
2026-09-02T09:14:38.946770+07:00,c11_sim,677,6.799,87.944,14.363,9.826,0.017,118.949
2026-09-02T09:14:39.145338+07:00,c11_sim,678,7.815,89.575,14.592,9.983,0.017,121.982
2026-09-02T09:14:39.348558+07:00,c11_sim,679,7.882,90.865,15.770,9.928,0.018,124.462
2026-09-02T09:14:39.551494+07:00,c11_sim,680,6.913,90.364,13.495,9.974,0.018,120.764
2026-09-02T09:14:39.752884+07:00,c11_sim,681,6.922,90.264,13.996,9.800,0.016,120.998
2026-09-02T09:14:39.988041+07:00,c11_sim,682,8.038,117.426,17.443,10.363,0.017,153.286
2026-09-02T09:14:40.161610+07:00,c11_sim,683,6.823,88.566,14.433,9.834,0.015,119.672
2026-09-02T09:14:40.366062+07:00,c11_sim,684,8.026,90.739,15.653,9.854,0.020,124.292
2026-09-02T09:14:40.536839+07:00,c11_sim,685,7.123,87.381,12.890,9.731,0.017,117.142
2026-09-02T09:14:40.791813+07:00,c11_sim,686,8.162,115.785,18.319,10.855,0.016,153.136
2026-09-02T09:14:40.956761+07:00,c11_sim,687,7.179,89.140,13.437,9.726,0.015,119.497
2026-09-02T09:14:41.141186+07:00,c11_sim,688,6.980,89.264,15.540,0.004,0.013,111.799
2026-09-02T09:14:41.381397+07:00,c11_sim,689,9.274,122.473,16.617,0.002,0.008,148.374
2026-09-02T09:14:41.545993+07:00,c11_sim,690,7.523,89.827,13.993,0.003,0.013,111.359
2026-09-02T09:14:41.763453+07:00,c11_sim,691,8.230,118.307,17.175,0.002,0.009,143.723
2026-09-02T09:14:41.984500+07:00,c11_sim,692,7.932,117.962,19.816,0.006,0.014,145.729
2026-09-02T09:14:42.154384+07:00,c11_sim,693,7.866,94.422,14.408,0.004,0.016,116.716
2026-09-02T09:14:42.377229+07:00,c11_sim,694,7.748,113.025,18.744,11.101,0.018,150.637
2026-09-02T09:14:42.547041+07:00,c11_sim,695,6.945,86.899,12.836,9.313,0.017,116.010
2026-09-02T09:14:42.748495+07:00,c11_sim,696,7.524,90.137,11.091,9.459,0.017,118.229
2026-09-02T09:14:42.941072+07:00,c11_sim,697,6.568,89.105,13.942,9.878,0.018,119.511
2026-09-02T09:14:43.194726+07:00,c11_sim,698,7.472,113.859,18.390,10.130,0.017,149.868
2026-09-02T09:14:43.367717+07:00,c11_sim,699,6.795,88.670,13.862,9.683,0.021,119.031
2026-09-02T09:14:43.556442+07:00,c11_sim,700,6.491,88.742,14.168,9.995,0.018,119.414
2026-09-02T09:14:43.750232+07:00,c11_sim,701,7.506,89.208,13.577,9.728,0.017,120.036
2026-09-02T09:14:43.946908+07:00,c11_sim,702,7.553,89.680,13.431,9.693,0.018,120.375
2026-09-02T09:14:44.144645+07:00,c11_sim,703,6.990,89.870,14.576,10.148,0.017,121.601
2026-09-02T09:14:44.347443+07:00,c11_sim,704,7.254,90.778,14.677,10.123,0.018,122.849
2026-09-02T09:14:44.552401+07:00,c11_sim,705,8.115,90.055,14.054,10.013,0.018,122.255
2026-09-02T09:14:44.752764+07:00,c11_sim,706,6.844,89.845,14.324,9.865,0.017,120.895
2026-09-02T09:14:44.947795+07:00,c11_sim,707,6.155,88.098,13.177,9.723,0.017,117.169
2026-09-02T09:14:45.192255+07:00,c11_sim,708,7.408,108.946,18.931,10.550,0.016,145.851
2026-09-02T09:14:45.333186+07:00,c11_sim,709,6.687,87.171,13.286,9.753,0.017,116.913
2026-09-02T09:14:45.652163+07:00,c11_sim,710,6.565,175.485,20.622,12.328,0.020,215.020
2026-09-02T09:14:45.770632+07:00,c11_sim,711,9.604,94.889,13.343,9.577,0.016,127.429
2026-09-02T09:14:45.917775+07:00,c11_sim,712,6.502,86.895,0.000,0.000,0.008,93.406
2026-09-02T09:14:46.148566+07:00,c11_sim,713,10.459,111.958,0.000,0.000,0.013,122.430
2026-09-02T09:14:46.328048+07:00,c11_sim,714,9.046,93.731,0.000,0.000,0.013,102.790
2026-09-02T09:14:46.563687+07:00,c11_sim,715,9.103,120.446,0.000,0.000,0.013,129.562
2026-09-02T09:14:46.738011+07:00,c11_sim,716,9.787,89.435,0.000,0.000,0.012,99.234
2026-09-02T09:14:46.967257+07:00,c11_sim,717,11.085,117.922,0.000,0.000,0.014,129.022
2026-09-02T09:14:47.143930+07:00,c11_sim,718,9.791,89.925,0.000,0.000,0.013,99.729
2026-09-02T09:14:47.364551+07:00,c9_sim,344,7.337,120.910,0.000,0.000,0.013,128.260
2026-09-02T09:14:47.579863+07:00,c9_sim,345,9.636,122.406,0.000,0.000,0.012,132.054
2026-09-02T09:14:47.746506+07:00,c9_sim,346,6.922,91.464,0.000,0.000,0.012,98.398
2026-09-02T09:14:47.963306+07:00,c9_sim,347,6.823,114.819,0.000,0.000,0.012,121.654
2026-09-02T09:14:48.140067+07:00,c9_sim,348,7.561,91.820,0.000,0.000,0.012,99.393
2026-09-02T09:14:48.362922+07:00,c9_sim,349,8.471,120.466,0.000,0.000,0.014,128.951
2026-09-02T09:14:48.531182+07:00,c9_sim,350,8.075,88.574,0.000,0.000,0.010,96.659
2026-09-02T09:14:48.780223+07:00,c9_sim,351,8.276,124.509,0.000,0.000,0.013,132.797
2026-09-02T09:14:48.956343+07:00,c9_sim,352,6.873,93.625,0.000,0.000,0.011,100.509
2026-09-02T09:14:49.202311+07:00,c9_sim,353,7.445,114.761,21.615,0.000,0.010,143.830
2026-09-02T09:14:49.371311+07:00,c9_sim,354,6.046,89.053,13.344,10.517,0.039,118.999
2026-09-02T09:14:49.577844+07:00,c9_sim,355,6.010,115.794,0.000,0.000,0.366,122.171
2026-09-02T09:14:49.759603+07:00,c9_sim,356,9.199,95.925,0.000,0.000,0.038,105.161
2026-09-02T09:14:49.935444+07:00,c9_sim,357,8.496,92.643,0.000,0.000,0.012,101.151
2026-09-02T09:14:50.162725+07:00,c9_sim,358,9.073,121.378,0.000,0.000,0.012,130.462
2026-09-02T09:14:50.330968+07:00,c9_sim,359,7.612,92.573,0.000,0.000,0.011,100.197
2026-09-02T09:14:50.610990+07:00,c9_sim,360,9.317,122.962,19.029,10.970,0.034,162.312
2026-09-02T09:14:50.726483+07:00,c9_sim,361,3.230,85.229,0.000,0.000,0.009,88.468
2026-09-02T09:14:50.981475+07:00,c9_sim,362,8.405,118.464,0.000,0.000,0.012,126.881
2026-09-02T09:14:51.123787+07:00,c9_sim,363,8.181,89.694,0.000,0.000,0.012,97.887
2026-09-02T09:14:51.393753+07:00,c9_sim,364,8.979,116.010,19.319,10.634,0.036,154.976
2026-09-02T09:14:51.564423+07:00,c9_sim,365,5.847,87.712,12.533,9.654,0.033,115.779
2026-09-02T09:14:51.769245+07:00,c9_sim,366,5.006,90.287,13.766,9.916,0.012,118.986
2026-09-02T09:14:52.068092+07:00,c9_sim,367,5.469,176.522,19.484,11.829,0.012,213.317
2026-09-02T09:14:52.184418+07:00,c9_sim,368,9.533,92.593,13.425,9.618,0.030,125.200
2026-09-02T09:14:52.356880+07:00,c9_sim,369,5.368,87.814,13.948,9.939,0.029,117.097
2026-09-02T09:14:52.652925+07:00,c9_sim,370,6.282,178.929,20.934,12.216,0.015,218.377
2026-09-02T09:14:52.748239+07:00,c9_sim,371,5.651,95.159,0.000,0.000,0.010,100.821
2026-09-02T09:14:52.949700+07:00,c9_sim,372,6.171,87.580,13.993,9.682,0.031,117.457
2026-09-02T09:14:53.190159+07:00,c9_sim,373,6.903,113.812,14.989,10.095,0.013,145.812
2026-09-02T09:14:53.356536+07:00,c9_sim,374,6.224,88.593,14.112,9.886,0.013,118.828
2026-09-02T09:14:53.590413+07:00,c9_sim,375,6.189,115.466,18.383,10.351,0.012,150.401
2026-09-02T09:14:53.761431+07:00,c9_sim,376,6.348,88.807,13.990,9.841,0.013,118.999
2026-09-02T09:14:53.959730+07:00,c9_sim,377,5.021,90.628,14.362,9.856,0.013,119.880
2026-09-02T09:14:54.157582+07:00,c9_sim,378,6.433,90.069,14.968,9.605,0.032,121.107
2026-09-02T09:14:54.407094+07:00,c9_sim,379,9.847,120.259,12.361,10.045,0.020,152.533
2026-09-02T09:14:54.544819+07:00,c9_sim,380,4.199,86.341,11.336,9.317,0.015,111.209
2026-09-02T09:14:54.807922+07:00,c9_sim,381,5.986,122.984,18.035,10.565,0.015,157.584
2026-09-02T09:14:54.973641+07:00,c9_sim,382,4.586,87.436,12.957,9.826,0.038,114.843
2026-09-02T09:14:55.170959+07:00,c9_sim,383,6.510,90.040,14.521,9.699,0.017,120.787
2026-09-02T09:14:55.357192+07:00,c9_sim,384,5.755,89.708,15.507,10.318,0.015,121.302
2026-09-02T09:14:55.553082+07:00,c9_sim,385,6.290,89.512,13.812,9.931,0.017,119.563
2026-09-02T09:14:55.811051+07:00,c9_sim,386,6.664,116.233,18.567,10.692,0.017,152.172
2026-09-02T09:14:55.953279+07:00,c9_sim,387,4.669,88.441,13.194,9.808,0.039,116.151
2026-09-02T09:14:56.191063+07:00,c9_sim,388,6.650,108.894,17.453,9.995,0.015,143.006
2026-09-02T09:14:56.364048+07:00,c9_sim,389,6.151,88.321,14.613,10.335,0.016,119.437
2026-09-02T09:14:56.561911+07:00,c9_sim,390,5.141,90.001,15.622,10.084,0.016,120.864
2026-09-02T09:14:56.760358+07:00,c9_sim,391,6.400,90.200,13.481,9.671,0.014,119.766
2026-09-02T09:14:56.966096+07:00,c9_sim,392,6.026,90.131,14.680,10.096,0.018,120.950
2026-09-02T09:14:57.159487+07:00,c9_sim,393,6.275,90.622,16.016,10.146,0.015,123.075
2026-09-02T09:14:57.361114+07:00,c9_sim,394,6.591,90.349,16.105,10.530,0.017,123.591
2026-09-02T09:14:57.552957+07:00,c9_sim,395,6.397,89.672,13.470,10.085,0.015,119.639
2026-09-02T09:14:57.753894+07:00,c9_sim,396,6.569,90.215,13.452,10.033,0.017,120.286
2026-09-02T09:14:58.011610+07:00,c9_sim,397,6.242,113.814,18.827,10.508,0.016,149.407
2026-09-02T09:14:58.154549+07:00,c9_sim,398,5.467,88.277,13.974,9.939,0.042,117.699
2026-09-02T09:14:58.390739+07:00,c9_sim,399,7.147,116.824,18.068,10.370,0.064,152.472
2026-09-02T09:14:58.564951+07:00,c9_sim,400,5.296,89.342,14.117,9.969,0.041,118.765
2026-09-02T09:14:58.770587+07:00,c9_sim,401,5.104,90.455,15.351,10.072,0.043,121.024
2026-09-02T09:14:58.969391+07:00,c9_sim,402,5.890,90.190,14.970,9.871,0.018,120.937
2026-09-02T09:14:59.209301+07:00,c9_sim,403,5.299,119.015,19.635,10.554,0.043,154.547
2026-09-02T09:14:59.352328+07:00,c9_sim,404,4.954,87.561,14.842,9.886,0.019,117.261
2026-09-02T09:14:59.588505+07:00,c9_sim,405,5.327,117.673,17.350,10.344,0.016,150.710
2026-09-02T09:14:59.757551+07:00,c9_sim,406,5.384,88.226,14.980,9.934,0.017,118.540
2026-09-02T09:14:59.987962+07:00,c9_sim,407,5.344,112.639,16.575,10.400,0.017,144.975
2026-09-02T09:15:00.161847+07:00,c9_sim,408,6.298,88.711,14.402,9.975,0.047,119.434
2026-09-02T09:15:00.368966+07:00,c9_sim,409,6.199,90.888,16.390,10.169,0.053,123.699
2026-09-02T09:15:00.567925+07:00,c9_sim,410,6.170,89.704,15.122,10.151,0.017,121.164
2026-09-02T09:15:00.756083+07:00,c9_sim,411,5.219,89.669,13.648,9.877,0.015,118.428
2026-09-02T09:15:01.018368+07:00,c9_sim,412,5.739,174.768,0.000,0.000,0.020,180.527
2026-09-02T09:15:01.149231+07:00,c9_sim,413,9.587,101.894,0.000,0.000,0.011,111.492
2026-09-02T09:15:01.387912+07:00,c8_sim,189,8.373,113.563,19.988,0.000,0.007,141.930
2026-09-02T09:15:01.592339+07:00,c8_sim,190,9.465,109.246,13.274,0.004,0.158,132.147
2026-09-02T09:15:01.775131+07:00,c8_sim,191,8.320,89.931,13.398,0.004,0.154,111.807
2026-09-02T09:15:02.054319+07:00,c8_sim,192,9.272,175.993,18.504,0.005,0.017,203.790
2026-09-02T09:15:02.163948+07:00,c8_sim,193,7.425,95.853,13.041,0.003,0.014,116.336
2026-09-02T09:15:02.400280+07:00,c8_sim,194,9.233,113.994,18.221,0.003,0.013,141.465
2026-09-02T09:15:02.550772+07:00,c8_sim,195,6.968,90.172,0.000,0.000,0.012,97.152
2026-09-02T09:15:02.854867+07:00,c8_sim,196,6.685,175.086,19.950,0.005,0.016,201.743
2026-09-02T09:15:02.978217+07:00,c8_sim,197,7.882,98.617,13.830,10.151,0.012,130.492
2026-09-02T09:15:03.155174+07:00,c8_sim,198,6.886,89.211,0.000,0.000,0.008,96.105
2026-09-02T09:15:03.381351+07:00,c8_sim,199,10.373,116.028,0.000,0.000,0.013,126.414
2026-09-02T09:15:03.557432+07:00,c8_sim,200,10.284,93.820,0.000,0.000,0.012,104.116
2026-09-02T09:15:03.780216+07:00,c8_sim,201,10.126,120.718,0.000,0.000,0.014,130.858
2026-09-02T09:15:04.015049+07:00,c8_sim,202,9.792,121.838,19.415,0.000,0.010,151.055
2026-09-02T09:15:04.188817+07:00,c8_sim,203,7.359,90.620,16.471,10.836,0.060,125.347
2026-09-02T09:15:04.354951+07:00,c8_sim,204,9.035,89.035,16.183,0.005,0.172,114.430
2026-09-02T09:15:04.599718+07:00,c8_sim,205,8.604,112.717,18.801,0.005,0.190,140.317
2026-09-02T09:15:04.764247+07:00,c8_sim,206,7.888,90.193,13.921,0.004,0.018,112.022
2026-09-02T09:15:04.980286+07:00,c8_sim,207,7.155,112.188,18.646,0.004,0.013,138.006
2026-09-02T09:15:05.210217+07:00,c8_sim,208,9.635,124.217,18.380,10.785,0.011,163.029
2026-09-02T09:15:05.383041+07:00,c8_sim,209,8.492,88.860,13.671,9.556,0.013,120.593
2026-09-02T09:15:05.587109+07:00,c8_sim,210,8.079,88.936,14.291,9.995,0.013,121.315
2026-09-02T09:15:05.759578+07:00,c8_sim,211,7.932,88.736,12.966,9.967,0.012,119.613
2026-09-02T09:15:05.940648+07:00,c8_sim,212,7.415,89.758,0.000,0.000,0.260,97.434
2026-09-02T09:15:06.227136+07:00,c8_sim,213,11.413,113.415,18.818,10.859,0.014,154.519
2026-09-02T09:15:06.370298+07:00,c8_sim,214,6.958,88.212,14.394,9.871,0.012,119.446
2026-09-02T09:15:06.624216+07:00,c8_sim,215,7.037,119.478,15.506,10.142,0.013,152.176
2026-09-02T09:15:06.783226+07:00,c8_sim,216,6.790,88.810,13.595,9.815,0.013,119.023
2026-09-02T09:15:06.975484+07:00,c8_sim,217,7.777,88.880,13.015,9.858,0.013,119.542
2026-09-02T09:15:07.183197+07:00,c8_sim,218,8.027,89.461,14.152,10.255,0.012,121.906
2026-09-02T09:15:07.378514+07:00,c8_sim,219,7.998,89.908,14.660,9.885,0.013,122.464
2026-09-02T09:15:07.574181+07:00,c8_sim,220,8.574,88.479,13.231,9.802,0.012,120.097
2026-09-02T09:15:07.804757+07:00,c8_sim,221,7.621,113.625,15.930,10.183,0.012,147.371
2026-09-02T09:15:07.965154+07:00,c8_sim,222,7.184,87.807,13.246,9.891,0.013,118.141
2026-09-02T09:15:08.209523+07:00,c8_sim,223,8.408,113.242,17.789,10.307,0.012,149.758
2026-09-02T09:15:08.383827+07:00,c8_sim,224,8.540,88.738,15.036,9.795,0.018,122.127
2026-09-02T09:15:08.681130+07:00,c8_sim,225,9.146,178.077,16.860,11.489,0.018,215.590
2026-09-02T09:15:08.802044+07:00,c8_sim,226,8.284,97.072,13.302,9.793,0.015,128.465
2026-09-02T09:15:08.944501+07:00,c8_sim,227,6.876,86.207,0.000,0.000,0.008,93.092
2026-09-02T09:15:09.179029+07:00,c8_sim,228,10.983,118.836,0.000,0.000,0.013,129.832
2026-09-02T09:15:09.376933+07:00,c8_sim,229,10.142,90.751,17.384,10.490,0.016,128.784
2026-09-02T09:15:09.555061+07:00,c8_sim,230,6.757,87.835,0.000,0.000,0.008,94.600
2026-09-02T09:15:09.780357+07:00,c8_sim,231,12.226,109.294,0.000,0.000,0.014,121.533
2026-09-02T09:15:09.951775+07:00,c8_sim,232,8.806,91.247,0.000,0.000,0.013,100.066
2026-09-02T09:15:10.179786+07:00,c8_sim,233,9.778,117.265,0.000,0.000,0.012,127.055
2026-09-02T09:15:10.351306+07:00,c8_sim,234,11.317,90.781,0.000,0.000,0.013,102.112
2026-09-02T09:15:10.561681+07:00,c8_sim,235,10.613,110.537,0.000,0.000,0.011,121.162
2026-09-02T09:15:10.777640+07:00,c8_sim,236,11.155,120.751,0.000,0.000,0.012,131.917
2026-09-02T09:15:10.949914+07:00,c8_sim,237,9.432,91.486,0.000,0.000,0.012,100.930
2026-09-02T09:15:11.235004+07:00,c8_sim,238,9.949,180.167,0.000,0.000,0.015,190.131
2026-09-02T09:15:11.369156+07:00,c8_sim,239,9.091,110.545,0.000,0.000,0.013,119.649
2026-09-02T09:15:11.542890+07:00,c8_sim,240,9.000,91.621,0.000,0.000,0.012,100.633
2026-09-02T09:15:11.764561+07:00,c8_sim,241,10.021,112.966,0.000,0.000,0.012,122.999
2026-09-02T09:15:11.977996+07:00,c8_sim,242,8.896,112.310,0.000,0.000,0.012,121.217
2026-09-02T09:15:12.194860+07:00,c8_sim,243,11.116,115.291,0.000,0.000,0.012,126.419
2026-09-02T09:15:12.365824+07:00,c8_sim,244,8.463,92.436,0.000,0.000,0.306,101.205
2026-09-02T09:15:12.577922+07:00,c8_sim,245,9.728,112.922,0.000,0.000,0.014,122.664
2026-09-02T09:15:12.795724+07:00,c8_sim,246,10.191,117.506,0.000,0.000,0.006,127.703
2026-09-02T09:15:12.960607+07:00,c10_sim,177,8.072,91.622,0.000,0.000,0.014,99.708
2026-09-02T09:15:13.219539+07:00,c10_sim,178,10.343,123.070,23.259,0.005,0.065,156.742
2026-09-02T09:15:13.386498+07:00,c10_sim,179,7.544,90.892,14.872,0.005,0.084,113.397
2026-09-02T09:15:13.596345+07:00,c10_sim,180,7.279,110.648,17.043,0.005,0.069,135.045
2026-09-02T09:15:13.817049+07:00,c10_sim,181,7.957,118.443,17.920,0.003,0.060,144.383
2026-09-02T09:15:13.975065+07:00,c10_sim,182,7.059,89.312,13.149,0.004,0.064,109.588
2026-09-02T09:15:14.273017+07:00,c10_sim,183,8.253,180.548,19.869,0.003,0.060,208.733
2026-09-02T09:15:14.386887+07:00,c10_sim,184,8.441,98.060,14.359,0.006,0.222,121.089
2026-09-02T09:15:14.613208+07:00,c10_sim,185,7.595,116.663,18.207,0.006,0.021,142.493
2026-09-02T09:15:14.778150+07:00,c10_sim,186,6.336,90.270,14.068,0.005,0.194,110.873
2026-09-02T09:15:15.052730+07:00,c10_sim,187,6.748,172.820,18.665,0.005,0.021,198.258
2026-09-02T09:15:15.211681+07:00,c10_sim,188,6.297,99.133,17.387,11.184,0.017,134.017
2026-09-02T09:15:15.387000+07:00,c10_sim,189,7.426,88.743,15.715,9.707,0.014,121.605
2026-09-02T09:15:15.626992+07:00,c10_sim,190,6.055,115.624,20.158,10.935,0.014,152.785
2026-09-02T09:15:15.798890+07:00,c10_sim,191,6.714,88.268,15.685,9.706,0.186,120.559
2026-09-02T09:15:16.005822+07:00,c10_sim,192,6.456,89.002,13.580,18.126,0.018,127.182
2026-09-02T09:15:16.206397+07:00,c10_sim,193,6.257,90.038,16.123,10.065,0.013,122.496
2026-09-02T09:15:16.370058+07:00,c10_sim,194,7.116,88.789,13.565,9.726,0.014,119.210
2026-09-02T09:15:16.627483+07:00,c10_sim,195,6.407,116.994,18.982,10.557,0.015,152.955
2026-09-02T09:15:16.797569+07:00,c10_sim,196,6.554,88.384,13.986,9.849,0.014,118.785
2026-09-02T09:15:16.992479+07:00,c10_sim,197,6.649,89.076,14.221,9.966,0.015,119.927
2026-09-02T09:15:17.200940+07:00,c10_sim,198,7.599,90.511,16.341,10.219,0.014,124.683
2026-09-02T09:15:17.440149+07:00,c10_sim,199,7.108,119.262,18.452,10.764,0.015,155.601
2026-09-02T09:15:17.581294+07:00,c10_sim,200,5.708,87.214,13.268,9.733,0.013,115.936
2026-09-02T09:15:17.777346+07:00,c10_sim,201,7.122,89.516,13.796,10.090,0.014,120.539
2026-09-02T09:15:17.982425+07:00,c10_sim,202,6.767,89.462,14.327,10.254,0.014,120.823
2026-09-02T09:15:18.186448+07:00,c10_sim,203,7.010,90.600,15.806,9.979,0.015,123.410
2026-09-02T09:15:18.426269+07:00,c10_sim,204,6.894,122.023,18.647,10.185,0.024,157.774
2026-09-02T09:15:18.597808+07:00,c10_sim,205,6.559,88.971,13.540,9.971,0.017,119.058
2026-09-02T09:15:18.798407+07:00,c10_sim,206,6.611,89.079,14.111,9.711,0.019,119.531
2026-09-02T09:15:18.984873+07:00,c10_sim,207,6.079,87.593,13.409,9.836,0.052,116.969
2026-09-02T09:15:19.186819+07:00,c10_sim,208,7.511,90.111,14.731,9.897,0.045,122.295
2026-09-02T09:15:19.378987+07:00,c10_sim,209,6.489,89.740,14.840,9.775,0.037,120.881
2026-09-02T09:15:19.623524+07:00,c10_sim,210,6.856,115.001,17.998,10.517,0.023,150.394
2026-09-02T09:15:19.793017+07:00,c10_sim,211,6.358,89.369,13.123,9.697,0.021,118.568
2026-09-02T09:15:19.990598+07:00,c10_sim,212,7.338,89.357,14.597,10.042,0.020,121.353
2026-09-02T09:15:20.232902+07:00,c10_sim,213,6.316,128.728,18.172,10.630,0.022,163.869
2026-09-02T09:15:20.398522+07:00,c10_sim,214,6.303,88.947,14.265,9.941,0.021,119.477
2026-09-02T09:15:20.593051+07:00,c10_sim,215,6.753,89.033,13.664,9.726,0.020,119.196
2026-09-02T09:15:20.797874+07:00,c10_sim,216,7.537,89.293,14.361,9.842,0.019,121.053
2026-09-02T09:15:20.989888+07:00,c10_sim,217,6.917,89.319,12.969,9.818,0.018,119.042
2026-09-02T09:15:21.181165+07:00,c10_sim,218,6.399,89.833,13.641,9.625,0.018,119.516
2026-09-02T09:15:21.382101+07:00,c10_sim,219,6.824,90.311,13.678,9.490,0.017,120.321
2026-09-02T09:15:21.583147+07:00,c10_sim,220,5.947,90.275,15.042,10.112,0.049,121.425
2026-09-02T09:15:21.783004+07:00,c10_sim,221,6.807,88.994,14.473,9.825,0.020,120.120
2026-09-02T09:15:22.083006+07:00,c10_sim,222,6.799,178.552,18.331,11.698,0.026,215.406
2026-09-02T09:15:22.203006+07:00,c10_sim,223,8.823,95.425,13.769,9.674,0.018,127.709
2026-09-02T09:15:22.374129+07:00,c10_sim,224,6.788,87.726,14.321,9.742,0.020,118.597
2026-09-02T09:15:22.622921+07:00,c10_sim,225,7.477,113.595,17.184,10.394,0.020,148.671
2026-09-02T09:15:22.788530+07:00,c10_sim,226,6.587,86.517,12.602,9.654,0.025,115.385
2026-09-02T09:15:23.018036+07:00,c11_sim,719,4.003,115.375,23.227,0.000,0.017,142.622
2026-09-02T09:15:23.240248+07:00,c11_sim,720,7.982,117.856,17.672,11.115,0.063,154.688
2026-09-02T09:15:23.404943+07:00,c11_sim,721,6.649,88.968,14.472,9.433,0.014,119.537
2026-09-02T09:15:23.698859+07:00,c11_sim,722,7.566,176.224,18.316,11.763,0.021,213.891
2026-09-02T09:15:23.816205+07:00,c11_sim,723,8.820,93.942,12.896,9.813,0.056,125.527
2026-09-02T09:15:23.983288+07:00,c11_sim,724,6.489,87.369,12.468,9.832,0.014,116.173
2026-09-02T09:15:24.187832+07:00,c11_sim,725,6.815,90.154,15.400,10.478,0.014,122.861
2026-09-02T09:15:24.426423+07:00,c11_sim,726,8.273,120.904,17.530,10.622,0.248,157.577
2026-09-02T09:15:24.601021+07:00,c11_sim,727,6.848,88.777,14.707,10.245,0.020,120.598
2026-09-02T09:15:24.792923+07:00,c11_sim,728,6.635,89.254,13.434,9.894,0.013,119.230
2026-09-02T09:15:24.998771+07:00,c11_sim,729,7.782,90.813,14.455,10.058,0.013,123.120
2026-09-02T09:15:25.189409+07:00,c11_sim,730,7.518,88.417,14.231,9.909,0.059,120.134
2026-09-02T09:15:25.423769+07:00,c11_sim,731,7.904,118.907,17.490,10.146,0.012,154.459
2026-09-02T09:15:25.592957+07:00,c11_sim,732,7.010,88.498,13.887,9.779,0.013,119.187
2026-09-02T09:15:25.798886+07:00,c11_sim,733,6.732,89.363,15.842,9.953,0.013,121.903
2026-09-02T09:15:26.000079+07:00,c11_sim,734,6.121,90.877,15.047,9.931,0.012,121.988
2026-09-02T09:15:26.225054+07:00,c11_sim,735,7.046,106.383,17.366,10.336,0.012,141.142
2026-09-02T09:15:26.391093+07:00,c11_sim,736,7.263,89.021,14.592,9.826,0.018,120.720
2026-09-02T09:15:26.588272+07:00,c11_sim,737,7.324,88.466,14.285,9.946,0.017,120.038
2026-09-02T09:15:26.840552+07:00,c11_sim,738,7.152,117.472,18.062,10.276,0.014,152.975
2026-09-02T09:15:26.981623+07:00,c11_sim,739,6.409,87.342,13.517,9.528,0.016,116.812
2026-09-02T09:15:27.240927+07:00,c11_sim,740,7.360,117.843,18.022,10.748,0.014,153.988
2026-09-02T09:15:27.381703+07:00,c11_sim,741,7.169,87.068,13.276,9.781,0.017,117.311
2026-09-02T09:15:27.620773+07:00,c11_sim,742,7.046,108.822,15.030,10.111,0.018,141.026
2026-09-02T09:15:27.791986+07:00,c11_sim,743,7.646,88.365,14.241,9.996,0.018,120.266
2026-09-02T09:15:28.087984+07:00,c11_sim,744,6.947,172.196,14.209,10.646,0.017,204.015
2026-09-02T09:15:28.201729+07:00,c11_sim,745,6.867,92.216,11.500,9.380,0.017,119.980
2026-09-02T09:15:28.496322+07:00,c11_sim,746,7.209,175.986,16.464,11.258,0.017,210.933
2026-09-02T09:15:28.617226+07:00,c11_sim,747,8.020,96.804,13.624,9.754,0.018,128.220
2026-09-02T09:15:28.787069+07:00,c11_sim,748,6.838,88.282,14.082,9.938,0.018,119.159
2026-09-02T09:15:29.039232+07:00,c11_sim,749,7.956,113.526,17.061,9.715,0.017,148.275
2026-09-02T09:15:29.207747+07:00,c11_sim,750,6.138,88.417,13.929,9.615,0.016,118.116
2026-09-02T09:15:29.400845+07:00,c11_sim,751,7.842,89.622,13.693,9.809,0.016,120.981
2026-09-02T09:15:29.589784+07:00,c11_sim,752,7.780,89.018,13.242,9.722,0.019,119.781
2026-09-02T09:15:29.825030+07:00,c11_sim,753,7.544,121.862,18.079,10.693,0.016,158.195
2026-09-02T09:15:29.998641+07:00,c11_sim,754,5.938,89.050,14.175,9.636,0.016,118.815
2026-09-02T09:15:30.197492+07:00,c11_sim,755,6.566,89.715,15.710,9.904,0.018,121.913
2026-09-02T09:15:30.401593+07:00,c11_sim,756,7.306,89.999,15.464,10.050,0.016,122.834
2026-09-02T09:15:30.698304+07:00,c11_sim,757,7.562,176.210,17.869,11.706,0.018,213.365
2026-09-02T09:15:30.815492+07:00,c11_sim,758,8.597,93.685,13.029,9.725,0.016,125.052
2026-09-02T09:15:30.983624+07:00,c11_sim,759,6.919,87.472,13.346,9.712,0.017,117.465
2026-09-02T09:15:31.284789+07:00,c11_sim,760,7.099,177.518,20.346,12.198,0.019,217.178
2026-09-02T09:15:31.404721+07:00,c11_sim,761,6.650,96.178,13.217,9.877,0.017,125.940
2026-09-02T09:15:31.639672+07:00,c11_sim,762,7.049,115.235,18.030,10.861,0.018,151.193
2026-09-02T09:15:31.780156+07:00,c11_sim,763,6.956,86.789,13.075,9.960,0.018,116.798
2026-09-02T09:15:31.982541+07:00,c11_sim,764,7.250,91.142,14.439,9.916,0.017,122.765
2026-09-02T09:15:32.222439+07:00,c11_sim,765,7.918,121.522,17.170,10.342,0.015,156.966
2026-09-02T09:15:32.395296+07:00,c11_sim,766,7.872,88.249,13.984,9.828,0.017,119.950
2026-09-02T09:15:32.592009+07:00,c11_sim,767,7.595,89.789,13.841,10.299,0.018,121.541
2026-09-02T09:15:32.787201+07:00,c11_sim,768,7.722,89.550,14.149,10.152,0.017,121.590
2026-09-02T09:15:33.023755+07:00,c11_sim,769,8.277,111.897,17.711,10.441,0.016,148.343
2026-09-02T09:15:33.196888+07:00,c11_sim,770,7.733,88.607,13.664,10.123,0.017,120.143
2026-09-02T09:15:33.384410+07:00,c11_sim,771,7.305,89.146,13.719,9.462,0.017,119.649
2026-09-02T09:15:33.644082+07:00,c11_sim,772,8.277,111.811,18.672,10.851,0.019,149.630
2026-09-02T09:15:33.775544+07:00,c11_sim,773,6.997,87.710,13.016,0.006,0.020,107.750
2026-09-02T09:15:34.083275+07:00,c11_sim,774,8.058,172.368,19.990,0.005,0.021,200.442
2026-09-02T09:15:34.195090+07:00,c11_sim,775,8.826,96.029,15.057,0.003,0.013,119.928
2026-09-02T09:15:34.416449+07:00,c11_sim,776,7.912,119.869,18.301,0.004,0.017,146.104
2026-09-02T09:15:34.565744+07:00,c11_sim,777,6.918,89.521,0.000,0.000,0.015,96.454
2026-09-02T09:15:34.811809+07:00,c11_sim,778,9.455,113.071,0.000,0.000,0.013,122.539
2026-09-02T09:15:34.977206+07:00,c11_sim,779,11.274,90.032,0.000,0.000,0.012,101.318
2026-09-02T09:15:35.214527+07:00,c11_sim,780,9.873,117.381,0.000,0.000,0.014,127.269
2026-09-02T09:15:35.411324+07:00,c11_sim,781,6.897,91.599,23.060,0.000,0.016,121.572
2026-09-02T09:15:35.515777+07:00,c11_sim,782,5.507,86.212,8.861,8.689,0.032,109.301
2026-09-02T09:15:35.618659+07:00,c11_sim,783,8.518,84.567,9.179,8.512,0.011,110.788
2026-09-02T09:15:35.720479+07:00,c11_sim,784,6.817,84.385,8.408,8.456,0.012,108.077
2026-09-02T09:15:35.823038+07:00,c11_sim,785,7.320,84.671,8.549,8.710,0.034,109.285
2026-09-02T09:15:35.924810+07:00,c11_sim,786,4.621,84.115,8.511,8.622,0.030,105.898
2026-09-02T09:15:36.027548+07:00,c11_sim,787,4.019,84.551,8.977,8.606,0.013,106.167
2026-09-02T09:15:36.121965+07:00,c11_sim,788,5.745,84.848,9.003,0.000,0.008,99.604
2026-09-02T09:15:36.224683+07:00,c11_sim,789,4.542,85.059,8.617,8.433,0.032,106.683
2026-09-02T09:15:36.326875+07:00,c11_sim,790,5.634,84.489,8.788,8.325,0.013,107.249
2026-09-02T09:15:36.429653+07:00,c11_sim,791,5.941,84.818,8.557,8.571,0.152,108.040
2026-09-02T09:15:36.532197+07:00,c11_sim,792,3.868,84.877,8.402,8.664,0.044,105.855
2026-09-02T09:15:36.634842+07:00,c11_sim,793,5.833,85.028,8.345,8.676,0.031,107.912
2026-09-02T09:15:36.736090+07:00,c11_sim,794,4.415,84.051,8.093,8.478,0.019,105.055
2026-09-02T09:15:36.838592+07:00,c11_sim,795,4.646,84.407,8.662,8.853,0.013,106.582
2026-09-02T09:15:36.942893+07:00,c11_sim,796,5.935,85.422,9.305,8.905,0.032,109.598
2026-09-02T09:15:37.046354+07:00,c11_sim,797,4.241,84.636,9.544,8.722,0.011,107.155
2026-09-02T09:15:37.148895+07:00,c11_sim,798,5.066,84.016,9.257,8.649,0.043,107.032
2026-09-02T09:15:37.251844+07:00,c11_sim,799,4.505,85.392,8.456,8.569,0.012,106.934
2026-09-02T09:15:37.353788+07:00,c11_sim,800,5.566,84.536,8.309,8.513,0.012,106.935
2026-09-02T09:15:37.456684+07:00,c11_sim,801,5.598,84.856,8.811,8.649,0.013,107.927
2026-09-02T09:15:37.559812+07:00,c11_sim,802,4.570,84.557,8.907,8.643,0.162,106.838
2026-09-02T09:15:37.662200+07:00,c11_sim,803,5.650,84.669,8.533,8.606,0.013,107.471
2026-09-02T09:15:37.764050+07:00,c11_sim,804,4.458,84.393,8.592,8.270,0.012,105.726
2026-09-02T09:15:37.865875+07:00,c11_sim,805,6.297,84.402,8.316,8.512,0.016,107.544
2026-09-02T09:15:37.967261+07:00,c11_sim,806,4.394,84.450,7.891,8.416,0.048,105.199
2026-09-02T09:15:38.069636+07:00,c11_sim,807,5.976,84.337,8.696,8.772,0.017,107.798
2026-09-02T09:15:38.173325+07:00,c11_sim,808,5.288,85.547,8.884,8.684,0.016,108.418
2026-09-02T09:15:38.276132+07:00,c11_sim,809,4.145,84.442,9.042,8.717,0.016,106.363
2026-09-02T09:15:38.379477+07:00,c11_sim,810,5.298,85.130,9.276,8.371,0.016,108.090
2026-09-02T09:15:38.482796+07:00,c11_sim,811,4.300,84.997,8.998,8.634,0.035,106.965
2026-09-02T09:15:38.586925+07:00,c11_sim,812,5.264,85.297,9.281,8.969,0.032,108.843
2026-09-02T09:15:38.690266+07:00,c11_sim,813,5.546,85.108,9.037,8.574,0.037,108.303
2026-09-02T09:15:38.793949+07:00,c11_sim,814,4.316,84.641,9.436,8.993,0.017,107.404
2026-09-02T09:15:38.899084+07:00,c11_sim,815,5.459,85.721,9.870,8.900,0.038,109.988
2026-09-02T09:15:39.003203+07:00,c11_sim,816,4.244,85.015,9.468,9.023,0.015,107.765
2026-09-02T09:15:39.106959+07:00,c11_sim,817,5.103,85.219,9.315,8.603,0.036,108.275
2026-09-02T09:15:39.212120+07:00,c11_sim,818,5.578,85.932,9.805,8.834,0.016,110.166
2026-09-02T09:15:39.315107+07:00,c11_sim,819,4.565,84.454,9.155,8.794,0.015,106.983
2026-09-02T09:15:39.419599+07:00,c11_sim,820,5.431,85.428,9.625,8.851,0.020,109.355
2026-09-02T09:15:39.522900+07:00,c11_sim,821,4.301,85.520,8.733,8.438,0.017,107.009
2026-09-02T09:15:39.626457+07:00,c11_sim,822,5.063,85.718,8.661,8.523,0.015,107.980
2026-09-02T09:15:39.728202+07:00,c11_sim,823,5.421,84.353,8.429,8.415,0.014,106.632
2026-09-02T09:15:39.831327+07:00,c11_sim,824,4.654,85.297,8.559,8.700,0.015,107.225
2026-09-02T09:15:39.934261+07:00,c11_sim,825,4.913,85.496,8.448,8.430,0.016,107.302
2026-09-02T09:15:40.035994+07:00,c11_sim,826,4.307,84.252,8.424,8.417,0.017,105.417
2026-09-02T09:15:40.137846+07:00,c11_sim,827,4.619,85.378,7.537,8.368,0.015,105.917
2026-09-02T09:15:40.239723+07:00,c11_sim,828,4.473,84.300,8.505,8.515,0.017,105.809
2026-09-02T09:15:40.342015+07:00,c11_sim,829,4.799,84.798,8.565,8.374,0.016,106.551
2026-09-02T09:15:40.445021+07:00,c11_sim,830,4.831,84.762,9.118,8.535,0.015,107.261
2026-09-02T09:15:40.547619+07:00,c11_sim,831,4.069,84.542,8.884,8.538,0.015,106.048
2026-09-02T09:15:40.650576+07:00,c11_sim,832,5.092,85.204,8.525,8.639,0.015,107.476
2026-09-02T09:15:40.753582+07:00,c11_sim,833,4.617,84.856,8.788,8.569,0.015,106.845
2026-09-02T09:15:40.856583+07:00,c11_sim,834,5.037,85.233,8.877,8.298,0.017,107.462
2026-09-02T09:15:40.959730+07:00,c11_sim,835,5.143,85.331,8.508,8.610,0.017,107.609
2026-09-02T09:15:41.061618+07:00,c11_sim,836,4.160,84.502,8.251,8.550,0.015,105.478
2026-09-02T09:15:41.169015+07:00,c11_sim,837,5.379,85.451,12.526,8.801,0.039,112.197
2026-09-02T09:15:41.266611+07:00,c9_sim,414,2.950,84.357,12.676,0.000,0.008,99.991
2026-09-02T09:15:41.361753+07:00,c9_sim,415,3.056,84.905,9.675,0.002,0.032,97.670
2026-09-02T09:15:41.456788+07:00,c9_sim,416,3.502,85.162,9.319,0.003,0.011,97.997
2026-09-02T09:15:41.551902+07:00,c9_sim,417,3.798,84.997,9.463,0.002,0.032,98.292
2026-09-02T09:15:41.646660+07:00,c9_sim,418,3.578,84.990,9.166,0.002,0.010,97.746
2026-09-02T09:15:41.742892+07:00,c9_sim,419,4.033,84.926,10.686,0.002,0.031,99.679
2026-09-02T09:15:41.837428+07:00,c9_sim,420,4.421,85.066,8.857,0.002,0.029,98.375
2026-09-02T09:15:41.940309+07:00,c9_sim,421,3.827,84.646,8.936,8.679,0.029,106.116
2026-09-02T09:15:42.044429+07:00,c9_sim,422,3.690,84.920,9.845,8.650,0.033,107.138
2026-09-02T09:15:42.145936+07:00,c9_sim,423,4.164,84.248,8.276,8.377,0.030,105.094
2026-09-02T09:15:42.247988+07:00,c9_sim,424,3.764,84.560,8.554,8.401,0.029,105.309
2026-09-02T09:15:42.350138+07:00,c9_sim,425,3.467,84.212,9.172,8.222,0.012,105.084
2026-09-02T09:15:42.452130+07:00,c9_sim,426,3.906,84.108,8.652,8.386,0.189,105.240
2026-09-02T09:15:42.555222+07:00,c9_sim,427,4.271,84.992,9.058,8.451,0.017,106.789
2026-09-02T09:15:42.657992+07:00,c9_sim,428,3.868,84.583,9.012,8.553,0.012,106.029
2026-09-02T09:15:42.760287+07:00,c9_sim,429,3.568,84.512,8.604,8.558,0.031,105.273
2026-09-02T09:15:42.862004+07:00,c9_sim,430,4.162,84.293,8.432,8.447,0.012,105.346
2026-09-02T09:15:42.964012+07:00,c9_sim,431,3.866,84.877,8.192,8.324,0.012,105.271
2026-09-02T09:15:43.066778+07:00,c9_sim,432,3.285,84.743,8.846,8.573,0.011,105.458
2026-09-02T09:15:43.169120+07:00,c9_sim,433,3.868,84.388,8.641,8.728,0.012,105.639
2026-09-02T09:15:43.271950+07:00,c9_sim,434,4.304,84.750,9.000,8.491,0.012,106.557
2026-09-02T09:15:43.375044+07:00,c9_sim,435,4.052,84.568,9.473,8.489,0.012,106.594
2026-09-02T09:15:43.477250+07:00,c9_sim,436,3.559,84.279,8.866,8.470,0.011,105.185
2026-09-02T09:15:43.579415+07:00,c9_sim,437,4.290,84.382,8.466,8.720,0.018,105.875
2026-09-02T09:15:43.681580+07:00,c9_sim,438,3.965,84.402,8.687,8.484,0.016,105.553
2026-09-02T09:15:43.784591+07:00,c9_sim,439,3.279,84.864,8.846,8.739,0.017,105.745
2026-09-02T09:15:43.887334+07:00,c9_sim,440,3.823,84.243,9.225,8.675,0.015,105.981
2026-09-02T09:15:43.988949+07:00,c9_sim,441,3.849,84.068,8.609,8.354,0.017,104.897
2026-09-02T09:15:44.090298+07:00,c9_sim,442,3.432,83.912,8.403,8.472,0.016,104.235
2026-09-02T09:15:44.192854+07:00,c9_sim,443,3.117,84.535,8.708,8.528,0.022,104.910
2026-09-02T09:15:44.294342+07:00,c9_sim,444,3.701,84.041,8.437,8.389,0.021,104.590
2026-09-02T09:15:44.396314+07:00,c9_sim,445,3.472,84.308,8.583,8.477,0.020,104.860
2026-09-02T09:15:44.497193+07:00,c9_sim,446,3.292,84.316,7.757,8.235,0.015,103.615
2026-09-02T09:15:44.599402+07:00,c9_sim,447,3.716,84.024,9.072,8.578,0.014,105.404
2026-09-02T09:15:44.700928+07:00,c9_sim,448,3.818,83.732,8.577,8.641,0.018,104.784
2026-09-02T09:15:44.803353+07:00,c9_sim,449,3.645,85.663,8.198,8.026,0.022,105.554
2026-09-02T09:15:44.905653+07:00,c9_sim,450,3.482,84.383,8.508,8.866,0.017,105.255
2026-09-02T09:15:45.007879+07:00,c9_sim,451,3.921,84.114,8.881,8.551,0.016,105.483
2026-09-02T09:15:45.109899+07:00,c9_sim,452,3.832,84.434,8.622,8.370,0.014,105.272
2026-09-02T09:15:45.211008+07:00,c9_sim,453,3.644,84.026,8.140,8.375,0.015,104.200
2026-09-02T09:15:45.313616+07:00,c9_sim,454,3.447,84.540,8.976,8.519,0.017,105.500
2026-09-02T09:15:45.416240+07:00,c9_sim,455,4.239,84.316,9.172,8.525,0.020,106.272
2026-09-02T09:15:45.517880+07:00,c9_sim,456,3.624,84.129,8.461,8.500,0.017,104.732
2026-09-02T09:15:45.620282+07:00,c9_sim,457,3.455,84.362,8.791,8.683,0.021,105.312
2026-09-02T09:15:45.723562+07:00,c9_sim,458,3.705,84.653,9.365,8.671,0.016,106.410
2026-09-02T09:15:45.825385+07:00,c9_sim,459,3.925,84.105,8.428,8.737,0.017,105.212
2026-09-02T09:15:45.929346+07:00,c9_sim,460,4.170,86.330,8.489,8.581,0.016,107.586
2026-09-02T09:15:46.033321+07:00,c9_sim,461,3.223,85.124,8.534,8.652,0.016,105.550
2026-09-02T09:15:46.136022+07:00,c9_sim,462,3.727,84.537,9.031,8.596,0.016,105.908
2026-09-02T09:15:46.238179+07:00,c9_sim,463,3.525,84.145,8.972,8.451,0.017,105.110
2026-09-02T09:15:46.341648+07:00,c9_sim,464,3.829,87.750,7.000,8.211,0.017,106.806
2026-09-02T09:15:46.445778+07:00,c9_sim,465,3.105,84.376,9.865,9.178,0.016,106.541
2026-09-02T09:15:46.549756+07:00,c9_sim,466,3.477,84.889,9.580,8.849,0.016,106.811
2026-09-02T09:15:46.653147+07:00,c9_sim,467,4.185,84.886,9.311,8.591,0.016,106.988
2026-09-02T09:15:46.756473+07:00,c9_sim,468,3.522,84.928,8.872,8.973,0.017,106.311
2026-09-02T09:15:46.859252+07:00,c9_sim,469,3.634,84.363,9.268,8.527,0.017,105.809
2026-09-02T09:15:46.956411+07:00,c8_sim,247,3.370,84.882,11.665,0.000,0.004,99.922
2026-09-02T09:15:47.041858+07:00,c8_sim,248,3.594,85.336,0.000,0.000,0.004,88.934
2026-09-02T09:15:47.137910+07:00,c8_sim,249,4.456,84.841,10.553,0.003,0.069,99.922
2026-09-02T09:15:47.223406+07:00,c8_sim,250,4.958,85.377,0.000,0.000,0.008,90.343
2026-09-02T09:15:47.329786+07:00,c8_sim,251,6.227,85.997,10.809,8.810,0.012,111.855
2026-09-02T09:15:47.432727+07:00,c8_sim,252,5.382,84.842,8.898,8.615,0.012,107.749
2026-09-02T09:15:47.534236+07:00,c8_sim,253,6.319,84.675,7.909,8.359,0.012,107.274
2026-09-02T09:15:47.635842+07:00,c8_sim,254,5.511,84.555,8.062,8.392,0.011,106.530
2026-09-02T09:15:47.737792+07:00,c8_sim,255,5.290,84.581,8.286,8.514,0.011,106.681
2026-09-02T09:15:47.840291+07:00,c8_sim,256,6.027,85.001,8.409,8.455,0.011,107.903
2026-09-02T09:15:47.925096+07:00,c8_sim,257,6.258,84.695,0.000,0.000,0.008,90.961
2026-09-02T09:15:48.021761+07:00,c8_sim,258,4.829,85.236,10.876,0.000,0.008,100.948
2026-09-02T09:15:48.126037+07:00,c8_sim,259,5.853,85.429,9.445,8.794,0.054,109.574
2026-09-02T09:15:48.230141+07:00,c8_sim,260,4.985,85.195,9.326,8.973,0.012,108.491
2026-09-02T09:15:48.334408+07:00,c8_sim,261,5.440,85.008,9.759,8.914,0.012,109.133
2026-09-02T09:15:48.437631+07:00,c8_sim,262,4.842,84.821,9.234,8.560,0.012,107.470
2026-09-02T09:15:48.540437+07:00,c8_sim,263,5.116,85.027,8.728,8.456,0.012,107.339
2026-09-02T09:15:48.642364+07:00,c8_sim,264,4.570,84.157,8.452,8.798,0.011,105.988
2026-09-02T09:15:48.746045+07:00,c8_sim,265,5.317,84.617,9.630,8.824,0.011,108.398
2026-09-02T09:15:48.849947+07:00,c8_sim,266,4.913,85.220,9.144,8.921,0.043,108.241
2026-09-02T09:15:48.953350+07:00,c8_sim,267,5.877,84.716,9.300,8.796,0.043,108.732
2026-09-02T09:15:49.056066+07:00,c8_sim,268,4.978,84.625,8.824,8.684,0.041,107.152
2026-09-02T09:15:49.158032+07:00,c8_sim,269,5.356,84.481,8.361,8.536,0.046,106.780
2026-09-02T09:15:49.260555+07:00,c8_sim,270,6.049,84.604,8.818,8.576,0.011,108.058
2026-09-02T09:15:49.364603+07:00,c8_sim,271,5.270,84.704,9.130,8.669,0.173,107.946
2026-09-02T09:15:49.467748+07:00,c8_sim,272,5.429,85.185,8.700,8.687,0.014,108.015
2026-09-02T09:15:49.570103+07:00,c8_sim,273,4.764,84.629,8.445,8.700,0.012,106.550
2026-09-02T09:15:49.672723+07:00,c8_sim,274,6.010,84.657,8.724,8.678,0.011,108.081
2026-09-02T09:15:49.774734+07:00,c8_sim,275,5.017,84.523,8.270,8.638,0.016,106.465
2026-09-02T09:15:49.877268+07:00,c8_sim,276,5.975,84.788,8.439,8.724,0.015,107.942
2026-09-02T09:15:49.979320+07:00,c8_sim,277,5.087,84.767,8.253,8.446,0.016,106.569
2026-09-02T09:15:50.080540+07:00,c8_sim,278,5.445,84.393,8.126,8.112,0.014,106.090
2026-09-02T09:15:50.182486+07:00,c8_sim,279,5.457,84.417,8.645,8.296,0.015,106.830
2026-09-02T09:15:50.284384+07:00,c8_sim,280,5.619,84.334,8.444,8.550,0.039,106.986
2026-09-02T09:15:50.386279+07:00,c8_sim,281,5.170,85.045,7.791,8.495,0.016,106.515
2026-09-02T09:15:50.488491+07:00,c8_sim,282,5.636,84.423,8.433,8.790,0.019,107.300
2026-09-02T09:15:50.591029+07:00,c8_sim,283,6.005,84.587,8.555,8.759,0.050,107.956
2026-09-02T09:15:50.694001+07:00,c8_sim,284,5.301,85.188,8.569,8.604,0.050,107.712
2026-09-02T09:15:50.795906+07:00,c8_sim,285,5.660,84.316,8.508,8.550,0.015,107.050
2026-09-02T09:15:50.898310+07:00,c8_sim,286,5.751,84.126,8.883,8.739,0.016,107.515
2026-09-02T09:15:51.000920+07:00,c8_sim,287,5.504,84.777,8.529,8.701,0.015,107.526
2026-09-02T09:15:51.103378+07:00,c8_sim,288,6.027,84.451,8.621,8.784,0.016,107.898
2026-09-02T09:15:51.205979+07:00,c8_sim,289,5.807,84.337,8.555,9.116,0.046,107.861
2026-09-02T09:15:51.307733+07:00,c8_sim,290,5.623,84.650,7.811,8.664,0.015,106.763
2026-09-02T09:15:51.410597+07:00,c8_sim,291,5.749,84.937,8.589,8.727,0.015,108.016
2026-09-02T09:15:51.511640+07:00,c8_sim,292,5.540,84.385,7.623,8.462,0.016,106.025
2026-09-02T09:15:51.613801+07:00,c8_sim,293,5.715,84.595,8.367,8.612,0.014,107.303
2026-09-02T09:15:51.717829+07:00,c8_sim,294,4.961,84.855,9.477,8.948,0.043,108.284
