timestamp,camera_id,frame_id,decode_ms,detection_ms,tracking_ms,reid_ms,matching_ms,total_ai_ms
2026-09-02T09:06:40.431298+07:00,c8_sim,1,6.909,521.842,20.484,69.245,0.074,618.556
2026-09-02T09:06:40.560514+07:00,c8_sim,2,11.202,84.647,16.420,26.878,0.039,139.186
2026-09-02T09:06:40.680799+07:00,c8_sim,3,4.211,84.043,8.780,26.674,0.012,123.720
2026-09-02T09:06:40.804298+07:00,c8_sim,4,6.039,85.381,10.666,26.587,0.036,128.709
2026-09-02T09:06:40.935124+07:00,c8_sim,5,5.439,85.124,11.780,26.944,0.013,129.299
2026-09-02T09:06:41.057744+07:00,c8_sim,6,5.980,85.427,9.395,26.835,0.012,127.648
2026-09-02T09:06:41.181313+07:00,c8_sim,7,3.640,85.564,10.481,26.657,0.037,126.379
2026-09-02T09:06:41.305540+07:00,c8_sim,8,4.061,85.877,10.760,26.724,0.037,127.459
2026-09-02T09:06:41.431778+07:00,c8_sim,9,4.858,87.390,11.087,26.870,0.012,130.216
2026-09-02T09:06:41.554948+07:00,c8_sim,10,5.637,85.206,10.367,26.754,0.011,127.975
2026-09-02T09:06:41.679712+07:00,c8_sim,11,6.923,85.872,11.286,26.781,0.011,130.874
2026-09-02T09:06:41.804273+07:00,c8_sim,12,5.441,85.527,11.527,26.680,0.012,129.188
2026-09-02T09:06:41.927982+07:00,c8_sim,13,5.996,85.277,10.951,26.674,0.013,128.911
2026-09-02T09:06:42.051719+07:00,c8_sim,14,6.299,85.726,10.588,26.603,0.011,129.227
2026-09-02T09:06:42.173330+07:00,c8_sim,15,5.687,85.991,7.891,26.947,0.011,126.526
2026-09-02T09:06:42.297411+07:00,c8_sim,16,5.837,85.959,10.219,27.002,0.046,129.063
2026-09-02T09:06:42.421507+07:00,c8_sim,17,5.232,86.003,10.557,26.651,0.019,128.462
2026-09-02T09:06:42.545714+07:00,c8_sim,18,6.631,86.170,10.179,27.016,0.018,130.014
2026-09-02T09:06:42.670544+07:00,c8_sim,19,8.149,86.333,10.642,27.007,0.017,132.149
2026-09-02T09:06:42.795143+07:00,c8_sim,20,7.035,86.104,10.864,26.776,0.020,130.800
2026-09-02T09:06:42.921169+07:00,c8_sim,21,6.319,86.161,12.011,27.012,0.017,131.519
2026-09-02T09:06:43.044295+07:00,c8_sim,22,5.458,85.375,10.054,26.830,0.015,127.731
2026-09-02T09:06:43.165663+07:00,c8_sim,23,4.720,84.602,8.919,26.960,0.017,125.218
2026-09-02T09:06:43.291894+07:00,c8_sim,24,5.261,85.782,12.295,27.328,0.016,130.682
2026-09-02T09:06:43.415947+07:00,c8_sim,25,5.436,86.035,9.836,27.328,0.017,128.651
2026-09-02T09:06:43.540638+07:00,c8_sim,26,7.945,86.202,10.699,26.933,0.019,131.799
2026-09-02T09:06:43.665221+07:00,c8_sim,27,7.181,85.773,10.773,27.166,0.017,130.910
2026-09-02T09:06:43.790463+07:00,c8_sim,28,6.951,85.959,11.485,26.890,0.020,131.305
2026-09-02T09:06:43.915139+07:00,c8_sim,29,5.876,85.956,10.850,26.971,0.016,129.669
2026-09-02T09:06:44.039680+07:00,c8_sim,30,4.893,85.925,10.683,27.044,0.017,128.563
2026-09-02T09:06:44.164783+07:00,c8_sim,31,4.318,86.036,11.155,27.029,0.015,128.553
2026-09-02T09:06:44.289611+07:00,c8_sim,32,5.111,86.250,10.636,27.094,0.015,129.106
2026-09-02T09:06:44.415692+07:00,c8_sim,33,6.510,85.910,12.197,27.108,0.015,131.740
2026-09-02T09:06:44.541600+07:00,c8_sim,34,8.306,86.097,11.793,27.179,0.018,133.395
2026-09-02T09:06:44.665967+07:00,c8_sim,35,6.627,85.932,10.733,26.850,0.015,130.157
2026-09-02T09:06:44.791141+07:00,c8_sim,36,6.393,85.986,11.274,27.023,0.019,130.696
2026-09-02T09:06:44.917078+07:00,c8_sim,37,5.825,86.300,11.618,27.138,0.015,130.896
2026-09-02T09:06:45.040606+07:00,c8_sim,38,5.694,85.969,9.644,27.068,0.014,128.388
2026-09-02T09:06:45.164305+07:00,c8_sim,39,5.817,85.795,10.174,26.882,0.015,128.683
2026-09-02T09:06:45.288546+07:00,c8_sim,40,5.239,86.039,10.277,27.112,0.016,128.682
2026-09-02T09:06:45.415081+07:00,c8_sim,41,7.181,85.828,12.472,27.324,0.016,132.821
2026-09-02T09:06:45.541820+07:00,c8_sim,42,7.869,86.448,12.488,26.924,0.017,133.746
2026-09-02T09:06:45.666898+07:00,c8_sim,43,7.525,85.958,11.272,26.970,0.016,131.740
2026-09-02T09:06:45.791057+07:00,c8_sim,44,6.459,85.790,10.648,26.864,0.019,129.780
2026-09-02T09:06:45.915654+07:00,c8_sim,45,5.789,86.210,10.472,27.048,0.016,129.535
2026-09-02T09:06:46.143750+07:00,c8_sim,46,6.036,193.112,7.392,26.798,0.014,233.351
2026-09-02T09:06:46.173853+07:00,c9_sim,1,3.680,193.112,2.848,26.667,0.057,226.362
2026-09-02T09:06:46.364188+07:00,c8_sim,47,5.294,156.806,6.537,26.289,0.024,194.950
2026-09-02T09:06:46.402972+07:00,c9_sim,2,2.611,156.806,10.884,27.190,0.009,197.500
2026-09-02T09:06:46.606992+07:00,c8_sim,48,6.465,160.346,15.256,27.585,0.018,209.669
2026-09-02T09:06:46.644235+07:00,c9_sim,3,2.551,160.346,9.852,26.763,0.012,199.524
2026-09-02T09:06:46.847153+07:00,c8_sim,49,7.172,160.831,13.797,27.460,0.018,209.277
2026-09-02T09:06:46.884887+07:00,c9_sim,4,3.155,160.831,10.184,26.954,0.011,201.136
2026-09-02T09:06:47.085390+07:00,c8_sim,50,6.734,159.597,12.712,27.448,0.017,206.508
2026-09-02T09:06:47.123870+07:00,c9_sim,5,6.102,159.597,10.812,27.083,0.044,203.639
2026-09-02T09:06:47.302719+07:00,c8_sim,51,6.444,160.204,17.833,0.000,0.014,184.495
2026-09-02T09:06:47.342164+07:00,c9_sim,6,3.448,160.204,11.054,27.022,0.047,201.775
2026-09-02T09:06:47.521095+07:00,c8_sim,52,5.803,161.126,16.849,0.005,0.148,183.930
2026-09-02T09:06:47.561242+07:00,c9_sim,7,5.092,161.126,11.621,27.111,0.012,204.962
2026-09-02T09:06:47.739720+07:00,c8_sim,53,5.859,161.527,16.133,0.000,0.012,183.531
2026-09-02T09:06:47.780571+07:00,c9_sim,8,3.956,161.527,12.434,27.089,0.011,205.016
2026-09-02T09:06:47.954565+07:00,c8_sim,54,5.574,159.812,13.215,0.005,0.119,178.725
2026-09-02T09:06:47.994081+07:00,c9_sim,9,4.338,159.812,10.805,27.170,0.055,202.180
2026-09-02T09:06:48.153459+07:00,c8_sim,55,5.964,159.085,0.000,0.000,0.009,165.058
2026-09-02T09:06:48.189915+07:00,c9_sim,10,7.943,159.085,9.154,26.811,0.010,203.004
2026-09-02T09:06:48.350802+07:00,c8_sim,56,8.006,160.586,0.000,0.000,0.009,168.601
2026-09-02T09:06:48.390866+07:00,c9_sim,11,3.673,160.586,12.365,27.088,0.011,203.722
2026-09-02T09:06:48.516931+07:00,c9_sim,12,5.480,86.148,11.741,27.433,0.015,130.816
2026-09-02T09:06:48.643241+07:00,c9_sim,13,3.924,86.373,11.913,27.164,0.013,129.387
2026-09-02T09:06:48.769310+07:00,c9_sim,14,5.514,86.422,11.752,27.055,0.013,130.756
2026-09-02T09:06:48.894301+07:00,c9_sim,15,4.643,87.222,9.853,27.096,0.012,128.825
2026-09-02T09:06:49.020530+07:00,c9_sim,16,4.923,85.954,12.287,27.186,0.012,130.362
2026-09-02T09:06:49.146150+07:00,c9_sim,17,5.752,86.305,11.611,26.878,0.019,130.566
2026-09-02T09:06:49.273482+07:00,c9_sim,18,4.476,86.201,13.270,27.012,0.016,130.974
2026-09-02T09:06:49.399724+07:00,c9_sim,19,7.741,85.795,12.644,26.980,0.019,133.178
2026-09-02T09:06:49.526018+07:00,c9_sim,20,4.355,86.053,12.326,27.130,0.018,129.881
2026-09-02T09:06:49.651084+07:00,c9_sim,21,5.124,86.529,10.693,27.041,0.017,129.404
2026-09-02T09:06:49.777336+07:00,c9_sim,22,4.188,85.635,12.640,27.168,0.015,129.646
2026-09-02T09:06:49.902674+07:00,c9_sim,23,4.542,86.070,11.312,27.141,0.020,129.085
2026-09-02T09:06:50.028241+07:00,c9_sim,24,4.125,85.852,11.938,26.960,0.017,128.891
2026-09-02T09:06:50.152810+07:00,c9_sim,25,5.811,86.037,10.816,26.878,0.017,129.560
2026-09-02T09:06:50.279287+07:00,c9_sim,26,5.006,85.694,12.533,27.457,0.017,130.707
2026-09-02T09:06:50.406500+07:00,c9_sim,27,4.087,86.137,13.089,27.066,0.018,130.397
2026-09-02T09:06:50.533092+07:00,c9_sim,28,4.159,86.406,12.204,27.143,0.026,129.938
2026-09-02T09:06:50.658626+07:00,c9_sim,29,3.793,86.120,11.625,26.968,0.017,128.524
2026-09-02T09:06:50.783643+07:00,c9_sim,30,4.609,85.780,11.304,27.122,0.016,128.832
2026-09-02T09:06:50.908074+07:00,c9_sim,31,4.741,85.728,10.722,27.154,0.017,128.363
2026-09-02T09:06:51.032490+07:00,c9_sim,32,4.448,85.920,10.688,26.978,0.017,128.052
2026-09-02T09:06:51.157572+07:00,c9_sim,33,3.946,85.662,11.712,26.946,0.016,128.283
2026-09-02T09:06:51.280898+07:00,c9_sim,34,3.647,84.528,10.651,27.382,0.018,126.226
2026-09-02T09:06:51.406421+07:00,c9_sim,35,5.193,86.395,11.158,27.120,0.017,129.884
2026-09-02T09:06:51.527056+07:00,c9_sim,36,6.454,86.029,6.506,27.326,0.019,126.334
2026-09-02T09:06:51.651648+07:00,c9_sim,37,4.456,86.044,10.957,26.760,0.017,128.235
2026-09-02T09:06:51.775349+07:00,c9_sim,38,4.512,85.820,10.229,26.857,0.016,127.435
2026-09-02T09:06:51.898649+07:00,c9_sim,39,4.183,85.925,9.697,26.907,0.017,126.729
2026-09-02T09:06:52.020620+07:00,c9_sim,40,3.605,85.324,9.318,26.564,0.017,124.829
2026-09-02T09:06:52.144122+07:00,c9_sim,41,5.219,85.803,9.867,27.022,0.017,127.928
2026-09-02T09:06:52.269265+07:00,c9_sim,42,5.038,86.143,10.982,27.244,0.017,129.425
2026-09-02T09:06:52.392767+07:00,c9_sim,43,5.166,87.601,8.399,26.729,0.018,127.914
2026-09-02T09:06:52.515879+07:00,c9_sim,44,3.989,85.555,9.470,27.279,0.018,126.310
2026-09-02T09:06:52.639136+07:00,c9_sim,45,3.999,85.705,9.764,26.985,0.021,126.474
2026-09-02T09:06:52.763916+07:00,c9_sim,46,4.171,86.310,10.746,26.921,0.016,128.164
2026-09-02T09:06:52.889124+07:00,c9_sim,47,6.030,85.812,11.693,26.870,0.017,130.421
2026-09-02T09:06:53.013977+07:00,c9_sim,48,4.998,85.878,11.135,27.011,0.021,129.043
2026-09-02T09:06:53.138938+07:00,c9_sim,49,4.609,86.435,10.667,27.054,0.019,128.783
2026-09-02T09:06:53.262142+07:00,c9_sim,50,4.066,85.314,10.090,26.969,0.021,126.461
2026-09-02T09:06:53.386418+07:00,c9_sim,51,3.693,85.790,10.964,26.734,0.016,127.197
2026-09-02T09:06:53.510685+07:00,c9_sim,52,4.915,85.856,10.635,26.971,0.026,128.403
2026-09-02T09:06:53.634295+07:00,c9_sim,53,5.934,86.269,9.687,26.812,0.020,128.722
2026-09-02T09:06:53.757203+07:00,c9_sim,54,4.855,85.934,9.595,26.600,0.017,127.000
2026-09-02T09:06:53.881015+07:00,c9_sim,55,4.392,85.615,10.539,26.855,0.019,127.420
2026-09-02T09:06:54.004734+07:00,c9_sim,56,4.077,85.296,10.616,27.001,0.017,127.007
2026-09-02T09:06:54.129598+07:00,c9_sim,57,3.789,85.637,11.604,26.866,0.018,127.915
2026-09-02T09:06:54.254933+07:00,c9_sim,58,4.283,86.018,10.914,27.468,0.038,128.722
2026-09-02T09:06:54.389588+07:00,c9_sim,59,5.646,99.926,7.165,26.563,0.033,139.333
2026-09-02T09:06:54.512805+07:00,c9_sim,60,4.655,85.022,9.547,27.052,0.017,126.293
2026-09-02T09:06:54.636957+07:00,c9_sim,61,3.994,85.628,10.774,26.899,0.018,127.313
2026-09-02T09:06:54.763310+07:00,c9_sim,62,4.091,87.034,11.323,27.167,0.016,129.631
2026-09-02T09:06:54.886907+07:00,c9_sim,63,3.872,85.682,10.110,26.888,0.018,126.570
2026-09-02T09:06:55.010556+07:00,c9_sim,64,4.520,86.079,9.719,27.016,0.017,127.352
2026-09-02T09:06:55.135467+07:00,c9_sim,65,4.114,86.852,9.976,27.256,0.018,128.216
2026-09-02T09:06:55.259650+07:00,c9_sim,66,4.447,86.231,10.304,26.834,0.022,127.839
2026-09-02T09:06:55.384877+07:00,c9_sim,67,4.655,85.892,11.533,26.975,0.017,129.071
2026-09-02T09:06:55.509411+07:00,c9_sim,68,2.839,85.950,10.454,27.347,0.019,126.610
2026-09-02T09:06:55.634362+07:00,c9_sim,69,3.633,86.422,10.607,27.071,0.017,127.752
2026-09-02T09:06:55.759370+07:00,c9_sim,70,4.752,85.956,11.122,27.099,0.016,128.946
2026-09-02T09:06:55.884975+07:00,c9_sim,71,5.281,86.824,10.927,27.050,0.023,130.105
2026-09-02T09:06:56.009768+07:00,c9_sim,72,5.302,85.794,10.779,27.398,0.018,129.291
2026-09-02T09:06:56.134288+07:00,c9_sim,73,3.975,86.174,10.571,26.937,0.016,127.673
2026-09-02T09:06:56.258279+07:00,c9_sim,74,4.137,85.855,10.278,27.038,0.017,127.324
2026-09-02T09:06:56.377223+07:00,c9_sim,75,3.808,84.671,6.491,26.982,0.035,121.987
2026-09-02T09:06:56.507248+07:00,c9_sim,76,5.009,93.481,8.623,26.974,0.020,134.107
2026-09-02T09:06:56.635776+07:00,c9_sim,77,4.706,87.760,11.785,27.412,0.020,131.682
2026-09-02T09:06:56.760228+07:00,c9_sim,78,4.583,85.993,10.417,27.203,0.018,128.215
2026-09-02T09:06:56.884000+07:00,c9_sim,79,4.294,85.807,10.182,26.969,0.018,127.270
2026-09-02T09:06:57.007970+07:00,c9_sim,80,4.244,86.327,9.871,26.954,0.018,127.414
2026-09-02T09:06:57.131543+07:00,c9_sim,81,3.703,86.183,9.714,26.887,0.016,126.504
2026-09-02T09:06:57.254777+07:00,c9_sim,82,5.013,85.852,9.675,26.904,0.018,127.461
2026-09-02T09:06:57.379025+07:00,c9_sim,83,10.569,86.291,10.110,27.044,0.016,134.030
2026-09-02T09:06:57.502381+07:00,c9_sim,84,3.880,85.463,10.148,26.910,0.019,126.421
2026-09-02T09:06:57.625698+07:00,c9_sim,85,3.913,85.570,10.162,26.784,0.018,126.448
2026-09-02T09:06:57.751753+07:00,c9_sim,86,4.095,86.263,12.160,26.808,0.016,129.342
2026-09-02T09:06:57.874786+07:00,c9_sim,87,4.734,85.796,9.897,26.536,0.015,126.979
2026-09-02T09:06:57.998171+07:00,c9_sim,88,4.998,86.150,9.612,26.820,0.016,127.596
2026-09-02T09:06:58.121360+07:00,c9_sim,89,4.512,85.502,10.075,26.783,0.016,126.887
2026-09-02T09:06:58.246520+07:00,c9_sim,90,4.745,86.470,11.044,26.851,0.017,129.128
2026-09-02T09:06:58.371781+07:00,c9_sim,91,3.926,86.105,11.499,26.827,0.016,128.373
2026-09-02T09:06:58.496854+07:00,c9_sim,92,4.102,86.261,11.090,26.928,0.019,128.399
2026-09-02T09:06:58.622334+07:00,c9_sim,93,4.641,87.166,10.597,26.923,0.017,129.344
2026-09-02T09:06:58.747381+07:00,c9_sim,94,5.126,86.600,10.580,27.057,0.016,129.380
2026-09-02T09:06:58.871049+07:00,c9_sim,95,4.444,86.341,9.779,26.729,0.026,127.319
2026-09-02T09:06:58.995280+07:00,c9_sim,96,4.447,85.502,11.140,26.813,0.017,127.919
2026-09-02T09:06:59.120420+07:00,c9_sim,97,4.273,85.970,11.295,27.036,0.016,128.589
2026-09-02T09:06:59.244982+07:00,c9_sim,98,4.266,85.982,10.857,26.893,0.016,128.014
2026-09-02T09:06:59.371374+07:00,c9_sim,99,5.752,86.197,12.225,27.185,0.016,131.376
2026-09-02T09:06:59.496503+07:00,c9_sim,100,4.797,86.423,11.231,26.631,0.019,129.101
2026-09-02T09:06:59.622163+07:00,c9_sim,101,4.754,86.691,11.176,26.985,0.016,129.623
2026-09-02T09:06:59.744230+07:00,c9_sim,102,3.628,85.631,8.853,26.820,0.017,124.948
2026-09-02T09:06:59.868248+07:00,c9_sim,103,3.578,85.859,10.401,26.989,0.017,126.843
2026-09-02T09:06:59.992528+07:00,c9_sim,104,2.793,85.692,11.035,26.759,0.019,126.299
2026-09-02T09:07:00.117965+07:00,c9_sim,105,5.924,86.288,11.432,26.905,0.016,130.565
2026-09-02T09:07:00.250171+07:00,c9_sim,106,5.149,86.530,14.949,29.095,0.021,135.744
2026-09-02T09:07:00.373936+07:00,c9_sim,107,4.510,85.768,10.364,26.810,0.017,127.469
2026-09-02T09:07:00.499186+07:00,c9_sim,108,3.961,86.349,10.948,26.909,0.020,128.186
2026-09-02T09:07:00.625001+07:00,c9_sim,109,4.060,86.434,11.324,27.204,0.019,129.042
2026-09-02T09:07:00.750121+07:00,c9_sim,110,3.803,86.496,10.998,26.762,0.017,128.075
2026-09-02T09:07:00.875719+07:00,c9_sim,111,5.253,86.690,11.300,26.782,0.015,130.041
2026-09-02T09:07:00.999299+07:00,c9_sim,112,5.005,85.961,10.105,26.727,0.016,127.815
2026-09-02T09:07:01.122859+07:00,c9_sim,113,4.757,85.489,10.389,26.897,0.015,127.547
2026-09-02T09:07:01.247523+07:00,c9_sim,114,4.096,85.830,11.183,26.817,0.016,127.942
2026-09-02T09:07:01.371459+07:00,c9_sim,115,4.106,85.623,10.792,26.744,0.019,127.284
2026-09-02T09:07:01.495387+07:00,c9_sim,116,4.133,86.454,9.891,26.789,0.016,127.282
2026-09-02T09:07:01.620542+07:00,c9_sim,117,4.904,86.470,10.606,27.135,0.018,129.132
2026-09-02T09:07:01.744684+07:00,c9_sim,118,4.712,85.702,10.462,27.156,0.017,128.049
2026-09-02T09:07:01.869237+07:00,c9_sim,119,4.276,86.361,10.675,26.681,0.017,128.011
2026-09-02T09:07:01.993966+07:00,c9_sim,120,4.048,85.877,10.884,27.205,0.021,128.035
2026-09-02T09:07:02.119423+07:00,c9_sim,121,4.058,86.372,11.166,27.069,0.020,128.685
2026-09-02T09:07:02.245397+07:00,c9_sim,122,4.628,86.128,11.969,27.060,0.018,129.804
2026-09-02T09:07:02.372241+07:00,c9_sim,123,5.597,86.400,12.620,27.030,0.019,131.665
2026-09-02T09:07:02.498154+07:00,c9_sim,124,5.117,86.284,11.579,27.225,0.020,130.226
2026-09-02T09:07:02.621709+07:00,c9_sim,125,4.675,85.963,9.817,26.972,0.018,127.446
2026-09-02T09:07:02.745616+07:00,c9_sim,126,4.031,85.737,10.432,26.914,0.017,127.131
2026-09-02T09:07:02.872231+07:00,c9_sim,127,3.788,86.317,11.964,27.423,0.017,129.509
2026-09-02T09:07:02.995607+07:00,c9_sim,128,4.676,85.462,10.159,26.931,0.020,127.249
2026-09-02T09:07:03.121102+07:00,c9_sim,129,4.906,86.388,11.419,26.828,0.017,129.559
2026-09-02T09:07:03.245170+07:00,c9_sim,130,4.950,86.409,9.853,26.982,0.016,128.210
2026-09-02T09:07:03.369337+07:00,c9_sim,131,4.389,85.891,10.689,26.768,0.016,127.754
2026-09-02T09:07:03.494837+07:00,c9_sim,132,4.863,86.072,11.339,27.302,0.018,129.594
2026-09-02T09:07:03.619081+07:00,c9_sim,133,3.917,86.078,10.417,26.861,0.018,127.292
2026-09-02T09:07:03.744633+07:00,c9_sim,134,5.834,86.728,11.119,26.906,0.016,130.604
2026-09-02T09:07:03.868879+07:00,c9_sim,135,3.639,86.189,10.381,26.846,0.018,127.072
2026-09-02T09:07:03.992743+07:00,c9_sim,136,4.430,86.288,10.004,26.773,0.019,127.514
2026-09-02T09:07:04.117522+07:00,c9_sim,137,4.433,85.905,10.946,27.100,0.017,128.401
2026-09-02T09:07:04.242816+07:00,c9_sim,138,4.243,86.630,10.998,26.837,0.017,128.725
2026-09-02T09:07:04.367123+07:00,c9_sim,139,3.851,85.724,10.739,27.067,0.016,127.396
2026-09-02T09:07:04.493529+07:00,c9_sim,140,6.582,86.656,11.850,27.090,0.021,132.199
2026-09-02T09:07:04.618584+07:00,c9_sim,141,4.690,86.488,10.692,27.069,0.016,128.955
2026-09-02T09:07:04.741265+07:00,c9_sim,142,4.605,85.898,9.206,26.785,0.018,126.512
2026-09-02T09:07:04.865469+07:00,c9_sim,143,4.082,86.131,9.987,27.277,0.018,127.494
2026-09-02T09:07:04.988564+07:00,c9_sim,144,3.771,85.823,9.818,26.697,0.019,126.128
2026-09-02T09:07:05.113144+07:00,c9_sim,145,4.638,86.022,10.852,26.899,0.018,128.429
2026-09-02T09:07:05.238716+07:00,c9_sim,146,5.974,86.679,11.220,26.863,0.016,130.752
2026-09-02T09:07:05.365335+07:00,c9_sim,147,4.573,87.397,10.673,27.607,0.021,130.270
2026-09-02T09:07:05.489667+07:00,c9_sim,148,4.049,86.096,10.683,26.711,0.017,127.556
2026-09-02T09:07:05.613815+07:00,c9_sim,149,4.032,85.682,10.194,27.476,0.017,127.401
2026-09-02T09:07:05.738313+07:00,c9_sim,150,4.309,85.916,10.744,27.049,0.018,128.036
2026-09-02T09:07:05.863555+07:00,c9_sim,151,5.030,85.880,11.259,27.271,0.017,129.457
2026-09-02T09:07:05.988882+07:00,c9_sim,152,5.073,86.705,11.139,26.651,0.020,129.588
2026-09-02T09:07:06.115618+07:00,c9_sim,153,4.917,86.694,12.293,26.928,0.016,130.849
2026-09-02T09:07:06.239223+07:00,c9_sim,154,4.540,85.758,9.913,27.145,0.017,127.372
2026-09-02T09:07:06.363133+07:00,c9_sim,155,4.561,85.646,10.292,27.111,0.017,127.627
2026-09-02T09:07:06.489048+07:00,c9_sim,156,3.679,86.133,11.905,27.070,0.017,128.803
2026-09-02T09:07:06.613075+07:00,c9_sim,157,5.821,86.055,10.157,27.041,0.018,129.093
2026-09-02T09:07:06.738545+07:00,c9_sim,158,5.267,86.460,11.254,26.961,0.016,129.958
2026-09-02T09:07:06.862701+07:00,c9_sim,159,4.769,86.095,10.136,27.122,0.019,128.140
2026-09-02T09:07:06.986387+07:00,c9_sim,160,4.340,85.647,10.312,26.921,0.020,127.240
2026-09-02T09:07:07.111065+07:00,c9_sim,161,4.242,85.909,10.899,27.050,0.017,128.116
2026-09-02T09:07:07.235627+07:00,c9_sim,162,4.336,86.147,10.889,26.709,0.018,128.100
2026-09-02T09:07:07.359694+07:00,c9_sim,163,5.078,86.133,10.267,26.887,0.016,128.381
2026-09-02T09:07:07.483916+07:00,c9_sim,164,4.984,85.919,10.526,26.964,0.016,128.409
2026-09-02T09:07:07.607336+07:00,c9_sim,165,4.546,85.690,9.909,27.018,0.019,127.182
2026-09-02T09:07:07.731728+07:00,c9_sim,166,3.679,86.006,10.562,27.007,0.017,127.271
2026-09-02T09:07:07.857322+07:00,c9_sim,167,4.135,86.279,11.366,27.133,0.019,128.932
2026-09-02T09:07:07.981137+07:00,c9_sim,168,4.467,86.216,10.097,26.696,0.020,127.496
2026-09-02T09:07:08.105798+07:00,c9_sim,169,5.401,86.288,10.928,26.625,0.019,129.261
2026-09-02T09:07:08.231377+07:00,c9_sim,170,5.156,85.823,11.571,27.359,0.017,129.926
2026-09-02T09:07:08.356991+07:00,c9_sim,171,4.760,85.626,12.152,27.025,0.016,129.579
2026-09-02T09:07:08.481391+07:00,c9_sim,172,4.078,85.774,10.857,26.973,0.017,127.699
2026-09-02T09:07:08.603607+07:00,c9_sim,173,4.065,85.221,9.072,27.082,0.018,125.459
2026-09-02T09:07:08.726713+07:00,c9_sim,174,5.016,85.462,9.886,26.963,0.016,127.344
2026-09-02T09:07:08.851937+07:00,c9_sim,175,5.347,86.518,10.690,27.216,0.018,129.789
2026-09-02T09:07:08.975863+07:00,c9_sim,176,4.534,85.476,10.612,27.062,0.017,127.701
2026-09-02T09:07:09.100813+07:00,c9_sim,177,4.413,85.426,11.541,27.207,0.018,128.605
2026-09-02T09:07:09.225069+07:00,c9_sim,178,4.345,85.648,10.650,27.184,0.017,127.844
2026-09-02T09:07:09.348607+07:00,c9_sim,179,3.671,85.429,10.628,26.732,0.016,126.476
2026-09-02T09:07:09.469343+07:00,c9_sim,180,6.063,85.022,8.957,26.029,0.015,126.086
2026-09-02T09:07:09.592173+07:00,c9_sim,181,5.182,84.830,10.507,26.743,0.017,127.279
2026-09-02T09:07:09.716154+07:00,c9_sim,182,5.038,86.239,9.946,26.965,0.017,128.204
2026-09-02T09:07:09.839294+07:00,c9_sim,183,4.020,85.409,10.118,26.807,0.019,126.372
2026-09-02T09:07:09.962791+07:00,c9_sim,184,4.039,86.148,9.754,26.788,0.017,126.746
2026-09-02T09:07:10.086627+07:00,c9_sim,185,3.908,85.650,10.112,27.193,0.018,126.881
2026-09-02T09:07:10.211082+07:00,c9_sim,186,5.582,85.875,10.814,26.981,0.018,129.269
2026-09-02T09:07:10.335242+07:00,c9_sim,187,5.087,85.473,11.113,26.715,0.018,128.407
2026-09-02T09:07:10.460368+07:00,c9_sim,188,4.834,87.376,9.403,27.227,0.018,128.858
2026-09-02T09:07:10.584467+07:00,c9_sim,189,3.922,86.199,10.359,26.728,0.022,127.230
2026-09-02T09:07:10.711081+07:00,c9_sim,190,4.070,86.100,12.632,27.063,0.017,129.882
2026-09-02T09:07:10.835658+07:00,c9_sim,191,4.040,85.991,10.796,26.964,0.020,127.810
2026-09-02T09:07:10.960415+07:00,c9_sim,192,5.208,86.374,10.654,26.917,0.017,129.171
2026-09-02T09:07:11.083666+07:00,c9_sim,193,4.896,85.438,9.905,27.153,0.017,127.410
2026-09-02T09:07:11.207284+07:00,c9_sim,194,4.640,85.481,10.383,26.937,0.016,127.456
2026-09-02T09:07:11.333297+07:00,c9_sim,195,3.901,86.147,12.211,26.853,0.017,129.131
2026-09-02T09:07:11.457376+07:00,c9_sim,196,4.145,85.729,10.783,26.742,0.017,127.416
2026-09-02T09:07:11.581732+07:00,c9_sim,197,5.216,85.996,10.920,26.600,0.023,128.755
2026-09-02T09:07:11.707745+07:00,c9_sim,198,5.147,86.777,11.151,27.257,0.017,130.350
2026-09-02T09:07:11.834472+07:00,c9_sim,199,4.963,86.596,12.226,27.083,0.019,130.888
2026-09-02T09:07:11.958656+07:00,c9_sim,200,4.536,85.855,10.395,27.131,0.018,127.934
2026-09-02T09:07:12.082759+07:00,c9_sim,201,4.171,85.866,10.360,27.051,0.019,127.467
2026-09-02T09:07:12.207714+07:00,c9_sim,202,3.652,85.746,11.299,27.130,0.017,127.843
2026-09-02T09:07:12.331291+07:00,c9_sim,203,5.173,85.595,10.280,26.910,0.018,127.976
2026-09-02T09:07:12.453922+07:00,c9_sim,204,5.253,85.929,9.113,26.811,0.015,127.122
2026-09-02T09:07:12.577622+07:00,c9_sim,205,4.490,85.758,10.403,26.746,0.020,127.417
2026-09-02T09:07:12.748605+07:00,c8_sim,57,3.797,158.397,11.710,0.003,0.066,173.974
2026-09-02T09:07:12.784485+07:00,c9_sim,206,4.052,158.397,8.189,26.707,0.017,197.362
2026-09-02T09:07:12.955272+07:00,c8_sim,58,4.867,159.527,10.397,0.003,0.076,174.870
2026-09-02T09:07:12.991974+07:00,c9_sim,207,4.225,159.527,8.265,27.030,0.023,199.070
2026-09-02T09:07:13.163278+07:00,c8_sim,59,4.963,158.222,12.130,0.004,0.096,175.415
2026-09-02T09:07:13.200095+07:00,c9_sim,208,3.898,158.222,9.033,26.631,0.016,197.800
2026-09-02T09:07:13.371152+07:00,c8_sim,60,5.224,158.824,11.369,0.004,0.020,175.442
2026-09-02T09:07:13.408120+07:00,c9_sim,209,5.581,158.824,8.805,26.901,0.017,200.128
2026-09-02T09:07:13.581956+07:00,c8_sim,61,6.682,159.870,13.079,0.003,0.071,179.705
2026-09-02T09:07:13.618665+07:00,c9_sim,210,5.056,159.870,8.763,26.746,0.017,200.452
2026-09-02T09:07:13.792593+07:00,c8_sim,62,6.934,159.504,13.557,0.004,0.021,180.021
2026-09-02T09:07:13.830397+07:00,c9_sim,211,4.500,159.504,9.454,26.909,0.017,200.384
2026-09-02T09:07:14.003420+07:00,c8_sim,63,4.932,160.070,12.117,0.003,0.013,177.135
2026-09-02T09:07:14.040699+07:00,c9_sim,212,4.026,160.070,9.148,26.754,0.016,200.014
2026-09-02T09:07:14.216384+07:00,c8_sim,64,7.021,159.782,15.060,0.005,0.017,181.884
2026-09-02T09:07:14.253422+07:00,c9_sim,213,4.675,159.782,9.298,26.753,0.016,200.524
2026-09-02T09:07:14.428922+07:00,c8_sim,65,5.303,159.522,12.600,0.004,0.511,177.940
2026-09-02T09:07:14.465778+07:00,c9_sim,214,3.993,159.522,8.938,26.580,0.023,199.056
2026-09-02T09:07:14.638817+07:00,c8_sim,66,7.106,161.838,9.884,0.003,0.015,178.846
2026-09-02T09:07:14.696081+07:00,c9_sim,215,5.824,161.838,12.221,43.377,0.027,223.287
2026-09-02T09:07:14.877833+07:00,c8_sim,67,8.923,171.827,8.944,0.007,0.072,189.774
2026-09-02T09:07:14.912963+07:00,c9_sim,216,5.084,171.827,7.040,27.241,0.017,211.210
2026-09-02T09:07:15.087202+07:00,c8_sim,68,5.799,159.678,13.717,0.003,0.010,179.208
2026-09-02T09:07:15.124069+07:00,c9_sim,217,4.829,159.678,9.074,26.856,0.017,200.454
2026-09-02T09:07:15.300090+07:00,c8_sim,69,6.623,160.991,14.154,0.005,0.017,181.789
2026-09-02T09:07:15.339121+07:00,c9_sim,218,4.336,160.991,10.326,27.357,0.016,203.025
2026-09-02T09:07:15.515506+07:00,c8_sim,70,5.221,159.563,15.955,0.004,0.011,180.755
2026-09-02T09:07:15.553039+07:00,c9_sim,219,4.085,159.563,9.375,26.959,0.016,199.999
2026-09-02T09:07:15.727664+07:00,c8_sim,71,7.243,161.302,12.513,0.003,0.012,181.073
2026-09-02T09:07:15.765610+07:00,c9_sim,220,3.999,161.302,9.910,26.787,0.018,202.016
2026-09-02T09:07:15.939660+07:00,c8_sim,72,7.693,159.969,13.313,0.000,0.009,180.985
2026-09-02T09:07:15.976746+07:00,c9_sim,221,5.027,159.969,9.376,26.755,0.017,201.143
2026-09-02T09:07:16.178161+07:00,c8_sim,73,6.286,159.185,13.824,27.541,0.057,206.892
2026-09-02T09:07:16.215383+07:00,c9_sim,222,4.796,159.185,9.900,26.737,0.018,200.635
2026-09-02T09:07:16.388016+07:00,c8_sim,74,7.872,159.953,11.880,0.003,0.012,179.720
2026-09-02T09:07:16.425367+07:00,c9_sim,223,5.057,159.953,8.784,27.272,0.015,201.080
2026-09-02T09:07:16.598908+07:00,c8_sim,75,5.801,159.764,12.799,0.003,0.124,178.491
2026-09-02T09:07:16.637074+07:00,c9_sim,224,4.299,159.764,10.166,26.777,0.017,201.024
2026-09-02T09:07:16.812807+07:00,c8_sim,76,6.563,159.322,15.482,0.005,0.172,181.544
2026-09-02T09:07:16.852229+07:00,c9_sim,225,4.404,159.322,10.863,27.109,0.017,201.715
2026-09-02T09:07:17.024849+07:00,c8_sim,77,6.186,159.547,12.093,0.003,0.138,177.968
2026-09-02T09:07:17.062599+07:00,c9_sim,226,4.477,159.547,9.451,27.057,0.016,200.548
2026-09-02T09:07:17.240924+07:00,c8_sim,78,6.513,162.822,14.594,0.003,0.122,184.054
2026-09-02T09:07:17.279985+07:00,c9_sim,227,5.384,162.822,10.703,26.975,0.017,205.901
2026-09-02T09:07:17.478974+07:00,c8_sim,79,7.865,159.236,11.450,27.492,0.013,206.056
2026-09-02T09:07:17.516631+07:00,c9_sim,228,5.065,159.236,10.385,26.668,0.022,201.375
2026-09-02T09:07:17.716845+07:00,c8_sim,80,5.166,159.335,12.232,27.827,0.013,204.574
2026-09-02T09:07:17.753758+07:00,c9_sim,229,4.520,159.335,9.781,26.582,0.017,200.235
2026-09-02T09:07:17.952849+07:00,c8_sim,81,7.202,158.442,11.998,27.422,0.014,205.077
2026-09-02T09:07:17.990213+07:00,c9_sim,230,3.791,158.442,9.953,26.823,0.016,199.026
2026-09-02T09:07:18.189751+07:00,c8_sim,82,15.299,158.148,13.139,27.341,0.013,213.940
2026-09-02T09:07:18.226951+07:00,c9_sim,231,3.980,158.148,9.547,26.837,0.016,198.527
2026-09-02T09:07:18.401517+07:00,c8_sim,83,5.122,160.185,13.571,0.004,0.013,178.896
2026-09-02T09:07:18.440214+07:00,c9_sim,232,3.941,160.185,10.477,26.969,0.020,201.592
2026-09-02T09:07:18.642276+07:00,c8_sim,84,4.164,161.183,12.233,27.270,0.013,204.862
2026-09-02T09:07:18.679856+07:00,c9_sim,233,5.569,161.183,10.086,26.894,0.017,203.747
2026-09-02T09:07:18.882565+07:00,c8_sim,85,4.879,159.272,15.161,27.459,0.013,206.785
2026-09-02T09:07:18.920225+07:00,c9_sim,234,4.292,159.272,10.374,26.687,0.016,200.641
2026-09-02T09:07:19.221122+07:00,c8_sim,86,6.551,264.269,8.457,27.408,0.017,306.701
2026-09-02T09:07:19.256385+07:00,c9_sim,235,4.426,264.269,8.303,26.438,0.016,303.452
2026-09-02T09:07:19.256467+07:00,c10_sim,1,3.340,264.269,0.000,0.000,0.002,267.611
2026-09-02T09:07:19.522423+07:00,c8_sim,87,7.361,232.425,6.115,26.779,0.011,272.690
2026-09-02T09:07:19.555525+07:00,c9_sim,236,3.973,232.425,5.888,26.672,0.012,268.970
2026-09-02T09:07:19.555592+07:00,c10_sim,2,5.935,232.425,0.000,0.000,0.001,238.361
2026-09-02T09:07:19.819026+07:00,c8_sim,88,6.098,230.185,5.970,26.663,0.008,268.924
2026-09-02T09:07:19.852290+07:00,c9_sim,237,4.338,230.185,6.197,26.583,0.016,267.320
2026-09-02T09:07:19.852370+07:00,c10_sim,3,3.902,230.185,0.000,0.000,0.001,234.089
2026-09-02T09:07:20.116973+07:00,c8_sim,89,8.833,231.370,6.016,26.607,0.010,272.836
2026-09-02T09:07:20.150168+07:00,c9_sim,238,3.910,231.370,6.146,26.536,0.013,267.975
2026-09-02T09:07:20.150229+07:00,c10_sim,4,3.507,231.370,0.000,0.000,0.001,234.878
2026-09-02T09:07:20.414240+07:00,c8_sim,90,5.142,230.471,6.206,26.745,0.008,268.573
2026-09-02T09:07:20.447073+07:00,c9_sim,239,5.671,230.471,6.111,26.188,0.012,268.454
2026-09-02T09:07:20.447128+07:00,c10_sim,5,4.798,230.471,0.000,0.000,0.001,235.270
2026-09-02T09:07:20.711792+07:00,c8_sim,91,7.289,231.101,6.109,26.842,0.009,271.350
2026-09-02T09:07:20.745571+07:00,c9_sim,240,4.474,231.101,6.562,26.688,0.014,268.840
2026-09-02T09:07:20.745677+07:00,c10_sim,6,3.402,231.101,0.000,0.000,0.001,234.505
2026-09-02T09:07:21.010154+07:00,c8_sim,92,8.731,230.811,6.342,26.693,0.012,272.589
2026-09-02T09:07:21.043497+07:00,c9_sim,241,4.469,230.811,5.931,26.853,0.014,268.079
2026-09-02T09:07:21.073296+07:00,c10_sim,7,3.288,230.811,2.529,26.757,0.030,263.415
2026-09-02T09:07:21.337965+07:00,c8_sim,93,5.739,231.312,6.094,26.628,0.008,269.781
2026-09-02T09:07:21.371132+07:00,c9_sim,242,3.844,231.312,6.050,26.623,0.012,267.840
2026-09-02T09:07:21.404113+07:00,c10_sim,8,3.318,231.312,6.077,26.435,0.005,267.148
2026-09-02T09:07:21.669245+07:00,c8_sim,94,7.439,230.300,6.358,27.885,0.010,271.992
2026-09-02T09:07:21.702820+07:00,c9_sim,243,4.136,230.300,6.614,26.441,0.013,267.504
2026-09-02T09:07:21.736047+07:00,c10_sim,9,3.078,230.300,6.243,26.432,0.009,266.062
2026-09-02T09:07:22.001037+07:00,c8_sim,95,5.263,230.916,6.378,26.645,0.027,269.229
2026-09-02T09:07:22.035144+07:00,c9_sim,244,4.291,230.916,6.682,26.858,0.014,268.761
2026-09-02T09:07:22.069491+07:00,c10_sim,10,3.175,230.916,7.008,26.800,0.011,267.910
2026-09-02T09:07:22.355484+07:00,c8_sim,96,7.146,237.415,20.276,27.509,0.024,292.370
2026-09-02T09:07:22.396859+07:00,c9_sim,245,4.848,237.415,13.481,27.244,0.018,283.006
2026-09-02T09:07:22.433887+07:00,c10_sim,11,3.194,237.415,9.304,26.927,0.012,276.852
2026-09-02T09:07:22.719007+07:00,c8_sim,97,6.653,237.786,18.837,27.672,0.020,290.967
2026-09-02T09:07:22.760271+07:00,c9_sim,246,4.863,237.786,13.302,27.365,0.018,283.334
2026-09-02T09:07:22.824615+07:00,c10_sim,12,3.115,237.786,9.625,53.896,0.037,304.458
2026-09-02T09:07:23.107401+07:00,c8_sim,98,6.344,235.995,18.556,27.493,0.020,288.408
2026-09-02T09:07:23.147508+07:00,c9_sim,247,4.396,235.995,12.070,27.462,0.014,279.937
2026-09-02T09:07:23.212228+07:00,c10_sim,13,3.074,235.995,10.838,53.037,0.044,302.987
2026-09-02T09:07:23.501962+07:00,c8_sim,99,7.115,241.585,19.662,27.631,0.032,296.025
2026-09-02T09:07:23.547075+07:00,c9_sim,248,3.883,241.585,15.384,28.963,0.021,289.834
2026-09-02T09:07:23.608811+07:00,c10_sim,14,3.052,241.585,8.144,52.760,0.014,305.555
2026-09-02T09:07:23.894490+07:00,c8_sim,100,5.033,237.258,19.918,27.663,0.020,289.892
2026-09-02T09:07:23.934890+07:00,c9_sim,249,3.831,237.258,12.724,27.063,0.018,280.893
2026-09-02T09:07:23.997347+07:00,c10_sim,15,3.235,237.258,8.744,52.912,0.014,302.162
2026-09-02T09:07:24.281518+07:00,c8_sim,101,6.952,237.281,18.598,27.533,0.019,290.383
2026-09-02T09:07:24.320753+07:00,c9_sim,250,4.425,237.281,11.433,27.189,0.015,280.343
2026-09-02T09:07:24.384978+07:00,c10_sim,16,3.362,237.281,10.414,53.052,0.012,304.122
2026-09-02T09:07:24.671616+07:00,c8_sim,102,8.977,240.359,18.172,27.327,0.018,294.853
2026-09-02T09:07:24.712211+07:00,c9_sim,251,5.719,240.359,12.743,27.266,0.016,286.102
2026-09-02T09:07:24.777433+07:00,c10_sim,17,3.186,240.359,11.277,53.148,0.013,307.982
2026-09-02T09:07:25.063232+07:00,c8_sim,103,5.770,239.556,18.156,27.284,0.019,290.785
2026-09-02T09:07:25.103082+07:00,c9_sim,252,4.996,239.556,11.997,27.234,0.016,283.800
2026-09-02T09:07:25.167079+07:00,c10_sim,18,3.299,239.556,10.117,53.079,0.014,306.066
2026-09-02T09:07:25.452859+07:00,c8_sim,104,8.357,238.841,18.641,27.452,0.018,293.310
2026-09-02T09:07:25.494464+07:00,c9_sim,253,4.384,238.841,13.886,27.146,0.017,284.274
2026-09-02T09:07:25.558212+07:00,c10_sim,19,3.135,238.841,9.430,53.493,0.041,304.941
2026-09-02T09:07:25.843727+07:00,c8_sim,105,5.236,238.343,18.583,27.723,0.019,289.904
2026-09-02T09:07:25.884175+07:00,c9_sim,254,4.016,238.343,12.557,27.263,0.017,282.197
2026-09-02T09:07:25.947251+07:00,c10_sim,20,3.153,238.343,9.478,52.799,0.013,303.786
2026-09-02T09:07:26.231851+07:00,c8_sim,106,8.263,237.427,18.643,27.725,0.020,292.078
2026-09-02T09:07:26.272264+07:00,c9_sim,255,3.964,237.427,12.525,27.259,0.016,281.191
2026-09-02T09:07:26.337344+07:00,c10_sim,21,3.223,237.427,11.252,53.050,0.014,304.965
2026-09-02T09:07:26.603990+07:00,c8_sim,107,7.974,232.682,6.739,26.539,0.019,273.953
2026-09-02T09:07:26.639291+07:00,c9_sim,256,5.040,232.682,7.954,26.758,0.016,272.450
2026-09-02T09:07:26.706186+07:00,c10_sim,22,3.620,232.682,11.849,54.283,0.015,302.449
2026-09-02T09:07:26.995268+07:00,c8_sim,108,5.425,242.442,18.345,27.445,0.018,293.674
2026-09-02T09:07:27.035390+07:00,c9_sim,257,4.924,242.442,12.354,27.156,0.020,286.895
2026-09-02T09:07:27.099300+07:00,c10_sim,23,3.159,242.442,10.190,52.876,0.051,308.718
2026-09-02T09:07:27.476602+07:00,c8_sim,109,8.584,335.178,10.595,30.754,0.021,385.132
2026-09-02T09:07:27.476683+07:00,c9_sim,258,5.362,335.178,0.000,0.000,0.003,340.544
2026-09-02T09:07:27.539891+07:00,c10_sim,24,3.279,335.178,9.402,53.069,0.021,400.950
2026-09-02T09:07:27.570752+07:00,c12_sim,1,2.886,335.178,3.690,26.556,0.033,368.344
2026-09-02T09:07:27.855623+07:00,c8_sim,110,5.537,237.322,19.165,27.628,0.020,289.672
2026-09-02T09:07:27.921587+07:00,c10_sim,25,27.951,237.322,11.728,53.352,0.022,330.374
2026-09-02T09:07:27.957816+07:00,c12_sim,2,2.861,237.322,8.951,26.702,0.011,275.846
2026-09-02T09:07:28.238200+07:00,c8_sim,111,7.188,235.235,17.114,27.296,0.019,286.852
2026-09-02T09:07:28.304785+07:00,c10_sim,26,9.316,235.235,12.631,53.200,0.021,310.403
2026-09-02T09:07:28.340178+07:00,c12_sim,3,3.764,235.235,8.126,26.766,0.013,273.904
2026-09-02T09:07:28.610417+07:00,c8_sim,112,7.663,233.618,9.260,26.647,0.029,277.218
2026-09-02T09:07:28.677978+07:00,c10_sim,27,4.543,233.618,12.942,53.764,0.022,304.889
2026-09-02T09:07:28.716859+07:00,c12_sim,4,3.975,233.618,11.396,26.888,0.012,275.889
2026-09-02T09:07:29.002689+07:00,c8_sim,113,6.066,238.201,19.453,27.421,0.023,291.163
2026-09-02T09:07:29.069523+07:00,c10_sim,28,7.634,238.201,12.657,53.319,0.023,311.834
2026-09-02T09:07:29.107097+07:00,c12_sim,5,6.132,238.201,10.196,26.639,0.013,281.181
2026-09-02T09:07:29.393109+07:00,c8_sim,114,6.655,239.707,18.066,27.499,0.018,291.946
2026-09-02T09:07:29.460760+07:00,c10_sim,29,4.729,239.707,13.144,53.653,0.019,311.252
2026-09-02T09:07:29.523380+07:00,c12_sim,6,6.803,239.707,9.020,52.787,0.039,308.356
2026-09-02T09:07:29.811179+07:00,c8_sim,115,5.477,240.739,18.524,27.774,0.022,292.536
2026-09-02T09:07:29.879034+07:00,c10_sim,30,5.368,240.739,13.365,53.586,0.024,313.081
2026-09-02T09:07:29.941422+07:00,c12_sim,7,4.791,240.739,8.772,52.722,0.032,307.056
2026-09-02T09:07:30.225969+07:00,c8_sim,116,6.406,237.460,18.574,27.653,0.018,290.111
2026-09-02T09:07:30.293837+07:00,c10_sim,31,8.119,237.460,13.485,53.510,0.020,312.593
2026-09-02T09:07:30.357511+07:00,c12_sim,8,6.275,237.460,9.503,53.375,0.032,306.645
2026-09-02T09:07:30.637092+07:00,c8_sim,117,7.900,236.270,16.088,26.436,0.030,286.723
2026-09-02T09:07:30.704998+07:00,c10_sim,32,4.531,236.270,13.493,53.362,0.086,307.742
2026-09-02T09:07:30.743481+07:00,c12_sim,9,9.064,236.270,10.922,26.932,0.014,283.203
2026-09-02T09:07:31.024551+07:00,c8_sim,118,4.603,240.192,12.822,27.366,0.021,285.004
2026-09-02T09:07:31.087912+07:00,c10_sim,33,7.395,240.192,9.176,53.343,0.020,310.126
2026-09-02T09:07:31.123138+07:00,c12_sim,10,4.019,240.192,8.073,26.578,0.012,278.873
2026-09-02T09:07:31.408209+07:00,c8_sim,119,6.332,237.992,18.835,27.443,0.020,290.623
2026-09-02T09:07:31.475645+07:00,c10_sim,34,6.647,237.992,12.400,54.127,0.070,311.237
2026-09-02T09:07:31.512418+07:00,c12_sim,11,5.331,237.992,9.477,26.715,0.013,279.527
2026-09-02T09:07:31.869634+07:00,c8_sim,120,8.155,310.239,18.829,27.365,0.022,364.610
2026-09-02T09:07:31.934400+07:00,c10_sim,35,3.991,310.239,10.312,53.535,0.019,378.095
2026-09-02T09:07:31.965779+07:00,c11_sim,1,7.081,310.239,3.958,26.829,0.034,348.142
2026-09-02T09:07:32.002210+07:00,c12_sim,12,4.710,310.239,9.213,26.658,0.013,350.833
2026-09-02T09:07:32.332067+07:00,c8_sim,121,5.340,309.489,19.681,0.005,0.019,334.533
2026-09-02T09:07:32.400070+07:00,c10_sim,36,7.209,309.489,12.402,53.887,0.022,383.009
2026-09-02T09:07:32.438672+07:00,c11_sim,2,4.741,309.489,11.043,26.976,0.010,352.259
2026-09-02T09:07:32.474605+07:00,c12_sim,13,4.397,309.489,8.781,26.593,0.014,349.274
2026-09-02T09:07:32.804555+07:00,c8_sim,122,8.700,311.099,18.180,0.004,0.021,338.003
2026-09-02T09:07:32.873563+07:00,c10_sim,37,5.857,311.099,13.524,53.770,0.089,384.338
2026-09-02T09:07:32.910524+07:00,c11_sim,3,7.188,311.099,9.520,26.931,0.012,354.749
2026-09-02T09:07:32.946536+07:00,c12_sim,14,4.768,311.099,8.856,26.604,0.011,351.337
2026-09-02T09:07:33.304262+07:00,c8_sim,123,5.265,309.612,18.846,27.500,0.022,361.244
2026-09-02T09:07:33.370530+07:00,c10_sim,38,5.174,309.612,10.388,53.367,0.121,378.661
2026-09-02T09:07:33.378578+07:00,c11_sim,4,9.371,309.612,7.506,0.002,0.008,326.498
2026-09-02T09:07:33.412556+07:00,c12_sim,15,5.364,309.612,6.210,27.122,0.025,348.333
2026-09-02T09:07:33.778292+07:00,c8_sim,124,5.760,315.763,21.350,27.655,0.029,370.557
2026-09-02T09:07:33.818069+07:00,c10_sim,39,7.039,315.763,11.975,27.033,0.017,361.827
2026-09-02T09:07:33.854660+07:00,c11_sim,5,6.620,315.763,9.398,26.618,0.040,358.439
2026-09-02T09:07:33.890630+07:00,c12_sim,16,5.275,315.763,8.867,26.592,0.011,356.508
2026-09-02T09:07:34.242839+07:00,c8_sim,125,7.794,311.191,13.491,26.871,0.020,359.366
2026-09-02T09:07:34.280686+07:00,c10_sim,40,4.819,311.191,9.946,27.109,0.016,353.080
2026-09-02T09:07:34.317837+07:00,c11_sim,6,5.168,311.191,9.466,26.710,0.014,352.549
2026-09-02T09:07:34.353958+07:00,c12_sim,17,6.256,311.191,8.646,26.946,0.012,353.051
2026-09-02T09:07:34.660413+07:00,c8_sim,126,7.347,306.337,0.000,0.000,0.006,313.690
2026-09-02T09:07:34.694257+07:00,c10_sim,41,7.554,306.337,6.327,26.795,0.015,347.029
2026-09-02T09:07:34.726763+07:00,c11_sim,7,6.966,306.337,5.973,26.036,0.007,345.320
2026-09-02T09:07:34.759471+07:00,c12_sim,18,4.539,306.337,5.760,26.521,0.010,343.167
2026-09-02T09:07:35.063289+07:00,c8_sim,127,6.963,303.716,0.000,0.000,0.006,310.686
2026-09-02T09:07:35.123123+07:00,c10_sim,42,9.445,303.716,6.251,52.843,0.020,372.275
2026-09-02T09:07:35.157834+07:00,c11_sim,8,9.900,303.716,7.650,26.541,0.012,347.818
2026-09-02T09:07:35.192352+07:00,c12_sim,19,5.264,303.716,7.154,26.807,0.012,342.953
2026-09-02T09:07:35.497029+07:00,c8_sim,128,7.524,304.564,0.000,0.000,0.005,312.094
2026-09-02T09:07:35.556646+07:00,c10_sim,43,4.659,304.564,6.293,52.598,0.019,368.133
2026-09-02T09:07:35.591737+07:00,c11_sim,9,6.866,304.564,7.873,26.696,0.012,346.011
2026-09-02T09:07:35.628732+07:00,c12_sim,20,6.798,304.564,9.755,26.717,0.015,347.849
2026-09-02T09:07:35.946779+07:00,c10_sim,44,7.071,243.600,19.331,54.144,0.024,324.171
2026-09-02T09:07:35.984394+07:00,c11_sim,10,4.326,243.600,10.055,26.933,0.013,284.927
2026-09-02T09:07:36.020725+07:00,c12_sim,21,4.193,243.600,8.967,26.815,0.012,283.587
2026-09-02T09:07:36.305023+07:00,c10_sim,45,5.640,237.277,18.396,27.712,0.018,289.043
2026-09-02T09:07:36.342394+07:00,c11_sim,11,7.399,237.277,10.047,26.687,0.013,281.423
2026-09-02T09:07:36.379333+07:00,c12_sim,22,5.468,237.277,9.500,26.896,0.017,279.158
2026-09-02T09:07:36.673582+07:00,c10_sim,46,5.023,241.743,20.496,30.975,0.034,298.271
2026-09-02T09:07:36.711727+07:00,c11_sim,12,9.595,241.743,10.224,26.964,0.033,288.559
2026-09-02T09:07:36.747705+07:00,c12_sim,23,7.001,241.743,8.101,26.848,0.172,283.866
2026-09-02T09:07:37.033750+07:00,c10_sim,47,9.980,237.308,19.410,28.322,0.108,295.127
2026-09-02T09:07:37.073076+07:00,c11_sim,13,7.249,237.308,11.520,27.163,0.032,283.272
2026-09-02T09:07:37.108899+07:00,c12_sim,24,4.228,237.308,8.778,26.494,0.017,276.824
2026-09-02T09:07:37.394992+07:00,c10_sim,48,4.511,237.681,19.336,28.114,0.022,289.665
2026-09-02T09:07:37.435031+07:00,c11_sim,14,4.200,237.681,12.271,27.116,0.032,281.300
2026-09-02T09:07:37.435110+07:00,c12_sim,25,4.829,237.681,0.000,0.000,0.003,242.514
2026-09-02T09:07:37.722444+07:00,c10_sim,49,6.360,239.401,19.089,27.872,0.020,292.742
2026-09-02T09:07:37.761788+07:00,c11_sim,15,7.070,239.401,11.765,26.979,0.012,285.226
2026-09-02T09:07:37.774049+07:00,c12_sim,26,7.625,239.401,11.667,0.000,0.006,258.698
2026-09-02T09:07:38.058397+07:00,c10_sim,50,7.913,238.672,16.989,27.815,0.021,291.410
2026-09-02T09:07:38.095610+07:00,c11_sim,16,9.196,238.672,9.875,26.710,0.014,284.467
2026-09-02T09:07:38.132720+07:00,c12_sim,27,4.472,238.672,9.417,27.053,0.084,279.698
2026-09-02T09:07:38.419183+07:00,c10_sim,51,4.539,238.626,19.475,27.431,0.021,290.092
2026-09-02T09:07:38.459118+07:00,c11_sim,17,5.401,238.626,12.251,27.024,0.036,283.338
2026-09-02T09:07:38.497334+07:00,c12_sim,28,5.800,238.626,10.548,27.087,0.046,282.107
2026-09-02T09:07:38.782439+07:00,c10_sim,52,6.456,238.079,18.213,27.902,0.019,290.668
2026-09-02T09:07:38.821719+07:00,c11_sim,18,3.841,238.079,11.639,27.013,0.018,280.591
2026-09-02T09:07:38.859481+07:00,c12_sim,29,6.183,238.079,10.095,27.074,0.049,281.481
2026-09-02T09:07:39.145754+07:00,c10_sim,53,8.090,238.396,19.047,27.879,0.021,293.433
2026-09-02T09:07:39.186122+07:00,c11_sim,19,8.779,238.396,12.688,27.074,0.038,286.976
2026-09-02T09:07:39.223798+07:00,c12_sim,30,4.067,238.396,10.051,26.997,0.051,279.563
2026-09-02T09:07:39.467935+07:00,c10_sim,54,5.192,235.231,8.277,0.002,0.009,248.712
2026-09-02T09:07:39.502459+07:00,c11_sim,20,9.301,235.231,6.734,26.707,0.011,277.984
2026-09-02T09:07:39.509310+07:00,c12_sim,31,6.871,235.231,6.376,0.001,0.005,248.484
2026-09-02T09:07:39.685655+07:00,c10_sim,55,3.848,161.497,13.984,0.005,0.017,179.350
2026-09-02T09:07:39.726172+07:00,c11_sim,21,5.437,161.497,12.349,26.955,0.020,206.258
2026-09-02T09:07:39.905701+07:00,c10_sim,56,4.941,163.971,14.893,0.004,0.017,183.826
2026-09-02T09:07:39.945196+07:00,c11_sim,22,4.646,163.971,11.232,26.922,0.015,206.786
2026-09-02T09:07:40.121791+07:00,c10_sim,57,6.595,160.454,15.213,0.005,0.013,182.280
2026-09-02T09:07:40.158417+07:00,c11_sim,23,7.787,160.454,8.783,26.795,0.035,203.854
2026-09-02T09:07:40.334593+07:00,c10_sim,58,7.790,159.681,15.601,0.005,0.017,183.094
2026-09-02T09:07:40.374215+07:00,c11_sim,24,6.069,159.681,11.269,26.974,0.036,204.030
2026-09-02T09:07:40.503582+07:00,c11_sim,25,5.430,91.930,10.033,26.797,0.017,134.208
2026-09-02T09:07:40.627649+07:00,c11_sim,26,4.555,85.829,10.723,26.850,0.023,127.980
2026-09-02T09:07:40.752645+07:00,c11_sim,27,4.873,86.520,11.170,26.663,0.019,129.246
2026-09-02T09:07:40.878247+07:00,c11_sim,28,3.181,86.566,11.297,27.078,0.020,128.142
2026-09-02T09:07:41.003080+07:00,c11_sim,29,3.144,86.308,10.862,27.008,0.019,127.341
2026-09-02T09:07:41.127153+07:00,c11_sim,30,3.385,86.109,10.312,26.993,0.019,126.817
2026-09-02T09:07:41.251234+07:00,c11_sim,31,3.225,86.313,10.460,26.627,0.017,126.643
2026-09-02T09:07:41.374559+07:00,c11_sim,32,3.126,85.442,10.413,26.844,0.016,125.840
2026-09-02T09:07:41.499430+07:00,c11_sim,33,4.217,86.815,10.504,26.887,0.037,128.460
2026-09-02T09:07:41.625642+07:00,c11_sim,34,3.263,86.671,11.661,27.137,0.059,128.790
2026-09-02T09:07:41.750477+07:00,c11_sim,35,3.314,86.651,10.762,26.757,0.034,127.517
2026-09-02T09:07:41.874895+07:00,c11_sim,36,4.345,86.252,10.474,27.067,0.019,128.156
2026-09-02T09:07:41.997769+07:00,c11_sim,37,6.488,85.581,9.572,27.110,0.017,128.768
2026-09-02T09:07:42.120317+07:00,c11_sim,38,8.586,85.341,9.855,26.750,0.019,130.550
2026-09-02T09:07:42.244415+07:00,c11_sim,39,5.848,85.707,11.085,26.651,0.018,129.309
2026-09-02T09:07:42.369352+07:00,c11_sim,40,4.622,86.298,11.164,26.833,0.017,128.934
2026-09-02T09:07:42.494475+07:00,c11_sim,41,7.442,86.161,11.225,27.119,0.019,131.966
2026-09-02T09:07:42.618980+07:00,c11_sim,42,5.958,85.964,10.764,27.110,0.018,129.814
2026-09-02T09:07:42.742870+07:00,c11_sim,43,5.016,86.097,10.415,26.713,0.019,128.260
2026-09-02T09:07:42.867997+07:00,c11_sim,44,8.253,86.390,11.097,26.970,0.018,132.727
2026-09-02T09:07:42.992892+07:00,c11_sim,45,9.937,86.597,10.793,26.863,0.018,134.208
2026-09-02T09:07:43.116845+07:00,c11_sim,46,4.633,86.112,10.112,27.099,0.018,127.974
2026-09-02T09:07:43.241437+07:00,c11_sim,47,6.372,86.118,10.942,26.836,0.019,130.286
2026-09-02T09:07:43.365111+07:00,c11_sim,48,6.739,85.592,10.511,26.937,0.017,129.796
2026-09-02T09:07:43.488596+07:00,c11_sim,49,5.226,85.424,10.604,26.817,0.017,128.088
2026-09-02T09:07:43.611374+07:00,c11_sim,50,5.629,85.538,9.865,26.777,0.017,127.827
2026-09-02T09:07:43.735292+07:00,c11_sim,51,6.877,85.365,10.965,26.893,0.039,130.139
2026-09-02T09:07:43.861669+07:00,c11_sim,52,6.309,86.339,11.743,27.637,0.017,132.044
2026-09-02T09:07:43.987382+07:00,c11_sim,53,9.634,86.569,11.472,26.917,0.020,134.611
2026-09-02T09:07:44.112815+07:00,c11_sim,54,6.480,86.502,11.177,27.085,0.018,131.262
2026-09-02T09:07:44.238261+07:00,c11_sim,55,5.909,86.621,11.304,26.915,0.018,130.767
2026-09-02T09:07:44.362740+07:00,c11_sim,56,6.768,86.705,10.283,26.870,0.018,130.644
2026-09-02T09:07:44.487669+07:00,c11_sim,57,4.617,86.255,10.918,27.103,0.017,128.911
2026-09-02T09:07:44.611110+07:00,c11_sim,58,6.015,85.945,10.073,26.817,0.018,128.868
2026-09-02T09:07:44.735437+07:00,c11_sim,59,7.529,86.217,10.540,26.900,0.019,131.204
2026-09-02T09:07:44.859837+07:00,c11_sim,60,4.590,85.831,10.776,27.192,0.018,128.408
2026-09-02T09:07:44.983968+07:00,c11_sim,61,6.073,85.694,10.792,26.964,0.018,129.540
2026-09-02T09:07:45.107214+07:00,c11_sim,62,6.911,85.522,9.736,27.356,0.022,129.546
2026-09-02T09:07:45.232680+07:00,c11_sim,63,4.921,86.591,10.973,27.033,0.018,129.536
2026-09-02T09:07:45.383538+07:00,c11_sim,64,5.900,86.246,10.618,53.109,0.041,155.913
2026-09-02T09:07:45.535292+07:00,c11_sim,65,6.636,86.294,11.211,53.340,0.021,157.501
2026-09-02T09:07:45.687536+07:00,c11_sim,66,5.686,86.823,11.360,53.139,0.040,157.049
2026-09-02T09:07:45.836294+07:00,c11_sim,67,6.288,85.902,8.812,52.879,0.020,153.900
2026-09-02T09:07:45.985465+07:00,c11_sim,68,3.919,85.430,10.088,52.818,0.041,152.295
2026-09-02T09:07:46.135916+07:00,c11_sim,69,3.480,86.211,10.335,53.024,0.020,153.069
2026-09-02T09:07:46.287499+07:00,c11_sim,70,3.960,86.802,11.135,52.707,0.052,154.656
2026-09-02T09:07:46.438141+07:00,c11_sim,71,5.648,86.113,10.297,53.309,0.042,155.409
2026-09-02T09:07:46.588789+07:00,c11_sim,72,7.714,85.658,10.935,53.110,0.024,157.441
2026-09-02T09:07:46.740244+07:00,c11_sim,73,5.997,86.443,10.885,53.204,0.024,156.552
2026-09-02T09:07:46.892774+07:00,c11_sim,74,5.469,86.809,11.768,53.000,0.022,157.068
2026-09-02T09:07:47.043147+07:00,c11_sim,75,6.899,85.935,10.407,53.173,0.021,156.436
2026-09-02T09:07:47.193958+07:00,c11_sim,76,4.571,86.067,10.708,53.100,0.021,154.467
2026-09-02T09:07:47.346584+07:00,c11_sim,77,4.823,86.237,12.210,53.291,0.024,156.586
2026-09-02T09:07:47.498551+07:00,c11_sim,78,5.285,86.132,12.009,52.932,0.020,156.377
2026-09-02T09:07:47.649648+07:00,c11_sim,79,5.379,86.040,11.198,53.036,0.025,155.678
2026-09-02T09:07:47.803009+07:00,c11_sim,80,6.355,86.466,12.680,53.323,0.050,158.873
2026-09-02T09:07:47.955849+07:00,c11_sim,81,6.598,86.491,12.274,53.149,0.048,158.559
2026-09-02T09:07:48.106185+07:00,c11_sim,82,5.984,86.348,10.148,52.966,0.041,155.486
2026-09-02T09:07:48.255243+07:00,c11_sim,83,6.082,85.888,9.222,53.114,0.023,154.328
2026-09-02T09:07:48.406759+07:00,c11_sim,84,5.491,86.187,11.290,53.160,0.021,156.149
2026-09-02T09:07:48.559021+07:00,c11_sim,85,5.922,85.436,12.940,53.004,0.023,157.326
2026-09-02T09:07:48.710041+07:00,c11_sim,86,6.944,86.144,10.646,53.351,0.023,157.108
2026-09-02T09:07:48.860303+07:00,c11_sim,87,6.619,85.345,10.668,53.362,0.021,156.016
2026-09-02T09:07:49.013051+07:00,c11_sim,88,5.667,86.490,12.041,53.279,0.053,157.529
2026-09-02T09:07:49.163940+07:00,c11_sim,89,5.585,86.352,10.385,53.286,0.024,155.631
2026-09-02T09:07:49.314580+07:00,c11_sim,90,5.366,86.691,10.083,53.006,0.024,155.169
2026-09-02T09:07:49.466449+07:00,c11_sim,91,5.622,86.262,11.284,53.330,0.070,156.568
2026-09-02T09:07:49.619390+07:00,c11_sim,92,5.564,86.439,12.201,53.389,0.042,157.634
2026-09-02T09:07:49.771299+07:00,c11_sim,93,5.031,86.392,11.482,53.131,0.024,156.060
2026-09-02T09:07:49.923822+07:00,c11_sim,94,5.390,86.250,12.053,53.351,0.025,157.068
2026-09-02T09:07:50.074607+07:00,c11_sim,95,5.098,86.065,10.775,53.037,0.027,155.003
2026-09-02T09:07:50.226568+07:00,c11_sim,96,5.075,86.324,11.635,53.096,0.023,156.153
2026-09-02T09:07:50.379066+07:00,c11_sim,97,5.058,86.280,12.058,53.299,0.023,156.719
2026-09-02T09:07:50.531136+07:00,c11_sim,98,4.881,86.477,11.594,53.068,0.023,156.044
2026-09-02T09:07:50.684361+07:00,c11_sim,99,4.916,86.544,12.458,53.318,0.063,157.298
2026-09-02T09:07:50.841154+07:00,c11_sim,100,4.447,87.901,12.524,55.488,0.025,160.385
2026-09-02T09:07:50.997808+07:00,c11_sim,101,4.768,89.357,10.369,56.023,0.022,160.539
2026-09-02T09:07:51.154688+07:00,c11_sim,102,4.609,88.219,11.418,56.343,0.056,160.645
2026-09-02T09:07:51.311167+07:00,c11_sim,103,4.705,87.446,12.574,55.618,0.024,160.367
2026-09-02T09:07:51.464614+07:00,c11_sim,104,4.055,85.718,10.528,56.298,0.057,156.655
2026-09-02T09:07:51.622700+07:00,c11_sim,105,4.432,88.879,11.863,56.346,0.056,161.576
2026-09-02T09:07:51.778299+07:00,c11_sim,106,4.652,87.708,11.063,55.885,0.030,159.337
2026-09-02T09:07:51.935639+07:00,c11_sim,107,5.239,88.270,12.256,55.859,0.032,161.656
2026-09-02T09:07:52.092213+07:00,c11_sim,108,6.224,88.362,11.196,56.101,0.025,161.909
2026-09-02T09:07:52.247226+07:00,c11_sim,109,5.392,87.299,10.935,55.884,0.025,159.536
2026-09-02T09:07:52.404022+07:00,c11_sim,110,6.019,88.148,11.860,55.870,0.027,161.924
2026-09-02T09:07:52.560349+07:00,c11_sim,111,5.507,88.082,11.730,55.592,0.024,160.935
2026-09-02T09:07:52.717452+07:00,c11_sim,112,5.548,88.600,11.853,55.731,0.064,161.796
2026-09-02T09:07:52.874265+07:00,c11_sim,113,6.576,87.538,12.210,56.177,0.025,162.527
2026-09-02T09:07:53.030865+07:00,c11_sim,114,5.957,87.369,11.732,56.618,0.031,161.707
2026-09-02T09:07:53.187123+07:00,c11_sim,115,5.375,87.957,11.545,55.851,0.024,160.753
2026-09-02T09:07:53.344322+07:00,c11_sim,116,5.568,87.711,12.432,56.112,0.023,161.846
2026-09-02T09:07:53.503677+07:00,c11_sim,117,5.491,88.596,13.942,55.903,0.026,163.958
2026-09-02T09:07:53.659503+07:00,c11_sim,118,5.007,87.584,11.863,55.467,0.026,159.947
2026-09-02T09:07:53.814638+07:00,c11_sim,119,5.027,87.308,11.544,55.344,0.025,159.248
2026-09-02T09:07:53.972376+07:00,c11_sim,120,5.010,88.451,12.167,56.193,0.023,161.845
2026-09-02T09:07:54.128607+07:00,c11_sim,121,5.382,87.219,11.933,56.081,0.052,160.668
2026-09-02T09:07:54.285982+07:00,c11_sim,122,5.564,87.705,12.506,56.255,0.034,162.064
2026-09-02T09:07:54.442768+07:00,c11_sim,123,5.113,89.685,11.057,55.249,0.032,161.135
2026-09-02T09:07:54.598406+07:00,c11_sim,124,4.735,88.257,11.648,54.602,0.040,159.282
2026-09-02T09:07:54.756617+07:00,c11_sim,125,4.996,87.892,13.456,55.952,0.026,162.322
2026-09-02T09:07:54.912472+07:00,c11_sim,126,5.639,86.981,12.237,55.772,0.024,160.653
2026-09-02T09:07:55.064478+07:00,c11_sim,127,6.141,87.020,9.560,54.585,0.023,157.330
2026-09-02T09:07:55.217424+07:00,c11_sim,128,5.242,86.636,10.105,55.260,0.025,157.269
2026-09-02T09:07:55.373485+07:00,c11_sim,129,5.149,87.388,11.413,56.309,0.026,160.286
2026-09-02T09:07:55.530128+07:00,c11_sim,130,5.563,87.811,11.992,55.853,0.038,161.256
2026-09-02T09:07:55.685453+07:00,c11_sim,131,6.743,87.506,11.259,55.592,0.024,161.124
2026-09-02T09:07:55.841605+07:00,c11_sim,132,5.663,86.940,12.462,55.870,0.028,160.963
2026-09-02T09:07:55.997041+07:00,c11_sim,133,5.417,86.587,12.363,55.547,0.030,159.944
2026-09-02T09:07:56.151491+07:00,c11_sim,134,4.987,87.994,10.622,55.006,0.022,158.630
2026-09-02T09:07:56.306762+07:00,c11_sim,135,6.179,87.424,11.212,55.723,0.022,160.558
2026-09-02T09:07:56.433631+07:00,c11_sim,136,8.120,86.937,11.860,27.349,0.017,134.283
2026-09-02T09:07:56.562465+07:00,c11_sim,137,5.360,88.712,11.727,27.674,0.084,133.558
2026-09-02T09:07:56.691604+07:00,c11_sim,138,4.988,87.507,11.873,29.096,0.019,133.483
2026-09-02T09:07:56.819850+07:00,c11_sim,139,4.597,87.557,12.184,27.745,0.020,132.102
2026-09-02T09:07:56.948291+07:00,c11_sim,140,5.689,87.964,12.345,27.523,0.020,133.541
2026-09-02T09:07:57.102691+07:00,c11_sim,141,5.614,87.316,11.406,54.882,0.023,159.241
2026-09-02T09:07:57.256819+07:00,c11_sim,142,4.590,86.410,11.486,55.429,0.025,157.941
2026-09-02T09:07:57.412139+07:00,c11_sim,143,4.782,87.508,11.891,55.089,0.030,159.301
2026-09-02T09:07:57.568797+07:00,c11_sim,144,4.972,87.829,12.199,55.811,0.024,160.835
2026-09-02T09:07:57.727056+07:00,c11_sim,145,6.089,88.978,12.529,55.866,0.073,163.536
2026-09-02T09:07:57.880869+07:00,c11_sim,146,5.725,89.194,9.094,54.735,0.023,158.771
2026-09-02T09:07:58.037367+07:00,c11_sim,147,5.105,89.765,10.699,54.987,0.090,160.647
2026-09-02T09:07:58.195427+07:00,c11_sim,148,4.708,89.036,11.546,56.435,0.096,161.821
2026-09-02T09:07:58.353409+07:00,c11_sim,149,4.653,87.983,12.643,56.535,0.024,161.839
2026-09-02T09:07:58.508618+07:00,c11_sim,150,5.885,87.253,10.508,56.658,0.025,160.328
2026-09-02T09:07:58.665085+07:00,c11_sim,151,6.153,88.387,11.069,56.068,0.117,161.795
2026-09-02T09:07:58.822656+07:00,c11_sim,152,5.614,88.345,11.611,56.777,0.025,162.372
2026-09-02T09:07:58.980061+07:00,c11_sim,153,5.044,87.115,12.239,57.183,0.025,161.605
2026-09-02T09:07:59.110678+07:00,c11_sim,154,5.469,88.345,11.963,28.560,0.019,134.358
2026-09-02T09:07:59.268234+07:00,c11_sim,155,6.060,88.410,12.072,56.281,0.023,162.846
2026-09-02T09:07:59.424778+07:00,c11_sim,156,4.861,87.621,11.781,56.330,0.022,160.615
2026-09-02T09:07:59.580099+07:00,c11_sim,157,4.461,86.924,11.011,56.588,0.022,159.005
2026-09-02T09:07:59.710137+07:00,c11_sim,158,4.729,90.325,10.856,28.059,0.021,133.989
2026-09-02T09:07:59.840354+07:00,c11_sim,159,6.242,88.857,11.871,28.709,0.020,135.701
2026-09-02T09:07:59.970342+07:00,c11_sim,160,6.932,88.216,11.880,29.074,0.020,136.122
2026-09-02T09:08:00.102420+07:00,c11_sim,161,4.812,89.797,11.823,29.596,0.023,136.051
2026-09-02T09:08:00.262380+07:00,c11_sim,162,4.673,89.671,12.174,57.315,0.024,163.856
2026-09-02T09:08:00.394777+07:00,c11_sim,163,4.615,88.963,13.669,28.903,0.022,136.173
2026-09-02T09:08:00.496563+07:00,c11_sim,164,5.522,87.861,13.063,0.004,0.015,106.465
2026-09-02T09:08:00.597921+07:00,c11_sim,165,5.385,87.686,12.679,0.003,0.012,105.765
2026-09-02T09:08:00.727841+07:00,c11_sim,166,4.976,89.066,11.383,28.656,0.023,134.105
2026-09-02T09:08:00.831414+07:00,c11_sim,167,4.621,90.077,12.676,0.004,0.016,107.394
2026-09-02T09:08:00.933019+07:00,c11_sim,168,5.852,89.668,11.115,0.003,0.013,106.651
2026-09-02T09:08:01.034548+07:00,c11_sim,169,5.926,90.686,10.061,0.003,0.013,106.689
2026-09-02T09:08:01.132567+07:00,c11_sim,170,4.771,87.318,9.955,0.003,0.012,102.060
2026-09-02T09:08:01.236147+07:00,c11_sim,171,5.042,90.946,11.851,0.004,0.013,107.856
2026-09-02T09:08:01.340144+07:00,c11_sim,172,6.180,90.849,12.281,0.004,0.014,109.327
2026-09-02T09:08:01.473221+07:00,c11_sim,173,7.647,91.460,11.783,28.834,0.019,139.742
2026-09-02T09:08:01.604450+07:00,c11_sim,174,4.998,89.222,12.271,28.865,0.020,135.376
2026-09-02T09:08:01.736884+07:00,c11_sim,175,4.984,90.168,12.085,29.294,0.022,136.552
2026-09-02T09:08:01.869346+07:00,c11_sim,176,5.064,91.079,10.767,29.578,0.019,136.508
2026-09-02T09:08:01.997123+07:00,c11_sim,177,7.829,89.428,10.011,27.573,0.019,134.860
2026-09-02T09:08:02.125227+07:00,c11_sim,178,5.751,88.885,9.769,28.584,0.020,133.008
2026-09-02T09:08:02.225879+07:00,c11_sim,179,5.130,88.930,11.124,0.003,0.011,105.199
2026-09-02T09:08:02.354409+07:00,c11_sim,180,4.631,88.996,11.106,27.468,0.023,132.223
2026-09-02T09:08:02.483787+07:00,c11_sim,181,9.651,89.663,11.037,27.775,0.019,138.145
2026-09-02T09:08:02.584797+07:00,c11_sim,182,5.659,89.845,10.570,0.003,0.013,106.090
2026-09-02T09:08:02.686633+07:00,c11_sim,183,5.606,90.977,10.233,0.003,0.010,106.829
2026-09-02T09:08:02.788711+07:00,c11_sim,184,5.095,91.410,10.080,0.003,0.011,106.599
2026-09-02T09:08:02.887204+07:00,c11_sim,185,8.430,87.217,10.636,0.003,0.013,106.301
2026-09-02T09:08:02.989684+07:00,c11_sim,186,6.205,91.401,10.443,0.003,0.011,108.063
2026-09-02T09:08:03.092766+07:00,c11_sim,187,4.948,91.935,10.396,0.003,0.011,107.292
2026-09-02T09:08:03.193641+07:00,c11_sim,188,5.215,90.334,9.941,0.002,0.010,105.502
2026-09-02T09:08:03.294403+07:00,c11_sim,189,5.578,90.280,9.887,0.003,0.011,105.759
2026-09-02T09:08:03.396031+07:00,c11_sim,190,7.583,90.665,10.362,0.003,0.012,108.626
2026-09-02T09:08:03.498843+07:00,c11_sim,191,5.565,91.042,11.174,0.002,0.010,107.794
2026-09-02T09:08:03.602714+07:00,c11_sim,192,5.320,90.989,12.250,0.003,0.014,108.576
2026-09-02T09:08:03.706673+07:00,c11_sim,193,5.278,91.520,11.833,0.003,0.012,108.646
2026-09-02T09:08:03.811997+07:00,c11_sim,194,6.903,93.576,11.134,0.003,0.012,111.627
2026-09-02T09:08:03.912511+07:00,c11_sim,195,5.621,89.322,10.606,0.002,0.010,105.561
2026-09-02T09:08:04.009665+07:00,c11_sim,196,5.253,86.214,9.175,0.002,0.248,100.892
2026-09-02T09:08:04.111009+07:00,c11_sim,197,4.605,90.402,10.330,0.002,0.021,105.361
2026-09-02T09:08:04.212873+07:00,c11_sim,198,5.966,90.590,10.650,0.003,0.010,107.219
2026-09-02T09:08:04.315552+07:00,c11_sim,199,5.052,90.831,11.233,0.003,0.012,107.131
2026-09-02T09:08:04.412921+07:00,c11_sim,200,5.156,86.520,10.238,0.003,0.012,101.930
2026-09-02T09:08:04.514509+07:00,c11_sim,201,5.052,89.910,11.083,0.002,0.010,106.058
2026-09-02T09:08:04.610972+07:00,c11_sim,202,5.577,85.503,10.342,0.002,0.010,101.434
2026-09-02T09:08:04.710902+07:00,c11_sim,203,6.248,89.727,9.638,0.003,0.011,105.627
2026-09-02T09:08:04.809814+07:00,c11_sim,204,5.108,89.086,9.246,0.002,0.009,103.452
2026-09-02T09:08:04.910135+07:00,c11_sim,205,4.999,90.409,9.341,0.003,0.010,104.762
2026-09-02T09:08:05.009660+07:00,c11_sim,206,4.592,90.406,8.543,0.002,0.010,103.553
2026-09-02T09:08:05.108169+07:00,c11_sim,207,6.033,89.393,8.533,0.002,0.011,103.973
2026-09-02T09:08:05.209256+07:00,c11_sim,208,5.661,90.859,9.671,0.002,0.010,106.204
2026-09-02T09:08:05.331003+07:00,c11_sim,209,5.687,92.916,27.701,0.004,0.016,126.324
2026-09-02T09:08:05.430300+07:00,c11_sim,210,5.071,90.807,7.892,0.003,0.011,103.783
2026-09-02T09:08:05.531669+07:00,c11_sim,211,5.063,92.061,8.709,0.002,0.009,105.844
2026-09-02T09:08:05.631840+07:00,c11_sim,212,4.700,89.078,10.517,0.003,0.011,104.309
2026-09-02T09:08:05.732024+07:00,c11_sim,213,5.333,90.223,9.393,0.003,0.011,104.963
2026-09-02T09:08:05.832933+07:00,c11_sim,214,7.072,90.556,9.786,0.003,0.011,107.428
2026-09-02T09:08:05.934344+07:00,c11_sim,215,5.774,91.071,9.754,0.003,0.011,106.613
2026-09-02T09:08:06.030729+07:00,c11_sim,216,5.543,86.465,9.346,0.002,0.011,101.368
2026-09-02T09:08:06.131171+07:00,c11_sim,217,4.853,90.857,9.017,0.002,0.010,104.740
2026-09-02T09:08:06.227343+07:00,c11_sim,218,5.032,86.749,8.869,0.002,0.009,100.662
2026-09-02T09:08:06.327774+07:00,c11_sim,219,6.117,90.559,9.308,0.002,0.010,105.996
2026-09-02T09:08:06.426532+07:00,c11_sim,220,7.804,88.300,9.818,0.002,0.010,105.935
2026-09-02T09:08:06.526767+07:00,c11_sim,221,5.583,90.489,9.169,0.003,0.010,105.254
2026-09-02T09:08:06.628523+07:00,c11_sim,222,3.217,91.516,9.684,0.003,0.011,104.431
2026-09-02T09:08:06.726708+07:00,c11_sim,223,3.777,89.092,8.532,0.002,0.010,101.413
2026-09-02T09:08:06.828542+07:00,c11_sim,224,6.788,92.128,9.128,0.003,0.009,108.056
2026-09-02T09:08:06.930542+07:00,c11_sim,225,5.784,91.826,9.624,0.003,0.011,107.248
2026-09-02T09:08:07.027763+07:00,c11_sim,226,5.593,87.958,8.695,0.003,0.010,102.259
2026-09-02T09:08:07.128072+07:00,c11_sim,227,4.539,91.227,8.527,0.002,0.009,104.305
2026-09-02T09:08:07.230516+07:00,c11_sim,228,6.623,93.212,8.673,0.003,0.010,108.521
2026-09-02T09:08:07.332350+07:00,c11_sim,229,5.867,91.688,9.589,0.003,0.010,107.157
2026-09-02T09:08:07.429004+07:00,c11_sim,230,5.331,86.366,9.718,0.003,0.010,101.428
2026-09-02T09:08:07.530241+07:00,c11_sim,231,5.172,91.130,9.529,0.003,0.010,105.845
2026-09-02T09:08:07.632963+07:00,c11_sim,232,6.464,91.599,10.267,0.003,0.011,108.344
2026-09-02T09:08:07.728571+07:00,c11_sim,233,5.884,86.412,8.635,0.002,0.009,100.942
2026-09-02T09:08:07.827945+07:00,c11_sim,234,5.588,89.983,8.833,0.002,0.009,104.415
2026-09-02T09:08:07.924032+07:00,c11_sim,235,4.078,86.928,8.509,0.003,0.010,99.528
2026-09-02T09:08:08.025739+07:00,c11_sim,236,4.641,91.613,9.514,0.002,0.010,105.780
2026-09-02T09:08:08.122521+07:00,c11_sim,237,6.217,87.782,8.452,0.002,0.010,102.463
2026-09-02T09:08:08.223420+07:00,c11_sim,238,5.622,90.460,9.869,0.003,0.011,105.966
2026-09-02T09:08:08.319982+07:00,c11_sim,239,6.014,86.364,9.639,0.002,0.011,102.030
2026-09-02T09:08:08.419849+07:00,c11_sim,240,5.972,90.086,9.210,0.003,0.010,105.281
2026-09-02T09:08:08.521103+07:00,c11_sim,241,5.577,91.812,8.801,0.003,0.009,106.202
2026-09-02T09:08:08.617607+07:00,c11_sim,242,5.716,85.740,10.169,0.003,0.010,101.637
2026-09-02T09:08:08.718992+07:00,c11_sim,243,4.402,91.071,9.752,0.003,0.010,105.238
2026-09-02T09:08:08.816872+07:00,c11_sim,244,3.625,87.780,9.523,0.002,0.010,100.940
2026-09-02T09:08:08.918169+07:00,c11_sim,245,5.281,90.937,9.337,0.002,0.010,105.567
2026-09-02T09:08:09.018745+07:00,c11_sim,246,5.075,90.875,9.141,0.003,0.010,105.103
2026-09-02T09:08:09.116491+07:00,c11_sim,247,5.019,88.809,8.362,0.003,0.010,102.202
2026-09-02T09:08:09.217251+07:00,c11_sim,248,5.546,90.378,9.788,0.003,0.010,105.724
2026-09-02T09:08:09.318977+07:00,c11_sim,249,5.102,91.848,9.333,0.002,0.010,106.296
2026-09-02T09:08:09.415663+07:00,c11_sim,250,6.546,86.525,9.576,0.003,0.011,102.660
2026-09-02T09:08:09.516357+07:00,c11_sim,251,5.036,89.990,10.094,0.003,0.011,105.135
2026-09-02T09:08:09.699948+07:00,c11_sim,252,5.143,170.494,12.497,0.003,0.012,188.150
2026-09-02T09:08:09.700044+07:00,c12_sim,32,3.444,170.494,0.000,0.000,0.004,173.943
2026-09-02T09:08:09.885765+07:00,c11_sim,253,4.737,167.595,17.431,0.007,0.029,189.800
2026-09-02T09:08:09.902242+07:00,c12_sim,33,5.453,167.595,14.988,0.000,0.007,188.044
2026-09-02T09:08:10.079358+07:00,c11_sim,254,5.404,163.114,13.322,0.005,0.020,181.864
2026-09-02T09:08:10.158818+07:00,c12_sim,34,6.109,163.114,11.594,66.538,0.078,247.434
2026-09-02T09:08:10.336594+07:00,c11_sim,255,6.398,165.911,11.236,0.007,0.028,183.580
2026-09-02T09:08:10.373906+07:00,c12_sim,35,6.363,165.911,8.329,28.048,0.014,208.665
2026-09-02T09:08:10.667418+07:00,c10_sim,59,3.724,276.582,15.721,0.000,0.012,296.038
2026-09-02T09:08:10.678132+07:00,c11_sim,256,5.760,276.582,9.432,0.006,0.012,291.791
2026-09-02T09:08:10.678225+07:00,c12_sim,36,5.670,276.582,0.000,0.000,0.004,282.256
2026-09-02T09:08:10.974361+07:00,c10_sim,60,3.939,249.770,14.781,30.371,0.123,298.983
2026-09-02T09:08:10.982798+07:00,c11_sim,257,5.543,249.770,7.776,0.003,0.011,263.103
2026-09-02T09:08:10.982868+07:00,c12_sim,37,4.102,249.770,0.000,0.000,0.003,253.875
2026-09-02T09:08:11.255617+07:00,c10_sim,61,11.612,261.377,10.486,0.004,0.115,283.594
2026-09-02T09:08:11.264636+07:00,c11_sim,258,5.995,261.377,8.041,0.003,0.012,275.428
2026-09-02T09:08:11.264723+07:00,c12_sim,38,4.299,261.377,0.000,0.000,0.004,265.680
2026-09-02T09:08:11.450255+07:00,c10_sim,62,5.280,171.282,13.379,0.005,0.244,190.189
2026-09-02T09:08:11.461473+07:00,c11_sim,259,5.608,171.282,9.880,0.002,0.008,186.779
2026-09-02T09:08:11.638169+07:00,c10_sim,63,5.839,163.519,12.526,0.003,0.013,181.899
2026-09-02T09:08:11.649163+07:00,c11_sim,260,5.774,163.519,9.801,0.002,0.011,179.107
2026-09-02T09:08:11.833195+07:00,c10_sim,64,9.124,169.884,13.444,0.004,0.017,192.473
2026-09-02T09:08:11.844339+07:00,c11_sim,261,6.404,169.884,9.668,0.002,0.009,185.967
2026-09-02T09:08:12.032770+07:00,c10_sim,65,8.537,170.829,16.854,0.004,0.017,196.242
2026-09-02T09:08:12.045197+07:00,c11_sim,262,5.496,170.829,11.103,0.004,0.016,187.448
2026-09-02T09:08:12.236492+07:00,c10_sim,66,5.292,173.256,17.230,0.005,0.024,195.807
2026-09-02T09:08:12.249270+07:00,c11_sim,263,5.931,173.256,11.356,0.004,0.019,190.567
2026-09-02T09:08:12.433747+07:00,c10_sim,67,4.411,172.181,11.627,0.003,0.014,188.237
2026-09-02T09:08:12.444388+07:00,c11_sim,264,4.489,172.181,9.288,0.002,0.012,185.972
2026-09-02T09:08:12.635918+07:00,c10_sim,68,6.353,175.017,15.419,0.004,0.015,196.808
2026-09-02T09:08:12.647287+07:00,c11_sim,265,4.845,175.017,10.082,0.002,0.010,189.956
2026-09-02T09:08:12.874615+07:00,c10_sim,69,4.203,176.411,16.321,33.715,0.021,230.671
2026-09-02T09:08:12.884347+07:00,c11_sim,266,5.550,176.411,9.132,0.002,0.008,191.103
2026-09-02T09:08:13.103381+07:00,c10_sim,70,5.997,172.583,14.756,30.773,0.018,224.128
2026-09-02T09:08:13.113627+07:00,c11_sim,267,5.326,172.583,9.553,0.002,0.010,187.474
2026-09-02T09:08:13.360545+07:00,c10_sim,71,5.315,172.089,13.218,60.553,0.018,251.194
2026-09-02T09:08:13.374059+07:00,c11_sim,268,5.956,172.089,12.923,0.004,0.019,190.991
2026-09-02T09:08:13.640972+07:00,c10_sim,72,6.324,188.828,11.685,65.432,0.019,272.287
2026-09-02T09:08:13.651461+07:00,c11_sim,269,4.599,188.828,9.882,0.003,0.011,203.323
2026-09-02T09:08:13.912305+07:00,c10_sim,73,4.855,181.301,14.990,61.950,0.566,263.662
2026-09-02T09:08:13.924142+07:00,c11_sim,270,4.655,181.301,10.885,0.003,0.022,196.865
2026-09-02T09:08:14.189945+07:00,c10_sim,74,4.475,181.577,14.820,68.286,0.019,269.176
2026-09-02T09:08:14.201322+07:00,c11_sim,271,5.042,181.577,10.747,0.003,0.011,197.379
2026-09-02T09:08:14.474554+07:00,c10_sim,75,6.106,190.470,16.924,64.730,0.050,278.280
2026-09-02T09:08:14.487418+07:00,c11_sim,272,5.489,190.470,12.206,0.002,0.012,208.180
2026-09-02T09:08:14.757894+07:00,c10_sim,76,4.930,185.670,20.125,63.541,0.018,274.284
2026-09-02T09:08:14.770893+07:00,c11_sim,273,5.034,185.670,12.392,0.004,0.017,203.117
2026-09-02T09:08:15.036474+07:00,c10_sim,77,6.922,184.492,16.604,63.305,0.043,271.365
2026-09-02T09:08:15.048380+07:00,c11_sim,274,5.541,184.492,11.318,0.003,0.016,201.370
2026-09-02T09:08:15.313259+07:00,c10_sim,78,5.838,180.801,21.026,61.535,0.038,269.238
2026-09-02T09:08:15.324457+07:00,c11_sim,275,4.674,180.801,10.595,0.002,0.010,196.083
2026-09-02T09:08:15.579652+07:00,c10_sim,79,7.006,176.864,16.896,60.397,0.018,261.181
2026-09-02T09:08:15.579757+07:00,c11_sim,276,4.518,176.864,0.000,0.000,0.004,181.387
2026-09-02T09:08:15.835621+07:00,c10_sim,80,6.697,177.307,16.655,60.976,0.040,261.674
2026-09-02T09:08:15.852941+07:00,c11_sim,277,3.920,177.307,16.781,0.000,0.007,198.015
2026-09-02T09:08:16.098324+07:00,c10_sim,81,4.662,174.625,6.948,63.103,0.014,249.353
2026-09-02T09:08:16.118602+07:00,c11_sim,278,4.386,174.625,19.654,0.002,0.085,198.754
2026-09-02T09:08:16.414945+07:00,c10_sim,82,6.415,215.278,13.634,66.135,0.021,301.484
2026-09-02T09:08:16.427486+07:00,c11_sim,279,5.234,215.278,11.820,0.003,0.099,232.435
2026-09-02T09:08:16.693998+07:00,c10_sim,83,5.299,186.315,17.024,62.050,0.019,270.707
2026-09-02T09:08:16.705061+07:00,c11_sim,280,5.555,186.315,10.448,0.003,0.010,202.330
2026-09-02T09:08:16.937313+07:00,c10_sim,84,5.039,179.918,20.085,31.447,0.015,236.504
2026-09-02T09:08:16.950897+07:00,c11_sim,281,4.593,179.918,12.716,0.003,0.253,197.484
2026-09-02T09:08:17.183586+07:00,c10_sim,85,4.956,179.503,20.391,31.907,0.020,236.776
2026-09-02T09:08:17.196974+07:00,c11_sim,282,5.352,179.503,12.741,0.004,0.018,197.618
2026-09-02T09:08:17.419188+07:00,c10_sim,86,5.679,180.153,10.096,31.378,0.022,227.327
2026-09-02T09:08:17.426886+07:00,c11_sim,283,5.965,180.153,7.119,0.002,0.071,193.311
2026-09-02T09:08:17.649165+07:00,c10_sim,87,6.608,183.471,6.506,31.748,0.026,228.360
2026-09-02T09:08:17.655594+07:00,c11_sim,284,5.140,183.471,5.845,0.002,0.077,194.535
2026-09-02T09:08:17.905298+07:00,c10_sim,88,4.892,178.704,7.430,62.786,0.035,253.846
2026-09-02T09:08:17.912920+07:00,c11_sim,285,5.433,178.704,6.984,0.005,0.071,191.196
2026-09-02T09:08:18.172369+07:00,c10_sim,89,6.097,202.600,21.033,34.923,0.027,264.679
2026-09-02T09:08:18.184075+07:00,c11_sim,286,4.383,202.600,11.076,0.004,0.019,218.081
2026-09-02T09:08:18.462930+07:00,c10_sim,90,5.667,195.944,16.205,65.551,0.027,283.394
2026-09-02T09:08:18.475683+07:00,c11_sim,287,5.768,195.944,11.988,0.003,0.089,213.792
2026-09-02T09:08:18.747889+07:00,c10_sim,91,6.142,187.086,20.947,63.081,0.028,277.284
2026-09-02T09:08:18.759030+07:00,c11_sim,288,4.589,187.086,10.471,0.003,0.012,202.161
2026-09-02T09:08:18.995435+07:00,c10_sim,92,6.919,185.455,16.022,34.072,0.024,242.492
2026-09-02T09:08:19.006320+07:00,c11_sim,289,5.190,185.455,10.237,0.003,0.010,200.895
2026-09-02T09:08:19.228347+07:00,c10_sim,93,4.666,204.494,16.727,0.000,0.014,225.901
2026-09-02T09:08:19.241745+07:00,c11_sim,290,5.420,204.494,11.419,0.003,0.249,221.584
2026-09-02T09:08:19.475158+07:00,c10_sim,94,6.307,185.193,15.526,31.908,0.071,239.004
2026-09-02T09:08:19.483006+07:00,c11_sim,291,4.183,185.193,7.250,0.003,0.009,196.638
2026-09-02T09:08:19.717666+07:00,c10_sim,95,4.103,190.896,9.826,33.236,0.073,238.134
2026-09-02T09:08:19.733683+07:00,c11_sim,292,5.076,190.896,15.347,0.005,0.015,211.340
2026-09-02T09:08:19.980336+07:00,c10_sim,96,4.858,192.236,19.928,33.448,0.064,250.534
2026-09-02T09:08:19.988587+07:00,c11_sim,293,4.343,192.236,7.631,0.003,0.103,204.316
2026-09-02T09:08:20.223149+07:00,c10_sim,97,5.656,183.422,15.878,34.390,0.072,239.418
2026-09-02T09:08:20.236051+07:00,c11_sim,294,5.197,183.422,12.214,0.003,0.078,200.913
2026-09-02T09:08:20.478208+07:00,c10_sim,98,4.903,188.918,18.206,34.128,0.060,246.215
2026-09-02T09:08:20.491526+07:00,c11_sim,295,5.405,188.918,12.575,0.004,0.128,207.030
2026-09-02T09:08:20.729117+07:00,c10_sim,99,6.191,184.925,17.951,33.817,0.087,242.971
2026-09-02T09:08:20.739579+07:00,c11_sim,296,4.440,184.925,9.858,0.002,0.009,199.234
2026-09-02T09:08:20.973710+07:00,c10_sim,100,5.698,185.743,12.729,34.822,0.084,239.077
2026-09-02T09:08:20.985784+07:00,c11_sim,297,5.482,185.743,11.461,0.004,0.014,202.704
2026-09-02T09:08:21.221743+07:00,c10_sim,101,5.657,185.618,14.680,34.844,0.015,240.814
2026-09-02T09:08:21.235126+07:00,c11_sim,298,12.724,185.618,12.691,0.005,0.113,211.150
2026-09-02T09:08:21.475595+07:00,c10_sim,102,5.640,188.367,16.922,34.351,0.015,245.295
2026-09-02T09:08:21.487268+07:00,c11_sim,299,3.452,188.367,11.065,0.003,0.018,202.905
2026-09-02T09:08:21.724910+07:00,c10_sim,103,11.184,184.154,20.658,31.901,0.017,247.913
2026-09-02T09:08:21.737428+07:00,c11_sim,300,3.932,184.154,11.911,0.003,0.011,200.010
2026-09-02T09:08:21.968043+07:00,c10_sim,104,15.795,182.550,14.935,32.269,0.023,245.572
2026-09-02T09:08:21.982920+07:00,c11_sim,301,4.054,182.550,14.026,0.003,0.014,200.646
2026-09-02T09:08:22.230149+07:00,c10_sim,105,6.412,195.865,18.230,32.311,0.012,252.831
2026-09-02T09:08:22.239453+07:00,c11_sim,302,4.504,195.865,8.640,0.002,0.073,209.085
2026-09-02T09:08:22.476059+07:00,c10_sim,106,5.675,188.350,13.455,33.720,0.232,241.431
2026-09-02T09:08:22.487412+07:00,c11_sim,303,4.843,188.350,10.760,0.003,0.015,203.971
2026-09-02T09:08:22.718430+07:00,c10_sim,107,4.781,178.137,19.986,31.582,0.339,234.824
2026-09-02T09:08:22.731038+07:00,c11_sim,304,4.179,178.137,11.903,0.003,0.019,194.242
2026-09-02T09:08:22.961908+07:00,c10_sim,108,8.910,177.479,19.503,33.037,0.019,238.948
2026-09-02T09:08:22.975211+07:00,c11_sim,305,5.616,177.479,12.504,0.004,0.175,195.779
2026-09-02T09:08:23.209264+07:00,c10_sim,109,4.814,185.303,17.321,30.502,0.013,237.953
2026-09-02T09:08:23.220434+07:00,c11_sim,306,5.130,185.303,10.576,0.002,0.011,201.021
2026-09-02T09:08:23.441814+07:00,c10_sim,110,5.092,176.757,11.989,31.986,0.020,225.843
2026-09-02T09:08:23.451327+07:00,c11_sim,307,5.094,176.757,8.977,0.003,0.008,190.838
2026-09-02T09:08:23.645848+07:00,c10_sim,111,3.780,173.964,19.660,0.004,0.013,197.422
2026-09-02T09:08:23.657952+07:00,c11_sim,308,5.249,173.964,10.932,0.002,0.009,190.156
2026-09-02T09:08:23.853209+07:00,c10_sim,112,3.286,181.452,13.071,0.003,0.012,197.825
2026-09-02T09:08:23.864413+07:00,c11_sim,309,4.261,181.452,10.112,0.003,0.011,195.839
2026-09-02T09:08:24.100115+07:00,c10_sim,113,3.332,190.857,11.242,32.848,0.026,238.305
2026-09-02T09:08:24.111166+07:00,c11_sim,310,5.692,190.857,10.430,0.002,0.011,206.993
2026-09-02T09:08:24.339402+07:00,c10_sim,114,4.026,185.700,10.800,31.081,0.061,231.668
2026-09-02T09:08:24.347910+07:00,c11_sim,311,4.952,185.700,8.033,0.003,0.009,198.697
2026-09-02T09:08:24.536482+07:00,c10_sim,115,5.479,178.337,9.656,0.002,0.078,193.552
2026-09-02T09:08:24.545071+07:00,c11_sim,312,5.209,178.337,6.806,0.002,0.009,190.362
2026-09-02T09:08:24.737663+07:00,c10_sim,116,6.375,182.621,9.361,0.003,0.088,198.448
2026-09-02T09:08:24.747420+07:00,c11_sim,313,5.445,182.621,8.579,0.002,0.010,196.656
2026-09-02T09:08:24.953015+07:00,c10_sim,117,4.671,186.396,18.429,0.008,0.019,209.523
2026-09-02T09:08:24.970246+07:00,c11_sim,314,4.327,186.396,16.448,0.009,0.060,207.240
2026-09-02T09:08:25.198534+07:00,c10_sim,118,5.105,216.502,10.977,0.004,0.099,232.688
2026-09-02T09:08:25.208465+07:00,c11_sim,315,4.978,216.502,9.035,0.003,0.012,230.530
2026-09-02T09:08:25.425570+07:00,c10_sim,119,5.123,205.212,11.202,0.004,0.013,221.554
2026-09-02T09:08:25.436416+07:00,c11_sim,316,4.664,205.212,9.886,0.005,0.013,219.779
2026-09-02T09:08:25.663717+07:00,c10_sim,120,5.067,214.186,12.363,0.003,0.094,231.714
2026-09-02T09:08:25.673675+07:00,c11_sim,317,5.545,214.186,9.020,0.002,0.009,228.762
2026-09-02T09:08:25.903988+07:00,c10_sim,121,5.083,217.504,12.145,0.004,0.013,234.748
2026-09-02T09:08:25.914856+07:00,c11_sim,318,5.433,217.504,9.689,0.003,0.021,232.651
2026-09-02T09:08:26.128708+07:00,c10_sim,122,5.959,213.688,0.000,0.000,0.010,219.657
2026-09-02T09:08:26.140578+07:00,c11_sim,319,4.294,213.688,11.228,0.003,0.012,229.225
2026-09-02T09:08:26.358961+07:00,c10_sim,123,5.017,218.154,0.000,0.000,0.016,223.187
2026-09-02T09:08:26.374676+07:00,c11_sim,320,5.534,218.154,14.976,0.005,0.019,238.687
2026-09-02T09:08:26.521745+07:00,c11_sim,321,4.838,136.756,9.630,0.003,0.011,151.237
2026-09-02T09:08:26.647487+07:00,c11_sim,322,5.218,113.135,11.828,0.003,0.011,130.195
2026-09-02T09:08:26.774271+07:00,c11_sim,323,5.435,114.715,11.306,0.003,0.011,131.470
2026-09-02T09:08:26.899745+07:00,c11_sim,324,4.568,111.945,12.731,0.003,0.016,129.263
2026-09-02T09:08:27.025273+07:00,c11_sim,325,5.706,114.841,10.064,0.003,0.011,130.625
2026-09-02T09:08:27.145499+07:00,c11_sim,326,4.781,110.262,9.346,0.003,0.010,124.402
2026-09-02T09:08:27.268810+07:00,c11_sim,327,5.470,112.735,9.900,0.003,0.083,128.190
2026-09-02T09:08:27.390970+07:00,c11_sim,328,5.430,108.945,12.339,0.004,0.127,126.845
2026-09-02T09:08:27.520964+07:00,c11_sim,329,4.331,115.572,13.490,0.004,0.108,133.504
2026-09-02T09:08:27.646846+07:00,c11_sim,330,5.564,111.644,13.446,0.009,0.012,130.675
2026-09-02T09:08:27.767333+07:00,c11_sim,331,4.612,108.858,10.861,0.003,0.010,124.342
2026-09-02T09:08:27.889143+07:00,c11_sim,332,5.629,109.898,11.165,0.003,0.011,126.706
2026-09-02T09:08:28.014839+07:00,c11_sim,333,5.194,113.455,11.490,0.003,0.011,130.154
2026-09-02T09:08:28.156602+07:00,c11_sim,334,4.226,129.510,10.642,0.004,0.016,144.398
2026-09-02T09:08:28.278949+07:00,c11_sim,335,5.176,112.664,8.911,0.002,0.010,126.764
2026-09-02T09:08:28.393017+07:00,c11_sim,336,4.227,105.372,8.156,0.003,0.010,117.767
2026-09-02T09:08:28.512543+07:00,c11_sim,337,5.226,106.970,11.922,0.003,0.011,124.133
2026-09-02T09:08:28.635714+07:00,c11_sim,338,5.711,112.443,9.851,0.003,0.012,128.019
2026-09-02T09:08:28.758979+07:00,c11_sim,339,4.520,112.670,9.961,0.003,0.014,127.168
2026-09-02T09:08:28.875126+07:00,c11_sim,340,5.391,106.702,8.867,0.003,0.010,120.972
2026-09-02T09:08:28.994207+07:00,c11_sim,341,4.299,108.507,9.939,0.003,0.011,122.759
2026-09-02T09:08:29.109512+07:00,c11_sim,342,4.833,104.536,10.114,0.003,0.011,119.496
2026-09-02T09:08:29.229012+07:00,c11_sim,343,4.893,106.380,12.337,0.003,0.014,123.627
2026-09-02T09:08:29.351177+07:00,c11_sim,344,3.753,107.931,13.417,0.006,0.019,125.126
2026-09-02T09:08:29.466073+07:00,c11_sim,345,5.052,103.006,11.104,0.003,0.010,119.174
2026-09-02T09:08:29.581593+07:00,c11_sim,346,5.121,102.515,12.265,0.003,0.013,119.916
2026-09-02T09:08:29.699794+07:00,c11_sim,347,4.569,106.618,10.807,0.003,0.010,122.007
2026-09-02T09:08:29.898321+07:00,c11_sim,348,4.997,104.142,12.651,80.946,0.017,202.753
2026-09-02T09:08:30.040592+07:00,c11_sim,349,4.140,101.004,8.360,32.308,0.019,145.830
2026-09-02T09:08:30.187168+07:00,c11_sim,350,5.601,103.350,9.732,32.898,0.013,151.594
2026-09-02T09:08:30.341020+07:00,c11_sim,351,4.476,105.649,13.009,34.436,0.014,157.584
2026-09-02T09:08:30.491573+07:00,c11_sim,352,5.358,102.924,12.539,34.296,0.018,155.135
2026-09-02T09:08:30.633278+07:00,c11_sim,353,5.318,101.516,7.905,31.727,0.012,146.477
2026-09-02T09:08:30.786540+07:00,c11_sim,354,4.559,108.965,10.209,33.468,0.014,157.214
2026-09-02T09:08:30.946322+07:00,c11_sim,355,5.221,112.392,12.107,34.678,0.015,164.413
2026-09-02T09:08:31.098351+07:00,c11_sim,356,4.833,105.244,12.309,33.642,0.077,156.105
2026-09-02T09:08:31.253179+07:00,c11_sim,357,5.048,107.705,10.914,35.435,0.071,159.172
2026-09-02T09:08:31.412302+07:00,c11_sim,358,4.895,112.853,10.456,35.152,0.014,163.372
2026-09-02T09:08:31.569533+07:00,c11_sim,359,3.775,109.256,11.981,35.189,0.016,160.217
2026-09-02T09:08:31.719830+07:00,c11_sim,360,5.261,107.983,6.717,35.020,0.013,154.995
2026-09-02T09:08:31.873780+07:00,c11_sim,361,4.067,109.815,8.746,34.742,0.014,157.384
2026-09-02T09:08:32.033370+07:00,c11_sim,362,5.042,110.558,11.857,36.384,0.014,163.856
2026-09-02T09:08:32.192624+07:00,c11_sim,363,5.382,113.838,7.808,37.005,0.013,164.044
2026-09-02T09:08:32.351678+07:00,c11_sim,364,4.093,114.069,9.068,35.292,0.031,162.553
2026-09-02T09:08:32.518028+07:00,c11_sim,365,5.061,113.964,12.665,38.885,0.021,170.597
2026-09-02T09:08:32.686153+07:00,c11_sim,366,4.310,116.623,13.565,37.050,0.023,171.571
2026-09-02T09:08:32.850413+07:00,c11_sim,367,5.035,114.468,12.811,36.155,0.021,168.490
2026-09-02T09:08:33.019500+07:00,c11_sim,368,4.871,115.785,15.280,37.201,0.020,173.157
2026-09-02T09:08:33.188370+07:00,c11_sim,369,4.253,119.724,11.992,36.401,0.019,172.389
2026-09-02T09:08:33.312072+07:00,c11_sim,370,5.129,111.634,11.439,0.000,0.008,128.210
2026-09-02T09:08:33.473536+07:00,c11_sim,371,4.428,112.476,12.536,35.675,0.070,165.184
2026-09-02T09:08:33.633162+07:00,c11_sim,372,5.990,110.340,12.595,35.847,0.054,164.826
2026-09-02T09:08:33.792662+07:00,c11_sim,373,5.122,110.153,11.483,37.138,0.016,163.911
2026-09-02T09:08:33.953199+07:00,c11_sim,374,4.652,111.020,12.415,36.275,0.015,164.378
2026-09-02T09:08:34.113049+07:00,c11_sim,375,5.391,111.555,14.077,33.419,0.015,164.458
2026-09-02T09:08:34.266730+07:00,c11_sim,376,4.249,105.444,13.281,34.095,0.015,157.085
2026-09-02T09:08:34.419855+07:00,c11_sim,377,5.304,106.012,12.101,34.176,0.016,157.609
2026-09-02T09:08:34.576035+07:00,c11_sim,378,5.335,106.643,13.109,35.623,0.014,160.725
2026-09-02T09:08:34.725664+07:00,c11_sim,379,4.484,105.480,11.386,32.052,0.015,153.417
2026-09-02T09:08:34.876929+07:00,c11_sim,380,5.529,104.420,10.878,35.235,0.015,156.076
2026-09-02T09:08:35.032172+07:00,c11_sim,381,4.354,106.001,13.643,34.755,0.019,158.772
2026-09-02T09:08:35.181800+07:00,c11_sim,382,5.624,105.471,10.369,33.069,0.016,154.549
2026-09-02T09:08:35.336202+07:00,c11_sim,383,5.149,107.161,11.059,35.502,0.015,158.886
2026-09-02T09:08:35.496240+07:00,c11_sim,384,4.688,107.742,12.586,37.603,0.328,162.946
2026-09-02T09:08:35.653424+07:00,c11_sim,385,5.469,108.173,13.296,34.841,0.022,161.801
2026-09-02T09:08:35.805838+07:00,c11_sim,386,4.394,107.177,9.814,34.780,0.014,156.180
2026-09-02T09:08:35.960558+07:00,c11_sim,387,5.575,107.404,11.047,35.481,0.019,159.526
2026-09-02T09:08:36.167371+07:00,c9_sim,259,3.974,206.567,0.000,0.000,0.015,210.556
2026-09-02T09:08:36.222622+07:00,c11_sim,388,5.563,206.567,17.100,37.411,0.020,266.659
2026-09-02T09:08:36.452350+07:00,c9_sim,260,5.049,201.789,27.099,0.000,0.018,233.956
2026-09-02T09:08:36.500216+07:00,c11_sim,389,4.494,201.789,10.925,35.698,0.016,252.921
2026-09-02T09:08:36.717670+07:00,c9_sim,261,5.422,202.192,14.375,0.004,0.067,222.060
2026-09-02T09:08:36.764815+07:00,c11_sim,390,4.785,202.192,10.117,35.435,0.018,252.547
2026-09-02T09:08:36.985672+07:00,c9_sim,262,3.492,198.480,21.295,0.005,0.073,223.345
2026-09-02T09:08:37.035273+07:00,c11_sim,391,4.262,198.480,13.068,34.964,0.019,250.793
2026-09-02T09:08:37.258742+07:00,c9_sim,263,6.246,202.831,19.684,0.005,0.083,228.849
2026-09-02T09:08:37.308309+07:00,c11_sim,392,5.281,202.831,12.828,34.540,0.014,255.494
2026-09-02T09:08:37.522485+07:00,c9_sim,264,4.868,196.937,16.404,0.004,0.061,218.274
2026-09-02T09:08:37.568641+07:00,c11_sim,393,5.272,196.937,11.118,33.328,0.017,246.673
2026-09-02T09:08:37.787685+07:00,c9_sim,265,3.968,199.266,18.902,0.006,0.025,222.165
2026-09-02T09:08:37.838914+07:00,c11_sim,394,4.597,199.266,12.341,35.356,0.019,251.578
2026-09-02T09:08:38.034783+07:00,c9_sim,266,3.952,195.516,0.000,0.000,0.010,199.478
2026-09-02T09:08:38.076525+07:00,c11_sim,395,5.497,195.516,8.688,32.497,0.023,242.221
2026-09-02T09:08:38.292346+07:00,c9_sim,267,5.277,196.680,18.373,0.006,0.021,220.355
2026-09-02T09:08:38.339306+07:00,c11_sim,396,4.463,196.680,10.406,34.971,0.019,246.540
2026-09-02T09:08:38.541409+07:00,c9_sim,268,4.774,193.213,6.827,0.005,0.015,204.835
2026-09-02T09:08:38.581554+07:00,c11_sim,397,5.426,193.213,5.708,33.422,0.013,237.783
2026-09-02T09:08:38.784829+07:00,c9_sim,269,4.803,195.757,6.884,0.002,0.031,207.477
2026-09-02T09:08:38.825718+07:00,c11_sim,398,5.588,195.757,5.729,34.102,0.015,241.190
2026-09-02T09:08:39.034445+07:00,c9_sim,270,3.152,201.000,7.143,0.004,0.010,211.309
2026-09-02T09:08:39.075930+07:00,c11_sim,399,4.628,201.000,6.091,34.204,0.014,245.936
2026-09-02T09:08:39.281484+07:00,c9_sim,271,6.826,198.304,6.699,0.002,0.028,211.859
2026-09-02T09:08:39.323162+07:00,c11_sim,400,5.491,198.304,6.089,34.525,0.014,244.423
2026-09-02T09:08:39.536481+07:00,c9_sim,272,3.155,201.223,10.914,0.003,0.260,215.555
2026-09-02T09:08:39.548966+07:00,c11_sim,401,4.425,201.223,11.407,0.000,0.019,217.074
2026-09-02T09:08:39.761615+07:00,c9_sim,273,2.757,205.662,6.454,0.002,0.009,214.884
2026-09-02T09:08:39.768596+07:00,c11_sim,402,5.362,205.662,5.859,0.001,0.028,216.913
2026-09-02T09:08:39.985508+07:00,c9_sim,274,2.681,209.570,6.613,0.002,0.025,218.891
2026-09-02T09:08:39.993326+07:00,c11_sim,403,5.216,209.570,6.860,0.000,0.006,221.652
2026-09-02T09:08:40.208194+07:00,c9_sim,275,2.551,207.649,6.682,0.002,0.008,216.891
2026-09-02T09:08:40.215074+07:00,c11_sim,404,5.792,207.649,5.916,0.001,0.028,219.386
2026-09-02T09:08:40.430130+07:00,c9_sim,276,2.720,207.846,6.700,0.002,0.029,217.297
2026-09-02T09:08:40.473855+07:00,c11_sim,405,5.353,207.846,6.008,36.589,0.039,255.834
2026-09-02T09:08:40.687139+07:00,c9_sim,277,2.609,206.205,6.539,0.002,0.027,215.381
2026-09-02T09:08:40.731424+07:00,c11_sim,406,4.257,206.205,5.708,37.600,0.014,253.785
2026-09-02T09:08:40.945266+07:00,c9_sim,278,2.755,206.679,6.560,0.002,0.008,216.004
2026-09-02T09:08:40.988891+07:00,c11_sim,407,7.787,206.679,6.139,36.415,0.031,257.050
2026-09-02T09:08:41.202997+07:00,c9_sim,279,2.744,206.612,6.945,0.002,0.008,216.310
2026-09-02T09:08:41.245195+07:00,c11_sim,408,5.666,206.612,5.689,35.413,0.010,253.391
2026-09-02T09:08:41.455305+07:00,c9_sim,280,2.574,202.842,6.683,0.002,0.008,212.110
2026-09-02T09:08:41.497401+07:00,c11_sim,409,5.013,202.842,6.002,35.016,0.011,248.886
2026-09-02T09:08:41.744668+07:00,c9_sim,281,2.716,204.165,7.202,35.324,0.020,249.427
2026-09-02T09:08:41.786371+07:00,c11_sim,410,4.813,204.165,6.129,35.075,0.013,250.196
2026-09-02T09:08:42.034442+07:00,c9_sim,282,2.729,204.702,6.793,35.986,0.010,250.221
2026-09-02T09:08:42.076559+07:00,c11_sim,411,4.306,204.702,6.063,35.505,0.012,250.588
2026-09-02T09:08:42.287290+07:00,c9_sim,283,2.589,203.774,6.394,0.002,0.009,212.769
2026-09-02T09:08:42.331688+07:00,c11_sim,412,6.740,203.774,5.761,37.574,0.012,253.861
2026-09-02T09:08:42.546176+07:00,c9_sim,284,2.814,207.439,6.481,0.002,0.008,216.744
2026-09-02T09:08:42.588924+07:00,c11_sim,413,6.107,207.439,5.757,35.952,0.010,255.265
2026-09-02T09:08:42.839018+07:00,c9_sim,285,2.622,206.876,6.791,35.830,0.011,252.129
2026-09-02T09:08:42.880692+07:00,c11_sim,414,5.632,206.876,5.845,35.224,0.011,253.588
2026-09-02T09:08:43.129567+07:00,c9_sim,286,2.541,205.436,6.847,36.031,0.011,250.865
2026-09-02T09:08:43.171613+07:00,c11_sim,415,4.852,205.436,5.870,35.462,0.158,251.778
2026-09-02T09:08:43.423409+07:00,c9_sim,287,2.559,208.386,6.758,36.080,0.033,253.816
2026-09-02T09:08:43.465839+07:00,c11_sim,416,5.139,208.386,6.193,35.665,0.009,255.393
2026-09-02T09:08:43.720410+07:00,c9_sim,288,2.651,208.706,6.852,38.436,0.011,256.656
2026-09-02T09:08:43.762878+07:00,c11_sim,417,7.291,208.706,6.052,35.772,0.016,257.837
2026-09-02T09:08:44.014619+07:00,c9_sim,289,2.543,208.325,6.577,36.241,0.034,253.720
2026-09-02T09:08:44.058849+07:00,c11_sim,418,5.241,208.325,5.785,37.852,0.012,257.214
2026-09-02T09:08:44.274093+07:00,c9_sim,290,2.751,207.742,6.671,0.002,0.009,217.175
2026-09-02T09:08:44.317536+07:00,c11_sim,419,4.663,207.742,6.000,36.456,0.010,254.871
2026-09-02T09:08:44.534673+07:00,c9_sim,291,3.350,209.798,6.755,0.002,0.031,219.937
2026-09-02T09:08:44.577741+07:00,c11_sim,420,6.501,209.798,5.729,36.195,0.010,258.233
2026-09-02T09:08:44.828242+07:00,c9_sim,292,2.825,206.656,6.688,36.239,0.011,252.420
2026-09-02T09:08:44.870942+07:00,c11_sim,421,5.419,206.656,5.855,36.272,0.012,254.215
2026-09-02T09:08:45.123876+07:00,c9_sim,293,2.687,209.227,6.413,36.460,0.012,254.799
2026-09-02T09:08:45.166667+07:00,c11_sim,422,6.508,209.227,6.356,35.878,0.039,258.007
2026-09-02T09:08:45.420797+07:00,c9_sim,294,2.501,210.011,6.698,36.852,0.010,256.072
2026-09-02T09:08:45.463427+07:00,c11_sim,423,4.775,210.011,5.936,36.121,0.013,256.856
2026-09-02T09:08:45.722240+07:00,c9_sim,295,2.647,214.527,6.674,37.066,0.014,260.927
2026-09-02T09:08:45.764860+07:00,c11_sim,424,4.752,214.527,6.041,36.005,0.018,261.343
2026-09-02T09:08:46.022540+07:00,c9_sim,296,2.575,212.720,6.690,37.348,0.033,259.366
2026-09-02T09:08:46.065336+07:00,c11_sim,425,6.287,212.720,5.785,36.435,0.018,261.244
2026-09-02T09:08:46.321923+07:00,c9_sim,297,2.640,211.385,7.201,37.226,0.013,258.464
2026-09-02T09:08:46.368809+07:00,c11_sim,426,4.098,211.385,6.335,39.998,0.025,261.840
2026-09-02T09:08:46.681662+07:00,c9_sim,298,2.577,249.994,22.551,39.036,0.020,314.178
2026-09-02T09:08:46.733187+07:00,c11_sim,427,5.280,249.994,12.668,38.129,0.021,306.092
2026-09-02T09:08:47.016671+07:00,c9_sim,299,2.822,221.813,21.511,39.237,0.016,285.400
2026-09-02T09:08:47.068638+07:00,c11_sim,428,6.103,221.813,13.028,38.201,0.028,279.173
2026-09-02T09:08:47.344298+07:00,c9_sim,300,2.502,218.176,20.134,36.494,0.014,277.320
2026-09-02T09:08:47.394556+07:00,c11_sim,429,4.662,218.176,13.303,36.229,0.022,272.393
2026-09-02T09:08:47.665480+07:00,c9_sim,301,2.489,209.799,21.966,36.245,0.019,270.518
2026-09-02T09:08:47.716536+07:00,c11_sim,430,4.042,209.799,13.630,36.770,0.049,264.290
2026-09-02T09:08:47.978134+07:00,c9_sim,302,2.505,203.605,20.371,36.765,0.020,263.266
2026-09-02T09:08:48.028093+07:00,c11_sim,431,5.683,203.605,12.872,36.486,0.018,258.664
2026-09-02T09:08:48.293512+07:00,c9_sim,303,2.708,205.977,21.293,36.497,0.046,266.520
2026-09-02T09:08:48.343525+07:00,c11_sim,432,6.943,205.977,12.610,36.809,0.017,262.355
2026-09-02T09:08:48.580819+07:00,c9_sim,304,2.788,196.301,6.915,33.496,0.015,239.515
2026-09-02T09:08:48.620471+07:00,c11_sim,433,4.166,196.301,5.689,33.268,0.013,239.438
2026-09-02T09:08:48.856597+07:00,c9_sim,305,3.466,194.308,6.739,34.265,0.013,238.791
2026-09-02T09:08:48.896787+07:00,c11_sim,434,4.495,194.308,6.053,33.619,0.012,238.487
2026-09-02T09:08:49.140302+07:00,c9_sim,306,2.648,198.186,6.533,38.234,0.016,245.617
2026-09-02T09:08:49.181805+07:00,c11_sim,435,4.215,198.186,6.224,34.692,0.016,243.333
2026-09-02T09:08:49.428364+07:00,c9_sim,307,2.620,202.811,6.907,35.898,0.015,248.252
2026-09-02T09:08:49.470110+07:00,c11_sim,436,4.649,202.811,6.055,35.094,0.014,248.623
2026-09-02T09:08:49.716021+07:00,c9_sim,308,2.586,203.631,6.545,35.174,0.018,247.954
2026-09-02T09:08:49.758461+07:00,c11_sim,437,10.081,203.631,6.226,35.585,0.047,255.569
2026-09-02T09:08:50.011347+07:00,c9_sim,309,2.831,208.934,7.009,36.035,0.013,254.822
2026-09-02T09:08:50.054998+07:00,c11_sim,438,6.485,208.934,5.959,37.092,0.013,258.483
2026-09-02T09:08:50.307914+07:00,c9_sim,310,2.610,208.665,7.020,36.299,0.031,254.626
2026-09-02T09:08:50.350863+07:00,c11_sim,439,5.234,208.665,5.981,36.443,0.012,256.335
2026-09-02T09:08:50.607392+07:00,c9_sim,311,2.692,211.443,6.884,37.679,0.015,258.713
2026-09-02T09:08:50.650820+07:00,c11_sim,440,5.160,211.443,5.952,36.907,0.013,259.475
2026-09-02T09:08:50.909127+07:00,c9_sim,312,6.666,213.361,6.800,37.252,0.015,264.094
2026-09-02T09:08:50.952814+07:00,c11_sim,441,5.448,213.361,5.873,37.272,0.028,261.981
2026-09-02T09:08:51.220243+07:00,c9_sim,313,5.082,220.727,6.715,39.439,0.015,271.978
2026-09-02T09:08:51.264258+07:00,c11_sim,442,5.067,220.727,5.902,37.474,0.029,269.199
2026-09-02T09:08:51.527359+07:00,c9_sim,314,7.693,217.670,6.938,37.943,0.016,270.260
2026-09-02T09:08:51.572320+07:00,c11_sim,443,5.819,217.670,6.014,38.353,0.018,267.873
2026-09-02T09:08:51.835507+07:00,c9_sim,315,4.172,217.167,7.036,38.129,0.014,266.517
2026-09-02T09:08:51.879467+07:00,c11_sim,444,5.130,217.167,5.922,37.442,0.030,265.691
2026-09-02T09:08:52.141028+07:00,c9_sim,316,8.787,216.364,6.799,37.800,0.014,269.764
2026-09-02T09:08:52.187159+07:00,c11_sim,445,5.130,216.364,6.177,39.420,0.018,267.109
2026-09-02T09:08:52.455278+07:00,c9_sim,317,5.019,215.926,13.322,38.187,0.041,272.495
2026-09-02T09:08:52.502741+07:00,c11_sim,446,7.113,215.926,9.135,37.694,0.020,269.887
2026-09-02T09:08:52.767520+07:00,c9_sim,318,4.426,219.994,6.710,37.433,0.046,268.609
2026-09-02T09:08:52.811566+07:00,c11_sim,447,5.252,219.994,6.065,37.382,0.031,268.723
2026-09-02T09:08:53.069543+07:00,c9_sim,319,5.117,213.462,6.550,37.364,0.041,262.534
2026-09-02T09:08:53.112983+07:00,c11_sim,448,5.923,213.462,6.057,36.813,0.014,262.269
2026-09-02T09:08:53.444559+07:00,c8_sim,129,3.115,321.100,9.799,0.000,0.008,334.023
2026-09-02T09:08:53.493631+07:00,c9_sim,320,4.589,321.100,6.269,41.726,0.016,373.700
2026-09-02T09:08:53.536981+07:00,c11_sim,449,4.734,321.100,5.849,37.004,0.023,368.709
2026-09-02T09:08:53.866151+07:00,c8_sim,130,4.303,320.984,7.384,0.002,0.072,332.745
2026-09-02T09:08:53.911600+07:00,c9_sim,321,4.639,320.984,6.593,37.900,0.034,370.151
2026-09-02T09:08:53.955296+07:00,c11_sim,450,5.361,320.984,5.719,37.444,0.014,369.522
2026-09-02T09:08:54.328317+07:00,c8_sim,131,3.765,321.836,10.212,40.254,0.118,376.185
2026-09-02T09:08:54.374276+07:00,c9_sim,322,3.246,321.836,7.423,37.922,0.037,370.464
2026-09-02T09:08:54.422167+07:00,c11_sim,451,4.779,321.836,7.240,39.959,0.024,373.837
2026-09-02T09:08:54.801989+07:00,c8_sim,132,3.988,330.173,6.945,42.080,0.053,383.240
2026-09-02T09:08:54.847990+07:00,c9_sim,323,2.560,330.173,6.444,38.953,0.013,378.142
2026-09-02T09:08:54.893907+07:00,c11_sim,452,5.074,330.173,6.048,39.280,0.012,380.589
2026-09-02T09:08:55.237989+07:00,c8_sim,133,3.716,335.558,7.373,0.002,0.087,346.735
2026-09-02T09:08:55.287127+07:00,c9_sim,324,2.502,335.558,6.120,42.022,0.015,386.216
2026-09-02T09:08:55.333196+07:00,c11_sim,453,5.224,335.558,6.008,39.470,0.035,386.294
2026-09-02T09:08:55.720132+07:00,c8_sim,134,3.393,336.850,7.646,41.699,0.078,389.667
2026-09-02T09:08:55.766923+07:00,c9_sim,325,2.647,336.850,7.015,39.239,0.020,385.771
2026-09-02T09:08:55.814088+07:00,c11_sim,454,5.564,336.850,7.114,39.408,0.017,388.953
2026-09-02T09:08:56.196212+07:00,c8_sim,135,3.408,335.467,6.894,39.153,0.012,384.934
2026-09-02T09:08:56.242978+07:00,c9_sim,326,2.488,335.467,6.656,39.518,0.016,384.144
2026-09-02T09:08:56.290293+07:00,c11_sim,455,5.318,335.467,5.977,40.722,0.042,387.526
2026-09-02T09:08:56.671478+07:00,c8_sim,136,3.531,331.575,6.956,41.624,0.012,383.699
2026-09-02T09:08:56.717037+07:00,c9_sim,327,2.643,331.575,6.552,38.415,0.019,379.203
2026-09-02T09:08:56.762148+07:00,c11_sim,456,5.543,331.575,6.022,38.424,0.058,381.623
2026-09-02T09:08:57.156173+07:00,c8_sim,137,3.548,344.810,6.777,41.849,0.011,396.995
2026-09-02T09:08:57.203871+07:00,c9_sim,328,2.715,344.810,6.387,40.718,0.019,394.649
2026-09-02T09:08:57.250099+07:00,c11_sim,457,4.645,344.810,6.134,39.449,0.043,395.080
2026-09-02T09:08:57.636079+07:00,c8_sim,138,3.556,336.169,7.243,41.844,0.011,388.823
2026-09-02T09:08:57.681685+07:00,c9_sim,329,3.026,336.169,6.073,38.992,0.047,384.305
2026-09-02T09:08:57.726970+07:00,c11_sim,458,4.276,336.169,5.973,38.671,0.058,385.147
2026-09-02T09:08:58.105095+07:00,c8_sim,139,3.574,330.465,7.119,39.540,0.012,380.710
2026-09-02T09:08:58.151177+07:00,c9_sim,330,2.586,330.465,6.699,38.834,0.042,378.626
2026-09-02T09:08:58.196966+07:00,c11_sim,459,4.309,330.465,7.290,37.918,0.022,380.005
2026-09-02T09:08:58.592079+07:00,c8_sim,140,3.988,331.916,20.336,41.329,0.384,397.951
2026-09-02T09:08:58.647435+07:00,c9_sim,331,2.465,331.916,15.160,39.414,0.029,388.984
2026-09-02T09:08:58.698744+07:00,c11_sim,460,5.679,331.916,12.162,38.526,0.020,388.303
2026-09-02T09:08:59.078913+07:00,c8_sim,141,3.601,335.009,6.974,37.522,0.012,383.118
2026-09-02T09:08:59.123984+07:00,c9_sim,332,2.517,335.009,6.607,37.815,0.043,381.991
2026-09-02T09:08:59.168174+07:00,c11_sim,461,6.283,335.009,6.487,37.163,0.013,384.955
2026-09-02T09:08:59.530811+07:00,c8_sim,142,3.850,317.519,6.840,37.622,0.011,365.841
2026-09-02T09:08:59.575114+07:00,c9_sim,333,2.491,317.519,6.557,37.150,0.013,363.730
2026-09-02T09:08:59.620292+07:00,c11_sim,462,4.184,317.519,6.091,38.536,0.014,366.344
2026-09-02T09:08:59.987572+07:00,c8_sim,143,3.698,319.442,6.779,40.459,0.011,370.389
2026-09-02T09:09:00.032858+07:00,c9_sim,334,2.429,319.442,6.935,37.724,0.014,366.544
2026-09-02T09:09:00.077544+07:00,c11_sim,463,4.106,319.442,6.120,38.037,0.021,367.725
2026-09-02T09:09:00.445847+07:00,c8_sim,144,3.694,322.199,7.006,38.120,0.011,371.030
2026-09-02T09:09:00.493810+07:00,c9_sim,335,2.510,322.199,7.301,40.060,0.014,372.084
2026-09-02T09:09:00.538898+07:00,c11_sim,464,5.007,322.199,6.118,38.446,0.014,371.783
2026-09-02T09:09:00.911458+07:00,c8_sim,145,3.686,326.188,6.943,38.449,0.010,375.276
2026-09-02T09:09:00.957949+07:00,c9_sim,336,2.575,326.188,7.514,38.400,0.051,374.728
2026-09-02T09:09:01.004049+07:00,c11_sim,465,4.626,326.188,6.198,39.336,0.015,376.362
2026-09-02T09:09:01.376939+07:00,c8_sim,146,3.586,326.991,6.558,38.754,0.011,375.900
2026-09-02T09:09:01.423176+07:00,c9_sim,337,2.543,326.991,5.900,39.763,0.011,375.208
2026-09-02T09:09:01.469333+07:00,c11_sim,466,4.937,326.991,6.952,38.682,0.013,377.575
2026-09-02T09:09:01.844317+07:00,c8_sim,147,3.675,326.181,8.695,39.222,0.014,377.787
2026-09-02T09:09:01.896497+07:00,c9_sim,338,2.557,326.181,9.576,41.939,0.038,380.291
2026-09-02T09:09:01.956839+07:00,c11_sim,467,5.405,326.181,18.535,40.885,0.069,391.074
2026-09-02T09:09:02.339218+07:00,c8_sim,148,3.677,333.464,6.950,40.933,0.015,385.040
2026-09-02T09:09:02.385027+07:00,c9_sim,339,2.542,333.464,6.702,38.538,0.029,381.275
2026-09-02T09:09:02.431149+07:00,c11_sim,468,5.596,333.464,6.850,38.547,0.016,384.474
2026-09-02T09:09:02.811597+07:00,c8_sim,149,3.722,329.692,6.976,43.109,0.014,383.512
2026-09-02T09:09:02.858672+07:00,c9_sim,340,2.574,329.692,7.332,39.149,0.013,378.759
2026-09-02T09:09:02.905187+07:00,c11_sim,469,3.804,329.692,7.039,38.889,0.011,379.435
2026-09-02T09:09:03.279950+07:00,c8_sim,150,3.908,327.979,6.864,38.872,0.015,377.637
2026-09-02T09:09:03.280064+07:00,c9_sim,341,14.250,327.979,0.000,0.000,0.002,342.232
2026-09-02T09:09:03.325797+07:00,c11_sim,470,3.331,327.979,6.183,39.019,0.015,376.527
2026-09-02T09:09:03.704223+07:00,c8_sim,151,3.716,331.409,6.826,39.205,0.015,381.171
2026-09-02T09:09:03.704296+07:00,c9_sim,342,4.467,331.409,0.000,0.000,0.002,335.878
2026-09-02T09:09:03.749749+07:00,c11_sim,471,4.071,331.409,6.181,38.748,0.024,380.433
2026-09-02T09:09:04.129489+07:00,c8_sim,152,3.746,332.065,7.349,39.239,0.020,382.419
2026-09-02T09:09:04.129564+07:00,c9_sim,343,2.500,332.065,0.000,0.000,0.002,334.567
2026-09-02T09:09:04.176125+07:00,c11_sim,472,6.227,332.065,6.917,39.085,0.014,384.308
2026-09-02T09:09:04.447781+07:00,c8_sim,153,3.763,225.506,6.931,38.621,0.020,274.842
2026-09-02T09:09:04.495611+07:00,c11_sim,473,5.775,225.506,6.597,40.584,0.070,278.533
2026-09-02T09:09:04.763553+07:00,c8_sim,154,3.747,222.329,6.471,38.579,0.015,271.141
2026-09-02T09:09:04.809503+07:00,c11_sim,474,3.403,222.329,6.534,38.624,0.015,270.906
2026-09-02T09:09:05.078257+07:00,c8_sim,155,3.561,222.570,6.518,39.088,0.033,271.771
2026-09-02T09:09:05.132658+07:00,c11_sim,475,4.347,222.570,12.339,40.976,0.019,280.251
2026-09-02T09:09:05.547699+07:00,c8_sim,156,6.573,360.158,7.306,46.444,0.014,420.495
2026-09-02T09:09:05.557311+07:00,c10_sim,124,2.900,360.158,9.075,0.000,0.005,372.139
2026-09-02T09:09:05.605064+07:00,c11_sim,476,4.542,360.158,6.058,40.630,0.015,411.403
2026-09-02T09:09:06.015708+07:00,c8_sim,157,8.181,361.662,6.789,41.591,0.015,418.238
2026-09-02T09:09:06.067471+07:00,c10_sim,125,4.739,361.662,6.685,44.455,0.034,417.574
2026-09-02T09:09:06.114469+07:00,c11_sim,477,4.893,361.662,5.940,40.481,0.022,412.999
2026-09-02T09:09:06.458652+07:00,c8_sim,158,5.699,343.678,0.000,0.000,0.009,349.385
2026-09-02T09:09:06.507346+07:00,c10_sim,126,5.023,343.678,7.257,40.774,0.036,396.767
2026-09-02T09:09:06.553681+07:00,c11_sim,478,5.449,343.678,5.836,39.975,0.014,394.952
2026-09-02T09:09:06.935901+07:00,c8_sim,159,4.643,334.085,6.952,39.535,0.016,385.232
2026-09-02T09:09:06.983177+07:00,c10_sim,127,4.175,334.085,6.642,39.091,0.081,384.075
2026-09-02T09:09:07.030749+07:00,c11_sim,479,5.703,334.085,6.833,40.177,0.022,386.820
2026-09-02T09:09:07.485689+07:00,c8_sim,160,3.556,381.755,24.113,47.747,0.034,457.205
2026-09-02T09:09:07.545849+07:00,c10_sim,128,3.655,381.755,15.703,43.424,0.095,444.633
2026-09-02T09:09:07.598442+07:00,c11_sim,480,6.276,381.755,11.129,40.857,0.019,440.036
2026-09-02T09:09:07.951656+07:00,c8_sim,161,3.286,352.773,0.000,0.000,0.035,356.094
2026-09-02T09:09:08.018392+07:00,c10_sim,129,3.300,352.773,22.953,42.575,0.020,421.621
2026-09-02T09:09:08.075650+07:00,c11_sim,481,3.214,352.773,15.077,41.335,0.025,412.424
2026-09-02T09:09:08.415561+07:00,c8_sim,162,3.209,338.338,0.000,0.000,0.040,341.586
2026-09-02T09:09:08.478369+07:00,c10_sim,130,3.078,338.338,21.279,40.126,0.028,402.848
2026-09-02T09:09:08.534392+07:00,c11_sim,482,4.618,338.338,14.605,40.620,0.022,398.202
2026-09-02T09:09:08.862400+07:00,c8_sim,163,3.270,327.583,0.000,0.000,0.010,330.863
2026-09-02T09:09:08.907630+07:00,c10_sim,131,3.246,327.583,7.140,37.616,0.011,375.595
2026-09-02T09:09:08.952653+07:00,c11_sim,483,5.039,327.583,5.889,38.643,0.014,377.167
2026-09-02T09:09:09.271770+07:00,c8_sim,164,3.593,318.987,0.000,0.000,0.008,322.588
2026-09-02T09:09:09.319439+07:00,c10_sim,132,3.080,318.987,6.876,40.140,0.020,369.104
2026-09-02T09:09:09.364402+07:00,c11_sim,484,3.324,318.987,6.353,38.066,0.021,366.751
2026-09-02T09:09:09.691968+07:00,c8_sim,165,3.604,327.058,0.000,0.000,0.007,330.670
2026-09-02T09:09:09.738891+07:00,c10_sim,133,3.163,327.058,7.140,39.106,0.012,376.479
2026-09-02T09:09:09.748282+07:00,c11_sim,485,4.191,327.058,8.884,0.000,0.005,340.138
2026-09-02T09:09:10.076252+07:00,c8_sim,166,3.695,327.553,0.000,0.000,0.007,331.255
2026-09-02T09:09:10.122449+07:00,c10_sim,134,3.180,327.553,6.814,38.734,0.012,376.293
2026-09-02T09:09:10.168399+07:00,c11_sim,486,6.430,327.553,6.431,38.923,0.029,379.366
2026-09-02T09:09:10.498279+07:00,c8_sim,167,3.387,329.755,0.000,0.000,0.006,333.148
2026-09-02T09:09:10.545296+07:00,c10_sim,135,9.336,329.755,7.439,38.949,0.012,385.492
2026-09-02T09:09:10.590849+07:00,c11_sim,487,5.085,329.755,6.016,38.983,0.027,379.866
2026-09-02T09:09:10.919037+07:00,c8_sim,168,3.508,328.073,0.000,0.000,0.006,331.587
2026-09-02T09:09:10.966460+07:00,c10_sim,136,7.157,328.073,6.775,39.040,0.287,381.332
2026-09-02T09:09:11.012222+07:00,c11_sim,488,5.611,328.073,5.998,38.828,0.013,378.523
2026-09-02T09:09:11.471579+07:00,c8_sim,169,3.603,458.417,0.000,0.000,0.020,462.040
2026-09-02T09:09:11.539119+07:00,c10_sim,137,5.469,458.417,22.053,43.668,0.124,529.731
2026-09-02T09:09:11.594048+07:00,c11_sim,489,5.735,458.417,13.117,41.009,0.013,518.290
2026-09-02T09:09:11.654875+07:00,c12_sim,39,2.729,458.417,18.251,41.522,0.270,521.190
2026-09-02T09:09:12.093531+07:00,c8_sim,170,3.654,438.363,0.000,0.000,0.033,442.051
2026-09-02T09:09:12.156824+07:00,c10_sim,138,7.897,438.363,21.095,41.041,0.019,508.415
2026-09-02T09:09:12.156973+07:00,c11_sim,490,4.883,438.363,0.000,0.000,0.006,443.252
2026-09-02T09:09:12.210140+07:00,c12_sim,40,5.899,438.363,12.778,39.624,0.096,496.760
2026-09-02T09:09:12.653861+07:00,c8_sim,171,3.789,442.181,0.000,0.000,0.031,446.001
2026-09-02T09:09:12.678149+07:00,c10_sim,139,8.896,442.181,22.044,0.007,0.223,473.352
2026-09-02T09:09:12.732997+07:00,c11_sim,491,5.346,442.181,14.367,38.832,0.017,500.744
2026-09-02T09:09:12.782127+07:00,c12_sim,41,8.289,442.181,10.430,37.958,0.013,498.872
2026-09-02T09:09:13.202479+07:00,c8_sim,172,3.613,420.188,0.000,0.000,0.011,423.812
2026-09-02T09:09:13.247315+07:00,c10_sim,140,4.424,420.188,6.590,37.618,0.009,468.830
2026-09-02T09:09:13.291318+07:00,c11_sim,492,5.695,420.188,6.072,37.281,0.010,469.246
2026-09-02T09:09:13.335922+07:00,c12_sim,42,6.057,420.188,5.998,38.023,0.010,470.275
2026-09-02T09:09:13.757581+07:00,c8_sim,173,3.949,421.349,0.000,0.000,0.007,425.305
2026-09-02T09:09:13.803608+07:00,c10_sim,141,9.020,421.349,6.589,38.640,0.014,475.612
2026-09-02T09:09:13.810295+07:00,c11_sim,493,6.475,421.349,6.116,0.002,0.007,433.950
2026-09-02T09:09:13.817043+07:00,c12_sim,43,5.326,421.349,5.780,0.002,0.006,432.463
2026-09-02T09:09:14.251288+07:00,c8_sim,174,10.611,433.865,0.000,0.000,0.007,444.483
2026-09-02T09:09:14.258495+07:00,c10_sim,142,4.594,433.865,6.609,0.002,0.007,445.078
2026-09-02T09:09:14.305234+07:00,c11_sim,494,5.407,433.865,5.897,39.917,0.010,485.097
2026-09-02T09:09:14.305306+07:00,c12_sim,44,9.182,433.865,0.000,0.000,0.003,443.050
2026-09-02T09:09:14.741338+07:00,c8_sim,175,5.453,435.672,0.000,0.000,0.216,441.342
2026-09-02T09:09:14.748791+07:00,c10_sim,143,4.462,435.672,6.583,0.003,0.015,446.735
2026-09-02T09:09:14.795656+07:00,c11_sim,495,5.645,435.672,5.820,39.995,0.012,487.145
2026-09-02T09:09:14.795747+07:00,c12_sim,45,7.243,435.672,0.000,0.000,0.002,442.918
2026-09-02T09:09:15.232419+07:00,c8_sim,176,3.778,435.730,0.000,0.000,0.004,439.512
2026-09-02T09:09:15.239739+07:00,c10_sim,144,3.110,435.730,6.773,0.002,0.008,445.624
2026-09-02T09:09:15.286825+07:00,c11_sim,496,6.388,435.730,6.109,40.068,0.012,488.308
2026-09-02T09:09:15.286908+07:00,c12_sim,46,6.835,435.730,0.000,0.000,0.002,442.568
2026-09-02T09:09:15.727169+07:00,c8_sim,177,3.923,440.171,0.000,0.000,0.003,444.097
2026-09-02T09:09:15.734140+07:00,c10_sim,145,3.276,440.171,6.475,0.002,0.008,449.932
2026-09-02T09:09:15.782849+07:00,c11_sim,497,6.103,440.171,6.212,41.702,0.011,494.200
2026-09-02T09:09:15.782908+07:00,c12_sim,47,7.669,440.171,0.000,0.000,0.002,447.842
2026-09-02T09:09:16.223504+07:00,c8_sim,178,3.466,440.506,0.000,0.000,0.004,443.976
2026-09-02T09:09:16.230574+07:00,c10_sim,146,3.150,440.506,6.591,0.002,0.009,450.258
2026-09-02T09:09:16.277420+07:00,c11_sim,498,4.714,440.506,5.879,39.911,0.011,491.021
2026-09-02T09:09:16.277479+07:00,c12_sim,48,4.144,440.506,0.000,0.000,0.003,444.652
2026-09-02T09:09:16.611901+07:00,c8_sim,179,3.666,334.322,0.000,0.000,0.004,337.992
2026-09-02T09:09:16.619523+07:00,c10_sim,147,3.968,334.322,6.995,0.002,0.082,345.370
2026-09-02T09:09:16.619906+07:00,c11_sim,499,5.688,334.322,0.000,0.000,0.171,340.181
2026-09-02T09:09:16.964578+07:00,c8_sim,180,3.539,344.568,0.000,0.000,0.013,348.120
2026-09-02T09:09:16.972288+07:00,c10_sim,148,3.111,344.568,7.192,0.002,0.009,354.882
2026-09-02T09:09:16.972350+07:00,c11_sim,500,5.634,344.568,0.000,0.000,0.002,350.204
2026-09-02T09:09:17.319848+07:00,c8_sim,181,3.606,347.400,0.000,0.000,0.004,351.010
2026-09-02T09:09:17.327737+07:00,c10_sim,149,3.312,347.400,7.330,0.002,0.009,358.053
2026-09-02T09:09:17.327804+07:00,c11_sim,501,5.052,347.400,0.000,0.000,0.002,352.454
2026-09-02T09:09:17.695575+07:00,c8_sim,182,3.704,367.676,0.000,0.000,0.004,371.384
2026-09-02T09:09:17.703233+07:00,c10_sim,150,3.089,367.676,7.034,0.002,0.007,377.808
2026-09-02T09:09:17.703325+07:00,c11_sim,502,4.490,367.676,0.000,0.000,0.002,372.168
2026-09-02T09:09:18.053309+07:00,c8_sim,183,3.582,349.908,0.000,0.000,0.004,353.494
2026-09-02T09:09:18.053363+07:00,c10_sim,151,3.113,349.908,0.000,0.000,0.004,353.026
2026-09-02T09:09:18.061460+07:00,c11_sim,503,5.974,349.908,7.538,0.000,0.005,363.424
2026-09-02T09:09:18.403593+07:00,c8_sim,184,3.646,342.033,0.000,0.000,0.003,345.682
2026-09-02T09:09:18.403645+07:00,c10_sim,152,3.181,342.033,0.000,0.000,0.005,345.219
2026-09-02T09:09:18.403667+07:00,c11_sim,504,3.480,342.033,0.000,0.000,0.002,345.515
2026-09-02T09:09:18.741936+07:00,c8_sim,185,3.845,338.189,0.000,0.000,0.005,342.039
2026-09-02T09:09:18.749468+07:00,c10_sim,153,3.155,338.189,6.902,0.002,0.029,348.278
2026-09-02T09:09:18.756561+07:00,c11_sim,505,3.160,338.189,5.964,0.001,0.029,347.344
2026-09-02T09:09:18.980499+07:00,c8_sim,186,3.623,223.844,0.000,0.000,0.003,227.471
2026-09-02T09:09:18.987528+07:00,c11_sim,506,4.258,223.844,6.326,0.002,0.007,234.437
2026-09-02T09:09:19.214013+07:00,c8_sim,187,3.539,226.383,0.000,0.000,0.004,229.927
2026-09-02T09:09:19.221251+07:00,c11_sim,507,3.311,226.383,6.441,0.002,0.032,236.169
2026-09-02T09:09:19.466089+07:00,c8_sim,188,3.879,244.721,0.000,0.000,0.004,248.603
2026-09-02T09:09:19.472793+07:00,c11_sim,508,3.284,244.721,6.166,0.002,0.008,254.181
2026-09-02T09:09:19.610075+07:00,c11_sim,509,3.434,130.279,6.414,0.002,0.030,140.159
2026-09-02T09:09:19.785790+07:00,c11_sim,510,3.255,122.225,5.957,46.938,0.043,178.417
2026-09-02T09:09:19.967023+07:00,c11_sim,511,3.261,122.448,18.017,39.793,0.029,183.549
2026-09-02T09:09:20.156486+07:00,c11_sim,512,3.243,128.499,19.831,40.182,0.019,191.775
2026-09-02T09:09:20.294482+07:00,c11_sim,513,3.353,121.297,15.532,0.005,0.263,140.451
2026-09-02T09:09:20.470020+07:00,c11_sim,514,3.459,120.424,14.573,39.679,0.021,178.155
2026-09-02T09:09:20.642395+07:00,c11_sim,515,3.247,119.937,14.386,37.210,0.015,174.794
2026-09-02T09:09:20.813209+07:00,c11_sim,516,3.305,117.597,15.718,36.624,0.048,173.293
2026-09-02T09:09:20.982447+07:00,c11_sim,517,3.314,116.356,14.296,37.736,0.040,171.742
2026-09-02T09:09:21.153510+07:00,c11_sim,518,3.455,115.353,17.472,37.330,0.042,173.652
2026-09-02T09:09:21.318719+07:00,c11_sim,519,3.190,112.937,13.622,37.790,0.017,167.556
2026-09-02T09:09:21.488838+07:00,c11_sim,520,3.463,116.258,15.642,37.393,0.014,172.770
2026-09-02T09:09:21.658526+07:00,c11_sim,521,3.480,116.009,15.899,36.975,0.015,172.379
2026-09-02T09:09:21.821591+07:00,c11_sim,522,3.668,113.551,11.301,37.432,0.017,165.969
2026-09-02T09:09:21.987893+07:00,c11_sim,523,3.375,115.591,12.885,37.018,0.016,168.885
2026-09-02T09:09:22.156522+07:00,c11_sim,524,3.516,116.329,14.725,36.159,0.044,170.774
2026-09-02T09:09:22.322205+07:00,c11_sim,525,3.893,119.380,8.292,37.314,0.037,168.916
2026-09-02T09:09:22.484806+07:00,c11_sim,526,3.526,114.360,7.942,39.578,0.053,165.460
2026-09-02T09:09:22.655779+07:00,c11_sim,527,3.211,120.555,9.083,40.660,0.025,173.533
2026-09-02T09:09:22.830301+07:00,c11_sim,528,3.258,122.456,11.834,39.434,0.028,177.011
2026-09-02T09:09:23.004741+07:00,c11_sim,529,3.569,125.532,8.094,40.182,0.019,177.395
2026-09-02T09:09:23.186046+07:00,c11_sim,530,3.150,125.367,12.341,42.812,0.021,183.690
2026-09-02T09:09:23.368406+07:00,c11_sim,531,3.316,128.003,13.000,40.518,0.055,184.893
2026-09-02T09:09:23.551680+07:00,c11_sim,532,3.271,126.838,12.602,42.838,0.046,185.595
2026-09-02T09:09:23.741841+07:00,c11_sim,533,3.438,130.295,16.616,42.326,0.051,192.726
2026-09-02T09:09:23.927848+07:00,c11_sim,534,3.293,127.571,16.297,41.156,0.050,188.367
2026-09-02T09:09:24.112424+07:00,c11_sim,535,3.258,126.971,16.081,40.517,0.019,186.845
2026-09-02T09:09:24.293670+07:00,c11_sim,536,3.284,124.857,14.393,41.076,0.022,183.631
2026-09-02T09:09:24.474816+07:00,c11_sim,537,3.155,124.056,16.308,39.795,0.054,183.368
2026-09-02T09:09:24.650166+07:00,c11_sim,538,6.748,121.716,14.423,38.279,0.021,181.187
2026-09-02T09:09:24.826980+07:00,c11_sim,539,5.466,119.804,14.873,41.094,0.078,181.316
2026-09-02T09:09:25.000271+07:00,c11_sim,540,5.494,120.473,12.919,39.056,0.021,177.963
2026-09-02T09:09:25.172140+07:00,c11_sim,541,7.802,118.582,14.548,37.848,0.018,178.799
2026-09-02T09:09:25.343158+07:00,c11_sim,542,6.944,117.584,15.165,37.410,0.058,177.162
2026-09-02T09:09:25.511315+07:00,c11_sim,543,6.593,115.271,14.019,37.986,0.023,173.891
2026-09-02T09:09:25.682543+07:00,c11_sim,544,5.256,116.312,14.814,39.216,0.023,175.621
2026-09-02T09:09:25.853015+07:00,c11_sim,545,6.302,118.479,13.649,37.425,0.055,175.910
2026-09-02T09:09:26.024535+07:00,c11_sim,546,6.829,117.972,15.036,37.643,0.021,177.501
2026-09-02T09:09:26.196529+07:00,c11_sim,547,6.442,117.023,14.702,39.413,0.064,177.646
2026-09-02T09:09:26.368266+07:00,c11_sim,548,6.455,116.865,14.183,39.510,0.094,177.106
2026-09-02T09:09:26.542295+07:00,c11_sim,549,4.702,118.169,16.746,38.275,0.021,177.913
2026-09-02T09:09:26.714636+07:00,c11_sim,550,4.628,116.672,15.461,39.379,0.020,176.160
2026-09-02T09:09:26.883696+07:00,c11_sim,551,4.242,116.775,12.680,38.782,0.022,172.500
2026-09-02T09:09:27.016988+07:00,c11_sim,552,5.534,117.108,15.374,0.000,0.015,138.030
2026-09-02T09:09:27.186634+07:00,c11_sim,553,3.713,117.523,13.123,37.334,0.071,171.764
2026-09-02T09:09:27.357363+07:00,c11_sim,554,5.631,116.139,15.780,38.021,0.015,175.585
2026-09-02T09:09:27.529274+07:00,c11_sim,555,5.060,116.644,17.604,36.840,0.016,176.164
2026-09-02T09:09:27.699990+07:00,c11_sim,556,4.776,116.417,14.924,38.435,0.016,174.569
2026-09-02T09:09:27.829274+07:00,c11_sim,557,5.657,114.738,13.690,0.004,0.019,134.108
2026-09-02T09:09:27.959059+07:00,c11_sim,558,6.223,116.346,12.570,0.003,0.014,135.156
2026-09-02T09:09:28.089979+07:00,c11_sim,559,5.589,114.424,13.677,0.003,0.013,133.707
2026-09-02T09:09:28.203597+07:00,c11_sim,560,6.765,113.123,0.000,0.000,0.009,119.897
2026-09-02T09:09:28.330853+07:00,c11_sim,561,7.331,126.328,0.000,0.000,0.021,133.680
2026-09-02T09:09:28.455632+07:00,c11_sim,562,6.271,124.483,0.000,0.000,0.021,130.776
2026-09-02T09:09:28.624440+07:00,c11_sim,563,6.009,132.264,34.592,0.000,0.028,172.894
2026-09-02T09:09:28.801859+07:00,c11_sim,564,5.891,127.608,8.828,40.061,0.164,182.553
2026-09-02T09:09:28.938204+07:00,c11_sim,565,5.835,126.093,8.806,0.003,0.079,140.815
2026-09-02T09:09:29.136806+07:00,c11_sim,566,5.550,137.453,13.020,44.507,1.468,201.999
2026-09-02T09:09:29.333510+07:00,c11_sim,567,6.706,138.239,12.986,43.949,0.048,201.928
2026-09-02T09:09:29.521980+07:00,c11_sim,568,7.407,130.126,15.554,41.901,0.019,195.006
2026-09-02T09:09:29.709296+07:00,c11_sim,569,7.250,128.678,15.901,41.710,0.018,193.556
2026-09-02T09:09:29.890394+07:00,c11_sim,570,5.012,131.110,8.673,40.599,0.019,185.412
2026-09-02T09:09:30.078101+07:00,c11_sim,571,6.224,128.373,17.263,40.840,0.105,192.805
2026-09-02T09:09:30.262434+07:00,c11_sim,572,6.092,126.880,15.030,41.458,0.016,189.476
2026-09-02T09:09:30.448130+07:00,c11_sim,573,6.607,128.918,14.496,41.175,0.017,191.212
2026-09-02T09:09:30.637989+07:00,c11_sim,574,7.392,128.702,16.598,43.200,0.351,196.243
2026-09-02T09:09:30.824920+07:00,c11_sim,575,5.095,130.671,15.152,40.132,0.034,191.085
2026-09-02T09:09:31.007151+07:00,c11_sim,576,5.783,126.371,15.089,39.786,0.014,187.043
2026-09-02T09:09:31.189301+07:00,c11_sim,577,7.205,123.953,15.996,40.358,0.095,187.607
2026-09-02T09:09:31.368536+07:00,c11_sim,578,6.827,123.036,15.011,40.234,0.085,185.194
2026-09-02T09:09:31.548676+07:00,c11_sim,579,5.225,122.271,16.302,40.729,0.015,184.542
2026-09-02T09:09:31.730086+07:00,c11_sim,580,7.399,123.042,15.964,41.578,0.017,188.000
2026-09-02T09:09:31.910749+07:00,c11_sim,581,8.236,123.423,16.306,39.799,0.024,187.787
2026-09-02T09:09:32.089353+07:00,c11_sim,582,4.436,122.702,15.490,39.461,0.021,182.109
2026-09-02T09:09:32.260684+07:00,c11_sim,583,4.300,117.798,15.180,37.469,0.024,174.771
2026-09-02T09:09:32.433616+07:00,c11_sim,584,7.722,117.569,15.784,38.771,0.020,179.866
2026-09-02T09:09:32.603179+07:00,c11_sim,585,5.852,116.764,13.758,38.277,0.018,174.670
2026-09-02T09:09:32.774895+07:00,c11_sim,586,6.189,116.280,16.297,37.540,0.021,176.327
2026-09-02T09:09:32.944845+07:00,c11_sim,587,6.221,115.675,14.630,38.836,0.022,175.385
2026-09-02T09:09:33.119591+07:00,c11_sim,588,6.798,115.982,16.213,41.616,0.037,180.646
2026-09-02T09:09:33.289531+07:00,c11_sim,589,7.198,114.951,16.546,37.552,0.028,176.275
2026-09-02T09:09:33.455806+07:00,c11_sim,590,7.247,113.547,14.394,37.450,0.020,172.659
2026-09-02T09:09:33.624788+07:00,c11_sim,591,6.602,114.790,15.703,37.674,0.020,174.790
2026-09-02T09:09:33.782178+07:00,c11_sim,592,6.731,111.729,9.083,35.732,0.023,163.298
2026-09-02T09:09:33.946521+07:00,c11_sim,593,6.996,112.825,12.500,38.198,0.019,170.538
2026-09-02T09:09:34.117737+07:00,c11_sim,594,7.067,116.668,15.322,38.317,0.021,177.395
2026-09-02T09:09:34.287116+07:00,c11_sim,595,5.169,114.817,15.467,38.296,0.024,173.773
2026-09-02T09:09:34.459754+07:00,c11_sim,596,5.827,116.374,15.501,39.932,0.022,177.657
2026-09-02T09:09:34.633165+07:00,c11_sim,597,5.379,118.805,15.128,38.641,0.023,177.976
2026-09-02T09:09:34.803784+07:00,c11_sim,598,5.954,116.866,14.805,38.081,0.020,175.725
2026-09-02T09:09:34.972707+07:00,c11_sim,599,6.905,115.282,14.128,37.801,0.021,174.136
2026-09-02T09:09:35.145447+07:00,c11_sim,600,6.368,116.838,18.047,36.988,0.024,178.264
2026-09-02T09:09:35.306955+07:00,c11_sim,601,7.408,114.921,9.375,36.458,0.016,168.178
2026-09-02T09:09:35.468529+07:00,c11_sim,602,5.346,111.417,12.640,36.786,0.021,166.210
2026-09-02T09:09:35.635891+07:00,c11_sim,603,5.737,114.071,13.673,38.754,0.022,172.257
2026-09-02T09:09:35.806105+07:00,c11_sim,604,6.476,117.727,13.731,37.879,0.022,175.834
2026-09-02T09:09:35.975572+07:00,c11_sim,605,6.546,115.652,14.127,37.397,0.021,173.744
2026-09-02T09:09:36.146554+07:00,c11_sim,606,7.463,116.471,16.806,36.873,0.024,177.637
2026-09-02T09:09:36.315417+07:00,c11_sim,607,4.063,114.988,13.633,39.461,0.021,172.167
2026-09-02T09:09:36.498390+07:00,c11_sim,608,5.447,117.401,21.656,41.144,0.021,185.668
2026-09-02T09:09:36.686797+07:00,c11_sim,609,5.763,130.389,15.992,40.908,0.023,193.074
2026-09-02T09:09:36.865805+07:00,c11_sim,610,7.048,124.311,14.808,39.082,0.024,185.274
2026-09-02T09:09:37.041070+07:00,c11_sim,611,6.789,120.596,14.432,39.358,0.023,181.197
2026-09-02T09:09:37.225679+07:00,c11_sim,612,5.941,130.046,12.614,40.515,0.038,189.155
2026-09-02T09:09:37.400701+07:00,c11_sim,613,5.754,123.453,12.792,37.859,0.025,179.882
2026-09-02T09:09:37.575370+07:00,c11_sim,614,5.824,119.340,13.153,40.749,0.021,179.086
2026-09-02T09:09:37.753956+07:00,c11_sim,615,4.943,121.952,16.047,39.740,0.020,182.702
2026-09-02T09:09:37.930166+07:00,c11_sim,616,6.856,119.272,14.885,41.064,0.041,182.117
2026-09-02T09:09:38.097271+07:00,c11_sim,617,7.456,121.214,7.935,37.361,0.021,173.987
2026-09-02T09:09:38.259297+07:00,c11_sim,618,5.641,116.623,7.156,37.668,0.021,167.108
2026-09-02T09:09:38.430119+07:00,c11_sim,619,5.860,120.617,10.727,38.784,0.025,176.011
2026-09-02T09:09:38.609634+07:00,c11_sim,620,5.695,124.114,13.460,40.996,0.019,184.284
2026-09-02T09:09:38.796662+07:00,c11_sim,621,5.721,128.426,16.542,40.317,0.030,191.036
2026-09-02T09:09:38.982110+07:00,c11_sim,622,6.145,126.615,18.025,39.749,0.023,190.556
2026-09-02T09:09:39.170278+07:00,c11_sim,623,6.399,126.392,19.200,41.530,0.024,193.545
2026-09-02T09:09:39.348920+07:00,c11_sim,624,4.480,123.965,15.566,38.305,0.020,182.335
2026-09-02T09:09:39.525386+07:00,c11_sim,625,6.726,121.428,15.097,39.126,0.022,182.398
2026-09-02T09:09:39.698324+07:00,c11_sim,626,5.606,119.657,15.493,36.949,0.019,177.724
2026-09-02T09:09:39.872327+07:00,c11_sim,627,5.736,118.692,15.615,38.712,0.021,178.776
2026-09-02T09:09:40.045540+07:00,c11_sim,628,5.770,118.272,14.973,39.087,0.024,178.125
2026-09-02T09:09:40.213582+07:00,c11_sim,629,3.544,116.364,13.389,37.443,0.017,170.757
2026-09-02T09:09:40.380031+07:00,c11_sim,630,5.500,114.199,13.254,37.728,0.019,170.699
2026-09-02T09:09:40.551926+07:00,c11_sim,631,6.295,116.889,16.213,37.906,0.022,177.324
2026-09-02T09:09:40.718112+07:00,c11_sim,632,7.137,114.711,14.463,36.204,0.024,172.539
2026-09-02T09:09:40.852896+07:00,c11_sim,633,6.437,121.098,12.846,0.003,0.016,140.399
2026-09-02T09:09:40.991202+07:00,c11_sim,634,5.778,122.196,14.798,0.004,0.019,142.794
2026-09-02T09:09:41.125478+07:00,c11_sim,635,5.334,117.126,15.198,0.003,0.015,137.675
2026-09-02T09:09:41.257909+07:00,c11_sim,636,5.739,117.341,14.259,0.002,0.012,137.354
2026-09-02T09:09:41.388044+07:00,c11_sim,637,7.382,116.097,13.192,0.003,0.014,136.689
2026-09-02T09:09:41.525287+07:00,c11_sim,638,5.833,119.368,15.627,0.003,0.015,140.846
2026-09-02T09:09:41.657450+07:00,c11_sim,639,6.942,117.077,14.067,0.003,0.013,138.102
2026-09-02T09:09:41.785263+07:00,c11_sim,640,5.565,115.120,12.024,0.002,0.011,132.723
2026-09-02T09:09:41.913356+07:00,c11_sim,641,5.456,113.521,13.186,0.002,0.013,132.178
2026-09-02T09:09:42.038557+07:00,c11_sim,642,5.561,113.578,10.973,0.003,0.013,130.128
2026-09-02T09:09:42.165205+07:00,c11_sim,643,6.218,112.967,12.864,0.003,0.014,132.066
2026-09-02T09:09:42.291190+07:00,c11_sim,644,5.104,111.494,13.084,0.004,0.019,129.705
2026-09-02T09:09:42.431940+07:00,c11_sim,645,7.504,140.561,0.000,0.000,0.007,148.072
2026-09-02T09:09:42.556224+07:00,c11_sim,646,5.051,109.969,13.547,0.003,0.013,128.582
2026-09-02T09:09:42.667180+07:00,c11_sim,647,4.811,110.782,0.000,0.000,0.009,115.603
2026-09-02T09:09:42.781484+07:00,c11_sim,648,5.479,114.107,0.000,0.000,0.013,119.600
2026-09-02T09:09:42.896815+07:00,c11_sim,649,6.535,115.084,0.000,0.000,0.014,121.633
2026-09-02T09:09:43.010222+07:00,c11_sim,650,34.471,113.155,0.000,0.000,0.013,147.639
2026-09-02T09:09:43.227233+07:00,c11_sim,651,7.291,216.775,0.000,0.000,0.015,224.081
2026-09-02T09:09:43.248599+07:00,c12_sim,49,6.299,216.775,20.518,0.000,0.019,243.611
2026-09-02T09:09:43.453900+07:00,c11_sim,652,7.654,205.036,0.000,0.000,0.015,212.705
2026-09-02T09:09:43.511483+07:00,c12_sim,50,7.491,205.036,19.125,37.047,0.326,269.025
2026-09-02T09:09:43.622263+07:00,c12_sim,51,8.570,110.582,0.000,0.000,0.034,119.187
2026-09-02T09:09:43.735661+07:00,c12_sim,52,6.195,113.170,0.000,0.000,0.014,119.379
2026-09-02T09:09:43.880438+07:00,c12_sim,53,6.692,115.191,0.000,0.000,0.016,121.899
2026-09-02T09:09:44.072717+07:00,c12_sim,54,9.567,110.621,0.000,0.000,0.015,120.204
2026-09-02T09:09:44.315134+07:00,c12_sim,55,8.917,132.978,0.000,0.000,0.018,141.913
2026-09-02T09:09:44.493370+07:00,c12_sim,56,8.752,106.112,19.123,0.000,0.017,134.005
2026-09-02T09:09:44.712801+07:00,c12_sim,57,7.923,129.781,0.000,0.000,0.018,137.722
2026-09-02T09:09:44.870437+07:00,c12_sim,58,9.967,103.849,0.000,0.000,0.496,114.313
2026-09-02T09:09:45.086428+07:00,c12_sim,59,7.690,125.725,0.000,0.000,0.040,133.456
2026-09-02T09:09:45.287842+07:00,c12_sim,60,8.782,114.785,0.000,0.000,0.016,123.582
2026-09-02T09:09:45.464341+07:00,c12_sim,61,9.474,100.882,0.000,0.000,0.013,110.369
2026-09-02T09:09:45.713872+07:00,c10_sim,154,7.385,119.925,22.432,0.000,0.019,149.761
2026-09-02T09:09:45.884069+07:00,c10_sim,155,8.235,94.619,14.425,0.005,0.269,117.552
2026-09-02T09:09:46.103722+07:00,c10_sim,156,6.550,115.995,17.206,0.004,0.017,139.772
2026-09-02T09:09:46.310769+07:00,c10_sim,157,8.390,110.975,7.880,0.003,0.011,127.259
2026-09-02T09:09:46.498478+07:00,c10_sim,158,6.163,90.885,13.375,30.103,0.016,140.543
2026-09-02T09:09:46.728953+07:00,c10_sim,159,7.622,93.619,16.472,29.437,0.013,147.163
2026-09-02T09:09:46.891058+07:00,c10_sim,160,6.841,90.147,12.808,29.615,0.013,139.425
2026-09-02T09:09:47.209787+07:00,c10_sim,161,7.130,177.703,19.089,33.691,0.016,237.628
2026-09-02T09:09:47.345867+07:00,c10_sim,162,8.414,93.407,12.550,29.369,0.015,143.755
2026-09-02T09:09:47.509524+07:00,c10_sim,163,6.054,91.862,14.036,29.572,0.016,141.539
2026-09-02T09:09:47.708030+07:00,c10_sim,164,7.499,93.155,14.626,29.996,0.014,145.290
2026-09-02T09:09:47.926180+07:00,c10_sim,165,6.822,95.366,16.005,30.941,0.294,149.428
2026-09-02T09:09:48.120539+07:00,c10_sim,166,7.344,93.354,16.350,29.953,0.018,147.019
2026-09-02T09:09:48.316244+07:00,c10_sim,167,7.668,92.698,13.396,30.289,0.014,144.065
2026-09-02T09:09:48.509074+07:00,c10_sim,168,7.505,93.284,15.657,29.732,0.018,146.195
2026-09-02T09:09:48.707742+07:00,c10_sim,169,6.863,94.820,14.328,30.058,0.014,146.083
2026-09-02T09:09:48.904291+07:00,c10_sim,170,6.716,93.928,13.635,30.758,0.013,145.051
2026-09-02T09:09:49.124825+07:00,c10_sim,171,6.666,97.241,19.314,30.742,0.012,153.974
2026-09-02T09:09:49.320943+07:00,c10_sim,172,6.320,97.333,14.211,29.021,0.011,146.897
2026-09-02T09:09:49.523729+07:00,c10_sim,173,7.177,96.594,14.813,30.586,0.012,149.182
2026-09-02T09:09:49.717426+07:00,c10_sim,174,5.100,90.428,11.943,30.550,0.018,138.038
2026-09-02T09:09:49.904610+07:00,c10_sim,175,7.358,90.114,12.449,28.389,0.042,138.352
2026-09-02T09:09:50.090536+07:00,c10_sim,176,6.809,90.621,14.104,28.692,0.021,140.247
2026-09-02T09:09:50.283539+07:00,c11_sim,653,7.677,95.193,17.811,0.000,0.016,120.698
2026-09-02T09:09:50.510925+07:00,c11_sim,654,8.451,117.296,18.848,0.005,0.228,144.828
2026-09-02T09:09:50.724679+07:00,c11_sim,655,8.254,118.787,17.960,0.003,0.212,145.217
2026-09-02T09:09:50.893023+07:00,c11_sim,656,6.871,93.231,14.201,0.004,0.018,114.325
2026-09-02T09:09:51.119578+07:00,c11_sim,657,7.951,126.598,0.000,0.000,0.015,134.565
2026-09-02T09:09:51.319541+07:00,c11_sim,658,9.996,94.814,19.634,0.003,0.217,124.663
2026-09-02T09:09:51.513822+07:00,c11_sim,659,7.232,92.710,16.834,29.533,0.013,146.322
2026-09-02T09:09:51.713280+07:00,c11_sim,660,6.805,93.178,15.867,29.685,0.013,145.548
2026-09-02T09:09:51.935443+07:00,c11_sim,661,7.334,95.774,14.440,29.216,0.228,146.992
2026-09-02T09:09:52.125770+07:00,c11_sim,662,7.205,90.926,13.970,29.236,0.024,141.361
2026-09-02T09:09:52.322686+07:00,c11_sim,663,8.129,92.685,13.925,29.546,0.014,144.299
2026-09-02T09:09:52.519989+07:00,c11_sim,664,7.931,93.401,14.768,30.070,0.013,146.184
2026-09-02T09:09:52.716086+07:00,c11_sim,665,7.344,92.679,13.373,29.292,0.013,142.701
2026-09-02T09:09:52.905007+07:00,c11_sim,666,6.974,91.308,13.007,29.733,0.013,141.036
2026-09-02T09:09:53.123927+07:00,c11_sim,667,6.507,96.901,15.051,29.912,0.014,148.385
2026-09-02T09:09:53.315453+07:00,c11_sim,668,6.879,94.205,15.125,30.812,0.013,147.035
2026-09-02T09:09:53.538761+07:00,c11_sim,669,6.823,96.154,16.305,30.089,0.016,149.387
2026-09-02T09:09:53.740852+07:00,c11_sim,670,7.587,96.158,14.736,30.178,0.014,148.673
2026-09-02T09:09:53.937925+07:00,c11_sim,671,7.312,94.440,15.337,30.661,0.014,147.764
2026-09-02T09:09:54.133023+07:00,c11_sim,672,7.571,93.743,16.002,30.619,0.014,147.949
2026-09-02T09:09:54.334549+07:00,c11_sim,673,7.204,96.753,18.174,30.439,0.017,152.587
2026-09-02T09:09:54.532733+07:00,c11_sim,674,3.962,96.830,14.539,30.471,0.015,145.816
2026-09-02T09:09:54.732012+07:00,c11_sim,675,7.308,94.224,14.601,29.700,0.022,145.855
2026-09-02T09:09:54.930785+07:00,c11_sim,676,7.587,93.678,14.629,29.575,0.018,145.488
2026-09-02T09:09:55.131106+07:00,c11_sim,677,7.646,93.518,16.256,29.788,0.019,147.228
2026-09-02T09:09:55.328929+07:00,c11_sim,678,8.037,93.669,14.272,29.112,0.018,145.108
2026-09-02T09:09:55.522985+07:00,c11_sim,679,6.606,93.724,14.804,31.124,0.018,146.276
2026-09-02T09:09:55.718919+07:00,c11_sim,680,6.896,94.957,14.115,29.947,0.022,145.937
2026-09-02T09:09:55.916979+07:00,c11_sim,681,7.092,92.975,13.670,30.650,0.019,144.407
2026-09-02T09:09:56.116551+07:00,c11_sim,682,6.612,94.175,15.401,29.216,0.019,145.422
2026-09-02T09:09:56.312024+07:00,c11_sim,683,6.691,93.769,15.538,28.246,0.019,144.263
2026-09-02T09:09:56.571411+07:00,c11_sim,684,7.246,127.145,18.614,30.006,0.022,183.033
2026-09-02T09:09:56.740290+07:00,c11_sim,685,6.144,94.308,15.073,28.807,0.018,144.349
2026-09-02T09:09:56.937912+07:00,c11_sim,686,7.369,92.627,14.071,30.597,0.019,144.683
2026-09-02T09:09:57.134645+07:00,c11_sim,687,4.419,92.326,12.494,31.069,0.029,140.337
2026-09-02T09:09:57.304139+07:00,c11_sim,688,7.471,94.724,13.970,0.004,0.018,116.187
2026-09-02T09:09:57.486855+07:00,c11_sim,689,6.880,94.416,14.985,0.003,0.016,116.301
2026-09-02T09:09:57.738403+07:00,c11_sim,690,8.199,119.609,18.015,0.003,0.011,145.837
2026-09-02T09:09:57.905619+07:00,c11_sim,691,7.877,94.015,15.380,0.004,0.019,117.294
2026-09-02T09:09:58.123654+07:00,c11_sim,692,7.356,116.171,17.709,0.002,0.010,141.249
2026-09-02T09:09:58.280649+07:00,c11_sim,693,7.068,91.127,13.618,0.005,0.016,111.834
2026-09-02T09:09:58.569360+07:00,c11_sim,694,8.150,120.979,18.888,29.461,0.019,177.497
2026-09-02T09:09:58.701975+07:00,c11_sim,695,5.549,90.015,12.160,29.795,0.016,137.537
2026-09-02T09:09:58.921167+07:00,c11_sim,696,7.822,92.751,13.329,30.004,0.020,143.926
2026-09-02T09:09:59.116616+07:00,c11_sim,697,6.710,95.512,12.826,29.511,0.019,144.578
2026-09-02T09:09:59.328683+07:00,c11_sim,698,6.914,94.003,15.321,28.564,0.017,144.821
2026-09-02T09:09:59.527372+07:00,c11_sim,699,6.362,93.593,15.587,28.697,0.018,144.258
2026-09-02T09:09:59.730746+07:00,c11_sim,700,6.506,97.163,15.637,29.685,0.018,149.009
2026-09-02T09:09:59.923196+07:00,c11_sim,701,6.445,92.892,13.562,30.006,0.019,142.924
2026-09-02T09:10:00.119800+07:00,c11_sim,702,7.263,92.881,14.135,28.799,0.018,143.096
2026-09-02T09:10:00.338212+07:00,c11_sim,703,6.793,95.729,14.566,28.715,0.019,145.822
2026-09-02T09:10:00.540085+07:00,c11_sim,704,7.075,96.536,15.875,30.152,0.017,149.655
2026-09-02T09:10:00.724447+07:00,c11_sim,705,6.823,92.370,14.293,27.859,0.017,141.362
2026-09-02T09:10:00.918210+07:00,c11_sim,706,6.515,92.867,14.001,28.645,0.021,142.049
2026-09-02T09:10:01.112678+07:00,c11_sim,707,7.691,91.322,13.601,28.770,0.018,141.402
2026-09-02T09:10:01.339559+07:00,c11_sim,708,6.904,96.775,13.518,30.335,0.018,147.550
2026-09-02T09:10:01.527623+07:00,c11_sim,709,11.521,92.616,14.522,29.565,0.016,148.240
2026-09-02T09:10:01.726812+07:00,c11_sim,710,7.465,93.244,15.607,29.583,0.017,145.917
2026-09-02T09:10:01.912830+07:00,c11_sim,711,7.504,92.391,14.256,29.415,0.018,143.583
2026-09-02T09:10:02.091791+07:00,c11_sim,712,7.005,97.878,0.000,0.000,0.011,104.894
2026-09-02T09:10:02.306316+07:00,c11_sim,713,10.223,119.123,0.000,0.000,0.012,129.358
2026-09-02T09:10:02.491374+07:00,c11_sim,714,9.437,99.813,0.000,0.000,0.013,109.262
2026-09-02T09:10:02.788729+07:00,c11_sim,715,10.735,181.430,0.000,0.000,0.014,192.180
2026-09-02T09:10:02.889534+07:00,c11_sim,716,6.588,100.575,0.000,0.000,0.017,107.180
2026-09-02T09:10:03.127244+07:00,c11_sim,717,14.660,123.548,0.000,0.000,0.013,138.222
2026-09-02T09:10:03.276451+07:00,c11_sim,718,10.844,91.902,0.000,0.000,0.013,102.758
2026-09-02T09:10:03.503552+07:00,c9_sim,344,6.920,114.449,0.000,0.000,0.014,121.383
2026-09-02T09:10:03.671625+07:00,c9_sim,345,10.275,91.188,0.000,0.000,0.010,101.473
2026-09-02T09:10:03.933752+07:00,c9_sim,346,8.642,124.599,0.000,0.000,0.013,133.253
2026-09-02T09:10:04.083352+07:00,c9_sim,347,8.100,92.601,0.000,0.000,0.012,100.712
2026-09-02T09:10:04.298651+07:00,c9_sim,348,8.636,112.270,0.000,0.000,0.012,120.919
2026-09-02T09:10:04.518294+07:00,c9_sim,349,8.455,115.696,0.000,0.000,0.012,124.164
2026-09-02T09:10:04.690468+07:00,c9_sim,350,6.640,93.271,0.000,0.000,0.013,99.923
2026-09-02T09:10:04.900965+07:00,c9_sim,351,8.032,110.695,0.000,0.000,0.013,118.740
2026-09-02T09:10:05.074188+07:00,c9_sim,352,7.892,90.528,0.000,0.000,0.013,98.433
2026-09-02T09:10:05.335708+07:00,c9_sim,353,8.223,115.379,20.450,0.000,0.016,144.068
2026-09-02T09:10:05.523570+07:00,c9_sim,354,6.182,89.934,14.262,28.410,0.049,138.838
2026-09-02T09:10:05.671629+07:00,c9_sim,355,5.091,89.371,0.000,0.000,0.426,94.888
2026-09-02T09:10:05.916892+07:00,c9_sim,356,8.767,110.178,0.000,0.000,0.034,118.979
2026-09-02T09:10:06.074158+07:00,c9_sim,357,8.684,90.278,0.000,0.000,0.012,98.974
2026-09-02T09:10:06.330985+07:00,c9_sim,358,8.061,118.536,0.000,0.000,0.012,126.608
2026-09-02T09:10:06.500434+07:00,c9_sim,359,9.130,92.584,0.000,0.000,0.011,101.726
2026-09-02T09:10:06.720606+07:00,c9_sim,360,8.295,91.364,17.891,28.536,0.039,146.124
2026-09-02T09:10:06.871607+07:00,c9_sim,361,6.179,90.589,0.000,0.000,0.009,96.776
2026-09-02T09:10:07.116213+07:00,c9_sim,362,8.894,113.112,0.000,0.000,0.013,122.019
2026-09-02T09:10:07.286601+07:00,c9_sim,363,9.062,92.113,0.000,0.000,0.011,101.186
2026-09-02T09:10:07.562408+07:00,c9_sim,364,9.251,123.693,19.382,27.217,0.038,179.582
2026-09-02T09:10:07.714969+07:00,c9_sim,365,5.991,88.770,13.075,28.101,0.034,135.971
2026-09-02T09:10:07.921254+07:00,c9_sim,366,5.836,90.516,13.315,27.747,0.014,137.428
2026-09-02T09:10:08.128081+07:00,c9_sim,367,6.274,90.236,14.409,27.462,0.013,138.395
2026-09-02T09:10:08.314535+07:00,c9_sim,368,5.828,89.515,13.250,27.663,0.040,136.297
2026-09-02T09:10:08.534655+07:00,c9_sim,369,5.475,90.934,14.363,27.917,0.032,138.721
2026-09-02T09:10:08.722561+07:00,c9_sim,370,6.318,89.738,14.305,27.759,0.014,138.133
2026-09-02T09:10:08.900165+07:00,c9_sim,371,6.791,94.350,0.000,0.000,0.013,101.155
2026-09-02T09:10:09.180634+07:00,c9_sim,372,9.121,125.397,18.602,27.189,0.035,180.343
2026-09-02T09:10:09.309047+07:00,c9_sim,373,4.840,86.573,13.735,27.469,0.015,132.632
2026-09-02T09:10:09.520900+07:00,c9_sim,374,6.408,90.832,14.877,27.892,0.012,140.020
2026-09-02T09:10:09.712088+07:00,c9_sim,375,5.979,90.573,14.243,27.133,0.012,137.940
2026-09-02T09:10:09.935256+07:00,c9_sim,376,4.947,89.715,15.091,27.977,0.012,137.741
2026-09-02T09:10:10.131555+07:00,c9_sim,377,5.488,91.113,16.776,27.571,0.012,140.960
2026-09-02T09:10:10.320589+07:00,c9_sim,378,6.317,91.657,14.748,28.249,0.045,141.016
2026-09-02T09:10:10.533013+07:00,c9_sim,379,6.196,92.044,16.564,27.820,0.019,142.642
2026-09-02T09:10:10.725247+07:00,c9_sim,380,5.640,91.180,15.087,28.201,0.017,140.126
2026-09-02T09:10:10.917966+07:00,c9_sim,381,6.112,90.319,14.278,27.899,0.017,138.625
2026-09-02T09:10:11.148860+07:00,c9_sim,382,6.475,94.251,18.965,27.697,0.040,147.428
2026-09-02T09:10:11.312251+07:00,c9_sim,383,6.358,89.816,14.242,28.597,0.020,139.032
2026-09-02T09:10:11.534226+07:00,c9_sim,384,6.354,92.543,14.480,28.212,0.019,141.608
2026-09-02T09:10:11.726253+07:00,c9_sim,385,6.019,90.503,14.410,27.950,0.018,138.900
2026-09-02T09:10:11.921240+07:00,c9_sim,386,5.312,91.163,14.502,28.578,0.017,139.572
2026-09-02T09:10:12.143138+07:00,c9_sim,387,6.423,92.764,17.708,27.894,0.040,144.829
2026-09-02T09:10:12.335755+07:00,c9_sim,388,5.667,92.283,15.636,28.211,0.017,141.814
2026-09-02T09:10:12.521380+07:00,c9_sim,389,6.108,90.861,14.655,27.753,0.016,139.394
2026-09-02T09:10:12.732298+07:00,c9_sim,390,5.713,92.484,15.074,28.187,0.015,141.473
2026-09-02T09:10:12.928189+07:00,c9_sim,391,5.501,92.694,14.172,27.832,0.019,140.218
2026-09-02T09:10:13.125556+07:00,c9_sim,392,5.626,91.983,16.283,28.211,0.015,142.118
2026-09-02T09:10:13.323587+07:00,c9_sim,393,6.335,92.526,16.277,28.403,0.020,143.561
2026-09-02T09:10:13.517243+07:00,c9_sim,394,6.289,91.344,14.772,28.021,0.017,140.444
2026-09-02T09:10:13.730943+07:00,c9_sim,395,6.110,92.024,15.790,27.652,0.016,141.592
2026-09-02T09:10:13.921005+07:00,c9_sim,396,6.098,89.689,14.439,28.756,0.018,139.001
2026-09-02T09:10:14.182301+07:00,c9_sim,397,6.105,124.126,19.139,28.074,0.015,177.459
2026-09-02T09:10:14.315295+07:00,c9_sim,398,4.494,89.466,14.324,28.507,0.060,136.851
2026-09-02T09:10:14.536574+07:00,c9_sim,399,6.184,93.031,18.927,28.441,0.049,146.632
2026-09-02T09:10:14.726302+07:00,c9_sim,400,6.327,93.714,15.909,28.912,0.037,144.900
2026-09-02T09:10:14.923594+07:00,c9_sim,401,5.077,96.117,13.823,28.994,0.042,144.053
2026-09-02T09:10:15.119712+07:00,c9_sim,402,5.019,93.304,13.020,29.018,0.018,140.379
2026-09-02T09:10:15.310501+07:00,c9_sim,403,5.473,90.829,15.053,28.798,0.047,140.201
2026-09-02T09:10:15.564087+07:00,c9_sim,404,6.550,119.121,18.304,27.792,0.018,171.785
2026-09-02T09:10:15.725953+07:00,c9_sim,405,5.102,88.592,14.338,28.262,0.016,136.310
2026-09-02T09:10:15.941610+07:00,c9_sim,406,5.321,92.781,14.123,28.736,0.018,140.979
2026-09-02T09:10:16.128028+07:00,c9_sim,407,5.480,91.711,14.283,28.543,0.018,140.035
2026-09-02T09:10:16.323644+07:00,c9_sim,408,5.845,91.449,15.270,27.935,0.070,140.570
2026-09-02T09:10:16.531807+07:00,c9_sim,409,6.095,93.463,17.776,28.341,0.057,145.731
2026-09-02T09:10:16.730163+07:00,c9_sim,410,5.159,94.903,16.591,28.584,0.014,145.252
2026-09-02T09:10:16.925389+07:00,c9_sim,411,5.974,93.023,14.580,29.252,0.019,142.847
2026-09-02T09:10:17.075804+07:00,c9_sim,412,4.872,93.106,0.000,0.000,0.013,97.991
2026-09-02T09:10:17.334549+07:00,c9_sim,413,10.291,122.669,0.000,0.000,0.012,132.972
2026-09-02T09:10:17.536405+07:00,c8_sim,189,8.187,96.427,23.041,0.000,0.006,127.660
2026-09-02T09:10:17.696877+07:00,c8_sim,190,8.108,90.649,14.389,0.003,0.173,113.322
2026-09-02T09:10:17.951005+07:00,c8_sim,191,9.924,123.459,18.019,0.002,0.126,151.532
2026-09-02T09:10:18.116170+07:00,c8_sim,192,9.297,90.777,14.219,0.003,0.013,114.309
2026-09-02T09:10:18.330812+07:00,c8_sim,193,8.825,111.968,14.997,0.003,0.015,135.807
2026-09-02T09:10:18.495277+07:00,c8_sim,194,7.905,89.365,14.279,0.005,0.018,111.571
2026-09-02T09:10:18.716326+07:00,c8_sim,195,9.547,109.383,0.000,0.000,0.013,118.943
2026-09-02T09:10:18.947821+07:00,c8_sim,196,10.517,109.711,14.602,0.004,0.017,134.850
2026-09-02T09:10:19.139145+07:00,c8_sim,197,8.667,89.142,13.436,27.926,0.013,139.183
2026-09-02T09:10:19.313831+07:00,c8_sim,198,6.762,90.494,0.000,0.000,0.012,97.268
2026-09-02T09:10:19.534060+07:00,c8_sim,199,11.691,116.708,0.000,0.000,0.012,128.411
2026-09-02T09:10:19.708096+07:00,c8_sim,200,10.682,89.953,0.000,0.000,0.012,100.646
2026-09-02T09:10:19.930759+07:00,c8_sim,201,11.109,118.949,0.000,0.000,0.012,130.070
2026-09-02T09:10:20.123051+07:00,c8_sim,202,10.256,92.037,19.077,0.000,0.015,121.384
2026-09-02T09:10:20.378219+07:00,c8_sim,203,9.474,122.782,15.946,28.796,0.074,177.073
2026-09-02T09:10:20.508148+07:00,c8_sim,204,7.018,88.152,12.770,0.003,0.112,108.054
2026-09-02T09:10:20.738012+07:00,c8_sim,205,8.785,120.511,18.255,0.003,0.178,147.732
2026-09-02T09:10:20.944403+07:00,c8_sim,206,9.015,103.832,12.437,0.004,0.015,125.303
2026-09-02T09:10:21.124038+07:00,c8_sim,207,7.683,89.360,14.227,0.005,0.018,111.291
2026-09-02T09:10:21.375572+07:00,c8_sim,208,8.406,118.859,15.845,27.511,0.013,170.633
2026-09-02T09:10:21.536914+07:00,c8_sim,209,7.498,88.435,14.859,27.321,0.014,138.128
2026-09-02T09:10:21.796243+07:00,c8_sim,210,7.670,123.394,17.721,27.329,0.012,176.126
2026-09-02T09:10:21.922352+07:00,c8_sim,211,6.352,85.684,12.739,27.004,0.014,131.793
2026-09-02T09:10:22.094995+07:00,c8_sim,212,8.483,90.199,0.000,0.000,0.267,98.949
2026-09-02T09:10:22.395102+07:00,c8_sim,213,14.919,117.154,17.765,27.133,0.016,176.987
2026-09-02T09:10:22.522591+07:00,c8_sim,214,6.648,86.379,12.994,27.412,0.013,133.447
2026-09-02T09:10:22.778469+07:00,c8_sim,215,7.110,120.125,18.465,27.468,0.013,173.181
2026-09-02T09:10:22.935754+07:00,c8_sim,216,7.696,87.068,12.512,26.981,0.013,134.269
2026-09-02T09:10:23.151392+07:00,c8_sim,217,7.109,90.451,13.211,27.098,0.014,137.883
2026-09-02T09:10:23.334733+07:00,c8_sim,218,8.577,89.136,13.977,27.374,0.015,139.078
2026-09-02T09:10:23.555477+07:00,c8_sim,219,9.326,90.698,14.669,27.284,0.016,141.993
2026-09-02T09:10:23.735839+07:00,c8_sim,220,7.864,88.497,13.387,27.195,0.012,136.956
2026-09-02T09:10:23.949838+07:00,c8_sim,221,7.269,90.499,14.588,27.083,0.012,139.451
2026-09-02T09:10:24.142345+07:00,c8_sim,222,6.447,89.457,15.066,27.280,0.012,138.262
2026-09-02T09:10:24.330502+07:00,c8_sim,223,7.460,89.111,13.824,27.128,0.015,137.537
2026-09-02T09:10:24.552455+07:00,c8_sim,224,7.737,90.731,14.889,27.268,0.021,140.647
2026-09-02T09:10:24.744060+07:00,c8_sim,225,8.896,89.297,14.167,27.388,0.019,139.768
2026-09-02T09:10:24.949955+07:00,c8_sim,226,7.130,90.439,13.878,27.308,0.017,138.771
2026-09-02T09:10:25.099765+07:00,c8_sim,227,7.163,89.566,0.000,0.000,0.011,96.739
2026-09-02T09:10:25.315868+07:00,c8_sim,228,10.200,109.528,0.000,0.000,0.012,119.740
2026-09-02T09:10:25.579512+07:00,c8_sim,229,10.190,119.190,18.625,27.162,0.018,175.185
2026-09-02T09:10:25.694291+07:00,c8_sim,230,7.674,88.401,0.000,0.000,0.010,96.085
2026-09-02T09:10:25.946393+07:00,c8_sim,231,10.916,119.374,0.000,0.000,0.013,130.303
2026-09-02T09:10:26.097258+07:00,c8_sim,232,10.242,92.700,0.000,0.000,0.012,102.955
2026-09-02T09:10:26.371689+07:00,c8_sim,233,10.522,177.545,0.000,0.000,0.017,188.084
2026-09-02T09:10:26.502200+07:00,c8_sim,234,11.136,101.074,0.000,0.000,0.012,112.221
2026-09-02T09:10:26.722591+07:00,c8_sim,235,12.124,115.521,0.000,0.000,0.014,127.660
2026-09-02T09:10:26.895304+07:00,c8_sim,236,10.145,90.487,0.000,0.000,0.012,100.645
2026-09-02T09:10:27.117633+07:00,c8_sim,237,10.977,122.141,0.000,0.000,0.014,133.132
2026-09-02T09:10:27.336461+07:00,c8_sim,238,10.135,113.442,0.000,0.000,0.012,123.589
2026-09-02T09:10:27.508901+07:00,c8_sim,239,10.983,91.013,0.000,0.000,0.012,102.008
2026-09-02T09:10:27.749999+07:00,c8_sim,240,11.681,115.538,0.000,0.000,0.012,127.231
2026-09-02T09:10:27.916822+07:00,c8_sim,241,10.239,92.080,0.000,0.000,0.011,102.330
2026-09-02T09:10:28.091168+07:00,c8_sim,242,7.739,90.174,0.000,0.000,0.012,97.925
2026-09-02T09:10:28.329900+07:00,c8_sim,243,9.866,118.905,0.000,0.000,0.013,128.784
2026-09-02T09:10:28.508556+07:00,c8_sim,244,7.830,96.902,0.000,0.000,0.399,105.131
2026-09-02T09:10:28.736674+07:00,c8_sim,245,11.606,120.463,0.000,0.000,0.017,132.086
2026-09-02T09:10:28.889210+07:00,c8_sim,246,11.165,92.918,0.000,0.000,0.006,104.089
2026-09-02T09:10:29.136415+07:00,c10_sim,177,9.289,121.279,0.000,0.000,0.014,130.582
2026-09-02T09:10:29.330809+07:00,c10_sim,178,9.099,92.034,21.208,0.004,0.095,122.439
2026-09-02T09:10:29.550329+07:00,c10_sim,179,6.629,117.166,17.639,0.005,0.124,141.564
2026-09-02T09:10:29.737124+07:00,c10_sim,180,7.580,93.639,17.801,0.003,0.057,119.081
2026-09-02T09:10:29.953569+07:00,c10_sim,181,8.009,121.661,17.525,0.003,0.053,147.250
2026-09-02T09:10:30.120581+07:00,c10_sim,182,6.252,90.902,16.321,0.003,0.056,113.534
2026-09-02T09:10:30.333067+07:00,c10_sim,183,7.551,106.827,16.242,0.005,0.066,130.691
2026-09-02T09:10:30.547800+07:00,c10_sim,184,6.640,116.507,16.408,0.006,0.302,139.864
2026-09-02T09:10:30.713996+07:00,c10_sim,185,6.890,89.155,15.813,0.005,0.017,111.880
2026-09-02T09:10:30.937965+07:00,c10_sim,186,9.160,114.424,19.120,0.003,0.189,142.897
2026-09-02T09:10:31.153847+07:00,c10_sim,187,7.937,115.200,18.511,0.003,0.010,141.662
2026-09-02T09:10:31.336104+07:00,c10_sim,188,7.725,88.981,13.585,28.298,0.018,138.607
2026-09-02T09:10:31.559245+07:00,c10_sim,189,6.347,89.183,15.175,27.473,0.016,138.193
2026-09-02T09:10:31.751394+07:00,c10_sim,190,6.940,89.622,14.845,27.478,0.017,138.902
2026-09-02T09:10:31.935048+07:00,c10_sim,191,6.089,88.563,14.068,26.889,0.262,135.872
2026-09-02T09:10:32.183702+07:00,c10_sim,192,7.389,90.750,15.908,53.612,0.023,167.681
2026-09-02T09:10:32.343414+07:00,c10_sim,193,6.561,87.440,13.815,27.202,0.016,135.034
2026-09-02T09:10:32.559529+07:00,c10_sim,194,7.465,90.252,14.823,27.426,0.016,139.981
2026-09-02T09:10:32.745598+07:00,c10_sim,195,7.402,89.868,14.484,27.125,0.015,138.895
2026-09-02T09:10:32.939862+07:00,c10_sim,196,5.748,90.179,15.797,26.938,0.015,138.678
2026-09-02T09:10:33.149073+07:00,c10_sim,197,6.142,91.497,16.938,27.285,0.014,141.876
2026-09-02T09:10:33.330245+07:00,c10_sim,198,6.395,88.535,13.150,27.705,0.015,135.799
2026-09-02T09:10:33.548346+07:00,c10_sim,199,6.686,90.709,13.936,27.317,0.014,138.663
2026-09-02T09:10:33.733483+07:00,c10_sim,200,5.794,86.273,10.931,26.937,0.015,129.951
2026-09-02T09:10:33.953480+07:00,c10_sim,201,6.630,90.376,14.400,28.033,0.017,139.456
2026-09-02T09:10:34.144624+07:00,c10_sim,202,6.505,88.855,13.961,27.284,0.015,136.619
2026-09-02T09:10:34.344803+07:00,c10_sim,203,6.770,90.653,14.576,27.083,0.015,139.097
2026-09-02T09:10:34.530925+07:00,c10_sim,204,7.038,88.409,14.106,27.353,0.021,136.927
2026-09-02T09:10:34.755661+07:00,c10_sim,205,7.636,91.023,16.708,27.165,0.018,142.551
2026-09-02T09:10:34.949125+07:00,c10_sim,206,6.240,90.382,14.267,27.220,0.023,138.132
2026-09-02T09:10:35.133570+07:00,c10_sim,207,6.140,87.716,14.452,27.278,0.056,135.643
2026-09-02T09:10:35.349047+07:00,c10_sim,208,7.759,91.371,15.364,26.995,0.059,141.548
2026-09-02T09:10:35.538900+07:00,c10_sim,209,6.863,88.782,14.022,27.278,0.045,136.990
2026-09-02T09:10:35.795972+07:00,c10_sim,210,6.448,119.673,18.815,27.141,0.038,172.115
2026-09-02T09:10:35.954254+07:00,c10_sim,211,6.447,87.640,12.560,27.189,0.024,133.861
2026-09-02T09:10:36.142895+07:00,c10_sim,212,6.857,89.257,14.278,27.642,0.026,138.061
2026-09-02T09:10:36.348811+07:00,c10_sim,213,6.778,90.946,13.843,27.188,0.023,138.778
2026-09-02T09:10:36.535712+07:00,c10_sim,214,7.091,87.871,12.086,26.812,0.023,133.883
2026-09-02T09:10:36.722433+07:00,c10_sim,215,6.115,88.580,13.868,27.157,0.020,135.740
2026-09-02T09:10:36.939049+07:00,c10_sim,216,7.914,90.807,17.352,27.007,0.024,143.103
2026-09-02T09:10:37.125328+07:00,c10_sim,217,6.675,88.579,6.629,27.354,0.026,129.263
2026-09-02T09:10:37.342718+07:00,c10_sim,218,10.498,92.154,13.467,27.542,0.024,143.685
2026-09-02T09:10:37.532178+07:00,c10_sim,219,7.489,86.495,11.793,27.118,0.022,132.916
2026-09-02T09:10:37.752239+07:00,c10_sim,220,7.202,90.249,16.491,27.235,0.052,141.230
2026-09-02T09:10:37.946403+07:00,c10_sim,221,6.652,90.450,15.507,27.208,0.026,139.843
2026-09-02T09:10:38.130674+07:00,c10_sim,222,7.798,88.558,14.324,27.186,0.028,137.893
2026-09-02T09:10:38.339806+07:00,c10_sim,223,6.918,90.588,17.251,27.103,0.018,141.878
2026-09-02T09:10:38.527056+07:00,c10_sim,224,7.144,89.250,14.142,27.337,0.022,137.895
2026-09-02T09:10:38.743478+07:00,c10_sim,225,7.952,91.155,18.429,27.318,0.020,144.875
2026-09-02T09:10:38.938159+07:00,c10_sim,226,7.908,90.674,16.135,26.955,0.024,141.696
2026-09-02T09:10:39.137777+07:00,c11_sim,719,7.068,91.057,21.492,0.000,0.010,119.627
2026-09-02T09:10:39.378601+07:00,c11_sim,720,9.647,111.091,17.625,27.834,0.112,166.309
2026-09-02T09:10:39.569744+07:00,c11_sim,721,7.456,88.883,13.961,27.407,0.015,137.721
2026-09-02T09:10:39.753783+07:00,c11_sim,722,8.656,88.334,14.844,27.476,0.015,139.325
2026-09-02T09:10:39.969896+07:00,c11_sim,723,7.032,90.272,15.657,27.882,0.060,140.902
2026-09-02T09:10:40.151398+07:00,c11_sim,724,6.992,88.821,13.860,27.507,0.013,137.193
2026-09-02T09:10:40.375380+07:00,c11_sim,725,7.189,90.955,17.822,27.374,0.015,143.356
2026-09-02T09:10:40.563201+07:00,c11_sim,726,7.154,89.697,13.350,27.464,0.400,138.065
2026-09-02T09:10:40.752402+07:00,c11_sim,727,6.149,87.336,13.622,27.494,0.024,134.625
2026-09-02T09:10:40.973453+07:00,c11_sim,728,6.940,90.305,14.593,27.595,0.014,139.447
2026-09-02T09:10:41.155574+07:00,c11_sim,729,7.544,89.776,13.666,27.643,0.013,138.642
2026-09-02T09:10:41.346902+07:00,c11_sim,730,7.526,89.023,14.131,27.372,0.094,138.147
2026-09-02T09:10:41.565789+07:00,c11_sim,731,7.713,90.400,15.568,27.660,0.013,141.354
2026-09-02T09:10:41.758742+07:00,c11_sim,732,7.102,88.414,16.117,27.661,0.014,139.307
2026-09-02T09:10:41.951263+07:00,c11_sim,733,7.976,89.431,15.082,27.267,0.016,139.772
2026-09-02T09:10:42.174753+07:00,c11_sim,734,7.242,90.445,17.056,27.363,0.013,142.120
2026-09-02T09:10:42.352475+07:00,c11_sim,735,7.328,89.068,13.624,27.389,0.013,137.421
2026-09-02T09:10:42.565658+07:00,c11_sim,736,7.714,89.997,13.846,27.296,0.020,138.872
2026-09-02T09:10:42.752083+07:00,c11_sim,737,7.802,88.116,13.895,26.973,0.019,136.806
2026-09-02T09:10:42.974667+07:00,c11_sim,738,6.622,89.718,14.603,27.510,0.020,138.473
2026-09-02T09:10:43.167588+07:00,c11_sim,739,6.955,90.073,14.868,27.092,0.019,139.007
2026-09-02T09:10:43.354077+07:00,c11_sim,740,7.621,88.168,13.495,27.251,0.020,136.555
2026-09-02T09:10:43.569333+07:00,c11_sim,741,7.650,89.716,14.109,27.340,0.020,138.836
2026-09-02T09:10:43.753074+07:00,c11_sim,742,6.747,88.651,14.717,27.225,0.018,137.359
2026-09-02T09:10:43.969541+07:00,c11_sim,743,7.976,90.926,17.469,27.899,0.018,144.289
2026-09-02T09:10:44.149949+07:00,c11_sim,744,6.762,88.354,14.561,27.288,0.020,136.985
2026-09-02T09:10:44.361889+07:00,c11_sim,745,7.880,90.729,14.016,27.028,0.020,139.672
2026-09-02T09:10:44.546771+07:00,c11_sim,746,7.409,88.668,13.301,27.264,0.020,136.662
2026-09-02T09:10:44.763699+07:00,c11_sim,747,7.726,90.615,15.270,27.058,0.018,140.688
2026-09-02T09:10:44.951067+07:00,c11_sim,748,7.324,88.171,13.203,27.108,0.023,135.829
2026-09-02T09:10:45.166636+07:00,c11_sim,749,6.752,90.596,13.998,27.328,0.018,138.692
2026-09-02T09:10:45.349822+07:00,c11_sim,750,7.637,88.055,13.488,27.250,0.019,136.449
2026-09-02T09:10:45.562566+07:00,c11_sim,751,5.280,87.513,12.704,27.230,0.017,132.744
2026-09-02T09:10:45.737811+07:00,c11_sim,752,7.235,88.141,13.568,27.051,0.017,136.012
2026-09-02T09:10:45.995147+07:00,c11_sim,753,8.445,122.114,16.956,27.346,0.015,174.876
2026-09-02T09:10:46.147315+07:00,c11_sim,754,6.337,87.129,13.149,27.604,0.019,134.238
2026-09-02T09:10:46.346433+07:00,c11_sim,755,6.950,90.282,7.981,26.243,0.029,131.486
2026-09-02T09:10:46.569406+07:00,c11_sim,756,8.310,93.176,18.882,27.787,0.020,148.175
2026-09-02T09:10:46.756224+07:00,c11_sim,757,7.833,89.126,15.675,27.360,0.017,140.010
2026-09-02T09:10:46.945892+07:00,c11_sim,758,7.635,89.065,14.613,27.310,0.029,138.652
2026-09-02T09:10:47.169667+07:00,c11_sim,759,6.912,90.373,15.023,27.414,0.019,139.740
2026-09-02T09:10:47.357241+07:00,c11_sim,760,7.856,89.142,13.711,27.314,0.024,138.047
2026-09-02T09:10:47.574736+07:00,c11_sim,761,7.587,89.535,13.775,27.666,0.020,138.582
2026-09-02T09:10:47.761354+07:00,c11_sim,762,7.377,89.172,14.427,27.133,0.020,138.128
2026-09-02T09:10:47.952595+07:00,c11_sim,763,7.314,89.501,13.737,27.139,0.024,137.715
2026-09-02T09:10:48.172071+07:00,c11_sim,764,6.842,90.068,16.125,27.339,0.018,140.391
2026-09-02T09:10:48.363197+07:00,c11_sim,765,7.907,90.425,12.638,27.194,0.021,138.185
2026-09-02T09:10:48.550925+07:00,c11_sim,766,6.915,87.752,13.844,27.141,0.019,135.671
2026-09-02T09:10:48.769832+07:00,c11_sim,767,7.282,90.202,17.762,27.198,0.017,142.461
2026-09-02T09:10:48.960741+07:00,c11_sim,768,7.071,89.900,13.029,27.136,0.024,137.159
2026-09-02T09:10:49.211655+07:00,c11_sim,769,7.281,120.688,18.541,27.191,0.019,173.720
2026-09-02T09:10:49.360862+07:00,c11_sim,770,6.979,87.732,13.036,27.075,0.019,134.841
2026-09-02T09:10:49.574078+07:00,c11_sim,771,8.044,90.977,15.057,27.254,0.019,141.351
2026-09-02T09:10:49.765917+07:00,c11_sim,772,7.908,88.935,14.791,27.121,0.018,138.772
2026-09-02T09:10:49.931409+07:00,c11_sim,773,7.076,90.402,14.193,0.003,0.019,111.694
2026-09-02T09:10:50.107463+07:00,c11_sim,774,6.463,87.006,12.614,0.003,0.013,106.099
2026-09-02T09:10:50.351107+07:00,c11_sim,775,9.602,113.060,18.568,0.003,0.014,141.247
2026-09-02T09:10:50.568459+07:00,c11_sim,776,7.536,116.858,18.144,0.004,0.018,142.561
2026-09-02T09:10:50.716506+07:00,c11_sim,777,7.407,90.646,0.000,0.000,0.012,98.064
2026-09-02T09:10:50.948219+07:00,c11_sim,778,9.525,122.053,0.000,0.000,0.013,131.591
2026-09-02T09:10:51.114687+07:00,c11_sim,779,10.077,93.029,0.000,0.000,0.012,103.118
2026-09-02T09:10:51.346942+07:00,c11_sim,780,10.362,122.657,0.000,0.000,0.018,133.038
2026-09-02T09:10:51.544081+07:00,c11_sim,781,6.799,91.753,20.236,0.000,0.016,118.804
2026-09-02T09:10:51.669908+07:00,c11_sim,782,6.502,87.298,9.495,28.346,0.046,131.686
2026-09-02T09:10:51.792264+07:00,c11_sim,783,7.316,85.386,9.406,26.960,0.013,129.081
2026-09-02T09:10:51.913939+07:00,c11_sim,784,5.121,84.972,9.255,26.827,0.014,126.189
2026-09-02T09:10:52.035666+07:00,c11_sim,785,6.878,85.165,9.144,26.804,0.036,128.027
2026-09-02T09:10:52.158208+07:00,c11_sim,786,6.303,85.198,9.951,26.749,0.034,128.235
2026-09-02T09:10:52.280259+07:00,c11_sim,787,4.586,85.261,9.310,26.840,0.017,126.014
2026-09-02T09:10:52.376279+07:00,c11_sim,788,6.093,85.093,10.292,0.000,0.009,101.487
2026-09-02T09:10:52.498869+07:00,c11_sim,789,6.337,85.368,9.887,26.716,0.037,128.345
2026-09-02T09:10:52.621606+07:00,c11_sim,790,4.928,85.464,9.783,26.850,0.014,127.040
2026-09-02T09:10:52.745445+07:00,c11_sim,791,7.032,85.591,10.192,26.860,0.215,129.890
2026-09-02T09:10:52.869021+07:00,c11_sim,792,6.605,85.418,10.502,27.018,0.044,129.587
2026-09-02T09:10:52.992376+07:00,c11_sim,793,4.666,85.395,10.198,27.108,0.035,127.402
2026-09-02T09:10:53.113353+07:00,c11_sim,794,6.005,84.672,9.237,26.491,0.015,126.421
2026-09-02T09:10:53.235323+07:00,c11_sim,795,6.613,84.733,9.734,26.916,0.015,128.010
2026-09-02T09:10:53.359320+07:00,c11_sim,796,4.717,85.931,10.164,27.172,0.038,128.021
2026-09-02T09:10:53.480484+07:00,c11_sim,797,7.268,86.809,6.491,27.328,0.014,127.909
2026-09-02T09:10:53.600080+07:00,c11_sim,798,4.934,85.428,6.785,26.813,0.057,124.017
2026-09-02T09:10:53.724326+07:00,c11_sim,799,6.196,86.538,9.594,27.443,0.014,129.786
2026-09-02T09:10:53.847331+07:00,c11_sim,800,6.800,85.916,9.078,27.386,0.013,129.193
2026-09-02T09:10:53.970668+07:00,c11_sim,801,4.523,86.340,8.733,27.618,0.016,127.230
2026-09-02T09:10:54.095324+07:00,c11_sim,802,5.842,87.233,9.354,27.215,0.185,129.829
2026-09-02T09:10:54.220266+07:00,c11_sim,803,6.329,88.093,8.972,27.320,0.015,130.729
2026-09-02T09:10:54.347812+07:00,c11_sim,804,5.233,90.404,9.113,27.299,0.020,132.068
2026-09-02T09:10:54.473590+07:00,c11_sim,805,6.310,88.559,8.834,27.801,0.023,131.529
2026-09-02T09:10:54.600494+07:00,c11_sim,806,5.404,88.574,9.183,28.518,0.042,131.721
2026-09-02T09:10:54.727834+07:00,c11_sim,807,6.228,89.283,9.026,28.418,0.017,132.972
2026-09-02T09:10:54.851732+07:00,c11_sim,808,6.029,87.331,8.764,27.201,0.019,129.343
2026-09-02T09:10:54.976422+07:00,c11_sim,809,5.075,86.682,9.084,28.305,0.026,129.171
2026-09-02T09:10:55.103216+07:00,c11_sim,810,5.763,89.208,9.069,27.438,0.016,131.495
2026-09-02T09:10:55.227699+07:00,c11_sim,811,6.156,86.621,9.168,28.011,0.038,129.994
2026-09-02T09:10:55.357418+07:00,c11_sim,812,5.323,90.402,9.967,28.690,0.039,134.421
2026-09-02T09:10:55.485811+07:00,c11_sim,813,5.834,90.787,9.383,27.600,0.045,133.649
2026-09-02T09:10:55.613241+07:00,c11_sim,814,6.722,87.250,10.376,29.168,0.019,133.535
2026-09-02T09:10:55.742153+07:00,c11_sim,815,5.611,89.283,10.547,28.414,0.044,133.899
2026-09-02T09:10:55.872495+07:00,c11_sim,816,5.469,90.413,10.246,29.019,0.019,135.166
2026-09-02T09:10:56.004504+07:00,c11_sim,817,6.272,94.509,8.724,28.100,0.055,137.660
2026-09-02T09:10:56.132212+07:00,c11_sim,818,5.625,87.233,8.767,31.140,0.018,132.782
2026-09-02T09:10:56.261010+07:00,c11_sim,819,5.027,89.992,8.739,29.450,0.016,133.225
2026-09-02T09:10:56.391157+07:00,c11_sim,820,5.646,89.703,9.336,30.493,0.022,135.200
2026-09-02T09:10:56.522808+07:00,c11_sim,821,4.344,90.512,9.780,30.612,0.018,135.265
2026-09-02T09:10:56.657494+07:00,c11_sim,822,5.112,93.040,9.810,31.226,0.018,139.205
2026-09-02T09:10:56.791874+07:00,c11_sim,823,6.075,93.920,9.939,29.808,0.018,139.760
2026-09-02T09:10:56.927768+07:00,c11_sim,824,4.470,93.581,10.049,31.611,0.019,139.731
2026-09-02T09:10:57.065381+07:00,c11_sim,825,5.067,96.823,9.431,30.726,0.018,142.066
2026-09-02T09:10:57.206277+07:00,c11_sim,826,6.375,98.382,10.079,31.758,0.019,146.613
2026-09-02T09:10:57.348898+07:00,c11_sim,827,4.637,99.785,9.213,33.075,0.018,146.728
2026-09-02T09:10:57.463575+07:00,c9_sim,414,3.377,102.262,11.806,0.000,0.007,117.453
2026-09-02T09:10:57.578366+07:00,c9_sim,415,2.794,104.747,9.429,0.003,0.039,117.012
2026-09-02T09:10:57.695906+07:00,c9_sim,416,4.224,106.368,10.410,0.003,0.011,121.015
2026-09-02T09:10:57.816010+07:00,c9_sim,417,3.709,108.381,11.056,0.003,0.033,123.182
2026-09-02T09:10:57.937183+07:00,c9_sim,418,3.675,110.152,10.276,0.003,0.012,124.118
2026-09-02T09:10:58.062442+07:00,c9_sim,419,4.392,113.623,11.000,0.003,0.032,129.050
2026-09-02T09:10:58.186266+07:00,c9_sim,420,3.320,112.448,10.605,0.003,0.035,126.411
2026-09-02T09:10:58.349249+07:00,c9_sim,421,3.675,115.524,9.713,36.979,0.035,165.926
2026-09-02T09:10:58.514438+07:00,c9_sim,422,4.349,114.105,11.467,39.009,0.037,168.968
2026-09-02T09:10:58.679517+07:00,c9_sim,423,4.261,116.208,11.009,37.205,0.035,168.719
2026-09-02T09:10:58.845185+07:00,c9_sim,424,3.241,115.965,11.498,37.201,0.035,167.941
2026-09-02T09:10:59.010346+07:00,c9_sim,425,3.818,115.244,10.204,39.123,0.015,168.403
2026-09-02T09:10:59.172772+07:00,c9_sim,426,4.294,115.031,9.943,36.447,0.279,165.992
2026-09-02T09:10:59.334464+07:00,c9_sim,427,4.389,112.751,10.380,37.868,0.019,165.407
2026-09-02T09:10:59.497011+07:00,c9_sim,428,3.962,112.813,11.163,37.848,0.012,165.799
2026-09-02T09:10:59.657738+07:00,c9_sim,429,3.951,112.874,10.905,36.221,0.034,163.986
2026-09-02T09:10:59.815664+07:00,c9_sim,430,4.627,110.728,10.800,35.645,0.013,161.812
2026-09-02T09:10:59.971821+07:00,c9_sim,431,4.701,109.987,10.292,35.155,0.016,160.152
2026-09-02T09:11:00.127118+07:00,c9_sim,432,4.602,108.454,11.250,34.974,0.013,159.293
2026-09-02T09:11:00.281210+07:00,c9_sim,433,4.230,107.946,10.977,34.467,0.014,157.634
2026-09-02T09:11:00.433114+07:00,c9_sim,434,4.422,107.222,8.623,35.440,0.013,155.720
2026-09-02T09:11:00.593309+07:00,c9_sim,435,5.358,107.838,14.202,37.260,0.014,164.671
2026-09-02T09:11:00.749259+07:00,c9_sim,436,4.846,108.595,10.530,36.023,0.020,160.014
2026-09-02T09:11:00.904992+07:00,c9_sim,437,3.729,108.455,10.624,35.902,0.019,158.730
2026-09-02T09:11:01.058901+07:00,c9_sim,438,4.031,107.073,9.530,36.563,0.019,157.216
2026-09-02T09:11:01.211029+07:00,c9_sim,439,4.770,106.765,10.098,34.503,0.018,156.154
2026-09-02T09:11:01.363206+07:00,c9_sim,440,4.256,107.289,10.062,34.215,0.018,155.841
2026-09-02T09:11:01.517582+07:00,c9_sim,441,4.314,107.545,9.754,36.455,0.020,158.089
2026-09-02T09:11:01.676207+07:00,c9_sim,442,3.535,112.934,10.763,34.155,0.018,161.406
2026-09-02T09:11:01.830200+07:00,c9_sim,443,4.237,106.101,10.789,36.507,0.025,157.660
2026-09-02T09:11:01.986240+07:00,c9_sim,444,4.819,108.576,10.724,35.957,0.023,160.099
2026-09-02T09:11:02.140919+07:00,c9_sim,445,4.220,107.858,9.766,36.419,0.018,158.280
2026-09-02T09:11:02.293302+07:00,c9_sim,446,3.650,107.388,9.757,34.591,0.022,155.409
2026-09-02T09:11:02.445849+07:00,c9_sim,447,4.448,107.015,10.061,34.815,0.017,156.357
2026-09-02T09:11:02.600902+07:00,c9_sim,448,4.792,109.881,8.971,35.554,0.017,159.216
2026-09-02T09:11:02.756987+07:00,c9_sim,449,4.521,107.733,9.739,38.011,0.021,160.026
2026-09-02T09:11:02.911884+07:00,c9_sim,450,4.501,107.934,10.255,36.056,0.019,158.765
2026-09-02T09:11:03.070193+07:00,c9_sim,451,3.632,112.423,9.363,35.852,0.028,161.299
2026-09-02T09:11:03.192243+07:00,c8_sim,247,3.503,108.586,12.730,0.000,0.005,124.822
2026-09-02T09:11:03.303600+07:00,c8_sim,248,4.137,111.228,0.000,0.000,0.006,115.370
2026-09-02T09:11:03.424520+07:00,c8_sim,249,4.070,109.113,11.027,0.003,0.070,124.283
2026-09-02T09:11:03.534550+07:00,c8_sim,250,7.058,109.895,0.000,0.000,0.009,116.963
2026-09-02T09:11:03.692434+07:00,c8_sim,251,6.517,109.523,13.145,34.468,0.013,163.666
2026-09-02T09:11:03.845897+07:00,c8_sim,252,4.884,106.697,12.085,34.035,0.014,157.715
2026-09-02T09:11:04.000075+07:00,c8_sim,253,6.074,106.667,11.843,35.034,0.018,159.635
2026-09-02T09:11:04.156678+07:00,c8_sim,254,6.555,107.357,11.852,36.617,0.014,162.394
2026-09-02T09:11:04.312105+07:00,c8_sim,255,7.972,107.073,11.983,35.586,0.015,162.630
2026-09-02T09:11:04.464353+07:00,c8_sim,256,6.871,107.715,10.063,33.797,0.014,158.461
2026-09-02T09:11:04.571399+07:00,c8_sim,257,5.814,106.898,0.000,0.000,0.010,112.722
2026-09-02T09:11:04.694437+07:00,c8_sim,258,6.432,107.624,14.543,0.000,0.010,128.610
2026-09-02T09:11:04.850327+07:00,c8_sim,259,6.928,106.341,13.040,35.669,0.049,162.027
2026-09-02T09:11:05.000674+07:00,c8_sim,260,7.562,105.229,11.024,33.474,0.014,157.303
2026-09-02T09:11:05.152141+07:00,c8_sim,261,5.917,105.343,10.524,34.847,0.013,156.645
2026-09-02T09:11:05.301888+07:00,c8_sim,262,6.691,105.228,10.894,32.870,0.014,155.697
2026-09-02T09:11:05.452833+07:00,c8_sim,263,7.928,103.980,9.661,36.567,0.013,158.150
2026-09-02T09:11:05.604190+07:00,c8_sim,264,5.661,106.160,10.229,34.190,0.013,156.253
2026-09-02T09:11:05.757690+07:00,c8_sim,265,6.663,105.235,10.816,36.718,0.014,159.446
2026-09-02T09:11:05.912977+07:00,c8_sim,266,7.405,106.871,11.466,36.165,0.058,161.965
2026-09-02T09:11:06.066738+07:00,c8_sim,267,6.243,107.870,10.346,34.852,0.057,159.368
2026-09-02T09:11:06.220903+07:00,c8_sim,268,6.373,107.109,11.967,34.294,0.054,159.797
2026-09-02T09:11:06.375437+07:00,c8_sim,269,7.833,106.310,11.120,36.344,0.055,161.662
2026-09-02T09:11:06.528210+07:00,c8_sim,270,6.062,105.423,11.188,35.524,0.014,158.211
2026-09-02T09:11:06.680284+07:00,c8_sim,271,6.951,106.342,10.768,33.740,0.229,158.030
2026-09-02T09:11:06.830689+07:00,c8_sim,272,7.550,105.818,10.575,33.265,0.016,157.223
2026-09-02T09:11:06.981986+07:00,c8_sim,273,7.059,106.138,10.614,33.785,0.020,157.616
2026-09-02T09:11:07.133093+07:00,c8_sim,274,5.892,105.430,9.990,34.920,0.015,156.247
2026-09-02T09:11:07.283797+07:00,c8_sim,275,6.413,105.501,10.559,33.932,0.019,156.423
2026-09-02T09:11:07.435358+07:00,c8_sim,276,5.683,105.552,10.583,34.671,0.020,156.508
2026-09-02T09:11:07.590251+07:00,c8_sim,277,6.202,106.659,10.605,36.889,0.018,160.373
2026-09-02T09:11:07.743352+07:00,c8_sim,278,7.413,107.166,10.996,34.247,0.018,159.840
2026-09-02T09:11:07.898314+07:00,c8_sim,279,7.070,106.556,13.657,33.871,0.020,161.175
