timestamp,camera_id,frame_id,decode_ms,detection_ms,tracking_ms,reid_ms,matching_ms,total_ai_ms
2026-09-02T09:21:00.285755+07:00,c8_sim,1,4.514,374.933,555.321,72.822,0.055,1007.646
2026-09-02T09:21:00.426291+07:00,c8_sim,2,3.931,109.367,0.503,28.460,0.016,142.277
2026-09-02T09:21:00.539416+07:00,c8_sim,3,4.167,85.373,0.456,26.415,0.013,116.423
2026-09-02T09:21:00.658215+07:00,c8_sim,4,5.632,89.819,0.562,27.496,0.017,123.526
2026-09-02T09:21:00.787367+07:00,c8_sim,5,8.604,90.847,0.682,29.707,0.021,129.861
2026-09-02T09:21:00.907761+07:00,c8_sim,6,7.648,89.881,0.537,27.944,0.015,126.025
2026-09-02T09:21:01.027100+07:00,c8_sim,7,10.495,89.127,0.618,28.628,0.020,128.889
2026-09-02T09:21:01.150946+07:00,c8_sim,8,19.989,93.674,0.563,28.578,0.018,142.821
2026-09-02T09:21:01.272879+07:00,c8_sim,9,8.723,90.481,0.598,29.844,0.020,129.667
2026-09-02T09:21:01.391233+07:00,c8_sim,10,5.007,88.899,0.518,28.013,0.021,122.458
2026-09-02T09:21:01.509712+07:00,c8_sim,11,4.846,89.094,0.565,27.898,0.018,122.421
2026-09-02T09:21:01.632787+07:00,c8_sim,12,5.856,92.640,0.729,28.721,0.020,127.965
2026-09-02T09:21:01.755024+07:00,c8_sim,13,5.684,91.790,0.687,28.712,0.022,126.895
2026-09-02T09:21:01.876909+07:00,c8_sim,14,8.480,91.533,0.614,28.744,0.020,129.390
2026-09-02T09:21:01.997069+07:00,c8_sim,15,7.799,89.260,0.582,29.385,0.019,127.045
2026-09-02T09:21:02.120284+07:00,c8_sim,16,7.867,94.460,0.555,27.283,0.013,130.179
2026-09-02T09:21:02.238373+07:00,c8_sim,17,8.068,88.843,0.571,27.722,0.035,125.238
2026-09-02T09:21:02.357169+07:00,c8_sim,18,9.225,89.329,0.523,28.021,0.035,127.134
2026-09-02T09:21:02.476607+07:00,c8_sim,19,9.923,89.276,0.619,28.552,0.032,128.402
2026-09-02T09:21:02.598305+07:00,c8_sim,20,7.637,91.527,0.551,28.658,0.035,128.407
2026-09-02T09:21:02.721176+07:00,c8_sim,21,7.511,90.782,0.579,30.516,0.031,129.419
2026-09-02T09:21:02.846522+07:00,c8_sim,22,6.971,93.966,0.689,29.651,0.030,131.307
2026-09-02T09:21:02.972888+07:00,c8_sim,23,7.205,92.965,0.630,31.802,0.034,132.636
2026-09-02T09:21:03.100311+07:00,c8_sim,24,8.332,97.449,0.529,28.456,0.022,134.787
2026-09-02T09:21:03.220933+07:00,c8_sim,25,7.750,90.885,0.622,28.136,0.035,127.428
2026-09-02T09:21:03.348837+07:00,c8_sim,26,8.075,91.566,0.733,34.510,0.033,134.916
2026-09-02T09:21:03.474246+07:00,c8_sim,27,10.085,93.520,0.750,30.013,0.035,134.403
2026-09-02T09:21:03.601061+07:00,c8_sim,28,7.063,93.489,0.717,31.566,0.040,132.875
2026-09-02T09:21:03.732009+07:00,c8_sim,29,8.441,97.997,0.666,31.288,0.032,138.424
2026-09-02T09:21:03.857206+07:00,c8_sim,30,7.586,93.198,0.941,29.997,0.041,131.763
2026-09-02T09:21:03.983808+07:00,c8_sim,31,8.877,94.598,0.574,30.396,0.026,134.471
2026-09-02T09:21:04.110884+07:00,c8_sim,32,9.030,94.218,0.668,31.134,0.037,135.087
2026-09-02T09:21:04.234072+07:00,c8_sim,33,8.622,92.559,0.627,28.969,0.036,130.813
2026-09-02T09:21:04.361227+07:00,c8_sim,34,6.672,95.869,0.602,29.639,0.036,132.818
2026-09-02T09:21:04.488055+07:00,c8_sim,35,8.579,96.484,0.564,28.812,0.033,134.473
2026-09-02T09:21:04.613894+07:00,c8_sim,36,11.924,92.696,0.938,31.142,0.033,136.733
2026-09-02T09:21:04.736225+07:00,c8_sim,37,6.795,92.024,0.658,28.619,0.033,128.129
2026-09-02T09:21:04.863836+07:00,c8_sim,38,7.779,95.475,0.664,30.509,0.030,134.457
2026-09-02T09:21:04.983740+07:00,c8_sim,39,6.770,89.320,0.553,29.091,0.031,125.765
2026-09-02T09:21:05.108915+07:00,c8_sim,40,8.308,93.533,0.740,29.879,0.026,132.486
2026-09-02T09:21:05.232964+07:00,c8_sim,41,6.772,92.290,0.727,29.938,0.036,129.762
2026-09-02T09:21:05.361606+07:00,c8_sim,42,8.922,98.340,0.485,28.754,0.029,136.531
2026-09-02T09:21:05.607458+07:00,c8_sim,43,8.657,217.821,0.326,26.855,0.014,253.674
2026-09-02T09:21:05.634735+07:00,c9_sim,1,9.005,217.821,0.159,26.597,0.059,253.642
2026-09-02T09:21:05.832396+07:00,c8_sim,44,7.818,167.382,0.555,28.852,0.035,204.641
2026-09-02T09:21:05.866753+07:00,c9_sim,2,2.597,167.382,1.003,32.459,0.020,203.462
2026-09-02T09:21:06.080004+07:00,c8_sim,45,8.082,173.330,0.736,37.961,0.054,220.163
2026-09-02T09:21:06.114738+07:00,c9_sim,3,2.454,173.330,0.713,33.126,0.019,209.642
2026-09-02T09:21:06.331498+07:00,c8_sim,46,8.485,180.947,0.882,33.852,0.025,224.192
2026-09-02T09:21:06.361296+07:00,c9_sim,4,3.331,180.947,0.545,28.456,0.041,213.320
2026-09-02T09:21:06.574997+07:00,c8_sim,47,7.869,178.873,0.996,32.587,0.033,220.357
2026-09-02T09:21:06.605883+07:00,c9_sim,5,5.355,178.873,0.605,29.440,0.021,214.294
2026-09-02T09:21:06.811789+07:00,c8_sim,48,7.395,172.163,0.749,30.982,0.034,211.323
2026-09-02T09:21:06.842653+07:00,c9_sim,6,5.956,172.163,0.664,29.212,0.015,208.010
2026-09-02T09:21:07.048590+07:00,c8_sim,49,9.466,174.121,0.654,30.016,0.033,214.290
2026-09-02T09:21:07.080800+07:00,c9_sim,7,8.663,174.121,0.606,30.797,0.019,214.207
2026-09-02T09:21:07.290302+07:00,c8_sim,50,7.958,177.423,0.737,30.408,0.035,216.560
2026-09-02T09:21:07.321079+07:00,c9_sim,8,8.912,177.423,0.733,29.105,0.045,216.217
2026-09-02T09:21:07.502457+07:00,c8_sim,51,8.612,179.487,0.983,0.000,0.011,189.093
2026-09-02T09:21:07.533017+07:00,c9_sim,9,5.959,179.487,0.483,29.351,0.021,215.301
2026-09-02T09:21:07.706186+07:00,c8_sim,52,8.187,171.383,0.766,0.000,0.020,180.357
2026-09-02T09:21:07.738735+07:00,c9_sim,10,12.335,171.383,0.540,31.281,0.023,215.563
2026-09-02T09:21:07.914594+07:00,c8_sim,53,8.126,173.997,0.901,0.000,0.011,183.034
2026-09-02T09:21:07.946088+07:00,c9_sim,11,4.661,173.997,0.459,30.378,0.024,209.520
2026-09-02T09:21:08.120866+07:00,c8_sim,54,6.990,173.125,0.732,0.000,0.011,180.858
2026-09-02T09:21:08.153367+07:00,c9_sim,12,6.508,173.125,0.734,31.098,0.021,211.487
2026-09-02T09:21:08.333488+07:00,c8_sim,55,9.007,179.689,0.000,0.000,0.013,188.708
2026-09-02T09:21:08.365221+07:00,c9_sim,13,5.563,179.689,0.642,30.362,0.020,216.276
2026-09-02T09:21:08.541601+07:00,c8_sim,56,9.612,175.937,0.000,0.000,0.013,185.563
2026-09-02T09:21:08.572079+07:00,c9_sim,14,6.982,175.937,0.656,29.118,0.022,212.715
2026-09-02T09:21:08.696661+07:00,c9_sim,15,10.795,92.286,0.581,30.774,0.022,134.458
2026-09-02T09:21:08.818874+07:00,c9_sim,16,3.797,91.395,0.678,29.146,0.022,125.037
2026-09-02T09:21:08.945948+07:00,c9_sim,17,6.258,95.722,0.730,29.619,0.035,132.364
2026-09-02T09:21:09.071221+07:00,c9_sim,18,5.636,94.863,0.622,28.808,0.041,129.970
2026-09-02T09:21:09.196089+07:00,c9_sim,19,8.682,92.433,0.652,30.815,0.033,132.615
2026-09-02T09:21:09.320299+07:00,c9_sim,20,6.481,93.269,0.695,29.274,0.035,129.755
2026-09-02T09:21:09.446861+07:00,c9_sim,21,7.976,93.083,0.950,31.508,0.036,133.553
2026-09-02T09:21:09.573309+07:00,c9_sim,22,10.627,93.959,0.602,30.928,0.040,136.157
2026-09-02T09:21:09.697368+07:00,c9_sim,23,6.784,93.780,0.551,28.831,0.033,129.978
2026-09-02T09:21:09.821224+07:00,c9_sim,24,10.810,93.115,0.625,29.174,0.035,133.759
2026-09-02T09:21:09.945742+07:00,c9_sim,25,9.893,92.895,0.583,30.122,0.030,133.523
2026-09-02T09:21:10.066972+07:00,c9_sim,26,5.496,90.517,0.598,29.232,0.031,125.873
2026-09-02T09:21:10.192274+07:00,c9_sim,27,7.633,93.871,0.682,29.781,0.037,132.004
2026-09-02T09:21:10.318341+07:00,c9_sim,28,6.832,95.123,0.619,29.304,0.033,131.910
2026-09-02T09:21:10.441225+07:00,c9_sim,29,6.647,92.526,0.611,28.825,0.038,128.647
2026-09-02T09:21:10.562806+07:00,c9_sim,30,5.815,90.718,0.609,29.277,0.034,126.454
2026-09-02T09:21:10.690043+07:00,c9_sim,31,6.711,95.710,0.849,29.645,0.039,132.953
2026-09-02T09:21:10.818513+07:00,c9_sim,32,6.879,94.138,0.559,32.859,0.035,134.470
2026-09-02T09:21:10.950715+07:00,c9_sim,33,6.253,100.279,0.714,30.169,0.039,137.454
2026-09-02T09:21:11.076027+07:00,c9_sim,34,4.733,93.275,0.752,30.361,0.037,129.158
2026-09-02T09:21:11.211937+07:00,c9_sim,35,5.278,103.157,0.645,31.029,0.032,140.142
2026-09-02T09:21:11.339981+07:00,c9_sim,36,5.689,94.497,0.680,31.865,0.028,132.758
2026-09-02T09:21:11.467149+07:00,c9_sim,37,6.476,94.530,0.665,30.959,0.033,132.664
2026-09-02T09:21:11.603081+07:00,c9_sim,38,6.813,101.412,0.642,32.920,0.033,141.820
2026-09-02T09:21:11.731542+07:00,c9_sim,39,6.071,96.565,0.769,30.037,0.036,133.478
2026-09-02T09:21:11.857119+07:00,c9_sim,40,5.008,93.046,0.658,30.928,0.033,129.673
2026-09-02T09:21:11.986591+07:00,c9_sim,41,6.990,98.103,0.670,29.663,0.036,135.462
2026-09-02T09:21:12.127867+07:00,c9_sim,42,6.346,103.358,0.587,35.135,0.060,145.485
2026-09-02T09:21:12.278554+07:00,c9_sim,43,6.859,115.149,0.709,33.675,0.047,156.440
2026-09-02T09:21:12.430134+07:00,c9_sim,44,8.061,115.282,0.851,34.198,0.044,158.436
2026-09-02T09:21:12.582766+07:00,c9_sim,45,5.801,116.987,1.094,33.224,0.038,157.145
2026-09-02T09:21:12.720065+07:00,c9_sim,46,6.108,102.562,0.826,32.886,0.039,142.421
2026-09-02T09:21:12.858721+07:00,c9_sim,47,6.455,105.776,0.715,31.188,0.037,144.171
2026-09-02T09:21:13.000107+07:00,c9_sim,48,6.313,106.806,0.757,31.707,0.036,145.620
2026-09-02T09:21:13.136154+07:00,c9_sim,49,6.059,102.273,0.833,31.816,0.031,141.012
2026-09-02T09:21:13.301744+07:00,c9_sim,50,6.608,132.758,0.666,31.103,0.048,171.184
2026-09-02T09:21:13.420961+07:00,c9_sim,51,5.559,90.643,0.317,27.374,0.018,123.912
2026-09-02T09:21:13.541801+07:00,c9_sim,52,4.940,90.411,0.372,29.259,0.021,125.002
2026-09-02T09:21:13.662034+07:00,c9_sim,53,6.099,91.455,0.464,27.446,0.022,125.486
2026-09-02T09:21:13.783827+07:00,c9_sim,54,4.645,90.293,0.610,29.929,0.033,125.512
2026-09-02T09:21:13.909840+07:00,c9_sim,55,7.729,95.562,0.585,28.934,0.031,132.841
2026-09-02T09:21:14.037999+07:00,c9_sim,56,7.094,96.910,0.649,29.632,0.033,134.317
2026-09-02T09:21:14.164785+07:00,c9_sim,57,6.187,93.277,0.707,31.786,0.035,131.992
2026-09-02T09:21:14.290393+07:00,c9_sim,58,5.524,94.989,0.617,28.930,0.033,130.093
2026-09-02T09:21:14.413888+07:00,c9_sim,59,6.600,92.114,0.665,29.772,0.027,129.179
2026-09-02T09:21:14.544885+07:00,c9_sim,60,7.548,98.100,0.600,31.396,0.035,137.679
2026-09-02T09:21:14.679272+07:00,c9_sim,61,5.608,104.161,0.682,28.454,0.034,138.939
2026-09-02T09:21:14.806521+07:00,c9_sim,62,5.607,95.472,0.819,29.917,0.033,131.848
2026-09-02T09:21:14.931487+07:00,c9_sim,63,4.890,93.448,0.667,29.898,0.031,128.935
2026-09-02T09:21:15.056439+07:00,c9_sim,64,6.319,96.026,0.466,27.565,0.022,130.399
2026-09-02T09:21:15.179976+07:00,c9_sim,65,10.254,91.823,0.713,30.038,0.038,132.866
2026-09-02T09:21:15.307285+07:00,c9_sim,66,7.197,96.219,0.819,29.285,0.037,133.558
2026-09-02T09:21:15.433888+07:00,c9_sim,67,7.887,94.032,0.563,31.142,0.033,133.657
2026-09-02T09:21:15.589712+07:00,c9_sim,68,7.035,119.277,0.652,34.861,0.039,161.864
2026-09-02T09:21:15.729598+07:00,c9_sim,69,7.015,101.998,1.015,35.906,0.043,145.976
2026-09-02T09:21:15.875161+07:00,c9_sim,70,7.463,108.674,0.678,35.123,0.032,151.970
2026-09-02T09:21:16.029922+07:00,c9_sim,71,10.490,116.982,0.866,35.808,0.036,164.182
2026-09-02T09:21:16.175127+07:00,c9_sim,72,10.729,108.650,1.039,34.434,0.042,154.894
2026-09-02T09:21:16.304595+07:00,c9_sim,73,6.362,98.854,0.695,28.999,0.037,134.947
2026-09-02T09:21:16.428125+07:00,c9_sim,74,5.653,91.045,0.834,30.703,0.035,128.270
2026-09-02T09:21:16.554994+07:00,c9_sim,75,5.684,95.599,0.728,29.487,0.034,131.532
2026-09-02T09:21:16.693341+07:00,c9_sim,76,8.619,102.788,0.703,33.855,0.068,146.033
2026-09-02T09:21:16.831070+07:00,c9_sim,77,28.992,102.864,0.807,32.724,0.036,165.423
2026-09-02T09:21:16.977226+07:00,c9_sim,78,8.240,110.964,0.882,33.158,0.054,153.299
2026-09-02T09:21:17.112668+07:00,c9_sim,79,3.527,101.510,0.849,31.974,0.039,137.898
2026-09-02T09:21:17.253675+07:00,c9_sim,80,6.006,106.662,0.746,32.577,0.035,146.027
2026-09-02T09:21:17.389615+07:00,c9_sim,81,3.960,100.509,0.682,33.726,0.034,138.911
2026-09-02T09:21:17.531795+07:00,c9_sim,82,5.086,107.950,0.712,32.393,0.036,146.177
2026-09-02T09:21:17.665413+07:00,c9_sim,83,5.113,100.531,0.927,31.155,0.040,137.765
2026-09-02T09:21:17.793278+07:00,c9_sim,84,6.050,96.949,0.667,29.278,0.033,132.977
2026-09-02T09:21:17.925425+07:00,c9_sim,85,7.718,99.480,0.633,31.093,0.034,138.958
2026-09-02T09:21:18.052758+07:00,c9_sim,86,7.099,95.790,0.646,29.974,0.031,133.540
2026-09-02T09:21:18.185676+07:00,c9_sim,87,6.070,96.225,0.899,34.221,0.049,137.463
2026-09-02T09:21:18.321609+07:00,c9_sim,88,6.045,102.902,0.726,31.259,0.040,140.972
2026-09-02T09:21:18.446677+07:00,c9_sim,89,5.967,92.882,0.683,30.538,0.034,130.104
2026-09-02T09:21:18.575311+07:00,c9_sim,90,7.186,97.579,0.623,29.473,0.033,134.894
2026-09-02T09:21:18.704134+07:00,c9_sim,91,4.802,97.857,0.740,29.205,0.038,132.642
2026-09-02T09:21:18.830518+07:00,c9_sim,92,5.133,94.505,0.692,30.263,0.034,130.627
2026-09-02T09:21:18.953176+07:00,c9_sim,93,5.403,92.427,0.584,28.640,0.037,127.090
2026-09-02T09:21:19.080143+07:00,c9_sim,94,5.009,96.668,0.568,28.841,0.029,131.115
2026-09-02T09:21:19.202501+07:00,c9_sim,95,6.154,92.454,0.586,28.444,0.030,127.668
2026-09-02T09:21:19.326450+07:00,c9_sim,96,7.254,93.389,0.660,28.968,0.035,130.305
2026-09-02T09:21:19.448805+07:00,c9_sim,97,7.454,91.355,0.569,29.499,0.030,128.907
2026-09-02T09:21:19.576239+07:00,c9_sim,98,4.956,96.625,0.594,29.347,0.030,131.552
2026-09-02T09:21:19.703425+07:00,c9_sim,99,5.617,96.676,0.633,28.962,0.033,131.921
2026-09-02T09:21:19.831468+07:00,c9_sim,100,5.917,96.384,0.683,29.978,0.036,132.998
2026-09-02T09:21:19.967848+07:00,c9_sim,101,6.825,101.488,0.829,33.061,0.034,142.236
2026-09-02T09:21:20.096960+07:00,c9_sim,102,6.103,97.686,0.708,29.699,0.031,134.227
2026-09-02T09:21:20.224443+07:00,c9_sim,103,7.962,96.557,0.726,29.213,0.033,134.491
2026-09-02T09:21:20.347524+07:00,c9_sim,104,10.602,92.139,0.600,29.441,0.030,132.813
2026-09-02T09:21:20.471605+07:00,c9_sim,105,5.846,93.194,0.780,29.162,0.032,129.013
2026-09-02T09:21:20.597392+07:00,c9_sim,106,6.344,90.785,0.687,33.275,0.033,131.125
2026-09-02T09:21:20.728798+07:00,c9_sim,107,6.142,97.378,0.883,32.091,0.029,136.523
2026-09-02T09:21:20.854227+07:00,c9_sim,108,5.830,94.272,0.670,29.567,0.033,130.373
2026-09-02T09:21:20.994305+07:00,c9_sim,109,6.141,103.015,0.897,35.150,0.039,145.242
2026-09-02T09:21:21.136189+07:00,c9_sim,110,5.734,106.934,0.901,32.994,0.036,146.599
2026-09-02T09:21:21.267362+07:00,c9_sim,111,6.663,98.284,0.667,31.208,0.044,136.867
2026-09-02T09:21:21.393696+07:00,c9_sim,112,6.809,95.378,0.510,29.528,0.036,132.261
2026-09-02T09:21:21.521488+07:00,c9_sim,113,7.231,94.511,0.733,31.574,0.035,134.085
2026-09-02T09:21:21.650697+07:00,c9_sim,114,6.531,95.547,0.799,31.855,0.033,134.766
2026-09-02T09:21:21.780792+07:00,c9_sim,115,6.339,94.888,0.606,33.637,0.045,135.514
2026-09-02T09:21:21.916617+07:00,c9_sim,116,7.149,105.362,0.599,28.915,0.034,142.059
2026-09-02T09:21:22.042748+07:00,c9_sim,117,6.407,95.188,0.671,29.317,0.035,131.618
2026-09-02T09:21:22.166281+07:00,c9_sim,118,6.839,91.326,0.732,30.473,0.034,129.404
2026-09-02T09:21:22.294167+07:00,c9_sim,119,7.616,97.077,0.694,29.132,0.038,134.558
2026-09-02T09:21:22.422952+07:00,c9_sim,120,8.195,97.892,0.680,29.191,0.036,135.994
2026-09-02T09:21:22.546956+07:00,c9_sim,121,6.957,92.352,0.542,30.106,0.038,129.995
2026-09-02T09:21:22.695555+07:00,c9_sim,122,5.321,112.708,0.898,33.800,0.035,152.762
2026-09-02T09:21:22.834459+07:00,c9_sim,123,5.388,103.378,0.809,33.587,0.034,143.196
2026-09-02T09:21:22.969242+07:00,c9_sim,124,7.147,101.756,0.650,31.420,0.032,141.005
2026-09-02T09:21:23.093166+07:00,c9_sim,125,7.979,92.929,0.661,29.354,0.031,130.954
2026-09-02T09:21:23.222566+07:00,c9_sim,126,5.987,97.887,0.877,29.617,0.034,134.402
2026-09-02T09:21:23.345016+07:00,c9_sim,127,6.531,91.912,0.745,28.884,0.025,128.097
2026-09-02T09:21:23.474300+07:00,c9_sim,128,6.723,95.058,0.621,32.180,0.031,134.613
2026-09-02T09:21:23.606786+07:00,c9_sim,129,7.004,98.732,0.857,31.837,0.033,138.463
2026-09-02T09:21:23.750326+07:00,c9_sim,130,6.469,107.551,0.825,34.005,0.041,148.890
2026-09-02T09:21:23.881377+07:00,c9_sim,131,5.888,98.176,0.780,30.833,0.035,135.711
2026-09-02T09:21:24.009422+07:00,c9_sim,132,5.571,94.588,0.867,31.392,0.030,132.448
2026-09-02T09:21:24.138849+07:00,c9_sim,133,5.721,98.468,0.679,29.268,0.035,134.171
2026-09-02T09:21:24.272595+07:00,c9_sim,134,6.111,98.977,0.572,32.952,0.044,138.656
2026-09-02T09:21:24.398588+07:00,c9_sim,135,7.858,94.976,0.670,29.219,0.034,132.758
2026-09-02T09:21:24.526546+07:00,c9_sim,136,6.313,96.843,0.712,29.422,0.030,133.320
2026-09-02T09:21:24.652317+07:00,c9_sim,137,5.463,95.855,0.585,28.289,0.032,130.223
2026-09-02T09:21:24.783943+07:00,c9_sim,138,5.942,96.462,0.698,33.472,0.036,136.609
2026-09-02T09:21:24.919478+07:00,c9_sim,139,4.986,102.778,0.568,30.882,0.031,139.246
2026-09-02T09:21:25.055736+07:00,c9_sim,140,7.414,101.386,0.819,32.589,0.037,142.244
2026-09-02T09:21:25.182985+07:00,c9_sim,141,7.720,97.316,0.599,28.370,0.033,134.038
2026-09-02T09:21:25.311126+07:00,c9_sim,142,6.300,96.337,0.514,30.201,0.035,133.387
2026-09-02T09:21:25.435363+07:00,c9_sim,143,7.384,90.629,0.603,32.101,0.036,130.752
2026-09-02T09:21:25.561184+07:00,c9_sim,144,7.104,95.504,0.612,28.725,0.029,131.974
2026-09-02T09:21:25.690421+07:00,c9_sim,145,7.749,98.132,0.612,29.592,0.037,136.123
2026-09-02T09:21:25.814486+07:00,c9_sim,146,8.114,92.407,0.584,30.169,0.032,131.305
2026-09-02T09:21:25.938325+07:00,c9_sim,147,6.020,93.266,0.704,28.862,0.033,128.885
2026-09-02T09:21:26.062850+07:00,c9_sim,148,6.118,91.295,0.787,31.335,0.033,129.568
2026-09-02T09:21:26.190565+07:00,c9_sim,149,5.644,97.301,0.669,28.803,0.029,132.446
2026-09-02T09:21:26.318329+07:00,c9_sim,150,7.574,97.225,0.557,29.013,0.037,134.407
2026-09-02T09:21:26.453261+07:00,c9_sim,151,6.889,103.182,0.536,30.172,0.032,140.811
2026-09-02T09:21:26.576753+07:00,c9_sim,152,5.996,92.309,0.613,29.585,0.035,128.538
2026-09-02T09:21:26.703980+07:00,c9_sim,153,7.383,96.994,0.691,28.566,0.027,133.661
2026-09-02T09:21:26.831331+07:00,c9_sim,154,7.677,94.751,0.607,30.993,0.036,134.064
2026-09-02T09:21:26.954969+07:00,c9_sim,155,8.693,93.748,0.619,28.337,0.035,131.431
2026-09-02T09:21:27.081409+07:00,c9_sim,156,4.172,92.633,0.839,31.810,0.035,129.489
2026-09-02T09:21:27.206836+07:00,c9_sim,157,3.886,94.052,0.781,29.493,0.036,128.248
2026-09-02T09:21:27.335197+07:00,c9_sim,158,7.051,95.301,0.884,31.231,0.033,134.500
2026-09-02T09:21:27.470802+07:00,c9_sim,159,7.358,101.510,0.751,32.269,0.062,141.951
2026-09-02T09:21:27.611491+07:00,c9_sim,160,8.013,106.854,0.533,32.160,0.033,147.593
2026-09-02T09:21:27.741229+07:00,c9_sim,161,6.644,97.569,0.646,30.269,0.031,135.159
2026-09-02T09:21:27.868412+07:00,c9_sim,162,6.344,96.118,0.621,29.484,0.031,132.598
2026-09-02T09:21:27.995975+07:00,c9_sim,163,5.963,96.236,0.647,29.523,0.041,132.411
2026-09-02T09:21:28.121854+07:00,c9_sim,164,7.302,94.953,0.636,29.311,0.034,132.236
2026-09-02T09:21:28.250317+07:00,c9_sim,165,7.484,97.414,0.608,29.492,0.042,135.041
2026-09-02T09:21:28.378091+07:00,c9_sim,166,6.021,94.024,0.705,31.969,0.058,132.776
2026-09-02T09:21:28.514420+07:00,c9_sim,167,5.615,104.623,0.738,29.971,0.056,141.003
2026-09-02T09:21:28.644467+07:00,c9_sim,168,11.063,98.541,0.645,29.903,0.034,140.187
2026-09-02T09:21:28.768988+07:00,c9_sim,169,6.169,93.905,0.654,28.981,0.034,129.743
2026-09-02T09:21:28.897125+07:00,c9_sim,170,9.324,97.840,0.594,28.767,0.035,136.560
2026-09-02T09:21:29.023909+07:00,c9_sim,171,6.022,94.992,0.863,29.965,0.034,131.876
2026-09-02T09:21:29.147167+07:00,c9_sim,172,6.386,92.046,0.655,29.541,0.041,128.669
2026-09-02T09:21:29.278426+07:00,c9_sim,173,7.205,98.530,0.802,30.897,0.056,137.490
2026-09-02T09:21:29.409716+07:00,c9_sim,174,8.500,99.723,0.639,29.916,0.042,138.820
2026-09-02T09:21:29.533457+07:00,c9_sim,175,6.027,90.988,0.664,31.098,0.036,128.813
2026-09-02T09:21:29.659916+07:00,c9_sim,176,6.344,95.704,0.602,29.195,0.046,131.891
2026-09-02T09:21:29.802125+07:00,c9_sim,177,6.952,106.597,0.871,33.240,0.035,147.695
2026-09-02T09:21:29.934274+07:00,c9_sim,178,6.252,98.940,0.650,31.521,0.053,137.417
2026-09-02T09:21:30.058225+07:00,c9_sim,179,8.091,94.236,0.534,28.280,0.028,131.169
2026-09-02T09:21:30.184732+07:00,c9_sim,180,8.474,94.570,0.595,30.409,0.035,134.082
2026-09-02T09:21:30.312533+07:00,c9_sim,181,6.260,94.063,0.794,31.791,0.033,132.942
2026-09-02T09:21:30.440824+07:00,c9_sim,182,5.114,97.360,0.659,29.306,0.036,132.475
2026-09-02T09:21:30.578898+07:00,c9_sim,183,8.006,106.495,0.631,30.016,0.034,145.181
2026-09-02T09:21:30.701068+07:00,c9_sim,184,6.490,90.686,0.726,29.798,0.035,127.735
2026-09-02T09:21:30.831174+07:00,c9_sim,185,5.359,98.166,0.668,30.336,0.035,134.564
2026-09-02T09:21:30.955008+07:00,c9_sim,186,7.547,93.011,0.636,29.114,0.032,130.340
2026-09-02T09:21:31.084217+07:00,c9_sim,187,5.763,96.743,0.716,30.777,0.035,134.034
2026-09-02T09:21:31.215899+07:00,c9_sim,188,6.210,100.065,0.742,29.856,0.032,136.905
2026-09-02T09:21:31.342747+07:00,c9_sim,189,7.257,95.165,0.898,29.799,0.038,133.157
2026-09-02T09:21:31.468711+07:00,c9_sim,190,5.327,96.213,0.613,28.225,0.062,130.441
2026-09-02T09:21:31.598238+07:00,c9_sim,191,7.041,98.159,0.619,29.803,0.032,135.654
2026-09-02T09:21:31.727188+07:00,c9_sim,192,7.196,95.074,0.890,31.895,0.034,135.089
2026-09-02T09:21:31.855209+07:00,c9_sim,193,8.006,98.318,0.577,28.244,0.028,135.172
2026-09-02T09:21:31.980161+07:00,c9_sim,194,7.687,91.961,0.823,30.701,0.022,131.194
2026-09-02T09:21:32.163333+07:00,c8_sim,57,6.928,180.826,1.298,0.000,0.021,189.074
2026-09-02T09:21:32.196276+07:00,c9_sim,195,5.081,180.826,0.553,31.237,0.037,217.734
2026-09-02T09:21:32.374638+07:00,c8_sim,58,7.813,175.890,1.207,0.000,0.012,184.923
2026-09-02T09:21:32.405954+07:00,c9_sim,196,6.872,175.890,0.579,29.555,0.031,212.928
2026-09-02T09:21:32.591137+07:00,c8_sim,59,8.592,183.193,0.994,0.000,0.012,192.791
2026-09-02T09:21:32.623598+07:00,c9_sim,197,4.619,183.193,0.463,31.278,0.032,219.585
2026-09-02T09:21:32.803482+07:00,c8_sim,60,7.551,177.143,1.366,0.006,0.190,186.257
2026-09-02T09:21:32.836647+07:00,c9_sim,198,6.270,177.143,0.575,31.045,0.046,215.079
2026-09-02T09:21:33.012793+07:00,c8_sim,61,15.716,174.154,0.896,0.006,0.025,190.797
2026-09-02T09:21:33.045233+07:00,c9_sim,199,6.825,174.154,0.471,31.277,0.054,212.780
2026-09-02T09:21:33.221613+07:00,c8_sim,62,9.587,174.215,1.081,0.006,0.020,184.909
2026-09-02T09:21:33.253964+07:00,c9_sim,200,6.273,174.215,0.699,30.341,0.033,211.560
2026-09-02T09:21:33.425622+07:00,c8_sim,63,9.213,170.082,0.706,0.004,0.016,180.021
2026-09-02T09:21:33.456332+07:00,c9_sim,201,6.056,170.082,0.437,29.676,0.023,206.274
2026-09-02T09:21:33.635221+07:00,c8_sim,64,9.393,176.575,1.142,0.005,0.021,187.136
2026-09-02T09:21:33.668099+07:00,c9_sim,202,7.208,176.575,0.630,31.007,0.037,215.457
2026-09-02T09:21:33.852596+07:00,c8_sim,65,6.917,179.156,1.124,0.005,0.868,188.071
2026-09-02T09:21:33.885690+07:00,c9_sim,203,6.425,179.156,0.644,30.312,0.049,216.587
2026-09-02T09:21:34.064166+07:00,c8_sim,66,13.459,176.590,0.981,0.007,0.020,191.058
2026-09-02T09:21:34.097038+07:00,c9_sim,204,6.577,176.590,0.537,30.690,0.038,214.433
2026-09-02T09:21:34.284278+07:00,c8_sim,67,9.903,184.959,1.136,0.007,0.016,196.020
2026-09-02T09:21:34.315965+07:00,c9_sim,205,5.692,184.959,0.631,29.706,0.032,221.018
2026-09-02T09:21:34.494471+07:00,c8_sim,68,8.390,175.850,1.438,0.006,0.026,185.711
2026-09-02T09:21:34.529866+07:00,c9_sim,206,5.775,175.850,0.863,33.040,0.041,215.569
2026-09-02T09:21:34.718210+07:00,c8_sim,69,8.060,186.430,0.841,0.004,0.015,195.349
2026-09-02T09:21:34.749033+07:00,c9_sim,207,7.123,186.430,0.423,29.728,0.039,223.743
2026-09-02T09:21:34.929866+07:00,c8_sim,70,7.898,178.555,1.138,0.006,0.021,187.618
2026-09-02T09:21:34.961466+07:00,c9_sim,208,5.598,178.555,0.602,29.831,0.037,214.624
2026-09-02T09:21:35.148548+07:00,c8_sim,71,14.094,185.231,0.892,0.004,0.016,200.236
2026-09-02T09:21:35.178606+07:00,c9_sim,209,6.059,185.231,0.435,28.936,0.042,220.703
2026-09-02T09:21:35.369731+07:00,c8_sim,72,7.474,183.101,6.993,0.000,0.022,197.590
2026-09-02T09:21:35.401626+07:00,c9_sim,210,6.278,183.101,0.539,29.848,0.025,219.792
2026-09-02T09:21:35.576657+07:00,c8_sim,73,9.134,173.168,0.825,0.000,0.011,183.138
2026-09-02T09:21:35.606901+07:00,c9_sim,211,6.248,173.168,0.428,29.144,0.033,209.020
2026-09-02T09:21:35.786257+07:00,c8_sim,74,9.251,177.045,1.154,0.006,0.138,187.594
2026-09-02T09:21:35.818291+07:00,c9_sim,212,6.510,177.045,0.524,30.350,0.034,214.463
2026-09-02T09:21:35.997900+07:00,c8_sim,75,7.091,177.639,0.957,0.006,0.017,185.710
2026-09-02T09:21:36.030934+07:00,c9_sim,213,5.053,177.639,0.506,31.250,0.053,214.502
2026-09-02T09:21:36.210092+07:00,c8_sim,76,12.397,176.981,1.021,0.009,0.023,190.430
2026-09-02T09:21:36.242414+07:00,c9_sim,214,8.438,176.981,0.561,30.598,0.040,216.619
2026-09-02T09:21:36.423056+07:00,c8_sim,77,9.560,178.016,1.322,0.006,0.020,188.924
2026-09-02T09:21:36.455867+07:00,c9_sim,215,7.026,178.016,0.776,30.744,0.038,216.600
2026-09-02T09:21:36.671861+07:00,c8_sim,78,14.029,182.215,1.108,31.600,0.027,228.980
2026-09-02T09:21:36.704660+07:00,c9_sim,216,4.159,182.215,0.705,31.192,0.037,218.309
2026-09-02T09:21:36.915298+07:00,c8_sim,79,11.708,177.439,0.813,31.420,0.025,221.405
2026-09-02T09:21:36.947142+07:00,c9_sim,217,5.391,177.439,0.643,30.331,0.032,213.836
2026-09-02T09:21:37.163053+07:00,c8_sim,80,7.174,184.438,0.734,29.806,0.018,222.170
2026-09-02T09:21:37.192292+07:00,c9_sim,218,7.333,184.438,0.469,28.102,0.025,220.367
2026-09-02T09:21:37.399458+07:00,c8_sim,81,14.707,174.850,0.929,30.426,0.025,220.937
2026-09-02T09:21:37.430033+07:00,c9_sim,219,8.052,174.850,0.580,29.147,0.037,212.667
2026-09-02T09:21:37.640913+07:00,c8_sim,82,10.868,176.514,1.314,31.947,0.023,220.666
2026-09-02T09:21:37.672557+07:00,c9_sim,220,6.567,176.514,0.585,30.273,0.034,213.973
2026-09-02T09:21:37.855997+07:00,c8_sim,83,12.134,180.970,1.349,0.005,0.021,194.479
2026-09-02T09:21:37.890653+07:00,c9_sim,221,6.563,180.970,0.713,32.650,0.039,220.935
2026-09-02T09:21:38.112941+07:00,c8_sim,84,12.848,188.362,0.856,31.839,0.024,233.929
2026-09-02T09:21:38.145529+07:00,c9_sim,222,5.616,188.362,0.599,31.159,0.033,225.769
2026-09-02T09:21:38.361802+07:00,c8_sim,85,7.909,181.706,0.967,32.326,0.019,222.927
2026-09-02T09:21:38.392525+07:00,c9_sim,223,5.342,181.706,0.564,29.466,0.019,217.097
2026-09-02T09:21:38.729526+07:00,c8_sim,86,8.606,306.357,0.396,28.418,0.018,343.794
2026-09-02T09:21:38.758937+07:00,c9_sim,224,5.826,306.357,0.303,28.595,0.017,341.097
2026-09-02T09:21:38.759023+07:00,c10_sim,1,5.589,306.357,0.000,0.000,0.002,311.947
2026-09-02T09:21:39.059525+07:00,c8_sim,87,12.321,262.470,1.545,35.049,0.028,311.413
2026-09-02T09:21:39.093744+07:00,c9_sim,225,6.915,262.470,0.746,32.555,0.026,302.712
2026-09-02T09:21:39.093898+07:00,c10_sim,2,5.940,262.470,0.000,0.000,0.003,268.412
2026-09-02T09:21:39.415107+07:00,c8_sim,88,13.357,282.931,1.725,35.256,0.041,333.310
2026-09-02T09:21:39.450745+07:00,c9_sim,226,5.517,282.931,1.068,33.518,0.040,323.073
2026-09-02T09:21:39.450906+07:00,c10_sim,3,3.612,282.931,0.000,0.000,0.003,286.547
2026-09-02T09:21:39.766883+07:00,c8_sim,89,11.558,277.271,1.493,35.892,0.022,326.236
2026-09-02T09:21:39.800022+07:00,c9_sim,227,6.918,277.271,0.627,31.656,0.034,316.506
2026-09-02T09:21:39.800182+07:00,c10_sim,4,3.504,277.271,0.000,0.000,0.003,280.778
2026-09-02T09:21:40.106603+07:00,c8_sim,90,7.862,270.218,1.200,33.737,0.034,313.052
2026-09-02T09:21:40.140104+07:00,c9_sim,228,6.098,270.218,0.714,31.777,0.039,308.845
2026-09-02T09:21:40.140275+07:00,c10_sim,5,4.530,270.218,0.000,0.000,0.004,274.752
2026-09-02T09:21:40.446007+07:00,c8_sim,91,14.911,268.084,1.360,34.964,0.029,319.349
2026-09-02T09:21:40.479765+07:00,c9_sim,229,8.317,268.084,0.722,32.094,0.042,309.260
2026-09-02T09:21:40.479930+07:00,c10_sim,6,8.325,268.084,0.000,0.000,0.004,276.413
2026-09-02T09:21:40.823715+07:00,c8_sim,92,9.029,271.915,1.171,69.530,0.034,351.679
2026-09-02T09:21:40.855953+07:00,c9_sim,230,7.633,271.915,0.448,29.958,0.020,309.973
2026-09-02T09:21:40.885215+07:00,c10_sim,7,12.360,271.915,0.244,28.343,0.064,312.925
2026-09-02T09:21:41.168450+07:00,c8_sim,93,15.410,253.594,0.362,28.446,0.015,297.827
2026-09-02T09:21:41.197966+07:00,c9_sim,231,6.055,253.594,0.328,28.618,0.026,288.621
2026-09-02T09:21:41.228588+07:00,c10_sim,8,6.518,253.594,0.421,29.493,0.026,290.052
2026-09-02T09:21:41.547697+07:00,c8_sim,94,11.154,281.481,1.151,35.258,0.028,329.070
2026-09-02T09:21:41.581493+07:00,c9_sim,232,5.920,281.481,0.784,32.024,0.045,320.255
2026-09-02T09:21:41.615422+07:00,c10_sim,9,7.928,281.481,0.677,32.359,0.021,322.466
2026-09-02T09:21:41.919396+07:00,c8_sim,95,7.370,268.792,0.768,33.403,0.038,310.369
2026-09-02T09:21:41.952974+07:00,c9_sim,233,6.342,268.792,0.664,32.034,0.034,307.866
2026-09-02T09:21:41.988494+07:00,c10_sim,10,9.399,268.792,0.668,33.820,0.022,312.700
2026-09-02T09:21:42.298457+07:00,c8_sim,96,13.218,275.050,0.725,32.917,0.037,321.946
2026-09-02T09:21:42.333245+07:00,c9_sim,234,7.613,275.050,0.894,32.942,0.033,316.531
2026-09-02T09:21:42.366270+07:00,c10_sim,11,11.735,275.050,0.740,31.165,0.019,318.709
2026-09-02T09:21:42.672233+07:00,c8_sim,97,8.003,272.104,0.823,31.663,0.040,312.632
2026-09-02T09:21:42.706423+07:00,c9_sim,235,6.275,272.104,0.742,32.429,0.034,311.583
2026-09-02T09:21:42.739801+07:00,c10_sim,12,10.984,272.104,0.737,31.491,0.023,315.339
2026-09-02T09:21:43.046302+07:00,c8_sim,98,10.186,269.088,1.472,34.336,0.039,315.120
2026-09-02T09:21:43.080225+07:00,c9_sim,236,6.752,269.088,0.803,32.048,0.041,308.731
2026-09-02T09:21:43.114152+07:00,c10_sim,13,10.621,269.088,0.889,31.785,0.022,312.404
2026-09-02T09:21:43.423539+07:00,c8_sim,99,11.963,274.994,0.689,32.408,0.044,320.099
2026-09-02T09:21:43.458631+07:00,c9_sim,237,3.859,274.994,0.778,33.279,0.036,312.946
2026-09-02T09:21:43.524358+07:00,c10_sim,14,9.034,274.994,0.917,63.481,0.090,348.515
2026-09-02T09:21:43.844441+07:00,c8_sim,100,8.456,281.554,0.631,36.500,0.046,327.188
2026-09-02T09:21:43.881010+07:00,c9_sim,238,5.526,281.554,0.572,35.147,0.033,322.832
2026-09-02T09:21:43.952677+07:00,c10_sim,15,6.433,281.554,0.784,69.403,0.027,358.201
2026-09-02T09:21:44.314525+07:00,c8_sim,101,12.663,316.271,2.420,40.621,0.122,372.097
2026-09-02T09:21:44.355442+07:00,c9_sim,239,6.945,316.271,1.033,38.593,0.037,362.879
2026-09-02T09:21:44.428686+07:00,c10_sim,16,14.196,316.271,0.433,71.722,0.027,402.649
2026-09-02T09:21:44.798518+07:00,c8_sim,102,8.149,325.759,1.237,41.058,0.058,376.261
2026-09-02T09:21:44.839468+07:00,c9_sim,240,4.703,325.759,0.708,39.142,0.096,370.408
2026-09-02T09:21:44.915143+07:00,c10_sim,17,6.773,325.759,1.033,72.204,0.017,405.786
2026-09-02T09:21:45.269874+07:00,c8_sim,103,10.329,316.941,0.808,35.522,0.062,363.661
2026-09-02T09:21:45.308892+07:00,c9_sim,241,5.908,316.941,1.123,36.840,0.039,360.851
2026-09-02T09:21:45.380291+07:00,c10_sim,18,11.646,316.941,0.708,69.195,0.023,398.513
2026-09-02T09:21:45.702075+07:00,c8_sim,104,10.735,285.318,0.783,33.987,0.055,330.878
2026-09-02T09:21:45.736385+07:00,c9_sim,242,6.393,285.318,0.775,32.591,0.039,325.116
2026-09-02T09:21:45.802347+07:00,c10_sim,19,11.636,285.318,0.853,63.882,0.024,361.714
2026-09-02T09:21:46.113191+07:00,c8_sim,105,8.232,273.747,1.351,34.150,0.050,317.531
2026-09-02T09:21:46.148926+07:00,c9_sim,243,5.602,273.747,0.566,34.172,0.038,314.124
2026-09-02T09:21:46.213160+07:00,c10_sim,20,6.255,273.747,0.705,62.370,0.025,343.101
2026-09-02T09:21:46.550155+07:00,c8_sim,106,10.106,295.251,1.671,37.835,0.060,344.923
2026-09-02T09:21:46.587028+07:00,c9_sim,244,6.444,295.251,0.800,35.143,0.032,337.670
2026-09-02T09:21:46.655018+07:00,c10_sim,21,5.360,295.251,0.876,65.568,0.038,367.092
2026-09-02T09:21:47.080385+07:00,c8_sim,107,8.135,387.321,0.574,35.893,0.031,431.954
2026-09-02T09:21:47.110759+07:00,c9_sim,245,5.467,387.321,0.525,29.138,0.022,422.473
2026-09-02T09:21:47.170988+07:00,c10_sim,22,5.545,387.321,0.511,58.700,0.024,452.101
2026-09-02T09:21:47.202295+07:00,c12_sim,1,7.225,387.321,0.407,29.987,0.074,425.015
2026-09-02T09:21:47.592933+07:00,c8_sim,108,10.574,354.040,1.202,33.851,0.043,399.710
2026-09-02T09:21:47.626818+07:00,c9_sim,246,5.857,354.040,0.719,32.241,0.041,392.897
2026-09-02T09:21:47.694455+07:00,c10_sim,23,13.902,354.040,0.906,65.319,0.046,434.213
2026-09-02T09:21:47.728172+07:00,c12_sim,2,8.469,354.040,0.825,32.008,0.023,395.366
2026-09-02T09:21:48.142656+07:00,c8_sim,109,10.328,377.110,0.998,34.760,0.046,423.241
2026-09-02T09:21:48.177593+07:00,c9_sim,247,7.157,377.110,0.816,33.116,0.037,418.236
2026-09-02T09:21:48.245619+07:00,c10_sim,24,8.107,377.110,0.876,65.957,0.039,452.088
2026-09-02T09:21:48.281425+07:00,c12_sim,3,3.465,377.110,0.689,34.180,0.024,415.468
2026-09-02T09:21:48.711930+07:00,c8_sim,110,9.502,390.519,1.291,36.929,0.064,438.306
2026-09-02T09:21:48.748213+07:00,c9_sim,248,7.091,390.519,0.955,34.410,0.034,433.009
2026-09-02T09:21:48.816773+07:00,c10_sim,25,8.833,390.519,0.813,66.606,0.035,466.805
2026-09-02T09:21:48.851031+07:00,c12_sim,4,4.331,390.519,0.663,32.760,0.024,428.298
2026-09-02T09:21:49.257270+07:00,c8_sim,111,10.347,370.479,0.838,33.486,0.042,415.192
2026-09-02T09:21:49.291251+07:00,c9_sim,249,6.832,370.479,0.625,32.473,0.033,410.443
2026-09-02T09:21:49.355751+07:00,c10_sim,26,5.876,370.479,0.721,62.601,0.038,439.715
2026-09-02T09:21:49.388281+07:00,c12_sim,5,6.772,370.479,0.740,30.684,0.021,408.697
2026-09-02T09:21:49.777560+07:00,c8_sim,112,8.613,355.622,0.792,31.185,0.069,396.280
2026-09-02T09:21:49.811161+07:00,c9_sim,250,8.611,355.622,0.698,31.945,0.038,396.915
2026-09-02T09:21:49.877435+07:00,c10_sim,27,8.133,355.622,0.876,64.099,0.039,428.769
2026-09-02T09:21:49.910883+07:00,c12_sim,6,6.512,355.622,0.758,31.532,0.020,394.443
2026-09-02T09:21:50.322123+07:00,c8_sim,113,11.917,374.733,1.013,33.990,0.056,421.709
2026-09-02T09:21:50.356818+07:00,c9_sim,251,5.750,374.733,0.756,33.005,0.036,414.280
2026-09-02T09:21:50.422852+07:00,c10_sim,28,9.535,374.733,0.760,64.091,0.034,449.151
2026-09-02T09:21:50.455995+07:00,c12_sim,7,13.091,374.733,0.692,31.182,0.023,419.720
2026-09-02T09:21:50.850151+07:00,c8_sim,114,8.624,356.069,1.432,34.875,0.052,401.052
2026-09-02T09:21:50.886292+07:00,c9_sim,252,6.120,356.069,0.754,34.364,0.042,397.348
2026-09-02T09:21:50.954671+07:00,c10_sim,29,13.489,356.069,0.866,66.213,0.040,436.676
2026-09-02T09:21:51.015537+07:00,c12_sim,8,9.437,356.069,0.666,59.070,0.049,425.291
2026-09-02T09:21:51.686787+07:00,c8_sim,115,9.055,636.156,0.839,32.924,0.070,679.044
2026-09-02T09:21:51.718746+07:00,c9_sim,253,6.010,636.156,0.390,30.989,0.019,673.564
2026-09-02T09:21:51.784628+07:00,c10_sim,30,7.987,636.156,0.382,64.480,0.052,709.058
2026-09-02T09:21:51.819828+07:00,c11_sim,1,9.265,636.156,0.476,33.673,0.079,679.648
2026-09-02T09:21:51.855258+07:00,c12_sim,9,8.611,636.156,0.857,33.676,0.021,679.322
2026-09-02T09:21:52.404292+07:00,c8_sim,116,11.921,506.283,1.009,40.207,0.045,559.465
2026-09-02T09:21:52.445204+07:00,c9_sim,254,5.769,506.283,0.751,39.138,0.036,551.978
2026-09-02T09:21:52.520570+07:00,c10_sim,31,11.783,506.283,0.961,73.186,0.038,592.251
2026-09-02T09:21:52.556949+07:00,c11_sim,2,7.514,506.283,0.553,35.006,0.021,549.377
2026-09-02T09:21:52.592936+07:00,c12_sim,10,6.612,506.283,0.614,34.516,0.023,548.048
2026-09-02T09:21:53.147192+07:00,c8_sim,117,10.272,511.281,0.847,39.965,0.026,562.391
2026-09-02T09:21:53.182487+07:00,c9_sim,255,7.835,511.281,0.552,33.963,0.015,553.646
2026-09-02T09:21:53.249280+07:00,c10_sim,32,13.178,511.281,0.363,65.562,0.021,590.405
2026-09-02T09:21:53.250148+07:00,c11_sim,3,4.038,511.281,0.272,0.002,0.006,515.599
2026-09-02T09:21:53.283318+07:00,c12_sim,11,10.045,511.281,0.195,32.464,0.016,554.001
2026-09-02T09:21:53.787091+07:00,c8_sim,118,7.123,470.006,0.387,32.274,0.019,509.808
2026-09-02T09:21:53.819969+07:00,c9_sim,256,5.427,470.006,0.217,32.126,0.011,507.787
2026-09-02T09:21:53.884554+07:00,c10_sim,33,5.893,470.006,0.231,63.560,0.032,539.722
2026-09-02T09:21:53.885542+07:00,c11_sim,4,7.563,470.006,0.347,0.003,0.007,477.926
2026-09-02T09:21:53.918852+07:00,c12_sim,12,7.926,470.006,0.265,32.455,0.024,510.675
2026-09-02T09:21:54.471710+07:00,c8_sim,119,9.905,509.587,1.114,40.695,0.096,561.398
2026-09-02T09:21:54.512746+07:00,c9_sim,257,6.537,509.587,0.938,38.817,0.077,555.955
2026-09-02T09:21:54.588129+07:00,c10_sim,34,14.854,509.587,0.948,73.049,0.037,598.475
2026-09-02T09:21:54.623904+07:00,c11_sim,5,4.244,509.587,0.631,34.216,0.025,548.703
2026-09-02T09:21:54.662376+07:00,c12_sim,13,6.944,509.587,0.677,36.920,0.022,554.149
2026-09-02T09:21:55.193312+07:00,c8_sim,120,8.205,491.721,1.062,36.836,0.037,537.860
2026-09-02T09:21:55.193672+07:00,c9_sim,258,6.456,491.721,0.000,0.000,0.007,498.183
2026-09-02T09:21:55.265242+07:00,c10_sim,35,8.443,491.721,1.004,69.390,0.026,570.584
2026-09-02T09:21:55.297611+07:00,c11_sim,6,4.282,491.721,0.423,31.299,0.014,527.738
2026-09-02T09:21:55.330062+07:00,c12_sim,14,6.171,491.721,0.390,31.469,0.014,529.765
2026-09-02T09:21:55.694387+07:00,c8_sim,121,7.701,361.743,1.275,0.010,0.028,370.756
2026-09-02T09:21:55.770640+07:00,c10_sim,36,11.726,361.743,0.959,73.627,0.046,448.100
2026-09-02T09:21:55.805210+07:00,c11_sim,7,4.556,361.743,0.641,33.047,0.022,400.009
2026-09-02T09:21:55.839583+07:00,c12_sim,15,10.938,361.743,0.714,32.823,0.021,406.238
2026-09-02T09:21:56.223733+07:00,c8_sim,122,13.039,382.732,0.388,0.003,0.010,396.171
2026-09-02T09:21:56.287417+07:00,c10_sim,37,8.196,382.732,0.303,62.440,0.019,453.689
2026-09-02T09:21:56.320218+07:00,c11_sim,8,5.178,382.732,0.235,32.072,0.008,420.224
2026-09-02T09:21:56.351213+07:00,c12_sim,16,13.502,382.732,0.205,30.328,0.016,426.783
2026-09-02T09:21:56.776549+07:00,c8_sim,123,8.979,387.611,0.697,33.637,0.061,430.985
2026-09-02T09:21:56.857389+07:00,c10_sim,38,7.089,387.611,1.069,72.998,0.039,468.806
2026-09-02T09:21:56.892026+07:00,c11_sim,9,6.435,387.611,0.580,33.198,0.032,427.857
2026-09-02T09:21:56.924814+07:00,c12_sim,17,7.082,387.611,0.696,31.057,0.029,426.475
2026-09-02T09:21:57.349215+07:00,c8_sim,124,9.069,383.318,1.063,38.755,0.066,432.271
2026-09-02T09:21:57.387563+07:00,c10_sim,39,8.892,383.318,1.008,36.045,0.066,429.328
2026-09-02T09:21:57.424179+07:00,c11_sim,10,5.727,383.318,0.713,34.132,0.023,423.913
2026-09-02T09:21:57.459126+07:00,c12_sim,18,6.210,383.318,0.666,33.444,0.024,423.661
2026-09-02T09:21:57.899018+07:00,c8_sim,125,14.480,400.705,1.212,36.560,0.051,453.009
2026-09-02T09:21:57.937748+07:00,c10_sim,40,8.066,400.705,1.008,36.463,0.040,446.283
2026-09-02T09:21:57.973147+07:00,c11_sim,11,6.560,400.705,0.688,33.782,0.026,441.761
2026-09-02T09:21:58.009958+07:00,c12_sim,19,13.329,400.705,0.886,34.985,0.026,449.932
2026-09-02T09:21:58.402510+07:00,c8_sim,126,10.011,392.072,0.000,0.000,0.022,402.105
2026-09-02T09:21:58.441126+07:00,c10_sim,41,6.526,392.072,0.896,36.619,0.043,436.156
2026-09-02T09:21:58.477456+07:00,c11_sim,12,15.769,392.072,0.815,34.553,0.023,443.233
2026-09-02T09:21:58.512998+07:00,c12_sim,20,8.806,392.072,0.905,33.699,0.027,435.509
2026-09-02T09:21:58.914705+07:00,c8_sim,127,13.904,401.300,0.000,0.000,0.009,415.213
2026-09-02T09:21:58.978764+07:00,c10_sim,42,7.890,401.300,0.429,62.878,0.039,472.535
2026-09-02T09:21:59.010856+07:00,c11_sim,13,8.946,401.300,0.307,31.256,0.014,441.823
2026-09-02T09:21:59.043136+07:00,c12_sim,21,6.186,401.300,0.334,31.384,0.019,439.222
2026-09-02T09:21:59.462211+07:00,c8_sim,128,14.589,418.690,0.000,0.000,0.020,433.298
2026-09-02T09:21:59.548320+07:00,c10_sim,43,13.468,418.690,0.605,84.337,0.063,517.162
2026-09-02T09:21:59.611175+07:00,c11_sim,14,7.739,418.690,2.839,51.425,5.431,486.124
2026-09-02T09:21:59.685326+07:00,c12_sim,22,7.273,418.690,7.076,55.047,0.055,488.141
2026-09-02T09:22:00.310830+07:00,c10_sim,44,4.775,516.444,1.029,103.949,0.105,626.302
2026-09-02T09:22:00.363671+07:00,c11_sim,15,6.592,516.444,0.455,51.608,0.019,575.117
2026-09-02T09:22:00.418897+07:00,c12_sim,23,11.840,516.444,0.500,53.634,0.321,582.738
2026-09-02T09:22:00.950758+07:00,c10_sim,45,8.725,474.278,1.404,54.505,0.065,538.976
2026-09-02T09:22:01.001800+07:00,c11_sim,16,6.529,474.278,0.861,48.859,0.028,530.555
2026-09-02T09:22:01.049225+07:00,c12_sim,24,14.611,474.278,0.877,45.350,0.034,535.149
2026-09-02T09:22:01.531969+07:00,c10_sim,46,10.930,429.838,1.546,49.459,0.056,491.829
2026-09-02T09:22:01.579810+07:00,c11_sim,17,8.566,429.838,0.723,46.096,0.028,485.251
2026-09-02T09:22:01.579994+07:00,c12_sim,25,7.789,429.838,0.000,0.000,0.007,437.634
2026-09-02T09:22:01.949036+07:00,c10_sim,47,7.621,366.615,0.918,0.006,0.024,375.184
2026-09-02T09:22:01.992324+07:00,c11_sim,18,14.310,366.615,0.539,41.959,0.023,423.446
2026-09-02T09:22:01.994583+07:00,c12_sim,26,9.379,366.615,1.070,0.000,0.011,377.074
2026-09-02T09:22:02.356265+07:00,c10_sim,48,6.188,322.863,0.420,37.380,0.024,366.875
2026-09-02T09:22:02.396828+07:00,c11_sim,19,8.325,322.863,0.565,39.222,0.026,371.001
2026-09-02T09:22:02.397655+07:00,c12_sim,27,9.079,322.863,0.325,0.000,0.004,332.271
2026-09-02T09:22:02.730481+07:00,c10_sim,49,11.938,297.959,0.494,33.358,0.019,343.769
2026-09-02T09:22:02.763534+07:00,c11_sim,20,9.979,297.959,0.343,32.109,0.024,340.414
2026-09-02T09:22:02.764459+07:00,c12_sim,28,13.422,297.959,0.414,0.000,0.007,311.803
2026-09-02T09:22:03.084239+07:00,c10_sim,50,10.685,284.943,0.637,33.162,0.025,329.452
2026-09-02T09:22:03.118002+07:00,c11_sim,21,3.483,284.943,0.476,32.631,0.032,321.565
2026-09-02T09:22:03.152710+07:00,c12_sim,29,6.830,284.943,0.498,33.453,0.102,325.826
2026-09-02T09:22:03.487423+07:00,c10_sim,51,6.614,297.010,0.908,35.533,0.030,340.096
2026-09-02T09:22:03.521214+07:00,c11_sim,22,5.092,297.010,0.575,32.482,0.030,335.190
2026-09-02T09:22:03.522337+07:00,c12_sim,30,5.676,297.010,0.535,0.004,0.011,303.236
2026-09-02T09:22:03.862588+07:00,c10_sim,52,13.267,304.108,0.603,34.298,0.039,352.315
2026-09-02T09:22:03.898063+07:00,c11_sim,23,3.593,304.108,0.474,34.234,0.037,342.445
2026-09-02T09:22:03.899367+07:00,c12_sim,31,12.811,304.108,0.615,0.004,0.013,317.550
2026-09-02T09:22:04.112156+07:00,c10_sim,53,13.718,210.917,0.639,0.005,0.018,225.299
2026-09-02T09:22:04.150694+07:00,c11_sim,24,3.840,210.917,0.434,37.344,0.043,252.579
2026-09-02T09:22:04.345783+07:00,c10_sim,54,8.070,193.193,0.947,0.015,0.028,202.253
2026-09-02T09:22:04.380101+07:00,c11_sim,25,3.679,193.193,0.429,33.106,0.037,230.443
2026-09-02T09:22:04.581403+07:00,c10_sim,55,11.988,198.888,1.243,0.004,0.021,212.144
2026-09-02T09:22:04.616767+07:00,c11_sim,26,3.487,198.888,0.491,33.670,0.054,236.590
2026-09-02T09:22:04.813993+07:00,c10_sim,56,8.558,195.119,1.103,0.005,0.021,204.806
2026-09-02T09:22:04.849677+07:00,c11_sim,27,7.074,195.119,0.585,33.937,0.035,236.749
2026-09-02T09:22:05.047065+07:00,c10_sim,57,7.861,195.025,1.101,0.005,0.019,204.012
2026-09-02T09:22:05.081809+07:00,c11_sim,28,9.864,195.025,0.536,32.640,0.020,238.086
2026-09-02T09:22:05.279919+07:00,c10_sim,58,10.372,195.672,1.134,0.006,0.025,207.208
2026-09-02T09:22:05.316958+07:00,c11_sim,29,8.898,195.672,0.655,35.127,0.042,240.394
2026-09-02T09:22:05.466323+07:00,c11_sim,30,7.704,116.536,0.488,31.480,0.023,156.231
2026-09-02T09:22:05.600816+07:00,c11_sim,31,8.165,101.457,0.600,31.479,0.027,141.727
2026-09-02T09:22:05.733555+07:00,c11_sim,32,7.242,99.762,0.591,31.490,0.026,139.111
2026-09-02T09:22:05.868181+07:00,c11_sim,33,8.370,102.619,0.467,30.660,0.031,142.147
2026-09-02T09:22:05.999456+07:00,c11_sim,34,8.743,99.087,0.471,30.935,0.020,139.258
2026-09-02T09:22:06.138574+07:00,c11_sim,35,10.793,106.146,0.459,31.730,0.033,149.161
2026-09-02T09:22:06.281945+07:00,c11_sim,36,7.771,109.400,0.475,32.786,0.032,150.465
2026-09-02T09:22:06.432936+07:00,c11_sim,37,11.606,111.749,0.352,38.238,0.029,161.975
2026-09-02T09:22:06.575118+07:00,c11_sim,38,4.909,107.660,0.337,33.518,0.031,146.455
2026-09-02T09:22:06.718018+07:00,c11_sim,39,3.815,108.079,0.312,33.869,0.024,146.100
2026-09-02T09:22:06.862466+07:00,c11_sim,40,6.794,106.999,0.305,35.847,0.140,150.085
2026-09-02T09:22:07.018301+07:00,c11_sim,41,10.321,119.661,0.573,34.547,0.052,165.154
2026-09-02T09:22:07.167079+07:00,c11_sim,42,7.580,111.841,0.374,35.864,0.025,155.685
2026-09-02T09:22:07.317960+07:00,c11_sim,43,6.067,113.126,0.565,36.459,0.043,156.261
2026-09-02T09:22:07.486279+07:00,c11_sim,44,10.916,124.105,1.059,41.882,0.045,178.007
2026-09-02T09:22:07.670639+07:00,c11_sim,45,11.287,138.400,1.258,43.329,0.047,194.322
2026-09-02T09:22:07.858518+07:00,c11_sim,46,4.083,141.894,0.834,43.937,0.061,190.809
2026-09-02T09:22:08.047411+07:00,c11_sim,47,5.183,145.264,0.643,41.798,0.041,192.928
2026-09-02T09:22:08.231775+07:00,c11_sim,48,6.741,136.961,1.055,45.007,0.075,189.839
2026-09-02T09:22:08.410804+07:00,c11_sim,49,11.100,134.558,0.770,42.704,0.048,189.179
2026-09-02T09:22:08.582952+07:00,c11_sim,50,15.085,130.684,0.568,40.087,0.045,186.469
2026-09-02T09:22:08.750210+07:00,c11_sim,51,6.831,127.971,0.655,37.697,0.042,173.197
2026-09-02T09:22:08.909446+07:00,c11_sim,52,6.185,119.617,0.664,38.011,0.047,164.524
2026-09-02T09:22:09.067909+07:00,c11_sim,53,9.093,118.252,0.871,38.308,0.037,166.561
2026-09-02T09:22:09.223716+07:00,c11_sim,54,16.157,118.047,0.863,35.830,0.036,170.932
2026-09-02T09:22:09.376410+07:00,c11_sim,55,11.034,116.396,0.869,34.448,0.038,162.785
2026-09-02T09:22:09.520295+07:00,c11_sim,56,7.018,109.002,0.842,33.078,0.035,149.975
2026-09-02T09:22:09.661860+07:00,c11_sim,57,8.728,106.469,0.879,33.250,0.037,149.363
2026-09-02T09:22:09.801789+07:00,c11_sim,58,9.307,105.640,0.809,32.513,0.028,148.297
2026-09-02T09:22:09.938886+07:00,c11_sim,59,12.246,102.013,0.757,33.424,0.039,148.479
2026-09-02T09:22:10.078814+07:00,c11_sim,60,8.767,104.694,0.812,33.469,0.036,147.778
2026-09-02T09:22:10.218361+07:00,c11_sim,61,7.028,104.797,0.822,32.831,0.040,145.518
2026-09-02T09:22:10.357999+07:00,c11_sim,62,10.429,104.920,0.786,32.980,0.035,149.151
2026-09-02T09:22:10.498929+07:00,c11_sim,63,10.386,105.029,0.984,33.447,0.038,149.885
2026-09-02T09:22:10.642779+07:00,c11_sim,64,8.812,107.131,1.147,34.247,0.034,151.371
2026-09-02T09:22:10.786551+07:00,c11_sim,65,8.200,108.608,0.856,33.085,0.040,150.789
2026-09-02T09:22:10.965116+07:00,c11_sim,66,8.380,108.929,1.149,67.111,0.091,185.659
2026-09-02T09:22:11.136588+07:00,c11_sim,67,12.616,103.218,0.832,66.209,0.041,182.916
2026-09-02T09:22:11.309359+07:00,c11_sim,68,5.935,103.591,0.982,66.944,0.038,177.490
2026-09-02T09:22:11.486860+07:00,c11_sim,69,3.753,107.291,1.113,67.751,0.047,179.955
2026-09-02T09:22:11.664092+07:00,c11_sim,70,5.956,111.567,0.837,63.715,0.030,182.104
2026-09-02T09:22:11.841453+07:00,c11_sim,71,5.785,106.556,0.939,68.637,0.039,181.955
2026-09-02T09:22:12.022299+07:00,c11_sim,72,3.823,109.550,0.828,69.224,0.045,183.470
2026-09-02T09:22:12.206102+07:00,c11_sim,73,3.794,111.623,0.884,70.113,0.039,186.453
2026-09-02T09:22:12.391580+07:00,c11_sim,74,21.912,114.492,0.911,68.934,0.036,206.286
2026-09-02T09:22:12.579229+07:00,c11_sim,75,8.609,111.718,0.678,74.157,0.045,195.207
2026-09-02T09:22:12.781611+07:00,c11_sim,76,8.525,128.666,0.905,71.526,0.037,209.658
2026-09-02T09:22:12.961172+07:00,c11_sim,77,5.610,112.042,0.557,66.147,0.040,184.396
2026-09-02T09:22:13.177980+07:00,c11_sim,78,5.308,128.637,0.961,85.936,0.049,220.891
2026-09-02T09:22:13.394449+07:00,c11_sim,79,6.304,134.066,1.012,80.030,0.045,221.457
2026-09-02T09:22:13.612778+07:00,c11_sim,80,5.766,129.894,0.792,86.223,0.036,222.711
2026-09-02T09:22:13.828653+07:00,c11_sim,81,5.894,129.544,0.980,83.929,0.051,220.399
2026-09-02T09:22:14.044002+07:00,c11_sim,82,7.728,137.060,0.851,75.809,0.045,221.494
2026-09-02T09:22:14.250276+07:00,c11_sim,83,8.136,123.373,1.178,80.321,0.052,213.060
2026-09-02T09:22:14.469574+07:00,c11_sim,84,5.270,138.056,0.881,79.085,0.038,223.330
2026-09-02T09:22:14.685009+07:00,c11_sim,85,8.066,127.822,1.288,85.127,0.036,222.339
2026-09-02T09:22:14.910371+07:00,c11_sim,86,7.072,132.792,1.501,89.379,0.054,230.798
2026-09-02T09:22:15.122637+07:00,c11_sim,87,4.670,128.378,1.395,80.707,0.080,215.229
2026-09-02T09:22:15.334007+07:00,c11_sim,88,9.401,127.687,1.013,81.312,0.048,219.460
2026-09-02T09:22:15.536747+07:00,c11_sim,89,6.273,124.636,1.119,75.618,0.055,207.701
2026-09-02T09:22:15.736145+07:00,c11_sim,90,7.172,122.593,0.874,74.276,0.064,204.979
2026-09-02T09:22:15.931856+07:00,c11_sim,91,6.570,117.268,1.311,75.603,0.052,200.805
2026-09-02T09:22:16.119102+07:00,c11_sim,92,6.762,113.768,0.794,71.468,0.041,192.833
2026-09-02T09:22:16.307475+07:00,c11_sim,93,6.586,114.730,1.073,71.257,0.064,193.711
2026-09-02T09:22:16.494921+07:00,c11_sim,94,8.257,114.475,0.855,70.767,0.066,194.419
2026-09-02T09:22:16.685465+07:00,c11_sim,95,7.124,116.437,1.222,71.496,0.048,196.328
2026-09-02T09:22:16.874603+07:00,c11_sim,96,3.908,114.761,1.118,71.802,0.044,191.632
2026-09-02T09:22:17.061587+07:00,c11_sim,97,4.095,114.816,0.806,70.126,0.052,189.895
2026-09-02T09:22:17.245413+07:00,c11_sim,98,3.587,111.110,1.085,70.275,0.046,186.102
2026-09-02T09:22:17.430064+07:00,c11_sim,99,3.557,113.998,0.914,68.503,0.045,187.018
2026-09-02T09:22:17.615700+07:00,c11_sim,100,4.646,111.235,1.113,71.993,0.047,189.032
2026-09-02T09:22:17.794167+07:00,c11_sim,101,4.832,107.168,0.781,69.182,0.064,182.027
2026-09-02T09:22:17.977667+07:00,c11_sim,102,4.685,111.829,0.891,69.322,0.033,186.760
2026-09-02T09:22:18.166470+07:00,c11_sim,103,6.537,115.172,1.110,71.176,0.063,194.057
2026-09-02T09:22:18.357978+07:00,c11_sim,104,5.031,113.855,1.191,75.207,0.057,195.342
2026-09-02T09:22:18.576426+07:00,c11_sim,105,8.124,129.571,0.908,83.481,0.052,222.137
2026-09-02T09:22:18.772451+07:00,c11_sim,106,8.061,121.394,1.019,72.282,0.076,202.832
2026-09-02T09:22:18.962438+07:00,c11_sim,107,4.840,115.933,0.996,71.726,0.066,193.560
2026-09-02T09:22:19.180130+07:00,c11_sim,108,8.628,127.670,1.114,87.443,0.054,224.910
2026-09-02T09:22:19.388465+07:00,c11_sim,109,8.854,130.280,1.014,75.663,0.059,215.870
2026-09-02T09:22:19.579027+07:00,c11_sim,110,6.042,118.117,0.897,70.302,0.061,195.419
2026-09-02T09:22:19.766826+07:00,c11_sim,111,7.535,115.429,0.806,70.355,0.071,194.197
2026-09-02T09:22:19.976746+07:00,c11_sim,112,6.062,126.647,0.982,77.971,0.042,211.704
2026-09-02T09:22:20.176096+07:00,c11_sim,113,7.732,130.244,0.710,67.238,0.035,205.960
2026-09-02T09:22:20.371593+07:00,c11_sim,114,7.310,119.103,1.236,73.817,0.032,201.498
2026-09-02T09:22:20.555269+07:00,c11_sim,115,7.059,111.498,0.966,69.929,0.045,189.496
2026-09-02T09:22:20.733442+07:00,c11_sim,116,6.854,107.233,1.030,68.754,0.056,183.928
2026-09-02T09:22:20.922230+07:00,c11_sim,117,9.184,117.081,1.032,69.298,0.038,196.633
2026-09-02T09:22:21.094777+07:00,c11_sim,118,6.549,105.898,0.593,64.983,0.024,178.047
2026-09-02T09:22:21.281410+07:00,c11_sim,119,7.864,111.471,0.974,72.328,0.057,192.694
2026-09-02T09:22:21.470229+07:00,c11_sim,120,6.087,114.849,1.117,71.528,0.043,193.625
2026-09-02T09:22:21.658113+07:00,c11_sim,121,7.803,113.123,1.099,72.284,0.045,194.354
2026-09-02T09:22:21.848651+07:00,c11_sim,122,6.029,113.442,0.783,75.116,0.054,195.424
2026-09-02T09:22:22.079277+07:00,c11_sim,123,6.822,150.698,0.547,78.307,0.032,236.406
2026-09-02T09:22:22.293593+07:00,c11_sim,124,6.932,126.612,0.900,85.400,0.076,219.920
2026-09-02T09:22:22.510334+07:00,c11_sim,125,7.350,131.937,1.068,82.238,0.056,222.648
2026-09-02T09:22:22.716856+07:00,c11_sim,126,6.991,126.023,1.227,77.784,0.060,212.085
2026-09-02T09:22:22.910797+07:00,c11_sim,127,6.026,119.060,1.043,72.385,0.047,198.560
2026-09-02T09:22:23.100810+07:00,c11_sim,128,6.647,113.841,0.927,74.038,0.046,195.499
2026-09-02T09:22:23.301378+07:00,c11_sim,129,6.119,123.519,0.936,74.833,0.049,205.457
2026-09-02T09:22:23.490479+07:00,c11_sim,130,4.215,113.168,0.908,73.847,0.052,192.190
2026-09-02T09:22:23.685014+07:00,c11_sim,131,4.010,118.530,0.919,73.801,0.034,197.296
2026-09-02T09:22:23.875952+07:00,c11_sim,132,3.848,115.414,1.127,73.129,0.051,193.569
2026-09-02T09:22:24.066049+07:00,c11_sim,133,3.989,114.774,0.849,73.037,0.047,192.697
2026-09-02T09:22:24.256000+07:00,c11_sim,134,3.728,114.735,0.835,73.151,0.041,192.491
2026-09-02T09:22:24.453925+07:00,c11_sim,135,6.216,118.068,0.971,77.716,0.046,203.018
2026-09-02T09:22:24.626891+07:00,c11_sim,136,4.504,135.345,0.894,35.739,0.044,176.525
2026-09-02T09:22:24.746768+07:00,c11_sim,137,4.492,117.540,1.464,0.000,0.018,123.514
2026-09-02T09:22:24.870786+07:00,c11_sim,138,6.528,122.493,0.624,0.000,0.014,129.660
2026-09-02T09:22:25.032673+07:00,c11_sim,139,6.721,123.318,0.686,37.042,0.038,167.805
2026-09-02T09:22:25.223714+07:00,c11_sim,140,5.469,189.227,1.220,0.000,0.010,195.926
2026-09-02T09:22:25.358393+07:00,c11_sim,141,11.819,131.999,1.532,0.000,0.021,145.371
2026-09-02T09:22:25.526095+07:00,c11_sim,142,8.670,126.920,0.854,38.837,0.045,175.326
2026-09-02T09:22:25.730886+07:00,c11_sim,143,13.750,124.743,1.065,77.797,0.058,217.413
2026-09-02T09:22:25.935655+07:00,c11_sim,144,7.528,123.641,0.923,78.995,0.050,211.137
2026-09-02T09:22:26.134475+07:00,c11_sim,145,9.388,122.524,0.556,74.761,0.036,207.266
2026-09-02T09:22:26.416983+07:00,c11_sim,146,7.679,204.041,0.490,75.954,0.084,288.248
2026-09-02T09:22:26.620984+07:00,c11_sim,147,8.394,123.831,0.830,77.987,0.050,211.091
2026-09-02T09:22:26.788262+07:00,c11_sim,148,8.173,128.143,0.636,37.390,0.030,174.371
2026-09-02T09:22:27.022553+07:00,c11_sim,149,9.312,141.726,1.100,86.427,0.135,238.699
2026-09-02T09:22:27.246050+07:00,c11_sim,150,8.738,143.418,0.586,78.478,0.039,231.258
2026-09-02T09:22:27.452239+07:00,c11_sim,151,8.469,123.965,0.552,80.501,0.032,213.519
2026-09-02T09:22:27.665165+07:00,c11_sim,152,7.279,128.453,0.610,82.975,0.030,219.347
2026-09-02T09:22:27.884113+07:00,c11_sim,153,8.186,132.481,0.509,85.069,0.033,226.278
2026-09-02T09:22:28.063772+07:00,c11_sim,154,9.846,134.503,0.528,43.692,0.029,188.597
2026-09-02T09:22:28.284937+07:00,c11_sim,155,11.148,133.756,0.509,86.031,0.029,231.472
2026-09-02T09:22:28.519731+07:00,c11_sim,156,7.777,143.658,0.651,88.772,0.037,240.894
2026-09-02T09:22:28.698022+07:00,c11_sim,157,6.036,133.511,0.583,43.123,0.023,183.276
2026-09-02T09:22:28.884979+07:00,c11_sim,158,7.552,140.785,0.619,44.361,0.039,193.356
2026-09-02T09:22:29.065616+07:00,c11_sim,159,7.091,135.362,0.639,43.303,0.038,186.433
2026-09-02T09:22:29.356466+07:00,c11_sim,160,8.664,248.101,0.566,40.958,0.034,298.323
2026-09-02T09:22:29.356612+07:00,c12_sim,32,5.271,248.101,0.000,0.000,0.009,253.381
2026-09-02T09:22:29.631647+07:00,c11_sim,161,7.145,232.316,0.549,41.171,0.028,281.208
2026-09-02T09:22:29.633026+07:00,c12_sim,33,6.600,232.316,0.726,0.000,0.007,239.649
2026-09-02T09:22:29.947986+07:00,c11_sim,162,8.568,231.809,0.973,80.772,0.034,322.156
2026-09-02T09:22:29.949243+07:00,c12_sim,34,5.264,231.809,0.546,0.000,0.007,237.626
2026-09-02T09:22:30.549697+07:00,c10_sim,59,4.885,597.421,1.339,0.000,0.061,603.706
2026-09-02T09:22:30.551567+07:00,c11_sim,163,7.886,597.421,0.497,0.008,0.015,605.827
2026-09-02T09:22:30.552638+07:00,c12_sim,35,5.426,597.421,0.344,0.000,0.005,603.196
2026-09-02T09:22:30.884082+07:00,c10_sim,60,5.726,329.178,1.018,0.000,0.017,335.940
2026-09-02T09:22:30.886436+07:00,c11_sim,164,7.890,329.178,0.718,0.006,0.018,337.810
2026-09-02T09:22:30.886554+07:00,c12_sim,36,10.005,329.178,0.000,0.000,0.006,339.189
2026-09-02T09:22:31.215730+07:00,c10_sim,61,19.382,327.263,0.887,0.000,0.016,347.548
2026-09-02T09:22:31.217213+07:00,c11_sim,165,8.002,327.263,0.505,0.005,0.013,335.788
2026-09-02T09:22:31.217323+07:00,c12_sim,37,5.619,327.263,0.000,0.000,0.005,332.887
2026-09-02T09:22:31.539073+07:00,c10_sim,62,15.997,319.347,1.228,0.004,0.232,336.807
2026-09-02T09:22:31.579762+07:00,c11_sim,166,6.078,319.347,0.419,38.852,0.032,364.727
2026-09-02T09:22:31.579876+07:00,c12_sim,38,5.211,319.347,0.000,0.000,0.004,324.561
2026-09-02T09:22:31.792926+07:00,c10_sim,63,6.684,211.962,0.479,0.003,0.011,219.140
2026-09-02T09:22:31.794008+07:00,c11_sim,167,9.384,211.962,0.330,0.003,0.009,221.688
2026-09-02T09:22:32.006910+07:00,c10_sim,64,5.720,211.510,0.581,0.004,0.015,217.830
2026-09-02T09:22:32.008541+07:00,c11_sim,168,11.080,211.510,0.438,0.004,0.012,223.045
2026-09-02T09:22:32.224285+07:00,c10_sim,65,5.728,214.114,0.810,0.005,0.019,220.676
2026-09-02T09:22:32.225984+07:00,c11_sim,169,6.280,214.114,0.565,0.004,0.014,220.978
2026-09-02T09:22:32.448978+07:00,c10_sim,66,5.490,221.550,0.683,0.004,0.018,227.744
2026-09-02T09:22:32.450320+07:00,c11_sim,170,7.280,221.550,0.451,0.004,0.012,229.297
2026-09-02T09:22:32.674781+07:00,c10_sim,67,7.249,222.715,0.939,0.008,0.020,230.931
2026-09-02T09:22:32.718822+07:00,c11_sim,171,7.156,222.715,0.535,42.438,0.020,272.865
2026-09-02T09:22:32.935621+07:00,c10_sim,68,11.133,214.157,0.950,0.004,0.362,226.605
2026-09-02T09:22:32.937276+07:00,c11_sim,172,6.492,214.157,0.381,0.003,0.017,221.050
2026-09-02T09:22:33.151194+07:00,c10_sim,69,6.301,212.151,0.668,0.004,0.014,219.139
2026-09-02T09:22:33.152793+07:00,c11_sim,173,7.697,212.151,0.573,0.004,0.014,220.440
2026-09-02T09:22:33.411741+07:00,c10_sim,70,6.368,218.153,1.149,38.400,0.074,264.143
2026-09-02T09:22:33.413582+07:00,c11_sim,174,7.687,218.153,0.779,0.005,0.014,226.638
2026-09-02T09:22:33.708532+07:00,c10_sim,71,7.154,218.378,0.922,74.480,0.017,300.951
2026-09-02T09:22:33.746035+07:00,c11_sim,175,6.808,218.378,0.557,36.008,0.028,261.779
2026-09-02T09:22:34.044850+07:00,c10_sim,72,4.145,214.460,0.999,82.157,0.027,301.788
2026-09-02T09:22:34.083438+07:00,c11_sim,176,7.597,214.460,0.781,36.709,0.026,259.572
2026-09-02T09:22:34.376960+07:00,c10_sim,73,6.764,216.455,1.159,73.972,0.501,298.851
2026-09-02T09:22:34.416453+07:00,c11_sim,177,7.555,216.455,0.751,37.550,0.039,262.350
2026-09-02T09:22:34.702703+07:00,c10_sim,74,7.917,208.910,0.901,75.264,0.052,293.044
2026-09-02T09:22:34.742758+07:00,c11_sim,178,7.573,208.910,1.098,37.591,0.054,255.226
2026-09-02T09:22:35.032702+07:00,c10_sim,75,4.295,215.909,0.709,72.193,0.023,293.129
2026-09-02T09:22:35.034164+07:00,c11_sim,179,7.340,215.909,0.772,0.004,0.015,224.039
2026-09-02T09:22:35.327714+07:00,c10_sim,76,4.195,216.971,0.958,74.334,0.030,296.487
2026-09-02T09:22:35.329879+07:00,c11_sim,180,6.956,216.971,1.192,0.004,0.014,225.137
2026-09-02T09:22:35.586191+07:00,c10_sim,77,4.975,216.628,1.185,37.231,0.027,260.047
2026-09-02T09:22:35.588152+07:00,c11_sim,181,7.019,216.628,0.820,0.004,0.015,224.486
2026-09-02T09:22:35.882424+07:00,c10_sim,78,7.059,216.568,1.110,75.282,0.036,300.055
2026-09-02T09:22:35.884680+07:00,c11_sim,182,8.688,216.568,1.244,0.005,0.016,226.520
2026-09-02T09:22:36.183990+07:00,c10_sim,79,6.815,221.080,1.187,75.729,0.033,304.843
2026-09-02T09:22:36.185815+07:00,c11_sim,183,7.117,221.080,0.882,0.004,0.014,229.096
2026-09-02T09:22:36.484171+07:00,c10_sim,80,6.907,219.968,1.211,75.751,0.031,303.869
2026-09-02T09:22:36.485990+07:00,c11_sim,184,7.709,219.968,0.800,0.005,0.020,228.502
2026-09-02T09:22:36.772049+07:00,c10_sim,81,7.938,211.252,1.185,72.350,0.021,292.746
2026-09-02T09:22:36.773341+07:00,c11_sim,185,3.588,211.252,0.636,0.004,0.013,215.492
2026-09-02T09:22:37.065958+07:00,c10_sim,82,6.918,213.960,1.227,76.147,0.032,298.284
2026-09-02T09:22:37.067679+07:00,c11_sim,186,10.745,213.960,0.791,0.005,0.016,225.517
2026-09-02T09:22:37.358709+07:00,c10_sim,83,7.221,212.671,1.168,75.984,0.030,297.075
2026-09-02T09:22:37.360494+07:00,c11_sim,187,8.905,212.671,0.869,0.013,0.018,222.476
2026-09-02T09:22:37.624990+07:00,c10_sim,84,7.308,221.188,1.110,41.222,0.021,270.849
2026-09-02T09:22:37.626293+07:00,c11_sim,188,12.630,221.188,0.557,0.004,0.012,234.391
2026-09-02T09:22:37.890172+07:00,c10_sim,85,5.402,223.629,1.042,38.318,0.024,268.415
2026-09-02T09:22:37.891700+07:00,c11_sim,189,5.421,223.629,0.665,0.007,0.015,229.736
2026-09-02T09:22:38.152296+07:00,c10_sim,86,6.177,219.236,0.931,39.315,0.119,265.778
2026-09-02T09:22:38.154267+07:00,c11_sim,190,7.120,219.236,0.826,0.005,0.019,227.206
2026-09-02T09:22:38.418540+07:00,c10_sim,87,7.009,222.879,1.060,39.336,0.028,270.312
2026-09-02T09:22:38.420277+07:00,c11_sim,191,11.046,222.879,0.755,0.004,0.014,234.698
2026-09-02T09:22:38.643374+07:00,c10_sim,88,6.678,220.346,1.543,0.000,0.024,228.590
2026-09-02T09:22:38.645269+07:00,c11_sim,192,8.894,220.346,0.595,0.004,0.015,229.854
2026-09-02T09:22:38.862613+07:00,c10_sim,89,7.243,214.987,1.543,0.000,0.015,223.789
2026-09-02T09:22:38.865367+07:00,c11_sim,193,9.221,214.987,0.667,0.006,0.526,225.406
2026-09-02T09:22:39.081039+07:00,c10_sim,90,8.840,213.797,0.903,0.000,0.026,223.567
2026-09-02T09:22:39.082281+07:00,c11_sim,194,6.511,213.797,0.518,0.004,0.013,220.843
2026-09-02T09:22:39.298307+07:00,c10_sim,91,6.831,214.898,0.423,0.000,0.008,222.161
2026-09-02T09:22:39.298985+07:00,c11_sim,195,6.527,214.898,0.201,0.002,0.006,221.634
2026-09-02T09:22:39.554544+07:00,c10_sim,92,6.774,218.151,0.462,36.341,0.041,261.769
2026-09-02T09:22:39.555321+07:00,c11_sim,196,8.265,218.151,0.269,0.002,0.006,226.693
2026-09-02T09:22:39.811571+07:00,c10_sim,93,6.481,215.463,2.688,37.368,0.018,262.018
2026-09-02T09:22:39.812691+07:00,c11_sim,197,11.732,215.463,0.397,0.002,0.010,227.604
2026-09-02T09:22:40.037170+07:00,c10_sim,94,5.113,223.303,0.631,0.000,0.009,229.056
2026-09-02T09:22:40.037890+07:00,c11_sim,198,8.864,223.303,0.279,0.002,0.007,232.455
2026-09-02T09:22:40.289140+07:00,c10_sim,95,8.592,250.065,0.600,0.000,0.011,259.268
2026-09-02T09:22:40.289977+07:00,c11_sim,199,7.131,250.065,0.288,0.003,0.008,257.495
2026-09-02T09:22:40.534726+07:00,c10_sim,96,6.500,242.839,0.928,0.000,0.023,250.289
2026-09-02T09:22:40.537076+07:00,c11_sim,200,7.448,242.839,0.753,0.006,0.017,251.064
2026-09-02T09:22:40.834999+07:00,c10_sim,97,6.834,252.370,1.187,43.297,0.132,303.820
2026-09-02T09:22:40.837091+07:00,c11_sim,201,11.019,252.370,0.958,0.005,0.015,264.367
2026-09-02T09:22:41.124459+07:00,c10_sim,98,6.826,240.516,1.384,43.043,0.378,292.147
2026-09-02T09:22:41.127077+07:00,c11_sim,202,7.228,240.516,0.990,0.006,0.028,248.768
2026-09-02T09:22:41.411320+07:00,c10_sim,99,6.940,238.450,1.187,43.466,0.038,290.081
2026-09-02T09:22:41.413375+07:00,c11_sim,203,6.807,238.450,0.943,0.005,0.016,246.221
2026-09-02T09:22:41.696182+07:00,c10_sim,100,7.216,239.204,1.212,41.381,0.029,289.042
2026-09-02T09:22:41.697883+07:00,c11_sim,204,10.157,239.204,0.700,0.004,0.012,250.078
2026-09-02T09:22:41.970538+07:00,c10_sim,101,7.704,230.845,0.802,40.120,0.029,279.500
2026-09-02T09:22:41.972397+07:00,c11_sim,205,8.145,230.845,0.909,0.004,0.014,239.916
2026-09-02T09:22:42.246834+07:00,c10_sim,102,6.963,233.022,0.823,39.398,0.275,280.481
2026-09-02T09:22:42.248412+07:00,c11_sim,206,12.437,233.022,0.794,0.005,0.022,246.279
2026-09-02T09:22:42.517332+07:00,c10_sim,103,9.316,226.248,0.881,40.848,0.036,277.329
2026-09-02T09:22:42.519132+07:00,c11_sim,207,8.571,226.248,0.853,0.005,0.014,235.691
2026-09-02T09:22:42.785719+07:00,c10_sim,104,7.945,222.827,1.126,41.756,0.032,273.686
2026-09-02T09:22:42.787807+07:00,c11_sim,208,8.169,222.827,1.008,0.004,0.011,232.020
2026-09-02T09:22:43.048649+07:00,c10_sim,105,7.977,220.059,0.915,38.811,0.038,267.800
2026-09-02T09:22:43.050653+07:00,c11_sim,209,9.145,220.059,0.809,0.005,0.014,230.032
2026-09-02T09:22:43.315646+07:00,c10_sim,106,9.840,222.337,1.147,40.443,0.031,273.799
2026-09-02T09:22:43.317787+07:00,c11_sim,210,8.533,222.337,0.939,0.006,0.018,231.833
2026-09-02T09:22:43.606486+07:00,c10_sim,107,7.682,241.642,0.785,45.012,0.026,295.147
2026-09-02T09:22:43.608537+07:00,c11_sim,211,6.978,241.642,0.767,0.005,0.015,249.407
2026-09-02T09:22:43.922175+07:00,c10_sim,108,6.688,263.521,0.849,47.932,0.202,319.191
2026-09-02T09:22:43.923745+07:00,c11_sim,212,7.134,263.521,0.692,0.004,0.019,271.370
2026-09-02T09:22:44.240497+07:00,c10_sim,109,7.849,266.964,0.908,47.732,0.027,323.481
2026-09-02T09:22:44.242291+07:00,c11_sim,213,7.168,266.964,0.745,0.007,0.018,274.902
2026-09-02T09:22:44.550488+07:00,c10_sim,110,7.037,261.789,0.892,44.443,0.046,314.207
2026-09-02T09:22:44.552772+07:00,c11_sim,214,11.033,261.789,0.841,0.005,0.015,273.684
2026-09-02T09:22:44.780263+07:00,c10_sim,111,8.101,225.763,0.831,0.004,0.013,234.712
2026-09-02T09:22:44.781479+07:00,c11_sim,215,9.498,225.763,0.467,0.004,0.013,235.744
2026-09-02T09:22:44.991464+07:00,c10_sim,112,6.650,208.068,1.030,0.005,0.017,215.770
2026-09-02T09:22:44.993337+07:00,c11_sim,216,9.611,208.068,0.633,0.004,0.016,218.332
2026-09-02T09:22:45.236445+07:00,c10_sim,113,7.688,205.825,0.925,35.480,0.022,249.939
2026-09-02T09:22:45.237873+07:00,c11_sim,217,11.186,205.825,0.589,0.005,0.017,217.622
2026-09-02T09:22:45.474806+07:00,c10_sim,114,7.004,200.861,0.768,34.337,0.022,242.991
2026-09-02T09:22:45.476154+07:00,c11_sim,218,7.007,200.861,0.553,0.004,0.014,208.439
2026-09-02T09:22:45.681842+07:00,c10_sim,115,7.099,203.731,1.045,0.005,0.022,211.902
2026-09-02T09:22:45.683666+07:00,c11_sim,219,8.331,203.731,0.585,0.004,0.014,212.665
2026-09-02T09:22:45.887791+07:00,c10_sim,116,6.675,203.032,0.470,0.003,0.010,210.190
2026-09-02T09:22:45.888476+07:00,c11_sim,220,8.238,203.032,0.206,0.001,0.006,211.483
2026-09-02T09:22:46.105909+07:00,c10_sim,117,7.819,215.950,0.724,0.004,0.015,224.512
2026-09-02T09:22:46.106971+07:00,c11_sim,221,8.130,215.950,0.427,0.003,0.011,224.521
2026-09-02T09:22:46.328832+07:00,c10_sim,118,7.346,220.768,0.505,0.003,0.011,228.632
2026-09-02T09:22:46.329597+07:00,c11_sim,222,7.458,220.768,0.251,0.002,0.007,228.486
2026-09-02T09:22:46.565110+07:00,c10_sim,119,6.848,234.567,0.389,0.002,0.010,241.816
2026-09-02T09:22:46.565772+07:00,c11_sim,223,6.858,234.567,0.187,0.002,0.006,241.619
2026-09-02T09:22:46.787904+07:00,c10_sim,120,6.568,221.204,0.363,0.002,0.009,228.146
2026-09-02T09:22:46.788635+07:00,c11_sim,224,9.398,221.204,0.169,0.001,0.004,230.777
2026-09-02T09:22:47.007877+07:00,c10_sim,121,7.608,218.331,0.350,0.002,0.009,226.300
2026-09-02T09:22:47.008509+07:00,c11_sim,225,7.490,218.331,0.158,0.001,0.005,225.984
2026-09-02T09:22:47.224077+07:00,c10_sim,122,6.095,215.438,0.000,0.000,0.008,221.542
2026-09-02T09:22:47.225057+07:00,c11_sim,226,8.225,215.438,0.325,0.002,0.007,223.998
2026-09-02T09:22:47.456854+07:00,c10_sim,123,6.939,231.591,0.000,0.000,0.019,238.548
2026-09-02T09:22:47.458715+07:00,c11_sim,227,8.370,231.591,0.856,0.006,0.019,240.841
2026-09-02T09:22:47.594269+07:00,c11_sim,228,12.186,134.168,0.570,0.004,0.016,146.944
2026-09-02T09:22:47.712517+07:00,c11_sim,229,7.954,116.805,0.576,0.004,0.017,125.355
2026-09-02T09:22:47.830833+07:00,c11_sim,230,6.976,116.970,0.563,0.004,0.015,124.528
2026-09-02T09:22:47.948849+07:00,c11_sim,231,8.674,116.757,0.461,0.004,0.013,125.910
2026-09-02T09:22:48.067562+07:00,c11_sim,232,9.004,117.154,0.733,0.007,0.018,126.916
2026-09-02T09:22:48.185756+07:00,c11_sim,233,11.181,116.666,0.610,0.005,0.017,128.478
2026-09-02T09:22:48.304725+07:00,c11_sim,234,9.250,117.305,0.787,0.005,0.022,127.369
2026-09-02T09:22:48.423508+07:00,c11_sim,235,9.860,116.958,0.911,0.005,0.019,127.754
2026-09-02T09:22:48.541499+07:00,c11_sim,236,10.792,116.279,0.791,0.005,0.021,127.887
2026-09-02T09:22:48.661840+07:00,c11_sim,237,11.146,116.667,0.719,0.005,0.041,128.578
2026-09-02T09:22:48.775823+07:00,c11_sim,238,11.089,112.332,0.629,0.005,0.018,124.073
2026-09-02T09:22:48.889788+07:00,c11_sim,239,6.889,112.533,0.563,0.005,0.018,120.008
2026-09-02T09:22:49.001987+07:00,c11_sim,240,8.144,110.778,0.599,0.005,0.016,119.542
2026-09-02T09:22:49.114271+07:00,c11_sim,241,7.901,111.089,0.439,0.004,0.013,119.446
2026-09-02T09:22:49.224890+07:00,c11_sim,242,7.805,109.643,0.364,0.003,0.011,117.826
2026-09-02T09:22:49.335935+07:00,c11_sim,243,12.380,110.000,0.406,0.003,0.011,122.800
2026-09-02T09:22:49.451666+07:00,c11_sim,244,9.034,114.283,0.666,0.005,0.020,124.009
2026-09-02T09:22:49.569740+07:00,c11_sim,245,8.574,116.676,0.527,0.004,0.016,125.797
2026-09-02T09:22:49.685721+07:00,c11_sim,246,7.156,114.417,0.730,0.004,0.021,122.329
2026-09-02T09:22:49.803412+07:00,c11_sim,247,8.404,116.268,0.549,0.004,0.016,125.240
2026-09-02T09:22:49.919322+07:00,c11_sim,248,8.301,114.602,0.468,0.004,0.014,123.388
2026-09-02T09:22:50.031846+07:00,c11_sim,249,8.699,111.116,0.557,0.004,0.016,120.393
2026-09-02T09:22:50.145362+07:00,c11_sim,250,8.001,112.033,0.611,0.004,0.018,120.667
2026-09-02T09:22:50.259792+07:00,c11_sim,251,10.677,113.157,0.500,0.004,0.014,124.352
2026-09-02T09:22:50.376600+07:00,c11_sim,252,7.053,115.573,0.428,0.003,0.012,123.069
2026-09-02T09:22:50.494461+07:00,c11_sim,253,5.944,116.311,0.719,0.005,0.022,123.000
2026-09-02T09:22:50.611074+07:00,c11_sim,254,8.690,115.252,0.517,0.004,0.014,124.476
2026-09-02T09:22:50.728162+07:00,c11_sim,255,8.016,115.789,0.501,0.004,0.014,124.325
2026-09-02T09:22:50.844483+07:00,c11_sim,256,6.540,115.051,0.467,0.004,0.015,122.077
2026-09-02T09:22:50.961296+07:00,c11_sim,257,8.570,115.495,0.511,0.004,0.016,124.596
2026-09-02T09:22:51.079918+07:00,c11_sim,258,10.144,117.013,0.779,0.005,0.018,127.959
2026-09-02T09:22:51.200170+07:00,c11_sim,259,8.116,118.577,0.788,0.005,0.019,127.505
2026-09-02T09:22:51.322075+07:00,c11_sim,260,14.351,120.063,0.910,0.009,0.021,135.354
2026-09-02T09:22:51.438534+07:00,c11_sim,261,6.132,114.748,0.808,0.004,0.019,121.712
2026-09-02T09:22:51.552543+07:00,c11_sim,262,7.300,112.431,0.703,0.005,0.018,120.458
2026-09-02T09:22:51.665165+07:00,c11_sim,263,9.746,111.193,0.601,0.005,0.017,121.563
2026-09-02T09:22:51.778323+07:00,c11_sim,264,10.787,111.615,0.708,0.005,0.017,123.132
2026-09-02T09:22:51.892296+07:00,c11_sim,265,7.286,112.460,0.694,0.005,0.020,120.465
2026-09-02T09:22:52.015553+07:00,c11_sim,266,8.141,121.898,0.505,0.004,0.016,130.563
2026-09-02T09:22:52.128771+07:00,c11_sim,267,8.582,111.508,0.690,0.005,0.020,120.805
2026-09-02T09:22:52.242650+07:00,c11_sim,268,8.472,112.465,0.547,0.004,0.016,121.503
2026-09-02T09:22:52.357380+07:00,c11_sim,269,7.141,113.535,0.432,0.003,0.013,121.124
2026-09-02T09:22:52.468756+07:00,c11_sim,270,7.500,110.431,0.346,0.002,0.010,118.289
2026-09-02T09:22:52.580124+07:00,c11_sim,271,9.225,110.139,0.516,0.004,0.016,119.900
2026-09-02T09:22:52.694712+07:00,c11_sim,272,8.102,112.975,0.753,0.006,0.021,121.856
2026-09-02T09:22:52.811346+07:00,c11_sim,273,6.700,115.303,0.502,0.003,0.014,122.521
2026-09-02T09:22:52.928200+07:00,c11_sim,274,9.306,115.519,0.521,0.004,0.016,125.365
2026-09-02T09:22:53.046095+07:00,c11_sim,275,7.426,116.157,0.863,0.011,0.026,124.484
2026-09-02T09:22:53.163514+07:00,c11_sim,276,7.338,117.229,0.000,0.000,0.011,124.578
2026-09-02T09:22:53.282996+07:00,c11_sim,277,6.526,117.216,1.484,0.000,0.015,125.241
2026-09-02T09:22:53.401283+07:00,c11_sim,278,3.748,116.802,0.591,0.000,0.011,121.152
2026-09-02T09:22:53.521082+07:00,c11_sim,279,7.136,118.583,0.472,0.000,0.009,126.200
2026-09-02T09:22:53.635109+07:00,c11_sim,280,8.525,112.647,0.564,0.004,0.099,121.838
2026-09-02T09:22:53.752246+07:00,c11_sim,281,7.807,115.725,0.660,0.005,0.017,124.214
2026-09-02T09:22:53.865348+07:00,c11_sim,282,8.375,111.851,0.522,0.004,0.013,120.765
2026-09-02T09:22:53.980448+07:00,c11_sim,283,7.072,113.803,0.613,0.004,0.015,121.506
2026-09-02T09:22:54.096182+07:00,c11_sim,284,8.619,114.076,0.781,0.005,0.019,123.500
2026-09-02T09:22:54.220940+07:00,c11_sim,285,7.354,123.052,0.820,0.005,0.017,131.249
2026-09-02T09:22:54.354394+07:00,c11_sim,286,7.447,132.425,0.384,0.003,0.012,140.269
2026-09-02T09:22:54.485041+07:00,c11_sim,287,7.087,127.988,0.981,0.005,0.026,136.089
2026-09-02T09:22:54.620324+07:00,c11_sim,288,7.418,133.574,0.760,0.008,0.018,141.779
2026-09-02T09:22:54.746623+07:00,c11_sim,289,10.614,124.681,0.677,0.004,0.017,135.993
2026-09-02T09:22:54.879208+07:00,c11_sim,290,9.109,128.581,0.853,0.005,0.557,139.105
2026-09-02T09:22:55.010038+07:00,c11_sim,291,6.694,129.290,0.633,0.004,0.034,136.655
2026-09-02T09:22:55.135428+07:00,c11_sim,292,9.572,123.765,0.675,0.004,0.014,134.031
2026-09-02T09:22:55.259461+07:00,c11_sim,293,6.357,122.727,0.473,0.004,0.012,129.572
2026-09-02T09:22:55.411313+07:00,c11_sim,294,7.983,150.624,0.455,0.003,0.011,159.077
2026-09-02T09:22:55.636801+07:00,c9_sim,259,4.050,225.274,0.000,0.000,0.027,229.351
2026-09-02T09:22:55.638342+07:00,c11_sim,295,6.576,225.274,0.726,0.005,0.013,232.594
2026-09-02T09:22:55.863990+07:00,c9_sim,260,4.590,222.025,2.559,0.000,0.025,229.199
2026-09-02T09:22:55.866112+07:00,c11_sim,296,7.220,222.025,0.762,0.006,0.016,230.030
2026-09-02T09:22:56.104698+07:00,c9_sim,261,4.587,237.065,0.749,0.000,0.032,242.432
2026-09-02T09:22:56.105621+07:00,c11_sim,297,8.686,237.065,0.286,0.010,0.007,246.053
2026-09-02T09:22:56.350177+07:00,c9_sim,262,4.561,242.248,1.160,0.000,0.021,247.989
2026-09-02T09:22:56.352235+07:00,c11_sim,298,7.561,242.248,0.807,0.008,0.017,250.640
2026-09-02T09:22:56.607917+07:00,c9_sim,263,7.679,253.161,1.275,0.007,0.110,262.232
2026-09-02T09:22:56.610857+07:00,c11_sim,299,7.346,253.161,1.321,0.008,0.031,261.867
2026-09-02T09:22:56.880521+07:00,c9_sim,264,8.721,267.388,0.957,0.005,0.029,277.100
2026-09-02T09:22:56.883129+07:00,c11_sim,300,7.959,267.388,1.037,0.004,0.013,276.401
2026-09-02T09:22:57.132239+07:00,c9_sim,265,5.856,246.895,0.911,0.005,0.026,253.692
2026-09-02T09:22:57.134504+07:00,c11_sim,301,6.971,246.895,0.963,0.005,0.017,254.851
2026-09-02T09:22:57.388543+07:00,c9_sim,266,13.138,253.702,0.000,0.000,0.027,266.867
2026-09-02T09:22:57.390738+07:00,c11_sim,302,6.894,253.702,1.221,0.006,0.018,261.842
2026-09-02T09:22:57.622837+07:00,c9_sim,267,7.175,229.450,1.449,0.011,0.031,238.117
2026-09-02T09:22:57.624962+07:00,c11_sim,303,8.681,229.450,0.629,0.004,0.008,238.772
2026-09-02T09:22:57.844578+07:00,c9_sim,268,11.859,216.929,1.502,0.007,0.035,230.332
2026-09-02T09:22:57.847069+07:00,c11_sim,304,6.364,216.929,1.033,0.006,0.021,224.354
2026-09-02T09:22:58.063144+07:00,c9_sim,269,8.766,212.123,1.435,0.007,0.032,222.362
2026-09-02T09:22:58.065364+07:00,c11_sim,305,4.782,212.123,0.897,0.006,0.021,217.829
2026-09-02T09:22:58.278177+07:00,c9_sim,270,8.992,210.130,1.467,0.007,0.032,220.627
2026-09-02T09:22:58.281210+07:00,c11_sim,306,4.277,210.130,1.235,0.007,0.025,215.675
2026-09-02T09:22:58.493507+07:00,c9_sim,271,12.744,210.632,0.722,0.004,0.017,224.118
2026-09-02T09:22:58.495110+07:00,c11_sim,307,5.158,210.632,0.804,0.003,0.009,216.606
2026-09-02T09:22:58.705788+07:00,c9_sim,272,12.431,206.193,1.180,0.005,0.662,220.472
2026-09-02T09:22:58.707887+07:00,c11_sim,308,5.739,206.193,0.713,0.004,0.062,212.711
2026-09-02T09:22:58.918093+07:00,c9_sim,273,14.018,208.490,0.838,0.004,0.019,223.371
2026-09-02T09:22:58.919419+07:00,c11_sim,309,8.744,208.490,0.497,0.004,0.011,217.747
2026-09-02T09:22:59.123768+07:00,c9_sim,274,11.400,202.077,1.184,0.005,0.026,214.693
2026-09-02T09:22:59.125750+07:00,c11_sim,310,10.138,202.077,0.711,0.008,0.018,212.951
2026-09-02T09:22:59.346312+07:00,c9_sim,275,7.413,218.538,1.015,0.005,0.021,226.992
2026-09-02T09:22:59.347910+07:00,c11_sim,311,8.669,218.538,0.567,0.004,0.015,227.793
2026-09-02T09:22:59.579797+07:00,c9_sim,276,6.818,230.211,0.837,0.004,0.022,237.893
2026-09-02T09:22:59.581077+07:00,c11_sim,312,5.129,230.211,0.554,0.004,0.013,235.910
2026-09-02T09:22:59.818093+07:00,c9_sim,277,5.867,234.898,1.161,0.005,0.021,241.952
2026-09-02T09:22:59.819849+07:00,c11_sim,313,5.076,234.898,0.686,0.005,0.039,240.704
2026-09-02T09:23:00.077635+07:00,c9_sim,278,6.309,255.897,0.805,0.004,0.021,263.037
2026-09-02T09:23:00.079378+07:00,c11_sim,314,6.802,255.897,0.778,0.007,0.024,263.509
2026-09-02T09:23:00.365131+07:00,c9_sim,279,8.131,282.842,0.815,0.004,0.019,291.810
2026-09-02T09:23:00.366567+07:00,c11_sim,315,6.989,282.842,0.498,0.004,0.011,290.345
2026-09-02T09:23:00.728250+07:00,c9_sim,280,8.987,259.530,1.710,97.892,0.020,368.137
2026-09-02T09:23:00.729733+07:00,c11_sim,316,7.838,259.530,0.376,0.003,0.006,267.753
2026-09-02T09:23:01.003920+07:00,c9_sim,281,7.578,227.813,1.015,44.246,0.030,280.682
2026-09-02T09:23:01.005857+07:00,c11_sim,317,7.314,227.813,0.831,0.006,0.015,235.978
2026-09-02T09:23:01.282989+07:00,c9_sim,282,8.649,235.405,0.809,39.311,0.033,284.206
2026-09-02T09:23:01.284633+07:00,c11_sim,318,7.755,235.405,0.675,0.005,0.014,243.852
2026-09-02T09:23:01.526544+07:00,c9_sim,283,10.851,238.347,1.225,0.005,0.023,250.451
2026-09-02T09:23:01.528621+07:00,c11_sim,319,7.182,238.347,0.679,0.005,0.018,246.231
2026-09-02T09:23:01.767230+07:00,c9_sim,284,8.399,236.479,0.894,0.005,0.018,245.794
2026-09-02T09:23:01.768699+07:00,c11_sim,320,7.942,236.479,0.626,0.004,0.015,245.066
2026-09-02T09:23:02.039418+07:00,c9_sim,285,9.216,228.025,1.069,38.859,0.036,277.206
2026-09-02T09:23:02.041705+07:00,c11_sim,321,7.392,228.025,1.014,0.006,0.017,236.454
2026-09-02T09:23:02.309851+07:00,c9_sim,286,2.995,224.808,1.020,40.053,0.033,268.909
2026-09-02T09:23:02.312525+07:00,c11_sim,322,7.704,224.808,1.026,0.007,0.022,233.566
2026-09-02T09:23:02.582334+07:00,c9_sim,287,6.533,226.633,1.348,39.338,0.033,273.884
2026-09-02T09:23:02.584695+07:00,c11_sim,323,7.122,226.633,0.950,0.005,0.013,234.723
2026-09-02T09:23:02.846342+07:00,c9_sim,288,6.668,221.087,1.023,38.576,0.027,267.383
2026-09-02T09:23:02.849590+07:00,c11_sim,324,8.277,221.087,0.809,0.005,0.018,230.197
2026-09-02T09:23:03.112754+07:00,c9_sim,289,6.477,221.571,1.424,37.731,0.031,267.234
2026-09-02T09:23:03.116512+07:00,c11_sim,325,7.699,221.571,1.126,0.005,0.020,230.421
2026-09-02T09:23:03.340303+07:00,c9_sim,290,5.475,219.561,1.427,0.007,0.032,226.502
2026-09-02T09:23:03.342481+07:00,c11_sim,326,7.604,219.561,0.781,0.005,0.016,227.967
2026-09-02T09:23:03.567334+07:00,c9_sim,291,9.557,222.181,1.544,0.005,0.022,233.309
2026-09-02T09:23:03.569308+07:00,c11_sim,327,7.577,222.181,0.672,0.004,0.015,230.450
2026-09-02T09:23:03.829218+07:00,c9_sim,292,6.575,217.610,1.351,38.637,0.031,264.204
2026-09-02T09:23:03.831260+07:00,c11_sim,328,7.078,217.610,0.831,0.006,0.018,225.542
2026-09-02T09:23:04.085701+07:00,c9_sim,293,9.708,214.039,1.255,36.862,0.024,261.889
2026-09-02T09:23:04.087446+07:00,c11_sim,329,5.910,214.039,0.791,0.005,0.016,220.762
2026-09-02T09:23:04.350828+07:00,c9_sim,294,6.176,221.695,0.853,38.795,0.033,267.552
2026-09-02T09:23:04.353038+07:00,c11_sim,330,6.264,221.695,1.004,0.006,0.016,228.985
2026-09-02T09:23:04.619734+07:00,c9_sim,295,8.535,226.043,0.845,38.727,0.031,274.181
2026-09-02T09:23:04.621545+07:00,c11_sim,331,6.944,226.043,0.751,0.005,0.014,233.757
2026-09-02T09:23:04.888675+07:00,c9_sim,296,8.795,225.025,0.963,38.296,0.041,273.121
2026-09-02T09:23:04.890965+07:00,c11_sim,332,7.320,225.025,1.059,0.006,0.021,233.431
2026-09-02T09:23:05.163784+07:00,c9_sim,297,11.411,227.245,1.379,41.565,0.030,281.631
2026-09-02T09:23:05.165612+07:00,c11_sim,333,20.296,227.245,0.731,0.004,0.011,248.287
2026-09-02T09:23:05.450510+07:00,c9_sim,298,6.364,237.315,1.280,45.008,0.035,290.003
2026-09-02T09:23:05.452780+07:00,c11_sim,334,5.941,237.315,1.038,0.007,0.017,244.317
2026-09-02T09:23:05.722711+07:00,c9_sim,299,9.457,228.493,0.796,39.067,0.031,277.844
2026-09-02T09:23:05.724580+07:00,c11_sim,335,74.103,228.493,0.874,0.005,0.012,303.487
2026-09-02T09:23:05.988699+07:00,c9_sim,300,9.956,222.199,1.015,38.350,0.084,271.605
2026-09-02T09:23:05.990590+07:00,c11_sim,336,5.006,222.199,0.802,0.005,0.012,228.024
2026-09-02T09:23:06.259536+07:00,c9_sim,301,9.157,226.972,1.134,39.732,0.045,277.041
2026-09-02T09:23:06.261195+07:00,c11_sim,337,4.667,226.972,0.709,0.005,0.013,232.366
2026-09-02T09:23:06.530533+07:00,c9_sim,302,10.273,222.307,0.901,42.572,0.053,276.106
2026-09-02T09:23:06.532317+07:00,c11_sim,338,14.543,222.307,0.708,0.004,0.011,237.574
2026-09-02T09:23:06.820586+07:00,c9_sim,303,12.216,243.480,1.510,41.894,0.088,299.187
2026-09-02T09:23:06.822900+07:00,c11_sim,339,9.055,243.480,1.085,0.007,0.015,253.642
2026-09-02T09:23:07.109177+07:00,c9_sim,304,11.464,239.606,1.391,43.504,0.044,296.010
2026-09-02T09:23:07.111049+07:00,c11_sim,340,7.341,239.606,0.799,0.005,0.015,247.766
2026-09-02T09:23:07.391920+07:00,c9_sim,305,6.612,236.470,0.851,41.368,0.040,285.341
2026-09-02T09:23:07.393902+07:00,c11_sim,341,9.245,236.470,0.796,0.006,0.017,246.532
2026-09-02T09:23:07.662716+07:00,c9_sim,306,10.783,225.792,1.397,40.402,0.057,278.431
2026-09-02T09:23:07.664731+07:00,c11_sim,342,7.587,225.792,0.943,0.006,0.014,234.342
2026-09-02T09:23:07.926239+07:00,c9_sim,307,6.474,220.534,0.892,38.109,0.038,266.047
2026-09-02T09:23:07.928023+07:00,c11_sim,343,7.888,220.534,0.810,0.005,0.015,229.252
2026-09-02T09:23:08.183598+07:00,c9_sim,308,9.037,213.302,0.951,39.288,0.038,262.616
2026-09-02T09:23:08.185301+07:00,c11_sim,344,11.886,213.302,0.761,0.006,0.016,225.970
2026-09-02T09:23:08.443288+07:00,c9_sim,309,6.044,217.728,1.339,37.703,0.050,262.864
2026-09-02T09:23:08.445517+07:00,c11_sim,345,7.102,217.728,1.022,0.006,0.021,225.879
2026-09-02T09:23:08.701173+07:00,c9_sim,310,11.510,214.932,1.268,37.581,0.040,265.332
2026-09-02T09:23:08.702884+07:00,c11_sim,346,7.401,214.932,0.750,0.006,0.013,223.102
2026-09-02T09:23:09.021142+07:00,c9_sim,311,6.631,253.773,6.206,44.450,0.029,311.088
2026-09-02T09:23:09.022319+07:00,c11_sim,347,8.349,253.773,0.360,0.003,0.008,262.493
2026-09-02T09:23:09.289178+07:00,c9_sim,312,8.443,223.939,1.323,40.420,0.057,274.181
2026-09-02T09:23:09.333799+07:00,c11_sim,348,8.422,223.939,1.070,42.280,0.031,275.743
2026-09-02T09:23:09.616363+07:00,c9_sim,313,12.116,239.918,0.844,40.648,0.042,293.568
2026-09-02T09:23:09.661062+07:00,c11_sim,349,8.321,239.918,0.818,42.749,0.029,291.835
2026-09-02T09:23:09.933319+07:00,c9_sim,314,9.575,227.294,1.560,40.642,0.056,279.126
2026-09-02T09:23:09.972811+07:00,c11_sim,350,7.166,227.294,0.689,37.840,0.025,273.014
2026-09-02T09:23:10.243697+07:00,c9_sim,315,3.665,228.117,1.355,40.138,0.050,273.325
2026-09-02T09:23:10.286136+07:00,c11_sim,351,15.989,228.117,1.130,39.981,0.026,285.243
2026-09-02T09:23:10.553201+07:00,c9_sim,316,8.824,225.441,0.817,39.321,0.047,274.451
2026-09-02T09:23:10.595934+07:00,c11_sim,352,7.355,225.441,0.914,40.700,0.038,274.449
2026-09-02T09:23:10.864941+07:00,c9_sim,317,9.309,227.767,0.971,38.964,0.054,277.063
2026-09-02T09:23:10.907579+07:00,c11_sim,353,11.003,227.767,1.103,40.324,0.024,280.220
2026-09-02T09:23:11.174037+07:00,c9_sim,318,7.885,224.196,1.036,39.765,0.036,272.918
2026-09-02T09:23:11.214660+07:00,c11_sim,354,14.524,224.196,0.607,39.124,0.027,278.479
2026-09-02T09:23:11.479159+07:00,c9_sim,319,10.379,222.018,1.403,39.818,0.056,273.674
2026-09-02T09:23:11.522736+07:00,c11_sim,355,10.740,222.018,0.983,41.172,0.026,274.939
2026-09-02T09:23:11.791089+07:00,c9_sim,320,8.867,224.643,1.085,40.661,0.044,275.301
2026-09-02T09:23:11.833128+07:00,c11_sim,356,5.198,224.643,0.789,40.081,0.038,270.750
2026-09-02T09:23:12.102153+07:00,c9_sim,321,12.983,226.331,1.401,39.989,0.063,280.768
2026-09-02T09:23:12.143912+07:00,c11_sim,357,5.120,226.331,1.121,39.352,0.028,271.953
2026-09-02T09:23:12.409377+07:00,c9_sim,322,5.843,226.103,0.805,37.480,0.041,270.271
2026-09-02T09:23:12.450188+07:00,c11_sim,358,5.625,226.103,0.741,39.056,0.034,271.558
2026-09-02T09:23:13.082213+07:00,c8_sim,129,9.296,627.657,2.637,0.000,0.069,639.659
2026-09-02T09:23:13.121270+07:00,c9_sim,323,10.825,627.657,0.718,36.860,0.053,676.113
2026-09-02T09:23:13.159409+07:00,c11_sim,359,5.865,627.657,0.720,36.360,0.044,670.646
2026-09-02T09:23:13.474165+07:00,c8_sim,130,4.938,312.973,0.857,0.000,0.017,318.785
2026-09-02T09:23:13.517151+07:00,c9_sim,324,7.573,312.973,0.578,41.367,0.065,362.556
2026-09-02T09:23:13.559035+07:00,c11_sim,360,5.643,312.973,1.133,39.472,0.023,359.243
2026-09-02T09:23:13.900267+07:00,c8_sim,131,5.771,337.094,1.362,0.000,0.020,344.248
2026-09-02T09:23:13.944843+07:00,c9_sim,325,9.016,337.094,0.796,42.308,0.062,389.277
2026-09-02T09:23:13.989074+07:00,c11_sim,361,5.640,337.094,1.154,41.806,0.032,385.725
2026-09-02T09:23:14.377411+07:00,c8_sim,132,13.346,343.606,1.063,41.664,0.187,399.866
2026-09-02T09:23:14.418922+07:00,c9_sim,326,7.120,343.606,0.862,39.173,0.055,390.816
2026-09-02T09:23:14.460971+07:00,c11_sim,362,5.678,343.606,0.928,40.013,0.032,390.258
2026-09-02T09:23:14.809752+07:00,c8_sim,133,8.812,346.067,1.475,0.008,0.031,356.393
2026-09-02T09:23:14.856853+07:00,c9_sim,327,31.019,346.067,0.884,44.071,0.053,422.095
2026-09-02T09:23:14.904779+07:00,c11_sim,363,5.374,346.067,1.139,45.506,0.028,398.115
2026-09-02T09:23:15.304641+07:00,c8_sim,134,14.929,354.606,1.030,42.322,0.038,412.925
2026-09-02T09:23:15.347988+07:00,c9_sim,328,11.997,354.606,1.149,41.102,0.049,408.903
2026-09-02T09:23:15.392163+07:00,c11_sim,364,5.454,354.606,0.867,42.259,0.042,403.228
2026-09-02T09:23:15.767742+07:00,c8_sim,135,7.331,331.590,1.239,40.254,0.032,380.446
2026-09-02T09:23:15.807802+07:00,c9_sim,329,6.361,331.590,0.764,37.833,0.036,376.585
2026-09-02T09:23:15.847743+07:00,c11_sim,365,5.895,331.590,0.761,38.227,0.058,376.531
2026-09-02T09:23:16.208237+07:00,c8_sim,136,15.752,319.810,1.063,37.169,0.030,373.824
2026-09-02T09:23:16.247057+07:00,c9_sim,330,7.516,319.810,0.831,37.039,0.053,365.249
2026-09-02T09:23:16.288666+07:00,c11_sim,366,5.512,319.810,0.942,39.431,0.037,365.732
2026-09-02T09:23:16.655131+07:00,c8_sim,137,8.387,321.819,1.086,42.529,0.034,373.855
2026-09-02T09:23:16.696158+07:00,c9_sim,331,8.194,321.819,0.758,39.220,0.043,370.035
2026-09-02T09:23:16.735865+07:00,c11_sim,367,5.590,321.819,0.752,38.010,0.041,366.212
2026-09-02T09:23:17.094170+07:00,c8_sim,138,11.076,313.936,1.560,40.208,0.038,366.820
2026-09-02T09:23:17.134620+07:00,c9_sim,332,5.424,313.936,1.098,38.238,0.037,358.733
2026-09-02T09:23:17.173955+07:00,c11_sim,368,5.477,313.936,0.825,37.581,0.037,357.856
2026-09-02T09:23:17.537479+07:00,c8_sim,139,11.394,321.072,1.262,39.434,0.026,373.187
2026-09-02T09:23:17.576634+07:00,c9_sim,333,5.647,321.072,0.846,37.326,0.052,364.943
2026-09-02T09:23:17.615641+07:00,c11_sim,369,5.697,321.072,0.844,37.142,0.044,364.797
2026-09-02T09:23:17.989586+07:00,c8_sim,140,14.471,327.352,1.580,40.351,0.698,384.453
2026-09-02T09:23:18.030046+07:00,c9_sim,334,10.114,327.352,0.926,37.680,0.114,376.185
2026-09-02T09:23:18.033185+07:00,c11_sim,370,5.536,327.352,1.929,0.000,0.017,334.834
2026-09-02T09:23:18.407727+07:00,c8_sim,141,12.422,331.391,1.120,40.260,0.027,385.220
2026-09-02T09:23:18.447003+07:00,c9_sim,335,8.377,331.391,0.692,37.663,0.055,378.179
2026-09-02T09:23:18.449104+07:00,c11_sim,371,5.561,331.391,1.051,0.000,0.014,338.017
2026-09-02T09:23:18.844065+07:00,c8_sim,142,7.780,347.195,1.214,45.395,0.039,401.624
2026-09-02T09:23:18.893291+07:00,c9_sim,336,12.275,347.195,1.044,46.601,0.059,407.174
2026-09-02T09:23:18.895871+07:00,c11_sim,372,5.629,347.195,1.106,0.000,0.014,353.945
2026-09-02T09:23:19.300479+07:00,c8_sim,143,9.204,360.419,1.028,41.231,0.039,411.921
2026-09-02T09:23:19.346178+07:00,c9_sim,337,5.053,360.419,1.063,43.356,0.059,409.949
2026-09-02T09:23:19.390913+07:00,c11_sim,373,5.495,360.419,1.274,42.105,0.131,409.424
2026-09-02T09:23:19.803500+07:00,c8_sim,144,8.585,365.109,1.582,43.377,0.047,418.700
2026-09-02T09:23:19.846679+07:00,c9_sim,338,6.575,365.109,0.856,41.297,0.044,413.880
2026-09-02T09:23:19.889929+07:00,c11_sim,374,5.614,365.109,0.907,41.139,0.041,412.810
2026-09-02T09:23:20.293127+07:00,c8_sim,145,15.759,360.512,0.383,41.662,0.012,418.328
2026-09-02T09:23:20.331590+07:00,c9_sim,339,11.991,360.512,0.231,37.737,0.014,410.486
2026-09-02T09:23:20.369642+07:00,c11_sim,375,5.686,360.512,0.215,37.396,0.009,403.817
2026-09-02T09:23:20.761161+07:00,c8_sim,146,10.249,348.257,0.478,41.594,0.021,400.600
2026-09-02T09:23:20.801545+07:00,c9_sim,340,5.543,348.257,0.302,39.499,0.024,393.624
2026-09-02T09:23:20.841613+07:00,c11_sim,376,5.656,348.257,0.333,39.206,0.009,393.461
2026-09-02T09:23:21.339939+07:00,c8_sim,147,6.891,450.076,0.400,47.197,0.013,504.577
2026-09-02T09:23:21.340021+07:00,c9_sim,341,11.177,450.076,0.000,0.000,0.003,461.256
2026-09-02T09:23:21.384414+07:00,c11_sim,377,5.913,450.076,0.287,43.575,0.011,499.862
2026-09-02T09:23:21.790929+07:00,c8_sim,148,14.585,364.735,0.373,40.741,0.012,420.444
2026-09-02T09:23:21.791004+07:00,c9_sim,342,10.302,364.735,0.000,0.000,0.003,375.039
2026-09-02T09:23:21.832399+07:00,c11_sim,378,5.512,364.735,0.244,40.609,0.009,411.109
2026-09-02T09:23:22.227081+07:00,c8_sim,149,13.381,353.398,0.373,40.356,0.019,407.527
2026-09-02T09:23:22.227154+07:00,c9_sim,343,8.138,353.398,0.000,0.000,0.003,361.539
2026-09-02T09:23:22.268046+07:00,c11_sim,379,6.034,353.398,0.229,40.210,0.010,399.881
2026-09-02T09:23:22.550975+07:00,c8_sim,150,9.657,239.379,0.335,42.461,0.022,291.853
2026-09-02T09:23:22.590705+07:00,c11_sim,380,5.530,239.379,0.297,38.740,0.011,283.958
2026-09-02T09:23:22.859905+07:00,c8_sim,151,8.739,229.650,0.340,38.612,0.023,277.363
2026-09-02T09:23:22.899369+07:00,c11_sim,381,5.890,229.650,0.257,38.653,0.008,274.457
2026-09-02T09:23:23.171741+07:00,c8_sim,152,12.942,231.478,0.655,39.356,0.044,284.476
2026-09-02T09:23:23.214590+07:00,c11_sim,382,5.663,231.478,0.911,40.825,0.040,278.916
2026-09-02T09:23:23.491670+07:00,c8_sim,153,8.879,234.534,1.151,40.264,0.050,284.878
2026-09-02T09:23:23.535300+07:00,c11_sim,383,5.590,234.534,1.163,41.194,0.037,282.518
2026-09-02T09:23:23.812971+07:00,c8_sim,154,13.931,236.027,1.198,39.335,0.044,290.537
2026-09-02T09:23:23.854465+07:00,c11_sim,384,5.536,236.027,0.983,38.359,0.710,281.615
2026-09-02T09:23:24.120808+07:00,c8_sim,155,8.115,224.790,1.142,39.192,0.104,273.342
2026-09-02T09:23:24.160057+07:00,c11_sim,385,5.783,224.790,0.823,37.427,0.031,268.853
2026-09-02T09:23:24.416404+07:00,c8_sim,156,14.471,217.086,1.068,37.191,0.039,269.854
2026-09-02T09:23:24.456228+07:00,c11_sim,386,5.652,217.086,0.843,37.856,0.030,261.466
2026-09-02T09:23:24.851146+07:00,c8_sim,157,9.278,356.232,0.946,36.715,0.036,403.207
2026-09-02T09:23:24.857101+07:00,c10_sim,124,9.547,356.232,5.129,0.000,0.019,370.927
2026-09-02T09:23:24.895319+07:00,c11_sim,387,5.793,356.232,0.562,36.202,0.033,398.821
2026-09-02T09:23:25.231660+07:00,c8_sim,158,7.967,335.962,0.000,0.000,0.020,343.949
2026-09-02T09:23:25.233974+07:00,c10_sim,125,6.959,335.962,1.371,0.000,0.013,344.306
2026-09-02T09:23:25.276569+07:00,c11_sim,388,7.422,335.962,0.897,40.362,0.036,384.680
2026-09-02T09:23:25.680732+07:00,c8_sim,159,12.526,352.817,1.134,44.167,0.045,410.690
2026-09-02T09:23:25.730531+07:00,c10_sim,126,7.761,352.817,1.253,43.705,0.100,405.636
2026-09-02T09:23:25.769566+07:00,c11_sim,389,5.799,352.817,0.701,37.559,0.031,396.906
2026-09-02T09:23:26.141889+07:00,c8_sim,160,9.611,325.886,1.151,43.504,0.079,380.230
2026-09-02T09:23:26.185448+07:00,c10_sim,127,8.558,325.886,0.892,41.573,0.027,376.936
2026-09-02T09:23:26.225949+07:00,c11_sim,390,5.335,325.886,0.916,38.536,0.036,370.710
2026-09-02T09:23:26.566112+07:00,c8_sim,161,7.819,339.742,0.000,0.000,0.020,347.581
2026-09-02T09:23:26.610948+07:00,c10_sim,128,7.381,339.742,1.048,42.905,0.029,391.105
2026-09-02T09:23:26.653319+07:00,c11_sim,391,5.838,339.742,1.192,40.013,0.036,386.821
2026-09-02T09:23:26.978298+07:00,c8_sim,162,6.657,324.727,0.000,0.000,0.016,331.399
2026-09-02T09:23:27.017053+07:00,c10_sim,129,14.440,324.727,0.748,37.238,0.028,377.181
2026-09-02T09:23:27.083441+07:00,c11_sim,392,6.251,324.727,0.683,64.749,0.022,396.433
2026-09-02T09:23:27.454080+07:00,c8_sim,163,8.865,370.410,0.000,0.000,0.023,379.298
2026-09-02T09:23:27.494745+07:00,c10_sim,130,11.190,370.410,0.739,39.302,0.028,421.668
2026-09-02T09:23:27.535489+07:00,c11_sim,393,6.262,370.410,0.564,39.450,0.042,416.728
2026-09-02T09:23:27.909249+07:00,c8_sim,164,9.463,373.395,0.000,0.000,0.030,382.888
2026-09-02T09:23:27.957560+07:00,c10_sim,131,6.134,373.395,1.208,45.851,0.035,426.622
2026-09-02T09:23:28.003871+07:00,c11_sim,394,6.489,373.395,1.045,44.144,0.051,425.123
2026-09-02T09:23:28.416091+07:00,c8_sim,165,7.555,411.935,0.000,0.000,0.013,419.502
2026-09-02T09:23:28.459053+07:00,c10_sim,132,6.976,411.935,0.492,41.520,0.048,460.970
2026-09-02T09:23:28.506190+07:00,c11_sim,395,5.503,411.935,1.528,43.890,0.070,462.926
2026-09-02T09:23:28.864104+07:00,c8_sim,166,11.024,357.514,0.000,0.000,0.022,368.561
2026-09-02T09:23:28.908158+07:00,c10_sim,133,6.471,357.514,0.975,42.086,0.035,407.081
2026-09-02T09:23:28.952495+07:00,c11_sim,396,6.810,357.514,1.078,42.064,0.046,407.513
2026-09-02T09:23:29.310497+07:00,c8_sim,167,8.112,356.430,0.000,0.000,0.034,364.575
2026-09-02T09:23:29.358418+07:00,c10_sim,134,10.790,356.430,1.483,44.776,0.036,413.515
2026-09-02T09:23:29.402026+07:00,c11_sim,397,10.083,356.430,1.127,41.268,0.063,408.971
2026-09-02T09:23:29.757054+07:00,c8_sim,168,9.922,353.526,0.000,0.000,0.029,363.476
2026-09-02T09:23:29.805991+07:00,c10_sim,135,12.219,353.526,1.832,45.454,0.035,413.066
2026-09-02T09:23:29.851285+07:00,c11_sim,398,5.999,353.526,1.210,42.801,0.059,403.595
2026-09-02T09:23:30.181295+07:00,c8_sim,169,4.591,329.565,0.000,0.000,0.023,334.180
2026-09-02T09:23:30.224373+07:00,c10_sim,136,12.097,329.565,1.246,39.164,0.660,382.731
2026-09-02T09:23:30.265428+07:00,c11_sim,399,6.343,329.565,1.095,38.116,0.072,375.191
2026-09-02T09:23:30.581403+07:00,c8_sim,170,4.011,314.796,0.000,0.000,0.026,318.833
2026-09-02T09:23:30.622489+07:00,c10_sim,137,8.045,314.796,1.640,37.917,0.024,362.422
2026-09-02T09:23:30.624307+07:00,c11_sim,400,6.288,314.796,0.986,0.004,0.013,322.085
2026-09-02T09:23:31.045696+07:00,c8_sim,171,4.723,420.976,0.000,0.000,0.033,425.732
2026-09-02T09:23:31.087929+07:00,c10_sim,138,13.557,420.976,1.587,39.049,0.025,475.194
2026-09-02T09:23:31.089935+07:00,c11_sim,401,6.564,420.976,1.142,0.000,0.010,428.693
2026-09-02T09:23:31.093298+07:00,c12_sim,39,12.161,420.976,1.407,0.000,0.534,435.077
2026-09-02T09:23:31.492490+07:00,c8_sim,172,7.023,398.789,0.000,0.000,0.034,405.846
2026-09-02T09:23:31.495927+07:00,c10_sim,139,56.070,398.789,1.880,0.009,0.027,456.775
2026-09-02T09:23:31.498341+07:00,c11_sim,402,7.979,398.789,1.010,0.000,0.014,407.792
2026-09-02T09:23:31.500908+07:00,c12_sim,40,13.042,398.789,1.266,0.000,0.014,413.111
2026-09-02T09:23:31.920921+07:00,c8_sim,173,4.516,418.592,0.000,0.000,0.039,423.148
2026-09-02T09:23:31.965345+07:00,c10_sim,140,6.196,418.592,1.853,40.967,0.030,467.639
2026-09-02T09:23:31.967492+07:00,c11_sim,403,2.779,418.592,1.148,0.000,0.010,422.531
2026-09-02T09:23:32.007560+07:00,c12_sim,41,12.896,418.592,0.838,38.035,0.025,470.386
2026-09-02T09:23:32.407162+07:00,c8_sim,174,4.616,399.161,0.000,0.000,0.007,403.784
2026-09-02T09:23:32.442498+07:00,c10_sim,141,5.521,399.161,0.363,34.358,0.010,439.413
2026-09-02T09:23:32.443193+07:00,c11_sim,404,3.190,399.161,0.229,0.000,0.003,402.583
2026-09-02T09:23:32.443835+07:00,c12_sim,42,8.153,399.161,0.208,0.002,0.005,407.528
2026-09-02T09:23:32.837452+07:00,c8_sim,175,4.390,392.837,0.000,0.000,0.190,397.417
2026-09-02T09:23:32.838232+07:00,c10_sim,142,8.460,392.837,0.274,0.002,0.009,401.582
2026-09-02T09:23:32.838915+07:00,c11_sim,405,4.263,392.837,0.174,0.000,0.002,397.276
2026-09-02T09:23:32.839586+07:00,c12_sim,43,10.824,392.837,0.186,0.001,0.003,403.851
2026-09-02T09:23:33.236946+07:00,c8_sim,176,4.242,397.068,0.000,0.000,0.003,401.314
2026-09-02T09:23:33.238156+07:00,c10_sim,143,10.877,397.068,0.473,0.002,0.007,408.428
2026-09-02T09:23:33.274705+07:00,c11_sim,406,5.996,397.068,0.192,35.863,0.028,439.147
2026-09-02T09:23:33.274750+07:00,c12_sim,44,7.004,397.068,0.000,0.000,0.002,404.075
2026-09-02T09:23:33.684925+07:00,c8_sim,177,4.152,409.814,0.000,0.000,0.004,413.970
2026-09-02T09:23:33.686281+07:00,c10_sim,144,4.664,409.814,0.422,0.002,0.009,414.911
2026-09-02T09:23:33.723397+07:00,c11_sim,407,5.583,409.814,0.240,36.260,0.009,451.905
2026-09-02T09:23:33.723436+07:00,c12_sim,45,11.557,409.814,0.000,0.000,0.002,421.373
2026-09-02T09:23:34.139832+07:00,c8_sim,178,4.097,416.256,0.000,0.000,0.004,420.357
2026-09-02T09:23:34.140764+07:00,c10_sim,145,9.067,416.256,0.356,0.002,0.008,425.689
2026-09-02T09:23:34.179114+07:00,c11_sim,408,4.018,416.256,0.230,37.397,0.009,457.911
2026-09-02T09:23:34.179159+07:00,c12_sim,46,12.763,416.256,0.000,0.000,0.002,429.021
2026-09-02T09:23:34.596828+07:00,c8_sim,179,4.452,417.553,0.000,0.000,0.006,422.011
2026-09-02T09:23:34.597709+07:00,c10_sim,146,12.085,417.553,0.383,0.005,0.010,430.036
2026-09-02T09:23:34.598590+07:00,c11_sim,409,5.643,417.553,0.191,0.001,0.004,423.392
2026-09-02T09:23:34.598618+07:00,c12_sim,47,7.271,417.553,0.000,0.000,0.002,424.827
2026-09-02T09:23:35.024786+07:00,c8_sim,180,4.237,425.327,0.000,0.000,0.006,429.570
2026-09-02T09:23:35.026260+07:00,c10_sim,147,7.022,425.327,0.630,0.004,0.012,432.994
2026-09-02T09:23:35.066114+07:00,c11_sim,410,5.296,425.327,0.423,38.747,0.023,469.815
2026-09-02T09:23:35.066254+07:00,c12_sim,48,7.356,425.327,0.000,0.000,0.006,432.689
2026-09-02T09:23:35.420778+07:00,c8_sim,181,3.895,354.250,0.000,0.000,0.010,358.155
2026-09-02T09:23:35.422663+07:00,c10_sim,148,12.560,354.250,1.071,0.006,0.016,367.903
2026-09-02T09:23:35.464398+07:00,c11_sim,411,7.631,354.250,0.620,39.882,0.031,402.414
2026-09-02T09:23:35.809000+07:00,c8_sim,182,4.862,344.340,0.000,0.000,0.007,349.209
2026-09-02T09:23:35.810633+07:00,c10_sim,149,10.321,344.340,0.790,0.005,0.017,355.472
2026-09-02T09:23:35.851141+07:00,c11_sim,412,11.373,344.340,0.596,39.007,0.034,395.350
2026-09-02T09:23:36.249399+07:00,c8_sim,183,11.189,396.783,0.000,0.000,0.017,407.988
2026-09-02T09:23:36.257128+07:00,c10_sim,150,11.657,396.783,0.813,0.015,0.024,409.291
2026-09-02T09:23:36.303718+07:00,c11_sim,413,10.755,396.783,0.298,45.481,0.014,453.332
2026-09-02T09:23:36.628076+07:00,c8_sim,184,15.795,324.088,0.000,0.000,0.011,339.894
2026-09-02T09:23:36.628252+07:00,c10_sim,151,11.222,324.088,0.000,0.000,0.015,335.324
2026-09-02T09:23:36.671395+07:00,c11_sim,414,6.089,324.088,1.102,41.067,0.034,372.379
2026-09-02T09:23:37.014326+07:00,c8_sim,185,9.118,342.394,0.000,0.000,0.005,351.517
2026-09-02T09:23:37.014406+07:00,c10_sim,152,12.772,342.394,0.000,0.000,0.007,355.172
2026-09-02T09:23:37.053351+07:00,c11_sim,415,11.682,342.394,0.481,37.495,0.276,392.327
2026-09-02T09:23:37.398810+07:00,c8_sim,186,14.274,345.173,0.000,0.000,0.042,359.489
2026-09-02T09:23:37.401876+07:00,c10_sim,153,14.192,345.173,2.111,0.000,0.020,361.495
2026-09-02T09:23:37.446409+07:00,c11_sim,416,13.771,345.173,0.660,42.541,0.025,402.170
2026-09-02T09:23:37.696158+07:00,c8_sim,187,11.676,249.420,0.000,0.000,0.010,261.106
2026-09-02T09:23:37.744136+07:00,c11_sim,417,9.020,249.420,1.077,45.947,0.021,305.485
2026-09-02T09:23:37.972105+07:00,c8_sim,188,11.491,226.791,0.000,0.000,0.008,238.290
2026-09-02T09:23:38.014030+07:00,c11_sim,418,9.136,226.791,1.034,39.659,0.026,276.645
2026-09-02T09:23:38.178564+07:00,c11_sim,419,8.046,126.189,0.749,36.530,0.019,171.534
2026-09-02T09:23:38.337479+07:00,c11_sim,420,6.813,119.399,0.930,37.669,0.027,164.838
2026-09-02T09:23:38.492569+07:00,c11_sim,421,8.272,117.342,0.854,35.858,0.018,162.345
2026-09-02T09:23:38.646626+07:00,c11_sim,422,9.057,116.911,0.658,35.669,0.015,162.310
2026-09-02T09:23:38.805345+07:00,c11_sim,423,8.029,118.185,0.970,37.335,0.024,164.543
2026-09-02T09:23:38.961396+07:00,c11_sim,424,7.987,117.502,0.891,36.819,0.027,163.226
2026-09-02T09:23:39.112006+07:00,c11_sim,425,9.817,113.389,0.714,35.649,0.025,159.595
2026-09-02T09:23:39.265309+07:00,c11_sim,426,7.612,115.614,0.624,36.225,0.023,160.098
2026-09-02T09:23:39.423166+07:00,c11_sim,427,11.377,118.433,0.788,37.706,0.025,168.328
2026-09-02T09:23:39.574501+07:00,c11_sim,428,8.123,115.353,0.530,34.783,0.021,158.809
2026-09-02T09:23:39.726579+07:00,c11_sim,429,8.802,114.758,0.496,36.178,0.020,160.253
2026-09-02T09:23:39.882587+07:00,c11_sim,430,4.608,117.141,0.645,37.379,0.041,159.813
2026-09-02T09:23:40.042270+07:00,c11_sim,431,7.149,121.533,0.601,36.701,0.020,166.006
2026-09-02T09:23:40.198482+07:00,c11_sim,432,6.739,118.420,0.658,36.361,0.021,162.199
2026-09-02T09:23:40.356159+07:00,c11_sim,433,6.216,113.650,3.359,39.842,0.073,163.139
2026-09-02T09:23:40.533308+07:00,c11_sim,434,6.795,137.332,0.346,37.866,0.021,182.360
2026-09-02T09:23:40.692552+07:00,c11_sim,435,6.684,119.503,0.547,38.406,0.038,165.178
2026-09-02T09:23:40.867986+07:00,c11_sim,436,7.350,130.877,1.047,42.298,0.059,181.630
2026-09-02T09:23:41.041026+07:00,c11_sim,437,6.945,131.696,0.714,39.676,0.051,179.082
2026-09-02T09:23:41.216374+07:00,c11_sim,438,6.457,130.640,1.030,40.741,0.045,178.914
2026-09-02T09:23:41.388376+07:00,c11_sim,439,6.948,130.515,0.915,39.592,0.042,178.011
2026-09-02T09:23:41.554531+07:00,c11_sim,440,8.635,124.721,1.117,39.224,0.040,173.736
2026-09-02T09:23:41.721666+07:00,c11_sim,441,7.307,126.573,0.708,38.879,0.042,173.509
2026-09-02T09:23:41.883849+07:00,c11_sim,442,9.240,122.615,0.839,37.741,0.047,170.481
2026-09-02T09:23:42.048404+07:00,c11_sim,443,7.476,125.458,0.775,37.392,0.038,171.140
2026-09-02T09:23:42.214190+07:00,c11_sim,444,6.114,125.074,1.003,38.571,0.043,170.805
2026-09-02T09:23:42.376826+07:00,c11_sim,445,7.595,122.905,0.969,37.724,0.046,169.239
2026-09-02T09:23:42.538855+07:00,c11_sim,446,6.934,121.221,1.149,38.566,0.039,167.908
2026-09-02T09:23:42.698641+07:00,c11_sim,447,4.635,119.030,0.766,39.007,0.053,163.490
2026-09-02T09:23:42.866105+07:00,c11_sim,448,6.374,127.282,0.856,38.291,0.053,172.856
2026-09-02T09:23:43.027202+07:00,c11_sim,449,4.307,122.382,0.731,37.043,0.040,164.503
2026-09-02T09:23:43.194170+07:00,c11_sim,450,3.665,126.129,1.132,38.473,0.051,169.450
2026-09-02T09:23:43.353098+07:00,c11_sim,451,3.885,119.386,0.881,37.500,0.043,161.694
2026-09-02T09:23:43.507922+07:00,c11_sim,452,3.255,118.847,0.481,34.688,0.021,157.292
2026-09-02T09:23:43.660119+07:00,c11_sim,453,3.588,114.085,0.753,36.472,0.050,154.947
2026-09-02T09:23:43.825806+07:00,c11_sim,454,3.736,121.098,1.069,42.112,0.056,168.071
2026-09-02T09:23:43.986080+07:00,c11_sim,455,3.105,120.290,0.859,38.091,0.030,162.375
2026-09-02T09:23:44.147718+07:00,c11_sim,456,9.185,121.747,0.859,37.847,0.057,169.695
2026-09-02T09:23:44.306789+07:00,c11_sim,457,7.438,119.570,0.852,37.561,0.035,165.456
2026-09-02T09:23:44.464382+07:00,c11_sim,458,6.819,118.753,0.832,36.996,0.054,163.454
2026-09-02T09:23:44.628779+07:00,c11_sim,459,7.026,125.023,0.866,37.371,0.082,170.369
2026-09-02T09:23:44.787977+07:00,c11_sim,460,6.733,118.610,1.125,38.380,0.037,164.885
2026-09-02T09:23:44.946841+07:00,c11_sim,461,6.732,119.277,1.063,37.499,0.049,164.618
2026-09-02T09:23:45.101621+07:00,c11_sim,462,7.638,115.915,0.735,37.171,0.043,161.503
2026-09-02T09:23:45.259511+07:00,c11_sim,463,7.875,119.163,0.958,36.791,0.043,164.830
2026-09-02T09:23:45.421379+07:00,c11_sim,464,9.113,122.707,0.743,36.667,0.040,169.269
2026-09-02T09:23:45.579428+07:00,c11_sim,465,7.694,119.402,0.884,36.705,0.053,164.737
2026-09-02T09:23:45.746991+07:00,c11_sim,466,6.649,128.275,0.874,37.298,0.056,173.152
2026-09-02T09:23:45.909633+07:00,c11_sim,467,7.225,126.958,0.493,34.326,0.022,169.024
2026-09-02T09:23:46.053907+07:00,c11_sim,468,4.844,107.959,0.292,35.371,0.015,148.481
2026-09-02T09:23:46.206548+07:00,c11_sim,469,4.409,114.287,0.472,37.246,0.022,156.437
2026-09-02T09:23:46.371688+07:00,c11_sim,470,6.519,121.755,0.743,41.360,0.056,170.434
2026-09-02T09:23:46.557101+07:00,c11_sim,471,6.851,137.862,0.939,45.348,0.053,191.053
2026-09-02T09:23:46.747504+07:00,c11_sim,472,6.998,142.593,1.094,45.297,0.072,196.054
2026-09-02T09:23:46.929918+07:00,c11_sim,473,7.192,135.267,0.990,44.783,0.044,188.275
2026-09-02T09:23:47.108009+07:00,c11_sim,474,7.259,134.640,1.006,41.355,0.045,184.306
2026-09-02T09:23:47.277566+07:00,c11_sim,475,6.438,128.677,0.736,39.202,0.042,175.095
2026-09-02T09:23:47.445648+07:00,c11_sim,476,6.374,127.501,0.840,38.746,0.044,173.504
2026-09-02T09:23:47.609166+07:00,c11_sim,477,6.526,124.822,0.840,36.836,0.043,169.068
2026-09-02T09:23:47.770863+07:00,c11_sim,478,7.626,120.937,0.972,38.733,0.040,168.308
2026-09-02T09:23:47.925978+07:00,c11_sim,479,6.633,116.734,0.856,36.497,0.038,160.758
2026-09-02T09:23:48.077303+07:00,c11_sim,480,6.108,113.514,0.705,36.185,0.033,156.545
2026-09-02T09:23:48.232334+07:00,c11_sim,481,7.207,116.537,0.905,36.538,0.035,161.223
2026-09-02T09:23:48.386574+07:00,c11_sim,482,9.155,115.718,0.973,36.491,0.039,162.375
2026-09-02T09:23:48.540712+07:00,c11_sim,483,8.308,116.081,0.737,36.240,0.035,161.402
2026-09-02T09:23:48.702908+07:00,c11_sim,484,7.749,120.965,1.009,39.086,0.059,168.869
2026-09-02T09:23:48.826813+07:00,c11_sim,485,6.860,121.602,1.233,0.000,0.015,129.711
2026-09-02T09:23:48.949218+07:00,c11_sim,486,6.826,120.309,1.127,0.000,0.017,128.278
2026-09-02T09:23:49.069586+07:00,c11_sim,487,6.462,118.605,0.900,0.000,0.015,125.981
2026-09-02T09:23:49.234098+07:00,c11_sim,488,8.152,123.328,0.968,38.103,0.086,170.637
2026-09-02T09:23:49.392836+07:00,c11_sim,489,7.395,119.787,1.077,36.813,0.031,165.103
2026-09-02T09:23:49.513811+07:00,c11_sim,490,6.835,120.646,0.000,0.000,0.015,127.496
2026-09-02T09:23:49.680349+07:00,c11_sim,491,6.735,124.977,0.741,39.911,0.031,172.395
2026-09-02T09:23:49.856705+07:00,c11_sim,492,7.621,133.148,0.898,41.194,0.035,182.895
2026-09-02T09:23:49.996752+07:00,c11_sim,493,7.332,138.201,0.848,0.004,0.019,146.404
2026-09-02T09:23:50.186365+07:00,c11_sim,494,6.082,144.638,1.430,42.364,0.023,194.537
2026-09-02T09:23:50.356784+07:00,c11_sim,495,7.034,127.332,0.877,41.145,0.037,176.426
2026-09-02T09:23:50.518646+07:00,c11_sim,496,7.125,122.236,0.949,37.596,0.027,167.933
2026-09-02T09:23:50.686379+07:00,c11_sim,497,8.427,125.652,0.975,39.632,0.032,174.718
2026-09-02T09:23:50.852523+07:00,c11_sim,498,6.315,126.144,1.204,37.745,0.030,171.438
2026-09-02T09:23:50.978321+07:00,c11_sim,499,7.302,123.647,0.000,0.000,0.661,131.610
2026-09-02T09:23:51.099405+07:00,c11_sim,500,8.703,120.704,0.000,0.000,0.054,129.461
2026-09-02T09:23:51.224709+07:00,c11_sim,501,5.645,124.980,0.000,0.000,0.019,130.643
2026-09-02T09:23:51.353452+07:00,c11_sim,502,6.055,128.323,0.000,0.000,0.048,134.425
2026-09-02T09:23:51.477998+07:00,c11_sim,503,3.292,122.668,0.926,0.000,0.012,126.899
2026-09-02T09:23:51.596682+07:00,c11_sim,504,4.192,118.394,0.000,0.000,0.019,122.606
2026-09-02T09:23:51.716887+07:00,c11_sim,505,3.114,118.119,1.076,0.000,0.015,122.324
2026-09-02T09:23:51.835645+07:00,c11_sim,506,3.428,116.882,0.995,0.000,0.014,121.319
2026-09-02T09:23:51.956077+07:00,c11_sim,507,3.259,117.643,1.001,0.009,0.064,121.976
2026-09-02T09:23:52.072083+07:00,c11_sim,508,3.314,114.244,0.883,0.004,0.020,118.466
2026-09-02T09:23:52.234340+07:00,c11_sim,509,3.310,117.133,0.974,42.810,0.023,164.250
2026-09-02T09:23:52.407516+07:00,c11_sim,510,3.253,129.203,1.024,41.923,0.038,175.441
2026-09-02T09:23:52.583726+07:00,c11_sim,511,3.274,131.893,0.981,42.014,0.031,178.194
2026-09-02T09:23:52.715876+07:00,c11_sim,512,3.407,129.535,1.504,0.006,0.026,134.478
2026-09-02T09:23:52.840509+07:00,c11_sim,513,3.288,122.097,1.048,0.005,0.354,126.791
2026-09-02T09:23:53.006271+07:00,c11_sim,514,3.809,125.295,1.030,37.791,0.027,167.952
2026-09-02T09:23:53.170474+07:00,c11_sim,515,3.419,121.878,1.274,39.083,0.023,165.677
2026-09-02T09:23:53.342061+07:00,c11_sim,516,4.080,126.649,1.224,41.985,0.025,173.962
2026-09-02T09:23:53.525849+07:00,c11_sim,517,13.821,137.949,1.514,43.313,0.027,196.624
2026-09-02T09:23:53.706508+07:00,c11_sim,518,9.687,135.044,0.733,43.178,0.034,188.676
2026-09-02T09:23:53.898664+07:00,c11_sim,519,13.432,143.296,1.216,46.635,0.033,204.613
2026-09-02T09:23:54.097667+07:00,c11_sim,520,5.292,151.787,1.012,45.196,0.024,203.311
2026-09-02T09:23:54.288913+07:00,c11_sim,521,8.852,145.517,1.026,43.878,0.037,199.309
2026-09-02T09:23:54.480379+07:00,c11_sim,522,22.059,143.518,0.947,46.116,0.042,212.682
2026-09-02T09:23:54.687003+07:00,c11_sim,523,4.058,156.115,1.349,47.961,0.048,209.531
2026-09-02T09:23:54.888369+07:00,c11_sim,524,7.356,155.576,0.968,43.676,0.034,207.610
2026-09-02T09:23:55.084712+07:00,c11_sim,525,9.613,146.760,1.026,47.619,0.031,205.050
2026-09-02T09:23:55.287760+07:00,c11_sim,526,7.466,151.865,1.001,48.710,0.034,209.076
2026-09-02T09:23:55.490862+07:00,c11_sim,527,7.300,154.347,0.633,47.256,0.046,209.582
2026-09-02T09:23:55.708205+07:00,c11_sim,528,9.668,161.575,1.003,53.277,0.030,225.552
2026-09-02T09:23:55.921352+07:00,c11_sim,529,7.285,160.016,0.927,51.081,0.049,219.357
2026-09-02T09:23:56.116645+07:00,c11_sim,530,6.352,148.111,1.013,44.990,0.044,200.511
2026-09-02T09:23:56.293305+07:00,c11_sim,531,7.761,133.526,0.711,41.375,0.044,183.417
2026-09-02T09:23:56.464204+07:00,c11_sim,532,7.147,126.909,1.004,41.958,0.046,177.063
2026-09-02T09:23:56.630694+07:00,c11_sim,533,7.318,124.485,0.893,39.439,0.049,172.183
2026-09-02T09:23:56.793182+07:00,c11_sim,534,7.354,122.368,1.135,37.911,0.038,168.806
2026-09-02T09:23:56.948278+07:00,c11_sim,535,7.488,116.335,0.979,36.701,0.040,161.543
2026-09-02T09:23:57.092588+07:00,c11_sim,536,5.637,108.933,0.537,34.030,0.024,149.161
2026-09-02T09:23:57.246125+07:00,c11_sim,537,7.233,114.159,0.799,37.570,0.042,159.803
2026-09-02T09:23:57.406370+07:00,c11_sim,538,7.134,120.555,0.843,37.247,0.032,165.810
2026-09-02T09:23:57.558164+07:00,c11_sim,539,3.651,115.920,0.601,34.289,0.022,154.484
2026-09-02T09:23:57.709164+07:00,c11_sim,540,7.128,112.726,0.884,36.413,0.041,157.192
2026-09-02T09:23:57.868002+07:00,c11_sim,541,7.027,120.774,0.807,36.108,0.041,164.757
2026-09-02T09:23:58.019790+07:00,c11_sim,542,5.760,113.333,0.733,36.282,0.042,156.150
2026-09-02T09:23:58.173861+07:00,c11_sim,543,9.905,116.263,0.757,36.122,0.038,163.085
2026-09-02T09:23:58.330610+07:00,c11_sim,544,5.908,117.213,1.186,36.448,0.038,160.793
2026-09-02T09:23:58.478980+07:00,c11_sim,545,12.405,110.521,0.773,35.989,0.037,159.724
2026-09-02T09:23:58.635990+07:00,c11_sim,546,8.169,117.140,0.771,37.494,0.033,163.607
2026-09-02T09:23:58.793467+07:00,c11_sim,547,9.566,118.520,0.812,37.187,0.044,166.129
2026-09-02T09:23:58.955725+07:00,c11_sim,548,7.781,119.984,0.909,40.429,0.049,169.151
2026-09-02T09:23:59.116720+07:00,c11_sim,549,6.614,119.284,1.002,39.580,0.117,166.597
2026-09-02T09:23:59.279417+07:00,c11_sim,550,8.299,121.394,0.848,39.425,0.044,170.010
2026-09-02T09:23:59.444068+07:00,c11_sim,551,9.819,124.268,0.776,38.686,0.043,173.592
2026-09-02T09:23:59.571911+07:00,c11_sim,552,9.395,123.889,1.530,0.000,0.015,134.829
2026-09-02T09:23:59.696159+07:00,c11_sim,553,8.450,122.363,0.920,0.000,0.015,131.748
2026-09-02T09:23:59.821103+07:00,c11_sim,554,8.478,122.783,1.197,0.000,0.018,132.477
2026-09-02T09:23:59.991295+07:00,c11_sim,555,13.229,125.992,0.968,41.405,0.153,181.748
2026-09-02T09:24:00.160921+07:00,c11_sim,556,8.103,127.219,1.274,40.029,0.031,176.656
2026-09-02T09:24:00.290586+07:00,c11_sim,557,7.160,127.397,1.202,0.007,0.024,135.790
2026-09-02T09:24:00.416088+07:00,c11_sim,558,7.248,123.533,0.987,0.007,0.022,131.798
2026-09-02T09:24:00.540669+07:00,c11_sim,559,7.866,119.278,1.058,0.006,0.025,128.233
2026-09-02T09:24:00.659304+07:00,c11_sim,560,12.723,117.042,0.000,0.000,0.013,129.778
2026-09-02T09:24:00.780065+07:00,c11_sim,561,8.774,119.805,0.000,0.000,0.021,128.600
2026-09-02T09:24:00.900521+07:00,c11_sim,562,8.027,120.159,0.000,0.000,0.021,128.207
2026-09-02T09:24:01.025840+07:00,c11_sim,563,11.060,123.402,1.005,0.000,0.015,135.483
2026-09-02T09:24:01.150358+07:00,c11_sim,564,10.476,121.452,0.905,0.000,0.016,132.850
2026-09-02T09:24:01.276351+07:00,c11_sim,565,9.938,124.196,0.859,0.000,0.016,135.008
2026-09-02T09:24:01.438055+07:00,c11_sim,566,8.651,118.889,1.021,38.658,0.438,167.656
2026-09-02T09:24:01.596212+07:00,c11_sim,567,10.984,117.515,1.196,38.380,0.058,168.134
2026-09-02T09:24:01.756670+07:00,c11_sim,568,8.328,118.543,1.262,39.539,0.030,167.702
2026-09-02T09:24:01.913322+07:00,c11_sim,569,8.926,117.271,1.020,37.116,0.028,164.362
2026-09-02T09:24:02.071260+07:00,c11_sim,570,8.179,120.455,0.442,36.414,0.015,165.505
2026-09-02T09:24:02.185916+07:00,c11_sim,571,3.630,113.173,0.486,0.003,0.012,117.305
2026-09-02T09:24:02.337803+07:00,c11_sim,572,6.690,113.501,0.630,36.943,0.018,157.782
2026-09-02T09:24:02.495923+07:00,c11_sim,573,6.811,116.986,0.653,39.826,0.023,164.298
2026-09-02T09:24:02.786760+07:00,c11_sim,574,7.602,243.850,0.932,44.450,0.410,297.244
2026-09-02T09:24:02.790517+07:00,c12_sim,49,6.660,243.850,2.739,0.000,0.026,253.276
2026-09-02T09:24:03.067000+07:00,c11_sim,575,10.496,230.890,0.712,43.914,0.028,286.040
2026-09-02T09:24:03.068931+07:00,c12_sim,50,7.360,230.890,0.885,0.000,0.009,239.143
2026-09-02T09:24:03.378244+07:00,c11_sim,576,10.344,263.570,1.169,43.296,0.042,318.420
2026-09-02T09:24:03.378553+07:00,c12_sim,51,7.661,263.570,0.000,0.000,0.012,271.242
2026-09-02T09:24:03.667437+07:00,c11_sim,577,15.200,243.043,0.974,42.500,0.034,301.752
2026-09-02T09:24:03.667650+07:00,c12_sim,52,8.597,243.043,0.000,0.000,0.007,251.647
2026-09-02T09:24:03.941167+07:00,c11_sim,578,9.023,231.732,1.447,39.330,0.026,281.558
2026-09-02T09:24:03.941335+07:00,c12_sim,53,7.507,231.732,0.000,0.000,0.007,239.246
2026-09-02T09:24:04.203853+07:00,c11_sim,579,7.194,221.580,1.102,38.325,0.026,268.228
2026-09-02T09:24:04.204036+07:00,c12_sim,54,5.721,221.580,0.000,0.000,0.007,227.309
2026-09-02T09:24:04.473951+07:00,c11_sim,580,7.570,228.509,1.180,38.770,0.022,276.051
2026-09-02T09:24:04.474115+07:00,c12_sim,55,7.184,228.509,0.000,0.000,0.005,235.698
2026-09-02T09:24:04.729994+07:00,c11_sim,581,9.470,216.512,0.877,37.591,0.035,264.484
2026-09-02T09:24:04.733034+07:00,c12_sim,56,8.420,216.512,1.827,0.000,0.015,226.773
2026-09-02T09:24:04.988203+07:00,c11_sim,582,9.777,215.463,1.236,36.483,0.024,262.984
2026-09-02T09:24:04.988370+07:00,c12_sim,57,6.569,215.463,0.000,0.000,0.005,222.037
2026-09-02T09:24:05.238629+07:00,c11_sim,583,9.811,211.657,0.922,36.223,0.043,258.656
2026-09-02T09:24:05.239138+07:00,c12_sim,58,6.659,211.657,0.000,0.000,0.289,218.605
2026-09-02T09:24:05.450319+07:00,c10_sim,154,5.570,207.009,3.304,0.000,0.048,215.931
2026-09-02T09:24:05.488116+07:00,c11_sim,584,9.539,207.009,0.638,35.870,0.033,253.089
2026-09-02T09:24:05.696985+07:00,c10_sim,155,8.130,205.243,1.150,0.000,0.015,214.537
2026-09-02T09:24:05.734553+07:00,c11_sim,585,9.252,205.243,0.915,35.484,0.039,250.933
2026-09-02T09:24:05.944798+07:00,c10_sim,156,7.766,206.873,0.879,0.004,0.206,215.729
2026-09-02T09:24:05.983401+07:00,c11_sim,586,8.345,206.873,0.599,36.750,0.029,252.596
2026-09-02T09:24:06.190357+07:00,c10_sim,157,9.020,203.806,0.931,0.005,0.018,213.780
2026-09-02T09:24:06.227284+07:00,c11_sim,587,9.760,203.806,0.560,35.445,0.027,249.597
2026-09-02T09:24:06.471170+07:00,c10_sim,158,9.659,205.781,0.975,36.234,0.024,252.672
2026-09-02T09:24:06.506885+07:00,c11_sim,588,9.284,205.781,0.663,34.268,0.019,250.015
2026-09-02T09:24:06.751475+07:00,c10_sim,159,6.088,205.377,1.034,36.597,0.024,249.121
2026-09-02T09:24:06.788529+07:00,c11_sim,589,10.832,205.377,0.644,35.581,0.029,252.463
2026-09-02T09:24:07.034507+07:00,c10_sim,160,6.767,206.055,0.960,37.109,0.023,250.913
2026-09-02T09:24:07.072625+07:00,c11_sim,590,7.727,206.055,0.664,36.621,0.026,251.092
2026-09-02T09:24:07.280815+07:00,c10_sim,161,7.168,206.625,0.786,0.004,0.015,214.599
2026-09-02T09:24:07.320640+07:00,c11_sim,591,10.170,206.625,0.736,36.408,0.018,253.957
2026-09-02T09:24:07.571515+07:00,c10_sim,162,6.561,210.655,1.006,37.581,0.027,255.830
2026-09-02T09:24:07.609811+07:00,c11_sim,592,6.283,210.655,0.828,36.579,0.028,254.375
2026-09-02T09:24:07.863912+07:00,c10_sim,163,5.664,213.876,1.007,38.225,0.027,258.799
2026-09-02T09:24:07.902749+07:00,c11_sim,593,8.390,213.876,0.922,37.003,0.025,260.216
2026-09-02T09:24:08.157286+07:00,c10_sim,164,6.588,214.681,0.840,37.613,0.022,259.743
2026-09-02T09:24:08.195147+07:00,c11_sim,594,8.507,214.681,0.604,36.560,0.024,260.376
2026-09-02T09:24:08.453422+07:00,c10_sim,165,9.358,217.849,0.682,37.580,0.453,265.922
2026-09-02T09:24:08.491646+07:00,c11_sim,595,8.456,217.849,0.475,36.957,0.035,263.773
2026-09-02T09:24:08.756435+07:00,c10_sim,166,9.987,222.647,1.009,40.235,0.028,273.906
2026-09-02T09:24:08.796952+07:00,c11_sim,596,7.176,222.647,0.793,38.628,0.027,269.271
2026-09-02T09:24:09.059656+07:00,c10_sim,167,7.344,222.840,0.930,38.084,0.018,269.216
2026-09-02T09:24:09.099003+07:00,c11_sim,597,10.471,222.840,0.608,37.918,0.016,271.853
2026-09-02T09:24:09.356698+07:00,c10_sim,168,7.908,217.297,0.888,38.022,0.023,264.139
2026-09-02T09:24:09.396835+07:00,c11_sim,598,8.614,217.297,0.768,38.344,0.044,265.066
2026-09-02T09:24:09.653618+07:00,c10_sim,169,7.032,216.863,0.808,36.736,0.017,261.456
2026-09-02T09:24:09.690775+07:00,c11_sim,599,10.712,216.863,0.560,35.934,0.021,264.091
2026-09-02T09:24:09.944130+07:00,c10_sim,170,5.569,212.738,0.799,38.981,0.028,258.115
2026-09-02T09:24:09.983469+07:00,c11_sim,600,11.118,212.738,0.778,37.611,0.031,262.276
2026-09-02T09:24:10.244706+07:00,c10_sim,171,7.104,219.973,1.612,38.378,0.032,267.098
2026-09-02T09:24:10.283824+07:00,c11_sim,601,7.517,219.973,0.879,37.199,0.043,265.610
2026-09-02T09:24:10.539162+07:00,c10_sim,172,7.153,214.998,1.416,37.837,0.026,261.429
2026-09-02T09:24:10.577409+07:00,c11_sim,602,8.127,214.998,0.662,36.638,0.053,260.477
2026-09-02T09:24:10.835286+07:00,c10_sim,173,6.616,216.423,1.357,37.364,0.021,261.781
2026-09-02T09:24:10.873463+07:00,c11_sim,603,7.094,216.423,0.598,36.762,0.023,260.899
2026-09-02T09:24:11.132904+07:00,c10_sim,174,7.451,220.077,0.509,37.097,0.014,265.149
2026-09-02T09:24:11.172290+07:00,c11_sim,604,9.571,220.077,0.433,38.241,0.020,268.343
2026-09-02T09:24:11.431598+07:00,c10_sim,175,7.400,215.864,2.883,37.759,0.056,263.963
2026-09-02T09:24:11.470081+07:00,c11_sim,605,11.796,215.864,0.844,36.691,0.034,265.228
2026-09-02T09:24:11.722361+07:00,c10_sim,176,6.278,213.304,1.195,36.871,0.038,257.686
2026-09-02T09:24:11.760346+07:00,c11_sim,606,7.522,213.304,0.693,36.439,0.039,257.996
2026-09-02T09:24:11.911380+07:00,c11_sim,607,7.127,112.896,0.902,36.180,0.042,157.147
2026-09-02T09:24:12.062811+07:00,c11_sim,608,7.449,114.673,0.469,35.494,0.025,158.110
2026-09-02T09:24:12.213597+07:00,c11_sim,609,6.950,113.931,0.507,34.970,0.026,156.384
2026-09-02T09:24:12.366249+07:00,c11_sim,610,10.773,114.659,0.752,36.438,0.026,162.648
2026-09-02T09:24:12.518742+07:00,c11_sim,611,8.578,114.271,0.801,36.610,0.025,160.286
2026-09-02T09:24:12.668948+07:00,c11_sim,612,10.506,114.280,0.513,34.671,0.021,159.990
2026-09-02T09:24:12.829959+07:00,c11_sim,613,7.969,120.223,0.576,38.892,0.023,167.682
2026-09-02T09:24:12.987674+07:00,c11_sim,614,12.120,118.796,0.650,37.456,0.036,169.057
2026-09-02T09:24:13.138248+07:00,c11_sim,615,9.034,113.412,0.602,35.748,0.023,158.819
2026-09-02T09:24:13.290702+07:00,c11_sim,616,9.051,115.589,0.633,35.383,0.022,160.678
2026-09-02T09:24:13.444394+07:00,c11_sim,617,7.831,114.390,0.807,36.644,0.048,159.720
2026-09-02T09:24:13.598237+07:00,c11_sim,618,9.889,115.476,0.832,36.590,0.042,162.830
2026-09-02T09:24:13.748747+07:00,c11_sim,619,9.113,113.511,0.617,35.514,0.024,158.779
2026-09-02T09:24:13.904903+07:00,c11_sim,620,10.156,118.761,0.741,35.828,0.024,165.510
2026-09-02T09:24:14.057617+07:00,c11_sim,621,10.819,116.047,0.517,34.877,0.024,162.283
2026-09-02T09:24:14.211790+07:00,c11_sim,622,8.835,116.632,0.774,35.949,0.027,162.218
2026-09-02T09:24:14.368260+07:00,c11_sim,623,10.449,115.906,0.746,38.955,0.027,166.083
2026-09-02T09:24:14.522422+07:00,c11_sim,624,9.465,116.798,0.637,35.840,0.024,162.765
2026-09-02T09:24:14.673072+07:00,c11_sim,625,9.351,114.460,0.507,34.846,0.021,159.185
2026-09-02T09:24:14.828099+07:00,c11_sim,626,6.216,115.741,0.767,36.900,0.021,159.645
2026-09-02T09:24:14.981406+07:00,c11_sim,627,7.014,114.847,0.818,36.802,0.028,159.509
2026-09-02T09:24:15.133010+07:00,c11_sim,628,6.193,114.101,0.612,36.022,0.023,156.952
2026-09-02T09:24:15.287612+07:00,c11_sim,629,6.016,115.640,0.817,37.268,0.033,159.773
2026-09-02T09:24:15.442116+07:00,c11_sim,630,12.529,114.992,0.893,36.884,0.026,165.323
2026-09-02T09:24:15.593158+07:00,c11_sim,631,9.029,114.369,0.633,34.728,0.028,158.788
2026-09-02T09:24:15.706145+07:00,c11_sim,632,6.955,111.539,0.583,0.003,0.015,119.096
2026-09-02T09:24:15.819243+07:00,c11_sim,633,9.799,111.468,0.464,0.003,0.012,121.746
2026-09-02T09:24:15.968182+07:00,c11_sim,634,8.772,111.819,0.734,35.587,0.016,156.928
2026-09-02T09:24:16.075738+07:00,c11_sim,635,8.240,106.580,0.391,0.002,0.010,115.223
2026-09-02T09:24:16.190004+07:00,c11_sim,636,6.908,112.627,0.518,0.003,0.013,120.069
2026-09-02T09:24:16.306633+07:00,c11_sim,637,8.688,115.140,0.627,0.004,0.015,124.474
2026-09-02T09:24:16.423469+07:00,c11_sim,638,8.303,115.396,0.582,0.004,0.019,124.303
2026-09-02T09:24:16.540862+07:00,c11_sim,639,6.545,115.002,0.734,0.005,0.018,122.304
2026-09-02T09:24:16.657489+07:00,c11_sim,640,8.433,115.168,0.572,0.003,0.015,124.190
2026-09-02T09:24:16.775813+07:00,c11_sim,641,10.807,115.375,1.101,0.006,0.018,127.308
2026-09-02T09:24:16.889437+07:00,c11_sim,642,7.750,111.799,0.974,0.004,0.017,120.544
2026-09-02T09:24:17.004787+07:00,c11_sim,643,7.779,113.251,0.837,0.004,0.015,121.886
2026-09-02T09:24:17.118922+07:00,c11_sim,644,7.795,112.543,0.772,0.003,0.014,121.127
2026-09-02T09:24:17.230233+07:00,c11_sim,645,6.713,111.132,0.000,0.000,0.010,117.856
2026-09-02T09:24:17.342342+07:00,c11_sim,646,10.850,109.746,0.998,0.005,0.024,121.624
2026-09-02T09:24:17.452483+07:00,c11_sim,647,10.570,109.941,0.000,0.000,0.010,120.521
2026-09-02T09:24:17.564504+07:00,c11_sim,648,10.260,111.083,0.000,0.000,0.016,121.359
2026-09-02T09:24:17.677229+07:00,c11_sim,649,7.727,112.462,0.000,0.000,0.015,120.204
2026-09-02T09:24:17.791865+07:00,c11_sim,650,7.756,113.734,0.000,0.000,0.014,121.505
2026-09-02T09:24:17.904122+07:00,c11_sim,651,5.598,112.051,0.000,0.000,0.011,117.660
2026-09-02T09:24:18.017603+07:00,c11_sim,652,4.587,113.044,0.000,0.000,0.011,117.642
2026-09-02T09:24:18.130852+07:00,c11_sim,653,6.869,111.429,0.988,0.000,0.012,119.298
2026-09-02T09:24:18.247027+07:00,c11_sim,654,7.236,114.701,0.684,0.000,0.012,122.633
2026-09-02T09:24:18.361625+07:00,c11_sim,655,6.149,112.228,0.932,0.000,0.014,119.323
2026-09-02T09:24:18.477508+07:00,c11_sim,656,7.493,114.007,0.816,0.005,0.177,122.498
2026-09-02T09:24:18.594723+07:00,c11_sim,657,8.897,116.451,0.000,0.000,0.016,125.364
2026-09-02T09:24:18.710816+07:00,c11_sim,658,6.629,114.296,0.925,0.005,0.018,121.874
2026-09-02T09:24:18.863605+07:00,c11_sim,659,6.436,114.858,0.549,36.548,0.016,158.407
2026-09-02T09:24:19.015615+07:00,c11_sim,660,7.923,114.383,0.582,35.885,0.019,158.791
2026-09-02T09:24:19.166272+07:00,c11_sim,661,6.785,112.222,0.630,36.137,0.316,156.089
2026-09-02T09:24:19.319201+07:00,c11_sim,662,6.457,115.146,0.677,36.239,0.030,158.551
2026-09-02T09:24:19.470855+07:00,c11_sim,663,9.568,113.595,0.851,36.375,0.015,160.405
2026-09-02T09:24:19.622263+07:00,c11_sim,664,7.503,112.856,0.856,36.307,0.015,157.538
2026-09-02T09:24:19.769871+07:00,c11_sim,665,6.621,110.757,0.675,35.350,0.018,153.420
2026-09-02T09:24:19.914401+07:00,c11_sim,666,7.103,108.520,0.633,34.538,0.016,150.811
2026-09-02T09:24:20.060354+07:00,c11_sim,667,7.514,109.853,0.639,34.655,0.015,152.676
2026-09-02T09:24:20.208994+07:00,c11_sim,668,6.043,111.096,0.787,35.357,0.015,153.297
2026-09-02T09:24:20.358973+07:00,c11_sim,669,6.951,112.022,0.859,36.242,0.024,156.098
2026-09-02T09:24:20.507058+07:00,c11_sim,670,6.136,111.327,0.647,35.244,0.015,153.369
2026-09-02T09:24:20.659024+07:00,c11_sim,671,6.286,113.713,0.840,35.908,0.018,156.767
2026-09-02T09:24:20.809106+07:00,c11_sim,672,6.531,112.027,0.973,36.176,0.027,155.734
2026-09-02T09:24:20.958433+07:00,c11_sim,673,6.635,111.640,0.997,35.804,0.017,155.092
2026-09-02T09:24:21.102768+07:00,c11_sim,674,6.170,108.425,0.581,34.510,0.015,149.701
2026-09-02T09:24:21.249664+07:00,c11_sim,675,6.642,109.937,0.741,35.086,0.026,152.431
2026-09-02T09:24:21.397982+07:00,c11_sim,676,7.471,110.561,0.867,35.966,0.034,154.899
2026-09-02T09:24:21.548173+07:00,c11_sim,677,6.406,111.598,0.917,36.782,0.045,155.748
2026-09-02T09:24:21.698294+07:00,c11_sim,678,6.874,112.415,0.740,36.029,0.029,156.087
2026-09-02T09:24:21.850061+07:00,c11_sim,679,7.119,112.927,0.843,36.666,0.047,157.602
2026-09-02T09:24:21.998401+07:00,c11_sim,680,6.499,110.395,0.316,36.993,0.030,154.232
2026-09-02T09:24:22.150669+07:00,c11_sim,681,6.551,114.018,0.526,36.988,0.024,158.106
2026-09-02T09:24:22.300232+07:00,c11_sim,682,6.955,112.557,0.512,35.730,0.024,155.777
2026-09-02T09:24:22.454213+07:00,c11_sim,683,6.377,115.142,0.783,36.754,0.022,159.078
2026-09-02T09:24:22.607257+07:00,c11_sim,684,7.077,114.644,1.098,36.411,0.037,159.267
2026-09-02T09:24:22.760378+07:00,c11_sim,685,3.718,114.878,0.898,36.374,0.048,155.915
2026-09-02T09:24:22.911195+07:00,c11_sim,686,5.989,112.889,0.861,36.009,0.047,155.796
2026-09-02T09:24:23.121317+07:00,c9_sim,344,6.288,209.811,0.000,0.000,0.035,216.134
2026-09-02T09:24:23.123051+07:00,c11_sim,687,6.024,209.811,0.825,0.006,0.016,216.681
2026-09-02T09:24:23.336127+07:00,c9_sim,345,8.397,212.531,0.000,0.000,0.018,220.946
2026-09-02T09:24:23.338072+07:00,c11_sim,688,7.646,212.531,0.979,0.006,0.012,221.174
2026-09-02T09:24:23.545194+07:00,c9_sim,346,7.133,206.657,0.000,0.000,0.016,213.806
2026-09-02T09:24:23.546682+07:00,c11_sim,689,7.242,206.657,0.741,0.004,0.015,214.660
2026-09-02T09:24:23.756460+07:00,c9_sim,347,8.022,209.087,0.000,0.000,0.016,217.125
2026-09-02T09:24:23.795035+07:00,c11_sim,690,5.814,209.087,1.004,36.459,0.038,252.402
2026-09-02T09:24:24.008041+07:00,c9_sim,348,5.387,212.344,0.000,0.000,0.015,217.745
2026-09-02T09:24:24.009577+07:00,c11_sim,691,6.757,212.344,0.738,0.005,0.012,219.855
2026-09-02T09:24:24.223901+07:00,c9_sim,349,6.131,213.741,0.000,0.000,0.016,219.888
2026-09-02T09:24:24.225473+07:00,c11_sim,692,7.054,213.741,0.782,0.005,0.015,221.596
2026-09-02T09:24:24.443908+07:00,c9_sim,350,5.150,218.191,0.000,0.000,0.017,223.357
2026-09-02T09:24:24.445650+07:00,c11_sim,693,7.058,218.191,0.947,0.007,0.012,226.214
2026-09-02T09:24:24.666750+07:00,c9_sim,351,7.245,220.321,0.000,0.000,0.017,227.583
2026-09-02T09:24:24.705709+07:00,c11_sim,694,6.195,220.321,0.877,37.236,0.035,264.663
2026-09-02T09:24:24.919717+07:00,c9_sim,352,6.266,213.246,0.000,0.000,0.022,219.534
2026-09-02T09:24:24.957539+07:00,c11_sim,695,6.806,213.246,0.868,36.070,0.033,257.023
2026-09-02T09:24:25.169771+07:00,c9_sim,353,5.086,209.658,1.387,0.000,0.014,216.145
2026-09-02T09:24:25.207303+07:00,c11_sim,696,7.344,209.658,0.545,35.781,0.032,253.360
2026-09-02T09:24:25.417702+07:00,c9_sim,354,6.417,208.181,0.827,0.000,0.020,215.446
2026-09-02T09:24:25.455278+07:00,c11_sim,697,7.888,208.181,0.560,36.201,0.037,252.867
2026-09-02T09:24:25.666724+07:00,c9_sim,355,5.240,210.297,0.000,0.000,0.610,216.147
2026-09-02T09:24:25.704810+07:00,c11_sim,698,6.694,210.297,0.829,36.029,0.075,253.924
2026-09-02T09:24:25.911509+07:00,c9_sim,356,5.600,205.997,0.000,0.000,0.008,211.605
2026-09-02T09:24:25.950776+07:00,c11_sim,699,6.942,205.997,0.729,37.179,0.036,250.884
2026-09-02T09:24:26.159652+07:00,c9_sim,357,7.014,208.341,0.000,0.000,0.010,215.364
2026-09-02T09:24:26.199290+07:00,c11_sim,700,6.191,208.341,0.769,38.041,0.035,253.376
2026-09-02T09:24:26.412480+07:00,c9_sim,358,5.262,211.983,0.000,0.000,0.013,217.258
2026-09-02T09:24:26.452290+07:00,c11_sim,701,6.550,211.983,1.436,36.808,0.036,256.813
2026-09-02T09:24:26.662183+07:00,c9_sim,359,7.829,209.664,0.000,0.000,0.007,217.501
2026-09-02T09:24:26.699444+07:00,c11_sim,702,6.265,209.664,0.881,35.632,0.036,252.479
2026-09-02T09:24:26.910706+07:00,c9_sim,360,5.555,209.186,0.917,0.000,0.008,215.666
2026-09-02T09:24:26.950163+07:00,c11_sim,703,7.223,209.186,0.904,37.107,0.035,254.455
2026-09-02T09:24:27.162966+07:00,c9_sim,361,5.147,211.723,0.000,0.000,0.011,216.880
2026-09-02T09:24:27.202132+07:00,c11_sim,704,7.050,211.723,1.322,36.557,0.033,256.684
2026-09-02T09:24:27.410813+07:00,c9_sim,362,6.486,208.051,0.000,0.000,0.009,214.546
2026-09-02T09:24:27.449843+07:00,c11_sim,705,7.072,208.051,1.254,36.481,0.036,252.893
2026-09-02T09:24:27.657268+07:00,c9_sim,363,4.842,207.130,0.000,0.000,0.008,211.980
2026-09-02T09:24:27.695873+07:00,c11_sim,706,6.735,207.130,1.145,36.577,0.041,251.628
2026-09-02T09:24:27.952851+07:00,c9_sim,364,7.127,216.714,1.090,37.354,0.077,262.363
2026-09-02T09:24:27.992540+07:00,c11_sim,707,6.257,216.714,1.176,37.546,0.042,261.735
2026-09-02T09:24:28.266403+07:00,c9_sim,365,6.353,228.188,0.841,43.306,0.026,278.713
2026-09-02T09:24:28.306573+07:00,c11_sim,708,7.589,228.188,0.863,38.409,0.036,275.085
2026-09-02T09:24:28.574271+07:00,c9_sim,366,4.844,224.649,1.558,40.284,0.028,271.363
2026-09-02T09:24:28.615743+07:00,c11_sim,709,6.335,224.649,1.182,39.120,0.048,271.333
2026-09-02T09:24:28.883072+07:00,c9_sim,367,5.229,227.188,0.644,38.528,0.018,271.607
2026-09-02T09:24:28.921047+07:00,c11_sim,710,6.267,227.188,0.641,36.624,0.031,270.751
2026-09-02T09:24:29.186158+07:00,c9_sim,368,4.810,223.811,1.046,38.464,0.035,268.167
2026-09-02T09:24:29.226546+07:00,c11_sim,711,6.534,223.811,1.181,38.223,0.029,269.778
2026-09-02T09:24:29.485730+07:00,c9_sim,369,8.266,219.896,0.911,37.539,0.023,266.635
2026-09-02T09:24:29.485884+07:00,c11_sim,712,7.030,219.896,0.000,0.000,0.006,226.932
2026-09-02T09:24:29.744676+07:00,c9_sim,370,6.076,217.976,0.914,38.290,0.027,263.283
2026-09-02T09:24:29.744853+07:00,c11_sim,713,7.444,217.976,0.000,0.000,0.007,225.427
2026-09-02T09:24:29.966379+07:00,c9_sim,371,7.966,220.970,0.000,0.000,0.024,228.960
2026-09-02T09:24:29.966528+07:00,c11_sim,714,7.182,220.970,0.000,0.000,0.008,228.160
2026-09-02T09:24:30.225027+07:00,c9_sim,372,5.436,217.103,0.943,39.045,0.018,262.544
2026-09-02T09:24:30.225157+07:00,c11_sim,715,5.673,217.103,0.000,0.000,0.005,222.781
2026-09-02T09:24:30.475206+07:00,c9_sim,373,5.533,211.414,0.884,36.983,0.021,254.836
2026-09-02T09:24:30.475362+07:00,c11_sim,716,5.106,211.414,0.000,0.000,0.005,216.526
2026-09-02T09:24:30.728877+07:00,c9_sim,374,5.466,213.193,1.113,37.460,0.027,257.259
2026-09-02T09:24:30.729089+07:00,c11_sim,717,6.351,213.193,0.000,0.000,0.007,219.550
2026-09-02T09:24:30.984403+07:00,c9_sim,375,6.110,216.001,0.821,37.301,0.026,260.259
2026-09-02T09:24:30.984680+07:00,c11_sim,718,6.958,216.001,0.000,0.000,0.007,222.966
2026-09-02T09:24:31.136641+07:00,c9_sim,376,5.053,113.370,0.751,36.927,0.019,156.120
2026-09-02T09:24:31.288674+07:00,c9_sim,377,5.686,113.853,0.851,36.464,0.021,156.876
2026-09-02T09:24:31.438680+07:00,c9_sim,378,7.804,112.718,0.768,35.403,0.018,156.711
2026-09-02T09:24:31.588697+07:00,c9_sim,379,7.834,112.546,0.585,36.224,0.018,157.207
2026-09-02T09:24:31.740762+07:00,c9_sim,380,6.415,114.475,0.650,36.094,0.018,157.652
2026-09-02T09:24:31.893655+07:00,c9_sim,381,5.460,115.245,0.614,36.216,0.028,157.563
2026-09-02T09:24:32.043848+07:00,c9_sim,382,6.231,113.450,0.553,35.201,0.032,155.466
2026-09-02T09:24:32.192256+07:00,c9_sim,383,8.369,112.116,0.636,34.849,0.021,155.991
2026-09-02T09:24:32.342028+07:00,c9_sim,384,8.428,113.122,0.604,35.204,0.020,157.378
2026-09-02T09:24:32.493590+07:00,c9_sim,385,6.019,114.173,0.519,36.084,0.024,156.818
2026-09-02T09:24:32.646314+07:00,c9_sim,386,6.505,114.298,0.828,36.154,0.017,157.802
2026-09-02T09:24:32.795854+07:00,c9_sim,387,4.687,112.592,0.582,35.544,0.022,153.427
2026-09-02T09:24:32.946200+07:00,c9_sim,388,5.027,113.407,0.572,35.521,0.020,154.547
2026-09-02T09:24:33.098793+07:00,c9_sim,389,5.280,115.244,0.639,35.864,0.022,157.049
2026-09-02T09:24:33.249193+07:00,c9_sim,390,4.640,113.371,0.542,35.420,0.026,153.999
2026-09-02T09:24:33.401777+07:00,c9_sim,391,5.099,113.404,0.833,37.451,0.024,156.812
2026-09-02T09:24:33.551088+07:00,c9_sim,392,5.654,112.584,0.671,35.211,0.025,154.145
2026-09-02T09:24:33.699782+07:00,c9_sim,393,4.783,112.018,0.623,35.186,0.025,152.636
2026-09-02T09:24:33.848733+07:00,c9_sim,394,5.596,111.596,0.518,35.731,0.022,153.462
2026-09-02T09:24:33.997333+07:00,c9_sim,395,6.499,110.213,0.487,37.160,0.027,154.386
2026-09-02T09:24:34.143902+07:00,c9_sim,396,5.024,109.701,0.466,35.564,0.022,150.777
2026-09-02T09:24:34.296370+07:00,c9_sim,397,5.130,115.088,0.534,35.943,0.026,156.720
2026-09-02T09:24:34.450784+07:00,c9_sim,398,5.123,115.062,0.782,37.057,0.026,158.051
2026-09-02T09:24:34.603299+07:00,c9_sim,399,4.429,114.354,0.813,36.541,0.020,156.156
2026-09-02T09:24:34.752930+07:00,c9_sim,400,3.579,112.318,0.557,35.941,0.021,152.416
2026-09-02T09:24:34.899549+07:00,c9_sim,401,5.580,109.598,0.494,35.780,0.018,151.469
2026-09-02T09:24:35.046488+07:00,c9_sim,402,5.165,110.065,0.642,35.123,0.023,151.018
2026-09-02T09:24:35.195872+07:00,c9_sim,403,5.103,112.210,0.771,35.566,0.025,153.675
2026-09-02T09:24:35.345644+07:00,c9_sim,404,5.737,112.472,0.785,35.710,0.022,154.725
2026-09-02T09:24:35.498375+07:00,c9_sim,405,4.314,113.671,0.813,37.366,0.047,156.212
2026-09-02T09:24:35.652335+07:00,c9_sim,406,4.881,114.463,0.894,36.747,0.033,157.019
2026-09-02T09:24:35.803052+07:00,c9_sim,407,5.955,113.222,0.842,35.763,0.032,155.813
2026-09-02T09:24:35.948471+07:00,c9_sim,408,5.790,109.602,0.563,34.452,0.023,150.430
2026-09-02T09:24:36.094958+07:00,c9_sim,409,5.185,110.263,0.620,34.805,0.028,150.900
2026-09-02T09:24:36.243366+07:00,c9_sim,410,5.829,110.540,0.774,35.830,0.027,153.000
2026-09-02T09:24:36.388853+07:00,c9_sim,411,5.086,109.558,0.692,34.428,0.022,149.786
2026-09-02T09:24:36.549222+07:00,c9_sim,412,6.933,111.462,0.000,0.000,0.016,118.411
2026-09-02T09:24:36.772243+07:00,c9_sim,413,8.173,130.255,0.000,0.000,0.021,138.449
2026-09-02T09:24:36.946001+07:00,c8_sim,189,7.951,102.991,1.138,0.000,0.008,112.088
2026-09-02T09:24:37.169564+07:00,c8_sim,190,14.673,122.365,0.985,0.000,0.008,138.031
2026-09-02T09:24:37.336916+07:00,c8_sim,191,8.861,94.406,0.870,0.000,0.012,104.148
2026-09-02T09:24:37.566392+07:00,c8_sim,192,11.793,112.454,1.034,0.006,0.104,125.391
2026-09-02T09:24:37.780541+07:00,c8_sim,193,10.477,121.328,0.744,0.005,0.015,132.569
2026-09-02T09:24:37.948442+07:00,c8_sim,194,10.385,93.380,0.713,0.004,0.015,104.496
2026-09-02T09:24:38.179446+07:00,c8_sim,195,10.216,116.275,0.000,0.000,0.011,126.503
2026-09-02T09:24:38.346105+07:00,c8_sim,196,9.061,94.773,0.737,0.005,0.017,104.593
2026-09-02T09:24:38.588525+07:00,c8_sim,197,11.587,97.281,0.712,31.111,0.019,140.710
2026-09-02T09:24:38.751137+07:00,c8_sim,198,8.090,93.404,0.000,0.000,0.011,101.506
2026-09-02T09:24:38.960212+07:00,c8_sim,199,10.948,117.589,0.000,0.000,0.014,128.550
2026-09-02T09:24:39.145161+07:00,c8_sim,200,7.207,91.277,0.000,0.000,0.010,98.494
2026-09-02T09:24:39.351634+07:00,c8_sim,201,8.822,91.746,0.000,0.000,0.009,100.577
2026-09-02T09:24:39.543368+07:00,c8_sim,202,9.642,93.967,0.894,0.000,0.013,104.516
2026-09-02T09:24:39.835379+07:00,c8_sim,203,7.880,180.182,0.820,0.000,0.016,188.897
2026-09-02T09:24:39.961531+07:00,c8_sim,204,9.165,102.673,0.701,0.000,0.012,112.551
2026-09-02T09:24:40.150992+07:00,c8_sim,205,10.713,94.046,0.705,0.004,0.107,105.575
2026-09-02T09:24:40.361695+07:00,c8_sim,206,10.133,117.521,0.710,0.004,0.015,128.383
2026-09-02T09:24:40.576864+07:00,c8_sim,207,10.774,118.436,0.671,0.004,0.013,129.898
2026-09-02T09:24:40.771711+07:00,c8_sim,208,7.354,90.657,0.696,29.452,0.020,128.180
2026-09-02T09:24:40.966749+07:00,c8_sim,209,10.602,90.919,0.726,28.841,0.025,131.113
2026-09-02T09:24:41.208546+07:00,c8_sim,210,11.142,116.394,0.733,28.786,0.021,157.076
2026-09-02T09:24:41.378775+07:00,c8_sim,211,9.921,94.010,0.708,28.634,0.022,133.295
2026-09-02T09:24:41.539464+07:00,c8_sim,212,10.949,89.646,0.000,0.000,0.272,100.866
2026-09-02T09:24:41.805909+07:00,c8_sim,213,11.628,118.160,0.738,28.919,0.023,159.467
2026-09-02T09:24:41.973271+07:00,c8_sim,214,8.916,92.408,0.721,28.553,0.021,130.619
2026-09-02T09:24:42.161835+07:00,c8_sim,215,9.282,90.859,0.347,26.288,0.021,126.797
2026-09-02T09:24:42.372894+07:00,c8_sim,216,8.424,89.618,0.623,27.786,0.014,126.464
2026-09-02T09:24:42.564346+07:00,c8_sim,217,8.390,91.008,0.662,27.853,0.015,127.929
2026-09-02T09:24:42.809316+07:00,c8_sim,218,10.078,116.406,0.744,28.417,0.022,155.667
2026-09-02T09:24:42.975155+07:00,c8_sim,219,9.000,90.092,0.715,28.473,0.017,128.296
2026-09-02T09:24:43.161916+07:00,c8_sim,220,8.852,87.867,0.640,28.057,0.014,125.431
2026-09-02T09:24:43.404035+07:00,c8_sim,221,7.757,113.720,0.636,26.951,0.014,149.080
2026-09-02T09:24:43.571468+07:00,c8_sim,222,7.121,90.287,0.695,27.757,0.013,125.874
2026-09-02T09:24:43.764103+07:00,c8_sim,223,8.087,90.978,0.566,27.374,0.012,127.017
2026-09-02T09:24:44.007229+07:00,c8_sim,224,11.329,121.684,0.748,28.649,0.019,162.428
2026-09-02T09:24:44.175846+07:00,c8_sim,225,8.649,89.227,0.720,27.748,0.025,126.369
2026-09-02T09:24:44.389592+07:00,c8_sim,226,10.577,93.574,0.703,28.929,0.034,133.819
2026-09-02T09:24:44.554142+07:00,c8_sim,227,10.004,91.944,0.000,0.000,0.010,101.958
2026-09-02T09:24:44.745158+07:00,c8_sim,228,8.845,92.543,0.000,0.000,0.013,101.401
2026-09-02T09:24:45.005530+07:00,c8_sim,229,10.119,114.152,0.608,27.671,0.024,152.575
2026-09-02T09:24:45.146323+07:00,c8_sim,230,7.707,90.385,0.000,0.000,0.011,98.103
2026-09-02T09:24:45.354184+07:00,c8_sim,231,11.037,88.274,0.000,0.000,0.009,99.321
2026-09-02T09:24:45.546054+07:00,c8_sim,232,9.277,92.019,0.000,0.000,0.014,101.310
2026-09-02T09:24:45.777414+07:00,c8_sim,233,8.627,115.555,0.000,0.000,0.013,124.196
2026-09-02T09:24:45.941702+07:00,c8_sim,234,11.543,92.625,0.000,0.000,0.013,104.181
2026-09-02T09:24:46.173797+07:00,c8_sim,235,8.791,116.933,0.000,0.000,0.011,125.735
2026-09-02T09:24:46.341600+07:00,c8_sim,236,10.541,93.231,0.000,0.000,0.013,103.786
2026-09-02T09:24:46.555964+07:00,c8_sim,237,10.116,93.688,0.000,0.000,0.012,103.816
2026-09-02T09:24:46.742225+07:00,c8_sim,238,8.275,90.065,0.000,0.000,0.012,98.352
2026-09-02T09:24:46.979332+07:00,c8_sim,239,10.224,121.030,0.000,0.000,0.013,131.267
2026-09-02T09:24:47.136553+07:00,c8_sim,240,10.301,90.807,0.000,0.000,0.009,101.116
2026-09-02T09:24:47.378278+07:00,c8_sim,241,10.713,125.926,0.000,0.000,0.018,136.657
2026-09-02T09:24:47.538555+07:00,c8_sim,242,10.535,92.686,0.000,0.000,0.011,103.233
2026-09-02T09:24:47.777442+07:00,c8_sim,243,8.984,122.153,0.000,0.000,0.013,131.150
2026-09-02T09:24:47.938728+07:00,c8_sim,244,8.447,90.683,0.000,0.000,0.324,99.454
2026-09-02T09:24:48.176429+07:00,c8_sim,245,9.162,119.732,0.000,0.000,0.014,128.908
2026-09-02T09:24:48.338290+07:00,c8_sim,246,8.152,89.647,0.000,0.000,0.006,97.805
2026-09-02T09:24:48.577400+07:00,c10_sim,177,8.242,122.035,0.000,0.000,0.014,130.290
2026-09-02T09:24:48.737972+07:00,c10_sim,178,8.808,90.302,1.204,0.000,0.010,100.324
2026-09-02T09:24:48.976817+07:00,c10_sim,179,9.346,118.309,0.801,0.000,0.011,128.467
2026-09-02T09:24:49.144847+07:00,c10_sim,180,9.433,92.310,0.888,0.003,0.047,102.681
2026-09-02T09:24:49.348884+07:00,c10_sim,181,9.459,93.522,0.845,0.004,0.047,103.877
2026-09-02T09:24:49.595032+07:00,c10_sim,182,9.818,123.616,0.847,0.005,0.019,134.305
2026-09-02T09:24:49.763743+07:00,c10_sim,183,8.496,94.158,2.947,0.007,0.027,105.635
2026-09-02T09:24:49.980741+07:00,c10_sim,184,8.172,124.962,0.830,0.004,0.015,133.983
2026-09-02T09:24:50.141260+07:00,c10_sim,185,7.986,90.670,0.768,0.006,0.097,99.526
2026-09-02T09:24:50.436446+07:00,c10_sim,186,9.351,176.988,1.753,0.009,0.028,188.129
2026-09-02T09:24:50.562133+07:00,c10_sim,187,8.007,101.331,0.940,0.006,0.026,110.310
2026-09-02T09:24:50.811867+07:00,c10_sim,188,7.629,119.514,1.288,32.114,0.020,160.565
2026-09-02T09:24:50.951872+07:00,c10_sim,189,7.287,88.676,0.782,0.005,0.015,96.764
2026-09-02T09:24:51.211546+07:00,c10_sim,190,9.240,114.098,0.928,28.943,0.026,153.235
2026-09-02T09:24:51.372958+07:00,c10_sim,191,9.141,89.294,0.891,27.882,0.256,127.464
2026-09-02T09:24:51.617689+07:00,c10_sim,192,10.372,93.411,0.874,56.701,0.035,161.393
2026-09-02T09:24:51.787181+07:00,c10_sim,193,6.885,90.373,0.842,27.110,0.014,125.225
2026-09-02T09:24:51.982283+07:00,c10_sim,194,6.324,91.034,0.779,27.678,0.016,125.831
2026-09-02T09:24:52.175363+07:00,c10_sim,195,6.900,90.161,0.651,27.205,0.017,124.934
2026-09-02T09:24:52.369698+07:00,c10_sim,196,8.161,91.445,0.693,27.324,0.017,127.640
2026-09-02T09:24:52.563781+07:00,c10_sim,197,7.254,90.764,0.760,27.171,0.015,125.963
2026-09-02T09:24:52.784986+07:00,c10_sim,198,7.276,90.630,1.038,27.734,0.018,126.697
2026-09-02T09:24:52.976084+07:00,c10_sim,199,10.760,88.729,0.691,26.974,0.032,127.187
2026-09-02T09:24:53.162492+07:00,c10_sim,200,5.150,86.579,0.545,26.470,0.016,118.761
2026-09-02T09:24:53.382527+07:00,c10_sim,201,6.238,90.553,0.825,27.293,0.023,124.933
2026-09-02T09:24:53.573743+07:00,c10_sim,202,9.357,91.263,0.626,28.072,0.015,129.333
2026-09-02T09:24:53.797149+07:00,c10_sim,203,8.523,91.410,1.011,57.099,0.017,158.060
2026-09-02T09:24:53.991107+07:00,c10_sim,204,8.198,90.122,0.768,53.788,0.013,152.889
2026-09-02T09:24:54.184684+07:00,c10_sim,205,7.953,89.138,0.972,27.137,0.023,125.222
2026-09-02T09:24:54.376497+07:00,c10_sim,206,19.801,89.715,0.949,27.576,0.047,138.088
2026-09-02T09:24:54.567343+07:00,c10_sim,207,6.056,90.008,1.095,27.564,0.022,124.745
2026-09-02T09:24:54.809077+07:00,c10_sim,208,9.429,116.363,1.382,28.855,0.037,156.066
2026-09-02T09:24:54.973599+07:00,c10_sim,209,8.032,90.251,0.888,28.323,0.033,127.527
2026-09-02T09:24:55.182034+07:00,c10_sim,210,8.357,90.244,0.803,27.847,0.028,127.279
2026-09-02T09:24:55.372835+07:00,c10_sim,211,7.066,93.299,0.823,27.371,0.024,128.584
2026-09-02T09:24:55.567208+07:00,c10_sim,212,7.010,90.764,0.834,27.727,0.020,126.355
2026-09-02T09:24:55.808178+07:00,c10_sim,213,7.002,111.040,0.928,28.467,0.037,147.474
2026-09-02T09:24:55.973580+07:00,c10_sim,214,9.792,90.522,0.924,28.628,0.038,129.904
2026-09-02T09:24:56.166979+07:00,c10_sim,215,8.328,90.892,0.802,28.321,0.035,128.378
2026-09-02T09:24:56.409143+07:00,c10_sim,216,9.395,118.544,0.905,28.354,0.038,157.235
2026-09-02T09:24:56.579983+07:00,c10_sim,217,9.241,92.361,0.877,28.215,0.037,130.731
2026-09-02T09:24:56.768208+07:00,c10_sim,218,7.657,89.659,0.663,27.730,0.026,125.735
2026-09-02T09:24:57.008675+07:00,c10_sim,219,9.080,115.867,1.085,29.544,0.037,155.614
2026-09-02T09:24:57.175056+07:00,c10_sim,220,6.866,88.333,0.657,26.431,0.022,122.310
2026-09-02T09:24:57.369506+07:00,c10_sim,221,6.556,90.536,0.758,27.036,0.022,124.908
2026-09-02T09:24:57.563490+07:00,c10_sim,222,6.648,89.398,0.804,27.397,0.026,124.272
2026-09-02T09:24:57.784237+07:00,c10_sim,223,7.980,92.513,0.995,28.599,0.037,130.125
2026-09-02T09:24:57.981983+07:00,c10_sim,224,8.064,93.681,0.930,29.556,0.023,132.254
2026-09-02T09:24:58.168717+07:00,c10_sim,225,6.787,90.205,0.771,27.106,0.025,124.895
2026-09-02T09:24:58.409931+07:00,c10_sim,226,8.848,112.736,1.003,28.455,0.042,151.083
2026-09-02T09:24:58.550755+07:00,c11_sim,719,7.937,90.608,0.713,0.000,0.011,99.267
2026-09-02T09:24:58.792311+07:00,c11_sim,720,7.728,118.887,0.651,0.000,0.011,127.277
2026-09-02T09:24:58.956638+07:00,c11_sim,721,10.364,91.557,0.551,0.000,0.010,102.482
2026-09-02T09:24:59.190823+07:00,c11_sim,722,8.364,90.951,0.407,26.479,0.079,126.280
2026-09-02T09:24:59.381596+07:00,c11_sim,723,7.454,89.103,0.554,27.679,0.015,124.804
2026-09-02T09:24:59.623389+07:00,c11_sim,724,9.347,117.073,0.643,28.905,0.022,155.990
2026-09-02T09:24:59.791231+07:00,c11_sim,725,7.213,89.647,0.553,27.429,0.018,124.860
2026-09-02T09:24:59.954940+07:00,c11_sim,726,8.188,90.590,0.721,0.005,0.324,99.827
2026-09-02T09:25:00.193321+07:00,c11_sim,727,10.126,89.884,0.556,27.471,0.022,128.058
2026-09-02T09:25:00.381058+07:00,c11_sim,728,7.844,89.831,0.494,27.381,0.013,125.562
2026-09-02T09:25:00.623468+07:00,c11_sim,729,10.733,116.046,0.645,28.552,0.016,155.992
2026-09-02T09:25:00.788546+07:00,c11_sim,730,8.052,89.401,0.578,27.402,0.015,125.449
2026-09-02T09:25:00.982267+07:00,c11_sim,731,7.060,89.803,0.521,28.537,0.015,125.937
2026-09-02T09:25:01.172419+07:00,c11_sim,732,8.186,89.046,0.615,27.349,0.015,125.211
2026-09-02T09:25:01.391149+07:00,c11_sim,733,8.270,92.247,0.531,27.578,0.012,128.638
2026-09-02T09:25:01.589666+07:00,c11_sim,734,8.652,93.895,0.717,28.896,0.023,132.184
2026-09-02T09:25:01.775087+07:00,c11_sim,735,10.501,91.185,0.492,27.712,0.014,129.903
2026-09-02T09:25:02.023019+07:00,c11_sim,736,8.118,119.186,0.705,28.772,0.017,156.797
2026-09-02T09:25:02.190670+07:00,c11_sim,737,6.763,89.076,0.506,27.233,0.013,123.591
2026-09-02T09:25:02.379809+07:00,c11_sim,738,7.856,89.666,0.615,27.716,0.012,125.865
2026-09-02T09:25:02.575455+07:00,c11_sim,739,9.314,91.033,0.690,28.757,0.035,129.830
2026-09-02T09:25:02.784361+07:00,c11_sim,740,9.737,89.087,0.552,27.245,0.021,126.642
2026-09-02T09:25:02.971024+07:00,c11_sim,741,9.870,89.948,0.475,27.158,0.020,127.471
2026-09-02T09:25:03.190338+07:00,c11_sim,742,6.628,99.252,0.506,27.112,0.019,133.518
2026-09-02T09:25:03.381733+07:00,c11_sim,743,7.203,88.594,0.475,26.492,0.020,122.783
2026-09-02T09:25:03.576754+07:00,c11_sim,744,7.594,90.906,0.572,27.593,0.018,126.684
2026-09-02T09:25:03.792348+07:00,c11_sim,745,7.416,90.467,0.479,26.783,0.018,125.164
2026-09-02T09:25:03.984609+07:00,c11_sim,746,7.857,92.446,0.617,27.496,0.023,128.438
2026-09-02T09:25:04.172864+07:00,c11_sim,747,7.037,88.639,0.515,28.179,0.020,124.390
2026-09-02T09:25:04.424152+07:00,c11_sim,748,10.105,123.239,0.699,28.677,0.034,162.755
2026-09-02T09:25:04.594582+07:00,c11_sim,749,8.629,93.605,0.747,28.650,0.032,131.664
2026-09-02T09:25:04.783153+07:00,c11_sim,750,8.379,92.338,0.489,27.459,0.020,128.685
2026-09-02T09:25:05.030205+07:00,c11_sim,751,9.631,122.513,0.793,31.109,0.027,164.074
2026-09-02T09:25:05.169155+07:00,c11_sim,752,7.778,89.237,0.435,26.474,0.019,123.943
2026-09-02T09:25:05.407754+07:00,c11_sim,753,10.712,110.839,0.477,28.514,0.021,150.563
2026-09-02T09:25:05.575071+07:00,c11_sim,754,7.891,89.432,0.513,27.209,0.017,125.062
2026-09-02T09:25:05.789526+07:00,c11_sim,755,7.020,91.779,0.505,27.597,0.021,126.922
2026-09-02T09:25:05.981370+07:00,c11_sim,756,9.907,89.649,0.456,26.559,0.020,126.591
2026-09-02T09:25:06.168781+07:00,c11_sim,757,6.344,88.428,0.493,26.546,0.020,121.831
2026-09-02T09:25:06.387053+07:00,c11_sim,758,8.430,92.936,0.522,27.900,0.020,129.808
2026-09-02T09:25:06.578698+07:00,c11_sim,759,9.639,90.375,0.624,28.432,0.014,129.084
2026-09-02T09:25:06.789513+07:00,c11_sim,760,11.037,91.016,0.568,28.609,0.026,131.256
2026-09-02T09:25:06.979474+07:00,c11_sim,761,9.680,91.163,0.639,28.173,0.031,129.685
2026-09-02T09:25:07.187322+07:00,c11_sim,762,9.412,90.830,0.639,28.102,0.036,129.019
2026-09-02T09:25:07.379326+07:00,c11_sim,763,11.154,92.904,0.580,27.968,0.023,132.629
2026-09-02T09:25:07.590694+07:00,c11_sim,764,10.649,92.555,0.609,28.626,0.038,132.478
2026-09-02T09:25:07.786591+07:00,c11_sim,765,9.836,93.897,0.601,28.362,0.032,132.728
2026-09-02T09:25:07.979473+07:00,c11_sim,766,8.434,91.399,0.517,27.695,0.023,128.067
2026-09-02T09:25:08.221274+07:00,c11_sim,767,8.656,114.790,0.583,28.309,0.025,152.363
2026-09-02T09:25:08.390038+07:00,c11_sim,768,7.085,91.516,0.523,27.894,0.022,127.040
2026-09-02T09:25:08.580642+07:00,c11_sim,769,9.634,92.249,0.581,28.118,0.017,130.599
2026-09-02T09:25:08.824070+07:00,c11_sim,770,9.769,118.317,0.624,28.455,0.036,157.202
2026-09-02T09:25:08.985850+07:00,c11_sim,771,8.491,92.171,0.578,27.505,0.022,128.767
2026-09-02T09:25:09.148478+07:00,c11_sim,772,6.314,86.803,0.508,0.003,0.013,93.641
2026-09-02T09:25:09.395444+07:00,c11_sim,773,10.101,120.603,0.668,0.004,0.016,131.391
2026-09-02T09:25:09.554319+07:00,c11_sim,774,10.429,89.897,0.543,0.004,0.014,100.888
2026-09-02T09:25:09.785508+07:00,c11_sim,775,9.276,114.558,0.561,0.003,0.014,124.413
2026-09-02T09:25:09.994287+07:00,c11_sim,776,9.815,116.849,0.538,0.004,0.014,127.220
2026-09-02T09:25:10.152765+07:00,c11_sim,777,8.052,89.663,0.000,0.000,0.010,97.725
2026-09-02T09:25:10.392253+07:00,c11_sim,778,10.152,119.674,0.000,0.000,0.014,129.840
2026-09-02T09:25:10.553736+07:00,c11_sim,779,10.015,91.011,0.000,0.000,0.012,101.038
2026-09-02T09:25:10.792234+07:00,c11_sim,780,9.483,115.070,0.000,0.000,0.013,124.566
2026-09-02T09:25:10.950792+07:00,c11_sim,781,7.057,90.413,0.584,0.000,0.008,98.062
2026-09-02T09:25:11.038173+07:00,c11_sim,782,5.780,86.297,0.490,0.000,0.008,92.575
2026-09-02T09:25:11.125176+07:00,c11_sim,783,5.725,86.031,0.418,0.000,0.008,92.182
2026-09-02T09:25:11.241182+07:00,c11_sim,784,5.766,87.426,0.452,27.461,0.052,121.157
2026-09-02T09:25:11.354109+07:00,c11_sim,785,6.834,85.684,0.403,26.225,0.013,119.159
2026-09-02T09:25:11.468848+07:00,c11_sim,786,5.308,86.065,0.443,27.600,0.014,119.431
2026-09-02T09:25:11.582444+07:00,c11_sim,787,5.473,86.135,0.420,26.435,0.013,118.476
2026-09-02T09:25:11.669211+07:00,c11_sim,788,5.166,85.684,0.522,0.000,0.010,91.382
2026-09-02T09:25:11.756156+07:00,c11_sim,789,5.760,85.838,0.490,0.000,0.009,92.097
2026-09-02T09:25:11.842821+07:00,c11_sim,790,5.103,85.676,0.409,0.000,0.008,91.196
2026-09-02T09:25:11.956800+07:00,c11_sim,791,5.490,85.492,0.401,26.427,0.263,118.072
2026-09-02T09:25:12.069594+07:00,c11_sim,792,5.390,85.414,0.518,26.290,0.024,117.637
2026-09-02T09:25:12.188165+07:00,c11_sim,793,5.210,89.314,0.385,28.334,0.015,123.258
2026-09-02T09:25:12.302068+07:00,c11_sim,794,5.900,85.552,0.371,27.443,0.013,119.279
2026-09-02T09:25:12.417530+07:00,c11_sim,795,6.120,88.631,0.368,25.894,0.013,121.026
2026-09-02T09:25:12.531477+07:00,c11_sim,796,4.761,86.634,0.458,26.212,0.014,118.078
2026-09-02T09:25:12.644871+07:00,c11_sim,797,6.024,86.047,0.420,26.292,0.017,118.801
2026-09-02T09:25:12.757760+07:00,c11_sim,798,5.009,85.648,0.417,26.209,0.015,117.298
2026-09-02T09:25:12.870870+07:00,c11_sim,799,5.011,85.684,0.508,26.270,0.013,117.486
2026-09-02T09:25:12.986326+07:00,c11_sim,800,5.486,87.808,0.481,26.535,0.014,120.323
2026-09-02T09:25:13.104818+07:00,c11_sim,801,5.746,91.087,0.418,26.368,0.014,123.632
2026-09-02T09:25:13.219250+07:00,c11_sim,802,6.527,86.799,0.444,26.365,0.191,120.327
2026-09-02T09:25:13.332664+07:00,c11_sim,803,5.304,86.066,0.481,26.296,0.015,118.163
2026-09-02T09:25:13.447106+07:00,c11_sim,804,6.946,86.802,0.491,26.516,0.014,120.770
2026-09-02T09:25:13.563271+07:00,c11_sim,805,5.295,88.223,0.510,26.785,0.013,120.826
2026-09-02T09:25:13.677943+07:00,c11_sim,806,5.800,86.882,0.437,26.739,0.013,119.870
2026-09-02T09:25:13.794201+07:00,c11_sim,807,4.977,88.310,0.444,26.874,0.018,120.624
2026-09-02T09:25:13.909407+07:00,c11_sim,808,5.388,86.556,0.485,27.531,0.020,119.980
2026-09-02T09:25:14.026185+07:00,c11_sim,809,5.677,88.441,0.518,27.203,0.025,121.865
2026-09-02T09:25:14.146446+07:00,c11_sim,810,4.712,91.437,0.426,27.794,0.018,124.387
2026-09-02T09:25:14.263123+07:00,c11_sim,811,3.444,88.264,0.488,27.227,0.025,119.448
2026-09-02T09:25:14.380052+07:00,c11_sim,812,4.255,87.421,0.480,28.387,0.021,120.564
2026-09-02T09:25:14.497409+07:00,c11_sim,813,3.508,88.201,0.437,28.062,0.019,120.226
2026-09-02T09:25:14.616451+07:00,c11_sim,814,3.745,90.008,0.429,27.966,0.018,122.167
2026-09-02T09:25:14.734831+07:00,c11_sim,815,3.199,89.529,0.418,27.796,0.017,120.959
2026-09-02T09:25:14.850106+07:00,c11_sim,816,3.259,87.549,0.400,26.715,0.018,117.940
2026-09-02T09:25:14.969060+07:00,c11_sim,817,3.884,91.121,0.401,26.814,0.022,122.241
2026-09-02T09:25:15.090736+07:00,c11_sim,818,3.981,93.628,0.485,26.959,0.021,125.074
2026-09-02T09:25:15.207507+07:00,c11_sim,819,4.178,89.308,0.355,26.481,0.019,120.342
2026-09-02T09:25:15.323712+07:00,c11_sim,820,4.794,88.445,0.434,26.694,0.018,120.385
2026-09-02T09:25:15.439781+07:00,c11_sim,821,5.079,88.604,0.378,26.472,0.018,120.550
2026-09-02T09:25:15.555263+07:00,c11_sim,822,5.535,87.900,0.383,26.607,0.017,120.441
2026-09-02T09:25:15.676136+07:00,c11_sim,823,5.412,92.325,0.396,27.554,0.020,125.707
2026-09-02T09:25:15.793608+07:00,c11_sim,824,6.152,89.559,0.430,26.830,0.019,122.990
2026-09-02T09:25:15.911318+07:00,c11_sim,825,5.544,89.491,0.425,27.187,0.017,122.664
2026-09-02T09:25:16.033443+07:00,c11_sim,826,5.667,92.757,0.426,28.246,0.021,127.117
2026-09-02T09:25:16.154384+07:00,c11_sim,827,4.695,91.450,0.382,28.476,0.020,125.023
2026-09-02T09:25:16.278062+07:00,c11_sim,828,5.994,92.762,0.389,29.894,0.020,129.059
2026-09-02T09:25:16.402751+07:00,c11_sim,829,5.195,93.373,0.345,30.439,0.019,129.370
2026-09-02T09:25:16.529383+07:00,c11_sim,830,5.582,95.814,0.391,29.837,0.017,131.641
2026-09-02T09:25:16.658691+07:00,c11_sim,831,5.755,97.873,0.414,30.368,0.029,134.439
2026-09-02T09:25:16.794315+07:00,c11_sim,832,5.464,103.372,0.351,31.243,0.018,140.448
2026-09-02T09:25:16.897555+07:00,c9_sim,414,3.697,102.085,0.571,0.000,0.009,106.361
2026-09-02T09:25:17.005322+07:00,c9_sim,415,3.243,106.834,0.408,0.000,0.008,110.493
2026-09-02T09:25:17.111574+07:00,c9_sim,416,5.509,105.189,0.456,0.000,0.008,111.163
2026-09-02T09:25:17.220740+07:00,c9_sim,417,4.000,108.036,0.451,0.003,0.041,112.531
2026-09-02T09:25:17.330641+07:00,c9_sim,418,4.687,108.681,0.513,0.003,0.013,113.898
2026-09-02T09:25:17.442450+07:00,c9_sim,419,4.711,110.544,0.503,0.003,0.013,115.774
2026-09-02T09:25:17.589968+07:00,c9_sim,420,3.847,111.566,0.444,34.858,0.015,150.730
2026-09-02T09:25:17.742112+07:00,c9_sim,421,4.578,113.663,0.466,37.286,0.015,156.008
2026-09-02T09:25:17.900121+07:00,c9_sim,422,4.703,117.045,0.475,39.815,0.016,162.053
2026-09-02T09:25:18.055658+07:00,c9_sim,423,3.862,117.921,0.444,36.542,0.017,158.787
2026-09-02T09:25:18.213854+07:00,c9_sim,424,3.552,118.440,0.462,38.686,0.014,161.155
2026-09-02T09:25:18.372832+07:00,c9_sim,425,4.584,119.562,0.563,37.986,0.012,162.706
2026-09-02T09:25:18.535633+07:00,c9_sim,426,3.945,121.272,0.580,39.692,0.342,165.832
2026-09-02T09:25:18.696164+07:00,c9_sim,427,3.932,120.774,0.572,38.297,0.029,163.605
2026-09-02T09:25:18.859244+07:00,c9_sim,428,3.606,121.534,0.443,40.431,0.016,166.030
2026-09-02T09:25:19.015841+07:00,c9_sim,429,4.640,118.203,0.449,37.268,0.014,160.575
2026-09-02T09:25:19.172296+07:00,c9_sim,430,4.785,118.116,0.441,37.257,0.014,160.614
2026-09-02T09:25:19.332998+07:00,c9_sim,431,4.294,120.162,0.496,39.424,0.014,164.391
2026-09-02T09:25:19.489273+07:00,c9_sim,432,3.929,117.486,0.588,37.387,0.015,159.405
2026-09-02T09:25:19.643267+07:00,c9_sim,433,4.681,116.269,0.468,36.519,0.016,157.952
2026-09-02T09:25:19.802114+07:00,c9_sim,434,4.725,118.488,0.509,38.976,0.016,162.713
2026-09-02T09:25:19.954283+07:00,c9_sim,435,4.492,115.009,0.532,35.846,0.014,155.893
2026-09-02T09:25:20.103924+07:00,c9_sim,436,3.903,112.011,0.413,36.566,0.020,152.914
2026-09-02T09:25:20.251957+07:00,c9_sim,437,4.943,112.007,0.485,34.890,0.024,152.349
2026-09-02T09:25:20.399282+07:00,c9_sim,438,4.965,111.369,0.445,34.881,0.017,151.677
2026-09-02T09:25:20.545971+07:00,c9_sim,439,4.312,109.342,0.452,36.223,0.018,150.346
2026-09-02T09:25:20.695206+07:00,c9_sim,440,4.022,112.297,0.622,35.544,0.024,152.510
2026-09-02T09:25:20.843450+07:00,c9_sim,441,4.716,111.921,0.434,35.276,0.019,152.366
2026-09-02T09:25:20.993145+07:00,c9_sim,442,4.279,112.300,0.485,36.274,0.023,153.360
2026-09-02T09:25:21.142877+07:00,c9_sim,443,3.852,113.201,0.397,35.370,0.021,152.841
2026-09-02T09:25:21.293716+07:00,c9_sim,444,3.796,114.041,0.516,35.579,0.022,153.955
2026-09-02T09:25:21.444704+07:00,c9_sim,445,4.951,113.041,0.448,36.852,0.022,155.313
2026-09-02T09:25:21.593694+07:00,c9_sim,446,4.263,112.657,0.431,35.274,0.020,152.645
2026-09-02T09:25:21.743800+07:00,c9_sim,447,4.102,113.612,0.403,35.490,0.022,153.631
2026-09-02T09:25:21.897624+07:00,c9_sim,448,4.826,114.352,0.437,38.311,0.022,157.949
2026-09-02T09:25:22.047485+07:00,c9_sim,449,4.714,113.539,0.443,35.228,0.022,153.947
2026-09-02T09:25:22.198735+07:00,c9_sim,450,3.992,113.754,0.467,36.338,0.021,154.572
2026-09-02T09:25:22.346576+07:00,c9_sim,451,4.107,110.667,0.415,36.059,0.022,151.271
2026-09-02T09:25:22.495560+07:00,c9_sim,452,4.686,112.525,0.430,35.382,0.019,153.041
2026-09-02T09:25:22.611875+07:00,c8_sim,247,3.927,113.597,2.058,0.000,0.006,119.588
2026-09-02T09:25:22.727270+07:00,c8_sim,248,5.196,115.246,0.000,0.000,0.006,120.448
2026-09-02T09:25:22.842114+07:00,c8_sim,249,4.868,113.598,0.513,0.000,0.005,118.984
2026-09-02T09:25:22.956519+07:00,c8_sim,250,7.657,114.249,0.000,0.000,0.006,121.912
2026-09-02T09:25:23.072412+07:00,c8_sim,251,7.869,114.528,0.690,0.000,0.006,123.092
2026-09-02T09:25:23.199438+07:00,c8_sim,252,6.467,125.014,0.793,0.000,0.007,132.280
2026-09-02T09:25:23.320287+07:00,c8_sim,253,7.013,119.653,0.541,0.000,0.005,127.211
2026-09-02T09:25:23.479717+07:00,c8_sim,254,6.806,120.160,0.585,37.926,0.047,165.524
2026-09-02T09:25:23.630207+07:00,c8_sim,255,7.246,114.120,0.504,35.088,0.016,156.974
2026-09-02T09:25:23.782413+07:00,c8_sim,256,6.361,114.028,0.549,36.852,0.014,157.804
2026-09-02T09:25:23.895510+07:00,c8_sim,257,6.264,112.948,0.000,0.000,0.010,119.223
2026-09-02T09:25:24.011039+07:00,c8_sim,258,6.418,114.088,0.680,0.000,0.010,121.197
2026-09-02T09:25:24.124363+07:00,c8_sim,259,6.557,112.059,0.497,0.000,0.010,119.124
2026-09-02T09:25:24.239078+07:00,c8_sim,260,7.981,113.572,0.516,0.000,0.008,122.077
2026-09-02T09:25:24.387966+07:00,c8_sim,261,6.017,109.985,0.526,37.591,0.107,154.227
2026-09-02T09:25:24.537505+07:00,c8_sim,262,7.185,113.488,0.688,34.569,0.018,155.948
2026-09-02T09:25:24.687270+07:00,c8_sim,263,15.346,113.104,0.606,35.259,0.015,164.330
2026-09-02T09:25:24.830197+07:00,c8_sim,264,6.845,107.516,0.632,34.081,0.015,149.089
2026-09-02T09:25:24.973932+07:00,c8_sim,265,5.710,108.499,0.615,33.927,0.015,148.765
2026-09-02T09:25:25.120774+07:00,c8_sim,266,5.855,110.917,0.572,34.596,0.014,151.954
2026-09-02T09:25:25.266278+07:00,c8_sim,267,7.419,109.447,0.525,34.790,0.015,152.196
2026-09-02T09:25:25.411860+07:00,c8_sim,268,6.528,109.530,0.589,34.697,0.017,151.361
2026-09-02T09:25:25.559084+07:00,c8_sim,269,6.256,110.341,0.542,35.619,0.016,152.775
2026-09-02T09:25:25.709596+07:00,c8_sim,270,7.492,112.457,0.582,36.743,0.014,157.288
2026-09-02T09:25:25.860857+07:00,c8_sim,271,7.198,112.733,0.691,35.965,0.267,156.854
2026-09-02T09:25:26.011719+07:00,c8_sim,272,5.499,113.449,0.638,36.007,0.018,155.612
2026-09-02T09:25:26.163174+07:00,c8_sim,273,6.892,114.223,0.567,35.883,0.015,157.580
2026-09-02T09:25:26.314077+07:00,c8_sim,274,6.840,113.654,0.583,35.882,0.016,156.976
2026-09-02T09:25:26.465429+07:00,c8_sim,275,5.757,112.308,0.631,37.619,0.014,156.330
2026-09-02T09:25:26.619523+07:00,c8_sim,276,6.800,115.891,0.602,36.879,0.015,160.186
2026-09-02T09:25:26.769453+07:00,c8_sim,277,6.682,113.169,0.586,35.376,0.025,155.837
2026-09-02T09:25:26.915622+07:00,c8_sim,278,7.530,110.070,0.513,34.975,0.018,153.107
2026-09-02T09:25:27.064200+07:00,c8_sim,279,7.128,111.141,0.532,36.176,0.022,154.999
2026-09-02T09:25:27.211103+07:00,c8_sim,280,5.683,110.499,0.555,35.237,0.019,151.993
2026-09-02T09:25:27.361975+07:00,c8_sim,281,5.551,113.150,0.626,36.101,0.024,155.451
