timestamp,camera_id,frame_id,decode_ms,detection_ms,tracking_ms,reid_ms,matching_ms,total_ai_ms
2026-09-02T07:34:00.565127+07:00,c8_sim,1,12.342,694.208,16.113,191.768,0.176,914.605
2026-09-02T07:34:00.641105+07:00,c8_sim,2,9.314,27.377,22.904,22.184,0.028,81.807
2026-09-02T07:34:00.706874+07:00,c8_sim,3,8.060,26.520,13.544,23.700,0.079,71.903
2026-09-02T07:34:00.784143+07:00,c8_sim,4,8.442,26.850,13.484,34.919,0.021,83.715
2026-09-02T07:34:00.840431+07:00,c8_sim,5,9.431,19.176,14.272,19.647,0.014,62.540
2026-09-02T07:34:00.890689+07:00,c8_sim,6,8.850,15.536,12.349,21.262,0.017,58.014
2026-09-02T07:34:00.939111+07:00,c8_sim,7,9.367,15.006,12.609,19.828,0.050,56.860
2026-09-02T07:34:00.987067+07:00,c8_sim,8,6.734,10.219,12.167,20.731,0.013,49.865
2026-09-02T07:34:01.029039+07:00,c8_sim,9,8.854,10.464,11.750,18.765,0.056,49.888
2026-09-02T07:34:01.069600+07:00,c8_sim,10,7.215,10.399,11.851,17.414,0.014,46.893
2026-09-02T07:34:01.112134+07:00,c8_sim,11,7.237,10.800,12.164,18.523,0.067,48.791
2026-09-02T07:34:01.155978+07:00,c8_sim,12,7.054,11.450,13.087,18.148,0.015,49.754
2026-09-02T07:34:01.233895+07:00,c8_sim,13,6.454,11.490,29.378,36.034,0.017,83.373
2026-09-02T07:34:01.279044+07:00,c8_sim,14,6.626,12.762,12.378,18.588,0.016,50.369
2026-09-02T07:34:01.324220+07:00,c8_sim,15,6.648,14.220,11.649,17.979,0.053,50.549
2026-09-02T07:34:01.376480+07:00,c8_sim,16,6.922,18.511,13.231,18.992,0.051,57.707
2026-09-02T07:34:01.447042+07:00,c8_sim,17,6.920,27.051,11.432,30.720,0.029,76.152
2026-09-02T07:34:01.520115+07:00,c8_sim,18,6.841,13.721,13.071,18.995,0.027,52.654
2026-09-02T07:34:01.647807+07:00,c8_sim,19,6.860,16.651,13.124,20.112,0.031,56.778
2026-09-02T07:34:01.752134+07:00,c8_sim,20,6.856,18.340,12.798,19.501,0.028,57.523
2026-09-02T07:34:01.861243+07:00,c8_sim,21,6.782,23.137,13.102,23.488,0.024,66.532
2026-09-02T07:34:01.960862+07:00,c8_sim,22,6.832,13.775,12.902,18.901,0.021,52.432
2026-09-02T07:34:02.059951+07:00,c8_sim,23,6.728,15.948,12.846,21.753,0.029,57.305
2026-09-02T07:34:02.189297+07:00,c8_sim,24,6.915,21.963,13.579,20.807,0.030,63.293
2026-09-02T07:34:02.297606+07:00,c8_sim,25,7.032,21.652,12.880,19.940,0.026,61.530
2026-09-02T07:34:02.410940+07:00,c8_sim,26,6.899,26.981,12.738,23.798,0.021,70.437
2026-09-02T07:34:02.482789+07:00,c8_sim,27,7.063,15.201,12.696,0.005,0.017,34.981
2026-09-02T07:34:02.574673+07:00,c8_sim,28,6.875,16.816,0.000,0.000,0.013,23.703
2026-09-02T07:34:02.728052+07:00,c8_sim,29,7.061,18.495,13.365,19.726,0.027,58.674
2026-09-02T07:34:02.835332+07:00,c8_sim,30,6.853,21.832,12.924,20.811,0.026,62.446
2026-09-02T07:34:02.949880+07:00,c8_sim,31,6.737,27.756,12.856,19.584,0.023,66.957
2026-09-02T07:34:03.049180+07:00,c8_sim,32,7.225,14.067,12.844,18.760,0.020,52.916
2026-09-02T07:34:03.154816+07:00,c8_sim,33,6.765,19.172,13.672,19.259,0.023,58.891
2026-09-02T07:34:03.258114+07:00,c8_sim,34,6.971,18.275,13.327,22.399,0.027,60.998
2026-09-02T07:34:03.397901+07:00,c8_sim,35,7.007,47.486,13.843,26.147,0.028,94.511
2026-09-02T07:34:03.474827+07:00,c8_sim,36,7.040,16.780,13.466,19.169,0.023,56.478
2026-09-02T07:34:03.581236+07:00,c8_sim,37,7.347,18.993,13.873,20.024,0.029,60.266
2026-09-02T07:34:03.708538+07:00,c8_sim,38,7.182,25.305,14.662,33.082,0.030,80.260
2026-09-02T07:34:03.837565+07:00,c8_sim,39,6.786,37.051,13.358,23.662,0.025,80.883
2026-09-02T07:34:03.913255+07:00,c8_sim,40,6.631,15.681,11.991,20.966,0.033,55.302
2026-09-02T07:34:04.022605+07:00,c8_sim,41,6.669,24.316,14.243,21.004,0.025,66.256
2026-09-02T07:34:04.153065+07:00,c8_sim,42,7.152,34.660,13.608,29.503,0.028,84.950
2026-09-02T07:34:04.258288+07:00,c8_sim,43,7.101,30.243,14.487,32.830,0.029,84.690
2026-09-02T07:34:04.364067+07:00,c8_sim,44,7.124,37.340,14.163,26.511,0.053,85.191
2026-09-02T07:34:04.462380+07:00,c8_sim,45,7.261,30.486,14.042,23.482,0.029,75.301
2026-09-02T07:34:04.574044+07:00,c8_sim,46,6.812,26.507,13.297,21.980,0.029,68.625
2026-09-02T07:34:04.661161+07:00,c8_sim,47,7.452,23.776,13.486,22.576,0.029,67.319
2026-09-02T07:34:04.777117+07:00,c8_sim,48,6.920,26.217,14.264,21.508,0.025,68.934
2026-09-02T07:34:04.891493+07:00,c8_sim,49,7.218,26.905,13.401,20.580,0.029,68.134
2026-09-02T07:34:04.963720+07:00,c8_sim,50,6.749,20.782,0.000,0.000,0.009,27.540
2026-09-02T07:34:05.061178+07:00,c8_sim,51,7.117,23.524,0.000,0.000,0.012,30.653
2026-09-02T07:34:05.213058+07:00,c8_sim,52,7.705,47.400,0.000,0.000,0.015,55.120
2026-09-02T07:34:05.310640+07:00,c8_sim,53,7.493,45.439,0.000,0.000,0.027,52.959
2026-09-02T07:34:05.407408+07:00,c8_sim,54,9.173,24.218,0.000,0.000,0.014,33.405
2026-09-02T07:34:05.509702+07:00,c8_sim,55,9.593,24.829,0.000,0.000,0.016,34.439
2026-09-02T07:34:05.606774+07:00,c8_sim,56,8.313,20.832,0.000,0.000,0.014,29.158
2026-09-02T07:34:05.745136+07:00,c9_sim,1,4.077,29.945,6.203,22.032,0.078,62.336
2026-09-02T07:34:05.846032+07:00,c9_sim,2,5.108,14.073,13.292,19.545,0.061,52.079
2026-09-02T07:34:05.941608+07:00,c9_sim,3,4.803,14.733,12.053,18.493,0.017,50.100
2026-09-02T07:34:06.040235+07:00,c9_sim,4,4.779,16.072,12.311,18.042,0.015,51.218
2026-09-02T07:34:06.169380+07:00,c9_sim,5,4.751,20.732,14.060,19.913,0.020,59.476
2026-09-02T07:34:06.266932+07:00,c9_sim,6,4.942,34.177,13.481,22.303,0.025,74.929
2026-09-02T07:34:06.371831+07:00,c9_sim,7,4.529,18.573,13.284,19.709,0.018,56.112
2026-09-02T07:34:06.472461+07:00,c9_sim,8,4.746,17.005,15.239,19.720,0.020,56.730
2026-09-02T07:34:06.576740+07:00,c9_sim,9,4.750,21.787,13.468,21.487,0.102,61.594
2026-09-02T07:34:06.679714+07:00,c9_sim,10,4.705,17.125,13.081,19.710,0.018,54.639
2026-09-02T07:34:06.779398+07:00,c9_sim,11,4.862,15.840,14.150,20.179,0.017,55.048
2026-09-02T07:34:06.883515+07:00,c9_sim,12,4.642,18.049,13.766,20.214,0.019,56.689
2026-09-02T07:34:06.994814+07:00,c9_sim,13,4.734,22.616,13.652,21.761,0.016,62.780
2026-09-02T07:34:07.089790+07:00,c9_sim,14,4.863,15.592,12.725,18.835,0.014,52.029
2026-09-02T07:34:07.190492+07:00,c9_sim,15,4.715,16.293,12.379,18.738,0.014,52.139
2026-09-02T07:34:07.300573+07:00,c9_sim,16,4.709,21.616,14.278,22.102,0.017,62.722
2026-09-02T07:34:07.407024+07:00,c9_sim,17,4.875,22.410,13.508,19.872,0.027,60.692
2026-09-02T07:34:07.524160+07:00,c9_sim,18,4.743,26.399,13.462,24.423,0.035,69.062
2026-09-02T07:34:07.613157+07:00,c9_sim,19,5.095,27.109,13.959,20.372,0.020,66.556
2026-09-02T07:34:07.687348+07:00,c9_sim,20,4.957,13.883,13.833,19.810,0.025,52.509
2026-09-02T07:34:07.812307+07:00,c9_sim,21,4.784,16.298,13.254,20.534,0.024,54.894
2026-09-02T07:34:07.921115+07:00,c9_sim,22,4.888,23.004,13.317,20.228,0.030,61.467
2026-09-02T07:34:08.033307+07:00,c9_sim,23,4.805,24.163,13.198,21.404,0.028,63.598
2026-09-02T07:34:08.129102+07:00,c9_sim,24,4.827,26.835,12.980,28.013,0.028,72.682
2026-09-02T07:34:08.225542+07:00,c9_sim,25,4.840,16.414,12.831,19.217,0.022,53.324
2026-09-02T07:34:08.330858+07:00,c9_sim,26,4.931,18.604,13.948,19.910,0.026,57.420
2026-09-02T07:34:08.444970+07:00,c9_sim,27,5.123,26.971,13.646,21.450,0.042,67.233
2026-09-02T07:34:08.550966+07:00,c9_sim,28,4.726,35.215,14.606,28.480,0.031,83.058
2026-09-02T07:34:08.652460+07:00,c9_sim,29,5.153,32.040,14.207,29.030,0.032,80.462
2026-09-02T07:34:08.747679+07:00,c9_sim,30,5.135,29.662,14.603,23.131,0.138,72.669
2026-09-02T07:34:08.861622+07:00,c9_sim,31,5.001,27.857,13.665,21.831,0.029,68.384
2026-09-02T07:34:08.943423+07:00,c9_sim,32,5.217,17.699,14.126,22.560,0.034,59.637
2026-09-02T07:34:09.049716+07:00,c9_sim,33,4.904,22.144,13.244,20.344,0.032,60.668
2026-09-02T07:34:09.164440+07:00,c9_sim,34,4.780,31.206,12.283,19.605,0.028,67.902
2026-09-02T07:34:09.238075+07:00,c9_sim,35,4.813,14.129,12.316,20.628,0.023,51.908
2026-09-02T07:34:09.372603+07:00,c9_sim,36,4.988,24.515,13.132,21.464,0.027,64.126
2026-09-02T07:34:09.454494+07:00,c9_sim,37,4.728,19.719,13.157,21.292,0.033,58.930
2026-09-02T07:34:09.569360+07:00,c9_sim,38,5.462,29.314,12.812,19.336,0.026,66.951
2026-09-02T07:34:09.664268+07:00,c9_sim,39,4.875,14.215,12.946,19.214,0.028,51.279
2026-09-02T07:34:09.763109+07:00,c9_sim,40,4.934,16.465,12.211,18.955,0.021,52.586
2026-09-02T07:34:09.872775+07:00,c9_sim,41,4.833,20.430,12.244,23.875,0.023,61.404
2026-09-02T07:34:09.989591+07:00,c9_sim,42,4.902,27.386,12.345,23.366,0.024,68.023
2026-09-02T07:34:10.078537+07:00,c9_sim,43,4.846,26.973,12.346,21.758,0.020,65.944
2026-09-02T07:34:10.176389+07:00,c9_sim,44,4.617,13.995,12.010,18.340,0.022,48.985
2026-09-02T07:34:10.274818+07:00,c9_sim,45,4.680,15.650,11.619,18.494,0.025,50.467
2026-09-02T07:34:10.413662+07:00,c9_sim,46,4.772,21.030,15.922,48.521,0.090,90.334
2026-09-02T07:34:10.566403+07:00,c9_sim,47,8.947,74.659,17.566,31.108,0.038,132.319
2026-09-02T07:34:10.692217+07:00,c9_sim,48,6.469,26.096,45.713,49.221,0.044,127.542
2026-09-02T07:34:10.767199+07:00,c9_sim,49,17.588,27.109,18.126,28.149,0.035,91.007
2026-09-02T07:34:10.825762+07:00,c9_sim,50,6.845,21.182,14.477,21.151,0.035,63.690
2026-09-02T07:34:10.924105+07:00,c9_sim,51,4.860,26.957,13.856,29.873,0.055,75.601
2026-09-02T07:34:11.016232+07:00,c9_sim,52,5.626,29.747,14.312,25.064,0.042,74.792
2026-09-02T07:34:11.147127+07:00,c9_sim,53,4.990,44.218,13.147,25.903,0.025,88.284
2026-09-02T07:34:11.193378+07:00,c9_sim,54,4.966,13.814,11.250,20.177,0.029,50.236
2026-09-02T07:34:11.324766+07:00,c9_sim,55,5.059,19.979,13.275,20.667,0.027,59.008
2026-09-02T07:34:11.439751+07:00,c9_sim,56,4.935,21.734,13.230,26.915,0.035,66.849
2026-09-02T07:34:11.529588+07:00,c9_sim,57,5.145,27.496,13.519,21.016,0.023,67.199
2026-09-02T07:34:11.625546+07:00,c9_sim,58,5.262,14.023,12.078,18.945,0.026,50.335
2026-09-02T07:34:11.721732+07:00,c9_sim,59,5.261,13.993,11.127,19.074,0.026,49.480
2026-09-02T07:34:11.856906+07:00,c9_sim,60,5.519,24.360,13.295,25.187,0.030,68.390
2026-09-02T07:34:11.959044+07:00,c9_sim,61,4.963,27.057,13.515,33.795,0.030,79.360
2026-09-02T07:34:12.061256+07:00,c9_sim,62,4.984,39.065,12.930,22.679,0.026,79.684
2026-09-02T07:34:12.136416+07:00,c9_sim,63,5.071,14.175,13.063,21.307,0.025,53.641
2026-09-02T07:34:12.236358+07:00,c9_sim,64,5.308,14.986,12.494,20.111,0.023,52.922
2026-09-02T07:34:12.361543+07:00,c9_sim,65,5.430,17.583,12.142,19.634,0.032,54.820
2026-09-02T07:34:12.473026+07:00,c9_sim,66,4.727,28.398,12.610,20.473,0.027,66.235
2026-09-02T07:34:12.562258+07:00,c9_sim,67,5.052,27.239,12.503,21.685,0.021,66.501
2026-09-02T07:34:12.661214+07:00,c9_sim,68,4.937,14.334,12.540,18.612,0.023,50.445
2026-09-02T07:34:12.761370+07:00,c9_sim,69,4.914,15.242,12.488,18.696,0.020,51.360
2026-09-02T07:34:12.860447+07:00,c9_sim,70,4.885,16.527,13.012,20.612,0.028,55.063
2026-09-02T07:34:12.965287+07:00,c9_sim,71,4.687,22.714,10.940,18.641,0.023,57.005
2026-09-02T07:34:13.057725+07:00,c9_sim,72,4.560,14.100,11.796,18.624,0.021,49.100
2026-09-02T07:34:13.183574+07:00,c9_sim,73,5.345,15.280,12.001,18.767,0.023,51.416
2026-09-02T07:34:13.286075+07:00,c9_sim,74,4.801,17.424,12.142,20.106,0.028,54.501
2026-09-02T07:34:13.403159+07:00,c9_sim,75,4.848,24.059,12.739,26.875,0.088,68.609
2026-09-02T07:34:13.494805+07:00,c9_sim,76,5.293,26.845,13.753,23.804,0.034,69.730
2026-09-02T07:34:13.613430+07:00,c9_sim,77,5.363,32.339,13.840,22.079,0.041,73.661
2026-09-02T07:34:13.707690+07:00,c9_sim,78,5.260,30.733,13.900,21.936,0.029,71.858
2026-09-02T07:34:13.801624+07:00,c9_sim,79,5.864,28.637,13.046,24.509,0.043,72.100
2026-09-02T07:34:13.921307+07:00,c9_sim,80,5.406,28.228,12.570,25.523,0.044,71.772
2026-09-02T07:34:14.018966+07:00,c9_sim,81,4.983,34.515,13.226,22.074,0.026,74.824
2026-09-02T07:34:14.093803+07:00,c9_sim,82,4.984,14.665,12.178,20.626,0.027,52.480
2026-09-02T07:34:14.197475+07:00,c9_sim,83,4.967,16.688,12.394,20.750,0.035,54.835
2026-09-02T07:34:14.311587+07:00,c9_sim,84,4.938,25.915,12.862,22.975,0.024,66.714
2026-09-02T07:34:14.411173+07:00,c9_sim,85,4.695,15.575,12.072,18.412,0.022,50.776
2026-09-02T07:34:14.512043+07:00,c9_sim,86,5.110,16.249,12.506,18.639,0.019,52.523
2026-09-02T07:34:14.613004+07:00,c9_sim,87,4.909,16.978,11.960,18.591,0.018,52.456
2026-09-02T07:34:14.732685+07:00,c9_sim,88,4.951,21.539,11.765,19.218,0.025,57.497
2026-09-02T07:34:14.870655+07:00,c9_sim,89,5.459,33.556,13.613,36.997,0.034,89.659
2026-09-02T07:34:14.920732+07:00,c9_sim,90,5.349,11.796,13.013,20.089,0.020,50.266
2026-09-02T07:34:15.023210+07:00,c9_sim,91,5.005,12.159,12.274,22.988,0.022,52.448
2026-09-02T07:34:15.144676+07:00,c9_sim,92,5.346,15.904,15.712,37.188,0.082,74.231
2026-09-02T07:34:15.463251+07:00,c9_sim,93,122.521,79.130,17.373,39.958,0.068,259.051
2026-09-02T07:34:15.551056+07:00,c9_sim,94,14.851,43.961,14.635,27.298,0.029,100.774
2026-09-02T07:34:15.600584+07:00,c9_sim,95,20.632,15.790,12.846,19.741,0.030,69.038
2026-09-02T07:34:15.747813+07:00,c9_sim,96,6.920,20.550,16.465,108.953,0.107,152.995
2026-09-02T07:34:16.051893+07:00,c9_sim,97,5.125,102.404,35.468,155.952,0.099,299.047
2026-09-02T07:34:16.202267+07:00,c9_sim,98,25.666,62.334,36.780,42.916,0.037,167.733
2026-09-02T07:34:16.377234+07:00,c9_sim,99,13.332,33.502,29.157,104.679,0.077,180.746
2026-09-02T07:34:16.522077+07:00,c9_sim,100,12.163,59.294,26.235,57.152,0.038,154.882
2026-09-02T07:34:16.598250+07:00,c9_sim,101,25.244,28.913,18.051,27.521,0.027,99.755
2026-09-02T07:34:16.649557+07:00,c9_sim,102,14.734,13.886,14.061,22.215,0.024,64.919
2026-09-02T07:34:16.695620+07:00,c9_sim,103,15.201,13.337,12.704,18.966,0.023,60.230
2026-09-02T07:34:16.743383+07:00,c9_sim,104,17.098,15.373,12.747,18.291,0.022,63.530
2026-09-02T07:34:16.803872+07:00,c9_sim,105,19.659,16.610,11.816,18.440,0.020,66.544
2026-09-02T07:34:16.851850+07:00,c9_sim,106,11.055,17.864,11.316,17.643,0.018,57.896
2026-09-02T07:34:16.903651+07:00,c9_sim,107,6.148,19.439,11.052,20.161,0.025,56.826
2026-09-02T07:34:16.963091+07:00,c9_sim,108,4.977,24.164,12.261,21.558,0.036,62.997
2026-09-02T07:34:17.021231+07:00,c9_sim,109,4.798,23.939,12.184,20.314,0.025,61.261
2026-09-02T07:34:17.073923+07:00,c9_sim,110,4.975,20.717,11.135,19.686,0.021,56.534
2026-09-02T07:34:17.141984+07:00,c9_sim,111,4.924,23.978,11.679,30.957,0.041,71.578
2026-09-02T07:34:17.201198+07:00,c9_sim,112,12.048,23.877,11.885,21.566,0.045,69.421
2026-09-02T07:34:17.319788+07:00,c9_sim,113,6.825,27.382,15.826,25.910,0.043,75.984
2026-09-02T07:34:17.416319+07:00,c9_sim,114,6.189,28.986,15.187,24.641,0.037,75.040
2026-09-02T07:34:17.497494+07:00,c9_sim,115,5.237,28.116,0.000,0.000,0.017,33.371
2026-09-02T07:34:17.578912+07:00,c9_sim,116,5.158,28.289,0.000,0.000,0.016,33.463
2026-09-02T07:34:17.676544+07:00,c9_sim,117,5.360,18.552,0.000,0.000,0.013,23.925
2026-09-02T07:34:17.844083+07:00,c9_sim,118,7.495,33.983,16.652,20.722,0.026,78.878
2026-09-02T07:34:17.922362+07:00,c9_sim,119,4.946,21.924,12.243,20.168,0.027,59.307
2026-09-02T07:34:18.042445+07:00,c9_sim,120,4.900,30.730,12.728,23.770,0.027,72.156
2026-09-02T07:34:18.154463+07:00,c9_sim,121,5.001,33.380,12.793,42.945,0.030,94.149
2026-09-02T07:34:18.239928+07:00,c9_sim,122,5.009,24.669,12.584,20.976,0.025,63.262
2026-09-02T07:34:18.361212+07:00,c9_sim,123,5.429,29.979,13.769,27.331,0.053,76.562
2026-09-02T07:34:18.492677+07:00,c9_sim,124,5.383,38.268,18.821,47.809,0.039,110.320
2026-09-02T07:34:18.551531+07:00,c9_sim,125,10.132,27.484,11.266,17.903,0.023,66.808
2026-09-02T07:34:18.648883+07:00,c9_sim,126,4.711,28.178,14.949,27.333,0.029,75.200
2026-09-02T07:34:18.745759+07:00,c9_sim,127,4.627,18.988,11.225,19.264,0.025,54.128
2026-09-02T07:34:18.850594+07:00,c9_sim,128,4.974,21.945,10.781,18.925,0.024,56.650
2026-09-02T07:34:18.957232+07:00,c9_sim,129,4.511,23.027,10.701,21.065,0.026,59.330
2026-09-02T07:34:19.062557+07:00,c9_sim,130,4.629,25.944,10.862,20.900,0.022,62.356
2026-09-02T07:34:19.158922+07:00,c9_sim,131,5.008,16.429,11.569,19.183,0.029,52.217
2026-09-02T07:34:19.258867+07:00,c9_sim,132,4.993,18.169,13.852,19.673,0.027,56.713
2026-09-02T07:34:19.378025+07:00,c9_sim,133,4.893,28.575,13.375,23.550,0.026,70.419
2026-09-02T07:34:19.476622+07:00,c9_sim,134,5.137,18.873,12.720,18.542,0.022,55.294
2026-09-02T07:34:19.571344+07:00,c9_sim,135,4.829,15.537,11.859,18.537,0.024,50.785
2026-09-02T07:34:19.674799+07:00,c9_sim,136,4.876,17.988,12.238,19.881,0.025,55.008
2026-09-02T07:34:19.783143+07:00,c9_sim,137,4.923,20.791,12.588,21.235,0.029,59.566
2026-09-02T07:34:19.897149+07:00,c9_sim,138,4.881,27.923,12.309,20.163,0.021,65.297
2026-09-02T07:34:19.991417+07:00,c9_sim,139,5.321,13.946,12.280,18.084,0.023,49.654
2026-09-02T07:34:20.085935+07:00,c9_sim,140,5.140,15.311,12.787,18.492,0.022,51.752
2026-09-02T07:34:20.187415+07:00,c9_sim,141,4.942,17.181,12.442,18.704,0.025,53.294
2026-09-02T07:34:20.290065+07:00,c9_sim,142,4.998,19.711,12.723,19.000,0.023,56.455
2026-09-02T07:34:20.405030+07:00,c9_sim,143,5.008,25.654,12.031,23.439,0.027,66.159
2026-09-02T07:34:20.519601+07:00,c9_sim,144,4.971,28.000,12.180,23.305,0.032,68.488
2026-09-02T07:34:20.726794+07:00,c9_sim,145,4.893,26.740,38.799,113.659,0.030,184.120
2026-09-02T07:34:20.784912+07:00,c9_sim,146,49.141,21.398,14.978,20.373,0.023,105.913
2026-09-02T07:34:20.857928+07:00,c9_sim,147,6.295,20.634,11.746,39.478,0.058,78.210
2026-09-02T07:34:20.941342+07:00,c9_sim,148,9.521,38.343,16.522,26.626,0.041,91.052
2026-09-02T07:34:21.026873+07:00,c9_sim,149,6.004,18.944,13.653,27.646,0.032,66.279
2026-09-02T07:34:21.186334+07:00,c9_sim,150,5.588,50.846,20.141,37.185,0.251,114.011
2026-09-02T07:34:21.267766+07:00,c9_sim,151,10.008,33.306,14.897,26.460,0.081,84.751
2026-09-02T07:34:21.336817+07:00,c9_sim,152,5.673,34.570,12.380,20.360,0.031,73.015
2026-09-02T07:34:21.455583+07:00,c9_sim,153,5.226,30.274,13.498,28.916,0.053,77.967
2026-09-02T07:34:21.554959+07:00,c9_sim,154,4.948,30.414,13.228,29.123,0.026,77.740
2026-09-02T07:34:21.641399+07:00,c9_sim,155,4.752,27.273,11.370,23.472,0.033,66.900
2026-09-02T07:34:21.760607+07:00,c9_sim,156,4.797,30.204,14.056,26.554,0.039,75.651
2026-09-02T07:34:21.837970+07:00,c9_sim,157,5.029,13.590,15.097,21.814,0.028,55.559
2026-09-02T07:34:21.944116+07:00,c9_sim,158,5.267,22.336,11.996,20.417,0.069,60.086
2026-09-02T07:34:22.055163+07:00,c9_sim,159,4.769,25.299,13.271,23.413,0.034,66.785
2026-09-02T07:34:22.174951+07:00,c9_sim,160,4.889,29.344,13.159,27.583,0.038,75.015
2026-09-02T07:34:22.259854+07:00,c9_sim,161,4.893,27.124,11.985,18.347,0.022,62.371
2026-09-02T07:34:22.357144+07:00,c9_sim,162,4.841,14.363,12.571,18.089,0.020,49.884
2026-09-02T07:34:22.449344+07:00,c9_sim,163,4.991,15.567,12.474,18.739,0.024,51.796
2026-09-02T07:34:22.574208+07:00,c9_sim,164,4.992,18.611,12.295,19.204,0.021,55.122
2026-09-02T07:34:22.687508+07:00,c9_sim,165,5.006,26.206,12.228,23.544,0.027,67.012
2026-09-02T07:34:22.777408+07:00,c9_sim,166,4.752,26.449,12.263,23.348,0.027,66.839
2026-09-02T07:34:22.871349+07:00,c9_sim,167,4.964,13.120,12.046,18.197,0.026,48.353
2026-09-02T07:34:22.972933+07:00,c9_sim,168,5.287,17.057,11.973,19.337,0.026,53.680
2026-09-02T07:34:23.074326+07:00,c9_sim,169,4.812,16.906,12.463,18.376,0.021,52.578
2026-09-02T07:34:23.176498+07:00,c9_sim,170,5.089,17.613,12.636,18.492,0.024,53.854
2026-09-02T07:34:23.282164+07:00,c9_sim,171,4.924,21.405,12.547,21.064,0.044,59.984
2026-09-02T07:34:23.402186+07:00,c9_sim,172,5.195,32.027,13.169,22.694,0.033,73.118
2026-09-02T07:34:23.512719+07:00,c9_sim,173,5.354,27.094,12.789,20.816,0.022,66.074
2026-09-02T07:34:23.584107+07:00,c9_sim,174,4.969,13.749,12.231,18.297,0.022,49.269
2026-09-02T07:34:23.704952+07:00,c9_sim,175,4.603,14.622,11.104,18.982,0.027,49.339
2026-09-02T07:34:23.802295+07:00,c9_sim,176,4.712,17.211,12.710,19.191,0.022,53.846
2026-09-02T07:34:23.908715+07:00,c9_sim,177,4.997,20.067,12.668,22.601,0.039,60.373
2026-09-02T07:34:24.026649+07:00,c9_sim,178,5.303,35.768,11.418,19.102,0.025,71.617
2026-09-02T07:34:24.103281+07:00,c9_sim,179,4.836,13.515,12.517,21.051,0.023,51.942
2026-09-02T07:34:24.206998+07:00,c9_sim,180,5.249,19.363,12.850,18.656,0.023,56.140
2026-09-02T07:34:24.327041+07:00,c9_sim,181,4.980,28.301,13.182,25.312,0.034,71.810
2026-09-02T07:34:24.427897+07:00,c9_sim,182,4.862,17.161,12.120,19.956,0.029,54.128
2026-09-02T07:34:24.526154+07:00,c9_sim,183,4.939,17.532,11.864,19.247,0.028,53.609
2026-09-02T07:34:24.631411+07:00,c9_sim,184,5.177,20.520,13.095,20.204,0.028,59.025
2026-09-02T07:34:24.745565+07:00,c9_sim,185,4.981,27.037,11.937,21.454,0.021,65.430
2026-09-02T07:34:24.818611+07:00,c9_sim,186,4.849,15.050,11.989,18.189,0.022,50.099
2026-09-02T07:34:24.949185+07:00,c9_sim,187,4.783,15.132,14.226,21.752,0.030,55.924
2026-09-02T07:34:25.042912+07:00,c9_sim,188,4.466,19.319,13.098,18.003,0.023,54.909
2026-09-02T07:34:25.147084+07:00,c9_sim,189,4.529,24.532,11.227,18.202,0.023,58.513
2026-09-02T07:34:25.279582+07:00,c9_sim,190,4.535,38.385,13.757,24.844,0.024,81.544
2026-09-02T07:34:25.358381+07:00,c9_sim,191,4.537,21.387,12.174,20.812,0.043,58.952
2026-09-02T07:34:25.457596+07:00,c9_sim,192,4.977,19.540,12.296,20.317,0.033,57.164
2026-09-02T07:34:25.571127+07:00,c9_sim,193,5.052,29.570,12.620,23.651,0.034,70.927
2026-09-02T07:34:25.660789+07:00,c9_sim,194,4.872,26.651,12.253,23.187,0.023,66.986
2026-09-02T07:34:25.761190+07:00,c9_sim,195,4.948,14.888,12.849,18.743,0.025,51.453
2026-09-02T07:34:25.862938+07:00,c9_sim,196,4.897,15.319,13.099,19.582,0.031,52.927
2026-09-02T07:34:25.965348+07:00,c9_sim,197,5.148,16.514,12.803,19.753,0.032,54.250
2026-09-02T07:34:26.071064+07:00,c9_sim,198,4.888,21.497,12.207,20.043,0.029,58.665
2026-09-02T07:34:26.187675+07:00,c9_sim,199,4.993,26.595,12.585,23.863,0.034,68.070
2026-09-02T07:34:26.277387+07:00,c9_sim,200,4.837,26.878,11.794,23.435,0.030,66.975
2026-09-02T07:34:26.369482+07:00,c9_sim,201,4.843,13.245,11.875,18.188,0.021,48.171
2026-09-02T07:34:26.469200+07:00,c9_sim,202,4.718,14.948,12.101,19.442,0.027,51.236
2026-09-02T07:34:26.594940+07:00,c9_sim,203,4.869,16.545,12.700,18.565,0.024,52.703
2026-09-02T07:34:26.694954+07:00,c9_sim,204,4.656,18.338,11.451,18.351,0.035,52.832
2026-09-02T07:34:26.809034+07:00,c9_sim,205,4.620,24.499,13.032,23.561,0.030,65.742
2026-09-02T07:34:26.956233+07:00,c9_sim,206,5.170,27.705,12.617,22.802,0.023,68.317
2026-09-02T07:34:27.007993+07:00,c9_sim,207,4.769,21.973,10.819,17.969,0.022,55.554
2026-09-02T07:34:27.099558+07:00,c9_sim,208,4.538,13.053,10.815,18.108,0.024,46.538
2026-09-02T07:34:27.190234+07:00,c9_sim,209,4.518,14.086,10.859,18.504,0.026,47.994
2026-09-02T07:34:27.308380+07:00,c9_sim,210,4.909,14.715,10.724,17.581,0.023,47.952
2026-09-02T07:34:27.407856+07:00,c9_sim,211,4.556,17.515,11.227,19.074,0.026,52.398
2026-09-02T07:34:27.513066+07:00,c9_sim,212,4.579,22.544,12.798,20.298,0.036,60.255
2026-09-02T07:34:27.630989+07:00,c9_sim,213,5.131,28.307,15.451,25.181,0.044,74.114
2026-09-02T07:34:27.787609+07:00,c9_sim,214,12.257,35.487,19.472,52.046,0.032,119.294
2026-09-02T07:34:27.873052+07:00,c9_sim,215,9.141,29.625,20.213,34.023,0.034,93.036
2026-09-02T07:34:27.939894+07:00,c9_sim,216,8.116,26.062,14.885,24.245,0.035,73.343
2026-09-02T07:34:28.033411+07:00,c9_sim,217,5.036,27.598,13.443,24.673,0.042,70.791
2026-09-02T07:34:28.151709+07:00,c9_sim,218,5.251,27.299,13.700,24.323,0.034,70.607
2026-09-02T07:34:28.244517+07:00,c9_sim,219,4.686,28.214,13.370,23.434,0.039,69.742
2026-09-02T07:34:28.397905+07:00,c9_sim,220,5.030,69.972,11.820,18.071,0.024,104.917
2026-09-02T07:34:28.441671+07:00,c9_sim,221,4.643,12.882,11.758,18.112,0.020,47.416
2026-09-02T07:34:28.539600+07:00,c9_sim,222,4.496,15.891,11.685,18.404,0.025,50.501
2026-09-02T07:34:28.641991+07:00,c9_sim,223,4.488,20.117,11.594,18.215,0.022,54.435
2026-09-02T07:34:28.774335+07:00,c9_sim,224,4.561,24.408,13.003,22.357,0.029,64.358
2026-09-02T07:34:28.860846+07:00,c9_sim,225,4.762,26.493,12.784,22.536,0.018,66.592
2026-09-02T07:34:28.957421+07:00,c9_sim,226,4.848,13.988,12.707,18.742,0.027,50.311
2026-09-02T07:34:29.061115+07:00,c9_sim,227,4.584,18.045,13.902,19.956,0.027,56.514
2026-09-02T07:34:29.163600+07:00,c9_sim,228,4.616,19.559,12.637,20.450,0.041,57.303
2026-09-02T07:34:29.278239+07:00,c9_sim,229,4.788,31.414,13.271,19.354,0.026,68.854
2026-09-02T07:34:29.377857+07:00,c9_sim,230,4.829,13.795,14.254,18.839,0.025,51.742
2026-09-02T07:34:29.479965+07:00,c9_sim,231,4.845,16.592,13.424,18.854,0.027,53.743
2026-09-02T07:34:29.584569+07:00,c9_sim,232,4.782,18.476,13.238,19.702,0.044,56.242
2026-09-02T07:34:29.696066+07:00,c9_sim,233,4.799,23.713,13.352,20.505,0.020,62.388
2026-09-02T07:34:29.796854+07:00,c9_sim,234,5.119,14.718,13.272,19.425,0.023,52.557
2026-09-02T07:34:29.896751+07:00,c9_sim,235,4.790,14.473,13.089,18.604,0.021,50.978
2026-09-02T07:34:29.997429+07:00,c9_sim,236,4.666,16.055,12.553,18.561,0.025,51.859
2026-09-02T07:34:30.104442+07:00,c9_sim,237,4.561,21.012,13.308,19.421,0.025,58.327
2026-09-02T07:34:30.221414+07:00,c9_sim,238,4.723,26.617,13.473,23.563,0.029,68.404
2026-09-02T07:34:30.311014+07:00,c9_sim,239,4.757,26.307,13.427,22.266,0.020,66.776
2026-09-02T07:34:30.410888+07:00,c9_sim,240,4.821,14.118,14.177,18.554,0.021,51.692
2026-09-02T07:34:30.520841+07:00,c9_sim,241,4.886,17.030,13.900,25.531,0.034,61.380
2026-09-02T07:34:30.624422+07:00,c9_sim,242,4.965,19.434,13.297,21.107,0.026,58.829
2026-09-02T07:34:30.715666+07:00,c9_sim,243,4.719,26.889,14.670,23.296,0.043,69.617
2026-09-02T07:34:30.833815+07:00,c9_sim,244,4.835,27.135,13.226,24.045,0.030,69.271
2026-09-02T07:34:30.926212+07:00,c9_sim,245,4.865,26.764,14.129,23.883,0.033,69.674
2026-09-02T07:34:31.023146+07:00,c9_sim,246,4.870,14.989,12.532,20.212,0.030,52.632
2026-09-02T07:34:31.120238+07:00,c9_sim,247,4.678,16.393,13.269,19.212,0.027,53.579
2026-09-02T07:34:31.227833+07:00,c9_sim,248,4.743,19.534,14.970,19.772,0.113,59.132
2026-09-02T07:34:31.341726+07:00,c9_sim,249,4.764,22.695,14.707,22.594,0.027,64.787
2026-09-02T07:34:31.454080+07:00,c9_sim,250,4.867,27.301,12.190,23.499,0.028,67.885
2026-09-02T07:34:31.544349+07:00,c9_sim,251,4.859,26.545,14.102,22.079,0.025,67.609
2026-09-02T07:34:31.638569+07:00,c9_sim,252,4.761,13.434,13.471,18.491,0.020,50.177
2026-09-02T07:34:31.740347+07:00,c9_sim,253,4.596,15.872,13.989,18.544,0.021,53.021
2026-09-02T07:34:31.841853+07:00,c9_sim,254,4.774,16.518,12.457,18.725,0.021,52.495
2026-09-02T07:34:31.943338+07:00,c9_sim,255,4.719,17.406,12.591,18.472,0.020,53.208
2026-09-02T07:34:32.054206+07:00,c9_sim,256,4.759,22.774,13.235,21.322,0.032,62.123
2026-09-02T07:34:32.170838+07:00,c9_sim,257,4.682,26.703,13.080,23.563,0.027,68.055
2026-09-02T07:34:32.223827+07:00,c9_sim,258,5.263,26.218,0.000,0.000,0.008,31.489
2026-09-02T07:34:32.372500+07:00,c8_sim,57,4.957,29.231,17.194,0.000,0.026,51.409
2026-09-02T07:34:32.442677+07:00,c8_sim,58,5.434,28.005,13.668,0.004,0.152,47.263
2026-09-02T07:34:32.523420+07:00,c8_sim,59,5.868,27.951,0.000,0.000,0.011,33.830
2026-09-02T07:34:32.621821+07:00,c8_sim,60,7.676,29.164,15.255,0.004,0.017,52.116
2026-09-02T07:34:32.723546+07:00,c8_sim,61,8.919,32.677,14.707,0.003,0.015,56.321
2026-09-02T07:34:32.778182+07:00,c8_sim,62,7.242,28.448,0.000,0.000,0.011,35.700
2026-09-02T07:34:32.887978+07:00,c8_sim,63,8.832,34.939,0.000,0.000,0.022,43.793
2026-09-02T07:34:32.974102+07:00,c8_sim,64,8.823,33.841,0.000,0.000,0.439,43.103
2026-09-02T07:34:33.049648+07:00,c8_sim,65,7.642,31.109,15.897,0.005,0.058,54.712
2026-09-02T07:34:33.130859+07:00,c8_sim,66,7.732,28.280,0.000,0.000,0.014,36.026
2026-09-02T07:34:33.232135+07:00,c8_sim,67,9.706,33.155,14.826,0.006,0.022,57.715
2026-09-02T07:34:33.330173+07:00,c8_sim,68,8.509,28.765,14.583,0.005,0.168,52.031
2026-09-02T07:34:33.384951+07:00,c8_sim,69,6.821,27.933,0.000,0.000,0.009,34.764
2026-09-02T07:34:33.483919+07:00,c8_sim,70,8.611,29.786,15.771,0.004,0.014,54.187
2026-09-02T07:34:33.565998+07:00,c8_sim,71,8.998,29.426,0.000,0.000,0.012,38.436
2026-09-02T07:34:33.671751+07:00,c8_sim,72,6.825,31.927,19.370,0.000,0.008,58.130
2026-09-02T07:34:33.725684+07:00,c8_sim,73,8.041,27.125,0.000,0.000,0.007,35.173
2026-09-02T07:34:33.852562+07:00,c8_sim,74,9.237,34.083,18.111,0.004,0.166,61.602
2026-09-02T07:34:33.907374+07:00,c8_sim,75,6.823,27.863,0.000,0.000,0.015,34.701
2026-09-02T07:34:34.008212+07:00,c8_sim,76,8.467,30.996,15.432,0.005,0.181,55.081
2026-09-02T07:34:34.105534+07:00,c8_sim,77,7.370,28.767,14.252,0.006,0.203,50.598
2026-09-02T07:34:34.175049+07:00,c8_sim,78,6.956,13.756,11.544,18.189,0.070,50.515
2026-09-02T07:34:34.265612+07:00,c8_sim,79,6.658,13.769,11.793,19.081,0.110,51.410
2026-09-02T07:34:34.363006+07:00,c8_sim,80,7.249,16.388,13.051,19.312,0.015,56.015
2026-09-02T07:34:34.445845+07:00,c8_sim,81,6.786,22.137,13.060,20.388,0.018,62.390
2026-09-02T07:34:34.535631+07:00,c8_sim,82,6.950,24.553,13.593,24.064,0.025,69.185
2026-09-02T07:34:34.604597+07:00,c8_sim,83,6.879,27.876,13.387,0.005,0.018,48.164
2026-09-02T07:34:34.723858+07:00,c8_sim,84,7.153,27.849,13.388,24.460,0.017,72.865
2026-09-02T07:34:34.784506+07:00,c8_sim,85,6.611,25.487,11.603,22.231,0.029,65.961
2026-09-02T07:34:34.875604+07:00,c8_sim,86,6.875,26.398,12.705,23.816,0.020,69.813
2026-09-02T07:34:34.967180+07:00,c8_sim,87,6.819,26.579,13.211,24.075,0.028,70.713
2026-09-02T07:34:35.020606+07:00,c8_sim,88,6.876,26.542,0.000,0.000,0.013,33.431
2026-09-02T07:34:35.137319+07:00,c8_sim,89,6.888,27.119,12.783,23.436,0.024,70.249
2026-09-02T07:34:35.230773+07:00,c8_sim,90,6.828,27.139,15.185,23.668,0.017,72.837
2026-09-02T07:34:35.310512+07:00,c8_sim,91,6.486,24.582,11.156,20.944,0.017,63.186
2026-09-02T07:34:35.380842+07:00,c8_sim,92,6.595,13.306,12.137,18.372,0.016,50.425
2026-09-02T07:34:35.477968+07:00,c8_sim,93,6.871,14.832,13.059,18.851,0.015,53.628
2026-09-02T07:34:35.554544+07:00,c8_sim,94,6.876,16.392,12.987,19.820,0.018,56.094
2026-09-02T07:34:35.665123+07:00,c8_sim,95,6.895,21.313,12.558,23.133,0.020,63.918
2026-09-02T07:34:35.742500+07:00,c8_sim,96,6.654,19.232,11.897,19.569,0.027,57.379
2026-09-02T07:34:35.828249+07:00,c8_sim,97,6.735,23.165,12.514,23.031,0.026,65.471
2026-09-02T07:34:35.902207+07:00,c8_sim,98,7.011,14.222,13.735,19.785,0.027,54.780
2026-09-02T07:34:35.976879+07:00,c8_sim,99,7.078,14.911,12.608,19.863,0.029,54.489
2026-09-02T07:34:36.082375+07:00,c8_sim,100,7.123,19.281,13.417,19.921,0.031,59.773
2026-09-02T07:34:36.150543+07:00,c8_sim,101,7.068,26.699,13.304,0.005,0.020,47.095
2026-09-02T07:34:36.262535+07:00,c8_sim,102,6.931,27.420,14.138,21.199,0.023,69.710
2026-09-02T07:34:36.334236+07:00,c8_sim,103,6.927,14.598,13.195,18.716,0.026,53.462
2026-09-02T07:34:36.407725+07:00,c8_sim,104,6.896,15.187,12.463,18.485,0.022,53.054
2026-09-02T07:34:36.509858+07:00,c8_sim,105,6.868,17.516,13.225,19.449,0.026,57.084
2026-09-02T07:34:36.597565+07:00,c8_sim,106,6.833,21.539,13.548,24.869,0.052,66.842
2026-09-02T07:34:36.683199+07:00,c8_sim,107,7.258,25.795,14.474,21.799,0.048,69.374
2026-09-02T07:34:36.770094+07:00,c8_sim,108,7.398,26.665,13.016,23.778,0.032,70.889
2026-09-02T07:34:36.895468+07:00,c8_sim,109,6.865,26.511,12.633,58.572,0.054,104.635
2026-09-02T07:34:36.971272+07:00,c8_sim,110,6.948,14.725,14.013,18.707,0.024,54.417
2026-09-02T07:34:37.014825+07:00,c8_sim,111,6.693,12.435,12.395,17.731,0.020,49.274
2026-09-02T07:34:37.119923+07:00,c8_sim,112,6.670,20.413,13.350,18.599,0.024,59.056
2026-09-02T07:34:37.205229+07:00,c8_sim,113,7.583,22.204,13.480,22.147,0.031,65.447
2026-09-02T07:34:37.295467+07:00,c8_sim,114,7.097,26.771,13.964,21.641,0.021,69.493
2026-09-02T07:34:37.367094+07:00,c8_sim,115,6.972,13.581,12.743,18.377,0.021,51.693
2026-09-02T07:34:37.463191+07:00,c8_sim,116,7.334,15.018,12.529,18.580,0.020,53.481
2026-09-02T07:34:37.542341+07:00,c8_sim,117,7.082,19.454,13.473,19.266,0.033,59.308
2026-09-02T07:34:37.628075+07:00,c8_sim,118,6.725,24.296,12.770,23.291,0.028,67.110
2026-09-02T07:34:37.702539+07:00,c8_sim,119,7.114,15.365,13.376,19.318,0.027,55.201
2026-09-02T07:34:37.802666+07:00,c8_sim,120,6.962,17.197,13.183,19.603,0.023,56.968
2026-09-02T07:34:37.882729+07:00,c8_sim,121,7.219,18.187,13.506,21.185,0.041,60.138
2026-09-02T07:34:38.016447+07:00,c8_sim,122,7.838,27.421,15.478,38.003,0.037,88.776
2026-09-02T07:34:38.096859+07:00,c8_sim,123,7.657,36.138,15.662,25.793,0.030,85.281
2026-09-02T07:34:38.243069+07:00,c8_sim,124,8.032,14.356,12.218,117.564,0.098,152.268
2026-09-02T07:34:38.306955+07:00,c8_sim,125,17.942,29.465,12.197,19.963,0.024,79.590
2026-09-02T07:34:38.362272+07:00,c8_sim,126,19.226,22.922,12.320,18.918,0.021,73.409
2026-09-02T07:34:38.404283+07:00,c8_sim,127,6.674,11.759,11.393,17.927,0.021,47.775
2026-09-02T07:34:38.442940+07:00,c8_sim,128,6.866,12.876,0.000,0.000,0.010,19.752
2026-09-02T07:34:38.553333+07:00,c10_sim,1,5.847,16.623,0.000,0.000,0.005,22.476
2026-09-02T07:34:38.713899+07:00,c10_sim,2,6.653,33.317,0.000,0.000,0.008,39.977
2026-09-02T07:34:38.840761+07:00,c10_sim,3,8.306,30.991,0.000,0.000,0.010,39.307
2026-09-02T07:34:38.996847+07:00,c10_sim,4,10.563,38.707,0.000,0.000,0.012,49.282
2026-09-02T07:34:39.141462+07:00,c10_sim,5,10.513,31.619,0.000,0.000,0.013,42.144
2026-09-02T07:34:39.297421+07:00,c10_sim,6,7.323,36.025,0.000,0.000,0.011,43.359
2026-09-02T07:34:39.473410+07:00,c10_sim,7,9.738,35.894,11.443,26.719,0.145,83.940
2026-09-02T07:34:39.641700+07:00,c10_sim,8,6.473,34.181,17.627,27.428,0.142,85.851
2026-09-02T07:34:39.762097+07:00,c10_sim,9,6.257,33.671,16.697,23.655,0.095,80.376
2026-09-02T07:34:39.888568+07:00,c10_sim,10,5.989,16.249,12.995,19.723,0.074,55.030
2026-09-02T07:34:40.027829+07:00,c10_sim,11,6.142,23.825,13.153,23.630,0.020,66.771
2026-09-02T07:34:40.182078+07:00,c10_sim,12,6.373,16.664,14.437,18.629,0.018,56.121
2026-09-02T07:34:40.344783+07:00,c10_sim,13,6.409,28.419,16.460,40.583,0.104,91.975
2026-09-02T07:34:40.461735+07:00,c10_sim,14,6.075,14.630,13.255,35.376,0.061,69.397
2026-09-02T07:34:40.621908+07:00,c10_sim,15,6.106,22.840,13.316,44.805,0.080,87.148
2026-09-02T07:34:40.777429+07:00,c10_sim,16,5.704,26.172,12.318,39.439,0.019,83.652
2026-09-02T07:34:40.888142+07:00,c10_sim,17,5.877,13.531,13.693,34.547,0.016,67.665
2026-09-02T07:34:41.077937+07:00,c10_sim,18,5.956,27.179,13.526,44.867,0.105,91.632
2026-09-02T07:34:41.188405+07:00,c10_sim,19,6.170,14.062,13.031,35.772,0.063,69.099
2026-09-02T07:34:41.362568+07:00,c10_sim,20,5.954,27.162,13.437,37.000,0.016,83.568
2026-09-02T07:34:41.476364+07:00,c10_sim,21,6.266,13.167,13.321,34.757,0.017,67.527
2026-09-02T07:34:41.620031+07:00,c10_sim,22,6.062,17.344,12.762,35.210,0.071,71.449
2026-09-02T07:34:41.763367+07:00,c10_sim,23,5.707,18.284,12.627,36.739,0.127,73.484
2026-09-02T07:34:41.913826+07:00,c10_sim,24,6.210,25.090,13.884,36.175,0.105,81.464
2026-09-02T07:34:42.059687+07:00,c10_sim,25,6.122,15.491,13.854,37.420,0.026,72.913
2026-09-02T07:34:42.204647+07:00,c10_sim,26,6.069,17.253,13.461,36.020,0.033,72.836
2026-09-02T07:34:42.358194+07:00,c10_sim,27,5.968,21.346,13.082,40.658,0.028,81.083
2026-09-02T07:34:42.513620+07:00,c10_sim,28,5.918,27.651,12.925,36.111,0.023,82.628
2026-09-02T07:34:42.629863+07:00,c10_sim,29,6.361,13.730,13.404,36.409,0.028,69.932
2026-09-02T07:34:42.774564+07:00,c10_sim,30,5.980,16.662,13.593,35.850,0.036,72.121
2026-09-02T07:34:42.924058+07:00,c10_sim,31,5.907,19.263,13.495,38.235,0.126,77.026
2026-09-02T07:34:43.078524+07:00,c10_sim,32,5.962,25.038,13.057,39.732,0.028,83.816
2026-09-02T07:34:43.222654+07:00,c10_sim,33,6.176,15.810,12.900,36.320,0.104,71.311
2026-09-02T07:34:43.367235+07:00,c10_sim,34,5.948,17.219,12.768,36.552,0.027,72.515
2026-09-02T07:34:43.526628+07:00,c10_sim,35,5.936,22.715,13.068,44.610,0.152,86.482
2026-09-02T07:34:43.638615+07:00,c10_sim,36,5.973,14.358,12.335,36.273,0.024,68.963
2026-09-02T07:34:43.782772+07:00,c10_sim,37,6.199,16.241,13.656,35.637,0.026,71.759
2026-09-02T07:34:43.927756+07:00,c10_sim,38,6.094,17.996,12.890,37.694,0.033,74.706
2026-09-02T07:34:44.063239+07:00,c10_sim,39,6.057,24.069,11.745,21.363,0.022,63.257
2026-09-02T07:34:44.227544+07:00,c10_sim,40,5.842,25.890,12.540,23.187,0.023,67.483
2026-09-02T07:34:44.349100+07:00,c10_sim,41,5.988,15.720,12.301,18.621,0.022,52.651
2026-09-02T07:34:44.536336+07:00,c10_sim,42,7.126,23.632,17.468,42.437,0.036,90.698
2026-09-02T07:34:44.666632+07:00,c10_sim,43,6.063,21.740,14.619,42.121,0.047,84.589
2026-09-02T07:34:44.829255+07:00,c10_sim,44,6.403,27.377,14.029,41.657,0.027,89.494
2026-09-02T07:34:44.927761+07:00,c10_sim,45,6.108,13.767,13.108,19.028,0.022,52.032
2026-09-02T07:34:45.068433+07:00,c10_sim,46,5.993,27.415,12.685,0.004,0.017,46.113
2026-09-02T07:34:45.191382+07:00,c10_sim,47,6.373,27.148,0.000,0.000,0.013,33.533
2026-09-02T07:34:45.341432+07:00,c10_sim,48,6.288,26.689,0.000,0.000,0.017,32.994
2026-09-02T07:34:45.512685+07:00,c10_sim,49,7.725,25.206,23.545,0.006,0.027,56.509
2026-09-02T07:34:45.622487+07:00,c10_sim,50,8.739,33.273,0.000,0.000,0.023,42.034
2026-09-02T07:34:45.797862+07:00,c10_sim,51,9.288,35.651,22.114,0.005,0.018,67.077
2026-09-02T07:34:45.950869+07:00,c10_sim,52,8.523,36.547,21.312,0.006,0.020,66.408
2026-09-02T07:34:46.074977+07:00,c10_sim,53,8.374,33.966,19.590,0.006,0.020,61.956
2026-09-02T07:34:46.230592+07:00,c10_sim,54,9.784,33.982,19.787,0.005,0.019,63.577
2026-09-02T07:34:46.380118+07:00,c10_sim,55,9.914,33.156,19.273,0.005,0.019,62.367
2026-09-02T07:34:46.516053+07:00,c10_sim,56,12.719,35.816,0.000,0.000,0.025,48.561
2026-09-02T07:34:46.664722+07:00,c10_sim,57,15.578,32.952,20.443,0.004,0.015,68.992
2026-09-02T07:34:46.775114+07:00,c10_sim,58,10.409,32.745,0.000,0.000,0.024,43.177
2026-09-02T07:34:46.975159+07:00,c12_sim,1,6.670,33.470,12.132,27.335,0.101,79.708
2026-09-02T07:34:47.116249+07:00,c12_sim,2,6.246,29.676,14.784,24.165,0.073,74.945
2026-09-02T07:34:47.228746+07:00,c12_sim,3,5.280,27.752,12.877,21.463,0.016,67.387
2026-09-02T07:34:47.342308+07:00,c12_sim,4,7.212,19.639,0.000,0.000,0.010,26.861
2026-09-02T07:34:47.539340+07:00,c12_sim,5,11.460,29.145,21.973,21.245,0.015,83.838
2026-09-02T07:34:47.655615+07:00,c12_sim,6,6.505,28.682,12.605,23.640,0.023,71.455
2026-09-02T07:34:47.804322+07:00,c12_sim,7,6.505,34.553,14.413,23.467,0.021,78.959
2026-09-02T07:34:47.950211+07:00,c12_sim,8,5.847,36.323,13.174,21.412,0.056,76.812
2026-09-02T07:34:48.029616+07:00,c12_sim,9,6.420,15.227,13.839,0.000,0.013,35.500
2026-09-02T07:34:48.219484+07:00,c12_sim,10,10.564,25.707,19.305,20.856,0.052,76.485
2026-09-02T07:34:48.348049+07:00,c12_sim,11,7.577,20.166,15.125,20.253,0.056,63.178
2026-09-02T07:34:48.494489+07:00,c12_sim,12,6.978,30.275,15.549,22.765,0.047,75.614
2026-09-02T07:34:48.622346+07:00,c12_sim,13,5.814,18.833,16.483,19.189,0.019,60.337
2026-09-02T07:34:48.749079+07:00,c12_sim,14,5.737,17.309,12.843,19.193,0.017,55.099
2026-09-02T07:34:48.913266+07:00,c12_sim,15,6.803,28.454,16.616,19.405,0.015,71.292
2026-09-02T07:34:49.045958+07:00,c12_sim,16,6.844,20.579,14.196,20.567,0.016,62.201
2026-09-02T07:34:49.176469+07:00,c12_sim,17,6.139,22.177,14.913,18.843,0.016,62.088
2026-09-02T07:34:49.313514+07:00,c12_sim,18,7.409,28.624,14.993,21.147,0.023,72.197
2026-09-02T07:34:49.461302+07:00,c12_sim,19,7.410,30.002,16.201,23.516,0.026,77.154
2026-09-02T07:34:49.583802+07:00,c12_sim,20,6.776,18.862,11.287,18.168,0.018,55.111
2026-09-02T07:34:49.745648+07:00,c12_sim,21,7.439,30.098,15.523,20.912,0.016,73.988
2026-09-02T07:34:49.843694+07:00,c12_sim,22,6.789,17.492,12.715,18.358,0.017,55.372
2026-09-02T07:34:49.966621+07:00,c12_sim,23,7.412,21.088,0.000,0.000,0.233,28.733
2026-09-02T07:34:50.115001+07:00,c12_sim,24,7.794,29.516,0.000,0.000,0.031,37.342
2026-09-02T07:34:50.249197+07:00,c12_sim,25,7.525,32.919,0.000,0.000,0.023,40.468
2026-09-02T07:34:50.429367+07:00,c12_sim,26,8.511,34.175,26.455,0.000,0.009,69.150
2026-09-02T07:34:50.585875+07:00,c12_sim,27,8.537,34.548,20.670,24.795,0.093,88.643
2026-09-02T07:34:50.706562+07:00,c12_sim,28,5.418,29.533,14.489,24.492,0.126,74.058
2026-09-02T07:34:50.813823+07:00,c12_sim,29,5.969,31.539,0.000,0.000,0.017,37.524
2026-09-02T07:34:50.994970+07:00,c12_sim,30,9.843,35.183,22.645,23.706,0.016,91.394
2026-09-02T07:34:51.062354+07:00,c12_sim,31,6.703,16.334,0.000,0.000,0.011,23.049
2026-09-02T07:34:51.224349+07:00,c11_sim,1,6.331,24.348,0.000,0.000,0.015,30.694
2026-09-02T07:34:51.355135+07:00,c11_sim,2,9.456,35.899,0.000,0.000,0.014,45.369
2026-09-02T07:34:51.485629+07:00,c11_sim,3,12.148,34.365,0.000,0.000,0.013,46.525
2026-09-02T07:34:51.610085+07:00,c11_sim,4,14.898,34.152,0.000,0.000,0.014,49.065
2026-09-02T07:34:51.756615+07:00,c11_sim,5,12.053,34.083,11.267,29.525,0.098,87.025
2026-09-02T07:34:51.873178+07:00,c11_sim,6,7.724,28.882,15.138,25.283,0.085,77.112
2026-09-02T07:34:51.983550+07:00,c11_sim,7,6.381,27.873,14.228,21.116,0.017,69.614
2026-09-02T07:34:52.048121+07:00,c11_sim,8,7.224,14.231,0.000,0.000,0.012,21.467
2026-09-02T07:34:52.190177+07:00,c11_sim,9,6.476,20.267,0.000,0.000,0.011,26.755
2026-09-02T07:34:52.359835+07:00,c11_sim,10,12.388,35.067,20.138,22.425,0.017,90.034
2026-09-02T07:34:52.431270+07:00,c11_sim,11,7.243,14.145,12.508,18.728,0.045,52.668
2026-09-02T07:34:52.557076+07:00,c11_sim,12,7.548,17.490,13.405,18.754,0.019,57.215
2026-09-02T07:34:52.681075+07:00,c11_sim,13,8.319,19.403,13.136,19.197,0.016,60.071
2026-09-02T07:34:52.813062+07:00,c11_sim,14,6.903,23.210,13.377,19.215,0.019,62.725
2026-09-02T07:34:52.921454+07:00,c11_sim,15,6.485,24.514,11.233,21.871,0.019,64.122
2026-09-02T07:34:53.060616+07:00,c11_sim,16,6.776,26.969,13.311,22.204,0.018,69.279
2026-09-02T07:34:53.160040+07:00,c11_sim,17,7.006,16.278,13.128,18.561,0.017,54.990
2026-09-02T07:34:53.242898+07:00,c11_sim,18,6.243,12.427,0.000,0.000,0.009,18.678
2026-09-02T07:34:53.391473+07:00,c11_sim,19,5.799,25.263,0.000,0.000,0.009,31.070
2026-09-02T07:34:53.521811+07:00,c11_sim,20,8.522,33.231,0.000,0.000,0.019,41.771
2026-09-02T07:34:53.648120+07:00,c11_sim,21,15.311,33.295,0.000,0.000,0.025,48.631
2026-09-02T07:34:53.747542+07:00,c11_sim,22,12.121,29.540,0.000,0.000,0.023,41.683
2026-09-02T07:34:53.872940+07:00,c11_sim,23,15.432,32.159,0.000,0.000,0.024,47.615
2026-09-02T07:34:54.003909+07:00,c11_sim,24,12.651,39.494,0.000,0.000,0.025,52.170
2026-09-02T07:34:54.111673+07:00,c11_sim,25,9.427,36.297,0.000,0.000,0.025,45.749
2026-09-02T07:34:54.234616+07:00,c11_sim,26,12.320,33.004,0.000,0.000,0.030,45.353
2026-09-02T07:34:54.404102+07:00,c11_sim,27,8.708,41.491,26.936,30.046,0.019,107.199
2026-09-02T07:34:54.462037+07:00,c11_sim,28,9.267,15.973,0.000,0.000,0.021,25.261
2026-09-02T07:34:54.590960+07:00,c11_sim,29,10.850,32.018,0.000,0.000,0.023,42.891
2026-09-02T07:34:54.719766+07:00,c11_sim,30,14.407,35.281,0.000,0.000,0.026,49.714
2026-09-02T07:34:54.822930+07:00,c11_sim,31,9.118,32.957,0.000,0.000,0.033,42.109
2026-09-02T07:34:54.953425+07:00,c11_sim,32,13.684,33.715,0.000,0.000,0.025,47.425
2026-09-02T07:34:55.126368+07:00,c11_sim,33,12.708,34.596,19.985,24.018,0.025,91.332
2026-09-02T07:34:55.191432+07:00,c11_sim,34,6.402,13.908,11.370,18.813,0.016,50.509
2026-09-02T07:34:55.314001+07:00,c11_sim,35,6.225,15.170,12.310,18.395,0.017,52.117
2026-09-02T07:34:55.440111+07:00,c11_sim,36,7.067,17.806,13.325,18.752,0.019,56.970
2026-09-02T07:34:55.570380+07:00,c11_sim,37,7.159,20.502,14.733,18.774,0.026,61.194
2026-09-02T07:34:55.710605+07:00,c11_sim,38,6.482,26.370,13.702,23.585,0.023,70.162
2026-09-02T07:34:55.807682+07:00,c11_sim,39,6.189,14.525,12.665,18.727,0.019,52.124
2026-09-02T07:34:55.930288+07:00,c11_sim,40,6.364,15.967,13.065,18.720,0.021,54.136
2026-09-02T07:34:56.062185+07:00,c11_sim,41,7.383,19.311,14.044,22.429,0.027,63.193
2026-09-02T07:34:56.168234+07:00,c11_sim,42,6.636,20.489,14.162,20.138,0.032,61.457
2026-09-02T07:34:56.311677+07:00,c11_sim,43,7.031,28.119,16.331,21.992,0.047,73.520
2026-09-02T07:34:56.406645+07:00,c11_sim,44,6.031,16.501,12.938,18.686,0.049,54.206
2026-09-02T07:34:56.530889+07:00,c11_sim,45,6.488,17.198,13.386,18.562,0.026,55.661
2026-09-02T07:34:56.657802+07:00,c11_sim,46,6.124,18.813,13.625,19.050,0.027,57.639
2026-09-02T07:34:56.765873+07:00,c11_sim,47,6.127,22.527,13.039,20.989,0.023,62.705
2026-09-02T07:34:56.908027+07:00,c11_sim,48,6.173,28.230,13.175,23.939,0.027,71.544
2026-09-02T07:34:57.019284+07:00,c11_sim,49,6.293,27.882,12.991,23.468,0.056,70.690
2026-09-02T07:34:57.128125+07:00,c11_sim,50,6.765,27.127,13.055,21.792,0.021,68.760
2026-09-02T07:34:57.253448+07:00,c11_sim,51,6.181,16.264,13.898,18.523,0.020,54.886
2026-09-02T07:34:57.349289+07:00,c11_sim,52,6.398,15.326,12.732,18.742,0.020,53.219
2026-09-02T07:34:57.472185+07:00,c11_sim,53,7.167,18.361,12.666,18.967,0.025,57.185
2026-09-02T07:34:57.603442+07:00,c11_sim,54,7.058,22.080,13.160,19.183,0.030,61.511
2026-09-02T07:34:57.739734+07:00,c11_sim,55,5.789,25.265,12.568,21.827,0.024,65.473
2026-09-02T07:34:57.847020+07:00,c11_sim,56,5.859,26.235,13.118,19.299,0.020,64.532
2026-09-02T07:34:57.971930+07:00,c11_sim,57,6.595,16.238,13.786,18.517,0.021,55.157
2026-09-02T07:34:58.071993+07:00,c11_sim,58,6.758,16.888,12.685,19.004,0.021,55.357
2026-09-02T07:34:58.195625+07:00,c11_sim,59,6.779,18.991,12.761,19.228,0.028,57.787
2026-09-02T07:34:58.325205+07:00,c11_sim,60,7.419,23.887,12.692,20.310,0.024,64.332
2026-09-02T07:34:58.461714+07:00,c11_sim,61,5.779,25.025,13.194,21.421,0.022,65.441
2026-09-02T07:34:58.555290+07:00,c11_sim,62,6.516,14.507,12.554,18.419,0.017,52.012
2026-09-02T07:34:58.675323+07:00,c11_sim,63,6.101,17.104,13.698,18.984,0.023,55.911
2026-09-02T07:34:58.801890+07:00,c11_sim,64,6.986,17.952,13.197,19.229,0.023,57.388
2026-09-02T07:34:58.932121+07:00,c11_sim,65,6.409,19.650,14.996,19.439,0.025,60.519
2026-09-02T07:34:59.006104+07:00,c11_sim,66,6.839,23.672,0.000,0.000,0.013,30.524
2026-09-02T07:34:59.207193+07:00,c11_sim,67,14.814,33.736,19.272,23.573,0.026,91.420
2026-09-02T07:34:59.295182+07:00,c11_sim,68,6.034,27.108,13.355,21.084,0.020,67.601
2026-09-02T07:34:59.390342+07:00,c11_sim,69,6.055,13.424,12.454,18.080,0.019,50.032
2026-09-02T07:34:59.513395+07:00,c11_sim,70,6.171,14.904,12.524,18.883,0.020,52.502
2026-09-02T07:34:59.633339+07:00,c11_sim,71,6.077,17.909,13.216,17.949,0.052,55.204
2026-09-02T07:34:59.775412+07:00,c11_sim,72,5.915,17.786,11.804,35.468,0.055,71.029
2026-09-02T07:34:59.909773+07:00,c11_sim,73,6.062,24.515,12.630,45.015,0.029,88.252
2026-09-02T07:35:00.042245+07:00,c11_sim,74,6.141,25.625,12.550,42.127,0.032,86.475
2026-09-02T07:35:00.145663+07:00,c11_sim,75,6.105,26.296,12.879,37.728,0.025,83.034
2026-09-02T07:35:00.240284+07:00,c11_sim,76,6.174,13.710,12.566,18.162,0.016,50.628
2026-09-02T07:35:00.381433+07:00,c11_sim,77,6.283,15.848,12.903,35.936,0.030,70.999
2026-09-02T07:35:00.497700+07:00,c11_sim,78,6.257,17.255,13.075,37.540,0.029,74.154
2026-09-02T07:35:00.625707+07:00,c11_sim,79,6.175,20.610,13.266,42.476,0.039,82.567
2026-09-02T07:35:00.761707+07:00,c11_sim,80,6.185,27.400,13.169,40.577,0.032,87.363
2026-09-02T07:35:00.856098+07:00,c11_sim,81,6.316,14.926,13.417,39.632,0.030,74.320
2026-09-02T07:35:00.980150+07:00,c11_sim,82,6.346,17.850,12.967,42.160,0.043,79.365
2026-09-02T07:35:01.108673+07:00,c11_sim,83,6.552,26.610,13.117,45.684,0.033,91.996
2026-09-02T07:35:01.245358+07:00,c11_sim,84,6.288,28.052,13.533,43.792,0.060,91.725
2026-09-02T07:35:01.330979+07:00,c11_sim,85,6.178,13.481,13.098,34.812,0.023,67.593
2026-09-02T07:35:01.469635+07:00,c11_sim,86,6.322,16.454,12.532,36.710,0.049,72.068
2026-09-02T07:35:01.586058+07:00,c11_sim,87,6.257,17.209,11.991,35.733,0.037,71.227
2026-09-02T07:35:01.711315+07:00,c11_sim,88,5.829,21.542,10.949,41.480,0.027,79.827
2026-09-02T07:35:01.821425+07:00,c11_sim,89,6.029,13.344,12.286,35.487,0.029,67.175
2026-09-02T07:35:01.938641+07:00,c11_sim,90,6.124,14.815,12.734,38.281,0.042,71.997
2026-09-02T07:35:02.060943+07:00,c11_sim,91,6.300,17.172,13.331,40.136,0.050,76.988
2026-09-02T07:35:02.195837+07:00,c11_sim,92,6.089,24.124,13.703,44.946,0.032,88.894
2026-09-02T07:35:02.285536+07:00,c11_sim,93,6.208,14.250,13.808,35.414,0.028,69.708
2026-09-02T07:35:02.429258+07:00,c11_sim,94,6.200,16.723,13.361,36.794,0.086,73.164
2026-09-02T07:35:02.562575+07:00,c11_sim,95,6.137,20.744,12.929,48.110,0.042,87.963
2026-09-02T07:35:02.669741+07:00,c11_sim,96,6.103,23.629,14.339,44.461,0.036,88.568
2026-09-02T07:35:02.798102+07:00,c11_sim,97,6.136,27.298,13.066,36.430,0.026,82.957
2026-09-02T07:35:02.889377+07:00,c11_sim,98,6.165,14.298,13.328,38.081,0.026,71.899
2026-09-02T07:35:03.024294+07:00,c11_sim,99,6.105,17.291,13.402,35.487,0.134,72.419
2026-09-02T07:35:03.140818+07:00,c11_sim,100,6.195,19.955,12.578,36.876,0.033,75.637
2026-09-02T07:35:03.272147+07:00,c11_sim,101,6.090,25.182,13.472,42.889,0.038,87.671
2026-09-02T07:35:03.396129+07:00,c11_sim,102,6.092,27.367,13.268,36.567,0.066,83.360
2026-09-02T07:35:03.484871+07:00,c11_sim,103,6.491,14.070,12.769,35.717,0.025,69.071
2026-09-02T07:35:03.623977+07:00,c11_sim,104,5.456,17.252,14.131,36.623,0.144,73.606
2026-09-02T07:35:03.746632+07:00,c11_sim,105,5.525,19.687,13.241,38.201,0.033,76.687
2026-09-02T07:35:03.866562+07:00,c11_sim,106,5.447,21.684,13.435,36.093,0.040,76.699
2026-09-02T07:35:03.980587+07:00,c11_sim,107,5.674,13.865,12.360,36.331,0.031,68.261
2026-09-02T07:35:04.097030+07:00,c11_sim,108,5.864,14.891,13.396,36.721,0.033,70.905
2026-09-02T07:35:04.219723+07:00,c11_sim,109,6.024,20.203,12.932,38.278,0.039,77.477
2026-09-02T07:35:04.345623+07:00,c11_sim,110,5.945,26.556,12.880,38.659,0.025,84.065
2026-09-02T07:35:04.457023+07:00,c11_sim,111,6.208,14.462,13.301,35.593,0.029,69.593
2026-09-02T07:35:04.574063+07:00,c11_sim,112,6.088,15.973,13.927,38.087,0.154,74.228
2026-09-02T07:35:04.701490+07:00,c11_sim,113,6.252,21.119,13.797,40.862,0.041,82.071
2026-09-02T07:35:04.827881+07:00,c11_sim,114,6.201,26.880,12.771,39.892,0.028,85.773
2026-09-02T07:35:04.939337+07:00,c11_sim,115,6.153,14.038,13.561,35.812,0.028,69.592
2026-09-02T07:35:05.056551+07:00,c11_sim,116,6.231,15.434,13.615,36.684,0.033,71.997
2026-09-02T07:35:05.177856+07:00,c11_sim,117,6.132,18.001,13.925,37.834,0.099,75.991
2026-09-02T07:35:05.311486+07:00,c11_sim,118,5.855,21.781,13.485,46.794,0.113,88.029
2026-09-02T07:35:05.401523+07:00,c11_sim,119,6.272,14.239,13.018,36.401,0.075,70.005
2026-09-02T07:35:05.518212+07:00,c11_sim,120,6.069,15.789,12.922,36.508,0.033,71.321
2026-09-02T07:35:05.664272+07:00,c11_sim,121,6.116,19.665,12.874,37.041,0.036,75.731
2026-09-02T07:35:05.794538+07:00,c11_sim,122,6.087,24.919,13.072,41.432,0.026,85.535
2026-09-02T07:35:05.879701+07:00,c11_sim,123,6.124,13.555,13.581,35.695,0.028,68.983
2026-09-02T07:35:06.021064+07:00,c11_sim,124,6.191,16.971,13.075,36.773,0.031,73.042
2026-09-02T07:35:06.143542+07:00,c11_sim,125,6.115,19.330,13.491,38.152,0.035,77.123
2026-09-02T07:35:06.264407+07:00,c11_sim,126,6.031,22.104,13.045,39.046,0.036,80.262
2026-09-02T07:35:06.394519+07:00,c11_sim,127,6.153,26.613,12.711,41.240,0.027,86.744
2026-09-02T07:35:06.482863+07:00,c11_sim,128,6.121,13.808,12.237,35.868,0.025,68.059
2026-09-02T07:35:06.598974+07:00,c11_sim,129,6.063,15.380,11.779,37.547,0.034,70.803
2026-09-02T07:35:06.742386+07:00,c11_sim,130,6.167,20.199,12.920,38.300,0.035,77.622
2026-09-02T07:35:06.877487+07:00,c11_sim,131,6.076,24.142,13.977,44.817,0.029,89.041
2026-09-02T07:35:06.964519+07:00,c11_sim,132,6.038,13.610,14.190,35.902,0.034,69.775
2026-09-02T07:35:07.081527+07:00,c11_sim,133,6.198,16.247,13.031,19.960,0.030,55.467
2026-09-02T07:35:07.209862+07:00,c11_sim,134,6.084,18.385,13.629,19.402,0.026,57.526
2026-09-02T07:35:07.315442+07:00,c11_sim,135,5.982,21.489,12.780,20.609,0.027,60.886
2026-09-02T07:35:07.455675+07:00,c11_sim,136,6.020,27.575,12.475,23.545,0.027,69.642
2026-09-02T07:35:07.563836+07:00,c11_sim,137,6.114,27.323,12.450,20.392,0.020,66.298
2026-09-02T07:35:07.662362+07:00,c11_sim,138,6.018,14.382,13.293,19.735,0.021,53.449
2026-09-02T07:35:07.789406+07:00,c11_sim,139,6.150,17.767,13.159,19.989,0.020,57.086
2026-09-02T07:35:07.885571+07:00,c11_sim,140,5.549,20.913,0.000,0.000,0.010,26.472
2026-09-02T07:35:08.029675+07:00,c11_sim,141,12.800,32.436,0.000,0.000,0.021,45.256
2026-09-02T07:35:08.180693+07:00,c11_sim,142,14.808,34.200,21.705,21.160,0.023,91.896
2026-09-02T07:35:08.295270+07:00,c11_sim,143,5.799,14.922,14.783,36.851,0.089,72.444
2026-09-02T07:35:08.408044+07:00,c11_sim,144,5.903,15.547,13.216,36.755,0.026,71.446
2026-09-02T07:35:08.529217+07:00,c11_sim,145,5.873,17.493,14.318,37.719,0.028,75.431
2026-09-02T07:35:08.660773+07:00,c11_sim,146,6.615,22.015,13.173,44.797,0.090,86.689
2026-09-02T07:35:08.775106+07:00,c11_sim,147,6.257,13.320,13.340,36.345,0.146,69.409
2026-09-02T07:35:08.890626+07:00,c11_sim,148,6.165,14.773,13.237,36.189,0.121,70.485
2026-09-02T07:35:09.005081+07:00,c11_sim,149,6.197,15.882,13.201,38.349,0.042,73.671
2026-09-02T07:35:09.110245+07:00,c11_sim,150,6.202,19.341,13.662,21.072,0.045,60.322
2026-09-02T07:35:09.239827+07:00,c11_sim,151,5.877,22.353,13.753,21.486,0.032,63.501
2026-09-02T07:35:09.391334+07:00,c11_sim,152,6.232,28.081,13.303,34.214,0.028,81.858
2026-09-02T07:35:09.477002+07:00,c11_sim,153,5.699,25.611,11.443,22.674,0.024,65.451
2026-09-02T07:35:09.602520+07:00,c11_sim,154,5.892,14.908,13.513,19.674,0.024,54.011
2026-09-02T07:35:09.723648+07:00,c11_sim,155,5.349,16.205,14.619,37.932,0.027,74.132
2026-09-02T07:35:09.845227+07:00,c11_sim,156,5.505,17.648,13.500,38.884,0.028,75.565
2026-09-02T07:35:09.956031+07:00,c11_sim,157,5.574,22.765,13.620,22.446,0.030,64.435
2026-09-02T07:35:10.094936+07:00,c11_sim,158,5.789,28.480,14.212,22.536,0.027,71.044
2026-09-02T07:35:10.195501+07:00,c11_sim,159,5.792,15.383,13.623,19.464,0.026,54.288
2026-09-02T07:35:10.320273+07:00,c11_sim,160,5.879,15.259,13.384,19.967,0.023,54.512
2026-09-02T07:35:10.422990+07:00,c11_sim,161,6.055,17.566,12.800,20.963,0.031,57.416
2026-09-02T07:35:10.576038+07:00,c11_sim,162,5.949,21.290,13.166,41.128,0.037,81.570
2026-09-02T07:35:10.693586+07:00,c11_sim,163,5.870,27.973,14.172,24.870,0.028,72.913
2026-09-02T07:35:10.771534+07:00,c11_sim,164,6.086,14.159,12.823,0.003,0.015,33.087
2026-09-02T07:35:10.910802+07:00,c11_sim,165,6.158,27.129,13.376,0.004,0.017,46.685
2026-09-02T07:35:11.058473+07:00,c11_sim,166,6.781,30.300,15.618,24.470,0.040,77.208
2026-09-02T07:35:11.177340+07:00,c11_sim,167,6.127,27.967,16.220,23.047,0.015,73.376
2026-09-02T07:35:11.272228+07:00,c11_sim,168,5.918,13.527,11.714,18.314,0.142,49.615
2026-09-02T07:35:11.395663+07:00,c11_sim,169,5.844,16.926,14.503,19.396,0.149,56.818
2026-09-02T07:35:11.524216+07:00,c11_sim,170,6.933,20.143,14.513,19.710,0.018,61.318
2026-09-02T07:35:11.608297+07:00,c11_sim,171,6.539,20.355,13.232,0.004,0.016,40.147
2026-09-02T07:35:11.783094+07:00,c11_sim,172,8.175,32.054,19.147,24.271,0.022,83.669
2026-09-02T07:35:11.895570+07:00,c11_sim,173,6.053,26.378,13.784,20.867,0.018,67.101
2026-09-02T07:35:11.965212+07:00,c11_sim,174,6.075,14.723,13.218,0.004,0.018,34.038
2026-09-02T07:35:12.114908+07:00,c11_sim,175,7.277,29.971,18.194,0.003,0.014,55.459
2026-09-02T07:35:12.237192+07:00,c11_sim,176,8.489,30.846,18.034,0.003,0.013,57.385
2026-09-02T07:35:12.335843+07:00,c11_sim,177,8.305,30.863,16.036,0.003,0.012,55.219
2026-09-02T07:35:12.486420+07:00,c11_sim,178,12.296,33.628,19.466,0.002,0.008,65.400
2026-09-02T07:35:12.581720+07:00,c11_sim,179,9.204,30.770,15.906,0.003,0.017,55.900
2026-09-02T07:35:12.704065+07:00,c11_sim,180,8.144,30.893,17.008,0.003,0.010,56.058
2026-09-02T07:35:12.820423+07:00,c11_sim,181,9.099,29.368,15.039,0.003,0.013,53.522
2026-09-02T07:35:12.969893+07:00,c11_sim,182,9.820,33.759,18.874,0.003,0.010,62.466
2026-09-02T07:35:13.070575+07:00,c11_sim,183,8.195,31.195,17.692,0.002,0.009,57.093
2026-09-02T07:35:13.189148+07:00,c11_sim,184,8.760,30.776,13.658,0.004,0.018,53.216
2026-09-02T07:35:13.310464+07:00,c11_sim,185,8.191,32.425,15.115,0.004,0.024,55.760
2026-09-02T07:35:13.435045+07:00,c11_sim,186,8.274,32.165,16.223,0.005,0.022,56.689
2026-09-02T07:35:13.559339+07:00,c11_sim,187,8.376,33.776,17.326,0.006,0.027,59.510
2026-09-02T07:35:13.684019+07:00,c11_sim,188,10.100,32.103,14.160,0.005,0.315,56.682
2026-09-02T07:35:13.765766+07:00,c11_sim,189,8.032,16.815,15.110,0.005,0.033,39.994
2026-09-02T07:35:13.913395+07:00,c11_sim,190,8.918,27.039,21.895,0.006,0.023,57.880
2026-09-02T07:35:14.041871+07:00,c11_sim,191,8.902,35.102,19.706,0.005,0.019,63.734
2026-09-02T07:35:14.140349+07:00,c11_sim,192,7.687,33.867,15.717,0.005,0.020,57.296
2026-09-02T07:35:14.264619+07:00,c11_sim,193,7.402,32.996,19.652,0.005,0.022,60.079
2026-09-02T07:35:14.384292+07:00,c11_sim,194,6.148,28.956,14.114,0.004,0.018,49.241
2026-09-02T07:35:14.506103+07:00,c11_sim,195,7.877,30.172,16.194,0.003,0.016,54.262
2026-09-02T07:35:14.626224+07:00,c11_sim,196,9.321,30.719,17.407,0.003,0.011,57.462
2026-09-02T07:35:14.731226+07:00,c11_sim,197,7.535,31.911,0.000,0.000,0.021,39.468
2026-09-02T07:35:14.855201+07:00,c11_sim,198,13.419,34.033,0.000,0.000,0.023,47.475
2026-09-02T07:35:14.983623+07:00,c11_sim,199,14.765,33.981,0.000,0.000,0.026,48.772
2026-09-02T07:35:15.106530+07:00,c11_sim,200,15.038,33.915,0.000,0.000,0.024,48.977
2026-09-02T07:35:15.253762+07:00,c11_sim,201,16.467,33.890,20.424,0.005,0.016,70.801
2026-09-02T07:35:15.354704+07:00,c11_sim,202,7.304,31.329,17.751,0.002,0.012,56.399
2026-09-02T07:35:15.472433+07:00,c11_sim,203,6.312,30.147,17.508,0.002,0.010,53.979
2026-09-02T07:35:15.595664+07:00,c11_sim,204,9.002,32.112,18.900,0.003,0.008,60.024
2026-09-02T07:35:15.712442+07:00,c11_sim,205,8.582,31.466,17.043,0.003,0.007,57.102
2026-09-02T07:35:15.834658+07:00,c11_sim,206,8.537,31.095,17.170,0.002,0.007,56.812
2026-09-02T07:35:15.962338+07:00,c11_sim,207,8.234,34.414,18.439,0.002,0.009,61.097
2026-09-02T07:35:16.049078+07:00,c11_sim,208,9.340,37.552,0.000,0.000,0.027,46.919
2026-09-02T07:35:16.172431+07:00,c11_sim,209,12.214,35.160,0.000,0.000,0.024,47.398
2026-09-02T07:35:16.312632+07:00,c11_sim,210,8.243,49.031,0.000,0.000,0.021,57.296
2026-09-02T07:35:16.416985+07:00,c11_sim,211,11.470,33.892,0.000,0.000,0.025,45.387
2026-09-02T07:35:16.545056+07:00,c11_sim,212,14.910,34.508,0.000,0.000,0.024,49.441
2026-09-02T07:35:16.646498+07:00,c11_sim,213,7.880,32.145,0.000,0.000,0.025,40.051
2026-09-02T07:35:16.769455+07:00,c11_sim,214,7.516,34.428,0.000,0.000,0.041,41.985
2026-09-02T07:35:16.902269+07:00,c11_sim,215,10.709,36.653,0.000,0.000,0.025,47.386
2026-09-02T07:35:17.028122+07:00,c11_sim,216,13.722,34.697,18.360,0.006,0.022,66.806
2026-09-02T07:35:17.135482+07:00,c11_sim,217,8.093,32.643,0.000,0.000,0.019,40.755
2026-09-02T07:35:17.241522+07:00,c11_sim,218,7.559,34.423,0.000,0.000,0.025,42.006
2026-09-02T07:35:17.383202+07:00,c11_sim,219,9.960,32.375,19.366,0.006,0.017,61.723
2026-09-02T07:35:17.491647+07:00,c11_sim,220,10.440,32.740,0.000,0.000,0.022,43.203
2026-09-02T07:35:17.618665+07:00,c11_sim,221,15.339,32.165,0.000,0.000,0.025,47.529
2026-09-02T07:35:17.746330+07:00,c11_sim,222,14.195,29.762,0.000,0.000,0.013,43.971
2026-09-02T07:35:17.848482+07:00,c11_sim,223,12.901,32.089,0.000,0.000,0.022,45.012
2026-09-02T07:35:17.973127+07:00,c11_sim,224,12.752,31.173,0.000,0.000,0.025,43.951
2026-09-02T07:35:18.092275+07:00,c11_sim,225,14.085,31.914,0.000,0.000,0.026,46.025
2026-09-02T07:35:18.217834+07:00,c11_sim,226,13.801,32.144,0.000,0.000,0.024,45.969
2026-09-02T07:35:18.346509+07:00,c11_sim,227,15.252,32.075,0.000,0.000,0.026,47.353
2026-09-02T07:35:18.473003+07:00,c11_sim,228,7.044,40.075,21.166,0.006,0.024,68.314
2026-09-02T07:35:18.581112+07:00,c11_sim,229,12.210,33.652,0.000,0.000,0.026,45.888
2026-09-02T07:35:18.683165+07:00,c11_sim,230,11.947,31.570,0.000,0.000,0.024,43.541
2026-09-02T07:35:18.832402+07:00,c11_sim,231,12.657,34.730,19.581,0.005,0.024,66.997
2026-09-02T07:35:18.955993+07:00,c11_sim,232,7.529,33.454,19.116,0.004,0.013,60.115
2026-09-02T07:35:19.046073+07:00,c11_sim,233,7.189,22.898,0.000,0.000,0.016,30.102
2026-09-02T07:35:19.188425+07:00,c11_sim,234,10.047,27.645,21.466,0.005,0.020,59.183
2026-09-02T07:35:19.295877+07:00,c11_sim,235,8.225,33.521,0.000,0.000,0.027,41.773
2026-09-02T07:35:19.449917+07:00,c11_sim,236,15.134,36.248,20.063,0.005,0.023,71.473
2026-09-02T07:35:19.549232+07:00,c11_sim,237,7.190,31.160,17.240,0.004,0.013,55.606
2026-09-02T07:35:19.670826+07:00,c11_sim,238,7.033,30.547,15.245,0.004,0.015,52.844
2026-09-02T07:35:19.768116+07:00,c11_sim,239,8.071,30.499,15.145,0.003,0.014,53.731
2026-09-02T07:35:19.915826+07:00,c11_sim,240,11.022,33.554,18.415,0.003,0.016,63.010
2026-09-02T07:35:20.023197+07:00,c11_sim,241,10.186,38.221,18.860,0.004,0.015,67.286
2026-09-02T07:35:20.146062+07:00,c11_sim,242,8.295,31.241,17.624,0.004,0.012,57.177
2026-09-02T07:35:20.268894+07:00,c11_sim,243,7.951,31.739,16.505,0.003,0.013,56.210
2026-09-02T07:35:20.389039+07:00,c11_sim,244,7.672,32.665,17.057,0.005,0.018,57.417
2026-09-02T07:35:20.515630+07:00,c11_sim,245,7.582,32.675,18.424,0.003,0.009,58.693
2026-09-02T07:35:20.611691+07:00,c11_sim,246,7.307,30.731,13.787,0.004,0.020,51.849
2026-09-02T07:35:20.732019+07:00,c11_sim,247,7.356,30.737,16.254,0.004,0.017,54.368
2026-09-02T07:35:20.856827+07:00,c11_sim,248,9.478,31.959,16.581,0.004,0.019,58.041
2026-09-02T07:35:20.978529+07:00,c11_sim,249,8.220,33.962,14.982,0.003,0.011,57.178
2026-09-02T07:35:21.103138+07:00,c11_sim,250,9.142,31.060,16.679,0.003,0.011,56.895
2026-09-02T07:35:21.225062+07:00,c11_sim,251,9.022,31.895,18.366,0.003,0.009,59.295
2026-09-02T07:35:21.350960+07:00,c11_sim,252,8.947,32.926,19.994,0.004,0.010,61.880
2026-09-02T07:35:21.474541+07:00,c11_sim,253,9.772,32.964,18.528,0.003,0.008,61.274
2026-09-02T07:35:21.571084+07:00,c11_sim,254,8.678,30.738,14.877,0.003,0.014,54.311
2026-09-02T07:35:21.716436+07:00,c11_sim,255,10.042,32.726,18.202,0.004,0.014,60.987
2026-09-02T07:35:21.796650+07:00,c11_sim,256,8.243,31.805,0.000,0.000,0.009,40.058
2026-09-02T07:35:21.928540+07:00,c11_sim,257,7.489,36.563,0.000,0.000,0.025,44.077
2026-09-02T07:35:22.071835+07:00,c11_sim,258,14.595,31.465,15.310,0.005,0.020,61.396
2026-09-02T07:35:22.169319+07:00,c11_sim,259,7.535,31.194,14.559,0.004,0.016,53.308
2026-09-02T07:35:22.294266+07:00,c11_sim,260,10.253,33.319,0.000,0.000,0.022,43.594
2026-09-02T07:35:22.402755+07:00,c11_sim,261,15.191,34.769,0.000,0.000,0.029,49.989
2026-09-02T07:35:22.532960+07:00,c11_sim,262,8.055,36.378,0.000,0.000,0.036,44.470
2026-09-02T07:35:22.679112+07:00,c11_sim,263,12.064,33.777,18.454,0.009,0.022,64.325
2026-09-02T07:35:22.778624+07:00,c11_sim,264,7.107,31.083,16.420,0.003,0.013,54.626
2026-09-02T07:35:22.908098+07:00,c11_sim,265,9.164,34.076,18.963,0.004,0.012,62.218
2026-09-02T07:35:23.014885+07:00,c11_sim,266,8.565,32.913,0.000,0.000,0.016,41.494
2026-09-02T07:35:23.133467+07:00,c11_sim,267,6.987,29.214,17.375,0.004,0.021,53.601
2026-09-02T07:35:23.253751+07:00,c11_sim,268,7.998,30.876,15.563,0.003,0.014,54.454
2026-09-02T07:35:23.374069+07:00,c11_sim,269,8.922,31.234,17.263,0.003,0.012,57.434
2026-09-02T07:35:23.500956+07:00,c11_sim,270,10.636,32.071,18.521,0.002,0.010,61.241
2026-09-02T07:35:23.605506+07:00,c11_sim,271,8.865,32.372,0.000,0.000,0.020,41.257
2026-09-02T07:35:23.744054+07:00,c11_sim,272,14.712,32.714,18.802,0.004,0.013,66.245
2026-09-02T07:35:23.868805+07:00,c11_sim,273,8.902,31.517,17.856,0.003,0.009,58.286
2026-09-02T07:35:23.998403+07:00,c11_sim,274,9.327,36.691,16.024,0.003,0.009,62.053
2026-09-02T07:35:24.079228+07:00,c11_sim,275,7.207,30.472,0.000,0.000,0.012,37.691
2026-09-02T07:35:24.206443+07:00,c11_sim,276,14.499,35.169,0.000,0.000,0.024,49.692
2026-09-02T07:35:24.313574+07:00,c11_sim,277,7.512,33.214,0.000,0.000,0.029,40.756
2026-09-02T07:35:24.392720+07:00,c11_sim,278,7.083,32.568,22.587,0.000,0.008,62.246
2026-09-02T07:35:24.433661+07:00,c11_sim,279,8.072,27.549,11.853,0.004,0.121,47.598
2026-09-02T07:35:24.472452+07:00,c11_sim,280,6.058,25.798,11.634,0.003,0.184,43.677
2026-09-02T07:35:24.513571+07:00,c11_sim,281,5.918,27.118,12.666,0.004,0.174,45.880
2026-09-02T07:35:24.554108+07:00,c11_sim,282,6.032,27.041,12.236,0.004,0.167,45.478
2026-09-02T07:35:24.591614+07:00,c11_sim,283,6.047,25.364,11.124,0.003,0.012,42.549
2026-09-02T07:35:24.628017+07:00,c11_sim,284,5.966,24.657,10.896,0.003,0.011,41.533
2026-09-02T07:35:24.665842+07:00,c11_sim,285,5.808,25.642,11.348,0.003,0.014,42.816
2026-09-02T07:35:24.702508+07:00,c11_sim,286,5.800,24.885,10.982,0.003,0.011,41.681
2026-09-02T07:35:24.739948+07:00,c11_sim,287,5.990,24.907,11.727,0.003,0.111,42.737
2026-09-02T07:35:24.775047+07:00,c11_sim,288,5.963,21.844,12.283,0.004,0.015,40.109
2026-09-02T07:35:24.802047+07:00,c11_sim,289,5.877,13.471,12.096,0.003,0.200,31.647
2026-09-02T07:35:24.852146+07:00,c11_sim,290,5.788,12.449,11.423,0.003,0.117,29.778
2026-09-02T07:35:24.876789+07:00,c11_sim,291,6.212,12.862,11.072,0.002,0.009,30.158
2026-09-02T07:35:24.928389+07:00,c11_sim,292,5.860,13.566,11.754,0.003,0.009,31.193
2026-09-02T07:35:24.953688+07:00,c11_sim,293,5.687,13.511,11.107,0.002,0.008,30.314
2026-09-02T07:35:25.005639+07:00,c11_sim,294,5.827,14.072,11.737,0.002,0.010,31.647
2026-09-02T07:35:25.032762+07:00,c11_sim,295,5.875,15.143,11.273,0.003,0.011,32.305
2026-09-02T07:35:25.088418+07:00,c11_sim,296,5.703,18.116,11.550,0.003,0.010,35.382
2026-09-02T07:35:25.120343+07:00,c11_sim,297,5.650,20.001,11.199,0.002,0.009,36.862
2026-09-02T07:35:25.182782+07:00,c11_sim,298,5.108,25.178,12.528,0.003,0.012,42.829
2026-09-02T07:35:25.220696+07:00,c11_sim,299,5.279,25.362,11.662,0.003,0.009,42.315
2026-09-02T07:35:25.259824+07:00,c11_sim,300,5.298,25.688,12.548,0.003,0.012,43.549
2026-09-02T07:35:25.298267+07:00,c11_sim,301,5.620,26.429,11.137,0.002,0.010,43.198
2026-09-02T07:35:25.336216+07:00,c11_sim,302,5.633,25.453,11.741,0.002,0.009,42.839
2026-09-02T07:35:25.373546+07:00,c11_sim,303,5.892,24.368,12.132,0.003,0.011,42.407
2026-09-02T07:35:25.409837+07:00,c11_sim,304,5.793,24.262,11.326,0.002,0.009,41.392
2026-09-02T07:35:25.447332+07:00,c11_sim,305,5.878,25.009,11.756,0.003,0.013,42.659
2026-09-02T07:35:25.483927+07:00,c11_sim,306,5.976,24.685,11.215,0.003,0.010,41.889
2026-09-02T07:35:25.519678+07:00,c11_sim,307,5.680,23.909,11.131,0.002,0.010,40.733
2026-09-02T07:35:25.579175+07:00,c11_sim,308,5.618,27.144,11.444,0.002,0.011,44.220
2026-09-02T07:35:25.616515+07:00,c11_sim,309,5.955,24.604,11.915,0.003,0.012,42.489
2026-09-02T07:35:25.654472+07:00,c11_sim,310,5.942,25.233,11.688,0.005,0.013,42.882
2026-09-02T07:35:25.689956+07:00,c11_sim,311,5.983,23.574,11.250,0.003,0.010,40.820
2026-09-02T07:35:25.714226+07:00,c11_sim,312,6.068,12.390,11.212,0.002,0.010,29.681
2026-09-02T07:35:25.764297+07:00,c11_sim,313,5.731,12.887,11.479,0.002,0.012,30.112
2026-09-02T07:35:25.788573+07:00,c11_sim,314,5.760,12.539,11.140,0.002,0.010,29.451
2026-09-02T07:35:25.839687+07:00,c11_sim,315,5.680,13.677,11.132,0.002,0.008,30.499
2026-09-02T07:35:25.890953+07:00,c11_sim,316,5.831,13.851,11.408,0.003,0.012,31.105
2026-09-02T07:35:25.919018+07:00,c11_sim,317,5.879,15.903,11.449,0.002,0.009,33.243
2026-09-02T07:35:25.969913+07:00,c11_sim,318,5.809,17.600,11.577,0.003,0.009,34.998
2026-09-02T07:35:26.001556+07:00,c11_sim,319,5.895,19.633,11.298,0.002,0.010,36.839
2026-09-02T07:35:26.034871+07:00,c11_sim,320,5.729,21.291,11.272,0.003,0.012,38.307
2026-09-02T07:35:26.099829+07:00,c11_sim,321,5.754,25.969,12.573,0.004,0.017,44.316
2026-09-02T07:35:26.139345+07:00,c11_sim,322,6.049,27.187,11.456,0.003,0.013,44.708
2026-09-02T07:35:26.179832+07:00,c11_sim,323,5.975,26.652,12.915,0.004,0.012,45.559
2026-09-02T07:35:26.218187+07:00,c11_sim,324,5.801,25.991,11.461,0.003,0.011,43.267
2026-09-02T07:35:26.257482+07:00,c11_sim,325,6.213,25.697,12.691,0.003,0.013,44.619
2026-09-02T07:35:26.298744+07:00,c11_sim,326,5.942,27.233,12.850,0.004,0.014,46.043
2026-09-02T07:35:26.339785+07:00,c11_sim,327,5.981,27.152,12.537,0.003,0.012,45.686
2026-09-02T07:35:26.367072+07:00,c11_sim,328,5.985,27.107,0.000,0.000,0.009,33.102
2026-09-02T07:35:26.405487+07:00,c11_sim,329,6.140,25.020,12.255,0.003,0.009,43.427
2026-09-02T07:35:26.441900+07:00,c11_sim,330,5.824,23.880,11.779,0.002,0.009,41.496
2026-09-02T07:35:26.479488+07:00,c11_sim,331,5.689,25.329,11.424,0.003,0.009,42.454
2026-09-02T07:35:26.542054+07:00,c11_sim,332,5.823,25.443,11.349,0.002,0.011,42.628
2026-09-02T07:35:26.580566+07:00,c11_sim,333,5.794,25.551,11.838,0.003,0.009,43.195
2026-09-02T07:35:26.617564+07:00,c11_sim,334,5.727,24.885,11.343,0.003,0.011,41.969
2026-09-02T07:35:26.653676+07:00,c11_sim,335,5.778,23.783,11.444,0.003,0.013,41.020
2026-09-02T07:35:26.690022+07:00,c11_sim,336,5.846,24.196,11.484,0.003,0.011,41.540
2026-09-02T07:35:26.702524+07:00,c11_sim,337,5.911,12.374,0.000,0.000,0.006,18.291
2026-09-02T07:35:26.751926+07:00,c11_sim,338,5.705,11.838,11.914,0.002,0.013,29.472
2026-09-02T07:35:26.803539+07:00,c11_sim,339,5.712,13.246,12.526,0.002,0.009,31.495
2026-09-02T07:35:26.816444+07:00,c11_sim,340,5.825,12.791,0.000,0.000,0.005,18.622
2026-09-02T07:35:26.878246+07:00,c11_sim,341,5.714,13.708,0.000,0.000,0.006,19.428
2026-09-02T07:35:26.919671+07:00,c11_sim,342,5.673,16.287,0.000,0.000,0.006,21.966
2026-09-02T07:35:26.973216+07:00,c11_sim,343,5.987,16.477,13.241,0.003,0.023,35.729
2026-09-02T07:35:27.005347+07:00,c11_sim,344,5.983,17.972,13.306,0.003,0.109,37.373
2026-09-02T07:35:27.037342+07:00,c11_sim,345,5.992,18.605,12.717,0.003,0.013,37.330
2026-09-02T07:35:27.099467+07:00,c11_sim,346,6.058,23.727,12.207,0.004,0.015,42.011
2026-09-02T07:35:27.161238+07:00,c11_sim,347,6.007,25.779,12.327,22.775,0.020,66.908
2026-09-02T07:35:27.206012+07:00,c11_sim,348,6.104,12.535,12.162,19.307,0.016,50.124
2026-09-02T07:35:27.252457+07:00,c11_sim,349,5.914,12.244,12.221,21.253,0.024,51.656
2026-09-02T07:35:27.265189+07:00,c11_sim,350,5.733,12.536,0.000,0.000,0.011,18.280
2026-09-02T07:35:27.279448+07:00,c11_sim,351,5.699,14.102,0.000,0.000,0.012,19.813
2026-09-02T07:35:27.353725+07:00,c11_sim,352,5.812,14.710,13.753,20.016,0.020,54.312
2026-09-02T07:35:27.368876+07:00,c11_sim,353,5.900,14.948,0.000,0.000,0.012,20.860
2026-09-02T07:35:27.384423+07:00,c11_sim,354,5.954,15.388,0.000,0.000,0.009,21.350
2026-09-02T07:35:27.462786+07:00,c11_sim,355,5.721,16.524,16.834,19.737,0.021,58.837
2026-09-02T07:35:27.518983+07:00,c11_sim,356,5.777,20.371,13.268,21.747,0.016,61.178
2026-09-02T07:35:27.578966+07:00,c11_sim,357,5.916,25.689,13.849,19.497,0.017,64.969
2026-09-02T07:35:27.623299+07:00,c11_sim,358,5.926,12.193,13.122,18.199,0.092,49.533
2026-09-02T07:35:27.666881+07:00,c11_sim,359,5.710,12.223,12.281,18.334,0.066,48.614
2026-09-02T07:35:27.709860+07:00,c11_sim,360,6.085,12.305,11.625,18.344,0.016,48.375
2026-09-02T07:35:27.753959+07:00,c11_sim,361,5.953,13.478,11.439,18.403,0.014,49.287
2026-09-02T07:35:27.801631+07:00,c11_sim,362,6.430,14.939,12.879,19.112,0.015,53.375
2026-09-02T07:35:27.849645+07:00,c11_sim,363,5.761,16.256,11.814,19.211,0.014,53.056
2026-09-02T07:35:27.900098+07:00,c11_sim,364,5.797,18.694,12.022,18.942,0.022,55.476
2026-09-02T07:35:27.957998+07:00,c11_sim,365,5.873,22.812,11.712,22.486,0.085,62.968
2026-09-02T07:35:28.019915+07:00,c11_sim,366,5.702,25.203,12.988,22.972,0.020,66.885
2026-09-02T07:35:28.076812+07:00,c11_sim,367,5.936,23.669,11.419,20.968,0.039,62.031
2026-09-02T07:35:28.129052+07:00,c11_sim,368,6.363,20.209,12.601,18.670,0.026,57.868
2026-09-02T07:35:28.179763+07:00,c11_sim,369,5.916,18.990,12.270,18.640,0.028,55.845
2026-09-02T07:35:28.212778+07:00,c11_sim,370,6.134,18.567,13.728,0.000,0.011,38.440
2026-09-02T07:35:28.265280+07:00,c11_sim,371,6.373,20.342,12.532,18.783,0.058,58.087
2026-09-02T07:35:28.318249+07:00,c11_sim,372,6.296,21.053,12.098,19.012,0.015,58.474
2026-09-02T07:35:28.375917+07:00,c11_sim,373,5.754,22.629,12.702,21.498,0.017,62.600
2026-09-02T07:35:28.417281+07:00,c11_sim,374,5.934,11.635,11.315,17.714,0.014,46.613
2026-09-02T07:35:28.460837+07:00,c11_sim,375,6.036,11.898,12.710,18.238,0.015,48.896
2026-09-02T07:35:28.504040+07:00,c11_sim,376,5.718,12.844,11.715,17.855,0.056,48.187
2026-09-02T07:35:28.548150+07:00,c11_sim,377,6.534,13.688,11.624,18.165,0.015,50.026
2026-09-02T07:35:28.592596+07:00,c11_sim,378,5.888,13.120,12.515,18.131,0.015,49.670
2026-09-02T07:35:28.638676+07:00,c11_sim,379,5.873,15.374,11.510,18.448,0.019,51.224
2026-09-02T07:35:28.687826+07:00,c11_sim,380,5.637,18.740,11.132,18.503,0.015,54.028
2026-09-02T07:35:28.743240+07:00,c11_sim,381,6.026,20.982,12.531,21.173,0.017,60.730
2026-09-02T07:35:28.785779+07:00,c11_sim,382,5.872,11.668,11.952,18.176,0.015,47.684
2026-09-02T07:35:28.828398+07:00,c11_sim,383,6.127,11.928,11.896,18.149,0.015,48.115
2026-09-02T07:35:28.871890+07:00,c11_sim,384,5.941,13.206,11.792,17.341,0.143,48.423
2026-09-02T07:35:28.915232+07:00,c11_sim,385,6.133,13.810,11.224,17.648,0.026,48.840
2026-09-02T07:35:28.958472+07:00,c11_sim,386,6.090,13.804,11.264,17.473,0.014,48.646
2026-09-02T07:35:29.004071+07:00,c11_sim,387,5.855,15.466,11.634,17.810,0.020,50.785
2026-09-02T07:35:29.053047+07:00,c11_sim,388,6.100,17.574,11.969,18.668,0.022,54.334
2026-09-02T07:35:29.106520+07:00,c11_sim,389,5.809,20.432,11.576,20.762,0.019,58.598
2026-09-02T07:35:29.158761+07:00,c11_sim,390,5.925,22.304,11.388,17.833,0.019,57.469
2026-09-02T07:35:29.200720+07:00,c11_sim,391,5.790,11.982,11.216,17.994,0.024,47.006
2026-09-02T07:35:29.243142+07:00,c11_sim,392,5.957,12.509,11.151,18.027,0.020,47.663
2026-09-02T07:35:29.285950+07:00,c11_sim,393,5.924,13.072,11.128,17.933,0.023,48.081
2026-09-02T07:35:29.330538+07:00,c11_sim,394,5.915,13.517,11.704,18.646,0.020,49.802
2026-09-02T07:35:29.562267+07:00,c11_sim,395,5.915,195.112,14.717,20.339,0.041,236.124
2026-09-02T07:35:29.562516+07:00,c12_sim,32,4.150,195.112,0.000,0.000,0.014,199.276
2026-09-02T07:35:29.613480+07:00,c11_sim,396,5.963,20.070,11.730,18.394,0.020,56.178
2026-09-02T07:35:29.649336+07:00,c12_sim,33,4.995,20.070,17.428,17.719,0.022,60.233
2026-09-02T07:35:29.700104+07:00,c11_sim,397,5.738,20.564,11.484,17.963,0.021,55.770
2026-09-02T07:35:29.700217+07:00,c12_sim,34,5.460,20.564,0.000,0.000,0.005,26.028
2026-09-02T07:35:29.722990+07:00,c11_sim,398,6.543,22.677,0.000,0.000,0.006,29.226
2026-09-02T07:35:29.723049+07:00,c12_sim,35,5.521,22.677,0.000,0.000,0.004,28.202
2026-09-02T07:35:29.767647+07:00,c11_sim,399,5.750,15.156,11.247,17.518,0.022,49.693
2026-09-02T07:35:29.782723+07:00,c11_sim,400,5.820,14.913,0.000,0.000,0.007,20.740
2026-09-02T07:35:29.799281+07:00,c11_sim,401,5.811,16.443,0.000,0.000,0.007,22.261
2026-09-02T07:35:29.827695+07:00,c11_sim,402,6.010,28.318,0.000,0.000,0.006,34.334
2026-09-02T07:35:29.827747+07:00,c12_sim,36,6.425,28.318,0.000,0.000,0.004,34.747
2026-09-02T07:35:29.950449+07:00,c12_sim,37,5.886,26.810,0.000,0.000,0.007,32.703
2026-09-02T07:35:30.079998+07:00,c12_sim,38,6.445,32.108,0.000,0.000,0.024,38.577
2026-09-02T07:35:30.186081+07:00,c10_sim,59,10.729,31.426,0.000,0.000,0.027,42.182
2026-09-02T07:35:30.315498+07:00,c10_sim,60,10.066,31.732,0.000,0.000,0.528,42.326
2026-09-02T07:35:30.446297+07:00,c10_sim,61,13.893,33.808,22.755,0.005,0.021,70.482
2026-09-02T07:35:30.545083+07:00,c10_sim,62,7.826,31.939,15.323,0.004,0.014,55.106
2026-09-02T07:35:30.661391+07:00,c10_sim,63,7.190,28.698,13.337,0.004,0.017,49.246
2026-09-02T07:35:30.786444+07:00,c10_sim,64,7.892,32.696,17.845,0.003,0.011,58.447
2026-09-02T07:35:30.914603+07:00,c10_sim,65,8.127,33.709,18.974,0.003,0.011,60.823
2026-09-02T07:35:31.010741+07:00,c10_sim,66,7.720,31.119,17.313,0.003,0.009,56.164
2026-09-02T07:35:31.134796+07:00,c10_sim,67,7.957,32.378,18.294,0.003,0.010,58.641
2026-09-02T07:35:31.234606+07:00,c10_sim,68,8.121,31.653,16.771,0.003,0.010,56.558
2026-09-02T07:35:31.356689+07:00,c10_sim,69,7.192,29.644,16.327,0.003,0.011,53.178
2026-09-02T07:35:31.482278+07:00,c10_sim,70,7.500,33.365,19.037,0.003,0.011,59.915
2026-09-02T07:35:31.561534+07:00,c10_sim,71,7.308,30.826,0.000,0.000,0.018,38.152
2026-09-02T07:35:31.727746+07:00,c10_sim,72,13.688,31.188,18.172,23.438,0.021,86.507
2026-09-02T07:35:31.800247+07:00,c10_sim,73,6.646,14.054,12.572,19.222,0.022,52.515
2026-09-02T07:35:31.919568+07:00,c10_sim,74,6.201,15.854,11.933,19.587,0.022,53.597
2026-09-02T07:35:32.009057+07:00,c10_sim,75,7.033,18.437,0.000,0.000,0.008,25.478
2026-09-02T07:35:32.173206+07:00,c10_sim,76,14.795,28.629,17.949,21.879,0.025,83.278
2026-09-02T07:35:32.293439+07:00,c10_sim,77,6.156,28.426,15.518,24.486,0.033,74.618
2026-09-02T07:35:32.386967+07:00,c10_sim,78,6.076,14.903,12.329,19.398,0.020,52.726
2026-09-02T07:35:32.486247+07:00,c10_sim,79,6.092,15.639,12.655,19.335,0.021,53.742
2026-09-02T07:35:32.612410+07:00,c10_sim,80,6.167,17.305,12.355,19.987,0.036,55.850
2026-09-02T07:35:32.743784+07:00,c10_sim,81,6.046,22.418,12.370,20.206,0.028,61.067
2026-09-02T07:35:32.849310+07:00,c10_sim,82,6.161,21.496,12.494,20.336,0.026,60.513
2026-09-02T07:35:32.961574+07:00,c10_sim,83,6.121,26.191,13.116,21.457,0.021,66.906
2026-09-02T07:35:33.057008+07:00,c10_sim,84,6.210,15.145,12.660,19.056,0.023,53.094
2026-09-02T07:35:33.181064+07:00,c10_sim,85,6.182,15.176,13.200,18.967,0.023,53.547
2026-09-02T07:35:33.299479+07:00,c10_sim,86,6.267,17.287,12.668,19.527,0.024,55.773
2026-09-02T07:35:33.401749+07:00,c10_sim,87,6.105,19.054,12.322,19.761,0.025,57.268
2026-09-02T07:35:33.540169+07:00,c10_sim,88,6.038,25.523,13.128,23.223,0.028,67.940
2026-09-02T07:35:33.656527+07:00,c10_sim,89,5.977,28.196,13.605,23.891,0.025,71.695
2026-09-02T07:35:33.771491+07:00,c10_sim,90,5.779,26.916,13.166,23.679,0.026,69.566
2026-09-02T07:35:33.878872+07:00,c10_sim,91,6.101,27.188,13.026,19.695,0.020,66.031
2026-09-02T07:35:33.974509+07:00,c10_sim,92,6.031,14.151,12.305,18.309,0.018,50.813
2026-09-02T07:35:34.064438+07:00,c10_sim,93,6.026,15.377,0.000,0.000,0.013,21.416
2026-09-02T07:35:34.207469+07:00,c10_sim,94,4.578,27.734,14.739,0.000,0.018,47.069
2026-09-02T07:35:34.408674+07:00,c10_sim,95,12.862,34.523,19.511,0.000,0.007,66.902
2026-09-02T07:35:34.607046+07:00,c10_sim,96,13.622,34.720,19.748,24.487,0.137,92.715
2026-09-02T07:35:34.801615+07:00,c10_sim,97,10.730,33.479,20.063,23.979,0.098,88.349
2026-09-02T07:35:34.975724+07:00,c10_sim,98,8.766,30.559,18.504,23.523,0.018,81.370
2026-09-02T07:35:35.145377+07:00,c10_sim,99,9.119,31.812,17.241,20.852,0.076,79.099
2026-09-02T07:35:35.342410+07:00,c10_sim,100,10.152,31.736,18.688,24.171,0.110,84.857
2026-09-02T07:35:35.496265+07:00,c10_sim,101,8.773,21.060,17.929,19.997,0.064,67.823
2026-09-02T07:35:35.691659+07:00,c10_sim,102,9.584,32.638,19.529,23.359,0.014,85.123
2026-09-02T07:35:35.870741+07:00,c10_sim,103,10.187,35.430,20.325,25.342,0.025,91.310
2026-09-02T07:35:36.055571+07:00,c10_sim,104,9.806,32.399,20.149,25.203,0.026,87.583
2026-09-02T07:35:36.228376+07:00,c10_sim,105,8.960,31.912,19.122,22.089,0.020,82.103
2026-09-02T07:35:36.426903+07:00,c10_sim,106,9.287,32.538,19.679,23.685,0.016,85.205
2026-09-02T07:35:36.592636+07:00,c10_sim,107,8.925,26.087,17.623,20.540,0.196,73.371
2026-09-02T07:35:36.790439+07:00,c10_sim,108,8.490,28.052,20.260,26.089,0.040,82.931
2026-09-02T07:35:36.960179+07:00,c10_sim,109,7.497,32.683,19.465,24.181,0.018,83.845
2026-09-02T07:35:37.147467+07:00,c10_sim,110,10.197,31.832,17.434,20.082,0.086,79.632
2026-09-02T07:35:37.299002+07:00,c10_sim,111,9.564,31.797,18.079,0.004,0.015,59.459
2026-09-02T07:35:37.498935+07:00,c10_sim,112,14.555,34.742,18.897,0.004,0.010,68.207
2026-09-02T07:35:37.700423+07:00,c10_sim,113,15.522,35.394,17.656,24.449,0.016,93.037
2026-09-02T07:35:37.874248+07:00,c10_sim,114,8.243,31.505,19.324,24.329,0.025,83.425
2026-09-02T07:35:37.999923+07:00,c10_sim,115,8.596,31.323,0.000,0.000,0.020,39.939
2026-09-02T07:35:38.228606+07:00,c10_sim,116,12.246,42.533,19.504,0.003,0.018,74.305
2026-09-02T07:35:38.378334+07:00,c10_sim,117,14.154,35.203,0.000,0.000,0.023,49.380
2026-09-02T07:35:38.581784+07:00,c10_sim,118,14.618,34.859,21.259,0.003,0.014,70.752
2026-09-02T07:35:38.737447+07:00,c10_sim,119,9.904,33.218,0.000,0.000,0.026,43.147
2026-09-02T07:35:38.933061+07:00,c10_sim,120,13.016,32.692,19.180,0.003,0.015,64.906
2026-09-02T07:35:39.082541+07:00,c10_sim,121,9.888,31.273,0.000,0.000,0.020,41.181
2026-09-02T07:35:39.280609+07:00,c10_sim,122,13.552,36.086,0.000,0.000,0.023,49.662
2026-09-02T07:35:39.442041+07:00,c10_sim,123,7.540,29.718,0.000,0.000,0.011,37.268
2026-09-02T07:35:39.631175+07:00,c11_sim,403,9.696,31.445,0.000,0.000,0.021,41.162
2026-09-02T07:35:39.804845+07:00,c11_sim,404,12.952,27.128,0.000,0.000,0.015,40.095
2026-09-02T07:35:39.960239+07:00,c11_sim,405,9.818,33.007,0.000,0.000,0.021,42.847
2026-09-02T07:35:40.109115+07:00,c11_sim,406,14.955,33.841,0.000,0.000,0.023,48.819
2026-09-02T07:35:40.264426+07:00,c11_sim,407,13.006,34.874,0.000,0.000,0.027,47.907
2026-09-02T07:35:40.417737+07:00,c11_sim,408,15.100,33.114,0.000,0.000,0.024,48.237
2026-09-02T07:35:40.564787+07:00,c11_sim,409,14.008,35.033,0.000,0.000,0.024,49.065
2026-09-02T07:35:40.706414+07:00,c11_sim,410,12.466,33.771,0.000,0.000,0.023,46.260
2026-09-02T07:35:40.855317+07:00,c11_sim,411,9.602,33.650,0.000,0.000,0.025,43.277
2026-09-02T07:35:41.018865+07:00,c11_sim,412,11.190,25.425,0.000,0.000,0.018,36.633
2026-09-02T07:35:41.169793+07:00,c11_sim,413,13.007,32.538,0.000,0.000,0.024,45.569
2026-09-02T07:35:41.324170+07:00,c11_sim,414,8.279,34.537,0.000,0.000,0.430,43.246
2026-09-02T07:35:41.498370+07:00,c11_sim,415,12.606,38.757,20.572,0.000,0.018,71.953
2026-09-02T07:35:41.626010+07:00,c11_sim,416,13.265,33.009,0.000,0.000,0.012,46.285
2026-09-02T07:35:41.781834+07:00,c11_sim,417,8.376,32.329,0.000,0.000,0.013,40.718
2026-09-02T07:35:41.936653+07:00,c11_sim,418,14.110,33.662,0.000,0.000,0.015,47.787
2026-09-02T07:35:42.085790+07:00,c11_sim,419,14.161,31.950,0.000,0.000,0.008,46.119
2026-09-02T07:35:42.277972+07:00,c11_sim,420,13.624,31.238,19.541,21.840,0.048,86.291
2026-09-02T07:35:42.369573+07:00,c11_sim,421,8.055,18.507,0.000,0.000,0.009,26.570
2026-09-02T07:35:42.553596+07:00,c11_sim,422,14.063,34.568,0.000,0.000,0.023,48.653
2026-09-02T07:35:42.684355+07:00,c11_sim,423,6.825,34.577,0.000,0.000,0.023,41.425
2026-09-02T07:35:42.858633+07:00,c11_sim,424,14.069,35.410,0.000,0.000,0.026,49.504
2026-09-02T07:35:42.987797+07:00,c11_sim,425,13.555,32.795,0.000,0.000,0.023,46.374
2026-09-02T07:35:43.165840+07:00,c11_sim,426,14.530,34.491,0.000,0.000,0.025,49.047
2026-09-02T07:35:43.292155+07:00,c11_sim,427,7.320,36.589,0.000,0.000,0.025,43.934
2026-09-02T07:35:43.469769+07:00,c11_sim,428,13.542,34.401,0.000,0.000,0.024,47.967
2026-09-02T07:35:43.621639+07:00,c11_sim,429,15.287,34.382,22.040,0.000,0.020,71.730
2026-09-02T07:35:43.754163+07:00,c11_sim,430,13.688,34.003,0.000,0.000,0.021,47.712
2026-09-02T07:35:43.955274+07:00,c11_sim,431,15.155,33.220,18.745,24.335,0.076,91.532
2026-09-02T07:35:44.093269+07:00,c11_sim,432,8.092,28.958,15.054,23.827,0.022,75.953
2026-09-02T07:35:44.188651+07:00,c11_sim,433,6.713,19.986,0.000,0.000,0.016,26.716
2026-09-02T07:35:44.375622+07:00,c11_sim,434,9.442,39.590,0.000,0.000,0.025,49.057
2026-09-02T07:35:44.531097+07:00,c11_sim,435,14.773,35.530,0.000,0.000,0.377,50.679
2026-09-02T07:35:44.703607+07:00,c11_sim,436,13.268,37.910,13.510,21.716,0.018,86.422
2026-09-02T07:35:44.805520+07:00,c11_sim,437,5.794,26.444,0.000,0.000,0.012,32.250
2026-09-02T07:35:44.994402+07:00,c11_sim,438,6.150,29.043,13.904,22.799,0.049,71.945
2026-09-02T07:35:45.157206+07:00,c11_sim,439,6.076,28.063,13.214,24.027,0.021,71.402
2026-09-02T07:35:45.296475+07:00,c11_sim,440,6.951,28.749,14.766,19.472,0.015,69.953
2026-09-02T07:35:45.442351+07:00,c11_sim,441,7.214,20.675,15.014,18.217,0.016,61.135
2026-09-02T07:35:45.600799+07:00,c11_sim,442,7.905,23.695,17.624,19.370,0.012,68.606
2026-09-02T07:35:45.775615+07:00,c11_sim,443,7.918,32.563,17.609,23.471,0.060,81.621
2026-09-02T07:35:45.903285+07:00,c11_sim,444,6.955,18.749,14.778,19.144,0.072,59.698
2026-09-02T07:35:46.064033+07:00,c11_sim,445,6.998,25.661,18.113,20.072,0.034,70.879
2026-09-02T07:35:46.234936+07:00,c11_sim,446,6.627,33.326,15.800,24.194,0.021,79.968
2026-09-02T07:35:46.371500+07:00,c11_sim,447,7.294,29.408,13.506,23.657,0.026,73.890
2026-09-02T07:35:46.539691+07:00,c11_sim,448,7.157,32.281,18.144,24.289,0.020,81.892
2026-09-02T07:35:46.688244+07:00,c11_sim,449,6.467,30.783,17.831,24.221,0.020,79.322
2026-09-02T07:35:46.835031+07:00,c11_sim,450,6.451,30.786,15.108,24.044,0.020,76.409
2026-09-02T07:35:46.978574+07:00,c11_sim,451,6.679,29.362,18.088,20.465,0.060,74.653
2026-09-02T07:35:47.129330+07:00,c11_sim,452,7.013,21.201,16.252,18.960,0.022,63.449
2026-09-02T07:35:47.295944+07:00,c11_sim,453,7.024,30.052,18.096,19.597,0.017,74.786
2026-09-02T07:35:47.425056+07:00,c11_sim,454,7.206,19.630,15.011,18.396,0.020,60.262
2026-09-02T07:35:47.581244+07:00,c11_sim,455,7.664,22.962,17.813,18.828,0.015,67.283
2026-09-02T07:35:47.744381+07:00,c11_sim,456,8.464,28.076,16.484,22.285,0.021,75.332
2026-09-02T07:35:47.874692+07:00,c11_sim,457,6.969,19.475,15.938,18.754,0.018,61.155
2026-09-02T07:35:48.077786+07:00,c11_sim,458,10.764,38.048,20.712,21.699,0.015,91.239
2026-09-02T07:35:48.176858+07:00,c11_sim,459,7.176,15.005,14.323,18.771,0.060,55.334
2026-09-02T07:35:48.344951+07:00,c11_sim,460,7.286,29.939,15.653,21.508,0.069,74.456
2026-09-02T07:35:48.495956+07:00,c11_sim,461,7.091,20.914,17.635,19.436,0.018,65.094
2026-09-02T07:35:48.665607+07:00,c11_sim,462,8.881,31.230,17.522,19.494,0.022,77.150
2026-09-02T07:35:48.797908+07:00,c11_sim,463,6.949,20.479,17.494,18.936,0.017,63.875
2026-09-02T07:35:48.966970+07:00,c11_sim,464,6.978,30.361,16.185,24.282,0.045,77.852
2026-09-02T07:35:49.105618+07:00,c11_sim,465,6.712,25.818,13.620,22.516,0.031,68.698
2026-09-02T07:35:49.277823+07:00,c11_sim,466,7.867,31.229,21.047,22.350,0.022,82.514
2026-09-02T07:35:49.401053+07:00,c11_sim,467,7.499,15.828,16.211,18.964,0.024,58.526
2026-09-02T07:35:49.563531+07:00,c11_sim,468,8.967,25.882,16.290,20.162,0.177,71.479
2026-09-02T07:35:49.723555+07:00,c11_sim,469,5.350,26.769,14.842,21.046,0.034,68.041
2026-09-02T07:35:49.851114+07:00,c11_sim,470,6.330,17.592,15.438,20.560,0.038,59.959
2026-09-02T07:35:50.049688+07:00,c11_sim,471,6.548,34.391,20.715,25.125,0.039,86.818
2026-09-02T07:35:50.155718+07:00,c11_sim,472,7.458,30.495,0.000,0.000,0.016,37.969
2026-09-02T07:35:50.359578+07:00,c11_sim,473,10.111,35.275,24.849,24.633,0.030,94.897
2026-09-02T07:35:50.465016+07:00,c11_sim,474,7.242,16.002,15.834,21.873,0.112,61.063
2026-09-02T07:35:50.633900+07:00,c11_sim,475,7.639,24.942,20.252,24.074,0.036,76.942
2026-09-02T07:35:50.777397+07:00,c11_sim,476,7.098,28.727,14.608,23.256,0.089,73.778
2026-09-02T07:35:50.906019+07:00,c11_sim,477,6.351,31.401,0.000,0.000,0.020,37.773
2026-09-02T07:35:51.096496+07:00,c11_sim,478,7.475,31.932,20.644,24.001,0.022,84.074
2026-09-02T07:35:51.224931+07:00,c11_sim,479,7.940,19.373,16.151,19.620,0.026,63.111
2026-09-02T07:35:51.394796+07:00,c11_sim,480,8.028,30.133,19.341,22.244,0.021,79.767
2026-09-02T07:35:51.487624+07:00,c11_sim,481,6.498,17.436,0.000,0.000,0.012,23.946
2026-09-02T07:35:51.687116+07:00,c11_sim,482,15.436,36.755,0.000,0.000,0.008,52.198
2026-09-02T07:35:51.843248+07:00,c11_sim,483,12.005,28.728,0.000,0.000,0.021,40.753
2026-09-02T07:35:51.973896+07:00,c11_sim,484,13.298,34.662,0.000,0.000,0.025,47.985
2026-09-02T07:35:52.127048+07:00,c11_sim,485,7.080,30.641,0.000,0.000,0.015,37.735
2026-09-02T07:35:52.352929+07:00,c11_sim,486,14.908,33.670,0.000,0.000,0.018,48.597
2026-09-02T07:35:52.544428+07:00,c11_sim,487,14.106,32.235,0.000,0.000,0.024,46.365
2026-09-02T07:35:52.722149+07:00,c11_sim,488,12.031,32.053,0.000,0.000,0.020,44.104
2026-09-02T07:35:52.946989+07:00,c11_sim,489,13.721,36.707,0.000,0.000,0.023,50.452
2026-09-02T07:35:53.117824+07:00,c11_sim,490,7.639,28.140,0.000,0.000,0.017,35.796
2026-09-02T07:35:53.343444+07:00,c11_sim,491,15.537,33.053,0.000,0.000,0.022,48.613
2026-09-02T07:35:53.539380+07:00,c11_sim,492,13.633,33.655,0.000,0.000,0.024,47.312
2026-09-02T07:35:53.740487+07:00,c11_sim,493,14.021,33.625,0.000,0.000,0.022,47.668
2026-09-02T07:35:53.936826+07:00,c11_sim,494,8.474,34.554,0.000,0.000,0.023,43.051
2026-09-02T07:35:54.133319+07:00,c11_sim,495,15.442,32.784,0.000,0.000,0.412,48.638
2026-09-02T07:35:54.323023+07:00,c11_sim,496,8.256,30.780,0.000,0.000,0.034,39.070
2026-09-02T07:35:54.547241+07:00,c11_sim,497,14.227,34.648,0.000,0.000,0.013,48.887
2026-09-02T07:35:54.748741+07:00,c11_sim,498,11.625,34.640,0.000,0.000,0.015,46.280
2026-09-02T07:35:54.928696+07:00,c11_sim,499,14.230,32.795,0.000,0.000,0.012,47.037
2026-09-02T07:35:55.124626+07:00,c11_sim,500,13.391,31.540,0.000,0.000,0.013,44.944
2026-09-02T07:35:55.346596+07:00,c11_sim,501,11.523,33.475,0.000,0.000,0.016,45.013
2026-09-02T07:35:55.554284+07:00,c11_sim,502,15.215,35.319,0.000,0.000,0.014,50.548
2026-09-02T07:35:55.726591+07:00,c9_sim,259,10.604,30.464,0.000,0.000,0.017,41.085
2026-09-02T07:35:55.950881+07:00,c9_sim,260,11.350,32.538,0.000,0.000,0.027,43.915
2026-09-02T07:35:56.146577+07:00,c9_sim,261,13.164,33.734,0.000,0.000,0.023,46.921
2026-09-02T07:35:56.340086+07:00,c9_sim,262,12.152,34.737,0.000,0.000,0.024,46.912
2026-09-02T07:35:56.542476+07:00,c9_sim,263,10.930,34.582,0.000,0.000,0.023,45.535
2026-09-02T07:35:56.766136+07:00,c9_sim,264,7.125,27.845,25.575,0.000,0.019,60.564
2026-09-02T07:35:56.957185+07:00,c9_sim,265,9.270,27.836,19.955,0.004,0.055,57.120
2026-09-02T07:35:57.137066+07:00,c9_sim,266,9.117,32.115,0.000,0.000,0.024,41.256
2026-09-02T07:35:57.336077+07:00,c9_sim,267,9.680,32.717,0.000,0.000,0.025,42.422
2026-09-02T07:35:57.535091+07:00,c9_sim,268,8.478,32.862,0.000,0.000,0.028,41.368
2026-09-02T07:35:57.739109+07:00,c9_sim,269,8.040,37.225,0.000,0.000,0.031,45.296
2026-09-02T07:35:57.944610+07:00,c9_sim,270,11.767,33.955,0.000,0.000,0.026,45.748
2026-09-02T07:35:58.170412+07:00,c9_sim,271,8.065,35.249,21.593,0.006,0.072,64.984
2026-09-02T07:35:58.370250+07:00,c9_sim,272,6.100,39.786,17.733,0.006,0.335,63.960
2026-09-02T07:35:58.549767+07:00,c9_sim,273,8.122,39.938,0.000,0.000,0.087,48.147
2026-09-02T07:35:58.750452+07:00,c9_sim,274,9.320,33.941,0.000,0.000,0.034,43.296
2026-09-02T07:35:58.961930+07:00,c9_sim,275,12.586,42.686,0.000,0.000,0.030,55.303
2026-09-02T07:35:59.133165+07:00,c9_sim,276,6.863,32.913,0.000,0.000,0.031,39.807
2026-09-02T07:35:59.330448+07:00,c9_sim,277,6.167,33.592,0.000,0.000,0.034,39.794
2026-09-02T07:35:59.603131+07:00,c9_sim,278,7.972,36.885,22.322,24.491,0.037,91.707
2026-09-02T07:35:59.777227+07:00,c9_sim,279,8.473,31.332,19.296,23.178,0.019,82.297
2026-09-02T07:35:59.994959+07:00,c9_sim,280,13.041,32.237,18.936,20.638,0.040,84.891
2026-09-02T07:36:00.147156+07:00,c9_sim,281,12.693,37.586,0.000,0.000,0.023,50.302
2026-09-02T07:36:00.353437+07:00,c9_sim,282,12.052,35.445,0.000,0.000,0.023,47.521
2026-09-02T07:36:00.613186+07:00,c9_sim,283,11.353,43.523,19.858,29.387,0.020,104.141
2026-09-02T07:36:00.775692+07:00,c9_sim,284,5.051,30.523,14.951,22.299,0.017,72.842
2026-09-02T07:36:00.927177+07:00,c9_sim,285,8.810,26.711,0.000,0.000,0.020,35.542
2026-09-02T07:36:01.201922+07:00,c9_sim,286,9.989,36.051,22.043,24.447,0.026,92.555
2026-09-02T07:36:01.372923+07:00,c9_sim,287,8.482,31.901,17.451,24.393,0.024,82.251
2026-09-02T07:36:01.604088+07:00,c9_sim,288,10.929,37.334,20.199,24.584,0.046,93.093
2026-09-02T07:36:01.784078+07:00,c9_sim,289,6.621,41.303,16.303,26.873,0.027,91.125
2026-09-02T07:36:01.989753+07:00,c9_sim,290,6.797,33.248,20.427,28.997,0.042,89.510
2026-09-02T07:36:02.190149+07:00,c9_sim,291,9.396,34.306,19.705,24.471,0.064,87.943
2026-09-02T07:36:02.389886+07:00,c9_sim,292,8.824,33.464,19.718,23.701,0.020,85.726
2026-09-02T07:36:02.580277+07:00,c9_sim,293,7.001,27.068,20.224,25.235,0.022,79.550
2026-09-02T07:36:02.731154+07:00,c9_sim,294,8.128,33.768,0.000,0.000,0.021,41.917
2026-09-02T07:36:02.960570+07:00,c9_sim,295,11.878,37.649,0.000,0.000,0.021,49.548
2026-09-02T07:36:03.177690+07:00,c9_sim,296,7.970,34.623,19.934,22.575,0.019,85.120
2026-09-02T07:36:03.336366+07:00,c9_sim,297,6.270,34.770,0.000,0.000,0.021,41.061
2026-09-02T07:36:03.536448+07:00,c9_sim,298,10.255,28.220,0.000,0.000,0.022,38.497
2026-09-02T07:36:03.749194+07:00,c9_sim,299,11.551,23.833,0.000,0.000,0.014,35.399
2026-09-02T07:36:03.945638+07:00,c9_sim,300,11.584,26.860,0.000,0.000,0.024,38.467
2026-09-02T07:36:04.143141+07:00,c9_sim,301,10.112,36.415,0.000,0.000,0.021,46.548
2026-09-02T07:36:04.387196+07:00,c9_sim,302,12.906,37.326,19.973,24.337,0.034,94.574
2026-09-02T07:36:04.579146+07:00,c9_sim,303,10.767,32.599,17.971,22.978,0.066,84.380
2026-09-02T07:36:04.723281+07:00,c9_sim,304,9.216,24.095,0.000,0.000,0.016,33.327
2026-09-02T07:36:04.943588+07:00,c9_sim,305,10.302,33.395,0.000,0.000,0.021,43.718
2026-09-02T07:36:05.196512+07:00,c9_sim,306,11.556,36.141,18.544,22.372,0.069,88.681
2026-09-02T07:36:05.374623+07:00,c9_sim,307,7.077,24.062,19.127,20.855,0.066,71.187
2026-09-02T07:36:05.601193+07:00,c9_sim,308,9.241,35.053,20.645,24.359,0.031,89.329
2026-09-02T07:36:05.795260+07:00,c9_sim,309,7.095,33.432,20.372,21.726,0.021,82.646
2026-09-02T07:36:06.000961+07:00,c9_sim,310,7.046,31.195,19.943,25.767,0.074,84.026
2026-09-02T07:36:06.157819+07:00,c9_sim,311,7.026,21.898,15.811,21.620,0.031,66.387
2026-09-02T07:36:06.380557+07:00,c9_sim,312,10.501,34.481,19.706,21.918,0.024,86.631
2026-09-02T07:36:06.601738+07:00,c9_sim,313,11.400,32.831,19.587,23.752,0.073,87.643
2026-09-02T07:36:06.774732+07:00,c9_sim,314,6.655,31.235,18.052,23.921,0.064,79.926
2026-09-02T07:36:06.983190+07:00,c9_sim,315,13.047,21.620,18.765,22.870,0.025,76.328
2026-09-02T07:36:07.177549+07:00,c9_sim,316,12.379,30.121,18.059,22.759,0.034,83.352
2026-09-02T07:36:07.400431+07:00,c9_sim,317,10.042,30.659,22.481,22.450,0.086,85.718
2026-09-02T07:36:07.603899+07:00,c9_sim,318,8.212,35.776,21.265,24.798,0.047,90.097
2026-09-02T07:36:07.774906+07:00,c9_sim,319,6.744,31.696,16.241,24.265,0.108,79.054
2026-09-02T07:36:07.993790+07:00,c9_sim,320,6.416,33.439,20.000,22.948,0.028,82.832
2026-09-02T07:36:08.208931+07:00,c9_sim,321,10.709,34.179,22.361,33.382,0.078,100.709
2026-09-02T07:36:08.372603+07:00,c9_sim,322,5.232,31.747,15.388,24.235,0.024,76.625
2026-09-02T07:36:08.591711+07:00,c9_sim,323,5.660,32.940,19.733,24.301,0.032,82.666
2026-09-02T07:36:08.779670+07:00,c9_sim,324,9.230,29.476,15.948,19.677,0.021,74.352
2026-09-02T07:36:08.983744+07:00,c9_sim,325,10.203,25.786,20.139,21.604,0.029,77.760
2026-09-02T07:36:09.176433+07:00,c9_sim,326,6.828,33.741,20.906,24.825,0.030,86.330
2026-09-02T07:36:09.403063+07:00,c9_sim,327,8.809,35.327,22.034,24.401,0.032,90.602
2026-09-02T07:36:09.582114+07:00,c9_sim,328,9.703,31.989,19.737,27.350,0.027,88.805
2026-09-02T07:36:09.764496+07:00,c9_sim,329,8.303,22.664,19.088,20.296,0.026,70.377
2026-09-02T07:36:09.990452+07:00,c9_sim,330,9.309,29.434,22.154,24.447,0.031,85.374
2026-09-02T07:36:10.187924+07:00,c9_sim,331,11.577,34.479,20.939,23.395,0.022,90.412
2026-09-02T07:36:10.390180+07:00,c9_sim,332,8.654,33.441,21.123,24.725,0.036,87.979
2026-09-02T07:36:10.592446+07:00,c9_sim,333,8.644,33.644,22.973,24.555,0.024,89.839
2026-09-02T07:36:10.780572+07:00,c9_sim,334,7.594,23.301,22.361,20.264,0.022,73.543
2026-09-02T07:36:10.976118+07:00,c9_sim,335,11.250,33.645,20.879,18.614,0.018,84.406
2026-09-02T07:36:11.200931+07:00,c9_sim,336,10.614,34.225,22.940,24.102,0.113,91.994
2026-09-02T07:36:11.377076+07:00,c9_sim,337,9.182,36.291,17.162,23.201,0.024,85.861
2026-09-02T07:36:11.600755+07:00,c9_sim,338,9.077,36.853,20.074,24.858,0.026,90.887
2026-09-02T07:36:11.759535+07:00,c9_sim,339,6.891,21.959,19.827,20.329,0.028,69.033
2026-09-02T07:36:11.983708+07:00,c9_sim,340,8.375,33.995,22.870,25.501,0.034,90.775
2026-09-02T07:36:12.137757+07:00,c9_sim,341,6.958,34.333,0.000,0.000,0.023,41.314
2026-09-02T07:36:12.340386+07:00,c9_sim,342,11.392,35.774,0.000,0.000,0.025,47.192
2026-09-02T07:36:12.534082+07:00,c9_sim,343,11.326,34.346,0.000,0.000,0.026,45.698
2026-09-02T07:36:12.781911+07:00,c8_sim,129,8.598,33.663,24.925,0.000,0.018,67.205
2026-09-02T07:36:12.982161+07:00,c8_sim,130,15.296,35.774,20.117,0.005,0.193,71.386
2026-09-02T07:36:13.221071+07:00,c8_sim,131,10.392,44.226,23.431,26.040,0.146,104.235
2026-09-02T07:36:13.381133+07:00,c8_sim,132,8.430,23.669,18.940,20.667,0.024,71.731
2026-09-02T07:36:13.578340+07:00,c8_sim,133,15.210,33.326,19.859,0.003,0.187,68.586
2026-09-02T07:36:13.807405+07:00,c8_sim,134,9.807,36.725,21.744,24.140,0.017,92.433
2026-09-02T07:36:13.986118+07:00,c8_sim,135,9.695,22.187,18.034,22.361,0.020,72.297
2026-09-02T07:36:14.207202+07:00,c8_sim,136,15.893,33.823,20.205,23.967,0.017,93.905
2026-09-02T07:36:14.394528+07:00,c8_sim,137,11.631,31.239,16.458,22.994,0.017,82.338
2026-09-02T07:36:14.594136+07:00,c8_sim,138,11.266,33.699,19.828,22.042,0.013,86.848
2026-09-02T07:36:14.789594+07:00,c8_sim,139,10.124,33.494,17.924,24.486,0.023,86.051
2026-09-02T07:36:14.981164+07:00,c8_sim,140,10.243,27.725,15.468,22.256,0.021,75.713
2026-09-02T07:36:15.199383+07:00,c8_sim,141,12.676,35.760,20.436,24.547,0.023,93.442
2026-09-02T07:36:15.390765+07:00,c8_sim,142,10.970,31.910,17.313,25.993,0.298,86.484
2026-09-02T07:36:15.584533+07:00,c8_sim,143,14.088,31.494,17.049,23.995,0.064,86.691
2026-09-02T07:36:15.765824+07:00,c8_sim,144,14.194,33.616,0.000,0.000,0.025,47.835
2026-09-02T07:36:16.015074+07:00,c8_sim,145,9.539,35.123,23.228,25.209,0.026,93.125
2026-09-02T07:36:16.187933+07:00,c8_sim,146,9.218,34.114,17.361,24.212,0.029,84.935
2026-09-02T07:36:16.402673+07:00,c8_sim,147,9.281,33.217,20.833,24.467,0.023,87.821
2026-09-02T07:36:16.595087+07:00,c8_sim,148,8.521,32.379,17.033,20.539,0.018,78.491
2026-09-02T07:36:16.777571+07:00,c8_sim,149,8.945,23.840,18.662,19.316,0.022,70.785
2026-09-02T07:36:16.994589+07:00,c8_sim,150,14.710,32.721,20.250,21.018,0.015,88.715
2026-09-02T07:36:17.211277+07:00,c8_sim,151,13.327,34.634,19.553,22.041,0.015,89.569
2026-09-02T07:36:17.371418+07:00,c8_sim,152,8.171,22.939,18.243,19.639,0.023,69.014
2026-09-02T07:36:17.621564+07:00,c8_sim,153,15.515,36.097,18.972,28.723,0.025,99.332
2026-09-02T07:36:17.804721+07:00,c8_sim,154,7.052,37.528,17.817,29.144,0.040,91.581
2026-09-02T07:36:18.011434+07:00,c8_sim,155,9.909,39.723,20.492,23.898,0.020,94.042
2026-09-02T07:36:18.169426+07:00,c8_sim,156,11.069,24.182,16.302,18.577,0.020,70.150
2026-09-02T07:36:18.387000+07:00,c8_sim,157,8.195,28.140,20.582,20.540,0.026,77.483
2026-09-02T07:36:18.565661+07:00,c8_sim,158,10.517,33.272,0.000,0.000,0.024,43.813
2026-09-02T07:36:18.807679+07:00,c8_sim,159,13.334,28.075,20.917,21.420,0.030,83.777
2026-09-02T07:36:18.950110+07:00,c8_sim,160,7.449,24.032,0.000,0.000,0.019,31.501
2026-09-02T07:36:19.149734+07:00,c8_sim,161,14.362,32.596,0.000,0.000,0.023,46.981
2026-09-02T07:36:19.343588+07:00,c8_sim,162,11.839,32.469,0.000,0.000,0.024,44.332
2026-09-02T07:36:19.562728+07:00,c8_sim,163,8.845,36.796,0.000,0.000,0.024,45.665
2026-09-02T07:36:19.763510+07:00,c8_sim,164,12.307,33.729,0.000,0.000,0.022,46.058
2026-09-02T07:36:19.962408+07:00,c8_sim,165,15.959,33.256,0.000,0.000,0.024,49.240
2026-09-02T07:36:20.160097+07:00,c8_sim,166,15.136,32.220,0.000,0.000,0.025,47.381
2026-09-02T07:36:20.358435+07:00,c8_sim,167,12.317,34.072,0.000,0.000,0.026,46.415
2026-09-02T07:36:20.557684+07:00,c8_sim,168,15.381,33.556,0.000,0.000,0.024,48.960
2026-09-02T07:36:20.753925+07:00,c8_sim,169,12.003,33.852,0.000,0.000,0.022,45.877
2026-09-02T07:36:20.956989+07:00,c8_sim,170,14.935,37.789,0.000,0.000,0.025,52.749
2026-09-02T07:36:21.152122+07:00,c8_sim,171,15.332,30.783,0.000,0.000,0.023,46.138
2026-09-02T07:36:21.352875+07:00,c8_sim,172,12.640,32.298,0.000,0.000,0.023,44.961
2026-09-02T07:36:21.561037+07:00,c8_sim,173,14.368,34.764,0.000,0.000,0.023,49.155
2026-09-02T07:36:21.755902+07:00,c8_sim,174,10.708,32.632,0.000,0.000,0.475,43.814
2026-09-02T07:36:21.965489+07:00,c8_sim,175,16.325,35.034,0.000,0.000,0.046,51.405
2026-09-02T07:36:22.170173+07:00,c8_sim,176,16.693,36.351,0.000,0.000,0.014,53.058
2026-09-02T07:36:22.341899+07:00,c8_sim,177,10.363,32.358,0.000,0.000,0.013,42.734
2026-09-02T07:36:22.563676+07:00,c8_sim,178,16.593,33.837,0.000,0.000,0.013,50.443
2026-09-02T07:36:22.756477+07:00,c8_sim,179,13.757,32.174,0.000,0.000,0.012,45.944
2026-09-02T07:36:22.972008+07:00,c8_sim,180,15.460,34.562,0.000,0.000,0.014,50.036
2026-09-02T07:36:23.143579+07:00,c8_sim,181,15.628,31.543,0.000,0.000,0.012,47.182
2026-09-02T07:36:23.366746+07:00,c8_sim,182,12.736,37.110,0.000,0.000,0.014,49.860
2026-09-02T07:36:23.564085+07:00,c8_sim,183,15.392,34.762,0.000,0.000,0.014,50.168
2026-09-02T07:36:23.759817+07:00,c8_sim,184,12.986,31.672,0.000,0.000,0.013,44.672
2026-09-02T07:36:23.966335+07:00,c8_sim,185,15.964,36.849,0.000,0.000,0.012,52.825
2026-09-02T07:36:24.164632+07:00,c8_sim,186,14.297,34.520,0.000,0.000,0.012,48.829
2026-09-02T07:36:24.357788+07:00,c8_sim,187,14.115,33.630,0.000,0.000,0.011,47.756
2026-09-02T07:36:24.557499+07:00,c8_sim,188,11.437,35.182,0.000,0.000,0.013,46.632
2026-09-02T07:36:24.777784+07:00,c10_sim,124,10.774,32.520,24.845,0.000,0.016,68.155
2026-09-02T07:36:24.986018+07:00,c10_sim,125,6.453,28.453,13.002,21.177,0.088,69.173
2026-09-02T07:36:25.175591+07:00,c10_sim,126,5.793,27.091,14.137,24.155,0.102,71.278
2026-09-02T07:36:25.392996+07:00,c10_sim,127,8.344,27.898,13.997,24.086,0.137,74.461
2026-09-02T07:36:25.572886+07:00,c10_sim,128,6.273,18.772,14.020,20.319,0.020,59.404
2026-09-02T07:36:25.791124+07:00,c10_sim,129,6.266,31.027,14.837,25.862,0.028,78.020
2026-09-02T07:36:25.980491+07:00,c10_sim,130,7.311,27.796,14.221,20.976,0.019,70.322
2026-09-02T07:36:26.190681+07:00,c10_sim,131,6.077,28.055,14.803,24.336,0.022,73.293
2026-09-02T07:36:26.378464+07:00,c10_sim,132,7.359,27.987,13.627,20.469,0.015,69.458
2026-09-02T07:36:26.593721+07:00,c10_sim,133,8.245,30.655,14.671,22.422,0.018,76.012
2026-09-02T07:36:26.779226+07:00,c10_sim,134,7.654,27.763,13.375,19.818,0.015,68.625
2026-09-02T07:36:26.985087+07:00,c10_sim,135,8.441,21.869,16.614,19.526,0.192,66.642
2026-09-02T07:36:27.204222+07:00,c10_sim,136,8.928,31.450,16.973,24.003,0.042,81.396
2026-09-02T07:36:27.394180+07:00,c10_sim,137,7.254,28.521,13.873,21.079,0.019,70.745
2026-09-02T07:36:27.572528+07:00,c10_sim,138,6.414,17.656,13.903,19.816,0.017,57.807
2026-09-02T07:36:27.757926+07:00,c10_sim,139,7.573,22.167,11.512,0.003,0.012,41.267
2026-09-02T07:36:28.001238+07:00,c10_sim,140,9.622,30.529,16.996,24.453,0.019,81.620
2026-09-02T07:36:28.191627+07:00,c10_sim,141,7.584,29.105,13.940,24.547,0.021,75.197
2026-09-02T07:36:28.357182+07:00,c10_sim,142,7.623,29.243,13.656,0.004,0.020,50.546
2026-09-02T07:36:28.576261+07:00,c10_sim,143,10.468,31.189,17.472,0.003,0.011,59.142
2026-09-02T07:36:28.760143+07:00,c10_sim,144,6.838,27.523,13.279,0.005,0.018,47.662
2026-09-02T07:36:28.986945+07:00,c10_sim,145,9.611,36.045,16.742,0.006,0.034,62.438
2026-09-02T07:36:29.176377+07:00,c10_sim,146,9.093,30.998,14.884,0.005,0.016,54.996
2026-09-02T07:36:29.365478+07:00,c10_sim,147,10.347,30.997,15.207,0.004,0.018,56.574
2026-09-02T07:36:29.564160+07:00,c10_sim,148,10.102,32.565,0.000,0.000,0.024,42.690
2026-09-02T07:36:29.758441+07:00,c10_sim,149,7.893,30.743,0.000,0.000,0.024,38.660
2026-09-02T07:36:29.956247+07:00,c10_sim,150,9.261,31.433,0.000,0.000,0.015,40.709
2026-09-02T07:36:30.154438+07:00,c10_sim,151,9.165,31.549,0.000,0.000,0.022,40.736
2026-09-02T07:36:30.357012+07:00,c10_sim,152,7.686,31.127,0.000,0.000,0.011,38.824
2026-09-02T07:36:30.551868+07:00,c10_sim,153,11.229,30.517,0.000,0.000,0.008,41.754
2026-09-02T07:36:30.761839+07:00,c12_sim,39,6.121,28.466,0.000,0.000,0.010,34.597
2026-09-02T07:36:31.008329+07:00,c12_sim,40,9.479,31.484,23.633,28.550,0.026,93.172
2026-09-02T07:36:31.161818+07:00,c12_sim,41,5.611,27.943,0.000,0.000,0.013,33.567
2026-09-02T07:36:31.362993+07:00,c12_sim,42,9.807,31.913,0.000,0.000,0.016,41.736
2026-09-02T07:36:31.557762+07:00,c12_sim,43,7.731,31.913,0.000,0.000,0.015,39.659
2026-09-02T07:36:31.747133+07:00,c12_sim,44,6.764,28.148,0.000,0.000,0.011,34.923
2026-09-02T07:36:31.968286+07:00,c12_sim,45,10.033,31.272,0.000,0.000,0.011,41.316
2026-09-02T07:36:32.161264+07:00,c12_sim,46,9.171,31.223,0.000,0.000,0.016,40.409
2026-09-02T07:36:32.366401+07:00,c12_sim,47,7.870,35.800,0.000,0.000,0.011,43.680
2026-09-02T07:36:32.565634+07:00,c12_sim,48,7.761,35.289,0.000,0.000,0.456,43.506
2026-09-02T07:36:32.766967+07:00,c11_sim,503,8.115,35.409,0.000,0.000,0.022,43.546
2026-09-02T07:36:32.965377+07:00,c11_sim,504,7.427,27.549,0.000,0.000,0.007,34.983
2026-09-02T07:36:33.160609+07:00,c11_sim,505,8.788,30.265,0.000,0.000,0.007,39.061
2026-09-02T07:36:33.382554+07:00,c11_sim,506,10.103,30.668,19.999,0.000,0.006,60.776
2026-09-02T07:36:33.594694+07:00,c11_sim,507,10.058,32.354,16.750,0.004,0.075,59.241
2026-09-02T07:36:33.788884+07:00,c11_sim,508,7.917,30.915,14.464,0.003,0.013,53.311
2026-09-02T07:36:34.002555+07:00,c11_sim,509,10.088,30.931,14.276,23.532,0.016,78.843
2026-09-02T07:36:34.181396+07:00,c11_sim,510,8.259,32.348,0.000,0.000,0.019,40.626
2026-09-02T07:36:34.372485+07:00,c11_sim,511,9.583,31.669,0.000,0.000,0.018,41.271
2026-09-02T07:36:34.606478+07:00,c11_sim,512,8.988,28.779,14.105,23.487,0.064,75.423
2026-09-02T07:36:34.811381+07:00,c11_sim,513,7.903,28.742,13.268,20.285,0.045,70.242
2026-09-02T07:36:34.994349+07:00,c11_sim,514,7.746,27.710,13.175,21.124,0.042,69.798
2026-09-02T07:36:35.209555+07:00,c11_sim,515,6.854,28.741,13.522,23.292,0.015,72.425
2026-09-02T07:36:35.364999+07:00,c11_sim,516,7.373,29.857,0.000,0.000,0.014,37.244
2026-09-02T07:36:35.595717+07:00,c11_sim,517,9.407,29.406,14.271,19.714,0.046,72.844
2026-09-02T07:36:35.767076+07:00,c11_sim,518,7.535,28.193,0.000,0.000,0.011,35.739
2026-09-02T07:36:35.964699+07:00,c11_sim,519,9.801,30.954,0.000,0.000,0.023,40.778
2026-09-02T07:36:36.218314+07:00,c11_sim,520,9.508,30.902,17.111,23.796,0.065,81.383
2026-09-02T07:36:36.407251+07:00,c11_sim,521,7.725,28.269,13.663,23.811,0.076,73.543
2026-09-02T07:36:36.594082+07:00,c11_sim,522,6.934,29.332,12.609,19.162,0.015,68.052
2026-09-02T07:36:36.806342+07:00,c11_sim,523,7.798,29.885,14.085,23.681,0.021,75.471
2026-09-02T07:36:37.014504+07:00,c11_sim,524,8.240,30.506,14.320,19.395,0.016,72.477
2026-09-02T07:36:37.195186+07:00,c11_sim,525,8.351,28.143,13.553,20.028,0.019,70.094
2026-09-02T07:36:37.417820+07:00,c11_sim,526,8.054,30.886,16.057,23.597,0.054,78.649
2026-09-02T07:36:37.610382+07:00,c11_sim,527,8.249,29.833,14.688,21.886,0.014,74.671
2026-09-02T07:36:37.793315+07:00,c11_sim,528,7.622,27.844,13.450,22.520,0.019,71.455
2026-09-02T07:36:37.967893+07:00,c11_sim,529,8.637,30.017,0.000,0.000,0.021,38.675
2026-09-02T07:36:38.160286+07:00,c11_sim,530,9.584,30.247,0.000,0.000,0.013,39.844
2026-09-02T07:36:38.424340+07:00,c11_sim,531,9.626,32.973,16.697,23.488,0.015,82.799
2026-09-02T07:36:38.613013+07:00,c11_sim,532,7.692,30.558,15.491,19.572,0.190,73.503
2026-09-02T07:36:38.804331+07:00,c11_sim,533,8.008,28.000,13.759,23.225,0.055,73.046
2026-09-02T07:36:38.958538+07:00,c11_sim,534,8.328,30.243,0.000,0.000,0.011,38.581
2026-09-02T07:36:39.222267+07:00,c11_sim,535,8.639,31.352,17.272,23.564,0.017,80.844
2026-09-02T07:36:39.408875+07:00,c11_sim,536,7.383,28.125,13.363,23.722,0.069,72.662
2026-09-02T07:36:39.595292+07:00,c11_sim,537,7.548,29.172,13.899,19.389,0.048,70.057
2026-09-02T07:36:39.804370+07:00,c11_sim,538,6.729,28.173,13.481,23.455,0.018,71.855
2026-09-02T07:36:39.993544+07:00,c11_sim,539,8.209,29.788,13.988,21.772,0.024,73.780
2026-09-02T07:36:40.203519+07:00,c11_sim,540,8.302,30.188,13.999,23.289,0.080,75.858
2026-09-02T07:36:40.393840+07:00,c11_sim,541,6.946,28.161,14.282,21.420,0.023,70.832
2026-09-02T07:36:40.610706+07:00,c11_sim,542,9.452,30.728,17.536,21.078,0.059,78.853
2026-09-02T07:36:40.782964+07:00,c11_sim,543,6.232,16.361,13.002,19.122,0.070,54.787
2026-09-02T07:36:41.002501+07:00,c11_sim,544,8.134,31.164,13.332,23.669,0.115,76.413
2026-09-02T07:36:41.194837+07:00,c11_sim,545,7.699,31.738,13.408,20.668,0.073,73.585
2026-09-02T07:36:41.411117+07:00,c11_sim,546,7.274,29.234,14.502,21.188,0.024,72.222
2026-09-02T07:36:41.603900+07:00,c11_sim,547,8.030,30.559,14.613,23.704,0.101,77.006
2026-09-02T07:36:41.794205+07:00,c11_sim,548,7.025,28.512,13.259,21.709,0.021,70.525
2026-09-02T07:36:41.991442+07:00,c11_sim,549,7.805,17.876,14.262,18.872,0.021,58.836
2026-09-02T07:36:42.207533+07:00,c11_sim,550,6.563,28.212,13.969,23.652,0.031,72.426
2026-09-02T07:36:42.395588+07:00,c11_sim,551,6.676,31.596,13.776,20.272,0.023,72.342
2026-09-02T07:36:42.591741+07:00,c11_sim,552,8.975,31.816,15.881,0.000,0.017,56.688
2026-09-02T07:36:42.808948+07:00,c11_sim,553,8.458,31.144,14.670,24.401,0.135,78.808
2026-09-02T07:36:42.986660+07:00,c11_sim,554,6.954,18.382,14.677,19.003,0.019,59.035
2026-09-02T07:36:43.200486+07:00,c11_sim,555,6.791,27.922,14.578,24.251,0.022,73.564
2026-09-02T07:36:43.411511+07:00,c11_sim,556,8.192,29.470,14.146,23.529,0.017,75.354
2026-09-02T07:36:43.581661+07:00,c11_sim,557,8.067,30.233,14.764,0.005,0.021,53.089
2026-09-02T07:36:43.768719+07:00,c11_sim,558,7.187,29.096,13.606,0.005,0.019,49.914
2026-09-02T07:36:43.975129+07:00,c11_sim,559,9.628,36.872,0.000,0.000,0.023,46.524
2026-09-02T07:36:44.165475+07:00,c11_sim,560,9.583,28.327,0.000,0.000,0.015,37.924
2026-09-02T07:36:44.367537+07:00,c11_sim,561,8.294,32.503,0.000,0.000,0.020,40.817
2026-09-02T07:36:44.584349+07:00,c11_sim,562,12.194,29.632,0.000,0.000,0.013,41.840
2026-09-02T07:36:44.789546+07:00,c11_sim,563,6.854,27.572,15.061,0.004,0.015,49.506
2026-09-02T07:36:44.996140+07:00,c11_sim,564,9.854,31.367,13.942,0.000,0.013,55.177
2026-09-02T07:36:45.187284+07:00,c11_sim,565,10.011,30.597,13.653,0.005,0.183,54.448
2026-09-02T07:36:45.406113+07:00,c11_sim,566,8.687,29.887,13.004,24.415,0.439,76.432
2026-09-02T07:36:45.622803+07:00,c11_sim,567,7.480,30.596,14.151,23.143,0.084,75.455
2026-09-02T07:36:45.807424+07:00,c11_sim,568,7.630,29.054,13.379,24.083,0.024,74.170
2026-09-02T07:36:46.027131+07:00,c11_sim,569,7.616,31.720,13.710,22.320,0.017,75.383
2026-09-02T07:36:46.216037+07:00,c11_sim,570,6.993,27.702,13.539,23.920,0.024,72.177
2026-09-02T07:36:46.427449+07:00,c11_sim,571,7.418,30.335,14.822,22.405,0.111,75.092
2026-09-02T07:36:46.606594+07:00,c11_sim,572,7.405,18.384,14.748,19.232,0.019,59.787
2026-09-02T07:36:46.822344+07:00,c11_sim,573,8.224,27.684,14.455,23.017,0.024,73.404
2026-09-02T07:36:47.009670+07:00,c11_sim,574,6.488,27.428,12.250,21.488,0.020,67.675
2026-09-02T07:36:47.195986+07:00,c11_sim,575,5.879,15.107,13.229,19.609,0.020,53.844
2026-09-02T07:36:47.394747+07:00,c11_sim,576,7.300,19.607,14.166,20.292,0.023,61.387
2026-09-02T07:36:47.604513+07:00,c11_sim,577,7.770,28.538,13.888,24.383,0.028,74.607
2026-09-02T07:36:47.831277+07:00,c11_sim,578,6.193,32.041,13.223,37.019,0.397,88.872
2026-09-02T07:36:48.023314+07:00,c11_sim,579,7.027,28.078,13.516,24.056,0.032,72.710
2026-09-02T07:36:48.192979+07:00,c11_sim,580,6.532,16.319,13.027,17.810,0.014,53.701
2026-09-02T07:36:48.403116+07:00,c11_sim,581,7.085,28.159,13.556,24.053,0.019,72.871
2026-09-02T07:36:48.619641+07:00,c11_sim,582,6.854,29.533,14.355,23.838,0.030,74.610
2026-09-02T07:36:48.824005+07:00,c11_sim,583,7.546,38.461,13.896,27.915,0.032,87.850
2026-09-02T07:36:49.021013+07:00,c11_sim,584,6.289,30.063,14.870,24.733,0.044,75.999
2026-09-02T07:36:49.195369+07:00,c11_sim,585,6.591,26.857,12.063,19.331,0.026,64.869
2026-09-02T07:36:49.409938+07:00,c11_sim,586,7.141,29.130,14.228,22.897,0.026,73.422
2026-09-02T07:36:49.624009+07:00,c11_sim,587,7.225,29.201,14.432,24.281,0.034,75.174
2026-09-02T07:36:49.789548+07:00,c11_sim,588,5.759,13.076,11.796,17.979,0.022,48.632
2026-09-02T07:36:49.988626+07:00,c11_sim,589,6.728,30.932,0.000,0.000,0.012,37.672
2026-09-02T07:36:50.177195+07:00,c11_sim,590,9.373,30.946,0.000,0.000,0.021,40.339
2026-09-02T07:36:50.419959+07:00,c11_sim,591,7.906,31.870,19.857,24.339,0.030,84.003
2026-09-02T07:36:50.612749+07:00,c11_sim,592,8.334,34.203,14.512,20.416,0.022,77.488
2026-09-02T07:36:50.811942+07:00,c11_sim,593,6.227,19.177,13.277,20.475,0.026,59.181
2026-09-02T07:36:50.990471+07:00,c11_sim,594,7.257,21.058,13.873,20.190,0.024,62.402
2026-09-02T07:36:51.202618+07:00,c11_sim,595,6.301,24.775,13.254,27.910,0.027,72.266
2026-09-02T07:36:51.409743+07:00,c11_sim,596,7.516,28.892,14.537,23.030,0.026,74.001
2026-09-02T07:36:51.605209+07:00,c11_sim,597,7.132,18.141,14.078,19.059,0.024,58.435
2026-09-02T07:36:51.808329+07:00,c11_sim,598,7.142,25.622,13.292,21.665,0.032,67.753
2026-09-02T07:36:52.026065+07:00,c11_sim,599,7.180,30.790,14.457,24.910,0.026,77.363
2026-09-02T07:36:52.202425+07:00,c11_sim,600,7.088,17.069,14.002,18.883,0.027,57.068
2026-09-02T07:36:52.410375+07:00,c11_sim,601,7.352,21.701,13.949,22.007,0.034,65.042
2026-09-02T07:36:52.629109+07:00,c11_sim,602,6.866,28.899,13.863,28.490,0.028,78.146
2026-09-02T07:36:52.778224+07:00,c11_sim,603,6.199,15.480,13.291,18.554,0.024,53.548
2026-09-02T07:36:52.980297+07:00,c11_sim,604,8.484,30.444,0.000,0.000,0.012,38.941
2026-09-02T07:36:53.181783+07:00,c11_sim,605,10.420,31.219,0.000,0.000,0.013,41.653
2026-09-02T07:36:53.419896+07:00,c11_sim,606,9.609,35.255,15.539,23.661,0.030,84.093
2026-09-02T07:36:53.619262+07:00,c11_sim,607,7.007,38.385,13.687,23.337,0.028,82.443
2026-09-02T07:36:53.809709+07:00,c11_sim,608,6.947,29.284,11.987,23.938,0.024,72.180
2026-09-02T07:36:53.947173+07:00,c11_sim,609,6.787,16.463,0.000,0.000,0.012,23.261
2026-09-02T07:36:54.213341+07:00,c11_sim,610,9.389,34.313,15.087,19.915,0.025,78.729
2026-09-02T07:36:54.411173+07:00,c11_sim,611,6.605,25.726,12.357,18.262,0.032,62.981
2026-09-02T07:36:54.588184+07:00,c11_sim,612,6.840,18.474,13.292,20.111,0.026,58.743
2026-09-02T07:36:54.797469+07:00,c11_sim,613,7.279,23.187,13.324,20.937,0.035,64.763
2026-09-02T07:36:55.008642+07:00,c11_sim,614,6.957,28.552,13.828,23.864,0.032,73.234
2026-09-02T07:36:55.210792+07:00,c11_sim,615,7.429,18.673,13.547,19.278,0.027,58.954
2026-09-02T07:36:55.359536+07:00,c11_sim,616,7.256,23.287,0.000,0.000,0.014,30.557
2026-09-02T07:36:55.629228+07:00,c11_sim,617,8.173,36.201,16.395,19.560,0.021,80.349
2026-09-02T07:36:55.805340+07:00,c11_sim,618,6.663,17.135,13.329,18.824,0.025,55.975
2026-09-02T07:36:56.007020+07:00,c11_sim,619,6.971,22.767,13.836,20.929,0.026,64.529
2026-09-02T07:36:56.194733+07:00,c11_sim,620,6.894,28.427,13.071,20.167,0.023,68.582
2026-09-02T07:36:56.388919+07:00,c11_sim,621,7.376,18.241,13.320,18.292,0.024,57.254
2026-09-02T07:36:56.595436+07:00,c11_sim,622,6.903,20.996,13.768,20.773,0.033,62.472
2026-09-02T07:36:56.767997+07:00,c11_sim,623,7.619,28.472,0.000,0.000,0.014,36.105
2026-09-02T07:36:57.035312+07:00,c11_sim,624,11.167,33.292,16.652,24.372,0.027,85.510
2026-09-02T07:36:57.195806+07:00,c11_sim,625,5.908,27.484,12.288,19.476,0.023,65.180
2026-09-02T07:36:57.375954+07:00,c11_sim,626,7.466,29.678,0.000,0.000,0.013,37.157
2026-09-02T07:36:57.612245+07:00,c11_sim,627,7.646,22.608,17.930,19.661,0.024,67.869
2026-09-02T07:36:57.758784+07:00,c11_sim,628,7.644,21.079,0.000,0.000,0.012,28.735
2026-09-02T07:36:58.022028+07:00,c11_sim,629,7.136,30.380,14.507,23.682,0.039,75.743
2026-09-02T07:36:58.167435+07:00,c11_sim,630,7.023,29.631,0.000,0.000,0.016,36.670
2026-09-02T07:36:58.380558+07:00,c11_sim,631,9.233,26.914,0.000,0.000,0.008,36.154
2026-09-02T07:36:58.576362+07:00,c11_sim,632,8.178,30.916,0.000,0.000,0.007,39.101
2026-09-02T07:36:58.774912+07:00,c11_sim,633,8.376,30.707,0.000,0.000,0.008,39.091
2026-09-02T07:36:58.990803+07:00,c11_sim,634,8.558,31.210,0.000,0.000,0.006,39.774
2026-09-02T07:36:59.209414+07:00,c11_sim,635,10.054,29.028,13.897,23.840,0.024,76.843
2026-09-02T07:36:59.384940+07:00,c11_sim,636,6.965,17.484,13.474,0.003,0.014,37.940
2026-09-02T07:36:59.597173+07:00,c11_sim,637,10.604,28.668,14.600,0.003,0.014,53.890
2026-09-02T07:36:59.760664+07:00,c11_sim,638,9.078,21.391,0.000,0.000,0.019,30.488
2026-09-02T07:36:59.968269+07:00,c11_sim,639,9.345,19.495,0.000,0.000,0.010,28.850
2026-09-02T07:37:00.181547+07:00,c11_sim,640,10.215,27.876,0.000,0.000,0.015,38.106
2026-09-02T07:37:00.367013+07:00,c11_sim,641,9.018,18.151,0.000,0.000,0.015,27.184
2026-09-02T07:37:00.570664+07:00,c11_sim,642,6.842,19.787,13.760,0.004,0.017,40.410
2026-09-02T07:37:00.778921+07:00,c11_sim,643,7.568,37.770,0.000,0.000,0.011,45.349
2026-09-02T07:37:00.979581+07:00,c11_sim,644,9.756,35.390,0.000,0.000,0.013,45.159
2026-09-02T07:37:01.168393+07:00,c11_sim,645,9.594,30.787,0.000,0.000,0.011,40.391
2026-09-02T07:37:01.379294+07:00,c11_sim,646,9.697,23.718,0.000,0.000,0.015,33.431
2026-09-02T07:37:01.577289+07:00,c11_sim,647,8.815,29.645,0.000,0.000,0.011,38.471
2026-09-02T07:37:01.771779+07:00,c11_sim,648,10.744,34.160,0.000,0.000,0.009,44.912
2026-09-02T07:37:01.959618+07:00,c11_sim,649,8.972,19.829,0.000,0.000,0.008,28.810
2026-09-02T07:37:02.161337+07:00,c11_sim,650,6.340,28.226,0.000,0.000,0.014,34.580
2026-09-02T07:37:02.383540+07:00,c11_sim,651,8.652,31.306,0.000,0.000,0.012,39.970
2026-09-02T07:37:02.584864+07:00,c11_sim,652,8.084,32.181,0.000,0.000,0.020,40.286
2026-09-02T07:37:02.826747+07:00,c12_sim,49,6.846,31.975,17.694,22.959,0.074,79.549
2026-09-02T07:37:02.969390+07:00,c12_sim,50,9.328,17.228,0.000,0.000,0.015,26.571
2026-09-02T07:37:03.188201+07:00,c12_sim,51,5.265,23.610,0.000,0.000,0.011,28.886
2026-09-02T07:37:03.380362+07:00,c12_sim,52,7.626,27.963,0.000,0.000,0.017,35.606
2026-09-02T07:37:03.589336+07:00,c12_sim,53,7.680,30.780,0.000,0.000,0.018,38.477
2026-09-02T07:37:03.778364+07:00,c12_sim,54,7.317,23.644,0.000,0.000,0.011,30.972
2026-09-02T07:37:03.970372+07:00,c12_sim,55,10.163,22.897,0.000,0.000,0.318,33.378
2026-09-02T07:37:04.194129+07:00,c12_sim,56,6.689,31.459,0.000,0.000,0.017,38.164
2026-09-02T07:37:04.393959+07:00,c12_sim,57,8.818,31.941,0.000,0.000,0.015,40.774
2026-09-02T07:37:04.582560+07:00,c12_sim,58,7.375,31.091,0.000,0.000,0.008,38.475
2026-09-02T07:37:04.776498+07:00,c12_sim,59,8.126,28.111,0.000,0.000,0.008,36.245
2026-09-02T07:37:04.972750+07:00,c12_sim,60,6.112,28.040,0.000,0.000,0.020,34.172
2026-09-02T07:37:05.162023+07:00,c12_sim,61,7.868,19.064,0.000,0.000,0.014,26.946
2026-09-02T07:37:05.407010+07:00,c10_sim,154,6.132,28.684,18.010,0.004,0.020,52.851
2026-09-02T07:37:05.628067+07:00,c10_sim,155,8.989,32.633,18.478,0.003,0.012,60.115
2026-09-02T07:37:05.802107+07:00,c10_sim,156,6.958,37.316,13.612,0.004,0.017,57.908
2026-09-02T07:37:06.019670+07:00,c10_sim,157,9.967,31.828,14.411,0.003,0.179,56.388
2026-09-02T07:37:06.202880+07:00,c10_sim,158,6.952,17.674,13.644,0.005,0.018,38.293
2026-09-02T07:37:06.427672+07:00,c10_sim,159,7.659,22.595,14.867,21.695,0.034,66.851
2026-09-02T07:37:06.620763+07:00,c10_sim,160,7.250,31.234,13.087,24.506,0.031,76.108
2026-09-02T07:37:06.835398+07:00,c10_sim,161,6.882,29.324,13.098,24.552,0.207,74.062
2026-09-02T07:37:07.029041+07:00,c10_sim,162,6.367,28.923,14.447,23.556,0.026,73.319
2026-09-02T07:37:07.206718+07:00,c10_sim,163,7.570,17.508,13.771,19.957,0.023,58.828
2026-09-02T07:37:07.424454+07:00,c10_sim,164,7.285,28.586,13.436,24.407,0.031,73.744
2026-09-02T07:37:07.618815+07:00,c10_sim,165,6.975,31.644,13.276,22.993,0.031,74.919
2026-09-02T07:37:07.836529+07:00,c10_sim,166,6.873,29.687,13.842,24.481,0.028,74.911
2026-09-02T07:37:08.014818+07:00,c10_sim,167,7.508,19.725,13.204,19.269,0.021,59.727
2026-09-02T07:37:08.227794+07:00,c10_sim,168,7.781,28.447,13.414,19.765,0.021,69.429
2026-09-02T07:37:08.414652+07:00,c10_sim,169,7.193,26.783,13.413,20.162,0.024,67.575
2026-09-02T07:37:08.613679+07:00,c10_sim,170,7.394,18.908,13.345,19.694,0.029,59.370
2026-09-02T07:37:08.781483+07:00,c10_sim,171,6.889,21.681,0.000,0.000,0.016,28.586
2026-09-02T07:37:09.025236+07:00,c10_sim,172,6.529,20.604,17.567,19.270,0.026,63.996
2026-09-02T07:37:09.211778+07:00,c10_sim,173,6.094,27.702,14.376,23.742,0.031,71.944
2026-09-02T07:37:09.433249+07:00,c10_sim,174,6.255,31.566,14.702,25.672,0.036,78.230
2026-09-02T07:37:09.625368+07:00,c10_sim,175,7.662,32.701,13.673,22.859,0.030,76.924
2026-09-02T07:37:09.797660+07:00,c10_sim,176,6.576,15.694,13.247,19.685,0.021,55.223
2026-09-02T07:37:10.006589+07:00,c11_sim,653,7.766,21.782,16.402,0.000,0.015,45.964
2026-09-02T07:37:10.216379+07:00,c11_sim,654,10.341,30.109,13.975,0.004,0.229,54.658
2026-09-02T07:37:10.397521+07:00,c11_sim,655,9.728,19.439,14.536,0.004,0.237,43.945
2026-09-02T07:37:10.605804+07:00,c11_sim,656,9.933,22.517,14.012,0.004,0.227,46.694
2026-09-02T07:37:10.824109+07:00,c11_sim,657,6.932,31.398,14.469,0.005,0.272,53.076
2026-09-02T07:37:11.005374+07:00,c11_sim,658,8.260,21.933,0.000,0.000,0.053,30.246
2026-09-02T07:37:11.244662+07:00,c11_sim,659,8.036,24.838,18.116,20.953,0.166,72.110
2026-09-02T07:37:11.435833+07:00,c11_sim,660,7.140,31.588,13.860,24.193,0.021,76.801
2026-09-02T07:37:11.608205+07:00,c11_sim,661,7.045,16.531,12.885,19.343,0.017,55.821
2026-09-02T07:37:11.809908+07:00,c11_sim,662,7.330,17.133,13.334,19.977,0.102,57.875
2026-09-02T07:37:12.027541+07:00,c11_sim,663,7.433,29.639,15.432,21.780,0.093,74.377
2026-09-02T07:37:12.229209+07:00,c11_sim,664,7.170,17.541,13.714,19.145,0.110,57.679
2026-09-02T07:37:12.441695+07:00,c11_sim,665,8.002,31.236,13.713,24.385,0.020,77.355
2026-09-02T07:37:12.618654+07:00,c11_sim,666,7.866,16.314,13.540,20.340,0.012,58.073
2026-09-02T07:37:12.824774+07:00,c11_sim,667,5.809,23.937,13.737,19.940,0.021,63.444
2026-09-02T07:37:13.034871+07:00,c11_sim,668,7.357,28.085,14.538,24.576,0.022,74.579
2026-09-02T07:37:13.252238+07:00,c11_sim,669,7.165,31.295,14.212,24.309,0.021,77.002
2026-09-02T07:37:13.443264+07:00,c11_sim,670,6.965,28.448,13.525,22.628,0.018,71.583
2026-09-02T07:37:13.619610+07:00,c11_sim,671,7.071,16.774,13.204,19.421,0.016,56.487
2026-09-02T07:37:13.819384+07:00,c11_sim,672,5.585,24.565,12.141,21.789,0.016,64.096
2026-09-02T07:37:14.027911+07:00,c11_sim,673,6.012,27.900,13.791,20.094,0.017,67.813
2026-09-02T07:37:14.229726+07:00,c11_sim,674,6.945,18.750,13.432,19.352,0.021,58.500
2026-09-02T07:37:14.437716+07:00,c11_sim,675,6.401,22.950,14.466,19.681,0.025,63.522
2026-09-02T07:37:14.591580+07:00,c11_sim,676,7.101,29.979,0.000,0.000,0.013,37.093
2026-09-02T07:37:14.833589+07:00,c11_sim,677,7.934,31.280,15.400,24.139,0.033,78.786
2026-09-02T07:37:15.045874+07:00,c11_sim,678,7.174,29.665,14.311,19.989,0.022,71.160
2026-09-02T07:37:15.210513+07:00,c11_sim,679,7.507,17.547,12.242,18.860,0.025,56.180
2026-09-02T07:37:15.418419+07:00,c11_sim,680,7.629,22.447,13.716,19.743,0.030,63.566
2026-09-02T07:37:15.633173+07:00,c11_sim,681,7.524,29.179,13.815,23.887,0.037,74.441
2026-09-02T07:37:15.825140+07:00,c11_sim,682,6.529,28.321,13.521,23.953,0.032,72.356
2026-09-02T07:37:16.003730+07:00,c11_sim,683,7.079,29.961,0.000,0.000,0.014,37.055
2026-09-02T07:37:16.240400+07:00,c11_sim,684,5.764,32.094,13.018,22.736,0.030,73.642
2026-09-02T07:37:16.428540+07:00,c11_sim,685,7.525,28.818,12.766,21.101,0.027,70.238
2026-09-02T07:37:16.622910+07:00,c11_sim,686,7.257,17.393,12.325,17.617,0.021,54.613
2026-09-02T07:37:16.828752+07:00,c11_sim,687,6.724,27.457,13.537,19.845,0.023,67.587
2026-09-02T07:37:17.044010+07:00,c11_sim,688,6.632,30.110,15.146,21.188,0.024,73.100
2026-09-02T07:37:17.215933+07:00,c11_sim,689,7.842,15.978,13.470,18.926,0.026,56.242
2026-09-02T07:37:17.415105+07:00,c11_sim,690,7.701,19.653,12.960,19.284,0.031,59.631
2026-09-02T07:37:17.616340+07:00,c11_sim,691,6.656,36.410,14.248,0.005,0.020,57.338
2026-09-02T07:37:17.783408+07:00,c11_sim,692,6.739,20.233,0.000,0.000,0.012,26.985
2026-09-02T07:37:18.033646+07:00,c11_sim,693,8.328,25.446,16.967,20.136,0.027,70.903
2026-09-02T07:37:18.255823+07:00,c11_sim,694,6.244,29.712,13.858,29.550,0.041,79.405
2026-09-02T07:37:18.394145+07:00,c11_sim,695,6.287,15.669,0.000,0.000,0.013,21.969
2026-09-02T07:37:18.589405+07:00,c11_sim,696,8.730,30.283,0.000,0.000,0.014,39.027
2026-09-02T07:37:18.789118+07:00,c11_sim,697,7.327,31.200,0.000,0.000,0.012,38.538
2026-09-02T07:37:19.006406+07:00,c11_sim,698,9.383,35.212,0.000,0.000,0.014,44.609
2026-09-02T07:37:19.249629+07:00,c11_sim,699,8.310,34.875,15.417,24.201,0.032,82.836
2026-09-02T07:37:19.404072+07:00,c11_sim,700,7.261,28.985,0.000,0.000,0.015,36.262
2026-09-02T07:37:19.603063+07:00,c11_sim,701,5.722,29.505,0.000,0.000,0.011,35.239
2026-09-02T07:37:19.804149+07:00,c11_sim,702,6.137,32.628,0.000,0.000,0.013,38.779
2026-09-02T07:37:20.003124+07:00,c11_sim,703,9.801,32.826,0.000,0.000,0.030,42.658
2026-09-02T07:37:20.183462+07:00,c11_sim,704,9.418,21.407,0.000,0.000,0.016,30.840
2026-09-02T07:37:20.393040+07:00,c11_sim,705,9.359,26.086,0.000,0.000,0.022,35.467
2026-09-02T07:37:20.613263+07:00,c11_sim,706,9.669,31.966,0.000,0.000,0.017,41.652
2026-09-02T07:37:20.794610+07:00,c11_sim,707,8.128,33.832,0.000,0.000,0.011,41.971
2026-09-02T07:37:21.002637+07:00,c11_sim,708,9.620,21.072,0.000,0.000,0.008,30.701
2026-09-02T07:37:21.190961+07:00,c11_sim,709,10.490,21.338,0.000,0.000,0.008,31.835
2026-09-02T07:37:21.404633+07:00,c11_sim,710,9.473,25.598,0.000,0.000,0.029,35.100
2026-09-02T07:37:21.597376+07:00,c11_sim,711,6.582,35.216,0.000,0.000,0.015,41.813
2026-09-02T07:37:21.804233+07:00,c11_sim,712,7.399,33.091,0.000,0.000,0.015,40.505
2026-09-02T07:37:21.998051+07:00,c11_sim,713,6.371,26.028,0.000,0.000,0.010,32.408
2026-09-02T07:37:22.196590+07:00,c11_sim,714,7.735,30.847,0.000,0.000,0.351,38.934
2026-09-02T07:37:22.401522+07:00,c11_sim,715,10.480,32.989,0.000,0.000,0.019,43.487
2026-09-02T07:37:22.601523+07:00,c11_sim,716,8.767,34.774,0.000,0.000,0.006,43.547
2026-09-02T07:37:22.784792+07:00,c11_sim,717,7.274,19.770,0.000,0.000,0.005,27.049
2026-09-02T07:37:22.998355+07:00,c11_sim,718,10.454,22.763,0.000,0.000,0.010,33.226
2026-09-02T07:37:23.214734+07:00,c9_sim,344,7.111,30.375,0.000,0.000,0.014,37.500
2026-09-02T07:37:23.410932+07:00,c9_sim,345,13.653,31.477,0.000,0.000,0.013,45.143
2026-09-02T07:37:23.608030+07:00,c9_sim,346,7.914,28.454,0.000,0.000,0.012,36.380
2026-09-02T07:37:23.790110+07:00,c9_sim,347,7.435,20.650,0.000,0.000,0.008,28.092
2026-09-02T07:37:23.996838+07:00,c9_sim,348,9.627,31.042,0.000,0.000,0.007,40.676
2026-09-02T07:37:24.214948+07:00,c9_sim,349,9.176,31.464,0.000,0.000,0.008,40.647
2026-09-02T07:37:24.414030+07:00,c9_sim,350,8.868,35.261,0.000,0.000,0.021,44.150
2026-09-02T07:37:24.618220+07:00,c9_sim,351,7.964,32.110,0.000,0.000,0.015,40.089
2026-09-02T07:37:24.793241+07:00,c9_sim,352,7.113,31.018,0.000,0.000,0.010,38.141
2026-09-02T07:37:25.016858+07:00,c9_sim,353,9.207,36.691,0.000,0.000,0.015,45.912
2026-09-02T07:37:25.219336+07:00,c9_sim,354,7.482,32.089,0.000,0.000,0.010,39.581
2026-09-02T07:37:25.400795+07:00,c9_sim,355,6.968,36.037,0.000,0.000,0.352,43.357
2026-09-02T07:37:25.621302+07:00,c9_sim,356,7.944,31.606,0.000,0.000,0.025,39.575
2026-09-02T07:37:25.797143+07:00,c9_sim,357,6.910,30.496,0.000,0.000,0.005,37.411
2026-09-02T07:37:26.002324+07:00,c9_sim,358,6.585,20.101,0.000,0.000,0.008,26.694
2026-09-02T07:37:26.197747+07:00,c9_sim,359,7.025,30.912,0.000,0.000,0.006,37.943
2026-09-02T07:37:26.406115+07:00,c9_sim,360,8.510,35.381,0.000,0.000,0.014,43.905
2026-09-02T07:37:26.605517+07:00,c9_sim,361,8.034,32.478,0.000,0.000,0.007,40.519
2026-09-02T07:37:26.802732+07:00,c9_sim,362,8.195,28.912,0.000,0.000,0.006,37.113
2026-09-02T07:37:27.000090+07:00,c9_sim,363,7.262,31.135,0.000,0.000,0.011,38.408
2026-09-02T07:37:27.196591+07:00,c9_sim,364,7.189,33.586,0.000,0.000,0.007,40.782
2026-09-02T07:37:27.415938+07:00,c9_sim,365,8.246,36.898,0.000,0.000,0.011,45.156
2026-09-02T07:37:27.605528+07:00,c9_sim,366,5.616,33.179,0.000,0.000,0.012,38.807
2026-09-02T07:37:27.805167+07:00,c9_sim,367,5.301,30.642,0.000,0.000,0.007,35.950
2026-09-02T07:37:28.014665+07:00,c9_sim,368,6.370,28.324,17.733,0.000,0.006,52.434
2026-09-02T07:37:28.215110+07:00,c9_sim,369,8.231,31.315,0.000,0.000,0.007,39.553
2026-09-02T07:37:28.413663+07:00,c9_sim,370,7.791,34.387,0.000,0.000,0.007,42.184
2026-09-02T07:37:28.612388+07:00,c9_sim,371,7.935,30.972,0.000,0.000,0.007,38.914
2026-09-02T07:37:28.803257+07:00,c9_sim,372,5.066,29.666,0.000,0.000,0.007,34.739
2026-09-02T07:37:29.002118+07:00,c9_sim,373,8.805,29.767,0.000,0.000,0.005,38.578
2026-09-02T07:37:29.202248+07:00,c9_sim,374,4.863,33.188,0.000,0.000,0.007,38.058
2026-09-02T07:37:29.397942+07:00,c9_sim,375,7.368,30.911,0.000,0.000,0.009,38.288
2026-09-02T07:37:29.658460+07:00,c9_sim,376,7.922,32.328,15.965,24.244,0.066,80.524
2026-09-02T07:37:29.846575+07:00,c9_sim,377,5.674,28.194,14.067,20.535,0.049,68.520
2026-09-02T07:37:29.997691+07:00,c9_sim,378,6.695,29.158,0.000,0.000,0.011,35.864
2026-09-02T07:37:30.222966+07:00,c9_sim,379,6.905,35.474,0.000,0.000,0.020,42.399
2026-09-02T07:37:30.436566+07:00,c9_sim,380,8.359,30.854,15.655,23.921,0.017,78.805
2026-09-02T07:37:30.626102+07:00,c9_sim,381,5.610,27.747,13.962,23.118,0.048,70.485
2026-09-02T07:37:30.838919+07:00,c9_sim,382,6.034,29.171,13.703,23.676,0.021,72.606
2026-09-02T07:37:31.044410+07:00,c9_sim,383,6.314,30.136,14.543,22.608,0.019,73.621
2026-09-02T07:37:31.257420+07:00,c9_sim,384,6.272,31.428,13.186,23.773,0.020,74.679
2026-09-02T07:37:31.448945+07:00,c9_sim,385,5.587,29.172,13.984,23.854,0.021,72.618
2026-09-02T07:37:31.642993+07:00,c9_sim,386,4.959,28.939,13.688,24.540,0.015,72.142
2026-09-02T07:37:31.813737+07:00,c9_sim,387,5.741,15.120,11.522,17.715,0.016,50.114
2026-09-02T07:37:32.052754+07:00,c9_sim,388,7.143,28.926,15.482,23.331,0.019,74.901
2026-09-02T07:37:32.247432+07:00,c9_sim,389,5.208,31.548,13.729,23.780,0.018,74.283
2026-09-02T07:37:32.440586+07:00,c9_sim,390,5.835,29.090,13.251,23.919,0.021,72.117
2026-09-02T07:37:32.627555+07:00,c9_sim,391,6.485,29.030,14.357,20.790,0.016,70.678
2026-09-02T07:37:32.823856+07:00,c9_sim,392,5.779,16.939,13.227,17.463,0.015,53.422
2026-09-02T07:37:33.026019+07:00,c9_sim,393,4.681,24.433,12.695,21.082,0.074,62.965
2026-09-02T07:37:33.240745+07:00,c9_sim,394,5.758,28.665,13.772,27.655,0.038,75.887
2026-09-02T07:37:33.435448+07:00,c9_sim,395,5.549,29.265,13.606,24.964,0.031,73.415
2026-09-02T07:37:33.632884+07:00,c9_sim,396,5.271,16.842,13.433,19.336,0.020,54.902
2026-09-02T07:37:33.831498+07:00,c9_sim,397,5.302,20.871,13.551,19.890,0.030,59.645
2026-09-02T07:37:34.024370+07:00,c9_sim,398,5.027,17.480,14.199,18.770,0.063,55.539
2026-09-02T07:37:34.223227+07:00,c9_sim,399,6.846,18.906,13.763,19.063,0.034,58.612
2026-09-02T07:37:34.436731+07:00,c9_sim,400,6.064,28.267,14.483,25.408,0.032,74.255
2026-09-02T07:37:34.655597+07:00,c9_sim,401,6.849,31.713,17.237,23.722,0.119,79.639
2026-09-02T07:37:34.832484+07:00,c9_sim,402,5.843,17.683,13.502,19.379,0.022,56.429
2026-09-02T07:37:35.050239+07:00,c9_sim,403,5.893,28.834,14.130,23.836,0.027,72.721
2026-09-02T07:37:35.240206+07:00,c9_sim,404,5.801,29.115,15.110,25.810,0.024,75.859
2026-09-02T07:37:35.434004+07:00,c9_sim,405,5.566,28.231,15.262,23.953,0.077,73.089
2026-09-02T07:37:35.651656+07:00,c9_sim,406,5.770,29.381,14.612,24.112,0.028,73.902
2026-09-02T07:37:35.845256+07:00,c9_sim,407,6.388,32.898,12.628,23.810,0.020,75.744
2026-09-02T07:37:36.025263+07:00,c9_sim,408,4.994,18.994,14.806,19.333,0.025,58.151
2026-09-02T07:37:36.232164+07:00,c9_sim,409,6.048,21.339,14.993,20.704,0.029,63.114
2026-09-02T07:37:36.450214+07:00,c9_sim,410,6.020,31.106,15.233,24.413,0.051,76.822
2026-09-02T07:37:36.635366+07:00,c9_sim,411,5.178,32.301,13.466,23.655,0.032,74.632
2026-09-02T07:37:36.815881+07:00,c9_sim,412,5.810,32.051,0.000,0.000,0.013,37.874
2026-09-02T07:37:37.019772+07:00,c9_sim,413,9.211,32.570,0.000,0.000,0.021,41.801
2026-09-02T07:37:37.220128+07:00,c8_sim,189,8.009,30.994,0.000,0.000,0.012,39.015
2026-09-02T07:37:37.419638+07:00,c8_sim,190,12.021,29.677,0.000,0.000,0.006,41.705
2026-09-02T07:37:37.614452+07:00,c8_sim,191,9.665,30.084,0.000,0.000,0.012,39.761
2026-09-02T07:37:37.813570+07:00,c8_sim,192,8.388,34.635,0.000,0.000,0.005,43.029
2026-09-02T07:37:38.027733+07:00,c8_sim,193,10.738,30.215,0.000,0.000,0.006,40.958
2026-09-02T07:37:38.207632+07:00,c8_sim,194,10.140,30.534,0.000,0.000,0.006,40.680
2026-09-02T07:37:38.427379+07:00,c8_sim,195,7.735,30.064,0.000,0.000,0.007,37.806
2026-09-02T07:37:38.634843+07:00,c8_sim,196,10.501,36.521,0.000,0.000,0.011,47.034
2026-09-02T07:37:38.808214+07:00,c8_sim,197,6.875,29.061,0.000,0.000,0.006,35.941
2026-09-02T07:37:39.021321+07:00,c8_sim,198,11.855,39.495,0.000,0.000,0.006,51.357
2026-09-02T07:37:39.209937+07:00,c8_sim,199,11.353,30.765,0.000,0.000,0.006,42.125
2026-09-02T07:37:39.423193+07:00,c8_sim,200,9.304,30.871,0.000,0.000,0.010,40.185
2026-09-02T07:37:39.612127+07:00,c8_sim,201,10.763,32.066,0.000,0.000,0.005,42.834
2026-09-02T07:37:39.821819+07:00,c8_sim,202,8.776,20.021,16.063,0.000,0.008,44.868
2026-09-02T07:37:40.031216+07:00,c8_sim,203,9.322,27.243,17.487,0.004,0.132,54.187
2026-09-02T07:37:40.221360+07:00,c8_sim,204,8.014,29.945,14.463,0.004,0.158,52.584
2026-09-02T07:37:40.435070+07:00,c8_sim,205,8.587,31.128,16.350,0.004,0.015,56.084
2026-09-02T07:37:40.620134+07:00,c8_sim,206,10.207,20.225,13.645,0.005,0.018,44.099
2026-09-02T07:37:40.829387+07:00,c8_sim,207,9.007,21.913,16.142,0.003,0.011,47.076
2026-09-02T07:37:41.062163+07:00,c8_sim,208,10.014,23.398,15.457,20.729,0.023,69.620
2026-09-02T07:37:41.254212+07:00,c8_sim,209,8.172,29.165,14.129,24.428,0.022,75.915
2026-09-02T07:37:41.439586+07:00,c8_sim,210,7.258,28.977,11.747,22.047,0.015,70.044
2026-09-02T07:37:41.650395+07:00,c8_sim,211,8.809,30.215,13.442,19.071,0.015,71.553
2026-09-02T07:37:41.851452+07:00,c8_sim,212,7.739,17.378,13.430,20.045,0.014,58.605
2026-09-02T07:37:42.032715+07:00,c8_sim,213,7.818,21.052,13.553,21.268,0.023,63.714
2026-09-02T07:37:42.203396+07:00,c8_sim,214,7.274,28.423,0.000,0.000,0.014,35.711
2026-09-02T07:37:42.446623+07:00,c8_sim,215,10.740,16.444,13.467,18.696,0.016,59.363
2026-09-02T07:37:42.627736+07:00,c8_sim,216,7.613,18.355,13.503,0.006,0.021,39.498
2026-09-02T07:37:42.829209+07:00,c8_sim,217,8.902,31.117,0.000,0.000,0.019,40.039
2026-09-02T07:37:43.073772+07:00,c8_sim,218,9.383,31.763,15.500,27.471,0.021,84.139
2026-09-02T07:37:43.259286+07:00,c8_sim,219,8.244,28.545,13.823,27.555,0.019,78.187
2026-09-02T07:37:43.454017+07:00,c8_sim,220,7.969,32.452,13.844,22.705,0.022,76.993
2026-09-02T07:37:43.650472+07:00,c8_sim,221,8.056,16.724,13.150,20.126,0.016,58.072
2026-09-02T07:37:43.852664+07:00,c8_sim,222,7.870,18.226,13.163,20.648,0.018,59.925
2026-09-02T07:37:44.056703+07:00,c8_sim,223,8.512,23.486,13.781,21.715,0.020,67.514
2026-09-02T07:37:44.232949+07:00,c8_sim,224,7.681,16.327,13.561,18.928,0.017,56.513
2026-09-02T07:37:44.436349+07:00,c8_sim,225,8.480,19.243,13.865,21.028,0.022,62.637
2026-09-02T07:37:44.654367+07:00,c8_sim,226,7.146,26.996,13.179,28.690,0.024,76.036
2026-09-02T07:37:44.804813+07:00,c8_sim,227,8.486,28.622,0.000,0.000,0.013,37.121
2026-09-02T07:37:45.055557+07:00,c8_sim,228,10.459,22.728,16.379,18.891,0.024,68.482
2026-09-02T07:37:45.226589+07:00,c8_sim,229,7.652,31.353,0.000,0.000,0.013,39.019
2026-09-02T07:37:45.429134+07:00,c8_sim,230,10.313,32.663,0.000,0.000,0.016,42.992
2026-09-02T07:37:45.626210+07:00,c8_sim,231,8.617,31.138,0.000,0.000,0.012,39.767
2026-09-02T07:37:45.830717+07:00,c8_sim,232,8.509,32.795,0.000,0.000,0.020,41.325
2026-09-02T07:37:46.005555+07:00,c8_sim,233,10.014,30.664,0.000,0.000,0.010,40.688
2026-09-02T07:37:46.228939+07:00,c8_sim,234,9.047,35.237,0.000,0.000,0.010,44.294
2026-09-02T07:37:46.433911+07:00,c8_sim,235,11.676,32.080,0.000,0.000,0.014,43.770
2026-09-02T07:37:46.626543+07:00,c8_sim,236,8.219,30.569,0.000,0.000,0.013,38.801
2026-09-02T07:37:46.807120+07:00,c8_sim,237,8.297,17.454,0.000,0.000,0.008,25.759
2026-09-02T07:37:47.011771+07:00,c8_sim,238,7.892,26.551,0.000,0.000,0.009,34.453
2026-09-02T07:37:47.200578+07:00,c8_sim,239,10.922,21.869,0.000,0.000,0.019,32.810
2026-09-02T07:37:47.412385+07:00,c8_sim,240,9.818,30.228,0.000,0.000,0.010,40.056
2026-09-02T07:37:47.607957+07:00,c8_sim,241,9.425,29.099,0.000,0.000,0.013,38.537
2026-09-02T07:37:47.792238+07:00,c8_sim,242,7.640,16.153,0.000,0.000,0.013,23.806
2026-09-02T07:37:48.003087+07:00,c8_sim,243,10.148,21.589,0.000,0.000,0.304,32.041
2026-09-02T07:37:48.213706+07:00,c8_sim,244,11.580,25.400,0.000,0.000,0.014,36.994
2026-09-02T07:37:48.409397+07:00,c8_sim,245,8.487,30.419,0.000,0.000,0.006,38.913
2026-09-02T07:37:48.597932+07:00,c8_sim,246,8.676,17.741,0.000,0.000,0.006,26.423
2026-09-02T07:37:48.812216+07:00,c10_sim,177,8.047,26.916,0.000,0.000,0.014,34.977
2026-09-02T07:37:49.025583+07:00,c10_sim,178,9.866,31.639,0.000,0.000,0.015,41.520
2026-09-02T07:37:49.227756+07:00,c10_sim,179,9.282,32.570,0.000,0.000,0.014,41.866
2026-09-02T07:37:49.424703+07:00,c10_sim,180,10.201,32.099,0.000,0.000,0.020,42.320
2026-09-02T07:37:49.617795+07:00,c10_sim,181,9.321,30.692,0.000,0.000,0.012,40.025
2026-09-02T07:37:49.814424+07:00,c10_sim,182,8.530,31.227,0.000,0.000,0.009,39.766
2026-09-02T07:37:50.038564+07:00,c10_sim,183,9.495,37.013,0.000,0.000,0.015,46.523
2026-09-02T07:37:50.210654+07:00,c10_sim,184,9.525,28.821,0.000,0.000,0.014,38.360
2026-09-02T07:37:50.457710+07:00,c10_sim,185,9.664,34.482,21.595,0.000,0.018,65.758
2026-09-02T07:37:50.638017+07:00,c10_sim,186,7.224,39.228,14.650,0.000,0.017,61.118
2026-09-02T07:37:50.832733+07:00,c10_sim,187,8.127,35.905,14.529,0.005,0.175,58.740
2026-09-02T07:37:51.068421+07:00,c10_sim,188,8.775,33.008,15.835,24.433,0.125,82.176
2026-09-02T07:37:51.241467+07:00,c10_sim,189,7.109,15.941,15.064,19.181,0.095,57.391
2026-09-02T07:37:51.452976+07:00,c10_sim,190,6.476,28.144,15.173,21.550,0.020,71.362
2026-09-02T07:37:51.660297+07:00,c10_sim,191,7.029,27.144,15.284,23.396,0.333,73.185
2026-09-02T07:37:51.836941+07:00,c10_sim,192,6.254,20.151,14.271,20.351,0.025,61.052
2026-09-02T07:37:52.063898+07:00,c10_sim,193,5.941,25.398,14.004,20.765,0.022,66.130
2026-09-02T07:37:52.258584+07:00,c10_sim,194,6.206,28.676,14.397,25.782,0.035,75.095
2026-09-02T07:37:52.433500+07:00,c10_sim,195,6.884,16.304,13.030,18.833,0.018,55.069
2026-09-02T07:37:52.661890+07:00,c10_sim,196,7.148,24.037,13.789,20.076,0.022,65.072
2026-09-02T07:37:52.857714+07:00,c10_sim,197,5.655,27.672,13.829,24.226,0.021,71.402
2026-09-02T07:37:53.033812+07:00,c10_sim,198,7.196,16.950,13.391,19.322,0.014,56.874
2026-09-02T07:37:53.259764+07:00,c10_sim,199,6.909,29.378,14.012,21.911,0.017,72.227
2026-09-02T07:37:53.457618+07:00,c10_sim,200,6.048,18.862,13.942,19.449,0.016,58.317
2026-09-02T07:37:53.657642+07:00,c10_sim,201,7.574,21.664,13.579,21.062,0.016,63.895
2026-09-02T07:37:53.843433+07:00,c10_sim,202,6.337,26.809,12.858,22.020,0.014,68.038
2026-09-02T07:37:54.050857+07:00,c10_sim,203,6.449,21.213,16.943,21.402,0.014,66.021
2026-09-02T07:37:54.254449+07:00,c10_sim,204,6.376,22.083,13.659,20.063,0.024,62.205
2026-09-02T07:37:54.473141+07:00,c10_sim,205,6.816,30.796,14.788,28.533,0.027,80.960
2026-09-02T07:37:54.660967+07:00,c10_sim,206,5.730,27.615,14.035,19.795,0.022,67.196
2026-09-02T07:37:54.843256+07:00,c10_sim,207,6.404,29.298,13.131,18.375,0.022,67.231
2026-09-02T07:37:55.044850+07:00,c10_sim,208,6.778,18.567,14.227,19.726,0.053,59.351
2026-09-02T07:37:55.259825+07:00,c10_sim,209,6.755,27.981,13.778,21.657,0.023,70.195
2026-09-02T07:37:55.474753+07:00,c10_sim,210,6.021,30.832,13.528,23.854,0.026,74.260
2026-09-02T07:37:55.660751+07:00,c10_sim,211,7.211,31.587,13.624,20.052,0.022,72.494
2026-09-02T07:37:55.821247+07:00,c10_sim,212,7.689,18.464,0.000,0.000,0.016,26.169
2026-09-02T07:37:56.063888+07:00,c10_sim,213,7.847,26.828,14.115,18.681,0.023,67.493
2026-09-02T07:37:56.214747+07:00,c10_sim,214,6.352,27.719,0.000,0.000,0.013,34.084
2026-09-02T07:37:56.445645+07:00,c10_sim,215,12.097,34.442,0.000,0.000,0.009,46.549
2026-09-02T07:37:56.603154+07:00,c10_sim,216,10.044,19.223,0.000,0.000,0.012,29.280
2026-09-02T07:37:56.830659+07:00,c10_sim,217,9.584,30.715,0.000,0.000,0.019,40.319
2026-09-02T07:37:57.010415+07:00,c10_sim,218,7.742,17.094,0.000,0.000,0.013,24.850
2026-09-02T07:37:57.243401+07:00,c10_sim,219,7.990,37.381,0.000,0.000,0.008,45.379
2026-09-02T07:37:57.425473+07:00,c10_sim,220,9.726,29.717,0.000,0.000,0.013,39.455
2026-09-02T07:37:57.642146+07:00,c10_sim,221,9.743,32.447,0.000,0.000,0.008,42.198
2026-09-02T07:37:57.824290+07:00,c10_sim,222,10.021,32.019,0.000,0.000,0.005,42.045
2026-09-02T07:37:58.012056+07:00,c10_sim,223,8.427,20.522,0.000,0.000,0.015,28.964
2026-09-02T07:37:58.224325+07:00,c10_sim,224,6.980,22.659,0.000,0.000,0.016,29.655
2026-09-02T07:37:58.412599+07:00,c10_sim,225,9.274,28.135,0.000,0.000,0.007,37.417
2026-09-02T07:37:58.630932+07:00,c10_sim,226,9.978,29.802,0.000,0.000,0.007,39.787
2026-09-02T07:37:58.848414+07:00,c11_sim,719,6.854,29.987,19.311,0.000,0.006,56.159
2026-09-02T07:37:59.060322+07:00,c11_sim,720,8.409,27.713,13.274,21.257,0.097,70.750
2026-09-02T07:37:59.268311+07:00,c11_sim,721,7.130,29.230,13.532,24.186,0.020,74.098
2026-09-02T07:37:59.476816+07:00,c11_sim,722,7.433,28.436,13.276,21.704,0.015,70.864
2026-09-02T07:37:59.646928+07:00,c11_sim,723,7.741,16.820,12.591,19.365,0.017,56.533
2026-09-02T07:37:59.860459+07:00,c11_sim,724,6.620,28.394,13.291,23.472,0.087,71.863
2026-09-02T07:38:00.060706+07:00,c11_sim,725,8.110,24.423,13.356,19.983,0.035,65.906
2026-09-02T07:38:00.270349+07:00,c11_sim,726,7.375,32.189,13.996,18.850,0.015,72.424
2026-09-02T07:38:00.437752+07:00,c11_sim,727,7.277,24.274,0.000,0.000,0.017,31.568
2026-09-02T07:38:00.662378+07:00,c11_sim,728,8.221,19.023,15.001,18.441,0.013,60.700
2026-09-02T07:38:00.876065+07:00,c11_sim,729,6.780,31.246,14.436,24.366,0.102,76.930
2026-09-02T07:38:01.067529+07:00,c11_sim,730,8.185,28.267,14.012,24.094,0.141,74.699
2026-09-02T07:38:01.260671+07:00,c11_sim,731,7.873,31.883,13.920,20.965,0.018,74.658
2026-09-02T07:38:01.476931+07:00,c11_sim,732,7.513,28.694,14.607,22.260,0.014,73.089
2026-09-02T07:38:01.654006+07:00,c11_sim,733,6.161,17.819,13.227,19.115,0.018,56.340
2026-09-02T07:38:01.870145+07:00,c11_sim,734,7.702,28.423,14.420,25.004,0.025,75.574
2026-09-02T07:38:02.076821+07:00,c11_sim,735,7.052,29.434,14.119,21.629,0.014,72.247
2026-09-02T07:38:02.260574+07:00,c11_sim,736,7.817,31.555,13.398,20.926,0.015,73.712
2026-09-02T07:38:02.461100+07:00,c11_sim,737,6.981,17.793,13.946,19.604,0.025,58.350
2026-09-02T07:38:02.670226+07:00,c11_sim,738,6.741,22.178,14.545,20.359,0.028,63.851
2026-09-02T07:38:02.864993+07:00,c11_sim,739,6.964,29.122,14.168,24.503,0.030,74.787
2026-09-02T07:38:03.076534+07:00,c11_sim,740,7.792,28.791,13.869,21.816,0.022,72.290
2026-09-02T07:38:03.241664+07:00,c11_sim,741,7.706,16.959,11.636,17.686,0.023,54.011
2026-09-02T07:38:03.486776+07:00,c11_sim,742,7.562,27.591,17.048,28.486,0.033,80.719
2026-09-02T07:38:03.676405+07:00,c11_sim,743,6.895,30.388,13.685,23.211,0.026,74.204
2026-09-02T07:38:03.849366+07:00,c11_sim,744,6.326,18.038,13.090,20.224,0.026,57.703
2026-09-02T07:38:04.060459+07:00,c11_sim,745,7.403,28.449,13.880,20.809,0.023,70.565
2026-09-02T07:38:04.275748+07:00,c11_sim,746,6.272,29.352,13.146,24.562,0.023,73.355
2026-09-02T07:38:04.450579+07:00,c11_sim,747,6.997,16.505,12.991,18.513,0.020,55.025
2026-09-02T07:38:04.658578+07:00,c11_sim,748,6.639,23.996,13.099,20.388,0.018,64.140
2026-09-02T07:38:04.876677+07:00,c11_sim,749,6.610,31.308,14.361,21.586,0.022,73.886
2026-09-02T07:38:05.057142+07:00,c11_sim,750,6.743,22.449,14.426,19.000,0.024,62.642
2026-09-02T07:38:05.277260+07:00,c11_sim,751,6.656,31.268,14.091,24.546,0.024,76.585
2026-09-02T07:38:05.454152+07:00,c11_sim,752,8.552,17.400,13.304,19.494,0.023,58.773
2026-09-02T07:38:05.624918+07:00,c11_sim,753,6.840,28.092,0.000,0.000,0.014,34.946
2026-09-02T07:38:05.886515+07:00,c11_sim,754,10.151,31.777,17.676,23.551,0.027,83.182
2026-09-02T07:38:06.075922+07:00,c11_sim,755,6.994,32.260,13.579,22.719,0.023,75.575
2026-09-02T07:38:06.224703+07:00,c11_sim,756,8.323,28.298,0.000,0.000,0.016,36.637
2026-09-02T07:38:06.460291+07:00,c11_sim,757,10.104,28.212,14.619,22.487,0.021,75.444
2026-09-02T07:38:06.655200+07:00,c11_sim,758,7.286,16.297,13.604,19.493,0.023,56.703
2026-09-02T07:38:06.824936+07:00,c11_sim,759,8.040,29.780,0.000,0.000,0.013,37.833
2026-09-02T07:38:07.070348+07:00,c11_sim,760,10.738,21.916,15.121,18.741,0.022,66.539
2026-09-02T07:38:07.245718+07:00,c11_sim,761,7.338,17.525,13.173,19.323,0.030,57.389
2026-09-02T07:38:07.459204+07:00,c11_sim,762,6.208,28.488,13.679,22.828,0.025,71.227
2026-09-02T07:38:07.624216+07:00,c11_sim,763,6.729,17.549,0.000,0.000,0.012,24.290
2026-09-02T07:38:07.842475+07:00,c11_sim,764,9.879,30.802,0.000,0.000,0.008,40.689
2026-09-02T07:38:08.037744+07:00,c11_sim,765,8.324,31.293,0.000,0.000,0.010,39.627
2026-09-02T07:38:08.230875+07:00,c11_sim,766,9.490,31.188,0.000,0.000,0.007,40.685
2026-09-02T07:38:08.475956+07:00,c11_sim,767,7.056,30.863,15.742,22.945,0.027,76.633
2026-09-02T07:38:08.616792+07:00,c11_sim,768,7.790,16.164,0.000,0.000,0.013,23.967
2026-09-02T07:38:08.840460+07:00,c11_sim,769,9.038,32.335,0.000,0.000,0.011,41.384
2026-09-02T07:38:09.029489+07:00,c11_sim,770,10.679,30.823,0.000,0.000,0.010,41.512
2026-09-02T07:38:09.225265+07:00,c11_sim,771,7.863,30.404,0.000,0.000,0.015,38.282
2026-09-02T07:38:09.460293+07:00,c11_sim,772,7.512,33.796,15.711,18.007,0.025,75.051
2026-09-02T07:38:09.640839+07:00,c11_sim,773,6.774,19.803,13.046,0.004,0.019,39.646
2026-09-02T07:38:09.832234+07:00,c11_sim,774,8.508,21.751,0.000,0.000,0.018,30.278
2026-09-02T07:38:10.028760+07:00,c11_sim,775,6.495,30.886,0.000,0.000,0.014,37.396
2026-09-02T07:38:10.223471+07:00,c11_sim,776,6.907,27.906,0.000,0.000,0.013,34.825
2026-09-02T07:38:10.425429+07:00,c11_sim,777,10.575,31.048,0.000,0.000,0.014,41.637
2026-09-02T07:38:10.647079+07:00,c11_sim,778,10.967,30.677,0.000,0.000,0.014,41.658
2026-09-02T07:38:10.842783+07:00,c11_sim,779,6.936,29.290,0.000,0.000,0.013,36.239
2026-09-02T07:38:11.031128+07:00,c11_sim,780,6.384,24.842,0.000,0.000,0.010,31.236
2026-09-02T07:38:11.229845+07:00,c11_sim,781,4.478,26.466,0.000,0.000,0.013,30.956
2026-09-02T07:38:11.276989+07:00,c11_sim,782,4.902,26.871,0.000,0.000,0.011,31.784
2026-09-02T07:38:11.327969+07:00,c11_sim,783,5.431,27.816,0.000,0.000,0.009,33.257
2026-09-02T07:38:11.351715+07:00,c11_sim,784,7.291,23.594,0.000,0.000,0.010,30.895
2026-09-02T07:38:11.409149+07:00,c11_sim,785,6.650,33.929,0.000,0.000,0.010,40.589
2026-09-02T07:38:11.451632+07:00,c11_sim,786,6.207,21.324,20.205,0.000,0.014,47.750
2026-09-02T07:38:11.502848+07:00,c11_sim,787,5.960,20.433,11.626,18.416,0.056,56.492
2026-09-02T07:38:11.540633+07:00,c11_sim,788,5.960,23.644,12.426,0.000,0.187,42.217
2026-09-02T07:38:11.562514+07:00,c11_sim,789,5.932,21.751,0.000,0.000,0.015,27.698
2026-09-02T07:38:11.606500+07:00,c11_sim,790,5.789,22.511,0.000,0.000,0.006,28.306
2026-09-02T07:38:11.659267+07:00,c11_sim,791,5.921,27.616,0.000,0.000,0.007,33.544
2026-09-02T07:38:11.718589+07:00,c11_sim,792,6.210,23.761,13.239,21.545,0.048,64.802
2026-09-02T07:38:11.743580+07:00,c11_sim,793,6.012,24.818,0.000,0.000,0.013,30.843
2026-09-02T07:38:11.806528+07:00,c11_sim,794,5.977,27.601,11.522,22.932,0.061,68.093
2026-09-02T07:38:11.868855+07:00,c11_sim,795,6.094,27.859,11.400,22.211,0.016,67.579
2026-09-02T07:38:11.891855+07:00,c11_sim,796,5.957,22.798,0.000,0.000,0.009,28.764
2026-09-02T07:38:11.913997+07:00,c11_sim,797,6.023,22.019,0.000,0.000,0.008,28.050
2026-09-02T07:38:11.936238+07:00,c11_sim,798,5.860,22.134,0.000,0.000,0.006,28.000
2026-09-02T07:38:11.989632+07:00,c11_sim,799,5.983,28.208,0.000,0.000,0.010,34.201
2026-09-02T07:38:12.014293+07:00,c11_sim,800,6.126,24.512,0.000,0.000,0.010,30.648
2026-09-02T07:38:12.070069+07:00,c11_sim,801,6.207,30.558,0.000,0.000,0.014,36.780
2026-09-02T07:38:12.134475+07:00,c11_sim,802,6.130,27.626,13.513,21.959,0.177,69.405
2026-09-02T07:38:12.195686+07:00,c11_sim,803,5.935,24.325,12.735,23.266,0.019,66.280
2026-09-02T07:38:12.246603+07:00,c11_sim,804,6.344,19.244,11.830,18.969,0.016,56.404
2026-09-02T07:38:12.264828+07:00,c11_sim,805,6.043,18.064,0.000,0.000,0.009,24.116
2026-09-02T07:38:12.314550+07:00,c11_sim,806,5.903,18.720,11.991,18.338,0.020,54.973
2026-09-02T07:38:12.368360+07:00,c11_sim,807,5.988,20.269,11.416,21.411,0.015,59.100
2026-09-02T07:38:12.416230+07:00,c11_sim,808,6.198,17.244,11.376,18.498,0.017,53.332
2026-09-02T07:38:12.466458+07:00,c11_sim,809,5.943,19.704,11.770,17.993,0.041,55.452
2026-09-02T07:38:12.515203+07:00,c11_sim,810,6.142,18.624,11.372,17.989,0.024,54.151
2026-09-02T07:38:12.568084+07:00,c11_sim,811,5.858,21.623,11.344,19.121,0.017,57.963
2026-09-02T07:38:12.620900+07:00,c11_sim,812,7.421,21.210,11.308,19.496,0.055,59.490
2026-09-02T07:38:12.676707+07:00,c11_sim,813,6.116,24.046,11.577,19.402,0.015,61.156
2026-09-02T07:38:12.718647+07:00,c11_sim,814,6.091,11.700,11.650,17.918,0.016,47.374
2026-09-02T07:38:12.762803+07:00,c11_sim,815,5.880,12.301,12.184,18.923,0.016,49.303
2026-09-02T07:38:12.806068+07:00,c11_sim,816,5.864,12.569,12.042,17.982,0.026,48.482
2026-09-02T07:38:12.852329+07:00,c11_sim,817,5.877,13.989,13.423,18.142,0.023,51.454
2026-09-02T07:38:12.896436+07:00,c11_sim,818,6.060,14.317,11.467,17.545,0.049,49.438
2026-09-02T07:38:12.943305+07:00,c11_sim,819,6.257,15.889,11.478,18.777,0.053,52.454
2026-09-02T07:38:12.990602+07:00,c11_sim,820,6.156,17.231,11.223,18.028,0.062,52.701
2026-09-02T07:38:13.041878+07:00,c11_sim,821,6.124,18.358,11.445,20.650,0.065,56.643
2026-09-02T07:38:13.088472+07:00,c11_sim,822,5.963,15.794,11.280,18.483,0.064,51.585
2026-09-02T07:38:13.136363+07:00,c11_sim,823,5.909,18.191,11.533,17.475,0.020,53.128
2026-09-02T07:38:13.189081+07:00,c11_sim,824,5.924,19.174,11.870,19.775,0.022,56.766
2026-09-02T07:38:13.245710+07:00,c11_sim,825,6.144,25.290,11.299,19.227,0.023,61.984
2026-09-02T07:38:13.302917+07:00,c11_sim,826,6.409,22.209,11.262,22.881,0.026,62.788
2026-09-02T07:38:13.359546+07:00,c11_sim,827,6.040,26.001,11.312,18.572,0.024,61.949
2026-09-02T07:38:13.402414+07:00,c11_sim,828,10.656,12.284,11.297,18.516,0.023,52.775
2026-09-02T07:38:13.445578+07:00,c11_sim,829,6.232,12.881,11.785,17.739,0.024,48.660
2026-09-02T07:38:13.489791+07:00,c11_sim,830,5.970,13.682,11.548,18.240,0.026,49.466
2026-09-02T07:38:13.535023+07:00,c11_sim,831,6.301,14.298,11.528,18.682,0.022,50.832
2026-09-02T07:38:13.579552+07:00,c11_sim,832,7.798,14.702,11.424,17.687,0.021,51.631
2026-09-02T07:38:13.627900+07:00,c11_sim,833,6.060,17.716,11.384,18.517,0.018,53.696
2026-09-02T07:38:13.679449+07:00,c11_sim,834,5.934,19.906,11.911,19.021,0.021,56.794
2026-09-02T07:38:13.737866+07:00,c11_sim,835,6.081,23.445,11.470,22.632,0.027,63.657
2026-09-02T07:38:13.803593+07:00,c11_sim,836,5.920,28.901,14.338,21.493,0.031,70.684
2026-09-02T07:38:13.861003+07:00,c11_sim,837,5.877,24.703,11.484,18.124,0.021,60.208
2026-09-02T07:38:13.902909+07:00,c11_sim,838,6.016,12.160,11.349,17.697,0.020,47.243
2026-09-02T07:38:13.945037+07:00,c11_sim,839,5.922,12.353,11.319,17.745,0.024,47.364
2026-09-02T07:38:13.989363+07:00,c11_sim,840,5.910,13.625,11.470,18.508,0.024,49.536
2026-09-02T07:38:14.033300+07:00,c11_sim,841,7.437,13.642,11.323,18.185,0.021,50.609
2026-09-02T07:38:14.079180+07:00,c11_sim,842,6.032,14.134,11.271,19.722,0.021,51.181
2026-09-02T07:38:14.125302+07:00,c11_sim,843,6.036,14.776,11.794,18.846,0.024,51.476
2026-09-02T07:38:14.173098+07:00,c11_sim,844,7.430,16.818,11.525,18.690,0.023,54.486
2026-09-02T07:38:14.230343+07:00,c11_sim,845,6.321,21.345,11.879,23.260,0.026,62.831
2026-09-02T07:38:14.293414+07:00,c11_sim,846,5.962,20.868,11.500,29.963,0.024,68.317
2026-09-02T07:38:14.336385+07:00,c11_sim,847,5.957,12.779,11.479,17.959,0.026,48.200
2026-09-02T07:38:14.379632+07:00,c11_sim,848,5.868,12.816,11.424,18.314,0.019,48.440
2026-09-02T07:38:14.424203+07:00,c11_sim,849,5.904,13.047,12.412,18.355,0.021,49.739
2026-09-02T07:38:14.468913+07:00,c11_sim,850,6.081,13.223,12.640,18.164,0.019,50.127
2026-09-02T07:38:14.514052+07:00,c11_sim,851,6.088,14.370,12.038,18.034,0.018,50.548
2026-09-02T07:38:14.562308+07:00,c11_sim,852,5.963,15.362,13.410,18.603,0.025,53.362
2026-09-02T07:38:14.579740+07:00,c11_sim,853,7.822,17.284,0.000,0.000,0.008,25.115
2026-09-02T07:38:14.629388+07:00,c11_sim,854,5.855,18.287,11.617,18.932,0.026,54.716
2026-09-02T07:38:14.690462+07:00,c11_sim,855,6.045,26.529,11.627,22.116,0.021,66.339
2026-09-02T07:38:14.714671+07:00,c11_sim,856,5.851,23.976,0.000,0.000,0.016,29.843
2026-09-02T07:38:14.740602+07:00,c11_sim,857,5.935,25.735,0.000,0.000,0.014,31.684
2026-09-02T07:38:14.805467+07:00,c11_sim,858,6.158,30.346,12.561,20.999,0.023,70.086
2026-09-02T07:38:14.860871+07:00,c11_sim,859,5.925,24.571,11.326,18.688,0.025,60.536
2026-09-02T07:38:14.905038+07:00,c11_sim,860,6.045,14.222,11.255,17.920,0.023,49.466
2026-09-02T07:38:14.947281+07:00,c11_sim,861,5.904,12.250,11.313,17.965,0.038,47.469
2026-09-02T07:38:14.990045+07:00,c11_sim,862,5.692,12.942,11.116,17.960,0.022,47.732
2026-09-02T07:38:15.036051+07:00,c11_sim,863,6.017,15.790,11.357,18.113,0.019,51.297
2026-09-02T07:38:15.081578+07:00,c11_sim,864,5.981,14.685,11.017,19.054,0.041,50.778
2026-09-02T07:38:15.128062+07:00,c11_sim,865,6.225,15.764,11.681,18.318,0.019,52.007
2026-09-02T07:38:15.174983+07:00,c11_sim,866,6.347,16.451,11.339,18.321,0.026,52.484
2026-09-02T07:38:15.227137+07:00,c11_sim,867,5.931,18.609,11.634,21.141,0.030,57.346
2026-09-02T07:38:15.274407+07:00,c11_sim,868,6.015,17.021,11.486,18.035,0.021,52.579
2026-09-02T07:38:15.325074+07:00,c11_sim,869,6.011,19.478,11.361,19.015,0.025,55.891
2026-09-02T07:38:15.374422+07:00,c11_sim,870,5.691,18.387,11.293,18.894,0.022,54.287
2026-09-02T07:38:15.422431+07:00,c11_sim,871,5.993,17.500,11.182,18.488,0.022,53.184
2026-09-02T07:38:15.480426+07:00,c11_sim,872,5.907,21.922,11.800,23.515,0.024,63.168
2026-09-02T07:38:15.529494+07:00,c11_sim,873,5.892,18.730,11.233,18.393,0.021,54.270
2026-09-02T07:38:15.582392+07:00,c11_sim,874,5.836,22.258,11.199,18.694,0.029,58.016
2026-09-02T07:38:15.633285+07:00,c11_sim,875,5.998,19.878,11.792,18.438,0.019,56.125
2026-09-02T07:38:15.691089+07:00,c11_sim,876,5.814,24.980,12.082,19.943,0.023,62.843
2026-09-02T07:38:15.743366+07:00,c11_sim,877,6.572,20.852,11.425,19.171,0.025,58.045
2026-09-02T07:38:15.800125+07:00,c11_sim,878,6.006,25.645,11.713,18.462,0.024,61.850
2026-09-02T07:38:15.855082+07:00,c11_sim,879,5.927,21.792,12.086,20.289,0.021,60.115
2026-09-02T07:38:15.910378+07:00,c11_sim,880,5.964,24.445,11.893,18.233,0.022,60.556
2026-09-02T07:38:15.951736+07:00,c11_sim,881,5.965,11.677,11.132,17.842,0.023,46.638
2026-09-02T07:38:15.993697+07:00,c11_sim,882,5.903,12.141,11.282,17.834,0.022,47.182
2026-09-02T07:38:16.051041+07:00,c11_sim,883,6.654,26.160,11.948,18.500,0.028,63.290
2026-09-02T07:38:16.198599+07:00,c11_sim,884,6.285,22.478,16.803,107.283,0.046,152.895
2026-09-02T07:38:16.293874+07:00,c11_sim,885,5.806,49.384,16.320,28.069,0.038,99.617
2026-09-02T07:38:16.360159+07:00,c11_sim,886,5.874,28.316,15.150,21.511,0.025,70.876
2026-09-02T07:38:16.374093+07:00,c11_sim,887,5.830,13.750,0.000,0.000,0.008,19.588
2026-09-02T07:38:16.417470+07:00,c11_sim,888,6.527,13.368,11.516,17.730,0.022,49.163
2026-09-02T07:38:16.459697+07:00,c11_sim,889,5.905,12.279,11.241,17.958,0.021,47.404
2026-09-02T07:38:16.502453+07:00,c11_sim,890,5.961,12.861,11.300,17.859,0.023,48.004
2026-09-02T07:38:16.550306+07:00,c11_sim,891,5.739,13.854,11.290,21.990,0.018,52.892
2026-09-02T07:38:16.594099+07:00,c11_sim,892,6.073,13.825,11.338,17.967,0.018,49.221
2026-09-02T07:38:16.641065+07:00,c11_sim,893,6.278,16.683,11.310,18.259,0.023,52.552
2026-09-02T07:38:16.690244+07:00,c11_sim,894,5.907,18.857,11.602,17.959,0.021,54.346
2026-09-02T07:38:16.740586+07:00,c11_sim,895,5.957,19.307,11.238,18.971,0.024,55.497
2026-09-02T07:38:16.792124+07:00,c11_sim,896,5.832,19.998,11.239,19.565,0.024,56.658
2026-09-02T07:38:16.843090+07:00,c11_sim,897,6.083,19.958,11.416,18.763,0.021,56.242
2026-09-02T07:38:16.891857+07:00,c11_sim,898,16.440,18.481,11.182,18.332,0.022,64.457
2026-09-02T07:38:16.944393+07:00,c11_sim,899,33.479,22.403,11.156,18.188,0.025,85.251
2026-09-02T07:38:16.999305+07:00,c11_sim,900,46.129,22.339,11.953,19.776,0.024,100.220
2026-09-02T07:38:17.057484+07:00,c11_sim,901,29.288,25.865,11.672,19.803,0.024,86.653
2026-09-02T07:38:17.109610+07:00,c11_sim,902,8.876,20.849,11.444,19.061,0.033,60.264
2026-09-02T07:38:17.133659+07:00,c9_sim,414,3.921,23.851,0.000,0.000,0.009,27.780
2026-09-02T07:38:17.153403+07:00,c9_sim,415,4.064,19.611,0.000,0.000,0.007,23.682
2026-09-02T07:38:17.172942+07:00,c9_sim,416,4.990,19.425,0.000,0.000,0.006,24.421
2026-09-02T07:38:17.201131+07:00,c9_sim,417,4.690,28.068,0.000,0.000,0.010,32.767
2026-09-02T07:38:17.220141+07:00,c9_sim,418,4.670,18.877,0.000,0.000,0.009,23.555
2026-09-02T07:38:17.241100+07:00,c9_sim,419,4.916,20.806,0.000,0.000,0.012,25.734
2026-09-02T07:38:17.260054+07:00,c9_sim,420,4.839,18.808,0.000,0.000,0.007,23.655
2026-09-02T07:38:17.307385+07:00,c9_sim,421,4.601,22.102,0.000,0.000,0.010,26.712
2026-09-02T07:38:17.328211+07:00,c9_sim,422,4.483,20.666,0.000,0.000,0.009,25.158
2026-09-02T07:38:17.369484+07:00,c9_sim,423,4.578,24.884,15.658,0.000,0.011,45.131
2026-09-02T07:38:17.390947+07:00,c9_sim,424,4.672,21.306,0.000,0.000,0.010,25.988
2026-09-02T07:38:17.413936+07:00,c9_sim,425,4.857,22.825,0.000,0.000,0.011,27.692
2026-09-02T07:38:17.440007+07:00,c9_sim,426,4.447,25.460,0.000,0.000,0.254,30.161
2026-09-02T07:38:17.504227+07:00,c9_sim,427,5.003,28.186,13.021,22.162,0.063,68.435
2026-09-02T07:38:17.559555+07:00,c9_sim,428,4.737,22.908,11.472,20.178,0.044,59.339
2026-09-02T07:38:17.602976+07:00,c9_sim,429,4.737,13.399,11.379,17.946,0.044,47.506
2026-09-02T07:38:17.645062+07:00,c9_sim,430,4.729,11.981,11.525,17.864,0.013,46.112
2026-09-02T07:38:17.688664+07:00,c9_sim,431,4.541,12.673,12.202,18.022,0.015,47.453
2026-09-02T07:38:17.731948+07:00,c9_sim,432,4.488,13.125,11.589,17.855,0.014,47.071
2026-09-02T07:38:17.746103+07:00,c9_sim,433,4.367,14.009,0.000,0.000,0.009,18.385
2026-09-02T07:38:17.760347+07:00,c9_sim,434,4.390,14.104,0.000,0.000,0.008,18.502
2026-09-02T07:38:17.774991+07:00,c9_sim,435,5.305,14.524,0.000,0.000,0.006,19.835
2026-09-02T07:38:17.822669+07:00,c9_sim,436,4.612,15.841,11.996,19.032,0.015,51.496
2026-09-02T07:38:17.869874+07:00,c9_sim,437,4.548,16.957,11.603,17.945,0.014,51.067
2026-09-02T07:38:17.921135+07:00,c9_sim,438,4.613,19.174,12.049,19.301,0.015,55.153
2026-09-02T07:38:17.977171+07:00,c9_sim,439,4.681,22.687,11.517,21.032,0.015,59.933
2026-09-02T07:38:18.030925+07:00,c9_sim,440,4.528,19.810,12.063,21.130,0.041,57.572
2026-09-02T07:38:18.085390+07:00,c9_sim,441,4.572,21.918,11.559,20.187,0.041,58.278
2026-09-02T07:38:18.146208+07:00,c9_sim,442,4.479,24.483,11.847,23.734,0.015,64.558
2026-09-02T07:38:18.196612+07:00,c9_sim,443,4.536,19.956,11.658,18.063,0.017,54.231
2026-09-02T07:38:18.267022+07:00,c9_sim,444,4.683,27.765,13.848,20.048,0.025,66.368
2026-09-02T07:38:18.317693+07:00,c9_sim,445,4.491,19.458,11.563,18.871,0.048,54.430
2026-09-02T07:38:18.370293+07:00,c9_sim,446,4.477,20.552,11.631,19.431,0.059,56.150
2026-09-02T07:38:18.423992+07:00,c9_sim,447,4.870,21.494,12.067,19.381,0.024,57.837
2026-09-02T07:38:18.476985+07:00,c9_sim,448,4.898,20.822,12.249,19.194,0.026,57.190
2026-09-02T07:38:18.531297+07:00,c9_sim,449,4.730,23.391,11.748,18.360,0.027,58.256
2026-09-02T07:38:18.588157+07:00,c9_sim,450,4.523,21.479,12.161,22.464,0.024,60.651
2026-09-02T07:38:18.643083+07:00,c9_sim,451,4.674,22.477,11.569,20.038,0.023,58.781
2026-09-02T07:38:18.695027+07:00,c9_sim,452,4.617,19.297,11.743,20.119,0.025,55.802
2026-09-02T07:38:18.752933+07:00,c9_sim,453,4.559,26.417,11.725,19.012,0.064,61.777
2026-09-02T07:38:18.807944+07:00,c9_sim,454,4.482,20.611,11.819,21.830,0.069,58.811
2026-09-02T07:38:18.862030+07:00,c9_sim,455,9.338,18.907,11.664,22.706,0.036,62.651
2026-09-02T07:38:18.923479+07:00,c9_sim,456,8.290,24.164,15.464,20.914,0.034,68.867
2026-09-02T07:38:18.976797+07:00,c9_sim,457,4.618,21.636,11.563,19.308,0.022,57.147
2026-09-02T07:38:19.035698+07:00,c9_sim,458,4.538,22.906,11.754,23.539,0.022,62.760
2026-09-02T07:38:19.095793+07:00,c9_sim,459,4.561,24.082,11.645,23.518,0.025,63.831
2026-09-02T07:38:19.139049+07:00,c9_sim,460,4.588,12.814,11.475,18.263,0.023,47.163
2026-09-02T07:38:19.181767+07:00,c9_sim,461,4.596,12.249,11.586,18.139,0.025,46.595
2026-09-02T07:38:19.224326+07:00,c9_sim,462,4.598,12.027,11.716,17.969,0.051,46.361
2026-09-02T07:38:19.269352+07:00,c9_sim,463,4.631,14.639,11.687,17.987,0.056,49.000
2026-09-02T07:38:19.314589+07:00,c9_sim,464,4.684,15.293,11.244,17.990,0.053,49.264
2026-09-02T07:38:19.361162+07:00,c9_sim,465,4.542,15.421,11.736,18.617,0.083,50.398
2026-09-02T07:38:19.412500+07:00,c9_sim,466,4.536,20.047,11.693,18.738,0.021,55.036
2026-09-02T07:38:19.470051+07:00,c9_sim,467,4.462,21.384,12.357,22.875,0.026,61.105
2026-09-02T07:38:19.528666+07:00,c9_sim,468,4.656,25.757,11.838,20.202,0.023,62.476
2026-09-02T07:38:19.587809+07:00,c9_sim,469,4.439,23.142,11.680,23.586,0.020,62.866
2026-09-02T07:38:19.642698+07:00,c9_sim,470,4.442,23.067,11.521,19.501,0.025,58.557
2026-09-02T07:38:19.684771+07:00,c9_sim,471,4.600,11.655,11.271,18.448,0.024,45.998
2026-09-02T07:38:19.729860+07:00,c9_sim,472,4.719,14.256,12.151,17.939,0.021,49.087
2026-09-02T07:38:19.775866+07:00,c9_sim,473,5.129,15.476,11.643,18.147,0.023,50.418
2026-09-02T07:38:19.821612+07:00,c9_sim,474,5.395,14.208,12.305,18.405,0.022,50.336
2026-09-02T07:38:19.866236+07:00,c9_sim,475,4.873,14.513,11.702,17.678,0.018,48.785
2026-09-02T07:38:19.912130+07:00,c9_sim,476,4.570,14.973,11.582,18.666,0.024,49.815
2026-09-02T07:38:19.965130+07:00,c9_sim,477,5.193,21.975,11.421,18.853,0.022,57.465
2026-09-02T07:38:20.022098+07:00,c9_sim,478,4.757,23.030,11.642,21.496,0.065,60.990
2026-09-02T07:38:20.085012+07:00,c9_sim,479,11.890,25.445,12.417,24.257,0.061,74.070
2026-09-02T07:38:20.144531+07:00,c9_sim,480,5.492,25.458,13.101,20.007,0.047,64.104
2026-09-02T07:38:20.187637+07:00,c9_sim,481,4.698,11.792,11.503,18.984,0.067,47.044
2026-09-02T07:38:20.232494+07:00,c9_sim,482,5.153,13.143,12.688,18.323,0.025,49.332
2026-09-02T07:38:20.276299+07:00,c9_sim,483,4.520,13.102,11.590,18.407,0.022,47.641
2026-09-02T07:38:20.320532+07:00,c9_sim,484,5.581,13.982,11.607,17.880,0.027,49.077
2026-09-02T07:38:20.369902+07:00,c9_sim,485,4.585,17.736,12.267,18.314,0.025,52.927
2026-09-02T07:38:20.417627+07:00,c9_sim,486,5.302,17.318,11.519,18.135,0.021,52.295
2026-09-02T07:38:20.467324+07:00,c9_sim,487,4.590,18.834,11.643,18.463,0.031,53.561
2026-09-02T07:38:20.524428+07:00,c9_sim,488,4.933,24.253,11.979,20.066,0.029,61.260
2026-09-02T07:38:20.574039+07:00,c9_sim,489,4.504,18.546,11.562,18.752,0.024,53.388
2026-09-02T07:38:20.626603+07:00,c9_sim,490,4.468,20.354,12.350,19.142,0.023,56.336
2026-09-02T07:38:20.682882+07:00,c9_sim,491,5.063,22.711,11.534,21.195,0.064,60.568
2026-09-02T07:38:20.742696+07:00,c9_sim,492,4.504,27.309,11.600,20.131,0.025,63.569
2026-09-02T07:38:20.785730+07:00,c9_sim,493,4.487,12.689,11.623,18.014,0.022,46.834
2026-09-02T07:38:20.828700+07:00,c9_sim,494,5.161,12.821,11.921,17.572,0.021,47.496
2026-09-02T07:38:20.871235+07:00,c9_sim,495,4.586,12.441,11.558,17.831,0.019,46.436
2026-09-02T07:38:20.917177+07:00,c9_sim,496,4.982,13.393,12.274,19.552,0.022,50.223
2026-09-02T07:38:20.962137+07:00,c9_sim,497,4.648,13.927,12.273,18.022,0.019,48.889
2026-09-02T07:38:21.009610+07:00,c9_sim,498,5.115,16.080,11.694,19.023,0.020,51.931
2026-09-02T07:38:21.059141+07:00,c9_sim,499,4.533,17.744,12.405,18.656,0.023,53.361
2026-09-02T07:38:21.111041+07:00,c9_sim,500,4.706,20.972,11.861,18.291,0.025,55.856
2026-09-02T07:38:21.154327+07:00,c9_sim,501,4.914,12.583,11.647,18.346,0.023,47.513
2026-09-02T07:38:21.199842+07:00,c9_sim,502,5.140,14.851,11.607,18.360,0.022,49.980
2026-09-02T07:38:21.243681+07:00,c9_sim,503,4.536,12.674,11.792,18.686,0.025,47.713
2026-09-02T07:38:21.288961+07:00,c9_sim,504,5.081,13.963,11.790,18.715,0.022,49.571
2026-09-02T07:38:21.338765+07:00,c9_sim,505,4.604,19.633,11.612,17.814,0.030,53.692
2026-09-02T07:38:21.386274+07:00,c9_sim,506,5.059,16.686,11.368,18.669,0.040,51.824
2026-09-02T07:38:21.435410+07:00,c9_sim,507,4.407,18.138,11.755,18.567,0.025,52.891
2026-09-02T07:38:21.493250+07:00,c9_sim,508,4.975,21.945,12.821,21.908,0.024,61.673
2026-09-02T07:38:21.536257+07:00,c9_sim,509,4.725,12.515,11.871,17.885,0.020,47.017
2026-09-02T07:38:21.582167+07:00,c9_sim,510,4.506,12.052,11.489,18.366,0.022,46.434
2026-09-02T07:38:21.626028+07:00,c9_sim,511,5.104,12.930,11.845,18.309,0.054,48.242
2026-09-02T07:38:21.670062+07:00,c9_sim,512,4.564,13.192,11.602,18.569,0.022,47.949
2026-09-02T07:38:21.719562+07:00,c9_sim,513,5.220,15.241,12.272,21.285,0.026,54.044
2026-09-02T07:38:21.766311+07:00,c9_sim,514,4.518,15.254,12.289,18.507,0.021,50.589
2026-09-02T07:38:21.818318+07:00,c9_sim,515,4.627,18.116,11.783,21.408,0.024,55.957
2026-09-02T07:38:21.873823+07:00,c9_sim,516,5.011,21.908,11.933,20.989,0.022,59.863
2026-09-02T07:38:21.917307+07:00,c9_sim,517,4.719,12.495,11.682,18.615,0.021,47.531
2026-09-02T07:38:21.963493+07:00,c9_sim,518,5.051,15.752,11.825,17.894,0.021,50.544
2026-09-02T07:38:22.008030+07:00,c9_sim,519,4.451,13.963,11.939,17.914,0.018,48.285
2026-09-02T07:38:22.052511+07:00,c9_sim,520,5.093,13.853,11.874,18.067,0.019,48.906
2026-09-02T07:38:22.097955+07:00,c9_sim,521,4.540,14.773,11.573,18.365,0.022,49.273
2026-09-02T07:38:22.145786+07:00,c9_sim,522,5.189,15.602,12.263,19.177,0.032,52.262
2026-09-02T07:38:22.194404+07:00,c9_sim,523,4.706,17.486,11.983,18.360,0.024,52.559
2026-09-02T07:38:22.250185+07:00,c9_sim,524,4.993,21.532,12.113,21.324,0.023,59.986
2026-09-02T07:38:22.306258+07:00,c9_sim,525,4.844,24.884,12.452,18.065,0.022,60.266
2026-09-02T07:38:22.349959+07:00,c9_sim,526,5.083,12.966,11.728,18.234,0.022,48.033
2026-09-02T07:38:22.393930+07:00,c9_sim,527,4.411,11.957,13.277,18.042,0.021,47.709
2026-09-02T07:38:22.436982+07:00,c9_sim,528,4.439,12.939,11.690,17.776,0.020,46.865
2026-09-02T07:38:22.482672+07:00,c9_sim,529,4.794,14.856,11.737,18.334,0.024,49.745
2026-09-02T07:38:22.532776+07:00,c9_sim,530,4.937,19.130,12.023,18.265,0.020,54.374
2026-09-02T07:38:22.581112+07:00,c9_sim,531,5.059,17.436,11.816,18.346,0.020,52.677
2026-09-02T07:38:22.636537+07:00,c9_sim,532,4.610,22.889,11.927,19.889,0.022,59.338
2026-09-02T07:38:22.696521+07:00,c9_sim,533,4.739,24.934,11.968,22.336,0.025,64.002
2026-09-02T07:38:22.753180+07:00,c8_sim,247,4.723,12.951,17.894,0.000,0.014,35.583
2026-09-02T07:38:22.792350+07:00,c8_sim,248,5.042,13.956,0.000,0.000,0.005,19.003
2026-09-02T07:38:22.835065+07:00,c8_sim,249,6.421,17.527,0.000,0.000,0.004,23.953
2026-09-02T07:38:22.902697+07:00,c8_sim,250,6.965,17.444,0.000,0.000,0.005,24.414
2026-09-02T07:38:22.976695+07:00,c8_sim,251,7.885,30.620,17.245,0.000,0.008,55.759
2026-09-02T07:38:23.000610+07:00,c8_sim,252,7.031,23.702,0.000,0.000,0.005,30.738
2026-09-02T07:38:23.051251+07:00,c8_sim,253,6.899,26.993,0.000,0.000,0.006,33.898
2026-09-02T07:38:23.104148+07:00,c8_sim,254,7.146,27.653,0.000,0.000,0.006,34.804
2026-09-02T07:38:23.156876+07:00,c8_sim,255,6.815,27.512,0.000,0.000,0.007,34.334
2026-09-02T07:38:23.209629+07:00,c8_sim,256,7.047,27.443,0.000,0.000,0.006,34.497
2026-09-02T07:38:23.262006+07:00,c8_sim,257,6.808,27.121,0.000,0.000,0.007,33.936
2026-09-02T07:38:23.313721+07:00,c8_sim,258,6.761,26.461,0.000,0.000,0.006,33.228
2026-09-02T07:38:23.365791+07:00,c8_sim,259,7.198,26.819,0.000,0.000,0.008,34.026
2026-09-02T07:38:23.435489+07:00,c8_sim,260,7.014,27.263,15.654,0.000,0.008,49.938
2026-09-02T07:38:23.463352+07:00,c8_sim,261,7.150,27.677,0.000,0.000,0.005,34.831
2026-09-02T07:38:23.553353+07:00,c8_sim,262,6.930,29.664,12.463,21.760,0.084,70.901
2026-09-02T07:38:23.610745+07:00,c8_sim,263,7.079,26.364,11.366,18.759,0.080,63.649
2026-09-02T07:38:23.656200+07:00,c8_sim,264,6.790,14.519,11.905,18.242,0.062,51.517
2026-09-02T07:38:23.700766+07:00,c8_sim,265,6.549,13.287,12.211,18.253,0.054,50.355
2026-09-02T07:38:23.746739+07:00,c8_sim,266,6.671,13.084,11.572,18.374,0.017,49.718
2026-09-02T07:38:23.790391+07:00,c8_sim,267,6.531,13.431,11.617,17.840,0.076,49.495
2026-09-02T07:38:23.835530+07:00,c8_sim,268,6.493,14.507,11.454,18.361,0.085,50.900
2026-09-02T07:38:23.883123+07:00,c8_sim,269,6.650,16.683,11.534,18.589,0.080,53.536
2026-09-02T07:38:23.939661+07:00,c8_sim,270,6.453,24.150,11.534,20.026,0.020,62.184
2026-09-02T07:38:23.994646+07:00,c8_sim,271,6.854,24.145,11.477,18.452,0.018,60.946
2026-09-02T07:38:24.053221+07:00,c8_sim,272,6.593,23.195,11.527,23.026,0.016,64.357
2026-09-02T07:38:24.109671+07:00,c8_sim,273,6.464,25.109,11.680,18.829,0.078,62.162
2026-09-02T07:38:24.161084+07:00,c8_sim,274,6.904,20.661,11.501,18.459,0.017,57.541
2026-09-02T07:38:24.216538+07:00,c8_sim,275,6.551,24.292,11.548,18.884,0.019,61.294
2026-09-02T07:38:24.267608+07:00,c8_sim,276,6.723,20.617,11.482,18.233,0.023,57.078
2026-09-02T07:38:24.319816+07:00,c8_sim,277,6.598,20.731,11.659,19.118,0.020,58.126
2026-09-02T07:38:24.374942+07:00,c8_sim,278,6.683,21.269,11.521,21.578,0.021,61.072
2026-09-02T07:38:24.419028+07:00,c8_sim,279,6.993,12.974,12.151,18.163,0.069,50.350
2026-09-02T07:38:24.461982+07:00,c8_sim,280,6.980,12.772,11.421,18.082,0.021,49.276
2026-09-02T07:38:24.505297+07:00,c8_sim,281,6.711,12.668,11.763,18.146,0.022,49.311
2026-09-02T07:38:24.551063+07:00,c8_sim,282,6.688,15.457,11.553,18.005,0.020,51.724
2026-09-02T07:38:24.596314+07:00,c8_sim,283,6.745,14.100,11.759,18.566,0.100,51.270
2026-09-02T07:38:24.645056+07:00,c8_sim,284,6.801,17.735,11.488,18.750,0.021,54.795
2026-09-02T07:38:24.693506+07:00,c8_sim,285,6.720,16.551,11.361,19.744,0.023,54.398
2026-09-02T07:38:24.746818+07:00,c8_sim,286,7.263,21.676,12.017,18.821,0.023,59.800
2026-09-02T07:38:24.789414+07:00,c8_sim,287,6.784,12.021,11.338,18.435,0.092,48.670
2026-09-02T07:38:24.858487+07:00,c8_sim,288,6.626,12.696,11.887,18.697,0.023,49.929
2026-09-02T07:38:24.902505+07:00,c8_sim,289,6.850,13.069,11.809,18.344,0.019,50.092
2026-09-02T07:38:24.947327+07:00,c8_sim,290,6.740,13.890,11.416,18.767,0.024,50.838
2026-09-02T07:38:24.992823+07:00,c8_sim,291,6.646,14.247,11.525,19.042,0.020,51.481
2026-09-02T07:38:25.068365+07:00,c8_sim,292,6.687,19.006,11.511,19.205,0.022,56.432
2026-09-02T07:38:25.124640+07:00,c8_sim,293,6.667,24.722,11.530,19.286,0.024,62.229
2026-09-02T07:38:25.172756+07:00,c8_sim,294,6.794,16.826,11.996,18.580,0.022,54.219
2026-09-02T07:38:25.225512+07:00,c8_sim,295,6.800,21.649,11.567,18.770,0.021,58.807
2026-09-02T07:38:25.275695+07:00,c8_sim,296,6.669,19.269,11.730,18.436,0.031,56.134
2026-09-02T07:38:25.333823+07:00,c8_sim,297,6.832,25.489,11.476,20.312,0.020,64.129
2026-09-02T07:38:25.393781+07:00,c8_sim,298,6.771,25.906,13.153,19.879,0.024,65.733
2026-09-02T07:38:25.437592+07:00,c8_sim,299,7.083,13.782,11.361,17.946,0.020,50.192
2026-09-02T07:38:25.479523+07:00,c8_sim,300,6.424,12.035,11.516,17.716,0.019,47.710
2026-09-02T07:38:25.523992+07:00,c8_sim,301,6.750,13.313,12.025,18.317,0.019,50.424
2026-09-02T07:38:25.567086+07:00,c8_sim,302,6.768,13.133,11.340,17.957,0.023,49.221
2026-09-02T07:38:25.611348+07:00,c8_sim,303,6.982,14.187,11.311,18.027,0.022,50.529
2026-09-02T07:38:25.658749+07:00,c8_sim,304,6.899,16.335,11.967,18.419,0.025,53.645
2026-09-02T07:38:25.706565+07:00,c8_sim,305,6.956,17.049,11.755,18.223,0.021,54.004
2026-09-02T07:38:25.761421+07:00,c8_sim,306,6.871,21.504,12.279,20.316,0.037,61.006
2026-09-02T07:38:25.826561+07:00,c8_sim,307,6.923,25.349,11.930,27.078,0.025,71.306
2026-09-02T07:38:25.869891+07:00,c8_sim,308,6.813,12.678,11.731,18.212,0.021,49.456
2026-09-02T07:38:25.913120+07:00,c8_sim,309,6.725,12.275,11.886,18.363,0.024,49.273
2026-09-02T07:38:25.956105+07:00,c8_sim,310,6.796,12.689,11.435,18.181,0.020,49.120
2026-09-02T07:38:26.026137+07:00,c8_sim,311,6.801,14.526,11.404,18.299,0.021,51.050
2026-09-02T07:38:26.071787+07:00,c8_sim,312,6.743,14.913,11.423,18.545,0.023,51.647
2026-09-02T07:38:26.121505+07:00,c8_sim,313,6.961,19.727,11.304,17.974,0.021,55.987
2026-09-02T07:38:26.168743+07:00,c8_sim,314,6.793,16.612,11.338,18.551,0.020,53.314
2026-09-02T07:38:26.218481+07:00,c8_sim,315,6.686,18.491,11.544,18.983,0.023,55.727
2026-09-02T07:38:26.271503+07:00,c8_sim,316,6.748,20.260,11.473,20.533,0.023,59.036
2026-09-02T07:38:26.323817+07:00,c8_sim,317,6.746,22.153,11.176,18.174,0.022,58.271
2026-09-02T07:38:26.366264+07:00,c8_sim,318,6.510,12.043,11.570,18.109,0.019,48.250
2026-09-02T07:38:26.408453+07:00,c8_sim,319,6.632,11.810,11.409,18.241,0.021,48.113
2026-09-02T07:38:26.477893+07:00,c8_sim,320,6.662,14.217,11.213,18.232,0.023,50.348
2026-09-02T07:38:26.523555+07:00,c8_sim,321,6.847,14.195,12.611,18.108,0.025,51.786
2026-09-02T07:38:26.570071+07:00,c8_sim,322,6.600,15.888,11.438,18.426,0.025,52.376
2026-09-02T07:38:26.620357+07:00,c8_sim,323,6.740,19.501,11.470,18.620,0.034,56.365
2026-09-02T07:38:26.674426+07:00,c8_sim,324,6.686,23.799,11.245,18.214,0.022,59.967
2026-09-02T07:38:26.722230+07:00,c8_sim,325,6.746,17.801,11.471,17.754,0.023,53.795
2026-09-02T07:38:26.778437+07:00,c8_sim,326,6.554,20.666,11.657,23.132,0.024,62.033
2026-09-02T07:38:26.825418+07:00,c8_sim,327,6.502,16.463,11.565,18.176,0.023,52.728
2026-09-02T07:38:26.871691+07:00,c8_sim,328,6.745,15.903,11.518,18.043,0.023,52.232
2026-09-02T07:38:26.945439+07:00,c8_sim,329,6.507,17.922,11.506,18.524,0.021,54.479
2026-09-02T07:38:26.993953+07:00,c8_sim,330,6.475,17.894,11.460,18.362,0.023,54.213
2026-09-02T07:38:27.050163+07:00,c8_sim,331,6.661,20.232,13.186,21.938,0.023,62.040
2026-09-02T07:38:27.110327+07:00,c8_sim,332,6.544,22.806,11.718,24.923,0.023,66.015
2026-09-02T07:38:27.152813+07:00,c8_sim,333,6.692,13.039,11.323,17.448,0.022,48.524
2026-09-02T07:38:27.164725+07:00,c8_sim,334,6.490,11.765,0.000,0.000,0.007,18.262
2026-09-02T07:38:27.205564+07:00,c8_sim,335,6.886,15.669,0.000,0.000,0.007,22.562
2026-09-02T07:38:27.245163+07:00,c8_sim,336,6.977,14.441,0.000,0.000,0.009,21.427
2026-09-02T07:38:27.312671+07:00,c8_sim,337,7.196,17.206,0.000,0.000,0.019,24.421
2026-09-02T07:38:27.389502+07:00,c8_sim,338,7.054,17.099,14.231,19.299,0.024,57.707
2026-09-02T07:38:27.407677+07:00,c8_sim,339,6.781,18.029,0.000,0.000,0.008,24.818
2026-09-02T07:38:27.476853+07:00,c8_sim,340,6.588,22.735,0.000,0.000,0.007,29.331
2026-09-02T07:38:27.525304+07:00,c8_sim,341,6.975,24.962,0.000,0.000,0.011,31.948
2026-09-02T07:38:27.578203+07:00,c8_sim,342,7.020,27.338,0.000,0.000,0.009,34.366
