timestamp,camera_id,frame_id,decode_ms,detection_ms,tracking_ms,reid_ms,matching_ms,total_ai_ms
2026-09-02T07:24:13.904778+07:00,c8_sim,1,8.609,301.189,0.941,112.200,0.091,423.031
2026-09-02T07:24:13.980704+07:00,c8_sim,2,6.959,23.538,1.026,48.383,0.026,79.934
2026-09-02T07:24:14.036226+07:00,c8_sim,3,7.107,15.904,0.479,37.756,0.060,61.306
2026-09-02T07:24:14.086221+07:00,c8_sim,4,8.453,13.433,0.403,35.073,0.015,57.377
2026-09-02T07:24:14.137758+07:00,c8_sim,5,7.918,13.181,0.393,33.421,0.015,54.929
2026-09-02T07:24:14.184845+07:00,c8_sim,6,6.643,14.965,0.379,29.833,0.012,51.832
2026-09-02T07:24:14.232131+07:00,c8_sim,7,6.627,11.187,0.379,31.086,0.048,49.327
2026-09-02T07:24:14.281812+07:00,c8_sim,8,6.611,11.967,0.370,36.250,0.010,55.208
2026-09-02T07:24:14.405776+07:00,c8_sim,9,6.913,14.837,0.439,35.599,0.053,57.842
2026-09-02T07:24:14.506834+07:00,c8_sim,10,8.023,14.239,0.436,33.974,0.011,56.683
2026-09-02T07:24:14.610750+07:00,c8_sim,11,6.742,17.842,0.447,37.812,0.063,62.905
2026-09-02T07:24:14.736864+07:00,c8_sim,12,9.588,21.260,0.606,52.107,0.026,83.587
2026-09-02T07:24:14.969540+07:00,c8_sim,13,10.503,133.549,0.684,43.991,0.022,188.750
2026-09-02T07:24:15.034099+07:00,c8_sim,14,10.710,16.293,0.509,46.418,0.063,73.993
2026-09-02T07:24:15.117347+07:00,c8_sim,15,9.446,24.693,1.086,55.285,0.162,90.672
2026-09-02T07:24:15.216404+07:00,c8_sim,16,9.330,35.331,1.050,55.558,0.140,101.408
2026-09-02T07:24:15.300666+07:00,c8_sim,17,10.942,32.627,0.843,48.896,0.069,93.377
2026-09-02T07:24:15.390979+07:00,c8_sim,18,12.843,21.015,0.697,43.134,0.044,77.733
2026-09-02T07:24:15.500359+07:00,c8_sim,19,12.952,16.192,0.586,38.762,0.023,68.515
2026-09-02T07:24:15.577118+07:00,c8_sim,20,7.859,13.406,0.424,37.039,0.022,58.751
2026-09-02T07:24:15.700998+07:00,c8_sim,21,6.654,14.327,0.429,34.364,0.016,55.790
2026-09-02T07:24:15.801669+07:00,c8_sim,22,7.747,13.859,0.372,32.704,0.015,54.696
2026-09-02T07:24:15.896684+07:00,c8_sim,23,7.243,13.630,0.370,31.003,0.024,52.271
2026-09-02T07:24:16.019134+07:00,c8_sim,24,7.024,18.263,0.450,29.530,0.021,55.288
2026-09-02T07:24:16.116707+07:00,c8_sim,25,7.511,17.313,0.391,28.193,0.014,53.422
2026-09-02T07:24:16.237759+07:00,c8_sim,26,7.688,18.998,0.525,30.582,0.019,57.812
2026-09-02T07:24:16.339421+07:00,c8_sim,27,7.045,18.910,0.439,29.624,0.014,56.031
2026-09-02T07:24:16.408831+07:00,c8_sim,28,7.100,17.336,0.000,0.000,0.007,24.444
2026-09-02T07:24:16.549115+07:00,c8_sim,29,7.662,13.430,0.469,28.445,0.018,50.023
2026-09-02T07:24:16.671505+07:00,c8_sim,30,8.620,14.282,0.418,28.154,0.020,51.494
2026-09-02T07:24:16.767529+07:00,c8_sim,31,7.372,13.413,0.437,28.271,0.015,49.508
2026-09-02T07:24:16.896002+07:00,c8_sim,32,7.996,17.896,0.535,30.367,0.033,56.826
2026-09-02T07:24:17.001911+07:00,c8_sim,33,7.199,18.459,0.561,35.110,0.045,61.374
2026-09-02T07:24:17.112815+07:00,c8_sim,34,7.282,18.770,0.575,39.506,0.041,66.174
2026-09-02T07:24:17.217508+07:00,c8_sim,35,7.197,18.086,0.398,42.479,0.046,68.207
2026-09-02T07:24:17.328819+07:00,c8_sim,36,7.096,18.344,0.601,44.520,0.040,70.602
2026-09-02T07:24:17.439685+07:00,c8_sim,37,7.773,18.604,0.606,39.312,0.040,66.334
2026-09-02T07:24:17.548525+07:00,c8_sim,38,6.853,16.971,0.533,37.756,0.037,62.150
2026-09-02T07:24:17.628485+07:00,c8_sim,39,7.023,16.665,0.547,37.571,0.038,61.844
2026-09-02T07:24:17.755443+07:00,c8_sim,40,7.108,18.453,0.427,36.009,0.032,62.029
2026-09-02T07:24:17.855407+07:00,c8_sim,41,6.277,15.005,0.477,39.669,0.046,61.474
2026-09-02T07:24:17.968798+07:00,c8_sim,42,7.425,19.349,0.561,39.987,0.044,67.366
2026-09-02T07:24:18.080112+07:00,c8_sim,43,7.234,20.032,0.431,37.121,0.026,64.843
2026-09-02T07:24:18.183546+07:00,c8_sim,44,7.502,17.867,0.425,35.885,0.022,61.701
2026-09-02T07:24:18.286864+07:00,c8_sim,45,7.753,16.564,0.431,34.275,0.018,59.041
2026-09-02T07:24:18.391915+07:00,c8_sim,46,7.582,16.809,0.339,33.919,0.016,58.666
2026-09-02T07:24:18.499101+07:00,c8_sim,47,7.412,16.117,0.322,36.989,0.017,60.858
2026-09-02T07:24:18.602937+07:00,c8_sim,48,8.692,16.893,0.428,38.504,0.018,64.536
2026-09-02T07:24:18.738139+07:00,c8_sim,49,9.062,22.446,0.579,35.476,0.033,67.596
2026-09-02T07:24:18.809432+07:00,c8_sim,50,8.883,19.923,0.000,0.000,0.007,28.813
2026-09-02T07:24:18.903172+07:00,c8_sim,51,10.290,17.064,0.000,0.000,0.006,27.359
2026-09-02T07:24:19.032782+07:00,c8_sim,52,11.595,29.693,0.000,0.000,0.013,41.300
2026-09-02T07:24:19.136230+07:00,c8_sim,53,6.953,27.482,0.000,0.000,0.010,34.445
2026-09-02T07:24:19.242479+07:00,c8_sim,54,8.727,27.414,0.000,0.000,0.008,36.148
2026-09-02T07:24:19.348438+07:00,c8_sim,55,9.474,32.531,0.000,0.000,0.017,42.022
2026-09-02T07:24:19.455195+07:00,c8_sim,56,9.497,27.079,0.000,0.000,0.012,36.588
2026-09-02T07:24:19.615763+07:00,c9_sim,1,5.026,27.893,0.322,54.017,0.104,87.361
2026-09-02T07:24:19.682739+07:00,c9_sim,2,5.115,12.945,0.369,27.370,0.066,45.866
2026-09-02T07:24:19.777377+07:00,c9_sim,3,6.444,15.774,0.370,26.560,0.011,49.158
2026-09-02T07:24:19.900325+07:00,c9_sim,4,7.454,22.094,0.487,27.992,0.012,58.040
2026-09-02T07:24:19.994173+07:00,c9_sim,5,5.176,16.628,0.445,27.313,0.010,49.573
2026-09-02T07:24:20.084554+07:00,c9_sim,6,5.586,12.769,0.379,27.563,0.012,46.309
2026-09-02T07:24:20.206111+07:00,c9_sim,7,7.058,18.407,0.422,27.547,0.011,53.445
2026-09-02T07:24:20.298877+07:00,c9_sim,8,6.110,14.836,0.301,27.758,0.012,49.018
2026-09-02T07:24:20.395544+07:00,c9_sim,9,6.455,16.607,0.300,26.728,0.060,50.150
2026-09-02T07:24:20.520899+07:00,c9_sim,10,7.827,17.098,0.481,27.947,0.014,53.368
2026-09-02T07:24:20.619985+07:00,c9_sim,11,6.027,17.316,0.468,27.804,0.011,51.627
2026-09-02T07:24:20.713914+07:00,c9_sim,12,6.038,16.280,0.374,27.818,0.010,50.520
2026-09-02T07:24:20.837613+07:00,c9_sim,13,7.446,22.417,0.533,28.954,0.010,59.360
2026-09-02T07:24:20.907356+07:00,c9_sim,14,6.075,14.329,0.318,27.702,0.012,48.436
2026-09-02T07:24:21.033178+07:00,c9_sim,15,6.953,20.373,0.425,27.847,0.012,55.610
2026-09-02T07:24:21.126497+07:00,c9_sim,16,5.454,16.176,0.438,27.682,0.011,49.761
2026-09-02T07:24:21.222381+07:00,c9_sim,17,6.886,17.536,0.396,27.610,0.017,52.445
2026-09-02T07:24:21.343216+07:00,c9_sim,18,6.885,21.183,0.529,28.748,0.015,57.361
2026-09-02T07:24:21.432428+07:00,c9_sim,19,7.127,15.657,0.298,26.855,0.019,49.957
2026-09-02T07:24:21.526567+07:00,c9_sim,20,6.686,14.799,0.393,26.935,0.016,48.829
2026-09-02T07:24:21.650334+07:00,c9_sim,21,6.320,19.021,0.375,27.961,0.017,53.695
2026-09-02T07:24:21.753712+07:00,c9_sim,22,6.960,20.859,0.496,28.622,0.016,56.952
2026-09-02T07:24:21.856320+07:00,c9_sim,23,6.955,20.999,0.460,28.348,0.022,56.784
2026-09-02T07:24:21.947131+07:00,c9_sim,24,5.776,11.167,0.336,26.765,0.015,44.059
2026-09-02T07:24:22.041982+07:00,c9_sim,25,5.360,12.817,0.406,28.397,0.017,46.996
2026-09-02T07:24:22.160259+07:00,c9_sim,26,6.795,16.605,0.325,27.114,0.018,50.857
2026-09-02T07:24:22.255718+07:00,c9_sim,27,6.675,16.359,0.364,27.149,0.015,50.561
2026-09-02T07:24:22.353659+07:00,c9_sim,28,6.771,16.329,0.336,27.759,0.013,51.208
2026-09-02T07:24:22.478427+07:00,c9_sim,29,7.278,21.150,0.318,28.012,0.014,56.772
2026-09-02T07:24:22.569696+07:00,c9_sim,30,5.970,13.137,0.319,27.730,0.019,47.174
2026-09-02T07:24:22.665256+07:00,c9_sim,31,5.500,13.873,0.407,28.148,0.018,47.945
2026-09-02T07:24:22.788021+07:00,c9_sim,32,6.845,19.987,0.396,27.812,0.016,55.057
2026-09-02T07:24:22.889130+07:00,c9_sim,33,6.373,20.672,0.332,27.361,0.015,54.753
2026-09-02T07:24:22.981247+07:00,c9_sim,34,5.869,13.635,0.346,30.484,0.018,50.351
2026-09-02T07:24:23.105816+07:00,c9_sim,35,21.777,12.604,0.475,33.361,0.022,68.239
2026-09-02T07:24:23.213396+07:00,c9_sim,36,6.745,18.770,0.425,37.763,0.040,63.743
2026-09-02T07:24:23.294794+07:00,c9_sim,37,6.146,14.626,0.314,40.704,0.024,61.815
2026-09-02T07:24:23.403361+07:00,c9_sim,38,7.007,19.124,0.459,39.028,0.041,65.659
2026-09-02T07:24:23.506019+07:00,c9_sim,39,6.977,19.467,0.356,34.657,0.028,61.484
2026-09-02T07:24:23.606673+07:00,c9_sim,40,6.978,17.823,0.329,32.143,0.031,57.305
2026-09-02T07:24:23.717578+07:00,c9_sim,41,7.223,18.221,0.500,37.041,0.026,63.011
2026-09-02T07:24:23.822781+07:00,c9_sim,42,7.113,19.108,0.503,33.631,0.021,60.376
2026-09-02T07:24:23.924153+07:00,c9_sim,43,6.824,16.057,0.374,36.634,0.022,59.912
2026-09-02T07:24:24.032190+07:00,c9_sim,44,6.096,16.927,0.436,38.299,0.027,61.784
2026-09-02T07:24:24.139207+07:00,c9_sim,45,5.863,19.046,0.406,34.526,0.018,59.860
2026-09-02T07:24:24.217637+07:00,c9_sim,46,6.101,13.348,0.354,37.925,0.017,57.746
2026-09-02T07:24:24.348151+07:00,c9_sim,47,7.902,21.813,0.602,33.330,0.038,63.685
2026-09-02T07:24:24.418241+07:00,c9_sim,48,6.196,12.393,0.386,31.951,0.021,50.947
2026-09-02T07:24:24.542288+07:00,c9_sim,49,5.894,18.011,0.426,29.351,0.016,53.698
2026-09-02T07:24:24.633983+07:00,c9_sim,50,6.392,12.971,0.385,30.218,0.016,49.982
2026-09-02T07:24:24.732060+07:00,c9_sim,51,5.569,13.994,0.398,31.501,0.021,51.484
2026-09-02T07:24:24.857063+07:00,c9_sim,52,6.819,22.443,0.586,31.659,0.018,61.524
2026-09-02T07:24:24.953809+07:00,c9_sim,53,6.645,16.347,0.411,31.269,0.017,54.689
2026-09-02T07:24:25.053944+07:00,c9_sim,54,5.183,14.314,0.532,31.934,0.019,51.981
2026-09-02T07:24:25.155478+07:00,c9_sim,55,5.452,17.131,0.433,30.828,0.016,53.861
2026-09-02T07:24:25.257292+07:00,c9_sim,56,6.282,18.840,0.391,29.356,0.015,54.884
2026-09-02T07:24:25.355551+07:00,c9_sim,57,6.635,16.971,0.408,31.181,0.015,55.210
2026-09-02T07:24:25.456414+07:00,c9_sim,58,7.013,19.300,0.375,30.744,0.016,57.448
2026-09-02T07:24:25.563421+07:00,c9_sim,59,6.968,20.154,0.395,33.664,0.025,61.206
2026-09-02T07:24:25.669341+07:00,c9_sim,60,6.732,18.438,0.416,34.073,0.020,59.681
2026-09-02T07:24:25.774756+07:00,c9_sim,61,7.040,20.154,0.377,31.965,0.035,59.571
2026-09-02T07:24:25.872935+07:00,c9_sim,62,7.084,18.819,0.367,31.932,0.020,58.221
2026-09-02T07:24:25.974237+07:00,c9_sim,63,7.110,16.607,0.348,31.401,0.015,55.482
2026-09-02T07:24:26.070265+07:00,c9_sim,64,7.505,14.694,0.319,32.209,0.014,54.741
2026-09-02T07:24:26.196945+07:00,c9_sim,65,7.004,20.723,0.345,29.440,0.016,57.528
2026-09-02T07:24:26.297353+07:00,c9_sim,66,7.914,18.972,0.269,28.370,0.013,55.538
2026-09-02T07:24:26.389956+07:00,c9_sim,67,5.995,13.543,0.335,31.021,0.014,50.909
2026-09-02T07:24:26.489501+07:00,c9_sim,68,6.309,13.438,0.330,32.950,0.016,53.043
2026-09-02T07:24:26.593613+07:00,c9_sim,69,6.787,15.148,0.317,35.799,0.021,58.072
2026-09-02T07:24:26.705416+07:00,c9_sim,70,6.486,21.523,0.559,37.159,0.039,65.767
2026-09-02T07:24:26.810030+07:00,c9_sim,71,7.424,21.109,0.421,33.828,0.019,62.801
2026-09-02T07:24:26.920026+07:00,c9_sim,72,6.663,22.207,0.354,34.085,0.025,63.334
2026-09-02T07:24:27.033293+07:00,c9_sim,73,7.992,19.474,0.543,36.801,0.029,64.840
2026-09-02T07:24:27.123685+07:00,c9_sim,74,7.989,15.020,0.827,47.012,0.060,70.908
2026-09-02T07:24:27.246651+07:00,c9_sim,75,9.734,24.709,0.755,47.055,0.048,82.302
2026-09-02T07:24:27.337187+07:00,c9_sim,76,8.840,21.151,0.716,42.955,0.040,73.703
2026-09-02T07:24:27.423796+07:00,c9_sim,77,7.304,19.677,0.669,39.128,0.030,66.809
2026-09-02T07:24:27.524431+07:00,c9_sim,78,5.870,12.462,0.372,35.148,0.019,53.871
2026-09-02T07:24:27.621164+07:00,c9_sim,79,4.838,11.173,0.319,33.213,0.016,49.559
2026-09-02T07:24:27.717539+07:00,c9_sim,80,5.254,14.391,0.457,30.542,0.016,50.660
2026-09-02T07:24:27.847589+07:00,c9_sim,81,7.133,22.080,0.514,28.955,0.013,58.695
2026-09-02T07:24:27.945704+07:00,c9_sim,82,6.197,16.843,0.320,27.515,0.018,50.893
2026-09-02T07:24:28.043933+07:00,c9_sim,83,6.006,13.984,0.332,31.118,0.023,51.464
2026-09-02T07:24:28.139741+07:00,c9_sim,84,5.969,13.566,0.345,32.614,0.016,52.508
2026-09-02T07:24:28.242161+07:00,c9_sim,85,6.711,16.054,0.444,32.479,0.020,55.707
2026-09-02T07:24:28.364654+07:00,c9_sim,86,7.608,20.815,0.513,30.959,0.014,59.910
2026-09-02T07:24:28.434909+07:00,c9_sim,87,6.192,12.213,0.347,30.997,0.019,49.768
2026-09-02T07:24:28.557394+07:00,c9_sim,88,7.072,20.245,0.366,30.884,0.018,58.585
2026-09-02T07:24:28.654944+07:00,c9_sim,89,6.635,13.686,0.382,30.464,0.017,51.185
2026-09-02T07:24:28.786494+07:00,c9_sim,90,7.786,22.684,0.620,30.387,0.016,61.492
2026-09-02T07:24:28.856384+07:00,c9_sim,91,5.663,14.097,0.350,27.840,0.014,47.964
2026-09-02T07:24:28.977543+07:00,c9_sim,92,7.555,21.164,0.424,30.513,0.018,59.676
2026-09-02T07:24:29.080630+07:00,c9_sim,93,6.683,16.146,0.310,34.700,0.020,57.860
2026-09-02T07:24:29.186000+07:00,c9_sim,94,6.513,17.427,0.350,34.442,0.015,58.747
2026-09-02T07:24:29.286973+07:00,c9_sim,95,7.054,16.280,0.278,33.284,0.014,56.911
2026-09-02T07:24:29.390252+07:00,c9_sim,96,5.435,17.529,0.365,31.866,0.014,55.210
2026-09-02T07:24:29.486976+07:00,c9_sim,97,5.701,14.186,0.344,32.696,0.016,52.943
2026-09-02T07:24:29.583694+07:00,c9_sim,98,6.371,16.678,0.468,30.631,0.022,54.170
2026-09-02T07:24:29.682786+07:00,c9_sim,99,7.268,16.103,0.400,32.061,0.018,55.852
2026-09-02T07:24:29.813576+07:00,c9_sim,100,7.644,23.634,0.510,31.192,0.015,62.995
2026-09-02T07:24:29.885185+07:00,c9_sim,101,6.146,13.001,0.291,31.513,0.014,50.965
2026-09-02T07:24:30.009780+07:00,c9_sim,102,5.497,14.222,0.392,31.325,0.016,51.453
2026-09-02T07:24:30.107180+07:00,c9_sim,103,6.137,13.323,0.341,30.442,0.016,50.259
2026-09-02T07:24:30.205444+07:00,c9_sim,104,6.441,14.842,0.396,29.598,0.015,51.293
2026-09-02T07:24:30.322379+07:00,c9_sim,105,7.599,18.712,0.382,26.987,0.015,53.695
2026-09-02T07:24:30.419113+07:00,c9_sim,106,5.419,14.529,0.332,30.170,0.016,50.467
2026-09-02T07:24:30.513410+07:00,c9_sim,107,5.661,13.970,0.447,31.327,0.019,51.424
2026-09-02T07:24:30.637080+07:00,c9_sim,108,6.980,16.724,0.374,31.360,0.016,55.454
2026-09-02T07:24:30.738579+07:00,c9_sim,109,6.928,19.475,0.281,30.122,0.017,56.822
2026-09-02T07:24:30.812196+07:00,c9_sim,110,5.569,13.695,0.368,32.186,0.013,51.831
2026-09-02T07:24:30.944204+07:00,c9_sim,111,8.193,21.537,0.588,33.584,0.013,63.914
2026-09-02T07:24:31.047518+07:00,c9_sim,112,6.829,19.802,0.519,32.596,0.019,59.765
2026-09-02T07:24:31.141592+07:00,c9_sim,113,5.371,15.276,0.396,30.956,0.015,52.014
2026-09-02T07:24:31.236732+07:00,c9_sim,114,6.323,14.408,0.400,32.584,0.020,53.735
2026-09-02T07:24:31.303855+07:00,c9_sim,115,6.380,14.915,0.000,0.000,0.006,21.301
2026-09-02T07:24:31.434162+07:00,c9_sim,116,8.365,30.850,0.000,0.000,0.006,39.221
2026-09-02T07:24:31.544249+07:00,c9_sim,117,7.076,31.448,0.000,0.000,0.007,38.531
2026-09-02T07:24:31.681849+07:00,c9_sim,118,6.216,28.010,0.520,55.582,0.033,90.361
2026-09-02T07:24:31.747743+07:00,c9_sim,119,6.536,14.401,0.300,26.765,0.018,48.019
2026-09-02T07:24:31.843368+07:00,c9_sim,120,7.181,14.743,0.308,27.288,0.013,49.534
2026-09-02T07:24:31.967125+07:00,c9_sim,121,7.259,18.624,0.318,27.724,0.014,53.939
2026-09-02T07:24:32.065621+07:00,c9_sim,122,6.511,18.153,0.312,27.235,0.015,52.227
2026-09-02T07:24:32.161678+07:00,c9_sim,123,6.954,15.527,0.299,27.439,0.013,50.232
2026-09-02T07:24:32.257764+07:00,c9_sim,124,7.179,15.412,0.304,26.939,0.016,49.851
2026-09-02T07:24:32.384291+07:00,c9_sim,125,7.644,20.732,0.486,28.024,0.016,56.901
2026-09-02T07:24:32.481398+07:00,c9_sim,126,7.136,15.556,0.340,27.730,0.016,50.778
2026-09-02T07:24:32.572611+07:00,c9_sim,127,6.635,13.251,0.351,27.524,0.017,47.778
2026-09-02T07:24:32.664301+07:00,c9_sim,128,6.552,11.867,0.283,27.314,0.015,46.031
2026-09-02T07:24:32.784521+07:00,c9_sim,129,7.022,18.595,0.364,27.981,0.014,53.976
2026-09-02T07:24:32.884016+07:00,c9_sim,130,7.062,19.021,0.326,27.877,0.014,54.300
2026-09-02T07:24:33.000662+07:00,c9_sim,131,5.704,16.468,0.306,27.835,0.014,50.327
2026-09-02T07:24:33.094651+07:00,c9_sim,132,6.113,13.513,0.373,28.845,0.015,48.858
2026-09-02T07:24:33.190919+07:00,c9_sim,133,5.206,12.026,0.376,30.614,0.016,48.239
2026-09-02T07:24:33.313956+07:00,c9_sim,134,6.016,18.288,0.331,29.616,0.015,54.266
2026-09-02T07:24:33.403210+07:00,c9_sim,135,5.651,12.750,0.294,29.980,0.013,48.690
2026-09-02T07:24:33.501113+07:00,c9_sim,136,6.341,14.900,0.392,29.430,0.017,51.079
2026-09-02T07:24:33.622893+07:00,c9_sim,137,6.838,19.604,0.379,28.687,0.014,55.521
2026-09-02T07:24:33.719967+07:00,c9_sim,138,6.189,15.975,0.341,31.828,0.014,54.347
2026-09-02T07:24:33.818510+07:00,c9_sim,139,6.486,16.568,0.314,31.382,0.015,54.765
2026-09-02T07:24:33.920420+07:00,c9_sim,140,7.228,18.788,0.355,29.461,0.016,55.848
2026-09-02T07:24:34.021459+07:00,c9_sim,141,6.253,17.530,0.393,29.530,0.015,53.722
2026-09-02T07:24:34.121064+07:00,c9_sim,142,5.723,16.870,0.469,29.874,0.016,52.954
2026-09-02T07:24:34.251468+07:00,c9_sim,143,7.109,22.414,0.726,29.688,0.018,59.956
2026-09-02T07:24:34.320951+07:00,c9_sim,144,6.191,13.760,0.358,27.858,0.014,48.182
2026-09-02T07:24:34.448533+07:00,c9_sim,145,6.750,21.003,0.533,30.730,0.017,59.032
2026-09-02T07:24:34.548507+07:00,c9_sim,146,6.120,17.305,0.361,31.840,0.015,55.640
2026-09-02T07:24:34.651535+07:00,c9_sim,147,5.566,13.968,0.480,36.858,0.019,56.891
2026-09-02T07:24:34.756688+07:00,c9_sim,148,6.194,17.293,0.498,37.772,0.018,61.775
2026-09-02T07:24:34.863964+07:00,c9_sim,149,6.745,16.618,0.409,38.397,0.020,62.189
2026-09-02T07:24:34.967041+07:00,c9_sim,150,7.522,17.982,0.345,33.876,0.018,59.742
2026-09-02T07:24:35.070560+07:00,c9_sim,151,6.828,19.446,0.291,30.919,0.014,57.497
2026-09-02T07:24:35.143318+07:00,c9_sim,152,5.416,12.548,0.319,32.484,0.015,50.781
2026-09-02T07:24:35.270344+07:00,c9_sim,153,7.321,20.973,0.320,29.232,0.015,57.861
2026-09-02T07:24:35.390348+07:00,c9_sim,154,7.608,43.419,0.379,28.676,0.015,80.098
2026-09-02T07:24:35.457802+07:00,c9_sim,155,5.362,11.443,0.300,31.105,0.016,48.226
2026-09-02T07:24:35.578729+07:00,c9_sim,156,5.758,14.835,0.423,32.312,0.022,53.349
2026-09-02T07:24:35.678142+07:00,c9_sim,157,5.405,15.534,0.432,32.249,0.017,53.636
2026-09-02T07:24:35.773781+07:00,c9_sim,158,6.026,12.447,0.362,32.919,0.016,51.769
2026-09-02T07:24:35.875892+07:00,c9_sim,159,6.355,16.067,0.353,32.298,0.014,55.087
2026-09-02T07:24:35.974720+07:00,c9_sim,160,6.606,13.810,0.318,31.227,0.013,51.974
2026-09-02T07:24:36.101345+07:00,c9_sim,161,7.364,19.929,0.378,29.994,0.015,57.680
2026-09-02T07:24:36.200274+07:00,c9_sim,162,6.752,18.549,0.324,27.325,0.014,52.964
2026-09-02T07:24:36.316123+07:00,c9_sim,163,22.169,15.301,0.434,27.745,0.035,65.684
2026-09-02T07:24:36.411692+07:00,c9_sim,164,7.406,18.967,0.489,30.049,0.023,56.934
2026-09-02T07:24:36.518529+07:00,c9_sim,165,7.098,15.207,0.486,37.340,0.048,60.180
2026-09-02T07:24:36.623358+07:00,c9_sim,166,7.244,26.088,0.804,50.457,0.074,84.668
2026-09-02T07:24:36.752452+07:00,c9_sim,167,15.398,29.300,0.959,51.411,0.059,97.127
2026-09-02T07:24:36.846597+07:00,c9_sim,168,9.939,21.862,0.691,43.892,0.049,76.433
2026-09-02T07:24:36.936269+07:00,c9_sim,169,7.239,21.593,0.679,42.621,0.042,72.175
2026-09-02T07:24:37.039352+07:00,c9_sim,170,8.029,15.329,0.416,36.725,0.029,60.528
2026-09-02T07:24:37.119046+07:00,c9_sim,171,5.886,13.485,0.426,38.877,0.019,58.693
2026-09-02T07:24:37.218258+07:00,c9_sim,172,5.061,12.957,0.347,36.571,0.016,54.952
2026-09-02T07:24:37.317235+07:00,c9_sim,173,5.337,14.599,0.325,30.601,0.017,50.878
2026-09-02T07:24:37.448142+07:00,c9_sim,174,7.365,22.531,0.487,28.947,0.020,59.350
2026-09-02T07:24:37.517848+07:00,c9_sim,175,6.045,11.884,0.328,30.832,0.016,49.104
2026-09-02T07:24:37.639976+07:00,c9_sim,176,5.551,14.163,0.398,30.166,0.019,50.296
2026-09-02T07:24:37.735583+07:00,c9_sim,177,6.389,15.327,0.342,28.004,0.015,50.077
2026-09-02T07:24:37.832412+07:00,c9_sim,178,6.373,17.364,0.417,28.348,0.019,52.521
2026-09-02T07:24:37.964443+07:00,c9_sim,179,7.133,22.587,0.546,30.824,0.033,61.124
2026-09-02T07:24:38.040779+07:00,c9_sim,180,7.075,14.650,0.395,33.628,0.023,55.771
2026-09-02T07:24:38.180448+07:00,c9_sim,181,8.174,22.644,0.447,40.608,0.019,71.892
2026-09-02T07:24:38.273278+07:00,c9_sim,182,5.797,16.409,0.373,48.687,0.020,71.285
2026-09-02T07:24:38.391260+07:00,c9_sim,183,6.772,21.195,0.376,43.207,0.041,71.590
2026-09-02T07:24:38.473982+07:00,c9_sim,184,6.111,15.599,0.425,42.853,0.027,65.014
2026-09-02T07:24:38.580546+07:00,c9_sim,185,6.405,17.169,0.429,35.983,0.024,60.009
2026-09-02T07:24:38.682150+07:00,c9_sim,186,6.427,18.837,0.470,32.510,0.019,58.263
2026-09-02T07:24:38.781418+07:00,c9_sim,187,6.248,16.897,0.376,30.363,0.014,53.898
2026-09-02T07:24:38.878804+07:00,c9_sim,188,6.009,17.242,0.319,27.551,0.014,51.135
2026-09-02T07:24:38.977349+07:00,c9_sim,189,5.912,15.470,0.364,29.061,0.015,50.822
2026-09-02T07:24:39.075783+07:00,c9_sim,190,7.037,18.441,0.270,30.141,0.015,55.904
2026-09-02T07:24:39.181316+07:00,c9_sim,191,7.283,15.846,0.318,36.860,0.038,60.346
2026-09-02T07:24:39.288072+07:00,c9_sim,192,6.046,20.838,0.466,36.885,0.039,64.274
2026-09-02T07:24:39.391900+07:00,c9_sim,193,7.444,17.791,0.511,36.579,0.030,62.355
2026-09-02T07:24:39.505860+07:00,c9_sim,194,6.066,20.439,0.610,40.446,0.040,67.602
2026-09-02T07:24:39.617396+07:00,c9_sim,195,7.014,20.061,0.472,46.515,0.046,74.108
2026-09-02T07:24:39.708473+07:00,c9_sim,196,6.263,18.007,0.459,45.343,0.043,70.114
2026-09-02T07:24:39.835428+07:00,c9_sim,197,7.418,23.338,0.753,42.289,0.025,73.822
2026-09-02T07:24:39.919998+07:00,c9_sim,198,6.369,15.196,0.379,41.928,0.029,63.902
2026-09-02T07:24:40.030247+07:00,c9_sim,199,5.722,18.787,0.478,37.949,0.014,62.951
2026-09-02T07:24:40.111143+07:00,c9_sim,200,5.766,13.811,0.389,39.855,0.021,59.841
2026-09-02T07:24:40.213332+07:00,c9_sim,201,6.353,14.576,0.369,40.594,0.020,61.912
2026-09-02T07:24:40.321966+07:00,c9_sim,202,8.515,19.141,0.348,38.147,0.021,66.172
2026-09-02T07:24:40.429734+07:00,c9_sim,203,9.017,18.472,0.372,35.673,0.020,63.554
2026-09-02T07:24:40.530597+07:00,c9_sim,204,6.919,14.775,0.456,35.793,0.018,57.961
2026-09-02T07:24:40.630439+07:00,c9_sim,205,6.179,13.730,0.431,33.739,0.020,54.098
2026-09-02T07:24:40.724725+07:00,c9_sim,206,5.260,14.109,0.401,33.147,0.018,52.935
2026-09-02T07:24:40.855567+07:00,c9_sim,207,7.785,21.827,0.526,30.135,0.013,60.286
2026-09-02T07:24:40.925286+07:00,c9_sim,208,6.028,13.632,0.364,28.292,0.021,48.337
2026-09-02T07:24:41.045982+07:00,c9_sim,209,6.781,20.045,0.435,29.217,0.021,56.498
2026-09-02T07:24:41.147455+07:00,c9_sim,210,6.682,18.045,0.377,30.315,0.017,55.437
2026-09-02T07:24:41.249035+07:00,c9_sim,211,6.888,17.510,0.438,30.700,0.016,55.552
2026-09-02T07:24:41.345573+07:00,c9_sim,212,6.814,18.361,0.357,29.742,0.017,55.291
2026-09-02T07:24:41.474174+07:00,c9_sim,213,7.180,22.204,0.485,29.992,0.018,59.879
2026-09-02T07:24:41.549604+07:00,c9_sim,214,6.304,14.963,0.399,33.081,0.017,54.763
2026-09-02T07:24:41.679449+07:00,c9_sim,215,7.724,22.776,0.511,30.735,0.013,61.759
2026-09-02T07:24:41.749381+07:00,c9_sim,216,6.077,12.673,0.310,30.352,0.016,49.428
2026-09-02T07:24:41.879843+07:00,c9_sim,217,7.479,21.928,0.638,30.215,0.015,60.274
2026-09-02T07:24:41.973831+07:00,c9_sim,218,6.756,15.114,0.300,28.234,0.013,50.417
2026-09-02T07:24:42.073096+07:00,c9_sim,219,6.661,15.352,0.484,29.858,0.022,52.376
2026-09-02T07:24:42.169956+07:00,c9_sim,220,6.918,16.971,0.449,32.169,0.020,56.527
2026-09-02T07:24:42.272946+07:00,c9_sim,221,7.282,18.537,0.353,31.152,0.017,57.340
2026-09-02T07:24:42.374633+07:00,c9_sim,222,6.725,17.759,0.359,30.714,0.013,55.571
2026-09-02T07:24:42.475695+07:00,c9_sim,223,6.689,15.923,0.324,31.322,0.021,54.279
2026-09-02T07:24:42.575316+07:00,c9_sim,224,6.578,14.857,0.409,30.793,0.018,52.654
2026-09-02T07:24:42.703124+07:00,c9_sim,225,6.737,20.709,0.491,30.736,0.019,58.691
2026-09-02T07:24:42.803236+07:00,c9_sim,226,6.240,19.877,0.438,27.851,0.015,54.421
2026-09-02T07:24:42.900003+07:00,c9_sim,227,5.956,14.726,0.432,28.277,0.017,49.408
2026-09-02T07:24:42.997334+07:00,c9_sim,228,6.040,14.402,0.440,29.210,0.017,50.110
2026-09-02T07:24:43.117913+07:00,c9_sim,229,11.665,15.728,0.514,31.493,0.020,59.420
2026-09-02T07:24:43.217411+07:00,c9_sim,230,6.631,14.140,0.542,34.786,0.020,56.120
2026-09-02T07:24:43.322286+07:00,c9_sim,231,5.683,14.335,0.465,36.689,0.022,57.194
2026-09-02T07:24:43.427421+07:00,c9_sim,232,5.981,15.886,0.416,37.791,0.017,60.091
2026-09-02T07:24:43.528141+07:00,c9_sim,233,5.509,15.352,0.433,34.190,0.020,55.503
2026-09-02T07:24:43.630153+07:00,c9_sim,234,5.618,16.756,0.330,32.066,0.021,54.791
2026-09-02T07:24:43.730092+07:00,c9_sim,235,5.580,15.934,0.489,31.535,0.018,53.556
2026-09-02T07:24:43.831152+07:00,c9_sim,236,6.514,18.751,0.358,29.219,0.016,54.858
2026-09-02T07:24:43.927250+07:00,c9_sim,237,6.051,15.962,0.329,28.760,0.020,51.121
2026-09-02T07:24:44.028664+07:00,c9_sim,238,6.716,17.115,0.529,30.279,0.015,54.656
2026-09-02T07:24:44.128051+07:00,c9_sim,239,5.951,13.799,0.430,31.815,0.021,52.015
2026-09-02T07:24:44.250365+07:00,c9_sim,240,6.943,18.698,0.459,29.771,0.016,55.887
2026-09-02T07:24:44.345627+07:00,c9_sim,241,5.959,16.787,0.327,29.371,0.014,52.460
2026-09-02T07:24:44.444013+07:00,c9_sim,242,5.844,15.767,0.324,30.097,0.017,52.049
2026-09-02T07:24:44.544324+07:00,c9_sim,243,6.277,16.979,0.503,30.878,0.016,54.654
2026-09-02T07:24:44.641977+07:00,c9_sim,244,6.886,15.695,0.332,28.508,0.015,51.436
2026-09-02T07:24:44.766252+07:00,c9_sim,245,6.900,20.221,0.480,28.832,0.014,56.447
2026-09-02T07:24:44.860932+07:00,c9_sim,246,6.259,16.097,0.390,28.867,0.012,51.625
2026-09-02T07:24:44.959686+07:00,c9_sim,247,6.609,17.498,0.410,30.491,0.017,55.024
2026-09-02T07:24:45.059947+07:00,c9_sim,248,7.259,18.968,0.348,29.632,0.094,56.301
2026-09-02T07:24:45.187517+07:00,c9_sim,249,7.660,22.101,0.465,28.910,0.032,59.167
2026-09-02T07:24:45.274860+07:00,c9_sim,250,6.878,13.888,0.380,27.498,0.016,48.659
2026-09-02T07:24:45.391423+07:00,c9_sim,251,5.495,33.645,0.408,29.190,0.016,68.753
2026-09-02T07:24:45.479212+07:00,c9_sim,252,5.237,12.018,0.333,31.528,0.020,49.136
2026-09-02T07:24:45.576023+07:00,c9_sim,253,5.450,13.173,0.549,30.741,0.021,49.933
2026-09-02T07:24:45.674709+07:00,c9_sim,254,5.389,14.050,0.388,30.902,0.017,50.745
2026-09-02T07:24:45.795953+07:00,c9_sim,255,7.453,20.693,0.530,29.148,0.031,57.855
2026-09-02T07:24:45.891424+07:00,c9_sim,256,6.829,18.872,0.455,28.715,0.033,54.904
2026-09-02T07:24:45.993859+07:00,c9_sim,257,7.001,18.241,0.759,31.190,0.034,57.224
2026-09-02T07:24:46.053916+07:00,c9_sim,258,4.783,11.918,0.000,0.000,0.008,16.709
2026-09-02T07:24:46.180081+07:00,c8_sim,57,5.909,26.245,0.515,0.000,0.008,32.678
2026-09-02T07:24:46.260742+07:00,c8_sim,58,5.941,27.362,0.580,0.005,0.161,34.050
2026-09-02T07:24:46.363650+07:00,c8_sim,59,5.916,28.140,0.000,0.000,0.018,34.073
2026-09-02T07:24:46.445212+07:00,c8_sim,60,6.920,28.052,0.445,0.004,0.012,35.432
2026-09-02T07:24:46.522595+07:00,c8_sim,61,6.551,25.098,0.496,0.004,0.013,32.163
2026-09-02T07:24:46.621500+07:00,c8_sim,62,6.623,26.996,0.000,0.000,0.009,33.628
2026-09-02T07:24:46.701917+07:00,c8_sim,63,6.779,29.412,0.000,0.000,0.012,36.204
2026-09-02T07:24:46.783733+07:00,c8_sim,64,7.112,28.001,0.000,0.000,0.321,35.434
2026-09-02T07:24:46.870644+07:00,c8_sim,65,7.030,32.741,0.586,0.005,0.025,40.386
2026-09-02T07:24:46.952166+07:00,c8_sim,66,7.410,28.793,0.000,0.000,0.013,36.216
2026-09-02T07:24:47.055941+07:00,c8_sim,67,6.910,30.072,0.667,0.005,0.018,37.672
2026-09-02T07:24:47.137844+07:00,c8_sim,68,7.342,29.384,0.471,0.003,0.212,37.413
2026-09-02T07:24:47.220244+07:00,c8_sim,69,7.040,29.542,0.000,0.000,0.008,36.590
2026-09-02T07:24:47.303041+07:00,c8_sim,70,9.076,31.325,0.756,0.006,0.018,41.181
2026-09-02T07:24:47.411014+07:00,c8_sim,71,11.545,32.543,0.000,0.000,0.020,44.108
2026-09-02T07:24:47.468777+07:00,c8_sim,72,9.290,29.554,0.462,0.000,0.008,39.314
2026-09-02T07:24:47.571685+07:00,c8_sim,73,9.211,29.990,0.000,0.000,0.011,39.211
2026-09-02T07:24:47.700890+07:00,c8_sim,74,8.118,30.294,0.654,48.771,0.082,87.919
2026-09-02T07:24:47.712516+07:00,c8_sim,75,7.863,11.321,0.000,0.000,0.006,19.190
2026-09-02T07:24:47.836549+07:00,c8_sim,76,8.966,17.049,0.493,28.305,0.055,54.867
2026-09-02T07:24:47.935028+07:00,c8_sim,77,7.487,15.757,0.510,28.639,0.070,52.463
2026-09-02T07:24:48.003823+07:00,c8_sim,78,8.420,13.041,0.463,27.752,0.049,49.723
2026-09-02T07:24:48.096790+07:00,c8_sim,79,8.371,13.571,0.457,29.516,0.052,51.968
2026-09-02T07:24:48.192431+07:00,c8_sim,80,7.918,13.710,0.439,30.943,0.015,53.025
2026-09-02T07:24:48.263709+07:00,c8_sim,81,7.717,12.588,0.463,36.415,0.011,57.194
2026-09-02T07:24:48.368012+07:00,c8_sim,82,8.209,14.613,0.425,37.145,0.012,60.405
2026-09-02T07:24:48.445750+07:00,c8_sim,83,8.450,12.423,0.387,37.928,0.015,59.203
2026-09-02T07:24:48.548371+07:00,c8_sim,84,7.923,14.181,0.513,36.608,0.014,59.238
2026-09-02T07:24:48.626803+07:00,c8_sim,85,7.088,12.176,0.386,39.025,0.019,58.693
2026-09-02T07:24:48.705153+07:00,c8_sim,86,7.332,12.917,0.363,38.181,0.015,58.808
2026-09-02T07:24:48.785284+07:00,c8_sim,87,8.038,13.133,0.383,39.759,0.013,61.325
2026-09-02T07:24:48.851918+07:00,c8_sim,88,7.717,14.622,0.000,0.000,0.007,22.346
2026-09-02T07:24:48.975823+07:00,c8_sim,89,8.112,19.059,0.570,28.720,0.011,56.472
2026-09-02T07:24:49.045240+07:00,c8_sim,90,8.144,12.295,0.356,30.049,0.012,50.856
2026-09-02T07:24:49.136834+07:00,c8_sim,91,7.510,11.811,0.340,30.792,0.012,50.465
2026-09-02T07:24:49.206713+07:00,c8_sim,92,8.365,11.732,0.423,30.285,0.017,50.823
2026-09-02T07:24:49.302380+07:00,c8_sim,93,8.309,11.914,0.343,31.000,0.017,51.582
2026-09-02T07:24:49.401314+07:00,c8_sim,94,8.581,15.270,0.367,29.882,0.016,54.116
2026-09-02T07:24:49.471712+07:00,c8_sim,95,8.222,11.699,0.337,31.737,0.017,52.012
2026-09-02T07:24:49.571839+07:00,c8_sim,96,7.964,15.082,0.557,31.267,0.018,54.888
2026-09-02T07:24:49.647333+07:00,c8_sim,97,8.262,15.921,0.472,32.380,0.015,57.051
2026-09-02T07:24:49.742850+07:00,c8_sim,98,8.337,13.104,0.479,32.842,0.016,54.777
2026-09-02T07:24:49.822293+07:00,c8_sim,99,8.228,13.545,0.453,38.562,0.016,60.804
2026-09-02T07:24:49.928989+07:00,c8_sim,100,8.802,15.434,0.413,37.999,0.030,62.678
2026-09-02T07:24:50.008445+07:00,c8_sim,101,7.690,14.227,0.424,37.883,0.017,60.241
2026-09-02T07:24:50.089474+07:00,c8_sim,102,7.734,13.044,0.420,40.651,0.021,61.869
2026-09-02T07:24:50.170388+07:00,c8_sim,103,8.246,14.272,0.365,40.499,0.019,63.402
2026-09-02T07:24:50.268785+07:00,c8_sim,104,8.036,16.357,0.408,35.271,0.017,60.089
2026-09-02T07:24:50.343024+07:00,c8_sim,105,8.392,12.615,0.396,34.467,0.017,55.887
2026-09-02T07:24:50.418000+07:00,c8_sim,106,8.213,12.573,0.369,35.196,0.019,56.371
2026-09-02T07:24:50.514840+07:00,c8_sim,107,8.029,12.976,0.454,33.794,0.016,55.269
2026-09-02T07:24:50.586228+07:00,c8_sim,108,7.754,12.089,0.375,32.236,0.018,52.471
2026-09-02T07:24:50.684804+07:00,c8_sim,109,8.192,14.618,0.517,30.129,0.017,53.473
2026-09-02T07:24:50.753872+07:00,c8_sim,110,7.890,11.011,0.327,31.084,0.017,50.328
2026-09-02T07:24:50.852999+07:00,c8_sim,111,7.540,14.193,0.415,31.182,0.016,53.346
2026-09-02T07:24:50.949539+07:00,c8_sim,112,7.069,16.604,0.380,30.097,0.020,54.171
2026-09-02T07:24:51.021265+07:00,c8_sim,113,7.834,11.844,0.443,32.789,0.015,52.924
2026-09-02T07:24:51.122862+07:00,c8_sim,114,7.760,15.563,0.529,32.454,0.016,56.322
2026-09-02T07:24:51.198929+07:00,c8_sim,115,8.539,12.698,0.364,38.337,0.025,59.963
2026-09-02T07:24:51.302956+07:00,c8_sim,116,8.342,13.849,0.463,36.808,0.019,59.481
2026-09-02T07:24:51.374800+07:00,c8_sim,117,8.653,13.157,0.398,36.334,0.016,58.558
2026-09-02T07:24:51.477573+07:00,c8_sim,118,9.156,13.966,0.589,34.920,0.025,58.656
2026-09-02T07:24:51.552709+07:00,c8_sim,119,7.140,13.179,0.363,34.827,0.015,55.524
2026-09-02T07:24:51.624246+07:00,c8_sim,120,7.657,12.018,0.414,35.073,0.015,55.178
2026-09-02T07:24:51.724140+07:00,c8_sim,121,8.473,12.461,0.406,34.417,0.025,55.782
2026-09-02T07:24:51.808107+07:00,c8_sim,122,7.513,12.652,0.473,44.583,0.021,65.243
2026-09-02T07:24:51.915507+07:00,c8_sim,123,8.331,15.679,0.481,42.555,0.019,67.066
2026-09-02T07:24:51.997583+07:00,c8_sim,124,7.893,14.192,0.438,40.483,0.044,63.051
2026-09-02T07:24:52.077845+07:00,c8_sim,125,6.479,13.272,0.411,39.995,0.027,60.184
2026-09-02T07:24:52.160436+07:00,c8_sim,126,6.534,13.778,0.457,41.242,0.020,62.033
2026-09-02T07:24:52.242354+07:00,c8_sim,127,7.573,13.871,0.365,40.765,0.019,62.593
2026-09-02T07:24:52.282584+07:00,c8_sim,128,7.999,13.778,0.000,0.000,0.007,21.784
2026-09-02T07:24:52.375467+07:00,c10_sim,1,6.725,18.185,0.000,0.000,0.004,24.915
2026-09-02T07:24:52.540917+07:00,c10_sim,2,8.285,22.005,0.000,0.000,0.006,30.296
2026-09-02T07:24:52.692443+07:00,c10_sim,3,7.865,30.688,0.000,0.000,0.005,38.559
2026-09-02T07:24:52.821762+07:00,c10_sim,4,10.937,30.258,0.000,0.000,0.010,41.205
2026-09-02T07:24:52.971619+07:00,c10_sim,5,11.201,29.317,0.000,0.000,0.005,40.524
2026-09-02T07:24:53.127727+07:00,c10_sim,6,8.374,32.178,0.000,0.000,0.011,40.564
2026-09-02T07:24:53.314925+07:00,c10_sim,7,9.837,31.681,0.349,56.100,0.099,98.066
2026-09-02T07:24:53.411947+07:00,c10_sim,8,9.266,17.305,0.526,27.483,0.049,54.629
2026-09-02T07:24:53.599263+07:00,c10_sim,9,8.997,30.648,0.767,54.377,0.072,94.861
2026-09-02T07:24:53.723387+07:00,c10_sim,10,10.115,21.264,0.497,28.710,0.055,60.641
2026-09-02T07:24:53.847129+07:00,c10_sim,11,9.762,18.918,0.403,27.494,0.010,56.586
2026-09-02T07:24:53.996368+07:00,c10_sim,12,8.338,28.627,0.403,27.295,0.021,64.685
2026-09-02T07:24:54.164151+07:00,c10_sim,13,6.578,19.298,0.553,55.731,0.074,82.235
2026-09-02T07:24:54.312971+07:00,c10_sim,14,9.912,17.954,0.451,57.383,0.086,85.786
2026-09-02T07:24:54.451135+07:00,c10_sim,15,6.784,14.737,0.591,54.099,0.065,76.275
2026-09-02T07:24:54.600345+07:00,c10_sim,16,6.686,15.037,0.594,54.182,0.017,76.516
2026-09-02T07:24:54.750084+07:00,c10_sim,17,8.014,20.458,0.589,54.404,0.015,83.479
2026-09-02T07:24:54.906195+07:00,c10_sim,18,8.033,20.000,0.580,59.713,0.112,88.438
2026-09-02T07:24:55.025625+07:00,c10_sim,19,7.197,12.601,0.440,53.904,0.045,74.188
2026-09-02T07:24:55.170497+07:00,c10_sim,20,6.172,13.754,0.536,54.625,0.014,75.100
2026-09-02T07:24:55.313859+07:00,c10_sim,21,6.874,12.963,0.453,54.996,0.014,75.299
2026-09-02T07:24:55.464618+07:00,c10_sim,22,8.094,18.169,0.522,56.982,0.072,83.840
2026-09-02T07:24:55.618095+07:00,c10_sim,23,8.289,21.267,0.635,57.045,0.078,87.314
2026-09-02T07:24:55.761874+07:00,c10_sim,24,6.883,15.084,0.544,57.161,0.092,79.765
2026-09-02T07:24:55.916519+07:00,c10_sim,25,8.004,19.758,0.586,58.961,0.024,87.333
2026-09-02T07:24:56.038242+07:00,c10_sim,26,6.487,13.825,0.524,55.988,0.021,76.845
2026-09-02T07:24:56.196131+07:00,c10_sim,27,7.794,20.111,0.514,58.851,0.023,87.294
2026-09-02T07:24:56.347880+07:00,c10_sim,28,7.998,19.802,0.541,59.877,0.020,88.239
2026-09-02T07:24:56.485608+07:00,c10_sim,29,8.601,19.085,0.529,66.977,0.032,95.225
2026-09-02T07:24:56.651333+07:00,c10_sim,30,8.990,21.933,0.834,69.794,0.027,101.578
2026-09-02T07:24:56.777545+07:00,c10_sim,31,6.911,14.972,0.480,82.931,0.171,105.465
2026-09-02T07:24:56.928834+07:00,c10_sim,32,9.160,19.445,0.475,80.513,0.060,109.653
2026-09-02T07:24:57.070076+07:00,c10_sim,33,7.582,16.004,0.403,79.819,0.126,103.935
2026-09-02T07:24:57.213450+07:00,c10_sim,34,7.914,18.896,0.528,74.964,0.045,102.347
2026-09-02T07:24:57.364231+07:00,c10_sim,35,10.666,21.163,0.770,76.741,0.186,109.525
2026-09-02T07:24:57.505506+07:00,c10_sim,36,7.776,19.117,0.517,74.758,0.033,102.202
2026-09-02T07:24:57.652134+07:00,c10_sim,37,8.171,20.019,0.611,73.500,0.056,102.357
2026-09-02T07:24:57.788505+07:00,c10_sim,38,8.384,17.287,0.454,74.751,0.029,100.905
2026-09-02T07:24:57.932604+07:00,c10_sim,39,8.383,17.060,0.476,78.658,0.053,104.629
2026-09-02T07:24:58.079947+07:00,c10_sim,40,7.668,18.704,0.502,78.009,0.033,104.917
2026-09-02T07:24:58.228070+07:00,c10_sim,41,8.123,19.537,0.558,77.159,0.061,105.437
2026-09-02T07:24:58.370070+07:00,c10_sim,42,8.257,19.713,0.474,74.645,0.062,103.150
2026-09-02T07:24:58.506594+07:00,c10_sim,43,8.113,18.139,0.452,72.215,0.027,98.946
2026-09-02T07:24:58.648055+07:00,c10_sim,44,7.390,16.123,0.452,73.521,0.027,97.513
2026-09-02T07:24:58.814442+07:00,c10_sim,45,7.824,20.835,0.623,70.849,0.025,100.156
2026-09-02T07:24:58.890644+07:00,c10_sim,46,6.935,13.418,0.388,35.813,0.017,56.571
2026-09-02T07:24:59.024036+07:00,c10_sim,47,10.571,30.860,0.000,0.000,0.007,41.438
2026-09-02T07:24:59.183014+07:00,c10_sim,48,9.818,29.236,0.000,0.000,0.008,39.062
2026-09-02T07:24:59.364887+07:00,c10_sim,49,9.593,29.165,0.524,55.629,0.033,94.945
2026-09-02T07:24:59.453436+07:00,c10_sim,50,10.328,19.548,0.000,0.000,0.013,29.889
2026-09-02T07:24:59.686432+07:00,c10_sim,51,8.641,29.367,0.618,80.851,0.049,119.525
2026-09-02T07:24:59.731541+07:00,c10_sim,52,9.720,17.994,0.464,0.004,0.015,28.197
2026-09-02T07:24:59.883673+07:00,c10_sim,53,7.020,26.010,0.925,0.007,0.026,33.988
2026-09-02T07:25:00.044146+07:00,c10_sim,54,9.024,33.511,0.855,0.008,0.028,43.426
2026-09-02T07:25:00.198367+07:00,c10_sim,55,9.300,31.238,0.903,0.006,0.026,41.474
2026-09-02T07:25:00.330420+07:00,c10_sim,56,9.340,31.347,0.000,0.000,0.016,40.703
2026-09-02T07:25:00.480690+07:00,c10_sim,57,9.197,29.733,0.619,0.005,0.016,39.571
2026-09-02T07:25:00.605269+07:00,c10_sim,58,10.234,28.564,0.000,0.000,0.012,38.811
2026-09-02T07:25:00.814841+07:00,c12_sim,1,6.439,29.432,0.360,56.694,0.064,92.989
2026-09-02T07:25:00.935600+07:00,c12_sim,2,8.195,22.837,0.543,28.649,0.057,60.282
2026-09-02T07:25:01.047672+07:00,c12_sim,3,8.853,13.463,0.346,28.217,0.013,50.892
2026-09-02T07:25:01.175716+07:00,c12_sim,4,9.327,31.288,0.000,0.000,0.011,40.625
2026-09-02T07:25:01.382406+07:00,c12_sim,5,9.797,30.224,0.522,53.423,0.022,93.989
2026-09-02T07:25:01.474480+07:00,c12_sim,6,7.716,18.150,0.495,28.545,0.014,54.919
2026-09-02T07:25:01.611055+07:00,c12_sim,7,8.678,15.552,0.511,27.379,0.014,52.134
2026-09-02T07:25:01.783694+07:00,c12_sim,8,7.037,28.850,0.534,49.002,0.059,85.482
2026-09-02T07:25:01.873955+07:00,c12_sim,9,8.895,20.250,0.499,0.000,0.011,29.654
2026-09-02T07:25:02.064311+07:00,c12_sim,10,6.240,29.389,0.628,57.758,0.075,94.090
2026-09-02T07:25:02.156504+07:00,c12_sim,11,9.278,17.241,0.496,27.815,0.053,54.883
2026-09-02T07:25:02.302375+07:00,c12_sim,12,10.269,20.525,0.448,28.189,0.043,59.473
2026-09-02T07:25:02.484506+07:00,c12_sim,13,9.684,31.399,0.847,49.642,0.020,91.592
2026-09-02T07:25:02.575474+07:00,c12_sim,14,7.698,17.072,0.535,27.817,0.016,53.138
2026-09-02T07:25:02.719474+07:00,c12_sim,15,10.104,19.469,0.723,28.579,0.012,58.887
2026-09-02T07:25:02.900335+07:00,c12_sim,16,9.678,31.451,0.927,50.550,0.022,92.628
2026-09-02T07:25:02.993986+07:00,c12_sim,17,8.441,17.491,0.479,28.204,0.016,54.630
2026-09-02T07:25:03.167109+07:00,c12_sim,18,7.339,27.987,0.520,48.245,0.021,84.113
2026-09-02T07:25:03.282095+07:00,c12_sim,19,8.458,14.441,0.413,28.178,0.014,51.504
2026-09-02T07:25:03.465338+07:00,c12_sim,20,9.161,31.210,0.477,54.364,0.021,95.233
2026-09-02T07:25:03.530726+07:00,c12_sim,21,7.157,12.253,0.347,26.848,0.013,46.618
2026-09-02T07:25:03.734114+07:00,c12_sim,22,9.717,31.028,0.763,47.696,0.023,89.227
2026-09-02T07:25:03.797511+07:00,c12_sim,23,8.329,18.137,0.000,0.000,0.214,26.681
2026-09-02T07:25:03.943758+07:00,c12_sim,24,8.690,30.813,0.000,0.000,0.018,39.520
2026-09-02T07:25:04.098160+07:00,c12_sim,25,11.075,31.076,0.000,0.000,0.018,42.169
2026-09-02T07:25:04.231576+07:00,c12_sim,26,8.704,32.280,0.871,0.000,0.020,41.875
2026-09-02T07:25:04.416364+07:00,c12_sim,27,9.301,31.388,1.089,57.072,0.108,98.958
2026-09-02T07:25:04.507265+07:00,c12_sim,28,8.508,17.511,0.553,27.883,0.111,54.567
2026-09-02T07:25:04.633683+07:00,c12_sim,29,8.026,28.021,0.000,0.000,0.011,36.059
2026-09-02T07:25:04.833758+07:00,c12_sim,30,8.848,30.851,0.894,49.237,0.023,89.853
2026-09-02T07:25:04.900274+07:00,c12_sim,31,9.211,18.905,0.000,0.000,0.012,28.127
2026-09-02T07:25:05.050542+07:00,c11_sim,1,7.411,29.765,0.000,0.000,0.007,37.183
2026-09-02T07:25:05.175723+07:00,c11_sim,2,8.274,30.487,0.000,0.000,0.005,38.766
2026-09-02T07:25:05.301203+07:00,c11_sim,3,9.611,31.781,0.000,0.000,0.013,41.405
2026-09-02T07:25:05.421750+07:00,c11_sim,4,9.932,28.593,0.000,0.000,0.006,38.531
2026-09-02T07:25:05.599903+07:00,c11_sim,5,8.451,29.722,0.381,50.614,0.061,89.228
2026-09-02T07:25:05.662795+07:00,c11_sim,6,6.363,12.176,0.378,26.658,0.038,45.613
2026-09-02T07:25:05.847930+07:00,c11_sim,7,11.535,30.859,0.753,56.822,0.023,99.992
2026-09-02T07:25:05.885594+07:00,c11_sim,8,8.982,15.617,0.000,0.000,0.008,24.608
2026-09-02T07:25:06.034135+07:00,c11_sim,9,10.909,27.745,0.000,0.000,0.009,38.662
2026-09-02T07:25:06.219845+07:00,c11_sim,10,8.035,30.167,0.508,80.229,0.028,118.967
2026-09-02T07:25:06.288884+07:00,c11_sim,11,7.642,18.858,0.476,48.585,0.079,75.640
2026-09-02T07:25:06.428110+07:00,c11_sim,12,9.539,22.928,0.659,40.612,0.025,73.763
2026-09-02T07:25:06.530117+07:00,c11_sim,13,8.589,18.550,0.545,34.699,0.021,62.404
2026-09-02T07:25:06.650415+07:00,c11_sim,14,10.096,19.140,0.438,31.167,0.017,60.858
2026-09-02T07:25:06.748070+07:00,c11_sim,15,8.244,17.393,0.372,28.969,0.012,54.991
2026-09-02T07:25:06.868391+07:00,c11_sim,16,9.428,16.689,0.399,28.450,0.011,54.976
2026-09-02T07:25:06.987727+07:00,c11_sim,17,8.487,15.700,0.317,27.764,0.011,52.279
2026-09-02T07:25:07.105260+07:00,c11_sim,18,10.287,29.199,0.000,0.000,0.010,39.496
2026-09-02T07:25:07.229151+07:00,c11_sim,19,9.389,31.616,0.000,0.000,0.019,41.024
2026-09-02T07:25:07.349400+07:00,c11_sim,20,11.305,30.913,0.000,0.000,0.024,42.242
2026-09-02T07:25:07.481184+07:00,c11_sim,21,9.937,35.710,0.000,0.000,0.023,45.670
2026-09-02T07:25:07.581796+07:00,c11_sim,22,7.531,28.683,0.000,0.000,0.011,36.226
2026-09-02T07:25:07.705029+07:00,c11_sim,23,9.281,29.553,0.000,0.000,0.013,38.847
2026-09-02T07:25:07.811903+07:00,c11_sim,24,9.324,31.910,0.000,0.000,0.015,41.249
2026-09-02T07:25:07.934835+07:00,c11_sim,25,10.182,28.134,0.000,0.000,0.012,38.329
2026-09-02T07:25:08.064961+07:00,c11_sim,26,9.332,32.186,0.000,0.000,0.017,41.536
2026-09-02T07:25:08.249207+07:00,c11_sim,27,9.266,31.193,0.820,54.239,0.021,95.539
2026-09-02T07:25:08.289366+07:00,c11_sim,28,6.787,14.830,0.000,0.000,0.010,21.626
2026-09-02T07:25:08.432467+07:00,c11_sim,29,10.790,30.903,0.000,0.000,0.020,41.712
2026-09-02T07:25:08.533428+07:00,c11_sim,30,10.472,30.838,0.000,0.000,0.012,41.322
2026-09-02T07:25:08.658750+07:00,c11_sim,31,8.139,30.724,0.000,0.000,0.007,38.869
2026-09-02T07:25:08.782662+07:00,c11_sim,32,9.976,30.938,0.000,0.000,0.006,40.920
2026-09-02T07:25:08.964416+07:00,c11_sim,33,9.884,30.193,0.677,56.734,0.019,97.506
2026-09-02T07:25:09.032898+07:00,c11_sim,34,7.082,15.239,0.514,28.362,0.014,51.211
2026-09-02T07:25:09.150769+07:00,c11_sim,35,7.733,16.240,0.358,27.782,0.013,52.126
2026-09-02T07:25:09.271800+07:00,c11_sim,36,9.113,19.395,0.478,28.092,0.012,57.089
2026-09-02T07:25:09.388456+07:00,c11_sim,37,9.012,14.373,0.343,27.939,0.015,51.682
2026-09-02T07:25:09.565932+07:00,c11_sim,38,9.828,31.160,0.487,52.087,0.037,93.599
2026-09-02T07:25:09.628318+07:00,c11_sim,39,7.208,13.331,0.309,27.229,0.026,48.103
2026-09-02T07:25:09.750343+07:00,c11_sim,40,9.688,18.363,0.424,28.107,0.018,56.600
2026-09-02T07:25:09.870539+07:00,c11_sim,41,9.796,16.020,0.366,27.926,0.017,54.124
2026-09-02T07:25:09.992625+07:00,c11_sim,42,10.213,18.205,0.547,28.815,0.017,57.797
2026-09-02T07:25:10.111875+07:00,c11_sim,43,9.725,18.432,0.373,28.126,0.044,56.699
2026-09-02T07:25:10.226778+07:00,c11_sim,44,9.787,18.906,0.459,28.344,0.049,57.545
2026-09-02T07:25:10.347874+07:00,c11_sim,45,9.551,16.246,0.314,27.766,0.015,53.892
2026-09-02T07:25:10.531736+07:00,c11_sim,46,9.299,31.859,0.857,55.768,0.057,97.840
2026-09-02T07:25:10.599554+07:00,c11_sim,47,6.871,14.629,0.340,27.109,0.014,48.963
2026-09-02T07:25:10.721090+07:00,c11_sim,48,8.202,18.842,0.405,27.269,0.023,54.742
2026-09-02T07:25:10.846641+07:00,c11_sim,49,8.082,20.253,0.589,28.560,0.078,57.561
2026-09-02T07:25:10.969043+07:00,c11_sim,50,9.297,19.925,0.715,29.054,0.019,59.010
2026-09-02T07:25:11.064864+07:00,c11_sim,51,8.088,19.014,0.538,29.041,0.034,56.715
2026-09-02T07:25:11.248755+07:00,c11_sim,52,10.290,30.103,0.784,54.775,0.035,95.987
2026-09-02T07:25:11.317454+07:00,c11_sim,53,7.580,16.303,0.432,28.141,0.018,52.475
2026-09-02T07:25:11.437824+07:00,c11_sim,54,9.940,19.835,0.438,27.671,0.019,57.904
2026-09-02T07:25:11.560874+07:00,c11_sim,55,8.207,20.565,0.477,28.759,0.031,58.038
2026-09-02T07:25:11.676626+07:00,c11_sim,56,9.164,16.611,0.392,26.698,0.017,52.882
2026-09-02T07:25:11.793653+07:00,c11_sim,57,8.326,18.377,0.405,26.928,0.016,54.052
2026-09-02T07:25:11.900472+07:00,c11_sim,58,9.032,13.386,0.354,27.765,0.015,50.552
2026-09-02T07:25:12.082642+07:00,c11_sim,59,8.878,30.719,0.735,52.465,0.032,92.828
2026-09-02T07:25:12.146224+07:00,c11_sim,60,6.709,12.879,0.328,26.970,0.016,46.902
2026-09-02T07:25:12.331251+07:00,c11_sim,61,9.300,32.711,0.756,57.575,0.032,100.374
2026-09-02T07:25:12.399017+07:00,c11_sim,62,7.765,16.288,0.464,27.844,0.019,52.380
2026-09-02T07:25:12.518813+07:00,c11_sim,63,8.385,18.831,0.532,27.989,0.020,55.758
2026-09-02T07:25:12.637523+07:00,c11_sim,64,8.035,16.117,0.491,27.895,0.017,52.555
2026-09-02T07:25:12.755736+07:00,c11_sim,65,7.990,18.938,0.424,28.157,0.015,55.523
2026-09-02T07:25:12.847191+07:00,c11_sim,66,9.155,18.956,0.000,0.000,0.011,28.123
2026-09-02T07:25:13.027322+07:00,c11_sim,67,10.052,30.002,0.416,55.703,0.078,96.251
2026-09-02T07:25:13.125666+07:00,c11_sim,68,5.973,19.127,0.422,27.748,0.025,53.294
2026-09-02T07:25:13.241904+07:00,c11_sim,69,8.614,20.393,0.534,28.091,0.019,57.651
2026-09-02T07:25:13.361139+07:00,c11_sim,70,9.432,19.807,0.493,28.164,0.031,57.927
2026-09-02T07:25:13.483048+07:00,c11_sim,71,10.140,20.377,0.530,28.037,0.074,59.158
2026-09-02T07:25:13.636417+07:00,c11_sim,72,9.571,20.877,0.682,56.492,0.055,87.676
2026-09-02T07:25:13.730525+07:00,c11_sim,73,7.257,12.768,0.478,53.992,0.019,74.514
2026-09-02T07:25:13.851118+07:00,c11_sim,74,6.361,14.041,0.470,54.241,0.022,75.135
2026-09-02T07:25:13.973147+07:00,c11_sim,75,6.872,15.928,0.385,55.062,0.023,78.271
2026-09-02T07:25:14.064914+07:00,c11_sim,76,6.740,13.455,0.413,26.968,0.014,47.591
2026-09-02T07:25:14.278359+07:00,c11_sim,77,8.870,33.161,1.067,82.731,0.023,125.852
2026-09-02T07:25:14.348579+07:00,c11_sim,78,7.616,12.520,0.493,56.231,0.020,76.880
2026-09-02T07:25:14.441409+07:00,c11_sim,79,7.423,11.340,0.359,55.184,0.017,74.323
2026-09-02T07:25:14.586423+07:00,c11_sim,80,6.691,16.300,0.436,57.915,0.023,81.365
2026-09-02T07:25:14.689624+07:00,c11_sim,81,7.384,11.372,0.483,65.249,0.020,84.507
2026-09-02T07:25:14.822352+07:00,c11_sim,82,7.008,14.530,0.453,67.190,0.023,89.204
2026-09-02T07:25:14.963496+07:00,c11_sim,83,6.938,17.928,0.477,71.363,0.030,96.736
2026-09-02T07:25:15.085646+07:00,c11_sim,84,7.575,14.367,0.484,80.958,0.081,103.466
2026-09-02T07:25:15.217677+07:00,c11_sim,85,7.543,15.225,0.517,89.956,0.025,113.266
2026-09-02T07:25:15.336469+07:00,c11_sim,86,7.114,15.207,0.449,101.809,0.024,124.603
2026-09-02T07:25:15.454379+07:00,c11_sim,87,6.350,15.590,0.397,100.632,0.026,122.996
2026-09-02T07:25:15.568742+07:00,c11_sim,88,6.050,16.825,0.471,95.890,0.039,119.276
2026-09-02T07:25:15.698093+07:00,c11_sim,89,6.893,16.442,0.666,85.692,0.028,109.721
2026-09-02T07:25:15.809232+07:00,c11_sim,90,7.333,14.364,0.440,95.171,0.029,117.337
2026-09-02T07:25:15.941631+07:00,c11_sim,91,6.347,17.569,0.423,87.931,0.026,112.297
2026-09-02T07:25:16.051010+07:00,c11_sim,92,6.904,14.606,0.523,92.859,0.032,114.925
2026-09-02T07:25:16.166922+07:00,c11_sim,93,6.432,15.281,0.434,98.779,0.055,120.980
2026-09-02T07:25:16.295594+07:00,c11_sim,94,7.086,20.158,0.698,82.954,0.083,110.979
2026-09-02T07:25:16.403155+07:00,c11_sim,95,7.285,14.141,0.412,91.774,0.054,113.668
2026-09-02T07:25:16.537622+07:00,c11_sim,96,6.423,17.423,0.478,90.137,0.031,114.492
2026-09-02T07:25:16.648301+07:00,c11_sim,97,7.539,14.915,0.524,93.970,0.033,116.981
2026-09-02T07:25:16.780890+07:00,c11_sim,98,7.685,17.240,0.468,88.602,0.030,114.025
2026-09-02T07:25:16.892512+07:00,c11_sim,99,6.451,14.949,0.406,94.761,0.149,116.716
2026-09-02T07:25:17.017951+07:00,c11_sim,100,6.322,16.104,0.484,107.508,0.031,130.450
2026-09-02T07:25:17.132123+07:00,c11_sim,101,7.620,15.354,0.490,97.031,0.033,120.527
2026-09-02T07:25:17.245003+07:00,c11_sim,102,7.391,14.951,0.434,95.930,0.132,118.838
2026-09-02T07:25:17.373553+07:00,c11_sim,103,7.023,16.738,0.411,85.335,0.028,109.536
2026-09-02T07:25:17.483423+07:00,c11_sim,104,6.473,14.920,0.396,93.285,0.106,115.180
2026-09-02T07:25:17.613050+07:00,c11_sim,105,6.890,15.958,0.500,86.615,0.033,109.996
2026-09-02T07:25:17.723571+07:00,c11_sim,106,6.827,14.619,0.450,93.984,0.053,115.933
2026-09-02T07:25:17.856970+07:00,c11_sim,107,6.572,16.516,0.452,91.673,0.028,115.242
2026-09-02T07:25:17.965334+07:00,c11_sim,108,6.947,15.020,0.417,91.506,0.035,113.925
2026-09-02T07:25:18.093034+07:00,c11_sim,109,7.453,16.476,0.482,84.429,0.032,108.872
2026-09-02T07:25:18.206667+07:00,c11_sim,110,6.530,15.108,0.414,96.847,0.028,118.926
2026-09-02T07:25:18.337628+07:00,c11_sim,111,6.571,17.746,0.408,86.491,0.025,111.241
2026-09-02T07:25:18.451129+07:00,c11_sim,112,7.039,13.670,0.409,98.301,0.091,119.510
2026-09-02T07:25:18.567440+07:00,c11_sim,113,6.053,15.489,0.474,98.866,0.055,120.937
2026-09-02T07:25:18.693426+07:00,c11_sim,114,6.035,18.397,0.483,84.205,0.031,109.151
2026-09-02T07:25:18.803385+07:00,c11_sim,115,6.903,13.794,0.436,94.495,0.064,115.691
2026-09-02T07:25:18.937574+07:00,c11_sim,116,6.121,16.635,0.513,90.687,0.028,113.982
2026-09-02T07:25:19.046301+07:00,c11_sim,117,6.210,14.515,0.451,92.567,0.093,113.837
2026-09-02T07:25:19.176662+07:00,c11_sim,118,7.738,16.733,0.498,86.781,0.080,111.829
2026-09-02T07:25:19.289075+07:00,c11_sim,119,7.018,14.552,0.405,96.133,0.085,118.194
2026-09-02T07:25:19.414008+07:00,c11_sim,120,6.484,16.716,0.471,106.068,0.030,129.769
2026-09-02T07:25:19.524724+07:00,c11_sim,121,6.153,16.631,0.403,92.149,0.058,115.394
2026-09-02T07:25:19.653383+07:00,c11_sim,122,6.643,17.017,0.559,84.682,0.031,108.933
2026-09-02T07:25:19.763614+07:00,c11_sim,123,7.303,13.971,0.447,94.649,0.026,116.396
2026-09-02T07:25:19.893298+07:00,c11_sim,124,7.260,16.281,0.517,88.786,0.027,112.871
2026-09-02T07:25:20.007387+07:00,c11_sim,125,7.586,15.127,0.454,97.127,0.037,120.332
2026-09-02T07:25:20.125425+07:00,c11_sim,126,6.877,16.164,0.486,99.978,0.036,123.541
2026-09-02T07:25:20.256475+07:00,c11_sim,127,6.502,16.903,0.461,87.276,0.025,111.167
2026-09-02T07:25:20.366429+07:00,c11_sim,128,6.839,14.050,0.374,94.364,0.034,115.661
2026-09-02T07:25:20.494710+07:00,c11_sim,129,6.925,16.390,0.388,85.142,0.032,108.877
2026-09-02T07:25:20.607077+07:00,c11_sim,130,6.481,14.975,0.478,95.638,0.028,117.601
2026-09-02T07:25:20.736965+07:00,c11_sim,131,7.297,15.941,0.458,87.051,0.028,110.774
2026-09-02T07:25:20.848988+07:00,c11_sim,132,6.685,13.838,0.434,96.410,0.026,117.392
2026-09-02T07:25:20.912892+07:00,c11_sim,133,7.197,14.679,0.343,47.878,0.021,70.118
2026-09-02T07:25:21.043495+07:00,c11_sim,134,7.949,21.921,0.673,34.255,0.018,64.816
2026-09-02T07:25:21.142596+07:00,c11_sim,135,7.134,17.507,0.451,30.187,0.016,55.294
2026-09-02T07:25:21.261981+07:00,c11_sim,136,9.405,19.321,0.487,28.904,0.034,58.152
2026-09-02T07:25:21.373146+07:00,c11_sim,137,6.771,12.869,0.322,27.967,0.016,47.945
2026-09-02T07:25:21.516825+07:00,c11_sim,138,8.322,18.441,0.386,28.943,0.023,56.114
2026-09-02T07:25:21.642658+07:00,c11_sim,139,8.383,20.678,0.625,29.252,0.033,58.971
2026-09-02T07:25:21.711506+07:00,c11_sim,140,8.598,19.258,0.000,0.000,0.012,27.867
2026-09-02T07:25:21.863974+07:00,c11_sim,141,9.917,31.884,0.000,0.000,0.025,41.827
2026-09-02T07:25:22.016698+07:00,c11_sim,142,8.978,30.629,0.697,49.662,0.031,89.997
2026-09-02T07:25:22.143796+07:00,c11_sim,143,7.689,19.290,0.674,57.768,0.121,85.541
2026-09-02T07:25:22.238919+07:00,c11_sim,144,6.926,12.945,0.425,55.842,0.018,76.157
2026-09-02T07:25:22.387476+07:00,c11_sim,145,8.306,19.915,0.499,57.845,0.018,86.584
2026-09-02T07:25:22.485208+07:00,c11_sim,146,7.832,11.545,0.364,59.858,0.093,79.693
2026-09-02T07:25:22.619096+07:00,c11_sim,147,7.614,13.800,0.525,64.090,0.224,86.252
2026-09-02T07:25:22.756750+07:00,c11_sim,148,7.110,14.409,0.521,70.421,0.095,92.556
2026-09-02T07:25:22.896439+07:00,c11_sim,149,6.822,14.324,0.534,98.670,0.030,120.379
2026-09-02T07:25:22.972250+07:00,c11_sim,150,7.412,17.571,0.500,56.633,0.049,82.165
2026-09-02T07:25:23.081250+07:00,c11_sim,151,8.091,19.377,0.713,39.910,0.029,68.119
2026-09-02T07:25:23.179141+07:00,c11_sim,152,8.053,16.674,0.474,33.705,0.021,58.927
2026-09-02T07:25:23.299925+07:00,c11_sim,153,9.351,19.055,0.429,28.666,0.018,57.519
2026-09-02T07:25:23.455065+07:00,c11_sim,154,9.373,19.098,0.639,61.224,0.020,90.355
2026-09-02T07:25:23.587035+07:00,c11_sim,155,5.605,17.359,0.565,67.164,0.023,90.715
2026-09-02T07:25:23.705716+07:00,c11_sim,156,6.422,15.897,0.432,76.047,0.047,98.846
2026-09-02T07:25:23.841573+07:00,c11_sim,157,6.000,16.349,0.423,93.010,0.066,115.849
2026-09-02T07:25:23.974038+07:00,c11_sim,158,6.096,18.950,0.462,87.086,0.030,112.623
2026-09-02T07:25:24.088591+07:00,c11_sim,159,6.733,15.174,0.627,97.174,0.032,119.740
2026-09-02T07:25:24.210638+07:00,c11_sim,160,6.778,17.100,0.504,102.993,0.028,127.402
2026-09-02T07:25:24.324310+07:00,c11_sim,161,7.144,15.362,0.530,96.359,0.025,119.420
2026-09-02T07:25:24.452416+07:00,c11_sim,162,6.809,16.803,0.467,84.613,0.022,108.713
2026-09-02T07:25:24.559391+07:00,c11_sim,163,6.860,13.921,0.458,91.399,0.041,112.679
2026-09-02T07:25:24.603169+07:00,c11_sim,164,7.465,17.289,0.453,0.003,0.011,25.221
2026-09-02T07:25:24.783142+07:00,c11_sim,165,9.730,30.525,0.584,55.728,0.040,96.608
2026-09-02T07:25:24.878887+07:00,c11_sim,166,8.135,19.603,0.683,29.607,0.034,58.063
2026-09-02T07:25:24.998192+07:00,c11_sim,167,9.513,21.338,0.594,29.597,0.033,61.076
2026-09-02T07:25:25.094360+07:00,c11_sim,168,9.770,17.393,0.449,28.321,0.133,56.066
2026-09-02T07:25:25.281583+07:00,c11_sim,169,9.184,31.141,1.003,57.580,0.152,99.060
2026-09-02T07:25:25.347393+07:00,c11_sim,170,6.645,14.843,0.433,28.137,0.022,50.080
2026-09-02T07:25:25.470664+07:00,c11_sim,171,7.911,20.199,0.506,29.210,0.021,57.846
2026-09-02T07:25:25.619708+07:00,c11_sim,172,7.437,17.785,0.635,58.116,0.024,83.997
2026-09-02T07:25:25.717413+07:00,c11_sim,173,7.221,12.482,0.385,58.453,0.023,78.565
2026-09-02T07:25:25.782427+07:00,c11_sim,174,7.515,13.921,0.430,0.004,0.011,21.882
2026-09-02T07:25:25.931063+07:00,c11_sim,175,9.367,30.825,0.662,0.006,0.023,40.883
2026-09-02T07:25:26.062401+07:00,c11_sim,176,10.423,32.410,0.893,0.007,0.029,43.762
2026-09-02T07:25:26.171305+07:00,c11_sim,177,9.228,31.353,0.877,0.007,0.030,41.495
2026-09-02T07:25:26.295817+07:00,c11_sim,178,9.968,29.897,0.513,0.004,0.016,40.399
2026-09-02T07:25:26.401217+07:00,c11_sim,179,9.360,31.307,0.826,0.006,0.026,41.525
2026-09-02T07:25:26.529114+07:00,c11_sim,180,8.650,31.190,0.918,0.007,0.027,40.793
2026-09-02T07:25:26.653091+07:00,c11_sim,181,10.332,30.736,0.885,0.006,0.027,41.987
2026-09-02T07:25:26.775086+07:00,c11_sim,182,8.464,27.388,0.460,0.003,0.015,36.331
2026-09-02T07:25:26.881064+07:00,c11_sim,183,9.051,30.798,0.815,0.006,0.025,40.694
2026-09-02T07:25:27.006283+07:00,c11_sim,184,9.791,30.974,0.864,0.007,0.030,41.667
2026-09-02T07:25:27.138391+07:00,c11_sim,185,11.905,31.842,0.900,0.008,0.028,44.683
2026-09-02T07:25:27.241872+07:00,c11_sim,186,10.197,30.559,0.483,0.004,0.015,41.257
2026-09-02T07:25:27.371563+07:00,c11_sim,187,9.346,31.759,0.817,0.005,0.025,41.952
2026-09-02T07:25:27.498391+07:00,c11_sim,188,10.331,31.986,0.864,0.006,0.320,43.508
2026-09-02T07:25:27.602359+07:00,c11_sim,189,10.269,30.917,0.863,0.007,0.050,42.106
2026-09-02T07:25:27.732665+07:00,c11_sim,190,9.396,32.198,0.908,0.007,0.029,42.538
2026-09-02T07:25:27.838884+07:00,c11_sim,191,7.142,31.362,0.903,0.007,0.029,39.443
2026-09-02T07:25:27.971027+07:00,c11_sim,192,9.985,31.031,0.955,0.007,0.029,42.007
2026-09-02T07:25:28.077313+07:00,c11_sim,193,10.277,30.327,0.466,0.003,0.013,41.087
2026-09-02T07:25:28.204033+07:00,c11_sim,194,8.553,31.713,0.906,0.007,0.029,41.208
2026-09-02T07:25:28.328397+07:00,c11_sim,195,9.860,31.000,0.451,0.003,0.014,41.328
2026-09-02T07:25:28.459450+07:00,c11_sim,196,9.294,32.053,0.808,0.006,0.026,42.187
2026-09-02T07:25:28.559047+07:00,c11_sim,197,7.307,29.595,0.000,0.000,0.011,36.913
2026-09-02T07:25:28.686394+07:00,c11_sim,198,8.684,31.035,0.000,0.000,0.021,39.740
2026-09-02T07:25:28.810670+07:00,c11_sim,199,10.046,30.412,0.000,0.000,0.023,40.481
2026-09-02T07:25:28.938085+07:00,c11_sim,200,10.642,33.627,0.000,0.000,0.024,44.292
2026-09-02T07:25:29.036479+07:00,c11_sim,201,9.498,30.636,0.446,0.003,0.013,40.596
2026-09-02T07:25:29.160928+07:00,c11_sim,202,9.613,29.121,0.389,0.003,0.010,39.137
2026-09-02T07:25:29.288424+07:00,c11_sim,203,10.678,31.870,0.365,0.003,0.010,42.925
2026-09-02T07:25:29.402688+07:00,c11_sim,204,11.607,15.058,0.340,0.003,0.010,27.017
2026-09-02T07:25:29.530682+07:00,c11_sim,205,7.356,29.092,0.495,0.004,0.013,36.960
2026-09-02T07:25:29.630081+07:00,c11_sim,206,10.659,27.651,0.447,0.003,0.012,38.772
2026-09-02T07:25:29.762281+07:00,c11_sim,207,9.082,30.641,0.384,0.002,0.010,40.119
2026-09-02T07:25:29.884127+07:00,c11_sim,208,9.599,30.580,0.000,0.000,0.018,40.197
2026-09-02T07:25:30.010357+07:00,c11_sim,209,10.112,30.183,0.000,0.000,0.009,40.304
2026-09-02T07:25:30.132436+07:00,c11_sim,210,9.413,30.144,0.000,0.000,0.009,39.567
2026-09-02T07:25:30.237136+07:00,c11_sim,211,8.606,31.584,0.000,0.000,0.022,40.212
2026-09-02T07:25:30.367925+07:00,c11_sim,212,11.610,30.955,0.000,0.000,0.023,42.588
2026-09-02T07:25:30.470825+07:00,c11_sim,213,8.827,30.394,0.000,0.000,0.008,39.229
2026-09-02T07:25:30.590017+07:00,c11_sim,214,9.672,28.267,0.000,0.000,0.010,37.949
2026-09-02T07:25:30.736443+07:00,c11_sim,215,9.778,29.254,0.000,0.000,0.009,39.041
2026-09-02T07:25:30.841319+07:00,c11_sim,216,9.374,30.902,0.586,0.004,0.012,40.879
2026-09-02T07:25:30.970250+07:00,c11_sim,217,9.754,29.939,0.000,0.000,0.012,39.705
2026-09-02T07:25:31.091373+07:00,c11_sim,218,8.709,30.097,0.000,0.000,0.009,38.815
2026-09-02T07:25:31.196061+07:00,c11_sim,219,6.173,28.035,0.491,0.004,0.014,34.717
2026-09-02T07:25:31.319926+07:00,c11_sim,220,8.171,29.714,0.000,0.000,0.017,37.902
2026-09-02T07:25:31.442862+07:00,c11_sim,221,9.432,30.188,0.000,0.000,0.024,39.643
2026-09-02T07:25:31.567641+07:00,c11_sim,222,9.285,30.130,0.000,0.000,0.010,39.425
2026-09-02T07:25:31.671692+07:00,c11_sim,223,7.687,30.216,0.000,0.000,0.007,37.910
2026-09-02T07:25:31.792919+07:00,c11_sim,224,8.254,29.206,0.000,0.000,0.008,37.468
2026-09-02T07:25:31.915434+07:00,c11_sim,225,9.472,30.187,0.000,0.000,0.009,39.667
2026-09-02T07:25:32.041521+07:00,c11_sim,226,6.676,31.906,0.000,0.000,0.023,38.605
2026-09-02T07:25:32.164513+07:00,c11_sim,227,9.635,30.991,0.000,0.000,0.023,40.649
2026-09-02T07:25:32.291164+07:00,c11_sim,228,9.884,30.744,0.857,0.006,0.029,41.520
2026-09-02T07:25:32.413067+07:00,c11_sim,229,10.170,28.024,0.000,0.000,0.008,38.202
2026-09-02T07:25:32.510971+07:00,c11_sim,230,8.277,29.484,0.000,0.000,0.008,37.769
2026-09-02T07:25:32.637028+07:00,c11_sim,231,10.024,30.910,0.908,0.006,0.028,41.876
2026-09-02T07:25:32.759992+07:00,c11_sim,232,11.533,31.329,0.840,0.006,0.025,43.733
2026-09-02T07:25:32.884306+07:00,c11_sim,233,10.246,30.050,0.000,0.000,0.011,40.308
2026-09-02T07:25:33.009611+07:00,c11_sim,234,9.394,30.250,0.860,0.005,0.022,40.532
2026-09-02T07:25:33.122911+07:00,c11_sim,235,10.156,19.875,0.000,0.000,0.015,30.047
2026-09-02T07:25:33.238006+07:00,c11_sim,236,9.361,21.722,0.711,0.005,0.021,31.819
2026-09-02T07:25:33.352959+07:00,c11_sim,237,9.332,27.392,0.534,0.004,0.014,37.276
2026-09-02T07:25:33.476979+07:00,c11_sim,238,6.450,27.678,0.464,0.004,0.014,34.609
2026-09-02T07:25:33.606385+07:00,c11_sim,239,9.424,31.183,0.711,0.006,0.025,41.350
2026-09-02T07:25:33.729935+07:00,c11_sim,240,8.082,31.747,0.846,0.007,0.028,40.710
2026-09-02T07:25:33.854107+07:00,c11_sim,241,11.260,32.018,0.913,0.007,0.041,44.239
2026-09-02T07:25:33.959006+07:00,c11_sim,242,10.374,30.480,0.462,0.003,0.014,41.334
2026-09-02T07:25:34.090876+07:00,c11_sim,243,9.189,31.751,0.404,0.003,0.011,41.357
2026-09-02T07:25:34.197487+07:00,c11_sim,244,9.848,30.545,0.415,0.003,0.010,40.822
2026-09-02T07:25:34.325650+07:00,c11_sim,245,10.421,29.859,0.823,0.007,0.024,41.135
2026-09-02T07:25:34.433243+07:00,c11_sim,246,9.351,30.626,0.882,0.008,0.028,40.895
2026-09-02T07:25:34.556475+07:00,c11_sim,247,9.625,30.124,0.879,0.008,0.030,40.666
2026-09-02T07:25:34.681608+07:00,c11_sim,248,8.109,28.054,0.447,0.003,0.013,36.627
2026-09-02T07:25:34.806031+07:00,c11_sim,249,10.866,29.823,0.434,0.003,0.013,41.138
2026-09-02T07:25:34.934344+07:00,c11_sim,250,9.858,32.733,0.888,0.006,0.026,43.511
2026-09-02T07:25:35.040691+07:00,c11_sim,251,9.285,31.287,0.933,0.007,0.029,41.541
2026-09-02T07:25:35.169899+07:00,c11_sim,252,8.994,30.947,0.853,0.006,0.027,40.827
2026-09-02T07:25:35.274836+07:00,c11_sim,253,9.354,30.141,0.429,0.003,0.013,39.939
2026-09-02T07:25:35.399238+07:00,c11_sim,254,10.009,30.604,0.412,0.005,0.010,41.040
2026-09-02T07:25:35.524000+07:00,c11_sim,255,8.603,29.222,0.529,0.005,0.018,38.376
2026-09-02T07:25:35.650053+07:00,c11_sim,256,9.330,32.118,0.000,0.000,0.019,41.468
2026-09-02T07:25:35.772963+07:00,c11_sim,257,9.321,29.924,0.000,0.000,0.009,39.255
2026-09-02T07:25:35.881462+07:00,c11_sim,258,9.193,31.141,0.859,0.008,0.028,41.229
2026-09-02T07:25:36.011199+07:00,c11_sim,259,9.753,30.032,0.464,0.004,0.014,40.267
2026-09-02T07:25:36.114957+07:00,c11_sim,260,9.387,30.441,0.000,0.000,0.009,39.837
2026-09-02T07:25:36.241990+07:00,c11_sim,261,9.000,28.268,0.000,0.000,0.008,37.276
2026-09-02T07:25:36.370519+07:00,c11_sim,262,9.566,32.601,0.000,0.000,0.021,42.187
2026-09-02T07:25:36.470485+07:00,c11_sim,263,9.270,30.380,0.399,0.003,0.011,40.063
2026-09-02T07:25:36.598165+07:00,c11_sim,264,9.876,31.317,0.870,0.006,0.027,42.097
2026-09-02T07:25:36.728214+07:00,c11_sim,265,11.154,31.472,0.469,0.003,0.013,43.111
2026-09-02T07:25:36.851772+07:00,c11_sim,266,9.501,30.888,0.000,0.000,0.008,40.397
2026-09-02T07:25:36.954100+07:00,c11_sim,267,9.543,28.281,0.357,0.003,0.010,38.194
2026-09-02T07:25:37.077676+07:00,c11_sim,268,7.802,27.649,0.469,0.004,0.016,35.940
2026-09-02T07:25:37.211278+07:00,c11_sim,269,8.108,33.130,0.822,0.006,0.027,42.092
2026-09-02T07:25:37.314274+07:00,c11_sim,270,9.143,30.474,0.842,0.007,0.029,40.496
2026-09-02T07:25:37.430789+07:00,c11_sim,271,8.923,29.819,0.000,0.000,0.011,38.754
2026-09-02T07:25:37.554601+07:00,c11_sim,272,8.453,27.992,0.464,0.003,0.014,36.926
2026-09-02T07:25:37.676526+07:00,c11_sim,273,10.668,29.054,0.404,0.003,0.012,40.141
2026-09-02T07:25:37.800428+07:00,c11_sim,274,7.362,25.292,0.589,0.004,0.012,33.259
2026-09-02T07:25:37.929982+07:00,c11_sim,275,8.510,32.080,0.000,0.000,0.019,40.609
2026-09-02T07:25:38.030743+07:00,c11_sim,276,9.252,30.817,0.000,0.000,0.011,40.080
2026-09-02T07:25:38.155291+07:00,c11_sim,277,6.255,30.194,0.000,0.000,0.008,36.456
2026-09-02T07:25:38.208776+07:00,c11_sim,278,5.983,27.269,0.416,0.000,0.009,33.676
2026-09-02T07:25:38.234467+07:00,c11_sim,279,6.742,24.221,0.457,0.004,0.081,31.505
2026-09-02T07:25:38.286341+07:00,c11_sim,280,6.385,25.356,0.408,0.003,0.098,32.251
2026-09-02T07:25:38.312531+07:00,c11_sim,281,6.594,24.716,0.413,0.003,0.089,31.815
2026-09-02T07:25:38.365902+07:00,c11_sim,282,6.420,26.750,0.397,0.003,0.155,33.724
2026-09-02T07:25:38.393863+07:00,c11_sim,283,7.124,26.611,0.370,0.003,0.009,34.116
2026-09-02T07:25:38.446455+07:00,c11_sim,284,6.450,26.478,0.327,0.002,0.009,33.266
2026-09-02T07:25:38.470622+07:00,c11_sim,285,6.099,23.177,0.298,0.002,0.008,29.584
2026-09-02T07:25:38.520621+07:00,c11_sim,286,5.695,23.617,0.398,0.003,0.011,29.724
2026-09-02T07:25:38.547630+07:00,c11_sim,287,5.831,25.613,0.355,0.002,0.072,31.873
2026-09-02T07:25:38.598245+07:00,c11_sim,288,5.793,24.372,0.307,0.002,0.009,30.483
2026-09-02T07:25:38.636281+07:00,c11_sim,289,5.927,12.909,0.449,0.004,0.205,19.494
2026-09-02T07:25:38.675925+07:00,c11_sim,290,5.852,13.462,0.350,0.002,0.101,19.766
2026-09-02T07:25:38.713867+07:00,c11_sim,291,6.122,13.759,0.381,0.003,0.008,20.274
2026-09-02T07:25:38.754840+07:00,c11_sim,292,5.867,14.849,0.303,0.002,0.007,21.028
2026-09-02T07:25:38.796508+07:00,c11_sim,293,5.720,15.565,0.309,0.002,0.012,21.608
2026-09-02T07:25:38.842859+07:00,c11_sim,294,6.081,19.147,0.726,0.010,0.036,26.001
2026-09-02T07:25:38.857586+07:00,c11_sim,295,6.195,13.684,0.357,0.003,0.018,20.257
2026-09-02T07:25:38.901577+07:00,c11_sim,296,5.706,17.811,0.335,0.002,0.008,23.862
2026-09-02T07:25:38.946374+07:00,c11_sim,297,5.725,18.610,0.315,0.003,0.008,24.660
2026-09-02T07:25:38.995949+07:00,c11_sim,298,5.156,23.283,0.411,0.003,0.012,28.864
2026-09-02T07:25:39.048113+07:00,c11_sim,299,5.142,25.261,0.462,0.003,0.011,30.879
2026-09-02T07:25:39.074280+07:00,c11_sim,300,5.343,25.079,0.336,0.002,0.008,30.769
2026-09-02T07:25:39.114615+07:00,c11_sim,301,5.259,13.537,0.415,0.003,0.011,19.224
2026-09-02T07:25:39.154370+07:00,c11_sim,302,5.581,13.614,0.333,0.003,0.009,19.539
2026-09-02T07:25:39.193848+07:00,c11_sim,303,5.596,13.255,0.324,0.002,0.008,19.186
2026-09-02T07:25:39.235847+07:00,c11_sim,304,5.916,15.724,0.370,0.003,0.010,22.023
2026-09-02T07:25:39.277905+07:00,c11_sim,305,5.861,15.563,0.340,0.003,0.008,21.775
2026-09-02T07:25:39.317720+07:00,c11_sim,306,6.177,17.548,0.313,0.002,0.007,24.048
2026-09-02T07:25:39.363274+07:00,c11_sim,307,5.935,19.193,0.354,0.002,0.008,25.492
2026-09-02T07:25:39.384699+07:00,c11_sim,308,6.041,20.269,0.288,0.002,0.007,26.607
2026-09-02T07:25:39.433206+07:00,c11_sim,309,6.077,22.244,0.329,0.002,0.008,28.660
2026-09-02T07:25:39.484630+07:00,c11_sim,310,6.078,25.912,0.473,0.003,0.015,32.481
2026-09-02T07:25:39.512311+07:00,c11_sim,311,6.130,26.343,0.341,0.002,0.010,32.827
2026-09-02T07:25:39.566087+07:00,c11_sim,312,6.757,27.554,0.387,0.003,0.010,34.712
2026-09-02T07:25:39.591491+07:00,c11_sim,313,6.134,24.378,0.294,0.002,0.008,30.816
2026-09-02T07:25:39.629718+07:00,c11_sim,314,5.717,12.191,0.277,0.002,0.007,18.195
2026-09-02T07:25:39.669748+07:00,c11_sim,315,5.701,13.819,0.371,0.002,0.010,19.903
2026-09-02T07:25:39.708864+07:00,c11_sim,316,5.737,12.870,0.308,0.003,0.009,18.926
2026-09-02T07:25:39.750729+07:00,c11_sim,317,6.084,15.441,0.306,0.003,0.007,21.841
2026-09-02T07:25:39.788494+07:00,c11_sim,318,6.173,15.289,0.269,0.002,0.006,21.740
2026-09-02T07:25:39.828824+07:00,c11_sim,319,6.072,16.799,0.369,0.003,0.039,23.282
2026-09-02T07:25:39.876349+07:00,c11_sim,320,6.012,21.308,0.314,0.002,0.007,27.643
2026-09-02T07:25:39.926377+07:00,c11_sim,321,6.187,23.882,0.293,0.002,0.007,30.372
2026-09-02T07:25:39.951402+07:00,c11_sim,322,6.332,23.706,0.261,0.002,0.006,30.307
2026-09-02T07:25:39.999613+07:00,c11_sim,323,5.837,25.732,0.423,0.004,0.011,32.006
2026-09-02T07:25:40.034824+07:00,c11_sim,324,5.782,13.118,0.321,0.002,0.008,19.232
2026-09-02T07:25:40.072549+07:00,c11_sim,325,5.993,13.317,0.296,0.003,0.007,19.616
2026-09-02T07:25:40.112911+07:00,c11_sim,326,5.739,14.014,0.388,0.003,0.011,20.154
2026-09-02T07:25:40.154782+07:00,c11_sim,327,6.044,15.242,0.344,0.003,0.009,21.641
2026-09-02T07:25:40.193555+07:00,c11_sim,328,5.971,14.929,0.000,0.000,0.006,20.906
2026-09-02T07:25:40.234000+07:00,c11_sim,329,5.934,16.609,0.407,0.003,0.008,22.960
2026-09-02T07:25:40.276653+07:00,c11_sim,330,6.025,16.402,0.348,0.003,0.008,22.787
2026-09-02T07:25:40.323015+07:00,c11_sim,331,5.915,20.331,0.296,0.002,0.007,26.552
2026-09-02T07:25:40.341348+07:00,c11_sim,332,6.016,17.398,0.270,0.002,0.007,23.693
2026-09-02T07:25:40.387169+07:00,c11_sim,333,5.926,22.819,0.292,0.002,0.007,29.045
2026-09-02T07:25:40.440513+07:00,c11_sim,334,5.951,26.395,0.513,0.003,0.009,32.871
2026-09-02T07:25:40.494928+07:00,c11_sim,335,5.908,27.379,0.487,0.003,0.013,33.790
2026-09-02T07:25:40.523897+07:00,c11_sim,336,6.398,27.007,0.416,0.003,0.012,33.837
2026-09-02T07:25:40.550810+07:00,c11_sim,337,6.214,26.770,0.000,0.000,0.009,32.993
2026-09-02T07:25:40.603807+07:00,c11_sim,338,6.045,26.603,0.393,0.003,0.010,33.053
2026-09-02T07:25:40.630251+07:00,c11_sim,339,5.953,25.152,0.333,0.003,0.008,31.449
2026-09-02T07:25:40.681624+07:00,c11_sim,340,5.950,26.165,0.000,0.000,0.012,32.128
2026-09-02T07:25:40.707065+07:00,c11_sim,341,5.854,25.297,0.000,0.000,0.006,31.157
2026-09-02T07:25:40.757770+07:00,c11_sim,342,5.970,25.563,0.000,0.000,0.006,31.540
2026-09-02T07:25:40.810697+07:00,c11_sim,343,5.726,26.554,0.549,0.005,0.012,32.845
2026-09-02T07:25:40.838973+07:00,c11_sim,344,6.509,26.452,0.446,0.004,0.188,33.600
2026-09-02T07:25:40.892505+07:00,c11_sim,345,6.050,26.957,0.364,0.003,0.011,33.385
2026-09-02T07:25:40.920493+07:00,c11_sim,346,6.405,26.586,0.353,0.003,0.009,33.355
2026-09-02T07:25:40.947394+07:00,c11_sim,347,5.872,25.710,0.302,0.003,0.008,31.895
2026-09-02T07:25:41.000665+07:00,c11_sim,348,6.045,26.506,0.814,0.003,0.014,33.382
2026-09-02T07:25:41.053821+07:00,c11_sim,349,6.196,26.739,0.354,0.003,0.011,33.302
2026-09-02T07:25:41.078962+07:00,c11_sim,350,5.945,25.017,0.000,0.000,0.007,30.970
2026-09-02T07:25:41.126313+07:00,c11_sim,351,5.985,26.190,0.000,0.000,0.009,32.183
2026-09-02T07:25:41.153132+07:00,c11_sim,352,5.835,25.377,0.449,0.004,0.009,31.673
2026-09-02T07:25:41.198924+07:00,c11_sim,353,5.868,25.579,0.000,0.000,0.007,31.454
2026-09-02T07:25:41.250161+07:00,c11_sim,354,5.977,26.773,0.000,0.000,0.007,32.757
2026-09-02T07:25:41.277579+07:00,c11_sim,355,6.166,26.128,0.384,0.003,0.009,32.690
2026-09-02T07:25:41.329982+07:00,c11_sim,356,5.717,26.214,0.314,0.002,0.008,32.254
2026-09-02T07:25:41.354979+07:00,c11_sim,357,5.851,23.738,0.280,0.002,0.007,29.878
2026-09-02T07:25:41.406815+07:00,c11_sim,358,5.571,25.399,0.327,0.002,0.114,31.413
2026-09-02T07:25:41.432621+07:00,c11_sim,359,5.531,24.653,0.306,0.002,0.105,30.598
2026-09-02T07:25:41.533157+07:00,c11_sim,360,5.768,25.266,0.332,48.734,0.026,80.127
2026-09-02T07:25:41.572410+07:00,c11_sim,361,5.794,10.390,0.351,27.774,0.011,44.320
2026-09-02T07:25:41.618638+07:00,c11_sim,362,5.818,11.335,0.321,33.872,0.012,51.358
2026-09-02T07:25:41.675157+07:00,c11_sim,363,5.525,12.348,0.331,42.990,0.017,61.212
2026-09-02T07:25:41.785647+07:00,c11_sim,364,6.294,14.553,0.364,94.823,0.018,116.051
2026-09-02T07:25:41.880913+07:00,c11_sim,365,6.364,24.006,0.452,69.407,0.332,100.560
2026-09-02T07:25:41.949381+07:00,c11_sim,366,7.019,17.316,0.436,49.775,0.014,74.560
2026-09-02T07:25:42.012027+07:00,c11_sim,367,7.732,15.453,0.392,45.811,0.016,69.403
2026-09-02T07:25:42.077926+07:00,c11_sim,368,8.215,15.685,0.417,48.796,0.014,73.126
2026-09-02T07:25:42.143977+07:00,c11_sim,369,8.463,16.042,0.461,48.653,0.016,73.636
2026-09-02T07:25:42.160826+07:00,c11_sim,370,7.723,15.510,0.429,0.000,0.008,23.670
2026-09-02T07:25:42.223293+07:00,c11_sim,371,7.408,15.797,0.446,45.180,0.074,68.905
2026-09-02T07:25:42.286236+07:00,c11_sim,372,6.546,15.171,0.395,46.594,0.024,68.730
2026-09-02T07:25:42.348801+07:00,c11_sim,373,7.341,15.305,0.517,45.978,0.014,69.155
2026-09-02T07:25:42.415196+07:00,c11_sim,374,7.032,15.310,0.430,49.711,0.020,72.503
2026-09-02T07:25:42.486646+07:00,c11_sim,375,6.739,14.770,0.412,55.371,0.020,77.311
2026-09-02T07:25:42.561590+07:00,c11_sim,376,7.398,17.144,0.459,56.188,0.099,81.289
2026-09-02T07:25:42.632650+07:00,c11_sim,377,6.613,17.286,0.439,52.328,0.015,76.682
2026-09-02T07:25:42.697505+07:00,c11_sim,378,6.799,15.857,0.528,47.430,0.019,70.632
2026-09-02T07:25:42.759755+07:00,c11_sim,379,6.590,15.229,0.426,45.662,0.015,67.923
2026-09-02T07:25:42.826636+07:00,c11_sim,380,6.497,15.420,0.425,50.098,0.015,72.455
2026-09-02T07:25:42.895934+07:00,c11_sim,381,7.751,16.174,0.429,51.767,0.014,76.135
2026-09-02T07:25:42.962017+07:00,c11_sim,382,6.760,14.894,0.443,49.785,0.013,71.896
2026-09-02T07:25:43.026911+07:00,c11_sim,383,7.600,13.877,0.379,49.877,0.017,71.750
2026-09-02T07:25:43.096755+07:00,c11_sim,384,6.928,14.645,0.377,53.593,0.310,75.854
2026-09-02T07:25:43.167249+07:00,c11_sim,385,6.675,15.637,0.369,53.672,0.027,76.381
2026-09-02T07:25:43.386185+07:00,c11_sim,386,7.326,189.146,0.562,27.847,0.013,224.895
2026-09-02T07:25:43.386277+07:00,c12_sim,32,4.519,189.146,0.000,0.000,0.005,193.669
2026-09-02T07:25:43.433818+07:00,c11_sim,387,6.689,18.044,0.411,27.660,0.028,52.832
2026-09-02T07:25:43.463836+07:00,c12_sim,33,5.093,18.044,0.319,29.114,0.012,52.583
2026-09-02T07:25:43.517113+07:00,c11_sim,388,7.689,16.395,0.350,35.791,0.027,60.252
2026-09-02T07:25:43.517970+07:00,c12_sim,34,5.143,16.395,0.000,0.000,0.005,21.544
2026-09-02T07:25:43.588518+07:00,c11_sim,389,6.601,19.314,0.457,50.044,0.022,76.438
2026-09-02T07:25:43.588602+07:00,c12_sim,35,6.024,19.314,0.000,0.000,0.004,25.342
2026-09-02T07:25:43.733019+07:00,c11_sim,390,7.383,22.096,0.418,120.917,0.058,150.872
2026-09-02T07:25:43.817689+07:00,c11_sim,391,6.639,32.858,0.557,50.102,0.027,90.183
2026-09-02T07:25:43.817805+07:00,c12_sim,36,5.956,32.858,0.000,0.000,0.007,38.821
2026-09-02T07:25:43.885809+07:00,c11_sim,392,6.638,22.082,0.501,44.489,0.019,73.728
2026-09-02T07:25:43.885899+07:00,c12_sim,37,6.961,22.082,0.000,0.000,0.004,29.048
2026-09-02T07:25:43.952196+07:00,c11_sim,393,7.432,20.929,0.491,43.965,0.019,72.836
2026-09-02T07:25:43.952290+07:00,c12_sim,38,5.560,20.929,0.000,0.000,0.006,26.495
2026-09-02T07:25:44.013875+07:00,c11_sim,394,6.694,16.889,0.426,43.439,0.028,67.476
2026-09-02T07:25:44.039660+07:00,c10_sim,59,4.235,25.626,0.000,0.000,0.009,29.870
2026-09-02T07:25:44.089830+07:00,c11_sim,395,7.406,25.626,0.542,48.407,0.025,82.006
2026-09-02T07:25:44.160433+07:00,c11_sim,396,6.514,18.674,0.521,50.411,0.025,76.144
2026-09-02T07:25:44.186911+07:00,c10_sim,60,5.236,25.895,0.000,0.000,0.323,31.454
2026-09-02T07:25:44.234880+07:00,c11_sim,397,5.658,25.895,0.421,46.610,0.033,78.616
2026-09-02T07:25:44.258406+07:00,c10_sim,61,5.443,22.220,0.424,0.000,0.008,28.094
2026-09-02T07:25:44.258488+07:00,c11_sim,398,6.150,22.220,0.000,0.000,0.005,28.374
2026-09-02T07:25:44.318940+07:00,c11_sim,399,5.975,15.761,0.369,43.382,0.020,65.507
2026-09-02T07:25:44.333318+07:00,c11_sim,400,6.315,14.246,0.000,0.000,0.007,20.568
2026-09-02T07:25:44.346556+07:00,c11_sim,401,6.569,13.123,0.000,0.000,0.005,19.697
2026-09-02T07:25:44.368892+07:00,c10_sim,62,6.833,20.964,0.482,0.003,0.116,28.398
2026-09-02T07:25:44.368954+07:00,c11_sim,402,6.014,20.964,0.000,0.000,0.004,26.981
2026-09-02T07:25:44.499115+07:00,c10_sim,63,8.581,31.938,0.517,0.004,0.236,41.276
2026-09-02T07:25:44.602909+07:00,c10_sim,64,11.191,30.656,0.427,0.003,0.010,42.288
2026-09-02T07:25:44.732893+07:00,c10_sim,65,9.516,32.666,0.725,0.005,0.021,42.934
2026-09-02T07:25:44.842796+07:00,c10_sim,66,9.498,32.090,0.939,0.007,0.028,42.561
2026-09-02T07:25:44.940907+07:00,c10_sim,67,10.412,30.151,0.676,0.004,0.020,41.263
2026-09-02T07:25:45.067422+07:00,c10_sim,68,10.944,30.316,0.534,0.004,0.015,41.813
2026-09-02T07:25:45.161916+07:00,c10_sim,69,7.604,17.304,0.491,0.004,0.286,25.689
2026-09-02T07:25:45.290327+07:00,c10_sim,70,9.647,30.416,0.452,0.004,0.014,40.532
2026-09-02T07:25:45.412360+07:00,c10_sim,71,9.244,31.166,0.000,0.000,0.008,40.418
2026-09-02T07:25:45.520514+07:00,c10_sim,72,11.267,35.462,0.783,0.006,0.365,47.883
2026-09-02T07:25:45.646526+07:00,c10_sim,73,9.708,33.379,0.941,0.007,0.050,44.086
2026-09-02T07:25:45.757818+07:00,c10_sim,74,10.481,33.302,0.878,0.007,0.028,44.696
2026-09-02T07:25:45.867507+07:00,c10_sim,75,8.605,27.969,0.000,0.000,0.009,36.583
2026-09-02T07:25:45.972314+07:00,c10_sim,76,9.443,30.923,0.883,0.007,0.026,41.281
2026-09-02T07:25:46.101022+07:00,c10_sim,77,9.460,34.261,0.565,0.004,0.013,44.303
2026-09-02T07:25:46.191708+07:00,c10_sim,78,9.466,20.569,0.529,0.004,0.012,30.580
2026-09-02T07:25:46.307185+07:00,c10_sim,79,9.034,20.997,0.625,0.005,0.016,30.676
2026-09-02T07:25:46.438427+07:00,c10_sim,80,10.177,31.279,0.921,0.007,0.026,42.409
2026-09-02T07:25:46.538927+07:00,c10_sim,81,7.184,26.481,0.717,0.004,0.014,34.400
2026-09-02T07:25:46.667724+07:00,c10_sim,82,10.538,31.512,0.884,0.007,0.024,42.964
2026-09-02T07:25:46.769654+07:00,c10_sim,83,10.036,31.038,0.898,0.006,0.026,42.003
2026-09-02T07:25:46.948787+07:00,c10_sim,84,9.664,30.625,0.932,54.216,0.017,95.454
2026-09-02T07:25:47.016127+07:00,c10_sim,85,6.805,12.764,0.488,28.276,0.015,48.348
2026-09-02T07:25:47.139331+07:00,c10_sim,86,8.423,19.853,0.506,28.300,0.015,57.096
2026-09-02T07:25:47.230472+07:00,c10_sim,87,7.944,14.412,0.363,29.735,0.011,52.466
2026-09-02T07:25:47.418657+07:00,c10_sim,88,10.054,31.942,0.763,61.997,0.028,104.784
2026-09-02T07:25:47.468861+07:00,c10_sim,89,7.925,15.891,0.422,32.989,0.013,57.239
2026-09-02T07:25:47.587180+07:00,c10_sim,90,8.493,17.931,0.413,28.068,0.011,54.915
2026-09-02T07:25:47.712013+07:00,c10_sim,91,9.803,19.368,0.684,29.486,0.011,59.353
2026-09-02T07:25:47.809356+07:00,c10_sim,92,8.464,18.679,0.478,28.150,0.012,55.782
2026-09-02T07:25:47.916825+07:00,c10_sim,93,8.456,18.688,0.000,0.000,0.008,27.152
2026-09-02T07:25:48.010502+07:00,c10_sim,94,7.095,18.424,0.448,0.000,0.006,25.973
2026-09-02T07:25:48.227062+07:00,c10_sim,95,9.653,31.728,0.856,0.000,0.019,42.256
2026-09-02T07:25:48.450130+07:00,c10_sim,96,9.612,30.434,0.598,47.994,0.110,88.747
2026-09-02T07:25:48.631276+07:00,c10_sim,97,6.796,28.507,0.522,55.670,0.107,91.601
2026-09-02T07:25:48.800537+07:00,c10_sim,98,9.905,29.713,0.539,46.701,0.023,86.882
2026-09-02T07:25:48.996993+07:00,c10_sim,99,9.823,28.005,0.804,55.295,0.096,94.023
2026-09-02T07:25:49.166514+07:00,c10_sim,100,9.764,26.313,0.667,48.476,0.074,85.294
2026-09-02T07:25:49.380731+07:00,c10_sim,101,10.073,32.685,0.892,58.153,0.097,101.901
2026-09-02T07:25:49.493380+07:00,c10_sim,102,9.368,14.266,0.525,27.530,0.019,51.707
2026-09-02T07:25:49.714261+07:00,c10_sim,103,10.836,27.639,0.558,55.828,0.017,94.878
2026-09-02T07:25:49.898463+07:00,c10_sim,104,9.265,29.942,0.503,53.294,0.023,93.027
2026-09-02T07:25:50.102265+07:00,c10_sim,105,9.597,31.261,0.846,81.394,0.035,123.134
2026-09-02T07:25:50.239287+07:00,c10_sim,106,9.006,21.083,0.573,48.908,0.030,79.600
2026-09-02T07:25:50.448724+07:00,c10_sim,107,8.947,31.170,0.836,57.784,0.254,98.991
2026-09-02T07:25:50.632353+07:00,c10_sim,108,10.851,30.743,0.906,53.049,0.032,95.583
2026-09-02T07:25:50.816547+07:00,c10_sim,109,10.874,31.861,0.973,49.789,0.022,93.518
2026-09-02T07:25:50.999323+07:00,c10_sim,110,9.371,31.599,0.926,50.355,0.100,92.351
2026-09-02T07:25:51.171368+07:00,c10_sim,111,9.386,27.036,0.555,51.811,0.023,88.811
2026-09-02T07:25:51.363403+07:00,c10_sim,112,9.372,32.073,1.004,59.190,0.025,101.662
2026-09-02T07:25:51.484033+07:00,c10_sim,113,8.129,18.665,0.530,28.127,0.018,55.469
2026-09-02T07:25:51.731055+07:00,c10_sim,114,10.485,31.239,0.665,55.841,0.033,98.264
2026-09-02T07:25:51.816144+07:00,c10_sim,115,10.141,15.503,0.000,0.000,0.010,25.654
2026-09-02T07:25:52.064342+07:00,c10_sim,116,9.104,27.993,0.583,55.137,0.033,92.849
2026-09-02T07:25:52.216125+07:00,c10_sim,117,11.376,32.045,0.000,0.000,0.024,43.444
2026-09-02T07:25:52.468063+07:00,c10_sim,118,10.268,31.264,0.808,79.868,0.055,122.262
2026-09-02T07:25:52.555020+07:00,c10_sim,119,9.277,18.977,0.000,0.000,0.011,28.265
2026-09-02T07:25:52.782792+07:00,c10_sim,120,9.686,27.517,0.540,49.663,0.031,87.437
2026-09-02T07:25:52.928750+07:00,c10_sim,121,8.151,31.226,0.000,0.000,0.022,39.398
2026-09-02T07:25:53.095142+07:00,c10_sim,122,9.399,27.235,0.000,0.000,0.014,36.647
2026-09-02T07:25:53.292947+07:00,c10_sim,123,8.423,29.947,0.000,0.000,0.015,38.386
2026-09-02T07:25:53.468179+07:00,c11_sim,403,7.120,32.053,0.000,0.000,0.009,39.182
2026-09-02T07:25:53.620085+07:00,c11_sim,404,9.362,27.593,0.000,0.000,0.010,36.966
2026-09-02T07:25:53.793594+07:00,c11_sim,405,8.947,30.482,0.000,0.000,0.006,39.435
2026-09-02T07:25:53.937037+07:00,c11_sim,406,9.743,30.429,0.000,0.000,0.010,40.182
2026-09-02T07:25:54.090862+07:00,c11_sim,407,8.319,31.563,0.000,0.000,0.019,39.901
2026-09-02T07:25:54.237758+07:00,c11_sim,408,10.325,31.289,0.000,0.000,0.022,41.636
2026-09-02T07:25:54.382226+07:00,c11_sim,409,9.047,28.779,0.000,0.000,0.012,37.837
2026-09-02T07:25:54.556464+07:00,c11_sim,410,10.047,32.263,0.000,0.000,0.019,42.329
2026-09-02T07:25:54.704194+07:00,c11_sim,411,9.487,31.057,0.000,0.000,0.024,40.569
2026-09-02T07:25:54.850980+07:00,c11_sim,412,6.243,27.896,0.000,0.000,0.015,34.153
2026-09-02T07:25:55.000923+07:00,c11_sim,413,10.014,30.658,0.000,0.000,0.010,40.682
2026-09-02T07:25:55.153188+07:00,c11_sim,414,10.150,31.070,0.000,0.000,0.462,41.682
2026-09-02T07:25:55.305891+07:00,c11_sim,415,11.950,30.556,0.869,0.000,0.035,43.410
2026-09-02T07:25:55.444540+07:00,c11_sim,416,9.776,26.744,0.000,0.000,0.006,36.526
2026-09-02T07:25:55.614195+07:00,c11_sim,417,10.707,30.822,0.000,0.000,0.007,41.536
2026-09-02T07:25:55.764852+07:00,c11_sim,418,8.542,30.074,0.000,0.000,0.007,38.623
2026-09-02T07:25:55.907982+07:00,c11_sim,419,9.985,27.902,0.000,0.000,0.006,37.893
2026-09-02T07:25:56.114003+07:00,c11_sim,420,9.527,27.481,0.827,57.239,0.049,95.123
2026-09-02T07:25:56.202952+07:00,c11_sim,421,11.276,19.284,0.000,0.000,0.011,30.570
2026-09-02T07:25:56.373235+07:00,c11_sim,422,8.874,30.277,0.000,0.000,0.011,39.162
2026-09-02T07:25:56.526837+07:00,c11_sim,423,9.428,31.642,0.000,0.000,0.021,41.091
2026-09-02T07:25:56.673642+07:00,c11_sim,424,9.365,31.118,0.000,0.000,0.021,40.504
2026-09-02T07:25:56.820985+07:00,c11_sim,425,8.974,28.256,0.000,0.000,0.009,37.239
2026-09-02T07:25:56.973331+07:00,c11_sim,426,9.816,29.467,0.000,0.000,0.006,39.290
2026-09-02T07:25:57.121320+07:00,c11_sim,427,11.399,28.006,0.000,0.000,0.015,39.420
2026-09-02T07:25:57.298536+07:00,c11_sim,428,10.141,32.025,0.000,0.000,0.018,42.184
2026-09-02T07:25:57.445028+07:00,c11_sim,429,6.899,32.523,0.878,0.000,0.023,40.323
2026-09-02T07:25:57.587928+07:00,c11_sim,430,8.179,29.590,0.000,0.000,0.007,37.776
2026-09-02T07:25:57.797168+07:00,c11_sim,431,9.832,28.321,0.795,58.821,0.094,97.863
2026-09-02T07:25:57.922539+07:00,c11_sim,432,9.468,22.768,0.629,28.659,0.020,61.545
2026-09-02T07:25:58.051178+07:00,c11_sim,433,7.737,28.395,0.000,0.000,0.014,36.146
2026-09-02T07:25:58.202920+07:00,c11_sim,434,11.494,27.407,0.000,0.000,0.012,38.913
2026-09-02T07:25:58.353152+07:00,c11_sim,435,10.081,27.438,0.000,0.000,0.245,37.765
2026-09-02T07:25:58.584213+07:00,c11_sim,436,9.387,30.990,0.750,79.457,0.037,120.621
2026-09-02T07:25:58.652272+07:00,c11_sim,437,9.255,22.501,0.000,0.000,0.017,31.773
2026-09-02T07:25:58.847961+07:00,c11_sim,438,8.937,27.741,0.602,53.819,0.059,91.157
2026-09-02T07:25:58.965900+07:00,c11_sim,439,8.486,18.717,0.510,27.785,0.017,55.515
2026-09-02T07:25:59.165793+07:00,c11_sim,440,7.078,29.239,0.872,51.752,0.020,88.962
2026-09-02T07:25:59.290669+07:00,c11_sim,441,9.102,21.603,0.526,28.283,0.017,59.531
2026-09-02T07:25:59.466981+07:00,c11_sim,442,9.802,30.650,0.691,46.928,0.022,88.094
2026-09-02T07:25:59.587306+07:00,c11_sim,443,9.086,19.392,0.538,27.870,0.057,56.942
2026-09-02T07:25:59.725368+07:00,c11_sim,444,7.578,16.428,0.498,27.838,0.034,52.377
2026-09-02T07:25:59.955056+07:00,c11_sim,445,9.165,27.565,0.486,76.082,0.036,113.335
2026-09-02T07:26:00.068283+07:00,c11_sim,446,9.300,21.220,0.451,47.972,0.028,78.971
2026-09-02T07:26:00.194740+07:00,c11_sim,447,7.067,16.005,0.528,38.659,0.014,62.275
2026-09-02T07:26:00.366304+07:00,c11_sim,448,9.601,27.708,0.523,48.284,0.024,86.140
2026-09-02T07:26:00.547213+07:00,c11_sim,449,10.875,30.690,0.504,55.325,0.020,97.414
2026-09-02T07:26:00.644218+07:00,c11_sim,450,8.900,17.619,0.470,28.355,0.015,55.358
2026-09-02T07:26:00.832139+07:00,c11_sim,451,9.918,20.879,0.691,41.135,0.104,72.728
2026-09-02T07:26:00.951797+07:00,c11_sim,452,9.614,14.691,0.383,36.165,0.019,60.873
2026-09-02T07:26:01.150095+07:00,c11_sim,453,9.987,31.166,0.451,45.988,0.031,87.622
2026-09-02T07:26:01.265828+07:00,c11_sim,454,8.551,19.222,0.459,28.134,0.022,56.389
2026-09-02T07:26:01.447216+07:00,c11_sim,455,9.231,30.439,0.790,57.692,0.037,98.189
2026-09-02T07:26:01.566327+07:00,c11_sim,456,9.223,18.737,0.681,28.449,0.020,57.109
2026-09-02T07:26:01.705229+07:00,c11_sim,457,9.673,16.801,0.451,28.021,0.015,54.960
2026-09-02T07:26:01.899821+07:00,c11_sim,458,9.840,29.743,0.539,48.610,0.023,88.755
2026-09-02T07:26:02.023640+07:00,c11_sim,459,8.174,19.610,0.468,27.782,0.059,56.093
2026-09-02T07:26:02.230266+07:00,c11_sim,460,11.270,32.000,0.921,58.477,0.095,102.763
2026-09-02T07:26:02.323412+07:00,c11_sim,461,8.419,17.987,0.502,28.262,0.017,55.187
2026-09-02T07:26:02.463152+07:00,c11_sim,462,8.834,14.528,0.426,27.667,0.016,51.470
2026-09-02T07:26:02.649784+07:00,c11_sim,463,10.086,27.217,0.451,47.916,0.017,85.687
2026-09-02T07:26:02.794316+07:00,c11_sim,464,8.988,21.359,0.412,27.728,0.018,58.504
2026-09-02T07:26:02.929990+07:00,c11_sim,465,9.606,13.740,0.406,27.819,0.015,51.586
2026-09-02T07:26:03.114432+07:00,c11_sim,466,9.674,30.571,0.458,54.598,0.039,95.340
2026-09-02T07:26:03.229126+07:00,c11_sim,467,9.007,14.069,0.343,27.238,0.018,50.676
2026-09-02T07:26:03.432998+07:00,c11_sim,468,9.222,31.996,0.770,50.020,0.097,92.105
2026-09-02T07:26:03.555423+07:00,c11_sim,469,8.496,20.585,0.481,28.012,0.023,57.598
2026-09-02T07:26:03.695964+07:00,c11_sim,470,8.153,16.739,0.484,28.002,0.015,53.393
2026-09-02T07:26:03.847245+07:00,c11_sim,471,9.644,21.165,0.556,29.203,0.032,60.600
2026-09-02T07:26:03.986153+07:00,c11_sim,472,9.031,31.434,0.000,0.000,0.024,40.490
2026-09-02T07:26:04.196915+07:00,c11_sim,473,8.815,29.484,0.544,57.834,0.033,96.709
2026-09-02T07:26:04.319055+07:00,c11_sim,474,10.109,20.805,0.615,28.714,0.106,60.348
2026-09-02T07:26:04.499444+07:00,c11_sim,475,8.722,30.563,0.518,49.591,0.031,89.425
2026-09-02T07:26:04.589086+07:00,c11_sim,476,8.091,14.744,0.435,27.830,0.066,51.165
2026-09-02T07:26:04.738313+07:00,c11_sim,477,9.741,29.844,0.000,0.000,0.009,39.595
2026-09-02T07:26:04.933460+07:00,c11_sim,478,9.184,30.876,0.477,46.727,0.017,87.281
2026-09-02T07:26:05.055818+07:00,c11_sim,479,8.055,17.576,0.455,28.055,0.015,54.156
2026-09-02T07:26:05.263740+07:00,c11_sim,480,10.052,31.995,0.863,58.465,0.038,101.414
2026-09-02T07:26:05.330968+07:00,c11_sim,481,8.851,18.325,0.000,0.000,0.010,27.186
2026-09-02T07:26:05.504884+07:00,c11_sim,482,10.476,30.762,0.000,0.000,0.023,41.260
2026-09-02T07:26:05.645907+07:00,c11_sim,483,11.875,27.329,0.000,0.000,0.011,39.216
2026-09-02T07:26:05.819801+07:00,c11_sim,484,8.999,32.095,0.000,0.000,0.022,41.116
2026-09-02T07:26:05.970575+07:00,c11_sim,485,7.961,31.241,0.000,0.000,0.022,39.224
2026-09-02T07:26:06.163590+07:00,c11_sim,486,6.921,28.828,0.000,0.000,0.011,35.761
2026-09-02T07:26:06.360962+07:00,c11_sim,487,6.107,27.514,0.000,0.000,0.011,33.633
2026-09-02T07:26:06.557434+07:00,c11_sim,488,8.910,28.217,0.000,0.000,0.011,37.138
2026-09-02T07:26:06.781418+07:00,c11_sim,489,9.393,30.782,0.000,0.000,0.020,40.194
2026-09-02T07:26:06.950446+07:00,c11_sim,490,8.770,26.882,0.000,0.000,0.009,35.661
2026-09-02T07:26:07.174489+07:00,c11_sim,491,8.615,30.122,0.000,0.000,0.022,38.759
2026-09-02T07:26:07.368608+07:00,c11_sim,492,9.655,30.665,0.000,0.000,0.010,40.330
2026-09-02T07:26:07.566273+07:00,c11_sim,493,9.027,31.019,0.000,0.000,0.021,40.067
2026-09-02T07:26:07.764523+07:00,c11_sim,494,11.853,30.581,0.000,0.000,0.013,42.447
2026-09-02T07:26:07.961238+07:00,c11_sim,495,9.359,30.401,0.000,0.000,0.339,40.100
2026-09-02T07:26:08.158944+07:00,c11_sim,496,9.175,30.273,0.000,0.000,0.018,39.467
2026-09-02T07:26:08.372302+07:00,c11_sim,497,9.580,30.677,0.000,0.000,0.010,40.266
2026-09-02T07:26:08.550692+07:00,c11_sim,498,7.642,27.855,0.000,0.000,0.008,35.504
2026-09-02T07:26:08.766740+07:00,c11_sim,499,9.734,28.346,0.000,0.000,0.007,38.087
2026-09-02T07:26:08.984196+07:00,c11_sim,500,11.870,30.357,0.000,0.000,0.005,42.232
2026-09-02T07:26:09.179345+07:00,c11_sim,501,8.982,31.145,0.000,0.000,0.011,40.138
2026-09-02T07:26:09.373242+07:00,c11_sim,502,10.907,30.275,0.000,0.000,0.006,41.188
2026-09-02T07:26:09.564702+07:00,c9_sim,259,6.621,29.496,0.000,0.000,0.013,36.130
2026-09-02T07:26:09.767480+07:00,c9_sim,260,8.698,31.016,0.000,0.000,0.019,39.733
2026-09-02T07:26:09.959160+07:00,c9_sim,261,8.591,27.416,0.000,0.000,0.010,36.016
2026-09-02T07:26:10.173684+07:00,c9_sim,262,5.749,28.283,0.000,0.000,0.007,34.039
2026-09-02T07:26:10.374077+07:00,c9_sim,263,8.844,31.207,0.000,0.000,0.021,40.071
2026-09-02T07:26:10.577521+07:00,c9_sim,264,7.372,31.484,0.812,0.000,0.020,39.689
2026-09-02T07:26:10.771108+07:00,c9_sim,265,9.518,30.753,0.828,0.005,0.064,41.168
2026-09-02T07:26:10.961655+07:00,c9_sim,266,8.097,29.680,0.000,0.000,0.008,37.785
2026-09-02T07:26:11.158862+07:00,c9_sim,267,9.385,30.260,0.000,0.000,0.007,39.652
2026-09-02T07:26:11.378280+07:00,c9_sim,268,8.167,31.605,0.000,0.000,0.024,39.796
2026-09-02T07:26:11.568974+07:00,c9_sim,269,6.317,29.298,0.000,0.000,0.012,35.627
2026-09-02T07:26:11.782916+07:00,c9_sim,270,8.039,29.640,0.000,0.000,0.009,37.688
2026-09-02T07:26:11.982844+07:00,c9_sim,271,8.117,31.037,0.723,0.005,0.058,39.940
2026-09-02T07:26:12.182834+07:00,c9_sim,272,7.654,30.352,0.803,0.005,0.564,39.378
2026-09-02T07:26:12.373753+07:00,c9_sim,273,9.053,30.973,0.000,0.000,0.144,40.170
2026-09-02T07:26:12.574992+07:00,c9_sim,274,5.371,28.556,0.000,0.000,0.010,33.938
2026-09-02T07:26:12.763602+07:00,c9_sim,275,9.158,30.290,0.000,0.000,0.007,39.455
2026-09-02T07:26:12.985740+07:00,c9_sim,276,8.694,30.056,0.000,0.000,0.007,38.757
2026-09-02T07:26:13.187022+07:00,c9_sim,277,8.322,32.618,0.000,0.000,0.017,40.957
2026-09-02T07:26:13.362105+07:00,c9_sim,278,9.067,29.276,0.598,0.004,0.013,38.958
2026-09-02T07:26:13.615623+07:00,c9_sim,279,7.880,30.757,0.509,51.440,0.014,90.599
2026-09-02T07:26:13.816279+07:00,c9_sim,280,8.892,29.520,0.540,47.817,0.058,86.828
2026-09-02T07:26:13.960357+07:00,c9_sim,281,10.762,27.152,0.000,0.000,0.009,37.922
2026-09-02T07:26:14.177965+07:00,c9_sim,282,8.304,32.470,0.000,0.000,0.017,40.791
2026-09-02T07:26:14.430887+07:00,c9_sim,283,8.774,31.346,0.625,55.023,0.023,95.790
2026-09-02T07:26:14.632989+07:00,c9_sim,284,7.626,31.773,0.821,48.848,0.020,89.088
2026-09-02T07:26:14.783714+07:00,c9_sim,285,7.521,30.476,0.000,0.000,0.011,38.008
2026-09-02T07:26:15.032760+07:00,c9_sim,286,8.467,31.604,0.866,48.280,0.020,89.238
2026-09-02T07:26:15.232035+07:00,c9_sim,287,8.806,32.157,0.910,51.508,0.023,93.403
2026-09-02T07:26:15.446766+07:00,c9_sim,288,9.803,32.467,1.092,58.082,0.022,101.466
2026-09-02T07:26:15.630272+07:00,c9_sim,289,6.779,30.479,0.639,56.851,0.023,94.772
2026-09-02T07:26:15.833222+07:00,c9_sim,290,9.171,32.260,0.818,48.134,0.019,90.403
2026-09-02T07:26:16.016109+07:00,c9_sim,291,8.241,31.065,0.892,49.659,0.060,89.918
2026-09-02T07:26:16.215619+07:00,c9_sim,292,5.550,28.081,0.561,49.810,0.021,84.023
2026-09-02T07:26:16.416862+07:00,c9_sim,293,9.338,30.942,0.794,46.577,0.022,87.674
2026-09-02T07:26:16.552905+07:00,c9_sim,294,7.409,27.609,0.000,0.000,0.017,35.035
2026-09-02T07:26:16.780350+07:00,c9_sim,295,10.196,28.775,0.000,0.000,0.013,38.983
2026-09-02T07:26:17.032508+07:00,c9_sim,296,8.157,30.187,0.710,48.412,0.020,87.487
2026-09-02T07:26:17.178182+07:00,c9_sim,297,10.123,31.400,0.000,0.000,0.017,41.540
2026-09-02T07:26:17.380963+07:00,c9_sim,298,9.357,31.915,0.000,0.000,0.009,41.281
2026-09-02T07:26:17.581484+07:00,c9_sim,299,8.097,32.166,0.000,0.000,0.019,40.282
2026-09-02T07:26:17.767188+07:00,c9_sim,300,9.418,27.145,0.000,0.000,0.009,36.572
2026-09-02T07:26:17.962177+07:00,c9_sim,301,10.603,27.442,0.000,0.000,0.008,38.053
2026-09-02T07:26:18.247151+07:00,c9_sim,302,9.094,31.056,0.911,58.252,0.023,99.337
2026-09-02T07:26:18.430931+07:00,c9_sim,303,8.187,31.017,0.855,53.351,0.044,93.455
2026-09-02T07:26:18.559199+07:00,c9_sim,304,7.940,30.144,0.000,0.000,0.011,38.095
2026-09-02T07:26:18.761322+07:00,c9_sim,305,8.857,29.743,0.000,0.000,0.009,38.609
2026-09-02T07:26:19.031328+07:00,c9_sim,306,8.468,30.252,0.602,52.442,0.059,91.823
2026-09-02T07:26:19.232660+07:00,c9_sim,307,8.396,29.517,0.617,48.143,0.071,86.743
2026-09-02T07:26:19.432089+07:00,c9_sim,308,8.038,29.695,0.843,51.301,0.031,89.908
2026-09-02T07:26:19.632069+07:00,c9_sim,309,7.657,31.809,0.884,51.571,0.033,91.954
2026-09-02T07:26:19.831848+07:00,c9_sim,310,8.398,29.201,0.582,51.166,0.074,89.420
2026-09-02T07:26:20.030740+07:00,c9_sim,311,10.368,28.976,0.539,53.248,0.026,93.156
2026-09-02T07:26:20.231940+07:00,c9_sim,312,8.316,29.223,0.608,51.049,0.031,89.227
2026-09-02T07:26:20.414468+07:00,c9_sim,313,8.125,30.333,0.804,54.152,0.071,93.485
2026-09-02T07:26:20.615959+07:00,c9_sim,314,8.667,30.899,0.536,49.216,0.073,89.390
2026-09-02T07:26:20.816691+07:00,c9_sim,315,8.157,28.975,0.499,46.454,0.033,84.118
2026-09-02T07:26:21.016376+07:00,c9_sim,316,8.089,30.270,0.446,46.939,0.021,85.765
2026-09-02T07:26:21.215301+07:00,c9_sim,317,6.368,30.550,0.515,50.916,0.083,88.432
2026-09-02T07:26:21.416691+07:00,c9_sim,318,8.143,30.660,0.447,46.409,0.031,85.689
2026-09-02T07:26:21.632697+07:00,c9_sim,319,8.654,31.902,0.881,49.079,0.077,90.592
2026-09-02T07:26:21.832268+07:00,c9_sim,320,8.935,30.403,0.902,51.035,0.032,91.307
2026-09-02T07:26:22.030617+07:00,c9_sim,321,7.891,29.245,0.562,54.433,0.031,92.162
2026-09-02T07:26:22.230546+07:00,c9_sim,322,9.395,28.133,0.558,55.921,0.032,94.038
2026-09-02T07:26:22.446267+07:00,c9_sim,323,9.069,31.582,0.838,59.455,0.034,100.978
2026-09-02T07:26:22.630917+07:00,c9_sim,324,8.441,31.473,0.527,54.200,0.035,94.676
2026-09-02T07:26:22.832214+07:00,c9_sim,325,9.237,32.333,0.941,50.649,0.034,93.195
2026-09-02T07:26:23.013953+07:00,c9_sim,326,8.366,27.618,0.458,54.030,0.022,90.494
2026-09-02T07:26:23.215152+07:00,c9_sim,327,8.609,28.957,0.571,51.624,0.033,89.793
2026-09-02T07:26:23.438233+07:00,c9_sim,328,8.484,27.158,0.460,75.261,0.043,111.405
2026-09-02T07:26:23.631277+07:00,c9_sim,329,8.411,28.742,0.426,53.085,0.033,90.697
2026-09-02T07:26:23.855305+07:00,c9_sim,330,8.132,27.681,0.462,74.926,0.047,111.248
2026-09-02T07:26:24.032947+07:00,c9_sim,331,8.486,29.819,0.439,46.591,0.025,85.360
2026-09-02T07:26:24.238445+07:00,c9_sim,332,7.961,29.396,0.465,75.047,0.049,112.918
2026-09-02T07:26:24.402798+07:00,c9_sim,333,8.321,21.736,0.617,49.656,0.043,80.374
2026-09-02T07:26:24.631298+07:00,c9_sim,334,9.725,33.132,0.891,53.077,0.035,96.860
2026-09-02T07:26:24.832293+07:00,c9_sim,335,7.355,30.266,0.551,50.002,0.033,88.207
2026-09-02T07:26:25.035617+07:00,c9_sim,336,7.958,30.607,0.446,52.320,0.240,91.572
2026-09-02T07:26:25.219982+07:00,c9_sim,337,8.837,29.890,0.626,56.917,0.039,96.308
2026-09-02T07:26:25.430481+07:00,c9_sim,338,9.003,30.526,0.537,55.978,0.032,96.077
2026-09-02T07:26:25.630781+07:00,c9_sim,339,8.128,30.445,0.532,55.024,0.033,94.161
2026-09-02T07:26:25.830853+07:00,c9_sim,340,8.637,29.290,0.429,54.791,0.032,93.179
2026-09-02T07:26:25.984763+07:00,c9_sim,341,9.954,33.682,0.000,0.000,0.025,43.662
2026-09-02T07:26:26.165203+07:00,c9_sim,342,8.945,30.442,0.000,0.000,0.016,39.403
2026-09-02T07:26:26.357576+07:00,c9_sim,343,8.242,29.722,0.000,0.000,0.011,37.975
2026-09-02T07:26:26.574539+07:00,c8_sim,129,7.954,30.002,0.605,0.000,0.008,38.569
2026-09-02T07:26:26.847666+07:00,c8_sim,130,10.639,30.701,0.868,55.938,0.122,98.268
2026-09-02T07:26:27.030480+07:00,c8_sim,131,11.758,29.968,0.513,55.923,0.118,98.280
2026-09-02T07:26:27.248118+07:00,c8_sim,132,10.527,30.242,0.600,52.652,0.022,94.043
2026-09-02T07:26:27.416353+07:00,c8_sim,133,9.431,27.604,0.507,47.802,0.077,85.421
2026-09-02T07:26:27.632747+07:00,c8_sim,134,8.547,29.988,0.460,48.462,0.024,87.481
2026-09-02T07:26:27.832448+07:00,c8_sim,135,7.250,27.640,0.601,49.702,0.022,85.215
2026-09-02T07:26:28.031998+07:00,c8_sim,136,9.860,30.321,0.822,50.700,0.021,91.723
2026-09-02T07:26:28.232765+07:00,c8_sim,137,9.911,30.353,0.911,49.806,0.022,91.003
2026-09-02T07:26:28.432862+07:00,c8_sim,138,9.668,30.135,0.591,48.087,0.023,88.505
2026-09-02T07:26:28.633114+07:00,c8_sim,139,8.975,30.166,0.509,47.307,0.022,86.979
2026-09-02T07:26:28.831689+07:00,c8_sim,140,10.235,31.447,0.765,52.423,0.025,94.895
2026-09-02T07:26:29.054276+07:00,c8_sim,141,11.608,28.780,0.417,76.515,0.030,117.350
2026-09-02T07:26:29.232408+07:00,c8_sim,142,11.096,30.573,0.613,50.628,0.284,93.194
2026-09-02T07:26:29.432495+07:00,c8_sim,143,11.654,30.776,0.882,50.881,0.035,94.228
2026-09-02T07:26:29.572260+07:00,c8_sim,144,8.025,28.322,0.000,0.000,0.016,36.363
2026-09-02T07:26:29.848211+07:00,c8_sim,145,8.420,31.864,0.971,53.123,0.022,94.400
2026-09-02T07:26:30.048138+07:00,c8_sim,146,10.184,29.891,0.611,50.878,0.019,91.583
2026-09-02T07:26:30.248456+07:00,c8_sim,147,10.613,30.903,0.887,52.308,0.033,94.743
2026-09-02T07:26:30.429918+07:00,c8_sim,148,7.423,27.655,0.551,56.713,0.021,92.362
2026-09-02T07:26:30.630290+07:00,c8_sim,149,9.524,28.904,0.629,55.568,0.032,94.657
2026-09-02T07:26:30.831961+07:00,c8_sim,150,11.768,27.577,0.458,50.570,0.032,90.405
2026-09-02T07:26:31.031300+07:00,c8_sim,151,10.287,30.254,0.809,53.886,0.034,95.271
2026-09-02T07:26:31.230282+07:00,c8_sim,152,10.105,28.960,0.586,54.968,0.035,94.654
2026-09-02T07:26:31.432146+07:00,c8_sim,153,10.584,27.579,0.467,50.164,0.035,88.829
2026-09-02T07:26:31.630704+07:00,c8_sim,154,8.998,30.051,0.425,54.439,0.034,93.947
2026-09-02T07:26:31.832505+07:00,c8_sim,155,10.677,29.281,0.450,49.366,0.033,89.807
2026-09-02T07:26:32.046170+07:00,c8_sim,156,10.278,32.376,0.857,57.375,0.024,100.909
2026-09-02T07:26:32.229766+07:00,c8_sim,157,9.612,28.370,0.578,57.484,0.034,96.078
2026-09-02T07:26:32.377711+07:00,c8_sim,158,10.277,29.950,0.000,0.000,0.024,40.251
2026-09-02T07:26:32.649973+07:00,c8_sim,159,10.228,30.725,0.835,55.796,0.033,97.617
2026-09-02T07:26:32.760044+07:00,c8_sim,160,6.671,10.504,0.000,0.000,0.010,17.185
2026-09-02T07:26:32.971289+07:00,c8_sim,161,9.211,29.876,0.000,0.000,0.017,39.103
2026-09-02T07:26:33.197166+07:00,c8_sim,162,10.485,38.420,0.000,0.000,0.012,48.917
2026-09-02T07:26:33.368230+07:00,c8_sim,163,9.498,26.996,0.000,0.000,0.016,36.510
2026-09-02T07:26:33.587313+07:00,c8_sim,164,11.604,29.160,0.000,0.000,0.014,40.778
2026-09-02T07:26:33.783484+07:00,c8_sim,165,9.159,30.348,0.000,0.000,0.019,39.527
2026-09-02T07:26:33.983984+07:00,c8_sim,166,10.129,31.575,0.000,0.000,0.024,41.728
2026-09-02T07:26:34.179519+07:00,c8_sim,167,10.332,29.891,0.000,0.000,0.014,40.237
2026-09-02T07:26:34.374444+07:00,c8_sim,168,11.333,30.534,0.000,0.000,0.017,41.884
2026-09-02T07:26:34.573572+07:00,c8_sim,169,7.827,31.976,0.000,0.000,0.022,39.825
2026-09-02T07:26:34.786563+07:00,c8_sim,170,11.006,31.727,0.000,0.000,0.024,42.757
2026-09-02T07:26:34.980170+07:00,c8_sim,171,10.571,30.315,0.000,0.000,0.012,40.898
2026-09-02T07:26:35.175308+07:00,c8_sim,172,9.827,30.438,0.000,0.000,0.013,40.277
2026-09-02T07:26:35.367686+07:00,c8_sim,173,10.145,30.464,0.000,0.000,0.010,40.618
2026-09-02T07:26:35.587007+07:00,c8_sim,174,8.387,27.964,0.000,0.000,0.349,36.700
2026-09-02T07:26:35.781230+07:00,c8_sim,175,10.273,30.014,0.000,0.000,0.018,40.304
2026-09-02T07:26:35.972878+07:00,c8_sim,176,10.262,28.052,0.000,0.000,0.005,38.319
2026-09-02T07:26:36.193971+07:00,c8_sim,177,10.818,30.025,0.000,0.000,0.007,40.850
2026-09-02T07:26:36.390154+07:00,c8_sim,178,8.431,31.341,0.000,0.000,0.012,39.784
2026-09-02T07:26:36.580715+07:00,c8_sim,179,9.977,30.861,0.000,0.000,0.006,40.843
2026-09-02T07:26:36.776488+07:00,c8_sim,180,10.130,29.969,0.000,0.000,0.004,40.103
2026-09-02T07:26:36.993287+07:00,c8_sim,181,10.675,29.001,0.000,0.000,0.005,39.681
2026-09-02T07:26:37.193464+07:00,c8_sim,182,9.607,30.134,0.000,0.000,0.011,39.753
2026-09-02T07:26:37.387918+07:00,c8_sim,183,10.555,30.444,0.000,0.000,0.014,41.013
2026-09-02T07:26:37.579933+07:00,c8_sim,184,11.279,30.620,0.000,0.000,0.012,41.910
2026-09-02T07:26:37.788016+07:00,c8_sim,185,10.691,26.746,0.000,0.000,0.006,37.442
2026-09-02T07:26:37.987205+07:00,c8_sim,186,10.160,30.838,0.000,0.000,0.014,41.011
2026-09-02T07:26:38.189911+07:00,c8_sim,187,10.663,30.393,0.000,0.000,0.006,41.062
2026-09-02T07:26:38.390174+07:00,c8_sim,188,10.333,31.397,0.000,0.000,0.012,41.742
2026-09-02T07:26:38.594578+07:00,c10_sim,124,7.680,30.997,0.900,0.000,0.019,39.596
2026-09-02T07:26:38.847070+07:00,c10_sim,125,9.597,31.162,0.962,58.357,0.110,100.188
2026-09-02T07:26:39.062821+07:00,c10_sim,126,9.246,33.025,1.015,59.280,0.084,102.651
2026-09-02T07:26:39.247442+07:00,c10_sim,127,10.623,30.519,0.926,55.708,0.105,97.881
2026-09-02T07:26:39.448550+07:00,c10_sim,128,9.138,31.150,0.871,51.469,0.021,92.650
2026-09-02T07:26:39.648687+07:00,c10_sim,129,8.601,31.542,0.908,51.244,0.024,92.319
2026-09-02T07:26:39.849448+07:00,c10_sim,130,10.045,32.318,0.946,48.603,0.024,91.937
2026-09-02T07:26:40.047611+07:00,c10_sim,131,10.044,28.706,0.660,53.417,0.021,92.848
2026-09-02T07:26:40.246015+07:00,c10_sim,132,9.396,27.977,0.578,57.967,0.024,95.940
2026-09-02T07:26:40.449475+07:00,c10_sim,133,10.133,31.882,0.846,48.182,0.025,91.068
2026-09-02T07:26:40.649062+07:00,c10_sim,134,9.319,32.807,0.930,50.079,0.023,93.159
2026-09-02T07:26:40.849963+07:00,c10_sim,135,9.138,32.161,1.021,48.065,0.282,90.666
2026-09-02T07:26:41.062933+07:00,c10_sim,136,9.747,31.727,0.958,58.501,0.018,100.951
2026-09-02T07:26:41.267160+07:00,c10_sim,137,7.661,27.792,0.591,80.003,0.032,116.079
2026-09-02T07:26:41.448822+07:00,c10_sim,138,9.288,31.199,0.903,50.949,0.022,92.360
2026-09-02T07:26:41.649109+07:00,c10_sim,139,9.480,30.314,0.596,48.853,0.021,89.264
2026-09-02T07:26:41.847722+07:00,c10_sim,140,6.513,32.002,0.527,53.390,0.021,92.452
2026-09-02T07:26:42.048667+07:00,c10_sim,141,10.476,30.739,0.503,48.741,0.026,90.484
2026-09-02T07:26:42.270141+07:00,c10_sim,142,9.188,26.675,0.517,73.965,0.024,110.369
2026-09-02T07:26:42.449560+07:00,c10_sim,143,8.221,30.361,0.810,48.051,0.033,87.477
2026-09-02T07:26:42.649326+07:00,c10_sim,144,8.373,30.760,0.941,48.783,0.033,88.890
2026-09-02T07:26:42.863254+07:00,c10_sim,145,10.204,32.199,0.954,59.014,0.034,102.405
2026-09-02T07:26:43.047069+07:00,c10_sim,146,6.383,32.231,0.962,56.712,0.031,96.319
2026-09-02T07:26:43.188418+07:00,c10_sim,147,9.599,27.681,0.577,0.005,0.017,37.879
2026-09-02T07:26:43.380091+07:00,c10_sim,148,9.462,28.094,0.000,0.000,0.014,37.569
2026-09-02T07:26:43.592761+07:00,c10_sim,149,8.267,29.801,0.000,0.000,0.010,38.079
2026-09-02T07:26:43.793992+07:00,c10_sim,150,6.688,28.864,0.000,0.000,0.015,35.567
2026-09-02T07:26:44.003265+07:00,c10_sim,151,9.994,38.301,0.000,0.000,0.013,48.308
2026-09-02T07:26:44.193426+07:00,c10_sim,152,8.754,31.224,0.000,0.000,0.019,39.996
2026-09-02T07:26:44.384681+07:00,c10_sim,153,9.297,31.303,0.000,0.000,0.019,40.618
2026-09-02T07:26:44.581078+07:00,c12_sim,39,7.507,30.675,0.000,0.000,0.017,38.199
2026-09-02T07:26:44.864063+07:00,c12_sim,40,8.745,33.090,0.940,55.969,0.022,98.765
2026-09-02T07:26:44.987287+07:00,c12_sim,41,8.799,30.133,0.000,0.000,0.010,38.942
2026-09-02T07:26:45.181222+07:00,c12_sim,42,10.079,27.911,0.000,0.000,0.012,38.002
2026-09-02T07:26:45.400621+07:00,c12_sim,43,8.919,29.925,0.000,0.000,0.011,38.856
2026-09-02T07:26:45.601325+07:00,c12_sim,44,7.902,31.244,0.000,0.000,0.009,39.156
2026-09-02T07:26:45.796068+07:00,c12_sim,45,10.398,27.935,0.000,0.000,0.008,38.342
2026-09-02T07:26:45.990287+07:00,c12_sim,46,6.585,30.444,0.000,0.000,0.008,37.037
2026-09-02T07:26:46.183566+07:00,c12_sim,47,8.472,28.717,0.000,0.000,0.014,37.203
2026-09-02T07:26:46.404010+07:00,c12_sim,48,9.006,32.158,0.000,0.000,0.693,41.857
2026-09-02T07:26:46.590792+07:00,c11_sim,503,7.137,28.254,0.000,0.000,0.025,35.416
2026-09-02T07:26:46.798195+07:00,c11_sim,504,9.797,30.744,0.000,0.000,0.011,40.552
2026-09-02T07:26:46.997603+07:00,c11_sim,505,9.395,30.693,0.000,0.000,0.012,40.100
2026-09-02T07:26:47.198419+07:00,c11_sim,506,10.576,30.584,0.776,0.000,0.010,41.946
2026-09-02T07:26:47.419409+07:00,c11_sim,507,9.649,32.697,1.083,0.006,0.093,43.527
2026-09-02T07:26:47.589373+07:00,c11_sim,508,8.616,30.517,0.782,0.005,0.018,39.938
2026-09-02T07:26:47.863610+07:00,c11_sim,509,10.103,27.657,0.478,55.303,0.016,93.557
2026-09-02T07:26:47.989478+07:00,c11_sim,510,8.604,27.775,0.000,0.000,0.011,36.391
2026-09-02T07:26:48.213803+07:00,c11_sim,511,9.982,32.153,0.000,0.000,0.020,42.155
2026-09-02T07:26:48.415726+07:00,c11_sim,512,9.950,33.045,1.011,0.007,0.092,44.104
2026-09-02T07:26:48.612250+07:00,c11_sim,513,8.680,31.874,0.698,0.005,0.067,41.324
2026-09-02T07:26:48.865199+07:00,c11_sim,514,9.986,31.712,0.883,50.480,0.063,93.124
2026-09-02T07:26:49.064370+07:00,c11_sim,515,9.478,31.801,0.812,52.334,0.021,94.445
2026-09-02T07:26:49.181383+07:00,c11_sim,516,9.670,21.493,0.000,0.000,0.010,31.172
2026-09-02T07:26:49.464936+07:00,c11_sim,517,9.549,30.213,0.947,52.228,0.055,92.992
2026-09-02T07:26:49.597928+07:00,c11_sim,518,8.405,35.231,0.000,0.000,0.014,43.650
2026-09-02T07:26:49.802589+07:00,c11_sim,519,10.006,32.049,0.000,0.000,0.022,42.077
2026-09-02T07:26:50.024484+07:00,c11_sim,520,9.479,14.793,0.570,39.076,0.042,63.960
2026-09-02T07:26:50.265573+07:00,c11_sim,521,9.670,31.129,0.923,50.067,0.064,91.853
2026-09-02T07:26:50.447047+07:00,c11_sim,522,10.149,30.162,0.727,55.084,0.024,96.147
2026-09-02T07:26:50.649640+07:00,c11_sim,523,8.838,30.882,0.654,55.253,0.024,95.652
2026-09-02T07:26:50.846314+07:00,c11_sim,524,8.889,28.027,0.483,57.021,0.024,94.444
2026-09-02T07:26:51.047273+07:00,c11_sim,525,9.765,30.638,0.827,54.634,0.017,95.881
2026-09-02T07:26:51.247593+07:00,c11_sim,526,8.315,29.709,0.484,49.850,0.057,88.415
2026-09-02T07:26:51.449629+07:00,c11_sim,527,9.500,25.804,0.645,60.483,0.033,96.466
2026-09-02T07:26:51.618958+07:00,c11_sim,528,9.648,14.142,0.633,28.578,0.018,53.018
2026-09-02T07:26:51.808616+07:00,c11_sim,529,9.379,24.701,0.000,0.000,0.020,34.100
2026-09-02T07:26:52.009121+07:00,c11_sim,530,10.172,30.831,0.000,0.000,0.022,41.025
2026-09-02T07:26:52.263891+07:00,c11_sim,531,10.060,29.907,0.751,54.032,0.022,94.771
2026-09-02T07:26:52.447343+07:00,c11_sim,532,9.317,30.614,0.871,55.770,0.234,96.806
2026-09-02T07:26:52.648422+07:00,c11_sim,533,7.382,28.250,0.638,50.454,0.051,86.775
2026-09-02T07:26:52.803129+07:00,c11_sim,534,10.323,31.248,0.000,0.000,0.011,41.582
2026-09-02T07:26:53.063015+07:00,c11_sim,535,8.603,32.279,0.882,56.977,0.016,98.757
2026-09-02T07:26:53.247017+07:00,c11_sim,536,7.226,28.583,0.682,54.923,0.075,91.489
2026-09-02T07:26:53.469500+07:00,c11_sim,537,9.769,27.625,0.496,78.501,0.124,116.514
2026-09-02T07:26:53.645992+07:00,c11_sim,538,6.432,27.671,0.537,58.112,0.013,92.765
2026-09-02T07:26:53.811892+07:00,c11_sim,539,9.509,18.618,0.497,28.020,0.020,56.664
2026-09-02T07:26:54.064045+07:00,c11_sim,540,9.268,29.363,0.461,52.591,0.074,91.758
2026-09-02T07:26:54.247609+07:00,c11_sim,541,9.636,29.120,0.543,52.295,0.022,91.617
2026-09-02T07:26:54.448812+07:00,c11_sim,542,11.056,34.152,0.688,49.425,0.092,95.414
2026-09-02T07:26:54.649620+07:00,c11_sim,543,8.287,31.931,0.818,47.278,0.091,88.405
2026-09-02T07:26:54.822702+07:00,c11_sim,544,10.400,19.664,0.717,29.055,0.072,59.909
2026-09-02T07:26:55.048367+07:00,c11_sim,545,10.723,29.444,0.502,49.673,0.082,90.424
2026-09-02T07:26:55.247111+07:00,c11_sim,546,11.226,29.194,0.615,53.293,0.022,94.351
2026-09-02T07:26:55.414208+07:00,c11_sim,547,7.005,14.639,0.445,28.405,0.064,50.558
2026-09-02T07:26:55.647579+07:00,c11_sim,548,8.423,30.938,0.707,53.045,0.031,93.144
2026-09-02T07:26:55.846981+07:00,c11_sim,549,9.419,29.455,0.543,55.495,0.032,94.943
2026-09-02T07:26:56.032092+07:00,c11_sim,550,9.055,27.792,0.580,40.191,0.025,77.642
2026-09-02T07:26:56.263496+07:00,c11_sim,551,8.939,28.140,0.532,56.246,0.031,93.888
2026-09-02T07:26:56.395828+07:00,c11_sim,552,10.363,30.330,0.761,0.000,0.018,41.472
2026-09-02T07:26:56.683956+07:00,c11_sim,553,9.501,30.705,0.597,80.132,0.217,121.153
2026-09-02T07:26:56.863763+07:00,c11_sim,554,10.197,31.250,0.909,55.912,0.023,98.292
2026-09-02T07:26:57.065080+07:00,c11_sim,555,10.121,30.468,0.937,51.871,0.019,93.415
2026-09-02T07:26:57.247200+07:00,c11_sim,556,10.901,28.519,0.599,54.767,0.022,94.808
2026-09-02T07:26:57.393217+07:00,c11_sim,557,10.344,30.728,0.515,0.396,0.019,42.002
2026-09-02T07:26:57.647252+07:00,c11_sim,558,8.884,30.907,0.536,54.699,0.023,95.050
2026-09-02T07:26:57.790442+07:00,c11_sim,559,9.515,30.703,0.000,0.000,0.018,40.235
2026-09-02T07:26:58.012995+07:00,c11_sim,560,10.775,31.893,0.000,0.000,0.031,42.699
2026-09-02T07:26:58.207136+07:00,c11_sim,561,8.975,28.852,0.000,0.000,0.014,37.842
2026-09-02T07:26:58.404452+07:00,c11_sim,562,9.957,29.797,0.000,0.000,0.010,39.764
2026-09-02T07:26:58.606746+07:00,c11_sim,563,8.037,30.624,0.689,0.000,0.010,39.360
2026-09-02T07:26:58.863391+07:00,c11_sim,564,9.926,30.309,0.892,57.960,0.120,99.208
2026-09-02T07:26:59.064170+07:00,c11_sim,565,9.973,30.467,0.718,53.319,0.104,94.581
2026-09-02T07:26:59.224068+07:00,c11_sim,566,10.608,13.475,0.476,27.989,0.304,52.852
2026-09-02T07:26:59.448204+07:00,c11_sim,567,9.387,30.598,0.563,50.788,0.113,91.448
2026-09-02T07:26:59.666240+07:00,c11_sim,568,8.131,31.750,0.799,47.592,0.023,88.295
2026-09-02T07:26:59.879584+07:00,c11_sim,569,9.078,32.098,0.984,59.084,0.023,101.266
2026-09-02T07:27:00.014721+07:00,c11_sim,570,9.204,16.047,0.488,27.852,0.016,53.608
2026-09-02T07:27:00.264700+07:00,c11_sim,571,9.255,30.090,0.551,52.267,0.154,92.316
2026-09-02T07:27:00.486462+07:00,c11_sim,572,10.333,27.672,0.459,77.220,0.032,115.716
2026-09-02T07:27:00.664470+07:00,c11_sim,573,8.450,30.411,0.474,53.141,0.247,92.723
2026-09-02T07:27:00.865900+07:00,c11_sim,574,10.407,31.152,0.852,49.108,0.026,91.545
2026-09-02T07:27:01.064805+07:00,c11_sim,575,8.082,30.718,0.629,50.434,0.020,89.883
2026-09-02T07:27:01.244020+07:00,c11_sim,576,9.324,16.795,0.520,40.453,0.018,67.110
2026-09-02T07:27:01.464938+07:00,c11_sim,577,10.728,30.870,0.498,51.248,0.023,93.368
2026-09-02T07:27:01.665691+07:00,c11_sim,578,8.119,30.568,0.571,49.596,0.094,88.948
2026-09-02T07:27:01.865896+07:00,c11_sim,579,9.431,30.381,0.445,47.758,0.022,88.036
2026-09-02T07:27:02.064253+07:00,c11_sim,580,10.244,30.644,0.435,52.553,0.032,93.907
2026-09-02T07:27:02.264011+07:00,c11_sim,581,8.154,29.000,0.560,53.107,0.034,90.855
2026-09-02T07:27:02.464343+07:00,c11_sim,582,8.913,29.811,0.572,52.828,0.033,92.158
2026-09-02T07:27:02.664879+07:00,c11_sim,583,8.150,30.142,0.472,50.672,0.032,89.468
2026-09-02T07:27:02.864730+07:00,c11_sim,584,9.436,30.873,0.569,52.421,0.033,93.332
2026-09-02T07:27:03.065720+07:00,c11_sim,585,10.142,31.606,0.797,49.094,0.032,91.671
2026-09-02T07:27:03.264441+07:00,c11_sim,586,10.011,29.709,0.533,52.053,0.032,92.339
2026-09-02T07:27:03.426736+07:00,c11_sim,587,9.313,13.516,0.385,27.857,0.018,51.090
2026-09-02T07:27:03.649710+07:00,c11_sim,588,7.824,29.780,0.518,46.196,0.034,84.352
2026-09-02T07:27:03.799958+07:00,c11_sim,589,9.904,29.784,0.000,0.000,0.012,39.701
2026-09-02T07:27:03.997261+07:00,c11_sim,590,8.992,27.839,0.000,0.000,0.010,36.841
2026-09-02T07:27:04.287600+07:00,c11_sim,591,9.369,27.914,0.469,75.471,0.048,113.271
2026-09-02T07:27:04.445582+07:00,c11_sim,592,9.791,20.115,0.455,48.246,0.043,78.650
2026-09-02T07:27:04.663436+07:00,c11_sim,593,8.480,30.141,0.464,55.438,0.032,94.555
2026-09-02T07:27:04.864215+07:00,c11_sim,594,9.062,30.814,0.425,52.726,0.034,93.061
2026-09-02T07:27:05.063252+07:00,c11_sim,595,8.749,29.128,0.432,55.883,0.031,94.223
2026-09-02T07:27:05.286403+07:00,c11_sim,596,8.169,27.440,0.483,78.035,0.075,114.202
2026-09-02T07:27:05.465604+07:00,c11_sim,597,9.519,29.653,0.555,47.990,0.031,87.748
2026-09-02T07:27:05.664075+07:00,c11_sim,598,6.851,29.347,0.498,51.533,0.022,88.252
2026-09-02T07:27:05.865966+07:00,c11_sim,599,7.644,30.451,0.546,47.147,0.021,85.809
2026-09-02T07:27:06.079562+07:00,c11_sim,600,11.777,33.280,0.875,58.158,0.032,104.122
2026-09-02T07:27:06.248872+07:00,c11_sim,601,6.899,27.497,0.563,47.856,0.020,82.835
2026-09-02T07:27:06.465260+07:00,c11_sim,602,9.833,27.196,0.529,48.086,0.019,85.664
2026-09-02T07:27:06.679496+07:00,c11_sim,603,8.396,31.032,0.809,57.252,0.036,97.525
2026-09-02T07:27:06.802879+07:00,c11_sim,604,10.094,29.041,0.000,0.000,0.012,39.148
2026-09-02T07:27:07.002273+07:00,c11_sim,605,9.466,30.888,0.000,0.000,0.008,40.362
2026-09-02T07:27:07.264450+07:00,c11_sim,606,9.477,29.853,0.609,51.894,0.043,91.876
2026-09-02T07:27:07.480129+07:00,c11_sim,607,9.345,33.351,0.894,56.345,0.038,99.973
2026-09-02T07:27:07.649229+07:00,c11_sim,608,6.322,27.681,0.554,47.097,0.029,81.683
2026-09-02T07:27:07.820517+07:00,c11_sim,609,10.559,32.057,0.000,0.000,0.021,42.637
2026-09-02T07:27:08.065686+07:00,c11_sim,610,9.942,32.383,0.886,47.759,0.029,90.999
2026-09-02T07:27:08.265419+07:00,c11_sim,611,9.604,29.334,0.678,49.302,0.033,88.951
2026-09-02T07:27:08.465607+07:00,c11_sim,612,9.674,30.438,0.617,48.193,0.034,88.957
2026-09-02T07:27:08.666043+07:00,c11_sim,613,9.499,32.319,0.793,46.879,0.032,89.523
2026-09-02T07:27:08.865130+07:00,c11_sim,614,8.120,30.247,0.584,49.797,0.032,88.779
2026-09-02T07:27:09.065979+07:00,c11_sim,615,10.731,30.385,0.539,46.107,0.027,87.789
2026-09-02T07:27:09.210938+07:00,c11_sim,616,9.376,27.607,0.000,0.000,0.012,36.995
2026-09-02T07:27:09.479435+07:00,c11_sim,617,9.992,31.607,0.902,59.127,0.033,101.662
2026-09-02T07:27:09.620803+07:00,c11_sim,618,7.938,19.285,0.499,28.027,0.027,55.776
2026-09-02T07:27:09.879450+07:00,c11_sim,619,10.356,33.086,0.839,57.894,0.037,102.211
2026-09-02T07:27:10.083828+07:00,c11_sim,620,10.221,29.261,0.607,80.204,0.033,120.327
2026-09-02T07:27:10.252107+07:00,c11_sim,621,7.544,18.601,0.505,48.247,0.027,74.924
2026-09-02T07:27:10.448865+07:00,c11_sim,622,10.332,28.966,0.523,47.799,0.034,87.653
2026-09-02T07:27:10.600513+07:00,c11_sim,623,9.422,31.307,0.000,0.000,0.019,40.748
2026-09-02T07:27:10.849435+07:00,c11_sim,624,10.673,31.215,0.729,46.284,0.023,88.924
2026-09-02T07:27:11.048666+07:00,c11_sim,625,11.171,27.716,0.544,48.764,0.020,88.214
2026-09-02T07:27:11.218758+07:00,c11_sim,626,8.464,27.715,0.000,0.000,0.011,36.190
2026-09-02T07:27:11.479513+07:00,c11_sim,627,9.471,30.624,0.923,58.016,0.036,99.071
2026-09-02T07:27:11.582807+07:00,c11_sim,628,8.390,14.310,0.000,0.000,0.009,22.710
2026-09-02T07:27:11.849259+07:00,c11_sim,629,9.626,29.428,0.687,46.955,0.032,86.729
2026-09-02T07:27:11.994028+07:00,c11_sim,630,9.265,28.936,0.000,0.000,0.015,38.216
2026-09-02T07:27:12.211378+07:00,c11_sim,631,10.225,28.838,0.000,0.000,0.009,39.072
2026-09-02T07:27:12.394643+07:00,c11_sim,632,11.224,27.122,0.000,0.000,0.010,38.356
2026-09-02T07:27:12.614926+07:00,c11_sim,633,9.279,30.678,0.000,0.000,0.007,39.964
2026-09-02T07:27:12.818804+07:00,c11_sim,634,9.408,38.676,0.000,0.000,0.011,48.095
2026-09-02T07:27:13.080731+07:00,c11_sim,635,9.521,32.235,0.959,59.244,0.031,101.989
2026-09-02T07:27:13.263017+07:00,c11_sim,636,9.137,28.502,0.612,56.373,0.033,94.657
2026-09-02T07:27:13.479496+07:00,c11_sim,637,10.408,31.661,0.780,58.423,0.033,101.304
2026-09-02T07:27:13.606516+07:00,c11_sim,638,9.312,30.448,0.000,0.000,0.015,39.775
2026-09-02T07:27:13.797396+07:00,c11_sim,639,9.717,29.051,0.000,0.000,0.009,38.777
2026-09-02T07:27:14.017346+07:00,c11_sim,640,9.353,31.979,0.000,0.000,0.020,41.353
2026-09-02T07:27:14.221018+07:00,c11_sim,641,9.667,31.378,0.000,0.000,0.011,41.055
2026-09-02T07:27:14.419491+07:00,c11_sim,642,9.751,29.948,0.673,0.005,0.015,40.393
2026-09-02T07:27:14.613484+07:00,c11_sim,643,6.962,28.321,0.000,0.000,0.015,35.298
2026-09-02T07:27:14.812832+07:00,c11_sim,644,9.728,28.644,0.000,0.000,0.011,38.382
2026-09-02T07:27:15.008863+07:00,c11_sim,645,9.350,30.315,0.000,0.000,0.008,39.673
2026-09-02T07:27:15.205485+07:00,c11_sim,646,9.669,29.586,0.000,0.000,0.006,39.262
2026-09-02T07:27:15.406748+07:00,c11_sim,647,9.867,29.406,0.000,0.000,0.006,39.279
2026-09-02T07:27:15.601183+07:00,c11_sim,648,10.011,29.697,0.000,0.000,0.005,39.713
2026-09-02T07:27:15.820983+07:00,c11_sim,649,9.854,32.017,0.000,0.000,0.019,41.890
2026-09-02T07:27:16.014058+07:00,c11_sim,650,10.415,31.894,0.000,0.000,0.020,42.329
2026-09-02T07:27:16.209996+07:00,c11_sim,651,9.256,31.238,0.000,0.000,0.010,40.505
2026-09-02T07:27:16.404975+07:00,c11_sim,652,8.165,30.384,0.000,0.000,0.010,38.559
2026-09-02T07:27:16.648292+07:00,c12_sim,49,7.358,29.288,0.700,50.763,0.072,88.181
2026-09-02T07:27:16.819335+07:00,c12_sim,50,9.121,31.744,0.000,0.000,0.022,40.887
2026-09-02T07:27:17.009252+07:00,c12_sim,51,9.363,29.228,0.000,0.000,0.017,38.608
2026-09-02T07:27:17.209985+07:00,c12_sim,52,10.046,30.854,0.000,0.000,0.010,40.910
2026-09-02T07:27:17.404794+07:00,c12_sim,53,9.180,27.729,0.000,0.000,0.011,36.919
2026-09-02T07:27:17.604986+07:00,c12_sim,54,8.651,30.177,0.000,0.000,0.023,38.851
2026-09-02T07:27:17.812295+07:00,c12_sim,55,11.126,35.268,0.000,0.000,0.397,46.792
2026-09-02T07:27:18.012655+07:00,c12_sim,56,9.031,30.639,0.000,0.000,0.030,39.701
2026-09-02T07:27:18.221524+07:00,c12_sim,57,8.923,30.606,0.000,0.000,0.010,39.539
2026-09-02T07:27:18.417668+07:00,c12_sim,58,8.934,27.000,0.000,0.000,0.011,35.945
2026-09-02T07:27:18.618053+07:00,c12_sim,59,8.813,31.487,0.000,0.000,0.019,40.318
2026-09-02T07:27:18.807327+07:00,c12_sim,60,9.317,30.394,0.000,0.000,0.010,39.721
2026-09-02T07:27:19.020641+07:00,c12_sim,61,8.926,31.460,0.000,0.000,0.021,40.406
2026-09-02T07:27:19.217286+07:00,c10_sim,154,7.607,29.416,0.573,0.000,0.008,37.605
2026-09-02T07:27:19.441360+07:00,c10_sim,155,9.412,33.449,0.887,0.006,0.309,44.064
2026-09-02T07:27:19.615449+07:00,c10_sim,156,8.286,29.191,0.519,0.005,0.014,38.015
2026-09-02T07:27:19.831912+07:00,c10_sim,157,9.781,30.998,0.893,0.007,0.303,41.983
2026-09-02T07:27:20.035397+07:00,c10_sim,158,9.193,32.307,0.957,0.006,0.028,42.492
2026-09-02T07:27:20.226755+07:00,c10_sim,159,11.038,30.318,0.610,0.005,0.014,41.985
2026-09-02T07:27:20.423224+07:00,c10_sim,160,9.199,31.015,0.831,0.006,0.024,41.075
2026-09-02T07:27:20.613712+07:00,c10_sim,161,6.629,27.755,0.564,0.005,0.261,35.214
2026-09-02T07:27:20.813086+07:00,c10_sim,162,10.366,27.258,0.496,0.004,0.321,38.446
2026-09-02T07:27:21.017306+07:00,c10_sim,163,7.115,26.254,0.974,0.007,0.045,34.395
2026-09-02T07:27:21.213822+07:00,c10_sim,164,9.474,30.792,0.640,0.005,0.017,40.928
2026-09-02T07:27:21.438908+07:00,c10_sim,165,10.047,31.692,0.881,0.007,0.024,42.650
2026-09-02T07:27:21.615512+07:00,c10_sim,166,7.100,29.519,0.881,0.004,0.013,37.516
2026-09-02T07:27:21.833948+07:00,c10_sim,167,9.894,31.125,0.735,0.006,0.018,41.778
2026-09-02T07:27:22.012493+07:00,c10_sim,168,6.754,28.653,0.537,0.004,0.014,35.963
2026-09-02T07:27:22.240260+07:00,c10_sim,169,11.545,34.203,0.573,0.005,0.022,46.348
2026-09-02T07:27:22.479992+07:00,c10_sim,170,7.611,31.594,0.913,58.922,0.019,99.059
2026-09-02T07:27:22.621729+07:00,c10_sim,171,7.204,18.210,0.000,0.000,0.010,25.424
2026-09-02T07:27:22.879518+07:00,c10_sim,172,10.527,30.975,0.774,57.728,0.023,100.025
2026-09-02T07:27:23.081438+07:00,c10_sim,173,11.070,31.456,0.861,51.510,0.021,94.918
2026-09-02T07:27:23.281940+07:00,c10_sim,174,7.098,28.923,0.614,49.523,0.016,86.174
2026-09-02T07:27:23.496965+07:00,c10_sim,175,7.258,35.974,0.979,55.816,0.022,100.049
2026-09-02T07:27:23.680092+07:00,c10_sim,176,9.186,31.614,0.929,56.572,0.022,98.324
2026-09-02T07:27:23.816422+07:00,c11_sim,653,8.709,20.127,0.567,0.000,0.014,29.416
2026-09-02T07:27:24.034608+07:00,c11_sim,654,9.453,32.599,0.854,0.006,0.259,43.171
2026-09-02T07:27:24.227570+07:00,c11_sim,655,11.368,30.337,0.611,0.005,0.221,42.541
2026-09-02T07:27:24.427968+07:00,c11_sim,656,10.521,30.352,0.475,0.003,0.215,41.566
2026-09-02T07:27:24.623364+07:00,c11_sim,657,8.285,28.400,0.532,0.003,0.319,37.539
2026-09-02T07:27:24.816678+07:00,c11_sim,658,7.184,29.066,0.000,0.000,0.024,36.274
2026-09-02T07:27:25.035109+07:00,c11_sim,659,9.962,31.843,0.889,0.007,0.286,42.986
2026-09-02T07:27:25.238244+07:00,c11_sim,660,8.478,31.128,0.588,0.004,0.015,40.213
2026-09-02T07:27:25.419711+07:00,c11_sim,661,6.066,30.036,0.504,0.005,0.013,36.624
2026-09-02T07:27:25.645403+07:00,c11_sim,662,8.393,33.149,0.687,0.006,0.223,42.458
2026-09-02T07:27:25.880195+07:00,c11_sim,663,9.381,31.251,0.887,57.956,0.129,99.605
2026-09-02T07:27:26.083046+07:00,c11_sim,664,11.681,31.379,0.555,48.892,0.095,92.600
2026-09-02T07:27:26.280524+07:00,c11_sim,665,7.789,27.957,0.568,51.687,0.013,88.013
2026-09-02T07:27:26.480660+07:00,c11_sim,666,11.732,30.549,0.615,52.630,0.020,95.545
2026-09-02T07:27:26.696421+07:00,c11_sim,667,8.317,31.325,0.909,57.372,0.021,97.945
2026-09-02T07:27:26.866814+07:00,c11_sim,668,10.342,21.849,0.653,29.734,0.020,62.597
2026-09-02T07:27:27.116632+07:00,c11_sim,669,9.632,30.183,0.689,80.235,0.041,120.780
2026-09-02T07:27:27.295652+07:00,c11_sim,670,9.524,27.599,0.520,56.567,0.017,94.227
2026-09-02T07:27:27.469058+07:00,c11_sim,671,10.577,22.006,0.752,30.257,0.015,63.608
2026-09-02T07:27:27.696607+07:00,c11_sim,672,9.183,31.235,0.911,56.415,0.024,97.768
2026-09-02T07:27:27.897378+07:00,c11_sim,673,9.259,32.237,0.949,53.610,0.022,96.077
2026-09-02T07:27:28.080095+07:00,c11_sim,674,10.026,30.753,0.654,53.443,0.017,94.894
2026-09-02T07:27:28.245395+07:00,c11_sim,675,10.274,14.390,0.558,28.163,0.013,53.397
2026-09-02T07:27:28.442268+07:00,c11_sim,676,9.570,30.741,0.000,0.000,0.020,40.331
2026-09-02T07:27:28.681648+07:00,c11_sim,677,6.801,28.734,0.599,49.404,0.017,85.556
2026-09-02T07:27:28.859453+07:00,c11_sim,678,9.776,20.916,0.708,29.339,0.016,60.755
2026-09-02T07:27:29.057631+07:00,c11_sim,679,8.755,21.455,0.545,29.284,0.022,60.061
2026-09-02T07:27:29.303851+07:00,c11_sim,680,11.753,27.452,0.611,75.653,0.046,115.515
2026-09-02T07:27:29.471240+07:00,c11_sim,681,10.418,22.000,0.641,49.914,0.026,83.000
2026-09-02T07:27:29.674890+07:00,c11_sim,682,10.448,18.156,0.612,39.855,0.022,69.093
2026-09-02T07:27:29.824556+07:00,c11_sim,683,8.372,29.412,0.000,0.000,0.009,37.793
2026-09-02T07:27:30.079896+07:00,c11_sim,684,10.470,30.438,0.617,55.112,0.029,96.667
2026-09-02T07:27:30.282059+07:00,c11_sim,685,9.258,29.404,0.645,47.072,0.023,86.401
2026-09-02T07:27:30.449604+07:00,c11_sim,686,11.161,21.527,0.696,29.003,0.030,62.417
2026-09-02T07:27:30.700550+07:00,c11_sim,687,7.742,28.158,0.647,80.596,0.034,117.177
2026-09-02T07:27:30.868201+07:00,c11_sim,688,7.873,19.038,0.569,48.942,0.038,76.460
2026-09-02T07:27:31.079858+07:00,c11_sim,689,9.441,25.011,0.761,41.252,0.026,76.492
2026-09-02T07:27:31.253834+07:00,c11_sim,690,8.129,16.900,0.655,36.581,0.022,62.287
2026-09-02T07:27:31.503852+07:00,c11_sim,691,7.873,28.143,0.548,79.099,0.047,115.711
2026-09-02T07:27:31.614980+07:00,c11_sim,692,7.254,20.163,0.000,0.000,0.009,27.425
2026-09-02T07:27:31.880462+07:00,c11_sim,693,10.731,27.949,0.590,52.302,0.030,91.602
2026-09-02T07:27:32.098826+07:00,c11_sim,694,10.338,32.731,0.903,48.234,0.030,92.236
2026-09-02T07:27:32.225524+07:00,c11_sim,695,11.005,31.181,0.000,0.000,0.015,42.202
2026-09-02T07:27:32.425022+07:00,c11_sim,696,8.964,31.182,0.000,0.000,0.013,40.159
2026-09-02T07:27:32.625489+07:00,c11_sim,697,9.563,30.713,0.000,0.000,0.013,40.289
2026-09-02T07:27:32.824874+07:00,c11_sim,698,7.940,31.392,0.000,0.000,0.013,39.345
2026-09-02T07:27:33.066195+07:00,c11_sim,699,9.725,27.542,0.591,46.465,0.021,84.344
2026-09-02T07:27:33.227018+07:00,c11_sim,700,8.065,17.552,0.000,0.000,0.012,25.629
2026-09-02T07:27:33.426755+07:00,c11_sim,701,8.140,31.957,0.000,0.000,0.014,40.111
2026-09-02T07:27:33.638301+07:00,c11_sim,702,7.631,31.865,0.000,0.000,0.016,39.511
2026-09-02T07:27:33.836516+07:00,c11_sim,703,8.213,32.603,0.000,0.000,0.013,40.829
2026-09-02T07:27:34.034820+07:00,c11_sim,704,7.192,29.422,0.000,0.000,0.023,36.637
2026-09-02T07:27:34.222312+07:00,c11_sim,705,10.245,30.662,0.000,0.000,0.014,40.922
2026-09-02T07:27:34.452565+07:00,c11_sim,706,10.393,37.489,0.000,0.000,0.022,47.904
2026-09-02T07:27:34.626151+07:00,c11_sim,707,9.433,30.223,0.000,0.000,0.014,39.669
2026-09-02T07:27:34.831542+07:00,c11_sim,708,6.368,32.512,0.000,0.000,0.015,38.894
2026-09-02T07:27:35.037410+07:00,c11_sim,709,9.513,31.074,0.000,0.000,0.020,40.607
2026-09-02T07:27:35.225132+07:00,c11_sim,710,9.347,29.257,0.000,0.000,0.011,38.615
2026-09-02T07:27:35.424990+07:00,c11_sim,711,11.269,30.537,0.000,0.000,0.020,41.826
2026-09-02T07:27:35.638767+07:00,c11_sim,712,10.099,30.495,0.000,0.000,0.010,40.603
2026-09-02T07:27:35.837487+07:00,c11_sim,713,8.199,33.687,0.000,0.000,0.014,41.900
2026-09-02T07:27:36.035726+07:00,c11_sim,714,9.866,31.621,0.000,0.000,0.537,42.024
2026-09-02T07:27:36.231514+07:00,c11_sim,715,9.513,30.794,0.000,0.000,0.020,40.327
2026-09-02T07:27:36.419074+07:00,c11_sim,716,6.009,16.195,0.000,0.000,0.006,22.211
2026-09-02T07:27:36.635654+07:00,c11_sim,717,5.770,28.367,0.000,0.000,0.008,34.144
2026-09-02T07:27:36.835736+07:00,c11_sim,718,10.468,32.744,0.000,0.000,0.007,43.219
2026-09-02T07:27:37.045221+07:00,c9_sim,344,6.751,39.242,0.000,0.000,0.019,46.012
2026-09-02T07:27:37.229232+07:00,c9_sim,345,7.104,28.695,0.000,0.000,0.014,35.814
2026-09-02T07:27:37.453137+07:00,c9_sim,346,8.608,31.555,0.000,0.000,0.022,40.186
2026-09-02T07:27:37.622307+07:00,c9_sim,347,7.065,30.546,0.000,0.000,0.016,37.628
2026-09-02T07:27:37.843998+07:00,c9_sim,348,8.834,32.739,0.000,0.000,0.021,41.594
2026-09-02T07:27:38.022250+07:00,c9_sim,349,8.225,20.786,0.000,0.000,0.016,29.027
2026-09-02T07:27:38.234525+07:00,c9_sim,350,7.406,20.155,0.000,0.000,0.015,27.576
2026-09-02T07:27:38.433978+07:00,c9_sim,351,8.068,31.292,0.000,0.000,0.021,39.381
2026-09-02T07:27:38.626940+07:00,c9_sim,352,6.737,30.143,0.000,0.000,0.018,36.899
2026-09-02T07:27:38.847203+07:00,c9_sim,353,7.348,35.295,0.000,0.000,0.014,42.656
2026-09-02T07:27:39.041063+07:00,c9_sim,354,8.959,31.938,0.000,0.000,0.009,40.906
2026-09-02T07:27:39.228633+07:00,c9_sim,355,7.088,17.695,0.000,0.000,0.369,25.152
2026-09-02T07:27:39.420903+07:00,c9_sim,356,5.933,22.255,0.000,0.000,0.047,28.235
2026-09-02T07:27:39.632954+07:00,c9_sim,357,6.617,27.997,0.000,0.000,0.009,34.624
2026-09-02T07:27:39.835883+07:00,c9_sim,358,8.704,32.172,0.000,0.000,0.006,40.881
2026-09-02T07:27:40.035055+07:00,c9_sim,359,8.254,31.104,0.000,0.000,0.006,39.364
2026-09-02T07:27:40.227298+07:00,c9_sim,360,7.839,30.675,0.000,0.000,0.007,38.521
2026-09-02T07:27:40.438959+07:00,c9_sim,361,6.677,30.229,0.000,0.000,0.005,36.910
2026-09-02T07:27:40.640210+07:00,c9_sim,362,8.268,34.872,0.000,0.000,0.005,43.145
2026-09-02T07:27:40.837109+07:00,c9_sim,363,6.353,32.381,0.000,0.000,0.008,38.742
2026-09-02T07:27:41.032873+07:00,c9_sim,364,8.918,30.542,0.000,0.000,0.006,39.465
2026-09-02T07:27:41.233371+07:00,c9_sim,365,8.612,33.198,0.000,0.000,0.008,41.818
2026-09-02T07:27:41.431683+07:00,c9_sim,366,6.332,30.441,0.000,0.000,0.007,36.780
2026-09-02T07:27:41.639745+07:00,c9_sim,367,8.045,34.951,0.000,0.000,0.007,43.002
2026-09-02T07:27:41.851252+07:00,c9_sim,368,7.992,36.440,0.734,0.000,0.007,45.173
2026-09-02T07:27:42.042180+07:00,c9_sim,369,8.171,23.020,0.000,0.000,0.007,31.198
2026-09-02T07:27:42.224126+07:00,c9_sim,370,6.573,19.625,0.000,0.000,0.007,26.205
2026-09-02T07:27:42.453152+07:00,c9_sim,371,9.159,33.594,0.000,0.000,0.012,42.764
2026-09-02T07:27:42.632858+07:00,c9_sim,372,7.450,34.826,0.000,0.000,0.006,42.283
2026-09-02T07:27:42.830318+07:00,c9_sim,373,9.420,30.715,0.000,0.000,0.007,40.142
2026-09-02T07:27:43.032127+07:00,c9_sim,374,8.405,30.498,0.000,0.000,0.006,38.909
2026-09-02T07:27:43.246983+07:00,c9_sim,375,7.939,31.341,0.000,0.000,0.006,39.285
2026-09-02T07:27:43.497423+07:00,c9_sim,376,7.694,31.941,1.033,53.866,0.167,94.700
2026-09-02T07:27:43.640333+07:00,c9_sim,377,6.157,15.562,0.653,28.131,0.044,50.547
2026-09-02T07:27:43.821061+07:00,c9_sim,378,7.854,20.804,0.000,0.000,0.014,28.672
2026-09-02T07:27:44.044975+07:00,c9_sim,379,6.568,33.398,0.000,0.000,0.009,39.975
2026-09-02T07:27:44.298597+07:00,c9_sim,380,7.234,35.453,0.707,52.171,0.019,95.585
2026-09-02T07:27:44.498710+07:00,c9_sim,381,7.946,32.544,0.916,48.017,0.061,89.484
2026-09-02T07:27:44.663743+07:00,c9_sim,382,7.589,21.305,0.636,30.057,0.015,59.603
2026-09-02T07:27:44.852223+07:00,c9_sim,383,9.075,19.294,0.762,29.620,0.010,58.760
2026-09-02T07:27:45.043740+07:00,c9_sim,384,5.342,14.792,0.540,31.844,0.013,52.531
2026-09-02T07:27:45.268415+07:00,c9_sim,385,7.017,17.642,0.646,35.289,0.015,60.609
2026-09-02T07:27:45.497018+07:00,c9_sim,386,7.801,32.252,0.551,56.236,0.021,96.861
2026-09-02T07:27:45.670520+07:00,c9_sim,387,8.543,21.679,0.569,30.473,0.013,61.276
2026-09-02T07:27:45.866084+07:00,c9_sim,388,7.993,16.518,0.490,30.086,0.012,55.099
2026-09-02T07:27:46.068232+07:00,c9_sim,389,5.381,20.821,0.644,37.566,0.020,64.432
2026-09-02T07:27:46.261196+07:00,c9_sim,390,9.588,20.003,0.544,39.262,0.016,69.413
2026-09-02T07:27:46.475253+07:00,c9_sim,391,7.630,25.206,0.655,40.156,0.015,73.662
2026-09-02T07:27:46.659767+07:00,c9_sim,392,8.554,21.714,0.692,38.747,0.014,69.722
2026-09-02T07:27:46.881112+07:00,c9_sim,393,7.972,30.789,0.643,51.144,0.057,90.606
2026-09-02T07:27:47.098599+07:00,c9_sim,394,9.314,32.770,0.978,47.496,0.023,90.581
2026-09-02T07:27:47.263545+07:00,c9_sim,395,7.993,18.706,0.553,28.144,0.015,55.411
2026-09-02T07:27:47.513078+07:00,c9_sim,396,8.017,32.822,0.806,58.422,0.035,100.101
2026-09-02T07:27:47.663868+07:00,c9_sim,397,7.120,19.950,0.534,29.618,0.018,57.240
2026-09-02T07:27:47.898506+07:00,c9_sim,398,8.013,30.922,0.714,61.464,0.084,101.197
2026-09-02T07:27:48.098055+07:00,c9_sim,399,9.335,32.978,0.888,49.377,0.023,92.601
2026-09-02T07:27:48.247666+07:00,c9_sim,400,7.961,19.821,0.586,29.852,0.015,58.234
2026-09-02T07:27:48.472612+07:00,c9_sim,401,8.837,22.959,0.792,30.879,0.094,63.560
2026-09-02T07:27:48.667682+07:00,c9_sim,402,8.821,23.604,0.597,31.206,0.020,64.248
2026-09-02T07:27:48.883866+07:00,c9_sim,403,7.051,29.829,0.512,39.964,0.030,77.387
2026-09-02T07:27:49.095871+07:00,c9_sim,404,8.337,35.745,0.715,56.136,0.026,100.960
2026-09-02T07:27:49.264441+07:00,c9_sim,405,8.063,21.494,0.621,29.566,0.017,59.762
2026-09-02T07:27:49.465709+07:00,c9_sim,406,8.609,20.628,0.633,29.639,0.018,59.526
2026-09-02T07:27:49.698717+07:00,c9_sim,407,7.505,31.055,0.613,51.170,0.019,90.362
2026-09-02T07:27:49.866359+07:00,c9_sim,408,7.463,19.385,0.579,28.351,0.017,55.796
2026-09-02T07:27:50.096349+07:00,c9_sim,409,8.973,31.077,0.497,57.133,0.025,97.706
2026-09-02T07:27:50.280910+07:00,c9_sim,410,9.553,29.483,0.573,53.772,0.018,93.399
2026-09-02T07:27:50.446803+07:00,c9_sim,411,5.485,14.312,0.468,27.941,0.022,48.227
2026-09-02T07:27:50.637612+07:00,c9_sim,412,5.499,20.793,0.000,0.000,0.011,26.303
2026-09-02T07:27:50.824796+07:00,c9_sim,413,5.887,18.283,0.000,0.000,0.011,24.181
2026-09-02T07:27:51.038442+07:00,c8_sim,189,8.296,24.619,0.000,0.000,0.007,32.923
2026-09-02T07:27:51.259353+07:00,c8_sim,190,10.062,30.004,0.000,0.000,0.007,40.073
2026-09-02T07:27:51.453262+07:00,c8_sim,191,6.921,29.555,0.000,0.000,0.007,36.484
2026-09-02T07:27:51.648920+07:00,c8_sim,192,10.518,35.391,0.000,0.000,0.007,45.916
2026-09-02T07:27:51.846281+07:00,c8_sim,193,9.108,33.336,0.000,0.000,0.022,42.467
2026-09-02T07:27:52.053565+07:00,c8_sim,194,10.501,34.199,0.000,0.000,0.009,44.710
2026-09-02T07:27:52.249856+07:00,c8_sim,195,9.441,29.589,0.000,0.000,0.009,39.039
2026-09-02T07:27:52.438585+07:00,c8_sim,196,9.928,29.946,0.000,0.000,0.007,39.881
2026-09-02T07:27:52.643533+07:00,c8_sim,197,9.770,30.496,0.000,0.000,0.007,40.272
2026-09-02T07:27:52.841844+07:00,c8_sim,198,6.520,29.112,0.000,0.000,0.006,35.638
2026-09-02T07:27:53.049953+07:00,c8_sim,199,8.217,32.300,0.000,0.000,0.009,40.525
2026-09-02T07:27:53.249158+07:00,c8_sim,200,9.550,34.977,0.000,0.000,0.009,44.536
2026-09-02T07:27:53.457172+07:00,c8_sim,201,9.343,34.377,0.000,0.000,0.011,43.731
2026-09-02T07:27:53.662356+07:00,c8_sim,202,9.324,31.155,0.742,0.000,0.007,41.228
2026-09-02T07:27:53.839866+07:00,c8_sim,203,8.987,30.391,0.750,0.009,0.216,40.352
2026-09-02T07:27:54.043248+07:00,c8_sim,204,11.371,30.520,0.530,0.004,0.158,42.583
2026-09-02T07:27:54.236853+07:00,c8_sim,205,9.376,29.265,0.495,0.004,0.012,39.152
2026-09-02T07:27:54.437279+07:00,c8_sim,206,9.762,30.802,0.586,0.005,0.014,41.169
2026-09-02T07:27:54.636993+07:00,c8_sim,207,8.414,29.107,0.506,0.004,0.013,38.044
2026-09-02T07:27:54.868735+07:00,c8_sim,208,7.177,38.612,0.614,0.004,0.015,46.422
2026-09-02T07:27:55.048253+07:00,c8_sim,209,10.196,30.258,0.619,0.004,0.015,41.092
2026-09-02T07:27:55.249604+07:00,c8_sim,210,10.494,30.740,0.525,0.004,0.013,41.775
2026-09-02T07:27:55.448995+07:00,c8_sim,211,8.448,27.814,0.593,0.005,0.015,36.875
2026-09-02T07:27:55.654893+07:00,c8_sim,212,10.033,29.794,0.581,0.004,0.014,40.426
2026-09-02T07:27:55.914242+07:00,c8_sim,213,10.020,31.264,0.858,52.923,0.018,95.083
2026-09-02T07:27:56.046052+07:00,c8_sim,214,12.465,34.181,0.000,0.000,0.010,46.656
2026-09-02T07:27:56.297557+07:00,c8_sim,215,6.995,32.562,0.589,50.392,0.013,90.552
2026-09-02T07:27:56.451767+07:00,c8_sim,216,8.629,30.915,0.558,0.004,0.015,40.122
2026-09-02T07:27:56.640990+07:00,c8_sim,217,7.775,30.718,0.000,0.000,0.010,38.504
2026-09-02T07:27:56.897968+07:00,c8_sim,218,7.449,33.623,0.643,49.127,0.021,90.863
2026-09-02T07:27:57.098251+07:00,c8_sim,219,10.370,30.812,0.529,47.723,0.017,89.452
2026-09-02T07:27:57.297686+07:00,c8_sim,220,10.122,28.005,0.669,49.775,0.013,88.583
2026-09-02T07:27:57.512010+07:00,c8_sim,221,8.255,30.830,0.533,56.546,0.017,96.181
2026-09-02T07:27:57.657878+07:00,c8_sim,222,8.451,18.263,0.550,28.347,0.013,55.624
2026-09-02T07:27:57.895490+07:00,c8_sim,223,11.241,30.316,0.579,57.277,0.023,99.435
2026-09-02T07:27:58.119866+07:00,c8_sim,224,9.391,28.338,0.481,75.259,0.027,113.496
2026-09-02T07:27:58.280773+07:00,c8_sim,225,9.376,20.035,0.619,48.380,0.018,78.427
2026-09-02T07:27:58.512886+07:00,c8_sim,226,10.545,31.923,0.835,56.454,0.023,99.780
2026-09-02T07:27:58.649984+07:00,c8_sim,227,10.907,23.453,0.000,0.000,0.011,34.372
2026-09-02T07:27:58.921568+07:00,c8_sim,228,8.368,29.764,0.570,76.587,0.026,115.315
2026-09-02T07:27:59.042009+07:00,c8_sim,229,10.183,22.024,0.000,0.000,0.016,32.223
2026-09-02T07:27:59.253794+07:00,c8_sim,230,11.911,30.966,0.000,0.000,0.019,42.895
2026-09-02T07:27:59.444691+07:00,c8_sim,231,9.964,30.147,0.000,0.000,0.010,40.121
2026-09-02T07:27:59.644308+07:00,c8_sim,232,9.566,28.342,0.000,0.000,0.010,37.917
2026-09-02T07:27:59.841998+07:00,c8_sim,233,8.739,29.816,0.000,0.000,0.013,38.568
2026-09-02T07:28:00.036539+07:00,c8_sim,234,9.834,28.172,0.000,0.000,0.013,38.019
2026-09-02T07:28:00.260851+07:00,c8_sim,235,9.925,29.866,0.000,0.000,0.019,39.810
2026-09-02T07:28:00.430799+07:00,c8_sim,236,11.114,22.473,0.000,0.000,0.008,33.595
2026-09-02T07:28:00.644509+07:00,c8_sim,237,10.813,29.530,0.000,0.000,0.014,40.356
2026-09-02T07:28:00.845344+07:00,c8_sim,238,11.027,30.455,0.000,0.000,0.021,41.503
2026-09-02T07:28:01.040945+07:00,c8_sim,239,10.831,30.411,0.000,0.000,0.013,41.255
2026-09-02T07:28:01.245988+07:00,c8_sim,240,10.325,30.205,0.000,0.000,0.012,40.541
2026-09-02T07:28:01.435523+07:00,c8_sim,241,10.519,27.968,0.000,0.000,0.012,38.499
2026-09-02T07:28:01.651131+07:00,c8_sim,242,10.704,27.970,0.000,0.000,0.015,38.689
2026-09-02T07:28:01.855666+07:00,c8_sim,243,8.668,30.609,0.000,0.000,0.459,39.736
2026-09-02T07:28:02.054303+07:00,c8_sim,244,8.700,29.601,0.000,0.000,0.013,38.314
2026-09-02T07:28:02.255021+07:00,c8_sim,245,6.596,26.956,0.000,0.000,0.006,33.558
2026-09-02T07:28:02.454189+07:00,c8_sim,246,9.213,31.533,0.000,0.000,0.013,40.759
2026-09-02T07:28:02.643907+07:00,c10_sim,177,8.215,29.668,0.000,0.000,0.015,37.898
2026-09-02T07:28:02.864613+07:00,c10_sim,178,10.127,31.864,0.000,0.000,0.011,42.002
2026-09-02T07:28:03.062603+07:00,c10_sim,179,9.889,30.001,0.000,0.000,0.009,39.899
2026-09-02T07:28:03.259822+07:00,c10_sim,180,10.407,30.317,0.000,0.000,0.006,40.730
2026-09-02T07:28:03.453506+07:00,c10_sim,181,10.142,30.316,0.000,0.000,0.007,40.465
2026-09-02T07:28:03.641147+07:00,c10_sim,182,9.556,29.512,0.000,0.000,0.013,39.082
2026-09-02T07:28:03.860275+07:00,c10_sim,183,10.613,29.442,0.000,0.000,0.010,40.066
2026-09-02T07:28:04.063473+07:00,c10_sim,184,10.050,29.791,0.000,0.000,0.007,39.848
2026-09-02T07:28:04.254195+07:00,c10_sim,185,8.562,27.968,0.606,0.000,0.010,37.145
2026-09-02T07:28:04.442954+07:00,c10_sim,186,9.414,27.559,0.565,0.000,0.007,37.544
2026-09-02T07:28:04.665464+07:00,c10_sim,187,10.406,31.838,0.615,0.005,0.166,43.031
2026-09-02T07:28:04.850202+07:00,c10_sim,188,9.804,27.251,0.409,0.003,0.174,37.641
2026-09-02T07:28:05.059590+07:00,c10_sim,189,9.230,31.697,0.766,0.006,0.198,41.897
2026-09-02T07:28:05.243760+07:00,c10_sim,190,9.052,28.915,0.411,0.003,0.011,38.392
2026-09-02T07:28:05.455819+07:00,c10_sim,191,8.169,30.595,0.852,0.006,0.513,40.135
2026-09-02T07:28:05.654413+07:00,c10_sim,192,11.277,30.571,0.754,0.005,0.035,42.642
2026-09-02T07:28:05.849533+07:00,c10_sim,193,9.201,29.627,0.426,0.003,0.010,39.268
2026-09-02T07:28:06.047587+07:00,c10_sim,194,9.642,33.133,0.572,0.004,0.012,43.363
2026-09-02T07:28:06.244645+07:00,c10_sim,195,10.242,27.555,0.504,0.003,0.013,38.318
2026-09-02T07:28:06.468458+07:00,c10_sim,196,11.170,32.133,0.869,0.007,0.022,44.201
2026-09-02T07:28:06.696607+07:00,c10_sim,197,8.634,29.086,0.615,53.839,0.019,92.192
2026-09-02T07:28:06.896630+07:00,c10_sim,198,9.236,29.282,0.572,53.977,0.022,93.089
2026-09-02T07:28:07.098275+07:00,c10_sim,199,10.242,29.040,0.461,47.819,0.021,87.582
2026-09-02T07:28:07.313236+07:00,c10_sim,200,11.659,27.873,0.616,52.339,0.016,92.503
2026-09-02T07:28:07.512671+07:00,c10_sim,201,10.332,30.327,0.523,55.672,0.023,96.877
2026-09-02T07:28:07.670176+07:00,c10_sim,202,8.468,15.138,0.630,27.302,0.015,51.553
2026-09-02T07:28:07.897418+07:00,c10_sim,203,9.219,30.270,0.624,51.190,0.021,91.324
2026-09-02T07:28:08.127585+07:00,c10_sim,204,9.161,43.946,0.559,61.013,0.022,114.702
2026-09-02T07:28:08.262814+07:00,c10_sim,205,5.479,14.642,0.585,27.922,0.015,48.643
2026-09-02T07:28:08.512502+07:00,c10_sim,206,8.850,28.702,0.597,55.083,0.015,93.246
2026-09-02T07:28:08.684736+07:00,c10_sim,207,9.078,19.697,0.566,28.312,0.014,57.668
2026-09-02T07:28:08.895592+07:00,c10_sim,208,8.907,27.310,0.620,56.421,0.022,93.280
2026-09-02T07:28:09.114637+07:00,c10_sim,209,9.945,31.528,0.561,49.384,0.020,91.439
2026-09-02T07:28:09.296719+07:00,c10_sim,210,10.079,29.292,0.519,52.336,0.021,92.247
2026-09-02T07:28:09.496825+07:00,c10_sim,211,9.128,30.731,0.874,53.392,0.023,94.147
2026-09-02T07:28:09.644212+07:00,c10_sim,212,8.875,31.186,0.000,0.000,0.014,40.075
2026-09-02T07:28:09.896910+07:00,c10_sim,213,10.033,31.283,0.917,52.878,0.022,95.133
2026-09-02T07:28:10.044683+07:00,c10_sim,214,11.249,30.005,0.000,0.000,0.016,41.270
2026-09-02T07:28:10.237516+07:00,c10_sim,215,9.316,28.529,0.000,0.000,0.015,37.860
2026-09-02T07:28:10.459493+07:00,c10_sim,216,9.104,30.745,0.000,0.000,0.019,39.868
2026-09-02T07:28:10.648889+07:00,c10_sim,217,8.678,29.118,0.000,0.000,0.009,37.805
2026-09-02T07:28:10.843024+07:00,c10_sim,218,10.199,29.492,0.000,0.000,0.012,39.703
2026-09-02T07:28:11.062647+07:00,c10_sim,219,9.205,32.099,0.000,0.000,0.019,41.324
2026-09-02T07:28:11.264011+07:00,c10_sim,220,11.218,30.477,0.000,0.000,0.008,41.703
2026-09-02T07:28:11.458861+07:00,c10_sim,221,8.636,27.670,0.000,0.000,0.009,36.315
2026-09-02T07:28:11.653746+07:00,c10_sim,222,10.935,29.878,0.000,0.000,0.007,40.821
2026-09-02T07:28:11.850734+07:00,c10_sim,223,9.189,30.153,0.000,0.000,0.011,39.354
2026-09-02T07:28:12.042914+07:00,c10_sim,224,9.301,30.067,0.000,0.000,0.005,39.373
2026-09-02T07:28:12.237951+07:00,c10_sim,225,9.183,28.313,0.000,0.000,0.015,37.510
2026-09-02T07:28:12.460870+07:00,c10_sim,226,8.777,29.939,0.000,0.000,0.008,38.724
2026-09-02T07:28:12.664939+07:00,c11_sim,719,7.708,29.177,0.582,0.000,0.012,37.479
2026-09-02T07:28:12.914861+07:00,c11_sim,720,11.180,27.879,0.622,49.337,0.110,89.129
2026-09-02T07:28:13.114968+07:00,c11_sim,721,10.598,31.542,0.880,48.989,0.023,92.032
2026-09-02T07:28:13.314629+07:00,c11_sim,722,10.752,31.217,0.924,51.216,0.020,94.130
2026-09-02T07:28:13.513849+07:00,c11_sim,723,9.658,28.530,0.564,52.019,0.019,90.788
2026-09-02T07:28:13.714217+07:00,c11_sim,724,9.478,30.444,0.562,50.621,0.105,91.211
2026-09-02T07:28:13.913975+07:00,c11_sim,725,9.540,30.413,0.808,51.932,0.021,92.715
2026-09-02T07:28:14.114683+07:00,c11_sim,726,9.570,28.037,0.533,48.578,0.018,86.737
2026-09-02T07:28:14.260847+07:00,c11_sim,727,10.494,30.293,0.000,0.000,0.015,40.802
2026-09-02T07:28:14.512651+07:00,c11_sim,728,10.209,29.203,0.591,55.139,0.022,95.165
2026-09-02T07:28:14.712564+07:00,c11_sim,729,9.490,29.137,0.532,55.563,0.117,94.840
2026-09-02T07:28:14.898830+07:00,c11_sim,730,9.158,20.048,0.734,42.929,0.126,72.996
2026-09-02T07:28:15.130467+07:00,c11_sim,731,9.912,32.861,0.945,52.383,0.021,96.122
2026-09-02T07:28:15.312473+07:00,c11_sim,732,10.060,27.782,0.522,55.431,0.016,93.811
2026-09-02T07:28:15.513748+07:00,c11_sim,733,7.709,29.752,0.512,52.005,0.021,89.999
2026-09-02T07:28:15.712417+07:00,c11_sim,734,10.152,27.861,0.591,55.267,0.021,93.892
2026-09-02T07:28:15.913036+07:00,c11_sim,735,9.792,31.074,0.659,54.069,0.022,95.616
2026-09-02T07:28:16.121539+07:00,c11_sim,736,9.025,25.803,0.531,61.338,0.024,96.722
2026-09-02T07:28:16.315669+07:00,c11_sim,737,9.835,30.370,0.554,55.844,0.036,96.640
2026-09-02T07:28:16.513872+07:00,c11_sim,738,9.424,30.843,0.855,52.172,0.034,93.329
2026-09-02T07:28:16.713091+07:00,c11_sim,739,9.787,27.842,0.551,53.948,0.027,92.155
2026-09-02T07:28:16.914765+07:00,c11_sim,740,9.505,31.569,0.902,48.437,0.033,90.446
2026-09-02T07:28:17.114857+07:00,c11_sim,741,9.791,31.001,0.867,48.748,0.032,90.439
2026-09-02T07:28:17.313133+07:00,c11_sim,742,8.307,29.201,0.569,52.321,0.026,90.424
2026-09-02T07:28:17.514096+07:00,c11_sim,743,10.229,30.690,0.539,50.316,0.023,91.798
2026-09-02T07:28:17.714771+07:00,c11_sim,744,10.845,28.125,0.551,47.222,0.024,86.768
2026-09-02T07:28:17.928130+07:00,c11_sim,745,8.543,31.114,0.818,59.910,0.035,100.419
2026-09-02T07:28:18.129249+07:00,c11_sim,746,9.906,30.545,0.873,55.588,0.032,96.945
2026-09-02T07:28:18.332488+07:00,c11_sim,747,9.376,30.555,0.571,79.347,0.050,119.900
2026-09-02T07:28:18.513153+07:00,c11_sim,748,9.419,31.357,0.493,53.101,0.021,94.391
2026-09-02T07:28:18.714020+07:00,c11_sim,749,6.344,27.585,0.576,49.535,0.021,84.061
2026-09-02T07:28:18.928768+07:00,c11_sim,750,9.531,32.737,0.758,58.019,0.035,101.080
2026-09-02T07:28:19.073968+07:00,c11_sim,751,7.531,20.320,0.504,28.953,0.032,57.339
2026-09-02T07:28:19.328990+07:00,c11_sim,752,10.340,27.532,0.541,55.942,0.023,94.378
2026-09-02T07:28:19.457663+07:00,c11_sim,753,10.800,30.301,0.000,0.000,0.019,41.120
2026-09-02T07:28:19.729356+07:00,c11_sim,754,8.766,29.951,0.686,55.474,0.033,94.910
2026-09-02T07:28:19.932742+07:00,c11_sim,755,9.522,30.095,0.582,79.425,0.060,119.685
2026-09-02T07:28:20.050274+07:00,c11_sim,756,9.572,27.811,0.000,0.000,0.014,37.398
2026-09-02T07:28:20.329067+07:00,c11_sim,757,9.567,32.058,0.564,55.872,0.034,98.094
2026-09-02T07:28:20.512407+07:00,c11_sim,758,9.642,30.351,0.707,56.507,0.036,97.243
2026-09-02T07:28:20.660429+07:00,c11_sim,759,10.409,29.770,0.000,0.000,0.012,40.191
2026-09-02T07:28:20.912941+07:00,c11_sim,760,10.576,31.224,0.903,55.297,0.033,98.033
2026-09-02T07:28:21.114560+07:00,c11_sim,761,10.410,30.979,0.943,49.257,0.032,91.621
2026-09-02T07:28:21.328525+07:00,c11_sim,762,9.253,32.376,0.947,58.099,0.035,100.710
2026-09-02T07:28:21.451777+07:00,c11_sim,763,7.334,28.412,0.000,0.000,0.023,35.770
2026-09-02T07:28:21.653438+07:00,c11_sim,764,9.991,30.454,0.000,0.000,0.017,40.462
2026-09-02T07:28:21.874479+07:00,c11_sim,765,10.165,32.911,0.000,0.000,0.020,43.096
2026-09-02T07:28:22.069823+07:00,c11_sim,766,10.459,30.444,0.000,0.000,0.010,40.913
2026-09-02T07:28:22.315231+07:00,c11_sim,767,9.852,30.888,0.698,46.454,0.031,87.923
2026-09-02T07:28:22.460536+07:00,c11_sim,768,9.858,30.156,0.000,0.000,0.024,40.037
2026-09-02T07:28:22.654098+07:00,c11_sim,769,8.484,27.834,0.000,0.000,0.011,36.329
2026-09-02T07:28:22.852004+07:00,c11_sim,770,10.303,29.538,0.000,0.000,0.013,39.854
2026-09-02T07:28:23.053968+07:00,c11_sim,771,9.622,27.719,0.000,0.000,0.013,37.354
2026-09-02T07:28:23.314958+07:00,c11_sim,772,10.065,27.368,0.571,46.444,0.020,84.468
2026-09-02T07:28:23.514828+07:00,c11_sim,773,10.268,30.674,0.799,48.241,0.021,90.003
2026-09-02T07:28:23.661360+07:00,c11_sim,774,9.461,28.200,0.000,0.000,0.014,37.675
2026-09-02T07:28:23.864524+07:00,c11_sim,775,11.126,30.745,0.000,0.000,0.011,41.883
2026-09-02T07:28:24.061963+07:00,c11_sim,776,9.537,31.061,0.000,0.000,0.020,40.618
2026-09-02T07:28:24.252246+07:00,c11_sim,777,10.635,30.594,0.000,0.000,0.012,41.241
2026-09-02T07:28:24.445247+07:00,c11_sim,778,10.046,27.604,0.000,0.000,0.011,37.662
2026-09-02T07:28:24.667246+07:00,c11_sim,779,11.249,30.353,0.000,0.000,0.007,41.609
2026-09-02T07:28:24.868343+07:00,c11_sim,780,11.538,29.840,0.000,0.000,0.011,41.388
2026-09-02T07:28:25.065615+07:00,c11_sim,781,6.895,30.286,0.000,0.000,0.009,37.190
2026-09-02T07:28:25.119601+07:00,c11_sim,782,6.184,28.801,0.000,0.000,0.009,34.993
2026-09-02T07:28:25.146928+07:00,c11_sim,783,7.293,27.173,0.000,0.000,0.011,34.477
2026-09-02T07:28:25.198872+07:00,c11_sim,784,6.335,26.722,0.000,0.000,0.008,33.065
2026-09-02T07:28:25.225087+07:00,c11_sim,785,6.994,26.093,0.000,0.000,0.006,33.093
2026-09-02T07:28:25.273524+07:00,c11_sim,786,5.938,26.956,0.542,0.000,0.010,33.447
2026-09-02T07:28:25.400953+07:00,c11_sim,787,5.993,26.693,0.457,74.175,0.057,107.376
2026-09-02T07:28:25.418412+07:00,c11_sim,788,6.205,15.102,0.366,0.000,0.206,21.879
2026-09-02T07:28:25.432943+07:00,c11_sim,789,5.721,14.416,0.000,0.000,0.014,20.150
2026-09-02T07:28:25.446152+07:00,c11_sim,790,6.665,13.121,0.000,0.000,0.007,19.793
2026-09-02T07:28:25.458218+07:00,c11_sim,791,5.922,11.978,0.000,0.000,0.006,17.905
2026-09-02T07:28:25.558113+07:00,c11_sim,792,5.783,13.622,0.523,41.792,0.046,61.767
2026-09-02T07:28:25.569222+07:00,c11_sim,793,5.681,11.002,0.000,0.000,0.008,16.692
2026-09-02T07:28:25.620578+07:00,c11_sim,794,5.813,11.128,0.397,39.098,0.051,56.487
2026-09-02T07:28:25.681946+07:00,c11_sim,795,5.862,13.025,0.389,47.149,0.018,66.442
2026-09-02T07:28:25.696783+07:00,c11_sim,796,5.781,14.623,0.000,0.000,0.010,20.413
2026-09-02T07:28:25.710632+07:00,c11_sim,797,6.011,13.730,0.000,0.000,0.007,19.748
2026-09-02T07:28:25.748716+07:00,c11_sim,798,5.831,12.939,0.000,0.000,0.005,18.775
2026-09-02T07:28:25.807908+07:00,c11_sim,799,6.085,12.784,0.000,0.000,0.007,18.876
2026-09-02T07:28:25.845687+07:00,c11_sim,800,6.045,12.620,0.000,0.000,0.006,18.671
2026-09-02T07:28:25.883409+07:00,c11_sim,801,5.969,12.597,0.000,0.000,0.006,18.572
2026-09-02T07:28:25.948051+07:00,c11_sim,802,5.958,11.616,0.429,26.729,0.174,44.905
2026-09-02T07:28:25.988089+07:00,c11_sim,803,5.623,9.543,0.384,29.472,0.014,45.037
2026-09-02T07:28:26.035383+07:00,c11_sim,804,5.750,11.079,0.378,35.054,0.012,52.272
2026-09-02T07:28:26.048440+07:00,c11_sim,805,6.553,12.942,0.000,0.000,0.007,19.502
2026-09-02T07:28:26.127762+07:00,c11_sim,806,6.571,12.835,0.405,40.228,0.011,60.050
2026-09-02T07:28:26.188832+07:00,c11_sim,807,5.713,12.721,0.437,47.078,0.015,65.963
2026-09-02T07:28:26.263836+07:00,c11_sim,808,6.155,14.152,0.393,59.765,0.019,80.485
2026-09-02T07:28:26.337825+07:00,c11_sim,809,5.998,15.830,0.518,56.666,0.048,79.060
2026-09-02T07:28:26.409084+07:00,c11_sim,810,6.550,16.539,0.567,53.231,0.013,76.900
2026-09-02T07:28:26.471957+07:00,c11_sim,811,6.735,14.659,0.392,46.756,0.014,68.556
2026-09-02T07:28:26.536498+07:00,c11_sim,812,6.665,16.519,0.478,46.511,0.046,70.218
2026-09-02T07:28:26.600152+07:00,c11_sim,813,6.772,13.817,0.404,48.545,0.013,69.551
2026-09-02T07:28:26.665402+07:00,c11_sim,814,6.235,14.648,0.440,49.196,0.016,70.535
2026-09-02T07:28:26.727942+07:00,c11_sim,815,5.964,14.951,0.470,46.120,0.012,67.517
2026-09-02T07:28:26.790865+07:00,c11_sim,816,6.827,12.119,0.389,49.703,0.027,69.065
2026-09-02T07:28:26.858938+07:00,c11_sim,817,5.848,14.965,0.391,51.898,0.018,73.119
2026-09-02T07:28:26.927959+07:00,c11_sim,818,5.778,14.574,0.402,53.167,0.058,73.980
2026-09-02T07:28:26.992305+07:00,c11_sim,819,6.489,13.932,0.364,49.287,0.052,70.124
2026-09-02T07:28:27.055818+07:00,c11_sim,820,5.995,12.927,0.365,49.337,0.051,68.675
2026-09-02T07:28:27.119904+07:00,c11_sim,821,5.673,14.075,0.410,48.386,0.052,68.596
2026-09-02T07:28:27.183177+07:00,c11_sim,822,6.065,14.648,0.460,47.073,0.057,68.303
2026-09-02T07:28:27.247072+07:00,c11_sim,823,5.752,14.245,0.394,48.241,0.030,68.662
2026-09-02T07:28:27.308950+07:00,c11_sim,824,5.691,14.458,0.477,45.895,0.021,66.541
2026-09-02T07:28:27.372526+07:00,c11_sim,825,6.238,14.415,0.422,47.411,0.021,68.507
2026-09-02T07:28:27.438644+07:00,c11_sim,826,6.172,15.046,0.393,49.617,0.019,71.248
2026-09-02T07:28:27.504588+07:00,c11_sim,827,6.320,15.153,0.406,49.158,0.020,71.058
2026-09-02T07:28:27.568513+07:00,c11_sim,828,5.677,15.023,0.388,47.607,0.022,68.717
2026-09-02T07:28:27.631520+07:00,c11_sim,829,5.951,12.940,0.329,49.024,0.023,68.268
2026-09-02T07:28:27.693334+07:00,c11_sim,830,6.566,13.896,0.363,46.776,0.020,67.621
2026-09-02T07:28:27.759258+07:00,c11_sim,831,5.933,12.935,0.388,51.845,0.017,71.118
2026-09-02T07:28:27.828421+07:00,c11_sim,832,5.796,14.489,0.331,53.568,0.026,74.211
2026-09-02T07:28:27.895838+07:00,c11_sim,833,6.740,14.750,0.374,51.452,0.018,73.334
2026-09-02T07:28:27.959573+07:00,c11_sim,834,5.881,14.623,0.368,47.755,0.018,68.645
2026-09-02T07:28:28.021713+07:00,c11_sim,835,5.924,14.626,0.332,46.236,0.016,67.134
2026-09-02T07:28:28.084969+07:00,c11_sim,836,6.487,12.365,0.416,49.779,0.017,69.064
2026-09-02T07:28:28.150909+07:00,c11_sim,837,5.894,13.914,0.333,50.846,0.027,71.014
2026-09-02T07:28:28.215893+07:00,c11_sim,838,5.774,13.156,0.349,50.712,0.018,70.008
2026-09-02T07:28:28.282933+07:00,c11_sim,839,7.686,14.175,0.380,51.719,0.022,73.981
2026-09-02T07:28:28.350742+07:00,c11_sim,840,5.895,14.463,0.417,52.180,0.019,72.973
2026-09-02T07:28:28.414070+07:00,c11_sim,841,5.735,13.350,0.380,48.789,0.017,68.271
2026-09-02T07:28:28.479195+07:00,c11_sim,842,6.930,13.676,0.388,50.097,0.018,71.109
2026-09-02T07:28:28.545655+07:00,c11_sim,843,5.716,14.018,0.356,51.417,0.018,71.526
2026-09-02T07:28:28.610855+07:00,c11_sim,844,5.801,13.591,0.348,50.389,0.020,70.149
2026-09-02T07:28:28.674606+07:00,c11_sim,845,6.423,14.328,0.395,48.033,0.026,69.204
2026-09-02T07:28:28.738643+07:00,c11_sim,846,5.678,14.689,0.422,48.014,0.020,68.823
2026-09-02T07:28:28.802798+07:00,c11_sim,847,5.793,13.672,0.369,49.176,0.023,69.033
2026-09-02T07:28:28.868774+07:00,c11_sim,848,6.052,15.759,0.380,49.131,0.015,71.337
2026-09-02T07:28:28.935271+07:00,c11_sim,849,5.727,13.967,0.399,51.246,0.018,71.359
2026-09-02T07:28:29.002189+07:00,c11_sim,850,7.512,14.546,0.387,51.083,0.016,73.544
2026-09-02T07:28:29.064652+07:00,c11_sim,851,5.941,14.718,0.346,46.551,0.014,67.571
2026-09-02T07:28:29.129070+07:00,c11_sim,852,6.062,12.488,0.352,50.887,0.019,69.807
2026-09-02T07:28:29.143193+07:00,c11_sim,853,6.129,13.989,0.000,0.000,0.008,20.125
2026-09-02T07:28:29.207975+07:00,c11_sim,854,5.827,12.856,0.367,50.824,0.017,69.890
2026-09-02T07:28:29.272739+07:00,c11_sim,855,5.674,13.488,0.327,50.118,0.021,69.627
2026-09-02T07:28:29.286422+07:00,c11_sim,856,7.397,13.494,0.000,0.000,0.008,20.899
2026-09-02T07:28:29.299686+07:00,c11_sim,857,5.779,13.166,0.000,0.000,0.005,18.951
2026-09-02T07:28:29.361926+07:00,c11_sim,858,6.085,12.321,0.379,48.808,0.019,67.613
2026-09-02T07:28:29.424723+07:00,c11_sim,859,6.290,12.781,0.324,49.022,0.016,68.434
2026-09-02T07:28:29.492479+07:00,c11_sim,860,5.738,13.893,0.324,52.792,0.017,72.764
2026-09-02T07:28:29.560074+07:00,c11_sim,861,6.535,15.652,0.456,50.485,0.020,73.147
2026-09-02T07:28:29.624482+07:00,c11_sim,862,5.801,14.195,0.378,48.945,0.018,69.337
2026-09-02T07:28:29.688890+07:00,c11_sim,863,5.684,14.601,0.413,48.457,0.023,69.178
2026-09-02T07:28:29.753534+07:00,c11_sim,864,6.718,13.760,0.321,49.852,0.017,70.668
2026-09-02T07:28:29.819822+07:00,c11_sim,865,5.997,15.023,0.320,50.008,0.029,71.376
2026-09-02T07:28:29.887205+07:00,c11_sim,866,5.834,14.456,0.328,51.867,0.017,72.501
2026-09-02T07:28:29.956227+07:00,c11_sim,867,6.431,15.477,0.322,52.351,0.028,74.609
2026-09-02T07:28:30.021828+07:00,c11_sim,868,5.966,15.305,0.408,48.880,0.020,70.578
2026-09-02T07:28:30.085328+07:00,c11_sim,869,5.904,14.427,0.327,47.776,0.017,68.450
2026-09-02T07:28:30.145540+07:00,c11_sim,870,6.403,14.558,0.331,44.483,0.019,65.794
2026-09-02T07:28:30.208181+07:00,c11_sim,871,5.831,12.534,0.316,49.004,0.020,67.704
2026-09-02T07:28:30.276527+07:00,c11_sim,872,6.518,14.769,0.344,52.365,0.021,74.017
2026-09-02T07:28:30.346299+07:00,c11_sim,873,5.663,14.422,0.327,54.274,0.019,74.705
2026-09-02T07:28:30.413911+07:00,c11_sim,874,5.695,14.734,0.362,51.810,0.016,72.617
2026-09-02T07:28:30.476797+07:00,c11_sim,875,6.427,13.356,0.291,48.477,0.016,68.567
2026-09-02T07:28:30.542311+07:00,c11_sim,876,5.931,14.036,0.366,50.196,0.019,70.547
2026-09-02T07:28:30.607169+07:00,c11_sim,877,5.766,14.720,0.318,48.856,0.015,69.674
2026-09-02T07:28:30.671096+07:00,c11_sim,878,6.715,12.852,0.313,49.985,0.029,69.894
2026-09-02T07:28:30.738519+07:00,c11_sim,879,5.647,14.981,0.403,51.178,0.021,72.229
2026-09-02T07:28:30.804503+07:00,c11_sim,880,5.734,13.921,0.313,51.042,0.023,71.034
2026-09-02T07:28:30.871066+07:00,c11_sim,881,5.644,15.205,0.359,50.114,0.023,71.345
2026-09-02T07:28:30.936465+07:00,c11_sim,882,5.625,15.623,0.318,48.456,0.019,70.040
2026-09-02T07:28:30.949922+07:00,c9_sim,414,3.982,13.314,0.000,0.000,0.007,17.303
2026-09-02T07:28:30.962140+07:00,c9_sim,415,4.000,12.104,0.000,0.000,0.007,16.112
2026-09-02T07:28:30.974248+07:00,c9_sim,416,4.677,12.015,0.000,0.000,0.005,16.697
2026-09-02T07:28:31.011688+07:00,c9_sim,417,4.505,12.304,0.000,0.000,0.007,16.815
2026-09-02T07:28:31.049331+07:00,c9_sim,418,4.407,12.512,0.000,0.000,0.006,16.926
2026-09-02T07:28:31.060596+07:00,c9_sim,419,4.665,11.181,0.000,0.000,0.005,15.850
2026-09-02T07:28:31.097902+07:00,c9_sim,420,4.584,12.178,0.000,0.000,0.006,16.768
2026-09-02T07:28:31.108715+07:00,c9_sim,421,4.553,10.647,0.000,0.000,0.005,15.205
2026-09-02T07:28:31.143438+07:00,c9_sim,422,4.385,10.605,0.000,0.000,0.007,14.998
2026-09-02T07:28:31.181405+07:00,c9_sim,423,4.483,11.258,0.410,0.000,0.005,16.155
2026-09-02T07:28:31.191215+07:00,c9_sim,424,4.331,9.722,0.000,0.000,0.005,14.058
2026-09-02T07:28:31.226217+07:00,c9_sim,425,4.451,9.888,0.000,0.000,0.005,14.344
2026-09-02T07:28:31.263466+07:00,c9_sim,426,4.306,11.104,0.000,0.000,0.233,15.644
2026-09-02T07:28:31.301365+07:00,c9_sim,427,4.503,10.012,0.438,26.760,0.040,41.753
2026-09-02T07:28:31.343207+07:00,c9_sim,428,4.316,9.696,0.376,31.146,0.031,45.564
2026-09-02T07:28:31.391031+07:00,c9_sim,429,4.334,10.731,0.361,35.862,0.044,51.332
2026-09-02T07:28:31.449468+07:00,c9_sim,430,4.398,12.753,0.399,44.458,0.013,62.020
2026-09-02T07:28:31.524332+07:00,c9_sim,431,4.375,14.514,0.398,58.988,0.016,78.291
2026-09-02T07:28:31.606160+07:00,c9_sim,432,5.076,18.605,0.512,61.680,0.014,85.888
2026-09-02T07:28:31.622988+07:00,c9_sim,433,4.975,16.690,0.000,0.000,0.008,21.673
2026-09-02T07:28:31.638375+07:00,c9_sim,434,5.548,15.255,0.000,0.000,0.009,20.813
2026-09-02T07:28:31.651792+07:00,c9_sim,435,5.276,13.286,0.000,0.000,0.007,18.569
2026-09-02T07:28:31.707472+07:00,c9_sim,436,5.011,12.525,0.437,42.010,0.023,60.006
2026-09-02T07:28:31.767535+07:00,c9_sim,437,5.477,14.134,0.435,44.680,0.015,64.741
2026-09-02T07:28:31.828240+07:00,c9_sim,438,5.137,13.975,0.429,45.558,0.016,65.115
2026-09-02T07:28:31.894351+07:00,c9_sim,439,4.995,14.306,0.445,50.377,0.015,70.139
2026-09-02T07:28:31.966055+07:00,c9_sim,440,5.400,15.993,0.443,54.261,0.042,76.139
2026-09-02T07:28:32.034370+07:00,c9_sim,441,5.069,15.690,0.411,51.235,0.040,72.445
2026-09-02T07:28:32.100181+07:00,c9_sim,442,5.050,15.086,0.378,49.481,0.011,70.006
2026-09-02T07:28:32.163834+07:00,c9_sim,443,5.045,13.126,0.362,49.443,0.014,67.990
2026-09-02T07:28:32.228147+07:00,c9_sim,444,5.109,13.962,0.380,48.988,0.019,68.459
2026-09-02T07:28:32.299429+07:00,c9_sim,445,5.023,15.314,0.563,54.440,0.048,75.389
2026-09-02T07:28:32.375273+07:00,c9_sim,446,5.568,16.056,0.512,58.425,0.062,80.623
2026-09-02T07:28:32.448827+07:00,c9_sim,447,5.263,16.519,0.487,55.478,0.018,77.765
2026-09-02T07:28:32.514966+07:00,c9_sim,448,5.208,15.190,0.422,49.355,0.016,70.192
2026-09-02T07:28:32.578759+07:00,c9_sim,449,5.171,14.073,0.391,48.604,0.019,68.258
2026-09-02T07:28:32.644091+07:00,c9_sim,450,5.416,14.063,0.363,49.935,0.026,69.802
2026-09-02T07:28:32.708306+07:00,c9_sim,451,5.263,13.194,0.413,49.792,0.023,68.684
2026-09-02T07:28:32.775928+07:00,c9_sim,452,5.210,13.535,0.375,53.000,0.020,72.140
2026-09-02T07:28:32.844167+07:00,c9_sim,453,4.966,13.689,0.339,53.488,0.054,72.536
2026-09-02T07:28:32.911908+07:00,c9_sim,454,4.484,13.768,0.412,52.865,0.048,71.578
2026-09-02T07:28:32.980756+07:00,c9_sim,455,4.912,13.986,0.415,53.785,0.019,73.116
2026-09-02T07:28:33.045945+07:00,c9_sim,456,4.684,13.352,0.355,50.777,0.017,69.184
2026-09-02T07:28:33.110852+07:00,c9_sim,457,4.381,13.792,0.373,49.913,0.020,68.479
2026-09-02T07:28:33.173504+07:00,c9_sim,458,4.823,12.508,0.345,49.130,0.023,66.828
2026-09-02T07:28:33.240000+07:00,c9_sim,459,4.414,13.367,0.380,51.773,0.019,69.954
2026-09-02T07:28:33.307866+07:00,c9_sim,460,4.427,14.903,0.377,51.769,0.020,71.496
2026-09-02T07:28:33.374803+07:00,c9_sim,461,4.431,13.795,0.374,51.928,0.026,70.555
2026-09-02T07:28:33.443511+07:00,c9_sim,462,4.936,15.182,0.394,52.322,0.052,72.886
2026-09-02T07:28:33.510582+07:00,c9_sim,463,4.763,13.922,0.369,52.086,0.050,71.190
2026-09-02T07:28:33.577647+07:00,c9_sim,464,4.579,14.126,0.385,51.607,0.047,70.745
2026-09-02T07:28:33.642717+07:00,c9_sim,465,5.068,13.295,0.336,50.648,0.062,69.409
2026-09-02T07:28:33.707737+07:00,c9_sim,466,4.983,14.110,0.348,49.654,0.027,69.121
2026-09-02T07:28:33.774609+07:00,c9_sim,467,5.348,15.295,0.430,50.503,0.016,71.592
2026-09-02T07:28:33.840840+07:00,c9_sim,468,5.561,14.019,0.349,51.053,0.022,71.003
2026-09-02T07:28:33.908742+07:00,c9_sim,469,5.197,15.540,0.455,50.892,0.020,72.105
2026-09-02T07:28:33.972897+07:00,c9_sim,470,5.097,12.698,0.351,50.390,0.023,68.559
2026-09-02T07:28:34.039368+07:00,c9_sim,471,4.486,14.083,0.344,51.019,0.017,69.949
2026-09-02T07:28:34.105848+07:00,c9_sim,472,4.805,14.719,0.378,50.716,0.017,70.635
2026-09-02T07:28:34.171594+07:00,c9_sim,473,5.171,13.950,0.330,50.739,0.024,70.213
2026-09-02T07:28:34.239049+07:00,c9_sim,474,4.544,15.298,0.398,50.803,0.017,71.059
2026-09-02T07:28:34.305256+07:00,c9_sim,475,4.542,13.403,0.368,51.779,0.021,70.113
2026-09-02T07:28:34.373044+07:00,c9_sim,476,4.520,15.177,0.377,51.091,0.020,71.184
2026-09-02T07:28:34.438924+07:00,c9_sim,477,4.460,13.620,0.405,50.948,0.018,69.451
2026-09-02T07:28:34.505621+07:00,c9_sim,478,4.836,13.808,0.324,51.841,0.060,70.868
2026-09-02T07:28:34.571697+07:00,c9_sim,479,4.513,14.088,0.361,50.930,0.046,69.939
2026-09-02T07:28:34.638736+07:00,c9_sim,480,4.532,14.459,0.345,51.482,0.056,70.874
2026-09-02T07:28:34.705697+07:00,c9_sim,481,4.428,14.638,0.406,51.016,0.057,70.544
2026-09-02T07:28:34.771911+07:00,c9_sim,482,4.434,13.823,0.375,51.279,0.018,69.929
2026-09-02T07:28:34.837950+07:00,c9_sim,483,4.438,14.476,0.366,50.350,0.020,69.649
2026-09-02T07:28:34.904417+07:00,c9_sim,484,4.681,13.947,0.354,51.469,0.017,70.469
2026-09-02T07:28:34.971576+07:00,c9_sim,485,4.391,14.038,0.371,52.042,0.018,70.861
2026-09-02T07:28:35.038778+07:00,c9_sim,486,4.417,14.975,0.349,51.192,0.018,70.951
2026-09-02T07:28:35.103934+07:00,c9_sim,487,4.729,13.900,0.334,50.213,0.017,69.192
2026-09-02T07:28:35.170180+07:00,c9_sim,488,4.428,14.315,0.333,50.844,0.020,69.940
2026-09-02T07:28:35.236989+07:00,c9_sim,489,4.426,13.740,0.370,50.604,0.017,69.158
2026-09-02T07:28:35.303273+07:00,c9_sim,490,4.284,14.473,0.338,50.591,0.023,69.710
2026-09-02T07:28:35.369971+07:00,c9_sim,491,4.315,14.271,0.316,51.364,0.050,70.316
2026-09-02T07:28:35.438435+07:00,c9_sim,492,4.376,14.448,0.330,53.044,0.018,72.215
2026-09-02T07:28:35.506278+07:00,c9_sim,493,4.402,14.678,0.324,52.021,0.032,71.457
2026-09-02T07:28:35.573735+07:00,c9_sim,494,4.280,16.746,0.396,49.284,0.019,70.725
2026-09-02T07:28:35.636655+07:00,c9_sim,495,4.488,12.266,0.302,49.695,0.022,66.773
2026-09-02T07:28:35.704676+07:00,c9_sim,496,4.310,14.023,0.322,52.897,0.024,71.575
2026-09-02T07:28:35.777191+07:00,c9_sim,497,4.563,15.127,0.384,56.330,0.017,76.421
2026-09-02T07:28:35.848495+07:00,c9_sim,498,4.437,15.065,0.325,55.185,0.024,75.037
2026-09-02T07:28:35.912706+07:00,c9_sim,499,4.476,12.947,0.351,50.249,0.018,68.042
2026-09-02T07:28:35.976462+07:00,c9_sim,500,4.625,13.025,0.321,49.708,0.020,67.699
2026-09-02T07:28:36.043322+07:00,c9_sim,501,4.950,14.683,0.365,50.964,0.018,70.980
2026-09-02T07:28:36.109242+07:00,c9_sim,502,4.965,13.850,0.337,51.076,0.016,70.245
2026-09-02T07:28:36.176418+07:00,c9_sim,503,4.406,14.033,0.300,52.124,0.024,70.887
2026-09-02T07:28:36.245239+07:00,c9_sim,504,5.061,16.213,0.336,51.559,0.017,73.187
2026-09-02T07:28:36.311814+07:00,c9_sim,505,4.508,14.007,0.327,51.509,0.020,70.371
2026-09-02T07:28:36.377608+07:00,c9_sim,506,4.862,14.592,0.342,49.946,0.028,69.770
2026-09-02T07:28:36.443672+07:00,c9_sim,507,4.818,13.947,0.320,51.063,0.024,70.172
2026-09-02T07:28:36.515902+07:00,c9_sim,508,4.293,15.269,0.375,55.686,0.019,75.642
2026-09-02T07:28:36.591124+07:00,c9_sim,509,4.868,20.214,0.344,53.889,0.021,79.336
2026-09-02T07:28:36.606894+07:00,c8_sim,247,4.879,14.642,0.373,0.000,0.004,19.898
2026-09-02T07:28:36.620373+07:00,c8_sim,248,4.778,13.382,0.000,0.000,0.003,18.164
2026-09-02T07:28:36.658610+07:00,c8_sim,249,5.387,13.095,0.000,0.000,0.004,18.485
2026-09-02T07:28:36.717473+07:00,c8_sim,250,6.504,13.683,0.000,0.000,0.004,20.191
2026-09-02T07:28:36.755683+07:00,c8_sim,251,7.889,12.045,0.468,0.000,0.003,20.405
2026-09-02T07:28:36.819092+07:00,c8_sim,252,6.726,13.223,0.000,0.000,0.004,19.953
2026-09-02T07:28:36.855406+07:00,c8_sim,253,6.877,11.170,0.000,0.000,0.004,18.051
2026-09-02T07:28:36.913565+07:00,c8_sim,254,6.897,12.142,0.000,0.000,0.004,19.043
2026-09-02T07:28:36.976528+07:00,c8_sim,255,7.161,12.809,0.000,0.000,0.003,19.973
2026-09-02T07:28:37.013448+07:00,c8_sim,256,6.957,11.778,0.000,0.000,0.003,18.738
2026-09-02T07:28:37.074928+07:00,c8_sim,257,7.727,12.932,0.000,0.000,0.004,20.662
2026-09-02T07:28:37.110756+07:00,c8_sim,258,7.762,10.717,0.000,0.000,0.003,18.482
2026-09-02T07:28:37.173682+07:00,c8_sim,259,7.558,12.757,0.000,0.000,0.004,20.320
2026-09-02T07:28:37.212433+07:00,c8_sim,260,7.572,11.813,0.473,0.000,0.003,19.861
2026-09-02T07:28:37.274910+07:00,c8_sim,261,7.721,12.933,0.000,0.000,0.005,20.658
2026-09-02T07:28:37.345128+07:00,c8_sim,262,7.289,11.856,0.529,31.263,0.059,50.996
2026-09-02T07:28:37.411738+07:00,c8_sim,263,6.340,12.152,0.373,28.339,0.074,47.278
2026-09-02T07:28:37.450269+07:00,c8_sim,264,6.434,9.820,0.351,27.659,0.078,44.343
2026-09-02T07:28:37.488416+07:00,c8_sim,265,6.357,9.650,0.325,27.495,0.054,43.881
2026-09-02T07:28:37.552389+07:00,c8_sim,266,6.803,10.603,0.418,27.282,0.011,45.117
2026-09-02T07:28:37.592097+07:00,c8_sim,267,6.445,9.996,0.338,28.707,0.047,45.533
2026-09-02T07:28:37.657483+07:00,c8_sim,268,6.836,10.893,0.335,28.428,0.061,46.553
2026-09-02T07:28:37.699515+07:00,c8_sim,269,6.304,10.564,0.436,30.270,0.066,47.641
2026-09-02T07:28:37.767140+07:00,c8_sim,270,6.710,11.752,0.350,29.820,0.010,48.642
2026-09-02T07:28:37.814153+07:00,c8_sim,271,6.611,10.818,0.411,34.965,0.016,52.820
2026-09-02T07:28:37.869843+07:00,c8_sim,272,7.283,13.698,0.478,40.652,0.014,62.124
2026-09-02T07:28:37.943717+07:00,c8_sim,273,7.575,14.903,0.450,57.438,0.081,80.446
2026-09-02T07:28:38.025931+07:00,c8_sim,274,7.404,17.622,0.407,63.149,0.014,88.596
2026-09-02T07:28:38.095019+07:00,c8_sim,275,7.638,17.034,0.447,50.650,0.011,75.780
2026-09-02T07:28:38.158081+07:00,c8_sim,276,7.437,13.664,0.450,47.951,0.035,69.538
2026-09-02T07:28:38.221060+07:00,c8_sim,277,7.491,14.828,0.414,46.691,0.012,69.436
2026-09-02T07:28:38.284728+07:00,c8_sim,278,6.443,14.055,0.342,48.311,0.023,69.174
2026-09-02T07:28:38.345693+07:00,c8_sim,279,7.098,14.882,0.460,44.724,0.066,67.230
2026-09-02T07:28:38.409128+07:00,c8_sim,280,6.835,12.620,0.358,49.731,0.019,69.563
2026-09-02T07:28:38.478466+07:00,c8_sim,281,6.736,13.129,0.360,55.178,0.018,75.420
2026-09-02T07:28:38.549394+07:00,c8_sim,282,6.556,14.940,0.352,54.922,0.018,76.787
2026-09-02T07:28:38.615784+07:00,c8_sim,283,6.658,14.991,0.408,50.189,0.061,72.307
2026-09-02T07:28:38.679482+07:00,c8_sim,284,7.020,13.249,0.403,49.321,0.022,70.015
2026-09-02T07:28:38.741793+07:00,c8_sim,285,6.482,14.267,0.484,46.570,0.020,67.823
2026-09-02T07:28:38.804950+07:00,c8_sim,286,6.993,13.976,0.380,47.788,0.023,69.160
2026-09-02T07:28:38.871356+07:00,c8_sim,287,6.704,15.297,0.454,49.512,0.092,72.059
2026-09-02T07:28:38.938029+07:00,c8_sim,288,6.667,14.940,0.408,50.153,0.018,72.185
2026-09-02T07:28:39.002288+07:00,c8_sim,289,6.575,14.260,0.377,48.674,0.016,69.904
2026-09-02T07:28:39.065235+07:00,c8_sim,290,6.554,14.453,0.376,47.180,0.016,68.579
2026-09-02T07:28:39.127326+07:00,c8_sim,291,6.442,12.041,0.363,49.003,0.016,67.865
2026-09-02T07:28:39.192295+07:00,c8_sim,292,6.731,13.457,0.384,50.390,0.022,70.984
2026-09-02T07:28:39.254831+07:00,c8_sim,293,6.674,14.556,0.373,46.638,0.017,68.258
2026-09-02T07:28:39.319126+07:00,c8_sim,294,6.650,12.983,0.360,50.322,0.019,70.333
2026-09-02T07:28:39.386141+07:00,c8_sim,295,6.540,13.466,0.343,52.488,0.021,72.859
2026-09-02T07:28:39.453880+07:00,c8_sim,296,6.443,14.551,0.326,52.070,0.017,73.406
2026-09-02T07:28:39.518966+07:00,c8_sim,297,6.744,14.654,0.355,49.273,0.017,71.043
2026-09-02T07:28:39.581136+07:00,c8_sim,298,6.628,13.883,0.321,47.338,0.015,68.185
2026-09-02T07:28:39.644946+07:00,c8_sim,299,6.532,13.263,0.335,49.252,0.021,69.403
2026-09-02T07:28:39.709726+07:00,c8_sim,300,6.469,14.069,0.407,49.317,0.023,70.285
2026-09-02T07:28:39.773647+07:00,c8_sim,301,6.341,14.729,0.458,47.679,0.019,69.225
2026-09-02T07:28:39.834279+07:00,c8_sim,302,6.519,12.086,0.324,47.583,0.020,66.532
2026-09-02T07:28:39.900854+07:00,c8_sim,303,6.696,13.483,0.382,51.968,0.022,72.552
2026-09-02T07:28:39.968004+07:00,c8_sim,304,6.765,14.581,0.344,51.470,0.015,73.175
2026-09-02T07:28:40.032594+07:00,c8_sim,305,6.775,14.943,0.343,48.443,0.018,70.522
2026-09-02T07:28:40.095048+07:00,c8_sim,306,6.996,12.805,0.327,48.602,0.021,68.751
2026-09-02T07:28:40.157588+07:00,c8_sim,307,6.795,14.189,0.375,47.108,0.026,68.493
2026-09-02T07:28:40.222879+07:00,c8_sim,308,6.699,15.097,0.429,48.767,0.022,71.013
2026-09-02T07:28:40.287587+07:00,c8_sim,309,6.573,14.731,0.385,48.716,0.022,70.429
2026-09-02T07:28:40.351492+07:00,c8_sim,310,6.517,12.923,0.341,49.938,0.019,69.738
2026-09-02T07:28:40.418813+07:00,c8_sim,311,6.572,13.988,0.382,52.124,0.016,73.083
2026-09-02T07:28:40.484438+07:00,c8_sim,312,7.037,15.071,0.336,49.283,0.016,71.743
2026-09-02T07:28:40.546809+07:00,c8_sim,313,6.609,12.686,0.332,48.711,0.024,68.361
2026-09-02T07:28:40.611476+07:00,c8_sim,314,6.640,12.855,0.325,50.803,0.019,70.642
2026-09-02T07:28:40.676427+07:00,c8_sim,315,6.673,14.020,0.351,49.615,0.027,70.685
2026-09-02T07:28:40.741515+07:00,c8_sim,316,7.300,14.535,0.402,49.090,0.022,71.349
2026-09-02T07:28:40.803079+07:00,c8_sim,317,6.467,12.576,0.315,47.965,0.019,67.342
2026-09-02T07:28:40.869303+07:00,c8_sim,318,6.777,13.871,0.338,51.306,0.016,72.307
2026-09-02T07:28:40.935754+07:00,c8_sim,319,6.670,14.803,0.366,50.530,0.016,72.385
2026-09-02T07:28:41.002280+07:00,c8_sim,320,6.902,14.695,0.308,50.670,0.018,72.594
2026-09-02T07:28:41.066642+07:00,c8_sim,321,6.520,14.702,0.325,48.358,0.016,69.921
2026-09-02T07:28:41.129665+07:00,c8_sim,322,6.618,14.086,0.312,47.668,0.015,68.700
2026-09-02T07:28:41.192614+07:00,c8_sim,323,6.570,13.883,0.418,47.776,0.022,68.670
2026-09-02T07:28:41.254129+07:00,c8_sim,324,6.401,12.644,0.325,47.812,0.018,67.200
2026-09-02T07:28:41.319641+07:00,c8_sim,325,6.757,13.092,0.332,51.394,0.018,71.594
2026-09-02T07:28:41.387042+07:00,c8_sim,326,7.124,14.377,0.312,51.901,0.020,73.734
2026-09-02T07:28:41.452457+07:00,c8_sim,327,6.440,14.382,0.304,49.847,0.019,70.992
