timestamp,camera_id,frame_id,decode_ms,detection_ms,tracking_ms,reid_ms,matching_ms,total_ai_ms
2026-09-02T07:54:12.424451+07:00,c8_sim,1,13.316,548.795,1279.386,222.536,0.108,2064.141
2026-09-02T07:54:12.504773+07:00,c8_sim,2,9.684,19.704,1.923,54.326,0.029,85.666
2026-09-02T07:54:12.570474+07:00,c8_sim,3,8.686,14.700,0.528,49.119,0.027,73.060
2026-09-02T07:54:12.628686+07:00,c8_sim,4,8.800,14.182,0.636,41.829,0.022,65.468
2026-09-02T07:54:12.699655+07:00,c8_sim,5,8.947,15.063,0.599,45.825,0.042,70.478
2026-09-02T07:54:12.771947+07:00,c8_sim,6,9.196,17.761,0.910,51.895,0.023,79.785
2026-09-02T07:54:12.875236+07:00,c8_sim,7,30.499,21.487,0.917,78.933,0.028,131.864
2026-09-02T07:54:12.971306+07:00,c8_sim,8,9.536,28.476,0.762,65.324,0.018,104.116
2026-09-02T07:54:13.040367+07:00,c8_sim,9,12.554,17.538,0.549,49.327,0.021,79.989
2026-09-02T07:54:13.108158+07:00,c8_sim,10,8.914,16.247,0.549,49.678,0.024,75.412
2026-09-02T07:54:13.184848+07:00,c8_sim,11,12.330,18.933,0.492,54.922,0.016,86.693
2026-09-02T07:54:13.258841+07:00,c8_sim,12,36.870,18.040,0.455,54.014,0.034,109.412
2026-09-02T07:54:13.347965+07:00,c8_sim,13,18.060,31.849,0.999,54.477,0.035,105.420
2026-09-02T07:54:13.436910+07:00,c8_sim,14,27.555,33.221,1.132,52.776,0.032,114.716
2026-09-02T07:54:13.511872+07:00,c8_sim,15,10.030,22.416,0.928,49.940,0.040,83.353
2026-09-02T07:54:13.590020+07:00,c8_sim,16,21.112,22.780,0.815,52.504,0.029,97.241
2026-09-02T07:54:13.668049+07:00,c8_sim,17,19.885,23.799,0.808,51.802,0.054,96.348
2026-09-02T07:54:13.743865+07:00,c8_sim,18,18.609,22.464,0.763,50.827,0.048,92.710
2026-09-02T07:54:13.822398+07:00,c8_sim,19,10.593,23.570,0.760,52.570,0.044,87.537
2026-09-02T07:54:13.900454+07:00,c8_sim,20,11.020,23.355,0.755,52.306,0.042,87.479
2026-09-02T07:54:13.975060+07:00,c8_sim,21,6.709,21.809,0.888,50.249,0.049,79.704
2026-09-02T07:54:14.053138+07:00,c8_sim,22,6.925,22.795,0.769,52.913,0.043,83.446
2026-09-02T07:54:14.130364+07:00,c8_sim,23,7.765,22.836,0.824,51.889,0.051,83.364
2026-09-02T07:54:14.204149+07:00,c8_sim,24,12.831,22.355,0.860,48.965,0.043,85.053
2026-09-02T07:54:14.279554+07:00,c8_sim,25,9.758,23.352,0.878,49.467,0.048,83.503
2026-09-02T07:54:14.306215+07:00,c8_sim,26,9.616,24.096,0.821,0.006,0.019,34.558
2026-09-02T07:54:14.331509+07:00,c8_sim,27,10.346,22.621,0.860,0.006,0.018,33.851
2026-09-02T07:54:14.352344+07:00,c8_sim,28,9.945,19.983,0.000,0.000,0.012,29.940
2026-09-02T07:54:14.412664+07:00,c8_sim,29,9.378,18.407,0.670,39.944,0.053,68.452
2026-09-02T07:54:14.478806+07:00,c8_sim,30,9.165,20.284,0.800,43.742,0.045,74.035
2026-09-02T07:54:14.554732+07:00,c8_sim,31,8.767,22.640,0.815,50.847,0.046,83.115
2026-09-02T07:54:14.635698+07:00,c8_sim,32,9.248,24.507,0.977,53.968,0.046,88.745
2026-09-02T07:54:14.712161+07:00,c8_sim,33,9.646,21.648,0.798,52.234,0.052,84.379
2026-09-02T07:54:14.788120+07:00,c8_sim,34,9.859,22.433,0.789,51.026,0.044,84.150
2026-09-02T07:54:14.863683+07:00,c8_sim,35,9.328,22.898,0.815,50.113,0.053,83.207
2026-09-02T07:54:14.944514+07:00,c8_sim,36,9.473,25.303,1.037,52.612,0.048,88.473
2026-09-02T07:54:15.021823+07:00,c8_sim,37,8.332,23.992,0.821,50.921,0.045,84.110
2026-09-02T07:54:15.093001+07:00,c8_sim,38,8.957,21.952,0.750,46.986,0.043,78.687
2026-09-02T07:54:15.167019+07:00,c8_sim,39,8.311,19.744,0.815,51.944,0.043,80.856
2026-09-02T07:54:15.239953+07:00,c8_sim,40,9.958,21.337,0.790,49.079,0.042,81.206
2026-09-02T07:54:15.313966+07:00,c8_sim,41,9.797,22.596,0.810,48.945,0.045,82.192
2026-09-02T07:54:15.388139+07:00,c8_sim,42,9.314,23.335,0.791,48.446,0.044,81.931
2026-09-02T07:54:15.467644+07:00,c8_sim,43,9.234,24.400,0.849,52.537,0.050,87.069
2026-09-02T07:54:15.544341+07:00,c8_sim,44,10.522,25.079,0.813,48.492,0.052,84.957
2026-09-02T07:54:15.619409+07:00,c8_sim,45,8.602,22.237,0.753,50.456,0.045,82.093
2026-09-02T07:54:15.691553+07:00,c8_sim,46,8.733,20.680,0.807,48.849,0.032,79.102
2026-09-02T07:54:15.762793+07:00,c8_sim,47,9.299,18.786,0.594,50.426,0.026,79.131
2026-09-02T07:54:15.835903+07:00,c8_sim,48,9.160,16.373,0.478,54.820,0.035,80.865
2026-09-02T07:54:15.911415+07:00,c8_sim,49,11.600,18.565,0.595,54.629,0.036,85.424
2026-09-02T07:54:15.930671+07:00,c8_sim,50,8.315,18.649,0.000,0.000,0.011,26.975
2026-09-02T07:54:15.947529+07:00,c8_sim,51,10.085,16.137,0.000,0.000,0.007,26.229
2026-09-02T07:54:15.963789+07:00,c8_sim,52,9.009,15.573,0.000,0.000,0.006,24.588
2026-09-02T07:54:15.979822+07:00,c8_sim,53,9.697,15.300,0.000,0.000,0.006,25.003
2026-09-02T07:54:16.067877+07:00,c8_sim,54,8.379,13.491,0.000,0.000,0.006,21.875
2026-09-02T07:54:16.165799+07:00,c8_sim,55,7.478,18.656,0.000,0.000,0.009,26.143
2026-09-02T07:54:16.295601+07:00,c8_sim,56,12.572,27.035,0.000,0.000,0.010,39.617
2026-09-02T07:54:16.425769+07:00,c9_sim,1,6.616,24.781,0.499,31.108,0.107,63.112
2026-09-02T07:54:16.533740+07:00,c9_sim,2,8.306,25.984,0.699,29.702,0.022,64.712
2026-09-02T07:54:16.640433+07:00,c9_sim,3,7.762,23.733,0.681,29.960,0.023,62.159
2026-09-02T07:54:16.719580+07:00,c9_sim,4,8.786,20.574,0.599,31.146,0.021,61.125
2026-09-02T07:54:16.855155+07:00,c9_sim,5,11.493,27.721,1.189,35.472,0.022,75.897
2026-09-02T07:54:16.901436+07:00,c9_sim,6,7.615,19.227,0.743,0.000,0.010,27.596
2026-09-02T07:54:17.006722+07:00,c9_sim,7,12.170,26.774,0.827,0.000,0.014,39.785
2026-09-02T07:54:17.133099+07:00,c9_sim,8,10.254,29.392,1.540,0.000,0.021,41.207
2026-09-02T07:54:17.240492+07:00,c9_sim,9,13.392,32.275,1.024,0.000,0.018,46.710
2026-09-02T07:54:17.384309+07:00,c9_sim,10,11.840,34.028,1.135,54.143,0.028,101.174
2026-09-02T07:54:17.462065+07:00,c9_sim,11,9.200,24.579,0.770,29.359,0.023,63.930
2026-09-02T07:54:17.568815+07:00,c9_sim,12,9.051,28.436,0.753,29.149,0.021,67.410
2026-09-02T07:54:17.673361+07:00,c9_sim,13,9.822,23.690,0.678,30.156,0.022,64.369
2026-09-02T07:54:17.748652+07:00,c9_sim,14,8.471,17.315,0.729,31.610,0.021,58.146
2026-09-02T07:54:17.877824+07:00,c9_sim,15,12.413,23.883,0.779,33.385,0.024,70.484
2026-09-02T07:54:17.951095+07:00,c9_sim,16,5.514,18.251,0.654,31.581,0.020,56.020
2026-09-02T07:54:18.090300+07:00,c9_sim,17,9.133,26.789,0.616,35.212,0.026,71.776
2026-09-02T07:54:18.174854+07:00,c9_sim,18,7.786,21.077,0.729,36.317,0.025,65.935
2026-09-02T07:54:18.284226+07:00,c9_sim,19,10.556,24.187,0.714,36.041,0.025,71.522
2026-09-02T07:54:18.392332+07:00,c9_sim,20,7.192,19.644,0.696,35.784,0.021,63.336
2026-09-02T07:54:18.497446+07:00,c9_sim,21,6.972,23.211,0.924,35.314,0.037,66.458
2026-09-02T07:54:18.575427+07:00,c9_sim,22,8.977,20.899,0.561,31.283,0.030,61.749
2026-09-02T07:54:18.706732+07:00,c9_sim,23,10.117,20.962,0.770,32.878,0.031,64.757
2026-09-02T07:54:18.798492+07:00,c9_sim,24,8.307,23.650,1.218,40.183,0.035,73.393
2026-09-02T07:54:18.911830+07:00,c9_sim,25,6.352,15.038,0.970,44.895,0.039,67.294
2026-09-02T07:54:19.058344+07:00,c9_sim,26,7.658,19.641,0.740,76.268,0.038,104.344
2026-09-02T07:54:19.175248+07:00,c9_sim,27,7.263,30.177,0.783,84.078,0.039,122.341
2026-09-02T07:54:19.307031+07:00,c9_sim,28,8.625,34.462,0.869,94.704,0.059,138.718
2026-09-02T07:54:19.414129+07:00,c9_sim,29,7.181,31.361,1.048,72.635,0.048,112.273
2026-09-02T07:54:19.491769+07:00,c9_sim,30,5.712,23.356,0.822,51.981,0.040,81.912
2026-09-02T07:54:19.578468+07:00,c9_sim,31,6.582,24.228,0.924,59.341,0.047,91.121
2026-09-02T07:54:19.664802+07:00,c9_sim,32,6.378,26.251,0.763,57.949,0.049,91.390
2026-09-02T07:54:19.752772+07:00,c9_sim,33,6.731,23.682,0.756,61.935,0.059,93.163
2026-09-02T07:54:19.854663+07:00,c9_sim,34,8.184,27.403,0.864,48.932,0.047,85.430
2026-09-02T07:54:19.944035+07:00,c9_sim,35,7.331,13.504,0.584,48.432,0.027,69.878
2026-09-02T07:54:20.042104+07:00,c9_sim,36,4.846,15.662,0.528,54.884,0.032,75.951
2026-09-02T07:54:20.142881+07:00,c9_sim,37,5.456,18.808,0.556,54.097,0.050,78.968
2026-09-02T07:54:20.259315+07:00,c9_sim,38,9.136,25.069,0.977,42.284,0.043,77.509
2026-09-02T07:54:20.345703+07:00,c9_sim,39,7.818,17.160,0.533,41.764,0.044,67.319
2026-09-02T07:54:20.469221+07:00,c9_sim,40,8.320,30.630,0.532,44.080,0.041,83.603
2026-09-02T07:54:20.588170+07:00,c9_sim,41,5.762,20.818,1.133,70.384,0.050,98.147
2026-09-02T07:54:20.745983+07:00,c9_sim,42,7.351,40.797,0.963,113.404,0.083,162.599
2026-09-02T07:54:20.839954+07:00,c9_sim,43,6.257,30.632,0.954,60.300,0.036,98.179
2026-09-02T07:54:20.913903+07:00,c9_sim,44,6.834,18.878,0.676,52.937,0.050,79.374
2026-09-02T07:54:20.994336+07:00,c9_sim,45,5.813,21.440,0.593,56.955,0.053,84.854
2026-09-02T07:54:21.096571+07:00,c9_sim,46,7.596,27.252,0.825,48.937,0.049,84.659
2026-09-02T07:54:21.189875+07:00,c9_sim,47,6.988,21.667,0.652,48.583,0.050,77.940
2026-09-02T07:54:21.291575+07:00,c9_sim,48,7.614,23.491,0.738,51.156,0.044,83.043
2026-09-02T07:54:21.392904+07:00,c9_sim,49,8.530,21.830,0.788,53.788,0.050,84.986
2026-09-02T07:54:21.493613+07:00,c9_sim,50,8.731,24.163,0.789,49.868,0.052,83.603
2026-09-02T07:54:21.597637+07:00,c9_sim,51,7.675,24.238,1.005,51.747,0.051,84.716
2026-09-02T07:54:21.700614+07:00,c9_sim,52,9.764,24.189,0.785,51.810,0.051,86.599
2026-09-02T07:54:21.793119+07:00,c9_sim,53,8.362,17.589,0.600,52.564,0.050,79.166
2026-09-02T07:54:21.914730+07:00,c9_sim,54,10.068,21.070,0.470,48.284,0.052,79.944
2026-09-02T07:54:22.015225+07:00,c9_sim,55,6.881,26.042,0.879,47.141,0.053,80.996
2026-09-02T07:54:22.110517+07:00,c9_sim,56,10.505,23.414,0.772,46.301,0.044,81.037
2026-09-02T07:54:22.206830+07:00,c9_sim,57,9.564,22.642,0.748,47.012,0.047,80.013
2026-09-02T07:54:22.326481+07:00,c9_sim,58,8.729,24.669,0.746,46.240,0.047,80.431
2026-09-02T07:54:22.419517+07:00,c9_sim,59,7.684,20.308,0.566,47.283,0.042,75.884
2026-09-02T07:54:22.541148+07:00,c9_sim,60,8.968,23.878,0.755,48.261,0.045,81.906
2026-09-02T07:54:22.638650+07:00,c9_sim,61,7.655,24.188,0.737,45.872,0.045,78.497
2026-09-02T07:54:22.733287+07:00,c9_sim,62,7.934,22.222,0.878,46.108,0.056,77.198
2026-09-02T07:54:22.830536+07:00,c9_sim,63,11.792,22.157,1.285,45.446,0.051,80.730
2026-09-02T07:54:22.924202+07:00,c9_sim,64,6.274,14.781,0.433,55.829,0.050,77.366
2026-09-02T07:54:23.046287+07:00,c9_sim,65,10.173,25.889,0.799,44.211,0.044,81.116
2026-09-02T07:54:23.137977+07:00,c9_sim,66,7.107,21.935,0.761,43.011,0.041,72.856
2026-09-02T07:54:23.246088+07:00,c9_sim,67,8.682,24.506,0.783,38.156,0.049,72.177
2026-09-02T07:54:23.328743+07:00,c9_sim,68,7.319,20.656,0.487,35.502,0.040,64.005
2026-09-02T07:54:23.438091+07:00,c9_sim,69,10.855,19.953,0.717,39.567,0.041,71.132
2026-09-02T07:54:23.552953+07:00,c9_sim,70,7.245,23.258,0.978,39.795,0.044,71.321
2026-09-02T07:54:23.640129+07:00,c9_sim,71,9.045,22.797,0.904,36.668,0.039,69.454
2026-09-02T07:54:23.743584+07:00,c9_sim,72,12.808,19.953,0.655,35.523,0.049,68.989
2026-09-02T07:54:23.851513+07:00,c9_sim,73,12.609,21.261,0.786,34.863,0.031,69.551
2026-09-02T07:54:23.962001+07:00,c9_sim,74,8.356,25.483,0.615,31.968,0.031,66.453
2026-09-02T07:54:24.073110+07:00,c9_sim,75,9.958,25.374,0.793,31.634,0.039,67.798
2026-09-02T07:54:24.153555+07:00,c9_sim,76,7.991,20.488,0.708,34.880,0.034,64.101
2026-09-02T07:54:24.264369+07:00,c9_sim,77,11.051,25.159,0.743,35.677,0.037,72.666
2026-09-02T07:54:24.368585+07:00,c9_sim,78,7.855,20.468,0.730,35.160,0.047,64.262
2026-09-02T07:54:24.478454+07:00,c9_sim,79,9.179,24.083,0.756,33.341,0.044,67.403
2026-09-02T07:54:24.562668+07:00,c9_sim,80,8.060,20.288,0.783,36.229,0.046,65.406
2026-09-02T07:54:24.698749+07:00,c9_sim,81,12.265,28.020,0.967,33.200,0.044,74.495
2026-09-02T07:54:24.776617+07:00,c9_sim,82,7.971,21.481,0.827,32.360,0.032,62.670
2026-09-02T07:54:24.880167+07:00,c9_sim,83,9.363,21.106,0.783,32.715,0.032,64.000
2026-09-02T07:54:24.985892+07:00,c9_sim,84,9.780,23.008,0.847,33.042,0.033,66.709
2026-09-02T07:54:25.087905+07:00,c9_sim,85,10.152,18.689,0.522,29.496,0.030,58.890
2026-09-02T07:54:25.193616+07:00,c9_sim,86,8.503,24.275,0.588,30.497,0.031,63.895
2026-09-02T07:54:25.296853+07:00,c9_sim,87,10.177,20.479,0.849,32.244,0.034,63.783
2026-09-02T07:54:25.402433+07:00,c9_sim,88,8.411,23.175,0.693,34.273,0.031,66.583
2026-09-02T07:54:25.502059+07:00,c9_sim,89,5.143,13.310,0.478,33.444,0.025,52.401
2026-09-02T07:54:25.609556+07:00,c9_sim,90,7.074,21.229,0.726,35.449,0.039,64.517
2026-09-02T07:54:25.724081+07:00,c9_sim,91,9.558,27.200,0.928,34.649,0.036,72.371
2026-09-02T07:54:25.807529+07:00,c9_sim,92,5.676,18.264,0.641,37.401,0.039,62.021
2026-09-02T07:54:25.933221+07:00,c9_sim,93,10.051,21.365,0.625,51.455,0.048,83.544
2026-09-02T07:54:26.081190+07:00,c9_sim,94,6.784,26.693,0.861,92.788,0.063,127.189
2026-09-02T07:54:26.205662+07:00,c9_sim,95,8.005,38.552,0.794,83.098,0.047,130.496
2026-09-02T07:54:26.296540+07:00,c9_sim,96,4.735,32.763,0.716,55.787,0.046,94.046
2026-09-02T07:54:26.371380+07:00,c9_sim,97,5.232,17.533,0.546,55.278,0.032,78.621
2026-09-02T07:54:26.455617+07:00,c9_sim,98,6.164,20.801,0.478,60.408,0.058,87.909
2026-09-02T07:54:26.559816+07:00,c9_sim,99,10.102,28.734,0.781,51.418,0.049,91.085
2026-09-02T07:54:26.651017+07:00,c9_sim,100,7.035,23.695,0.731,42.031,0.041,73.534
2026-09-02T07:54:26.735397+07:00,c9_sim,101,7.130,18.515,0.661,39.320,0.035,65.661
2026-09-02T07:54:26.848499+07:00,c9_sim,102,10.188,24.634,0.862,36.777,0.040,72.500
2026-09-02T07:54:26.956654+07:00,c9_sim,103,8.191,25.015,0.634,32.744,0.035,66.619
2026-09-02T07:54:27.036813+07:00,c9_sim,104,8.169,17.664,0.483,34.977,0.046,61.339
2026-09-02T07:54:27.172925+07:00,c9_sim,105,11.297,28.699,0.567,33.361,0.031,73.955
2026-09-02T07:54:27.264227+07:00,c9_sim,106,7.637,24.873,0.655,38.700,0.044,71.909
2026-09-02T07:54:27.390782+07:00,c9_sim,107,10.090,26.078,0.807,45.936,0.028,82.939
2026-09-02T07:54:27.517136+07:00,c9_sim,108,5.088,16.549,0.568,107.904,0.086,130.195
2026-09-02T07:54:27.624377+07:00,c9_sim,109,11.646,39.223,1.090,64.567,0.048,116.574
2026-09-02T07:54:27.695962+07:00,c9_sim,110,6.133,22.655,0.778,46.660,0.045,76.270
2026-09-02T07:54:27.785776+07:00,c9_sim,111,7.097,23.324,0.791,39.286,0.048,70.545
2026-09-02T07:54:27.872096+07:00,c9_sim,112,8.710,23.163,0.731,35.709,0.032,68.343
2026-09-02T07:54:27.974684+07:00,c9_sim,113,9.864,21.484,0.707,32.598,0.036,64.688
2026-09-02T07:54:28.080706+07:00,c9_sim,114,9.569,21.711,0.692,34.753,0.046,66.770
2026-09-02T07:54:28.154003+07:00,c9_sim,115,10.859,23.587,0.000,0.000,0.011,34.457
2026-09-02T07:54:28.243068+07:00,c9_sim,116,11.175,18.780,0.000,0.000,0.012,29.966
2026-09-02T07:54:28.356576+07:00,c9_sim,117,11.901,22.217,0.000,0.000,0.012,34.130
2026-09-02T07:54:28.488834+07:00,c9_sim,118,4.840,14.179,0.470,43.120,0.035,62.643
2026-09-02T07:54:28.595035+07:00,c9_sim,119,5.630,15.243,0.528,40.646,0.039,62.086
2026-09-02T07:54:28.702802+07:00,c9_sim,120,10.636,17.872,0.522,38.337,0.039,67.405
2026-09-02T07:54:28.807325+07:00,c9_sim,121,7.808,19.861,0.842,34.704,0.033,63.247
2026-09-02T07:54:28.930146+07:00,c9_sim,122,6.110,27.915,0.712,40.380,0.048,75.164
2026-09-02T07:54:29.031861+07:00,c9_sim,123,8.410,21.393,0.794,51.768,0.056,82.420
2026-09-02T07:54:29.172740+07:00,c9_sim,124,9.826,23.996,0.792,91.101,0.056,125.771
2026-09-02T07:54:29.300008+07:00,c9_sim,125,6.791,34.207,0.912,90.116,0.059,132.085
2026-09-02T07:54:29.419367+07:00,c9_sim,126,5.594,37.449,1.362,78.619,0.051,123.075
2026-09-02T07:54:29.518122+07:00,c9_sim,127,6.882,28.623,0.863,67.644,0.058,104.069
2026-09-02T07:54:29.604370+07:00,c9_sim,128,6.702,23.946,1.047,59.616,0.058,91.368
2026-09-02T07:54:29.689962+07:00,c9_sim,129,5.491,24.541,0.848,57.399,0.055,88.332
2026-09-02T07:54:29.770643+07:00,c9_sim,130,5.655,23.939,0.870,54.459,0.052,84.975
2026-09-02T07:54:29.848805+07:00,c9_sim,131,5.950,21.929,0.845,53.724,0.052,82.501
2026-09-02T07:54:29.951911+07:00,c9_sim,132,8.221,22.693,0.753,51.927,0.038,83.631
2026-09-02T07:54:30.058793+07:00,c9_sim,133,5.694,18.718,0.542,60.149,0.043,85.145
2026-09-02T07:54:30.173851+07:00,c9_sim,134,5.188,19.724,0.550,67.084,0.035,92.581
2026-09-02T07:54:30.277064+07:00,c9_sim,135,6.246,17.214,0.553,58.123,0.036,82.172
2026-09-02T07:54:30.375108+07:00,c9_sim,136,6.488,18.677,0.671,51.952,0.028,77.814
2026-09-02T07:54:30.472205+07:00,c9_sim,137,5.643,21.134,0.635,48.127,0.041,75.580
2026-09-02T07:54:30.568541+07:00,c9_sim,138,6.436,22.299,0.644,51.076,0.052,80.508
2026-09-02T07:54:30.666830+07:00,c9_sim,139,6.010,22.523,0.726,47.677,0.043,76.980
2026-09-02T07:54:30.800781+07:00,c9_sim,140,8.736,26.963,0.726,52.504,0.045,88.974
2026-09-02T07:54:30.922909+07:00,c9_sim,141,7.431,22.592,0.680,97.240,0.060,128.003
2026-09-02T07:54:31.052732+07:00,c9_sim,142,7.268,43.644,0.998,82.748,0.046,134.704
2026-09-02T07:54:31.148026+07:00,c9_sim,143,5.676,27.504,1.069,65.039,0.043,99.331
2026-09-02T07:54:31.220164+07:00,c9_sim,144,5.820,23.159,0.768,46.900,0.037,76.683
2026-09-02T07:54:31.286585+07:00,c9_sim,145,5.439,16.946,0.676,47.538,0.037,70.636
2026-09-02T07:54:31.405015+07:00,c9_sim,146,6.716,22.935,0.893,41.707,0.025,72.276
2026-09-02T07:54:31.493406+07:00,c9_sim,147,7.132,17.969,0.670,42.678,0.055,68.505
2026-09-02T07:54:31.614354+07:00,c9_sim,148,7.336,25.195,0.847,48.103,0.042,81.523
2026-09-02T07:54:31.717458+07:00,c9_sim,149,8.665,25.436,0.835,50.404,0.050,85.390
2026-09-02T07:54:31.814685+07:00,c9_sim,150,7.465,23.536,0.777,47.372,0.048,79.199
2026-09-02T07:54:31.910730+07:00,c9_sim,151,7.589,20.269,0.669,48.378,0.045,76.950
2026-09-02T07:54:32.008732+07:00,c9_sim,152,7.918,22.733,0.805,49.407,0.055,80.918
2026-09-02T07:54:32.127563+07:00,c9_sim,153,8.965,25.174,0.747,46.574,0.052,81.512
2026-09-02T07:54:32.222999+07:00,c9_sim,154,7.130,20.684,0.819,46.674,0.055,75.361
2026-09-02T07:54:32.318409+07:00,c9_sim,155,5.759,16.228,0.600,52.070,0.031,74.688
2026-09-02T07:54:32.432298+07:00,c9_sim,156,6.271,17.983,0.855,42.760,0.044,67.913
2026-09-02T07:54:32.521242+07:00,c9_sim,157,7.373,21.591,0.869,41.097,0.046,70.978
2026-09-02T07:54:32.637385+07:00,c9_sim,158,10.219,29.117,0.847,38.672,0.043,78.898
2026-09-02T07:54:32.718738+07:00,c9_sim,159,8.180,18.382,0.683,38.737,0.038,66.020
2026-09-02T07:54:32.826765+07:00,c9_sim,160,10.944,23.566,0.765,35.147,0.047,70.469
2026-09-02T07:54:32.935846+07:00,c9_sim,161,8.672,23.289,0.747,35.505,0.037,68.250
2026-09-02T07:54:33.048673+07:00,c9_sim,162,6.058,30.088,0.666,35.025,0.033,71.869
2026-09-02T07:54:33.132657+07:00,c9_sim,163,6.648,17.530,0.643,38.648,0.043,63.511
2026-09-02T07:54:33.265374+07:00,c9_sim,164,8.000,22.040,1.093,56.360,0.056,87.549
2026-09-02T07:54:33.408602+07:00,c9_sim,165,9.083,28.006,0.715,90.133,0.082,128.020
2026-09-02T07:54:33.518229+07:00,c9_sim,166,8.039,32.947,1.054,72.384,0.063,114.486
2026-09-02T07:54:33.602025+07:00,c9_sim,167,6.009,23.926,0.773,56.846,0.043,87.597
2026-09-02T07:54:33.693951+07:00,c9_sim,168,6.031,22.338,0.743,66.957,0.069,96.138
2026-09-02T07:54:33.778457+07:00,c9_sim,169,7.348,22.070,0.990,57.134,0.055,87.596
2026-09-02T07:54:33.872547+07:00,c9_sim,170,7.785,23.070,0.735,43.175,0.063,74.827
2026-09-02T07:54:33.958159+07:00,c9_sim,171,8.770,20.086,0.721,37.838,0.044,67.459
2026-09-02T07:54:34.067890+07:00,c9_sim,172,8.918,22.568,0.680,35.013,0.048,67.226
2026-09-02T07:54:34.176482+07:00,c9_sim,173,10.687,26.101,0.876,32.253,0.038,69.956
2026-09-02T07:54:34.256536+07:00,c9_sim,174,7.463,18.695,0.620,35.283,0.032,62.093
2026-09-02T07:54:34.377307+07:00,c9_sim,175,7.826,22.054,0.684,45.010,0.051,75.626
2026-09-02T07:54:34.499940+07:00,c9_sim,176,7.138,24.696,0.689,50.399,0.048,82.970
2026-09-02T07:54:34.596606+07:00,c9_sim,177,9.304,22.376,0.736,46.528,0.061,79.004
2026-09-02T07:54:34.687005+07:00,c9_sim,178,9.989,22.974,0.854,40.245,0.036,74.099
2026-09-02T07:54:34.794161+07:00,c9_sim,179,7.276,24.750,0.797,35.111,0.053,67.987
2026-09-02T07:54:34.904912+07:00,c9_sim,180,9.389,24.231,0.929,35.044,0.032,69.624
2026-09-02T07:54:34.985799+07:00,c9_sim,181,7.116,19.983,0.657,37.146,0.040,64.942
2026-09-02T07:54:35.096184+07:00,c9_sim,182,8.671,23.739,0.827,33.411,0.032,66.681
2026-09-02T07:54:35.200077+07:00,c9_sim,183,10.575,21.793,0.599,31.994,0.034,64.995
2026-09-02T07:54:35.302411+07:00,c9_sim,184,7.931,20.169,0.647,31.994,0.031,60.772
2026-09-02T07:54:35.405225+07:00,c9_sim,185,8.558,21.023,0.546,36.583,0.031,66.741
2026-09-02T07:54:35.524944+07:00,c9_sim,186,6.979,21.861,1.009,47.960,0.070,77.879
2026-09-02T07:54:35.644644+07:00,c9_sim,187,9.670,27.083,1.205,67.178,0.076,105.212
2026-09-02T07:54:35.748865+07:00,c9_sim,188,11.004,27.955,0.895,49.344,0.042,89.240
2026-09-02T07:54:35.820953+07:00,c9_sim,189,7.511,21.011,0.741,48.838,0.050,78.151
2026-09-02T07:54:35.932126+07:00,c9_sim,190,9.444,22.291,0.769,40.534,0.040,73.078
2026-09-02T07:54:36.021839+07:00,c9_sim,191,8.314,22.409,0.677,39.468,0.050,70.919
2026-09-02T07:54:36.133296+07:00,c9_sim,192,7.963,20.698,0.759,41.717,0.049,71.185
2026-09-02T07:54:36.240982+07:00,c9_sim,193,10.123,24.140,0.658,37.723,0.048,72.691
2026-09-02T07:54:36.338683+07:00,c9_sim,194,7.403,26.963,0.713,44.331,0.036,79.447
2026-09-02T07:54:36.486249+07:00,c9_sim,195,7.923,28.212,0.725,71.088,0.043,107.991
2026-09-02T07:54:36.608883+07:00,c9_sim,196,7.144,30.990,0.935,88.667,0.072,127.808
2026-09-02T07:54:36.698519+07:00,c9_sim,197,5.508,25.306,0.944,61.231,0.073,93.063
2026-09-02T07:54:36.765179+07:00,c9_sim,198,6.101,18.204,0.635,46.317,0.043,71.300
2026-09-02T07:54:36.850333+07:00,c9_sim,199,7.248,20.353,0.762,40.439,0.048,68.849
2026-09-02T07:54:36.960084+07:00,c9_sim,200,8.889,24.057,0.795,34.931,0.056,68.728
2026-09-02T07:54:37.067782+07:00,c9_sim,201,8.944,26.468,0.943,32.623,0.033,69.012
2026-09-02T07:54:37.145047+07:00,c9_sim,202,7.437,16.882,0.787,33.174,0.048,58.327
2026-09-02T07:54:37.250657+07:00,c9_sim,203,6.211,18.082,0.578,34.703,0.043,59.615
2026-09-02T07:54:37.364154+07:00,c9_sim,204,8.772,23.428,0.874,36.491,0.043,69.608
2026-09-02T07:54:37.467817+07:00,c9_sim,205,9.833,21.235,0.506,35.528,0.025,67.127
2026-09-02T07:54:37.580051+07:00,c9_sim,206,7.875,23.222,0.843,36.743,0.053,68.735
2026-09-02T07:54:37.694209+07:00,c9_sim,207,8.945,26.251,0.834,36.462,0.045,72.537
2026-09-02T07:54:37.779211+07:00,c9_sim,208,7.511,18.762,0.745,38.843,0.054,65.914
2026-09-02T07:54:37.895458+07:00,c9_sim,209,8.112,24.971,0.995,39.096,0.050,73.223
2026-09-02T07:54:37.983103+07:00,c9_sim,210,8.862,20.696,0.750,39.660,0.044,70.011
2026-09-02T07:54:38.093545+07:00,c9_sim,211,9.589,23.112,0.724,37.607,0.043,71.074
2026-09-02T07:54:38.206829+07:00,c9_sim,212,7.899,24.876,0.728,35.522,0.036,69.060
2026-09-02T07:54:38.293188+07:00,c9_sim,213,7.473,21.833,0.827,37.017,0.053,67.203
2026-09-02T07:54:38.411236+07:00,c9_sim,214,6.538,28.417,0.674,40.959,0.040,76.628
2026-09-02T07:54:38.520473+07:00,c9_sim,215,7.271,20.383,0.873,61.093,0.047,89.667
2026-09-02T07:54:38.701151+07:00,c9_sim,216,7.263,34.668,0.941,117.464,0.066,160.403
2026-09-02T07:54:38.821674+07:00,c9_sim,217,6.776,35.476,1.051,82.232,0.049,125.584
2026-09-02T07:54:38.925175+07:00,c9_sim,218,8.638,31.223,0.875,68.593,0.122,109.451
2026-09-02T07:54:39.010191+07:00,c9_sim,219,11.797,27.951,0.903,54.471,0.071,95.192
2026-09-02T07:54:39.092954+07:00,c9_sim,220,8.991,27.160,0.776,52.999,0.043,89.968
2026-09-02T07:54:39.172838+07:00,c9_sim,221,6.274,23.052,0.673,54.760,0.047,84.805
2026-09-02T07:54:39.255645+07:00,c9_sim,222,5.536,23.056,0.717,57.590,0.055,86.953
2026-09-02T07:54:39.341973+07:00,c9_sim,223,6.544,24.312,0.712,59.818,0.043,91.429
2026-09-02T07:54:39.450410+07:00,c9_sim,224,8.384,22.465,1.060,58.024,0.043,89.976
2026-09-02T07:54:39.567251+07:00,c9_sim,225,7.953,24.838,0.704,68.152,0.065,101.711
2026-09-02T07:54:39.665546+07:00,c9_sim,226,5.700,23.641,0.955,70.608,0.053,100.958
2026-09-02T07:54:39.768086+07:00,c9_sim,227,7.209,25.090,1.019,51.611,0.044,84.973
2026-09-02T07:54:39.866693+07:00,c9_sim,228,7.261,27.204,0.820,43.826,0.049,79.162
2026-09-02T07:54:39.958437+07:00,c9_sim,229,7.164,22.421,0.827,44.221,0.052,74.684
2026-09-02T07:54:40.082797+07:00,c9_sim,230,9.759,22.440,0.669,50.316,0.037,83.221
2026-09-02T07:54:40.220004+07:00,c9_sim,231,6.115,21.519,0.823,113.496,0.049,142.002
2026-09-02T07:54:40.345349+07:00,c9_sim,232,7.812,35.974,1.089,86.091,0.094,131.059
2026-09-02T07:54:40.439995+07:00,c9_sim,233,5.108,28.602,1.248,62.810,0.043,97.811
2026-09-02T07:54:40.525473+07:00,c9_sim,234,5.769,24.693,0.733,58.579,0.047,89.822
2026-09-02T07:54:40.605976+07:00,c9_sim,235,6.158,22.353,0.537,56.186,0.052,85.287
2026-09-02T07:54:40.716925+07:00,c9_sim,236,7.007,24.426,1.128,84.221,0.050,116.832
2026-09-02T07:54:40.867473+07:00,c9_sim,237,6.109,49.680,0.854,98.408,0.043,155.095
2026-09-02T07:54:40.958551+07:00,c9_sim,238,6.680,25.971,0.960,61.418,0.045,95.074
2026-09-02T07:54:41.045495+07:00,c9_sim,239,7.155,25.235,0.870,59.260,0.051,92.572
2026-09-02T07:54:41.121475+07:00,c9_sim,240,6.097,19.830,0.677,53.921,0.062,80.588
2026-09-02T07:54:41.203372+07:00,c9_sim,241,5.909,24.778,0.900,54.613,0.050,86.250
2026-09-02T07:54:41.301905+07:00,c9_sim,242,7.469,23.240,0.771,48.005,0.046,79.530
2026-09-02T07:54:41.403049+07:00,c9_sim,243,12.914,27.647,1.283,44.570,0.040,86.454
2026-09-02T07:54:41.509875+07:00,c9_sim,244,6.502,22.458,0.775,55.959,0.042,85.735
2026-09-02T07:54:41.620587+07:00,c9_sim,245,7.576,25.813,0.892,60.264,0.060,94.605
2026-09-02T07:54:41.733437+07:00,c9_sim,246,8.873,26.222,0.964,58.092,0.045,94.195
2026-09-02T07:54:41.814028+07:00,c9_sim,247,6.917,21.162,0.683,57.271,0.049,86.081
2026-09-02T07:54:41.935705+07:00,c9_sim,248,7.976,22.454,0.695,54.683,0.052,85.860
2026-09-02T07:54:42.064667+07:00,c9_sim,249,9.293,41.921,0.636,58.612,0.035,110.497
2026-09-02T07:54:42.224514+07:00,c9_sim,250,6.458,26.776,0.777,130.489,0.051,164.552
2026-09-02T07:54:42.356290+07:00,c9_sim,251,6.823,31.161,0.794,98.390,0.041,137.208
2026-09-02T07:54:42.469918+07:00,c9_sim,252,6.509,30.459,0.944,80.685,0.057,118.653
2026-09-02T07:54:42.565934+07:00,c9_sim,253,8.397,28.997,1.247,63.985,0.073,102.699
2026-09-02T07:54:42.642694+07:00,c9_sim,254,7.305,22.380,0.732,51.832,0.054,82.303
2026-09-02T07:54:42.716996+07:00,c9_sim,255,7.433,21.869,0.673,50.276,0.045,80.297
2026-09-02T07:54:42.795201+07:00,c9_sim,256,6.301,19.143,0.583,57.055,0.042,83.124
2026-09-02T07:54:42.954938+07:00,c9_sim,257,6.211,25.788,0.661,131.905,0.084,164.649
2026-09-02T07:54:42.992273+07:00,c9_sim,258,5.781,36.134,0.000,0.000,0.019,41.934
2026-09-02T07:54:43.024474+07:00,c8_sim,57,9.347,28.207,1.225,0.000,0.018,38.797
2026-09-02T07:54:43.096879+07:00,c8_sim,58,9.189,24.675,0.800,0.000,0.014,34.678
2026-09-02T07:54:43.192708+07:00,c8_sim,59,8.528,24.029,0.000,0.000,0.011,32.568
2026-09-02T07:54:43.269063+07:00,c8_sim,60,9.436,24.541,0.672,0.000,0.010,34.658
2026-09-02T07:54:43.364118+07:00,c8_sim,61,14.988,21.460,0.837,0.004,0.109,37.397
2026-09-02T07:54:43.437935+07:00,c8_sim,62,8.677,22.507,0.000,0.000,0.013,31.196
2026-09-02T07:54:43.536151+07:00,c8_sim,63,11.841,23.145,0.000,0.000,0.015,35.001
2026-09-02T07:54:43.647568+07:00,c8_sim,64,14.409,34.955,0.000,0.000,0.522,49.887
2026-09-02T07:54:43.698706+07:00,c8_sim,65,9.613,23.829,0.843,0.005,0.038,34.329
2026-09-02T07:54:43.810726+07:00,c8_sim,66,11.352,41.743,0.000,0.000,0.021,53.116
2026-09-02T07:54:43.902207+07:00,c8_sim,67,9.252,36.457,1.125,0.007,0.022,46.863
2026-09-02T07:54:43.966812+07:00,c8_sim,68,8.532,34.820,1.487,0.009,0.027,44.875
2026-09-02T07:54:44.074165+07:00,c8_sim,69,11.852,36.112,0.000,0.000,0.026,47.991
2026-09-02T07:54:44.169104+07:00,c8_sim,70,10.417,39.938,1.143,0.008,0.024,51.530
2026-09-02T07:54:44.230912+07:00,c8_sim,71,8.737,35.673,0.000,0.000,0.016,44.426
2026-09-02T07:54:44.321892+07:00,c8_sim,72,8.551,35.928,0.917,0.000,0.016,45.412
2026-09-02T07:54:44.405116+07:00,c8_sim,73,7.350,30.753,0.000,0.000,0.016,38.119
2026-09-02T07:54:44.489893+07:00,c8_sim,74,7.135,30.661,0.695,0.000,0.014,38.505
2026-09-02T07:54:44.574389+07:00,c8_sim,75,7.003,31.713,0.000,0.000,0.012,38.728
2026-09-02T07:54:44.665986+07:00,c8_sim,76,12.481,36.307,1.119,0.000,0.018,49.924
2026-09-02T07:54:44.757026+07:00,c8_sim,77,11.883,36.858,1.083,0.007,0.212,50.043
2026-09-02T07:54:44.898749+07:00,c8_sim,78,11.672,33.402,1.154,57.969,0.020,104.217
2026-09-02T07:54:44.940243+07:00,c8_sim,79,7.837,11.860,0.573,28.160,0.017,48.446
2026-09-02T07:54:45.010412+07:00,c8_sim,80,7.979,14.701,0.709,29.786,0.020,53.196
2026-09-02T07:54:45.112525+07:00,c8_sim,81,8.388,22.421,0.652,29.355,0.016,60.832
2026-09-02T07:54:45.154118+07:00,c8_sim,82,8.263,14.005,0.716,0.004,0.014,23.002
2026-09-02T07:54:45.249604+07:00,c8_sim,83,13.774,20.607,0.860,0.004,0.015,35.261
2026-09-02T07:54:45.392293+07:00,c8_sim,84,15.628,26.218,1.104,36.408,0.023,79.381
2026-09-02T07:54:45.441200+07:00,c8_sim,85,8.032,15.684,0.639,31.585,0.032,55.973
2026-09-02T07:54:45.541039+07:00,c8_sim,86,9.251,17.013,0.515,31.273,0.028,58.080
2026-09-02T07:54:45.613509+07:00,c8_sim,87,7.770,14.847,0.714,30.355,0.021,53.706
2026-09-02T07:54:45.686251+07:00,c8_sim,88,10.121,20.537,0.000,0.000,0.010,30.668
2026-09-02T07:54:45.817055+07:00,c8_sim,89,11.581,23.776,0.713,33.662,0.015,69.747
2026-09-02T07:54:45.862762+07:00,c8_sim,90,7.306,14.041,0.525,30.163,0.018,52.053
2026-09-02T07:54:45.963734+07:00,c8_sim,91,10.497,18.179,0.618,30.343,0.023,59.659
2026-09-02T07:54:46.066018+07:00,c8_sim,92,9.830,18.778,0.650,30.115,0.023,59.396
2026-09-02T07:54:46.139262+07:00,c8_sim,93,8.408,17.467,0.764,30.194,0.021,56.854
2026-09-02T07:54:46.240480+07:00,c8_sim,94,10.317,19.405,0.674,30.180,0.013,60.588
2026-09-02T07:54:46.313285+07:00,c8_sim,95,9.186,16.135,0.592,29.050,0.017,54.979
2026-09-02T07:54:46.412300+07:00,c8_sim,96,10.479,16.380,0.650,29.004,0.019,56.533
2026-09-02T07:54:46.483929+07:00,c8_sim,97,8.815,17.803,0.688,29.499,0.021,56.826
2026-09-02T07:54:46.551238+07:00,c8_sim,98,7.685,12.671,0.514,27.579,0.019,48.468
2026-09-02T07:54:46.684296+07:00,c8_sim,99,14.155,22.893,0.698,33.465,0.024,71.234
2026-09-02T07:54:46.698437+07:00,c8_sim,100,9.258,12.673,0.567,0.004,0.011,22.512
2026-09-02T07:54:46.798696+07:00,c8_sim,101,12.078,21.124,0.830,0.005,0.016,34.053
2026-09-02T07:54:46.959887+07:00,c8_sim,102,14.771,28.321,1.106,52.611,0.040,96.849
2026-09-02T07:54:47.020846+07:00,c8_sim,103,8.818,17.651,0.720,41.380,0.037,68.606
2026-09-02T07:54:47.106464+07:00,c8_sim,104,7.602,20.849,0.776,37.966,0.035,67.229
2026-09-02T07:54:47.186605+07:00,c8_sim,105,7.348,21.798,0.553,32.233,0.033,61.965
2026-09-02T07:54:47.259097+07:00,c8_sim,106,8.940,16.230,0.472,31.750,0.032,57.424
2026-09-02T07:54:47.357445+07:00,c8_sim,107,10.829,17.453,0.412,30.292,0.035,59.021
2026-09-02T07:54:47.427122+07:00,c8_sim,108,8.424,14.217,0.410,28.439,0.033,51.523
2026-09-02T07:54:47.531365+07:00,c8_sim,109,9.990,20.237,0.670,29.944,0.035,60.876
2026-09-02T07:54:47.603155+07:00,c8_sim,110,9.094,18.385,0.670,29.073,0.031,57.253
2026-09-02T07:54:47.700448+07:00,c8_sim,111,8.898,19.340,0.553,30.602,0.035,59.428
2026-09-02T07:54:47.772129+07:00,c8_sim,112,8.948,14.949,0.697,31.408,0.034,56.036
2026-09-02T07:54:47.877662+07:00,c8_sim,113,10.146,18.496,0.637,33.301,0.034,62.615
2026-09-02T07:54:47.953450+07:00,c8_sim,114,7.618,18.012,0.706,32.225,0.031,58.593
2026-09-02T07:54:48.026668+07:00,c8_sim,115,8.980,15.674,0.647,34.059,0.043,59.403
2026-09-02T07:54:48.134881+07:00,c8_sim,116,11.215,21.879,0.637,33.266,0.032,67.028
2026-09-02T07:54:48.212421+07:00,c8_sim,117,8.942,18.879,0.539,31.191,0.034,59.586
2026-09-02T07:54:48.281436+07:00,c8_sim,118,8.832,15.468,0.547,30.918,0.031,55.795
2026-09-02T07:54:48.372626+07:00,c8_sim,119,9.407,15.352,0.546,29.462,0.023,54.791
2026-09-02T07:54:48.446220+07:00,c8_sim,120,8.860,20.911,0.661,0.005,0.014,30.451
2026-09-02T07:54:48.548065+07:00,c8_sim,121,14.272,19.311,0.539,30.289,0.034,64.445
2026-09-02T07:54:48.652093+07:00,c8_sim,122,11.588,21.562,0.650,30.150,0.032,63.983
2026-09-02T07:54:48.729612+07:00,c8_sim,123,9.292,19.182,0.536,31.502,0.032,60.543
2026-09-02T07:54:48.803569+07:00,c8_sim,124,8.170,13.777,0.524,32.041,0.025,54.536
2026-09-02T07:54:48.905801+07:00,c8_sim,125,7.237,17.969,0.694,30.332,0.036,56.266
2026-09-02T07:54:48.983338+07:00,c8_sim,126,7.689,18.432,0.758,33.865,0.034,60.778
2026-09-02T07:54:49.093370+07:00,c8_sim,127,12.110,25.212,0.729,32.315,0.024,70.390
2026-09-02T07:54:49.108984+07:00,c8_sim,128,6.505,15.229,0.000,0.000,0.009,21.743
2026-09-02T07:54:49.204471+07:00,c10_sim,1,9.903,18.796,0.000,0.000,0.006,28.705
2026-09-02T07:54:49.385304+07:00,c10_sim,2,11.938,34.941,0.000,0.000,0.012,46.891
2026-09-02T07:54:49.516390+07:00,c10_sim,3,9.300,31.831,0.000,0.000,0.010,41.141
2026-09-02T07:54:49.673672+07:00,c10_sim,4,13.829,33.331,0.000,0.000,0.011,47.171
2026-09-02T07:54:49.802077+07:00,c10_sim,5,12.039,29.906,0.000,0.000,0.005,41.951
2026-09-02T07:54:49.957367+07:00,c10_sim,6,7.496,35.890,0.000,0.000,0.013,43.399
2026-09-02T07:54:50.178992+07:00,c10_sim,7,12.549,34.671,0.622,58.397,0.112,106.351
2026-09-02T07:54:50.253028+07:00,c10_sim,8,10.493,18.182,0.561,29.263,0.020,58.520
2026-09-02T07:54:50.398966+07:00,c10_sim,9,10.223,21.025,0.611,32.403,0.023,64.285
2026-09-02T07:54:50.564298+07:00,c10_sim,10,11.729,25.930,0.867,37.592,0.024,76.142
2026-09-02T07:54:50.702054+07:00,c10_sim,11,12.542,25.626,0.745,42.665,0.031,81.609
2026-09-02T07:54:50.849525+07:00,c10_sim,12,11.764,24.090,0.871,47.895,0.044,84.664
2026-09-02T07:54:50.994224+07:00,c10_sim,13,8.105,22.983,0.939,44.462,0.025,76.514
2026-09-02T07:54:51.128608+07:00,c10_sim,14,9.073,23.141,0.796,37.955,0.022,70.987
2026-09-02T07:54:51.324122+07:00,c10_sim,15,9.803,23.617,0.786,74.159,0.116,108.481
2026-09-02T07:54:51.460843+07:00,c10_sim,16,10.903,22.881,0.818,62.237,0.022,96.860
2026-09-02T07:54:51.590935+07:00,c10_sim,17,10.342,23.253,0.746,59.125,0.025,93.492
2026-09-02T07:54:51.722389+07:00,c10_sim,18,12.979,19.951,0.731,58.434,0.024,92.119
2026-09-02T07:54:51.869707+07:00,c10_sim,19,15.071,16.696,0.625,54.239,0.017,86.648
2026-09-02T07:54:52.013812+07:00,c10_sim,20,5.948,11.888,0.584,55.490,0.016,73.926
2026-09-02T07:54:52.157066+07:00,c10_sim,21,5.932,12.321,0.486,55.246,0.015,74.000
2026-09-02T07:54:52.310013+07:00,c10_sim,22,7.429,15.982,0.596,58.457,0.023,82.488
2026-09-02T07:54:52.460993+07:00,c10_sim,23,9.936,23.877,0.856,59.920,0.038,94.627
2026-09-02T07:54:52.589972+07:00,c10_sim,24,9.954,17.841,0.637,62.765,0.033,91.230
2026-09-02T07:54:52.756150+07:00,c10_sim,25,13.457,25.196,0.792,63.475,0.040,102.960
2026-09-02T07:54:52.902577+07:00,c10_sim,26,10.478,24.458,0.994,69.269,0.039,105.239
2026-09-02T07:54:53.052279+07:00,c10_sim,27,9.810,22.522,0.869,78.926,0.046,112.173
2026-09-02T07:54:53.212876+07:00,c10_sim,28,7.066,16.277,0.733,118.008,0.098,142.182
2026-09-02T07:54:53.369665+07:00,c10_sim,29,10.526,23.844,1.047,104.063,0.062,139.542
2026-09-02T07:54:53.511102+07:00,c10_sim,30,7.132,21.882,0.966,116.885,0.060,146.925
2026-09-02T07:54:53.648247+07:00,c10_sim,31,9.593,22.924,0.827,111.413,0.068,144.826
2026-09-02T07:54:53.795484+07:00,c10_sim,32,9.361,20.651,0.847,101.612,0.079,132.551
2026-09-02T07:54:53.941808+07:00,c10_sim,33,9.028,23.508,1.007,94.802,0.068,128.414
2026-09-02T07:54:54.072944+07:00,c10_sim,34,7.792,21.109,0.819,107.273,0.095,137.088
2026-09-02T07:54:54.221983+07:00,c10_sim,35,10.483,24.446,0.958,96.837,0.067,132.791
2026-09-02T07:54:54.421320+07:00,c10_sim,36,9.777,29.628,0.836,140.907,0.063,181.210
2026-09-02T07:54:54.718413+07:00,c10_sim,37,7.046,63.055,0.789,230.847,0.065,301.803
2026-09-02T07:54:54.866009+07:00,c10_sim,38,7.119,26.315,0.788,118.422,0.062,152.706
2026-09-02T07:54:54.938535+07:00,c10_sim,39,7.287,24.494,0.942,45.308,0.048,78.080
2026-09-02T07:54:55.005957+07:00,c10_sim,40,8.086,19.251,0.978,45.059,0.048,73.423
2026-09-02T07:54:55.078258+07:00,c10_sim,41,8.028,22.441,0.904,46.939,0.054,78.366
2026-09-02T07:54:55.221171+07:00,c10_sim,42,8.062,21.655,0.885,96.512,0.049,127.165
2026-09-02T07:54:55.440352+07:00,c10_sim,43,10.072,24.533,1.058,165.903,0.096,201.662
2026-09-02T07:54:55.614428+07:00,c10_sim,44,6.988,27.694,1.259,142.456,0.080,178.477
2026-09-02T07:54:55.702282+07:00,c10_sim,45,7.901,29.070,1.222,55.181,0.134,93.508
2026-09-02T07:54:55.729608+07:00,c10_sim,46,7.456,24.482,1.227,0.006,0.021,33.192
2026-09-02T07:54:55.862562+07:00,c10_sim,47,12.139,29.770,0.000,0.000,0.014,41.924
2026-09-02T07:54:56.011603+07:00,c10_sim,48,10.668,33.026,0.000,0.000,0.027,43.722
2026-09-02T07:54:56.145638+07:00,c10_sim,49,14.293,31.918,1.014,0.008,0.027,47.260
2026-09-02T07:54:56.296165+07:00,c10_sim,50,12.703,28.283,0.000,0.000,0.016,41.001
2026-09-02T07:54:56.434500+07:00,c10_sim,51,10.827,33.062,1.004,0.006,0.019,44.918
2026-09-02T07:54:56.597715+07:00,c10_sim,52,9.000,35.275,1.153,0.007,0.022,45.457
2026-09-02T07:54:56.732688+07:00,c10_sim,53,13.754,31.706,1.435,0.007,0.027,46.929
2026-09-02T07:54:56.865076+07:00,c10_sim,54,10.423,33.819,1.304,0.008,0.026,45.580
2026-09-02T07:54:57.025058+07:00,c10_sim,55,11.240,35.146,1.295,0.007,0.026,47.714
2026-09-02T07:54:57.160399+07:00,c10_sim,56,13.280,33.395,0.000,0.000,0.025,46.699
2026-09-02T07:54:57.320929+07:00,c10_sim,57,14.288,36.358,1.144,0.007,0.025,51.822
2026-09-02T07:54:57.455725+07:00,c10_sim,58,13.845,34.232,0.000,0.000,0.023,48.100
2026-09-02T07:54:57.647188+07:00,c12_sim,1,10.439,34.493,0.776,57.267,0.061,103.035
2026-09-02T07:54:57.740184+07:00,c12_sim,2,9.527,16.382,0.509,27.067,0.018,53.504
2026-09-02T07:54:57.933780+07:00,c12_sim,3,12.752,32.625,0.916,61.818,0.042,108.153
2026-09-02T07:54:58.011314+07:00,c12_sim,4,11.299,26.810,0.000,0.000,0.012,38.120
2026-09-02T07:54:58.214882+07:00,c12_sim,5,13.843,33.839,1.035,50.819,0.025,99.562
2026-09-02T07:54:58.317343+07:00,c12_sim,6,8.920,22.096,0.624,28.571,0.021,60.232
2026-09-02T07:54:58.498157+07:00,c12_sim,7,14.514,34.443,0.984,51.110,0.026,101.076
2026-09-02T07:54:58.598081+07:00,c12_sim,8,8.774,22.896,0.646,28.734,0.024,61.074
2026-09-02T07:54:58.735870+07:00,c12_sim,9,14.319,28.682,2.514,31.048,0.023,76.586
2026-09-02T07:54:58.870516+07:00,c12_sim,10,10.135,27.386,0.802,35.715,0.129,74.168
2026-09-02T07:54:59.001431+07:00,c12_sim,11,7.165,18.320,0.645,43.025,0.043,69.198
2026-09-02T07:54:59.186397+07:00,c12_sim,12,7.602,28.818,0.806,58.305,0.028,95.559
2026-09-02T07:54:59.311497+07:00,c12_sim,13,6.261,22.752,0.929,56.230,0.048,86.220
2026-09-02T07:54:59.451298+07:00,c12_sim,14,6.438,25.421,0.758,69.232,0.087,101.935
2026-09-02T07:54:59.669622+07:00,c12_sim,15,8.873,86.130,5.332,52.987,0.028,153.350
2026-09-02T07:54:59.746974+07:00,c12_sim,16,9.254,23.324,0.809,51.187,0.029,84.604
2026-09-02T07:54:59.863171+07:00,c12_sim,17,8.979,30.448,0.807,57.858,0.034,98.126
2026-09-02T07:54:59.985042+07:00,c12_sim,18,8.764,25.799,1.134,50.472,0.055,86.224
2026-09-02T07:55:00.111745+07:00,c12_sim,19,8.292,15.983,0.606,38.937,0.043,63.861
2026-09-02T07:55:00.237942+07:00,c12_sim,20,6.098,15.082,0.614,32.751,0.025,54.571
2026-09-02T07:55:00.379773+07:00,c12_sim,21,7.020,18.784,0.808,30.246,0.043,56.900
2026-09-02T07:55:00.570759+07:00,c12_sim,22,14.651,34.699,1.125,56.629,0.070,107.174
2026-09-02T07:55:00.640292+07:00,c12_sim,23,9.126,21.690,0.000,0.000,0.010,30.826
2026-09-02T07:55:00.783463+07:00,c12_sim,24,11.914,29.031,0.000,0.000,0.012,40.957
2026-09-02T07:55:00.904344+07:00,c12_sim,25,10.571,26.393,0.000,0.000,0.024,36.988
2026-09-02T07:55:01.056525+07:00,c12_sim,26,12.689,28.071,1.599,0.000,0.023,42.382
2026-09-02T07:55:01.203452+07:00,c12_sim,27,10.738,27.763,0.965,0.000,0.021,39.487
2026-09-02T07:55:01.335055+07:00,c12_sim,28,8.943,31.427,1.089,0.000,0.020,41.478
2026-09-02T07:55:01.469223+07:00,c12_sim,29,9.593,35.599,0.000,0.000,0.025,45.217
2026-09-02T07:55:01.599896+07:00,c12_sim,30,6.206,31.255,0.849,0.009,0.173,38.492
2026-09-02T07:55:01.752360+07:00,c12_sim,31,8.613,34.827,0.000,0.000,0.025,43.465
2026-09-02T07:55:01.891488+07:00,c11_sim,1,6.158,38.574,0.000,0.000,0.013,44.745
2026-09-02T07:55:02.025701+07:00,c11_sim,2,12.946,36.712,0.000,0.000,0.014,49.672
2026-09-02T07:55:02.130130+07:00,c11_sim,3,8.943,32.949,0.000,0.000,0.013,41.904
2026-09-02T07:55:02.257318+07:00,c11_sim,4,9.446,35.046,0.000,0.000,0.011,44.504
2026-09-02T07:55:02.398314+07:00,c11_sim,5,10.812,24.667,0.544,43.188,0.065,79.276
2026-09-02T07:55:02.531301+07:00,c11_sim,6,9.820,21.865,0.638,38.091,0.024,70.438
2026-09-02T07:55:02.638916+07:00,c11_sim,7,7.316,23.128,0.759,36.871,0.025,68.098
2026-09-02T07:55:02.733146+07:00,c11_sim,8,12.171,23.920,0.000,0.000,0.015,36.107
2026-09-02T07:55:02.860297+07:00,c11_sim,9,14.424,33.271,0.000,0.000,0.027,47.722
2026-09-02T07:55:03.014710+07:00,c11_sim,10,15.076,30.664,0.940,51.778,0.027,98.484
2026-09-02T07:55:03.117252+07:00,c11_sim,11,12.091,23.018,0.624,28.477,0.023,64.232
2026-09-02T07:55:03.236786+07:00,c11_sim,12,7.838,23.597,0.722,29.594,0.023,61.775
2026-09-02T07:55:03.373027+07:00,c11_sim,13,14.598,27.889,0.972,33.322,0.023,76.804
2026-09-02T07:55:03.473636+07:00,c11_sim,14,8.763,21.861,0.618,29.603,0.026,60.871
2026-09-02T07:55:03.602022+07:00,c11_sim,15,9.633,25.675,0.500,29.181,0.024,65.012
2026-09-02T07:55:03.705659+07:00,c11_sim,16,8.438,22.026,0.617,29.989,0.025,61.096
2026-09-02T07:55:03.827479+07:00,c11_sim,17,10.875,24.339,0.623,29.235,0.022,65.094
2026-09-02T07:55:03.924383+07:00,c11_sim,18,12.184,24.717,0.000,0.000,0.014,36.915
2026-09-02T07:55:04.053818+07:00,c11_sim,19,13.452,33.302,0.000,0.000,0.025,46.779
2026-09-02T07:55:04.161327+07:00,c11_sim,20,6.965,34.484,0.000,0.000,0.023,41.472
2026-09-02T07:55:04.296566+07:00,c11_sim,21,13.618,40.281,0.000,0.000,0.026,53.925
2026-09-02T07:55:04.420805+07:00,c11_sim,22,12.645,34.372,0.000,0.000,0.024,47.041
2026-09-02T07:55:04.530426+07:00,c11_sim,23,10.000,34.929,0.000,0.000,0.024,44.953
2026-09-02T07:55:04.660815+07:00,c11_sim,24,14.108,33.991,0.000,0.000,0.023,48.123
2026-09-02T07:55:04.763195+07:00,c11_sim,25,11.970,32.446,0.000,0.000,0.024,44.440
2026-09-02T07:55:04.891418+07:00,c11_sim,26,12.594,35.974,0.000,0.000,0.024,48.592
2026-09-02T07:55:05.079440+07:00,c11_sim,27,14.989,33.617,1.020,57.716,0.029,107.372
2026-09-02T07:55:05.123626+07:00,c11_sim,28,11.135,21.177,0.000,0.000,0.013,32.325
2026-09-02T07:55:05.255983+07:00,c11_sim,29,15.232,35.647,0.000,0.000,0.025,50.904
2026-09-02T07:55:05.382445+07:00,c11_sim,30,14.678,34.564,0.000,0.000,0.029,49.272
2026-09-02T07:55:05.486545+07:00,c11_sim,31,9.204,32.709,0.000,0.000,0.027,41.940
2026-09-02T07:55:05.616652+07:00,c11_sim,32,13.721,34.955,0.000,0.000,0.022,48.697
2026-09-02T07:55:05.798010+07:00,c11_sim,33,11.171,33.883,0.997,52.927,0.029,99.007
2026-09-02T07:55:05.841647+07:00,c11_sim,34,7.104,13.550,0.594,28.640,0.018,49.907
2026-09-02T07:55:06.034222+07:00,c11_sim,35,14.377,32.648,0.920,60.375,0.037,108.356
2026-09-02T07:55:06.118365+07:00,c11_sim,36,10.328,22.644,0.758,34.649,0.026,68.405
2026-09-02T07:55:06.216800+07:00,c11_sim,37,6.502,19.236,0.737,31.250,0.040,57.765
2026-09-02T07:55:06.343289+07:00,c11_sim,38,8.139,20.888,0.747,32.696,0.036,62.505
2026-09-02T07:55:06.508058+07:00,c11_sim,39,63.577,14.377,0.565,32.434,0.022,110.975
2026-09-02T07:55:06.582822+07:00,c11_sim,40,6.252,15.445,0.494,35.189,0.028,57.408
2026-09-02T07:55:06.709441+07:00,c11_sim,41,6.675,15.109,0.597,36.617,0.045,59.043
2026-09-02T07:55:06.844430+07:00,c11_sim,42,9.986,25.138,0.809,36.909,0.037,72.879
2026-09-02T07:55:06.943258+07:00,c11_sim,43,6.869,16.040,0.546,33.091,0.037,56.583
2026-09-02T07:55:07.062978+07:00,c11_sim,44,6.849,15.015,0.633,28.573,0.026,51.096
2026-09-02T07:55:07.188435+07:00,c11_sim,45,12.298,22.580,0.774,29.791,0.037,65.480
2026-09-02T07:55:07.316565+07:00,c11_sim,46,9.013,22.486,0.749,30.545,0.037,62.830
2026-09-02T07:55:07.418711+07:00,c11_sim,47,10.794,20.902,0.633,29.684,0.032,62.044
2026-09-02T07:55:07.558289+07:00,c11_sim,48,11.274,28.527,0.978,32.931,0.040,73.750
2026-09-02T07:55:07.658248+07:00,c11_sim,49,7.676,20.182,0.582,32.063,0.040,60.543
2026-09-02T07:55:07.779004+07:00,c11_sim,50,7.471,18.851,0.568,31.561,0.033,58.484
2026-09-02T07:55:07.906595+07:00,c11_sim,51,12.259,24.324,0.656,30.461,0.038,67.738
2026-09-02T07:55:08.028790+07:00,c11_sim,52,13.624,21.246,0.674,30.243,0.035,65.821
2026-09-02T07:55:08.156758+07:00,c11_sim,53,11.434,21.039,0.678,30.735,0.033,63.920
2026-09-02T07:55:08.263282+07:00,c11_sim,54,8.788,20.266,0.780,38.488,0.042,68.364
2026-09-02T07:55:08.405386+07:00,c11_sim,55,12.214,22.077,0.716,43.567,0.042,78.616
2026-09-02T07:55:08.540169+07:00,c11_sim,56,11.402,27.075,0.897,59.281,0.089,98.744
2026-09-02T07:55:08.667787+07:00,c11_sim,57,13.164,29.210,0.896,54.610,0.052,97.932
2026-09-02T07:55:08.758919+07:00,c11_sim,58,11.254,23.788,0.756,40.953,0.042,76.793
2026-09-02T07:55:08.867415+07:00,c11_sim,59,13.115,22.804,0.739,34.343,0.036,71.038
2026-09-02T07:55:08.995031+07:00,c11_sim,60,14.148,25.567,0.654,29.096,0.034,69.500
2026-09-02T07:55:09.094600+07:00,c11_sim,61,8.210,24.364,0.664,29.532,0.054,62.825
2026-09-02T07:55:09.213776+07:00,c11_sim,62,8.153,19.314,0.546,30.572,0.035,58.619
2026-09-02T07:55:09.341299+07:00,c11_sim,63,15.581,24.873,0.574,29.439,0.035,70.502
2026-09-02T07:55:09.458342+07:00,c11_sim,64,12.816,22.572,0.599,29.967,0.035,65.989
2026-09-02T07:55:09.585125+07:00,c11_sim,65,8.594,23.657,0.800,31.962,0.038,65.051
2026-09-02T07:55:09.680730+07:00,c11_sim,66,13.328,22.101,0.000,0.000,0.013,35.442
2026-09-02T07:55:09.863007+07:00,c11_sim,67,12.968,32.476,0.993,56.204,0.042,102.684
2026-09-02T07:55:09.939200+07:00,c11_sim,68,10.172,21.306,0.578,28.479,0.032,60.567
2026-09-02T07:55:10.063432+07:00,c11_sim,69,15.291,22.505,0.815,28.958,0.033,67.602
2026-09-02T07:55:10.187735+07:00,c11_sim,70,14.280,22.812,0.661,28.613,0.034,66.401
2026-09-02T07:55:10.316169+07:00,c11_sim,71,14.338,26.545,0.816,29.661,0.039,71.399
2026-09-02T07:55:10.415786+07:00,c11_sim,72,10.179,20.036,0.737,32.256,0.033,63.241
2026-09-02T07:55:10.582272+07:00,c11_sim,73,6.910,21.237,1.029,69.436,0.084,98.696
2026-09-02T07:55:10.699566+07:00,c11_sim,74,9.307,16.760,0.749,75.716,0.059,102.590
2026-09-02T07:55:10.859036+07:00,c11_sim,75,9.813,21.359,0.911,113.643,0.073,145.799
2026-09-02T07:55:10.961146+07:00,c11_sim,76,7.827,25.738,1.216,73.598,0.035,108.415
2026-09-02T07:55:11.041725+07:00,c11_sim,77,8.811,25.563,1.101,51.630,0.037,87.143
2026-09-02T07:55:11.148822+07:00,c11_sim,78,14.575,21.188,0.888,37.559,0.035,74.246
2026-09-02T07:55:11.314468+07:00,c11_sim,79,14.920,27.793,1.032,62.536,0.043,106.325
2026-09-02T07:55:11.430269+07:00,c11_sim,80,7.080,19.782,0.784,69.041,0.053,96.740
2026-09-02T07:55:11.563491+07:00,c11_sim,81,7.876,21.237,0.970,84.673,0.037,114.792
2026-09-02T07:55:11.714595+07:00,c11_sim,82,6.495,17.307,0.621,131.641,0.066,156.131
2026-09-02T07:55:11.837384+07:00,c11_sim,83,7.297,24.047,1.116,95.992,0.058,128.510
2026-09-02T07:55:11.955180+07:00,c11_sim,84,9.944,22.862,0.895,92.529,0.045,126.274
2026-09-02T07:55:12.087096+07:00,c11_sim,85,8.235,24.589,1.012,104.759,0.054,138.649
2026-09-02T07:55:12.237203+07:00,c11_sim,86,9.530,25.850,0.992,121.525,0.069,157.966
2026-09-02T07:55:12.365553+07:00,c11_sim,87,6.828,25.165,0.976,100.615,0.051,133.635
2026-09-02T07:55:12.518161+07:00,c11_sim,88,7.322,36.703,0.747,113.606,0.054,158.431
2026-09-02T07:55:12.754045+07:00,c11_sim,89,11.548,32.047,0.907,201.154,0.105,245.761
2026-09-02T07:55:12.926131+07:00,c11_sim,90,9.988,28.893,0.847,140.428,0.073,180.229
2026-09-02T07:55:13.062257+07:00,c11_sim,91,11.001,29.528,1.422,103.343,0.063,145.358
2026-09-02T07:55:13.185413+07:00,c11_sim,92,12.085,23.230,1.103,97.136,0.076,133.631
2026-09-02T07:55:13.318542+07:00,c11_sim,93,10.397,26.439,0.957,104.015,0.093,141.901
2026-09-02T07:55:13.447257+07:00,c11_sim,94,6.606,22.892,0.922,103.265,0.082,133.767
2026-09-02T07:55:13.565591+07:00,c11_sim,95,6.726,23.274,0.952,92.467,0.073,123.493
2026-09-02T07:55:13.681853+07:00,c11_sim,96,6.291,25.151,0.819,88.590,0.057,120.908
2026-09-02T07:55:13.820598+07:00,c11_sim,97,7.836,20.308,0.839,116.161,0.076,145.220
2026-09-02T07:55:13.951245+07:00,c11_sim,98,7.587,24.206,1.168,103.638,0.080,136.679
2026-09-02T07:55:14.069880+07:00,c11_sim,99,7.211,22.092,1.113,93.852,0.063,124.331
2026-09-02T07:55:14.207946+07:00,c11_sim,100,7.381,26.003,0.984,109.479,0.067,143.914
2026-09-02T07:55:14.367073+07:00,c11_sim,101,11.693,23.038,0.872,133.618,0.074,169.294
2026-09-02T07:55:14.511840+07:00,c11_sim,102,10.961,28.453,1.158,113.476,0.076,154.123
2026-09-02T07:55:14.651676+07:00,c11_sim,103,10.019,24.799,1.020,112.214,0.077,148.130
2026-09-02T07:55:14.808738+07:00,c11_sim,104,7.426,29.916,0.934,124.322,0.089,162.687
2026-09-02T07:55:14.961133+07:00,c11_sim,105,7.889,25.461,0.899,124.279,0.082,158.610
2026-09-02T07:55:15.123088+07:00,c11_sim,106,7.643,23.633,1.053,135.165,0.121,167.614
2026-09-02T07:55:15.317105+07:00,c11_sim,107,6.344,40.071,0.811,151.275,0.063,198.565
2026-09-02T07:55:15.453046+07:00,c11_sim,108,12.163,28.659,1.058,104.596,0.059,146.535
2026-09-02T07:55:15.576211+07:00,c11_sim,109,8.718,20.121,1.006,98.838,0.078,128.762
2026-09-02T07:55:15.734548+07:00,c11_sim,110,7.834,22.261,1.002,133.377,0.085,164.560
2026-09-02T07:55:15.897432+07:00,c11_sim,111,8.574,29.880,0.836,130.592,0.095,169.977
2026-09-02T07:55:16.017979+07:00,c11_sim,112,13.628,24.805,0.967,93.274,0.073,132.746
2026-09-02T07:55:16.132664+07:00,c11_sim,113,7.355,19.837,0.860,92.676,0.055,120.783
2026-09-02T07:55:16.257889+07:00,c11_sim,114,7.959,18.987,0.796,103.928,0.077,131.747
2026-09-02T07:55:16.383611+07:00,c11_sim,115,6.708,22.236,0.882,100.996,0.091,130.913
2026-09-02T07:55:16.502696+07:00,c11_sim,116,12.842,23.644,0.892,92.847,0.086,130.311
2026-09-02T07:55:16.621910+07:00,c11_sim,117,9.190,21.444,0.833,95.343,0.057,126.867
2026-09-02T07:55:16.744429+07:00,c11_sim,118,9.470,18.546,0.721,101.654,0.058,130.450
2026-09-02T07:55:16.862244+07:00,c11_sim,119,6.463,18.783,0.799,96.623,0.057,122.725
2026-09-02T07:55:17.001750+07:00,c11_sim,120,7.866,20.805,0.884,116.127,0.066,145.748
2026-09-02T07:55:17.149201+07:00,c11_sim,121,7.607,26.804,1.092,117.898,0.063,153.466
2026-09-02T07:55:17.307681+07:00,c11_sim,122,6.332,25.756,1.072,128.369,0.078,161.607
2026-09-02T07:55:17.462627+07:00,c11_sim,123,6.610,26.347,0.991,125.837,0.067,159.851
2026-09-02T07:55:17.605241+07:00,c11_sim,124,6.306,24.814,0.881,115.251,0.067,147.318
2026-09-02T07:55:17.730102+07:00,c11_sim,125,7.803,26.544,1.138,95.523,0.059,131.067
2026-09-02T07:55:17.846735+07:00,c11_sim,126,7.630,20.174,0.893,94.280,0.062,123.038
2026-09-02T07:55:18.001942+07:00,c11_sim,127,6.957,25.451,0.903,127.434,0.060,160.805
2026-09-02T07:55:18.163179+07:00,c11_sim,128,8.105,28.583,1.158,129.671,0.071,167.589
2026-09-02T07:55:18.300689+07:00,c11_sim,129,7.862,24.440,0.996,110.455,0.069,143.822
2026-09-02T07:55:18.439752+07:00,c11_sim,130,8.056,25.941,1.081,110.213,0.065,145.356
2026-09-02T07:55:18.605059+07:00,c11_sim,131,7.495,26.848,0.933,135.966,0.068,171.311
2026-09-02T07:55:18.750202+07:00,c11_sim,132,7.846,30.779,1.407,111.333,0.060,151.425
2026-09-02T07:55:18.818334+07:00,c11_sim,133,8.399,18.937,0.932,47.217,0.050,75.535
2026-09-02T07:55:18.884987+07:00,c11_sim,134,6.518,19.590,0.792,45.318,0.032,72.251
2026-09-02T07:55:18.951874+07:00,c11_sim,135,6.667,18.076,0.801,47.085,0.044,72.673
2026-09-02T07:55:19.020919+07:00,c11_sim,136,9.126,19.742,0.735,47.528,0.047,77.179
2026-09-02T07:55:19.102215+07:00,c11_sim,137,9.687,21.897,0.594,57.695,0.052,89.924
2026-09-02T07:55:19.177931+07:00,c11_sim,138,6.061,21.083,0.888,52.445,0.066,80.543
2026-09-02T07:55:19.249447+07:00,c11_sim,139,8.025,21.590,0.911,47.791,0.050,78.366
2026-09-02T07:55:19.268185+07:00,c11_sim,140,6.936,18.520,0.000,0.000,0.014,25.470
2026-09-02T07:55:19.283775+07:00,c11_sim,141,11.168,15.406,0.000,0.000,0.012,26.585
2026-09-02T07:55:19.341840+07:00,c11_sim,142,8.997,15.881,0.829,40.094,0.047,65.849
2026-09-02T07:55:19.413724+07:00,c11_sim,143,7.075,16.092,0.876,53.629,0.058,77.730
2026-09-02T07:55:19.513362+07:00,c11_sim,144,6.572,26.282,1.127,68.215,0.054,102.251
2026-09-02T07:55:19.678556+07:00,c11_sim,145,7.679,24.435,0.711,138.369,0.240,171.434
2026-09-02T07:55:19.811842+07:00,c11_sim,146,6.559,26.364,1.139,104.075,0.075,138.211
2026-09-02T07:55:19.931706+07:00,c11_sim,147,6.237,22.151,0.962,93.532,0.685,123.567
2026-09-02T07:55:20.050667+07:00,c11_sim,148,6.818,20.420,0.765,96.379,0.103,124.484
2026-09-02T07:55:20.178838+07:00,c11_sim,149,8.235,23.127,0.884,102.620,0.065,134.931
2026-09-02T07:55:20.252977+07:00,c11_sim,150,8.635,24.369,1.051,47.448,0.065,81.568
2026-09-02T07:55:20.318764+07:00,c11_sim,151,8.533,20.492,0.897,43.246,0.053,73.222
2026-09-02T07:55:20.378381+07:00,c11_sim,152,6.314,16.236,0.557,41.806,0.047,64.960
2026-09-02T07:55:20.446845+07:00,c11_sim,153,8.381,19.070,0.891,47.497,0.048,75.887
2026-09-02T07:55:20.519044+07:00,c11_sim,154,10.592,18.688,1.090,50.973,0.061,81.405
2026-09-02T07:55:20.593561+07:00,c11_sim,155,5.675,21.613,1.018,50.307,0.056,78.669
2026-09-02T07:55:20.713329+07:00,c11_sim,156,5.304,21.198,0.922,95.995,0.060,123.478
2026-09-02T07:55:20.785295+07:00,c11_sim,157,6.246,22.359,1.152,46.938,0.066,76.761
2026-09-02T07:55:20.850075+07:00,c11_sim,158,7.691,18.441,0.986,43.779,0.059,70.956
2026-09-02T07:55:20.914006+07:00,c11_sim,159,8.074,18.422,0.805,43.499,0.051,70.850
2026-09-02T07:55:20.976094+07:00,c11_sim,160,6.878,16.068,0.618,44.089,0.057,67.710
2026-09-02T07:55:21.149047+07:00,c11_sim,161,8.706,23.759,1.369,80.062,0.050,113.945
2026-09-02T07:55:21.285263+07:00,c11_sim,162,8.684,25.695,1.219,82.901,0.055,118.554
2026-09-02T07:55:21.307279+07:00,c11_sim,163,6.397,19.776,0.957,0.006,0.024,27.161
2026-09-02T07:55:21.425609+07:00,c11_sim,164,13.578,24.330,1.437,0.005,0.020,39.371
2026-09-02T07:55:21.576366+07:00,c11_sim,165,15.109,33.745,1.863,0.006,0.028,50.751
2026-09-02T07:55:21.677021+07:00,c11_sim,166,6.120,27.985,0.611,0.007,0.018,34.742
2026-09-02T07:55:21.831898+07:00,c11_sim,167,7.792,28.572,0.726,48.421,0.025,85.535
2026-09-02T07:55:21.927412+07:00,c11_sim,168,13.235,19.423,0.686,29.019,0.025,62.388
2026-09-02T07:55:22.052138+07:00,c11_sim,169,11.316,22.544,0.750,29.415,0.024,64.049
2026-09-02T07:55:22.179433+07:00,c11_sim,170,13.896,22.425,0.720,30.057,0.029,67.127
2026-09-02T07:55:22.276999+07:00,c11_sim,171,13.715,26.544,0.834,0.004,0.015,41.112
2026-09-02T07:55:22.406920+07:00,c11_sim,172,13.842,32.527,1.421,0.007,0.029,47.826
2026-09-02T07:55:22.512789+07:00,c11_sim,173,14.760,31.789,1.095,0.006,0.030,47.680
2026-09-02T07:55:22.643420+07:00,c11_sim,174,14.140,32.931,1.205,0.006,0.028,48.309
2026-09-02T07:55:22.774310+07:00,c11_sim,175,14.497,35.113,1.104,0.008,0.031,50.753
2026-09-02T07:55:22.873962+07:00,c11_sim,176,13.181,32.386,1.126,0.007,0.032,46.732
2026-09-02T07:55:23.009380+07:00,c11_sim,177,10.875,34.128,1.054,0.007,0.031,46.094
2026-09-02T07:55:23.113600+07:00,c11_sim,178,8.067,30.974,1.028,0.008,0.028,40.106
2026-09-02T07:55:23.237925+07:00,c11_sim,179,14.361,34.243,1.053,0.007,0.033,49.696
2026-09-02T07:55:23.364066+07:00,c11_sim,180,13.282,31.756,0.686,0.005,0.021,45.750
2026-09-02T07:55:23.474176+07:00,c11_sim,181,12.153,33.218,0.921,0.005,0.024,46.321
2026-09-02T07:55:23.607424+07:00,c11_sim,182,14.671,35.377,1.188,0.010,0.033,51.279
2026-09-02T07:55:23.716737+07:00,c11_sim,183,12.799,32.645,1.112,0.006,0.031,46.594
2026-09-02T07:55:23.850050+07:00,c11_sim,184,14.860,34.018,1.101,0.008,0.030,50.018
2026-09-02T07:55:23.958376+07:00,c11_sim,185,12.778,35.238,1.120,0.007,0.441,49.584
2026-09-02T07:55:24.093287+07:00,c11_sim,186,15.199,35.254,1.165,0.008,0.050,51.677
2026-09-02T07:55:24.217571+07:00,c11_sim,187,12.433,52.075,1.384,0.010,0.034,65.936
2026-09-02T07:55:24.338090+07:00,c11_sim,188,8.962,46.209,1.205,0.008,0.030,56.415
2026-09-02T07:55:24.454145+07:00,c11_sim,189,10.028,43.212,1.343,0.009,0.032,54.623
2026-09-02T07:55:24.571580+07:00,c11_sim,190,10.859,42.984,1.002,0.007,0.023,54.876
2026-09-02T07:55:24.682097+07:00,c11_sim,191,11.360,33.808,1.290,0.008,0.031,46.497
2026-09-02T07:55:24.779606+07:00,c11_sim,192,10.097,23.618,0.860,0.005,0.020,34.601
2026-09-02T07:55:24.904144+07:00,c11_sim,193,8.069,28.115,1.173,0.007,0.028,37.392
2026-09-02T07:55:25.037507+07:00,c11_sim,194,11.288,33.432,1.095,0.008,0.031,45.853
2026-09-02T07:55:25.145258+07:00,c11_sim,195,11.473,31.705,1.028,0.006,0.027,44.239
2026-09-02T07:55:25.287631+07:00,c11_sim,196,9.600,46.861,1.102,0.007,0.027,57.598
2026-09-02T07:55:25.400098+07:00,c11_sim,197,8.136,42.885,0.000,0.000,0.022,51.043
2026-09-02T07:55:25.505299+07:00,c11_sim,198,11.888,34.915,0.000,0.000,0.016,46.819
2026-09-02T07:55:25.629708+07:00,c11_sim,199,12.210,32.240,0.000,0.000,0.022,44.472
2026-09-02T07:55:25.770527+07:00,c11_sim,200,10.751,41.415,0.000,0.000,0.025,52.192
2026-09-02T07:55:25.875701+07:00,c11_sim,201,11.136,34.035,1.284,0.007,0.029,46.492
2026-09-02T07:55:26.006639+07:00,c11_sim,202,14.450,34.244,1.110,0.007,0.029,49.840
2026-09-02T07:55:26.114709+07:00,c11_sim,203,14.023,31.793,0.944,0.006,0.026,46.792
2026-09-02T07:55:26.246000+07:00,c11_sim,204,14.586,34.642,1.079,0.007,0.028,50.342
2026-09-02T07:55:26.359603+07:00,c11_sim,205,7.734,42.062,0.998,0.006,0.026,50.827
2026-09-02T07:55:26.473335+07:00,c11_sim,206,9.469,40.344,1.073,0.007,0.027,50.920
2026-09-02T07:55:26.607843+07:00,c11_sim,207,8.133,40.536,1.172,0.009,0.030,49.880
2026-09-02T07:55:26.716052+07:00,c11_sim,208,10.352,34.309,0.000,0.000,0.026,44.687
2026-09-02T07:55:26.852032+07:00,c11_sim,209,9.877,43.325,0.000,0.000,0.024,53.225
2026-09-02T07:55:26.968887+07:00,c11_sim,210,9.490,45.428,0.000,0.000,0.025,54.943
2026-09-02T07:55:27.086439+07:00,c11_sim,211,9.503,44.022,0.000,0.000,0.028,53.553
2026-09-02T07:55:27.202426+07:00,c11_sim,212,11.050,46.741,0.000,0.000,0.026,57.817
2026-09-02T07:55:27.305452+07:00,c11_sim,213,9.578,34.198,0.000,0.000,0.026,43.801
2026-09-02T07:55:27.434206+07:00,c11_sim,214,13.852,35.000,0.000,0.000,0.026,48.878
2026-09-02T07:55:27.572707+07:00,c11_sim,215,9.824,46.955,0.000,0.000,0.025,56.804
2026-09-02T07:55:27.689826+07:00,c11_sim,216,9.119,40.129,1.084,0.007,0.027,50.366
2026-09-02T07:55:27.803452+07:00,c11_sim,217,9.935,44.368,0.000,0.000,0.025,54.328
2026-09-02T07:55:27.906604+07:00,c11_sim,218,13.642,32.957,0.000,0.000,0.024,46.624
2026-09-02T07:55:28.029264+07:00,c11_sim,219,11.062,23.281,0.780,0.007,0.032,35.162
2026-09-02T07:55:28.147777+07:00,c11_sim,220,9.047,26.569,0.000,0.000,0.025,35.641
2026-09-02T07:55:28.283275+07:00,c11_sim,221,7.929,40.584,0.000,0.000,0.025,48.538
2026-09-02T07:55:28.386067+07:00,c11_sim,222,11.006,31.096,0.000,0.000,0.018,42.120
2026-09-02T07:55:28.498472+07:00,c11_sim,223,12.147,23.182,0.000,0.000,0.019,35.348
2026-09-02T07:55:28.624599+07:00,c11_sim,224,8.942,32.004,0.000,0.000,0.025,40.970
2026-09-02T07:55:28.750331+07:00,c11_sim,225,11.416,32.176,0.000,0.000,0.025,43.617
2026-09-02T07:55:28.889326+07:00,c11_sim,226,10.396,47.391,0.000,0.000,0.016,57.804
2026-09-02T07:55:28.988850+07:00,c11_sim,227,8.485,25.051,0.000,0.000,0.014,33.549
2026-09-02T07:55:29.118671+07:00,c11_sim,228,8.263,37.104,0.835,0.005,0.022,46.229
2026-09-02T07:55:29.236704+07:00,c11_sim,229,9.753,47.107,0.000,0.000,0.031,56.891
2026-09-02T07:55:29.373769+07:00,c11_sim,230,13.409,43.877,0.000,0.000,0.051,57.337
2026-09-02T07:55:29.489567+07:00,c11_sim,231,10.309,44.565,1.056,0.010,0.037,55.976
2026-09-02T07:55:29.607981+07:00,c11_sim,232,11.402,41.188,1.086,0.009,0.032,53.717
2026-09-02T07:55:29.719705+07:00,c11_sim,233,13.247,36.711,0.000,0.000,0.025,49.982
2026-09-02T07:55:29.826177+07:00,c11_sim,234,8.873,33.476,0.805,0.006,0.024,43.183
2026-09-02T07:55:29.954587+07:00,c11_sim,235,8.402,27.882,0.000,0.000,0.028,36.313
2026-09-02T07:55:30.063250+07:00,c11_sim,236,10.757,29.108,1.004,0.008,0.029,40.906
2026-09-02T07:55:30.197150+07:00,c11_sim,237,8.757,37.304,1.094,0.007,0.028,47.191
2026-09-02T07:55:30.322268+07:00,c11_sim,238,9.137,31.500,0.799,0.008,0.026,41.470
2026-09-02T07:55:30.431280+07:00,c11_sim,239,8.847,33.617,0.701,0.005,0.018,43.189
2026-09-02T07:55:30.569343+07:00,c11_sim,240,9.475,38.769,1.249,0.010,0.042,49.546
2026-09-02T07:55:30.681391+07:00,c11_sim,241,9.950,43.030,1.238,0.009,0.034,54.261
2026-09-02T07:55:30.803136+07:00,c11_sim,242,7.255,49.569,1.031,0.007,0.026,57.887
2026-09-02T07:55:30.919004+07:00,c11_sim,243,7.181,45.732,1.028,0.007,0.025,53.972
2026-09-02T07:55:31.038188+07:00,c11_sim,244,8.459,46.512,1.243,0.010,0.037,56.260
2026-09-02T07:55:31.154009+07:00,c11_sim,245,9.885,41.711,1.016,0.007,0.026,52.645
2026-09-02T07:55:31.283718+07:00,c11_sim,246,9.592,38.813,1.280,0.009,0.033,49.727
2026-09-02T07:55:31.397776+07:00,c11_sim,247,11.522,40.571,1.201,0.009,0.034,53.338
2026-09-02T07:55:31.518764+07:00,c11_sim,248,11.068,47.213,0.936,0.007,0.026,59.250
2026-09-02T07:55:31.625133+07:00,c11_sim,249,9.013,35.262,1.070,0.007,0.029,45.381
2026-09-02T07:55:31.771008+07:00,c11_sim,250,8.004,50.080,1.078,0.007,0.027,59.196
2026-09-02T07:55:31.888622+07:00,c11_sim,251,7.641,45.230,1.241,0.010,0.033,54.155
2026-09-02T07:55:31.990057+07:00,c11_sim,252,11.990,33.151,1.014,0.011,0.030,46.196
2026-09-02T07:55:32.125561+07:00,c11_sim,253,9.584,42.558,1.191,0.006,0.027,53.366
2026-09-02T07:55:32.240026+07:00,c11_sim,254,8.602,43.193,1.035,0.007,0.030,52.867
2026-09-02T07:55:32.356329+07:00,c11_sim,255,7.435,42.690,1.587,0.009,0.033,51.754
2026-09-02T07:55:32.466649+07:00,c11_sim,256,10.655,39.366,0.000,0.000,0.027,50.047
2026-09-02T07:55:32.602285+07:00,c11_sim,257,7.789,40.519,0.000,0.000,0.026,48.335
2026-09-02T07:55:32.718912+07:00,c11_sim,258,9.116,46.030,1.130,0.008,0.029,56.312
2026-09-02T07:55:32.836725+07:00,c11_sim,259,8.092,45.545,1.181,0.008,0.033,54.859
2026-09-02T07:55:32.974007+07:00,c11_sim,260,16.590,43.486,0.000,0.000,0.029,60.106
2026-09-02T07:55:33.068048+07:00,c11_sim,261,9.977,43.308,0.000,0.000,0.023,53.308
2026-09-02T07:55:33.202224+07:00,c11_sim,262,10.057,40.945,0.000,0.000,0.025,51.028
2026-09-02T07:55:33.319270+07:00,c11_sim,263,9.629,40.604,1.244,0.009,0.033,51.518
2026-09-02T07:55:33.437486+07:00,c11_sim,264,8.721,44.729,1.258,0.008,0.034,54.750
2026-09-02T07:55:33.532099+07:00,c11_sim,265,6.722,26.213,0.588,0.004,0.015,33.542
2026-09-02T07:55:33.660380+07:00,c11_sim,266,7.180,28.147,0.000,0.000,0.018,35.344
2026-09-02T07:55:33.789589+07:00,c11_sim,267,11.352,33.354,0.887,0.006,0.023,45.622
2026-09-02T07:55:33.920533+07:00,c11_sim,268,12.922,32.832,0.943,0.007,0.028,46.732
2026-09-02T07:55:34.019654+07:00,c11_sim,269,13.942,27.127,1.018,0.007,0.028,42.122
2026-09-02T07:55:34.140321+07:00,c11_sim,270,10.032,22.741,0.853,0.005,0.021,33.653
2026-09-02T07:55:34.262441+07:00,c11_sim,271,10.317,27.840,0.000,0.000,0.022,38.179
2026-09-02T07:55:34.379612+07:00,c11_sim,272,13.292,27.475,0.866,0.007,0.026,41.666
2026-09-02T07:55:34.509765+07:00,c11_sim,273,12.352,32.677,0.960,0.007,0.026,46.021
2026-09-02T07:55:34.649261+07:00,c11_sim,274,15.963,38.535,0.966,0.007,0.025,55.496
2026-09-02T07:55:34.757800+07:00,c11_sim,275,8.803,40.615,0.000,0.000,0.023,49.442
2026-09-02T07:55:34.870427+07:00,c11_sim,276,7.880,39.514,0.000,0.000,0.025,47.418
2026-09-02T07:55:34.989519+07:00,c11_sim,277,7.989,31.868,0.000,0.000,0.013,39.871
2026-09-02T07:55:35.023877+07:00,c11_sim,278,6.461,31.994,1.266,0.000,0.012,39.732
2026-09-02T07:55:35.073727+07:00,c11_sim,279,7.227,23.289,0.580,0.000,0.011,31.108
2026-09-02T07:55:35.089600+07:00,c11_sim,280,7.384,14.480,0.572,0.000,0.011,22.447
2026-09-02T07:55:35.133409+07:00,c11_sim,281,8.317,16.865,0.726,0.006,0.141,26.054
2026-09-02T07:55:35.180360+07:00,c11_sim,282,7.690,19.744,0.778,0.006,0.027,28.245
2026-09-02T07:55:35.231448+07:00,c11_sim,283,8.136,23.797,0.754,0.006,0.019,32.712
2026-09-02T07:55:35.252884+07:00,c11_sim,284,6.182,19.633,0.724,0.004,0.016,26.559
2026-09-02T07:55:35.299505+07:00,c11_sim,285,7.225,21.612,0.769,0.006,0.022,29.634
2026-09-02T07:55:35.354146+07:00,c11_sim,286,7.752,27.694,0.676,0.005,0.019,36.146
2026-09-02T07:55:35.383570+07:00,c11_sim,287,8.131,27.627,0.716,0.005,0.019,36.497
2026-09-02T07:55:35.438454+07:00,c11_sim,288,6.687,27.849,0.640,0.005,0.017,35.197
2026-09-02T07:55:35.469423+07:00,c11_sim,289,8.043,26.801,0.464,0.003,0.633,35.944
2026-09-02T07:55:35.498363+07:00,c11_sim,290,7.504,27.358,0.577,0.005,0.033,35.477
2026-09-02T07:55:35.554296+07:00,c11_sim,291,7.903,29.107,0.581,0.004,0.013,37.608
2026-09-02T07:55:35.584001+07:00,c11_sim,292,7.625,27.692,0.614,0.004,0.014,35.950
2026-09-02T07:55:35.640825+07:00,c11_sim,293,7.751,30.072,0.491,0.003,0.011,38.327
2026-09-02T07:55:35.669668+07:00,c11_sim,294,8.619,26.978,0.435,0.003,0.009,36.044
2026-09-02T07:55:35.697736+07:00,c11_sim,295,7.218,26.655,0.456,0.003,0.009,34.341
2026-09-02T07:55:35.752245+07:00,c11_sim,296,7.661,29.645,0.522,0.003,0.011,37.842
2026-09-02T07:55:35.784910+07:00,c11_sim,297,7.312,30.323,0.962,0.006,0.030,38.633
2026-09-02T07:55:35.843396+07:00,c11_sim,298,6.422,31.466,0.716,0.005,0.016,38.625
2026-09-02T07:55:35.872565+07:00,c11_sim,299,6.529,27.343,0.722,0.005,0.017,34.617
2026-09-02T07:55:35.901314+07:00,c11_sim,300,7.675,27.189,0.537,0.003,0.013,35.417
2026-09-02T07:55:35.957674+07:00,c11_sim,301,7.003,29.446,0.560,0.003,0.011,37.024
2026-09-02T07:55:35.986275+07:00,c11_sim,302,7.710,27.038,0.547,0.004,0.014,35.314
2026-09-02T07:55:36.040738+07:00,c11_sim,303,6.664,27.894,0.502,0.004,0.012,35.075
2026-09-02T07:55:36.069174+07:00,c11_sim,304,7.656,26.560,0.562,0.004,0.014,34.796
2026-09-02T07:55:36.097873+07:00,c11_sim,305,7.060,27.249,0.475,0.003,0.011,34.798
2026-09-02T07:55:36.153780+07:00,c11_sim,306,7.907,29.156,0.642,0.005,0.017,37.726
2026-09-02T07:55:36.185466+07:00,c11_sim,307,7.882,30.172,0.507,0.003,0.011,38.575
2026-09-02T07:55:36.241616+07:00,c11_sim,308,7.575,29.452,0.582,0.003,0.011,37.623
2026-09-02T07:55:36.270579+07:00,c11_sim,309,7.921,27.306,0.546,0.004,0.014,35.790
2026-09-02T07:55:36.299792+07:00,c11_sim,310,7.482,27.200,0.639,0.005,0.017,35.343
2026-09-02T07:55:36.354197+07:00,c11_sim,311,7.482,27.546,0.642,0.005,0.016,35.692
2026-09-02T07:55:36.381597+07:00,c11_sim,312,7.546,25.875,0.518,0.004,0.014,33.956
2026-09-02T07:55:36.435632+07:00,c11_sim,313,7.536,27.423,0.481,0.004,0.015,35.458
2026-09-02T07:55:36.463877+07:00,c11_sim,314,8.005,26.931,0.378,0.003,0.010,35.326
2026-09-02T07:55:36.519725+07:00,c11_sim,315,6.950,28.958,0.556,0.004,0.013,36.482
2026-09-02T07:55:36.548057+07:00,c11_sim,316,8.015,26.947,0.374,0.003,0.009,35.348
2026-09-02T07:55:36.603702+07:00,c11_sim,317,8.096,29.208,0.384,0.002,0.008,37.698
2026-09-02T07:55:36.638485+07:00,c11_sim,318,8.424,33.050,0.596,0.004,0.016,42.090
2026-09-02T07:55:36.667521+07:00,c11_sim,319,8.352,27.065,0.524,0.004,0.014,35.959
2026-09-02T07:55:36.723539+07:00,c11_sim,320,7.982,29.319,0.443,0.003,0.012,37.759
2026-09-02T07:55:36.752716+07:00,c11_sim,321,7.764,27.471,0.588,0.004,0.015,35.842
2026-09-02T07:55:36.781638+07:00,c11_sim,322,8.050,27.187,0.531,0.003,0.015,35.786
2026-09-02T07:55:36.836751+07:00,c11_sim,323,7.919,29.328,0.487,0.004,0.014,37.751
2026-09-02T07:55:36.865501+07:00,c11_sim,324,7.967,27.126,0.415,0.003,0.012,35.522
2026-09-02T07:55:36.921661+07:00,c11_sim,325,8.179,29.360,0.409,0.003,0.010,37.960
2026-09-02T07:55:36.951033+07:00,c11_sim,326,8.063,27.410,0.433,0.003,0.013,35.921
2026-09-02T07:55:36.979711+07:00,c11_sim,327,7.592,27.034,0.548,0.004,0.015,35.193
2026-09-02T07:55:37.027261+07:00,c11_sim,328,6.790,27.257,0.000,0.000,0.010,34.057
2026-09-02T07:55:37.083281+07:00,c11_sim,329,7.331,28.891,0.494,0.003,0.012,36.731
2026-09-02T07:55:37.111731+07:00,c11_sim,330,8.044,26.820,0.614,0.005,0.016,35.498
2026-09-02T07:55:37.138986+07:00,c11_sim,331,7.358,25.894,0.339,0.002,0.009,33.602
2026-09-02T07:55:37.196687+07:00,c11_sim,332,7.238,30.914,0.625,0.006,0.019,38.802
2026-09-02T07:55:37.224284+07:00,c11_sim,333,6.229,25.955,0.585,0.004,0.016,32.790
2026-09-02T07:55:37.279221+07:00,c11_sim,334,7.537,29.134,0.550,0.005,0.016,37.242
2026-09-02T07:55:37.309342+07:00,c11_sim,335,7.917,28.660,0.607,0.005,0.016,37.204
2026-09-02T07:55:37.339221+07:00,c11_sim,336,6.285,28.235,0.603,0.004,0.017,35.145
2026-09-02T07:55:37.388968+07:00,c11_sim,337,6.583,27.763,0.000,0.000,0.018,34.364
2026-09-02T07:55:37.417297+07:00,c11_sim,338,7.053,26.427,0.666,0.005,0.017,34.168
2026-09-02T07:55:37.466581+07:00,c11_sim,339,7.999,22.777,0.498,0.004,0.013,31.291
2026-09-02T07:55:37.485881+07:00,c11_sim,340,6.385,19.088,0.000,0.000,0.012,25.486
2026-09-02T07:55:37.527938+07:00,c11_sim,341,6.646,16.802,0.000,0.000,0.013,23.461
2026-09-02T07:55:37.568077+07:00,c11_sim,342,8.160,19.787,0.000,0.000,0.015,27.961
2026-09-02T07:55:37.609185+07:00,c11_sim,343,7.035,17.254,0.711,0.005,0.018,25.022
2026-09-02T07:55:37.656505+07:00,c11_sim,344,6.642,20.439,0.674,0.005,0.017,27.778
2026-09-02T07:55:37.702663+07:00,c11_sim,345,6.596,23.713,0.707,0.007,0.019,31.042
2026-09-02T07:55:37.750191+07:00,c11_sim,346,7.373,20.786,0.594,0.005,0.016,28.774
2026-09-02T07:55:37.897012+07:00,c11_sim,347,7.355,20.464,0.406,124.956,0.027,153.207
2026-09-02T07:55:37.961529+07:00,c11_sim,348,6.579,15.234,0.549,47.859,0.020,70.240
2026-09-02T07:55:38.033960+07:00,c11_sim,349,5.911,16.055,0.518,54.712,0.017,77.212
2026-09-02T07:55:38.048972+07:00,c11_sim,350,6.200,14.859,0.000,0.000,0.008,21.067
2026-09-02T07:55:38.062592+07:00,c11_sim,351,6.840,13.508,0.000,0.000,0.007,20.354
2026-09-02T07:55:38.126535+07:00,c11_sim,352,5.816,12.908,0.441,49.969,0.017,69.150
2026-09-02T07:55:38.140229+07:00,c11_sim,353,5.768,13.553,0.000,0.000,0.008,19.329
2026-09-02T07:55:38.153735+07:00,c11_sim,354,6.135,13.387,0.000,0.000,0.007,19.530
2026-09-02T07:55:38.214288+07:00,c11_sim,355,5.707,13.370,0.562,45.861,0.018,65.518
2026-09-02T07:55:38.277268+07:00,c11_sim,356,5.708,14.335,0.500,47.201,0.017,67.760
2026-09-02T07:55:38.345918+07:00,c11_sim,357,5.691,14.765,0.401,52.514,0.021,73.393
2026-09-02T07:55:38.414791+07:00,c11_sim,358,6.423,15.776,0.531,51.435,0.015,74.181
2026-09-02T07:55:38.481552+07:00,c11_sim,359,6.542,15.277,0.487,49.997,0.016,72.321
2026-09-02T07:55:38.554506+07:00,c11_sim,360,6.594,15.697,0.697,55.606,0.026,78.620
2026-09-02T07:55:38.642586+07:00,c11_sim,361,6.613,18.370,0.528,67.901,0.027,93.439
2026-09-02T07:55:38.722262+07:00,c11_sim,362,6.808,23.469,0.689,54.421,0.024,85.412
2026-09-02T07:55:38.796906+07:00,c11_sim,363,6.473,17.010,0.611,55.993,0.029,80.115
2026-09-02T07:55:38.869931+07:00,c11_sim,364,6.799,18.702,0.694,52.679,0.023,78.898
2026-09-02T07:55:38.951363+07:00,c11_sim,365,6.757,20.791,0.722,58.832,0.038,87.141
2026-09-02T07:55:39.038045+07:00,c11_sim,366,7.378,27.078,0.851,57.502,0.042,92.852
2026-09-02T07:55:39.177934+07:00,c11_sim,367,7.135,84.861,1.188,51.282,0.072,144.538
2026-09-02T07:55:39.273921+07:00,c11_sim,368,6.609,38.066,1.118,55.504,0.053,101.350
2026-09-02T07:55:39.381281+07:00,c11_sim,369,6.695,38.337,1.106,61.400,0.069,107.607
2026-09-02T07:55:39.435654+07:00,c11_sim,370,7.201,49.444,1.220,0.000,0.016,57.881
2026-09-02T07:55:39.472951+07:00,c11_sim,371,6.643,31.849,1.180,0.000,0.027,39.699
2026-09-02T07:55:39.503210+07:00,c11_sim,372,7.130,28.140,0.992,0.000,0.019,36.280
2026-09-02T07:55:39.578467+07:00,c11_sim,373,7.478,29.759,0.824,43.486,0.166,81.713
2026-09-02T07:55:39.688218+07:00,c11_sim,374,8.585,55.613,1.078,50.240,0.324,115.839
2026-09-02T07:55:39.820010+07:00,c11_sim,375,8.521,81.077,1.116,47.152,0.032,137.898
2026-09-02T07:55:39.908152+07:00,c11_sim,376,9.577,33.460,0.985,52.532,0.064,96.617
2026-09-02T07:55:40.020711+07:00,c11_sim,377,10.047,36.797,1.004,52.476,0.041,100.364
2026-09-02T07:55:40.505768+07:00,c11_sim,378,13.241,426.648,0.767,56.081,0.120,496.857
2026-09-02T07:55:40.506076+07:00,c12_sim,32,23.392,426.648,0.000,0.000,0.014,450.054
2026-09-02T07:55:40.617619+07:00,c11_sim,379,14.182,51.777,2.073,51.638,0.030,119.700
2026-09-02T07:55:40.620550+07:00,c12_sim,33,8.721,51.777,1.627,0.000,0.011,62.137
2026-09-02T07:55:40.699991+07:00,c11_sim,380,38.420,26.720,0.586,51.322,0.020,117.069
2026-09-02T07:55:40.700122+07:00,c12_sim,34,9.187,26.720,0.000,0.000,0.005,35.913
2026-09-02T07:55:40.792635+07:00,c11_sim,381,16.870,29.434,0.568,61.714,0.024,108.610
2026-09-02T07:55:40.792812+07:00,c12_sim,35,6.940,29.434,0.000,0.000,0.006,36.380
2026-09-02T07:55:40.884405+07:00,c11_sim,382,13.615,28.333,0.561,61.781,0.023,104.313
2026-09-02T07:55:40.884549+07:00,c12_sim,36,6.068,28.333,0.000,0.000,0.006,34.407
2026-09-02T07:55:41.104050+07:00,c10_sim,59,5.087,219.325,0.000,0.000,0.012,224.424
2026-09-02T07:55:41.133577+07:00,c11_sim,383,15.452,219.325,0.605,27.747,0.018,263.147
2026-09-02T07:55:41.134392+07:00,c12_sim,37,9.536,219.325,0.000,0.000,0.466,229.327
2026-09-02T07:55:41.156506+07:00,c10_sim,60,4.975,21.592,0.000,0.000,0.295,26.863
2026-09-02T07:55:41.186849+07:00,c11_sim,384,16.278,21.592,0.493,28.642,0.379,67.384
2026-09-02T07:55:41.186986+07:00,c12_sim,38,6.403,21.592,0.000,0.000,0.014,28.009
2026-09-02T07:55:41.214761+07:00,c10_sim,61,5.481,25.719,1.265,0.000,0.017,32.481
2026-09-02T07:55:41.256991+07:00,c11_sim,385,13.643,25.719,0.573,40.083,0.039,80.057
2026-09-02T07:55:41.288712+07:00,c10_sim,62,5.909,30.262,0.660,0.000,0.015,36.846
2026-09-02T07:55:41.365705+07:00,c11_sim,386,15.851,30.262,0.421,75.830,0.071,122.436
2026-09-02T07:55:41.440291+07:00,c10_sim,63,6.065,70.767,0.753,0.000,0.015,77.600
2026-09-02T07:55:41.526991+07:00,c11_sim,387,17.455,70.767,0.402,84.940,0.028,173.592
2026-09-02T07:55:41.560470+07:00,c10_sim,64,7.647,31.526,0.688,0.005,0.246,40.112
2026-09-02T07:55:41.614320+07:00,c11_sim,388,24.607,31.526,0.426,52.562,0.018,109.139
2026-09-02T07:55:41.640238+07:00,c10_sim,65,7.252,24.166,0.717,0.005,0.014,32.154
2026-09-02T07:55:41.688684+07:00,c11_sim,389,13.977,24.166,0.437,47.097,0.046,85.721
2026-09-02T07:55:41.720837+07:00,c10_sim,66,7.875,30.602,0.705,0.004,0.015,39.201
2026-09-02T07:55:41.777849+07:00,c11_sim,390,12.199,30.602,0.607,55.694,0.041,99.144
2026-09-02T07:55:41.810590+07:00,c10_sim,67,6.695,31.092,0.696,0.005,0.018,38.505
2026-09-02T07:55:41.917959+07:00,c11_sim,391,11.725,31.092,0.601,105.961,0.105,149.484
2026-09-02T07:55:41.961736+07:00,c10_sim,68,6.687,40.851,1.474,0.008,0.030,49.050
2026-09-02T07:55:42.020417+07:00,c11_sim,392,9.712,40.851,0.871,56.326,0.061,107.821
2026-09-02T07:55:42.052745+07:00,c10_sim,69,9.333,30.218,0.951,0.005,0.022,40.530
2026-09-02T07:55:42.096212+07:00,c11_sim,393,17.654,30.218,0.538,41.973,0.041,90.424
2026-09-02T07:55:42.124293+07:00,c10_sim,70,5.926,26.170,0.844,0.005,0.018,32.963
2026-09-02T07:55:42.166164+07:00,c11_sim,394,15.338,26.170,0.597,40.325,0.044,82.473
2026-09-02T07:55:42.232450+07:00,c11_sim,395,16.791,25.034,0.778,39.232,0.032,81.867
2026-09-02T07:55:42.258877+07:00,c10_sim,71,7.429,26.245,0.000,0.000,0.009,33.683
2026-09-02T07:55:42.260354+07:00,c11_sim,396,32.300,26.245,0.752,0.000,0.008,59.305
2026-09-02T07:55:42.278179+07:00,c11_sim,397,30.606,16.599,0.507,0.000,0.008,47.720
2026-09-02T07:55:42.292919+07:00,c11_sim,398,11.155,14.616,0.000,0.000,0.006,25.778
2026-09-02T07:55:42.349970+07:00,c11_sim,399,15.001,14.566,0.539,41.114,0.067,71.287
2026-09-02T07:55:42.428765+07:00,c10_sim,72,7.507,24.727,0.692,50.271,1.074,84.270
2026-09-02T07:55:42.429160+07:00,c11_sim,400,16.544,24.727,0.000,0.000,0.045,41.315
2026-09-02T07:55:42.459900+07:00,c11_sim,401,14.858,30.449,0.000,0.000,0.013,45.320
2026-09-02T07:55:42.637739+07:00,c10_sim,73,11.445,30.802,0.729,145.006,0.043,188.026
2026-09-02T07:55:42.640295+07:00,c11_sim,402,16.171,30.802,0.000,0.000,0.024,46.997
2026-09-02T07:55:42.865681+07:00,c10_sim,74,7.037,76.508,1.278,145.356,0.044,230.224
2026-09-02T07:55:42.920306+07:00,c10_sim,75,10.244,54.205,0.000,0.000,0.026,64.475
2026-09-02T07:55:42.998559+07:00,c10_sim,76,10.836,24.403,2.336,50.093,0.026,87.693
2026-09-02T07:55:43.101102+07:00,c10_sim,77,30.039,39.494,2.822,56.038,0.034,128.426
2026-09-02T07:55:43.216686+07:00,c10_sim,78,8.813,57.752,1.302,55.239,0.032,123.138
2026-09-02T07:55:43.344967+07:00,c10_sim,79,9.338,50.108,1.256,73.845,0.052,134.599
2026-09-02T07:55:43.468728+07:00,c10_sim,80,22.172,41.687,1.653,78.624,0.038,144.175
2026-09-02T07:55:43.590676+07:00,c10_sim,81,14.583,50.346,1.104,69.113,0.052,135.199
2026-09-02T07:55:43.713579+07:00,c10_sim,82,10.150,38.863,1.031,81.657,0.037,131.737
2026-09-02T07:55:43.886742+07:00,c10_sim,83,10.031,88.387,2.058,73.863,0.102,174.442
2026-09-02T07:55:43.975692+07:00,c10_sim,84,8.949,31.387,0.894,55.573,0.033,96.836
2026-09-02T07:55:44.133630+07:00,c10_sim,85,13.978,35.829,3.292,115.109,0.051,168.259
2026-09-02T07:55:44.269656+07:00,c10_sim,86,11.051,41.299,1.040,90.238,0.030,143.658
2026-09-02T07:55:44.412251+07:00,c10_sim,87,11.891,41.401,1.481,97.929,0.045,152.747
2026-09-02T07:55:44.465217+07:00,c10_sim,88,11.260,49.731,2.044,0.000,0.028,63.063
2026-09-02T07:55:44.502667+07:00,c10_sim,89,12.227,33.325,1.586,0.000,0.028,47.166
2026-09-02T07:55:44.538366+07:00,c10_sim,90,9.987,33.590,1.031,0.000,0.017,44.625
2026-09-02T07:55:44.567390+07:00,c10_sim,91,11.198,25.295,1.320,0.000,0.015,37.828
2026-09-02T07:55:44.680300+07:00,c10_sim,92,8.999,21.335,0.954,43.199,0.106,74.593
2026-09-02T07:55:44.740141+07:00,c10_sim,93,7.057,14.382,0.000,0.000,0.014,21.453
2026-09-02T07:55:44.856341+07:00,c10_sim,94,4.363,16.107,1.900,0.000,0.016,22.386
2026-09-02T07:55:45.048280+07:00,c10_sim,95,9.637,22.469,0.941,0.000,0.030,33.076
2026-09-02T07:55:45.248035+07:00,c10_sim,96,10.070,33.824,1.046,0.000,0.031,44.971
2026-09-02T07:55:45.498773+07:00,c10_sim,97,13.057,41.183,1.285,61.805,0.155,117.484
2026-09-02T07:55:45.623852+07:00,c10_sim,98,13.359,22.886,0.637,29.043,0.025,65.950
2026-09-02T07:55:45.795942+07:00,c10_sim,99,11.651,19.859,0.615,33.459,0.022,65.605
2026-09-02T07:55:45.967709+07:00,c10_sim,100,6.894,15.826,0.618,36.844,0.022,60.204
2026-09-02T07:55:46.191751+07:00,c10_sim,101,12.200,26.148,1.240,49.038,0.029,88.655
2026-09-02T07:55:46.347966+07:00,c10_sim,102,8.520,22.500,1.015,42.613,0.319,74.966
2026-09-02T07:55:46.538053+07:00,c10_sim,103,10.744,27.062,0.719,45.628,0.038,84.191
2026-09-02T07:55:46.726234+07:00,c10_sim,104,9.229,25.283,1.006,44.552,0.034,80.104
2026-09-02T07:55:46.930698+07:00,c10_sim,105,11.012,34.391,1.228,51.019,0.032,97.682
2026-09-02T07:55:47.117455+07:00,c10_sim,106,15.890,35.182,1.337,54.242,0.023,106.674
2026-09-02T07:55:47.244050+07:00,c10_sim,107,9.228,20.106,0.670,31.557,0.203,61.764
2026-09-02T07:55:47.445641+07:00,c10_sim,108,10.014,24.158,0.581,35.800,0.026,70.579
2026-09-02T07:55:47.631795+07:00,c10_sim,109,7.873,20.661,1.078,44.884,0.037,74.532
2026-09-02T07:55:47.832193+07:00,c10_sim,110,9.880,29.528,1.161,55.573,0.038,96.179
2026-09-02T07:55:47.950958+07:00,c10_sim,111,7.561,23.622,0.727,0.004,0.014,31.929
2026-09-02T07:55:48.152787+07:00,c10_sim,112,10.605,34.770,1.124,0.013,0.037,46.549
2026-09-02T07:55:48.395854+07:00,c10_sim,113,11.253,29.814,1.591,64.819,0.028,107.504
2026-09-02T07:55:48.543706+07:00,c10_sim,114,9.792,25.019,0.816,48.824,0.025,84.476
2026-09-02T07:55:48.660247+07:00,c10_sim,115,7.778,21.664,0.000,0.000,0.016,29.457
2026-09-02T07:55:48.854048+07:00,c10_sim,116,8.130,29.502,1.162,0.009,0.030,38.833
2026-09-02T07:55:49.059634+07:00,c10_sim,117,11.671,48.547,0.000,0.000,0.025,60.244
2026-09-02T07:55:49.224356+07:00,c10_sim,118,11.266,40.930,1.040,0.006,0.020,53.261
2026-09-02T07:55:49.386398+07:00,c10_sim,119,7.327,25.720,0.000,0.000,0.023,33.070
2026-09-02T07:55:49.592602+07:00,c10_sim,120,10.703,34.910,1.174,0.007,0.025,46.819
2026-09-02T07:55:49.777202+07:00,c10_sim,121,10.316,43.909,0.000,0.000,0.018,54.243
2026-09-02T07:55:49.948598+07:00,c10_sim,122,11.751,28.862,0.000,0.000,0.017,40.630
2026-09-02T07:55:50.114428+07:00,c10_sim,123,8.280,24.769,0.000,0.000,0.022,33.071
2026-09-02T07:55:50.324863+07:00,c11_sim,403,7.725,46.996,0.000,0.000,0.031,54.752
2026-09-02T07:55:50.480222+07:00,c11_sim,404,11.423,37.571,0.000,0.000,0.031,49.025
2026-09-02T07:55:50.633720+07:00,c11_sim,405,9.813,41.292,0.000,0.000,0.015,51.119
2026-09-02T07:55:50.762866+07:00,c11_sim,406,11.292,32.809,0.000,0.000,0.024,44.126
2026-09-02T07:55:50.921023+07:00,c11_sim,407,10.451,39.457,0.000,0.000,0.030,49.937
2026-09-02T07:55:51.085049+07:00,c11_sim,408,7.622,46.478,0.000,0.000,0.040,54.139
2026-09-02T07:55:51.246062+07:00,c11_sim,409,11.198,45.320,0.000,0.000,0.027,56.546
2026-09-02T07:55:51.384676+07:00,c11_sim,410,13.450,43.682,0.000,0.000,0.640,57.772
2026-09-02T07:55:51.540134+07:00,c11_sim,411,13.088,34.790,0.000,0.000,0.061,47.939
2026-09-02T07:55:51.700601+07:00,c11_sim,412,14.260,35.867,0.000,0.000,0.025,50.153
2026-09-02T07:55:51.846296+07:00,c11_sim,413,14.371,35.752,0.000,0.000,0.023,50.146
2026-09-02T07:55:52.006442+07:00,c11_sim,414,7.956,38.596,0.000,0.000,0.510,47.062
2026-09-02T07:55:52.160251+07:00,c11_sim,415,13.450,35.357,1.464,0.000,0.028,50.299
2026-09-02T07:55:52.279300+07:00,c11_sim,416,7.497,25.230,0.000,0.000,0.011,32.737
2026-09-02T07:55:52.471329+07:00,c11_sim,417,11.192,46.412,0.000,0.000,0.015,57.618
2026-09-02T07:55:52.605632+07:00,c11_sim,418,12.389,38.578,0.000,0.000,0.011,50.978
2026-09-02T07:55:52.767565+07:00,c11_sim,419,9.390,40.039,0.000,0.000,0.011,49.441
2026-09-02T07:55:52.903026+07:00,c11_sim,420,8.286,40.075,1.597,0.000,0.011,49.969
2026-09-02T07:55:53.066641+07:00,c11_sim,421,14.900,43.626,0.000,0.000,0.015,58.541
2026-09-02T07:55:53.203401+07:00,c11_sim,422,9.168,39.018,0.000,0.000,0.011,48.198
2026-09-02T07:55:53.365965+07:00,c11_sim,423,8.222,44.537,0.000,0.000,0.010,52.769
2026-09-02T07:55:53.521965+07:00,c11_sim,424,12.920,35.376,0.000,0.000,0.013,48.309
2026-09-02T07:55:53.655402+07:00,c11_sim,425,10.275,32.714,0.000,0.000,0.014,43.002
2026-09-02T07:55:53.803417+07:00,c11_sim,426,8.321,33.193,0.000,0.000,0.012,41.527
2026-09-02T07:55:53.971241+07:00,c11_sim,427,13.266,33.675,0.000,0.000,0.014,46.954
2026-09-02T07:55:54.126650+07:00,c11_sim,428,15.382,35.509,0.000,0.000,0.016,50.907
2026-09-02T07:55:54.273449+07:00,c11_sim,429,11.288,27.730,1.266,0.000,0.009,40.293
2026-09-02T07:55:54.430276+07:00,c11_sim,430,7.874,33.049,0.000,0.000,0.015,40.938
2026-09-02T07:55:54.585710+07:00,c11_sim,431,7.284,30.355,1.269,0.000,0.010,38.918
2026-09-02T07:55:54.734223+07:00,c11_sim,432,10.044,29.183,1.272,0.000,0.025,40.525
2026-09-02T07:55:54.886149+07:00,c11_sim,433,9.881,36.554,0.000,0.000,0.013,46.448
2026-09-02T07:55:55.038471+07:00,c11_sim,434,9.245,35.412,0.000,0.000,0.014,44.671
2026-09-02T07:55:55.196028+07:00,c11_sim,435,9.600,33.829,0.000,0.000,0.014,43.443
2026-09-02T07:55:55.504068+07:00,c11_sim,436,11.926,35.570,1.411,148.710,0.181,197.799
2026-09-02T07:55:55.520948+07:00,c11_sim,437,6.105,16.654,0.000,0.000,0.012,22.771
2026-09-02T07:55:55.696295+07:00,c11_sim,438,6.212,19.231,0.798,54.615,0.019,80.875
2026-09-02T07:55:55.808002+07:00,c11_sim,439,5.687,16.733,0.647,43.460,0.023,66.550
2026-09-02T07:55:55.988581+07:00,c11_sim,440,8.704,22.940,0.873,39.795,0.023,72.336
2026-09-02T07:55:56.144064+07:00,c11_sim,441,12.981,25.947,0.885,33.934,0.024,73.770
2026-09-02T07:55:56.274185+07:00,c11_sim,442,10.352,26.883,0.950,32.484,0.020,70.690
2026-09-02T07:55:56.414571+07:00,c11_sim,443,14.407,20.038,0.675,29.149,0.019,64.289
2026-09-02T07:55:56.629523+07:00,c11_sim,444,15.005,36.646,1.347,55.552,0.027,108.577
2026-09-02T07:55:56.725206+07:00,c11_sim,445,13.866,20.036,0.769,28.560,0.020,63.250
2026-09-02T07:55:56.913133+07:00,c11_sim,446,10.301,33.077,1.260,58.824,0.040,103.503
2026-09-02T07:55:57.029282+07:00,c11_sim,447,14.658,19.052,0.694,28.104,0.021,62.529
2026-09-02T07:55:57.230231+07:00,c11_sim,448,13.670,34.381,1.280,52.042,0.026,101.399
2026-09-02T07:55:57.355951+07:00,c11_sim,449,12.832,25.110,0.909,29.166,0.024,68.041
2026-09-02T07:55:57.476844+07:00,c11_sim,450,7.874,16.187,0.732,27.524,0.018,52.334
2026-09-02T07:55:57.694248+07:00,c11_sim,451,14.470,33.028,1.270,60.123,0.035,108.926
2026-09-02T07:55:57.793772+07:00,c11_sim,452,15.167,23.878,0.785,29.585,0.022,69.437
2026-09-02T07:55:57.983371+07:00,c11_sim,453,12.821,32.405,1.223,60.489,0.077,107.015
2026-09-02T07:55:58.115706+07:00,c11_sim,454,14.487,28.578,0.840,30.509,0.036,74.450
2026-09-02T07:55:58.297193+07:00,c11_sim,455,15.113,35.024,1.380,50.223,0.036,101.777
2026-09-02T07:55:58.403392+07:00,c11_sim,456,10.382,25.278,0.912,30.018,0.040,66.629
2026-09-02T07:55:58.549283+07:00,c11_sim,457,8.960,23.714,1.061,32.873,0.037,66.645
2026-09-02T07:55:58.703256+07:00,c11_sim,458,8.397,21.592,1.115,35.752,0.033,66.889
2026-09-02T07:55:58.912858+07:00,c11_sim,459,14.602,34.213,1.400,54.518,0.037,104.770
2026-09-02T07:55:59.013624+07:00,c11_sim,460,13.088,23.370,0.741,28.649,0.033,65.881
2026-09-02T07:55:59.198074+07:00,c11_sim,461,7.035,37.938,1.482,50.947,0.041,97.443
2026-09-02T07:55:59.320706+07:00,c11_sim,462,9.761,21.710,0.763,30.062,0.037,62.333
2026-09-02T07:55:59.469010+07:00,c11_sim,463,11.399,22.714,0.731,31.878,0.036,66.757
2026-09-02T07:55:59.678694+07:00,c11_sim,464,15.144,35.111,1.066,57.499,0.032,108.852
2026-09-02T07:55:59.745434+07:00,c11_sim,465,5.623,12.190,0.453,28.279,0.017,46.563
2026-09-02T07:55:59.920818+07:00,c11_sim,466,7.162,19.217,0.537,29.422,0.030,56.368
2026-09-02T07:56:00.064918+07:00,c11_sim,467,10.719,19.312,0.533,31.219,0.046,61.829
2026-09-02T07:56:00.264448+07:00,c11_sim,468,12.721,34.240,1.079,48.204,0.034,96.278
2026-09-02T07:56:00.391862+07:00,c11_sim,469,13.774,25.890,0.588,29.525,0.035,69.811
2026-09-02T07:56:00.583909+07:00,c11_sim,470,13.407,37.516,1.499,53.294,0.038,105.755
2026-09-02T07:56:00.681434+07:00,c11_sim,471,6.537,18.009,0.730,30.279,0.032,55.588
2026-09-02T07:56:00.819290+07:00,c11_sim,472,14.527,19.536,0.000,0.000,0.014,34.077
2026-09-02T07:56:01.018792+07:00,c11_sim,473,12.795,27.252,0.975,57.040,0.041,98.103
2026-09-02T07:56:01.158182+07:00,c11_sim,474,10.839,26.533,0.696,43.945,0.043,82.057
2026-09-02T07:56:01.345485+07:00,c11_sim,475,11.950,33.628,0.963,55.724,0.038,102.303
2026-09-02T07:56:01.441663+07:00,c11_sim,476,7.755,20.837,0.683,28.873,0.031,58.179
2026-09-02T07:56:01.594487+07:00,c11_sim,477,11.820,35.386,0.000,0.000,0.022,47.228
2026-09-02T07:56:01.797173+07:00,c11_sim,478,13.562,34.794,0.912,50.790,0.034,100.093
2026-09-02T07:56:01.898217+07:00,c11_sim,479,9.999,23.589,0.671,29.062,0.032,63.353
2026-09-02T07:56:02.111653+07:00,c11_sim,480,13.473,33.242,1.131,62.852,0.033,110.730
2026-09-02T07:56:02.186069+07:00,c11_sim,481,7.772,27.471,0.000,0.000,0.013,35.256
2026-09-02T07:56:02.333729+07:00,c11_sim,482,14.149,26.109,0.000,0.000,0.014,40.272
2026-09-02T07:56:02.483456+07:00,c11_sim,483,9.144,32.220,0.000,0.000,0.020,41.383
2026-09-02T07:56:02.639108+07:00,c11_sim,484,10.440,32.706,0.000,0.000,0.019,43.166
2026-09-02T07:56:02.812191+07:00,c11_sim,485,8.213,33.191,0.000,0.000,0.023,41.428
2026-09-02T07:56:03.014333+07:00,c11_sim,486,16.511,32.454,0.000,0.000,0.022,48.987
2026-09-02T07:56:03.209617+07:00,c11_sim,487,14.013,34.958,0.000,0.000,0.021,48.992
2026-09-02T07:56:03.401732+07:00,c11_sim,488,9.464,32.173,0.000,0.000,0.020,41.657
2026-09-02T07:56:03.601869+07:00,c11_sim,489,12.910,33.554,0.000,0.000,0.023,46.487
2026-09-02T07:56:03.822111+07:00,c11_sim,490,15.154,33.761,0.000,0.000,0.023,48.937
2026-09-02T07:56:04.015608+07:00,c11_sim,491,13.875,34.306,0.000,0.000,0.023,48.204
2026-09-02T07:56:04.201754+07:00,c11_sim,492,11.862,31.306,0.000,0.000,0.022,43.189
2026-09-02T07:56:04.404973+07:00,c11_sim,493,14.675,31.746,0.000,0.000,0.021,46.442
2026-09-02T07:56:04.628220+07:00,c11_sim,494,15.048,34.603,0.000,0.000,0.021,49.672
2026-09-02T07:56:04.825165+07:00,c11_sim,495,13.238,34.461,0.000,0.000,1.143,48.841
2026-09-02T07:56:05.017126+07:00,c11_sim,496,13.730,32.405,0.000,0.000,0.046,46.181
2026-09-02T07:56:05.210737+07:00,c11_sim,497,15.403,32.127,0.000,0.000,0.013,47.544
2026-09-02T07:56:05.408490+07:00,c11_sim,498,14.091,32.286,0.000,0.000,0.011,46.388
2026-09-02T07:56:05.613998+07:00,c11_sim,499,15.163,32.333,0.000,0.000,0.012,47.509
2026-09-02T07:56:05.813385+07:00,c11_sim,500,15.125,34.440,0.000,0.000,0.012,49.577
2026-09-02T07:56:06.008427+07:00,c11_sim,501,14.473,34.838,0.000,0.000,0.012,49.323
2026-09-02T07:56:06.212995+07:00,c11_sim,502,15.138,34.066,0.000,0.000,0.012,49.216
2026-09-02T07:56:06.418999+07:00,c9_sim,259,6.919,34.858,0.000,0.000,0.042,41.818
2026-09-02T07:56:06.621190+07:00,c9_sim,260,13.348,32.013,0.000,0.000,0.022,45.382
2026-09-02T07:56:06.811216+07:00,c9_sim,261,10.206,32.267,0.000,0.000,0.019,42.491
2026-09-02T07:56:07.021267+07:00,c9_sim,262,12.769,34.320,0.000,0.000,0.022,47.110
2026-09-02T07:56:07.218757+07:00,c9_sim,263,12.744,34.313,0.000,0.000,0.024,47.081
2026-09-02T07:56:07.419706+07:00,c9_sim,264,13.000,32.392,3.616,0.000,0.022,49.030
2026-09-02T07:56:07.612104+07:00,c9_sim,265,11.039,32.807,1.094,0.000,0.021,44.961
2026-09-02T07:56:07.808696+07:00,c9_sim,266,12.764,32.400,0.000,0.000,0.021,45.185
2026-09-02T07:56:08.005779+07:00,c9_sim,267,12.905,31.912,0.000,0.000,0.021,44.838
2026-09-02T07:56:08.225008+07:00,c9_sim,268,12.729,34.341,0.000,0.000,0.021,47.092
2026-09-02T07:56:08.414048+07:00,c9_sim,269,13.956,32.125,0.000,0.000,0.023,46.105
2026-09-02T07:56:08.621172+07:00,c9_sim,270,11.562,34.426,0.000,0.000,0.023,46.011
2026-09-02T07:56:08.823114+07:00,c9_sim,271,11.244,33.593,1.089,0.000,0.020,45.946
2026-09-02T07:56:09.017075+07:00,c9_sim,272,12.779,31.338,0.945,0.005,0.640,45.707
2026-09-02T07:56:09.221908+07:00,c9_sim,273,11.956,34.453,0.000,0.000,0.087,46.496
2026-09-02T07:56:09.423508+07:00,c9_sim,274,13.070,35.132,0.000,0.000,0.022,48.224
2026-09-02T07:56:09.625266+07:00,c9_sim,275,12.753,36.058,0.000,0.000,0.024,48.835
2026-09-02T07:56:09.824346+07:00,c9_sim,276,12.768,34.129,0.000,0.000,0.024,46.921
2026-09-02T07:56:10.022675+07:00,c9_sim,277,10.456,32.590,0.000,0.000,0.021,43.068
2026-09-02T07:56:10.280533+07:00,c9_sim,278,12.558,37.015,1.228,53.025,0.021,103.846
2026-09-02T07:56:10.480503+07:00,c9_sim,279,12.770,33.557,1.073,49.134,0.025,96.559
2026-09-02T07:56:10.661013+07:00,c9_sim,280,5.646,30.192,0.879,58.752,0.023,95.492
2026-09-02T07:56:10.808226+07:00,c9_sim,281,12.943,31.613,0.000,0.000,0.022,44.578
2026-09-02T07:56:11.028444+07:00,c9_sim,282,12.311,35.977,0.000,0.000,0.030,48.318
2026-09-02T07:56:11.262784+07:00,c9_sim,283,12.620,35.218,1.130,54.253,0.025,103.247
2026-09-02T07:56:11.478870+07:00,c9_sim,284,11.780,34.676,1.078,55.366,0.025,102.924
2026-09-02T07:56:11.609944+07:00,c9_sim,285,13.550,35.139,0.000,0.000,0.022,48.711
2026-09-02T07:56:11.839786+07:00,c9_sim,286,10.943,25.680,0.781,40.031,0.022,77.458
2026-09-02T07:56:12.039090+07:00,c9_sim,287,8.115,22.959,0.679,38.132,0.023,69.907
2026-09-02T07:56:12.250454+07:00,c9_sim,288,7.796,25.696,1.362,41.289,0.024,76.167
2026-09-02T07:56:12.416309+07:00,c9_sim,289,9.527,23.162,0.930,0.000,0.012,33.631
2026-09-02T07:56:12.618267+07:00,c9_sim,290,8.049,36.809,1.447,0.000,0.022,46.327
2026-09-02T07:56:12.863733+07:00,c9_sim,291,11.929,32.940,1.119,49.072,0.058,95.117
2026-09-02T07:56:13.064090+07:00,c9_sim,292,12.257,33.717,0.891,47.844,0.020,94.729
2026-09-02T07:56:13.263913+07:00,c9_sim,293,12.032,33.951,1.234,48.512,0.027,95.756
2026-09-02T07:56:13.413378+07:00,c9_sim,294,12.253,31.806,0.000,0.000,0.023,44.083
2026-09-02T07:56:13.617536+07:00,c9_sim,295,8.772,33.306,0.000,0.000,0.025,42.103
2026-09-02T07:56:13.864187+07:00,c9_sim,296,6.331,29.827,1.113,48.801,0.025,86.097
2026-09-02T07:56:14.012168+07:00,c9_sim,297,8.658,31.011,0.000,0.000,0.016,39.685
2026-09-02T07:56:14.223811+07:00,c9_sim,298,12.751,36.983,0.000,0.000,0.019,49.753
2026-09-02T07:56:14.423588+07:00,c9_sim,299,12.615,34.038,0.000,0.000,0.023,46.676
2026-09-02T07:56:14.622633+07:00,c9_sim,300,10.942,35.274,0.000,0.000,0.025,46.240
2026-09-02T07:56:14.830177+07:00,c9_sim,301,5.998,43.024,0.000,0.000,0.012,49.033
2026-09-02T07:56:15.061630+07:00,c9_sim,302,7.169,31.699,1.187,58.605,0.027,98.686
2026-09-02T07:56:15.264205+07:00,c9_sim,303,12.250,32.972,1.247,51.792,0.336,98.597
2026-09-02T07:56:15.417010+07:00,c9_sim,304,12.017,31.613,0.000,0.000,0.025,43.655
2026-09-02T07:56:15.607881+07:00,c9_sim,305,6.914,37.386,0.000,0.000,0.016,44.316
2026-09-02T07:56:15.859014+07:00,c9_sim,306,10.876,25.552,1.088,57.497,0.033,95.046
2026-09-02T07:56:16.062646+07:00,c9_sim,307,12.574,34.464,1.139,52.629,0.023,100.829
2026-09-02T07:56:16.282027+07:00,c9_sim,308,12.650,34.425,1.224,53.205,0.028,101.532
2026-09-02T07:56:16.439646+07:00,c9_sim,309,8.260,24.873,0.829,32.632,0.023,66.618
2026-09-02T07:56:16.680413+07:00,c9_sim,310,10.946,33.380,1.238,56.360,0.035,101.961
2026-09-02T07:56:16.829308+07:00,c9_sim,311,7.088,19.464,0.659,33.166,0.025,60.402
2026-09-02T07:56:17.028943+07:00,c9_sim,312,6.758,20.452,0.811,36.433,0.026,64.480
2026-09-02T07:56:17.255707+07:00,c9_sim,313,7.349,30.735,1.023,48.825,0.026,87.958
2026-09-02T07:56:17.462005+07:00,c9_sim,314,7.155,27.498,0.881,51.255,0.028,86.817
2026-09-02T07:56:17.660106+07:00,c9_sim,315,6.963,25.985,1.300,50.163,0.037,84.448
2026-09-02T07:56:17.863100+07:00,c9_sim,316,10.414,30.875,1.530,52.304,0.039,95.162
2026-09-02T07:56:18.033192+07:00,c9_sim,317,11.120,19.564,0.955,31.004,0.032,62.675
2026-09-02T07:56:18.242481+07:00,c9_sim,318,9.136,24.005,0.837,41.487,0.040,75.505
2026-09-02T07:56:18.478498+07:00,c9_sim,319,7.776,36.035,1.061,60.807,0.048,105.728
2026-09-02T07:56:18.626190+07:00,c9_sim,320,6.144,19.695,0.695,30.870,0.030,57.434
2026-09-02T07:56:18.851754+07:00,c9_sim,321,7.193,22.408,1.425,39.273,0.040,70.339
2026-09-02T07:56:19.040566+07:00,c9_sim,322,10.694,24.320,0.942,43.242,0.044,79.243
2026-09-02T07:56:19.282533+07:00,c9_sim,323,9.526,47.346,1.132,53.914,0.031,111.949
2026-09-02T07:56:19.424142+07:00,c9_sim,324,8.432,20.123,0.598,30.819,0.036,60.008
2026-09-02T07:56:19.626686+07:00,c9_sim,325,9.041,22.163,0.671,35.935,0.038,67.848
2026-09-02T07:56:19.875482+07:00,c9_sim,326,10.591,22.704,1.028,53.919,0.048,88.289
2026-09-02T07:56:20.048984+07:00,c9_sim,327,9.550,24.665,0.971,51.874,0.039,87.100
2026-09-02T07:56:20.247007+07:00,c9_sim,328,6.867,25.489,1.010,48.912,0.047,82.326
2026-09-02T07:56:20.467913+07:00,c9_sim,329,10.308,24.648,0.676,51.034,0.047,86.714
2026-09-02T07:56:20.669557+07:00,c9_sim,330,6.064,27.599,1.000,56.698,0.055,91.415
2026-09-02T07:56:20.862456+07:00,c9_sim,331,9.115,23.463,0.737,51.869,0.036,85.220
2026-09-02T07:56:21.059964+07:00,c9_sim,332,8.263,25.829,1.212,46.125,0.048,81.477
2026-09-02T07:56:21.248733+07:00,c9_sim,333,5.436,21.472,0.725,47.991,0.117,75.741
2026-09-02T07:56:21.462620+07:00,c9_sim,334,9.561,26.390,0.949,49.165,0.043,86.110
2026-09-02T07:56:21.655035+07:00,c9_sim,335,8.259,24.555,0.986,48.319,0.046,82.165
2026-09-02T07:56:21.840249+07:00,c9_sim,336,6.871,21.528,0.894,44.261,0.039,73.593
2026-09-02T07:56:22.045371+07:00,c9_sim,337,7.630,21.516,0.865,42.680,0.044,72.735
2026-09-02T07:56:22.254849+07:00,c9_sim,338,6.472,23.486,0.740,47.685,0.037,78.420
2026-09-02T07:56:22.442035+07:00,c9_sim,339,9.228,23.034,0.762,46.261,0.035,79.319
2026-09-02T07:56:22.649635+07:00,c9_sim,340,11.425,25.653,0.817,41.029,0.042,78.966
2026-09-02T07:56:22.821084+07:00,c9_sim,341,9.176,28.875,0.000,0.000,0.024,38.075
2026-09-02T07:56:22.999719+07:00,c9_sim,342,6.593,35.275,0.000,0.000,0.015,41.883
2026-09-02T07:56:23.229744+07:00,c9_sim,343,11.476,40.838,0.000,0.000,0.014,52.328
2026-09-02T07:56:23.408680+07:00,c8_sim,129,9.030,32.389,1.019,0.000,0.018,42.456
2026-09-02T07:56:23.641409+07:00,c8_sim,130,13.678,35.911,0.857,0.000,0.016,50.462
2026-09-02T07:56:23.818473+07:00,c8_sim,131,10.703,33.928,0.883,0.000,0.014,45.527
2026-09-02T07:56:24.078359+07:00,c8_sim,132,12.389,32.216,0.972,58.840,0.136,104.553
2026-09-02T07:56:24.224584+07:00,c8_sim,133,9.212,23.881,0.771,0.004,0.016,33.884
2026-09-02T07:56:24.460629+07:00,c8_sim,134,8.439,20.455,0.653,54.294,0.027,83.868
2026-09-02T07:56:24.665355+07:00,c8_sim,135,6.860,19.248,0.756,59.306,0.030,86.201
2026-09-02T07:56:24.878568+07:00,c8_sim,136,13.040,30.863,0.985,55.893,0.025,100.806
2026-09-02T07:56:25.069614+07:00,c8_sim,137,13.778,28.673,0.655,43.718,0.033,86.857
2026-09-02T07:56:25.263047+07:00,c8_sim,138,14.428,21.127,0.879,46.267,0.023,82.724
2026-09-02T07:56:25.459228+07:00,c8_sim,139,9.438,27.323,0.887,50.294,0.032,87.973
2026-09-02T07:56:25.684081+07:00,c8_sim,140,8.394,25.888,0.980,54.486,0.046,89.795
2026-09-02T07:56:25.853687+07:00,c8_sim,141,7.360,21.437,0.827,50.232,0.031,79.888
2026-09-02T07:56:26.076249+07:00,c8_sim,142,12.611,29.542,0.675,47.271,0.463,90.562
2026-09-02T07:56:26.268977+07:00,c8_sim,143,14.933,26.131,0.910,45.807,0.061,87.842
2026-09-02T07:56:26.409718+07:00,c8_sim,144,10.356,22.792,0.000,0.000,0.019,33.168
2026-09-02T07:56:26.681237+07:00,c8_sim,145,14.689,31.493,1.032,45.229,0.030,92.474
2026-09-02T07:56:26.866346+07:00,c8_sim,146,10.003,28.488,0.967,40.461,0.027,79.947
2026-09-02T07:56:27.049169+07:00,c8_sim,147,10.735,23.398,0.918,44.724,0.028,79.802
2026-09-02T07:56:27.276079+07:00,c8_sim,148,8.382,31.927,1.162,58.448,0.031,99.949
2026-09-02T07:56:27.461033+07:00,c8_sim,149,15.050,22.349,0.867,50.955,0.031,89.252
2026-09-02T07:56:27.652524+07:00,c8_sim,150,8.784,21.691,1.048,49.704,0.061,81.288
2026-09-02T07:56:27.878724+07:00,c8_sim,151,11.039,32.863,1.219,56.462,0.038,101.622
2026-09-02T07:56:28.095207+07:00,c8_sim,152,11.696,35.266,1.182,56.539,0.045,104.728
2026-09-02T07:56:28.278882+07:00,c8_sim,153,17.307,33.922,1.124,55.039,0.042,107.434
2026-09-02T07:56:28.480149+07:00,c8_sim,154,14.590,32.300,1.142,49.724,0.042,97.797
2026-09-02T07:56:28.692853+07:00,c8_sim,155,16.307,31.908,0.601,62.589,0.074,111.480
2026-09-02T07:56:28.866281+07:00,c8_sim,156,9.873,22.360,0.678,37.935,0.035,70.881
2026-09-02T07:56:29.035651+07:00,c8_sim,157,11.540,22.697,0.934,31.588,0.029,66.788
2026-09-02T07:56:29.221961+07:00,c8_sim,158,12.808,24.057,0.000,0.000,0.016,36.881
2026-09-02T07:56:29.479489+07:00,c8_sim,159,11.948,33.056,0.922,58.007,0.042,103.975
2026-09-02T07:56:29.625973+07:00,c8_sim,160,13.589,28.887,0.000,0.000,0.013,42.489
2026-09-02T07:56:29.817362+07:00,c8_sim,161,12.920,34.003,0.000,0.000,0.029,46.953
2026-09-02T07:56:30.039501+07:00,c8_sim,162,8.702,39.646,0.000,0.000,0.021,48.369
2026-09-02T07:56:30.219054+07:00,c8_sim,163,9.814,39.663,0.000,0.000,0.030,49.507
2026-09-02T07:56:30.433318+07:00,c8_sim,164,7.504,42.987,0.000,0.000,0.022,50.513
2026-09-02T07:56:30.616284+07:00,c8_sim,165,7.521,38.025,0.000,0.000,0.015,45.561
2026-09-02T07:56:30.838668+07:00,c8_sim,166,15.553,33.694,0.000,0.000,0.022,49.269
2026-09-02T07:56:31.036473+07:00,c8_sim,167,14.888,34.547,0.000,0.000,0.023,49.458
2026-09-02T07:56:31.224722+07:00,c8_sim,168,10.067,30.069,0.000,0.000,0.015,40.151
2026-09-02T07:56:31.420464+07:00,c8_sim,169,9.629,30.572,0.000,0.000,0.020,40.220
2026-09-02T07:56:31.626387+07:00,c8_sim,170,7.687,36.924,0.000,0.000,0.022,44.632
2026-09-02T07:56:31.820013+07:00,c8_sim,171,15.091,32.166,0.000,0.000,0.017,47.274
2026-09-02T07:56:32.012417+07:00,c8_sim,172,9.179,25.481,0.000,0.000,0.017,34.677
2026-09-02T07:56:32.233632+07:00,c8_sim,173,14.495,35.707,0.000,0.000,0.025,50.227
2026-09-02T07:56:32.441845+07:00,c8_sim,174,15.374,38.983,0.000,0.000,0.585,54.943
2026-09-02T07:56:32.625393+07:00,c8_sim,175,12.546,40.213,0.000,0.000,0.036,52.795
2026-09-02T07:56:32.825537+07:00,c8_sim,176,16.081,32.143,0.000,0.000,0.012,48.237
2026-09-02T07:56:33.019245+07:00,c8_sim,177,15.612,33.030,0.000,0.000,0.013,48.655
2026-09-02T07:56:33.224726+07:00,c8_sim,178,11.774,39.473,0.000,0.000,0.011,51.258
2026-09-02T07:56:33.420177+07:00,c8_sim,179,9.685,33.414,0.000,0.000,0.015,43.114
2026-09-02T07:56:33.618347+07:00,c8_sim,180,13.547,33.129,0.000,0.000,0.012,46.688
2026-09-02T07:56:33.832952+07:00,c8_sim,181,15.123,32.456,0.000,0.000,0.011,47.590
2026-09-02T07:56:34.034243+07:00,c8_sim,182,12.295,35.931,0.000,0.000,0.008,48.234
2026-09-02T07:56:34.233191+07:00,c8_sim,183,12.466,34.675,0.000,0.000,0.010,47.151
2026-09-02T07:56:34.432098+07:00,c8_sim,184,15.278,31.777,0.000,0.000,0.012,47.067
2026-09-02T07:56:34.629677+07:00,c8_sim,185,15.034,34.170,0.000,0.000,0.011,49.215
2026-09-02T07:56:34.824013+07:00,c8_sim,186,15.287,32.840,0.000,0.000,0.012,48.139
2026-09-02T07:56:35.030008+07:00,c8_sim,187,15.660,39.468,0.000,0.000,0.015,55.142
2026-09-02T07:56:35.230755+07:00,c8_sim,188,7.645,43.742,0.000,0.000,0.014,51.400
2026-09-02T07:56:35.445341+07:00,c10_sim,124,9.341,37.472,10.438,0.000,0.025,57.276
2026-09-02T07:56:35.631929+07:00,c10_sim,125,11.526,41.362,1.147,0.000,0.017,54.052
2026-09-02T07:56:35.881418+07:00,c10_sim,126,12.840,35.476,1.109,49.435,0.113,98.974
2026-09-02T07:56:36.106753+07:00,c10_sim,127,15.874,36.253,1.304,64.438,0.043,117.913
2026-09-02T07:56:36.252591+07:00,c10_sim,128,6.023,20.382,0.773,31.191,0.030,58.398
2026-09-02T07:56:36.465443+07:00,c10_sim,129,11.938,21.679,0.879,36.540,0.025,71.062
2026-09-02T07:56:36.688067+07:00,c10_sim,130,10.421,25.587,1.145,48.767,0.038,85.959
2026-09-02T07:56:36.875761+07:00,c10_sim,131,10.239,24.121,0.783,50.491,0.028,85.662
2026-09-02T07:56:37.070995+07:00,c10_sim,132,8.363,24.515,0.804,50.552,0.026,84.260
2026-09-02T07:56:37.289187+07:00,c10_sim,133,12.442,27.070,0.917,47.119,0.026,87.575
2026-09-02T07:56:37.486144+07:00,c10_sim,134,11.305,27.282,1.102,43.520,0.025,83.234
2026-09-02T07:56:37.661999+07:00,c10_sim,135,8.601,17.959,0.712,41.857,0.460,69.588
2026-09-02T07:56:37.877587+07:00,c10_sim,136,6.689,23.648,0.835,47.108,0.041,78.322
2026-09-02T07:56:38.071297+07:00,c10_sim,137,10.725,27.809,0.776,47.098,0.023,86.431
2026-09-02T07:56:38.248034+07:00,c10_sim,138,7.245,18.734,1.044,43.991,0.031,71.044
2026-09-02T07:56:38.437908+07:00,c10_sim,139,12.012,24.922,1.397,0.000,0.019,38.350
2026-09-02T07:56:38.646389+07:00,c10_sim,140,12.653,40.171,1.714,0.000,0.022,54.560
2026-09-02T07:56:38.832877+07:00,c10_sim,141,7.334,39.982,1.191,0.000,0.017,48.525
2026-09-02T07:56:39.034224+07:00,c10_sim,142,8.841,35.038,1.211,0.000,0.021,45.111
2026-09-02T07:56:39.235691+07:00,c10_sim,143,12.207,30.927,1.154,0.000,0.020,44.308
2026-09-02T07:56:39.447079+07:00,c10_sim,144,12.784,39.802,1.168,0.008,0.338,54.100
2026-09-02T07:56:39.624042+07:00,c10_sim,145,13.321,33.443,1.098,0.007,0.025,47.893
2026-09-02T07:56:39.846919+07:00,c10_sim,146,11.949,32.161,1.186,0.008,0.025,45.329
2026-09-02T07:56:40.035382+07:00,c10_sim,147,13.722,41.152,1.204,0.007,0.027,56.112
2026-09-02T07:56:40.236153+07:00,c10_sim,148,15.337,40.190,0.000,0.000,0.023,55.550
2026-09-02T07:56:40.442269+07:00,c10_sim,149,10.197,34.050,0.000,0.000,0.022,44.270
2026-09-02T07:56:40.633073+07:00,c10_sim,150,13.241,33.897,0.000,0.000,0.022,47.160
2026-09-02T07:56:40.826323+07:00,c10_sim,151,14.709,33.560,0.000,0.000,0.023,48.292
2026-09-02T07:56:41.028422+07:00,c10_sim,152,12.963,32.897,0.000,0.000,0.026,45.885
2026-09-02T07:56:41.233657+07:00,c10_sim,153,12.830,36.055,0.000,0.000,0.844,49.729
2026-09-02T07:56:41.435641+07:00,c12_sim,39,11.976,34.808,0.000,0.000,0.042,46.826
2026-09-02T07:56:41.642032+07:00,c12_sim,40,11.936,36.715,1.285,0.000,0.019,49.955
2026-09-02T07:56:41.844506+07:00,c12_sim,41,13.312,32.434,0.000,0.000,0.022,45.768
2026-09-02T07:56:42.053837+07:00,c12_sim,42,14.456,36.759,0.000,0.000,0.020,51.235
2026-09-02T07:56:42.253157+07:00,c12_sim,43,13.540,33.240,0.000,0.000,0.022,46.802
2026-09-02T07:56:42.434138+07:00,c12_sim,44,7.851,36.829,0.000,0.000,0.023,44.702
2026-09-02T07:56:42.651008+07:00,c12_sim,45,10.332,33.343,0.000,0.000,0.075,43.750
2026-09-02T07:56:42.843619+07:00,c12_sim,46,12.067,31.808,0.000,0.000,0.011,43.886
2026-09-02T07:56:43.046197+07:00,c12_sim,47,12.597,36.381,0.000,0.000,0.010,48.988
2026-09-02T07:56:43.239206+07:00,c12_sim,48,12.531,34.016,0.000,0.000,0.011,46.558
2026-09-02T07:56:43.437336+07:00,c11_sim,503,10.730,31.713,0.000,0.000,0.010,42.454
2026-09-02T07:56:43.657867+07:00,c11_sim,504,15.629,32.509,0.000,0.000,0.011,48.149
2026-09-02T07:56:43.855922+07:00,c11_sim,505,15.396,32.091,0.000,0.000,0.011,47.498
2026-09-02T07:56:44.060493+07:00,c11_sim,506,13.891,33.252,1.274,0.000,0.010,48.427
2026-09-02T07:56:44.231703+07:00,c11_sim,507,11.464,29.814,0.819,0.000,0.009,42.106
2026-09-02T07:56:44.433302+07:00,c11_sim,508,9.514,28.174,0.837,0.000,0.009,38.535
2026-09-02T07:56:44.714685+07:00,c11_sim,509,6.856,37.953,1.193,58.269,0.060,104.332
2026-09-02T07:56:44.830027+07:00,c11_sim,510,11.146,18.683,0.000,0.000,0.009,29.838
2026-09-02T07:56:45.044989+07:00,c11_sim,511,10.843,27.200,0.000,0.000,0.019,38.062
2026-09-02T07:56:45.297570+07:00,c11_sim,512,11.512,33.800,1.113,53.574,0.028,100.027
2026-09-02T07:56:45.476114+07:00,c11_sim,513,11.392,21.101,0.623,33.077,0.022,66.216
2026-09-02T07:56:45.651920+07:00,c11_sim,514,10.754,29.657,1.000,0.007,0.034,41.452
2026-09-02T07:56:45.929196+07:00,c11_sim,515,14.287,38.467,1.018,62.351,0.019,116.142
2026-09-02T07:56:46.043093+07:00,c11_sim,516,10.738,23.860,0.000,0.000,0.011,34.609
2026-09-02T07:56:46.296004+07:00,c11_sim,517,13.125,32.242,0.911,52.557,0.025,98.860
2026-09-02T07:56:46.431636+07:00,c11_sim,518,10.944,23.158,0.000,0.000,0.016,34.118
2026-09-02T07:56:46.656556+07:00,c11_sim,519,9.726,38.171,0.000,0.000,0.021,47.917
2026-09-02T07:56:46.913586+07:00,c11_sim,520,13.502,33.689,1.195,48.196,0.022,96.605
2026-09-02T07:56:47.067011+07:00,c11_sim,521,10.068,24.058,0.620,29.344,0.024,64.114
2026-09-02T07:56:47.301306+07:00,c11_sim,522,12.940,29.943,0.802,43.457,0.022,87.164
2026-09-02T07:56:47.500545+07:00,c11_sim,523,11.595,26.943,1.007,51.761,0.029,91.335
2026-09-02T07:56:47.710631+07:00,c11_sim,524,14.349,33.517,1.243,57.779,0.025,106.913
2026-09-02T07:56:47.913602+07:00,c11_sim,525,16.110,33.596,1.127,47.983,0.023,98.838
2026-09-02T07:56:48.066318+07:00,c11_sim,526,10.892,25.405,0.619,30.775,0.021,67.712
2026-09-02T07:56:48.277819+07:00,c11_sim,527,14.019,22.944,0.773,39.970,0.026,77.731
2026-09-02T07:56:48.510355+07:00,c11_sim,528,13.969,31.648,1.185,58.814,0.031,105.647
2026-09-02T07:56:48.657368+07:00,c11_sim,529,14.603,28.446,0.000,0.000,0.012,43.061
2026-09-02T07:56:48.837237+07:00,c11_sim,530,12.671,33.477,0.000,0.000,0.029,46.177
2026-09-02T07:56:49.127266+07:00,c11_sim,531,13.081,45.566,1.150,58.931,0.026,118.754
2026-09-02T07:56:49.283570+07:00,c11_sim,532,13.959,26.701,0.874,29.505,0.028,71.066
2026-09-02T07:56:49.512381+07:00,c11_sim,533,10.577,34.177,1.170,52.552,0.047,98.523
2026-09-02T07:56:49.631307+07:00,c11_sim,534,11.559,23.985,0.000,0.000,0.012,35.556
2026-09-02T07:56:49.912308+07:00,c11_sim,535,14.938,31.539,0.955,53.412,0.033,100.877
2026-09-02T07:56:50.054788+07:00,c11_sim,536,14.129,20.182,0.671,28.344,0.034,63.360
2026-09-02T07:56:50.311819+07:00,c11_sim,537,14.376,34.342,1.102,54.278,0.037,104.135
2026-09-02T07:56:50.528949+07:00,c11_sim,538,14.057,33.233,1.215,63.525,0.039,112.069
2026-09-02T07:56:50.675435+07:00,c11_sim,539,9.173,23.067,0.748,29.800,0.035,62.823
2026-09-02T07:56:50.898076+07:00,c11_sim,540,14.179,32.070,1.091,55.660,0.030,103.031
2026-09-02T07:56:51.075827+07:00,c11_sim,541,13.947,21.150,0.607,34.125,0.033,69.862
2026-09-02T07:56:51.272619+07:00,c11_sim,542,14.608,18.537,0.669,38.893,0.030,72.736
2026-09-02T07:56:51.480920+07:00,c11_sim,543,15.445,20.824,1.216,49.979,0.052,87.516
2026-09-02T07:56:51.718360+07:00,c11_sim,544,15.100,24.371,1.047,60.578,0.041,101.138
2026-09-02T07:56:51.886642+07:00,c11_sim,545,15.311,28.093,0.795,50.632,0.048,94.879
2026-09-02T07:56:52.112144+07:00,c11_sim,546,10.563,42.401,1.125,61.663,0.039,115.791
2026-09-02T07:56:52.268491+07:00,c11_sim,547,15.049,23.571,0.720,30.243,0.031,69.614
2026-09-02T07:56:52.497041+07:00,c11_sim,548,13.940,32.056,0.947,48.772,0.033,95.747
2026-09-02T07:56:52.730794+07:00,c11_sim,549,12.971,32.782,1.079,81.321,0.063,128.216
2026-09-02T07:56:52.912992+07:00,c11_sim,550,14.141,34.617,1.046,49.968,0.037,99.809
2026-09-02T07:56:53.112528+07:00,c11_sim,551,15.144,32.912,0.988,51.247,0.036,100.327
2026-09-02T07:56:53.242519+07:00,c11_sim,552,14.684,34.404,1.598,0.000,0.030,50.715
2026-09-02T07:56:53.444198+07:00,c11_sim,553,8.752,39.377,1.193,0.000,0.019,49.341
2026-09-02T07:56:53.664717+07:00,c11_sim,554,15.337,35.018,1.166,0.000,0.022,51.543
2026-09-02T07:56:53.861254+07:00,c11_sim,555,15.105,33.630,1.177,0.008,0.306,50.226
2026-09-02T07:56:54.113129+07:00,c11_sim,556,14.462,33.490,1.189,50.513,0.028,99.682
2026-09-02T07:56:54.254406+07:00,c11_sim,557,13.206,42.044,1.302,0.006,0.021,56.579
2026-09-02T07:56:54.451135+07:00,c11_sim,558,7.297,31.139,1.039,0.009,0.022,39.506
2026-09-02T07:56:54.648245+07:00,c11_sim,559,13.336,34.990,0.000,0.000,0.027,48.353
2026-09-02T07:56:54.850932+07:00,c11_sim,560,15.476,34.990,0.000,0.000,0.022,50.488
2026-09-02T07:56:55.050565+07:00,c11_sim,561,13.642,31.578,0.000,0.000,0.024,45.243
2026-09-02T07:56:55.259212+07:00,c11_sim,562,10.206,42.428,0.000,0.000,0.025,52.659
2026-09-02T07:56:55.467465+07:00,c11_sim,563,9.502,38.078,1.702,0.767,0.026,50.075
2026-09-02T07:56:55.699071+07:00,c11_sim,564,11.407,37.435,1.262,47.932,0.026,98.061
2026-09-02T07:56:55.845334+07:00,c11_sim,565,13.157,23.583,1.098,0.006,0.022,37.865
2026-09-02T07:56:56.096256+07:00,c11_sim,566,9.282,29.019,1.028,57.751,0.562,97.643
2026-09-02T07:56:56.271196+07:00,c11_sim,567,10.086,23.470,0.997,33.687,0.053,68.294
2026-09-02T07:56:56.442205+07:00,c11_sim,568,10.462,24.915,1.617,0.000,0.013,37.007
2026-09-02T07:56:56.668830+07:00,c11_sim,569,9.927,36.135,1.043,0.000,0.019,47.125
2026-09-02T07:56:56.910721+07:00,c11_sim,570,9.461,31.990,1.011,64.606,0.236,107.303
2026-09-02T07:56:57.057433+07:00,c11_sim,571,9.462,26.053,1.160,0.006,0.028,36.709
2026-09-02T07:56:57.298543+07:00,c11_sim,572,12.315,27.235,0.678,48.746,0.024,88.999
2026-09-02T07:56:57.496767+07:00,c11_sim,573,11.698,24.380,0.723,50.235,0.026,87.061
2026-09-02T07:56:57.687577+07:00,c11_sim,574,9.181,22.986,0.935,46.690,0.033,79.825
2026-09-02T07:56:57.891164+07:00,c11_sim,575,12.694,24.111,0.748,41.754,0.029,79.335
2026-09-02T07:56:58.104318+07:00,c11_sim,576,11.733,27.909,1.021,45.236,0.028,85.927
2026-09-02T07:56:58.288877+07:00,c11_sim,577,14.154,27.272,0.990,40.590,0.028,83.035
2026-09-02T07:56:58.513270+07:00,c11_sim,578,14.735,33.796,1.128,48.165,0.025,97.848
2026-09-02T07:56:58.726533+07:00,c11_sim,579,15.239,33.391,1.184,60.513,0.028,110.355
2026-09-02T07:56:58.910418+07:00,c11_sim,580,12.431,31.999,1.011,57.993,0.028,103.463
2026-09-02T07:56:59.112399+07:00,c11_sim,581,16.172,34.497,1.275,51.788,0.028,103.760
2026-09-02T07:56:59.328060+07:00,c11_sim,582,15.243,33.063,1.059,55.896,0.418,105.680
2026-09-02T07:56:59.466539+07:00,c11_sim,583,12.997,20.816,0.684,28.269,0.023,62.788
2026-09-02T07:56:59.727640+07:00,c11_sim,584,15.159,34.498,1.016,55.310,0.029,106.013
2026-09-02T07:56:59.870088+07:00,c11_sim,585,9.336,24.587,0.656,28.684,0.020,63.284
2026-09-02T07:57:00.127125+07:00,c11_sim,586,14.039,36.841,1.192,59.091,0.031,111.194
2026-09-02T07:57:00.277539+07:00,c11_sim,587,10.223,23.059,0.737,32.673,0.048,66.740
2026-09-02T07:57:00.479546+07:00,c11_sim,588,10.400,25.543,0.769,35.615,0.033,72.359
2026-09-02T07:57:00.645291+07:00,c11_sim,589,15.473,24.094,0.000,0.000,0.013,39.581
2026-09-02T07:57:00.846238+07:00,c11_sim,590,14.178,33.329,0.000,0.000,0.019,47.526
2026-09-02T07:57:01.111145+07:00,c11_sim,591,13.388,33.233,1.034,55.476,0.058,103.190
2026-09-02T07:57:01.319559+07:00,c11_sim,592,7.688,28.380,0.879,84.325,0.054,121.326
2026-09-02T07:57:01.493508+07:00,c11_sim,593,8.669,29.533,0.779,44.646,0.035,83.664
2026-09-02T07:57:01.681944+07:00,c11_sim,594,8.793,25.737,0.827,38.777,0.030,74.164
2026-09-02T07:57:01.914994+07:00,c11_sim,595,15.046,35.838,1.050,49.759,0.035,101.728
2026-09-02T07:57:02.070322+07:00,c11_sim,596,14.630,26.608,0.731,30.900,0.034,72.903
2026-09-02T07:57:02.297338+07:00,c11_sim,597,12.202,31.945,1.067,52.468,0.038,97.720
2026-09-02T07:57:02.479549+07:00,c11_sim,598,10.449,24.217,0.821,34.179,0.038,69.704
2026-09-02T07:57:02.710282+07:00,c11_sim,599,15.089,33.607,1.079,58.027,0.049,107.851
2026-09-02T07:57:02.912916+07:00,c11_sim,600,15.141,31.815,1.219,48.720,0.042,96.937
2026-09-02T07:57:03.112565+07:00,c11_sim,601,15.149,34.556,1.066,49.714,0.037,100.524
2026-09-02T07:57:03.279887+07:00,c11_sim,602,6.172,27.792,0.615,46.590,0.018,81.187
2026-09-02T07:57:03.511772+07:00,c11_sim,603,14.074,31.034,0.861,53.267,0.038,99.273
2026-09-02T07:57:03.658327+07:00,c11_sim,604,14.492,32.609,0.000,0.000,0.021,47.122
2026-09-02T07:57:03.850201+07:00,c11_sim,605,12.018,32.067,0.000,0.000,0.023,44.108
2026-09-02T07:57:04.110626+07:00,c11_sim,606,7.769,32.100,0.693,57.109,0.037,97.709
2026-09-02T07:57:04.312926+07:00,c11_sim,607,15.376,34.216,0.943,48.296,0.040,98.872
2026-09-02T07:57:04.512974+07:00,c11_sim,608,15.211,32.175,1.054,48.648,0.037,97.124
2026-09-02T07:57:04.642429+07:00,c11_sim,609,11.352,32.595,0.000,0.000,0.021,43.969
2026-09-02T07:57:04.911645+07:00,c11_sim,610,18.390,31.614,1.024,52.544,0.038,103.609
2026-09-02T07:57:05.126093+07:00,c11_sim,611,13.914,35.051,1.069,59.718,0.040,109.792
2026-09-02T07:57:05.267660+07:00,c11_sim,612,12.726,22.472,0.528,28.434,0.032,64.191
2026-09-02T07:57:05.512510+07:00,c11_sim,613,14.500,32.087,0.969,49.758,0.036,97.350
2026-09-02T07:57:05.727489+07:00,c11_sim,614,13.971,36.339,1.299,56.653,0.039,108.302
2026-09-02T07:57:05.911200+07:00,c11_sim,615,13.058,32.349,0.898,55.326,0.041,101.673
2026-09-02T07:57:06.068618+07:00,c11_sim,616,14.204,34.861,0.000,0.000,0.024,49.090
2026-09-02T07:57:06.294928+07:00,c11_sim,617,9.897,31.876,1.048,53.130,0.040,95.991
2026-09-02T07:57:06.481278+07:00,c11_sim,618,13.695,22.506,0.767,41.549,0.042,78.558
2026-09-02T07:57:06.711849+07:00,c11_sim,619,12.391,33.525,1.126,52.099,0.039,99.181
2026-09-02T07:57:06.926222+07:00,c11_sim,620,14.699,32.832,1.096,59.470,0.040,108.136
2026-09-02T07:57:07.110181+07:00,c11_sim,621,14.374,32.466,1.030,57.734,0.040,105.645
2026-09-02T07:57:07.312573+07:00,c11_sim,622,14.696,34.923,1.124,48.987,0.038,99.768
2026-09-02T07:57:07.457173+07:00,c11_sim,623,13.215,32.180,0.000,0.000,0.022,45.417
2026-09-02T07:57:07.710703+07:00,c11_sim,624,14.376,32.962,1.032,55.149,0.048,103.567
2026-09-02T07:57:07.947793+07:00,c11_sim,625,14.443,32.829,1.020,81.446,0.055,129.795
2026-09-02T07:57:08.042891+07:00,c11_sim,626,16.190,26.446,0.000,0.000,0.024,42.660
2026-09-02T07:57:08.311073+07:00,c11_sim,627,13.486,32.348,1.054,54.617,0.039,101.544
2026-09-02T07:57:08.463400+07:00,c11_sim,628,11.606,34.344,0.000,0.000,0.022,45.972
2026-09-02T07:57:08.695419+07:00,c11_sim,629,12.971,30.494,0.943,51.716,0.039,96.163
2026-09-02T07:57:08.841015+07:00,c11_sim,630,12.495,30.636,0.000,0.000,0.015,43.146
2026-09-02T07:57:09.039135+07:00,c11_sim,631,13.629,30.624,0.000,0.000,0.016,44.269
2026-09-02T07:57:09.251142+07:00,c11_sim,632,14.673,32.816,0.000,0.000,0.022,47.511
2026-09-02T07:57:09.452132+07:00,c11_sim,633,14.738,33.961,0.000,0.000,0.021,48.720
2026-09-02T07:57:09.650740+07:00,c11_sim,634,15.777,32.260,0.000,0.000,0.021,48.058
2026-09-02T07:57:09.896385+07:00,c11_sim,635,10.665,31.783,0.950,49.613,0.030,93.041
2026-09-02T07:57:10.041922+07:00,c11_sim,636,14.419,24.887,1.032,0.006,0.035,40.378
2026-09-02T07:57:10.250546+07:00,c11_sim,637,8.120,43.458,1.631,0.007,0.073,53.288
2026-09-02T07:57:10.459200+07:00,c11_sim,638,11.675,43.992,0.000,0.000,0.017,55.684
2026-09-02T07:57:10.658516+07:00,c11_sim,639,8.089,33.001,0.000,0.000,0.020,41.110
2026-09-02T07:57:10.865947+07:00,c11_sim,640,13.542,40.133,0.000,0.000,0.022,53.697
2026-09-02T07:57:11.040934+07:00,c11_sim,641,12.193,31.250,0.000,0.000,0.021,43.465
2026-09-02T07:57:11.264425+07:00,c11_sim,642,12.336,34.287,1.226,0.006,0.024,47.879
2026-09-02T07:57:11.470327+07:00,c11_sim,643,12.404,42.788,0.000,0.000,0.029,55.222
2026-09-02T07:57:11.663823+07:00,c11_sim,644,11.682,34.943,0.000,0.000,0.021,46.646
2026-09-02T07:57:11.859088+07:00,c11_sim,645,15.282,33.324,0.000,0.000,0.022,48.628
2026-09-02T07:57:12.058809+07:00,c11_sim,646,13.417,33.578,0.000,0.000,0.020,47.015
2026-09-02T07:57:12.251483+07:00,c11_sim,647,14.024,34.197,0.000,0.000,0.023,48.243
2026-09-02T07:57:12.442116+07:00,c11_sim,648,12.323,31.737,0.000,0.000,0.018,44.078
2026-09-02T07:57:12.663986+07:00,c11_sim,649,13.892,33.088,0.000,0.000,0.019,47.000
2026-09-02T07:57:12.862677+07:00,c11_sim,650,11.514,34.892,0.000,0.000,0.020,46.425
2026-09-02T07:57:13.057937+07:00,c11_sim,651,14.093,33.740,0.000,0.000,0.019,47.852
2026-09-02T07:57:13.260729+07:00,c11_sim,652,14.087,33.930,0.000,0.000,0.022,48.039
2026-09-02T07:57:13.464191+07:00,c12_sim,49,8.838,32.656,1.585,0.000,0.012,43.091
2026-09-02T07:57:13.681609+07:00,c12_sim,50,16.983,37.295,0.000,0.000,0.011,54.289
2026-09-02T07:57:13.858499+07:00,c12_sim,51,12.888,32.333,0.000,0.000,0.011,45.232
2026-09-02T07:57:14.078013+07:00,c12_sim,52,14.590,32.942,0.000,0.000,0.011,47.542
2026-09-02T07:57:14.251144+07:00,c12_sim,53,12.225,30.623,0.000,0.000,0.009,42.856
2026-09-02T07:57:14.451493+07:00,c12_sim,54,13.238,31.295,0.000,0.000,0.010,44.543
2026-09-02T07:57:14.675034+07:00,c12_sim,55,14.172,34.134,0.000,0.000,0.011,48.317
2026-09-02T07:57:14.853468+07:00,c12_sim,56,12.396,32.293,0.000,0.000,0.011,44.700
2026-09-02T07:57:15.062747+07:00,c12_sim,57,14.759,33.706,0.000,0.000,0.011,48.475
2026-09-02T07:57:15.265037+07:00,c12_sim,58,13.558,32.168,0.000,0.000,0.010,45.736
2026-09-02T07:57:15.460257+07:00,c12_sim,59,14.191,35.395,0.000,0.000,0.013,49.599
2026-09-02T07:57:15.653032+07:00,c12_sim,60,14.193,31.761,0.000,0.000,0.011,45.965
2026-09-02T07:57:15.854358+07:00,c12_sim,61,12.448,32.695,0.000,0.000,0.011,45.154
2026-09-02T07:57:16.080822+07:00,c10_sim,154,12.090,35.114,2.256,0.000,0.023,49.482
2026-09-02T07:57:16.285828+07:00,c10_sim,155,18.699,34.189,1.126,0.000,0.021,54.036
2026-09-02T07:57:16.486821+07:00,c10_sim,156,14.320,31.768,1.180,0.009,0.323,47.601
2026-09-02T07:57:16.654870+07:00,c10_sim,157,16.004,22.668,0.872,0.005,0.020,39.570
2026-09-02T07:57:16.928809+07:00,c10_sim,158,12.094,30.974,1.036,54.030,0.019,98.153
2026-09-02T07:57:17.111699+07:00,c10_sim,159,7.069,28.559,0.844,52.073,0.022,88.567
2026-09-02T07:57:17.343755+07:00,c10_sim,160,15.362,32.108,1.252,56.740,0.029,105.491
2026-09-02T07:57:17.472408+07:00,c10_sim,161,14.628,31.759,1.121,0.007,0.025,47.540
2026-09-02T07:57:17.743200+07:00,c10_sim,162,13.908,33.558,1.209,59.580,0.051,108.306
2026-09-02T07:57:17.928117+07:00,c10_sim,163,12.325,32.052,1.076,53.990,0.021,99.465
2026-09-02T07:57:18.112297+07:00,c10_sim,164,8.292,35.315,1.234,50.715,0.026,95.581
2026-09-02T07:57:18.312541+07:00,c10_sim,165,12.343,32.691,1.109,49.233,0.026,95.403
2026-09-02T07:57:18.526222+07:00,c10_sim,166,13.678,32.528,1.010,58.755,0.028,106.000
2026-09-02T07:57:18.727833+07:00,c10_sim,167,13.698,32.521,1.250,54.065,0.025,101.559
2026-09-02T07:57:18.929192+07:00,c10_sim,168,13.259,31.228,1.136,49.320,0.025,94.969
2026-09-02T07:57:19.112006+07:00,c10_sim,169,13.149,31.421,1.000,50.824,0.022,96.416
2026-09-02T07:57:19.312302+07:00,c10_sim,170,14.829,33.216,1.143,49.475,0.023,98.687
2026-09-02T07:57:19.464665+07:00,c10_sim,171,13.424,32.410,0.000,0.000,0.021,45.856
2026-09-02T07:57:19.743728+07:00,c10_sim,172,13.305,35.144,1.325,56.566,0.033,106.373
2026-09-02T07:57:19.926912+07:00,c10_sim,173,14.246,31.203,0.991,57.281,0.024,103.745
2026-09-02T07:57:20.072740+07:00,c10_sim,174,7.037,22.218,0.697,30.463,0.023,60.438
2026-09-02T07:57:20.302402+07:00,c10_sim,175,10.848,24.027,1.609,39.271,0.022,75.776
2026-09-02T07:57:20.507201+07:00,c10_sim,176,7.937,22.047,0.862,39.894,0.058,70.799
2026-09-02T07:57:20.669140+07:00,c11_sim,653,13.334,23.459,1.297,0.000,0.022,38.112
2026-09-02T07:57:20.868633+07:00,c11_sim,654,13.101,28.928,0.910,0.000,0.019,42.958
2026-09-02T07:57:21.088754+07:00,c11_sim,655,13.040,31.437,1.120,0.000,0.020,45.617
2026-09-02T07:57:21.291030+07:00,c11_sim,656,9.167,33.643,1.019,0.006,0.199,44.034
2026-09-02T07:57:21.483584+07:00,c11_sim,657,9.884,26.199,1.028,0.007,0.454,37.572
2026-09-02T07:57:21.682365+07:00,c11_sim,658,7.162,38.849,0.000,0.000,0.064,46.075
2026-09-02T07:57:21.917311+07:00,c11_sim,659,11.951,24.458,0.790,47.938,0.024,85.161
2026-09-02T07:57:22.118185+07:00,c11_sim,660,9.608,26.233,0.841,53.108,0.024,89.813
2026-09-02T07:57:22.321617+07:00,c11_sim,661,13.009,25.572,0.889,56.373,0.025,95.868
2026-09-02T07:57:22.514593+07:00,c11_sim,662,15.839,25.466,0.913,49.722,0.030,91.971
2026-09-02T07:57:22.708170+07:00,c11_sim,663,12.599,28.273,0.849,42.837,0.027,84.584
2026-09-02T07:57:22.924367+07:00,c11_sim,664,11.067,27.240,0.989,46.928,0.027,86.250
2026-09-02T07:57:23.121381+07:00,c11_sim,665,14.527,27.787,0.922,45.927,0.025,89.188
2026-09-02T07:57:23.309871+07:00,c11_sim,666,9.020,27.457,1.048,41.970,0.028,79.522
2026-09-02T07:57:23.546980+07:00,c11_sim,667,13.243,36.525,1.178,60.091,0.024,111.060
2026-09-02T07:57:23.693873+07:00,c11_sim,668,9.497,22.551,0.913,33.107,0.020,66.088
2026-09-02T07:57:23.926847+07:00,c11_sim,669,13.903,31.367,0.969,57.487,0.026,103.752
2026-09-02T07:57:24.104142+07:00,c11_sim,670,10.489,26.214,1.062,31.066,0.045,68.876
2026-09-02T07:57:24.303931+07:00,c11_sim,671,7.774,22.085,1.221,35.576,0.023,66.679
2026-09-02T07:57:24.517116+07:00,c11_sim,672,13.224,26.928,0.828,39.937,0.024,80.942
2026-09-02T07:57:24.709890+07:00,c11_sim,673,14.175,22.913,0.863,46.349,0.031,84.332
2026-09-02T07:57:24.942137+07:00,c11_sim,674,14.678,28.322,0.889,54.007,0.032,97.928
2026-09-02T07:57:25.127576+07:00,c11_sim,675,12.362,33.840,1.050,53.703,0.038,100.992
2026-09-02T07:57:25.280597+07:00,c11_sim,676,15.119,33.652,0.000,0.000,0.023,48.794
2026-09-02T07:57:25.544785+07:00,c11_sim,677,12.464,36.671,1.047,60.196,0.041,110.420
2026-09-02T07:57:25.711403+07:00,c11_sim,678,13.477,21.985,0.890,31.034,0.035,67.422
2026-09-02T07:57:25.943697+07:00,c11_sim,679,9.871,34.327,1.210,56.074,0.048,101.530
2026-09-02T07:57:26.128388+07:00,c11_sim,680,14.762,32.825,1.049,52.081,0.035,100.752
2026-09-02T07:57:26.345939+07:00,c11_sim,681,14.028,41.311,1.063,48.516,0.037,104.955
2026-09-02T07:57:26.528359+07:00,c11_sim,682,14.396,33.438,1.062,52.069,0.033,100.998
2026-09-02T07:57:26.675004+07:00,c11_sim,683,13.599,31.414,0.000,0.000,0.022,45.035
2026-09-02T07:57:26.931080+07:00,c11_sim,684,9.477,36.190,1.122,50.796,0.036,97.621
2026-09-02T07:57:27.093415+07:00,c11_sim,685,8.429,22.524,0.700,29.849,0.036,61.539
2026-09-02T07:57:27.327948+07:00,c11_sim,686,8.752,33.297,1.504,52.745,0.041,96.338
2026-09-02T07:57:27.543692+07:00,c11_sim,687,14.703,32.951,1.050,56.000,0.033,104.737
2026-09-02T07:57:27.668512+07:00,c11_sim,688,12.064,24.891,0.703,0.005,0.016,37.679
2026-09-02T07:57:27.891231+07:00,c11_sim,689,11.332,21.061,0.613,35.740,0.036,68.782
2026-09-02T07:57:28.128575+07:00,c11_sim,690,7.073,25.013,0.804,52.669,0.048,85.607
2026-09-02T07:57:28.280410+07:00,c11_sim,691,10.758,36.426,0.868,0.006,0.021,48.078
2026-09-02T07:57:28.467710+07:00,c11_sim,692,12.409,27.360,0.000,0.000,0.029,39.798
2026-09-02T07:57:28.786899+07:00,c11_sim,693,14.048,41.601,1.030,84.087,0.075,140.841
2026-09-02T07:57:28.933237+07:00,c11_sim,694,12.469,27.808,0.781,45.118,0.065,86.241
2026-09-02T07:57:29.082646+07:00,c11_sim,695,12.139,26.403,0.000,0.000,0.022,38.564
2026-09-02T07:57:29.266595+07:00,c11_sim,696,13.341,24.351,0.000,0.000,0.020,37.712
2026-09-02T07:57:29.489119+07:00,c11_sim,697,6.858,38.819,0.000,0.000,0.024,45.700
2026-09-02T07:57:29.666217+07:00,c11_sim,698,10.688,36.641,0.000,0.000,0.020,47.350
2026-09-02T07:57:29.944648+07:00,c11_sim,699,8.063,33.667,0.779,60.687,0.057,103.253
2026-09-02T07:57:30.072358+07:00,c11_sim,700,9.303,27.009,0.000,0.000,0.011,36.323
2026-09-02T07:57:30.278983+07:00,c11_sim,701,10.218,34.269,0.000,0.000,0.017,44.504
2026-09-02T07:57:30.487892+07:00,c11_sim,702,9.089,35.313,0.000,0.000,0.022,44.425
2026-09-02T07:57:30.678833+07:00,c11_sim,703,13.305,26.838,0.000,0.000,0.014,40.157
2026-09-02T07:57:30.874695+07:00,c11_sim,704,14.091,30.009,0.000,0.000,0.022,44.122
2026-09-02T07:57:31.091724+07:00,c11_sim,705,12.888,33.522,0.000,0.000,0.022,46.432
2026-09-02T07:57:31.286115+07:00,c11_sim,706,11.659,34.794,0.000,0.000,0.022,46.475
2026-09-02T07:57:31.482403+07:00,c11_sim,707,14.469,32.197,0.000,0.000,0.020,46.686
2026-09-02T07:57:31.669282+07:00,c11_sim,708,8.955,23.550,0.000,0.000,0.014,32.520
2026-09-02T07:57:31.880806+07:00,c11_sim,709,13.979,30.555,0.000,0.000,0.021,44.555
2026-09-02T07:57:32.086903+07:00,c11_sim,710,14.979,35.064,0.000,0.000,0.023,50.067
2026-09-02T07:57:32.286235+07:00,c11_sim,711,15.434,35.996,0.000,0.000,0.022,51.452
2026-09-02T07:57:32.469643+07:00,c11_sim,712,14.639,34.271,0.000,0.000,0.023,48.933
2026-09-02T07:57:32.654823+07:00,c11_sim,713,9.905,22.287,0.000,0.000,0.014,32.207
2026-09-02T07:57:32.875920+07:00,c11_sim,714,14.615,31.818,0.000,0.000,0.919,47.352
2026-09-02T07:57:33.073368+07:00,c11_sim,715,15.613,32.569,0.000,0.000,0.033,48.215
2026-09-02T07:57:33.279503+07:00,c11_sim,716,15.259,36.194,0.000,0.000,0.014,51.467
2026-09-02T07:57:33.479616+07:00,c11_sim,717,14.552,33.984,0.000,0.000,0.012,48.548
2026-09-02T07:57:33.666095+07:00,c11_sim,718,10.005,24.163,0.000,0.000,0.010,34.178
2026-09-02T07:57:33.882717+07:00,c9_sim,344,10.712,31.051,0.000,0.000,0.062,41.825
2026-09-02T07:57:34.095794+07:00,c9_sim,345,15.612,32.686,0.000,0.000,0.021,48.319
2026-09-02T07:57:34.280863+07:00,c9_sim,346,12.298,34.001,0.000,0.000,0.023,46.322
2026-09-02T07:57:34.479924+07:00,c9_sim,347,11.686,32.903,0.000,0.000,0.019,44.608
2026-09-02T07:57:34.672938+07:00,c9_sim,348,11.695,25.797,0.000,0.000,0.015,37.507
2026-09-02T07:57:34.893601+07:00,c9_sim,349,12.896,35.627,0.000,0.000,0.023,48.546
2026-09-02T07:57:35.088847+07:00,c9_sim,350,12.705,34.173,0.000,0.000,0.024,46.901
2026-09-02T07:57:35.287946+07:00,c9_sim,351,10.191,34.851,0.000,0.000,0.027,45.069
2026-09-02T07:57:35.474287+07:00,c9_sim,352,12.234,24.627,0.000,0.000,0.020,36.881
2026-09-02T07:57:35.684834+07:00,c9_sim,353,7.670,41.425,0.000,0.000,0.013,49.107
2026-09-02T07:57:35.880784+07:00,c9_sim,354,8.200,28.247,0.000,0.000,0.020,36.467
2026-09-02T07:57:36.066799+07:00,c9_sim,355,8.121,22.076,0.000,0.000,0.697,30.893
2026-09-02T07:57:36.284981+07:00,c9_sim,356,10.915,31.370,0.000,0.000,0.054,42.340
2026-09-02T07:57:36.480152+07:00,c9_sim,357,9.627,31.802,0.000,0.000,0.009,41.438
2026-09-02T07:57:36.689552+07:00,c9_sim,358,13.202,37.175,0.000,0.000,0.011,50.388
2026-09-02T07:57:36.870531+07:00,c9_sim,359,7.107,36.015,0.000,0.000,0.013,43.135
2026-09-02T07:57:37.079057+07:00,c9_sim,360,6.910,42.750,0.000,0.000,0.028,49.688
2026-09-02T07:57:37.273403+07:00,c9_sim,361,7.999,25.405,0.000,0.000,0.011,33.414
2026-09-02T07:57:37.493048+07:00,c9_sim,362,10.516,40.411,0.000,0.000,0.011,50.938
2026-09-02T07:57:37.700254+07:00,c9_sim,363,12.476,38.330,0.000,0.000,0.008,50.814
2026-09-02T07:57:37.876872+07:00,c9_sim,364,7.640,32.284,0.000,0.000,0.013,39.937
2026-09-02T07:57:38.082161+07:00,c9_sim,365,7.788,34.749,0.000,0.000,0.019,42.555
2026-09-02T07:57:38.275297+07:00,c9_sim,366,9.139,28.245,0.000,0.000,0.009,37.393
2026-09-02T07:57:38.497865+07:00,c9_sim,367,10.615,38.623,0.000,0.000,0.011,49.248
2026-09-02T07:57:38.682661+07:00,c9_sim,368,11.305,42.034,1.571,0.000,0.009,54.919
2026-09-02T07:57:38.879522+07:00,c9_sim,369,9.709,32.394,0.000,0.000,0.007,42.110
2026-09-02T07:57:39.081319+07:00,c9_sim,370,7.174,38.406,0.000,0.000,0.015,45.595
2026-09-02T07:57:39.284743+07:00,c9_sim,371,7.054,35.100,0.000,0.000,0.009,42.162
2026-09-02T07:57:39.484012+07:00,c9_sim,372,6.827,34.333,0.000,0.000,0.011,41.172
2026-09-02T07:57:39.680970+07:00,c9_sim,373,12.245,33.874,0.000,0.000,0.011,46.130
2026-09-02T07:57:39.884382+07:00,c9_sim,374,5.113,35.318,0.000,0.000,0.006,40.438
2026-09-02T07:57:40.075876+07:00,c9_sim,375,5.894,28.728,0.000,0.000,0.010,34.632
2026-09-02T07:57:40.294157+07:00,c9_sim,376,10.724,31.947,1.424,0.000,0.011,44.106
2026-09-02T07:57:40.494316+07:00,c9_sim,377,10.506,33.103,1.105,0.000,0.011,44.725
2026-09-02T07:57:40.691301+07:00,c9_sim,378,12.061,35.933,0.000,0.000,0.011,48.004
2026-09-02T07:57:40.889669+07:00,c9_sim,379,7.888,35.191,0.000,0.000,0.010,43.089
2026-09-02T07:57:41.192872+07:00,c9_sim,380,7.648,35.334,0.982,101.151,0.087,145.202
2026-09-02T07:57:41.305648+07:00,c9_sim,381,4.678,14.630,0.578,46.314,0.020,66.221
2026-09-02T07:57:41.529771+07:00,c9_sim,382,5.952,22.381,1.155,57.597,0.025,87.110
2026-09-02T07:57:41.726812+07:00,c9_sim,383,6.373,21.001,0.857,59.082,0.027,87.340
2026-09-02T07:57:41.916421+07:00,c9_sim,384,8.329,23.032,0.692,54.235,0.032,86.319
2026-09-02T07:57:42.127079+07:00,c9_sim,385,7.422,24.319,0.740,49.152,0.027,81.660
2026-09-02T07:57:42.305596+07:00,c9_sim,386,5.781,15.516,1.148,44.281,0.027,66.753
2026-09-02T07:57:42.525397+07:00,c9_sim,387,5.751,25.360,0.748,46.926,0.029,78.816
2026-09-02T07:57:42.711264+07:00,c9_sim,388,7.198,24.500,0.879,42.977,0.022,75.575
2026-09-02T07:57:42.918816+07:00,c9_sim,389,6.616,24.913,1.095,47.063,0.031,79.718
2026-09-02T07:57:43.127333+07:00,c9_sim,390,8.901,32.386,2.023,51.515,0.025,94.850
2026-09-02T07:57:43.324879+07:00,c9_sim,391,9.482,33.994,0.889,45.422,0.030,89.816
2026-09-02T07:57:43.517851+07:00,c9_sim,392,8.502,27.689,1.026,47.446,0.027,84.690
2026-09-02T07:57:43.721069+07:00,c9_sim,393,7.170,28.862,0.968,54.326,0.034,91.360
2026-09-02T07:57:43.946901+07:00,c9_sim,394,10.055,27.743,1.287,55.640,0.033,94.757
2026-09-02T07:57:44.109429+07:00,c9_sim,395,6.973,24.255,0.880,46.695,0.025,78.829
2026-09-02T07:57:44.325949+07:00,c9_sim,396,9.792,28.648,0.763,44.912,0.053,84.167
2026-09-02T07:57:44.521032+07:00,c9_sim,397,10.125,23.306,0.765,45.146,0.042,79.383
2026-09-02T07:57:44.712822+07:00,c9_sim,398,7.340,24.185,1.061,45.051,0.043,77.680
2026-09-02T07:57:44.927614+07:00,c9_sim,399,6.479,26.909,1.133,49.963,0.199,84.683
2026-09-02T07:57:45.123827+07:00,c9_sim,400,7.745,23.389,0.776,51.622,0.039,83.571
2026-09-02T07:57:45.306369+07:00,c9_sim,401,8.068,22.918,0.979,42.582,0.044,74.591
2026-09-02T07:57:45.513305+07:00,c9_sim,402,9.755,22.983,0.833,44.972,0.035,78.577
2026-09-02T07:57:45.734565+07:00,c9_sim,403,8.543,28.043,1.077,57.102,0.053,94.817
2026-09-02T07:57:45.929258+07:00,c9_sim,404,6.806,23.213,0.906,50.669,0.041,81.634
2026-09-02T07:57:46.125106+07:00,c9_sim,405,7.419,29.068,0.953,46.378,0.041,83.859
2026-09-02T07:57:46.314900+07:00,c9_sim,406,10.415,23.973,0.971,46.099,0.044,81.502
2026-09-02T07:57:46.545190+07:00,c9_sim,407,11.418,28.761,1.483,52.931,0.040,94.633
2026-09-02T07:57:46.719136+07:00,c9_sim,408,10.015,27.348,0.836,50.387,0.044,88.631
2026-09-02T07:57:46.907792+07:00,c9_sim,409,9.370,22.746,0.871,46.417,0.036,79.440
2026-09-02T07:57:47.132114+07:00,c9_sim,410,10.735,31.051,1.080,46.717,0.039,89.621
2026-09-02T07:57:47.330305+07:00,c9_sim,411,10.124,29.647,0.809,50.191,0.062,90.833
2026-09-02T07:57:47.473795+07:00,c9_sim,412,8.010,28.955,0.000,0.000,0.017,36.982
2026-09-02T07:57:47.672488+07:00,c9_sim,413,8.871,36.666,0.000,0.000,0.015,45.552
2026-09-02T07:57:47.899741+07:00,c8_sim,189,7.510,38.517,0.000,0.000,0.027,46.054
2026-09-02T07:57:48.104001+07:00,c8_sim,190,13.213,40.210,0.000,0.000,0.013,53.435
2026-09-02T07:57:48.301290+07:00,c8_sim,191,8.270,32.173,0.000,0.000,0.007,40.450
2026-09-02T07:57:48.478461+07:00,c8_sim,192,9.143,31.370,0.000,0.000,0.008,40.521
2026-09-02T07:57:48.681498+07:00,c8_sim,193,10.282,33.830,0.000,0.000,0.012,44.124
2026-09-02T07:57:48.885634+07:00,c8_sim,194,13.114,37.882,0.000,0.000,0.011,51.007
2026-09-02T07:57:49.087916+07:00,c8_sim,195,7.396,36.318,0.000,0.000,0.011,43.726
2026-09-02T07:57:49.298564+07:00,c8_sim,196,8.579,40.632,0.000,0.000,0.012,49.224
2026-09-02T07:57:49.507729+07:00,c8_sim,197,13.159,37.950,0.000,0.000,0.014,51.123
2026-09-02T07:57:49.708360+07:00,c8_sim,198,12.969,37.680,0.000,0.000,0.012,50.662
2026-09-02T07:57:49.912992+07:00,c8_sim,199,11.414,41.872,0.000,0.000,0.013,53.299
2026-09-02T07:57:50.080901+07:00,c8_sim,200,8.367,33.257,0.000,0.000,0.010,41.633
2026-09-02T07:57:50.280542+07:00,c8_sim,201,8.393,32.814,0.000,0.000,0.007,41.214
2026-09-02T07:57:50.479844+07:00,c8_sim,202,10.584,27.418,1.156,0.000,0.007,39.166
2026-09-02T07:57:50.705805+07:00,c8_sim,203,10.629,34.931,1.358,0.000,0.011,46.928
2026-09-02T07:57:50.908759+07:00,c8_sim,204,13.854,42.995,1.222,0.000,0.021,58.091
2026-09-02T07:57:51.094768+07:00,c8_sim,205,8.058,39.486,1.157,0.017,0.355,49.073
2026-09-02T07:57:51.305150+07:00,c8_sim,206,8.528,38.783,0.996,0.007,0.023,48.337
2026-09-02T07:57:51.472408+07:00,c8_sim,207,7.384,26.169,0.757,0.005,0.016,34.331
2026-09-02T07:57:51.763512+07:00,c8_sim,208,11.886,41.072,0.990,58.472,0.022,112.442
2026-09-02T07:57:51.908963+07:00,c8_sim,209,16.993,19.716,0.581,29.676,0.022,66.988
2026-09-02T07:57:52.110685+07:00,c8_sim,210,10.695,26.616,1.119,33.039,0.023,71.492
2026-09-02T07:57:52.332695+07:00,c8_sim,211,14.427,26.781,0.936,36.402,0.022,78.568
2026-09-02T07:57:52.521006+07:00,c8_sim,212,10.882,23.718,0.779,41.937,0.021,77.338
2026-09-02T07:57:52.732088+07:00,c8_sim,213,13.744,23.433,1.167,46.366,0.028,84.738
2026-09-02T07:57:52.879526+07:00,c8_sim,214,12.561,26.723,0.000,0.000,0.016,39.300
2026-09-02T07:57:53.086631+07:00,c8_sim,215,9.024,34.229,1.218,0.009,0.028,44.509
2026-09-02T07:57:53.298534+07:00,c8_sim,216,8.805,35.201,1.434,0.008,0.032,45.480
2026-09-02T07:57:53.491147+07:00,c8_sim,217,11.211,33.628,0.000,0.000,0.032,44.871
2026-09-02T07:57:53.762604+07:00,c8_sim,218,15.033,37.475,1.242,58.133,0.029,111.912
2026-09-02T07:57:53.914940+07:00,c8_sim,219,15.340,21.420,0.774,32.454,0.022,70.010
2026-09-02T07:57:54.140384+07:00,c8_sim,220,7.244,30.174,0.961,47.515,0.031,85.924
2026-09-02T07:57:54.357058+07:00,c8_sim,221,13.236,35.153,1.470,65.247,0.038,115.143
2026-09-02T07:57:54.592714+07:00,c8_sim,222,9.968,70.576,1.450,70.563,0.032,152.589
2026-09-02T07:57:54.746884+07:00,c8_sim,223,10.411,25.602,0.799,53.532,0.023,90.367
2026-09-02T07:57:54.940131+07:00,c8_sim,224,9.787,26.702,0.752,51.706,0.023,88.970
2026-09-02T07:57:55.125569+07:00,c8_sim,225,14.230,19.359,0.801,47.624,0.026,82.039
2026-09-02T07:57:55.334485+07:00,c8_sim,226,14.580,24.285,0.762,43.623,0.029,83.279
2026-09-02T07:57:55.481031+07:00,c8_sim,227,12.305,25.332,0.000,0.000,0.013,37.650
2026-09-02T07:57:55.764193+07:00,c8_sim,228,14.494,39.271,1.313,52.016,0.026,107.120
2026-09-02T07:57:55.878582+07:00,c8_sim,229,9.508,21.231,0.000,0.000,0.016,30.755
2026-09-02T07:57:56.087568+07:00,c8_sim,230,9.740,25.826,0.000,0.000,0.023,35.588
2026-09-02T07:57:56.295714+07:00,c8_sim,231,7.321,39.229,0.000,0.000,0.130,46.680
2026-09-02T07:57:56.483630+07:00,c8_sim,232,7.789,31.355,0.000,0.000,0.013,39.158
2026-09-02T07:57:56.695042+07:00,c8_sim,233,8.198,43.085,0.000,0.000,0.022,51.304
2026-09-02T07:57:56.886409+07:00,c8_sim,234,10.542,34.732,0.000,0.000,0.017,45.290
2026-09-02T07:57:57.069949+07:00,c8_sim,235,12.962,19.996,0.000,0.000,0.014,32.972
2026-09-02T07:57:57.295111+07:00,c8_sim,236,12.021,33.097,0.000,0.000,0.015,45.133
2026-09-02T07:57:57.490112+07:00,c8_sim,237,12.041,33.034,0.000,0.000,0.015,45.091
2026-09-02T07:57:57.688516+07:00,c8_sim,238,8.504,34.030,0.000,0.000,0.019,42.554
2026-09-02T07:57:57.881044+07:00,c8_sim,239,10.602,34.524,0.000,0.000,0.021,45.147
2026-09-02T07:57:58.076103+07:00,c8_sim,240,10.486,27.931,0.000,0.000,0.017,38.435
2026-09-02T07:57:58.309456+07:00,c8_sim,241,10.356,43.496,0.000,0.000,0.038,53.889
2026-09-02T07:57:58.505183+07:00,c8_sim,242,14.322,37.561,0.000,0.000,0.013,51.896
2026-09-02T07:57:58.711885+07:00,c8_sim,243,14.040,36.463,0.000,0.000,1.410,51.912
2026-09-02T07:57:58.886376+07:00,c8_sim,244,11.683,35.713,0.000,0.000,0.048,47.444
2026-09-02T07:57:59.091350+07:00,c8_sim,245,10.191,38.938,0.000,0.000,0.012,49.141
2026-09-02T07:57:59.299567+07:00,c8_sim,246,9.158,38.447,0.000,0.000,0.012,47.617
2026-09-02T07:57:59.500837+07:00,c10_sim,177,10.476,38.604,0.000,0.000,0.021,49.101
2026-09-02T07:57:59.711053+07:00,c10_sim,178,13.625,34.614,0.000,0.000,0.018,48.257
2026-09-02T07:57:59.890801+07:00,c10_sim,179,12.565,24.488,0.000,0.000,0.016,37.069
2026-09-02T07:58:00.095291+07:00,c10_sim,180,13.736,36.504,0.000,0.000,0.014,50.254
2026-09-02T07:58:00.301106+07:00,c10_sim,181,10.917,40.111,0.000,0.000,0.021,51.050
2026-09-02T07:58:00.488457+07:00,c10_sim,182,11.735,28.654,0.000,0.000,0.021,40.410
2026-09-02T07:58:00.688464+07:00,c10_sim,183,7.923,33.810,0.000,0.000,0.023,41.757
2026-09-02T07:58:00.888408+07:00,c10_sim,184,9.180,33.961,0.000,0.000,0.014,43.154
2026-09-02T07:58:01.115278+07:00,c10_sim,185,11.358,40.421,2.400,0.000,0.024,54.203
2026-09-02T07:58:01.292217+07:00,c10_sim,186,10.312,35.098,1.486,0.000,0.021,46.917
2026-09-02T07:58:01.495911+07:00,c10_sim,187,10.833,36.175,1.121,0.000,0.015,48.143
2026-09-02T07:58:01.803204+07:00,c10_sim,188,6.542,35.449,1.004,106.102,0.290,149.387
2026-09-02T07:58:01.872366+07:00,c10_sim,189,6.405,17.981,0.688,0.004,0.014,25.092
2026-09-02T07:58:02.149102+07:00,c10_sim,190,9.056,35.788,1.030,50.015,0.023,95.912
2026-09-02T07:58:02.335147+07:00,c10_sim,191,9.063,24.311,0.669,34.623,0.594,69.259
2026-09-02T07:58:02.534873+07:00,c10_sim,192,13.062,21.994,0.719,39.158,0.038,74.972
2026-09-02T07:58:02.738054+07:00,c10_sim,193,9.230,21.391,0.916,41.946,0.028,73.511
2026-09-02T07:58:02.918662+07:00,c10_sim,194,6.934,21.817,0.767,45.955,0.024,75.497
2026-09-02T07:58:03.131594+07:00,c10_sim,195,8.342,22.395,1.069,48.149,0.030,79.984
2026-09-02T07:58:03.340702+07:00,c10_sim,196,7.996,23.602,1.175,60.298,0.038,93.109
2026-09-02T07:58:03.519488+07:00,c10_sim,197,13.730,21.360,0.648,41.449,0.021,77.209
2026-09-02T07:58:03.773552+07:00,c10_sim,198,8.156,67.309,1.178,52.124,0.060,128.827
2026-09-02T07:58:03.976447+07:00,c10_sim,199,10.657,40.550,0.937,71.630,0.055,123.829
2026-09-02T07:58:04.333924+07:00,c10_sim,200,57.329,92.059,2.830,110.092,0.060,262.370
2026-09-02T07:58:04.619478+07:00,c10_sim,201,20.544,119.558,2.324,158.434,0.052,300.912
2026-09-02T07:58:04.764786+07:00,c10_sim,202,18.789,63.907,7.208,64.890,0.049,154.844
2026-09-02T07:58:04.907903+07:00,c10_sim,203,12.895,47.891,1.054,92.050,0.139,154.030
2026-09-02T07:58:05.068246+07:00,c10_sim,204,15.988,82.878,1.485,74.166,0.099,174.615
2026-09-02T07:58:05.194551+07:00,c10_sim,205,10.867,38.224,1.813,82.880,0.189,133.973
2026-09-02T07:58:05.384539+07:00,c10_sim,206,12.618,31.861,1.424,81.505,0.065,127.473
2026-09-02T07:58:05.595660+07:00,c10_sim,207,8.766,68.701,1.098,63.263,0.063,141.890
2026-09-02T07:58:05.759198+07:00,c10_sim,208,9.078,32.983,1.152,58.359,0.069,101.639
2026-09-02T07:58:05.918961+07:00,c10_sim,209,8.690,21.623,0.932,43.303,0.064,74.612
2026-09-02T07:58:06.118175+07:00,c10_sim,210,8.537,21.786,0.825,35.307,0.055,66.511
2026-09-02T07:58:06.310567+07:00,c10_sim,211,8.553,21.776,0.668,32.529,0.057,63.583
2026-09-02T07:58:06.478251+07:00,c10_sim,212,7.053,20.710,0.000,0.000,0.012,27.775
2026-09-02T07:58:06.755255+07:00,c10_sim,213,10.217,31.174,1.153,60.356,0.130,103.030
2026-09-02T07:58:06.904100+07:00,c10_sim,214,13.766,31.297,0.000,0.000,0.043,45.107
2026-09-02T07:58:07.112721+07:00,c10_sim,215,7.656,46.020,0.000,0.000,0.023,53.700
2026-09-02T07:58:07.309079+07:00,c10_sim,216,9.306,38.469,0.000,0.000,0.017,47.792
2026-09-02T07:58:07.507547+07:00,c10_sim,217,11.574,34.847,0.000,0.000,0.023,46.444
2026-09-02T07:58:07.712819+07:00,c10_sim,218,12.557,40.028,0.000,0.000,0.025,52.610
2026-09-02T07:58:07.887945+07:00,c10_sim,219,10.514,25.986,0.000,0.000,0.014,36.514
2026-09-02T07:58:08.113001+07:00,c10_sim,220,14.034,35.426,0.000,0.000,0.014,49.475
2026-09-02T07:58:08.310043+07:00,c10_sim,221,11.723,34.635,0.000,0.000,0.021,46.379
2026-09-02T07:58:08.493304+07:00,c10_sim,222,7.644,39.142,0.000,0.000,0.013,46.799
2026-09-02T07:58:08.692251+07:00,c10_sim,223,6.881,34.125,0.000,0.000,0.026,41.032
2026-09-02T07:58:08.896095+07:00,c10_sim,224,11.815,33.246,0.000,0.000,0.013,45.074
2026-09-02T07:58:09.086507+07:00,c10_sim,225,6.396,25.741,0.000,0.000,0.017,32.154
2026-09-02T07:58:09.299348+07:00,c10_sim,226,7.345,45.722,0.000,0.000,0.025,53.092
2026-09-02T07:58:09.497562+07:00,c11_sim,719,8.382,27.237,1.940,0.000,0.008,37.567
2026-09-02T07:58:09.729737+07:00,c11_sim,720,21.429,37.211,1.056,0.000,0.010,59.705
2026-09-02T07:58:09.902401+07:00,c11_sim,721,8.686,25.049,0.979,0.000,0.011,34.725
2026-09-02T07:58:10.157997+07:00,c11_sim,722,13.184,38.102,1.026,49.737,0.152,102.200
2026-09-02T07:58:10.307939+07:00,c11_sim,723,12.319,27.142,0.941,0.007,0.026,40.434
2026-09-02T07:58:10.590684+07:00,c11_sim,724,7.898,33.431,0.926,78.413,0.040,120.708
2026-09-02T07:58:10.743200+07:00,c11_sim,725,12.018,25.061,0.781,50.143,0.027,88.030
2026-09-02T07:58:10.889449+07:00,c11_sim,726,11.047,24.259,0.645,0.004,0.015,35.970
2026-09-02T07:58:11.102254+07:00,c11_sim,727,12.705,27.948,0.000,0.000,0.023,40.676
2026-09-02T07:58:11.414679+07:00,c11_sim,728,12.624,42.500,0.880,82.912,0.082,138.999
2026-09-02T07:58:11.540615+07:00,c11_sim,729,8.860,24.965,1.003,47.911,0.023,82.761
2026-09-02T07:58:11.724952+07:00,c11_sim,730,12.429,21.049,0.736,38.673,0.022,72.908
2026-09-02T07:58:11.934758+07:00,c11_sim,731,13.939,25.539,0.671,39.796,0.022,79.967
2026-09-02T07:58:12.142485+07:00,c11_sim,732,12.824,21.593,0.914,40.765,0.024,76.120
2026-09-02T07:58:12.333261+07:00,c11_sim,733,10.286,21.314,0.967,46.581,0.028,79.176
2026-09-02T07:58:12.564616+07:00,c11_sim,734,9.501,31.014,0.739,52.540,0.029,93.822
2026-09-02T07:58:12.736936+07:00,c11_sim,735,13.698,22.155,0.806,50.469,0.023,87.151
2026-09-02T07:58:12.952293+07:00,c11_sim,736,11.494,20.474,0.829,51.237,0.027,84.061
2026-09-02T07:58:13.144946+07:00,c11_sim,737,12.849,27.341,0.842,44.339,0.027,85.398
2026-09-02T07:58:13.358242+07:00,c11_sim,738,12.313,25.842,0.770,49.715,0.024,88.664
2026-09-02T07:58:13.556607+07:00,c11_sim,739,7.522,25.593,0.894,50.625,0.025,84.659
2026-09-02T07:58:13.740543+07:00,c11_sim,740,12.192,24.025,0.786,43.270,0.023,80.296
2026-09-02T07:58:13.949076+07:00,c11_sim,741,12.420,25.051,0.735,44.460,0.036,82.702
2026-09-02T07:58:14.142630+07:00,c11_sim,742,13.761,24.138,0.688,46.397,0.039,85.023
2026-09-02T07:58:14.333838+07:00,c11_sim,743,12.662,21.454,0.898,47.555,0.037,82.606
2026-09-02T07:58:14.572728+07:00,c11_sim,744,11.813,31.933,0.916,58.630,0.040,103.332
2026-09-02T07:58:14.747888+07:00,c11_sim,745,12.819,28.101,1.014,50.484,0.044,92.462
2026-09-02T07:58:14.943240+07:00,c11_sim,746,8.186,24.035,0.839,47.535,0.038,80.633
2026-09-02T07:58:15.161268+07:00,c11_sim,747,13.261,29.150,0.791,46.873,0.034,90.109
2026-09-02T07:58:15.356338+07:00,c11_sim,748,11.315,27.079,1.074,48.411,0.041,87.919
2026-09-02T07:58:15.538133+07:00,c11_sim,749,14.095,24.327,0.697,42.245,0.032,81.396
2026-09-02T07:58:15.746405+07:00,c11_sim,750,9.625,22.983,1.102,43.643,0.040,77.392
2026-09-02T07:58:15.944539+07:00,c11_sim,751,9.871,26.904,0.824,47.390,0.050,85.040
2026-09-02T07:58:16.135070+07:00,c11_sim,752,6.344,26.503,0.717,47.924,0.031,81.519
2026-09-02T07:58:16.330041+07:00,c11_sim,753,18.695,46.396,0.000,0.000,0.012,65.104
2026-09-02T07:58:16.578175+07:00,c11_sim,754,12.894,38.951,1.735,63.107,0.034,116.720
2026-09-02T07:58:16.731843+07:00,c11_sim,755,8.044,22.525,0.497,33.568,0.035,64.670
2026-09-02T07:58:16.898738+07:00,c11_sim,756,9.324,25.127,0.000,0.000,0.014,34.465
2026-09-02T07:58:17.156133+07:00,c11_sim,757,11.602,36.400,0.716,43.813,0.040,92.571
2026-09-02T07:58:17.335208+07:00,c11_sim,758,13.445,23.127,0.829,38.928,0.036,76.364
2026-09-02T07:58:17.494354+07:00,c11_sim,759,12.793,22.231,0.000,0.000,0.013,35.038
2026-09-02T07:58:17.792335+07:00,c11_sim,760,12.591,31.354,1.496,71.968,0.074,117.483
2026-09-02T07:58:17.939869+07:00,c11_sim,761,13.499,25.588,0.695,48.417,0.042,88.240
2026-09-02T07:58:18.155510+07:00,c11_sim,762,11.580,29.099,0.959,45.621,0.038,87.298
2026-09-02T07:58:18.293620+07:00,c11_sim,763,13.285,24.785,0.000,0.000,0.017,38.088
2026-09-02T07:58:18.486566+07:00,c11_sim,764,9.181,27.706,0.000,0.000,0.027,36.914
2026-09-02T07:58:18.695136+07:00,c11_sim,765,11.027,34.665,0.000,0.000,0.014,45.706
2026-09-02T07:58:18.902404+07:00,c11_sim,766,9.164,37.050,0.000,0.000,0.025,46.239
2026-09-02T07:58:19.164327+07:00,c11_sim,767,8.614,37.176,1.163,51.652,0.036,98.641
2026-09-02T07:58:19.303156+07:00,c11_sim,768,9.351,22.785,0.000,0.000,0.030,32.166
2026-09-02T07:58:19.495800+07:00,c11_sim,769,12.777,26.148,0.000,0.000,0.015,38.940
2026-09-02T07:58:19.719483+07:00,c11_sim,770,12.835,35.763,0.000,0.000,0.020,48.618
2026-09-02T07:58:19.919317+07:00,c11_sim,771,14.326,34.613,0.000,0.000,0.020,48.959
2026-09-02T07:58:20.162258+07:00,c11_sim,772,9.561,37.149,1.136,57.789,0.029,105.663
2026-09-02T07:58:20.285192+07:00,c11_sim,773,8.890,21.710,0.688,0.004,0.016,31.308
2026-09-02T07:58:20.505987+07:00,c11_sim,774,11.521,28.799,0.000,0.000,0.015,40.334
2026-09-02T07:58:20.712585+07:00,c11_sim,775,9.894,39.715,0.000,0.000,0.020,49.628
2026-09-02T07:58:20.919566+07:00,c11_sim,776,9.596,37.874,0.000,0.000,0.020,47.491
2026-09-02T07:58:21.101459+07:00,c11_sim,777,7.904,36.303,0.000,0.000,0.012,44.220
2026-09-02T07:58:21.309050+07:00,c11_sim,778,12.040,38.843,0.000,0.000,0.023,50.906
2026-09-02T07:58:21.498025+07:00,c11_sim,779,9.396,29.130,0.000,0.000,0.023,38.549
2026-09-02T07:58:21.698425+07:00,c11_sim,780,11.905,32.904,0.000,0.000,0.021,44.830
2026-09-02T07:58:21.905328+07:00,c11_sim,781,9.337,34.513,0.000,0.000,0.013,43.864
2026-09-02T07:58:21.947862+07:00,c11_sim,782,6.569,19.781,0.000,0.000,0.013,26.363
2026-09-02T07:58:21.995307+07:00,c11_sim,783,5.405,22.065,0.000,0.000,0.013,27.482
2026-09-02T07:58:22.009948+07:00,c11_sim,784,9.825,14.465,0.000,0.000,0.009,24.299
2026-09-02T07:58:22.081912+07:00,c11_sim,785,9.322,21.559,0.000,0.000,0.023,30.904
2026-09-02T07:58:22.102697+07:00,c11_sim,786,7.274,18.957,0.866,0.000,0.010,27.106
2026-09-02T07:58:22.149983+07:00,c11_sim,787,7.866,20.993,0.621,0.000,0.010,29.491
2026-09-02T07:58:22.203997+07:00,c11_sim,788,7.923,25.540,0.772,0.000,0.741,34.976
2026-09-02T07:58:22.242798+07:00,c11_sim,789,6.853,38.676,0.000,0.000,0.016,45.544
2026-09-02T07:58:22.271762+07:00,c11_sim,790,7.778,28.842,0.000,0.000,0.005,36.626
2026-09-02T07:58:22.315279+07:00,c11_sim,791,8.253,18.345,0.000,0.000,0.004,26.603
2026-09-02T07:58:22.360894+07:00,c11_sim,792,8.081,18.815,0.755,0.000,0.006,27.657
2026-09-02T07:58:22.402488+07:00,c11_sim,793,7.818,19.753,0.000,0.000,0.008,27.579
2026-09-02T07:58:22.446100+07:00,c11_sim,794,5.892,21.707,0.598,0.000,0.005,28.201
2026-09-02T07:58:22.556288+07:00,c11_sim,795,7.537,24.930,0.634,58.595,0.070,91.764
2026-09-02T07:58:22.573212+07:00,c11_sim,796,6.482,16.690,0.000,0.000,0.009,23.181
2026-09-02T07:58:22.586590+07:00,c11_sim,797,6.870,13.248,0.000,0.000,0.007,20.124
2026-09-02T07:58:22.599274+07:00,c11_sim,798,8.695,12.578,0.000,0.000,0.006,21.279
2026-09-02T07:58:22.637420+07:00,c11_sim,799,8.026,12.995,0.000,0.000,0.008,21.028
2026-09-02T07:58:22.676779+07:00,c11_sim,800,7.268,14.187,0.000,0.000,0.009,21.464
2026-09-02T07:58:22.719200+07:00,c11_sim,801,7.247,17.158,0.000,0.000,0.007,24.412
2026-09-02T07:58:22.811084+07:00,c11_sim,802,6.854,16.805,0.761,48.291,0.030,72.741
2026-09-02T07:58:22.879820+07:00,c11_sim,803,7.433,15.425,0.514,51.913,0.031,75.316
2026-09-02T07:58:22.959704+07:00,c11_sim,804,7.482,19.522,0.530,58.863,0.020,86.417
2026-09-02T07:58:22.979589+07:00,c11_sim,805,6.567,19.715,0.000,0.000,0.009,26.291
2026-09-02T07:58:23.078333+07:00,c11_sim,806,7.319,17.971,0.816,78.836,0.034,104.977
2026-09-02T07:58:23.180089+07:00,c11_sim,807,7.505,22.048,0.803,77.521,0.036,107.913
2026-09-02T07:58:23.292767+07:00,c11_sim,808,7.561,28.496,1.826,80.741,0.033,118.657
2026-09-02T07:58:23.387459+07:00,c11_sim,809,7.233,26.225,1.433,65.668,0.045,100.604
2026-09-02T07:58:23.490549+07:00,c11_sim,810,10.475,35.065,1.326,65.048,0.045,111.959
2026-09-02T07:58:23.589575+07:00,c11_sim,811,8.705,30.257,1.262,66.036,0.034,106.295
2026-09-02T07:58:23.691278+07:00,c11_sim,812,11.607,39.082,1.424,59.589,0.046,111.748
2026-09-02T07:58:23.790380+07:00,c11_sim,813,11.054,33.612,1.147,63.058,0.035,108.906
2026-09-02T07:58:23.898111+07:00,c11_sim,814,8.681,30.239,1.432,74.778,0.045,115.174
2026-09-02T07:58:23.992628+07:00,c11_sim,815,11.731,27.350,1.093,64.089,0.029,104.291
2026-09-02T07:58:24.083490+07:00,c11_sim,816,9.660,25.367,1.152,63.151,0.033,99.364
2026-09-02T07:58:24.176025+07:00,c11_sim,817,13.052,24.353,1.094,65.929,0.024,104.452
2026-09-02T07:58:24.274168+07:00,c11_sim,818,14.617,28.544,0.995,67.351,0.052,111.559
2026-09-02T07:58:24.388849+07:00,c11_sim,819,11.755,38.633,3.832,68.819,0.056,123.095
2026-09-02T07:58:24.489908+07:00,c11_sim,820,14.112,29.379,1.081,69.310,0.049,113.931
2026-09-02T07:58:24.585843+07:00,c11_sim,821,10.817,30.337,1.161,63.116,0.101,105.531
2026-09-02T07:58:24.690336+07:00,c11_sim,822,14.716,33.885,0.915,68.381,0.052,117.950
2026-09-02T07:58:24.788783+07:00,c11_sim,823,14.502,28.429,1.177,67.574,0.051,111.733
2026-09-02T07:58:24.880637+07:00,c11_sim,824,11.420,25.479,0.936,63.921,0.075,101.831
2026-09-02T07:58:24.969724+07:00,c11_sim,825,13.613,25.089,0.921,61.848,0.052,101.523
2026-09-02T07:58:25.067504+07:00,c11_sim,826,9.873,27.862,1.033,67.531,0.108,106.407
2026-09-02T07:58:25.161655+07:00,c11_sim,827,18.316,24.482,1.294,66.977,0.052,111.121
2026-09-02T07:58:25.261944+07:00,c11_sim,828,10.992,25.910,1.172,71.857,0.069,110.000
2026-09-02T07:58:25.355806+07:00,c11_sim,829,11.975,25.854,1.003,65.417,0.050,104.299
2026-09-02T07:58:25.453879+07:00,c11_sim,830,12.829,27.226,1.021,68.504,0.082,109.660
2026-09-02T07:58:25.539656+07:00,c11_sim,831,8.223,25.105,1.045,58.329,0.045,92.747
2026-09-02T07:58:25.631662+07:00,c11_sim,832,11.485,24.698,0.873,65.186,0.051,102.292
2026-09-02T07:58:25.728697+07:00,c11_sim,833,8.896,30.373,1.372,63.394,0.085,104.120
2026-09-02T07:58:25.822110+07:00,c11_sim,834,10.300,27.285,0.874,63.290,0.077,101.825
2026-09-02T07:58:25.921454+07:00,c11_sim,835,9.720,26.761,1.004,70.275,0.129,107.888
2026-09-02T07:58:26.015095+07:00,c11_sim,836,11.562,24.837,0.997,66.328,0.046,103.771
2026-09-02T07:58:26.109909+07:00,c11_sim,837,12.489,31.322,0.764,60.939,0.050,105.565
2026-09-02T07:58:26.210808+07:00,c11_sim,838,8.568,29.123,0.906,69.661,0.050,108.309
2026-09-02T07:58:26.308848+07:00,c11_sim,839,12.546,27.610,0.838,67.239,0.049,108.282
2026-09-02T07:58:26.414656+07:00,c11_sim,840,14.007,31.422,2.500,69.531,0.068,117.528
2026-09-02T07:58:26.525305+07:00,c11_sim,841,13.301,29.484,2.207,77.014,0.060,122.064
2026-09-02T07:58:26.636791+07:00,c11_sim,842,13.719,39.430,1.254,69.338,0.058,123.798
2026-09-02T07:58:26.738451+07:00,c11_sim,843,8.420,42.014,1.181,56.846,0.053,108.513
2026-09-02T07:58:26.838813+07:00,c11_sim,844,12.848,29.602,0.900,68.543,0.057,111.951
2026-09-02T07:58:26.934269+07:00,c11_sim,845,10.864,29.482,1.107,63.293,0.071,104.817
2026-09-02T07:58:27.039509+07:00,c11_sim,846,10.825,32.971,0.948,69.673,0.061,114.479
2026-09-02T07:58:27.133424+07:00,c11_sim,847,13.582,28.607,0.849,63.009,0.122,106.169
2026-09-02T07:58:27.232089+07:00,c11_sim,848,8.288,29.808,0.929,66.083,0.058,105.167
2026-09-02T07:58:27.340818+07:00,c11_sim,849,11.566,35.440,0.977,70.995,0.058,119.035
2026-09-02T07:58:27.458426+07:00,c11_sim,850,8.855,60.710,0.947,54.676,0.049,125.238
2026-09-02T07:58:27.545801+07:00,c11_sim,851,10.885,28.519,1.279,55.778,0.047,96.509
2026-09-02T07:58:27.657323+07:00,c11_sim,852,8.260,41.575,0.894,67.638,0.057,118.424
2026-09-02T07:58:27.688823+07:00,c11_sim,853,10.356,31.155,0.000,0.000,0.016,41.527
2026-09-02T07:58:27.774248+07:00,c11_sim,854,9.037,30.660,0.869,52.738,0.046,93.349
2026-09-02T07:58:27.800071+07:00,c9_sim,414,6.678,25.443,0.000,0.000,0.028,32.148
2026-09-02T07:58:27.825584+07:00,c9_sim,415,9.893,25.251,0.000,0.000,0.018,35.162
2026-09-02T07:58:27.850436+07:00,c9_sim,416,7.719,24.573,0.000,0.000,0.015,32.307
2026-09-02T07:58:27.873979+07:00,c9_sim,417,8.158,23.280,0.000,0.000,0.015,31.453
2026-09-02T07:58:27.901129+07:00,c9_sim,418,9.367,26.891,0.000,0.000,0.013,36.270
2026-09-02T07:58:27.923961+07:00,c9_sim,419,7.415,22.500,0.000,0.000,0.014,29.930
2026-09-02T07:58:27.947167+07:00,c9_sim,420,7.772,22.854,0.000,0.000,0.109,30.735
2026-09-02T07:58:27.967699+07:00,c9_sim,421,7.764,20.118,0.000,0.000,0.014,27.896
2026-09-02T07:58:28.011180+07:00,c9_sim,422,7.261,21.179,0.000,0.000,0.016,28.456
2026-09-02T07:58:28.033892+07:00,c9_sim,423,8.011,20.834,0.984,0.000,0.013,29.842
2026-09-02T07:58:28.055924+07:00,c9_sim,424,7.463,21.806,0.000,0.000,0.013,29.282
2026-09-02T07:58:28.078738+07:00,c9_sim,425,7.547,22.569,0.000,0.000,0.016,30.132
2026-09-02T07:58:28.098585+07:00,c9_sim,426,7.693,18.936,0.000,0.000,0.547,27.177
2026-09-02T07:58:28.142312+07:00,c9_sim,427,6.907,21.671,0.668,0.000,0.027,29.274
2026-09-02T07:58:28.164284+07:00,c9_sim,428,6.826,19.906,1.175,0.000,0.008,27.915
2026-09-02T07:58:28.223921+07:00,c9_sim,429,6.793,19.170,0.714,38.733,0.082,65.491
2026-09-02T07:58:28.306895+07:00,c9_sim,430,8.400,29.034,1.158,51.654,0.044,90.291
2026-09-02T07:58:28.474283+07:00,c9_sim,431,6.703,72.675,9.089,83.207,0.039,171.714
2026-09-02T07:58:28.588458+07:00,c9_sim,432,11.022,55.330,1.205,55.388,0.038,122.983
2026-09-02T07:58:28.616440+07:00,c9_sim,433,10.395,27.676,0.000,0.000,0.015,38.087
2026-09-02T07:58:28.644518+07:00,c9_sim,434,14.274,27.790,0.000,0.000,0.017,42.080
2026-09-02T07:58:28.668898+07:00,c9_sim,435,21.151,24.126,0.000,0.000,0.014,45.292
2026-09-02T07:58:28.739401+07:00,c9_sim,436,25.636,22.073,0.925,46.404,0.026,95.064
2026-09-02T07:58:28.816844+07:00,c9_sim,437,29.954,21.147,0.919,54.136,0.030,106.187
2026-09-02T07:58:28.932523+07:00,c9_sim,438,22.266,33.908,0.993,79.120,0.038,136.325
2026-09-02T07:58:29.041301+07:00,c9_sim,439,27.823,34.650,1.148,71.611,0.053,135.285
2026-09-02T07:58:29.134733+07:00,c9_sim,440,14.537,28.544,1.094,62.542,0.043,106.760
2026-09-02T07:58:29.221279+07:00,c9_sim,441,20.166,27.112,1.162,57.001,0.040,105.482
2026-09-02T07:58:29.316812+07:00,c9_sim,442,16.500,28.635,0.969,64.596,0.035,110.735
2026-09-02T07:58:29.408720+07:00,c9_sim,443,11.213,26.400,1.085,63.212,0.028,101.937
2026-09-02T07:58:29.502515+07:00,c9_sim,444,8.435,25.297,1.063,65.987,0.154,100.936
2026-09-02T07:58:29.597960+07:00,c9_sim,445,9.391,26.275,0.877,66.649,0.038,103.230
2026-09-02T07:58:29.709675+07:00,c9_sim,446,10.673,31.171,1.284,77.708,0.038,120.875
2026-09-02T07:58:29.806450+07:00,c9_sim,447,8.513,31.291,0.956,63.243,0.043,104.046
2026-09-02T07:58:29.901999+07:00,c9_sim,448,8.255,28.836,0.946,64.495,0.048,102.579
2026-09-02T07:58:29.987843+07:00,c9_sim,449,7.237,25.758,0.925,57.270,0.054,91.243
2026-09-02T07:58:30.076482+07:00,c9_sim,450,7.202,24.752,1.101,61.350,0.049,94.453
2026-09-02T07:58:30.161426+07:00,c9_sim,451,6.963,21.567,0.924,61.025,0.064,90.544
2026-09-02T07:58:30.261222+07:00,c9_sim,452,7.332,26.494,1.010,68.989,0.058,103.884
2026-09-02T07:58:30.356585+07:00,c9_sim,453,11.130,25.060,0.841,68.306,0.043,105.381
2026-09-02T07:58:30.445335+07:00,c9_sim,454,11.747,20.251,1.142,65.506,0.032,98.678
2026-09-02T07:58:30.542871+07:00,c9_sim,455,11.095,24.283,0.748,71.415,0.059,107.601
2026-09-02T07:58:30.636026+07:00,c9_sim,456,9.740,29.741,0.923,61.220,0.029,101.654
2026-09-02T07:58:30.730573+07:00,c9_sim,457,14.696,23.629,0.635,69.168,0.047,108.176
2026-09-02T07:58:30.822106+07:00,c9_sim,458,9.858,22.368,0.955,67.158,0.027,100.366
2026-09-02T07:58:30.915371+07:00,c9_sim,459,8.652,21.202,1.092,69.553,0.036,100.535
2026-09-02T07:58:31.005470+07:00,c9_sim,460,9.032,25.394,1.048,62.482,0.021,97.977
2026-09-02T07:58:31.097558+07:00,c9_sim,461,8.514,20.195,0.707,70.097,0.065,99.577
2026-09-02T07:58:31.196150+07:00,c9_sim,462,8.055,31.990,0.915,64.317,0.053,105.330
2026-09-02T07:58:31.295703+07:00,c9_sim,463,7.653,29.909,1.032,66.416,0.061,105.071
2026-09-02T07:58:31.383092+07:00,c9_sim,464,6.628,28.152,0.820,56.961,0.132,92.693
2026-09-02T07:58:31.479799+07:00,c9_sim,465,9.482,27.804,0.871,66.056,0.064,104.276
2026-09-02T07:58:31.579202+07:00,c9_sim,466,6.533,33.206,0.950,63.506,0.051,104.247
2026-09-02T07:58:31.692559+07:00,c9_sim,467,7.187,50.251,0.873,60.217,0.050,118.578
2026-09-02T07:58:31.785925+07:00,c9_sim,468,8.216,36.636,0.921,54.388,0.057,100.219
2026-09-02T07:58:31.889806+07:00,c9_sim,469,7.811,34.490,0.900,67.174,0.074,110.448
2026-09-02T07:58:32.001584+07:00,c9_sim,470,10.103,50.960,0.884,58.596,0.047,120.589
2026-09-02T07:58:32.098144+07:00,c9_sim,471,11.921,34.140,0.899,60.312,0.057,107.328
2026-09-02T07:58:32.201860+07:00,c9_sim,472,9.634,39.392,0.968,60.157,0.095,110.246
2026-09-02T07:58:32.346596+07:00,c9_sim,473,7.143,81.977,1.015,59.614,0.048,149.796
2026-09-02T07:58:32.431793+07:00,c9_sim,474,8.946,32.522,1.025,50.372,0.058,92.923
2026-09-02T07:58:32.558902+07:00,c9_sim,475,9.836,59.914,2.064,60.338,0.062,132.213
2026-09-02T07:58:32.700336+07:00,c9_sim,476,7.528,39.126,1.537,96.510,0.049,144.749
2026-09-02T07:58:32.816096+07:00,c9_sim,477,10.381,59.931,0.886,53.284,0.046,124.528
2026-09-02T07:58:32.927420+07:00,c9_sim,478,10.392,28.209,0.906,79.008,0.056,118.572
2026-09-02T07:58:33.028951+07:00,c9_sim,479,7.658,31.323,1.259,67.448,0.049,107.736
2026-09-02T07:58:33.131557+07:00,c9_sim,480,11.524,34.499,0.926,65.692,0.057,112.698
2026-09-02T07:58:33.226517+07:00,c9_sim,481,8.574,30.931,1.537,60.712,0.056,101.810
2026-09-02T07:58:33.395912+07:00,c9_sim,482,8.865,82.045,0.784,85.536,0.053,177.282
2026-09-02T07:58:33.454312+07:00,c8_sim,247,20.547,24.587,1.304,0.000,0.018,46.456
2026-09-02T07:58:33.478856+07:00,c8_sim,248,12.278,24.242,0.000,0.000,0.009,36.528
2026-09-02T07:58:33.526026+07:00,c8_sim,249,9.053,21.761,0.000,0.000,0.007,30.822
2026-09-02T07:58:33.569864+07:00,c8_sim,250,10.912,19.010,0.000,0.000,0.007,29.928
2026-09-02T07:58:33.633496+07:00,c8_sim,251,11.381,16.803,0.922,0.000,0.007,29.113
2026-09-02T07:58:33.667428+07:00,c8_sim,252,9.330,12.888,0.000,0.000,0.005,22.223
2026-09-02T07:58:33.732998+07:00,c8_sim,253,6.974,15.447,0.000,0.000,0.005,22.426
2026-09-02T07:58:33.767030+07:00,c8_sim,254,7.072,12.397,0.000,0.000,0.005,19.475
2026-09-02T07:58:33.831770+07:00,c8_sim,255,6.777,14.576,0.000,0.000,0.005,21.359
2026-09-02T07:58:33.868850+07:00,c8_sim,256,7.430,13.893,0.000,0.000,0.006,21.329
2026-09-02T07:58:33.927154+07:00,c8_sim,257,7.244,13.527,0.000,0.000,0.006,20.778
2026-09-02T07:58:33.968998+07:00,c8_sim,258,7.093,16.582,0.000,0.000,0.008,23.682
2026-09-02T07:58:34.043851+07:00,c8_sim,259,8.171,25.295,0.000,0.000,0.010,33.475
2026-09-02T07:58:34.104809+07:00,c8_sim,260,6.884,34.056,0.786,0.000,0.006,41.732
2026-09-02T07:58:34.117628+07:00,c8_sim,261,6.716,12.684,0.000,0.000,0.004,19.404
2026-09-02T07:58:34.180409+07:00,c8_sim,262,7.105,15.386,0.835,0.000,0.006,23.332
2026-09-02T07:58:34.247471+07:00,c8_sim,263,7.197,17.294,0.670,0.000,0.005,25.167
2026-09-02T07:58:34.352689+07:00,c8_sim,264,7.002,19.597,1.249,58.210,0.124,86.183
2026-09-02T07:58:34.414431+07:00,c8_sim,265,6.802,14.678,0.854,45.284,0.022,67.641
2026-09-02T07:58:34.475767+07:00,c8_sim,266,7.780,14.332,0.780,45.327,0.018,68.237
2026-09-02T07:58:34.536631+07:00,c8_sim,267,7.487,15.184,0.861,43.956,0.028,67.516
2026-09-02T07:58:34.605778+07:00,c8_sim,268,6.796,15.755,0.646,51.690,0.031,74.918
2026-09-02T07:58:34.713874+07:00,c8_sim,269,7.240,20.604,0.901,84.569,0.033,113.346
2026-09-02T07:58:34.817356+07:00,c8_sim,270,7.624,30.006,0.824,71.072,0.084,109.610
2026-09-02T07:58:34.934130+07:00,c8_sim,271,9.066,29.999,0.968,84.216,0.033,124.283
2026-09-02T07:58:35.060836+07:00,c8_sim,272,7.656,24.939,1.475,99.279,0.041,133.390
2026-09-02T07:58:35.204733+07:00,c8_sim,273,11.089,40.827,0.748,101.437,0.031,154.133
2026-09-02T07:58:35.323290+07:00,c8_sim,274,8.583,28.201,0.821,88.421,0.040,126.066
2026-09-02T07:58:35.427146+07:00,c8_sim,275,10.039,26.454,0.706,75.463,0.031,112.693
2026-09-02T07:58:35.549257+07:00,c8_sim,276,8.112,26.198,0.840,93.876,0.030,129.056
2026-09-02T07:58:35.660126+07:00,c8_sim,277,11.655,29.996,0.914,78.751,0.036,121.353
2026-09-02T07:58:35.775180+07:00,c8_sim,278,11.779,30.257,0.758,82.801,0.036,125.630
2026-09-02T07:58:35.867534+07:00,c8_sim,279,11.550,24.607,0.801,65.606,0.029,102.593
2026-09-02T07:58:35.953811+07:00,c8_sim,280,9.383,22.380,0.748,61.362,0.076,93.948
2026-09-02T07:58:36.055152+07:00,c8_sim,281,8.410,25.762,0.760,73.525,0.061,108.517
2026-09-02T07:58:36.221938+07:00,c8_sim,282,9.312,26.943,0.800,137.945,0.090,175.089
2026-09-02T07:58:36.360262+07:00,c8_sim,283,8.607,32.744,1.265,102.857,0.067,145.540
2026-09-02T07:58:36.477514+07:00,c8_sim,284,7.171,30.913,0.853,84.145,0.074,123.156
2026-09-02T07:58:36.575661+07:00,c8_sim,285,10.071,28.939,0.894,66.241,0.055,106.201
2026-09-02T07:58:36.653341+07:00,c8_sim,286,7.337,22.338,0.867,53.069,0.034,83.646
2026-09-02T07:58:36.738553+07:00,c8_sim,287,8.727,20.189,0.920,62.807,0.049,92.692
2026-09-02T07:58:36.832967+07:00,c8_sim,288,7.561,22.099,0.793,70.412,0.029,100.894
2026-09-02T07:58:36.933739+07:00,c8_sim,289,7.377,21.762,0.653,77.396,0.039,107.227
2026-09-02T07:58:37.024070+07:00,c8_sim,290,8.834,22.689,0.659,64.603,0.060,96.843
2026-09-02T07:58:37.115103+07:00,c8_sim,291,8.124,20.652,0.629,68.604,0.051,98.060
2026-09-02T07:58:37.209048+07:00,c8_sim,292,11.187,24.384,0.574,67.047,0.056,103.248
2026-09-02T07:58:37.299069+07:00,c8_sim,293,7.575,25.417,0.568,62.944,0.046,96.550
2026-09-02T07:58:37.390406+07:00,c8_sim,294,9.085,26.114,0.642,63.359,0.079,99.279
2026-09-02T07:58:37.482396+07:00,c8_sim,295,7.548,22.397,0.576,67.459,0.133,98.112
2026-09-02T07:58:37.578091+07:00,c8_sim,296,7.726,26.375,0.551,67.457,0.051,102.159
2026-09-02T07:58:37.668235+07:00,c8_sim,297,7.452,24.626,0.595,63.820,0.047,96.540
2026-09-02T07:58:37.762509+07:00,c8_sim,298,7.340,21.142,0.424,71.608,0.055,100.570
2026-09-02T07:58:37.851941+07:00,c8_sim,299,7.058,20.173,0.454,67.535,0.107,95.326
2026-09-02T07:58:38.000594+07:00,c8_sim,300,8.481,25.137,0.670,121.168,0.057,155.513
2026-09-02T07:58:38.108625+07:00,c8_sim,301,6.819,31.979,1.078,73.450,0.070,113.396
2026-09-02T07:58:38.196358+07:00,c8_sim,302,8.509,25.135,0.686,60.627,0.046,95.004
2026-09-02T07:58:38.283470+07:00,c8_sim,303,8.877,21.097,0.551,64.331,0.086,94.942
