timestamp,camera_id,frame_id,decode_ms,detection_ms,tracking_ms,reid_ms,matching_ms,total_ai_ms
2026-09-02T07:49:07.862543+07:00,c8_sim,1,16.727,1140.748,3442.454,760.436,0.543,5360.907
2026-09-02T07:49:08.107442+07:00,c8_sim,2,18.039,148.868,4.409,50.420,0.028,221.764
2026-09-02T07:49:08.148758+07:00,c8_sim,3,9.133,16.717,0.879,22.626,0.023,49.379
2026-09-02T07:49:08.203477+07:00,c8_sim,4,10.442,19.987,0.680,32.578,0.026,63.713
2026-09-02T07:49:08.268124+07:00,c8_sim,5,9.527,28.503,0.569,23.201,0.025,61.824
2026-09-02T07:49:08.341358+07:00,c8_sim,6,10.612,34.092,1.878,32.598,0.031,79.210
2026-09-02T07:49:08.412845+07:00,c8_sim,7,13.389,40.157,1.060,27.636,0.024,82.266
2026-09-02T07:49:08.475203+07:00,c8_sim,8,14.893,30.746,1.094,28.510,0.023,75.266
2026-09-02T07:49:08.525520+07:00,c8_sim,9,74.901,20.525,0.623,27.134,0.024,123.207
2026-09-02T07:49:08.868907+07:00,c8_sim,10,77.829,320.393,0.614,20.757,0.027,419.619
2026-09-02T07:49:08.920029+07:00,c9_sim,1,6.352,320.393,0.447,49.346,0.304,376.843
2026-09-02T07:49:09.047184+07:00,c8_sim,11,13.695,68.877,2.076,53.107,0.027,137.782
2026-09-02T07:49:09.080044+07:00,c9_sim,2,4.667,68.877,0.597,31.317,0.030,105.488
2026-09-02T07:49:09.162031+07:00,c8_sim,12,9.534,42.547,1.296,35.441,0.033,88.850
2026-09-02T07:49:09.191990+07:00,c9_sim,3,6.244,42.547,0.859,27.853,0.046,77.549
2026-09-02T07:49:09.345033+07:00,c8_sim,13,36.944,68.290,2.314,77.459,0.045,185.052
2026-09-02T07:49:09.379701+07:00,c9_sim,4,5.138,68.290,0.887,32.472,0.021,106.807
2026-09-02T07:49:09.433897+07:00,c8_sim,14,33.693,28.750,0.720,23.309,0.019,86.492
2026-09-02T07:49:09.468626+07:00,c9_sim,5,9.642,28.750,2.911,30.419,0.025,71.747
2026-09-02T07:49:09.525848+07:00,c8_sim,15,26.120,26.479,0.644,27.294,0.033,80.570
2026-09-02T07:49:09.528600+07:00,c9_sim,6,7.782,26.479,1.306,0.000,0.015,35.581
2026-09-02T07:49:09.591031+07:00,c8_sim,16,25.583,26.549,0.878,33.432,0.066,86.509
2026-09-02T07:49:09.592254+07:00,c9_sim,7,8.612,26.549,0.612,0.000,0.008,35.781
2026-09-02T07:49:09.647470+07:00,c8_sim,17,29.185,28.218,0.527,23.981,0.065,81.975
2026-09-02T07:49:09.649078+07:00,c9_sim,8,6.145,28.218,0.980,0.000,0.007,35.350
2026-09-02T07:49:09.720934+07:00,c8_sim,18,27.265,30.159,0.892,39.051,0.056,97.424
2026-09-02T07:49:09.722559+07:00,c9_sim,9,6.239,30.159,0.739,0.000,0.011,37.148
2026-09-02T07:49:09.821240+07:00,c8_sim,19,15.514,49.148,1.070,46.571,0.049,112.353
2026-09-02T07:49:09.868197+07:00,c9_sim,10,5.539,49.148,1.738,43.932,0.053,100.410
2026-09-02T07:49:09.945979+07:00,c8_sim,20,31.901,43.569,1.792,29.726,0.041,107.029
2026-09-02T07:49:09.981126+07:00,c9_sim,11,5.416,43.569,0.851,33.292,0.035,83.163
2026-09-02T07:49:10.103896+07:00,c8_sim,21,96.200,46.081,0.974,73.241,0.067,216.563
2026-09-02T07:49:10.151574+07:00,c9_sim,12,5.609,46.081,0.926,45.535,0.052,98.204
2026-09-02T07:49:10.256643+07:00,c8_sim,22,46.107,70.541,1.055,30.803,0.048,148.554
2026-09-02T07:49:10.301944+07:00,c9_sim,13,9.918,70.541,0.961,42.366,0.028,123.815
2026-09-02T07:49:10.390244+07:00,c8_sim,23,14.151,58.520,1.338,25.904,0.040,99.953
2026-09-02T07:49:10.420832+07:00,c9_sim,14,8.085,58.520,0.713,29.068,0.028,96.414
2026-09-02T07:49:10.503546+07:00,c8_sim,24,32.124,28.760,1.372,50.746,0.048,113.050
2026-09-02T07:49:10.552039+07:00,c9_sim,15,7.180,28.760,0.926,46.560,0.037,83.463
2026-09-02T07:49:10.628563+07:00,c8_sim,25,15.067,34.664,0.945,39.082,0.036,89.794
2026-09-02T07:49:10.660469+07:00,c9_sim,16,17.022,34.664,0.890,29.841,0.026,82.443
2026-09-02T07:49:10.710468+07:00,c8_sim,26,54.789,45.902,0.768,0.006,0.018,101.483
2026-09-02T07:49:10.744623+07:00,c9_sim,17,11.257,45.902,1.571,31.716,0.021,90.467
2026-09-02T07:49:10.778670+07:00,c8_sim,27,70.314,30.853,0.643,0.005,0.019,101.834
2026-09-02T07:49:10.811593+07:00,c9_sim,18,6.328,30.853,0.513,31.555,0.021,69.269
2026-09-02T07:49:10.845985+07:00,c8_sim,28,29.584,33.236,0.000,0.000,0.014,62.834
2026-09-02T07:49:10.891906+07:00,c9_sim,19,7.874,33.236,0.947,44.049,0.025,86.130
2026-09-02T07:49:10.975304+07:00,c8_sim,29,51.546,39.495,0.942,41.072,0.035,133.090
2026-09-02T07:49:11.013423+07:00,c9_sim,20,8.561,39.495,0.744,36.378,0.034,85.212
2026-09-02T07:49:11.086187+07:00,c8_sim,30,53.637,43.124,1.005,26.632,0.044,124.442
2026-09-02T07:49:11.119674+07:00,c9_sim,21,7.133,43.124,0.876,30.923,0.035,82.092
2026-09-02T07:49:11.176101+07:00,c8_sim,31,50.033,25.236,0.584,29.107,0.039,104.999
2026-09-02T07:49:11.225312+07:00,c9_sim,22,7.741,25.236,2.106,45.901,0.033,81.017
2026-09-02T07:49:11.305398+07:00,c8_sim,32,54.778,26.951,0.666,50.867,0.037,133.299
2026-09-02T07:49:11.348252+07:00,c9_sim,23,7.483,26.951,0.999,40.628,0.116,76.177
2026-09-02T07:49:11.476260+07:00,c8_sim,33,23.797,42.645,5.599,76.890,0.068,149.000
2026-09-02T07:49:11.560801+07:00,c9_sim,24,11.217,42.645,4.818,75.013,0.065,133.758
2026-09-02T07:49:11.681739+07:00,c8_sim,34,28.118,55.673,0.934,61.974,0.045,146.746
2026-09-02T07:49:11.731999+07:00,c9_sim,25,11.221,55.673,0.845,48.339,0.033,116.110
2026-09-02T07:49:11.819762+07:00,c8_sim,35,52.581,45.136,2.167,37.509,0.047,137.441
2026-09-02T07:49:11.851263+07:00,c9_sim,26,6.267,45.136,0.922,29.513,0.034,81.872
2026-09-02T07:49:12.048549+07:00,c8_sim,36,48.564,72.324,1.489,118.874,0.057,241.309
2026-09-02T07:49:12.134786+07:00,c9_sim,27,9.387,72.324,2.716,81.981,0.061,166.470
2026-09-02T07:49:12.225674+07:00,c8_sim,37,19.724,47.182,1.061,40.831,0.037,108.835
2026-09-02T07:49:12.307451+07:00,c9_sim,28,8.622,47.182,1.125,79.686,0.045,136.660
2026-09-02T07:49:12.437838+07:00,c8_sim,38,18.210,52.177,0.726,74.816,0.182,146.110
2026-09-02T07:49:12.583486+07:00,c9_sim,29,21.315,52.177,0.856,143.258,0.125,217.731
2026-09-02T07:49:12.810118+07:00,c8_sim,39,20.924,72.231,4.952,146.279,0.128,244.515
2026-09-02T07:49:12.987849+07:00,c9_sim,30,13.795,72.231,1.625,174.470,0.065,262.186
2026-09-02T07:49:13.124783+07:00,c8_sim,40,55.172,69.331,1.694,54.957,0.176,181.331
2026-09-02T07:49:13.177079+07:00,c9_sim,31,10.245,69.331,1.333,48.792,0.056,129.757
2026-09-02T07:49:13.343939+07:00,c8_sim,41,48.364,76.357,1.769,85.606,0.126,212.222
2026-09-02T07:49:13.422639+07:00,c9_sim,32,7.594,76.357,1.023,75.346,0.177,160.496
2026-09-02T07:49:13.560811+07:00,c8_sim,42,27.534,89.786,0.919,43.565,0.136,161.940
2026-09-02T07:49:13.615641+07:00,c9_sim,33,7.286,89.786,1.811,50.504,0.036,149.424
2026-09-02T07:49:13.732102+07:00,c8_sim,43,47.944,75.421,0.847,38.276,0.041,162.530
2026-09-02T07:49:13.767418+07:00,c9_sim,34,24.626,75.421,1.524,32.632,0.054,134.258
2026-09-02T07:49:13.845780+07:00,c8_sim,44,12.406,50.911,0.717,24.880,0.039,88.953
2026-09-02T07:49:13.876112+07:00,c9_sim,35,16.688,50.911,0.828,28.050,0.033,96.509
2026-09-02T07:49:13.992593+07:00,c8_sim,45,12.075,54.283,0.871,59.482,0.144,126.855
2026-09-02T07:49:14.052322+07:00,c9_sim,36,17.575,54.283,1.542,54.786,0.079,128.265
2026-09-02T07:49:14.163645+07:00,c8_sim,46,9.404,75.069,1.137,32.726,0.033,118.368
2026-09-02T07:49:14.196940+07:00,c9_sim,37,7.994,75.069,0.766,31.375,0.056,115.259
2026-09-02T07:49:14.279196+07:00,c8_sim,47,10.566,47.106,0.715,32.367,0.042,90.795
2026-09-02T07:49:14.317883+07:00,c9_sim,38,12.211,47.106,1.146,36.271,0.062,96.795
2026-09-02T07:49:14.399495+07:00,c8_sim,48,10.950,39.683,0.842,36.574,0.053,88.102
2026-09-02T07:49:14.454898+07:00,c9_sim,39,11.366,39.683,2.208,50.656,0.084,103.997
2026-09-02T07:49:14.607521+07:00,c8_sim,49,9.800,70.408,1.680,76.376,0.184,158.448
2026-09-02T07:49:14.686642+07:00,c9_sim,40,13.214,70.408,3.462,72.368,0.069,159.520
2026-09-02T07:49:14.754372+07:00,c8_sim,50,14.717,66.584,0.000,0.000,0.010,81.311
2026-09-02T07:49:14.778304+07:00,c9_sim,41,12.366,66.584,0.604,22.433,0.026,102.013
2026-09-02T07:49:14.803251+07:00,c8_sim,51,33.309,24.079,0.000,0.000,0.010,57.398
2026-09-02T07:49:14.822036+07:00,c9_sim,42,13.785,24.079,0.474,17.671,0.019,56.029
2026-09-02T07:49:14.844615+07:00,c8_sim,52,12.591,21.744,0.000,0.000,0.008,34.343
2026-09-02T07:49:14.863543+07:00,c9_sim,43,12.354,21.744,0.437,17.753,0.020,52.309
2026-09-02T07:49:14.885996+07:00,c8_sim,53,12.226,21.465,0.000,0.000,0.009,33.701
2026-09-02T07:49:14.906141+07:00,c9_sim,44,10.256,21.465,0.487,18.791,0.023,51.022
2026-09-02T07:49:14.928119+07:00,c8_sim,54,11.439,21.192,0.000,0.000,0.009,32.640
2026-09-02T07:49:14.949373+07:00,c9_sim,45,9.827,21.192,0.507,20.085,0.032,51.643
2026-09-02T07:49:14.974931+07:00,c8_sim,55,12.472,24.074,0.000,0.000,0.009,36.555
2026-09-02T07:49:14.996213+07:00,c9_sim,46,11.124,24.074,0.544,20.095,0.022,55.859
2026-09-02T07:49:15.026629+07:00,c8_sim,56,9.185,29.145,0.000,0.000,0.014,38.344
2026-09-02T07:49:15.061315+07:00,c9_sim,47,10.909,29.145,0.622,33.270,0.037,73.983
2026-09-02T07:49:15.172620+07:00,c9_sim,48,10.455,60.049,0.840,48.347,0.083,119.774
2026-09-02T07:49:15.243852+07:00,c9_sim,49,10.489,39.358,1.839,26.997,0.050,78.733
2026-09-02T07:49:15.295401+07:00,c9_sim,50,12.078,26.943,0.653,22.117,0.041,61.833
2026-09-02T07:49:15.357961+07:00,c9_sim,51,9.935,30.282,1.337,24.442,0.028,66.024
2026-09-02T07:49:15.391226+07:00,c9_sim,52,7.619,13.578,0.465,18.032,0.030,39.724
2026-09-02T07:49:15.427290+07:00,c9_sim,53,7.907,15.180,0.603,18.826,0.031,42.548
2026-09-02T07:49:15.457957+07:00,c9_sim,54,11.185,12.144,0.458,17.112,0.019,40.919
2026-09-02T07:49:15.488420+07:00,c9_sim,55,11.592,11.622,0.443,17.276,0.018,40.951
2026-09-02T07:49:15.521473+07:00,c9_sim,56,8.755,12.174,0.414,19.197,0.041,40.580
2026-09-02T07:49:15.565863+07:00,c9_sim,57,7.703,15.801,0.682,26.004,0.044,50.234
2026-09-02T07:49:15.610667+07:00,c9_sim,58,12.819,17.361,0.597,25.067,0.029,55.873
2026-09-02T07:49:15.678657+07:00,c9_sim,59,11.167,29.314,0.901,35.482,0.040,76.904
2026-09-02T07:49:15.728494+07:00,c9_sim,60,12.074,21.309,0.836,25.813,0.036,60.068
2026-09-02T07:49:15.776777+07:00,c9_sim,61,9.972,23.676,0.695,21.828,0.031,56.203
2026-09-02T07:49:15.826452+07:00,c9_sim,62,5.299,23.605,0.684,23.542,0.042,53.173
2026-09-02T07:49:15.869667+07:00,c9_sim,63,6.490,23.715,0.407,16.990,0.021,47.622
2026-09-02T07:49:15.900324+07:00,c9_sim,64,6.696,11.952,0.398,17.321,0.019,36.386
2026-09-02T07:49:15.929344+07:00,c9_sim,65,14.970,11.325,0.378,16.277,0.019,42.970
2026-09-02T07:49:15.959897+07:00,c9_sim,66,9.679,12.047,0.413,16.876,0.017,39.033
2026-09-02T07:49:15.990427+07:00,c9_sim,67,6.290,11.497,0.453,17.642,0.026,35.907
2026-09-02T07:49:16.025858+07:00,c9_sim,68,5.062,13.128,0.555,20.268,0.031,39.044
2026-09-02T07:49:16.061686+07:00,c9_sim,69,6.581,14.803,0.489,19.099,0.023,40.994
2026-09-02T07:49:16.097089+07:00,c9_sim,70,10.667,13.078,0.477,20.831,0.031,45.084
2026-09-02T07:49:16.169941+07:00,c9_sim,71,6.780,18.233,0.580,25.131,0.038,50.763
2026-09-02T07:49:16.235707+07:00,c9_sim,72,5.005,24.765,0.834,38.342,0.090,69.037
2026-09-02T07:49:16.310765+07:00,c9_sim,73,4.580,35.600,1.539,34.086,0.057,75.863
2026-09-02T07:49:16.367249+07:00,c9_sim,74,5.812,28.997,0.794,23.982,0.047,59.631
2026-09-02T07:49:16.401160+07:00,c9_sim,75,6.849,13.581,0.559,18.097,0.023,39.109
2026-09-02T07:49:16.434899+07:00,c9_sim,76,7.304,12.512,0.443,19.287,0.025,39.571
2026-09-02T07:49:16.467920+07:00,c9_sim,77,5.979,13.178,0.430,17.951,0.019,37.557
2026-09-02T07:49:16.497235+07:00,c9_sim,78,4.848,11.622,0.429,16.465,0.017,33.381
2026-09-02T07:49:16.606355+07:00,c9_sim,79,4.624,14.387,0.524,17.403,0.020,36.959
2026-09-02T07:49:16.724543+07:00,c9_sim,80,5.298,19.158,0.568,21.091,0.031,46.146
2026-09-02T07:49:16.952790+07:00,c9_sim,81,6.891,69.423,1.965,103.004,0.699,181.982
2026-09-02T07:49:17.057425+07:00,c9_sim,82,21.087,62.798,1.983,35.158,0.030,121.056
2026-09-02T07:49:17.093574+07:00,c9_sim,83,20.245,14.559,0.571,18.992,0.024,54.391
2026-09-02T07:49:17.129569+07:00,c9_sim,84,5.084,14.102,0.550,20.109,0.022,39.866
2026-09-02T07:49:17.210378+07:00,c9_sim,85,4.506,14.898,0.482,18.061,0.029,37.976
2026-09-02T07:49:17.342904+07:00,c9_sim,86,5.856,21.341,2.069,32.142,0.057,61.466
2026-09-02T07:49:17.444521+07:00,c9_sim,87,7.832,26.160,0.909,26.964,0.066,61.930
2026-09-02T07:49:17.554078+07:00,c9_sim,88,8.932,35.259,0.690,24.893,0.218,69.992
2026-09-02T07:49:17.638287+07:00,c9_sim,89,5.408,15.074,0.552,19.501,0.033,40.568
2026-09-02T07:49:17.751932+07:00,c9_sim,90,7.760,21.453,0.633,22.397,0.039,52.282
2026-09-02T07:49:17.844355+07:00,c9_sim,91,5.515,17.936,0.590,24.966,0.044,49.050
2026-09-02T07:49:17.966073+07:00,c9_sim,92,5.997,30.066,0.652,22.446,0.061,59.221
2026-09-02T07:49:18.067576+07:00,c9_sim,93,7.136,26.693,0.708,24.231,0.033,58.802
2026-09-02T07:49:18.176953+07:00,c9_sim,94,5.060,31.997,0.819,26.211,0.041,64.128
2026-09-02T07:49:18.282642+07:00,c9_sim,95,6.739,29.260,0.611,24.093,0.037,60.741
2026-09-02T07:49:18.385603+07:00,c9_sim,96,5.774,30.555,0.721,21.548,0.022,58.620
2026-09-02T07:49:18.443334+07:00,c9_sim,97,4.626,12.774,0.426,17.827,0.022,35.675
2026-09-02T07:49:18.555750+07:00,c9_sim,98,4.671,15.603,0.587,18.290,0.024,39.175
2026-09-02T07:49:18.669026+07:00,c9_sim,99,4.850,18.807,0.521,18.589,0.031,42.798
2026-09-02T07:49:18.794635+07:00,c9_sim,100,5.234,25.302,0.630,19.931,0.034,51.131
2026-09-02T07:49:18.900028+07:00,c9_sim,101,5.559,28.716,0.682,24.267,0.056,59.280
2026-09-02T07:49:19.009074+07:00,c9_sim,102,6.010,29.156,0.906,24.405,0.049,60.526
2026-09-02T07:49:19.092214+07:00,c9_sim,103,6.800,29.626,0.949,24.890,0.068,62.333
2026-09-02T07:49:19.185345+07:00,c9_sim,104,4.834,25.438,0.467,19.927,0.023,50.689
2026-09-02T07:49:19.294351+07:00,c9_sim,105,4.973,15.287,0.576,19.337,0.052,40.226
2026-09-02T07:49:19.386499+07:00,c9_sim,106,6.042,16.162,0.619,21.673,0.038,44.534
2026-09-02T07:49:19.500686+07:00,c9_sim,107,5.512,17.575,0.491,19.580,0.027,43.186
2026-09-02T07:49:19.586411+07:00,c9_sim,108,4.528,15.203,0.514,18.149,0.030,38.424
2026-09-02T07:49:19.721305+07:00,c9_sim,109,6.778,31.501,1.152,25.870,0.040,65.340
2026-09-02T07:49:19.823720+07:00,c9_sim,110,5.147,29.655,0.672,23.280,0.032,58.786
2026-09-02T07:49:19.926235+07:00,c9_sim,111,5.023,29.303,0.786,24.248,0.055,59.415
2026-09-02T07:49:20.032010+07:00,c9_sim,112,4.756,28.184,0.668,24.094,0.040,57.742
2026-09-02T07:49:20.132929+07:00,c9_sim,113,5.925,27.275,0.617,23.036,0.035,56.888
2026-09-02T07:49:20.235557+07:00,c9_sim,114,5.172,27.052,0.557,21.407,0.023,54.210
2026-09-02T07:49:20.301405+07:00,c9_sim,115,5.360,14.925,0.000,0.000,0.014,20.299
2026-09-02T07:49:20.390001+07:00,c9_sim,116,6.355,19.341,0.000,0.000,0.017,25.713
2026-09-02T07:49:20.523358+07:00,c9_sim,117,5.131,29.011,0.000,0.000,0.015,34.157
2026-09-02T07:49:20.659333+07:00,c9_sim,118,12.098,36.108,1.231,25.991,0.042,75.470
2026-09-02T07:49:20.736471+07:00,c9_sim,119,4.911,27.406,0.636,21.288,0.023,54.264
2026-09-02T07:49:20.843103+07:00,c9_sim,120,5.350,15.841,0.558,18.144,0.020,39.913
2026-09-02T07:49:20.936336+07:00,c9_sim,121,5.289,17.786,0.716,21.485,0.028,45.304
2026-09-02T07:49:21.038539+07:00,c9_sim,122,4.606,16.910,0.606,19.682,0.027,41.832
2026-09-02T07:49:21.155753+07:00,c9_sim,123,5.083,19.614,0.640,18.401,0.023,43.761
2026-09-02T07:49:21.250768+07:00,c9_sim,124,4.946,21.590,0.581,19.876,0.022,47.014
2026-09-02T07:49:21.348992+07:00,c9_sim,125,6.377,21.822,0.671,22.819,0.028,51.717
2026-09-02T07:49:21.478640+07:00,c9_sim,126,7.043,26.382,0.674,21.734,0.027,55.860
2026-09-02T07:49:21.585937+07:00,c9_sim,127,5.727,30.462,0.787,21.919,0.029,58.924
2026-09-02T07:49:21.646505+07:00,c9_sim,128,4.965,13.922,0.497,18.456,0.022,37.862
2026-09-02T07:49:21.759128+07:00,c9_sim,129,4.810,14.829,0.555,17.994,0.023,38.211
2026-09-02T07:49:21.874485+07:00,c9_sim,130,5.151,16.613,0.595,17.771,0.031,40.162
2026-09-02T07:49:21.990470+07:00,c9_sim,131,6.835,23.808,0.504,20.515,0.047,51.708
2026-09-02T07:49:22.080927+07:00,c9_sim,132,5.367,22.213,0.575,20.709,0.035,48.900
2026-09-02T07:49:22.178216+07:00,c9_sim,133,5.197,23.258,0.618,19.948,0.042,49.064
2026-09-02T07:49:22.305347+07:00,c9_sim,134,6.964,35.347,1.753,36.935,0.073,81.071
2026-09-02T07:49:22.452617+07:00,c9_sim,135,6.361,41.311,1.372,39.676,0.035,88.755
2026-09-02T07:49:22.491795+07:00,c9_sim,136,7.801,17.086,0.570,18.710,0.024,44.191
2026-09-02T07:49:22.573786+07:00,c9_sim,137,4.796,13.096,0.465,18.486,0.036,36.879
2026-09-02T07:49:22.690023+07:00,c9_sim,138,5.141,17.648,0.583,18.868,0.023,42.263
2026-09-02T07:49:22.800551+07:00,c9_sim,139,5.918,18.682,0.617,19.713,0.028,44.959
2026-09-02T07:49:22.904310+07:00,c9_sim,140,5.295,28.270,0.629,21.086,0.035,55.315
2026-09-02T07:49:22.993805+07:00,c9_sim,141,5.589,15.646,0.530,18.860,0.026,40.651
2026-09-02T07:49:23.113555+07:00,c9_sim,142,4.848,21.602,0.570,18.796,0.026,45.842
2026-09-02T07:49:23.204646+07:00,c9_sim,143,5.108,18.835,0.588,18.545,0.032,43.108
2026-09-02T07:49:23.334521+07:00,c9_sim,144,7.868,28.791,0.899,20.588,0.034,58.180
2026-09-02T07:49:23.424363+07:00,c9_sim,145,4.828,21.305,0.583,18.668,0.033,45.417
2026-09-02T07:49:23.524965+07:00,c9_sim,146,4.907,26.271,0.873,24.508,0.030,56.588
2026-09-02T07:49:23.635917+07:00,c9_sim,147,7.243,32.799,0.889,22.904,0.034,63.869
2026-09-02T07:49:23.726557+07:00,c9_sim,148,5.540,14.977,0.599,23.403,0.043,44.562
2026-09-02T07:49:23.928812+07:00,c9_sim,149,14.059,41.834,0.945,98.944,0.116,155.898
2026-09-02T07:49:24.199348+07:00,c9_sim,150,38.105,91.553,5.304,162.965,0.103,298.030
2026-09-02T07:49:24.470352+07:00,c9_sim,151,87.059,45.282,1.587,216.883,2.060,352.870
2026-09-02T07:49:25.007802+07:00,c9_sim,152,12.876,457.322,1.341,55.942,0.049,527.530
2026-09-02T07:49:25.133118+07:00,c9_sim,153,17.695,49.015,2.157,67.114,0.052,136.034
2026-09-02T07:49:25.230340+07:00,c9_sim,154,20.809,44.184,1.173,49.441,0.066,115.674
2026-09-02T07:49:25.326466+07:00,c9_sim,155,265.878,37.089,1.053,55.557,0.125,359.702
2026-09-02T07:49:25.417270+07:00,c9_sim,156,87.345,27.628,0.719,60.741,0.040,176.473
2026-09-02T07:49:25.549429+07:00,c9_sim,157,179.461,46.954,1.065,79.298,0.286,307.064
2026-09-02T07:49:25.819837+07:00,c9_sim,158,24.901,85.075,1.364,180.511,0.069,291.921
2026-09-02T07:49:25.884522+07:00,c9_sim,159,8.831,34.967,0.868,25.844,0.040,70.550
2026-09-02T07:49:25.921248+07:00,c9_sim,160,16.988,13.680,0.575,21.243,0.024,52.510
2026-09-02T07:49:25.954589+07:00,c9_sim,161,21.475,13.274,0.508,18.416,0.025,53.700
2026-09-02T07:49:25.986783+07:00,c9_sim,162,9.391,13.276,0.500,17.329,0.020,40.517
2026-09-02T07:49:26.018531+07:00,c9_sim,163,9.340,12.507,0.419,17.860,0.026,40.152
2026-09-02T07:49:26.049233+07:00,c9_sim,164,7.471,12.248,0.427,17.091,0.023,37.259
2026-09-02T07:49:26.079676+07:00,c9_sim,165,21.781,12.059,0.474,16.977,0.032,51.322
2026-09-02T07:49:26.111190+07:00,c9_sim,166,17.656,12.625,0.393,17.546,0.033,48.252
2026-09-02T07:49:26.147305+07:00,c9_sim,167,12.346,13.649,0.427,21.065,0.046,47.533
2026-09-02T07:49:26.212496+07:00,c9_sim,168,44.498,17.157,0.544,46.121,0.050,108.369
2026-09-02T07:49:26.274874+07:00,c9_sim,169,10.408,20.391,1.080,39.272,0.055,71.206
2026-09-02T07:49:26.371559+07:00,c9_sim,170,5.042,38.703,2.275,53.344,0.053,99.417
2026-09-02T07:49:26.426871+07:00,c9_sim,171,4.835,29.052,0.736,23.549,0.037,58.209
2026-09-02T07:49:26.481003+07:00,c9_sim,172,5.928,28.351,0.607,23.352,0.041,58.278
2026-09-02T07:49:26.533969+07:00,c9_sim,173,9.475,26.652,0.600,23.225,0.028,59.981
2026-09-02T07:49:26.566216+07:00,c9_sim,174,8.498,12.513,0.487,17.797,0.021,39.315
2026-09-02T07:49:26.595004+07:00,c9_sim,175,5.082,11.422,0.380,16.202,0.016,33.102
2026-09-02T07:49:26.624379+07:00,c9_sim,176,4.504,11.361,0.393,16.795,0.019,33.072
2026-09-02T07:49:26.706521+07:00,c9_sim,177,4.952,12.822,0.447,17.321,0.020,35.561
2026-09-02T07:49:26.821153+07:00,c9_sim,178,4.896,16.439,0.587,18.001,0.024,39.947
2026-09-02T07:49:26.936954+07:00,c9_sim,179,5.528,17.453,0.538,18.457,0.044,42.019
2026-09-02T07:49:27.036726+07:00,c9_sim,180,5.155,23.431,0.765,21.619,0.037,51.007
2026-09-02T07:49:27.143254+07:00,c9_sim,181,5.818,27.260,0.621,23.249,0.034,56.982
2026-09-02T07:49:27.246461+07:00,c9_sim,182,5.508,27.746,0.826,23.726,0.034,57.838
2026-09-02T07:49:27.352614+07:00,c9_sim,183,5.846,29.030,0.852,21.860,0.040,57.628
2026-09-02T07:49:27.441711+07:00,c9_sim,184,5.115,16.022,0.560,19.026,0.032,40.756
2026-09-02T07:49:27.528462+07:00,c9_sim,185,5.019,14.855,0.494,18.092,0.024,38.484
2026-09-02T07:49:27.644421+07:00,c9_sim,186,6.083,17.518,0.534,19.406,0.043,43.584
2026-09-02T07:49:27.767464+07:00,c9_sim,187,6.263,23.621,0.921,22.864,0.052,53.722
2026-09-02T07:49:27.863086+07:00,c9_sim,188,5.348,22.599,0.512,19.170,0.022,47.652
2026-09-02T07:49:27.968382+07:00,c9_sim,189,5.095,29.315,0.846,23.432,0.020,58.708
2026-09-02T07:49:28.052857+07:00,c9_sim,190,5.980,14.328,0.513,19.035,0.035,39.890
2026-09-02T07:49:28.223289+07:00,c9_sim,191,7.175,23.479,0.725,72.011,0.043,103.433
2026-09-02T07:49:28.288680+07:00,c9_sim,192,18.214,19.480,0.606,17.756,0.025,56.081
2026-09-02T07:49:28.381767+07:00,c9_sim,193,4.870,20.379,0.513,18.998,0.021,44.781
2026-09-02T07:49:28.477930+07:00,c9_sim,194,4.519,22.766,0.454,20.942,0.021,48.702
2026-09-02T07:49:28.575935+07:00,c9_sim,195,4.716,25.586,0.607,22.769,0.032,53.710
2026-09-02T07:49:28.679455+07:00,c9_sim,196,4.860,27.009,0.579,22.595,0.029,55.071
2026-09-02T07:49:28.813440+07:00,c9_sim,197,5.732,30.624,0.860,24.152,0.022,61.389
2026-09-02T07:49:28.891458+07:00,c9_sim,198,4.965,26.600,0.619,23.109,0.030,55.323
2026-09-02T07:49:28.995235+07:00,c9_sim,199,4.886,27.241,0.568,22.510,0.027,55.232
2026-09-02T07:49:29.099481+07:00,c9_sim,200,5.454,29.421,0.830,23.716,0.028,59.449
2026-09-02T07:49:29.202426+07:00,c9_sim,201,6.524,30.536,0.609,21.798,0.021,59.489
2026-09-02T07:49:29.292645+07:00,c9_sim,202,5.681,19.379,0.436,17.495,0.021,43.011
2026-09-02T07:49:29.417779+07:00,c9_sim,203,6.584,24.734,0.753,22.949,0.021,55.041
2026-09-02T07:49:29.513350+07:00,c9_sim,204,6.613,19.940,0.678,21.813,0.025,49.070
2026-09-02T07:49:29.602492+07:00,c9_sim,205,5.623,17.812,0.499,18.279,0.028,42.241
2026-09-02T07:49:29.734304+07:00,c9_sim,206,6.864,30.118,0.843,22.492,0.020,60.337
2026-09-02T07:49:29.835763+07:00,c9_sim,207,5.211,23.786,0.821,23.387,0.028,53.232
2026-09-02T07:49:29.933725+07:00,c9_sim,208,4.708,24.057,0.594,19.840,0.023,49.223
2026-09-02T07:49:30.034921+07:00,c9_sim,209,4.848,25.530,0.598,21.787,0.025,52.788
2026-09-02T07:49:30.135969+07:00,c9_sim,210,4.766,24.030,0.861,22.424,0.029,52.110
2026-09-02T07:49:30.230408+07:00,c9_sim,211,4.972,28.359,0.603,18.738,0.021,52.693
2026-09-02T07:49:30.338907+07:00,c9_sim,212,6.405,30.275,0.843,24.703,0.044,62.269
2026-09-02T07:49:30.442942+07:00,c9_sim,213,5.839,25.960,0.668,22.879,0.040,55.385
2026-09-02T07:49:30.552494+07:00,c9_sim,214,6.010,30.010,1.075,23.787,0.026,60.907
2026-09-02T07:49:30.634209+07:00,c9_sim,215,5.712,17.232,0.479,18.305,0.022,41.749
2026-09-02T07:49:30.750963+07:00,c9_sim,216,6.935,20.916,0.665,20.928,0.017,49.461
2026-09-02T07:49:30.843744+07:00,c9_sim,217,5.467,20.566,0.475,18.654,0.023,45.185
2026-09-02T07:49:30.960711+07:00,c9_sim,218,6.384,21.496,0.783,18.665,0.022,47.348
2026-09-02T07:49:31.052605+07:00,c9_sim,219,4.897,22.178,0.537,20.793,0.032,48.437
2026-09-02T07:49:31.177873+07:00,c9_sim,220,5.353,23.367,1.199,22.336,0.051,52.305
2026-09-02T07:49:31.281613+07:00,c9_sim,221,4.982,26.644,0.615,22.819,0.033,55.092
2026-09-02T07:49:31.379386+07:00,c9_sim,222,5.009,27.378,0.579,21.814,0.039,54.818
2026-09-02T07:49:31.478424+07:00,c9_sim,223,4.832,25.462,0.585,21.783,0.026,52.688
2026-09-02T07:49:31.580822+07:00,c9_sim,224,4.905,26.583,0.570,22.523,0.040,54.623
2026-09-02T07:49:31.685436+07:00,c9_sim,225,4.751,28.894,0.532,21.467,0.022,55.666
2026-09-02T07:49:31.770829+07:00,c9_sim,226,4.901,17.499,0.487,18.018,0.025,40.930
2026-09-02T07:49:31.895391+07:00,c9_sim,227,5.878,23.223,0.828,25.500,0.040,55.470
2026-09-02T07:49:31.979170+07:00,c9_sim,228,5.325,15.577,0.591,17.993,0.020,39.506
2026-09-02T07:49:32.091827+07:00,c9_sim,229,6.073,23.522,0.446,17.956,0.021,48.018
2026-09-02T07:49:32.192471+07:00,c9_sim,230,6.453,27.644,0.609,19.048,0.032,53.786
2026-09-02T07:49:32.297503+07:00,c9_sim,231,5.154,25.883,0.675,24.170,0.036,55.918
2026-09-02T07:49:32.402333+07:00,c9_sim,232,4.914,27.456,0.952,22.082,0.026,55.430
2026-09-02T07:49:32.492285+07:00,c9_sim,233,4.785,18.071,0.452,18.093,0.019,41.422
2026-09-02T07:49:32.613615+07:00,c9_sim,234,7.287,22.785,0.725,20.588,0.025,51.410
2026-09-02T07:49:32.706458+07:00,c9_sim,235,6.807,20.191,0.994,21.501,0.035,49.527
2026-09-02T07:49:32.799119+07:00,c9_sim,236,5.356,16.548,0.605,22.127,0.022,44.659
2026-09-02T07:49:32.915595+07:00,c9_sim,237,6.193,24.456,0.471,19.661,0.035,50.816
2026-09-02T07:49:33.016600+07:00,c9_sim,238,5.784,25.874,0.630,20.671,0.022,52.981
2026-09-02T07:49:33.149858+07:00,c9_sim,239,6.059,28.583,0.841,28.435,0.049,63.967
2026-09-02T07:49:33.252207+07:00,c9_sim,240,4.833,28.230,1.315,44.960,0.077,79.414
2026-09-02T07:49:33.332675+07:00,c9_sim,241,6.832,28.854,0.935,24.161,0.045,60.827
2026-09-02T07:49:33.433722+07:00,c9_sim,242,4.812,27.286,0.631,23.218,0.050,55.997
2026-09-02T07:49:33.519911+07:00,c9_sim,243,4.870,14.138,0.494,17.984,0.022,37.508
2026-09-02T07:49:33.646769+07:00,c9_sim,244,6.110,23.209,1.803,28.699,0.033,59.854
2026-09-02T07:49:33.734767+07:00,c9_sim,245,4.399,15.642,0.509,19.985,0.029,40.564
2026-09-02T07:49:33.825942+07:00,c9_sim,246,4.532,18.034,0.617,20.364,0.026,43.574
2026-09-02T07:49:33.952517+07:00,c9_sim,247,5.772,24.955,0.873,22.573,0.032,54.204
2026-09-02T07:49:34.058997+07:00,c9_sim,248,4.782,27.149,0.856,24.851,0.034,57.672
2026-09-02T07:49:34.167838+07:00,c9_sim,249,4.675,31.289,0.848,24.377,0.023,61.212
2026-09-02T07:49:34.265772+07:00,c9_sim,250,4.921,21.368,0.656,22.627,0.026,49.598
2026-09-02T07:49:34.348406+07:00,c9_sim,251,5.673,18.379,0.470,18.076,0.021,42.618
2026-09-02T07:49:34.464436+07:00,c9_sim,252,4.873,20.668,0.529,18.606,0.024,44.699
2026-09-02T07:49:34.557369+07:00,c9_sim,253,6.180,17.474,0.495,22.553,0.021,46.724
2026-09-02T07:49:34.691762+07:00,c9_sim,254,6.920,27.027,1.007,26.796,0.022,61.772
2026-09-02T07:49:34.759264+07:00,c9_sim,255,4.727,20.632,0.562,19.128,0.028,45.076
2026-09-02T07:49:34.893053+07:00,c9_sim,256,6.840,30.562,0.942,25.104,0.035,63.483
2026-09-02T07:49:35.005143+07:00,c9_sim,257,4.825,33.393,1.031,25.713,0.035,64.997
2026-09-02T07:49:35.045769+07:00,c9_sim,258,5.168,14.321,0.000,0.000,0.010,19.499
2026-09-02T07:49:35.176191+07:00,c8_sim,57,11.899,32.980,1.555,0.000,0.028,46.463
2026-09-02T07:49:35.296301+07:00,c8_sim,58,14.651,39.155,1.019,0.000,0.019,54.844
2026-09-02T07:49:35.354444+07:00,c8_sim,59,6.905,31.118,0.000,0.000,0.019,38.042
2026-09-02T07:49:35.436880+07:00,c8_sim,60,8.911,30.763,0.921,0.000,0.018,40.613
2026-09-02T07:49:35.545050+07:00,c8_sim,61,14.432,34.232,1.021,0.007,0.291,49.983
2026-09-02T07:49:35.603025+07:00,c8_sim,62,10.507,31.514,0.000,0.000,0.021,42.042
2026-09-02T07:49:35.707954+07:00,c8_sim,63,13.492,33.647,0.000,0.000,0.022,47.162
2026-09-02T07:49:35.792633+07:00,c8_sim,64,11.847,33.185,0.000,0.000,1.248,46.280
2026-09-02T07:49:35.881296+07:00,c8_sim,65,10.142,34.648,0.929,0.006,0.059,45.785
2026-09-02T07:49:35.960965+07:00,c8_sim,66,7.817,34.595,0.000,0.000,0.028,42.440
2026-09-02T07:49:36.116483+07:00,c8_sim,67,8.140,93.875,3.567,0.009,0.034,105.625
2026-09-02T07:49:36.179387+07:00,c8_sim,68,48.134,35.461,1.015,0.005,0.021,84.637
2026-09-02T07:49:36.209916+07:00,c8_sim,69,11.618,29.286,0.000,0.000,0.016,40.920
2026-09-02T07:49:36.292164+07:00,c8_sim,70,7.099,29.091,0.777,0.010,0.024,37.000
2026-09-02T07:49:36.372455+07:00,c8_sim,71,9.057,29.916,0.000,0.000,0.018,38.991
2026-09-02T07:49:36.488238+07:00,c8_sim,72,7.893,36.221,1.468,0.000,0.020,45.601
2026-09-02T07:49:36.567143+07:00,c8_sim,73,8.336,33.592,0.000,0.000,0.017,41.945
2026-09-02T07:49:36.651051+07:00,c8_sim,74,7.190,29.112,0.736,0.000,0.014,37.052
2026-09-02T07:49:36.729557+07:00,c8_sim,75,9.564,31.808,0.000,0.000,0.016,41.388
2026-09-02T07:49:36.811171+07:00,c8_sim,76,12.151,31.621,0.642,0.000,0.010,44.424
2026-09-02T07:49:36.931272+07:00,c8_sim,77,12.630,42.309,0.909,0.008,0.252,56.107
2026-09-02T07:49:37.027048+07:00,c8_sim,78,9.919,39.498,0.518,27.732,0.025,77.692
2026-09-02T07:49:37.102709+07:00,c8_sim,79,7.091,27.492,0.651,21.137,0.019,56.390
2026-09-02T07:49:37.158850+07:00,c8_sim,80,7.094,13.439,0.539,19.031,0.018,40.121
2026-09-02T07:49:37.242063+07:00,c8_sim,81,6.806,14.627,0.668,18.315,0.017,40.434
2026-09-02T07:49:37.332907+07:00,c8_sim,82,7.248,16.837,0.560,0.004,0.013,24.661
2026-09-02T07:49:37.399825+07:00,c8_sim,83,7.476,17.296,0.577,0.004,0.015,25.367
2026-09-02T07:49:37.528576+07:00,c8_sim,84,13.067,23.318,0.791,24.602,0.021,61.797
2026-09-02T07:49:37.597638+07:00,c8_sim,85,6.937,20.196,0.669,20.727,0.031,48.560
2026-09-02T07:49:37.701939+07:00,c8_sim,86,6.903,26.759,0.710,23.150,0.016,57.538
2026-09-02T07:49:37.769104+07:00,c8_sim,87,7.371,15.752,0.682,23.461,0.036,47.302
2026-09-02T07:49:37.834577+07:00,c8_sim,88,8.178,17.755,0.000,0.000,0.016,25.949
2026-09-02T07:49:37.948366+07:00,c8_sim,89,7.163,17.309,0.802,19.180,0.017,44.470
2026-09-02T07:49:38.042671+07:00,c8_sim,90,7.239,21.099,0.706,20.082,0.019,49.145
2026-09-02T07:49:38.134740+07:00,c8_sim,91,7.416,20.951,0.674,19.969,0.017,49.025
2026-09-02T07:49:38.232831+07:00,c8_sim,92,6.836,37.060,1.066,32.083,0.024,77.068
2026-09-02T07:49:38.329570+07:00,c8_sim,93,13.958,33.054,2.754,36.646,0.028,86.440
2026-09-02T07:49:38.402453+07:00,c8_sim,94,9.120,30.685,0.926,37.446,0.064,78.241
2026-09-02T07:49:38.492512+07:00,c8_sim,95,9.923,32.708,0.784,27.824,0.028,71.267
2026-09-02T07:49:38.568243+07:00,c8_sim,96,7.110,27.293,0.706,22.665,0.018,57.792
2026-09-02T07:49:38.629798+07:00,c8_sim,97,6.948,13.194,0.601,20.671,0.033,41.446
2026-09-02T07:49:38.706716+07:00,c8_sim,98,7.057,13.732,0.574,18.793,0.029,40.185
2026-09-02T07:49:38.795792+07:00,c8_sim,99,7.082,16.617,0.546,18.681,0.024,42.950
2026-09-02T07:49:38.866491+07:00,c8_sim,100,7.216,16.916,0.533,0.003,0.013,24.681
2026-09-02T07:49:38.964136+07:00,c8_sim,101,6.879,20.061,0.588,0.004,0.015,27.548
2026-09-02T07:49:39.059185+07:00,c8_sim,102,7.094,22.099,0.664,18.516,0.021,48.393
2026-09-02T07:49:39.152962+07:00,c8_sim,103,6.424,23.817,0.485,19.030,0.022,49.778
2026-09-02T07:49:39.238760+07:00,c8_sim,104,6.787,14.441,0.635,18.024,0.021,39.907
2026-09-02T07:49:39.320682+07:00,c8_sim,105,6.723,14.122,0.612,18.030,0.026,39.513
2026-09-02T07:49:39.403736+07:00,c8_sim,106,6.909,14.841,0.530,18.222,0.026,40.527
2026-09-02T07:49:39.491197+07:00,c8_sim,107,6.753,16.027,0.541,17.996,0.028,41.344
2026-09-02T07:49:39.582258+07:00,c8_sim,108,7.254,19.931,0.629,20.214,0.042,48.070
2026-09-02T07:49:39.674386+07:00,c8_sim,109,7.249,19.850,0.527,18.459,0.026,46.110
2026-09-02T07:49:39.770608+07:00,c8_sim,110,7.058,25.567,0.726,20.938,0.036,54.325
2026-09-02T07:49:39.841009+07:00,c8_sim,111,7.274,16.135,0.623,28.741,0.035,52.808
2026-09-02T07:49:39.922867+07:00,c8_sim,112,7.278,15.972,0.701,21.862,0.038,45.851
2026-09-02T07:49:40.335673+07:00,c8_sim,113,8.651,40.452,1.520,48.656,0.143,99.422
2026-09-02T07:49:40.394361+07:00,c8_sim,114,21.846,30.966,0.843,24.966,0.031,78.653
2026-09-02T07:49:40.458857+07:00,c8_sim,115,25.568,24.773,0.474,35.156,0.098,86.069
2026-09-02T07:49:40.602547+07:00,c8_sim,116,18.356,42.283,8.893,89.471,0.032,159.034
2026-09-02T07:49:40.868660+07:00,c8_sim,117,18.965,136.267,10.292,111.063,0.085,276.671
2026-09-02T07:49:40.918282+07:00,c8_sim,118,7.064,25.869,0.687,21.121,0.027,54.769
2026-09-02T07:49:40.948714+07:00,c8_sim,119,7.308,11.852,0.425,17.165,0.020,36.771
2026-09-02T07:49:40.962199+07:00,c8_sim,120,7.959,12.151,0.433,0.003,0.013,20.559
2026-09-02T07:49:40.995127+07:00,c8_sim,121,101.187,13.278,0.465,17.692,0.020,132.641
2026-09-02T07:49:41.026834+07:00,c8_sim,122,15.993,12.766,0.419,17.636,0.024,46.837
2026-09-02T07:49:41.066120+07:00,c8_sim,123,24.772,16.854,0.487,18.823,0.040,60.977
2026-09-02T07:49:41.115277+07:00,c8_sim,124,7.361,19.472,0.561,25.809,0.039,53.242
2026-09-02T07:49:41.162090+07:00,c8_sim,125,6.620,16.355,0.800,28.207,0.052,52.034
2026-09-02T07:49:41.255146+07:00,c8_sim,126,7.801,25.509,1.543,64.017,0.039,98.909
2026-09-02T07:49:41.514309+07:00,c8_sim,127,10.209,62.339,5.193,170.923,0.039,248.704
2026-09-02T07:49:41.577067+07:00,c8_sim,128,22.894,61.217,0.000,0.000,0.025,84.136
2026-09-02T07:49:41.577181+07:00,c10_sim,1,56.429,61.217,0.000,0.000,0.003,117.649
2026-09-02T07:49:41.604605+07:00,c10_sim,2,7.333,27.044,0.000,0.000,0.006,34.383
2026-09-02T07:49:41.738933+07:00,c10_sim,3,7.055,18.380,0.000,0.000,0.007,25.441
2026-09-02T07:49:41.896627+07:00,c10_sim,4,6.712,30.247,0.000,0.000,0.016,36.975
2026-09-02T07:49:42.051256+07:00,c10_sim,5,8.898,34.039,0.000,0.000,0.010,42.948
2026-09-02T07:49:42.178051+07:00,c10_sim,6,8.303,31.870,0.000,0.000,0.008,40.181
2026-09-02T07:49:42.410108+07:00,c10_sim,7,6.662,29.283,1.153,73.179,0.368,110.643
2026-09-02T07:49:42.492349+07:00,c10_sim,8,7.545,32.698,0.878,24.058,0.028,65.207
2026-09-02T07:49:42.654051+07:00,c10_sim,9,7.168,28.564,0.838,26.829,0.033,63.432
2026-09-02T07:49:42.778796+07:00,c10_sim,10,6.062,29.032,0.647,23.331,0.027,59.099
2026-09-02T07:49:42.914509+07:00,c10_sim,11,7.011,24.058,0.500,21.187,0.020,52.777
2026-09-02T07:49:43.066258+07:00,c10_sim,12,5.696,27.228,1.281,25.422,0.038,59.665
2026-09-02T07:49:43.219537+07:00,c10_sim,13,6.786,30.155,1.331,24.883,0.019,63.174
2026-09-02T07:49:43.377844+07:00,c10_sim,14,6.111,28.232,0.862,24.342,0.033,59.580
2026-09-02T07:49:43.535465+07:00,c10_sim,15,6.183,28.787,0.772,47.993,0.107,83.842
2026-09-02T07:49:43.662495+07:00,c10_sim,16,7.764,22.972,0.621,52.374,0.041,83.773
2026-09-02T07:49:43.794472+07:00,c10_sim,17,7.392,19.200,0.900,42.105,0.023,69.620
2026-09-02T07:49:43.966386+07:00,c10_sim,18,7.537,27.985,0.769,47.233,0.029,83.552
2026-09-02T07:49:44.117202+07:00,c10_sim,19,6.569,28.386,0.723,46.763,0.029,82.469
2026-09-02T07:49:44.220661+07:00,c10_sim,20,6.106,14.697,0.605,37.052,0.021,58.481
2026-09-02T07:49:44.369390+07:00,c10_sim,21,7.474,18.060,0.718,37.541,0.027,63.820
2026-09-02T07:49:44.536848+07:00,c10_sim,22,6.371,29.093,0.870,38.271,0.030,74.636
2026-09-02T07:49:44.663013+07:00,c10_sim,23,7.361,15.584,0.556,35.848,0.048,59.398
2026-09-02T07:49:44.832824+07:00,c10_sim,24,6.364,27.241,0.880,47.258,0.039,81.781
2026-09-02T07:49:44.953220+07:00,c10_sim,25,6.157,27.087,0.680,38.826,0.025,72.776
2026-09-02T07:49:45.128744+07:00,c10_sim,26,6.315,27.948,0.852,46.807,0.040,81.962
2026-09-02T07:49:45.245351+07:00,c10_sim,27,6.093,26.005,0.590,41.615,0.040,74.343
2026-09-02T07:49:45.377481+07:00,c10_sim,28,6.170,18.675,0.710,41.081,0.030,66.667
2026-09-02T07:49:45.551201+07:00,c10_sim,29,6.373,28.066,0.872,47.188,0.032,82.531
2026-09-02T07:49:45.682321+07:00,c10_sim,30,6.485,16.742,0.595,36.187,0.027,60.036
2026-09-02T07:49:45.816469+07:00,c10_sim,31,6.340,15.792,0.658,38.262,0.030,61.081
2026-09-02T07:49:45.970309+07:00,c10_sim,32,6.107,17.758,0.547,39.068,0.035,63.515
2026-09-02T07:49:46.112320+07:00,c10_sim,33,7.629,22.274,0.727,40.244,0.043,70.916
2026-09-02T07:49:46.283083+07:00,c10_sim,34,6.661,27.143,0.715,46.655,0.045,81.220
2026-09-02T07:49:46.404806+07:00,c10_sim,35,6.233,28.406,0.747,40.255,0.027,75.667
2026-09-02T07:49:46.527478+07:00,c10_sim,36,7.099,14.718,0.639,37.756,0.035,60.246
2026-09-02T07:49:46.700275+07:00,c10_sim,37,6.279,27.046,0.670,43.530,0.030,77.556
2026-09-02T07:49:46.838461+07:00,c10_sim,38,6.038,22.580,0.694,39.249,0.044,68.605
2026-09-02T07:49:46.958875+07:00,c10_sim,39,5.961,23.910,0.665,21.120,0.033,51.689
2026-09-02T07:49:47.110086+07:00,c10_sim,40,6.154,26.954,0.638,22.224,0.029,56.000
2026-09-02T07:49:47.263173+07:00,c10_sim,41,6.296,27.698,0.770,23.309,0.048,58.121
2026-09-02T07:49:47.417855+07:00,c10_sim,42,6.020,27.756,0.714,47.378,0.030,81.898
2026-09-02T07:49:47.550472+07:00,c10_sim,43,6.519,15.407,0.612,37.344,0.029,59.912
2026-09-02T07:49:47.683046+07:00,c10_sim,44,5.972,16.086,0.609,37.074,0.029,59.770
2026-09-02T07:49:47.835972+07:00,c10_sim,45,6.117,26.968,0.711,21.238,0.027,55.062
2026-09-02T07:49:47.928971+07:00,c10_sim,46,6.103,15.404,0.757,0.004,0.014,22.282
2026-09-02T07:49:48.105126+07:00,c10_sim,47,10.629,31.388,0.000,0.000,0.020,42.037
2026-09-02T07:49:48.226887+07:00,c10_sim,48,6.053,26.775,0.000,0.000,0.016,32.844
2026-09-02T07:49:48.388990+07:00,c10_sim,49,10.111,31.801,0.658,0.005,0.019,42.593
2026-09-02T07:49:48.535182+07:00,c10_sim,50,9.646,30.677,0.000,0.000,0.015,40.338
2026-09-02T07:49:48.687149+07:00,c10_sim,51,10.045,31.674,1.198,0.006,0.023,42.945
2026-09-02T07:49:48.808102+07:00,c10_sim,52,6.624,28.045,0.805,0.008,0.020,35.502
2026-09-02T07:49:48.958635+07:00,c10_sim,53,9.413,29.624,0.824,0.008,0.019,39.888
2026-09-02T07:49:49.111971+07:00,c10_sim,54,8.021,29.524,0.651,0.005,0.015,38.215
2026-09-02T07:49:49.248123+07:00,c10_sim,55,8.743,31.443,0.644,0.008,0.016,40.854
2026-09-02T07:49:49.403191+07:00,c10_sim,56,9.845,31.074,0.000,0.000,0.014,40.934
2026-09-02T07:49:49.536842+07:00,c10_sim,57,9.431,32.056,1.005,0.006,0.021,42.519
2026-09-02T07:49:49.687526+07:00,c10_sim,58,7.661,27.298,0.000,0.000,0.013,34.972
2026-09-02T07:49:49.840882+07:00,c12_sim,1,6.269,29.405,0.374,23.333,0.087,59.467
2026-09-02T07:49:49.989586+07:00,c12_sim,2,6.570,29.419,0.610,22.715,0.026,59.340
2026-09-02T07:49:50.136157+07:00,c12_sim,3,5.414,29.383,0.573,19.955,0.020,55.345
2026-09-02T07:49:50.224841+07:00,c12_sim,4,5.660,15.127,0.000,0.000,0.011,20.799
2026-09-02T07:49:50.401361+07:00,c12_sim,5,9.664,31.125,0.596,21.377,0.015,62.777
2026-09-02T07:49:50.551838+07:00,c12_sim,6,5.473,27.588,0.538,20.852,0.019,54.470
2026-09-02T07:49:50.662693+07:00,c12_sim,7,5.758,15.343,0.565,17.626,0.016,39.308
2026-09-02T07:49:50.809107+07:00,c12_sim,8,5.859,26.939,0.591,21.930,0.030,55.349
2026-09-02T07:49:50.967892+07:00,c12_sim,9,5.649,28.556,5.462,22.396,0.019,62.083
2026-09-02T07:49:51.079801+07:00,c12_sim,10,5.672,16.026,0.519,18.329,0.018,40.564
2026-09-02T07:49:51.217051+07:00,c12_sim,11,6.122,16.529,0.598,18.185,0.018,41.452
2026-09-02T07:49:51.351678+07:00,c12_sim,12,5.663,18.543,0.614,18.989,0.024,43.833
2026-09-02T07:49:51.502383+07:00,c12_sim,13,5.573,27.157,0.592,20.401,0.017,53.739
2026-09-02T07:49:51.639030+07:00,c12_sim,14,7.898,21.217,0.700,19.377,0.027,49.219
2026-09-02T07:49:51.778098+07:00,c12_sim,15,8.002,21.327,0.592,17.936,0.017,47.874
2026-09-02T07:49:51.926868+07:00,c12_sim,16,6.977,28.587,0.635,22.114,0.024,58.336
2026-09-02T07:49:52.082573+07:00,c12_sim,17,8.522,34.248,0.661,28.583,0.038,72.051
2026-09-02T07:49:52.209294+07:00,c12_sim,18,6.367,30.960,0.864,24.673,0.085,62.948
2026-09-02T07:49:52.341588+07:00,c12_sim,19,6.298,29.827,0.959,24.150,0.050,61.285
2026-09-02T07:49:52.470532+07:00,c12_sim,20,6.196,29.724,0.674,20.750,0.027,57.371
2026-09-02T07:49:52.606170+07:00,c12_sim,21,6.073,17.170,0.617,28.061,0.053,51.974
2026-09-02T07:49:52.835587+07:00,c12_sim,22,6.888,58.345,3.437,66.722,0.047,135.439
2026-09-02T07:49:52.869812+07:00,c12_sim,23,9.955,13.244,0.000,0.000,0.010,23.209
2026-09-02T07:49:53.017014+07:00,c12_sim,24,5.580,21.505,0.000,0.000,0.021,27.106
2026-09-02T07:49:53.147062+07:00,c12_sim,25,7.665,29.202,0.000,0.000,0.016,36.882
2026-09-02T07:49:53.300347+07:00,c12_sim,26,6.787,36.371,1.569,0.000,0.018,44.745
2026-09-02T07:49:53.434002+07:00,c12_sim,27,6.553,33.709,0.821,0.000,0.021,41.104
2026-09-02T07:49:53.568991+07:00,c12_sim,28,6.881,39.353,0.865,0.000,0.017,47.116
2026-09-02T07:49:53.721961+07:00,c12_sim,29,7.271,34.244,0.000,0.000,0.023,41.537
2026-09-02T07:49:53.855421+07:00,c12_sim,30,8.697,33.948,0.773,0.012,0.186,43.615
2026-09-02T07:49:53.983787+07:00,c12_sim,31,8.804,31.918,0.000,0.000,0.023,40.744
2026-09-02T07:49:54.141013+07:00,c11_sim,1,6.243,35.340,0.000,0.000,0.014,41.597
2026-09-02T07:49:54.253184+07:00,c11_sim,2,6.632,46.011,0.000,0.000,0.010,52.654
2026-09-02T07:49:54.375889+07:00,c11_sim,3,7.467,37.074,0.000,0.000,0.025,44.566
2026-09-02T07:49:54.499461+07:00,c11_sim,4,10.694,33.984,0.000,0.000,0.026,44.704
2026-09-02T07:49:54.677587+07:00,c11_sim,5,11.811,32.360,2.194,49.637,0.099,96.102
2026-09-02T07:49:54.756189+07:00,c11_sim,6,6.579,31.723,1.123,23.831,0.028,63.284
2026-09-02T07:49:54.868147+07:00,c11_sim,7,7.984,36.585,0.694,23.253,0.024,68.541
2026-09-02T07:49:54.956110+07:00,c11_sim,8,6.540,16.403,0.000,0.000,0.016,22.958
2026-09-02T07:49:55.078572+07:00,c11_sim,9,6.941,28.282,0.000,0.000,0.021,35.243
2026-09-02T07:49:55.228758+07:00,c11_sim,10,6.869,30.523,0.715,25.100,0.030,63.237
2026-09-02T07:49:55.348668+07:00,c11_sim,11,8.498,29.113,0.794,24.916,0.029,63.351
2026-09-02T07:49:55.448367+07:00,c11_sim,12,9.023,14.883,0.502,18.102,0.019,42.528
2026-09-02T07:49:55.594902+07:00,c11_sim,13,6.660,27.605,0.660,21.915,0.038,56.878
2026-09-02T07:49:55.718177+07:00,c11_sim,14,6.425,29.741,0.880,22.993,0.024,60.063
2026-09-02T07:49:55.800018+07:00,c11_sim,15,6.414,17.144,0.491,18.105,0.020,42.175
2026-09-02T07:49:55.951963+07:00,c11_sim,16,6.164,28.159,0.719,21.696,0.021,56.758
2026-09-02T07:49:56.057038+07:00,c11_sim,17,6.250,15.403,0.762,22.066,0.026,44.507
2026-09-02T07:49:56.176623+07:00,c11_sim,18,8.520,28.628,0.000,0.000,0.017,37.164
2026-09-02T07:49:56.262731+07:00,c11_sim,19,7.158,16.898,0.000,0.000,0.011,24.067
2026-09-02T07:49:56.412562+07:00,c11_sim,20,8.879,36.507,0.000,0.000,0.022,45.408
2026-09-02T07:49:56.532724+07:00,c11_sim,21,6.467,29.479,0.000,0.000,0.020,35.965
2026-09-02T07:49:56.658348+07:00,c11_sim,22,7.338,30.061,0.000,0.000,0.035,37.434
2026-09-02T07:49:56.763849+07:00,c11_sim,23,8.099,31.524,0.000,0.000,0.017,39.640
2026-09-02T07:49:56.889521+07:00,c11_sim,24,10.150,34.153,0.000,0.000,0.014,44.317
2026-09-02T07:49:57.018377+07:00,c11_sim,25,7.257,34.277,0.000,0.000,0.032,41.565
2026-09-02T07:49:57.118867+07:00,c11_sim,26,6.668,31.013,0.000,0.000,0.017,37.698
2026-09-02T07:49:57.278519+07:00,c11_sim,27,10.635,32.886,4.833,27.005,0.033,75.392
2026-09-02T07:49:57.353000+07:00,c11_sim,28,6.238,27.444,0.000,0.000,0.015,33.697
2026-09-02T07:49:57.475814+07:00,c11_sim,29,6.193,27.198,0.000,0.000,0.015,33.406
2026-09-02T07:49:57.602059+07:00,c11_sim,30,10.049,32.057,0.000,0.000,0.017,42.123
2026-09-02T07:49:57.755274+07:00,c11_sim,31,9.015,58.691,0.000,0.000,0.010,67.716
2026-09-02T07:49:57.828782+07:00,c11_sim,32,5.749,23.275,0.000,0.000,0.010,29.034
2026-09-02T07:49:58.009532+07:00,c11_sim,33,9.917,33.361,0.845,24.119,0.046,68.288
2026-09-02T07:49:58.113432+07:00,c11_sim,34,6.263,27.674,0.666,24.210,0.026,58.839
2026-09-02T07:49:58.218601+07:00,c11_sim,35,7.091,15.070,0.554,21.041,0.024,43.781
2026-09-02T07:49:58.335651+07:00,c11_sim,36,6.937,17.364,0.547,24.971,0.027,49.847
2026-09-02T07:49:58.485322+07:00,c11_sim,37,29.191,24.899,1.085,19.405,0.081,74.659
2026-09-02T07:49:58.568624+07:00,c11_sim,38,6.095,14.691,0.523,18.949,0.030,40.289
2026-09-02T07:49:58.700563+07:00,c11_sim,39,6.720,20.788,0.526,20.168,0.047,48.249
2026-09-02T07:49:58.818527+07:00,c11_sim,40,7.188,18.607,0.577,21.966,0.046,48.383
2026-09-02T07:49:58.931178+07:00,c11_sim,41,7.006,21.012,0.635,21.183,0.031,49.866
2026-09-02T07:49:59.081833+07:00,c11_sim,42,7.423,29.130,0.841,24.767,0.056,62.217
2026-09-02T07:49:59.184417+07:00,c11_sim,43,8.697,30.048,0.915,24.693,0.058,64.410
2026-09-02T07:49:59.295370+07:00,c11_sim,44,6.496,18.650,0.890,20.829,0.036,46.902
2026-09-02T07:49:59.413157+07:00,c11_sim,45,7.654,25.527,0.597,20.389,0.029,54.196
2026-09-02T07:49:59.528508+07:00,c11_sim,46,6.537,26.600,0.564,18.909,0.036,52.645
2026-09-02T07:49:59.677976+07:00,c11_sim,47,7.161,29.006,0.820,29.238,0.049,66.275
2026-09-02T07:49:59.803599+07:00,c11_sim,48,9.214,31.214,1.109,27.329,0.075,68.940
2026-09-02T07:49:59.888877+07:00,c11_sim,49,7.399,15.081,0.501,18.523,0.027,41.531
2026-09-02T07:50:00.000850+07:00,c11_sim,50,6.920,17.019,0.526,18.312,0.027,42.804
2026-09-02T07:50:00.138544+07:00,c11_sim,51,8.363,23.097,0.614,21.948,0.037,54.059
2026-09-02T07:50:00.260488+07:00,c11_sim,52,6.480,25.370,0.629,24.184,0.041,56.704
2026-09-02T07:50:00.385012+07:00,c11_sim,53,6.957,31.298,0.764,29.918,0.062,68.998
2026-09-02T07:50:00.515705+07:00,c11_sim,54,15.814,32.236,0.713,24.747,0.064,73.575
2026-09-02T07:50:00.651847+07:00,c11_sim,55,7.266,30.155,1.456,34.215,0.084,73.176
2026-09-02T07:50:00.751173+07:00,c11_sim,56,6.906,28.114,0.691,22.615,0.027,58.354
2026-09-02T07:50:00.835071+07:00,c11_sim,57,6.029,14.283,0.463,18.208,0.032,39.013
2026-09-02T07:50:00.985640+07:00,c11_sim,58,7.760,28.799,0.701,21.614,0.031,58.905
2026-09-02T07:50:01.094618+07:00,c11_sim,59,6.681,17.180,0.552,19.739,0.026,44.177
2026-09-02T07:50:01.206641+07:00,c11_sim,60,6.232,16.228,0.660,19.579,0.046,42.744
2026-09-02T07:50:01.360923+07:00,c11_sim,61,8.427,36.127,0.679,23.269,0.111,68.613
2026-09-02T07:50:01.459211+07:00,c11_sim,62,7.079,26.656,0.446,20.263,0.025,54.469
2026-09-02T07:50:01.584516+07:00,c11_sim,63,5.842,26.231,0.536,21.943,0.026,54.578
2026-09-02T07:50:01.695767+07:00,c11_sim,64,6.466,16.046,0.622,18.941,0.026,42.100
2026-09-02T07:50:01.807609+07:00,c11_sim,65,6.143,15.800,0.712,18.636,0.028,41.318
2026-09-02T07:50:01.900482+07:00,c11_sim,66,5.938,17.479,0.000,0.000,0.016,23.434
2026-09-02T07:50:02.069158+07:00,c11_sim,67,7.777,28.416,0.938,23.561,0.037,60.729
2026-09-02T07:50:02.176576+07:00,c11_sim,68,6.689,15.741,0.569,18.330,0.028,41.357
2026-09-02T07:50:02.299256+07:00,c11_sim,69,6.455,17.355,1.287,29.237,0.039,54.373
2026-09-02T07:50:02.450440+07:00,c11_sim,70,15.966,28.892,0.877,27.147,0.057,72.939
2026-09-02T07:50:02.556601+07:00,c11_sim,71,6.469,25.106,0.807,29.000,0.046,61.428
2026-09-02T07:50:02.677498+07:00,c11_sim,72,6.546,28.714,0.889,43.629,0.045,79.824
2026-09-02T07:50:02.833134+07:00,c11_sim,73,13.608,38.325,0.598,50.052,0.091,102.674
2026-09-02T07:50:02.960783+07:00,c11_sim,74,7.615,22.543,1.171,82.109,0.036,113.475
2026-09-02T07:50:03.020227+07:00,c11_sim,75,6.197,14.069,0.603,43.785,0.028,64.683
2026-09-02T07:50:03.229004+07:00,c11_sim,76,8.998,35.662,2.276,99.755,0.042,146.733
2026-09-02T07:50:03.347412+07:00,c11_sim,77,10.953,47.097,2.068,66.348,0.030,126.497
2026-09-02T07:50:03.432808+07:00,c11_sim,78,9.417,41.686,1.518,39.106,0.033,91.760
2026-09-02T07:50:03.544915+07:00,c11_sim,79,5.888,26.681,0.942,58.344,0.043,91.899
2026-09-02T07:50:03.644578+07:00,c11_sim,80,6.182,24.039,0.611,52.622,0.029,83.484
2026-09-02T07:50:03.785152+07:00,c11_sim,81,5.930,32.721,1.049,53.952,0.035,93.687
2026-09-02T07:50:03.880199+07:00,c11_sim,82,6.314,16.446,0.739,53.478,0.114,77.091
2026-09-02T07:50:03.991278+07:00,c11_sim,83,6.587,19.117,0.732,42.210,0.033,68.679
2026-09-02T07:50:04.132614+07:00,c11_sim,84,6.445,27.655,0.616,40.815,0.030,75.562
2026-09-02T07:50:04.229421+07:00,c11_sim,85,6.353,23.127,0.783,46.226,0.040,76.529
2026-09-02T07:50:04.380985+07:00,c11_sim,86,6.741,29.328,0.810,48.377,0.059,85.316
2026-09-02T07:50:04.483260+07:00,c11_sim,87,6.015,28.064,0.750,46.927,0.044,81.800
2026-09-02T07:50:04.584111+07:00,c11_sim,88,6.162,14.765,0.660,36.863,0.031,58.480
2026-09-02T07:50:04.713113+07:00,c11_sim,89,6.108,16.661,0.623,35.970,0.042,59.404
2026-09-02T07:50:04.819048+07:00,c11_sim,90,6.109,16.787,0.606,37.135,0.050,60.686
2026-09-02T07:50:04.963641+07:00,c11_sim,91,6.319,27.817,0.891,39.942,0.040,75.008
2026-09-02T07:50:05.085542+07:00,c11_sim,92,6.179,27.487,0.739,41.524,0.029,75.958
2026-09-02T07:50:05.186248+07:00,c11_sim,93,6.055,13.979,0.578,36.803,0.032,57.447
2026-09-02T07:50:05.313763+07:00,c11_sim,94,6.308,15.571,0.636,38.930,0.033,61.479
2026-09-02T07:50:05.472936+07:00,c11_sim,95,8.014,28.870,0.985,79.578,0.031,117.477
2026-09-02T07:50:05.562458+07:00,c11_sim,96,8.315,22.498,0.601,43.523,0.034,74.972
2026-09-02T07:50:05.685646+07:00,c11_sim,97,5.963,27.439,0.772,43.978,0.035,78.188
2026-09-02T07:50:05.787668+07:00,c11_sim,98,6.076,13.951,0.641,36.436,0.036,57.140
2026-09-02T07:50:05.890558+07:00,c11_sim,99,6.090,14.019,0.603,36.860,0.032,57.604
2026-09-02T07:50:06.021737+07:00,c11_sim,100,6.280,16.614,0.556,36.760,0.034,60.243
2026-09-02T07:50:06.150094+07:00,c11_sim,101,5.950,17.574,0.625,36.590,0.049,60.788
2026-09-02T07:50:06.324144+07:00,c11_sim,102,6.091,26.972,1.432,73.286,0.072,107.853
2026-09-02T07:50:06.563388+07:00,c11_sim,103,10.013,29.091,0.847,206.611,0.131,246.693
2026-09-02T07:50:06.638779+07:00,c11_sim,104,10.665,30.101,1.018,42.560,0.036,84.381
2026-09-02T07:50:06.694046+07:00,c11_sim,105,12.677,14.595,0.661,38.862,0.030,66.827
2026-09-02T07:50:06.743670+07:00,c11_sim,106,5.518,12.185,0.615,35.859,0.027,54.205
2026-09-02T07:50:06.869696+07:00,c11_sim,107,6.006,16.378,0.750,36.826,0.030,59.991
2026-09-02T07:50:07.026486+07:00,c11_sim,108,5.915,20.442,3.760,81.943,0.157,112.217
2026-09-02T07:50:07.126584+07:00,c11_sim,109,6.299,25.646,2.142,44.689,0.044,78.821
2026-09-02T07:50:07.249253+07:00,c11_sim,110,5.848,27.865,0.738,47.889,0.054,82.395
2026-09-02T07:50:07.367893+07:00,c11_sim,111,6.810,28.017,0.737,46.049,0.032,81.645
2026-09-02T07:50:07.468339+07:00,c11_sim,112,6.122,16.046,0.597,36.498,0.032,59.296
2026-09-02T07:50:07.596996+07:00,c11_sim,113,6.148,16.040,0.613,36.729,0.055,59.584
2026-09-02T07:50:07.701702+07:00,c11_sim,114,6.131,16.976,0.546,36.850,0.048,60.551
2026-09-02T07:50:07.847063+07:00,c11_sim,115,6.095,23.092,0.975,44.474,0.060,74.696
2026-09-02T07:50:07.970927+07:00,c11_sim,116,7.597,28.523,0.799,46.220,0.032,83.171
2026-09-02T07:50:08.077321+07:00,c11_sim,117,6.491,14.850,0.636,39.904,0.036,61.917
2026-09-02T07:50:08.185747+07:00,c11_sim,118,6.366,14.682,0.640,45.101,0.048,66.836
2026-09-02T07:50:08.410574+07:00,c11_sim,119,7.916,34.069,2.381,116.077,0.049,160.491
2026-09-02T07:50:08.536088+07:00,c11_sim,120,13.193,54.963,1.880,66.046,0.066,136.148
2026-09-02T07:50:08.591601+07:00,c11_sim,121,9.585,13.854,0.620,39.707,0.038,63.805
2026-09-02T07:50:08.677771+07:00,c11_sim,122,6.882,16.589,0.601,45.778,0.048,69.898
2026-09-02T07:50:08.799471+07:00,c11_sim,123,7.464,17.600,0.981,51.489,0.052,77.585
2026-09-02T07:50:08.945161+07:00,c11_sim,124,8.532,22.348,0.832,75.996,0.070,107.778
2026-09-02T07:50:09.075920+07:00,c11_sim,125,11.541,45.891,1.160,60.471,0.078,119.140
2026-09-02T07:50:09.187888+07:00,c11_sim,126,6.698,38.264,1.096,46.599,0.037,92.694
2026-09-02T07:50:09.282518+07:00,c11_sim,127,6.204,15.673,0.711,55.851,0.037,78.477
2026-09-02T07:50:09.397299+07:00,c11_sim,128,6.218,17.129,0.647,50.211,0.037,74.242
2026-09-02T07:50:09.553388+07:00,c11_sim,129,7.910,44.707,1.077,59.366,0.045,113.105
2026-09-02T07:50:09.667354+07:00,c11_sim,130,6.607,17.123,0.691,69.546,0.054,94.022
2026-09-02T07:50:09.751835+07:00,c11_sim,131,7.996,19.151,0.862,42.421,0.062,70.491
2026-09-02T07:50:09.879720+07:00,c11_sim,132,6.869,32.752,1.582,46.181,0.049,87.432
2026-09-02T07:50:09.986734+07:00,c11_sim,133,6.191,31.440,1.176,23.951,0.036,62.794
2026-09-02T07:50:10.088783+07:00,c11_sim,134,6.191,17.494,0.565,21.581,0.029,45.859
2026-09-02T07:50:10.196846+07:00,c11_sim,135,6.205,16.479,0.735,21.199,0.035,44.654
2026-09-02T07:50:10.339146+07:00,c11_sim,136,6.691,25.788,0.638,24.611,0.299,58.027
2026-09-02T07:50:10.454886+07:00,c11_sim,137,7.117,18.968,2.277,26.074,0.063,54.499
2026-09-02T07:50:10.600774+07:00,c11_sim,138,10.962,37.614,1.589,40.069,0.068,90.303
2026-09-02T07:50:10.703560+07:00,c11_sim,139,6.903,25.801,0.644,24.946,0.047,58.342
2026-09-02T07:50:10.821908+07:00,c11_sim,140,5.789,42.278,0.000,0.000,0.062,48.129
2026-09-02T07:50:10.929186+07:00,c11_sim,141,8.310,37.843,0.000,0.000,0.018,46.171
2026-09-02T07:50:11.051642+07:00,c11_sim,142,7.748,24.820,0.798,20.693,0.033,54.091
2026-09-02T07:50:11.161112+07:00,c11_sim,143,6.191,18.017,0.788,20.191,0.028,45.216
2026-09-02T07:50:11.300941+07:00,c11_sim,144,6.568,18.954,0.869,28.785,0.043,55.219
2026-09-02T07:50:11.446462+07:00,c11_sim,145,6.101,21.810,0.731,51.808,0.204,80.654
2026-09-02T07:50:11.576516+07:00,c11_sim,146,7.831,22.566,0.808,56.835,0.052,88.091
2026-09-02T07:50:11.688088+07:00,c11_sim,147,6.347,27.732,0.835,55.198,0.819,90.931
2026-09-02T07:50:11.972439+07:00,c11_sim,148,11.216,29.372,1.238,206.337,0.124,248.287
2026-09-02T07:50:12.041859+07:00,c11_sim,149,87.896,19.483,0.861,47.771,0.043,156.053
2026-09-02T07:50:12.115939+07:00,c11_sim,150,12.192,33.176,1.848,37.013,0.259,84.488
2026-09-02T07:50:12.178480+07:00,c11_sim,151,8.172,33.068,1.211,25.979,0.051,68.482
2026-09-02T07:50:12.250898+07:00,c11_sim,152,8.999,23.543,0.630,24.057,0.031,57.260
2026-09-02T07:50:12.360268+07:00,c11_sim,153,6.523,19.131,0.659,24.849,0.044,51.206
2026-09-02T07:50:12.571788+07:00,c11_sim,154,9.008,38.397,1.738,79.301,0.153,128.598
2026-09-02T07:50:12.637770+07:00,c11_sim,155,8.732,33.428,0.887,29.859,0.045,72.952
2026-09-02T07:50:12.796586+07:00,c11_sim,156,9.548,37.133,0.980,73.016,0.048,120.725
2026-09-02T07:50:12.874457+07:00,c11_sim,157,6.668,29.611,0.942,45.196,0.070,82.486
2026-09-02T07:50:12.987096+07:00,c11_sim,158,7.504,30.446,1.611,32.638,0.078,72.277
2026-09-02T07:50:13.181273+07:00,c11_sim,159,9.451,53.003,5.728,61.319,0.156,129.656
2026-09-02T07:50:13.242860+07:00,c11_sim,160,9.748,34.014,1.179,24.582,0.050,69.573
2026-09-02T07:50:13.404389+07:00,c11_sim,161,14.298,38.404,2.673,76.195,0.059,131.629
2026-09-02T07:50:13.516953+07:00,c11_sim,162,8.167,36.870,2.775,70.549,0.069,118.431
2026-09-02T07:50:13.551527+07:00,c11_sim,163,8.478,29.895,2.791,0.009,0.080,41.253
2026-09-02T07:50:13.682377+07:00,c11_sim,164,6.397,36.078,1.310,0.007,0.026,43.817
2026-09-02T07:50:13.809263+07:00,c11_sim,165,9.909,30.828,3.120,0.019,0.034,43.909
2026-09-02T07:50:13.914661+07:00,c11_sim,166,6.813,30.375,0.955,0.008,0.024,38.174
2026-09-02T07:50:14.061201+07:00,c11_sim,167,7.515,21.021,0.728,27.979,0.048,57.290
2026-09-02T07:50:14.170559+07:00,c11_sim,168,9.084,19.945,0.918,24.205,0.029,54.181
2026-09-02T07:50:14.309680+07:00,c11_sim,169,7.743,17.934,0.827,47.890,0.027,74.421
2026-09-02T07:50:14.442522+07:00,c11_sim,170,6.332,24.373,0.716,59.429,0.048,90.899
2026-09-02T07:50:14.520352+07:00,c11_sim,171,14.575,29.126,0.794,0.005,0.018,44.518
2026-09-02T07:50:14.621077+07:00,c11_sim,172,9.760,27.184,0.761,0.003,0.015,37.723
2026-09-02T07:50:14.754105+07:00,c11_sim,173,6.007,31.363,1.104,0.011,0.031,38.516
2026-09-02T07:50:14.861028+07:00,c11_sim,174,6.929,29.918,0.840,0.006,0.024,37.717
2026-09-02T07:50:14.992501+07:00,c11_sim,175,7.968,30.283,0.740,0.005,0.022,39.018
2026-09-02T07:50:15.116948+07:00,c11_sim,176,8.268,33.407,0.791,0.006,0.027,42.499
2026-09-02T07:50:15.237641+07:00,c11_sim,177,7.609,29.394,0.718,0.005,0.022,37.749
2026-09-02T07:50:15.359036+07:00,c11_sim,178,6.464,29.350,0.698,0.006,0.022,36.539
2026-09-02T07:50:15.500253+07:00,c11_sim,179,8.226,45.204,0.986,0.015,0.062,54.492
2026-09-02T07:50:15.625696+07:00,c11_sim,180,10.800,53.441,0.850,0.004,0.019,65.114
2026-09-02T07:50:15.705590+07:00,c11_sim,181,10.275,26.256,1.621,0.004,0.021,38.176
2026-09-02T07:50:15.817183+07:00,c11_sim,182,6.499,18.511,0.700,0.005,0.020,25.734
2026-09-02T07:50:15.939522+07:00,c11_sim,183,6.537,28.735,0.733,0.005,0.021,36.031
2026-09-02T07:50:16.064314+07:00,c11_sim,184,6.487,22.855,0.631,0.005,0.018,29.995
2026-09-02T07:50:16.189712+07:00,c11_sim,185,6.583,21.530,1.205,0.005,9.340,38.665
2026-09-02T07:50:16.331970+07:00,c11_sim,186,6.709,53.771,1.150,0.005,0.048,61.682
2026-09-02T07:50:16.438238+07:00,c11_sim,187,7.166,33.135,0.746,0.005,0.021,41.072
2026-09-02T07:50:16.582330+07:00,c11_sim,188,7.649,45.413,1.331,0.006,0.024,54.424
2026-09-02T07:50:16.672953+07:00,c11_sim,189,6.562,39.906,0.747,0.006,0.021,47.241
2026-09-02T07:50:16.804570+07:00,c11_sim,190,6.157,34.662,0.632,0.004,0.018,41.472
2026-09-02T07:50:16.902970+07:00,c11_sim,191,6.397,20.608,0.776,0.006,0.023,27.808
2026-09-02T07:50:17.027562+07:00,c11_sim,192,7.632,23.128,1.317,0.006,0.026,32.109
2026-09-02T07:50:17.154480+07:00,c11_sim,193,7.358,34.046,1.268,0.011,0.031,42.714
2026-09-02T07:50:17.317684+07:00,c11_sim,194,6.580,52.189,2.247,0.048,0.170,61.235
2026-09-02T07:50:17.400796+07:00,c11_sim,195,10.064,33.279,1.055,0.005,0.023,44.426
2026-09-02T07:50:17.501921+07:00,c11_sim,196,6.293,29.603,0.728,0.006,0.019,36.649
2026-09-02T07:50:17.624744+07:00,c11_sim,197,7.913,30.034,0.000,0.000,0.017,37.964
2026-09-02T07:50:17.760139+07:00,c11_sim,198,7.300,34.541,0.000,0.000,0.024,41.865
2026-09-02T07:50:17.865477+07:00,c11_sim,199,9.977,29.610,0.000,0.000,0.041,39.629
2026-09-02T07:50:17.983277+07:00,c11_sim,200,12.404,27.374,0.000,0.000,0.012,39.791
2026-09-02T07:50:18.143617+07:00,c11_sim,201,7.704,57.104,5.329,0.036,0.027,70.200
2026-09-02T07:50:18.281933+07:00,c11_sim,202,10.674,67.775,1.248,0.007,0.034,79.737
2026-09-02T07:50:18.358665+07:00,c11_sim,203,8.271,29.836,0.610,0.004,0.015,38.735
2026-09-02T07:50:18.480432+07:00,c11_sim,204,10.349,29.096,1.518,0.007,0.024,40.994
2026-09-02T07:50:18.582750+07:00,c11_sim,205,7.272,25.178,0.692,0.005,0.019,33.165
2026-09-02T07:50:18.704321+07:00,c11_sim,206,5.854,25.217,0.663,0.004,0.016,31.754
2026-09-02T07:50:18.819867+07:00,c11_sim,207,6.410,20.635,0.765,0.004,0.015,27.829
2026-09-02T07:50:18.924313+07:00,c11_sim,208,7.212,14.428,0.000,0.000,0.013,21.652
2026-09-02T07:50:19.081442+07:00,c11_sim,209,8.270,35.550,0.000,0.000,0.019,43.839
2026-09-02T07:50:19.204558+07:00,c11_sim,210,11.952,31.726,0.000,0.000,0.090,43.767
2026-09-02T07:50:19.298068+07:00,c11_sim,211,11.914,26.418,0.000,0.000,0.014,38.346
2026-09-02T07:50:19.503231+07:00,c11_sim,212,11.272,91.154,0.000,0.000,0.032,102.458
2026-09-02T07:50:19.569273+07:00,c11_sim,213,10.800,40.529,0.000,0.000,0.031,51.360
2026-09-02T07:50:19.664940+07:00,c11_sim,214,7.629,19.911,0.000,0.000,0.015,27.555
2026-09-02T07:50:19.805860+07:00,c11_sim,215,6.715,36.498,0.000,0.000,0.043,43.255
2026-09-02T07:50:19.912802+07:00,c11_sim,216,7.227,36.075,2.949,0.038,0.057,46.346
2026-09-02T07:50:20.029238+07:00,c11_sim,217,8.189,23.351,0.000,0.000,0.016,31.556
2026-09-02T07:50:20.132721+07:00,c11_sim,218,11.978,21.282,0.000,0.000,0.017,33.277
2026-09-02T07:50:20.265342+07:00,c11_sim,219,7.334,32.445,0.829,0.006,0.023,40.636
2026-09-02T07:50:20.381470+07:00,c11_sim,220,8.648,28.827,0.000,0.000,0.023,37.497
2026-09-02T07:50:20.495503+07:00,c11_sim,221,6.816,14.883,0.000,0.000,0.015,21.715
2026-09-02T07:50:20.642105+07:00,c11_sim,222,8.674,28.284,0.000,0.000,0.011,36.968
2026-09-02T07:50:20.747066+07:00,c11_sim,223,9.694,31.886,0.000,0.000,0.016,41.596
2026-09-02T07:50:20.879794+07:00,c11_sim,224,10.323,32.695,0.000,0.000,0.014,43.031
2026-09-02T07:50:21.005991+07:00,c11_sim,225,9.031,34.568,0.000,0.000,0.021,43.620
2026-09-02T07:50:21.107207+07:00,c11_sim,226,9.013,31.668,0.000,0.000,0.014,40.696
2026-09-02T07:50:21.223801+07:00,c11_sim,227,10.850,19.150,0.000,0.000,0.013,30.013
2026-09-02T07:50:21.346271+07:00,c11_sim,228,6.769,19.847,0.720,0.004,0.020,27.361
2026-09-02T07:50:21.478187+07:00,c11_sim,229,6.437,31.292,0.000,0.000,0.018,37.747
2026-09-02T07:50:21.575831+07:00,c11_sim,230,6.350,25.736,0.000,0.000,0.014,32.101
2026-09-02T07:50:21.696938+07:00,c11_sim,231,6.358,25.092,0.641,0.007,0.037,32.136
2026-09-02T07:50:21.818496+07:00,c11_sim,232,6.273,22.921,0.693,0.006,0.026,29.919
2026-09-02T07:50:21.949487+07:00,c11_sim,233,8.561,35.490,0.000,0.000,0.018,44.068
2026-09-02T07:50:22.068225+07:00,c11_sim,234,6.545,22.844,0.565,0.004,0.017,29.976
2026-09-02T07:50:22.184972+07:00,c11_sim,235,6.357,20.507,0.000,0.000,0.012,26.876
2026-09-02T07:50:22.302612+07:00,c11_sim,236,6.324,21.108,0.826,0.008,0.023,28.289
2026-09-02T07:50:22.426294+07:00,c11_sim,237,6.710,25.542,0.601,0.005,0.019,32.877
2026-09-02T07:50:22.562433+07:00,c11_sim,238,7.337,37.926,0.755,0.005,0.022,46.046
2026-09-02T07:50:22.665061+07:00,c11_sim,239,7.493,30.080,0.739,0.005,0.019,38.337
2026-09-02T07:50:22.791061+07:00,c11_sim,240,7.235,28.194,0.725,0.008,0.021,36.182
2026-09-02T07:50:22.928956+07:00,c11_sim,241,8.175,31.125,0.842,0.006,0.024,40.172
2026-09-02T07:50:23.035322+07:00,c11_sim,242,9.882,32.659,0.877,0.006,0.027,43.451
2026-09-02T07:50:23.133804+07:00,c11_sim,243,7.740,27.836,0.704,0.005,0.021,36.305
2026-09-02T07:50:23.269672+07:00,c11_sim,244,7.216,21.826,0.575,0.004,0.016,29.638
2026-09-02T07:50:23.395833+07:00,c11_sim,245,6.386,22.202,0.595,0.004,0.021,29.207
2026-09-02T07:50:23.499747+07:00,c11_sim,246,6.128,26.775,0.606,0.005,0.019,33.533
2026-09-02T07:50:23.617745+07:00,c11_sim,247,6.450,20.313,0.610,0.004,0.016,27.393
2026-09-02T07:50:23.749567+07:00,c11_sim,248,6.269,29.291,0.615,0.005,0.018,36.199
2026-09-02T07:50:23.868214+07:00,c11_sim,249,6.390,20.820,0.637,0.005,0.022,27.874
2026-09-02T07:50:23.980782+07:00,c11_sim,250,6.745,35.487,0.573,0.050,0.016,42.873
2026-09-02T07:50:24.110052+07:00,c11_sim,251,6.446,23.184,0.547,0.004,0.015,30.196
2026-09-02T07:50:24.235488+07:00,c11_sim,252,6.304,27.609,0.574,0.004,0.016,34.507
2026-09-02T07:50:24.328618+07:00,c11_sim,253,6.211,17.770,0.578,0.005,0.019,24.582
2026-09-02T07:50:24.471648+07:00,c11_sim,254,6.584,41.839,0.821,0.004,0.027,49.275
2026-09-02T07:50:24.581784+07:00,c11_sim,255,7.176,34.845,0.829,0.005,0.019,42.874
2026-09-02T07:50:24.694103+07:00,c11_sim,256,6.277,16.255,0.000,0.000,0.017,22.549
2026-09-02T07:50:24.815583+07:00,c11_sim,257,7.183,21.496,0.000,0.000,0.025,28.704
2026-09-02T07:50:24.938280+07:00,c11_sim,258,6.476,24.052,0.853,0.006,0.026,31.413
2026-09-02T07:50:25.079653+07:00,c11_sim,259,12.719,37.554,0.979,0.007,0.026,51.286
2026-09-02T07:50:25.190432+07:00,c11_sim,260,8.651,36.588,0.000,0.000,0.029,45.268
2026-09-02T07:50:25.325159+07:00,c11_sim,261,12.700,47.180,0.000,0.000,0.028,59.908
2026-09-02T07:50:25.432307+07:00,c11_sim,262,10.474,37.057,0.000,0.000,0.029,47.560
2026-09-02T07:50:25.564169+07:00,c11_sim,263,13.479,34.112,0.932,0.007,0.028,48.557
2026-09-02T07:50:25.671363+07:00,c11_sim,264,14.240,33.205,0.997,0.007,0.031,48.481
2026-09-02T07:50:25.796735+07:00,c11_sim,265,14.170,31.670,0.665,0.005,0.020,46.529
2026-09-02T07:50:25.904189+07:00,c11_sim,266,8.522,31.781,0.000,0.000,0.024,40.327
2026-09-02T07:50:26.029669+07:00,c11_sim,267,13.284,33.582,0.975,0.007,0.030,47.878
2026-09-02T07:50:26.157113+07:00,c11_sim,268,9.532,34.327,1.079,0.007,0.028,44.973
2026-09-02T07:50:26.264265+07:00,c11_sim,269,9.830,32.624,0.859,0.008,0.031,43.352
2026-09-02T07:50:26.391967+07:00,c11_sim,270,8.273,29.351,1.030,0.007,0.030,38.691
2026-09-02T07:50:26.497336+07:00,c11_sim,271,7.401,34.378,0.000,0.000,0.027,41.806
2026-09-02T07:50:26.633143+07:00,c11_sim,272,6.802,39.085,1.034,0.008,0.030,46.959
2026-09-02T07:50:26.769001+07:00,c11_sim,273,14.096,39.959,1.101,0.008,0.031,55.194
2026-09-02T07:50:26.879128+07:00,c11_sim,274,11.351,34.717,1.011,0.007,0.032,47.119
2026-09-02T07:50:26.983119+07:00,c11_sim,275,10.973,33.847,0.000,0.000,0.024,44.844
2026-09-02T07:50:27.108173+07:00,c11_sim,276,11.941,31.667,0.000,0.000,0.020,43.627
2026-09-02T07:50:27.231849+07:00,c11_sim,277,10.455,34.750,0.000,0.000,0.021,45.226
2026-09-02T07:50:27.263365+07:00,c11_sim,278,10.262,28.416,1.859,0.000,0.014,40.552
2026-09-02T07:50:27.320723+07:00,c11_sim,279,7.938,30.387,0.750,0.000,0.011,39.087
2026-09-02T07:50:27.349898+07:00,c11_sim,280,7.022,27.242,0.685,0.000,0.011,34.961
2026-09-02T07:50:27.378858+07:00,c11_sim,281,7.235,27.146,0.555,0.005,0.157,35.098
2026-09-02T07:50:27.433816+07:00,c11_sim,282,6.781,27.941,0.742,0.005,0.022,35.491
2026-09-02T07:50:27.463171+07:00,c11_sim,283,6.935,27.183,0.622,0.004,0.017,34.762
2026-09-02T07:50:27.517074+07:00,c11_sim,284,7.081,27.162,0.603,0.005,0.016,34.866
2026-09-02T07:50:27.546504+07:00,c11_sim,285,7.829,27.689,0.553,0.003,0.013,36.087
2026-09-02T07:50:27.598744+07:00,c11_sim,286,7.475,28.582,0.690,0.004,0.019,36.771
2026-09-02T07:50:27.630300+07:00,c11_sim,287,7.464,29.874,0.480,0.003,0.012,37.833
2026-09-02T07:50:27.684975+07:00,c11_sim,288,7.437,27.977,0.618,0.004,0.017,36.054
2026-09-02T07:50:27.715406+07:00,c11_sim,289,6.801,26.925,0.487,0.003,0.486,34.701
2026-09-02T07:50:27.743326+07:00,c11_sim,290,7.277,26.459,0.508,0.003,0.032,34.280
2026-09-02T07:50:27.799609+07:00,c11_sim,291,7.938,29.502,0.525,0.003,0.012,37.981
2026-09-02T07:50:27.828183+07:00,c11_sim,292,6.374,26.608,0.486,0.003,0.011,33.482
2026-09-02T07:50:27.885507+07:00,c11_sim,293,8.087,31.210,0.506,0.003,0.014,39.821
2026-09-02T07:50:27.914539+07:00,c11_sim,294,7.635,27.052,0.535,0.003,0.013,35.239
2026-09-02T07:50:27.942413+07:00,c11_sim,295,6.592,26.460,0.458,0.003,0.011,33.523
2026-09-02T07:50:27.996807+07:00,c11_sim,296,7.013,27.409,0.615,0.004,0.013,35.055
2026-09-02T07:50:28.025070+07:00,c11_sim,297,7.818,26.684,0.511,0.004,0.013,35.030
2026-09-02T07:50:28.081463+07:00,c11_sim,298,6.947,29.080,0.641,0.004,0.015,36.687
2026-09-02T07:50:28.110428+07:00,c11_sim,299,7.175,26.848,1.019,0.006,0.018,35.066
2026-09-02T07:50:28.166395+07:00,c11_sim,300,6.941,29.039,0.547,0.004,0.013,36.543
2026-09-02T07:50:28.195171+07:00,c11_sim,301,7.033,26.759,0.530,0.004,0.015,34.341
2026-09-02T07:50:28.222921+07:00,c11_sim,302,6.566,26.325,0.471,0.003,0.010,33.376
2026-09-02T07:50:28.277829+07:00,c11_sim,303,6.448,27.872,0.723,0.004,0.017,35.064
2026-09-02T07:50:28.306057+07:00,c11_sim,304,7.962,26.782,0.489,0.004,0.014,35.251
2026-09-02T07:50:28.359040+07:00,c11_sim,305,5.848,26.703,0.447,0.003,0.010,33.011
2026-09-02T07:50:28.384673+07:00,c11_sim,306,6.981,24.299,0.567,0.004,0.013,31.864
2026-09-02T07:50:28.433491+07:00,c11_sim,307,6.082,25.391,0.726,0.006,0.026,32.231
2026-09-02T07:50:28.461799+07:00,c11_sim,308,6.862,26.493,0.783,0.005,0.015,34.157
2026-09-02T07:50:28.517862+07:00,c11_sim,309,7.323,29.568,0.469,0.004,0.013,37.376
2026-09-02T07:50:28.545985+07:00,c11_sim,310,6.639,26.715,0.430,0.004,0.022,33.811
2026-09-02T07:50:28.601932+07:00,c11_sim,311,6.915,29.414,0.389,0.003,0.010,36.731
2026-09-02T07:50:28.629456+07:00,c11_sim,312,8.235,26.182,0.397,0.003,0.010,34.827
2026-09-02T07:50:28.681629+07:00,c11_sim,313,7.720,29.971,0.628,0.004,0.014,38.337
2026-09-02T07:50:28.715466+07:00,c11_sim,314,8.144,31.998,0.592,0.004,0.017,40.756
2026-09-02T07:50:28.745533+07:00,c11_sim,315,7.309,27.655,0.862,0.006,0.024,35.855
2026-09-02T07:50:28.802334+07:00,c11_sim,316,7.229,31.256,0.595,0.004,0.016,39.100
2026-09-02T07:50:28.831588+07:00,c11_sim,317,8.139,27.063,0.609,0.004,0.016,35.831
2026-09-02T07:50:28.861111+07:00,c11_sim,318,6.711,27.820,0.630,0.004,0.019,35.185
2026-09-02T07:50:28.915807+07:00,c11_sim,319,6.104,27.862,0.640,0.005,0.018,34.630
2026-09-02T07:50:28.944675+07:00,c11_sim,320,7.572,27.062,0.684,0.005,0.020,35.342
2026-09-02T07:50:28.999285+07:00,c11_sim,321,7.625,27.834,0.629,0.005,0.019,36.111
2026-09-02T07:50:29.027541+07:00,c11_sim,322,8.143,26.747,0.465,0.004,0.014,35.372
2026-09-02T07:50:29.084454+07:00,c11_sim,323,7.522,29.913,0.667,0.006,0.022,38.130
2026-09-02T07:50:29.125214+07:00,c11_sim,324,8.178,38.215,1.125,0.005,0.022,47.545
2026-09-02T07:50:29.158749+07:00,c11_sim,325,11.460,31.962,0.686,0.004,0.018,44.130
2026-09-02T07:50:29.194300+07:00,c11_sim,326,7.285,33.484,1.111,0.005,0.019,41.904
2026-09-02T07:50:29.228510+07:00,c11_sim,327,8.318,32.148,0.966,0.005,0.018,41.456
2026-09-02T07:50:29.279140+07:00,c11_sim,328,6.983,29.958,0.000,0.000,0.024,36.965
2026-09-02T07:50:29.309058+07:00,c11_sim,329,6.506,27.947,0.769,0.005,0.023,35.250
2026-09-02T07:50:29.363690+07:00,c11_sim,330,6.323,27.483,0.626,0.005,0.021,34.457
2026-09-02T07:50:29.392590+07:00,c11_sim,331,6.103,27.175,0.569,0.005,0.017,33.869
2026-09-02T07:50:29.421037+07:00,c11_sim,332,6.036,26.749,0.634,0.004,0.017,33.440
2026-09-02T07:50:29.475373+07:00,c11_sim,333,6.032,27.571,0.602,0.004,0.022,34.231
2026-09-02T07:50:29.504089+07:00,c11_sim,334,6.108,26.807,0.519,0.004,0.015,33.454
2026-09-02T07:50:29.555352+07:00,c11_sim,335,6.401,27.368,0.457,0.004,0.013,34.243
2026-09-02T07:50:29.580896+07:00,c11_sim,336,6.231,24.193,0.451,0.004,0.018,30.896
2026-09-02T07:50:29.632964+07:00,c11_sim,337,6.107,26.848,0.000,0.000,0.013,32.968
2026-09-02T07:50:29.660385+07:00,c11_sim,338,6.408,25.900,0.534,0.004,0.015,32.861
2026-09-02T07:50:29.714845+07:00,c11_sim,339,6.068,27.427,0.606,0.004,0.017,34.122
2026-09-02T07:50:29.741797+07:00,c11_sim,340,6.009,26.753,0.000,0.000,0.022,32.784
2026-09-02T07:50:29.793779+07:00,c11_sim,341,6.207,26.773,0.000,0.000,0.009,32.988
2026-09-02T07:50:29.818878+07:00,c11_sim,342,5.967,24.967,0.000,0.000,0.009,30.943
2026-09-02T07:50:29.871692+07:00,c11_sim,343,5.983,26.579,0.445,0.003,0.011,33.022
2026-09-02T07:50:29.896868+07:00,c11_sim,344,5.890,23.822,0.456,0.004,0.012,30.184
2026-09-02T07:50:29.952915+07:00,c11_sim,345,6.362,28.409,0.576,0.004,0.019,35.370
2026-09-02T07:50:29.984168+07:00,c11_sim,346,6.776,27.657,0.586,0.004,0.019,35.042
2026-09-02T07:50:30.090018+07:00,c11_sim,347,6.874,28.089,0.577,51.201,0.018,86.760
2026-09-02T07:50:30.135379+07:00,c11_sim,348,6.637,24.515,0.471,19.515,0.014,51.151
2026-09-02T07:50:30.166055+07:00,c11_sim,349,6.289,11.609,0.390,18.003,0.013,36.303
2026-09-02T07:50:30.177933+07:00,c11_sim,350,7.776,11.736,0.000,0.000,0.009,19.521
2026-09-02T07:50:30.189862+07:00,c11_sim,351,5.724,11.802,0.000,0.000,0.007,17.533
2026-09-02T07:50:30.220553+07:00,c11_sim,352,5.675,11.254,0.413,18.334,0.016,35.691
2026-09-02T07:50:30.258871+07:00,c11_sim,353,5.702,13.111,0.000,0.000,0.007,18.821
2026-09-02T07:50:30.297606+07:00,c11_sim,354,5.609,14.327,0.000,0.000,0.006,19.942
2026-09-02T07:50:30.353375+07:00,c11_sim,355,5.901,14.453,0.475,19.180,0.017,40.025
2026-09-02T07:50:30.386315+07:00,c11_sim,356,5.723,13.252,0.407,18.558,0.013,37.952
2026-09-02T07:50:30.447758+07:00,c11_sim,357,5.624,16.695,0.444,18.535,0.018,41.316
2026-09-02T07:50:30.486528+07:00,c11_sim,358,5.820,18.339,0.493,19.028,0.015,43.694
2026-09-02T07:50:30.527224+07:00,c11_sim,359,5.774,19.608,0.462,19.917,0.020,45.781
2026-09-02T07:50:30.575402+07:00,c11_sim,360,5.784,24.700,0.684,20.903,0.028,52.099
2026-09-02T07:50:30.621881+07:00,c11_sim,361,7.269,22.941,0.492,21.994,0.022,52.718
2026-09-02T07:50:30.673593+07:00,c11_sim,362,6.760,26.263,0.538,23.897,0.014,57.473
2026-09-02T07:50:30.722720+07:00,c11_sim,363,6.026,25.099,0.442,22.861,0.016,54.444
2026-09-02T07:50:30.768551+07:00,c11_sim,364,6.028,24.438,0.401,20.250,0.016,51.134
2026-09-02T07:50:30.799352+07:00,c11_sim,365,5.985,11.695,0.417,18.013,0.019,36.128
2026-09-02T07:50:30.829961+07:00,c11_sim,366,5.709,11.690,0.393,17.816,0.013,35.620
2026-09-02T07:50:30.861425+07:00,c11_sim,367,5.773,12.286,0.427,18.044,0.033,36.563
2026-09-02T07:50:30.892087+07:00,c11_sim,368,5.668,11.983,0.429,17.495,0.020,35.595
2026-09-02T07:50:30.923535+07:00,c11_sim,369,5.853,12.517,0.450,17.814,0.021,36.655
2026-09-02T07:50:30.937450+07:00,c11_sim,370,5.871,12.611,0.634,0.000,0.007,19.122
2026-09-02T07:50:30.977726+07:00,c11_sim,371,5.671,14.178,0.397,0.000,0.006,20.252
2026-09-02T07:50:31.018923+07:00,c11_sim,372,5.629,15.015,0.359,0.000,0.006,21.008
2026-09-02T07:50:31.081245+07:00,c11_sim,373,6.039,17.461,0.371,18.579,0.086,42.536
2026-09-02T07:50:31.119342+07:00,c11_sim,374,5.714,18.370,0.526,18.241,0.017,42.868
2026-09-02T07:50:31.157825+07:00,c11_sim,375,6.001,19.514,0.459,17.801,0.016,43.790
2026-09-02T07:50:31.201185+07:00,c11_sim,376,5.891,21.915,0.443,20.237,0.018,48.504
2026-09-02T07:50:31.232084+07:00,c11_sim,377,5.831,11.664,0.430,18.117,0.015,36.057
2026-09-02T07:50:31.262552+07:00,c11_sim,378,5.675,11.929,0.441,17.438,0.013,35.496
2026-09-02T07:50:31.318853+07:00,c11_sim,379,5.729,12.619,0.408,17.828,0.014,36.598
2026-09-02T07:50:31.350391+07:00,c11_sim,380,5.591,12.422,0.406,18.042,0.014,36.475
2026-09-02T07:50:31.381810+07:00,c11_sim,381,5.828,12.871,0.414,17.507,0.012,36.632
2026-09-02T07:50:31.440227+07:00,c11_sim,382,5.804,14.335,0.441,17.860,0.018,38.458
2026-09-02T07:50:31.472852+07:00,c11_sim,383,6.066,13.664,0.440,17.802,0.014,37.986
2026-09-02T07:50:31.504860+07:00,c11_sim,384,5.769,13.616,0.395,17.021,0.133,36.935
2026-09-02T07:50:31.565884+07:00,c11_sim,385,5.778,17.413,0.454,17.455,0.023,41.124
2026-09-02T07:50:31.602575+07:00,c11_sim,386,5.809,18.218,0.461,17.340,0.014,41.841
2026-09-02T07:50:31.642790+07:00,c11_sim,387,5.819,20.498,0.478,18.534,0.015,45.345
2026-09-02T07:50:31.687709+07:00,c11_sim,388,6.073,22.417,0.521,21.267,0.017,50.296
2026-09-02T07:50:31.734891+07:00,c11_sim,389,5.937,24.792,0.553,20.935,0.023,52.240
2026-09-02T07:50:31.765846+07:00,c11_sim,390,5.761,11.464,0.586,18.187,0.023,36.021
2026-09-02T07:50:31.798330+07:00,c11_sim,391,5.808,12.800,0.527,18.231,0.022,37.388
2026-09-02T07:50:31.829704+07:00,c11_sim,392,5.762,12.459,0.455,17.748,0.031,36.455
2026-09-02T07:50:31.860878+07:00,c11_sim,393,5.707,12.401,0.467,17.642,0.022,36.239
2026-09-02T07:50:31.917815+07:00,c11_sim,394,5.798,13.374,0.451,17.336,0.022,36.980
2026-09-02T07:50:31.950631+07:00,c11_sim,395,6.006,13.147,0.585,18.152,0.025,37.916
2026-09-02T07:50:31.965201+07:00,c11_sim,396,5.807,13.258,0.652,0.000,0.008,19.726
2026-09-02T07:50:32.009572+07:00,c11_sim,397,5.657,18.018,0.561,0.000,0.011,24.247
2026-09-02T07:50:32.050003+07:00,c11_sim,398,5.734,15.231,0.000,0.000,0.007,20.972
2026-09-02T07:50:32.109170+07:00,c11_sim,399,5.787,18.014,0.562,18.998,0.068,43.428
2026-09-02T07:50:32.127972+07:00,c11_sim,400,6.041,18.650,0.000,0.000,0.008,24.699
2026-09-02T07:50:32.171114+07:00,c11_sim,401,5.773,19.875,0.000,0.000,0.010,25.659
2026-09-02T07:50:32.221005+07:00,c11_sim,402,5.780,24.728,0.000,0.000,0.010,30.518
2026-09-02T07:50:32.272432+07:00,c12_sim,32,4.432,26.230,0.000,0.000,0.011,30.673
2026-09-02T07:50:32.405580+07:00,c12_sim,33,7.003,30.993,1.029,0.000,0.015,39.040
2026-09-02T07:50:32.505895+07:00,c12_sim,34,6.559,28.801,0.000,0.000,0.019,35.379
2026-09-02T07:50:32.635221+07:00,c12_sim,35,5.944,29.972,0.000,0.000,0.016,35.932
2026-09-02T07:50:32.755628+07:00,c12_sim,36,8.177,32.487,0.000,0.000,0.023,40.687
2026-09-02T07:50:32.874903+07:00,c12_sim,37,7.839,30.639,0.000,0.000,0.438,38.916
2026-09-02T07:50:32.977007+07:00,c12_sim,38,7.843,31.343,0.000,0.000,0.057,39.243
2026-09-02T07:50:33.102304+07:00,c10_sim,59,5.998,29.293,0.000,0.000,0.043,35.334
2026-09-02T07:50:33.227039+07:00,c10_sim,60,8.410,31.979,0.000,0.000,0.375,40.763
2026-09-02T07:50:33.334337+07:00,c10_sim,61,9.264,32.311,1.077,0.000,0.034,42.685
2026-09-02T07:50:33.457353+07:00,c10_sim,62,10.574,31.215,0.723,0.000,0.012,42.524
2026-09-02T07:50:33.554095+07:00,c10_sim,63,6.842,28.433,0.712,0.000,0.015,36.003
2026-09-02T07:50:33.685185+07:00,c10_sim,64,6.411,28.498,0.931,0.005,0.280,36.125
2026-09-02T07:50:33.791981+07:00,c10_sim,65,6.274,29.679,0.643,0.004,0.015,36.615
2026-09-02T07:50:33.919129+07:00,c10_sim,66,8.037,29.657,0.800,0.005,0.025,38.524
2026-09-02T07:50:34.026397+07:00,c10_sim,67,7.603,31.691,0.769,0.005,0.019,40.087
2026-09-02T07:50:34.117004+07:00,c10_sim,68,7.167,16.021,0.627,0.004,0.015,23.835
2026-09-02T07:50:34.229275+07:00,c10_sim,69,7.259,18.714,0.654,0.004,0.018,26.649
2026-09-02T07:50:34.361665+07:00,c10_sim,70,9.617,33.102,0.934,0.006,0.021,43.680
2026-09-02T07:50:34.465496+07:00,c10_sim,71,7.166,30.216,0.000,0.000,0.016,37.398
2026-09-02T07:50:34.618748+07:00,c10_sim,72,9.417,31.349,1.219,23.763,0.199,65.946
2026-09-02T07:50:34.699126+07:00,c10_sim,73,6.994,14.694,0.599,18.871,0.026,41.184
2026-09-02T07:50:34.839835+07:00,c10_sim,74,7.174,18.240,0.728,20.202,0.023,46.367
2026-09-02T07:50:34.934116+07:00,c10_sim,75,6.833,18.975,0.000,0.000,0.012,25.819
2026-09-02T07:50:35.054137+07:00,c10_sim,76,7.084,22.589,0.799,21.115,0.022,51.608
2026-09-02T07:50:35.183929+07:00,c10_sim,77,6.448,29.927,0.701,23.593,0.019,60.688
2026-09-02T07:50:35.287624+07:00,c10_sim,78,6.129,15.461,0.702,18.767,0.018,41.077
2026-09-02T07:50:35.396953+07:00,c10_sim,79,6.244,16.703,0.646,18.952,0.016,42.561
2026-09-02T07:50:35.508047+07:00,c10_sim,80,6.186,17.808,0.649,19.230,0.019,43.893
2026-09-02T07:50:35.622362+07:00,c10_sim,81,6.191,20.681,0.718,19.778,0.026,47.394
2026-09-02T07:50:35.750516+07:00,c10_sim,82,6.236,26.374,0.728,24.335,0.039,57.712
2026-09-02T07:50:35.857459+07:00,c10_sim,83,5.917,13.673,0.565,19.075,0.016,39.245
2026-09-02T07:50:35.968102+07:00,c10_sim,84,5.805,14.982,0.601,18.317,0.014,39.718
2026-09-02T07:50:36.083367+07:00,c10_sim,85,6.488,19.683,0.606,18.886,0.022,45.686
2026-09-02T07:50:36.196464+07:00,c10_sim,86,6.373,18.637,0.577,18.542,0.024,44.152
2026-09-02T07:50:36.319196+07:00,c10_sim,87,6.067,27.132,0.656,20.753,0.015,54.623
2026-09-02T07:50:36.410117+07:00,c10_sim,88,6.163,16.272,0.829,0.000,0.013,23.277
2026-09-02T07:50:36.530540+07:00,c10_sim,89,7.184,17.946,0.779,0.000,0.016,25.925
2026-09-02T07:50:36.623803+07:00,c10_sim,90,6.603,19.020,0.626,0.000,0.011,26.259
2026-09-02T07:50:36.776204+07:00,c10_sim,91,9.012,32.340,1.036,0.000,0.024,42.412
2026-09-02T07:50:36.900468+07:00,c10_sim,92,9.339,30.802,0.673,23.614,0.075,64.502
2026-09-02T07:50:36.962655+07:00,c10_sim,93,6.337,14.645,0.000,0.000,0.012,20.994
2026-09-02T07:50:37.117297+07:00,c10_sim,94,6.623,29.114,1.290,0.000,0.016,37.043
2026-09-02T07:50:37.299743+07:00,c10_sim,95,8.056,33.201,1.243,0.000,0.022,42.521
2026-09-02T07:50:37.475634+07:00,c10_sim,96,8.729,31.730,0.737,0.000,0.018,41.214
2026-09-02T07:50:37.682856+07:00,c10_sim,97,9.725,35.079,0.941,24.297,0.112,70.155
2026-09-02T07:50:37.846838+07:00,c10_sim,98,6.872,21.651,0.679,19.722,0.022,48.946
2026-09-02T07:50:38.050477+07:00,c10_sim,99,7.190,27.895,0.834,23.706,0.019,59.643
2026-09-02T07:50:38.214265+07:00,c10_sim,100,7.159,16.639,0.729,19.586,0.022,44.134
2026-09-02T07:50:38.393843+07:00,c10_sim,101,6.736,20.882,0.702,19.622,0.023,47.965
2026-09-02T07:50:38.594376+07:00,c10_sim,102,6.934,28.822,0.681,24.264,0.226,60.927
2026-09-02T07:50:38.756706+07:00,c10_sim,103,7.629,16.053,0.635,18.914,0.022,43.253
2026-09-02T07:50:38.922724+07:00,c10_sim,104,8.148,19.064,0.610,19.392,0.018,47.232
2026-09-02T07:50:39.115639+07:00,c10_sim,105,5.786,24.781,0.729,22.517,0.026,53.838
2026-09-02T07:50:39.302130+07:00,c10_sim,106,5.952,24.900,0.603,19.208,0.022,50.684
2026-09-02T07:50:39.489353+07:00,c10_sim,107,6.024,17.322,1.002,43.561,0.234,68.143
2026-09-02T07:50:39.674634+07:00,c10_sim,108,11.328,25.236,0.709,31.710,0.026,69.009
2026-09-02T07:50:39.916043+07:00,c10_sim,109,26.361,66.411,2.833,27.235,0.031,122.872
2026-09-02T07:50:40.000269+07:00,c10_sim,110,5.865,13.626,0.567,18.990,0.016,39.065
2026-09-02T07:50:40.188564+07:00,c10_sim,111,6.361,21.188,0.733,0.005,0.019,28.306
2026-09-02T07:50:40.391428+07:00,c10_sim,112,13.024,34.889,0.853,0.005,0.019,48.790
2026-09-02T07:50:40.589236+07:00,c10_sim,113,9.958,27.449,0.950,29.167,0.022,67.547
2026-09-02T07:50:40.780292+07:00,c10_sim,114,11.343,38.433,1.230,28.796,0.027,79.829
2026-09-02T07:50:40.903459+07:00,c10_sim,115,7.825,28.054,0.000,0.000,0.013,35.892
2026-09-02T07:50:41.072661+07:00,c10_sim,116,6.188,17.385,0.719,0.005,0.018,24.314
2026-09-02T07:50:41.274631+07:00,c10_sim,117,7.229,30.172,0.000,0.000,0.023,37.425
2026-09-02T07:50:41.451896+07:00,c10_sim,118,8.053,29.346,0.824,0.005,0.022,38.251
2026-09-02T07:50:41.640274+07:00,c10_sim,119,8.494,22.380,0.000,0.000,0.030,30.904
2026-09-02T07:50:41.804887+07:00,c10_sim,120,8.195,24.045,0.789,0.005,0.022,33.056
2026-09-02T07:50:41.994287+07:00,c10_sim,121,7.847,28.146,0.000,0.000,0.019,36.013
2026-09-02T07:50:42.182297+07:00,c10_sim,122,6.348,19.315,0.000,0.000,0.019,25.683
2026-09-02T07:50:42.352206+07:00,c10_sim,123,6.862,27.451,0.000,0.000,0.013,34.326
2026-09-02T07:50:42.537318+07:00,c11_sim,403,6.158,20.099,0.000,0.000,0.022,26.280
2026-09-02T07:50:42.709164+07:00,c11_sim,404,9.854,26.168,0.000,0.000,0.013,36.035
2026-09-02T07:50:42.863392+07:00,c11_sim,405,7.994,31.220,0.000,0.000,0.012,39.226
2026-09-02T07:50:43.003751+07:00,c11_sim,406,9.286,21.969,0.000,0.000,0.017,31.273
2026-09-02T07:50:43.173867+07:00,c11_sim,407,9.720,31.389,0.000,0.000,0.023,41.132
2026-09-02T07:50:43.331499+07:00,c11_sim,408,9.619,37.299,0.000,0.000,0.043,46.961
2026-09-02T07:50:43.460979+07:00,c11_sim,409,8.574,33.750,0.000,0.000,0.014,42.338
2026-09-02T07:50:43.674183+07:00,c11_sim,410,44.093,33.766,0.000,0.000,0.689,78.548
2026-09-02T07:50:43.780151+07:00,c11_sim,411,8.034,33.855,0.000,0.000,0.080,41.968
2026-09-02T07:50:43.919442+07:00,c11_sim,412,8.238,29.322,0.000,0.000,0.015,37.575
2026-09-02T07:50:44.067526+07:00,c11_sim,413,9.576,23.015,0.000,0.000,0.015,32.606
2026-09-02T07:50:44.215808+07:00,c11_sim,414,7.409,23.835,0.000,0.000,0.238,31.482
2026-09-02T07:50:44.397215+07:00,c11_sim,415,9.903,37.334,1.838,0.000,0.017,49.092
2026-09-02T07:50:44.507283+07:00,c11_sim,416,6.455,19.430,0.000,0.000,0.008,25.894
2026-09-02T07:50:44.681322+07:00,c11_sim,417,10.133,24.753,0.000,0.000,0.008,34.893
2026-09-02T07:50:44.859493+07:00,c11_sim,418,10.616,38.395,0.000,0.000,0.008,49.019
2026-09-02T07:50:44.996807+07:00,c11_sim,419,9.077,39.279,0.000,0.000,0.008,48.364
2026-09-02T07:50:45.163170+07:00,c11_sim,420,9.025,43.212,1.260,0.000,0.008,53.505
2026-09-02T07:50:45.298322+07:00,c11_sim,421,9.278,38.804,0.000,0.000,0.010,48.092
2026-09-02T07:50:45.471727+07:00,c11_sim,422,9.229,48.735,0.000,0.000,0.008,57.971
2026-09-02T07:50:45.663566+07:00,c11_sim,423,28.726,76.622,0.000,0.000,0.012,105.360
2026-09-02T07:50:45.781764+07:00,c11_sim,424,15.671,50.391,0.000,0.000,0.013,66.075
2026-09-02T07:50:45.904636+07:00,c11_sim,425,6.195,28.710,0.000,0.000,0.007,34.912
2026-09-02T07:50:46.052135+07:00,c11_sim,426,7.507,21.951,0.000,0.000,0.009,29.467
2026-09-02T07:50:46.196874+07:00,c11_sim,427,13.207,22.965,0.000,0.000,0.007,36.179
2026-09-02T07:50:46.378789+07:00,c11_sim,428,13.253,37.955,0.000,0.000,0.013,51.221
2026-09-02T07:50:46.520044+07:00,c11_sim,429,11.076,41.912,0.965,0.000,0.010,53.963
2026-09-02T07:50:46.650389+07:00,c11_sim,430,6.456,15.948,0.000,0.000,0.009,22.414
2026-09-02T07:50:46.815756+07:00,c11_sim,431,6.414,23.350,0.752,0.000,0.007,30.524
2026-09-02T07:50:46.969942+07:00,c11_sim,432,11.029,30.271,1.093,0.000,0.008,42.401
2026-09-02T07:50:47.109809+07:00,c11_sim,433,7.200,25.595,0.000,0.000,0.015,32.810
2026-09-02T07:50:47.297155+07:00,c11_sim,434,11.071,40.710,0.000,0.000,0.014,51.795
2026-09-02T07:50:47.411003+07:00,c11_sim,435,9.039,20.812,0.000,0.000,0.009,29.859
2026-09-02T07:50:47.626999+07:00,c11_sim,436,13.736,34.842,1.429,34.378,0.136,84.522
2026-09-02T07:50:47.748267+07:00,c11_sim,437,7.745,46.599,0.000,0.000,0.020,54.364
2026-09-02T07:50:47.905323+07:00,c11_sim,438,12.219,34.949,0.882,26.097,0.028,74.174
2026-09-02T07:50:48.062414+07:00,c11_sim,439,8.387,29.903,1.136,27.148,0.043,66.616
2026-09-02T07:50:48.217037+07:00,c11_sim,440,8.198,35.169,0.846,24.642,0.039,68.894
2026-09-02T07:50:48.373382+07:00,c11_sim,441,7.108,27.373,0.980,26.272,0.021,61.754
2026-09-02T07:50:48.501802+07:00,c11_sim,442,8.603,30.921,1.046,22.460,0.019,63.048
2026-09-02T07:50:48.646478+07:00,c11_sim,443,11.651,22.695,0.877,21.683,0.018,56.925
2026-09-02T07:50:48.815013+07:00,c11_sim,444,12.920,25.253,0.921,23.778,0.015,62.887
2026-09-02T07:50:48.978985+07:00,c11_sim,445,6.894,24.732,1.120,26.247,0.025,59.019
2026-09-02T07:50:49.134098+07:00,c11_sim,446,8.420,34.508,1.169,25.023,0.023,69.144
2026-09-02T07:50:49.254395+07:00,c11_sim,447,8.132,22.930,0.735,20.599,0.018,52.415
2026-09-02T07:50:49.424546+07:00,c11_sim,448,10.882,26.245,1.150,25.386,0.024,63.687
2026-09-02T07:50:49.579117+07:00,c11_sim,449,9.405,29.561,1.472,25.783,0.025,66.247
2026-09-02T07:50:49.749696+07:00,c11_sim,450,8.065,40.057,1.051,30.241,0.026,79.440
2026-09-02T07:50:49.871509+07:00,c11_sim,451,6.803,22.415,0.870,22.397,0.022,52.507
2026-09-02T07:50:50.066393+07:00,c11_sim,452,10.262,44.623,1.442,30.934,0.032,87.292
2026-09-02T07:50:50.250714+07:00,c11_sim,453,8.298,82.561,1.716,28.418,0.053,121.046
2026-09-02T07:50:50.323690+07:00,c11_sim,454,5.955,24.937,0.727,23.598,0.043,55.259
2026-09-02T07:50:50.473921+07:00,c11_sim,455,6.195,15.648,0.714,19.460,0.026,42.043
2026-09-02T07:50:50.639847+07:00,c11_sim,456,6.047,21.946,0.922,20.810,0.038,49.763
2026-09-02T07:50:50.802087+07:00,c11_sim,457,8.116,36.482,1.123,32.303,0.029,78.053
2026-09-02T07:50:50.958880+07:00,c11_sim,458,8.778,29.438,1.123,28.576,0.035,67.950
2026-09-02T07:50:51.095595+07:00,c11_sim,459,7.429,25.154,0.928,35.078,0.039,68.628
2026-09-02T07:50:51.234936+07:00,c11_sim,460,7.011,20.752,0.736,22.897,0.059,51.454
2026-09-02T07:50:51.408131+07:00,c11_sim,461,8.223,25.019,1.089,30.855,0.033,65.219
2026-09-02T07:50:51.556017+07:00,c11_sim,462,7.913,26.236,0.786,23.646,0.027,58.609
2026-09-02T07:50:51.727927+07:00,c11_sim,463,9.905,28.508,0.990,31.924,0.041,71.369
2026-09-02T07:50:51.858945+07:00,c11_sim,464,6.020,27.960,0.844,26.682,0.034,61.540
2026-09-02T07:50:52.019135+07:00,c11_sim,465,8.264,28.751,0.936,29.432,0.030,67.413
2026-09-02T07:50:52.155351+07:00,c11_sim,466,6.350,20.074,0.689,20.965,0.030,48.108
2026-09-02T07:50:52.336971+07:00,c11_sim,467,10.694,32.281,1.301,35.346,0.050,79.672
2026-09-02T07:50:52.479413+07:00,c11_sim,468,7.909,35.291,0.789,31.350,0.031,75.370
2026-09-02T07:50:52.643485+07:00,c11_sim,469,7.626,38.008,0.714,29.958,0.033,76.338
2026-09-02T07:50:52.785484+07:00,c11_sim,470,6.404,29.626,1.142,33.935,0.036,71.143
2026-09-02T07:50:52.939150+07:00,c11_sim,471,7.506,35.408,0.899,23.529,0.031,67.372
2026-09-02T07:50:53.060464+07:00,c11_sim,472,7.866,25.114,0.000,0.000,0.028,33.009
2026-09-02T07:50:53.255623+07:00,c11_sim,473,12.502,44.847,0.792,28.567,0.038,86.745
2026-09-02T07:50:53.390801+07:00,c11_sim,474,6.329,31.427,0.844,30.508,0.040,69.148
2026-09-02T07:50:53.539688+07:00,c11_sim,475,7.405,27.694,0.740,25.995,0.027,61.861
2026-09-02T07:50:53.682322+07:00,c11_sim,476,9.250,23.210,0.697,23.037,0.029,56.223
2026-09-02T07:50:53.810359+07:00,c11_sim,477,9.275,28.584,0.000,0.000,0.012,37.870
2026-09-02T07:50:54.012372+07:00,c11_sim,478,13.434,27.764,0.904,30.423,0.026,72.551
2026-09-02T07:50:54.132399+07:00,c11_sim,479,9.404,24.741,0.662,22.880,0.026,57.713
2026-09-02T07:50:54.273758+07:00,c11_sim,480,7.143,20.085,0.649,20.851,0.051,48.779
2026-09-02T07:50:54.417071+07:00,c11_sim,481,6.741,23.449,0.000,0.000,0.051,30.241
2026-09-02T07:50:54.563417+07:00,c11_sim,482,7.887,30.099,0.000,0.000,0.022,38.008
2026-09-02T07:50:54.752824+07:00,c11_sim,483,14.138,42.077,0.000,0.000,0.026,56.242
2026-09-02T07:50:54.880976+07:00,c11_sim,484,10.036,34.480,0.000,0.000,0.017,44.533
2026-09-02T07:50:55.045154+07:00,c11_sim,485,7.447,40.130,0.000,0.000,0.028,47.605
2026-09-02T07:50:55.236034+07:00,c11_sim,486,10.820,26.682,0.000,0.000,0.026,37.528
2026-09-02T07:50:55.437021+07:00,c11_sim,487,8.794,34.989,0.000,0.000,0.019,43.802
2026-09-02T07:50:55.626998+07:00,c11_sim,488,6.801,29.681,0.000,0.000,0.016,36.498
2026-09-02T07:50:55.853123+07:00,c11_sim,489,13.744,38.144,0.000,0.000,0.025,51.913
2026-09-02T07:50:56.044298+07:00,c11_sim,490,12.852,24.713,0.000,0.000,0.024,37.588
2026-09-02T07:50:56.259841+07:00,c11_sim,491,11.568,43.149,0.000,0.000,0.027,54.744
2026-09-02T07:50:56.434584+07:00,c11_sim,492,10.472,35.124,0.000,0.000,0.030,45.626
2026-09-02T07:50:56.645246+07:00,c11_sim,493,9.254,31.624,0.000,0.000,0.016,40.893
2026-09-02T07:50:56.832929+07:00,c11_sim,494,6.164,24.800,0.000,0.000,0.014,30.978
2026-09-02T07:50:57.031814+07:00,c11_sim,495,12.915,31.320,0.000,0.000,0.266,44.500
2026-09-02T07:50:57.241844+07:00,c11_sim,496,8.922,42.528,0.000,0.000,0.048,51.498
2026-09-02T07:50:57.445484+07:00,c11_sim,497,7.799,44.881,0.000,0.000,0.011,52.691
2026-09-02T07:50:57.627102+07:00,c11_sim,498,10.048,23.444,0.000,0.000,0.009,33.501
2026-09-02T07:50:57.839972+07:00,c11_sim,499,11.668,26.595,0.000,0.000,0.010,38.273
2026-09-02T07:50:58.036853+07:00,c11_sim,500,9.799,30.965,0.000,0.000,0.014,40.779
2026-09-02T07:50:58.239613+07:00,c11_sim,501,11.462,33.789,0.000,0.000,0.010,45.261
2026-09-02T07:50:58.436723+07:00,c11_sim,502,10.961,28.531,0.000,0.000,0.009,39.500
2026-09-02T07:50:58.625321+07:00,c9_sim,259,8.722,24.182,0.000,0.000,0.025,32.929
2026-09-02T07:50:58.866284+07:00,c9_sim,260,10.773,46.217,0.000,0.000,0.028,57.018
2026-09-02T07:50:59.036981+07:00,c9_sim,261,12.979,28.699,0.000,0.000,0.026,41.704
2026-09-02T07:50:59.231840+07:00,c9_sim,262,6.994,27.904,0.000,0.000,0.024,34.922
2026-09-02T07:50:59.439574+07:00,c9_sim,263,8.152,25.658,0.000,0.000,0.019,33.828
2026-09-02T07:50:59.645548+07:00,c9_sim,264,6.268,21.596,1.417,0.000,0.017,29.298
2026-09-02T07:50:59.860647+07:00,c9_sim,265,7.115,37.585,0.924,0.000,0.018,45.642
2026-09-02T07:51:00.059739+07:00,c9_sim,266,13.179,36.408,0.000,0.000,0.030,49.618
2026-09-02T07:51:00.257536+07:00,c9_sim,267,10.672,30.255,0.000,0.000,0.027,40.954
2026-09-02T07:51:00.444502+07:00,c9_sim,268,10.751,25.287,0.000,0.000,0.020,36.059
2026-09-02T07:51:00.637280+07:00,c9_sim,269,13.271,25.557,0.000,0.000,0.028,38.855
2026-09-02T07:51:00.842256+07:00,c9_sim,270,9.629,37.938,0.000,0.000,0.016,47.582
2026-09-02T07:51:01.043886+07:00,c9_sim,271,8.146,28.775,1.269,0.000,0.024,38.214
2026-09-02T07:51:01.242173+07:00,c9_sim,272,6.849,33.171,1.165,0.007,0.692,41.885
2026-09-02T07:51:01.429275+07:00,c9_sim,273,8.119,23.328,0.000,0.000,0.092,31.540
2026-09-02T07:51:01.646438+07:00,c9_sim,274,11.612,29.311,0.000,0.000,0.025,40.948
2026-09-02T07:51:01.854616+07:00,c9_sim,275,11.369,38.497,0.000,0.000,0.021,49.886
2026-09-02T07:51:02.047093+07:00,c9_sim,276,11.818,29.044,0.000,0.000,0.024,40.886
2026-09-02T07:51:02.245675+07:00,c9_sim,277,9.723,35.093,0.000,0.000,0.036,44.852
2026-09-02T07:51:02.470794+07:00,c9_sim,278,7.204,23.924,1.061,32.536,0.025,64.750
2026-09-02T07:51:02.686621+07:00,c9_sim,279,7.763,36.186,1.062,32.695,0.036,77.741
2026-09-02T07:51:02.889967+07:00,c9_sim,280,5.771,34.537,1.022,29.921,0.039,71.290
2026-09-02T07:51:03.042813+07:00,c9_sim,281,5.896,33.742,0.000,0.000,0.025,39.663
2026-09-02T07:51:03.253930+07:00,c9_sim,282,6.173,34.203,0.000,0.000,0.027,40.403
2026-09-02T07:51:03.483659+07:00,c9_sim,283,7.698,37.892,1.005,28.065,0.020,74.680
2026-09-02T07:51:03.685002+07:00,c9_sim,284,6.323,36.045,0.811,22.912,0.026,66.116
2026-09-02T07:51:03.861025+07:00,c9_sim,285,6.917,36.421,0.000,0.000,0.019,43.357
2026-09-02T07:51:04.070926+07:00,c9_sim,286,6.059,32.592,1.042,33.166,0.029,72.888
2026-09-02T07:51:04.281634+07:00,c9_sim,287,6.457,36.923,1.092,26.078,0.035,70.585
2026-09-02T07:51:04.494102+07:00,c9_sim,288,7.361,40.894,1.350,27.926,0.034,77.564
2026-09-02T07:51:04.656675+07:00,c9_sim,289,7.755,35.274,1.234,0.000,0.021,44.284
2026-09-02T07:51:04.858998+07:00,c9_sim,290,10.939,36.106,1.119,0.000,0.019,48.184
2026-09-02T07:51:05.081924+07:00,c9_sim,291,12.787,34.494,1.214,29.092,0.148,77.735
2026-09-02T07:51:05.300012+07:00,c9_sim,292,13.881,40.947,1.410,25.301,0.023,81.562
2026-09-02T07:51:05.483413+07:00,c9_sim,293,12.065,38.416,0.966,24.495,0.022,75.964
2026-09-02T07:51:05.655296+07:00,c9_sim,294,12.212,26.081,0.000,0.000,0.026,38.318
2026-09-02T07:51:05.846190+07:00,c9_sim,295,12.734,27.048,0.000,0.000,0.022,39.804
2026-09-02T07:51:06.076069+07:00,c9_sim,296,12.581,32.547,1.058,26.622,0.026,72.834
2026-09-02T07:51:06.253233+07:00,c9_sim,297,5.897,34.560,0.000,0.000,0.023,40.480
2026-09-02T07:51:06.450589+07:00,c9_sim,298,7.605,36.559,0.000,0.000,0.022,44.186
2026-09-02T07:51:06.647317+07:00,c9_sim,299,5.301,31.734,0.000,0.000,0.014,37.049
2026-09-02T07:51:06.850961+07:00,c9_sim,300,8.084,38.599,0.000,0.000,0.025,46.708
2026-09-02T07:51:07.059229+07:00,c9_sim,301,10.593,39.385,0.000,0.000,0.025,50.002
2026-09-02T07:51:07.295295+07:00,c9_sim,302,7.478,41.306,1.753,30.103,0.032,80.671
2026-09-02T07:51:07.499800+07:00,c9_sim,303,8.308,44.941,1.428,36.922,0.211,91.811
2026-09-02T07:51:07.656231+07:00,c9_sim,304,5.857,30.801,0.000,0.000,0.022,36.680
2026-09-02T07:51:07.857186+07:00,c9_sim,305,7.930,34.858,0.000,0.000,0.022,42.809
2026-09-02T07:51:08.101583+07:00,c9_sim,306,11.506,43.375,1.244,34.455,0.029,90.608
2026-09-02T07:51:08.279015+07:00,c9_sim,307,9.880,28.796,0.938,27.360,0.017,66.991
2026-09-02T07:51:08.496149+07:00,c9_sim,308,5.955,40.524,0.940,29.106,0.029,76.555
2026-09-02T07:51:08.687093+07:00,c9_sim,309,7.295,38.454,1.051,26.236,0.018,73.053
2026-09-02T07:51:08.884341+07:00,c9_sim,310,10.294,31.672,1.257,28.824,0.010,72.058
2026-09-02T07:51:09.071227+07:00,c9_sim,311,10.118,36.671,1.166,25.027,0.014,72.997
2026-09-02T07:51:09.266953+07:00,c9_sim,312,10.491,26.852,1.123,26.256,0.032,64.753
2026-09-02T07:51:09.465814+07:00,c9_sim,313,4.514,28.497,0.589,22.159,0.017,55.776
2026-09-02T07:51:09.660936+07:00,c9_sim,314,5.319,28.005,0.761,22.731,0.023,56.839
2026-09-02T07:51:09.885741+07:00,c9_sim,315,13.269,33.251,1.173,29.819,0.017,77.530
2026-09-02T07:51:10.069562+07:00,c9_sim,316,7.893,33.033,1.631,22.790,0.039,65.386
2026-09-02T07:51:10.261944+07:00,c9_sim,317,11.838,22.564,0.968,27.461,0.029,62.860
2026-09-02T07:51:10.495162+07:00,c9_sim,318,12.258,38.873,1.049,26.096,0.051,78.326
2026-09-02T07:51:10.676334+07:00,c9_sim,319,8.488,33.318,1.211,23.872,0.027,66.916
2026-09-02T07:51:10.876689+07:00,c9_sim,320,11.575,29.509,0.729,22.946,0.040,64.798
2026-09-02T07:51:11.081122+07:00,c9_sim,321,13.524,28.993,0.943,28.787,0.022,72.270
2026-09-02T07:51:11.288627+07:00,c9_sim,322,12.873,33.564,1.096,25.527,0.019,73.080
2026-09-02T07:51:11.462384+07:00,c9_sim,323,9.624,25.178,0.721,23.711,0.020,59.255
2026-09-02T07:51:11.650568+07:00,c9_sim,324,7.975,19.249,0.826,25.774,0.026,53.850
2026-09-02T07:51:11.892775+07:00,c9_sim,325,8.621,48.933,1.280,32.982,0.039,91.856
2026-09-02T07:51:12.074814+07:00,c9_sim,326,7.436,27.869,1.300,32.919,0.056,69.580
2026-09-02T07:51:12.274568+07:00,c9_sim,327,11.384,34.533,0.822,27.622,0.030,74.390
2026-09-02T07:51:12.464484+07:00,c9_sim,328,8.411,27.878,0.831,25.403,0.028,62.552
2026-09-02T07:51:12.701537+07:00,c9_sim,329,8.657,38.977,0.813,53.651,0.051,102.148
2026-09-02T07:51:12.902987+07:00,c9_sim,330,6.818,37.456,3.356,52.256,0.043,99.929
2026-09-02T07:51:13.090136+07:00,c9_sim,331,6.902,32.262,0.719,37.837,0.077,77.797
2026-09-02T07:51:13.287037+07:00,c9_sim,332,5.686,20.611,0.786,45.733,0.042,72.858
2026-09-02T07:51:13.463200+07:00,c9_sim,333,5.093,27.144,0.685,30.641,0.040,63.602
2026-09-02T07:51:13.677756+07:00,c9_sim,334,5.627,31.982,0.854,27.121,0.043,65.627
2026-09-02T07:51:13.858489+07:00,c9_sim,335,4.758,28.410,0.649,24.955,0.040,58.811
2026-09-02T07:51:14.133395+07:00,c9_sim,336,12.115,56.132,1.216,49.029,0.037,118.529
2026-09-02T07:51:14.286544+07:00,c9_sim,337,6.219,31.606,0.789,33.605,0.037,72.256
2026-09-02T07:51:14.453337+07:00,c9_sim,338,5.746,21.944,0.696,20.942,0.045,49.373
2026-09-02T07:51:14.683338+07:00,c9_sim,339,7.806,34.756,0.961,28.351,0.049,71.923
2026-09-02T07:51:14.898756+07:00,c9_sim,340,8.437,37.054,1.101,30.222,0.043,76.857
2026-09-02T07:51:15.040259+07:00,c9_sim,341,7.331,24.057,0.000,0.000,0.018,31.406
2026-09-02T07:51:15.232432+07:00,c9_sim,342,11.643,25.252,0.000,0.000,0.046,36.941
2026-09-02T07:51:15.459612+07:00,c9_sim,343,7.769,34.414,0.000,0.000,0.026,42.208
2026-09-02T07:51:15.653710+07:00,c8_sim,129,10.239,33.068,1.454,0.000,0.019,44.780
2026-09-02T07:51:15.873886+07:00,c8_sim,130,19.712,33.709,1.004,0.000,0.018,54.443
2026-09-02T07:51:16.056865+07:00,c8_sim,131,8.185,34.430,1.166,0.000,0.021,43.803
2026-09-02T07:51:16.291491+07:00,c8_sim,132,12.649,33.058,1.107,32.813,0.186,79.813
2026-09-02T07:51:16.475438+07:00,c8_sim,133,17.061,37.175,1.538,0.011,0.032,55.816
2026-09-02T07:51:16.686675+07:00,c8_sim,134,8.727,36.983,1.339,28.339,0.024,75.412
2026-09-02T07:51:16.882979+07:00,c8_sim,135,6.556,26.808,1.577,28.693,0.039,63.672
2026-09-02T07:51:17.118080+07:00,c8_sim,136,10.572,15.523,0.621,79.374,0.107,106.197
2026-09-02T07:51:17.444297+07:00,c8_sim,137,41.750,79.109,3.114,97.114,0.032,221.120
2026-09-02T07:51:17.577600+07:00,c8_sim,138,24.110,33.904,12.689,78.777,0.042,149.523
2026-09-02T07:51:17.681450+07:00,c8_sim,139,9.253,30.335,0.737,28.775,0.032,69.131
2026-09-02T07:51:17.877781+07:00,c8_sim,140,7.320,32.796,0.595,23.273,0.027,64.011
2026-09-02T07:51:18.066606+07:00,c8_sim,141,7.007,22.526,0.659,26.586,0.024,56.802
2026-09-02T07:51:18.286400+07:00,c8_sim,142,8.540,29.295,1.398,25.570,0.437,65.241
2026-09-02T07:51:18.468186+07:00,c8_sim,143,7.614,18.814,0.675,23.326,0.067,50.496
2026-09-02T07:51:18.670642+07:00,c8_sim,144,10.382,36.402,0.000,0.000,0.027,46.811
2026-09-02T07:51:18.869353+07:00,c8_sim,145,7.223,31.349,0.888,25.223,0.026,64.708
2026-09-02T07:51:19.058037+07:00,c8_sim,146,7.062,19.146,0.628,21.454,0.021,48.310
2026-09-02T07:51:19.290161+07:00,c8_sim,147,10.365,32.633,0.825,34.597,0.023,78.443
2026-09-02T07:51:19.597487+07:00,c8_sim,148,13.544,42.456,1.157,116.664,0.054,173.875
2026-09-02T07:51:19.725347+07:00,c8_sim,149,11.915,36.887,1.048,64.862,0.034,114.746
2026-09-02T07:51:19.925215+07:00,c8_sim,150,11.556,38.088,1.122,57.531,0.056,108.352
2026-09-02T07:51:20.080911+07:00,c8_sim,151,8.283,33.555,0.911,27.640,0.044,70.434
2026-09-02T07:51:20.267912+07:00,c8_sim,152,7.951,27.716,0.635,23.587,0.037,59.927
2026-09-02T07:51:20.465343+07:00,c8_sim,153,10.328,21.357,0.651,29.846,0.030,62.212
2026-09-02T07:51:20.704965+07:00,c8_sim,154,11.399,44.214,0.853,28.698,0.052,85.216
2026-09-02T07:51:20.878323+07:00,c8_sim,155,11.867,22.368,0.892,30.573,0.030,65.731
2026-09-02T07:51:21.098296+07:00,c8_sim,156,14.409,35.503,1.079,38.946,0.041,89.978
2026-09-02T07:51:21.268065+07:00,c8_sim,157,7.916,27.331,0.784,29.964,0.031,66.026
2026-09-02T07:51:21.460857+07:00,c8_sim,158,11.519,28.098,0.000,0.000,0.018,39.635
2026-09-02T07:51:21.691306+07:00,c8_sim,159,11.575,37.675,1.059,29.168,0.040,79.516
2026-09-02T07:51:21.866043+07:00,c8_sim,160,7.511,32.893,0.000,0.000,0.019,40.423
2026-09-02T07:51:22.033379+07:00,c8_sim,161,6.204,14.056,0.000,0.000,0.011,20.271
2026-09-02T07:51:22.262546+07:00,c8_sim,162,8.986,32.063,0.000,0.000,0.020,41.068
2026-09-02T07:51:22.458649+07:00,c8_sim,163,13.694,33.901,0.000,0.000,0.024,47.619
2026-09-02T07:51:22.645582+07:00,c8_sim,164,12.953,28.139,0.000,0.000,0.016,41.108
2026-09-02T07:51:22.858652+07:00,c8_sim,165,10.787,32.369,0.000,0.000,0.030,43.187
2026-09-02T07:51:23.057506+07:00,c8_sim,166,9.929,32.952,0.000,0.000,0.019,42.900
2026-09-02T07:51:23.242162+07:00,c8_sim,167,9.302,23.611,0.000,0.000,0.030,32.943
2026-09-02T07:51:23.462471+07:00,c8_sim,168,9.110,36.304,0.000,0.000,0.017,45.432
2026-09-02T07:51:23.660175+07:00,c8_sim,169,8.337,34.401,0.000,0.000,0.026,42.764
2026-09-02T07:51:23.850629+07:00,c8_sim,170,10.446,29.525,0.000,0.000,0.027,39.998
2026-09-02T07:51:24.054422+07:00,c8_sim,171,13.081,32.333,0.000,0.000,0.023,45.437
2026-09-02T07:51:24.254033+07:00,c8_sim,172,12.221,34.578,0.000,0.000,0.022,46.820
2026-09-02T07:51:24.449028+07:00,c8_sim,173,15.470,24.161,0.000,0.000,0.024,39.655
2026-09-02T07:51:24.652577+07:00,c8_sim,174,11.624,33.890,0.000,0.000,0.989,46.503
2026-09-02T07:51:24.856794+07:00,c8_sim,175,16.989,34.552,0.000,0.000,0.103,51.644
2026-09-02T07:51:25.050549+07:00,c8_sim,176,7.373,25.470,0.000,0.000,0.007,32.851
2026-09-02T07:51:25.255056+07:00,c8_sim,177,10.934,33.096,0.000,0.000,0.013,44.043
2026-09-02T07:51:25.448648+07:00,c8_sim,178,9.750,32.290,0.000,0.000,0.012,42.052
2026-09-02T07:51:25.644602+07:00,c8_sim,179,8.850,27.884,0.000,0.000,0.007,36.741
2026-09-02T07:51:25.836970+07:00,c8_sim,180,7.310,21.996,0.000,0.000,0.009,29.316
2026-09-02T07:51:26.062177+07:00,c8_sim,181,8.147,33.748,0.000,0.000,0.013,41.909
2026-09-02T07:51:26.238788+07:00,c8_sim,182,6.860,16.022,0.000,0.000,0.008,22.890
2026-09-02T07:51:26.442018+07:00,c8_sim,183,8.416,33.121,0.000,0.000,0.013,41.550
2026-09-02T07:51:26.662596+07:00,c8_sim,184,15.372,29.892,0.000,0.000,0.010,45.274
2026-09-02T07:51:26.855455+07:00,c8_sim,185,13.304,32.453,0.000,0.000,0.012,45.769
2026-09-02T07:51:27.058792+07:00,c8_sim,186,13.207,32.693,0.000,0.000,0.010,45.909
2026-09-02T07:51:27.250843+07:00,c8_sim,187,14.387,25.104,0.000,0.000,0.010,39.501
2026-09-02T07:51:27.455211+07:00,c8_sim,188,10.767,35.993,0.000,0.000,0.014,46.774
2026-09-02T07:51:27.651149+07:00,c10_sim,124,8.348,24.295,6.013,0.000,0.022,38.677
2026-09-02T07:51:27.873748+07:00,c10_sim,125,15.708,35.223,1.033,0.000,0.021,51.985
2026-09-02T07:51:28.107963+07:00,c10_sim,126,8.543,34.610,1.195,51.037,0.216,95.600
2026-09-02T07:51:28.283821+07:00,c10_sim,127,7.179,34.617,0.785,23.905,0.025,66.511
2026-09-02T07:51:28.492370+07:00,c10_sim,128,9.430,33.442,1.250,31.319,0.042,75.482
2026-09-02T07:51:28.701216+07:00,c10_sim,129,10.998,27.285,1.316,30.526,0.023,70.148
2026-09-02T07:51:28.900046+07:00,c10_sim,130,9.949,28.956,1.357,32.822,0.034,73.118
2026-09-02T07:51:29.116667+07:00,c10_sim,131,11.046,34.505,1.354,34.524,0.030,81.459
2026-09-02T07:51:29.304380+07:00,c10_sim,132,8.758,36.200,1.131,35.417,0.019,81.525
2026-09-02T07:51:29.508764+07:00,c10_sim,133,8.405,34.903,1.145,29.033,0.027,73.512
2026-09-02T07:51:29.693894+07:00,c10_sim,134,11.188,33.358,1.088,29.501,0.019,75.154
2026-09-02T07:51:29.877465+07:00,c10_sim,135,6.745,29.426,0.811,25.054,0.267,62.303
2026-09-02T07:51:30.083670+07:00,c10_sim,136,10.226,33.538,0.746,23.608,0.029,68.146
2026-09-02T07:51:30.288233+07:00,c10_sim,137,8.191,27.265,0.964,34.093,0.031,70.542
2026-09-02T07:51:30.505339+07:00,c10_sim,138,13.093,29.826,1.551,35.453,0.023,79.947
2026-09-02T07:51:30.680805+07:00,c10_sim,139,13.786,33.202,1.302,0.000,0.022,48.312
2026-09-02T07:51:30.884073+07:00,c10_sim,140,12.685,34.581,1.460,0.000,0.013,48.738
2026-09-02T07:51:31.049180+07:00,c10_sim,141,10.039,23.316,1.217,0.000,0.015,34.587
2026-09-02T07:51:31.285683+07:00,c10_sim,142,11.789,35.389,2.088,0.000,0.055,49.321
2026-09-02T07:51:31.455277+07:00,c10_sim,143,11.944,27.215,0.842,0.000,0.016,40.016
2026-09-02T07:51:31.669639+07:00,c10_sim,144,12.376,33.899,1.207,0.008,0.292,47.782
2026-09-02T07:51:31.877759+07:00,c10_sim,145,8.869,34.687,1.134,0.007,0.028,44.724
2026-09-02T07:51:32.073921+07:00,c10_sim,146,7.845,28.189,0.814,0.007,0.024,36.880
2026-09-02T07:51:32.277401+07:00,c10_sim,147,14.346,36.466,1.094,0.007,0.024,51.936
2026-09-02T07:51:32.464160+07:00,c10_sim,148,13.837,21.665,0.000,0.000,0.017,35.519
2026-09-02T07:51:32.655916+07:00,c10_sim,149,10.773,28.723,0.000,0.000,0.026,39.523
2026-09-02T07:51:32.877874+07:00,c10_sim,150,11.805,34.314,0.000,0.000,0.026,46.145
2026-09-02T07:51:33.053049+07:00,c10_sim,151,9.098,32.781,0.000,0.000,0.027,41.905
2026-09-02T07:51:33.266159+07:00,c10_sim,152,11.159,25.996,0.000,0.000,0.028,37.183
2026-09-02T07:51:33.453016+07:00,c10_sim,153,11.976,28.846,0.000,0.000,0.567,41.390
2026-09-02T07:51:33.650719+07:00,c12_sim,39,7.828,30.505,0.000,0.000,0.043,38.376
2026-09-02T07:51:33.878249+07:00,c12_sim,40,11.964,36.362,2.113,0.000,0.026,50.464
2026-09-02T07:51:34.078896+07:00,c12_sim,41,8.283,34.190,0.000,0.000,0.022,42.496
2026-09-02T07:51:34.273123+07:00,c12_sim,42,7.054,24.725,0.000,0.000,0.014,31.793
2026-09-02T07:51:34.474369+07:00,c12_sim,43,13.128,31.496,0.000,0.000,0.023,44.647
2026-09-02T07:51:34.678094+07:00,c12_sim,44,13.230,37.120,0.000,0.000,0.014,50.363
2026-09-02T07:51:34.869853+07:00,c12_sim,45,11.872,26.249,0.000,0.000,0.029,38.150
2026-09-02T07:51:35.061873+07:00,c12_sim,46,12.436,31.704,0.000,0.000,0.010,44.150
2026-09-02T07:51:35.280335+07:00,c12_sim,47,6.737,32.796,0.000,0.000,0.010,39.543
2026-09-02T07:51:35.449095+07:00,c12_sim,48,7.332,23.671,0.000,0.000,0.010,31.014
2026-09-02T07:51:35.669416+07:00,c11_sim,503,10.033,32.879,0.000,0.000,0.017,42.928
2026-09-02T07:51:35.883943+07:00,c11_sim,504,15.812,29.279,0.000,0.000,0.009,45.100
2026-09-02T07:51:36.081218+07:00,c11_sim,505,12.462,32.992,0.000,0.000,0.014,45.467
2026-09-02T07:51:36.277157+07:00,c11_sim,506,12.467,27.046,1.147,0.000,0.012,40.672
2026-09-02T07:51:36.479944+07:00,c11_sim,507,12.954,37.664,1.074,0.000,0.008,51.699
2026-09-02T07:51:36.665891+07:00,c11_sim,508,6.675,20.105,0.844,0.000,0.010,27.634
2026-09-02T07:51:36.922743+07:00,c11_sim,509,15.371,32.750,1.235,31.611,0.065,81.032
2026-09-02T07:51:37.068933+07:00,c11_sim,510,12.250,25.233,0.000,0.000,0.016,37.499
2026-09-02T07:51:37.268133+07:00,c11_sim,511,7.247,30.572,0.000,0.000,0.025,37.844
2026-09-02T07:51:37.543519+07:00,c11_sim,512,12.615,30.692,0.870,53.498,0.194,97.869
2026-09-02T07:51:37.677706+07:00,c11_sim,513,7.322,17.224,0.963,18.199,0.019,43.727
2026-09-02T07:51:37.855885+07:00,c11_sim,514,6.028,19.738,0.930,0.009,0.024,26.729
2026-09-02T07:51:38.087706+07:00,c11_sim,515,6.443,26.460,0.783,26.492,0.032,60.211
2026-09-02T07:51:38.290169+07:00,c11_sim,516,13.912,39.599,0.000,0.000,0.018,53.529
2026-09-02T07:51:38.520106+07:00,c11_sim,517,12.423,34.645,0.827,30.179,0.021,78.095
2026-09-02T07:51:38.665341+07:00,c11_sim,518,11.414,24.160,0.000,0.000,0.014,35.588
2026-09-02T07:51:38.883757+07:00,c11_sim,519,9.005,33.209,0.000,0.000,0.022,42.237
2026-09-02T07:51:39.100659+07:00,c11_sim,520,9.033,27.385,0.633,27.167,0.020,64.238
2026-09-02T07:51:39.329619+07:00,c11_sim,521,12.495,34.881,0.991,39.156,0.034,87.557
2026-09-02T07:51:39.504509+07:00,c11_sim,522,8.393,25.698,0.704,32.279,0.026,67.099
2026-09-02T07:51:39.699004+07:00,c11_sim,523,9.617,28.867,1.153,21.676,0.022,61.335
2026-09-02T07:51:39.905920+07:00,c11_sim,524,11.625,37.265,0.867,27.059,0.019,76.835
2026-09-02T07:51:40.096404+07:00,c11_sim,525,7.895,45.037,0.604,20.627,0.023,74.187
2026-09-02T07:51:40.283387+07:00,c11_sim,526,7.352,19.047,0.799,23.307,0.025,50.531
2026-09-02T07:51:40.511724+07:00,c11_sim,527,11.619,33.176,1.038,30.995,0.028,76.855
2026-09-02T07:51:40.692683+07:00,c11_sim,528,10.983,33.264,0.898,23.742,0.028,68.915
2026-09-02T07:51:40.875447+07:00,c11_sim,529,9.186,38.935,0.000,0.000,0.019,48.140
2026-09-02T07:51:41.069504+07:00,c11_sim,530,11.752,25.689,0.000,0.000,0.018,37.459
2026-09-02T07:51:41.307200+07:00,c11_sim,531,6.330,32.556,1.060,33.170,0.031,73.147
2026-09-02T07:51:41.509483+07:00,c11_sim,532,13.228,29.549,1.005,28.484,0.024,72.291
2026-09-02T07:51:41.721751+07:00,c11_sim,533,8.820,35.142,1.388,32.560,0.057,77.966
2026-09-02T07:51:41.879955+07:00,c11_sim,534,10.212,37.913,0.000,0.000,0.014,48.140
2026-09-02T07:51:42.114235+07:00,c11_sim,535,8.024,32.405,1.116,33.240,0.054,74.839
2026-09-02T07:51:42.317723+07:00,c11_sim,536,9.064,35.989,1.127,28.980,0.052,75.212
2026-09-02T07:51:42.498394+07:00,c11_sim,537,13.172,33.063,1.043,26.384,0.040,73.703
2026-09-02T07:51:42.709300+07:00,c11_sim,538,7.256,34.211,1.029,25.933,0.040,68.469
2026-09-02T07:51:42.911658+07:00,c11_sim,539,8.791,27.052,0.904,30.055,0.032,66.835
2026-09-02T07:51:43.117758+07:00,c11_sim,540,10.706,37.951,1.128,27.087,0.034,76.906
2026-09-02T07:51:43.311360+07:00,c11_sim,541,9.613,35.816,1.244,29.792,0.043,76.509
2026-09-02T07:51:43.499540+07:00,c11_sim,542,8.374,33.913,1.136,31.223,0.036,74.681
2026-09-02T07:51:43.700622+07:00,c11_sim,543,12.720,24.787,0.946,28.862,0.032,67.346
2026-09-02T07:51:43.899295+07:00,c11_sim,544,13.862,27.643,1.038,30.062,0.051,72.656
2026-09-02T07:51:44.116418+07:00,c11_sim,545,11.462,35.013,1.201,34.305,0.039,82.019
2026-09-02T07:51:44.311890+07:00,c11_sim,546,11.625,26.584,0.762,25.702,0.038,64.710
2026-09-02T07:51:44.520840+07:00,c11_sim,547,14.982,33.967,1.173,30.701,0.039,80.861
2026-09-02T07:51:44.708000+07:00,c11_sim,548,10.925,33.994,1.090,29.532,0.035,75.577
2026-09-02T07:51:44.899611+07:00,c11_sim,549,12.635,23.872,0.794,27.336,0.036,64.673
2026-09-02T07:51:45.106896+07:00,c11_sim,550,13.253,32.539,0.871,29.364,0.036,76.064
2026-09-02T07:51:45.318988+07:00,c11_sim,551,14.197,34.894,1.029,29.699,0.027,79.847
2026-09-02T07:51:45.474831+07:00,c11_sim,552,8.479,33.244,1.484,0.000,0.022,43.229
2026-09-02T07:51:45.678210+07:00,c11_sim,553,14.982,34.548,1.026,0.000,0.021,50.578
2026-09-02T07:51:45.875930+07:00,c11_sim,554,8.741,35.006,0.948,0.000,0.029,44.724
2026-09-02T07:51:46.129577+07:00,c11_sim,555,26.715,64.454,1.394,0.007,0.556,93.126
2026-09-02T07:51:46.311753+07:00,c11_sim,556,12.886,34.970,2.631,30.665,0.036,81.188
2026-09-02T07:51:46.594934+07:00,c11_sim,557,108.835,41.224,1.059,0.006,0.021,151.146
2026-09-02T07:51:46.734459+07:00,c11_sim,558,16.105,82.639,2.498,0.009,0.047,101.298
2026-09-02T07:51:46.930360+07:00,c11_sim,559,58.892,30.699,0.000,0.000,0.017,89.608
2026-09-02T07:51:47.059385+07:00,c11_sim,560,6.350,31.351,0.000,0.000,0.027,37.728
2026-09-02T07:51:47.283251+07:00,c11_sim,561,7.309,34.901,0.000,0.000,0.018,42.228
2026-09-02T07:51:47.463764+07:00,c11_sim,562,7.171,35.065,0.000,0.000,0.023,42.258
2026-09-02T07:51:47.696929+07:00,c11_sim,563,7.273,35.679,2.108,1.001,0.029,46.091
2026-09-02T07:51:47.907326+07:00,c11_sim,564,8.330,21.755,0.900,24.391,0.026,55.403
2026-09-02T07:51:48.101268+07:00,c11_sim,565,9.702,31.253,1.042,0.005,0.018,42.019
2026-09-02T07:51:48.287800+07:00,c11_sim,566,10.130,15.902,0.820,18.535,0.454,45.841
2026-09-02T07:51:48.515647+07:00,c11_sim,567,6.369,33.790,0.874,24.008,0.048,65.089
2026-09-02T07:51:48.683087+07:00,c11_sim,568,5.886,18.430,1.380,0.000,0.016,25.712
2026-09-02T07:51:48.887343+07:00,c11_sim,569,8.131,30.702,0.700,0.000,0.013,39.547
2026-09-02T07:51:49.096167+07:00,c11_sim,570,9.700,22.198,0.916,22.680,0.116,55.611
2026-09-02T07:51:49.271463+07:00,c11_sim,571,5.992,23.622,0.736,0.004,0.015,30.368
2026-09-02T07:51:49.507837+07:00,c11_sim,572,9.144,27.198,0.640,19.434,0.021,56.437
2026-09-02T07:51:49.695537+07:00,c11_sim,573,5.907,15.965,0.698,21.969,0.023,44.562
2026-09-02T07:51:49.915501+07:00,c11_sim,574,7.475,25.879,0.805,21.880,0.021,56.062
2026-09-02T07:51:50.088508+07:00,c11_sim,575,6.155,23.770,0.694,21.432,0.030,52.082
2026-09-02T07:51:50.315157+07:00,c11_sim,576,7.366,30.641,0.749,24.275,0.028,63.058
2026-09-02T07:51:50.509959+07:00,c11_sim,577,7.536,32.980,0.687,23.673,0.035,64.912
2026-09-02T07:51:50.714516+07:00,c11_sim,578,7.038,28.553,0.694,23.832,0.025,60.143
2026-09-02T07:51:50.894218+07:00,c11_sim,579,6.557,18.055,0.718,19.298,0.020,44.648
2026-09-02T07:51:51.117799+07:00,c11_sim,580,6.987,31.046,0.808,21.962,0.019,60.822
2026-09-02T07:51:51.307601+07:00,c11_sim,581,7.290,23.149,0.742,21.657,0.028,52.866
2026-09-02T07:51:51.523424+07:00,c11_sim,582,7.272,37.954,0.973,24.539,0.309,71.048
2026-09-02T07:51:51.684128+07:00,c11_sim,583,8.330,18.660,0.733,20.068,0.040,47.831
2026-09-02T07:51:51.908476+07:00,c11_sim,584,6.142,24.067,0.576,23.457,0.025,54.266
2026-09-02T07:51:52.218149+07:00,c11_sim,585,12.020,46.802,2.009,98.027,0.086,158.944
2026-09-02T07:51:52.421519+07:00,c11_sim,586,93.566,30.522,1.156,48.676,0.050,173.970
2026-09-02T07:51:52.542679+07:00,c11_sim,587,9.950,31.488,0.996,40.388,0.162,82.983
2026-09-02T07:51:52.681000+07:00,c11_sim,588,6.283,17.774,0.659,20.327,0.034,45.076
2026-09-02T07:51:52.884502+07:00,c11_sim,589,6.096,27.939,0.000,0.000,0.015,34.049
2026-09-02T07:51:53.074136+07:00,c11_sim,590,6.519,16.593,0.000,0.000,0.011,23.123
2026-09-02T07:51:53.294012+07:00,c11_sim,591,6.702,28.432,0.758,22.856,0.050,58.798
2026-09-02T07:51:53.536182+07:00,c11_sim,592,13.617,40.403,0.848,27.313,0.044,82.224
2026-09-02T07:51:53.711862+07:00,c11_sim,593,15.056,23.563,1.022,28.547,0.039,68.228
2026-09-02T07:51:53.924444+07:00,c11_sim,594,8.051,38.888,0.890,27.997,0.027,75.854
2026-09-02T07:51:54.104511+07:00,c11_sim,595,13.388,25.343,1.180,28.453,0.044,68.409
2026-09-02T07:51:54.351813+07:00,c11_sim,596,13.921,45.785,1.370,37.095,0.061,98.233
2026-09-02T07:51:54.509027+07:00,c11_sim,597,6.919,33.064,1.318,26.840,0.067,68.208
2026-09-02T07:51:54.700828+07:00,c11_sim,598,7.163,30.934,0.882,22.599,0.051,61.630
2026-09-02T07:51:54.906689+07:00,c11_sim,599,8.711,32.363,0.817,23.621,0.035,65.547
2026-09-02T07:51:55.125925+07:00,c11_sim,600,15.882,38.896,1.952,29.152,0.049,85.931
2026-09-02T07:51:55.309221+07:00,c11_sim,601,7.801,34.060,1.008,24.196,0.063,67.127
2026-09-02T07:51:55.524808+07:00,c11_sim,602,13.694,36.178,1.112,27.916,0.051,78.951
2026-09-02T07:51:55.706296+07:00,c11_sim,603,8.522,35.577,1.036,26.663,0.031,71.828
2026-09-02T07:51:55.905492+07:00,c11_sim,604,14.214,34.558,0.000,0.000,0.020,48.792
2026-09-02T07:51:56.098680+07:00,c11_sim,605,9.961,32.776,0.000,0.000,0.023,42.760
2026-09-02T07:51:56.334510+07:00,c11_sim,606,15.356,35.080,1.086,26.935,0.016,78.473
2026-09-02T07:51:56.514799+07:00,c11_sim,607,13.183,32.792,0.922,24.909,0.042,71.847
2026-09-02T07:51:56.731409+07:00,c11_sim,608,9.314,37.911,0.975,35.888,0.029,84.117
2026-09-02T07:51:56.890060+07:00,c11_sim,609,12.501,38.896,0.000,0.000,0.023,51.420
2026-09-02T07:51:57.122209+07:00,c11_sim,610,12.300,28.837,0.749,39.354,0.036,81.276
2026-09-02T07:51:57.763814+07:00,c11_sim,611,14.313,121.728,97.889,276.942,0.254,511.127
2026-09-02T07:51:57.813847+07:00,c11_sim,612,157.632,24.117,0.569,20.239,0.029,202.587
2026-09-02T07:51:57.859603+07:00,c11_sim,613,78.150,17.894,0.796,26.040,0.027,122.908
2026-09-02T07:51:57.898726+07:00,c11_sim,614,6.782,17.738,0.545,19.974,0.032,45.071
2026-09-02T07:51:58.139574+07:00,c11_sim,615,6.014,45.189,0.607,27.744,0.071,79.625
2026-09-02T07:51:58.319556+07:00,c11_sim,616,6.556,68.713,0.000,0.000,0.021,75.289
2026-09-02T07:51:58.482168+07:00,c11_sim,617,6.853,22.240,0.585,20.874,0.029,50.582
2026-09-02T07:51:58.708401+07:00,c11_sim,618,7.289,34.370,0.646,26.616,0.125,69.046
2026-09-02T07:51:58.911265+07:00,c11_sim,619,11.355,29.358,0.928,30.616,0.034,72.289
2026-09-02T07:51:59.112270+07:00,c11_sim,620,9.223,31.629,0.978,26.408,0.035,68.273
2026-09-02T07:51:59.323491+07:00,c11_sim,621,10.410,35.848,1.110,30.750,0.022,78.139
2026-09-02T07:51:59.520094+07:00,c11_sim,622,7.720,20.572,0.682,31.702,0.038,60.715
2026-09-02T07:51:59.695954+07:00,c11_sim,623,8.431,33.324,0.000,0.000,0.026,41.780
2026-09-02T07:51:59.935163+07:00,c11_sim,624,8.009,33.710,1.166,35.708,0.038,78.632
2026-09-02T07:52:00.130646+07:00,c11_sim,625,9.562,35.515,1.764,34.752,0.037,81.631
2026-09-02T07:52:00.282685+07:00,c11_sim,626,9.559,35.867,0.000,0.000,0.025,45.451
2026-09-02T07:52:00.515571+07:00,c11_sim,627,11.629,34.214,0.755,29.407,0.034,76.039
2026-09-02T07:52:00.673668+07:00,c11_sim,628,9.400,25.225,0.000,0.000,0.018,34.642
2026-09-02T07:52:00.929774+07:00,c11_sim,629,8.799,36.901,1.009,33.468,0.031,80.208
2026-09-02T07:52:01.075368+07:00,c11_sim,630,9.871,24.901,0.000,0.000,0.024,34.795
2026-09-02T07:52:01.295354+07:00,c11_sim,631,8.771,33.273,0.000,0.000,0.018,42.061
2026-09-02T07:52:01.491958+07:00,c11_sim,632,15.698,34.256,0.000,0.000,0.020,49.975
2026-09-02T07:52:01.700872+07:00,c11_sim,633,9.253,44.517,0.000,0.000,0.029,53.798
2026-09-02T07:52:01.885878+07:00,c11_sim,634,12.474,38.310,0.000,0.000,0.021,50.805
2026-09-02T07:52:02.125126+07:00,c11_sim,635,7.943,37.357,1.083,28.858,0.036,75.278
2026-09-02T07:52:02.277473+07:00,c11_sim,636,7.601,30.261,1.103,0.006,0.026,38.996
2026-09-02T07:52:02.493380+07:00,c11_sim,637,11.145,35.564,1.081,0.007,0.027,47.822
2026-09-02T07:52:02.686112+07:00,c11_sim,638,9.778,27.687,0.000,0.000,0.045,37.511
2026-09-02T07:52:02.886445+07:00,c11_sim,639,15.284,29.069,0.000,0.000,0.024,44.377
2026-09-02T07:52:03.104850+07:00,c11_sim,640,13.913,31.471,0.000,0.000,0.028,45.413
2026-09-02T07:52:03.279884+07:00,c11_sim,641,10.765,30.184,0.000,0.000,0.019,40.968
2026-09-02T07:52:03.498962+07:00,c11_sim,642,8.375,43.587,1.157,0.008,0.033,53.160
2026-09-02T07:52:03.700387+07:00,c11_sim,643,7.050,40.827,0.000,0.000,0.028,47.905
2026-09-02T07:52:03.881213+07:00,c11_sim,644,8.612,36.693,0.000,0.000,0.024,45.328
2026-09-02T07:52:04.070893+07:00,c11_sim,645,8.456,25.680,0.000,0.000,0.017,34.152
2026-09-02T07:52:04.289764+07:00,c11_sim,646,6.802,28.845,0.000,0.000,0.014,35.661
2026-09-02T07:52:04.504206+07:00,c11_sim,647,14.734,34.251,0.000,0.000,0.023,49.008
2026-09-02T07:52:04.676850+07:00,c11_sim,648,6.646,33.615,0.000,0.000,0.021,40.282
2026-09-02T07:52:04.898747+07:00,c11_sim,649,13.864,35.087,0.000,0.000,0.021,48.972
2026-09-02T07:52:05.101197+07:00,c11_sim,650,9.810,40.154,0.000,0.000,0.025,49.989
2026-09-02T07:52:05.314737+07:00,c11_sim,651,8.974,47.009,0.000,0.000,0.021,56.005
2026-09-02T07:52:05.497363+07:00,c11_sim,652,8.111,40.961,0.000,0.000,0.023,49.096
2026-09-02T07:52:05.694423+07:00,c12_sim,49,9.731,34.787,0.990,0.000,0.006,45.515
2026-09-02T07:52:05.899500+07:00,c12_sim,50,8.756,38.085,0.000,0.000,0.011,46.853
2026-09-02T07:52:06.100967+07:00,c12_sim,51,9.325,31.470,0.000,0.000,0.016,40.811
2026-09-02T07:52:06.308891+07:00,c12_sim,52,8.541,44.219,0.000,0.000,0.013,52.773
2026-09-02T07:52:06.509682+07:00,c12_sim,53,14.059,33.315,0.000,0.000,0.012,47.386
2026-09-02T07:52:06.706883+07:00,c12_sim,54,7.724,33.421,0.000,0.000,0.011,41.156
2026-09-02T07:52:06.894906+07:00,c12_sim,55,8.981,41.190,0.000,0.000,0.012,50.183
2026-09-02T07:52:07.094600+07:00,c12_sim,56,7.104,31.632,0.000,0.000,0.011,38.747
2026-09-02T07:52:07.315821+07:00,c12_sim,57,14.311,34.009,0.000,0.000,0.012,48.333
2026-09-02T07:52:07.497321+07:00,c12_sim,58,12.370,33.716,0.000,0.000,0.010,46.096
2026-09-02T07:52:07.707663+07:00,c12_sim,59,9.455,41.849,0.000,0.000,0.011,51.315
2026-09-02T07:52:07.914843+07:00,c12_sim,60,13.331,32.867,0.000,0.000,0.010,46.209
2026-09-02T07:52:08.096960+07:00,c12_sim,61,13.219,33.468,0.000,0.000,0.010,46.697
2026-09-02T07:52:08.300534+07:00,c10_sim,154,11.009,31.558,2.197,0.000,0.023,44.787
2026-09-02T07:52:08.498360+07:00,c10_sim,155,16.177,32.346,1.035,0.000,0.020,49.579
2026-09-02T07:52:08.714573+07:00,c10_sim,156,8.156,33.214,1.441,0.022,0.394,43.226
2026-09-02T07:52:08.918833+07:00,c10_sim,157,11.024,34.228,1.096,0.006,0.022,46.376
2026-09-02T07:52:09.163320+07:00,c10_sim,158,11.600,37.550,1.562,39.302,0.030,90.043
2026-09-02T07:52:09.324121+07:00,c10_sim,159,7.754,31.616,1.690,36.459,0.033,77.552
2026-09-02T07:52:09.551909+07:00,c10_sim,160,7.590,31.649,0.905,54.412,0.031,94.587
2026-09-02T07:52:09.714246+07:00,c10_sim,161,8.724,45.415,0.877,0.005,0.022,55.043
2026-09-02T07:52:09.963611+07:00,c10_sim,162,7.981,36.741,1.078,63.815,0.087,109.703
2026-09-02T07:52:10.103569+07:00,c10_sim,163,6.943,21.594,0.779,20.244,0.019,49.579
2026-09-02T07:52:10.311399+07:00,c10_sim,164,7.294,23.657,0.751,19.037,0.018,50.757
2026-09-02T07:52:10.539740+07:00,c10_sim,165,6.154,32.277,0.814,29.659,0.022,68.927
2026-09-02T07:52:10.740787+07:00,c10_sim,166,8.240,31.917,1.097,33.219,0.022,74.495
2026-09-02T07:52:10.952940+07:00,c10_sim,167,18.524,39.270,1.076,29.648,0.018,88.536
2026-09-02T07:52:11.133758+07:00,c10_sim,168,8.780,28.267,0.937,28.714,0.019,66.716
2026-09-02T07:52:11.375914+07:00,c10_sim,169,11.803,39.445,1.860,60.934,0.022,114.065
2026-09-02T07:52:11.526959+07:00,c10_sim,170,6.368,28.237,0.725,22.843,0.028,58.200
2026-09-02T07:52:11.714099+07:00,c10_sim,171,9.075,39.469,0.000,0.000,0.025,48.568
2026-09-02T07:52:11.948617+07:00,c10_sim,172,14.070,37.068,1.203,29.774,0.030,82.146
2026-09-02T07:52:12.141034+07:00,c10_sim,173,8.985,35.281,1.094,33.613,0.039,79.012
2026-09-02T07:52:12.363624+07:00,c10_sim,174,10.132,36.703,1.100,43.714,0.022,91.671
2026-09-02T07:52:12.512800+07:00,c10_sim,175,6.210,27.520,0.613,21.970,0.020,56.333
2026-09-02T07:52:12.769610+07:00,c10_sim,176,11.327,46.890,1.119,36.960,0.179,96.475
2026-09-02T07:52:12.905365+07:00,c11_sim,653,8.682,35.163,2.495,0.000,0.067,46.406
2026-09-02T07:52:13.137622+07:00,c11_sim,654,16.792,41.622,1.297,0.000,0.050,59.761
2026-09-02T07:52:13.312389+07:00,c11_sim,655,10.338,36.669,0.851,0.000,0.015,47.873
2026-09-02T07:52:13.533539+07:00,c11_sim,656,10.435,34.059,1.156,0.011,0.239,45.901
2026-09-02T07:52:13.726022+07:00,c11_sim,657,10.019,30.518,0.957,0.006,1.133,42.632
2026-09-02T07:52:13.923456+07:00,c11_sim,658,12.870,32.598,0.000,0.000,0.093,45.561
2026-09-02T07:52:14.249755+07:00,c11_sim,659,11.876,30.844,1.270,132.702,0.020,176.712
2026-09-02T07:52:14.332012+07:00,c11_sim,660,6.532,20.488,0.602,35.075,0.020,62.717
2026-09-02T07:52:14.564119+07:00,c11_sim,661,5.885,33.465,0.959,53.893,0.025,94.228
2026-09-02T07:52:14.740275+07:00,c11_sim,662,6.412,27.254,0.660,24.301,0.022,58.649
2026-09-02T07:52:14.922365+07:00,c11_sim,663,6.010,16.702,0.596,20.710,0.017,44.035
2026-09-02T07:52:15.148642+07:00,c11_sim,664,7.471,28.653,0.949,27.414,0.026,64.512
2026-09-02T07:52:15.351347+07:00,c11_sim,665,10.369,34.733,1.288,26.159,0.019,72.568
2026-09-02T07:52:15.517424+07:00,c11_sim,666,7.064,19.659,0.936,21.774,0.020,49.452
2026-09-02T07:52:15.758848+07:00,c11_sim,667,15.344,39.075,0.781,30.738,0.020,85.958
2026-09-02T07:52:15.948122+07:00,c11_sim,668,10.818,29.159,1.082,32.228,0.017,73.304
2026-09-02T07:52:16.144602+07:00,c11_sim,669,9.406,45.293,1.427,28.621,0.016,84.763
2026-09-02T07:52:16.355454+07:00,c11_sim,670,7.158,41.430,0.877,28.277,0.021,77.763
2026-09-02T07:52:16.547150+07:00,c11_sim,671,6.849,38.750,0.997,36.653,0.021,83.270
2026-09-02T07:52:16.761458+07:00,c11_sim,672,9.624,35.393,0.829,33.779,0.022,79.648
2026-09-02T07:52:16.953157+07:00,c11_sim,673,8.672,37.112,1.479,27.481,0.021,74.765
2026-09-02T07:52:17.135194+07:00,c11_sim,674,9.187,27.711,0.954,31.751,0.022,69.626
2026-09-02T07:52:17.353099+07:00,c11_sim,675,8.525,37.368,1.152,31.388,0.029,78.462
2026-09-02T07:52:17.492779+07:00,c11_sim,676,7.426,24.423,0.000,0.000,0.018,31.867
2026-09-02T07:52:17.730079+07:00,c11_sim,677,10.036,24.118,1.016,26.702,0.022,61.894
2026-09-02T07:52:17.934331+07:00,c11_sim,678,11.103,30.170,1.323,29.363,0.034,71.992
2026-09-02T07:52:18.133490+07:00,c11_sim,679,9.068,23.879,0.879,26.762,0.016,60.604
2026-09-02T07:52:18.346737+07:00,c11_sim,680,10.811,34.871,1.627,35.064,0.028,82.401
2026-09-02T07:52:18.547351+07:00,c11_sim,681,13.139,26.995,0.943,32.398,0.049,73.525
2026-09-02T07:52:18.774332+07:00,c11_sim,682,8.909,45.848,1.406,34.111,0.043,90.318
2026-09-02T07:52:18.922422+07:00,c11_sim,683,8.486,28.293,0.000,0.000,0.034,36.812
2026-09-02T07:52:19.164564+07:00,c11_sim,684,13.096,45.342,1.241,34.337,0.075,94.090
2026-09-02T07:52:19.362625+07:00,c11_sim,685,7.475,46.634,1.272,30.858,0.034,86.273
2026-09-02T07:52:19.555645+07:00,c11_sim,686,8.482,39.493,1.473,33.918,0.044,83.410
2026-09-02T07:52:19.767162+07:00,c11_sim,687,12.480,37.169,1.082,32.686,0.043,83.459
2026-09-02T07:52:19.931164+07:00,c11_sim,688,10.061,37.586,1.189,0.008,0.030,48.876
2026-09-02T07:52:20.148388+07:00,c11_sim,689,10.225,38.607,0.956,29.953,0.044,79.786
2026-09-02T07:52:20.347971+07:00,c11_sim,690,10.458,34.250,0.689,25.082,0.041,70.521
2026-09-02T07:52:20.528572+07:00,c11_sim,691,9.545,35.377,1.971,0.010,0.030,46.933
2026-09-02T07:52:20.717350+07:00,c11_sim,692,9.502,43.627,0.000,0.000,0.031,53.161
2026-09-02T07:52:20.949910+07:00,c11_sim,693,13.174,40.599,1.109,32.128,0.053,87.063
2026-09-02T07:52:21.155685+07:00,c11_sim,694,8.781,33.140,0.993,31.058,0.035,74.008
2026-09-02T07:52:21.303874+07:00,c11_sim,695,10.231,31.047,0.000,0.000,0.028,41.306
2026-09-02T07:52:21.526528+07:00,c11_sim,696,8.765,38.454,0.000,0.000,0.022,47.241
2026-09-02T07:52:21.724071+07:00,c11_sim,697,8.772,32.479,0.000,0.000,0.025,41.276
2026-09-02T07:52:21.919365+07:00,c11_sim,698,6.543,32.421,0.000,0.000,0.017,38.981
2026-09-02T07:52:22.163826+07:00,c11_sim,699,11.325,39.518,1.080,31.447,0.045,83.415
2026-09-02T07:52:22.318672+07:00,c11_sim,700,6.230,30.731,0.000,0.000,0.013,36.974
2026-09-02T07:52:22.626179+07:00,c11_sim,701,11.579,139.777,0.000,0.000,0.125,151.481
2026-09-02T07:52:22.759884+07:00,c11_sim,702,12.536,67.332,0.000,0.000,0.019,79.887
2026-09-02T07:52:22.911231+07:00,c11_sim,703,6.512,27.947,0.000,0.000,0.017,34.476
2026-09-02T07:52:23.128168+07:00,c11_sim,704,10.337,32.591,0.000,0.000,0.018,42.945
2026-09-02T07:52:23.298656+07:00,c11_sim,705,6.919,29.494,0.000,0.000,0.017,36.430
2026-09-02T07:52:23.507276+07:00,c11_sim,706,8.758,37.225,0.000,0.000,0.024,46.007
2026-09-02T07:52:23.731718+07:00,c11_sim,707,10.612,35.239,0.000,0.000,0.025,45.875
2026-09-02T07:52:23.928925+07:00,c11_sim,708,13.069,34.716,0.000,0.000,0.024,47.809
2026-09-02T07:52:24.134364+07:00,c11_sim,709,12.684,48.490,0.000,0.000,0.028,61.202
2026-09-02T07:52:24.325124+07:00,c11_sim,710,6.140,32.566,0.000,0.000,0.012,38.718
2026-09-02T07:52:24.521026+07:00,c11_sim,711,10.566,33.441,0.000,0.000,0.023,44.031
2026-09-02T07:52:24.717664+07:00,c11_sim,712,11.458,33.671,0.000,0.000,0.026,45.155
2026-09-02T07:52:24.915645+07:00,c11_sim,713,12.693,34.084,0.000,0.000,0.023,46.800
2026-09-02T07:52:25.115120+07:00,c11_sim,714,11.394,37.298,0.000,0.000,0.942,49.633
2026-09-02T07:52:25.311334+07:00,c11_sim,715,10.965,34.380,0.000,0.000,0.075,45.419
2026-09-02T07:52:25.516216+07:00,c11_sim,716,10.936,34.167,0.000,0.000,0.011,45.114
2026-09-02T07:52:25.712397+07:00,c11_sim,717,9.096,31.926,0.000,0.000,0.008,41.031
2026-09-02T07:52:25.925719+07:00,c11_sim,718,12.544,31.554,0.000,0.000,0.007,44.105
2026-09-02T07:52:26.136237+07:00,c9_sim,344,6.482,38.181,0.000,0.000,0.023,44.687
2026-09-02T07:52:26.332194+07:00,c9_sim,345,18.563,35.099,0.000,0.000,0.015,53.677
2026-09-02T07:52:26.537465+07:00,c9_sim,346,11.413,35.775,0.000,0.000,0.023,47.211
2026-09-02T07:52:26.735523+07:00,c9_sim,347,12.786,33.712,0.000,0.000,0.023,46.521
2026-09-02T07:52:26.935089+07:00,c9_sim,348,9.489,35.402,0.000,0.000,0.037,44.928
2026-09-02T07:52:27.122925+07:00,c9_sim,349,7.900,28.430,0.000,0.000,0.016,36.345
2026-09-02T07:52:27.319903+07:00,c9_sim,350,12.025,32.887,0.000,0.000,0.023,44.935
2026-09-02T07:52:27.525685+07:00,c9_sim,351,12.970,35.323,0.000,0.000,0.024,48.317
2026-09-02T07:52:27.719829+07:00,c9_sim,352,12.599,33.913,0.000,0.000,0.026,46.537
2026-09-02T07:52:27.936641+07:00,c9_sim,353,12.999,42.798,0.000,0.000,0.026,55.823
2026-09-02T07:52:28.128203+07:00,c9_sim,354,11.453,35.610,0.000,0.000,0.022,47.086
2026-09-02T07:52:28.335712+07:00,c9_sim,355,10.711,38.454,0.000,0.000,0.627,49.792
2026-09-02T07:52:28.533112+07:00,c9_sim,356,11.808,35.381,0.000,0.000,0.036,47.226
2026-09-02T07:52:28.738892+07:00,c9_sim,357,9.887,35.228,0.000,0.000,0.011,45.127
2026-09-02T07:52:28.942079+07:00,c9_sim,358,13.051,34.346,0.000,0.000,0.011,47.408
2026-09-02T07:52:29.122566+07:00,c9_sim,359,10.924,33.370,0.000,0.000,0.011,44.305
2026-09-02T07:52:29.319045+07:00,c9_sim,360,11.496,32.165,0.000,0.000,0.013,43.674
2026-09-02T07:52:29.528392+07:00,c9_sim,361,12.591,35.871,0.000,0.000,0.013,48.475
2026-09-02T07:52:29.733149+07:00,c9_sim,362,12.592,35.457,0.000,0.000,0.011,48.060
2026-09-02T07:52:29.929788+07:00,c9_sim,363,12.124,32.983,0.000,0.000,0.011,45.117
2026-09-02T07:52:30.133922+07:00,c9_sim,364,16.090,35.046,0.000,0.000,0.013,51.149
2026-09-02T07:52:30.332132+07:00,c9_sim,365,12.173,35.025,0.000,0.000,0.013,47.211
2026-09-02T07:52:30.535812+07:00,c9_sim,366,6.930,36.029,0.000,0.000,0.012,42.970
2026-09-02T07:52:30.733594+07:00,c9_sim,367,9.034,34.350,0.000,0.000,0.011,43.394
2026-09-02T07:52:30.933262+07:00,c9_sim,368,11.714,32.899,1.757,0.000,0.010,46.379
2026-09-02T07:52:31.133368+07:00,c9_sim,369,11.281,32.737,0.000,0.000,0.013,44.031
2026-09-02T07:52:31.332284+07:00,c9_sim,370,11.354,34.884,0.000,0.000,0.012,46.250
2026-09-02T07:52:31.526817+07:00,c9_sim,371,12.669,33.952,0.000,0.000,0.012,46.632
2026-09-02T07:52:31.729416+07:00,c9_sim,372,11.425,35.042,0.000,0.000,0.021,46.488
2026-09-02T07:52:31.924576+07:00,c9_sim,373,12.856,33.239,0.000,0.000,0.011,46.105
2026-09-02T07:52:32.126396+07:00,c9_sim,374,11.164,35.148,0.000,0.000,0.011,46.323
2026-09-02T07:52:32.332098+07:00,c9_sim,375,12.803,34.995,0.000,0.000,0.011,47.809
2026-09-02T07:52:32.525009+07:00,c9_sim,376,13.559,32.223,1.069,0.000,0.009,46.860
2026-09-02T07:52:32.730507+07:00,c9_sim,377,11.947,34.308,1.082,0.000,0.010,47.347
2026-09-02T07:52:32.932336+07:00,c9_sim,378,12.357,34.640,0.000,0.000,0.012,47.009
2026-09-02T07:52:33.111919+07:00,c9_sim,379,7.459,35.160,0.000,0.000,0.007,42.627
2026-09-02T07:52:33.379725+07:00,c9_sim,380,7.755,38.388,0.952,37.951,0.537,85.584
2026-09-02T07:52:33.580749+07:00,c9_sim,381,9.269,38.599,0.983,37.668,0.026,86.545
2026-09-02T07:52:33.779709+07:00,c9_sim,382,7.894,41.492,1.158,33.900,0.018,84.461
2026-09-02T07:52:33.979494+07:00,c9_sim,383,7.000,46.155,1.345,33.940,0.016,88.454
2026-09-02T07:52:34.157676+07:00,c9_sim,384,7.068,31.168,0.845,23.769,0.019,62.869
2026-09-02T07:52:34.356270+07:00,c9_sim,385,9.162,26.986,1.052,29.937,0.014,67.151
2026-09-02T07:52:34.568506+07:00,c9_sim,386,13.208,32.302,1.195,30.055,0.012,76.772
2026-09-02T07:52:34.758782+07:00,c9_sim,387,6.654,34.126,1.450,31.865,0.024,74.118
2026-09-02T07:52:34.943056+07:00,c9_sim,388,9.731,32.931,1.196,26.164,0.018,70.039
2026-09-02T07:52:35.152887+07:00,c9_sim,389,12.746,34.323,1.170,29.601,0.013,77.854
2026-09-02T07:52:35.349147+07:00,c9_sim,390,11.471,32.294,0.959,24.376,0.009,69.109
2026-09-02T07:52:35.558745+07:00,c9_sim,391,12.515,34.145,1.452,31.731,0.021,79.864
2026-09-02T07:52:35.760589+07:00,c9_sim,392,12.528,34.145,1.242,30.130,0.014,78.059
2026-09-02T07:52:35.958737+07:00,c9_sim,393,11.387,34.313,1.119,27.412,0.010,74.241
2026-09-02T07:52:36.148976+07:00,c9_sim,394,9.077,35.850,1.159,28.853,0.007,74.945
2026-09-02T07:52:36.359198+07:00,c9_sim,395,11.365,35.135,1.153,29.578,0.023,77.253
2026-09-02T07:52:36.575967+07:00,c9_sim,396,12.978,35.313,1.220,34.374,0.051,83.937
2026-09-02T07:52:36.763711+07:00,c9_sim,397,12.727,34.346,1.148,33.608,0.038,81.866
2026-09-02T07:52:36.978438+07:00,c9_sim,398,10.432,36.836,1.385,33.417,0.021,82.091
2026-09-02T07:52:37.166195+07:00,c9_sim,399,7.582,33.910,1.160,32.076,0.026,74.754
2026-09-02T07:52:37.343152+07:00,c9_sim,400,8.023,25.484,0.832,30.442,0.037,64.818
2026-09-02T07:52:37.575172+07:00,c9_sim,401,11.111,36.337,1.159,31.992,0.026,80.626
2026-09-02T07:52:37.762244+07:00,c9_sim,402,12.327,35.423,1.203,29.645,0.027,78.626
2026-09-02T07:52:37.966674+07:00,c9_sim,403,13.220,33.342,1.182,25.499,0.010,73.253
2026-09-02T07:52:38.159408+07:00,c9_sim,404,12.480,34.172,1.185,32.285,0.113,80.235
2026-09-02T07:52:38.387952+07:00,c9_sim,405,9.687,44.197,1.126,37.758,0.039,92.807
2026-09-02T07:52:38.543877+07:00,c9_sim,406,7.808,25.049,0.704,32.661,0.031,66.253
2026-09-02T07:52:38.753573+07:00,c9_sim,407,8.081,35.511,1.185,30.733,0.044,75.554
2026-09-02T07:52:38.960796+07:00,c9_sim,408,12.344,34.197,0.914,31.407,0.039,78.902
2026-09-02T07:52:39.175223+07:00,c9_sim,409,13.003,34.991,1.333,34.668,0.023,84.017
2026-09-02T07:52:39.364042+07:00,c9_sim,410,7.546,34.202,1.343,28.648,0.031,71.769
2026-09-02T07:52:39.554459+07:00,c9_sim,411,7.534,35.584,1.125,30.544,0.023,74.809
2026-09-02T07:52:39.738859+07:00,c9_sim,412,9.235,36.504,0.000,0.000,0.046,45.785
2026-09-02T07:52:39.925709+07:00,c9_sim,413,7.141,22.687,0.000,0.000,0.017,29.845
2026-09-02T07:52:40.134807+07:00,c8_sim,189,11.273,32.464,0.000,0.000,0.012,43.750
2026-09-02T07:52:40.343964+07:00,c8_sim,190,11.111,36.882,0.000,0.000,0.013,48.006
2026-09-02T07:52:40.548589+07:00,c8_sim,191,10.159,37.111,0.000,0.000,0.012,47.282
2026-09-02T07:52:40.750121+07:00,c8_sim,192,12.324,34.028,0.000,0.000,0.013,46.365
2026-09-02T07:52:40.950834+07:00,c8_sim,193,11.369,35.506,0.000,0.000,0.008,46.883
2026-09-02T07:52:41.128866+07:00,c8_sim,194,9.270,33.843,0.000,0.000,0.013,43.125
2026-09-02T07:52:41.324853+07:00,c8_sim,195,8.817,35.774,0.000,0.000,0.013,44.604
2026-09-02T07:52:41.549498+07:00,c8_sim,196,13.672,35.954,0.000,0.000,0.013,49.638
2026-09-02T07:52:41.724940+07:00,c8_sim,197,9.220,22.411,0.000,0.000,0.008,31.639
2026-09-02T07:52:41.946925+07:00,c8_sim,198,12.983,36.970,0.000,0.000,0.013,49.967
2026-09-02T07:52:42.128636+07:00,c8_sim,199,12.668,33.540,0.000,0.000,0.008,46.216
2026-09-02T07:52:42.330971+07:00,c8_sim,200,8.423,33.077,0.000,0.000,0.016,41.517
2026-09-02T07:52:42.527132+07:00,c8_sim,201,9.465,24.964,0.000,0.000,0.009,34.438
2026-09-02T07:52:42.744109+07:00,c8_sim,202,10.083,33.624,2.051,0.000,0.012,45.770
2026-09-02T07:52:42.930119+07:00,c8_sim,203,9.386,37.765,1.400,0.000,0.007,48.557
2026-09-02T07:52:43.140670+07:00,c8_sim,204,11.135,42.220,1.014,0.000,0.011,54.381
2026-09-02T07:52:43.341020+07:00,c8_sim,205,9.397,34.157,1.275,0.014,0.300,45.143
2026-09-02T07:52:43.543087+07:00,c8_sim,206,8.867,38.550,1.231,0.009,0.037,48.693
2026-09-02T07:52:43.756570+07:00,c8_sim,207,7.890,43.734,1.355,0.010,0.029,53.018
2026-09-02T07:52:43.978801+07:00,c8_sim,208,9.472,40.686,1.370,35.056,0.056,86.641
2026-09-02T07:52:44.175097+07:00,c8_sim,209,9.432,35.307,1.106,34.134,0.040,80.020
2026-09-02T07:52:44.363103+07:00,c8_sim,210,10.299,36.669,1.068,27.186,0.043,75.264
2026-09-02T07:52:44.585809+07:00,c8_sim,211,8.633,39.769,1.170,32.087,0.024,81.683
2026-09-02T07:52:44.766861+07:00,c8_sim,212,9.395,27.392,1.051,34.345,0.021,72.205
2026-09-02T07:52:44.964154+07:00,c8_sim,213,15.032,23.806,0.827,27.057,0.022,66.743
2026-09-02T07:52:45.129985+07:00,c8_sim,214,13.280,30.858,0.000,0.000,0.024,44.161
2026-09-02T07:52:45.350148+07:00,c8_sim,215,12.969,35.742,1.294,0.008,0.023,50.036
2026-09-02T07:52:45.553086+07:00,c8_sim,216,10.444,35.940,1.186,0.006,0.020,47.595
2026-09-02T07:52:45.749539+07:00,c8_sim,217,11.516,37.482,0.000,0.000,0.015,49.012
2026-09-02T07:52:45.953953+07:00,c8_sim,218,9.883,26.809,0.742,27.192,0.030,64.655
2026-09-02T07:52:46.168864+07:00,c8_sim,219,16.086,36.913,1.081,27.356,0.020,81.456
2026-09-02T07:52:46.368257+07:00,c8_sim,220,8.326,25.249,1.033,33.511,0.033,68.151
2026-09-02T07:52:46.590325+07:00,c8_sim,221,8.431,34.923,0.989,41.851,0.025,86.219
2026-09-02T07:52:46.760134+07:00,c8_sim,222,10.204,25.431,1.010,27.911,0.028,64.584
2026-09-02T07:52:46.969640+07:00,c8_sim,223,11.653,32.392,1.077,26.909,0.025,72.056
2026-09-02T07:52:47.156240+07:00,c8_sim,224,8.433,29.883,1.052,29.527,0.016,68.911
2026-09-02T07:52:47.364050+07:00,c8_sim,225,10.352,31.437,1.051,34.713,0.011,77.564
2026-09-02T07:52:47.565733+07:00,c8_sim,226,9.861,27.065,0.912,29.640,0.018,67.495
2026-09-02T07:52:47.742415+07:00,c8_sim,227,10.611,33.382,0.000,0.000,0.023,44.015
2026-09-02T07:52:47.960762+07:00,c8_sim,228,13.425,25.776,0.972,28.840,0.018,69.031
2026-09-02T07:52:48.136112+07:00,c8_sim,229,12.068,30.625,0.000,0.000,0.024,42.717
2026-09-02T07:52:48.331944+07:00,c8_sim,230,12.118,24.937,0.000,0.000,0.016,37.071
2026-09-02T07:52:48.526319+07:00,c8_sim,231,9.288,27.701,0.000,0.000,0.027,37.016
2026-09-02T07:52:48.717852+07:00,c8_sim,232,8.124,24.536,0.000,0.000,0.022,32.683
2026-09-02T07:52:48.935428+07:00,c8_sim,233,10.535,29.634,0.000,0.000,0.025,40.194
2026-09-02T07:52:49.128282+07:00,c8_sim,234,9.575,29.048,0.000,0.000,0.016,38.638
2026-09-02T07:52:49.347858+07:00,c8_sim,235,11.479,36.612,0.000,0.000,0.020,48.110
2026-09-02T07:52:49.543152+07:00,c8_sim,236,7.945,35.540,0.000,0.000,0.017,43.502
2026-09-02T07:52:49.737803+07:00,c8_sim,237,8.759,34.760,0.000,0.000,0.026,43.545
2026-09-02T07:52:49.940974+07:00,c8_sim,238,7.185,39.023,0.000,0.000,0.017,46.225
2026-09-02T07:52:50.143591+07:00,c8_sim,239,7.737,32.322,0.000,0.000,0.030,40.089
2026-09-02T07:52:50.355370+07:00,c8_sim,240,13.386,44.426,0.000,0.000,0.029,57.842
2026-09-02T07:52:50.547165+07:00,c8_sim,241,14.282,47.884,0.000,0.000,0.027,62.193
2026-09-02T07:52:50.749617+07:00,c8_sim,242,11.539,44.005,0.000,0.000,0.020,55.564
2026-09-02T07:52:50.941890+07:00,c8_sim,243,9.558,41.283,0.000,0.000,2.526,53.368
2026-09-02T07:52:51.140038+07:00,c8_sim,244,9.535,39.017,0.000,0.000,0.020,48.572
2026-09-02T07:52:51.339681+07:00,c8_sim,245,8.082,31.701,0.000,0.000,0.014,39.797
2026-09-02T07:52:51.540762+07:00,c8_sim,246,13.196,31.096,0.000,0.000,0.007,44.299
2026-09-02T07:52:51.738857+07:00,c10_sim,177,10.267,30.585,0.000,0.000,0.021,40.874
2026-09-02T07:52:51.934583+07:00,c10_sim,178,8.658,34.229,0.000,0.000,0.017,42.904
2026-09-02T07:52:52.130306+07:00,c10_sim,179,6.012,27.391,0.000,0.000,0.011,33.414
2026-09-02T07:52:52.351523+07:00,c10_sim,180,9.544,37.980,0.000,0.000,0.032,47.556
2026-09-02T07:52:52.550245+07:00,c10_sim,181,8.202,37.857,0.000,0.000,0.023,46.082
2026-09-02T07:52:52.750641+07:00,c10_sim,182,8.886,37.530,0.000,0.000,0.020,46.436
2026-09-02T07:52:52.931271+07:00,c10_sim,183,8.948,35.080,0.000,0.000,0.022,44.050
2026-09-02T07:52:53.144714+07:00,c10_sim,184,5.763,29.522,0.000,0.000,0.014,35.299
2026-09-02T07:52:53.345126+07:00,c10_sim,185,10.828,35.449,1.987,0.000,0.029,48.293
2026-09-02T07:52:53.552200+07:00,c10_sim,186,10.219,35.290,1.245,0.000,0.022,46.776
2026-09-02T07:52:53.748691+07:00,c10_sim,187,8.105,34.966,1.289,0.000,0.021,44.380
2026-09-02T07:52:53.982636+07:00,c10_sim,188,9.633,27.702,0.924,33.087,0.108,71.453
2026-09-02T07:52:54.156028+07:00,c10_sim,189,10.470,38.040,1.235,0.007,0.026,49.777
2026-09-02T07:52:54.387328+07:00,c10_sim,190,6.661,37.531,0.926,37.635,0.025,82.778
2026-09-02T07:52:54.596456+07:00,c10_sim,191,11.297,37.745,1.224,34.645,0.434,85.345
2026-09-02T07:52:54.785182+07:00,c10_sim,192,11.771,35.957,1.268,31.940,0.054,80.990
2026-09-02T07:52:54.999270+07:00,c10_sim,193,12.827,36.799,1.419,33.588,0.028,84.661
2026-09-02T07:52:55.183805+07:00,c10_sim,194,10.431,36.378,1.062,33.006,0.030,80.906
2026-09-02T07:52:55.397473+07:00,c10_sim,195,9.265,39.056,1.165,33.638,0.028,83.152
2026-09-02T07:52:55.588121+07:00,c10_sim,196,12.647,36.428,1.212,32.993,0.029,83.309
2026-09-02T07:52:55.784141+07:00,c10_sim,197,9.472,43.289,1.364,33.948,0.032,88.106
2026-09-02T07:52:55.974909+07:00,c10_sim,198,8.325,36.231,1.063,32.300,0.045,77.965
2026-09-02T07:52:56.195818+07:00,c10_sim,199,10.284,44.351,1.252,32.508,0.028,88.422
2026-09-02T07:52:56.375317+07:00,c10_sim,200,11.787,33.578,1.217,31.621,0.031,78.234
2026-09-02T07:52:56.590656+07:00,c10_sim,201,14.427,39.093,1.591,35.200,0.022,90.334
2026-09-02T07:52:56.773236+07:00,c10_sim,202,7.615,24.782,1.267,32.615,0.021,66.300
2026-09-02T07:52:56.983447+07:00,c10_sim,203,13.462,36.010,1.114,31.835,0.033,82.454
2026-09-02T07:52:57.180332+07:00,c10_sim,204,8.852,41.788,1.410,34.011,0.025,86.086
2026-09-02T07:52:57.402588+07:00,c10_sim,205,14.858,45.813,0.796,32.725,0.032,94.225
2026-09-02T07:52:57.574116+07:00,c10_sim,206,7.713,25.713,0.906,25.467,0.044,59.843
2026-09-02T07:52:57.796921+07:00,c10_sim,207,9.309,45.276,1.275,31.105,0.030,86.996
2026-09-02T07:52:57.970336+07:00,c10_sim,208,10.103,24.704,0.685,23.963,0.032,59.487
2026-09-02T07:52:58.188171+07:00,c10_sim,209,11.170,38.637,1.021,32.812,0.029,83.669
2026-09-02T07:52:58.368008+07:00,c10_sim,210,7.070,26.184,0.990,33.246,0.034,67.524
2026-09-02T07:52:58.575934+07:00,c10_sim,211,11.998,41.113,1.062,29.299,0.028,83.500
2026-09-02T07:52:58.749117+07:00,c10_sim,212,9.379,29.369,0.000,0.000,0.023,38.770
2026-09-02T07:52:59.002623+07:00,c10_sim,213,10.733,51.834,1.155,32.886,0.030,96.639
2026-09-02T07:52:59.143417+07:00,c10_sim,214,9.469,26.303,0.000,0.000,0.018,35.790
2026-09-02T07:52:59.342812+07:00,c10_sim,215,13.257,34.782,0.000,0.000,0.024,48.062
2026-09-02T07:52:59.549865+07:00,c10_sim,216,12.767,36.781,0.000,0.000,0.014,49.563
2026-09-02T07:52:59.745219+07:00,c10_sim,217,13.060,30.721,0.000,0.000,0.046,43.828
2026-09-02T07:52:59.962383+07:00,c10_sim,218,9.155,45.250,0.000,0.000,0.021,54.427
2026-09-02T07:53:00.139134+07:00,c10_sim,219,12.403,35.525,0.000,0.000,0.034,47.962
2026-09-02T07:53:00.362347+07:00,c10_sim,220,14.031,31.655,0.000,0.000,0.035,45.721
2026-09-02T07:53:00.538759+07:00,c10_sim,221,12.132,36.323,0.000,0.000,0.028,48.484
2026-09-02T07:53:00.727863+07:00,c10_sim,222,10.567,24.275,0.000,0.000,0.018,34.860
2026-09-02T07:53:00.958393+07:00,c10_sim,223,8.651,38.327,0.000,0.000,0.020,46.999
2026-09-02T07:53:01.129307+07:00,c10_sim,224,8.070,25.509,0.000,0.000,0.022,33.600
2026-09-02T07:53:01.359627+07:00,c10_sim,225,10.545,37.894,0.000,0.000,0.012,48.452
2026-09-02T07:53:01.537514+07:00,c10_sim,226,9.765,31.689,0.000,0.000,0.019,41.473
2026-09-02T07:53:01.763048+07:00,c11_sim,719,9.596,37.713,1.584,0.000,0.009,48.902
2026-09-02T07:53:01.953109+07:00,c11_sim,720,10.364,30.484,1.100,0.000,0.009,41.958
2026-09-02T07:53:02.156378+07:00,c11_sim,721,9.798,38.746,1.167,0.000,0.013,49.723
2026-09-02T07:53:02.397839+07:00,c11_sim,722,9.117,36.110,1.041,35.741,0.313,82.321
2026-09-02T07:53:02.551975+07:00,c11_sim,723,10.276,36.309,1.189,0.008,0.027,47.810
2026-09-02T07:53:02.791806+07:00,c11_sim,724,11.559,34.489,1.431,35.241,0.031,82.752
2026-09-02T07:53:02.989897+07:00,c11_sim,725,14.177,36.568,1.279,34.544,0.026,86.594
2026-09-02T07:53:03.152332+07:00,c11_sim,726,11.163,37.934,1.125,0.010,0.035,50.268
2026-09-02T07:53:03.358818+07:00,c11_sim,727,13.954,35.766,0.000,0.000,0.022,49.742
2026-09-02T07:53:03.600249+07:00,c11_sim,728,12.101,36.289,1.265,34.480,0.029,84.164
2026-09-02T07:53:03.782756+07:00,c11_sim,729,12.548,33.885,1.113,33.055,0.034,80.636
2026-09-02T07:53:04.003866+07:00,c11_sim,730,9.309,41.733,1.507,40.370,0.026,92.946
2026-09-02T07:53:04.191247+07:00,c11_sim,731,8.998,36.852,1.163,31.852,0.029,78.893
2026-09-02T07:53:04.405516+07:00,c11_sim,732,9.299,35.697,0.977,38.380,0.027,84.380
2026-09-02T07:53:04.610808+07:00,c11_sim,733,14.888,32.547,1.005,57.992,0.045,106.476
2026-09-02T07:53:04.766022+07:00,c11_sim,734,6.277,29.946,1.029,25.292,0.032,62.575
2026-09-02T07:53:05.000885+07:00,c11_sim,735,8.884,37.993,1.092,32.324,0.024,80.316
2026-09-02T07:53:05.177954+07:00,c11_sim,736,9.768,26.041,0.915,30.819,0.023,67.565
2026-09-02T07:53:05.395957+07:00,c11_sim,737,8.679,37.426,0.771,36.487,0.029,83.392
2026-09-02T07:53:05.587598+07:00,c11_sim,738,13.418,37.227,1.538,30.193,0.025,82.402
2026-09-02T07:53:05.800097+07:00,c11_sim,739,8.281,45.801,1.826,41.372,0.026,97.305
2026-09-02T07:53:05.990009+07:00,c11_sim,740,6.812,38.266,1.043,28.409,0.021,74.552
2026-09-02T07:53:06.166956+07:00,c11_sim,741,8.573,25.115,0.783,25.102,0.044,59.617
2026-09-02T07:53:06.362490+07:00,c11_sim,742,6.699,30.702,0.947,24.543,0.043,62.934
2026-09-02T07:53:06.606315+07:00,c11_sim,743,11.413,38.995,1.341,37.231,0.057,89.036
2026-09-02T07:53:06.774677+07:00,c11_sim,744,9.169,36.988,1.059,28.419,0.039,75.673
2026-09-02T07:53:06.986629+07:00,c11_sim,745,12.842,37.837,0.949,33.442,0.030,85.101
2026-09-02T07:53:07.184510+07:00,c11_sim,746,8.896,27.780,1.019,30.733,0.040,68.468
2026-09-02T07:53:07.400840+07:00,c11_sim,747,11.031,36.764,0.725,30.226,0.031,78.779
2026-09-02T07:53:07.583312+07:00,c11_sim,748,9.858,27.391,1.192,34.308,0.039,72.788
2026-09-02T07:53:07.783536+07:00,c11_sim,749,13.948,31.228,0.666,28.550,0.033,74.426
2026-09-02T07:53:07.991767+07:00,c11_sim,750,7.396,31.367,1.496,34.122,0.079,74.460
2026-09-02T07:53:08.216673+07:00,c11_sim,751,17.632,43.146,0.994,32.538,0.029,94.339
2026-09-02T07:53:08.362362+07:00,c11_sim,752,7.149,23.223,0.715,30.790,0.030,61.907
2026-09-02T07:53:08.574297+07:00,c11_sim,753,15.084,37.655,0.000,0.000,0.044,52.782
2026-09-02T07:53:08.780975+07:00,c11_sim,754,8.492,27.278,0.986,33.758,0.028,70.542
2026-09-02T07:53:09.000821+07:00,c11_sim,755,10.142,37.144,1.215,33.216,0.031,81.746
2026-09-02T07:53:09.159827+07:00,c11_sim,756,18.441,36.332,0.000,0.000,0.023,54.797
2026-09-02T07:53:09.403360+07:00,c11_sim,757,8.583,44.186,1.033,26.412,0.026,80.240
2026-09-02T07:53:09.584595+07:00,c11_sim,758,8.128,33.693,1.022,29.699,0.026,72.567
2026-09-02T07:53:09.763958+07:00,c11_sim,759,12.696,30.866,0.000,0.000,0.030,43.593
2026-09-02T07:53:09.969453+07:00,c11_sim,760,8.149,31.905,0.961,28.764,0.051,69.830
2026-09-02T07:53:10.187379+07:00,c11_sim,761,8.510,39.566,1.091,31.671,0.029,80.866
2026-09-02T07:53:10.403935+07:00,c11_sim,762,11.189,36.963,1.124,34.740,0.028,84.045
2026-09-02T07:53:10.560863+07:00,c11_sim,763,8.238,41.184,0.000,0.000,0.041,49.463
2026-09-02T07:53:10.741628+07:00,c11_sim,764,7.970,35.264,0.000,0.000,0.025,43.259
2026-09-02T07:53:10.967677+07:00,c11_sim,765,13.652,34.066,0.000,0.000,0.021,47.740
2026-09-02T07:53:11.156571+07:00,c11_sim,766,9.827,28.841,0.000,0.000,0.016,38.685
2026-09-02T07:53:11.369501+07:00,c11_sim,767,9.043,28.296,1.007,32.089,0.038,70.474
2026-09-02T07:53:11.552359+07:00,c11_sim,768,8.839,37.753,0.000,0.000,0.027,46.618
2026-09-02T07:53:11.761835+07:00,c11_sim,769,8.606,42.840,0.000,0.000,0.031,51.477
2026-09-02T07:53:11.931633+07:00,c11_sim,770,9.566,24.837,0.000,0.000,0.031,34.434
2026-09-02T07:53:12.156879+07:00,c11_sim,771,8.253,34.355,0.000,0.000,0.030,42.638
2026-09-02T07:53:12.377030+07:00,c11_sim,772,13.190,26.035,1.181,28.611,0.032,69.049
2026-09-02T07:53:12.554743+07:00,c11_sim,773,14.392,33.498,1.130,0.006,0.025,49.051
2026-09-02T07:53:12.752065+07:00,c11_sim,774,11.899,36.857,0.000,0.000,0.023,48.779
2026-09-02T07:53:12.948634+07:00,c11_sim,775,14.185,34.926,0.000,0.000,0.023,49.134
2026-09-02T07:53:13.144746+07:00,c11_sim,776,14.399,31.637,0.000,0.000,0.023,46.059
2026-09-02T07:53:13.345244+07:00,c11_sim,777,10.162,34.485,0.000,0.000,0.030,44.677
2026-09-02T07:53:13.550397+07:00,c11_sim,778,11.960,34.875,0.000,0.000,0.061,46.896
2026-09-02T07:53:13.751431+07:00,c11_sim,779,8.466,35.786,0.000,0.000,0.024,44.276
2026-09-02T07:53:13.947141+07:00,c11_sim,780,10.754,33.501,0.000,0.000,0.040,44.295
2026-09-02T07:53:14.179231+07:00,c11_sim,781,10.906,41.196,0.000,0.000,0.024,52.126
2026-09-02T07:53:14.217146+07:00,c11_sim,782,15.290,37.507,0.000,0.000,0.013,52.810
2026-09-02T07:53:14.230964+07:00,c11_sim,783,6.276,13.633,0.000,0.000,0.011,19.921
2026-09-02T07:53:14.271552+07:00,c11_sim,784,6.278,15.536,0.000,0.000,0.011,21.824
2026-09-02T07:53:14.310664+07:00,c11_sim,785,7.046,15.054,0.000,0.000,0.013,22.113
2026-09-02T07:53:14.353705+07:00,c11_sim,786,6.275,16.728,1.183,0.000,0.017,24.203
2026-09-02T07:53:14.395148+07:00,c11_sim,787,6.546,19.175,0.788,0.000,0.018,26.527
2026-09-02T07:53:14.445903+07:00,c11_sim,788,6.966,22.889,0.849,0.000,0.483,31.187
2026-09-02T07:53:14.493390+07:00,c11_sim,789,6.444,23.588,0.000,0.000,0.011,30.043
2026-09-02T07:53:14.514848+07:00,c11_sim,790,6.802,21.278,0.000,0.000,0.006,28.086
2026-09-02T07:53:14.567919+07:00,c11_sim,791,6.559,27.807,0.000,0.000,0.007,34.373
2026-09-02T07:53:14.628438+07:00,c11_sim,792,6.587,34.220,0.947,0.000,0.008,41.762
2026-09-02T07:53:14.659276+07:00,c11_sim,793,6.737,30.557,0.000,0.000,0.010,37.304
2026-09-02T07:53:14.696225+07:00,c11_sim,794,6.478,34.599,0.987,0.000,0.012,42.077
2026-09-02T07:53:14.780355+07:00,c11_sim,795,7.457,33.841,0.946,26.942,0.078,69.263
2026-09-02T07:53:14.808450+07:00,c11_sim,796,6.771,27.803,0.000,0.000,0.014,34.588
2026-09-02T07:53:14.836549+07:00,c11_sim,797,6.169,27.895,0.000,0.000,0.011,34.075
2026-09-02T07:53:14.849354+07:00,c11_sim,798,12.708,12.612,0.000,0.000,0.012,25.332
2026-09-02T07:53:14.886485+07:00,c11_sim,799,6.012,13.173,0.000,0.000,0.009,19.194
2026-09-02T07:53:14.922883+07:00,c11_sim,800,5.780,15.295,0.000,0.000,0.010,21.085
2026-09-02T07:53:14.987694+07:00,c11_sim,801,6.141,18.712,0.000,0.000,0.011,24.865
2026-09-02T07:53:15.043305+07:00,c11_sim,802,6.091,23.089,0.966,30.567,0.031,60.743
2026-09-02T07:53:15.087719+07:00,c11_sim,803,8.495,22.694,0.630,20.228,0.018,52.065
2026-09-02T07:53:15.129133+07:00,c11_sim,804,6.390,20.591,0.621,19.402,0.019,47.023
2026-09-02T07:53:15.156934+07:00,c11_sim,805,6.130,27.607,0.000,0.000,0.012,33.750
2026-09-02T07:53:15.202254+07:00,c11_sim,806,6.170,23.604,0.546,20.366,0.018,50.704
2026-09-02T07:53:15.251400+07:00,c11_sim,807,6.188,28.150,0.593,19.668,0.019,54.618
2026-09-02T07:53:15.297121+07:00,c11_sim,808,6.330,23.346,0.611,21.002,0.018,51.309
2026-09-02T07:53:15.347593+07:00,c11_sim,809,6.200,26.326,0.633,22.704,0.020,55.884
2026-09-02T07:53:15.400970+07:00,c11_sim,810,6.092,30.784,0.613,20.844,0.018,58.352
2026-09-02T07:53:15.443877+07:00,c11_sim,811,6.285,21.965,0.666,19.438,0.021,48.375
2026-09-02T07:53:15.487770+07:00,c11_sim,812,6.291,20.509,0.619,21.957,0.022,49.398
2026-09-02T07:53:15.527620+07:00,c11_sim,813,6.179,19.800,0.791,18.429,0.018,45.216
2026-09-02T07:53:15.565630+07:00,c11_sim,814,6.160,18.590,0.540,18.106,0.017,43.413
2026-09-02T07:53:15.601084+07:00,c11_sim,815,6.033,15.643,0.517,18.299,0.018,40.509
2026-09-02T07:53:15.638541+07:00,c11_sim,816,5.898,16.956,0.599,19.151,0.024,42.628
2026-09-02T07:53:15.684687+07:00,c11_sim,817,6.126,25.019,0.700,19.653,0.017,51.514
2026-09-02T07:53:15.724931+07:00,c11_sim,818,6.059,17.407,0.739,20.320,0.029,44.554
2026-09-02T07:53:15.764289+07:00,c11_sim,819,6.305,18.410,0.779,19.386,0.030,44.910
2026-09-02T07:53:15.812746+07:00,c11_sim,820,6.333,24.158,0.660,22.566,0.032,53.749
2026-09-02T07:53:15.857823+07:00,c11_sim,821,6.932,23.775,0.562,19.838,0.030,51.137
2026-09-02T07:53:15.901485+07:00,c11_sim,822,6.506,21.795,0.578,20.330,0.029,49.239
2026-09-02T07:53:15.945779+07:00,c11_sim,823,6.382,22.482,0.588,20.350,0.035,49.837
2026-09-02T07:53:15.995031+07:00,c11_sim,824,6.112,25.476,0.578,22.261,0.028,54.455
2026-09-02T07:53:16.043402+07:00,c11_sim,825,6.325,22.090,0.612,24.877,0.030,53.933
2026-09-02T07:53:16.086845+07:00,c11_sim,826,6.549,21.872,0.621,20.070,0.028,49.140
2026-09-02T07:53:16.129674+07:00,c11_sim,827,6.720,21.583,0.579,19.864,0.025,48.772
2026-09-02T07:53:16.174442+07:00,c11_sim,828,6.149,24.003,0.554,19.330,0.036,50.071
2026-09-02T07:53:16.221235+07:00,c11_sim,829,6.311,22.293,0.627,22.934,0.039,52.204
2026-09-02T07:53:16.268953+07:00,c11_sim,830,7.617,24.990,0.484,21.379,0.025,54.495
2026-09-02T07:53:16.315107+07:00,c11_sim,831,6.119,23.991,0.535,20.754,0.024,51.422
2026-09-02T07:53:16.353401+07:00,c11_sim,832,6.154,18.733,0.474,18.364,0.021,43.745
2026-09-02T07:53:16.389596+07:00,c11_sim,833,5.870,17.264,0.424,17.768,0.027,41.353
2026-09-02T07:53:16.424777+07:00,c11_sim,834,6.386,16.563,0.410,17.511,0.016,40.887
2026-09-02T07:53:16.459450+07:00,c11_sim,835,6.028,15.745,0.347,17.902,0.020,40.043
2026-09-02T07:53:16.493826+07:00,c11_sim,836,5.942,16.176,0.385,17.122,0.021,39.647
2026-09-02T07:53:16.528309+07:00,c11_sim,837,5.894,16.262,0.369,17.118,0.032,39.675
2026-09-02T07:53:16.562575+07:00,c11_sim,838,5.970,16.151,0.368,17.053,0.014,39.555
2026-09-02T07:53:16.600358+07:00,c11_sim,839,5.946,15.922,0.397,20.742,0.020,43.026
2026-09-02T07:53:16.635244+07:00,c11_sim,840,5.889,15.784,0.519,17.864,0.023,40.078
2026-09-02T07:53:16.671072+07:00,c11_sim,841,5.953,16.961,0.428,17.639,0.018,40.998
2026-09-02T07:53:16.706168+07:00,c11_sim,842,5.853,16.912,0.365,17.126,0.019,40.275
2026-09-02T07:53:16.742101+07:00,c11_sim,843,6.004,17.074,0.384,17.799,0.020,41.280
2026-09-02T07:53:16.778204+07:00,c11_sim,844,5.848,17.095,0.394,17.881,0.020,41.238
2026-09-02T07:53:16.814111+07:00,c11_sim,845,6.148,17.686,0.382,17.195,0.015,41.427
2026-09-02T07:53:16.877941+07:00,c11_sim,846,5.792,19.825,0.366,17.919,0.023,43.926
2026-09-02T07:53:16.918216+07:00,c11_sim,847,5.899,20.642,0.410,18.482,0.034,45.467
2026-09-02T07:53:16.965802+07:00,c11_sim,848,5.884,27.119,0.674,19.046,0.017,52.740
2026-09-02T07:53:17.002939+07:00,c11_sim,849,6.351,18.277,0.396,17.725,0.023,42.771
2026-09-02T07:53:17.041172+07:00,c11_sim,850,6.347,18.995,0.457,17.984,0.020,43.804
2026-09-02T07:53:17.078318+07:00,c11_sim,851,5.980,18.946,0.372,17.097,0.022,42.417
2026-09-02T07:53:17.117344+07:00,c11_sim,852,6.017,19.258,0.429,18.463,0.019,44.186
2026-09-02T07:53:17.137499+07:00,c11_sim,853,5.972,20.018,0.000,0.000,0.007,25.996
2026-09-02T07:53:17.205429+07:00,c11_sim,854,5.891,22.795,0.393,18.942,0.018,48.038
2026-09-02T07:53:17.248074+07:00,c11_sim,855,5.905,21.716,0.434,19.698,0.023,47.775
2026-09-02T07:53:17.267287+07:00,c11_sim,856,6.069,19.014,0.000,0.000,0.006,25.089
2026-09-02T07:53:17.312839+07:00,c11_sim,857,5.840,20.391,0.000,0.000,0.006,26.237
2026-09-02T07:53:17.383202+07:00,c11_sim,858,5.917,22.988,0.593,20.845,0.023,50.367
2026-09-02T07:53:17.421816+07:00,c11_sim,859,5.928,18.829,0.470,18.351,0.024,43.603
2026-09-02T07:53:17.461037+07:00,c11_sim,860,6.109,19.331,0.512,18.475,0.021,44.448
2026-09-02T07:53:17.496958+07:00,c11_sim,861,6.113,17.518,0.387,17.295,0.018,41.332
2026-09-02T07:53:17.532245+07:00,c11_sim,862,5.912,16.767,0.366,17.445,0.019,40.510
2026-09-02T07:53:17.566630+07:00,c11_sim,863,5.932,15.812,0.368,17.380,0.014,39.505
2026-09-02T07:53:17.632224+07:00,c11_sim,864,5.812,20.799,0.521,18.942,0.031,46.106
2026-09-02T07:53:17.669518+07:00,c11_sim,865,6.542,18.036,0.408,18.110,0.020,43.116
2026-09-02T07:53:17.706694+07:00,c11_sim,866,5.881,18.611,0.350,17.402,0.023,42.267
2026-09-02T07:53:17.744251+07:00,c11_sim,867,5.859,19.313,0.358,17.147,0.018,42.696
2026-09-02T07:53:17.781841+07:00,c11_sim,868,5.976,19.478,0.374,17.073,0.018,42.918
2026-09-02T07:53:17.820848+07:00,c11_sim,869,5.946,20.216,0.389,17.624,0.021,44.196
2026-09-02T07:53:17.887902+07:00,c11_sim,870,5.803,23.213,0.376,17.630,0.020,47.042
2026-09-02T07:53:17.929623+07:00,c11_sim,871,5.955,21.731,0.371,18.777,0.018,46.852
2026-09-02T07:53:17.973950+07:00,c11_sim,872,5.978,22.654,0.351,20.635,0.016,49.634
2026-09-02T07:53:18.012622+07:00,c11_sim,873,5.888,19.866,0.387,17.704,0.018,43.863
2026-09-02T07:53:18.051005+07:00,c11_sim,874,5.781,19.879,0.366,17.428,0.016,43.471
2026-09-02T07:53:18.090091+07:00,c11_sim,875,6.018,20.336,0.344,17.645,0.015,44.358
2026-09-02T07:53:18.126918+07:00,c11_sim,876,5.857,18.721,0.327,17.127,0.018,42.050
2026-09-02T07:53:18.163304+07:00,c11_sim,877,5.986,18.121,0.390,17.156,0.021,41.675
2026-09-02T07:53:18.201070+07:00,c11_sim,878,5.927,18.848,0.388,17.766,0.018,42.948
2026-09-02T07:53:18.238811+07:00,c11_sim,879,5.832,18.403,0.361,18.223,0.021,42.840
2026-09-02T07:53:18.276565+07:00,c11_sim,880,5.836,19.391,0.398,17.243,0.019,42.887
2026-09-02T07:53:18.340731+07:00,c11_sim,881,5.790,19.664,0.457,18.203,0.022,44.135
2026-09-02T07:53:18.379257+07:00,c11_sim,882,5.809,18.982,0.424,18.336,0.018,43.570
2026-09-02T07:53:18.418035+07:00,c11_sim,883,5.971,19.905,0.393,17.755,0.025,44.049
2026-09-02T07:53:18.455411+07:00,c11_sim,884,6.158,18.538,0.373,17.669,0.022,42.760
2026-09-02T07:53:18.492440+07:00,c11_sim,885,5.822,18.861,0.356,17.071,0.017,42.127
2026-09-02T07:53:18.529151+07:00,c11_sim,886,5.802,18.337,0.378,17.223,0.019,41.758
2026-09-02T07:53:18.573851+07:00,c11_sim,887,5.760,19.476,0.000,0.000,0.007,25.243
2026-09-02T07:53:18.612244+07:00,c11_sim,888,5.786,19.443,0.426,17.840,0.024,43.519
2026-09-02T07:53:18.652321+07:00,c11_sim,889,5.975,20.443,0.438,18.395,0.021,45.271
2026-09-02T07:53:18.692349+07:00,c11_sim,890,5.910,21.120,0.400,17.740,0.017,45.187
2026-09-02T07:53:18.761842+07:00,c11_sim,891,5.766,22.593,0.490,20.424,0.023,49.296
2026-09-02T07:53:18.805053+07:00,c11_sim,892,5.862,23.406,0.513,18.445,0.021,48.247
2026-09-02T07:53:18.848187+07:00,c11_sim,893,6.272,22.269,0.491,19.297,0.020,48.350
2026-09-02T07:53:18.884703+07:00,c11_sim,894,5.985,17.955,0.381,17.398,0.014,41.733
2026-09-02T07:53:18.919489+07:00,c11_sim,895,5.998,15.962,0.385,17.629,0.018,39.992
2026-09-02T07:53:18.954118+07:00,c11_sim,896,6.063,16.614,0.349,16.934,0.018,39.978
2026-09-02T07:53:18.988613+07:00,c11_sim,897,5.869,16.421,0.342,17.016,0.023,39.670
2026-09-02T07:53:19.024014+07:00,c11_sim,898,5.712,16.412,0.377,17.935,0.018,40.453
2026-09-02T07:53:19.084232+07:00,c11_sim,899,5.741,15.816,0.444,18.211,0.019,40.230
2026-09-02T07:53:19.118717+07:00,c11_sim,900,6.141,15.603,0.348,17.787,0.020,39.898
2026-09-02T07:53:19.153306+07:00,c11_sim,901,5.969,16.634,0.353,16.819,0.014,39.789
2026-09-02T07:53:19.215859+07:00,c11_sim,902,5.793,18.622,0.401,17.783,0.015,42.613
2026-09-02T07:53:19.253217+07:00,c11_sim,903,5.862,18.143,0.410,18.073,0.036,42.525
2026-09-02T07:53:19.292656+07:00,c11_sim,904,6.214,20.119,0.448,18.130,0.019,44.930
2026-09-02T07:53:19.331524+07:00,c11_sim,905,6.155,19.988,0.372,17.790,0.017,44.322
2026-09-02T07:53:19.368064+07:00,c11_sim,906,5.892,17.604,0.387,17.776,0.019,41.679
2026-09-02T07:53:19.403616+07:00,c11_sim,907,6.088,17.129,0.355,17.296,0.019,40.888
2026-09-02T07:53:19.439819+07:00,c11_sim,908,5.891,17.957,0.347,17.152,0.013,41.360
2026-09-02T07:53:19.498424+07:00,c11_sim,909,5.710,19.902,0.374,17.401,0.019,43.405
2026-09-02T07:53:19.536390+07:00,c11_sim,910,5.909,19.083,0.372,17.742,0.020,43.126
2026-09-02T07:53:19.574269+07:00,c11_sim,911,5.871,19.175,0.374,17.562,0.018,43.000
2026-09-02T07:53:19.614101+07:00,c11_sim,912,5.828,19.406,0.352,19.369,0.022,44.977
2026-09-02T07:53:19.655270+07:00,c11_sim,913,5.874,20.692,0.431,19.270,0.034,46.301
2026-09-02T07:53:19.695804+07:00,c11_sim,914,6.113,21.270,0.377,18.152,0.024,45.936
2026-09-02T07:53:19.764563+07:00,c11_sim,915,5.881,23.171,0.375,19.401,0.024,48.852
2026-09-02T07:53:19.803511+07:00,c11_sim,916,5.843,19.897,0.427,17.810,0.017,43.994
2026-09-02T07:53:19.842491+07:00,c11_sim,917,6.087,20.454,0.389,17.380,0.015,44.326
2026-09-02T07:53:19.882243+07:00,c11_sim,918,5.777,19.421,0.490,18.784,0.023,44.495
2026-09-02T07:53:19.920123+07:00,c11_sim,919,6.259,19.075,0.337,17.668,0.023,43.362
2026-09-02T07:53:19.939834+07:00,c11_sim,920,5.806,19.580,0.000,0.000,0.006,25.391
2026-09-02T07:53:19.984906+07:00,c11_sim,921,5.949,19.898,0.000,0.000,0.008,25.854
2026-09-02T07:53:20.033109+07:00,c9_sim,414,4.204,22.932,0.000,0.000,0.026,27.162
2026-09-02T07:53:20.057920+07:00,c9_sim,415,5.670,24.650,0.000,0.000,0.009,30.329
2026-09-02T07:53:20.078298+07:00,c9_sim,416,4.601,20.230,0.000,0.000,0.007,24.839
2026-09-02T07:53:20.099447+07:00,c9_sim,417,4.675,21.031,0.000,0.000,0.005,25.711
2026-09-02T07:53:20.146317+07:00,c9_sim,418,4.754,21.743,0.000,0.000,0.006,26.503
2026-09-02T07:53:20.168353+07:00,c9_sim,419,4.883,21.922,0.000,0.000,0.007,26.812
2026-09-02T07:53:20.191369+07:00,c9_sim,420,5.173,22.891,0.000,0.000,0.009,28.073
2026-09-02T07:53:20.212571+07:00,c9_sim,421,4.766,20.982,0.000,0.000,0.005,25.753
2026-09-02T07:53:20.260666+07:00,c9_sim,422,4.837,22.934,0.000,0.000,0.010,27.781
2026-09-02T07:53:20.283623+07:00,c9_sim,423,4.981,21.611,0.630,0.000,0.007,27.230
2026-09-02T07:53:20.304311+07:00,c9_sim,424,4.802,20.575,0.000,0.000,0.007,25.384
2026-09-02T07:53:20.324585+07:00,c9_sim,425,4.756,20.155,0.000,0.000,0.007,24.918
2026-09-02T07:53:20.344708+07:00,c9_sim,426,4.455,19.670,0.000,0.000,0.279,24.404
2026-09-02T07:53:20.394397+07:00,c9_sim,427,4.966,23.193,0.655,0.000,0.019,28.834
2026-09-02T07:53:20.418219+07:00,c9_sim,428,4.567,22.310,0.587,0.000,0.005,27.470
2026-09-02T07:53:20.463872+07:00,c9_sim,429,4.712,24.042,0.504,20.100,0.051,49.409
2026-09-02T07:53:20.505703+07:00,c9_sim,430,4.703,22.180,0.443,18.526,0.013,45.866
2026-09-02T07:53:20.547269+07:00,c9_sim,431,4.551,21.794,0.434,18.576,0.014,45.369
2026-09-02T07:53:20.587370+07:00,c9_sim,432,4.562,20.802,0.512,18.099,0.014,43.990
2026-09-02T07:53:20.609076+07:00,c9_sim,433,4.445,21.549,0.000,0.000,0.010,26.004
2026-09-02T07:53:20.629803+07:00,c9_sim,434,4.538,20.573,0.000,0.000,0.011,25.123
2026-09-02T07:53:20.652128+07:00,c9_sim,435,4.740,22.193,0.000,0.000,0.006,26.939
2026-09-02T07:53:20.695871+07:00,c9_sim,436,6.103,22.709,0.512,19.773,0.019,49.116
2026-09-02T07:53:20.736398+07:00,c9_sim,437,4.525,21.495,0.446,17.882,0.014,44.363
2026-09-02T07:53:20.776924+07:00,c9_sim,438,4.526,21.490,0.460,17.861,0.013,44.351
2026-09-02T07:53:20.815442+07:00,c9_sim,439,4.544,19.915,0.443,17.474,0.012,42.388
2026-09-02T07:53:20.855030+07:00,c9_sim,440,4.535,20.885,0.412,17.548,0.013,43.394
2026-09-02T07:53:20.894155+07:00,c9_sim,441,4.538,20.351,0.463,17.515,0.011,42.878
2026-09-02T07:53:20.932155+07:00,c9_sim,442,4.434,19.626,0.416,17.246,0.013,41.735
2026-09-02T07:53:20.971808+07:00,c9_sim,443,7.217,20.507,0.408,18.069,0.010,46.212
2026-09-02T07:53:21.012519+07:00,c9_sim,444,4.395,20.989,0.454,18.528,0.014,44.380
2026-09-02T07:53:21.054590+07:00,c9_sim,445,4.569,21.707,0.497,19.171,0.019,45.962
2026-09-02T07:53:21.094390+07:00,c9_sim,446,5.987,20.813,0.439,17.845,0.021,45.105
2026-09-02T07:53:21.137278+07:00,c9_sim,447,4.725,23.490,0.420,18.295,0.011,46.941
2026-09-02T07:53:21.175751+07:00,c9_sim,448,4.767,20.011,0.415,17.326,0.019,42.537
2026-09-02T07:53:21.214195+07:00,c9_sim,449,4.643,20.116,0.408,17.153,0.017,42.335
2026-09-02T07:53:21.253614+07:00,c9_sim,450,5.203,20.000,0.511,18.133,0.023,43.870
2026-09-02T07:53:21.292107+07:00,c9_sim,451,4.627,19.386,0.456,17.887,0.022,42.378
2026-09-02T07:53:21.329983+07:00,c9_sim,452,4.637,19.183,0.503,17.463,0.020,41.806
2026-09-02T07:53:21.370704+07:00,c9_sim,453,5.119,19.983,0.468,19.533,0.040,45.144
2026-09-02T07:53:21.410399+07:00,c9_sim,454,4.602,20.469,0.473,17.910,0.019,43.472
2026-09-02T07:53:21.448937+07:00,c9_sim,455,5.031,19.492,0.456,17.847,0.026,42.851
2026-09-02T07:53:21.488833+07:00,c9_sim,456,4.999,20.817,0.493,17.873,0.026,44.208
2026-09-02T07:53:21.528509+07:00,c9_sim,457,4.454,20.786,0.449,17.660,0.018,43.368
2026-09-02T07:53:21.568003+07:00,c9_sim,458,4.523,20.824,0.410,17.510,0.018,43.285
2026-09-02T07:53:21.606877+07:00,c9_sim,459,5.153,19.895,0.446,17.777,0.024,43.295
2026-09-02T07:53:21.645428+07:00,c9_sim,460,4.567,19.415,0.451,17.939,0.021,42.393
2026-09-02T07:53:21.683916+07:00,c9_sim,461,4.689,19.550,0.390,17.855,0.020,42.503
2026-09-02T07:53:21.724014+07:00,c9_sim,462,4.853,20.700,0.397,18.261,0.036,44.248
2026-09-02T07:53:21.761935+07:00,c9_sim,463,4.677,19.674,0.399,17.159,0.017,41.926
2026-09-02T07:53:21.799949+07:00,c9_sim,464,5.080,19.347,0.422,17.394,0.018,42.262
2026-09-02T07:53:21.840935+07:00,c9_sim,465,4.655,20.989,0.488,18.795,0.022,44.949
2026-09-02T07:53:21.880325+07:00,c9_sim,466,5.006,20.562,0.432,17.609,0.018,43.627
2026-09-02T07:53:21.921297+07:00,c9_sim,467,4.365,20.709,0.446,19.082,0.027,44.629
2026-09-02T07:53:21.964021+07:00,c9_sim,468,4.644,22.382,0.502,19.052,0.022,46.601
2026-09-02T07:53:22.004697+07:00,c9_sim,469,4.958,21.416,0.407,18.113,0.024,44.916
2026-09-02T07:53:22.045592+07:00,c9_sim,470,4.474,21.498,0.454,18.240,0.021,44.689
2026-09-02T07:53:22.084463+07:00,c9_sim,471,4.561,20.374,0.379,17.374,0.028,42.717
2026-09-02T07:53:22.125627+07:00,c9_sim,472,5.310,21.608,0.457,18.326,0.020,45.722
2026-09-02T07:53:22.164105+07:00,c9_sim,473,4.807,19.355,0.478,17.974,0.022,42.636
2026-09-02T07:53:22.201592+07:00,c9_sim,474,4.691,19.175,0.377,17.239,0.019,41.501
2026-09-02T07:53:22.237874+07:00,c9_sim,475,4.589,17.990,0.374,17.199,0.023,40.176
2026-09-02T07:53:22.276023+07:00,c9_sim,476,5.067,19.267,0.391,17.792,0.021,42.538
2026-09-02T07:53:22.312978+07:00,c9_sim,477,4.504,18.382,0.421,17.481,0.019,40.807
2026-09-02T07:53:22.352053+07:00,c9_sim,478,4.756,19.960,0.456,17.855,0.029,43.056
2026-09-02T07:53:22.390873+07:00,c9_sim,479,5.133,19.758,0.390,17.872,0.022,43.176
2026-09-02T07:53:22.429715+07:00,c9_sim,480,4.688,18.991,0.455,18.729,0.030,42.893
2026-09-02T07:53:22.473888+07:00,c9_sim,481,4.665,19.574,0.499,23.244,0.031,48.012
2026-09-02T07:53:22.515732+07:00,c9_sim,482,5.029,20.720,0.531,19.849,0.029,46.159
2026-09-02T07:53:22.556486+07:00,c9_sim,483,4.558,20.919,0.521,18.564,0.027,44.588
2026-09-02T07:53:22.599011+07:00,c9_sim,484,4.926,22.019,0.673,18.770,0.034,46.422
2026-09-02T07:53:22.642491+07:00,c9_sim,485,5.033,23.508,0.515,18.648,0.028,47.732
2026-09-02T07:53:22.684128+07:00,c9_sim,486,4.483,19.985,0.781,19.922,0.028,45.198
2026-09-02T07:53:22.725463+07:00,c9_sim,487,4.609,19.435,0.575,20.617,0.027,45.262
2026-09-02T07:53:22.766424+07:00,c9_sim,488,4.921,20.944,0.501,18.609,0.028,45.002
2026-09-02T07:53:22.808497+07:00,c9_sim,489,4.439,22.058,0.520,18.703,0.024,45.744
2026-09-02T07:53:22.863431+07:00,c9_sim,490,4.588,29.451,0.737,23.977,0.025,58.779
2026-09-02T07:53:22.908543+07:00,c9_sim,491,4.919,23.541,0.492,20.318,0.030,49.301
2026-09-02T07:53:22.952908+07:00,c9_sim,492,4.415,23.084,0.452,20.105,0.022,48.078
2026-09-02T07:53:23.000855+07:00,c9_sim,493,4.515,25.629,0.475,21.081,0.025,51.724
2026-09-02T07:53:23.041755+07:00,c9_sim,494,4.464,20.834,0.432,18.834,0.022,44.586
2026-09-02T07:53:23.086091+07:00,c9_sim,495,4.943,25.431,0.482,17.660,0.019,48.535
2026-09-02T07:53:23.123278+07:00,c9_sim,496,4.658,18.966,0.406,17.019,0.020,41.070
2026-09-02T07:53:23.159434+07:00,c9_sim,497,4.818,17.868,0.422,17.178,0.020,40.306
2026-09-02T07:53:23.196008+07:00,c9_sim,498,4.735,18.490,0.412,16.997,0.016,40.649
2026-09-02T07:53:23.234681+07:00,c9_sim,499,5.103,19.190,0.386,18.383,0.026,43.088
2026-09-02T07:53:23.272261+07:00,c9_sim,500,4.752,18.398,0.486,17.932,0.023,41.591
2026-09-02T07:53:23.309540+07:00,c9_sim,501,4.700,18.497,0.395,17.696,0.021,41.309
2026-09-02T07:53:23.350843+07:00,c9_sim,502,5.087,21.613,0.431,18.345,0.022,45.498
2026-09-02T07:53:23.391500+07:00,c9_sim,503,4.619,20.811,0.448,18.261,0.017,44.156
2026-09-02T07:53:23.429208+07:00,c9_sim,504,6.289,19.218,0.388,17.406,0.019,43.320
2026-09-02T07:53:23.470063+07:00,c9_sim,505,5.992,21.199,0.435,18.199,0.024,45.848
2026-09-02T07:53:23.508793+07:00,c9_sim,506,5.075,19.944,0.383,17.683,0.021,43.106
2026-09-02T07:53:23.547969+07:00,c9_sim,507,4.821,19.784,0.375,18.378,0.017,43.375
2026-09-02T07:53:23.585133+07:00,c9_sim,508,5.380,18.375,0.403,17.660,0.021,41.838
2026-09-02T07:53:23.621587+07:00,c9_sim,509,4.978,16.918,0.408,18.363,0.024,40.691
2026-09-02T07:53:23.659663+07:00,c9_sim,510,4.553,18.046,0.697,18.565,0.020,41.881
2026-09-02T07:53:23.697361+07:00,c9_sim,511,6.408,18.630,0.454,17.869,0.019,43.380
2026-09-02T07:53:23.734184+07:00,c9_sim,512,4.560,17.789,0.375,17.965,0.022,40.710
2026-09-02T07:53:23.770387+07:00,c9_sim,513,5.012,17.623,0.399,17.420,0.015,40.469
2026-09-02T07:53:23.808018+07:00,c9_sim,514,4.973,19.658,0.380,16.950,0.020,41.981
2026-09-02T07:53:23.844807+07:00,c9_sim,515,4.689,18.276,0.362,17.501,0.020,40.848
2026-09-02T07:53:23.883772+07:00,c9_sim,516,4.355,19.465,0.574,18.145,0.017,42.556
2026-09-02T07:53:23.923580+07:00,c9_sim,517,8.115,20.874,0.365,17.799,0.032,47.184
2026-09-02T07:53:23.962878+07:00,c9_sim,518,6.236,19.719,0.431,18.396,0.016,44.799
2026-09-02T07:53:24.003465+07:00,c9_sim,519,5.157,21.449,0.358,18.074,0.023,45.060
2026-09-02T07:53:24.045231+07:00,c9_sim,520,4.716,21.588,0.425,18.987,0.019,45.734
2026-09-02T07:53:24.087104+07:00,c9_sim,521,5.048,22.600,0.394,18.123,0.024,46.190
2026-09-02T07:53:24.128656+07:00,c9_sim,522,5.305,21.786,0.393,18.338,0.023,45.845
2026-09-02T07:53:24.172160+07:00,c9_sim,523,4.606,20.572,0.437,21.789,0.024,47.427
2026-09-02T07:53:24.211641+07:00,c9_sim,524,5.162,20.800,0.476,17.520,0.018,43.976
2026-09-02T07:53:24.251006+07:00,c9_sim,525,4.674,19.513,0.437,18.462,0.024,43.109
2026-09-02T07:53:24.291878+07:00,c9_sim,526,5.230,21.373,0.442,18.277,0.022,45.345
2026-09-02T07:53:24.330743+07:00,c9_sim,527,4.651,20.084,0.380,17.669,0.022,42.806
2026-09-02T07:53:24.368876+07:00,c9_sim,528,5.009,19.111,0.378,17.953,0.017,42.468
2026-09-02T07:53:24.407407+07:00,c9_sim,529,4.485,19.154,0.415,18.197,0.026,42.275
2026-09-02T07:53:24.445799+07:00,c9_sim,530,5.066,19.795,0.398,17.487,0.021,42.767
2026-09-02T07:53:24.486163+07:00,c9_sim,531,4.594,20.122,0.442,18.881,0.017,44.058
2026-09-02T07:53:24.523950+07:00,c9_sim,532,4.508,18.321,0.396,18.342,0.022,41.588
2026-09-02T07:53:24.560804+07:00,c9_sim,533,5.310,18.078,0.454,17.639,0.019,41.500
2026-09-02T07:53:24.599132+07:00,c9_sim,534,4.947,19.033,0.410,18.142,0.024,42.556
2026-09-02T07:53:24.638839+07:00,c9_sim,535,4.500,19.410,0.428,19.075,0.023,43.436
2026-09-02T07:53:24.677262+07:00,c9_sim,536,4.740,19.674,0.408,17.630,0.018,42.470
2026-09-02T07:53:24.717022+07:00,c9_sim,537,5.804,20.225,0.376,18.268,0.032,44.705
2026-09-02T07:53:24.756507+07:00,c9_sim,538,5.182,20.030,0.396,18.310,0.019,43.938
2026-09-02T07:53:24.795917+07:00,c9_sim,539,4.639,20.064,0.416,18.217,0.025,43.361
2026-09-02T07:53:24.836694+07:00,c9_sim,540,5.011,21.672,0.443,17.985,0.017,45.127
2026-09-02T07:53:24.878528+07:00,c9_sim,541,4.377,21.571,0.369,19.047,0.023,45.388
2026-09-02T07:53:24.918647+07:00,c9_sim,542,4.924,21.094,0.379,17.933,0.026,44.355
2026-09-02T07:53:24.958770+07:00,c9_sim,543,4.360,21.108,0.422,17.799,0.022,43.712
2026-09-02T07:53:24.999495+07:00,c9_sim,544,4.892,21.078,0.463,18.500,0.023,44.957
2026-09-02T07:53:25.041734+07:00,c9_sim,545,4.475,21.735,0.401,19.384,0.023,46.018
2026-09-02T07:53:25.083950+07:00,c9_sim,546,5.172,21.319,0.406,19.638,0.019,46.554
2026-09-02T07:53:25.128455+07:00,c9_sim,547,5.023,23.149,0.404,20.225,0.020,48.822
2026-09-02T07:53:25.172573+07:00,c9_sim,548,4.997,23.957,0.394,18.659,0.022,48.029
2026-09-02T07:53:25.215983+07:00,c9_sim,549,4.595,23.941,0.455,18.339,0.028,47.358
2026-09-02T07:53:25.257078+07:00,c9_sim,550,4.635,21.908,0.443,17.972,0.042,45.000
2026-09-02T07:53:25.299741+07:00,c9_sim,551,4.961,23.364,0.428,18.192,0.025,46.970
2026-09-02T07:53:25.341598+07:00,c9_sim,552,4.460,21.638,0.404,19.073,0.022,45.596
2026-09-02T07:53:25.382767+07:00,c9_sim,553,4.652,21.359,0.378,18.792,0.020,45.201
2026-09-02T07:53:25.422427+07:00,c9_sim,554,4.601,20.245,0.430,18.257,0.018,43.551
2026-09-02T07:53:25.461850+07:00,c9_sim,555,5.149,20.527,0.386,17.874,0.024,43.961
2026-09-02T07:53:25.502264+07:00,c9_sim,556,4.536,20.668,0.457,17.676,0.024,43.361
2026-09-02T07:53:25.540425+07:00,c9_sim,557,4.651,18.752,0.396,18.265,0.032,42.096
2026-09-02T07:53:25.586635+07:00,c9_sim,558,4.930,26.908,0.403,18.087,0.053,50.382
2026-09-02T07:53:25.627435+07:00,c9_sim,559,4.564,20.572,0.614,18.834,0.028,44.612
2026-09-02T07:53:25.649274+07:00,c8_sim,247,5.920,20.221,0.745,0.000,0.005,26.892
2026-09-02T07:53:25.721407+07:00,c8_sim,248,16.152,21.959,0.000,0.000,0.005,38.116
2026-09-02T07:53:25.743372+07:00,c8_sim,249,6.054,21.847,0.000,0.000,0.005,27.906
2026-09-02T07:53:25.826837+07:00,c8_sim,250,6.950,33.250,0.000,0.000,0.008,40.209
2026-09-02T07:53:25.882307+07:00,c8_sim,251,7.499,32.549,0.710,0.000,0.005,40.763
2026-09-02T07:53:25.909092+07:00,c8_sim,252,6.996,26.633,0.000,0.000,0.005,33.634
2026-09-02T07:53:25.965524+07:00,c8_sim,253,6.760,31.216,0.000,0.000,0.008,37.984
2026-09-02T07:53:26.017009+07:00,c8_sim,254,9.093,26.248,0.000,0.000,0.006,35.348
2026-09-02T07:53:26.056687+07:00,c8_sim,255,7.461,18.121,0.000,0.000,0.005,25.586
2026-09-02T07:53:26.124902+07:00,c8_sim,256,8.482,22.406,0.000,0.000,0.008,30.896
2026-09-02T07:53:26.176205+07:00,c8_sim,257,6.996,26.433,0.000,0.000,0.007,33.436
2026-09-02T07:53:26.225447+07:00,c8_sim,258,9.454,24.030,0.000,0.000,0.006,33.490
2026-09-02T07:53:26.277049+07:00,c8_sim,259,9.255,26.316,0.000,0.000,0.007,35.578
2026-09-02T07:53:26.339372+07:00,c8_sim,260,8.066,31.933,2.183,0.000,0.008,42.190
2026-09-02T07:53:26.371152+07:00,c8_sim,261,8.316,31.564,0.000,0.000,0.006,39.887
2026-09-02T07:53:26.430956+07:00,c8_sim,262,7.850,32.509,0.991,0.000,0.027,41.377
2026-09-02T07:53:26.492615+07:00,c8_sim,263,8.798,34.644,0.815,0.000,0.006,44.263
2026-09-02T07:53:26.549109+07:00,c8_sim,264,7.952,29.173,0.829,25.218,0.098,63.270
2026-09-02T07:53:26.581689+07:00,c8_sim,265,7.822,12.444,0.598,18.828,0.017,39.710
2026-09-02T07:53:26.641639+07:00,c8_sim,266,6.452,15.252,0.588,18.141,0.015,40.448
2026-09-02T07:53:26.674718+07:00,c8_sim,267,6.501,14.108,0.555,17.775,0.013,38.952
2026-09-02T07:53:26.733781+07:00,c8_sim,268,6.527,14.773,0.486,17.865,0.013,39.664
2026-09-02T07:53:26.796187+07:00,c8_sim,269,6.654,17.372,0.664,18.518,0.013,43.221
2026-09-02T07:53:26.832491+07:00,c8_sim,270,6.593,17.288,0.504,17.824,0.013,42.221
2026-09-02T07:53:26.901982+07:00,c8_sim,271,6.959,21.346,0.567,22.143,0.019,51.034
2026-09-02T07:53:26.943126+07:00,c8_sim,272,6.741,21.132,0.507,18.813,0.013,47.205
2026-09-02T07:53:27.016826+07:00,c8_sim,273,6.481,27.545,0.718,20.929,0.013,55.686
2026-09-02T07:53:27.049921+07:00,c8_sim,274,7.015,13.945,0.486,17.893,0.013,39.352
2026-09-02T07:53:27.080067+07:00,c8_sim,275,6.640,11.656,0.509,17.324,0.011,36.140
2026-09-02T07:53:27.137837+07:00,c8_sim,276,6.513,12.522,0.449,19.124,0.011,38.619
2026-09-02T07:53:27.196787+07:00,c8_sim,277,6.700,14.556,0.508,18.040,0.016,39.821
2026-09-02T07:53:27.228845+07:00,c8_sim,278,6.495,13.572,0.479,17.303,0.010,37.860
2026-09-02T07:53:27.288251+07:00,c8_sim,279,7.009,14.917,0.517,18.235,0.014,40.692
2026-09-02T07:53:27.349459+07:00,c8_sim,280,7.107,19.463,0.516,18.780,0.021,45.887
2026-09-02T07:53:27.419922+07:00,c8_sim,281,6.820,22.338,0.557,21.788,0.020,51.524
2026-09-02T07:53:27.469519+07:00,c8_sim,282,6.829,26.230,0.600,21.995,0.020,55.675
2026-09-02T07:53:27.515577+07:00,c8_sim,283,6.804,23.997,0.509,20.850,0.018,52.178
2026-09-02T07:53:27.545928+07:00,c8_sim,284,6.921,11.667,0.492,17.506,0.016,36.602
2026-09-02T07:53:27.605810+07:00,c8_sim,285,6.644,12.513,0.478,21.075,0.030,40.740
2026-09-02T07:53:27.637951+07:00,c8_sim,286,6.913,11.907,0.559,18.961,0.023,38.363
2026-09-02T07:53:27.697199+07:00,c8_sim,287,6.653,15.088,0.552,17.840,0.017,40.150
2026-09-02T07:53:27.756856+07:00,c8_sim,288,6.972,14.981,0.479,18.310,0.047,40.789
2026-09-02T07:53:27.818586+07:00,c8_sim,289,6.645,17.146,0.558,18.236,0.021,42.606
2026-09-02T07:53:27.854685+07:00,c8_sim,290,6.657,16.777,0.475,18.084,0.014,42.007
2026-09-02T07:53:27.922508+07:00,c8_sim,291,6.585,22.697,0.545,19.524,0.016,49.366
2026-09-02T07:53:27.963830+07:00,c8_sim,292,6.939,20.531,0.388,19.624,0.033,47.514
2026-09-02T07:53:28.004342+07:00,c8_sim,293,6.710,21.149,0.375,18.264,0.023,46.520
2026-09-02T07:53:28.079290+07:00,c8_sim,294,6.621,26.076,0.531,22.382,0.019,55.629
2026-09-02T07:53:28.125801+07:00,c8_sim,295,6.728,24.802,0.438,20.575,0.018,52.561
2026-09-02T07:53:28.168459+07:00,c8_sim,296,6.886,22.549,0.392,18.925,0.022,48.775
2026-09-02T07:53:28.212291+07:00,c8_sim,297,6.712,22.623,0.402,20.022,0.017,49.777
2026-09-02T07:53:28.283030+07:00,c8_sim,298,6.597,22.901,0.675,21.266,0.020,51.459
2026-09-02T07:53:28.319925+07:00,c8_sim,299,6.907,17.558,0.471,18.013,0.018,42.968
2026-09-02T07:53:28.355725+07:00,c8_sim,300,7.465,17.097,0.374,17.608,0.023,42.567
2026-09-02T07:53:28.416972+07:00,c8_sim,301,6.534,17.028,0.353,17.811,0.022,41.747
2026-09-02T07:53:28.478022+07:00,c8_sim,302,6.667,17.724,0.405,17.969,0.018,42.782
2026-09-02T07:53:28.514400+07:00,c8_sim,303,6.883,17.912,0.373,17.433,0.014,42.616
2026-09-02T07:53:28.577963+07:00,c8_sim,304,6.780,19.897,0.423,17.409,0.019,44.528
2026-09-02T07:53:28.616518+07:00,c8_sim,305,6.818,19.233,0.377,18.266,0.022,44.716
2026-09-02T07:53:28.686571+07:00,c8_sim,306,6.765,22.697,0.439,21.122,0.024,51.047
2026-09-02T07:53:28.733007+07:00,c8_sim,307,6.959,25.292,0.415,19.978,0.020,52.664
2026-09-02T07:53:28.763755+07:00,c8_sim,308,6.767,12.199,0.429,17.424,0.014,36.832
2026-09-02T07:53:28.821791+07:00,c8_sim,309,6.664,13.991,0.383,17.893,0.016,38.946
2026-09-02T07:53:28.878459+07:00,c8_sim,310,6.653,13.879,0.556,19.223,0.036,40.347
2026-09-02T07:53:28.911767+07:00,c8_sim,311,7.076,14.634,0.481,17.465,0.021,39.676
2026-09-02T07:53:28.971884+07:00,c8_sim,312,6.677,16.597,0.418,17.338,0.018,41.048
2026-09-02T07:53:29.036264+07:00,c8_sim,313,6.970,18.657,0.521,19.326,0.020,45.493
2026-09-02T07:53:29.074486+07:00,c8_sim,314,6.814,19.346,0.426,17.705,0.017,44.308
2026-09-02T07:53:29.146516+07:00,c8_sim,315,6.561,23.747,0.489,22.014,0.019,52.829
2026-09-02T07:53:29.194950+07:00,c8_sim,316,6.737,25.354,0.405,21.813,0.021,54.331
2026-09-02T07:53:29.236765+07:00,c8_sim,317,6.705,22.017,0.461,18.684,0.021,47.888
2026-09-02T07:53:29.267279+07:00,c8_sim,318,6.570,11.690,0.416,17.716,0.021,36.413
2026-09-02T07:53:29.324127+07:00,c8_sim,319,6.763,12.828,0.423,17.850,0.026,37.890
2026-09-02T07:53:29.382703+07:00,c8_sim,320,7.036,14.446,0.409,17.807,0.019,39.718
2026-09-02T07:53:29.414060+07:00,c8_sim,321,6.741,12.919,0.417,17.383,0.019,37.478
2026-09-02T07:53:29.470128+07:00,c8_sim,322,6.580,15.485,0.395,18.296,0.024,40.780
2026-09-02T07:53:29.535413+07:00,c8_sim,323,6.758,20.795,0.461,18.057,0.020,46.091
2026-09-02T07:53:29.572320+07:00,c8_sim,324,6.578,17.142,0.418,18.629,0.017,42.784
2026-09-02T07:53:29.639562+07:00,c8_sim,325,6.537,23.280,0.424,19.912,0.021,50.175
2026-09-02T07:53:29.683100+07:00,c8_sim,326,6.897,22.848,0.417,19.499,0.017,49.678
2026-09-02T07:53:29.739582+07:00,c8_sim,327,6.520,12.659,0.404,17.554,0.018,37.155
2026-09-02T07:53:29.769327+07:00,c8_sim,328,6.439,11.759,0.365,16.934,0.018,35.515
2026-09-02T07:53:29.825936+07:00,c8_sim,329,6.461,13.195,0.364,17.316,0.016,37.352
2026-09-02T07:53:29.884286+07:00,c8_sim,330,6.975,14.542,0.411,17.543,0.014,39.485
2026-09-02T07:53:29.946265+07:00,c8_sim,331,6.753,17.306,0.458,18.128,0.016,42.661
2026-09-02T07:53:29.981606+07:00,c8_sim,332,6.701,17.169,0.381,17.103,0.024,41.378
2026-09-02T07:53:30.049222+07:00,c8_sim,333,6.457,20.627,0.478,20.589,0.021,48.174
2026-09-02T07:53:30.060732+07:00,c8_sim,334,6.679,11.375,0.000,0.000,0.006,18.061
2026-09-02T07:53:30.125439+07:00,c8_sim,335,7.192,15.320,0.000,0.000,0.016,22.529
2026-09-02T07:53:30.210168+07:00,c8_sim,336,14.121,38.974,0.000,0.000,0.013,53.109
2026-09-02T07:53:30.280449+07:00,c8_sim,337,16.286,69.897,0.000,0.000,0.016,86.198
2026-09-02T07:53:30.346631+07:00,c8_sim,338,15.940,33.084,1.497,30.344,0.107,80.972
2026-09-02T07:53:30.377071+07:00,c8_sim,339,12.318,30.153,0.000,0.000,0.012,42.483
2026-09-02T07:53:30.409262+07:00,c8_sim,340,7.857,31.988,0.000,0.000,0.017,39.862
2026-09-02T07:53:30.439255+07:00,c8_sim,341,8.320,29.757,0.000,0.000,0.018,38.095
2026-09-02T07:53:30.494525+07:00,c8_sim,342,9.081,29.901,0.000,0.000,0.036,39.018
