source_clip,local_frame,camera,person_pred,x,y,w,h
clip_c8_20260617_150337.avi,0,c8_sim,Unknown #1,1608,82,71,227
clip_c8_20260617_150337.avi,1,c8_sim,Unknown #1,1609,78,72,230
clip_c8_20260617_150337.avi,2,c8_sim,Unknown #1,1606,76,73,230
clip_c8_20260617_150337.avi,3,c8_sim,Unknown #1,1602,78,75,238
clip_c8_20260617_150337.avi,4,c8_sim,Unknown #1,1586,88,78,250
clip_c8_20260617_150337.avi,5,c8_sim,Unknown #1,1578,95,78,250
clip_c8_20260617_150337.avi,6,c8_sim,Unknown #1,1568,100,78,248
clip_c8_20260617_150337.avi,7,c8_sim,Unknown #1,1556,105,77,240
clip_c8_20260617_150337.avi,8,c8_sim,Unknown #1,1540,107,81,241
clip_c8_20260617_150337.avi,9,c8_sim,Unknown #1,1532,109,85,242
clip_c8_20260617_150337.avi,10,c8_sim,Unknown #1,1521,108,89,247
clip_c8_20260617_150337.avi,11,c8_sim,Unknown #1,1513,111,91,253
clip_c8_20260617_150337.avi,12,c8_sim,Unknown #1,1495,124,97,269
clip_c8_20260617_150337.avi,13,c8_sim,Unknown #1,1482,130,99,274
clip_c8_20260617_150337.avi,14,c8_sim,Unknown #1,1470,135,99,272
clip_c8_20260617_150337.avi,15,c8_sim,Unknown #1,1451,139,100,270
clip_c8_20260617_150337.avi,16,c8_sim,Unknown #1,1437,143,102,266
clip_c8_20260617_150337.avi,17,c8_sim,Unknown #1,1427,148,103,261
clip_c8_20260617_150337.avi,18,c8_sim,Unknown #1,1419,150,102,258
clip_c8_20260617_150337.avi,19,c8_sim,Unknown #1,1417,152,101,256
clip_c8_20260617_150337.avi,20,c8_sim,Unknown #1,1404,161,98,246
clip_c8_20260617_150337.avi,21,c8_sim,Unknown #1,1393,171,95,237
clip_c8_20260617_150337.avi,22,c8_sim,Unknown #1,1386,181,92,227
clip_c8_20260617_150337.avi,23,c8_sim,Unknown #1,1378,190,90,218
clip_c8_20260617_150337.avi,24,c8_sim,Unknown #1,1367,194,91,213
clip_c8_20260617_150337.avi,25,c8_sim,Unknown #1,1356,197,93,211
clip_c8_20260617_150337.avi,26,c8_sim,Unknown #1,1347,202,93,206
clip_c8_20260617_150337.avi,28,c8_sim,Unknown #1,1304,217,127,280
clip_c8_20260617_150337.avi,29,c8_sim,Unknown #1,1285,230,133,299
clip_c8_20260617_150337.avi,30,c8_sim,Unknown #1,1272,240,133,302
clip_c8_20260617_150337.avi,31,c8_sim,Unknown #1,1253,253,141,324
clip_c8_20260617_150337.avi,32,c8_sim,Unknown #1,1238,266,149,347
clip_c8_20260617_150337.avi,33,c8_sim,Unknown #1,1228,280,148,351
clip_c8_20260617_150337.avi,34,c8_sim,Unknown #1,1222,291,145,347
clip_c8_20260617_150337.avi,35,c8_sim,Unknown #1,1215,298,141,342
clip_c8_20260617_150337.avi,36,c8_sim,Unknown #1,1203,303,139,337
clip_c8_20260617_150337.avi,37,c8_sim,Unknown #1,1174,319,142,340
clip_c8_20260617_150337.avi,38,c8_sim,Unknown #1,1153,327,145,344
clip_c8_20260617_150337.avi,39,c8_sim,Unknown #1,1142,333,148,346
clip_c8_20260617_150337.avi,40,c8_sim,Unknown #1,1116,356,143,336
clip_c8_20260617_150337.avi,41,c8_sim,Unknown #1,1092,378,140,332
clip_c8_20260617_150337.avi,42,c8_sim,Unknown #1,1076,437,134,315
clip_c8_20260617_150337.avi,43,c8_sim,Unknown #1,1058,457,136,318
clip_c8_20260617_150337.avi,44,c8_sim,Unknown #1,1044,465,137,319
clip_c8_20260617_150337.avi,45,c8_sim,Unknown #1,1026,468,138,320
clip_c8_20260617_150337.avi,46,c8_sim,Unknown #1,1001,468,140,322
clip_c8_20260617_150337.avi,47,c8_sim,Unknown #1,980,469,140,320
clip_c8_20260617_150337.avi,48,c8_sim,Unknown #1,968,471,142,323
clip_c12_20260617_152841.avi,0,c12_sim,Unknown #1,46,432,70,200
clip_c12_20260617_152841.avi,1,c12_sim,Unknown #1,35,437,72,206
clip_c12_20260617_152841.avi,2,c12_sim,Unknown #1,32,438,71,205
clip_c12_20260617_152841.avi,4,c12_sim,Unknown #1,9,462,73,207
clip_c12_20260617_152841.avi,5,c12_sim,Unknown #1,-4,473,70,204
clip_c12_20260617_152841.avi,6,c12_sim,Unknown #1,-9,479,69,204
clip_c12_20260617_152841.avi,7,c12_sim,Unknown #1,-11,481,71,213
clip_c11_20260617_152852.avi,71,c11_sim,Unknown #1,774,233,68,182
clip_c11_20260617_152852.avi,72,c11_sim,Unknown #1,772,231,68,184
clip_c11_20260617_152852.avi,73,c11_sim,Unknown #1,769,231,68,184
clip_c11_20260617_152852.avi,74,c11_sim,Unknown #1,767,230,69,186
clip_c11_20260617_152852.avi,75,c11_sim,Unknown #1,767,231,69,190
clip_c11_20260617_152852.avi,76,c11_sim,Unknown #1,767,233,70,196
clip_c11_20260617_152852.avi,77,c11_sim,Unknown #1,768,236,71,200
clip_c11_20260617_152852.avi,78,c11_sim,Unknown #1,772,236,71,200
clip_c11_20260617_152852.avi,79,c11_sim,Unknown #1,774,237,71,202
clip_c11_20260617_152852.avi,80,c11_sim,Unknown #1,774,238,71,202
clip_c11_20260617_152852.avi,81,c11_sim,Unknown #1,774,240,71,202
clip_c11_20260617_152852.avi,82,c11_sim,Unknown #1,775,242,71,205
clip_c11_20260617_152852.avi,83,c11_sim,Unknown #1,779,246,72,204
clip_c11_20260617_152852.avi,84,c11_sim,Unknown #1,778,249,77,215
clip_c11_20260617_152852.avi,85,c11_sim,Unknown #1,777,251,78,220
clip_c11_20260617_152852.avi,86,c11_sim,Unknown #1,774,252,79,227
clip_c11_20260617_152852.avi,87,c11_sim,Unknown #1,772,253,80,227
clip_c11_20260617_152852.avi,88,c11_sim,Unknown #1,771,255,79,225
clip_c11_20260617_152852.avi,89,c11_sim,Unknown #1,770,255,80,226
clip_c11_20260617_152852.avi,90,c11_sim,Unknown #1,767,255,82,225
clip_c11_20260617_152852.avi,91,c11_sim,Unknown #1,768,259,82,225
clip_c11_20260617_152852.avi,92,c11_sim,Unknown #1,781,266,85,229
clip_c11_20260617_152852.avi,93,c11_sim,Unknown #1,782,272,91,244
clip_c11_20260617_152852.avi,94,c11_sim,Unknown #1,782,276,92,248
clip_c11_20260617_152852.avi,95,c11_sim,Unknown #1,780,278,92,247
clip_c11_20260617_152852.avi,96,c11_sim,Unknown #1,779,279,92,248
clip_c11_20260617_152852.avi,97,c11_sim,Unknown #1,784,285,91,247
clip_c11_20260617_152852.avi,98,c11_sim,Unknown #1,793,291,93,251
clip_c11_20260617_152852.avi,99,c11_sim,Unknown #1,798,292,93,250
clip_c11_20260617_152852.avi,100,c11_sim,Unknown #1,794,296,99,265
clip_c11_20260617_152852.avi,101,c11_sim,Unknown #1,789,302,101,268
clip_c11_20260617_152852.avi,102,c11_sim,Unknown #1,784,305,102,269
clip_c11_20260617_152852.avi,103,c11_sim,Unknown #1,781,307,103,270
clip_c11_20260617_152852.avi,104,c11_sim,Unknown #1,779,309,104,276
clip_c11_20260617_152852.avi,105,c11_sim,Unknown #1,779,311,104,281
clip_c11_20260617_152852.avi,106,c11_sim,Unknown #1,779,314,105,286
clip_c11_20260617_152852.avi,107,c11_sim,Unknown #1,785,320,105,295
clip_c11_20260617_152852.avi,108,c11_sim,Unknown #1,789,323,105,300
clip_c11_20260617_152852.avi,109,c11_sim,Unknown #1,793,326,102,295
clip_c11_20260617_152852.avi,110,c11_sim,Unknown #1,794,327,103,300
clip_c11_20260617_152852.avi,111,c11_sim,Unknown #1,791,336,104,309
clip_c11_20260617_152852.avi,112,c11_sim,Unknown #1,788,341,104,310
clip_c11_20260617_152852.avi,113,c11_sim,Unknown #1,787,343,104,314
clip_c11_20260617_152852.avi,114,c11_sim,Unknown #1,794,349,107,323
clip_c11_20260617_152852.avi,115,c11_sim,Unknown #1,801,355,108,322
clip_c11_20260617_152852.avi,116,c11_sim,Unknown #1,821,360,110,327
clip_c11_20260617_152852.avi,117,c11_sim,Unknown #1,832,366,114,342
clip_c11_20260617_152852.avi,118,c11_sim,Unknown #1,839,375,118,352
clip_c11_20260617_152852.avi,119,c11_sim,Unknown #1,841,383,122,366
clip_c11_20260617_152852.avi,120,c11_sim,Unknown #1,845,387,121,368
clip_c11_20260617_152852.avi,121,c11_sim,Unknown #1,849,390,121,366
clip_c11_20260617_152852.avi,122,c11_sim,Unknown #1,852,394,122,366
clip_c11_20260617_152852.avi,123,c11_sim,Unknown #1,858,396,123,368
clip_c11_20260617_152852.avi,124,c11_sim,Unknown #1,871,406,122,364
clip_c11_20260617_152852.avi,125,c11_sim,Unknown #1,881,412,127,372
clip_c11_20260617_152852.avi,126,c11_sim,Unknown #1,887,415,131,376
clip_c11_20260617_152852.avi,127,c11_sim,Unknown #1,892,417,132,374
clip_c11_20260617_152852.avi,128,c11_sim,Unknown #1,895,419,135,374
clip_c11_20260617_152852.avi,129,c11_sim,Unknown #1,903,420,136,375
clip_c11_20260617_152852.avi,130,c11_sim,Unknown #1,922,429,138,387
clip_c11_20260617_152852.avi,131,c11_sim,Unknown #1,951,446,144,400
clip_c11_20260617_152852.avi,142,c11_sim,Unknown #1,1136,517,193,417
clip_c11_20260617_152852.avi,143,c11_sim,Unknown #1,1165,520,192,416
clip_c11_20260617_152852.avi,144,c11_sim,Unknown #1,1202,530,187,406
clip_c11_20260617_152852.avi,145,c11_sim,Unknown #1,1221,536,183,398
clip_c11_20260617_152852.avi,146,c11_sim,Unknown #1,1235,544,180,390
clip_c11_20260617_152852.avi,147,c11_sim,Unknown #1,1257,548,176,378
clip_c11_20260617_152852.avi,148,c11_sim,Unknown #1,1279,549,180,382
clip_c11_20260617_152852.avi,153,c11_sim,Unknown #1,1371,578,193,402
clip_c11_20260617_152852.avi,154,c11_sim,Unknown #1,1399,587,195,399
clip_c11_20260617_152852.avi,155,c11_sim,Unknown #1,1431,593,192,392
clip_c11_20260617_152852.avi,156,c11_sim,Unknown #1,1449,599,187,375
clip_c11_20260617_152852.avi,157,c11_sim,Unknown #1,1464,604,191,373
clip_c11_20260617_152852.avi,158,c11_sim,Unknown #1,1488,605,190,363
clip_c11_20260617_152852.avi,159,c11_sim,Unknown #1,1510,605,197,372
clip_c11_20260617_152852.avi,160,c11_sim,Unknown #1,1526,606,198,375
clip_c11_20260617_152852.avi,161,c11_sim,Unknown #1,1543,609,198,374
clip_c11_20260617_152852.avi,162,c11_sim,Unknown #1,1560,619,192,356
clip_c11_20260617_152852.avi,163,c11_sim,Unknown #1,1570,629,191,343
clip_c11_20260617_152852.avi,164,c11_sim,Unknown #1,1572,638,208,368
clip_c11_20260617_152852.avi,165,c11_sim,Unknown #1,1590,643,216,380
clip_c11_20260617_152852.avi,166,c11_sim,Unknown #1,1627,648,229,408
clip_c11_20260617_152852.avi,167,c11_sim,Unknown #1,1642,655,233,418
clip_c11_20260617_152852.avi,168,c11_sim,Unknown #1,1647,656,236,425
clip_c11_20260617_152852.avi,169,c11_sim,Unknown #1,1656,658,235,425
clip_c11_20260617_152852.avi,171,c11_sim,Unknown #1,1687,655,234,425
clip_c11_20260617_152852.avi,172,c11_sim,Unknown #1,1694,650,234,428
clip_c11_20260617_152852.avi,4,c11_sim,Unknown #1,803,155,47,125
clip_c11_20260617_152852.avi,5,c11_sim,Unknown #1,795,157,49,128
clip_c11_20260617_152852.avi,6,c11_sim,Unknown #1,793,162,48,126
clip_c11_20260617_152852.avi,9,c11_sim,Unknown #1,795,156,52,137
clip_c11_20260617_152852.avi,10,c11_sim,Unknown #1,796,159,51,135
clip_c11_20260617_152852.avi,11,c11_sim,Unknown #1,798,159,50,135
clip_c11_20260617_152852.avi,12,c11_sim,Unknown #1,799,159,51,135
clip_c11_20260617_152852.avi,13,c11_sim,Unknown #1,800,159,51,139
clip_c11_20260617_152852.avi,14,c11_sim,Unknown #1,799,163,51,139
clip_c11_20260617_152852.avi,15,c11_sim,Unknown #1,800,165,50,137
clip_c11_20260617_152852.avi,16,c11_sim,Unknown #1,800,164,50,138
clip_c11_20260617_152852.avi,26,c11_sim,Unknown #1,802,170,52,143
clip_c11_20260617_152852.avi,32,c11_sim,Unknown #1,803,173,55,151
clip_c11_20260617_152852.avi,33,c11_sim,Unknown #1,802,174,57,155
clip_c11_20260617_152852.avi,34,c11_sim,Unknown #1,802,174,56,157
clip_c11_20260617_152852.avi,35,c11_sim,Unknown #1,800,178,56,157
clip_c11_20260617_152852.avi,36,c11_sim,Unknown #1,799,180,57,158
clip_c11_20260617_152852.avi,37,c11_sim,Unknown #1,797,179,57,161
clip_c11_20260617_152852.avi,38,c11_sim,Unknown #1,795,180,58,163
clip_c11_20260617_152852.avi,39,c11_sim,Unknown #1,795,181,58,164
clip_c11_20260617_152852.avi,40,c11_sim,Unknown #1,795,182,58,163
clip_c11_20260617_152852.avi,41,c11_sim,Unknown #1,796,181,59,165
clip_c11_20260617_152852.avi,42,c11_sim,Unknown #1,800,181,60,168
clip_c11_20260617_152852.avi,43,c11_sim,Unknown #1,803,181,60,170
clip_c11_20260617_152852.avi,44,c11_sim,Unknown #1,804,182,60,169
clip_c11_20260617_152852.avi,45,c11_sim,Unknown #1,807,182,60,172
clip_c11_20260617_152852.avi,46,c11_sim,Unknown #1,808,183,61,174
clip_c11_20260617_152852.avi,47,c11_sim,Unknown #1,808,185,61,176
clip_c11_20260617_152852.avi,48,c11_sim,Unknown #1,807,186,61,176
clip_c11_20260617_152852.avi,49,c11_sim,Unknown #1,807,184,61,179
clip_c11_20260617_152852.avi,50,c11_sim,Unknown #1,805,183,62,181
clip_c11_20260617_152852.avi,51,c11_sim,Unknown #1,807,185,63,181
clip_c11_20260617_152852.avi,52,c11_sim,Unknown #1,811,193,61,175
clip_c11_20260617_152852.avi,53,c11_sim,Unknown #1,813,190,62,180
clip_c11_20260617_152852.avi,54,c11_sim,Unknown #1,818,190,64,183
clip_c11_20260617_152852.avi,55,c11_sim,Unknown #1,822,191,64,183
clip_c11_20260617_152852.avi,56,c11_sim,Unknown #1,824,190,65,185
clip_c11_20260617_152852.avi,57,c11_sim,Unknown #1,825,191,65,185
clip_c11_20260617_152852.avi,58,c11_sim,Unknown #1,827,194,66,186
clip_c11_20260617_152852.avi,59,c11_sim,Unknown #1,828,194,67,189
clip_c11_20260617_152852.avi,60,c11_sim,Unknown #1,829,193,68,192
clip_c11_20260617_152852.avi,61,c11_sim,Unknown #1,828,194,69,194
clip_c11_20260617_152852.avi,62,c11_sim,Unknown #1,828,195,68,194
clip_c11_20260617_152852.avi,63,c11_sim,Unknown #1,831,194,68,197
clip_c11_20260617_152852.avi,64,c11_sim,Unknown #1,833,193,68,201
clip_c11_20260617_152852.avi,66,c11_sim,Unknown #1,839,197,68,201
clip_c11_20260617_152852.avi,67,c11_sim,Unknown #1,844,200,68,200
clip_c11_20260617_152852.avi,68,c11_sim,Unknown #1,848,205,68,197
clip_c11_20260617_152852.avi,69,c11_sim,Unknown #1,856,207,69,196
clip_c11_20260617_152852.avi,70,c11_sim,Unknown #1,860,211,69,199
clip_c11_20260617_152852.avi,71,c11_sim,Unknown #1,865,218,68,194
clip_c11_20260617_152852.avi,72,c11_sim,Unknown #1,866,218,69,198
clip_c11_20260617_152852.avi,73,c11_sim,Unknown #1,867,219,69,199
clip_c11_20260617_152852.avi,74,c11_sim,Unknown #1,867,217,71,204
clip_c11_20260617_152852.avi,76,c11_sim,Unknown #1,869,205,75,218
clip_c11_20260617_152852.avi,77,c11_sim,Unknown #1,871,195,79,232
clip_c11_20260617_152852.avi,78,c11_sim,Unknown #1,878,208,76,225
clip_c11_20260617_152852.avi,79,c11_sim,Unknown #1,885,217,75,218
clip_c11_20260617_152852.avi,80,c11_sim,Unknown #1,891,227,73,211
clip_c11_20260617_152852.avi,81,c11_sim,Unknown #1,895,228,73,212
clip_c11_20260617_152852.avi,82,c11_sim,Unknown #1,899,224,75,216
clip_c11_20260617_152852.avi,83,c11_sim,Unknown #1,903,225,79,228
clip_c11_20260617_152852.avi,84,c11_sim,Unknown #1,906,226,81,236
clip_c11_20260617_152852.avi,85,c11_sim,Unknown #1,908,227,81,239
clip_c11_20260617_152852.avi,86,c11_sim,Unknown #1,910,228,80,239
clip_c11_20260617_152852.avi,87,c11_sim,Unknown #1,911,229,80,239
clip_c11_20260617_152852.avi,88,c11_sim,Unknown #1,912,230,79,238
clip_c11_20260617_152852.avi,89,c11_sim,Unknown #1,913,230,79,240
clip_c11_20260617_152852.avi,90,c11_sim,Unknown #1,917,232,81,241
clip_c11_20260617_152852.avi,91,c11_sim,Unknown #1,920,236,83,245
clip_c11_20260617_152852.avi,92,c11_sim,Unknown #1,926,243,87,253
clip_c11_20260617_152852.avi,93,c11_sim,Unknown #1,923,248,90,259
clip_c11_20260617_152852.avi,94,c11_sim,Unknown #1,921,251,92,261
clip_c11_20260617_152852.avi,95,c11_sim,Unknown #1,920,252,93,265
clip_c11_20260617_152852.avi,96,c11_sim,Unknown #1,918,252,95,268
clip_c11_20260617_152852.avi,97,c11_sim,Unknown #1,917,254,98,275
clip_c11_20260617_152852.avi,98,c11_sim,Unknown #1,926,257,96,273
clip_c11_20260617_152852.avi,99,c11_sim,Unknown #1,930,257,96,275
clip_c11_20260617_152852.avi,100,c11_sim,Unknown #1,933,260,100,284
clip_c11_20260617_152852.avi,101,c11_sim,Unknown #1,935,264,102,291
clip_c11_20260617_152852.avi,102,c11_sim,Unknown #1,935,270,103,298
clip_c11_20260617_152852.avi,103,c11_sim,Unknown #1,930,271,104,304
clip_c11_20260617_152852.avi,104,c11_sim,Unknown #1,927,273,103,304
clip_c11_20260617_152852.avi,105,c11_sim,Unknown #1,925,274,103,305
clip_c11_20260617_152852.avi,106,c11_sim,Unknown #1,924,275,104,306
clip_c11_20260617_152852.avi,107,c11_sim,Unknown #1,925,280,105,312
clip_c11_20260617_152852.avi,108,c11_sim,Unknown #1,928,283,107,316
clip_c11_20260617_152852.avi,109,c11_sim,Unknown #1,932,284,109,321
clip_c11_20260617_152852.avi,110,c11_sim,Unknown #1,939,287,108,320
clip_c11_20260617_152852.avi,111,c11_sim,Unknown #1,944,290,109,322
clip_c11_20260617_152852.avi,112,c11_sim,Unknown #1,948,295,111,329
clip_c11_20260617_152852.avi,113,c11_sim,Unknown #1,950,298,112,331
clip_c11_20260617_152852.avi,114,c11_sim,Unknown #1,944,302,115,344
clip_c11_20260617_152852.avi,115,c11_sim,Unknown #1,943,305,113,341
clip_c11_20260617_152852.avi,116,c11_sim,Unknown #1,949,314,117,352
clip_c11_20260617_152852.avi,117,c11_sim,Unknown #1,955,320,118,356
clip_c11_20260617_152852.avi,118,c11_sim,Unknown #1,962,324,119,360
clip_c11_20260617_152852.avi,119,c11_sim,Unknown #1,970,325,121,363
clip_c11_20260617_152852.avi,120,c11_sim,Unknown #1,978,328,123,363
clip_c11_20260617_152852.avi,121,c11_sim,Unknown #1,985,330,124,361
clip_c11_20260617_152852.avi,122,c11_sim,Unknown #1,990,332,129,376
clip_c11_20260617_152852.avi,123,c11_sim,Unknown #1,993,336,131,378
clip_c11_20260617_152852.avi,124,c11_sim,Unknown #1,996,340,133,388
clip_c11_20260617_152852.avi,125,c11_sim,Unknown #1,1000,343,135,392
clip_c11_20260617_152852.avi,126,c11_sim,Unknown #1,1003,344,135,394
clip_c11_20260617_152852.avi,127,c11_sim,Unknown #1,1004,344,134,395
clip_c11_20260617_152852.avi,128,c11_sim,Unknown #1,1006,345,131,391
clip_c11_20260617_152852.avi,129,c11_sim,Unknown #1,1005,347,131,391
clip_c11_20260617_152852.avi,130,c11_sim,Unknown #1,1016,353,126,386
clip_c11_20260617_152852.avi,131,c11_sim,Unknown #1,1030,361,130,402
clip_c11_20260617_152852.avi,132,c11_sim,Unknown #1,1028,366,134,407
clip_c11_20260617_152852.avi,133,c11_sim,Unknown #1,1038,365,138,411
clip_c11_20260617_152852.avi,134,c11_sim,Unknown #1,1029,368,158,464
clip_c11_20260617_152852.avi,135,c11_sim,Unknown #1,1028,371,166,479
clip_c11_20260617_152852.avi,136,c11_sim,Unknown #1,1028,372,171,486
clip_c11_20260617_152852.avi,137,c11_sim,Unknown #1,1031,375,176,496
clip_c11_20260617_152852.avi,138,c11_sim,Unknown #1,1053,382,175,487
clip_c11_20260617_152852.avi,141,c11_sim,Unknown #1,1090,392,156,436
clip_c11_20260617_152852.avi,142,c11_sim,Unknown #1,1102,398,158,441
clip_c11_20260617_152852.avi,143,c11_sim,Unknown #1,1108,401,157,446
clip_c11_20260617_152852.avi,144,c11_sim,Unknown #1,1122,408,150,425
clip_c11_20260617_152852.avi,145,c11_sim,Unknown #1,1134,415,147,416
clip_c11_20260617_152852.avi,146,c11_sim,Unknown #1,1143,422,146,410
clip_c11_20260617_152852.avi,147,c11_sim,Unknown #1,1150,428,149,411
clip_c11_20260617_152852.avi,148,c11_sim,Unknown #1,1160,429,156,418
clip_c11_20260617_152852.avi,149,c11_sim,Unknown #1,1169,431,162,422
clip_c11_20260617_152852.avi,150,c11_sim,Unknown #1,1183,437,166,425
clip_c11_20260617_152852.avi,151,c11_sim,Unknown #1,1194,442,176,442
clip_c11_20260617_152852.avi,152,c11_sim,Unknown #1,1209,448,182,456
clip_c11_20260617_152852.avi,153,c11_sim,Unknown #1,1218,457,191,480
clip_c11_20260617_152852.avi,154,c11_sim,Unknown #1,1223,466,194,489
clip_c11_20260617_152852.avi,155,c11_sim,Unknown #1,1234,474,195,488
clip_c11_20260617_152852.avi,156,c11_sim,Unknown #1,1241,482,193,483
clip_c11_20260617_152852.avi,157,c11_sim,Unknown #1,1248,495,191,471
clip_c11_20260617_152852.avi,158,c11_sim,Unknown #1,1251,506,193,472
clip_c11_20260617_152852.avi,159,c11_sim,Unknown #1,1257,516,199,481
clip_c11_20260617_152852.avi,160,c11_sim,Unknown #1,1258,521,206,492
clip_c11_20260617_152852.avi,161,c11_sim,Unknown #1,1260,530,210,493
clip_c11_20260617_152852.avi,162,c11_sim,Unknown #1,1280,535,218,495
clip_c11_20260617_152852.avi,164,c11_sim,Unknown #1,1311,536,222,490
clip_c11_20260617_152852.avi,165,c11_sim,Unknown #1,1327,549,234,508
clip_c11_20260617_152852.avi,166,c11_sim,Unknown #1,1355,577,235,496
clip_c11_20260617_152852.avi,167,c11_sim,Unknown #1,1376,591,238,487
clip_c11_20260617_152852.avi,168,c11_sim,Unknown #1,1386,597,242,483
clip_c11_20260617_152852.avi,169,c11_sim,Unknown #1,1401,603,244,477
clip_c11_20260617_152852.avi,170,c11_sim,Unknown #1,1420,610,246,470
clip_c11_20260617_152852.avi,171,c11_sim,Unknown #1,1429,617,251,463
clip_c11_20260617_152852.avi,172,c11_sim,Unknown #1,1441,614,258,465
clip_c11_20260617_152852.avi,173,c11_sim,Unknown #1,1460,608,267,471
clip_c11_20260617_152852.avi,174,c11_sim,Unknown #1,1485,608,268,467
clip_c11_20260617_152852.avi,175,c11_sim,Unknown #1,1509,608,266,465
clip_c11_20260617_152852.avi,176,c11_sim,Unknown #1,1520,607,265,462
clip_c11_20260617_152852.avi,177,c11_sim,Unknown #1,1525,611,264,458
clip_c11_20260617_152852.avi,178,c11_sim,Unknown #1,1534,620,263,449
clip_c11_20260617_152852.avi,179,c11_sim,Unknown #1,1547,627,265,440
clip_c11_20260617_152852.avi,180,c11_sim,Unknown #1,1559,631,268,435
clip_c11_20260617_152852.avi,181,c11_sim,Unknown #1,1581,635,273,431
clip_c11_20260617_152852.avi,182,c11_sim,Unknown #1,1599,642,278,425
clip_c11_20260617_152852.avi,183,c11_sim,Unknown #1,1603,645,284,423
clip_c11_20260617_152852.avi,184,c11_sim,Unknown #1,1601,646,289,423
clip_c11_20260617_152852.avi,185,c11_sim,Unknown #1,1599,646,295,423
clip_c11_20260617_152852.avi,186,c11_sim,Unknown #1,1596,647,299,422
clip_c11_20260617_152852.avi,187,c11_sim,Unknown #1,1593,648,304,422
clip_c11_20260617_152852.avi,188,c11_sim,Unknown #1,1589,648,309,423
clip_c11_20260617_152852.avi,189,c11_sim,Unknown #1,1584,645,314,425
clip_c11_20260617_152852.avi,190,c11_sim,Unknown #1,1581,644,317,426
clip_c11_20260617_152852.avi,191,c11_sim,Unknown #1,1579,642,319,427
clip_c11_20260617_152852.avi,192,c11_sim,Unknown #1,1590,654,315,417
clip_c11_20260617_152852.avi,193,c11_sim,Unknown #1,1597,653,300,393
clip_c11_20260617_152852.avi,194,c11_sim,Unknown #1,1600,660,293,378
clip_c11_20260617_152852.avi,195,c11_sim,Unknown #1,1600,666,294,373
clip_c11_20260617_152852.avi,200,c11_sim,Unknown #1,1602,674,290,364
clip_c11_20260617_152852.avi,201,c11_sim,Unknown #1,1600,677,292,360
clip_c11_20260617_152852.avi,202,c11_sim,Unknown #1,1598,679,287,351
clip_c11_20260617_152852.avi,203,c11_sim,Unknown #1,1598,679,288,349
clip_c11_20260617_152852.avi,204,c11_sim,Unknown #1,1598,678,291,348
clip_c11_20260617_152852.avi,205,c11_sim,Unknown #1,1596,677,298,353
clip_c11_20260617_152852.avi,206,c11_sim,Unknown #1,1594,677,298,351
clip_c11_20260617_152852.avi,215,c11_sim,Unknown #1,1595,686,295,344
clip_c11_20260617_152852.avi,218,c11_sim,Unknown #1,1594,688,303,351
clip_c11_20260617_152852.avi,227,c11_sim,Unknown #1,1595,694,301,344
clip_c11_20260617_152852.avi,230,c11_sim,Unknown #1,1588,679,312,356
clip_c11_20260617_152852.avi,231,c11_sim,Unknown #1,1584,672,320,364
clip_c11_20260617_152852.avi,233,c11_sim,Unknown #1,1568,669,320,371
clip_c11_20260617_152852.avi,235,c11_sim,Unknown #1,1560,663,326,387
clip_c11_20260617_152852.avi,236,c11_sim,Unknown #1,1561,661,324,394
clip_c11_20260617_152852.avi,237,c11_sim,Unknown #1,1565,663,317,392
clip_c11_20260617_152852.avi,238,c11_sim,Unknown #1,1569,666,308,387
clip_c11_20260617_152852.avi,239,c11_sim,Unknown #1,1572,668,302,385
clip_c11_20260617_152852.avi,240,c11_sim,Unknown #1,1575,667,296,382
clip_c11_20260617_152852.avi,241,c11_sim,Unknown #1,1577,667,292,380
clip_c11_20260617_152852.avi,242,c11_sim,Unknown #1,1578,666,288,379
clip_c11_20260617_152852.avi,243,c11_sim,Unknown #1,1576,666,286,382
clip_c11_20260617_152852.avi,244,c11_sim,Unknown #1,1577,670,281,381
clip_c11_20260617_152852.avi,245,c11_sim,Unknown #1,1579,675,278,380
clip_c11_20260617_152852.avi,246,c11_sim,Unknown #1,1588,683,267,366
clip_c11_20260617_152852.avi,247,c11_sim,Unknown #1,1592,688,262,360
clip_c11_20260617_152852.avi,248,c11_sim,Unknown #1,1596,700,255,348
clip_c11_20260617_152852.avi,249,c11_sim,Unknown #1,1598,705,250,340
clip_c11_20260617_152852.avi,250,c11_sim,Unknown #1,1598,707,251,341
clip_c11_20260617_152852.avi,251,c11_sim,Unknown #1,1595,711,249,335
clip_c11_20260617_152852.avi,252,c11_sim,Unknown #1,1589,715,253,338
clip_c11_20260617_152852.avi,253,c11_sim,Unknown #1,1586,721,253,336
clip_c11_20260617_152852.avi,254,c11_sim,Unknown #1,1580,730,250,332
clip_c11_20260617_152852.avi,257,c11_sim,Unknown #1,1563,743,241,318
clip_c11_20260617_152852.avi,258,c11_sim,Unknown #1,1558,753,235,309
clip_c11_20260617_152852.avi,262,c11_sim,Unknown #1,1556,771,225,293
clip_c11_20260617_152852.avi,263,c11_sim,Unknown #1,1555,776,222,288
clip_c11_20260617_152852.avi,264,c11_sim,Unknown #1,1555,779,221,285
clip_c11_20260617_152852.avi,266,c11_sim,Unknown #1,1557,776,229,292
clip_c11_20260617_152852.avi,267,c11_sim,Unknown #1,1563,752,247,312
clip_c11_20260617_152852.avi,268,c11_sim,Unknown #1,1563,734,261,328
clip_c11_20260617_152852.avi,269,c11_sim,Unknown #1,1570,672,286,360
clip_c11_20260617_152852.avi,271,c11_sim,Unknown #1,1590,632,332,428
clip_c11_20260617_152852.avi,272,c11_sim,Unknown #1,1601,619,344,451
clip_c11_20260617_152852.avi,273,c11_sim,Unknown #1,1608,614,343,461
clip_c11_20260618_154736.avi,2,c11_sim,Unknown #1,96,765,285,315
clip_c11_20260618_154736.avi,3,c11_sim,Unknown #1,96,765,285,315
clip_c11_20260618_154736.avi,4,c11_sim,Unknown #1,96,765,285,315
clip_c11_20260618_154736.avi,5,c11_sim,Unknown #1,96,765,284,315
clip_c11_20260618_154736.avi,6,c11_sim,Unknown #1,96,765,285,315
clip_c11_20260618_154736.avi,7,c11_sim,Unknown #1,96,765,284,315
clip_c11_20260618_154736.avi,8,c11_sim,Unknown #1,96,765,284,315
clip_c11_20260618_154736.avi,9,c11_sim,Unknown #1,96,765,284,315
clip_c11_20260618_154736.avi,10,c11_sim,Unknown #1,96,765,284,315
clip_c11_20260618_154736.avi,11,c11_sim,Unknown #1,96,766,284,314
clip_c11_20260618_154736.avi,12,c11_sim,Unknown #1,96,766,284,314
clip_c11_20260618_154736.avi,13,c11_sim,Unknown #1,95,766,285,314
clip_c11_20260618_154736.avi,14,c11_sim,Unknown #1,96,766,284,314
clip_c11_20260618_154736.avi,15,c11_sim,Unknown #1,96,766,285,314
clip_c11_20260618_154736.avi,16,c11_sim,Unknown #1,96,765,285,315
clip_c11_20260618_154736.avi,17,c11_sim,Unknown #1,96,765,285,315
clip_c11_20260618_154736.avi,18,c11_sim,Unknown #1,97,765,285,315
clip_c11_20260618_154736.avi,19,c11_sim,Unknown #1,97,765,285,315
clip_c11_20260618_154736.avi,20,c11_sim,Unknown #1,97,765,285,315
clip_c11_20260618_154736.avi,21,c11_sim,Unknown #1,97,765,285,315
clip_c11_20260618_154736.avi,22,c11_sim,Unknown #1,97,765,284,315
clip_c11_20260618_154736.avi,23,c11_sim,Unknown #1,97,765,285,315
clip_c11_20260618_154736.avi,24,c11_sim,Unknown #1,97,765,285,315
clip_c11_20260618_154736.avi,25,c11_sim,Unknown #1,96,765,285,315
clip_c11_20260618_154736.avi,26,c11_sim,Unknown #1,96,766,285,314
clip_c11_20260618_154736.avi,27,c11_sim,Unknown #1,97,765,284,315
clip_c11_20260618_154736.avi,28,c11_sim,Unknown #1,97,765,284,315
clip_c11_20260618_154736.avi,29,c11_sim,Unknown #1,96,765,285,315
clip_c11_20260618_154736.avi,30,c11_sim,Unknown #1,97,766,284,314
clip_c11_20260618_154736.avi,31,c11_sim,Unknown #1,97,765,284,315
clip_c11_20260618_154736.avi,32,c11_sim,Unknown #1,96,765,285,315
clip_c11_20260618_154736.avi,33,c11_sim,Unknown #1,96,765,284,315
clip_c11_20260618_154736.avi,34,c11_sim,Unknown #1,95,765,285,315
clip_c11_20260618_154736.avi,35,c11_sim,Unknown #1,95,765,286,315
clip_c11_20260618_154736.avi,36,c11_sim,Unknown #1,95,765,286,315
clip_c11_20260618_154736.avi,37,c11_sim,Unknown #1,95,765,286,315
clip_c11_20260618_154736.avi,38,c11_sim,Unknown #1,95,765,286,315
clip_c11_20260618_154736.avi,39,c11_sim,Unknown #1,95,765,286,315
clip_c11_20260618_154736.avi,40,c11_sim,Unknown #1,95,764,286,316
clip_c11_20260618_154736.avi,41,c11_sim,Unknown #1,95,764,287,316
clip_c11_20260618_154736.avi,42,c11_sim,Unknown #1,95,764,287,316
clip_c11_20260618_154736.avi,43,c11_sim,Unknown #1,95,764,287,316
clip_c11_20260618_154736.avi,44,c11_sim,Unknown #1,95,764,287,316
clip_c11_20260618_154736.avi,45,c11_sim,Unknown #1,95,764,287,316
clip_c11_20260618_154736.avi,46,c11_sim,Unknown #1,95,765,285,315
clip_c11_20260618_154736.avi,47,c11_sim,Unknown #1,95,764,286,316
clip_c11_20260618_154736.avi,48,c11_sim,Unknown #1,94,764,287,316
clip_c11_20260618_154736.avi,49,c11_sim,Unknown #1,97,763,288,317
clip_c11_20260618_154736.avi,50,c11_sim,Unknown #1,98,761,289,319
clip_c11_20260618_154736.avi,52,c11_sim,Unknown #1,102,746,300,333
clip_c11_20260618_154736.avi,53,c11_sim,Unknown #1,107,737,303,342
clip_c11_20260618_154736.avi,54,c11_sim,Unknown #1,112,734,302,344
clip_c11_20260618_154736.avi,55,c11_sim,Unknown #1,118,733,300,345
clip_c11_20260618_154736.avi,56,c11_sim,Unknown #1,134,732,298,345
clip_c11_20260618_154736.avi,57,c11_sim,Unknown #1,141,733,296,344
clip_c11_20260618_154736.avi,58,c11_sim,Unknown #1,142,734,293,343
clip_c11_20260618_154736.avi,59,c11_sim,Unknown #1,138,735,292,343
clip_c11_20260618_154736.avi,61,c11_sim,Unknown #1,132,741,288,337
clip_c11_20260618_154736.avi,62,c11_sim,Unknown #1,134,742,286,336
clip_c11_20260618_154736.avi,66,c11_sim,Unknown #1,159,729,292,349
clip_c11_20260618_154736.avi,67,c11_sim,Unknown #1,185,711,298,367
clip_c11_20260618_154736.avi,68,c11_sim,Unknown #1,202,697,301,380
clip_c11_20260618_154736.avi,69,c11_sim,Unknown #1,215,687,299,388
clip_c11_20260618_154736.avi,70,c11_sim,Unknown #1,222,677,299,398
clip_c11_20260618_154736.avi,71,c11_sim,Unknown #1,226,667,299,408
clip_c11_20260618_154736.avi,72,c11_sim,Unknown #1,232,656,297,416
clip_c11_20260618_154736.avi,75,c11_sim,Unknown #1,237,612,311,452
clip_c11_20260618_154736.avi,78,c11_sim,Unknown #1,275,574,331,493
clip_c11_20260618_154736.avi,79,c11_sim,Unknown #1,309,544,331,513
clip_c11_20260618_154736.avi,80,c11_sim,Unknown #1,339,526,307,492
clip_c11_20260618_154736.avi,81,c11_sim,Unknown #1,359,514,290,484
clip_c11_20260618_154736.avi,82,c11_sim,Unknown #1,372,504,281,487
clip_c11_20260618_154736.avi,83,c11_sim,Unknown #1,383,496,272,491
clip_c11_20260618_154736.avi,84,c11_sim,Unknown #1,391,492,264,494
clip_c11_20260618_154736.avi,85,c11_sim,Unknown #1,418,461,242,467
clip_c11_20260618_154736.avi,86,c11_sim,Unknown #1,439,446,228,448
clip_c11_20260618_154736.avi,87,c11_sim,Unknown #1,455,438,221,441
clip_c11_20260618_154736.avi,88,c11_sim,Unknown #1,470,428,218,444
clip_c11_20260618_154736.avi,89,c11_sim,Unknown #1,480,424,212,446
clip_c11_20260618_154736.avi,90,c11_sim,Unknown #1,488,421,205,446
clip_c11_20260618_154736.avi,91,c11_sim,Unknown #1,520,403,186,416
clip_c11_20260618_154736.avi,92,c11_sim,Unknown #1,542,393,175,408
clip_c10_20260617_152807.avi,6,c10_sim,Unknown #1,1137,106,88,275
clip_c10_20260617_152807.avi,7,c10_sim,Unknown #1,1134,106,89,279
clip_c10_20260617_152807.avi,8,c10_sim,Unknown #1,1125,105,92,284
clip_c10_20260617_152807.avi,9,c10_sim,Unknown #1,1101,104,95,293
clip_c10_20260617_152807.avi,10,c10_sim,Unknown #1,1091,105,95,295
clip_c10_20260617_152807.avi,11,c10_sim,Unknown #1,1046,114,96,298
clip_c10_20260617_152807.avi,12,c10_sim,Unknown #1,1004,125,96,290
clip_c10_20260617_152807.avi,13,c10_sim,Unknown #1,982,133,99,291
clip_c10_20260617_152807.avi,14,c10_sim,Unknown #1,971,135,105,295
clip_c10_20260617_152807.avi,15,c10_sim,Unknown #1,958,135,108,296
clip_c10_20260617_152807.avi,16,c10_sim,Unknown #1,920,141,110,297
clip_c10_20260617_152807.avi,17,c10_sim,Unknown #1,892,147,114,313
clip_c10_20260617_152807.avi,18,c10_sim,Unknown #1,881,153,115,317
clip_c10_20260617_152807.avi,19,c10_sim,Unknown #1,875,156,115,320
clip_c10_20260617_152807.avi,20,c10_sim,Unknown #1,861,160,116,324
clip_c10_20260617_152807.avi,21,c10_sim,Unknown #1,851,162,116,325
clip_c10_20260617_152807.avi,22,c10_sim,Unknown #1,836,167,118,331
clip_c10_20260617_152807.avi,23,c10_sim,Unknown #1,821,181,121,335
clip_c10_20260617_152807.avi,24,c10_sim,Unknown #1,810,185,126,344
clip_c10_20260617_152807.avi,25,c10_sim,Unknown #1,781,196,128,343
clip_c10_20260617_152807.avi,26,c10_sim,Unknown #1,751,205,130,350
clip_c10_20260617_152807.avi,27,c10_sim,Unknown #1,737,209,133,359
clip_c10_20260617_152807.avi,28,c10_sim,Unknown #1,727,219,135,362
clip_c10_20260617_152807.avi,29,c10_sim,Unknown #1,703,230,137,370
clip_c10_20260617_152807.avi,30,c10_sim,Unknown #1,683,238,137,369
clip_c10_20260617_152807.avi,31,c10_sim,Unknown #1,672,241,137,368
clip_c10_20260617_152807.avi,32,c10_sim,Unknown #1,659,250,139,370
clip_c10_20260617_152807.avi,33,c10_sim,Unknown #1,643,264,145,377
clip_c10_20260617_152807.avi,34,c10_sim,Unknown #1,631,271,152,384
clip_c10_20260617_152807.avi,35,c10_sim,Unknown #1,608,280,156,383
clip_c10_20260617_152807.avi,36,c10_sim,Unknown #1,560,293,159,382
clip_c10_20260617_152807.avi,37,c10_sim,Unknown #1,527,306,166,393
clip_c10_20260617_152807.avi,38,c10_sim,Unknown #1,480,330,166,399
clip_c10_20260617_152807.avi,39,c10_sim,Unknown #1,457,345,165,399
clip_c10_20260617_152807.avi,40,c10_sim,Unknown #1,447,353,163,395
clip_c10_20260617_152807.avi,41,c10_sim,Unknown #1,437,360,163,388
clip_c10_20260617_152807.avi,42,c10_sim,Unknown #1,401,375,158,382
clip_c10_20260617_152807.avi,43,c10_sim,Unknown #1,346,402,163,389
clip_c10_20260617_152807.avi,44,c10_sim,Unknown #1,321,416,167,388
clip_c10_20260617_152807.avi,12,c10_sim,Unknown #1,1122,197,97,305
clip_c10_20260617_152807.avi,13,c10_sim,Unknown #1,1107,200,97,303
clip_c10_20260617_152807.avi,14,c10_sim,Unknown #1,1099,201,98,306
clip_c10_20260617_152807.avi,15,c10_sim,Unknown #1,1089,208,104,324
clip_c10_20260617_152807.avi,16,c10_sim,Unknown #1,1078,222,106,325
clip_c10_20260617_152807.avi,17,c10_sim,Unknown #1,1070,231,108,331
clip_c10_20260617_152807.avi,18,c10_sim,Unknown #1,1063,237,109,332
clip_c10_20260617_152807.avi,19,c10_sim,Unknown #1,1060,240,108,329
clip_c10_20260617_152807.avi,20,c10_sim,Unknown #1,1045,243,112,336
clip_c10_20260617_152807.avi,21,c10_sim,Unknown #1,1035,248,115,341
clip_c10_20260617_152807.avi,22,c10_sim,Unknown #1,1009,255,119,347
clip_c10_20260617_152807.avi,23,c10_sim,Unknown #1,983,264,123,356
clip_c10_20260617_152807.avi,24,c10_sim,Unknown #1,967,270,129,369
clip_c10_20260617_152807.avi,25,c10_sim,Unknown #1,946,283,134,383
clip_c10_20260617_152807.avi,26,c10_sim,Unknown #1,931,294,133,381
clip_c10_20260617_152807.avi,27,c10_sim,Unknown #1,923,298,132,382
clip_c10_20260617_152807.avi,28,c10_sim,Unknown #1,908,304,132,383
clip_c10_20260617_152807.avi,29,c10_sim,Unknown #1,888,318,138,398
clip_c10_20260617_152807.avi,30,c10_sim,Unknown #1,866,330,141,398
clip_c10_20260617_152807.avi,31,c10_sim,Unknown #1,853,336,144,396
clip_c10_20260617_152807.avi,32,c10_sim,Unknown #1,821,346,146,403
clip_c10_20260617_152807.avi,33,c10_sim,Unknown #1,796,362,154,418
clip_c10_20260617_152807.avi,34,c10_sim,Unknown #1,784,370,157,425
clip_c10_20260617_152807.avi,35,c10_sim,Unknown #1,768,383,161,422
clip_c10_20260617_152807.avi,36,c10_sim,Unknown #1,729,401,159,409
clip_c10_20260617_152807.avi,37,c10_sim,Unknown #1,706,414,162,404
clip_c10_20260617_152807.avi,38,c10_sim,Unknown #1,661,434,170,401
clip_c10_20260617_152807.avi,39,c10_sim,Unknown #1,619,446,174,394
clip_c10_20260617_152807.avi,40,c10_sim,Unknown #1,597,452,178,395
clip_c10_20260617_152807.avi,41,c10_sim,Unknown #1,563,464,194,425
clip_c10_20260617_152807.avi,42,c10_sim,Unknown #1,542,490,199,431
clip_c10_20260617_152807.avi,43,c10_sim,Unknown #1,492,523,194,412
clip_c10_20260617_152807.avi,44,c10_sim,Unknown #1,470,542,193,398
clip_c10_20260617_152807.avi,45,c10_sim,Unknown #1,455,553,200,407
clip_c10_20260617_152807.avi,48,c10_sim,Unknown #1,420,580,210,407
clip_c10_20260617_152807.avi,50,c10_sim,Unknown #1,347,633,223,418
clip_c10_20260617_152807.avi,51,c10_sim,Unknown #1,243,579,276,496
clip_c10_20260617_152807.avi,52,c10_sim,Unknown #1,187,574,294,511
clip_c10_20260617_152807.avi,53,c10_sim,Unknown #1,159,575,307,513
clip_c10_20260617_152807.avi,54,c10_sim,Unknown #1,201,709,247,378
clip_c10_20260617_152807.avi,56,c10_sim,Unknown #1,141,813,192,273
clip_c10_20260618_154820.avi,3,c10_sim,Unknown #1,225,651,320,424
clip_c10_20260618_154820.avi,4,c10_sim,Unknown #1,236,621,342,454
clip_c10_20260618_154820.avi,5,c10_sim,Unknown #1,250,590,342,457
clip_c10_20260618_154820.avi,6,c10_sim,Unknown #1,276,565,321,430
clip_c10_20260618_154820.avi,7,c10_sim,Unknown #1,301,548,318,428
clip_c10_20260618_154820.avi,8,c10_sim,Unknown #1,329,536,323,433
clip_c10_20260618_154820.avi,9,c10_sim,Unknown #1,342,529,326,439
clip_c10_20260618_154820.avi,10,c10_sim,Unknown #1,386,493,323,439
clip_c10_20260618_154820.avi,11,c10_sim,Unknown #1,417,465,305,422
clip_c10_20260618_154820.avi,13,c10_sim,Unknown #1,443,436,305,432
clip_c10_20260618_154820.avi,14,c10_sim,Unknown #1,462,419,305,443
clip_c10_20260618_154820.avi,15,c10_sim,Unknown #1,487,405,302,450
clip_c10_20260618_154820.avi,17,c10_sim,Unknown #1,540,362,275,419
clip_c10_20260618_154820.avi,18,c10_sim,Unknown #1,588,338,270,416
clip_c10_20260618_154820.avi,19,c10_sim,Unknown #1,623,323,267,420
clip_c10_20260618_154820.avi,20,c10_sim,Unknown #1,650,310,256,412
clip_c10_20260618_154820.avi,21,c10_sim,Unknown #1,672,295,238,396
clip_c10_20260618_154820.avi,22,c10_sim,Unknown #1,687,288,223,380
clip_c10_20260618_154820.avi,23,c10_sim,Unknown #1,697,284,216,377
clip_c10_20260618_154820.avi,24,c10_sim,Unknown #1,748,261,217,389
clip_c10_20260618_154820.avi,25,c10_sim,Unknown #1,780,241,210,388
clip_c10_20260618_154820.avi,26,c10_sim,Unknown #1,833,223,198,372
clip_c10_20260618_154820.avi,27,c10_sim,Unknown #1,867,216,194,369
clip_c10_20260618_154820.avi,28,c10_sim,Unknown #1,882,213,193,367
clip_c10_20260618_154820.avi,29,c10_sim,Unknown #1,969,184,180,353
clip_c10_20260618_154820.avi,30,c10_sim,Unknown #1,1049,163,165,331
clip_c10_20260618_154820.avi,31,c10_sim,Unknown #1,1090,158,155,315
clip_c10_20260618_154820.avi,32,c10_sim,Unknown #1,1121,151,143,302
clip_c10_20260618_154820.avi,33,c10_sim,Unknown #1,1149,148,131,297
clip_c11_20260618_154736.avi,94,c11_sim,Unknown #1,710,308,104,329
clip_c11_20260618_154736.avi,95,c11_sim,Unknown #1,740,301,101,319
clip_c11_20260618_154736.avi,96,c11_sim,Unknown #1,748,299,101,317
clip_c11_20260618_154736.avi,97,c11_sim,Unknown #1,752,297,101,317
clip_c11_20260618_154736.avi,98,c11_sim,Unknown #1,783,287,98,301
clip_c11_20260618_154736.avi,99,c11_sim,Unknown #1,798,281,99,299
clip_c11_20260618_154736.avi,100,c11_sim,Unknown #1,803,279,101,298
clip_c11_20260618_154736.avi,101,c11_sim,Unknown #1,808,274,100,293
clip_c11_20260618_154736.avi,102,c11_sim,Unknown #1,812,271,97,279
clip_c11_20260618_154736.avi,103,c11_sim,Unknown #1,812,268,98,274
clip_c11_20260618_154736.avi,104,c11_sim,Unknown #1,828,265,95,265
clip_c11_20260618_154736.avi,105,c11_sim,Unknown #1,837,260,96,263
clip_c11_20260618_154736.avi,106,c11_sim,Unknown #1,838,255,95,258
clip_c11_20260618_154736.avi,107,c11_sim,Unknown #1,836,253,95,257
clip_c11_20260618_154736.avi,108,c11_sim,Unknown #1,834,254,93,254
clip_c11_20260618_154736.avi,109,c11_sim,Unknown #1,831,254,93,253
clip_c11_20260618_154736.avi,110,c11_sim,Unknown #1,823,249,89,244
clip_c11_20260618_154736.avi,111,c11_sim,Unknown #1,815,239,89,246
clip_c11_20260618_154736.avi,112,c11_sim,Unknown #1,811,238,87,244
clip_c11_20260618_154736.avi,113,c11_sim,Unknown #1,812,237,86,241
clip_c11_20260618_154736.avi,114,c11_sim,Unknown #1,809,234,87,240
clip_c11_20260618_154736.avi,115,c11_sim,Unknown #1,809,234,85,236
clip_c11_20260618_154736.avi,116,c11_sim,Unknown #1,809,234,85,235
clip_c11_20260618_154736.avi,117,c11_sim,Unknown #1,790,230,81,225
clip_c11_20260618_154736.avi,118,c11_sim,Unknown #1,779,229,79,220
clip_c11_20260618_154736.avi,119,c11_sim,Unknown #1,773,225,77,218
clip_c11_20260618_154736.avi,120,c11_sim,Unknown #1,769,225,73,213
clip_c11_20260618_154736.avi,122,c11_sim,Unknown #1,767,227,71,208
clip_c11_20260618_155113.avi,17,c11_sim,Unknown #1,819,181,54,141
clip_c11_20260618_155113.avi,28,c11_sim,Unknown #1,862,207,64,198
clip_c11_20260618_155113.avi,29,c11_sim,Unknown #1,863,213,64,197
clip_c11_20260618_155113.avi,33,c11_sim,Unknown #1,880,248,67,205
clip_c11_20260618_155113.avi,35,c11_sim,Unknown #1,889,260,70,215
clip_c11_20260618_155113.avi,36,c11_sim,Unknown #1,892,266,73,222
clip_c11_20260618_155113.avi,37,c11_sim,Unknown #1,892,269,74,226
clip_c11_20260618_155113.avi,38,c11_sim,Unknown #1,890,268,75,228
clip_c11_20260618_155113.avi,39,c11_sim,Unknown #1,889,266,76,231
clip_c11_20260618_155113.avi,40,c11_sim,Unknown #1,889,268,75,227
clip_c11_20260618_155113.avi,41,c11_sim,Unknown #1,892,273,77,235
clip_c11_20260618_155113.avi,42,c11_sim,Unknown #1,896,276,78,241
clip_c11_20260618_155113.avi,43,c11_sim,Unknown #1,904,281,79,238
clip_c11_20260618_155113.avi,44,c11_sim,Unknown #1,907,283,80,240
clip_c11_20260618_155113.avi,45,c11_sim,Unknown #1,905,283,84,252
clip_c11_20260618_155113.avi,46,c11_sim,Unknown #1,903,284,87,260
clip_c11_20260618_155113.avi,47,c11_sim,Unknown #1,903,284,88,264
clip_c11_20260618_155113.avi,48,c11_sim,Unknown #1,910,297,89,268
clip_c11_20260618_155113.avi,49,c11_sim,Unknown #1,916,305,91,274
clip_c11_20260618_155113.avi,50,c11_sim,Unknown #1,929,310,90,273
clip_c11_20260618_155113.avi,51,c11_sim,Unknown #1,942,313,91,271
clip_c11_20260618_155113.avi,52,c11_sim,Unknown #1,950,316,92,276
clip_c11_20260618_155113.avi,53,c11_sim,Unknown #1,953,318,96,283
clip_c11_20260618_155113.avi,54,c11_sim,Unknown #1,955,319,99,291
clip_c11_20260618_155113.avi,55,c11_sim,Unknown #1,957,326,102,297
clip_c11_20260618_155113.avi,56,c11_sim,Unknown #1,967,332,100,293
clip_c11_20260618_155113.avi,57,c11_sim,Unknown #1,974,339,101,294
clip_c11_20260618_155113.avi,58,c11_sim,Unknown #1,1000,349,107,308
clip_c11_20260618_155113.avi,59,c11_sim,Unknown #1,1022,353,109,311
clip_c11_20260618_155113.avi,60,c11_sim,Unknown #1,1038,356,111,317
clip_c11_20260618_155113.avi,61,c11_sim,Unknown #1,1060,366,118,333
clip_c11_20260618_155113.avi,62,c11_sim,Unknown #1,1082,375,125,344
clip_c11_20260618_155113.avi,63,c11_sim,Unknown #1,1100,386,122,337
clip_c11_20260618_155113.avi,64,c11_sim,Unknown #1,1121,398,125,338
clip_c11_20260618_155113.avi,65,c11_sim,Unknown #1,1140,405,132,341
clip_c11_20260618_155113.avi,66,c11_sim,Unknown #1,1155,411,137,340
clip_c11_20260618_155113.avi,67,c11_sim,Unknown #1,1165,413,141,339
clip_c11_20260618_155113.avi,68,c11_sim,Unknown #1,1176,414,139,337
clip_c11_20260618_155113.avi,70,c11_sim,Unknown #1,1215,428,148,351
clip_c11_20260618_155113.avi,71,c11_sim,Unknown #1,1257,439,150,352
clip_c11_20260618_155113.avi,72,c11_sim,Unknown #1,1292,447,150,350
clip_c11_20260618_155113.avi,73,c11_sim,Unknown #1,1307,453,148,346
clip_c11_20260618_155113.avi,75,c11_sim,Unknown #1,1316,457,149,343
clip_c11_20260618_155113.avi,76,c11_sim,Unknown #1,1368,457,150,345
clip_c11_20260618_155113.avi,77,c11_sim,Unknown #1,1389,450,151,345
clip_c11_20260622_093444.avi,9,c11_sim,Unknown #1,1654,538,174,377
clip_c11_20260622_093444.avi,10,c11_sim,Unknown #1,1656,540,178,378
clip_c11_20260622_093444.avi,11,c11_sim,Unknown #1,1653,541,180,381
clip_c11_20260622_093444.avi,12,c11_sim,Unknown #1,1640,539,182,385
clip_c11_20260622_093444.avi,13,c11_sim,Unknown #1,1631,534,186,394
clip_c11_20260622_093444.avi,14,c11_sim,Unknown #1,1625,531,187,398
clip_c11_20260622_093444.avi,15,c11_sim,Unknown #1,1616,530,186,397
clip_c11_20260622_093444.avi,17,c11_sim,Unknown #1,1561,519,193,404
clip_c11_20260622_093444.avi,19,c11_sim,Unknown #1,1529,505,197,416
clip_c11_20260622_093444.avi,20,c11_sim,Unknown #1,1516,499,199,423
clip_c11_20260622_093444.avi,22,c11_sim,Unknown #1,1456,489,197,410
clip_c11_20260622_093444.avi,23,c11_sim,Unknown #1,1437,483,199,407
clip_c11_20260622_093444.avi,24,c11_sim,Unknown #1,1428,481,199,406
clip_c11_20260622_093444.avi,25,c11_sim,Unknown #1,1420,481,201,406
clip_c11_20260622_093444.avi,26,c11_sim,Unknown #1,1413,479,203,410
clip_c11_20260622_093444.avi,27,c11_sim,Unknown #1,1401,474,204,415
clip_c11_20260622_093444.avi,28,c11_sim,Unknown #1,1374,472,202,415
clip_c11_20260622_093444.avi,29,c11_sim,Unknown #1,1328,459,206,427
clip_c11_20260622_093444.avi,30,c11_sim,Unknown #1,1306,445,205,436
clip_c11_20260622_093444.avi,31,c11_sim,Unknown #1,1296,433,199,438
clip_c11_20260622_093444.avi,32,c11_sim,Unknown #1,1291,427,192,436
clip_c11_20260622_093444.avi,33,c11_sim,Unknown #1,1282,425,187,432
clip_c11_20260622_093444.avi,34,c11_sim,Unknown #1,1264,421,182,422
clip_c11_20260622_093444.avi,35,c11_sim,Unknown #1,1227,414,182,416
clip_c11_20260622_093444.avi,36,c11_sim,Unknown #1,1196,404,177,411
clip_c11_20260622_093444.avi,37,c11_sim,Unknown #1,1151,393,181,413
clip_c11_20260622_093444.avi,38,c11_sim,Unknown #1,1117,386,184,417
clip_c11_20260622_093444.avi,39,c11_sim,Unknown #1,1102,383,186,420
clip_c11_20260622_093444.avi,40,c11_sim,Unknown #1,1094,367,176,413
clip_c11_20260622_093444.avi,41,c11_sim,Unknown #1,1050,357,172,400
clip_c11_20260622_093444.avi,42,c11_sim,Unknown #1,1026,348,166,386
clip_c11_20260622_093444.avi,43,c11_sim,Unknown #1,1008,342,161,379
clip_c11_20260622_093444.avi,44,c11_sim,Unknown #1,995,339,158,375
clip_c11_20260622_093444.avi,45,c11_sim,Unknown #1,964,330,160,383
clip_c11_20260622_093444.avi,46,c11_sim,Unknown #1,949,322,160,388
clip_c11_20260622_093444.avi,47,c11_sim,Unknown #1,947,316,154,384
clip_c11_20260622_093444.avi,48,c11_sim,Unknown #1,944,311,146,374
clip_c11_20260622_093444.avi,49,c11_sim,Unknown #1,931,308,142,363
clip_c11_20260622_093444.avi,50,c11_sim,Unknown #1,917,307,141,360
clip_c11_20260622_093444.avi,51,c11_sim,Unknown #1,910,307,141,358
clip_c11_20260622_093444.avi,52,c11_sim,Unknown #1,905,305,141,359
clip_c11_20260622_093444.avi,53,c11_sim,Unknown #1,901,303,140,361
clip_c11_20260622_093444.avi,54,c11_sim,Unknown #1,888,299,133,344
clip_c11_20260622_093444.avi,55,c11_sim,Unknown #1,872,290,133,346
clip_c11_20260622_093444.avi,56,c11_sim,Unknown #1,866,283,134,351
clip_c11_20260622_093444.avi,57,c11_sim,Unknown #1,867,278,135,346
clip_c11_20260622_093444.avi,58,c11_sim,Unknown #1,871,276,133,339
clip_c11_20260622_093444.avi,59,c11_sim,Unknown #1,875,274,132,333
clip_c11_20260622_093444.avi,60,c11_sim,Unknown #1,868,271,131,323
clip_c11_20260622_093444.avi,61,c11_sim,Unknown #1,866,268,130,321
clip_c11_20260622_093444.avi,62,c11_sim,Unknown #1,858,266,126,311
clip_c11_20260622_093444.avi,63,c11_sim,Unknown #1,849,262,123,302
clip_c11_20260622_093444.avi,64,c11_sim,Unknown #1,845,260,122,300
clip_c11_20260622_093444.avi,65,c11_sim,Unknown #1,844,258,122,302
clip_c11_20260622_093444.avi,66,c11_sim,Unknown #1,848,252,121,300
clip_c11_20260622_093444.avi,67,c11_sim,Unknown #1,853,249,115,284
clip_c11_20260622_093444.avi,68,c11_sim,Unknown #1,853,247,113,276
clip_c11_20260622_093444.avi,69,c11_sim,Unknown #1,850,242,111,273
clip_c11_20260622_093444.avi,70,c11_sim,Unknown #1,846,240,109,268
clip_c11_20260622_093444.avi,71,c11_sim,Unknown #1,848,239,107,264
clip_c11_20260622_093444.avi,72,c11_sim,Unknown #1,846,237,104,258
clip_c11_20260622_093444.avi,73,c11_sim,Unknown #1,851,238,103,254
clip_c11_20260622_093444.avi,74,c11_sim,Unknown #1,852,227,101,251
clip_c11_20260622_093444.avi,76,c11_sim,Unknown #1,859,217,101,252
clip_c11_20260622_093444.avi,77,c11_sim,Unknown #1,861,215,99,250
clip_c11_20260622_093444.avi,78,c11_sim,Unknown #1,860,215,93,235
clip_c11_20260622_093444.avi,79,c11_sim,Unknown #1,863,214,92,232
clip_c11_20260622_093444.avi,80,c11_sim,Unknown #1,866,212,92,231
clip_c11_20260622_093444.avi,81,c11_sim,Unknown #1,869,207,93,234
clip_c11_20260622_093444.avi,82,c11_sim,Unknown #1,872,205,92,231
clip_c11_20260622_093444.avi,83,c11_sim,Unknown #1,873,203,92,229
clip_c11_20260622_093444.avi,84,c11_sim,Unknown #1,874,203,91,226
clip_c11_20260622_093444.avi,85,c11_sim,Unknown #1,875,204,89,223
clip_c11_20260622_093444.avi,86,c11_sim,Unknown #1,878,205,86,220
clip_c11_20260622_093444.avi,87,c11_sim,Unknown #1,878,203,86,220
clip_c11_20260622_093444.avi,88,c11_sim,Unknown #1,876,199,85,219
clip_c11_20260622_093444.avi,89,c11_sim,Unknown #1,873,197,83,211
clip_c11_20260622_093444.avi,90,c11_sim,Unknown #1,872,197,80,206
clip_c11_20260622_093444.avi,91,c11_sim,Unknown #1,869,197,78,203
clip_c11_20260622_093444.avi,92,c11_sim,Unknown #1,869,196,78,204
clip_c11_20260622_093444.avi,94,c11_sim,Unknown #1,873,191,75,199
clip_c11_20260622_093444.avi,95,c11_sim,Unknown #1,874,188,74,199
clip_c11_20260622_093444.avi,96,c11_sim,Unknown #1,872,189,72,194
clip_c11_20260622_093444.avi,97,c11_sim,Unknown #1,869,184,71,193
clip_c11_20260622_093444.avi,98,c11_sim,Unknown #1,868,184,70,190
clip_c11_20260622_093444.avi,99,c11_sim,Unknown #1,871,184,69,189
clip_c11_20260622_093444.avi,100,c11_sim,Unknown #1,872,182,69,189
clip_c11_20260622_093444.avi,2,c11_sim,Unknown #1,1634,571,180,396
clip_c11_20260622_093444.avi,3,c11_sim,Unknown #1,1622,571,181,396
clip_c11_20260622_093444.avi,4,c11_sim,Unknown #1,1600,575,179,387
clip_c11_20260622_093444.avi,5,c11_sim,Unknown #1,1582,578,180,386
clip_c11_20260622_093444.avi,6,c11_sim,Unknown #1,1574,578,183,388
clip_c11_20260622_093444.avi,7,c11_sim,Unknown #1,1569,577,187,392
clip_c11_20260622_093444.avi,8,c11_sim,Unknown #1,1554,573,190,396
clip_c11_20260622_093444.avi,9,c11_sim,Unknown #1,1497,567,195,400
clip_c11_20260622_093444.avi,10,c11_sim,Unknown #1,1460,561,201,403
clip_c11_20260622_093444.avi,11,c11_sim,Unknown #1,1440,554,205,408
clip_c11_20260622_093444.avi,12,c11_sim,Unknown #1,1429,548,206,412
clip_c11_20260622_093444.avi,13,c11_sim,Unknown #1,1427,544,206,416
clip_c11_20260622_093444.avi,14,c11_sim,Unknown #1,1425,541,208,423
clip_c11_20260622_093444.avi,15,c11_sim,Unknown #1,1415,539,209,431
clip_c11_20260622_093444.avi,16,c11_sim,Unknown #1,1357,542,212,425
clip_c11_20260622_093444.avi,17,c11_sim,Unknown #1,1324,546,216,423
clip_c11_20260622_093444.avi,19,c11_sim,Unknown #1,1294,537,220,433
clip_c11_20260622_093444.avi,20,c11_sim,Unknown #1,1283,535,217,433
clip_c11_20260622_093444.avi,21,c11_sim,Unknown #1,1232,527,220,438
clip_c11_20260622_093444.avi,22,c11_sim,Unknown #1,1202,522,223,444
clip_c11_20260622_093444.avi,24,c11_sim,Unknown #1,1179,516,226,452
clip_c11_20260622_093444.avi,25,c11_sim,Unknown #1,1173,512,226,457
clip_c11_20260622_093444.avi,26,c11_sim,Unknown #1,1168,509,225,459
clip_c11_20260622_093444.avi,27,c11_sim,Unknown #1,1163,499,221,465
clip_c11_20260622_093444.avi,28,c11_sim,Unknown #1,1137,489,211,446
clip_c11_20260622_093444.avi,29,c11_sim,Unknown #1,1080,481,210,437
clip_c11_20260622_093444.avi,30,c11_sim,Unknown #1,1053,477,209,430
clip_c11_20260622_093444.avi,31,c11_sim,Unknown #1,1037,467,204,423
clip_c11_20260622_093444.avi,32,c11_sim,Unknown #1,1029,461,202,421
clip_c11_20260622_093444.avi,33,c11_sim,Unknown #1,1034,457,197,418
clip_c11_20260622_093444.avi,34,c11_sim,Unknown #1,1035,453,194,416
clip_c11_20260622_093444.avi,35,c11_sim,Unknown #1,1004,446,197,424
clip_c11_20260622_093444.avi,36,c11_sim,Unknown #1,963,434,199,432
clip_c11_20260622_093444.avi,37,c11_sim,Unknown #1,934,417,194,431
clip_c11_20260622_093444.avi,38,c11_sim,Unknown #1,917,405,184,415
clip_c11_20260622_093444.avi,39,c11_sim,Unknown #1,908,400,178,409
clip_c11_20260622_093444.avi,40,c11_sim,Unknown #1,875,393,174,400
clip_c11_20260622_093444.avi,41,c11_sim,Unknown #1,842,379,166,380
clip_c11_20260622_093444.avi,42,c11_sim,Unknown #1,816,367,168,385
clip_c11_20260622_093444.avi,43,c11_sim,Unknown #1,807,360,167,386
clip_c11_20260622_093444.avi,44,c11_sim,Unknown #1,806,356,166,387
clip_c11_20260622_093444.avi,45,c11_sim,Unknown #1,804,342,155,364
clip_c11_20260622_093444.avi,46,c11_sim,Unknown #1,798,335,149,356
clip_c11_20260622_093444.avi,47,c11_sim,Unknown #1,791,330,146,356
clip_c11_20260622_093444.avi,48,c11_sim,Unknown #1,786,328,142,348
clip_c11_20260622_093444.avi,49,c11_sim,Unknown #1,784,323,138,343
clip_c11_20260622_093444.avi,50,c11_sim,Unknown #1,779,317,133,328
clip_c11_20260622_093444.avi,51,c11_sim,Unknown #1,775,315,132,322
clip_c11_20260622_093444.avi,52,c11_sim,Unknown #1,771,314,132,320
clip_c11_20260622_093444.avi,53,c11_sim,Unknown #1,766,313,133,321
clip_c11_20260622_093444.avi,54,c11_sim,Unknown #1,772,308,130,320
clip_c11_20260622_093444.avi,55,c11_sim,Unknown #1,779,301,124,308
clip_c11_20260622_093444.avi,56,c11_sim,Unknown #1,780,294,119,299
clip_c11_20260622_093444.avi,57,c11_sim,Unknown #1,782,292,115,294
clip_c11_20260622_093444.avi,58,c11_sim,Unknown #1,783,290,113,295
clip_c11_20260622_093444.avi,59,c11_sim,Unknown #1,785,289,112,297
clip_c11_20260622_093444.avi,60,c11_sim,Unknown #1,785,283,105,280
clip_c11_20260622_093444.avi,61,c11_sim,Unknown #1,782,276,103,276
clip_c11_20260622_093444.avi,62,c11_sim,Unknown #1,778,273,100,271
clip_c11_20260622_093444.avi,63,c11_sim,Unknown #1,782,270,95,267
clip_c11_20260622_093444.avi,64,c11_sim,Unknown #1,787,265,91,258
clip_c11_20260622_093444.avi,65,c11_sim,Unknown #1,790,262,88,254
clip_c11_20260622_093444.avi,66,c11_sim,Unknown #1,793,259,83,241
clip_c11_20260622_093444.avi,67,c11_sim,Unknown #1,791,254,80,234
clip_c11_20260622_093444.avi,68,c11_sim,Unknown #1,787,249,80,232
clip_c11_20260622_093444.avi,69,c11_sim,Unknown #1,787,247,79,232
clip_c11_20260622_093444.avi,70,c11_sim,Unknown #1,786,245,79,234
clip_c11_20260622_093444.avi,71,c11_sim,Unknown #1,786,243,78,237
clip_c11_20260622_093444.avi,72,c11_sim,Unknown #1,788,239,77,236
clip_c11_20260622_093444.avi,73,c11_sim,Unknown #1,794,235,74,227
clip_c11_20260622_093444.avi,74,c11_sim,Unknown #1,794,233,71,218
clip_c11_20260622_093444.avi,75,c11_sim,Unknown #1,789,226,70,214
clip_c11_20260622_093444.avi,76,c11_sim,Unknown #1,786,225,69,211
clip_c11_20260622_093444.avi,77,c11_sim,Unknown #1,784,225,68,205
clip_c11_20260622_093444.avi,78,c11_sim,Unknown #1,783,223,68,202
clip_c11_20260622_093444.avi,79,c11_sim,Unknown #1,785,220,67,200
clip_c11_20260622_093444.avi,80,c11_sim,Unknown #1,787,217,66,199
clip_c11_20260622_093444.avi,81,c11_sim,Unknown #1,787,218,66,195
clip_c11_20260622_093444.avi,82,c11_sim,Unknown #1,787,217,65,194
clip_c11_20260622_093444.avi,83,c11_sim,Unknown #1,785,217,66,193
clip_c11_20260622_093444.avi,84,c11_sim,Unknown #1,784,216,66,194
clip_c11_20260622_093444.avi,85,c11_sim,Unknown #1,782,215,66,193
clip_c11_20260622_093444.avi,86,c11_sim,Unknown #1,780,212,63,186
clip_c11_20260622_093444.avi,87,c11_sim,Unknown #1,779,210,62,182
clip_c11_20260622_093444.avi,88,c11_sim,Unknown #1,778,209,62,181
clip_c11_20260622_093444.avi,89,c11_sim,Unknown #1,778,209,62,180
clip_c11_20260622_093444.avi,90,c11_sim,Unknown #1,778,205,62,181
clip_c11_20260622_093444.avi,91,c11_sim,Unknown #1,780,203,60,178
clip_c11_20260622_093444.avi,92,c11_sim,Unknown #1,780,203,60,177
clip_c11_20260622_093444.avi,93,c11_sim,Unknown #1,777,201,60,175
clip_c11_20260622_093444.avi,94,c11_sim,Unknown #1,774,198,59,175
clip_c11_20260622_093444.avi,95,c11_sim,Unknown #1,773,194,58,174
clip_c11_20260622_093444.avi,96,c11_sim,Unknown #1,773,194,57,170
clip_c11_20260622_093444.avi,97,c11_sim,Unknown #1,775,193,56,169
clip_c11_20260622_093444.avi,98,c11_sim,Unknown #1,775,193,56,167
clip_c11_20260622_093444.avi,99,c11_sim,Unknown #1,777,193,58,167
clip_c11_20260622_093444.avi,100,c11_sim,Unknown #1,779,191,59,167
clip_c11_20260622_093444.avi,101,c11_sim,Unknown #1,782,189,58,164
clip_c11_20260622_093444.avi,102,c11_sim,Unknown #1,791,189,56,155
clip_c11_20260622_093444.avi,103,c11_sim,Unknown #1,799,190,54,149
clip_c11_20260622_093444.avi,104,c11_sim,Unknown #1,802,188,54,150
clip_c11_20260622_093444.avi,105,c11_sim,Unknown #1,806,184,55,151
clip_c11_20260622_093444.avi,92,c11_sim,Unknown #1,875,198,70,205
clip_c11_20260622_093444.avi,93,c11_sim,Unknown #1,878,189,71,208
clip_c11_20260622_093444.avi,101,c11_sim,Unknown #1,889,183,63,180
clip_c11_20260622_093444.avi,102,c11_sim,Unknown #1,892,182,61,178
clip_c11_20260622_093444.avi,103,c11_sim,Unknown #1,892,182,62,178
clip_c11_20260622_093444.avi,104,c11_sim,Unknown #1,891,181,62,178
clip_c11_20260622_093444.avi,105,c11_sim,Unknown #1,892,181,61,177
clip_c11_20260622_093444.avi,106,c11_sim,Unknown #1,900,181,59,170
clip_c9_20260617_150354.avi,0,c9_sim,Unknown #1,1194,260,138,345
clip_c9_20260617_150354.avi,1,c9_sim,Unknown #1,1190,253,140,352
clip_c9_20260617_150354.avi,2,c9_sim,Unknown #1,1175,247,143,358
clip_c9_20260617_150354.avi,3,c9_sim,Unknown #1,1154,241,144,364
clip_c9_20260617_150354.avi,4,c9_sim,Unknown #1,1113,234,147,369
clip_c9_20260617_150354.avi,5,c9_sim,Unknown #1,1099,233,147,368
clip_c9_20260617_150354.avi,6,c9_sim,Unknown #1,1085,228,148,370
clip_c9_20260617_150354.avi,7,c9_sim,Unknown #1,1038,220,142,360
clip_c9_20260617_150354.avi,8,c9_sim,Unknown #1,999,221,139,346
clip_c9_20260617_150354.avi,9,c9_sim,Unknown #1,982,223,137,332
clip_c9_20260617_150354.avi,10,c9_sim,Unknown #1,956,217,135,328
clip_c9_20260617_150354.avi,11,c9_sim,Unknown #1,928,212,134,333
clip_c9_20260617_150354.avi,12,c9_sim,Unknown #1,909,211,132,334
clip_c9_20260617_150354.avi,13,c9_sim,Unknown #1,899,210,132,335
clip_c9_20260617_150354.avi,14,c9_sim,Unknown #1,896,210,130,336
clip_c9_20260617_150354.avi,15,c9_sim,Unknown #1,872,205,126,327
clip_c9_20260617_150354.avi,16,c9_sim,Unknown #1,851,201,122,322
clip_c9_20260617_150354.avi,17,c9_sim,Unknown #1,832,200,120,319
clip_c9_20260617_150354.avi,18,c9_sim,Unknown #1,815,200,119,313
clip_c9_20260617_150354.avi,19,c9_sim,Unknown #1,808,201,119,307
clip_c9_20260617_150354.avi,20,c9_sim,Unknown #1,798,200,118,302
clip_c9_20260617_150354.avi,21,c9_sim,Unknown #1,774,197,117,299
clip_c9_20260617_150354.avi,22,c9_sim,Unknown #1,753,193,117,301
clip_c9_20260617_150354.avi,23,c9_sim,Unknown #1,744,190,116,304
clip_c9_20260617_150354.avi,24,c9_sim,Unknown #1,738,190,116,303
clip_c9_20260617_150354.avi,25,c9_sim,Unknown #1,728,192,116,303
clip_c9_20260617_150354.avi,26,c9_sim,Unknown #1,722,192,117,300
clip_c9_20260617_150354.avi,27,c9_sim,Unknown #1,703,190,112,293
clip_c9_20260617_150354.avi,28,c9_sim,Unknown #1,689,188,107,284
clip_c9_20260617_150354.avi,29,c9_sim,Unknown #1,681,188,105,280
clip_c9_20260617_150354.avi,30,c9_sim,Unknown #1,678,204,99,262
clip_c9_20260617_150354.avi,31,c9_sim,Unknown #1,667,191,103,269
clip_c9_20260617_150354.avi,32,c9_sim,Unknown #1,652,183,102,266
clip_c9_20260617_150354.avi,33,c9_sim,Unknown #1,645,180,100,260
clip_c9_20260617_150354.avi,34,c9_sim,Unknown #1,641,179,99,258
clip_c9_20260617_150354.avi,35,c9_sim,Unknown #1,635,177,100,260
clip_c9_20260617_150354.avi,36,c9_sim,Unknown #1,628,174,98,257
clip_c9_20260617_150354.avi,37,c9_sim,Unknown #1,624,169,96,256
clip_c9_20260617_150354.avi,38,c9_sim,Unknown #1,622,166,92,247
clip_c9_20260617_150354.avi,39,c9_sim,Unknown #1,621,166,89,241
clip_c9_20260617_150354.avi,40,c9_sim,Unknown #1,620,165,88,238
clip_c9_20260617_150354.avi,41,c9_sim,Unknown #1,619,164,87,238
clip_c9_20260617_150354.avi,42,c9_sim,Unknown #1,618,161,85,237
clip_c9_20260617_150354.avi,43,c9_sim,Unknown #1,617,159,84,234
clip_c9_20260617_150354.avi,44,c9_sim,Unknown #1,617,159,80,228
clip_c9_20260617_150354.avi,45,c9_sim,Unknown #1,616,157,80,227
clip_c9_20260617_150354.avi,46,c9_sim,Unknown #1,618,153,76,219
clip_c9_20260617_150354.avi,47,c9_sim,Unknown #1,620,150,75,216
clip_c9_20260617_150354.avi,48,c9_sim,Unknown #1,621,144,73,214
clip_c9_20260617_150354.avi,49,c9_sim,Unknown #1,621,143,72,212
clip_c9_20260617_150354.avi,50,c9_sim,Unknown #1,619,142,72,215
clip_c9_20260617_150354.avi,51,c9_sim,Unknown #1,618,142,73,218
clip_c9_20260617_150354.avi,52,c9_sim,Unknown #1,618,142,72,217
clip_c9_20260617_150354.avi,53,c9_sim,Unknown #1,618,142,71,217
clip_c9_20260617_150354.avi,54,c9_sim,Unknown #1,619,135,70,215
clip_c9_20260617_150354.avi,55,c9_sim,Unknown #1,621,131,69,211
clip_c9_20260617_150354.avi,56,c9_sim,Unknown #1,624,130,68,208
clip_c9_20260617_150354.avi,57,c9_sim,Unknown #1,627,129,68,206
clip_c9_20260617_150354.avi,58,c9_sim,Unknown #1,628,129,68,205
clip_c9_20260617_150354.avi,59,c9_sim,Unknown #1,635,130,70,202
clip_c9_20260617_150354.avi,60,c9_sim,Unknown #1,637,130,72,202
clip_c9_20260617_150354.avi,61,c9_sim,Unknown #1,639,131,75,200
clip_c9_20260617_150354.avi,62,c9_sim,Unknown #1,640,131,76,200
clip_c9_20260617_150354.avi,63,c9_sim,Unknown #1,640,130,77,200
clip_c9_20260617_150354.avi,64,c9_sim,Unknown #1,640,129,78,200
clip_c9_20260617_150354.avi,65,c9_sim,Unknown #1,641,128,79,200
clip_c9_20260617_150354.avi,66,c9_sim,Unknown #1,641,127,80,201
clip_c9_20260617_150354.avi,67,c9_sim,Unknown #1,641,127,81,201
clip_c9_20260617_150354.avi,68,c9_sim,Unknown #1,640,127,81,201
clip_c9_20260617_150354.avi,69,c9_sim,Unknown #1,638,127,82,201
clip_c9_20260617_150354.avi,70,c9_sim,Unknown #1,638,128,83,200
clip_c9_20260617_150354.avi,71,c9_sim,Unknown #1,638,129,83,199
clip_c9_20260617_150354.avi,72,c9_sim,Unknown #1,638,129,83,199
clip_c9_20260617_150354.avi,73,c9_sim,Unknown #1,638,130,82,198
clip_c9_20260617_150354.avi,74,c9_sim,Unknown #1,640,131,82,198
clip_c9_20260617_150354.avi,75,c9_sim,Unknown #1,640,131,82,198
clip_c9_20260617_150354.avi,76,c9_sim,Unknown #1,641,132,81,196
clip_c9_20260617_150354.avi,77,c9_sim,Unknown #1,642,132,81,197
clip_c9_20260617_150354.avi,78,c9_sim,Unknown #1,642,132,81,196
clip_c9_20260617_150354.avi,79,c9_sim,Unknown #1,643,131,81,198
clip_c9_20260617_150354.avi,80,c9_sim,Unknown #1,642,132,81,197
clip_c9_20260617_150354.avi,81,c9_sim,Unknown #1,642,132,81,197
clip_c9_20260617_150354.avi,82,c9_sim,Unknown #1,642,131,81,197
clip_c9_20260617_150354.avi,83,c9_sim,Unknown #1,643,131,81,197
clip_c9_20260617_150354.avi,84,c9_sim,Unknown #1,643,131,81,197
clip_c9_20260617_150354.avi,85,c9_sim,Unknown #1,644,130,81,199
clip_c9_20260617_150354.avi,86,c9_sim,Unknown #1,644,129,82,200
clip_c9_20260617_150354.avi,87,c9_sim,Unknown #1,645,129,81,200
clip_c9_20260617_150354.avi,88,c9_sim,Unknown #1,644,130,82,199
clip_c9_20260617_150354.avi,89,c9_sim,Unknown #1,645,130,81,199
clip_c9_20260617_150354.avi,90,c9_sim,Unknown #1,645,130,81,199
clip_c9_20260617_150354.avi,91,c9_sim,Unknown #1,645,129,81,200
clip_c9_20260617_150354.avi,92,c9_sim,Unknown #1,645,128,81,201
clip_c9_20260617_150354.avi,93,c9_sim,Unknown #1,645,128,82,201
clip_c9_20260617_150354.avi,94,c9_sim,Unknown #1,646,128,81,201
clip_c9_20260617_150354.avi,95,c9_sim,Unknown #1,646,128,81,201
clip_c9_20260617_150354.avi,96,c9_sim,Unknown #1,648,127,80,201
clip_c9_20260617_150354.avi,97,c9_sim,Unknown #1,648,127,81,201
clip_c9_20260617_150354.avi,98,c9_sim,Unknown #1,648,127,80,201
clip_c9_20260617_150354.avi,99,c9_sim,Unknown #1,649,127,80,200
clip_c9_20260617_150354.avi,100,c9_sim,Unknown #1,649,128,79,199
clip_c9_20260617_150354.avi,101,c9_sim,Unknown #1,649,128,79,199
clip_c9_20260617_150354.avi,102,c9_sim,Unknown #1,649,129,78,198
clip_c9_20260617_150354.avi,103,c9_sim,Unknown #1,648,129,78,199
clip_c9_20260617_150354.avi,104,c9_sim,Unknown #1,646,129,78,199
clip_c9_20260617_150354.avi,105,c9_sim,Unknown #1,645,129,79,200
clip_c9_20260617_150354.avi,106,c9_sim,Unknown #1,646,129,79,200
clip_c9_20260617_150354.avi,107,c9_sim,Unknown #1,646,129,78,200
clip_c9_20260617_150354.avi,108,c9_sim,Unknown #1,645,129,79,200
clip_c9_20260617_150354.avi,109,c9_sim,Unknown #1,645,129,78,200
clip_c9_20260617_150354.avi,110,c9_sim,Unknown #1,643,129,80,200
clip_c9_20260617_150354.avi,111,c9_sim,Unknown #1,642,129,79,200
clip_c9_20260617_150354.avi,112,c9_sim,Unknown #1,641,129,79,199
clip_c9_20260617_150354.avi,113,c9_sim,Unknown #1,641,130,78,198
clip_c9_20260617_150354.avi,117,c9_sim,Unknown #1,639,130,78,198
clip_c9_20260617_150354.avi,118,c9_sim,Unknown #1,639,130,78,198
clip_c9_20260617_150354.avi,119,c9_sim,Unknown #1,639,130,77,198
clip_c9_20260617_150354.avi,120,c9_sim,Unknown #1,639,130,77,198
clip_c9_20260617_150354.avi,121,c9_sim,Unknown #1,640,130,78,199
clip_c9_20260617_150354.avi,122,c9_sim,Unknown #1,641,129,79,200
clip_c9_20260617_150354.avi,123,c9_sim,Unknown #1,642,129,78,200
clip_c9_20260617_150354.avi,124,c9_sim,Unknown #1,642,129,79,199
clip_c9_20260617_150354.avi,125,c9_sim,Unknown #1,642,129,79,199
clip_c9_20260617_150354.avi,126,c9_sim,Unknown #1,642,129,78,199
clip_c9_20260617_150354.avi,127,c9_sim,Unknown #1,642,129,79,199
clip_c9_20260617_150354.avi,128,c9_sim,Unknown #1,642,129,79,199
clip_c9_20260617_150354.avi,129,c9_sim,Unknown #1,642,129,79,199
clip_c9_20260617_150354.avi,130,c9_sim,Unknown #1,642,129,79,199
clip_c9_20260617_150354.avi,131,c9_sim,Unknown #1,643,129,78,199
clip_c9_20260617_150354.avi,132,c9_sim,Unknown #1,642,129,79,199
clip_c9_20260617_150354.avi,133,c9_sim,Unknown #1,642,130,78,198
clip_c9_20260617_150354.avi,134,c9_sim,Unknown #1,642,130,77,198
clip_c9_20260617_150354.avi,135,c9_sim,Unknown #1,642,130,77,198
clip_c9_20260617_150354.avi,136,c9_sim,Unknown #1,642,130,77,199
clip_c9_20260617_150354.avi,137,c9_sim,Unknown #1,643,130,76,199
clip_c9_20260617_150354.avi,138,c9_sim,Unknown #1,643,130,77,199
clip_c9_20260617_150354.avi,139,c9_sim,Unknown #1,646,130,76,199
clip_c9_20260617_150354.avi,140,c9_sim,Unknown #1,646,130,77,198
clip_c9_20260617_150354.avi,141,c9_sim,Unknown #1,646,129,78,200
clip_c9_20260617_150354.avi,142,c9_sim,Unknown #1,646,130,78,198
clip_c9_20260617_150354.avi,143,c9_sim,Unknown #1,645,130,79,198
clip_c9_20260617_150354.avi,144,c9_sim,Unknown #1,645,129,79,199
clip_c9_20260617_150354.avi,145,c9_sim,Unknown #1,645,129,79,199
clip_c9_20260617_150354.avi,146,c9_sim,Unknown #1,645,129,79,199
clip_c9_20260617_150354.avi,147,c9_sim,Unknown #1,645,129,79,199
clip_c9_20260617_150354.avi,148,c9_sim,Unknown #1,646,129,79,200
clip_c9_20260617_150354.avi,149,c9_sim,Unknown #1,646,129,79,200
clip_c9_20260617_150354.avi,150,c9_sim,Unknown #1,646,128,79,201
clip_c9_20260617_150354.avi,151,c9_sim,Unknown #1,646,128,79,201
clip_c9_20260617_150354.avi,152,c9_sim,Unknown #1,647,128,78,201
clip_c9_20260617_150354.avi,153,c9_sim,Unknown #1,646,128,79,201
clip_c9_20260617_150354.avi,154,c9_sim,Unknown #1,647,128,78,202
clip_c9_20260617_150354.avi,155,c9_sim,Unknown #1,647,127,79,203
clip_c9_20260617_150354.avi,156,c9_sim,Unknown #1,647,127,79,203
clip_c9_20260617_150354.avi,157,c9_sim,Unknown #1,647,127,79,203
clip_c9_20260617_150354.avi,158,c9_sim,Unknown #1,648,127,78,203
clip_c9_20260617_150354.avi,159,c9_sim,Unknown #1,647,127,78,202
clip_c9_20260617_150354.avi,160,c9_sim,Unknown #1,646,128,78,201
clip_c9_20260617_150354.avi,161,c9_sim,Unknown #1,645,128,78,201
clip_c9_20260617_150354.avi,162,c9_sim,Unknown #1,645,128,78,201
clip_c9_20260617_150354.avi,163,c9_sim,Unknown #1,645,128,78,201
clip_c9_20260617_150354.avi,164,c9_sim,Unknown #1,645,129,78,200
clip_c9_20260617_150354.avi,165,c9_sim,Unknown #1,645,129,79,200
clip_c9_20260617_150354.avi,166,c9_sim,Unknown #1,645,128,79,201
clip_c9_20260617_150354.avi,167,c9_sim,Unknown #1,644,129,79,200
clip_c9_20260617_150354.avi,168,c9_sim,Unknown #1,643,129,79,200
clip_c9_20260617_150354.avi,169,c9_sim,Unknown #1,643,130,79,199
clip_c9_20260617_150354.avi,170,c9_sim,Unknown #1,643,130,79,199
clip_c9_20260617_150354.avi,171,c9_sim,Unknown #1,642,130,79,199
clip_c9_20260617_150354.avi,172,c9_sim,Unknown #1,642,130,79,199
clip_c9_20260617_150354.avi,173,c9_sim,Unknown #1,642,130,80,199
clip_c9_20260617_150354.avi,174,c9_sim,Unknown #1,642,130,80,199
clip_c9_20260617_150354.avi,175,c9_sim,Unknown #1,642,131,80,198
clip_c9_20260617_150354.avi,176,c9_sim,Unknown #1,642,131,80,198
clip_c9_20260617_150354.avi,177,c9_sim,Unknown #1,642,130,80,199
clip_c9_20260617_150354.avi,178,c9_sim,Unknown #1,642,131,80,198
clip_c9_20260617_150354.avi,179,c9_sim,Unknown #1,642,131,80,199
clip_c9_20260617_150354.avi,180,c9_sim,Unknown #1,642,130,81,200
clip_c9_20260617_150354.avi,181,c9_sim,Unknown #1,642,130,81,200
clip_c9_20260617_150354.avi,182,c9_sim,Unknown #1,643,130,81,200
clip_c9_20260617_150354.avi,183,c9_sim,Unknown #1,644,130,80,200
clip_c9_20260617_150354.avi,184,c9_sim,Unknown #1,644,130,80,200
clip_c9_20260617_150354.avi,185,c9_sim,Unknown #1,645,130,80,200
clip_c9_20260617_150354.avi,186,c9_sim,Unknown #1,645,130,79,200
clip_c9_20260617_150354.avi,187,c9_sim,Unknown #1,645,130,79,200
clip_c9_20260617_150354.avi,188,c9_sim,Unknown #1,645,130,79,200
clip_c9_20260617_150354.avi,189,c9_sim,Unknown #1,647,129,79,201
clip_c9_20260617_150354.avi,190,c9_sim,Unknown #1,648,128,78,202
clip_c9_20260617_150354.avi,191,c9_sim,Unknown #1,649,128,78,201
clip_c9_20260617_150354.avi,192,c9_sim,Unknown #1,649,127,78,202
clip_c9_20260617_150354.avi,193,c9_sim,Unknown #1,649,127,77,202
clip_c9_20260617_150354.avi,194,c9_sim,Unknown #1,649,126,77,203
clip_c9_20260617_150354.avi,195,c9_sim,Unknown #1,649,126,77,203
clip_c9_20260617_150354.avi,196,c9_sim,Unknown #1,649,126,77,203
clip_c9_20260617_150354.avi,197,c9_sim,Unknown #1,649,126,77,203
clip_c9_20260617_150354.avi,198,c9_sim,Unknown #1,648,126,77,204
clip_c9_20260617_150354.avi,199,c9_sim,Unknown #1,647,127,77,204
clip_c9_20260617_150354.avi,200,c9_sim,Unknown #1,646,128,77,203
clip_c9_20260617_150354.avi,201,c9_sim,Unknown #1,646,128,78,203
clip_c9_20260617_150354.avi,202,c9_sim,Unknown #1,635,130,77,202
clip_c9_20260617_150354.avi,203,c9_sim,Unknown #1,627,130,76,204
clip_c9_20260617_150354.avi,204,c9_sim,Unknown #1,623,131,76,204
clip_c9_20260617_150354.avi,205,c9_sim,Unknown #1,622,132,75,203
clip_c9_20260617_150354.avi,206,c9_sim,Unknown #1,621,132,74,202
clip_c9_20260617_150354.avi,207,c9_sim,Unknown #1,622,133,75,203
clip_c9_20260617_150354.avi,208,c9_sim,Unknown #1,619,133,75,207
clip_c9_20260617_150354.avi,209,c9_sim,Unknown #1,617,133,74,210
clip_c9_20260617_150354.avi,210,c9_sim,Unknown #1,616,134,74,213
clip_c9_20260617_150354.avi,211,c9_sim,Unknown #1,617,136,73,214
clip_c9_20260617_150354.avi,212,c9_sim,Unknown #1,618,138,71,213
clip_c9_20260617_150354.avi,213,c9_sim,Unknown #1,620,142,70,214
clip_c9_20260617_150354.avi,214,c9_sim,Unknown #1,625,144,69,210
clip_c9_20260617_150354.avi,215,c9_sim,Unknown #1,629,144,68,208
clip_c9_20260617_150354.avi,216,c9_sim,Unknown #1,638,144,72,209
clip_c9_20260617_150354.avi,217,c9_sim,Unknown #1,643,145,75,211
clip_c9_20260617_150354.avi,218,c9_sim,Unknown #1,645,146,78,211
clip_c9_20260617_150354.avi,219,c9_sim,Unknown #1,651,144,81,216
clip_c9_20260617_150354.avi,220,c9_sim,Unknown #1,655,146,85,227
clip_c9_20260617_150354.avi,221,c9_sim,Unknown #1,661,150,86,225
clip_c9_20260617_150354.avi,222,c9_sim,Unknown #1,669,149,89,231
clip_c9_20260617_150354.avi,223,c9_sim,Unknown #1,677,148,92,240
clip_c9_20260617_150354.avi,224,c9_sim,Unknown #1,686,151,93,242
clip_c9_20260617_150354.avi,225,c9_sim,Unknown #1,691,153,96,245
clip_c9_20260617_150354.avi,226,c9_sim,Unknown #1,706,159,99,253
clip_c9_20260617_150354.avi,227,c9_sim,Unknown #1,716,162,99,254
clip_c9_20260617_150354.avi,228,c9_sim,Unknown #1,722,161,102,262
clip_c9_20260617_150354.avi,229,c9_sim,Unknown #1,728,166,106,273
clip_c9_20260617_150354.avi,230,c9_sim,Unknown #1,737,170,109,281
clip_c9_20260617_150354.avi,231,c9_sim,Unknown #1,746,174,110,280
clip_c9_20260617_150354.avi,232,c9_sim,Unknown #1,757,173,111,282
clip_c9_20260617_150354.avi,233,c9_sim,Unknown #1,769,171,113,285
clip_c9_20260617_150354.avi,234,c9_sim,Unknown #1,778,173,113,282
clip_c9_20260617_150354.avi,235,c9_sim,Unknown #1,784,174,113,281
clip_c9_20260617_150354.avi,236,c9_sim,Unknown #1,808,179,117,290
clip_c9_20260617_150354.avi,237,c9_sim,Unknown #1,823,179,120,296
clip_c9_20260617_150354.avi,238,c9_sim,Unknown #1,835,179,121,299
clip_c9_20260617_150354.avi,239,c9_sim,Unknown #1,853,183,129,317
clip_c9_20260617_150354.avi,240,c9_sim,Unknown #1,863,185,132,325
clip_c9_20260617_150354.avi,241,c9_sim,Unknown #1,872,188,135,330
clip_c9_20260617_150354.avi,242,c9_sim,Unknown #1,894,190,134,333
clip_c9_20260617_150354.avi,243,c9_sim,Unknown #1,907,192,132,333
clip_c9_20260617_150354.avi,244,c9_sim,Unknown #1,931,193,130,332
clip_c9_20260617_150354.avi,245,c9_sim,Unknown #1,946,193,129,330
clip_c9_20260617_150354.avi,246,c9_sim,Unknown #1,957,196,126,325
clip_c9_20260617_150354.avi,247,c9_sim,Unknown #1,983,202,131,326
clip_c9_20260617_150354.avi,248,c9_sim,Unknown #1,1007,205,135,329
clip_c9_20260617_150354.avi,249,c9_sim,Unknown #1,1021,207,135,329
clip_c9_20260617_150354.avi,250,c9_sim,Unknown #1,1072,211,144,350
clip_c9_20260617_150354.avi,251,c9_sim,Unknown #1,1097,216,149,355
clip_c9_20260617_150354.avi,252,c9_sim,Unknown #1,1121,221,148,354
clip_c9_20260617_150354.avi,253,c9_sim,Unknown #1,1156,222,146,357
clip_c9_20260617_150354.avi,254,c9_sim,Unknown #1,1183,224,143,353
clip_c9_20260617_150354.avi,255,c9_sim,Unknown #1,1203,229,140,350
clip_c9_20260617_150354.avi,256,c9_sim,Unknown #1,1212,239,134,338
clip_c9_20260622_093510.avi,10,c9_sim,Unknown #1,943,54,43,155
clip_c9_20260622_093510.avi,11,c9_sim,Unknown #1,943,53,44,158
clip_c9_20260622_093510.avi,12,c9_sim,Unknown #1,943,55,47,168
clip_c9_20260622_093510.avi,13,c9_sim,Unknown #1,943,55,47,167
clip_c9_20260622_093510.avi,7,c9_sim,Unknown #1,893,35,53,145
clip_c9_20260622_093510.avi,9,c9_sim,Unknown #1,886,42,56,154
clip_c9_20260622_093510.avi,10,c9_sim,Unknown #1,882,44,59,161
clip_c9_20260622_093510.avi,16,c9_sim,Unknown #1,874,47,64,174
clip_c9_20260622_093510.avi,19,c9_sim,Unknown #1,858,51,65,172
clip_c9_20260622_093510.avi,20,c9_sim,Unknown #1,858,54,66,178
clip_c9_20260622_093510.avi,21,c9_sim,Unknown #1,853,57,68,181
clip_c9_20260622_093510.avi,26,c9_sim,Unknown #1,889,76,70,197
clip_c9_20260622_093510.avi,27,c9_sim,Unknown #1,884,77,73,209
clip_c9_20260622_093510.avi,28,c9_sim,Unknown #1,860,68,80,228
clip_c9_20260622_093510.avi,29,c9_sim,Unknown #1,855,72,83,236
clip_c9_20260622_093510.avi,30,c9_sim,Unknown #1,858,82,81,232
clip_c9_20260622_093510.avi,31,c9_sim,Unknown #1,864,90,79,226
clip_c9_20260622_093510.avi,32,c9_sim,Unknown #1,865,91,79,226
clip_c9_20260622_093510.avi,34,c9_sim,Unknown #1,861,87,83,238
clip_c9_20260622_093510.avi,35,c9_sim,Unknown #1,856,87,88,250
clip_c9_20260622_093510.avi,36,c9_sim,Unknown #1,848,89,92,266
clip_c9_20260622_093510.avi,37,c9_sim,Unknown #1,845,93,93,271
clip_c9_20260622_093510.avi,38,c9_sim,Unknown #1,842,92,95,276
clip_c9_20260622_093510.avi,39,c9_sim,Unknown #1,843,92,95,277
clip_c9_20260622_093510.avi,40,c9_sim,Unknown #1,839,114,91,262
clip_c9_20260622_093510.avi,41,c9_sim,Unknown #1,826,127,89,257
clip_c9_20260622_093510.avi,42,c9_sim,Unknown #1,814,133,89,253
clip_c9_20260622_093510.avi,43,c9_sim,Unknown #1,805,134,91,255
clip_c9_20260622_093510.avi,44,c9_sim,Unknown #1,796,135,94,266
clip_c9_20260622_093510.avi,45,c9_sim,Unknown #1,786,140,94,266
clip_c9_20260622_093510.avi,46,c9_sim,Unknown #1,766,146,94,263
clip_c9_20260622_093510.avi,47,c9_sim,Unknown #1,756,152,95,258
clip_c9_20260622_093510.avi,48,c9_sim,Unknown #1,731,150,90,248
clip_c9_20260622_093510.avi,49,c9_sim,Unknown #1,701,145,91,253
clip_c9_20260622_093510.avi,51,c9_sim,Unknown #1,646,153,87,246
clip_c9_20260622_093510.avi,52,c9_sim,Unknown #1,625,155,86,244
clip_c9_20260622_093510.avi,53,c9_sim,Unknown #1,617,157,85,244
clip_c9_20260622_093510.avi,54,c9_sim,Unknown #1,614,159,82,238
clip_c9_20260622_093510.avi,80,c9_sim,Unknown #1,631,187,69,279
clip_c9_20260622_093510.avi,81,c9_sim,Unknown #1,637,186,70,284
clip_c9_20260622_093510.avi,82,c9_sim,Unknown #1,642,190,71,283
clip_c9_20260622_093510.avi,83,c9_sim,Unknown #1,661,192,77,298
clip_c9_20260622_093510.avi,85,c9_sim,Unknown #1,688,194,88,335
clip_c9_20260622_093510.avi,86,c9_sim,Unknown #1,700,199,92,340
clip_c9_20260622_093510.avi,87,c9_sim,Unknown #1,706,201,94,341
clip_c9_20260622_093510.avi,88,c9_sim,Unknown #1,712,202,96,341
clip_c9_20260622_093510.avi,89,c9_sim,Unknown #1,728,202,96,338
clip_c8_20260617_150429.avi,17,c8_sim,Unknown #1,994,588,138,348
clip_c8_20260617_150429.avi,19,c8_sim,Unknown #1,1044,551,138,345
clip_c8_20260617_150429.avi,20,c8_sim,Unknown #1,1081,523,138,342
clip_c8_20260617_150429.avi,21,c8_sim,Unknown #1,1096,510,142,347
clip_c8_20260617_150429.avi,22,c8_sim,Unknown #1,1105,501,148,355
clip_c8_20260617_150429.avi,23,c8_sim,Unknown #1,1132,473,160,380
clip_c8_20260617_150429.avi,24,c8_sim,Unknown #1,1171,455,155,365
clip_c8_20260617_150429.avi,25,c8_sim,Unknown #1,1201,457,141,325
clip_c8_20260617_150429.avi,26,c8_sim,Unknown #1,1229,453,135,303
clip_c8_20260617_150429.avi,27,c8_sim,Unknown #1,1235,404,156,346
clip_c8_20260617_150429.avi,28,c8_sim,Unknown #1,1242,380,166,365
clip_c8_20260617_150429.avi,29,c8_sim,Unknown #1,1248,363,170,367
clip_c8_20260617_150429.avi,30,c8_sim,Unknown #1,1271,346,162,350
clip_c8_20260617_150429.avi,32,c8_sim,Unknown #1,1307,419,123,261
clip_c8_20260617_150429.avi,33,c8_sim,Unknown #1,1336,335,161,339
clip_c8_20260617_150429.avi,34,c8_sim,Unknown #1,1357,299,172,362
clip_c8_20260617_150429.avi,35,c8_sim,Unknown #1,1378,274,165,354
clip_c8_20260617_150429.avi,36,c8_sim,Unknown #1,1401,258,160,342
clip_c8_20260617_150429.avi,37,c8_sim,Unknown #1,1399,249,157,342
clip_c8_20260617_150429.avi,38,c8_sim,Unknown #1,1401,242,156,347
clip_c8_20260617_150429.avi,39,c8_sim,Unknown #1,1407,235,156,349
clip_c8_20260617_150429.avi,40,c8_sim,Unknown #1,1422,228,151,335
clip_c8_20260617_150429.avi,41,c8_sim,Unknown #1,1436,224,143,319
clip_c8_20260617_150429.avi,42,c8_sim,Unknown #1,1448,221,140,313
clip_c8_20260617_150429.avi,43,c8_sim,Unknown #1,1489,208,109,234
clip_c8_20260617_150429.avi,44,c8_sim,Unknown #1,1507,198,99,208
clip_c8_20260617_150429.avi,45,c8_sim,Unknown #1,1512,183,104,217
clip_c8_20260617_150429.avi,46,c8_sim,Unknown #1,1516,173,107,225
clip_c8_20260617_150429.avi,47,c8_sim,Unknown #1,1522,167,110,231
clip_c8_20260617_150429.avi,48,c8_sim,Unknown #1,1527,164,112,234
clip_c8_20260617_150429.avi,49,c8_sim,Unknown #1,1529,161,113,238
clip_c8_20260617_150429.avi,50,c8_sim,Unknown #1,1536,155,116,245
clip_c8_20260617_150429.avi,51,c8_sim,Unknown #1,1538,151,119,250
clip_c8_20260617_150429.avi,52,c8_sim,Unknown #1,1538,147,122,255
clip_c8_20260617_150429.avi,53,c8_sim,Unknown #1,1550,139,124,262
clip_c8_20260617_150429.avi,54,c8_sim,Unknown #1,1558,130,126,271
clip_c8_20260617_150429.avi,55,c8_sim,Unknown #1,1565,122,126,275
clip_c8_20260617_150429.avi,56,c8_sim,Unknown #1,1571,116,124,276
clip_c8_20260617_150429.avi,57,c8_sim,Unknown #1,1575,112,121,271
clip_c8_20260617_150429.avi,58,c8_sim,Unknown #1,1578,107,119,270
clip_c8_20260617_150429.avi,59,c8_sim,Unknown #1,1580,105,117,267
clip_c8_20260617_150429.avi,60,c8_sim,Unknown #1,1580,104,116,265
clip_c8_20260617_150429.avi,61,c8_sim,Unknown #1,1581,105,115,264
clip_c8_20260617_150429.avi,62,c8_sim,Unknown #1,1587,112,113,257
clip_c8_20260617_150429.avi,63,c8_sim,Unknown #1,1592,121,112,248
clip_c8_20260617_150429.avi,64,c8_sim,Unknown #1,1595,113,119,257
clip_c8_20260617_150429.avi,65,c8_sim,Unknown #1,1598,111,120,255
clip_c8_20260617_150429.avi,66,c8_sim,Unknown #1,1610,106,121,259
clip_c8_20260617_150429.avi,67,c8_sim,Unknown #1,1620,108,119,258
clip_c8_20260617_150429.avi,68,c8_sim,Unknown #1,1626,103,127,282
clip_c8_20260617_150429.avi,69,c8_sim,Unknown #1,1630,100,125,286
clip_c8_20260617_150429.avi,70,c8_sim,Unknown #1,1634,103,119,278
clip_c8_20260622_093541.avi,19,c8_sim,Unknown #1,1128,572,201,414
clip_c8_20260622_093541.avi,20,c8_sim,Unknown #1,1174,529,193,398
clip_c8_20260622_093541.avi,21,c8_sim,Unknown #1,1214,495,197,407
clip_c8_20260622_093541.avi,22,c8_sim,Unknown #1,1231,464,209,433
clip_c8_20260622_093541.avi,23,c8_sim,Unknown #1,1238,455,213,441
clip_c8_20260622_093541.avi,24,c8_sim,Unknown #1,1261,451,208,431
clip_c8_20260622_093541.avi,25,c8_sim,Unknown #1,1310,449,179,371
clip_c8_20260622_093541.avi,26,c8_sim,Unknown #1,1331,451,165,340
clip_c8_20260622_093541.avi,27,c8_sim,Unknown #1,1345,448,166,335
clip_c8_20260622_093541.avi,28,c8_sim,Unknown #1,1382,366,184,370
clip_c8_20260622_093541.avi,31,c8_sim,Unknown #1,1417,299,201,409
clip_c8_20260622_093541.avi,32,c8_sim,Unknown #1,1443,261,190,393
clip_c8_20260622_093541.avi,33,c8_sim,Unknown #1,1452,245,187,390
clip_c8_20260622_093541.avi,34,c8_sim,Unknown #1,1459,235,184,388
clip_c8_20260622_093541.avi,35,c8_sim,Unknown #1,1476,223,175,367
clip_c8_20260622_093541.avi,36,c8_sim,Unknown #1,1490,199,178,377
clip_c8_20260622_093541.avi,37,c8_sim,Unknown #1,1491,176,175,373
clip_c8_20260622_093541.avi,38,c8_sim,Unknown #1,1495,157,163,351
clip_c8_20260622_093541.avi,40,c8_sim,Unknown #1,1511,149,133,280
clip_c8_20260622_093541.avi,41,c8_sim,Unknown #1,1515,129,131,275
clip_c8_20260622_093541.avi,42,c8_sim,Unknown #1,1510,117,135,279
clip_c8_20260622_093541.avi,43,c8_sim,Unknown #1,1514,110,135,283
clip_c8_20260622_093541.avi,44,c8_sim,Unknown #1,1509,99,137,293
clip_c8_20260622_093541.avi,45,c8_sim,Unknown #1,1505,91,140,303
clip_c8_20260622_093541.avi,46,c8_sim,Unknown #1,1505,89,139,303
clip_c8_20260622_093541.avi,47,c8_sim,Unknown #1,1513,83,132,289
clip_c8_20260622_093541.avi,48,c8_sim,Unknown #1,1524,81,129,280
clip_c8_20260622_093541.avi,49,c8_sim,Unknown #1,1534,81,124,271
clip_c8_20260622_093541.avi,50,c8_sim,Unknown #1,1547,77,120,268
clip_c11_20260622_093444.avi,114,c11_sim,Unknown #1,803,166,37,91
clip_c11_20260622_093444.avi,115,c11_sim,Unknown #1,802,167,37,92
clip_c11_20260622_093444.avi,116,c11_sim,Unknown #1,799,164,42,101
clip_c11_20260622_093444.avi,117,c11_sim,Unknown #1,797,162,45,112
clip_c11_20260622_093444.avi,118,c11_sim,Unknown #1,794,162,47,116
clip_c11_20260622_093444.avi,119,c11_sim,Unknown #1,795,167,48,118
clip_c11_20260622_093444.avi,120,c11_sim,Unknown #1,797,169,48,120
clip_c11_20260622_093444.avi,121,c11_sim,Unknown #1,797,170,49,122
clip_c11_20260622_093444.avi,122,c11_sim,Unknown #1,796,170,49,124
clip_c11_20260622_093444.avi,123,c11_sim,Unknown #1,797,170,49,124
clip_c11_20260622_093444.avi,124,c11_sim,Unknown #1,799,177,52,131
clip_c11_20260622_093444.avi,125,c11_sim,Unknown #1,801,180,53,134
clip_c11_20260622_093444.avi,126,c11_sim,Unknown #1,802,181,55,138
clip_c11_20260622_093444.avi,127,c11_sim,Unknown #1,803,182,56,141
clip_c11_20260622_093444.avi,128,c11_sim,Unknown #1,803,184,56,140
clip_c11_20260622_093444.avi,130,c11_sim,Unknown #1,803,188,59,150
clip_c11_20260622_093444.avi,131,c11_sim,Unknown #1,804,193,62,157
clip_c11_20260622_093444.avi,133,c11_sim,Unknown #1,806,209,64,161
clip_c11_20260622_093444.avi,134,c11_sim,Unknown #1,807,215,66,172
clip_c11_20260622_093444.avi,135,c11_sim,Unknown #1,807,218,68,176
clip_c11_20260622_093444.avi,136,c11_sim,Unknown #1,807,219,68,180
clip_c11_20260622_093444.avi,137,c11_sim,Unknown #1,808,220,67,181
clip_c11_20260622_093444.avi,138,c11_sim,Unknown #1,809,222,70,186
clip_c11_20260622_093444.avi,139,c11_sim,Unknown #1,825,227,74,198
clip_c11_20260622_093444.avi,140,c11_sim,Unknown #1,836,233,79,207
clip_c11_20260622_093444.avi,141,c11_sim,Unknown #1,839,239,81,209
clip_c11_20260622_093444.avi,142,c11_sim,Unknown #1,836,249,81,205
clip_c11_20260622_093444.avi,143,c11_sim,Unknown #1,846,247,85,215
clip_c11_20260622_093444.avi,144,c11_sim,Unknown #1,871,252,89,223
clip_c11_20260622_093444.avi,145,c11_sim,Unknown #1,887,258,92,234
clip_c11_20260622_093444.avi,146,c11_sim,Unknown #1,895,264,95,243
clip_c11_20260622_093444.avi,147,c11_sim,Unknown #1,898,270,96,243
clip_c11_20260622_093444.avi,148,c11_sim,Unknown #1,901,273,96,246
clip_c11_20260622_093444.avi,149,c11_sim,Unknown #1,918,283,102,258
clip_c11_20260622_093444.avi,150,c11_sim,Unknown #1,935,291,107,272
clip_c11_20260622_093444.avi,151,c11_sim,Unknown #1,949,304,113,285
clip_c11_20260622_093444.avi,152,c11_sim,Unknown #1,957,311,114,290
clip_c11_20260622_093444.avi,153,c11_sim,Unknown #1,966,319,116,297
clip_c11_20260622_093444.avi,154,c11_sim,Unknown #1,988,339,121,313
clip_c11_20260622_093444.avi,155,c11_sim,Unknown #1,1037,357,131,337
clip_c11_20260622_093444.avi,156,c11_sim,Unknown #1,1059,369,133,337
clip_c11_20260622_093444.avi,157,c11_sim,Unknown #1,1069,377,139,345
clip_c11_20260622_093444.avi,158,c11_sim,Unknown #1,1129,407,145,352
clip_c11_20260622_093444.avi,159,c11_sim,Unknown #1,1204,429,147,349
clip_c11_20260622_093444.avi,160,c11_sim,Unknown #1,1246,444,164,386
clip_c11_20260622_093444.avi,161,c11_sim,Unknown #1,1265,451,172,395
clip_c11_20260622_093444.avi,162,c11_sim,Unknown #1,1274,458,178,402
clip_c11_20260622_093444.avi,163,c11_sim,Unknown #1,1307,480,175,388
clip_c11_20260622_093444.avi,164,c11_sim,Unknown #1,1368,504,173,370
clip_c11_20260622_093444.avi,165,c11_sim,Unknown #1,1417,527,177,360
clip_c11_20260622_093444.avi,166,c11_sim,Unknown #1,1500,548,183,362
clip_c11_20260622_093444.avi,167,c11_sim,Unknown #1,1534,558,185,355
clip_c11_20260622_093444.avi,168,c11_sim,Unknown #1,1568,569,187,348
clip_c11_20260622_093444.avi,169,c11_sim,Unknown #1,1647,586,183,333
clip_c9_20260622_093510.avi,41,c9_sim,Unknown #1,908,98,77,244
clip_c9_20260622_093510.avi,42,c9_sim,Unknown #1,902,99,88,255
clip_c9_20260622_093510.avi,43,c9_sim,Unknown #1,897,100,97,260
clip_c9_20260622_093510.avi,44,c9_sim,Unknown #1,891,102,102,265
clip_c9_20260622_093510.avi,45,c9_sim,Unknown #1,886,103,102,266
clip_c9_20260622_093510.avi,46,c9_sim,Unknown #1,886,108,104,275
clip_c9_20260622_093510.avi,47,c9_sim,Unknown #1,885,110,104,278
clip_c9_20260622_093510.avi,48,c9_sim,Unknown #1,883,112,102,279
clip_c9_20260622_093510.avi,49,c9_sim,Unknown #1,878,114,101,277
clip_c9_20260622_093510.avi,50,c9_sim,Unknown #1,862,117,103,274
clip_c9_20260622_093510.avi,51,c9_sim,Unknown #1,842,118,105,274
clip_c9_20260622_093510.avi,52,c9_sim,Unknown #1,808,119,107,281
clip_c9_20260622_093510.avi,53,c9_sim,Unknown #1,795,121,109,284
clip_c9_20260622_093510.avi,54,c9_sim,Unknown #1,785,125,110,283
clip_c9_20260622_093510.avi,55,c9_sim,Unknown #1,754,130,108,279
clip_c9_20260622_093510.avi,56,c9_sim,Unknown #1,726,132,107,275
clip_c9_20260622_093510.avi,57,c9_sim,Unknown #1,705,136,108,272
clip_c9_20260622_093510.avi,58,c9_sim,Unknown #1,695,137,110,270
clip_c9_20260622_093510.avi,59,c9_sim,Unknown #1,688,138,112,269
clip_c9_20260622_093510.avi,60,c9_sim,Unknown #1,682,138,113,270
clip_c9_20260622_093510.avi,61,c9_sim,Unknown #1,655,139,111,269
clip_c9_20260622_093510.avi,62,c9_sim,Unknown #1,629,143,111,271
clip_c9_20260622_093510.avi,63,c9_sim,Unknown #1,618,147,107,266
clip_c9_20260622_093510.avi,66,c9_sim,Unknown #1,609,132,99,248
clip_c9_20260622_093510.avi,67,c9_sim,Unknown #1,610,130,92,236
clip_c9_20260622_093510.avi,68,c9_sim,Unknown #1,611,128,91,234
clip_c9_20260622_093510.avi,69,c9_sim,Unknown #1,614,127,90,234
clip_c9_20260622_093510.avi,70,c9_sim,Unknown #1,615,126,89,235
clip_c9_20260622_093510.avi,71,c9_sim,Unknown #1,615,130,93,251
clip_c9_20260622_093510.avi,72,c9_sim,Unknown #1,615,132,94,258
clip_c9_20260622_093510.avi,73,c9_sim,Unknown #1,615,134,94,260
clip_c9_20260622_093510.avi,74,c9_sim,Unknown #1,618,135,91,258
clip_c9_20260622_093510.avi,75,c9_sim,Unknown #1,621,135,91,256
clip_c9_20260622_093510.avi,76,c9_sim,Unknown #1,622,135,91,255
clip_c9_20260622_093510.avi,77,c9_sim,Unknown #1,630,138,92,257
clip_c9_20260622_093510.avi,78,c9_sim,Unknown #1,652,137,97,269
clip_c9_20260622_093510.avi,79,c9_sim,Unknown #1,666,137,104,283
clip_c9_20260622_093510.avi,80,c9_sim,Unknown #1,675,139,112,298
clip_c9_20260622_093510.avi,81,c9_sim,Unknown #1,678,140,116,303
clip_c9_20260622_093510.avi,82,c9_sim,Unknown #1,680,141,117,304
clip_c9_20260622_093510.avi,83,c9_sim,Unknown #1,699,144,113,294
clip_c9_20260622_093510.avi,84,c9_sim,Unknown #1,692,150,136,347
clip_c9_20260622_093510.avi,85,c9_sim,Unknown #1,721,153,126,325
clip_c9_20260622_093510.avi,86,c9_sim,Unknown #1,748,151,122,315
clip_c9_20260622_093510.avi,87,c9_sim,Unknown #1,755,148,120,314
clip_c9_20260622_093510.avi,88,c9_sim,Unknown #1,758,148,119,318
clip_c9_20260622_093510.avi,89,c9_sim,Unknown #1,770,150,121,334
clip_c9_20260622_093510.avi,90,c9_sim,Unknown #1,765,169,132,355
clip_c9_20260622_093510.avi,91,c9_sim,Unknown #1,784,190,132,355
clip_c9_20260622_093510.avi,92,c9_sim,Unknown #1,810,174,149,391
clip_c9_20260622_093510.avi,93,c9_sim,Unknown #1,826,181,152,395
clip_c9_20260622_093510.avi,94,c9_sim,Unknown #1,836,204,146,375
clip_c9_20260622_093510.avi,95,c9_sim,Unknown #1,839,214,148,378
clip_c9_20260622_093510.avi,96,c9_sim,Unknown #1,854,225,139,352
clip_c9_20260622_093510.avi,97,c9_sim,Unknown #1,883,208,153,399
clip_c9_20260622_093510.avi,98,c9_sim,Unknown #1,919,229,149,388
clip_c9_20260622_093510.avi,99,c9_sim,Unknown #1,961,196,136,357
clip_c9_20260622_093510.avi,101,c9_sim,Unknown #1,978,184,134,369
clip_c9_20260622_093510.avi,103,c9_sim,Unknown #1,1088,205,187,386
clip_c9_20260622_093510.avi,104,c9_sim,Unknown #1,1115,197,182,376
clip_c9_20260622_093510.avi,105,c9_sim,Unknown #1,1127,195,180,372
clip_c9_20260622_093510.avi,104,c9_sim,Unknown #1,1197,272,127,407
clip_c9_20260622_093510.avi,106,c9_sim,Unknown #1,1218,216,124,399
clip_c8_20260622_093541.avi,20,c8_sim,Unknown #1,1303,580,242,357
clip_c8_20260622_093541.avi,21,c8_sim,Unknown #1,1332,562,247,365
clip_c8_20260622_093541.avi,22,c8_sim,Unknown #1,1344,536,259,387
clip_c8_20260622_093541.avi,23,c8_sim,Unknown #1,1350,524,262,395
clip_c8_20260622_093541.avi,24,c8_sim,Unknown #1,1366,497,268,409
clip_c8_20260622_093541.avi,25,c8_sim,Unknown #1,1407,467,240,372
clip_c8_20260622_093541.avi,26,c8_sim,Unknown #1,1425,457,227,357
clip_c8_20260622_093541.avi,27,c8_sim,Unknown #1,1439,454,223,352
clip_c8_20260622_093541.avi,28,c8_sim,Unknown #1,1499,453,193,304
clip_c8_20260622_093541.avi,29,c8_sim,Unknown #1,1523,454,183,286
clip_c8_20260622_093541.avi,30,c8_sim,Unknown #1,1533,451,181,286
clip_c8_20260622_093541.avi,31,c8_sim,Unknown #1,1525,369,221,358
clip_c8_20260622_093541.avi,32,c8_sim,Unknown #1,1545,322,210,349
clip_c8_20260622_093541.avi,33,c8_sim,Unknown #1,1554,299,206,349
clip_c8_20260622_093541.avi,34,c8_sim,Unknown #1,1559,287,202,351
clip_c8_20260622_093541.avi,35,c8_sim,Unknown #1,1569,276,192,337
clip_c8_20260622_093541.avi,36,c8_sim,Unknown #1,1590,255,184,331
clip_c8_20260622_093541.avi,37,c8_sim,Unknown #1,1594,236,180,336
clip_c8_20260622_093541.avi,38,c8_sim,Unknown #1,1600,219,171,327
clip_c8_20260622_093541.avi,40,c8_sim,Unknown #1,1615,208,127,238
clip_c8_20260622_093541.avi,41,c8_sim,Unknown #1,1637,197,113,214
clip_c8_20260622_093541.avi,42,c8_sim,Unknown #1,1641,188,114,214
clip_c8_20260622_093541.avi,43,c8_sim,Unknown #1,1638,182,116,217
clip_c8_20260622_093541.avi,44,c8_sim,Unknown #1,1626,175,120,224
clip_c8_20260622_093541.avi,45,c8_sim,Unknown #1,1619,171,122,229
clip_c8_20260622_093541.avi,46,c8_sim,Unknown #1,1615,170,123,231
clip_c8_20260622_093541.avi,47,c8_sim,Unknown #1,1604,159,127,242
clip_c8_20260622_093541.avi,48,c8_sim,Unknown #1,1598,152,128,250
clip_c8_20260622_093541.avi,49,c8_sim,Unknown #1,1590,144,131,260
clip_c8_20260622_093541.avi,50,c8_sim,Unknown #1,1587,141,132,264
clip_c8_20260622_093541.avi,51,c8_sim,Unknown #1,1583,137,132,268
clip_c8_20260622_093541.avi,52,c8_sim,Unknown #1,1580,134,132,270
clip_c8_20260622_093541.avi,53,c8_sim,Unknown #1,1584,128,133,276
clip_c8_20260622_093541.avi,54,c8_sim,Unknown #1,1579,124,133,279
clip_c8_20260622_093541.avi,55,c8_sim,Unknown #1,1576,120,134,282
clip_c8_20260622_093541.avi,56,c8_sim,Unknown #1,1573,117,133,284
clip_c8_20260622_093541.avi,57,c8_sim,Unknown #1,1572,116,132,285
clip_c8_20260622_093541.avi,58,c8_sim,Unknown #1,1571,114,128,280
clip_c8_20260622_093541.avi,59,c8_sim,Unknown #1,1569,109,122,271
clip_c8_20260622_093541.avi,60,c8_sim,Unknown #1,1575,112,118,265
clip_c8_20260622_093541.avi,61,c8_sim,Unknown #1,1578,112,117,264
clip_c8_20260622_093541.avi,62,c8_sim,Unknown #1,1590,124,114,251
clip_c8_20260622_093541.avi,63,c8_sim,Unknown #1,1604,126,116,256
clip_c8_20260622_093541.avi,64,c8_sim,Unknown #1,1617,123,117,264
clip_c8_20260622_093541.avi,65,c8_sim,Unknown #1,1622,119,119,274
clip_c8_20260622_093541.avi,66,c8_sim,Unknown #1,1626,114,121,285
clip_c8_20260622_093541.avi,67,c8_sim,Unknown #1,1631,114,116,282
clip_c8_20260622_093541.avi,68,c8_sim,Unknown #1,1645,108,104,259
clip_c8_20260727_145055.avi,1,c8_sim,Unknown #1,1016,614,198,359
clip_c8_20260727_145055.avi,2,c8_sim,Unknown #1,1033,581,200,361
clip_c8_20260727_145055.avi,3,c8_sim,Unknown #1,1090,533,200,362
clip_c8_20260727_145055.avi,4,c8_sim,Unknown #1,1135,495,212,384
clip_c8_20260727_145055.avi,5,c8_sim,Unknown #1,1166,460,214,388
clip_c8_20260727_145055.avi,6,c8_sim,Unknown #1,1208,448,186,343
clip_c8_20260727_145055.avi,7,c8_sim,Unknown #1,1234,447,171,317
clip_c8_20260727_145055.avi,8,c8_sim,Unknown #1,1246,382,185,347
clip_c8_20260727_145055.avi,9,c8_sim,Unknown #1,1284,340,183,351
clip_c8_20260727_145055.avi,10,c8_sim,Unknown #1,1306,308,190,368
clip_c8_20260727_145055.avi,11,c8_sim,Unknown #1,1323,279,185,370
clip_c8_20260727_145055.avi,12,c8_sim,Unknown #1,1351,253,167,342
clip_c8_20260727_145055.avi,13,c8_sim,Unknown #1,1364,233,166,346
clip_c8_20260727_145055.avi,14,c8_sim,Unknown #1,1386,214,154,327
clip_c8_20260727_145055.avi,16,c8_sim,Unknown #1,1434,184,120,254
clip_c8_20260727_145055.avi,17,c8_sim,Unknown #1,1449,163,114,241
clip_c8_20260727_145055.avi,18,c8_sim,Unknown #1,1457,144,116,250
clip_c8_20260727_145055.avi,19,c8_sim,Unknown #1,1462,133,116,257
clip_c8_20260727_145055.avi,20,c8_sim,Unknown #1,1471,124,118,265
clip_c8_20260727_145055.avi,21,c8_sim,Unknown #1,1484,115,117,266
clip_c8_20260727_145055.avi,22,c8_sim,Unknown #1,1497,106,117,273
clip_c8_20260727_145055.avi,23,c8_sim,Unknown #1,1508,96,113,270
clip_c8_20260727_145055.avi,24,c8_sim,Unknown #1,1521,87,103,255
clip_c8_20260727_145055.avi,25,c8_sim,Unknown #1,1528,82,102,252
clip_c8_20260727_145055.avi,26,c8_sim,Unknown #1,1541,76,97,242
clip_c8_20260727_145055.avi,27,c8_sim,Unknown #1,1558,72,94,238
clip_c8_20260727_145055.avi,28,c8_sim,Unknown #1,1575,68,93,238
clip_c8_20260727_145055.avi,30,c8_sim,Unknown #1,1594,52,91,234
clip_c10_20260618_155056.avi,2,c10_sim,Unknown #1,1039,201,113,309
clip_c10_20260618_155056.avi,3,c10_sim,Unknown #1,1011,212,117,319
clip_c10_20260618_155056.avi,4,c10_sim,Unknown #1,971,227,123,335
clip_c10_20260618_155056.avi,5,c10_sim,Unknown #1,958,233,127,341
clip_c10_20260618_155056.avi,6,c10_sim,Unknown #1,949,235,129,342
clip_c10_20260618_155056.avi,7,c10_sim,Unknown #1,906,252,131,341
clip_c10_20260618_155056.avi,8,c10_sim,Unknown #1,881,262,133,339
clip_c10_20260618_155056.avi,9,c10_sim,Unknown #1,858,268,134,334
clip_c10_20260618_155056.avi,10,c10_sim,Unknown #1,825,275,137,342
clip_c10_20260618_155056.avi,11,c10_sim,Unknown #1,802,283,141,356
clip_c10_20260618_155056.avi,12,c10_sim,Unknown #1,791,289,144,364
clip_c10_20260618_155056.avi,13,c10_sim,Unknown #1,786,293,146,368
clip_c10_20260618_155056.avi,14,c10_sim,Unknown #1,756,304,145,366
clip_c10_20260618_155056.avi,15,c10_sim,Unknown #1,736,316,144,355
clip_c10_20260618_155056.avi,16,c10_sim,Unknown #1,708,332,151,362
clip_c10_20260618_155056.avi,17,c10_sim,Unknown #1,687,343,156,360
clip_c10_20260618_155056.avi,18,c10_sim,Unknown #1,659,354,156,352
clip_c10_20260618_155056.avi,19,c10_sim,Unknown #1,641,359,158,351
clip_c10_20260618_155056.avi,20,c10_sim,Unknown #1,562,403,167,364
clip_c10_20260618_155056.avi,22,c10_sim,Unknown #1,507,448,179,376
clip_c10_20260618_155056.avi,24,c10_sim,Unknown #1,421,533,195,379
clip_c10_20260618_155056.avi,26,c10_sim,Unknown #1,343,583,199,372
clip_c12_20260617_152841.avi,9,c12_sim,Unknown #1,7,426,90,245
clip_c12_20260617_152841.avi,10,c12_sim,Unknown #1,8,432,88,239
clip_c12_20260617_152841.avi,11,c12_sim,Unknown #1,9,435,87,235
clip_c12_20260617_152841.avi,12,c12_sim,Unknown #1,13,430,88,238
clip_c12_20260617_152841.avi,13,c12_sim,Unknown #1,15,428,87,237
clip_c12_20260617_152841.avi,14,c12_sim,Unknown #1,20,430,85,232
clip_c12_20260617_152841.avi,15,c12_sim,Unknown #1,21,432,84,228
clip_c12_20260617_152841.avi,16,c12_sim,Unknown #1,20,438,81,217
clip_c12_20260617_152841.avi,17,c12_sim,Unknown #1,23,441,79,212
clip_c12_20260617_152841.avi,18,c12_sim,Unknown #1,24,442,80,209
clip_c12_20260617_152841.avi,19,c12_sim,Unknown #1,23,441,81,209
clip_c12_20260617_152841.avi,20,c12_sim,Unknown #1,25,446,80,202
clip_c12_20260617_152841.avi,21,c12_sim,Unknown #1,27,449,81,199
clip_c12_20260618_154814.avi,1,c12_sim,Unknown #1,36,506,71,174
clip_c11_20260727_145334.avi,4,c11_sim,Unknown #1,788,171,36,111
clip_c11_20260727_145334.avi,5,c11_sim,Unknown #1,788,171,37,113
clip_c11_20260727_145334.avi,6,c11_sim,Unknown #1,788,165,40,121
clip_c11_20260727_145334.avi,9,c11_sim,Unknown #1,786,176,38,118
clip_c11_20260727_145334.avi,10,c11_sim,Unknown #1,787,180,39,119
clip_c11_20260727_145334.avi,11,c11_sim,Unknown #1,790,180,40,121
clip_c11_20260727_145334.avi,12,c11_sim,Unknown #1,792,178,42,129
clip_c11_20260727_145334.avi,14,c11_sim,Unknown #1,801,180,43,132
clip_c11_20260727_145334.avi,17,c11_sim,Unknown #1,810,178,48,147
clip_c11_20260727_145334.avi,18,c11_sim,Unknown #1,815,176,51,158
clip_c11_20260727_145334.avi,19,c11_sim,Unknown #1,816,178,52,161
clip_c11_20260727_145334.avi,20,c11_sim,Unknown #1,817,179,52,162
clip_c11_20260727_145334.avi,21,c11_sim,Unknown #1,820,190,48,155
clip_c11_20260727_145334.avi,22,c11_sim,Unknown #1,824,193,49,155
clip_c11_20260727_145334.avi,23,c11_sim,Unknown #1,828,191,53,165
clip_c11_20260727_145334.avi,24,c11_sim,Unknown #1,828,193,55,169
clip_c11_20260727_145334.avi,25,c11_sim,Unknown #1,831,195,57,172
clip_c11_20260727_145334.avi,28,c11_sim,Unknown #1,841,194,66,200
clip_c11_20260727_145334.avi,29,c11_sim,Unknown #1,852,213,64,194
clip_c11_20260727_145334.avi,30,c11_sim,Unknown #1,856,216,69,205
clip_c11_20260727_145334.avi,32,c11_sim,Unknown #1,860,191,85,253
clip_c11_20260727_145334.avi,33,c11_sim,Unknown #1,875,223,81,238
clip_c11_20260727_145334.avi,34,c11_sim,Unknown #1,884,233,83,242
clip_c11_20260727_145334.avi,35,c11_sim,Unknown #1,889,233,88,252
clip_c11_20260727_145334.avi,36,c11_sim,Unknown #1,895,244,93,262
clip_c11_20260727_145334.avi,37,c11_sim,Unknown #1,911,254,95,264
clip_c11_20260727_145334.avi,38,c11_sim,Unknown #1,928,268,97,264
clip_c11_20260727_145334.avi,39,c11_sim,Unknown #1,936,272,103,276
clip_c11_20260727_145334.avi,40,c11_sim,Unknown #1,941,280,114,299
clip_c11_20260727_145334.avi,41,c11_sim,Unknown #1,957,291,116,303
clip_c11_20260727_145334.avi,42,c11_sim,Unknown #1,970,303,122,315
clip_c11_20260727_145334.avi,43,c11_sim,Unknown #1,985,315,126,324
clip_c11_20260727_145334.avi,44,c11_sim,Unknown #1,992,322,132,334
clip_c11_20260727_145334.avi,45,c11_sim,Unknown #1,1006,339,144,356
clip_c11_20260727_145334.avi,46,c11_sim,Unknown #1,1038,351,148,368
clip_c11_20260727_145334.avi,47,c11_sim,Unknown #1,1056,366,157,383
clip_c11_20260727_145334.avi,48,c11_sim,Unknown #1,1110,378,157,384
clip_c11_20260727_145334.avi,50,c11_sim,Unknown #1,1262,431,175,382
clip_c11_20260727_145334.avi,51,c11_sim,Unknown #1,1320,441,176,384
clip_c11_20260727_145334.avi,52,c11_sim,Unknown #1,1390,468,180,390
clip_c11_20260727_145334.avi,53,c11_sim,Unknown #1,1492,489,177,381
clip_c11_20260727_145334.avi,54,c11_sim,Unknown #1,1546,515,176,372
clip_c11_20260727_145334.avi,55,c11_sim,Unknown #1,1646,550,173,359
clip_c12_20260617_152841.avi,26,c12_sim,Unknown #1,84,717,167,349
clip_c12_20260617_152841.avi,27,c12_sim,Unknown #1,76,707,176,367
clip_c12_20260617_152841.avi,29,c12_sim,Unknown #1,74,723,172,355
clip_c12_20260727_145330.avi,1,c12_sim,Unknown #1,46,744,144,297
clip_c10_20260727_145319.avi,1,c10_sim,Unknown #1,1098,179,105,335
clip_c10_20260727_145319.avi,2,c10_sim,Unknown #1,1065,183,105,337
clip_c10_20260727_145319.avi,3,c10_sim,Unknown #1,1018,196,114,357
clip_c10_20260727_145319.avi,4,c10_sim,Unknown #1,981,208,118,363
clip_c10_20260727_145319.avi,5,c10_sim,Unknown #1,959,214,117,363
clip_c10_20260727_145319.avi,6,c10_sim,Unknown #1,921,228,123,375
clip_c10_20260727_145319.avi,7,c10_sim,Unknown #1,889,243,125,378
clip_c10_20260727_145319.avi,8,c10_sim,Unknown #1,835,255,129,379
clip_c10_20260727_145319.avi,9,c10_sim,Unknown #1,779,274,141,399
clip_c10_20260727_145319.avi,10,c10_sim,Unknown #1,736,292,146,408
clip_c10_20260727_145319.avi,11,c10_sim,Unknown #1,709,310,145,403
clip_c10_20260727_145319.avi,12,c10_sim,Unknown #1,683,332,153,415
clip_c10_20260727_145319.avi,13,c10_sim,Unknown #1,642,355,158,417
clip_c10_20260727_145319.avi,14,c10_sim,Unknown #1,571,378,166,427
clip_c10_20260727_145319.avi,15,c10_sim,Unknown #1,523,405,178,439
clip_c10_20260727_145319.avi,16,c10_sim,Unknown #1,483,434,177,432
clip_c10_20260727_145319.avi,17,c10_sim,Unknown #1,452,467,179,426
clip_c10_20260727_145319.avi,18,c10_sim,Unknown #1,420,504,194,442
clip_c10_20260727_145319.avi,19,c10_sim,Unknown #1,390,541,203,435
clip_c10_20260727_145319.avi,20,c10_sim,Unknown #1,325,580,212,437
clip_c10_20260727_145319.avi,21,c10_sim,Unknown #1,278,627,221,434
clip_c10_20260727_145319.avi,22,c10_sim,Unknown #1,238,665,219,415
clip_c10_20260727_145319.avi,23,c10_sim,Unknown #1,203,709,214,380
clip_c11_20260727_145653.avi,1,c11_sim,Unknown #1,1558,510,186,363
clip_c11_20260727_145653.avi,2,c11_sim,Unknown #1,1506,505,183,355
clip_c11_20260727_145653.avi,3,c11_sim,Unknown #1,1470,495,182,354
clip_c11_20260727_145653.avi,4,c11_sim,Unknown #1,1440,482,186,365
clip_c11_20260727_145653.avi,5,c11_sim,Unknown #1,1382,487,185,361
clip_c11_20260727_145653.avi,6,c11_sim,Unknown #1,1343,464,188,370
clip_c11_20260727_145653.avi,7,c11_sim,Unknown #1,1316,443,183,365
clip_c11_20260727_145653.avi,8,c11_sim,Unknown #1,1258,431,183,363
clip_c11_20260727_145653.avi,9,c11_sim,Unknown #1,1223,424,177,353
clip_c11_20260727_145653.avi,10,c11_sim,Unknown #1,1187,407,180,361
clip_c11_20260727_145653.avi,11,c11_sim,Unknown #1,1146,396,184,369
clip_c11_20260727_145653.avi,12,c11_sim,Unknown #1,1126,382,180,368
clip_c11_20260727_145653.avi,13,c11_sim,Unknown #1,1113,368,169,353
clip_c11_20260727_145653.avi,14,c11_sim,Unknown #1,1069,362,166,346
clip_c11_20260727_145653.avi,15,c11_sim,Unknown #1,1047,354,161,339
clip_c11_20260727_145653.avi,16,c11_sim,Unknown #1,1016,341,155,326
clip_c11_20260727_145653.avi,17,c11_sim,Unknown #1,989,333,155,326
clip_c11_20260727_145653.avi,18,c11_sim,Unknown #1,974,326,154,326
clip_c11_20260727_145653.avi,19,c11_sim,Unknown #1,969,314,146,320
clip_c11_20260727_145653.avi,20,c11_sim,Unknown #1,943,307,142,314
clip_c11_20260727_145653.avi,21,c11_sim,Unknown #1,932,302,141,312
clip_c11_20260727_145653.avi,22,c11_sim,Unknown #1,910,294,130,294
clip_c11_20260727_145653.avi,23,c11_sim,Unknown #1,886,288,129,291
clip_c11_20260727_145653.avi,24,c11_sim,Unknown #1,875,283,125,286
clip_c11_20260727_145653.avi,25,c11_sim,Unknown #1,876,273,117,274
clip_c11_20260727_145653.avi,28,c11_sim,Unknown #1,851,264,107,256
clip_c11_20260727_145653.avi,29,c11_sim,Unknown #1,823,256,106,253
clip_c11_20260727_145653.avi,30,c11_sim,Unknown #1,813,251,106,251
clip_c11_20260727_145653.avi,31,c11_sim,Unknown #1,816,249,99,237
clip_c11_20260727_145653.avi,32,c11_sim,Unknown #1,813,246,96,234
clip_c11_20260727_145653.avi,33,c11_sim,Unknown #1,808,244,94,228
clip_c11_20260727_145653.avi,34,c11_sim,Unknown #1,797,240,89,218
clip_c11_20260727_145653.avi,35,c11_sim,Unknown #1,784,234,90,218
clip_c11_20260727_145653.avi,36,c11_sim,Unknown #1,775,234,89,212
clip_c11_20260727_145653.avi,37,c11_sim,Unknown #1,777,233,85,208
clip_c11_20260727_145653.avi,38,c11_sim,Unknown #1,781,232,80,197
clip_c11_20260727_145653.avi,39,c11_sim,Unknown #1,779,231,79,195
clip_c11_20260727_145653.avi,40,c11_sim,Unknown #1,773,229,78,191
clip_c11_20260727_145653.avi,43,c11_sim,Unknown #1,777,216,74,185
clip_c11_20260727_145653.avi,44,c11_sim,Unknown #1,782,209,72,182
clip_c11_20260727_145653.avi,45,c11_sim,Unknown #1,783,211,70,175
clip_c11_20260727_145653.avi,47,c11_sim,Unknown #1,776,203,68,172
clip_c11_20260727_145653.avi,48,c11_sim,Unknown #1,775,200,68,172
clip_c11_20260727_145653.avi,49,c11_sim,Unknown #1,777,199,66,168
clip_c11_20260727_145653.avi,50,c11_sim,Unknown #1,778,196,64,161
clip_c11_20260727_145653.avi,51,c11_sim,Unknown #1,778,195,63,159
clip_c11_20260727_145653.avi,52,c11_sim,Unknown #1,775,193,62,156
clip_c11_20260727_145653.avi,54,c11_sim,Unknown #1,774,190,60,152
clip_c11_20260727_145653.avi,55,c11_sim,Unknown #1,777,190,58,149
clip_c11_20260727_145653.avi,56,c11_sim,Unknown #1,778,185,58,150
clip_c11_20260727_145653.avi,57,c11_sim,Unknown #1,777,185,57,149
clip_c11_20260727_145653.avi,58,c11_sim,Unknown #1,777,183,55,143
clip_c11_20260727_145653.avi,59,c11_sim,Unknown #1,777,184,53,139
clip_c11_20260727_145653.avi,61,c11_sim,Unknown #1,778,183,51,134
clip_c11_20260727_145653.avi,62,c11_sim,Unknown #1,778,184,50,128
clip_c11_20260727_145653.avi,64,c11_sim,Unknown #1,776,185,47,122
clip_c11_20260727_145653.avi,66,c11_sim,Unknown #1,776,186,44,116
clip_c11_20260727_145653.avi,72,c11_sim,Unknown #1,774,168,43,117
clip_c11_20260727_145653.avi,73,c11_sim,Unknown #1,773,161,42,114
clip_c11_20260727_145653.avi,74,c11_sim,Unknown #1,773,158,41,113
clip_c11_20260727_145653.avi,79,c11_sim,Unknown #1,776,154,37,103
clip_c11_20260727_150629.avi,1,c11_sim,Unknown #1,247,608,256,426
clip_c11_20260727_150629.avi,2,c11_sim,Unknown #1,249,607,259,432
clip_c11_20260727_150629.avi,3,c11_sim,Unknown #1,256,604,261,436
clip_c11_20260727_150629.avi,4,c11_sim,Unknown #1,284,602,267,443
clip_c11_20260727_150629.avi,6,c11_sim,Unknown #1,351,587,262,441
clip_c11_20260727_150629.avi,7,c11_sim,Unknown #1,398,568,259,442
clip_c11_20260727_150629.avi,8,c11_sim,Unknown #1,432,555,257,448
clip_c11_20260727_150629.avi,9,c11_sim,Unknown #1,465,539,251,448
clip_c11_20260727_150629.avi,10,c11_sim,Unknown #1,508,517,231,421
clip_c11_20260727_150629.avi,11,c11_sim,Unknown #1,552,500,224,414
clip_c11_20260727_150629.avi,12,c11_sim,Unknown #1,590,485,211,401
clip_c11_20260727_150629.avi,13,c11_sim,Unknown #1,625,468,200,384
clip_c11_20260727_150629.avi,14,c11_sim,Unknown #1,649,453,198,389
clip_c11_20260727_150629.avi,15,c11_sim,Unknown #1,665,438,190,383
clip_c11_20260727_150629.avi,16,c11_sim,Unknown #1,678,424,174,355
clip_c11_20260727_150629.avi,17,c11_sim,Unknown #1,686,412,171,351
clip_c11_20260727_150629.avi,18,c11_sim,Unknown #1,703,400,164,341
clip_c11_20260727_150629.avi,19,c11_sim,Unknown #1,716,383,157,327
clip_c11_20260727_150629.avi,20,c11_sim,Unknown #1,719,374,153,325
clip_c11_20260727_150629.avi,21,c11_sim,Unknown #1,720,362,144,310
clip_c11_20260727_150629.avi,22,c11_sim,Unknown #1,724,353,137,298
clip_c11_20260727_150629.avi,24,c11_sim,Unknown #1,744,339,126,278
clip_c11_20260727_150629.avi,25,c11_sim,Unknown #1,753,328,120,271
clip_c11_20260727_150629.avi,26,c11_sim,Unknown #1,758,319,116,265
clip_c11_20260727_150629.avi,27,c11_sim,Unknown #1,761,308,110,253
clip_c11_20260727_150629.avi,28,c11_sim,Unknown #1,772,304,107,250
clip_c11_20260727_150629.avi,29,c11_sim,Unknown #1,781,297,104,246
clip_c11_20260727_150629.avi,31,c11_sim,Unknown #1,798,290,96,232
clip_c11_20260727_150629.avi,32,c11_sim,Unknown #1,807,282,91,224
clip_c11_20260727_150629.avi,33,c11_sim,Unknown #1,815,274,88,218
clip_c11_20260727_150629.avi,34,c11_sim,Unknown #1,817,271,89,217
clip_c11_20260727_150629.avi,35,c11_sim,Unknown #1,837,266,89,207
clip_c11_20260727_150629.avi,36,c11_sim,Unknown #1,847,261,91,206
clip_c11_20260727_150629.avi,37,c11_sim,Unknown #1,846,256,92,205
clip_c11_20260727_150629.avi,38,c11_sim,Unknown #1,843,250,92,199
clip_c11_20260727_150629.avi,40,c11_sim,Unknown #1,846,245,89,192
clip_c11_20260727_150629.avi,41,c11_sim,Unknown #1,850,243,82,181
clip_c11_20260727_150629.avi,46,c11_sim,Unknown #1,862,229,76,172
clip_c9_20260727_145031.avi,6,c9_sim,Unknown #1,892,27,34,104
clip_c9_20260727_145031.avi,12,c9_sim,Unknown #1,897,30,36,111
clip_c9_20260727_145031.avi,13,c9_sim,Unknown #1,898,31,37,116
clip_c9_20260727_145031.avi,19,c9_sim,Unknown #1,903,36,38,119
clip_c9_20260727_145031.avi,20,c9_sim,Unknown #1,904,39,41,124
clip_c9_20260727_145031.avi,21,c9_sim,Unknown #1,903,42,43,129
clip_c9_20260727_145031.avi,24,c9_sim,Unknown #1,902,44,43,131
clip_c9_20260727_145031.avi,25,c9_sim,Unknown #1,902,46,46,138
clip_c9_20260727_145031.avi,27,c9_sim,Unknown #1,902,46,47,143
clip_c9_20260727_145031.avi,28,c9_sim,Unknown #1,899,48,49,147
clip_c9_20260727_145031.avi,29,c9_sim,Unknown #1,899,48,49,148
clip_c9_20260727_145031.avi,30,c9_sim,Unknown #1,898,48,51,152
clip_c9_20260727_145031.avi,31,c9_sim,Unknown #1,897,51,51,153
clip_c9_20260727_145031.avi,32,c9_sim,Unknown #1,898,54,49,151
clip_c9_20260727_145031.avi,33,c9_sim,Unknown #1,896,55,51,152
clip_c9_20260727_145031.avi,34,c9_sim,Unknown #1,896,56,52,153
clip_c9_20260727_145031.avi,37,c9_sim,Unknown #1,888,64,52,153
clip_c9_20260727_145031.avi,43,c9_sim,Unknown #1,881,74,56,165
clip_c9_20260727_145031.avi,44,c9_sim,Unknown #1,877,78,59,176
clip_c9_20260727_145031.avi,47,c9_sim,Unknown #1,876,83,60,179
clip_c9_20260727_145031.avi,48,c9_sim,Unknown #1,874,86,62,185
clip_c9_20260727_145031.avi,49,c9_sim,Unknown #1,871,90,66,197
clip_c9_20260727_145031.avi,50,c9_sim,Unknown #1,869,91,66,199
clip_c9_20260727_145031.avi,51,c9_sim,Unknown #1,867,93,68,206
clip_c9_20260727_145031.avi,52,c9_sim,Unknown #1,867,98,68,210
clip_c9_20260727_145031.avi,53,c9_sim,Unknown #1,869,102,66,207
clip_c9_20260727_145031.avi,54,c9_sim,Unknown #1,869,103,66,205
clip_c9_20260727_145031.avi,55,c9_sim,Unknown #1,867,106,68,216
clip_c9_20260727_145031.avi,56,c9_sim,Unknown #1,863,109,70,223
clip_c9_20260727_145031.avi,57,c9_sim,Unknown #1,862,111,70,225
clip_c9_20260727_145031.avi,58,c9_sim,Unknown #1,861,114,71,223
clip_c9_20260727_145031.avi,59,c9_sim,Unknown #1,860,119,72,227
clip_c9_20260727_145031.avi,60,c9_sim,Unknown #1,862,122,73,230
clip_c9_20260727_145031.avi,61,c9_sim,Unknown #1,864,126,74,229
clip_c9_20260727_145031.avi,62,c9_sim,Unknown #1,862,130,76,240
clip_c9_20260727_145031.avi,63,c9_sim,Unknown #1,857,135,80,251
clip_c9_20260727_145031.avi,64,c9_sim,Unknown #1,851,138,81,253
clip_c9_20260727_145031.avi,65,c9_sim,Unknown #1,848,141,82,252
clip_c9_20260727_145031.avi,66,c9_sim,Unknown #1,849,149,86,267
clip_c9_20260727_145031.avi,67,c9_sim,Unknown #1,851,155,87,268
clip_c9_20260727_145031.avi,68,c9_sim,Unknown #1,850,159,95,288
clip_c9_20260727_145031.avi,69,c9_sim,Unknown #1,851,166,100,299
clip_c9_20260727_145031.avi,70,c9_sim,Unknown #1,853,170,104,302
clip_c9_20260727_145031.avi,71,c9_sim,Unknown #1,875,179,108,309
clip_c9_20260727_145031.avi,72,c9_sim,Unknown #1,894,189,108,313
clip_c9_20260727_145031.avi,73,c9_sim,Unknown #1,920,193,110,319
clip_c9_20260727_145031.avi,74,c9_sim,Unknown #1,934,201,120,338
clip_c9_20260727_145031.avi,75,c9_sim,Unknown #1,943,208,126,345
clip_c9_20260727_145031.avi,76,c9_sim,Unknown #1,968,213,125,347
clip_c9_20260727_145031.avi,77,c9_sim,Unknown #1,1022,223,131,345
clip_c9_20260727_145031.avi,78,c9_sim,Unknown #1,1057,229,137,344
clip_c9_20260727_145031.avi,79,c9_sim,Unknown #1,1101,230,135,351
clip_c9_20260727_145031.avi,80,c9_sim,Unknown #1,1146,237,141,360
clip_c9_20260727_145031.avi,81,c9_sim,Unknown #1,1184,246,139,352
clip_c8_20260727_150740.avi,14,c8_sim,Unknown #1,954,562,201,335
clip_c8_20260727_150740.avi,15,c8_sim,Unknown #1,1015,527,197,329
clip_c8_20260727_150740.avi,16,c8_sim,Unknown #1,1054,489,210,351
clip_c8_20260727_150740.avi,17,c8_sim,Unknown #1,1096,463,205,342
clip_c8_20260727_150740.avi,18,c8_sim,Unknown #1,1134,453,173,290
clip_c8_20260727_150740.avi,19,c8_sim,Unknown #1,1155,399,188,320
clip_c8_20260727_150740.avi,20,c8_sim,Unknown #1,1191,357,187,321
clip_c8_20260727_150740.avi,21,c8_sim,Unknown #1,1230,326,187,323
clip_c8_20260727_150740.avi,22,c8_sim,Unknown #1,1245,300,190,338
clip_c8_20260727_150740.avi,23,c8_sim,Unknown #1,1273,269,182,327
clip_c8_20260727_150740.avi,24,c8_sim,Unknown #1,1292,248,168,308
clip_c8_20260727_150740.avi,26,c8_sim,Unknown #1,1355,217,123,224
clip_c8_20260727_150740.avi,27,c8_sim,Unknown #1,1395,199,96,169
clip_c8_20260727_150740.avi,29,c8_sim,Unknown #1,1398,167,122,220
clip_c8_20260727_150740.avi,30,c8_sim,Unknown #1,1408,146,129,239
clip_c8_20260727_150740.avi,31,c8_sim,Unknown #1,1415,134,134,251
clip_c8_20260727_150740.avi,32,c8_sim,Unknown #1,1441,123,129,248
clip_c8_20260727_150740.avi,33,c8_sim,Unknown #1,1457,110,129,257
clip_c8_20260727_150740.avi,34,c8_sim,Unknown #1,1472,99,129,261
clip_c8_20260727_150740.avi,35,c8_sim,Unknown #1,1491,94,117,244
clip_c8_20260727_150740.avi,36,c8_sim,Unknown #1,1507,94,109,231
clip_c8_20260727_150740.avi,37,c8_sim,Unknown #1,1523,93,106,225
clip_c8_20260727_150740.avi,39,c8_sim,Unknown #1,1558,83,106,226
clip_c10_20260727_145721.avi,1,c10_sim,Unknown #1,337,605,305,447
clip_c10_20260727_145721.avi,2,c10_sim,Unknown #1,379,571,308,453
clip_c10_20260727_145721.avi,3,c10_sim,Unknown #1,416,526,305,449
clip_c10_20260727_145721.avi,4,c10_sim,Unknown #1,457,498,311,462
clip_c10_20260727_145721.avi,5,c10_sim,Unknown #1,495,464,314,472
clip_c10_20260727_145721.avi,6,c10_sim,Unknown #1,539,426,292,445
clip_c10_20260727_145721.avi,7,c10_sim,Unknown #1,603,396,292,448
clip_c10_20260727_145721.avi,8,c10_sim,Unknown #1,651,372,279,436
clip_c10_20260727_145721.avi,9,c10_sim,Unknown #1,693,347,265,422
clip_c10_20260727_145721.avi,10,c10_sim,Unknown #1,733,325,266,431
clip_c10_20260727_145721.avi,11,c10_sim,Unknown #1,772,305,259,430
clip_c10_20260727_145721.avi,12,c10_sim,Unknown #1,806,282,238,407
clip_c10_20260727_145721.avi,13,c10_sim,Unknown #1,858,264,231,402
clip_c10_20260727_145721.avi,14,c10_sim,Unknown #1,895,251,219,388
clip_c10_20260727_145721.avi,15,c10_sim,Unknown #1,936,237,212,381
clip_c10_20260727_145721.avi,16,c10_sim,Unknown #1,972,227,210,384
clip_c10_20260727_145721.avi,18,c10_sim,Unknown #1,1015,206,189,355
clip_c10_20260727_145721.avi,19,c10_sim,Unknown #1,1047,191,181,350
clip_c10_20260727_145721.avi,20,c10_sim,Unknown #1,1072,181,170,341
clip_c10_20260727_145721.avi,21,c10_sim,Unknown #1,1100,171,157,325
clip_c10_20260727_145721.avi,22,c10_sim,Unknown #1,1118,163,149,326
clip_c11_20260727_170139.avi,1,c11_sim,Unknown #1,1638,549,182,354
clip_c11_20260727_170139.avi,2,c11_sim,Unknown #1,1622,541,186,362
clip_c11_20260727_170139.avi,3,c11_sim,Unknown #1,1604,529,191,375
clip_c11_20260727_170139.avi,4,c11_sim,Unknown #1,1542,522,195,379
clip_c11_20260727_170139.avi,5,c11_sim,Unknown #1,1503,514,197,386
clip_c11_20260727_170139.avi,6,c11_sim,Unknown #1,1481,498,194,382
clip_c11_20260727_170139.avi,7,c11_sim,Unknown #1,1417,486,192,376
clip_c11_20260727_170139.avi,9,c11_sim,Unknown #1,1353,462,188,375
clip_c11_20260727_170139.avi,10,c11_sim,Unknown #1,1296,448,191,380
clip_c11_20260727_170139.avi,11,c11_sim,Unknown #1,1239,436,192,386
clip_c11_20260727_170139.avi,12,c11_sim,Unknown #1,1212,418,182,370
clip_c11_20260727_170139.avi,13,c11_sim,Unknown #1,1160,400,181,370
clip_c11_20260727_170139.avi,14,c11_sim,Unknown #1,1116,392,181,370
clip_c11_20260727_170139.avi,15,c11_sim,Unknown #1,1093,376,170,355
clip_c11_20260727_170139.avi,16,c11_sim,Unknown #1,1079,361,162,353
clip_c11_20260727_170139.avi,17,c11_sim,Unknown #1,1051,355,159,353
clip_c11_20260727_170139.avi,18,c11_sim,Unknown #1,1023,343,150,333
clip_c11_20260727_170139.avi,19,c11_sim,Unknown #1,999,326,146,327
clip_c11_20260727_170139.avi,20,c11_sim,Unknown #1,966,318,145,327
clip_c11_20260727_170139.avi,21,c11_sim,Unknown #1,947,312,139,316
clip_c11_20260727_170139.avi,22,c11_sim,Unknown #1,938,301,127,299
clip_c11_20260727_170139.avi,23,c11_sim,Unknown #1,913,295,125,296
clip_c11_20260727_170139.avi,24,c11_sim,Unknown #1,889,288,122,292
clip_c11_20260727_170139.avi,25,c11_sim,Unknown #1,878,278,117,280
clip_c11_20260727_170139.avi,26,c11_sim,Unknown #1,868,273,112,274
clip_c11_20260727_170139.avi,27,c11_sim,Unknown #1,862,272,104,263
clip_c11_20260727_170139.avi,28,c11_sim,Unknown #1,851,266,98,249
clip_c11_20260727_170139.avi,29,c11_sim,Unknown #1,829,259,98,247
clip_c11_20260727_170139.avi,30,c11_sim,Unknown #1,819,257,97,242
clip_c11_20260727_170139.avi,31,c11_sim,Unknown #1,815,249,94,234
clip_c11_20260727_170139.avi,32,c11_sim,Unknown #1,819,243,90,227
clip_c11_20260727_170139.avi,33,c11_sim,Unknown #1,818,240,87,223
clip_c11_20260727_170139.avi,35,c11_sim,Unknown #1,804,236,83,209
clip_c11_20260727_170139.avi,36,c11_sim,Unknown #1,801,233,82,204
clip_c11_20260727_170139.avi,38,c11_sim,Unknown #1,799,226,78,193
clip_c11_20260727_170139.avi,39,c11_sim,Unknown #1,799,216,78,195
clip_c11_20260727_170139.avi,41,c11_sim,Unknown #1,798,211,74,184
clip_c11_20260727_170139.avi,42,c11_sim,Unknown #1,799,207,71,182
clip_c11_20260727_170139.avi,43,c11_sim,Unknown #1,801,213,67,172
clip_c11_20260727_170139.avi,48,c11_sim,Unknown #1,792,199,62,161
clip_c11_20260727_170139.avi,53,c11_sim,Unknown #1,775,189,53,141
clip_c11_20260727_170139.avi,54,c11_sim,Unknown #1,768,183,51,139
clip_c11_20260813_134940.avi,6,c11_sim,Unknown #1,820,193,60,183
clip_c9_20260727_150719.avi,32,c9_sim,Unknown #1,912,89,62,168
clip_c9_20260727_150719.avi,33,c9_sim,Unknown #1,903,97,73,196
clip_c9_20260727_150719.avi,36,c9_sim,Unknown #1,887,111,72,194
clip_c9_20260727_150719.avi,37,c9_sim,Unknown #1,880,120,71,190
clip_c9_20260727_150719.avi,38,c9_sim,Unknown #1,876,125,70,189
clip_c9_20260727_150719.avi,39,c9_sim,Unknown #1,861,131,76,204
clip_c9_20260727_150719.avi,40,c9_sim,Unknown #1,850,137,79,209
clip_c9_20260727_150719.avi,41,c9_sim,Unknown #1,846,140,79,211
clip_c9_20260727_150719.avi,42,c9_sim,Unknown #1,845,143,79,209
clip_c9_20260727_150719.avi,43,c9_sim,Unknown #1,848,148,79,209
clip_c9_20260727_150719.avi,44,c9_sim,Unknown #1,854,154,77,204
clip_c9_20260727_150719.avi,45,c9_sim,Unknown #1,858,157,78,203
clip_c9_20260727_150719.avi,46,c9_sim,Unknown #1,857,160,84,220
clip_c9_20260727_150719.avi,47,c9_sim,Unknown #1,853,164,85,226
clip_c9_20260727_150719.avi,48,c9_sim,Unknown #1,849,169,85,225
clip_c9_20260727_150719.avi,49,c9_sim,Unknown #1,850,176,89,236
clip_c9_20260727_150719.avi,50,c9_sim,Unknown #1,853,181,90,243
clip_c9_20260727_150719.avi,51,c9_sim,Unknown #1,853,184,91,245
clip_c9_20260727_150719.avi,52,c9_sim,Unknown #1,851,189,97,263
clip_c9_20260727_150719.avi,53,c9_sim,Unknown #1,852,196,100,268
clip_c9_20260727_150719.avi,54,c9_sim,Unknown #1,859,200,99,269
clip_c9_20260727_150719.avi,55,c9_sim,Unknown #1,874,206,104,281
clip_c9_20260727_150719.avi,56,c9_sim,Unknown #1,886,212,107,288
clip_c9_20260727_150719.avi,57,c9_sim,Unknown #1,901,217,106,287
clip_c9_20260727_150719.avi,58,c9_sim,Unknown #1,916,222,110,304
clip_c9_20260727_150719.avi,59,c9_sim,Unknown #1,934,232,112,310
clip_c9_20260727_150719.avi,60,c9_sim,Unknown #1,959,235,111,313
clip_c9_20260727_150719.avi,61,c9_sim,Unknown #1,994,240,112,312
clip_c9_20260727_150719.avi,62,c9_sim,Unknown #1,1021,243,119,315
clip_c9_20260727_150719.avi,63,c9_sim,Unknown #1,1066,248,111,297
clip_c9_20260727_150719.avi,64,c9_sim,Unknown #1,1102,254,119,318
clip_c9_20260727_150719.avi,65,c9_sim,Unknown #1,1130,261,124,321
clip_c9_20260727_150719.avi,66,c9_sim,Unknown #1,1179,263,122,323
clip_c9_20260727_150719.avi,67,c9_sim,Unknown #1,1209,266,121,325
clip_c12_20260727_145716.avi,0,c12_sim,Unknown #1,20,455,92,221
clip_c10_20260727_165919.avi,10,c10_sim,Unknown #1,153,511,209,341
clip_c10_20260727_165919.avi,11,c10_sim,Unknown #1,164,463,227,374
clip_c10_20260727_165919.avi,12,c10_sim,Unknown #1,199,425,199,327
clip_c10_20260727_165919.avi,13,c10_sim,Unknown #1,256,389,199,328
clip_c10_20260727_165919.avi,14,c10_sim,Unknown #1,291,359,177,297
clip_c10_20260727_165919.avi,15,c10_sim,Unknown #1,306,330,178,302
clip_c10_20260727_165919.avi,16,c10_sim,Unknown #1,332,321,173,299
clip_c10_20260727_165919.avi,17,c10_sim,Unknown #1,351,305,157,275
clip_c10_20260727_165919.avi,18,c10_sim,Unknown #1,377,283,155,275
clip_c10_20260727_165919.avi,19,c10_sim,Unknown #1,400,272,153,275
clip_c10_20260727_165919.avi,20,c10_sim,Unknown #1,422,260,139,252
clip_c10_20260727_165919.avi,21,c10_sim,Unknown #1,432,246,137,253
clip_c10_20260727_165919.avi,22,c10_sim,Unknown #1,451,232,138,260
clip_c10_20260727_165919.avi,23,c10_sim,Unknown #1,473,219,122,234
clip_c10_20260727_165919.avi,24,c10_sim,Unknown #1,491,207,119,230
clip_c10_20260727_165919.avi,25,c10_sim,Unknown #1,511,198,114,224
clip_c10_20260727_165919.avi,26,c10_sim,Unknown #1,523,188,107,212
clip_c10_20260727_165919.avi,27,c10_sim,Unknown #1,534,179,106,213
clip_c10_20260727_165919.avi,28,c10_sim,Unknown #1,546,174,102,211
clip_c10_20260727_165919.avi,29,c10_sim,Unknown #1,569,155,99,206
clip_c10_20260727_165919.avi,30,c10_sim,Unknown #1,584,148,89,188
clip_c10_20260727_165919.avi,31,c10_sim,Unknown #1,591,139,86,184
clip_c10_20260727_165919.avi,32,c10_sim,Unknown #1,606,128,79,172
clip_c10_20260727_165919.avi,33,c10_sim,Unknown #1,613,127,77,166
clip_c10_20260727_165919.avi,34,c10_sim,Unknown #1,621,125,70,154
clip_c10_20260727_165919.avi,36,c10_sim,Unknown #1,627,116,68,150
clip_c11_20260813_134940.avi,11,c11_sim,Unknown #1,886,196,66,205
clip_c11_20260813_134940.avi,13,c11_sim,Unknown #1,891,203,65,202
clip_c11_20260813_134940.avi,14,c11_sim,Unknown #1,892,201,67,207
clip_c11_20260813_134940.avi,21,c11_sim,Unknown #1,901,226,61,186
clip_c11_20260813_134940.avi,22,c11_sim,Unknown #1,907,236,57,178
clip_c11_20260813_134940.avi,23,c11_sim,Unknown #1,906,234,60,184
clip_c11_20260813_134940.avi,25,c11_sim,Unknown #1,907,233,62,190
clip_c11_20260813_134940.avi,26,c11_sim,Unknown #1,907,226,64,199
clip_c11_20260813_134940.avi,27,c11_sim,Unknown #1,908,219,67,209
clip_c11_20260813_134940.avi,28,c11_sim,Unknown #1,909,218,68,214
clip_c11_20260813_134940.avi,29,c11_sim,Unknown #1,911,217,69,215
clip_c11_20260813_134940.avi,30,c11_sim,Unknown #1,913,216,68,217
clip_c11_20260813_134940.avi,31,c11_sim,Unknown #1,915,217,68,215
clip_c11_20260813_134940.avi,32,c11_sim,Unknown #1,918,217,68,215
clip_c11_20260813_134940.avi,33,c11_sim,Unknown #1,921,218,67,212
clip_c11_20260813_134940.avi,34,c11_sim,Unknown #1,922,220,68,214
clip_c11_20260813_134940.avi,35,c11_sim,Unknown #1,925,223,69,213
clip_c11_20260813_134940.avi,36,c11_sim,Unknown #1,927,225,69,214
clip_c11_20260813_134940.avi,37,c11_sim,Unknown #1,929,227,70,215
clip_c11_20260813_134940.avi,38,c11_sim,Unknown #1,930,227,71,219
clip_c11_20260813_134940.avi,39,c11_sim,Unknown #1,930,228,74,221
clip_c11_20260813_134940.avi,40,c11_sim,Unknown #1,931,229,75,223
clip_c11_20260813_134940.avi,41,c11_sim,Unknown #1,930,229,77,226
clip_c11_20260813_134940.avi,42,c11_sim,Unknown #1,930,229,77,229
clip_c11_20260813_134940.avi,43,c11_sim,Unknown #1,929,229,78,231
clip_c11_20260813_134940.avi,44,c11_sim,Unknown #1,928,230,79,231
clip_c11_20260813_134940.avi,45,c11_sim,Unknown #1,927,230,79,232
clip_c11_20260813_134940.avi,46,c11_sim,Unknown #1,926,230,79,233
clip_c11_20260813_134940.avi,47,c11_sim,Unknown #1,926,230,78,233
clip_c11_20260813_134940.avi,48,c11_sim,Unknown #1,926,230,77,231
clip_c11_20260813_134940.avi,49,c11_sim,Unknown #1,925,230,77,231
clip_c11_20260813_134940.avi,50,c11_sim,Unknown #1,925,230,77,231
clip_c11_20260813_134940.avi,51,c11_sim,Unknown #1,925,230,78,233
clip_c11_20260813_134940.avi,52,c11_sim,Unknown #1,924,231,79,235
clip_c11_20260813_134940.avi,53,c11_sim,Unknown #1,924,232,79,238
clip_c11_20260813_134940.avi,54,c11_sim,Unknown #1,924,232,80,244
clip_c11_20260813_134940.avi,55,c11_sim,Unknown #1,923,234,82,247
clip_c11_20260813_134940.avi,56,c11_sim,Unknown #1,923,236,82,248
clip_c11_20260813_134940.avi,57,c11_sim,Unknown #1,924,238,82,248
clip_c11_20260813_134940.avi,58,c11_sim,Unknown #1,925,238,82,249
clip_c11_20260813_134940.avi,59,c11_sim,Unknown #1,926,239,82,248
clip_c11_20260813_134940.avi,60,c11_sim,Unknown #1,928,239,81,248
clip_c11_20260813_134940.avi,61,c11_sim,Unknown #1,929,239,81,248
clip_c11_20260813_134940.avi,62,c11_sim,Unknown #1,931,239,80,248
clip_c11_20260813_134940.avi,63,c11_sim,Unknown #1,932,240,79,247
clip_c11_20260813_134940.avi,64,c11_sim,Unknown #1,932,240,80,247
clip_c11_20260813_134940.avi,65,c11_sim,Unknown #1,933,240,79,246
clip_c11_20260813_134940.avi,66,c11_sim,Unknown #1,933,241,78,245
clip_c11_20260813_134940.avi,67,c11_sim,Unknown #1,934,241,77,245
clip_c11_20260813_134940.avi,68,c11_sim,Unknown #1,915,236,75,237
clip_c11_20260813_134940.avi,69,c11_sim,Unknown #1,905,234,74,232
clip_c11_20260813_134940.avi,70,c11_sim,Unknown #1,900,232,75,232
clip_c11_20260813_134940.avi,71,c11_sim,Unknown #1,896,232,76,231
clip_c11_20260813_134940.avi,73,c11_sim,Unknown #1,894,231,76,231
clip_c11_20260813_134940.avi,74,c11_sim,Unknown #1,896,233,74,228
clip_c11_20260813_134940.avi,77,c11_sim,Unknown #1,897,233,72,225
clip_c11_20260813_134940.avi,78,c11_sim,Unknown #1,894,235,70,218
clip_c11_20260813_134940.avi,79,c11_sim,Unknown #1,893,234,69,214
clip_c11_20260813_134940.avi,80,c11_sim,Unknown #1,891,230,69,213
clip_c11_20260813_134940.avi,81,c11_sim,Unknown #1,889,225,70,216
clip_c11_20260813_134940.avi,82,c11_sim,Unknown #1,888,221,71,218
clip_c11_20260813_134940.avi,83,c11_sim,Unknown #1,885,218,72,220
clip_c11_20260813_134940.avi,84,c11_sim,Unknown #1,883,219,73,219
clip_c11_20260813_134940.avi,85,c11_sim,Unknown #1,881,219,74,219
clip_c11_20260813_134940.avi,86,c11_sim,Unknown #1,878,221,75,217
clip_c11_20260813_134940.avi,87,c11_sim,Unknown #1,875,221,77,217
clip_c11_20260813_134940.avi,88,c11_sim,Unknown #1,874,219,79,218
clip_c11_20260813_134940.avi,89,c11_sim,Unknown #1,874,219,80,218
clip_c11_20260813_134940.avi,90,c11_sim,Unknown #1,874,217,82,218
clip_c11_20260813_134940.avi,91,c11_sim,Unknown #1,877,214,81,219
clip_c11_20260813_134940.avi,92,c11_sim,Unknown #1,877,209,83,219
clip_c11_20260813_134940.avi,93,c11_sim,Unknown #1,879,203,82,219
clip_c11_20260813_134940.avi,94,c11_sim,Unknown #1,882,207,78,210
clip_c11_20260813_134940.avi,95,c11_sim,Unknown #1,884,208,77,206
clip_c11_20260813_134940.avi,96,c11_sim,Unknown #1,884,206,76,204
clip_c11_20260813_134940.avi,97,c11_sim,Unknown #1,884,206,76,204
clip_c11_20260813_134940.avi,98,c11_sim,Unknown #1,884,205,76,204
clip_c11_20260813_134940.avi,99,c11_sim,Unknown #1,884,204,75,205
clip_c11_20260813_134940.avi,100,c11_sim,Unknown #1,884,202,76,207
clip_c11_20260813_134940.avi,101,c11_sim,Unknown #1,884,200,75,208
clip_c11_20260813_134940.avi,102,c11_sim,Unknown #1,885,201,74,205
clip_c11_20260813_134940.avi,103,c11_sim,Unknown #1,884,201,72,204
clip_c11_20260813_134940.avi,104,c11_sim,Unknown #1,884,200,71,205
clip_c11_20260813_134940.avi,105,c11_sim,Unknown #1,883,199,70,203
clip_c11_20260813_134940.avi,107,c11_sim,Unknown #1,882,197,69,199
clip_c11_20260813_134940.avi,108,c11_sim,Unknown #1,882,193,68,200
clip_c11_20260813_134940.avi,109,c11_sim,Unknown #1,883,195,67,196
clip_c11_20260813_134940.avi,110,c11_sim,Unknown #1,884,197,65,194
clip_c11_20260813_134940.avi,111,c11_sim,Unknown #1,882,185,69,206
clip_c11_20260813_134940.avi,112,c11_sim,Unknown #1,881,182,70,207
clip_c11_20260813_134940.avi,113,c11_sim,Unknown #1,881,180,70,210
clip_c11_20260813_134940.avi,114,c11_sim,Unknown #1,883,191,66,198
clip_c11_20260813_134940.avi,115,c11_sim,Unknown #1,885,195,64,194
clip_c11_20260813_134940.avi,116,c11_sim,Unknown #1,885,193,65,195
clip_c11_20260813_134940.avi,117,c11_sim,Unknown #1,887,195,63,192
clip_c11_20260813_134940.avi,118,c11_sim,Unknown #1,889,198,61,186
clip_c11_20260813_134940.avi,119,c11_sim,Unknown #1,889,195,62,187
clip_c11_20260813_134940.avi,120,c11_sim,Unknown #1,891,195,61,182
clip_c11_20260813_134940.avi,121,c11_sim,Unknown #1,891,193,61,182
clip_c11_20260813_134940.avi,122,c11_sim,Unknown #1,892,192,61,181
clip_c11_20260813_134940.avi,123,c11_sim,Unknown #1,891,188,62,184
clip_c11_20260813_134940.avi,124,c11_sim,Unknown #1,891,188,63,184
clip_c11_20260813_134940.avi,125,c11_sim,Unknown #1,891,188,63,184
clip_c11_20260813_134940.avi,126,c11_sim,Unknown #1,892,186,63,186
clip_c11_20260813_134940.avi,127,c11_sim,Unknown #1,893,185,64,187
clip_c11_20260813_134940.avi,128,c11_sim,Unknown #1,894,186,64,186
clip_c11_20260813_134940.avi,129,c11_sim,Unknown #1,895,187,63,185
clip_c11_20260813_134940.avi,130,c11_sim,Unknown #1,896,187,64,185
clip_c11_20260813_134940.avi,131,c11_sim,Unknown #1,898,187,62,183
clip_c11_20260813_134940.avi,132,c11_sim,Unknown #1,899,188,62,181
clip_c11_20260813_134940.avi,133,c11_sim,Unknown #1,900,188,60,179
clip_c11_20260813_134940.avi,134,c11_sim,Unknown #1,901,187,59,178
clip_c11_20260813_134940.avi,135,c11_sim,Unknown #1,902,185,58,176
clip_c11_20260813_134940.avi,136,c11_sim,Unknown #1,903,186,57,172
clip_c11_20260813_134940.avi,137,c11_sim,Unknown #1,904,185,56,171
clip_c11_20260813_134940.avi,138,c11_sim,Unknown #1,905,183,56,172
clip_c9_20260813_134952.avi,13,c9_sim,Unknown #1,847,42,54,155
clip_c9_20260813_134952.avi,14,c9_sim,Unknown #1,844,42,55,158
clip_c9_20260813_134952.avi,15,c9_sim,Unknown #1,843,44,55,158
clip_c9_20260813_134952.avi,16,c9_sim,Unknown #1,842,45,55,157
clip_c9_20260813_134952.avi,17,c9_sim,Unknown #1,841,47,55,156
clip_c9_20260813_134952.avi,18,c9_sim,Unknown #1,840,48,57,159
clip_c9_20260813_134952.avi,22,c9_sim,Unknown #1,841,51,56,156
clip_c9_20260813_134952.avi,23,c9_sim,Unknown #1,841,51,57,156
clip_c9_20260813_134952.avi,24,c9_sim,Unknown #1,842,51,57,157
clip_c9_20260813_134952.avi,25,c9_sim,Unknown #1,842,52,58,157
clip_c9_20260813_134952.avi,26,c9_sim,Unknown #1,842,51,57,157
clip_c9_20260813_134952.avi,27,c9_sim,Unknown #1,842,52,58,158
clip_c9_20260813_134952.avi,28,c9_sim,Unknown #1,842,53,58,158
clip_c9_20260813_134952.avi,29,c9_sim,Unknown #1,842,54,58,158
clip_c9_20260813_134952.avi,30,c9_sim,Unknown #1,842,55,59,160
clip_c9_20260813_134952.avi,31,c9_sim,Unknown #1,841,56,60,160
clip_c9_20260813_134952.avi,32,c9_sim,Unknown #1,839,57,60,163
clip_c9_20260813_134952.avi,33,c9_sim,Unknown #1,838,57,60,165
clip_c9_20260813_134952.avi,34,c9_sim,Unknown #1,837,58,61,164
clip_c9_20260813_134952.avi,35,c9_sim,Unknown #1,837,58,60,163
clip_c9_20260813_134952.avi,36,c9_sim,Unknown #1,837,59,60,164
clip_c9_20260813_134952.avi,37,c9_sim,Unknown #1,837,59,60,165
clip_c9_20260813_134952.avi,38,c9_sim,Unknown #1,837,60,61,165
clip_c9_20260813_134952.avi,39,c9_sim,Unknown #1,837,60,60,164
clip_c9_20260813_134952.avi,40,c9_sim,Unknown #1,837,60,60,166
clip_c9_20260813_134952.avi,41,c9_sim,Unknown #1,837,60,61,168
clip_c9_20260813_134952.avi,42,c9_sim,Unknown #1,838,60,61,170
clip_c9_20260813_134952.avi,43,c9_sim,Unknown #1,838,63,61,170
clip_c9_20260813_134952.avi,44,c9_sim,Unknown #1,837,65,62,173
clip_c9_20260813_134952.avi,45,c9_sim,Unknown #1,837,67,61,173
clip_c9_20260813_134952.avi,46,c9_sim,Unknown #1,836,68,61,175
clip_c9_20260813_134952.avi,47,c9_sim,Unknown #1,836,69,62,176
clip_c9_20260813_134952.avi,48,c9_sim,Unknown #1,836,70,61,175
clip_c9_20260813_134952.avi,49,c9_sim,Unknown #1,837,70,61,174
clip_c9_20260813_134952.avi,50,c9_sim,Unknown #1,837,70,61,174
clip_c9_20260813_134952.avi,51,c9_sim,Unknown #1,838,69,61,174
clip_c9_20260813_134952.avi,52,c9_sim,Unknown #1,840,70,61,173
clip_c9_20260813_134952.avi,53,c9_sim,Unknown #1,841,70,61,175
clip_c9_20260813_134952.avi,54,c9_sim,Unknown #1,840,70,63,179
clip_c9_20260813_134952.avi,55,c9_sim,Unknown #1,840,71,63,179
clip_c9_20260813_134952.avi,56,c9_sim,Unknown #1,839,72,64,182
clip_c9_20260813_134952.avi,57,c9_sim,Unknown #1,838,74,64,181
clip_c9_20260813_134952.avi,58,c9_sim,Unknown #1,837,74,65,183
clip_c9_20260813_134952.avi,59,c9_sim,Unknown #1,836,76,66,184
clip_c9_20260813_134952.avi,60,c9_sim,Unknown #1,836,77,66,186
clip_c9_20260813_134952.avi,61,c9_sim,Unknown #1,835,77,67,189
clip_c9_20260813_134952.avi,62,c9_sim,Unknown #1,836,77,66,187
clip_c9_20260813_134952.avi,63,c9_sim,Unknown #1,836,77,66,187
clip_c9_20260813_134952.avi,64,c9_sim,Unknown #1,836,77,66,188
clip_c9_20260813_134952.avi,65,c9_sim,Unknown #1,836,77,66,188
clip_c9_20260813_134952.avi,66,c9_sim,Unknown #1,836,78,66,188
clip_c9_20260813_134952.avi,67,c9_sim,Unknown #1,836,80,66,186
clip_c9_20260813_134952.avi,68,c9_sim,Unknown #1,836,81,67,188
clip_c9_20260813_134952.avi,69,c9_sim,Unknown #1,835,82,68,190
clip_c9_20260813_134952.avi,70,c9_sim,Unknown #1,835,83,68,191
clip_c9_20260813_134952.avi,71,c9_sim,Unknown #1,836,84,68,192
clip_c9_20260813_134952.avi,72,c9_sim,Unknown #1,838,85,68,194
clip_c9_20260813_134952.avi,73,c9_sim,Unknown #1,839,85,68,198
clip_c9_20260813_134952.avi,74,c9_sim,Unknown #1,840,85,69,203
clip_c9_20260813_134952.avi,75,c9_sim,Unknown #1,842,85,68,201
clip_c9_20260813_134952.avi,76,c9_sim,Unknown #1,843,85,70,205
clip_c9_20260813_134952.avi,77,c9_sim,Unknown #1,845,84,69,204
clip_c9_20260813_134952.avi,78,c9_sim,Unknown #1,847,84,68,204
clip_c9_20260813_134952.avi,79,c9_sim,Unknown #1,847,84,69,205
clip_c9_20260813_134952.avi,80,c9_sim,Unknown #1,846,85,73,214
clip_c9_20260813_134952.avi,81,c9_sim,Unknown #1,849,85,71,210
clip_c9_20260813_134952.avi,82,c9_sim,Unknown #1,849,86,73,216
clip_c9_20260813_134952.avi,83,c9_sim,Unknown #1,850,87,75,219
clip_c9_20260813_134952.avi,84,c9_sim,Unknown #1,852,88,74,220
clip_c9_20260813_134952.avi,85,c9_sim,Unknown #1,851,90,75,219
clip_c9_20260813_134952.avi,86,c9_sim,Unknown #1,851,91,76,220
clip_c9_20260813_134952.avi,87,c9_sim,Unknown #1,851,91,76,225
clip_c9_20260813_134952.avi,88,c9_sim,Unknown #1,851,92,77,227
clip_c9_20260813_134952.avi,89,c9_sim,Unknown #1,850,92,79,228
clip_c9_20260813_134952.avi,90,c9_sim,Unknown #1,851,92,78,229
clip_c9_20260813_134952.avi,91,c9_sim,Unknown #1,852,91,78,230
clip_c9_20260813_134952.avi,92,c9_sim,Unknown #1,853,92,78,227
clip_c9_20260813_134952.avi,93,c9_sim,Unknown #1,854,92,77,226
clip_c9_20260813_134952.avi,94,c9_sim,Unknown #1,854,92,77,225
clip_c9_20260813_134952.avi,95,c9_sim,Unknown #1,856,93,75,223
clip_c9_20260813_134952.avi,96,c9_sim,Unknown #1,857,94,75,222
clip_c9_20260813_134952.avi,97,c9_sim,Unknown #1,859,96,74,221
clip_c9_20260813_134952.avi,98,c9_sim,Unknown #1,859,98,74,220
clip_c9_20260813_134952.avi,99,c9_sim,Unknown #1,861,100,73,221
clip_c9_20260813_134952.avi,100,c9_sim,Unknown #1,861,102,73,220
clip_c9_20260813_134952.avi,101,c9_sim,Unknown #1,863,103,74,224
clip_c9_20260813_134952.avi,102,c9_sim,Unknown #1,863,103,75,230
clip_c9_20260813_134952.avi,103,c9_sim,Unknown #1,863,103,76,232
clip_c9_20260813_134952.avi,104,c9_sim,Unknown #1,865,103,74,228
clip_c9_20260813_134952.avi,105,c9_sim,Unknown #1,866,102,74,231
clip_c9_20260813_134952.avi,106,c9_sim,Unknown #1,867,102,75,238
clip_c9_20260813_134952.avi,107,c9_sim,Unknown #1,868,103,76,238
clip_c9_20260813_134952.avi,108,c9_sim,Unknown #1,871,103,75,235
clip_c9_20260813_134952.avi,109,c9_sim,Unknown #1,872,104,76,233
clip_c9_20260813_134952.avi,110,c9_sim,Unknown #1,872,105,78,235
clip_c9_20260813_134952.avi,111,c9_sim,Unknown #1,872,105,79,240
clip_c9_20260813_134952.avi,112,c9_sim,Unknown #1,870,106,82,246
clip_c9_20260813_134952.avi,113,c9_sim,Unknown #1,871,108,84,250
clip_c9_20260813_134952.avi,114,c9_sim,Unknown #1,871,111,85,252
clip_c9_20260813_134952.avi,115,c9_sim,Unknown #1,871,114,86,251
clip_c9_20260813_134952.avi,116,c9_sim,Unknown #1,871,116,87,252
clip_c9_20260813_134952.avi,117,c9_sim,Unknown #1,869,117,87,252
clip_c9_20260813_134952.avi,118,c9_sim,Unknown #1,866,117,89,252
clip_c9_20260813_134952.avi,119,c9_sim,Unknown #1,861,117,88,253
clip_c9_20260813_134952.avi,120,c9_sim,Unknown #1,859,117,88,252
clip_c9_20260813_134952.avi,121,c9_sim,Unknown #1,858,117,88,251
clip_c9_20260813_134952.avi,122,c9_sim,Unknown #1,857,117,87,251
clip_c9_20260813_134952.avi,123,c9_sim,Unknown #1,855,116,88,252
clip_c9_20260813_134952.avi,124,c9_sim,Unknown #1,854,118,89,253
clip_c9_20260813_134952.avi,125,c9_sim,Unknown #1,852,119,91,257
clip_c9_20260813_134952.avi,126,c9_sim,Unknown #1,851,122,93,262
clip_c9_20260813_134952.avi,127,c9_sim,Unknown #1,850,125,96,268
clip_c9_20260813_134952.avi,128,c9_sim,Unknown #1,849,127,96,271
clip_c9_20260813_134952.avi,129,c9_sim,Unknown #1,849,129,97,276
clip_c9_20260813_134952.avi,130,c9_sim,Unknown #1,847,129,98,279
clip_c9_20260813_134952.avi,131,c9_sim,Unknown #1,849,130,97,280
clip_c9_20260813_134952.avi,132,c9_sim,Unknown #1,849,131,97,280
clip_c9_20260813_134952.avi,133,c9_sim,Unknown #1,851,131,95,279
clip_c9_20260813_134952.avi,134,c9_sim,Unknown #1,852,131,95,279
clip_c9_20260813_134952.avi,135,c9_sim,Unknown #1,855,132,94,278
clip_c9_20260813_134952.avi,136,c9_sim,Unknown #1,857,133,94,276
clip_c9_20260813_134952.avi,137,c9_sim,Unknown #1,860,134,93,274
clip_c9_20260813_134952.avi,138,c9_sim,Unknown #1,860,135,95,276
clip_c9_20260813_134952.avi,139,c9_sim,Unknown #1,859,136,98,282
clip_c9_20260813_134952.avi,140,c9_sim,Unknown #1,858,138,102,292
clip_c9_20260813_134952.avi,141,c9_sim,Unknown #1,857,140,104,296
clip_c9_20260813_134952.avi,142,c9_sim,Unknown #1,855,142,106,301
clip_c9_20260813_134952.avi,143,c9_sim,Unknown #1,853,145,107,303
clip_c9_20260813_134952.avi,144,c9_sim,Unknown #1,851,149,109,303
clip_c9_20260813_134952.avi,145,c9_sim,Unknown #1,849,151,110,304
clip_c9_20260813_134952.avi,146,c9_sim,Unknown #1,845,151,112,306
clip_c9_20260813_134952.avi,147,c9_sim,Unknown #1,843,152,112,307
clip_c9_20260813_134952.avi,148,c9_sim,Unknown #1,840,152,113,307
clip_c9_20260813_134952.avi,149,c9_sim,Unknown #1,836,153,113,306
clip_c9_20260813_134952.avi,150,c9_sim,Unknown #1,836,154,112,304
clip_c9_20260813_134952.avi,151,c9_sim,Unknown #1,835,155,111,301
clip_c9_20260813_134952.avi,152,c9_sim,Unknown #1,835,157,110,299
clip_c9_20260813_134952.avi,153,c9_sim,Unknown #1,834,159,110,301
clip_c9_20260813_134952.avi,154,c9_sim,Unknown #1,832,160,114,309
clip_c9_20260813_134952.avi,155,c9_sim,Unknown #1,831,161,116,317
clip_c9_20260813_134952.avi,156,c9_sim,Unknown #1,831,163,118,324
clip_c9_20260813_134952.avi,157,c9_sim,Unknown #1,831,165,119,328
clip_c9_20260813_134952.avi,158,c9_sim,Unknown #1,830,167,121,334
clip_c9_20260813_134952.avi,159,c9_sim,Unknown #1,831,169,121,338
clip_c9_20260813_134952.avi,160,c9_sim,Unknown #1,833,171,119,338
clip_c9_20260813_134952.avi,161,c9_sim,Unknown #1,835,171,118,338
clip_c9_20260813_134952.avi,162,c9_sim,Unknown #1,838,170,117,338
clip_c9_20260813_134952.avi,163,c9_sim,Unknown #1,840,170,116,337
clip_c9_20260813_134952.avi,164,c9_sim,Unknown #1,843,172,115,334
clip_c9_20260813_134952.avi,165,c9_sim,Unknown #1,846,172,114,333
clip_c9_20260813_134952.avi,166,c9_sim,Unknown #1,848,174,115,332
clip_c9_20260813_134952.avi,167,c9_sim,Unknown #1,851,175,118,338
clip_c9_20260813_134952.avi,168,c9_sim,Unknown #1,856,178,119,335
clip_c9_20260813_134952.avi,169,c9_sim,Unknown #1,860,181,121,336
clip_c9_20260813_134952.avi,170,c9_sim,Unknown #1,864,185,123,337
clip_c9_20260813_134952.avi,171,c9_sim,Unknown #1,867,189,128,347
clip_c9_20260813_134952.avi,172,c9_sim,Unknown #1,868,192,134,362
clip_c9_20260813_134952.avi,173,c9_sim,Unknown #1,868,195,138,372
clip_c9_20260813_134952.avi,174,c9_sim,Unknown #1,869,197,140,377
clip_c9_20260813_134952.avi,175,c9_sim,Unknown #1,870,199,140,379
clip_c9_20260813_134952.avi,176,c9_sim,Unknown #1,870,201,141,378
clip_c9_20260813_134952.avi,177,c9_sim,Unknown #1,871,202,139,377
clip_c9_20260813_134952.avi,178,c9_sim,Unknown #1,872,203,139,377
clip_c9_20260813_134952.avi,179,c9_sim,Unknown #1,874,204,137,377
clip_c9_20260813_134952.avi,180,c9_sim,Unknown #1,878,204,134,374
clip_c9_20260813_134952.avi,181,c9_sim,Unknown #1,885,205,132,372
clip_c9_20260813_134952.avi,182,c9_sim,Unknown #1,893,208,130,370
clip_c9_20260813_134952.avi,183,c9_sim,Unknown #1,905,209,132,370
clip_c9_20260813_134952.avi,184,c9_sim,Unknown #1,918,212,134,372
clip_c9_20260813_134952.avi,185,c9_sim,Unknown #1,928,214,138,376
clip_c9_20260813_134952.avi,186,c9_sim,Unknown #1,932,216,142,380
clip_c9_20260813_134952.avi,187,c9_sim,Unknown #1,935,221,145,378
clip_c9_20260813_134952.avi,188,c9_sim,Unknown #1,934,222,149,382
clip_c9_20260813_134952.avi,189,c9_sim,Unknown #1,937,223,152,382
clip_c9_20260813_134952.avi,190,c9_sim,Unknown #1,939,222,154,386
clip_c9_20260813_134952.avi,191,c9_sim,Unknown #1,944,219,155,388
clip_c9_20260813_134952.avi,192,c9_sim,Unknown #1,952,217,154,390
clip_c9_20260813_134952.avi,193,c9_sim,Unknown #1,985,221,156,386
clip_c9_20260813_134952.avi,194,c9_sim,Unknown #1,1004,221,159,390
clip_c9_20260813_134952.avi,195,c9_sim,Unknown #1,1018,221,161,399
clip_c9_20260813_134952.avi,196,c9_sim,Unknown #1,1024,222,162,409
clip_c9_20260813_134952.avi,197,c9_sim,Unknown #1,1026,224,162,414
clip_c9_20260813_134952.avi,198,c9_sim,Unknown #1,1033,228,162,412
clip_c9_20260813_134952.avi,199,c9_sim,Unknown #1,1043,230,162,408
clip_c9_20260813_134952.avi,200,c9_sim,Unknown #1,1050,232,165,406
clip_c9_20260813_134952.avi,201,c9_sim,Unknown #1,1054,234,169,405
clip_c9_20260813_134952.avi,202,c9_sim,Unknown #1,1055,238,172,403
clip_c9_20260813_134952.avi,203,c9_sim,Unknown #1,1058,237,175,404
clip_c9_20260813_134952.avi,204,c9_sim,Unknown #1,1064,237,176,404
clip_c8_20260813_135011.avi,15,c8_sim,Unknown #1,976,348,134,420
clip_c8_20260813_135011.avi,16,c8_sim,Unknown #1,977,341,131,411
clip_c8_20260813_135011.avi,17,c8_sim,Unknown #1,981,329,127,401
clip_c8_20260813_135011.avi,18,c8_sim,Unknown #1,984,317,123,386
clip_c8_20260813_135011.avi,19,c8_sim,Unknown #1,988,307,119,372
clip_c8_20260813_135011.avi,20,c8_sim,Unknown #1,991,298,116,363
clip_c8_20260813_135011.avi,21,c8_sim,Unknown #1,991,293,117,360
clip_c8_20260813_135011.avi,22,c8_sim,Unknown #1,992,287,118,362
clip_c8_20260813_135011.avi,23,c8_sim,Unknown #1,992,281,122,369
clip_c8_20260813_135011.avi,24,c8_sim,Unknown #1,993,275,125,377
clip_c8_20260813_135011.avi,25,c8_sim,Unknown #1,992,271,127,379
clip_c8_20260813_135011.avi,26,c8_sim,Unknown #1,992,266,129,384
clip_c8_20260813_135011.avi,27,c8_sim,Unknown #1,991,259,131,393
clip_c8_20260813_135011.avi,28,c8_sim,Unknown #1,993,252,133,396
clip_c8_20260813_135011.avi,29,c8_sim,Unknown #1,997,246,131,386
clip_c8_20260813_135011.avi,30,c8_sim,Unknown #1,1004,238,128,375
clip_c8_20260813_135011.avi,31,c8_sim,Unknown #1,1011,229,126,370
clip_c8_20260813_135011.avi,32,c8_sim,Unknown #1,1017,220,123,355
clip_c8_20260813_135011.avi,33,c8_sim,Unknown #1,1021,212,123,343
clip_c8_20260813_135011.avi,34,c8_sim,Unknown #1,1024,205,124,343
clip_c8_20260813_135011.avi,35,c8_sim,Unknown #1,1024,200,128,344
clip_c8_20260813_135011.avi,36,c8_sim,Unknown #1,1024,195,131,348
clip_c8_20260813_135011.avi,37,c8_sim,Unknown #1,1026,189,135,354
clip_c8_20260813_135011.avi,38,c8_sim,Unknown #1,1029,187,137,357
clip_c8_20260813_135011.avi,39,c8_sim,Unknown #1,1031,183,139,360
clip_c8_20260813_135011.avi,40,c8_sim,Unknown #1,1032,178,142,365
clip_c8_20260813_135011.avi,41,c8_sim,Unknown #1,1033,173,143,368
clip_c8_20260813_135011.avi,42,c8_sim,Unknown #1,1035,167,144,371
clip_c8_20260813_135011.avi,43,c8_sim,Unknown #1,1036,160,143,369
clip_c8_20260813_135011.avi,44,c8_sim,Unknown #1,1039,154,140,361
clip_c8_20260813_135011.avi,45,c8_sim,Unknown #1,1043,150,135,349
clip_c8_20260813_135011.avi,46,c8_sim,Unknown #1,1053,143,116,291
clip_c8_20260813_135011.avi,47,c8_sim,Unknown #1,1057,139,110,270
clip_c8_20260813_135011.avi,48,c8_sim,Unknown #1,1057,134,111,268
clip_c8_20260813_135011.avi,49,c8_sim,Unknown #1,1059,130,112,270
clip_c8_20260813_135011.avi,50,c8_sim,Unknown #1,1060,127,115,272
clip_c8_20260813_135011.avi,51,c8_sim,Unknown #1,1062,123,116,275
clip_c8_20260813_135011.avi,52,c8_sim,Unknown #1,1064,119,118,279
clip_c8_20260813_135011.avi,53,c8_sim,Unknown #1,1066,115,119,283
clip_c8_20260813_135011.avi,54,c8_sim,Unknown #1,1068,112,120,287
clip_c8_20260813_135011.avi,55,c8_sim,Unknown #1,1070,108,121,292
clip_c8_20260813_135011.avi,56,c8_sim,Unknown #1,1072,104,121,292
clip_c8_20260813_135011.avi,57,c8_sim,Unknown #1,1076,98,120,295
clip_c8_20260813_135011.avi,58,c8_sim,Unknown #1,1080,93,118,288
clip_c8_20260813_135011.avi,59,c8_sim,Unknown #1,1082,88,119,293
clip_c8_20260813_135011.avi,60,c8_sim,Unknown #1,1084,85,119,293
clip_c8_20260813_135011.avi,61,c8_sim,Unknown #1,1084,80,121,294
clip_c8_20260813_135011.avi,62,c8_sim,Unknown #1,1084,76,122,297
clip_c8_20260813_135011.avi,63,c8_sim,Unknown #1,1085,71,123,303
clip_c8_20260813_135011.avi,64,c8_sim,Unknown #1,1086,66,125,308
clip_c8_20260813_135011.avi,65,c8_sim,Unknown #1,1087,63,125,312
clip_c8_20260813_135011.avi,66,c8_sim,Unknown #1,1087,63,124,313
clip_c8_20260813_135011.avi,67,c8_sim,Unknown #1,1088,61,124,312
clip_c8_20260813_135011.avi,68,c8_sim,Unknown #1,1090,58,121,309
clip_c8_20260813_135011.avi,69,c8_sim,Unknown #1,1090,55,119,305
clip_c8_20260813_135011.avi,70,c8_sim,Unknown #1,1090,51,116,302
clip_c8_20260813_135011.avi,71,c8_sim,Unknown #1,1090,46,113,297
clip_c8_20260813_135011.avi,72,c8_sim,Unknown #1,1092,42,109,287
clip_c8_20260813_135011.avi,73,c8_sim,Unknown #1,1094,39,104,274
clip_c8_20260813_135011.avi,74,c8_sim,Unknown #1,1098,21,103,273
clip_c8_20260813_135011.avi,75,c8_sim,Unknown #1,1103,13,96,255
clip_c8_20260813_135011.avi,76,c8_sim,Unknown #1,1104,8,97,257
clip_c8_20260813_135011.avi,77,c8_sim,Unknown #1,1106,5,95,251
clip_c8_20260813_135011.avi,78,c8_sim,Unknown #1,1106,2,95,248
clip_c8_20260813_135011.avi,79,c8_sim,Unknown #1,1107,0,94,246
clip_c8_20260813_135011.avi,80,c8_sim,Unknown #1,1107,-1,94,244
clip_c8_20260813_135011.avi,81,c8_sim,Unknown #1,1108,-1,93,244
clip_c8_20260813_135011.avi,82,c8_sim,Unknown #1,1108,-1,93,244
clip_c8_20260813_135011.avi,83,c8_sim,Unknown #1,1108,-1,94,244
clip_c8_20260813_135011.avi,84,c8_sim,Unknown #1,1106,-1,83,213
clip_c8_20260813_135011.avi,85,c8_sim,Unknown #1,1105,-1,79,202
clip_c8_20260813_135011.avi,86,c8_sim,Unknown #1,1106,-1,78,198
clip_c8_20260813_135011.avi,91,c8_sim,Unknown #1,1110,0,57,141
