source_clip,local_frame,camera,person_pred,x,y,w,h
clip_c8_20260617_150337.avi,0,c8_sim,Unknown #1,1604,83,77,214
clip_c8_20260617_150337.avi,1,c8_sim,Unknown #1,1606,80,80,233
clip_c8_20260617_150337.avi,2,c8_sim,Unknown #1,1607,79,72,235
clip_c8_20260617_150337.avi,3,c8_sim,Unknown #1,1604,80,71,243
clip_c8_20260617_150337.avi,4,c8_sim,Unknown #1,1584,92,74,253
clip_c8_20260617_150337.avi,5,c8_sim,Unknown #1,1580,95,71,250
clip_c8_20260617_150337.avi,6,c8_sim,Unknown #1,1564,101,80,243
clip_c8_20260617_150337.avi,7,c8_sim,Unknown #1,1535,105,107,238
clip_c8_20260617_150337.avi,8,c8_sim,Unknown #1,1513,109,127,238
clip_c8_20260617_150337.avi,9,c8_sim,Unknown #1,1511,110,125,241
clip_c8_20260617_150337.avi,10,c8_sim,Unknown #1,1512,109,101,244
clip_c8_20260617_150337.avi,11,c8_sim,Unknown #1,1512,112,91,257
clip_c8_20260617_150337.avi,12,c8_sim,Unknown #1,1491,130,96,272
clip_c8_20260617_150337.avi,13,c8_sim,Unknown #1,1479,135,97,268
clip_c8_20260617_150337.avi,14,c8_sim,Unknown #1,1465,137,105,265
clip_c8_20260617_150337.avi,15,c8_sim,Unknown #1,1433,141,125,262
clip_c8_20260617_150337.avi,16,c8_sim,Unknown #1,1422,144,128,260
clip_c8_20260617_150337.avi,17,c8_sim,Unknown #1,1419,148,121,256
clip_c8_20260617_150337.avi,18,c8_sim,Unknown #1,1419,150,106,253
clip_c8_20260617_150337.avi,19,c8_sim,Unknown #1,1418,151,104,252
clip_c8_20260617_150337.avi,20,c8_sim,Unknown #1,1399,162,102,240
clip_c8_20260617_150337.avi,21,c8_sim,Unknown #1,1387,174,104,229
clip_c8_20260617_150337.avi,22,c8_sim,Unknown #1,1379,182,104,221
clip_c8_20260617_150337.avi,23,c8_sim,Unknown #1,1373,191,102,212
clip_c8_20260617_150337.avi,24,c8_sim,Unknown #1,1355,194,114,210
clip_c8_20260617_150337.avi,25,c8_sim,Unknown #1,1340,198,122,292
clip_c8_20260617_150337.avi,26,c8_sim,Unknown #1,1327,203,129,288
clip_c8_20260617_150337.avi,27,c8_sim,Unknown #1,1295,218,140,304
clip_c8_20260617_150337.avi,28,c8_sim,Unknown #1,1289,220,141,318
clip_c8_20260617_150337.avi,29,c8_sim,Unknown #1,1289,233,117,307
clip_c8_20260617_150337.avi,30,c8_sim,Unknown #1,1277,241,122,299
clip_c8_20260617_150337.avi,31,c8_sim,Unknown #1,1260,257,124,341
clip_c8_20260617_150337.avi,32,c8_sim,Unknown #1,1248,270,128,345
clip_c8_20260617_150337.avi,33,c8_sim,Unknown #1,1239,282,129,344
clip_c8_20260617_150337.avi,34,c8_sim,Unknown #1,1232,292,129,335
clip_c8_20260617_150337.avi,35,c8_sim,Unknown #1,1223,298,129,329
clip_c8_20260617_150337.avi,36,c8_sim,Unknown #1,1199,309,137,320
clip_c8_20260617_150337.avi,37,c8_sim,Unknown #1,1154,325,164,335
clip_c8_20260617_150337.avi,38,c8_sim,Unknown #1,1141,331,172,335
clip_c8_20260617_150337.avi,39,c8_sim,Unknown #1,1135,335,168,338
clip_c8_20260617_150337.avi,40,c8_sim,Unknown #1,1112,363,134,323
clip_c8_20260617_150337.avi,41,c8_sim,Unknown #1,1089,382,137,345
clip_c8_20260617_150337.avi,42,c8_sim,Unknown #1,1072,458,137,307
clip_c8_20260617_150337.avi,43,c8_sim,Unknown #1,1055,459,141,317
clip_c8_20260617_150337.avi,44,c8_sim,Unknown #1,1040,459,145,324
clip_c8_20260617_150337.avi,45,c8_sim,Unknown #1,1022,460,143,323
clip_c8_20260617_150337.avi,46,c8_sim,Unknown #1,994,461,146,324
clip_c8_20260617_150337.avi,47,c8_sim,Unknown #1,976,463,146,323
clip_c8_20260617_150337.avi,48,c8_sim,Unknown #1,971,469,142,326
clip_c8_20260617_150337.avi,49,c8_sim,Unknown #1,944,529,162,319
clip_c12_20260617_152841.avi,0,c12_sim,Unknown #2,43,431,69,204
clip_c12_20260617_152841.avi,1,c12_sim,Unknown #2,34,438,79,208
clip_c12_20260617_152841.avi,2,c12_sim,Unknown #2,24,440,88,203
clip_c12_20260617_152841.avi,3,c12_sim,Unknown #2,3,445,88,201
clip_c12_20260617_152841.avi,4,c12_sim,Unknown #2,0,468,77,214
clip_c12_20260617_152841.avi,5,c12_sim,Unknown #2,1,403,55,278
clip_c12_20260617_152841.avi,6,c12_sim,Unknown #2,0,472,52,211
clip_c12_20260617_152841.avi,7,c12_sim,Unknown #2,0,473,51,222
clip_c11_20260617_152852.avi,65,c11_sim,Unknown #3,773,241,52,151
clip_c11_20260617_152852.avi,66,c11_sim,Unknown #3,773,226,41,173
clip_c11_20260617_152852.avi,67,c11_sim,Unknown #3,773,227,44,173
clip_c11_20260617_152852.avi,68,c11_sim,Unknown #3,773,231,55,168
clip_c11_20260617_152852.avi,69,c11_sim,Unknown #3,773,225,69,185
clip_c11_20260617_152852.avi,70,c11_sim,Unknown #3,773,224,76,191
clip_c11_20260617_152852.avi,71,c11_sim,Unknown #3,772,228,74,189
clip_c11_20260617_152852.avi,72,c11_sim,Unknown #3,773,228,67,190
clip_c11_20260617_152852.avi,73,c11_sim,Unknown #3,773,228,64,189
clip_c11_20260617_152852.avi,74,c11_sim,Unknown #3,773,229,54,192
clip_c11_20260617_152852.avi,75,c11_sim,Unknown #3,773,230,57,201
clip_c11_20260617_152852.avi,76,c11_sim,Unknown #3,773,234,58,198
clip_c11_20260617_152852.avi,77,c11_sim,Unknown #3,773,235,62,200
clip_c11_20260617_152852.avi,78,c11_sim,Unknown #3,772,235,72,200
clip_c11_20260617_152852.avi,79,c11_sim,Unknown #3,774,240,72,197
clip_c11_20260617_152852.avi,80,c11_sim,Unknown #3,774,241,70,201
clip_c11_20260617_152852.avi,81,c11_sim,Unknown #3,774,242,69,203
clip_c11_20260617_152852.avi,82,c11_sim,Unknown #3,773,244,72,209
clip_c11_20260617_152852.avi,83,c11_sim,Unknown #3,771,246,89,207
clip_c11_20260617_152852.avi,84,c11_sim,Unknown #3,778,252,75,216
clip_c11_20260617_152852.avi,85,c11_sim,Unknown #3,778,253,75,222
clip_c11_20260617_152852.avi,86,c11_sim,Unknown #3,771,255,80,223
clip_c11_20260617_152852.avi,87,c11_sim,Unknown #3,768,255,82,222
clip_c11_20260617_152852.avi,88,c11_sim,Unknown #3,764,255,88,222
clip_c11_20260617_152852.avi,89,c11_sim,Unknown #3,760,256,95,221
clip_c11_20260617_152852.avi,90,c11_sim,Unknown #3,757,256,99,221
clip_c11_20260617_152852.avi,91,c11_sim,Unknown #3,759,260,97,224
clip_c11_20260617_152852.avi,92,c11_sim,Unknown #3,781,269,104,232
clip_c11_20260617_152852.avi,93,c11_sim,Unknown #3,779,277,98,248
clip_c11_20260617_152852.avi,94,c11_sim,Unknown #3,781,278,91,247
clip_c11_20260617_152852.avi,95,c11_sim,Unknown #3,776,279,89,246
clip_c11_20260617_152852.avi,96,c11_sim,Unknown #3,778,280,87,244
clip_c11_20260617_152852.avi,97,c11_sim,Unknown #3,787,287,88,249
clip_c11_20260617_152852.avi,98,c11_sim,Unknown #3,795,292,99,260
clip_c11_20260617_152852.avi,99,c11_sim,Unknown #3,794,292,102,260
clip_c11_20260617_152852.avi,100,c11_sim,Unknown #3,788,299,105,271
clip_c11_20260617_152852.avi,101,c11_sim,Unknown #3,786,304,102,280
clip_c11_20260617_152852.avi,102,c11_sim,Unknown #3,778,306,108,278
clip_c11_20260617_152852.avi,103,c11_sim,Unknown #3,774,308,108,277
clip_c11_20260617_152852.avi,104,c11_sim,Unknown #3,779,311,101,275
clip_c11_20260617_152852.avi,105,c11_sim,Unknown #3,787,314,87,291
clip_c11_20260617_152852.avi,106,c11_sim,Unknown #3,789,316,87,288
clip_c11_20260617_152852.avi,107,c11_sim,Unknown #3,797,321,86,291
clip_c11_20260617_152852.avi,108,c11_sim,Unknown #3,799,322,87,298
clip_c11_20260617_152852.avi,109,c11_sim,Unknown #3,799,323,89,298
clip_c11_20260617_152852.avi,110,c11_sim,Unknown #3,800,327,89,303
clip_c11_20260617_152852.avi,111,c11_sim,Unknown #3,792,338,95,323
clip_c11_20260617_152852.avi,112,c11_sim,Unknown #3,787,342,100,319
clip_c11_20260617_152852.avi,113,c11_sim,Unknown #3,787,342,101,320
clip_c11_20260617_152852.avi,114,c11_sim,Unknown #3,796,353,118,325
clip_c11_20260617_152852.avi,115,c11_sim,Unknown #3,804,358,112,337
clip_c11_20260617_152852.avi,116,c11_sim,Unknown #3,826,366,115,332
clip_c11_20260617_152852.avi,117,c11_sim,Unknown #3,837,370,115,348
clip_c11_20260617_152852.avi,118,c11_sim,Unknown #3,839,378,118,362
clip_c11_20260617_152852.avi,119,c11_sim,Unknown #3,841,386,120,368
clip_c11_20260617_152852.avi,120,c11_sim,Unknown #3,843,388,122,367
clip_c11_20260617_152852.avi,121,c11_sim,Unknown #3,846,391,123,365
clip_c11_20260617_152852.avi,122,c11_sim,Unknown #3,852,394,120,361
clip_c11_20260617_152852.avi,123,c11_sim,Unknown #3,857,397,124,369
clip_c11_20260617_152852.avi,124,c11_sim,Unknown #3,871,409,134,371
clip_c11_20260617_152852.avi,125,c11_sim,Unknown #3,875,414,147,380
clip_c11_20260617_152852.avi,126,c11_sim,Unknown #3,876,414,149,380
clip_c11_20260617_152852.avi,127,c11_sim,Unknown #3,879,415,151,377
clip_c11_20260617_152852.avi,128,c11_sim,Unknown #3,881,417,154,375
clip_c11_20260617_152852.avi,129,c11_sim,Unknown #3,893,419,152,373
clip_c11_20260617_152852.avi,130,c11_sim,Unknown #3,942,429,118,403
clip_c11_20260617_152852.avi,131,c11_sim,Unknown #3,958,453,152,403
clip_c11_20260617_152852.avi,132,c11_sim,Unknown #3,974,456,140,400
clip_c11_20260617_152852.avi,133,c11_sim,Unknown #3,1003,490,130,367
clip_c11_20260617_152852.avi,134,c11_sim,Unknown #3,1013,499,136,358
clip_c11_20260617_152852.avi,135,c11_sim,Unknown #3,1015,481,147,377
clip_c11_20260617_152852.avi,141,c11_sim,Unknown #3,1127,509,190,421
clip_c11_20260617_152852.avi,142,c11_sim,Unknown #3,1138,517,203,418
clip_c11_20260617_152852.avi,143,c11_sim,Unknown #3,1168,519,179,417
clip_c11_20260617_152852.avi,144,c11_sim,Unknown #3,1221,530,159,406
clip_c11_20260617_152852.avi,145,c11_sim,Unknown #3,1222,536,180,401
clip_c11_20260617_152852.avi,146,c11_sim,Unknown #3,1222,544,201,393
clip_c11_20260617_152852.avi,147,c11_sim,Unknown #3,1226,547,223,392
clip_c11_20260617_152852.avi,148,c11_sim,Unknown #3,1261,548,216,391
clip_c11_20260617_152852.avi,149,c11_sim,Unknown #3,1289,549,201,397
clip_c11_20260617_152852.avi,150,c11_sim,Unknown #3,1337,556,182,418
clip_c11_20260617_152852.avi,151,c11_sim,Unknown #3,1337,565,195,415
clip_c11_20260617_152852.avi,152,c11_sim,Unknown #3,1337,578,212,402
clip_c11_20260617_152852.avi,153,c11_sim,Unknown #3,1349,582,234,400
clip_c11_20260617_152852.avi,154,c11_sim,Unknown #3,1397,589,213,394
clip_c11_20260617_152852.avi,155,c11_sim,Unknown #3,1430,593,203,390
clip_c11_20260617_152852.avi,156,c11_sim,Unknown #3,1430,596,218,388
clip_c11_20260617_152852.avi,157,c11_sim,Unknown #3,1432,604,246,380
clip_c11_20260617_152852.avi,158,c11_sim,Unknown #3,1458,603,243,380
clip_c11_20260617_152852.avi,159,c11_sim,Unknown #3,1504,604,215,378
clip_c11_20260617_152852.avi,160,c11_sim,Unknown #3,1514,604,212,378
clip_c11_20260617_152852.avi,161,c11_sim,Unknown #3,1540,607,191,380
clip_c11_20260617_152852.avi,162,c11_sim,Unknown #3,1538,623,225,365
clip_c11_20260617_152852.avi,163,c11_sim,Unknown #3,1538,632,240,359
clip_c11_20260617_152852.avi,164,c11_sim,Unknown #3,1546,639,249,351
clip_c11_20260617_152852.avi,165,c11_sim,Unknown #3,1583,646,235,349
clip_c11_20260617_152852.avi,166,c11_sim,Unknown #3,1639,651,214,374
clip_c11_20260617_152852.avi,167,c11_sim,Unknown #3,1635,655,229,345
clip_c11_20260617_152852.avi,168,c11_sim,Unknown #3,1635,655,233,387
clip_c11_20260617_152852.avi,169,c11_sim,Unknown #3,1639,656,236,390
clip_c11_20260617_152852.avi,170,c11_sim,Unknown #3,1683,650,218,397
clip_c11_20260617_152852.avi,171,c11_sim,Unknown #3,1687,645,225,405
clip_c11_20260617_152852.avi,172,c11_sim,Unknown #3,1685,644,233,415
clip_c11_20260617_152852.avi,173,c11_sim,Unknown #3,1685,643,234,419
clip_c11_20260617_152852.avi,174,c11_sim,Unknown #3,1684,644,235,430
clip_c11_20260617_152852.avi,175,c11_sim,Unknown #3,1685,649,234,428
clip_c11_20260617_152852.avi,176,c11_sim,Unknown #3,1686,651,233,424
clip_c11_20260617_152852.avi,177,c11_sim,Unknown #3,1723,661,197,394
clip_c11_20260617_152852.avi,0,c11_sim,Unknown #4,818,147,43,119
clip_c11_20260617_152852.avi,1,c11_sim,Unknown #4,817,148,42,121
clip_c11_20260617_152852.avi,2,c11_sim,Unknown #4,808,155,39,120
clip_c11_20260617_152852.avi,3,c11_sim,Unknown #4,807,151,38,125
clip_c11_20260617_152852.avi,4,c11_sim,Unknown #4,801,152,46,126
clip_c11_20260617_152852.avi,5,c11_sim,Unknown #4,797,155,43,130
clip_c11_20260617_152852.avi,6,c11_sim,Unknown #4,797,155,41,132
clip_c11_20260617_152852.avi,7,c11_sim,Unknown #4,798,156,40,132
clip_c11_20260617_152852.avi,8,c11_sim,Unknown #4,799,156,40,134
clip_c11_20260617_152852.avi,9,c11_sim,Unknown #4,800,156,43,134
clip_c11_20260617_152852.avi,10,c11_sim,Unknown #4,799,156,45,134
clip_c11_20260617_152852.avi,11,c11_sim,Unknown #4,800,156,46,135
clip_c11_20260617_152852.avi,12,c11_sim,Unknown #4,801,157,47,135
clip_c11_20260617_152852.avi,13,c11_sim,Unknown #4,800,161,49,137
clip_c11_20260617_152852.avi,14,c11_sim,Unknown #4,801,162,46,137
clip_c11_20260617_152852.avi,15,c11_sim,Unknown #4,800,161,45,139
clip_c11_20260617_152852.avi,16,c11_sim,Unknown #4,800,161,46,138
clip_c11_20260617_152852.avi,17,c11_sim,Unknown #4,799,162,48,140
clip_c11_20260617_152852.avi,18,c11_sim,Unknown #4,799,163,53,141
clip_c11_20260617_152852.avi,19,c11_sim,Unknown #4,799,166,52,138
clip_c11_20260617_152852.avi,20,c11_sim,Unknown #4,806,165,51,142
clip_c11_20260617_152852.avi,21,c11_sim,Unknown #4,806,165,53,142
clip_c11_20260617_152852.avi,22,c11_sim,Unknown #4,806,165,52,143
clip_c11_20260617_152852.avi,23,c11_sim,Unknown #4,804,167,54,145
clip_c11_20260617_152852.avi,24,c11_sim,Unknown #4,805,168,53,145
clip_c11_20260617_152852.avi,25,c11_sim,Unknown #4,804,169,49,147
clip_c11_20260617_152852.avi,26,c11_sim,Unknown #4,804,169,50,147
clip_c11_20260617_152852.avi,27,c11_sim,Unknown #4,803,169,49,147
clip_c11_20260617_152852.avi,28,c11_sim,Unknown #4,800,169,50,148
clip_c11_20260617_152852.avi,29,c11_sim,Unknown #4,799,169,52,151
clip_c11_20260617_152852.avi,30,c11_sim,Unknown #4,800,172,50,154
clip_c11_20260617_152852.avi,31,c11_sim,Unknown #4,804,172,50,155
clip_c11_20260617_152852.avi,32,c11_sim,Unknown #4,803,172,52,155
clip_c11_20260617_152852.avi,33,c11_sim,Unknown #4,802,173,53,154
clip_c11_20260617_152852.avi,34,c11_sim,Unknown #4,802,173,53,154
clip_c11_20260617_152852.avi,35,c11_sim,Unknown #4,801,175,51,162
clip_c11_20260617_152852.avi,36,c11_sim,Unknown #4,800,177,55,160
clip_c11_20260617_152852.avi,37,c11_sim,Unknown #4,797,176,56,162
clip_c11_20260617_152852.avi,38,c11_sim,Unknown #4,797,177,53,163
clip_c11_20260617_152852.avi,39,c11_sim,Unknown #4,798,180,53,162
clip_c11_20260617_152852.avi,40,c11_sim,Unknown #4,797,179,54,164
clip_c11_20260617_152852.avi,41,c11_sim,Unknown #4,797,180,58,165
clip_c11_20260617_152852.avi,42,c11_sim,Unknown #4,805,181,54,167
clip_c11_20260617_152852.avi,43,c11_sim,Unknown #4,806,180,56,169
clip_c11_20260617_152852.avi,44,c11_sim,Unknown #4,806,180,60,169
clip_c11_20260617_152852.avi,45,c11_sim,Unknown #4,811,181,57,174
clip_c11_20260617_152852.avi,46,c11_sim,Unknown #4,810,184,56,176
clip_c11_20260617_152852.avi,47,c11_sim,Unknown #4,811,185,56,177
clip_c11_20260617_152852.avi,48,c11_sim,Unknown #4,811,184,58,177
clip_c11_20260617_152852.avi,49,c11_sim,Unknown #4,810,184,59,178
clip_c11_20260617_152852.avi,50,c11_sim,Unknown #4,805,184,63,178
clip_c11_20260617_152852.avi,51,c11_sim,Unknown #4,809,185,63,182
clip_c11_20260617_152852.avi,52,c11_sim,Unknown #4,812,188,61,180
clip_c11_20260617_152852.avi,53,c11_sim,Unknown #4,814,189,63,185
clip_c11_20260617_152852.avi,54,c11_sim,Unknown #4,820,190,64,184
clip_c11_20260617_152852.avi,55,c11_sim,Unknown #4,822,191,65,183
clip_c11_20260617_152852.avi,56,c11_sim,Unknown #4,823,190,67,185
clip_c11_20260617_152852.avi,57,c11_sim,Unknown #4,825,189,65,186
clip_c11_20260617_152852.avi,58,c11_sim,Unknown #4,830,190,63,194
clip_c11_20260617_152852.avi,59,c11_sim,Unknown #4,829,191,65,194
clip_c11_20260617_152852.avi,60,c11_sim,Unknown #4,828,191,66,196
clip_c11_20260617_152852.avi,61,c11_sim,Unknown #4,829,194,64,195
clip_c11_20260617_152852.avi,62,c11_sim,Unknown #4,832,192,60,197
clip_c11_20260617_152852.avi,63,c11_sim,Unknown #4,836,193,57,196
clip_c11_20260617_152852.avi,64,c11_sim,Unknown #4,837,193,58,198
clip_c11_20260617_152852.avi,65,c11_sim,Unknown #4,838,194,63,199
clip_c11_20260617_152852.avi,66,c11_sim,Unknown #4,843,191,63,207
clip_c11_20260617_152852.avi,67,c11_sim,Unknown #4,847,202,66,202
clip_c11_20260617_152852.avi,68,c11_sim,Unknown #4,849,203,71,202
clip_c11_20260617_152852.avi,69,c11_sim,Unknown #4,856,209,72,196
clip_c11_20260617_152852.avi,70,c11_sim,Unknown #4,858,208,74,204
clip_c11_20260617_152852.avi,71,c11_sim,Unknown #4,863,208,71,206
clip_c11_20260617_152852.avi,72,c11_sim,Unknown #4,865,212,69,205
clip_c11_20260617_152852.avi,73,c11_sim,Unknown #4,865,213,69,207
clip_c11_20260617_152852.avi,74,c11_sim,Unknown #4,868,216,68,209
clip_c11_20260617_152852.avi,75,c11_sim,Unknown #4,869,218,69,203
clip_c11_20260617_152852.avi,76,c11_sim,Unknown #4,871,210,69,213
clip_c11_20260617_152852.avi,77,c11_sim,Unknown #4,873,214,75,216
clip_c11_20260617_152852.avi,78,c11_sim,Unknown #4,879,218,76,217
clip_c11_20260617_152852.avi,79,c11_sim,Unknown #4,884,220,80,221
clip_c11_20260617_152852.avi,80,c11_sim,Unknown #4,889,219,79,222
clip_c11_20260617_152852.avi,81,c11_sim,Unknown #4,892,219,78,222
clip_c11_20260617_152852.avi,82,c11_sim,Unknown #4,896,220,80,221
clip_c11_20260617_152852.avi,83,c11_sim,Unknown #4,903,224,80,231
clip_c11_20260617_152852.avi,84,c11_sim,Unknown #4,907,230,76,235
clip_c11_20260617_152852.avi,85,c11_sim,Unknown #4,907,230,77,235
clip_c11_20260617_152852.avi,86,c11_sim,Unknown #4,906,231,82,235
clip_c11_20260617_152852.avi,87,c11_sim,Unknown #4,907,231,81,234
clip_c11_20260617_152852.avi,88,c11_sim,Unknown #4,908,232,81,234
clip_c11_20260617_152852.avi,89,c11_sim,Unknown #4,909,232,85,236
clip_c11_20260617_152852.avi,90,c11_sim,Unknown #4,909,235,94,237
clip_c11_20260617_152852.avi,91,c11_sim,Unknown #4,915,240,84,242
clip_c11_20260617_152852.avi,92,c11_sim,Unknown #4,924,246,97,256
clip_c11_20260617_152852.avi,93,c11_sim,Unknown #4,917,248,92,265
clip_c11_20260617_152852.avi,94,c11_sim,Unknown #4,914,249,96,265
clip_c11_20260617_152852.avi,95,c11_sim,Unknown #4,911,249,104,267
clip_c11_20260617_152852.avi,96,c11_sim,Unknown #4,911,251,102,271
clip_c11_20260617_152852.avi,97,c11_sim,Unknown #4,919,256,91,278
clip_c11_20260617_152852.avi,98,c11_sim,Unknown #4,930,258,93,281
clip_c11_20260617_152852.avi,99,c11_sim,Unknown #4,931,258,95,280
clip_c11_20260617_152852.avi,100,c11_sim,Unknown #4,934,262,99,288
clip_c11_20260617_152852.avi,101,c11_sim,Unknown #4,938,266,95,295
clip_c11_20260617_152852.avi,102,c11_sim,Unknown #4,936,270,96,303
clip_c11_20260617_152852.avi,103,c11_sim,Unknown #4,932,273,93,301
clip_c11_20260617_152852.avi,104,c11_sim,Unknown #4,929,274,95,303
clip_c11_20260617_152852.avi,105,c11_sim,Unknown #4,926,275,97,302
clip_c11_20260617_152852.avi,106,c11_sim,Unknown #4,926,276,97,302
clip_c11_20260617_152852.avi,107,c11_sim,Unknown #4,926,282,104,312
clip_c11_20260617_152852.avi,108,c11_sim,Unknown #4,930,286,109,318
clip_c11_20260617_152852.avi,109,c11_sim,Unknown #4,933,287,107,322
clip_c11_20260617_152852.avi,110,c11_sim,Unknown #4,941,288,105,322
clip_c11_20260617_152852.avi,111,c11_sim,Unknown #4,943,291,116,321
clip_c11_20260617_152852.avi,112,c11_sim,Unknown #4,949,297,110,336
clip_c11_20260617_152852.avi,113,c11_sim,Unknown #4,950,299,109,337
clip_c11_20260617_152852.avi,114,c11_sim,Unknown #4,943,305,106,351
clip_c11_20260617_152852.avi,115,c11_sim,Unknown #4,940,308,107,349
clip_c11_20260617_152852.avi,116,c11_sim,Unknown #4,950,317,115,356
clip_c11_20260617_152852.avi,117,c11_sim,Unknown #4,955,322,118,360
clip_c11_20260617_152852.avi,118,c11_sim,Unknown #4,964,325,121,365
clip_c11_20260617_152852.avi,119,c11_sim,Unknown #4,966,325,134,367
clip_c11_20260617_152852.avi,120,c11_sim,Unknown #4,972,328,140,364
clip_c11_20260617_152852.avi,121,c11_sim,Unknown #4,979,331,141,361
clip_c11_20260617_152852.avi,122,c11_sim,Unknown #4,989,334,135,374
clip_c11_20260617_152852.avi,123,c11_sim,Unknown #4,989,336,137,384
clip_c11_20260617_152852.avi,124,c11_sim,Unknown #4,992,342,136,392
clip_c11_20260617_152852.avi,125,c11_sim,Unknown #4,995,343,139,394
clip_c11_20260617_152852.avi,126,c11_sim,Unknown #4,999,343,133,395
clip_c11_20260617_152852.avi,127,c11_sim,Unknown #4,997,343,131,395
clip_c11_20260617_152852.avi,128,c11_sim,Unknown #4,1000,343,127,394
clip_c11_20260617_152852.avi,129,c11_sim,Unknown #4,1011,345,115,392
clip_c11_20260617_152852.avi,130,c11_sim,Unknown #4,1027,352,104,384
clip_c11_20260617_152852.avi,131,c11_sim,Unknown #4,1043,363,116,402
clip_c11_20260617_152852.avi,132,c11_sim,Unknown #4,1047,364,123,403
clip_c11_20260617_152852.avi,133,c11_sim,Unknown #4,1034,364,152,402
clip_c11_20260617_152852.avi,134,c11_sim,Unknown #4,1053,367,149,414
clip_c11_20260617_152852.avi,138,c11_sim,Unknown #4,1049,380,193,499
clip_c11_20260617_152852.avi,142,c11_sim,Unknown #4,1114,400,139,422
clip_c11_20260617_152852.avi,143,c11_sim,Unknown #4,1118,401,137,419
clip_c11_20260617_152852.avi,144,c11_sim,Unknown #4,1129,409,141,413
clip_c11_20260617_152852.avi,145,c11_sim,Unknown #4,1135,415,146,424
clip_c11_20260617_152852.avi,146,c11_sim,Unknown #4,1137,423,156,423
clip_c11_20260617_152852.avi,147,c11_sim,Unknown #4,1137,428,175,432
clip_c11_20260617_152852.avi,148,c11_sim,Unknown #4,1140,430,201,431
clip_c11_20260617_152852.avi,149,c11_sim,Unknown #4,1147,431,208,432
clip_c11_20260617_152852.avi,150,c11_sim,Unknown #4,1167,438,205,427
clip_c11_20260617_152852.avi,151,c11_sim,Unknown #4,1185,441,201,445
clip_c11_20260617_152852.avi,152,c11_sim,Unknown #4,1209,447,190,471
clip_c11_20260617_152852.avi,153,c11_sim,Unknown #4,1218,461,192,485
clip_c11_20260617_152852.avi,154,c11_sim,Unknown #4,1220,471,195,489
clip_c11_20260617_152852.avi,155,c11_sim,Unknown #4,1234,477,198,483
clip_c11_20260617_152852.avi,156,c11_sim,Unknown #4,1238,483,198,477
clip_c11_20260617_152852.avi,157,c11_sim,Unknown #4,1241,498,209,463
clip_c11_20260617_152852.avi,158,c11_sim,Unknown #4,1241,509,212,479
clip_c11_20260617_152852.avi,159,c11_sim,Unknown #4,1241,520,220,486
clip_c11_20260617_152852.avi,160,c11_sim,Unknown #4,1242,523,239,488
clip_c11_20260617_152852.avi,161,c11_sim,Unknown #4,1244,530,237,494
clip_c11_20260617_152852.avi,162,c11_sim,Unknown #4,1257,538,274,488
clip_c11_20260617_152852.avi,163,c11_sim,Unknown #4,1269,548,278,477
clip_c11_20260617_152852.avi,164,c11_sim,Unknown #4,1287,554,274,472
clip_c11_20260617_152852.avi,165,c11_sim,Unknown #4,1311,557,271,514
clip_c11_20260617_152852.avi,166,c11_sim,Unknown #4,1327,588,300,488
clip_c11_20260617_152852.avi,167,c11_sim,Unknown #4,1342,593,305,484
clip_c11_20260617_152852.avi,168,c11_sim,Unknown #4,1356,596,294,481
clip_c11_20260617_152852.avi,169,c11_sim,Unknown #4,1379,601,282,476
clip_c11_20260617_152852.avi,170,c11_sim,Unknown #4,1388,610,308,468
clip_c11_20260617_152852.avi,171,c11_sim,Unknown #4,1390,615,322,464
clip_c11_20260617_152852.avi,172,c11_sim,Unknown #4,1398,610,331,469
clip_c11_20260617_152852.avi,173,c11_sim,Unknown #4,1433,605,317,472
clip_c11_20260617_152852.avi,174,c11_sim,Unknown #4,1477,606,286,472
clip_c11_20260617_152852.avi,175,c11_sim,Unknown #4,1507,605,267,471
clip_c11_20260617_152852.avi,176,c11_sim,Unknown #4,1507,607,272,469
clip_c11_20260617_152852.avi,177,c11_sim,Unknown #4,1507,611,282,466
clip_c11_20260617_152852.avi,178,c11_sim,Unknown #4,1508,622,303,448
clip_c11_20260617_152852.avi,179,c11_sim,Unknown #4,1513,630,324,440
clip_c11_20260617_152852.avi,180,c11_sim,Unknown #4,1526,632,325,438
clip_c11_20260617_152852.avi,181,c11_sim,Unknown #4,1546,635,332,434
clip_c11_20260617_152852.avi,182,c11_sim,Unknown #4,1564,642,325,429
clip_c11_20260617_152852.avi,183,c11_sim,Unknown #4,1563,642,330,429
clip_c11_20260617_152852.avi,184,c11_sim,Unknown #4,1563,642,329,429
clip_c11_20260617_152852.avi,185,c11_sim,Unknown #4,1563,643,324,428
clip_c11_20260617_152852.avi,186,c11_sim,Unknown #4,1562,644,341,427
clip_c11_20260617_152852.avi,187,c11_sim,Unknown #4,1562,645,338,426
clip_c11_20260617_152852.avi,188,c11_sim,Unknown #4,1562,645,329,426
clip_c11_20260617_152852.avi,189,c11_sim,Unknown #4,1561,642,339,432
clip_c11_20260617_152852.avi,190,c11_sim,Unknown #4,1561,641,336,431
clip_c11_20260617_152852.avi,191,c11_sim,Unknown #4,1560,639,336,432
clip_c11_20260617_152852.avi,192,c11_sim,Unknown #4,1585,657,316,409
clip_c11_20260617_152852.avi,193,c11_sim,Unknown #4,1582,652,302,370
clip_c11_20260617_152852.avi,194,c11_sim,Unknown #4,1582,661,303,362
clip_c11_20260617_152852.avi,195,c11_sim,Unknown #4,1582,664,302,358
clip_c11_20260617_152852.avi,196,c11_sim,Unknown #4,1582,665,304,358
clip_c11_20260617_152852.avi,197,c11_sim,Unknown #4,1581,666,306,356
clip_c11_20260617_152852.avi,198,c11_sim,Unknown #4,1581,670,311,354
clip_c11_20260617_152852.avi,199,c11_sim,Unknown #4,1581,671,310,354
clip_c11_20260617_152852.avi,200,c11_sim,Unknown #4,1582,675,312,350
clip_c11_20260617_152852.avi,201,c11_sim,Unknown #4,1582,676,320,348
clip_c11_20260617_152852.avi,202,c11_sim,Unknown #4,1582,676,318,349
clip_c11_20260617_152852.avi,203,c11_sim,Unknown #4,1582,675,316,348
clip_c11_20260617_152852.avi,204,c11_sim,Unknown #4,1582,675,310,348
clip_c11_20260617_152852.avi,205,c11_sim,Unknown #4,1582,675,308,348
clip_c11_20260617_152852.avi,206,c11_sim,Unknown #4,1582,674,310,349
clip_c11_20260617_152852.avi,207,c11_sim,Unknown #4,1581,683,313,341
clip_c11_20260617_152852.avi,208,c11_sim,Unknown #4,1581,686,308,337
clip_c11_20260617_152852.avi,209,c11_sim,Unknown #4,1581,688,313,336
clip_c11_20260617_152852.avi,210,c11_sim,Unknown #4,1581,690,327,334
clip_c11_20260617_152852.avi,211,c11_sim,Unknown #4,1582,690,319,335
clip_c11_20260617_152852.avi,212,c11_sim,Unknown #4,1582,693,309,329
clip_c11_20260617_152852.avi,213,c11_sim,Unknown #4,1582,692,308,331
clip_c11_20260617_152852.avi,214,c11_sim,Unknown #4,1582,688,304,335
clip_c11_20260617_152852.avi,215,c11_sim,Unknown #4,1582,688,307,335
clip_c11_20260617_152852.avi,216,c11_sim,Unknown #4,1582,686,305,337
clip_c11_20260617_152852.avi,217,c11_sim,Unknown #4,1582,686,309,337
clip_c11_20260617_152852.avi,218,c11_sim,Unknown #4,1582,687,313,336
clip_c11_20260617_152852.avi,219,c11_sim,Unknown #4,1582,691,332,334
clip_c11_20260617_152852.avi,220,c11_sim,Unknown #4,1583,695,330,333
clip_c11_20260617_152852.avi,221,c11_sim,Unknown #4,1583,699,332,329
clip_c11_20260617_152852.avi,222,c11_sim,Unknown #4,1583,700,333,328
clip_c11_20260617_152852.avi,223,c11_sim,Unknown #4,1582,701,333,326
clip_c11_20260617_152852.avi,224,c11_sim,Unknown #4,1582,701,334,329
clip_c11_20260617_152852.avi,225,c11_sim,Unknown #4,1582,701,334,326
clip_c11_20260617_152852.avi,226,c11_sim,Unknown #4,1582,702,333,324
clip_c11_20260617_152852.avi,227,c11_sim,Unknown #4,1582,695,304,327
clip_c11_20260617_152852.avi,228,c11_sim,Unknown #4,1583,681,304,340
clip_c11_20260617_152852.avi,229,c11_sim,Unknown #4,1581,673,320,348
clip_c11_20260617_152852.avi,230,c11_sim,Unknown #4,1581,668,323,407
clip_c11_20260617_152852.avi,231,c11_sim,Unknown #4,1582,666,307,411
clip_c11_20260617_152852.avi,232,c11_sim,Unknown #4,1582,665,312,412
clip_c11_20260617_152852.avi,233,c11_sim,Unknown #4,1583,664,323,413
clip_c11_20260617_152852.avi,234,c11_sim,Unknown #4,1591,658,325,418
clip_c11_20260617_152852.avi,235,c11_sim,Unknown #4,1593,656,255,419
clip_c11_20260617_152852.avi,236,c11_sim,Unknown #4,1594,660,255,416
clip_c11_20260617_152852.avi,237,c11_sim,Unknown #4,1593,664,259,411
clip_c11_20260617_152852.avi,238,c11_sim,Unknown #4,1594,666,258,410
clip_c11_20260617_152852.avi,239,c11_sim,Unknown #4,1593,666,260,391
clip_c11_20260617_152852.avi,240,c11_sim,Unknown #4,1593,665,260,377
clip_c11_20260617_152852.avi,241,c11_sim,Unknown #4,1592,665,260,382
clip_c11_20260617_152852.avi,242,c11_sim,Unknown #4,1593,665,256,390
clip_c11_20260617_152852.avi,243,c11_sim,Unknown #4,1591,665,250,411
clip_c11_20260617_152852.avi,244,c11_sim,Unknown #4,1591,671,249,404
clip_c11_20260617_152852.avi,245,c11_sim,Unknown #4,1592,679,252,397
clip_c11_20260617_152852.avi,246,c11_sim,Unknown #4,1591,688,258,388
clip_c11_20260617_152852.avi,247,c11_sim,Unknown #4,1591,690,259,385
clip_c11_20260617_152852.avi,248,c11_sim,Unknown #4,1591,704,263,359
clip_c11_20260617_152852.avi,249,c11_sim,Unknown #4,1592,705,261,338
clip_c11_20260617_152852.avi,250,c11_sim,Unknown #4,1592,706,261,361
clip_c11_20260617_152852.avi,251,c11_sim,Unknown #4,1584,710,268,328
clip_c11_20260617_152852.avi,252,c11_sim,Unknown #4,1578,716,270,320
clip_c11_20260617_152852.avi,253,c11_sim,Unknown #4,1578,722,263,315
clip_c11_20260617_152852.avi,254,c11_sim,Unknown #4,1565,733,269,316
clip_c11_20260617_152852.avi,255,c11_sim,Unknown #4,1560,737,273,318
clip_c11_20260617_152852.avi,256,c11_sim,Unknown #4,1556,743,232,316
clip_c11_20260617_152852.avi,257,c11_sim,Unknown #4,1553,747,243,316
clip_c11_20260617_152852.avi,258,c11_sim,Unknown #4,1553,753,269,308
clip_c11_20260617_152852.avi,259,c11_sim,Unknown #4,1550,793,227,283
clip_c11_20260617_152852.avi,260,c11_sim,Unknown #4,1551,795,221,280
clip_c11_20260617_152852.avi,261,c11_sim,Unknown #4,1551,798,214,279
clip_c11_20260617_152852.avi,262,c11_sim,Unknown #4,1550,801,237,275
clip_c11_20260617_152852.avi,263,c11_sim,Unknown #4,1551,800,229,276
clip_c11_20260617_152852.avi,264,c11_sim,Unknown #4,1550,798,239,278
clip_c11_20260617_152852.avi,265,c11_sim,Unknown #4,1551,796,237,278
clip_c11_20260617_152852.avi,266,c11_sim,Unknown #4,1551,770,256,297
clip_c11_20260617_152852.avi,267,c11_sim,Unknown #4,1554,736,283,329
clip_c11_20260617_152852.avi,268,c11_sim,Unknown #4,1554,725,286,341
clip_c11_20260617_152852.avi,269,c11_sim,Unknown #4,1576,640,294,386
clip_c11_20260617_152852.avi,270,c11_sim,Unknown #4,1602,626,290,427
clip_c11_20260617_152852.avi,271,c11_sim,Unknown #4,1638,614,281,464
clip_c11_20260617_152852.avi,272,c11_sim,Unknown #4,1638,617,280,461
clip_c11_20260617_152852.avi,273,c11_sim,Unknown #4,1638,618,280,460
clip_c11_20260617_152852.avi,274,c11_sim,Unknown #4,1637,660,282,419
clip_c10_20260617_152807.avi,6,c10_sim,Unknown #4,1137,107,90,274
clip_c10_20260617_152807.avi,7,c10_sim,Unknown #4,1131,107,99,278
clip_c10_20260617_152807.avi,8,c10_sim,Unknown #4,1105,105,124,283
clip_c10_20260617_152807.avi,9,c10_sim,Unknown #4,1082,108,108,297
clip_c10_20260617_152807.avi,10,c10_sim,Unknown #4,1080,109,106,298
clip_c10_20260617_152807.avi,11,c10_sim,Unknown #4,1037,120,112,294
clip_c10_20260617_152807.avi,12,c10_sim,Unknown #4,972,129,136,287
clip_c10_20260617_152807.avi,13,c10_sim,Unknown #4,952,133,154,297
clip_c10_20260617_152807.avi,14,c10_sim,Unknown #4,952,134,154,300
clip_c10_20260617_152807.avi,15,c10_sim,Unknown #4,941,135,148,299
clip_c10_20260617_152807.avi,16,c10_sim,Unknown #4,909,140,114,300
clip_c10_20260617_152807.avi,17,c10_sim,Unknown #4,897,148,100,320
clip_c10_20260617_152807.avi,18,c10_sim,Unknown #4,888,152,110,321
clip_c10_20260617_152807.avi,19,c10_sim,Unknown #4,886,155,112,324
clip_c10_20260617_152807.avi,20,c10_sim,Unknown #4,866,160,109,325
clip_c10_20260617_152807.avi,21,c10_sim,Unknown #4,861,162,100,323
clip_c10_20260617_152807.avi,22,c10_sim,Unknown #4,837,170,116,332
clip_c10_20260617_152807.avi,23,c10_sim,Unknown #4,815,186,136,338
clip_c10_20260617_152807.avi,24,c10_sim,Unknown #4,804,189,148,350
clip_c10_20260617_152807.avi,25,c10_sim,Unknown #4,757,200,158,340
clip_c10_20260617_152807.avi,26,c10_sim,Unknown #4,744,207,130,355
clip_c10_20260617_152807.avi,27,c10_sim,Unknown #4,739,209,134,361
clip_c10_20260617_152807.avi,28,c10_sim,Unknown #4,725,220,147,367
clip_c10_20260617_152807.avi,29,c10_sim,Unknown #4,700,233,159,372
clip_c10_20260617_152807.avi,30,c10_sim,Unknown #4,680,240,140,365
clip_c10_20260617_152807.avi,31,c10_sim,Unknown #4,678,240,132,365
clip_c10_20260617_152807.avi,32,c10_sim,Unknown #4,655,254,154,367
clip_c10_20260617_152807.avi,33,c10_sim,Unknown #4,625,269,180,379
clip_c10_20260617_152807.avi,34,c10_sim,Unknown #4,616,272,187,385
clip_c10_20260617_152807.avi,35,c10_sim,Unknown #4,578,282,210,380
clip_c10_20260617_152807.avi,36,c10_sim,Unknown #4,529,298,187,378
clip_c10_20260617_152807.avi,37,c10_sim,Unknown #4,510,309,187,397
clip_c10_20260617_152807.avi,38,c10_sim,Unknown #4,476,338,164,403
clip_c10_20260617_152807.avi,39,c10_sim,Unknown #4,461,347,163,394
clip_c10_20260617_152807.avi,40,c10_sim,Unknown #4,452,349,167,392
clip_c10_20260617_152807.avi,41,c10_sim,Unknown #4,431,356,187,385
clip_c10_20260617_152807.avi,42,c10_sim,Unknown #4,402,376,162,380
clip_c10_20260617_152807.avi,43,c10_sim,Unknown #4,323,412,180,392
clip_c10_20260617_152807.avi,44,c10_sim,Unknown #4,308,417,191,387
clip_c10_20260617_152807.avi,45,c10_sim,Unknown #4,292,422,200,369
clip_c10_20260617_152807.avi,46,c10_sim,Unknown #4,269,432,211,371
clip_c10_20260617_152807.avi,47,c10_sim,Unknown #4,265,437,206,409
clip_c10_20260617_152807.avi,48,c10_sim,Unknown #4,235,452,192,421
clip_c10_20260617_152807.avi,49,c10_sim,Unknown #4,194,477,212,410
clip_c10_20260617_152807.avi,50,c10_sim,Unknown #4,192,502,144,276
clip_c10_20260617_152807.avi,51,c10_sim,Unknown #4,153,536,194,379
clip_c10_20260617_152807.avi,52,c10_sim,Unknown #4,123,562,215,384
clip_c10_20260617_152807.avi,13,c10_sim,Unknown #3,1090,205,118,304
clip_c10_20260617_152807.avi,14,c10_sim,Unknown #3,1086,207,120,303
clip_c10_20260617_152807.avi,15,c10_sim,Unknown #3,1079,213,122,330
clip_c10_20260617_152807.avi,16,c10_sim,Unknown #3,1068,229,122,335
clip_c10_20260617_152807.avi,17,c10_sim,Unknown #3,1062,233,124,330
clip_c10_20260617_152807.avi,18,c10_sim,Unknown #3,1059,238,118,325
clip_c10_20260617_152807.avi,19,c10_sim,Unknown #3,1057,238,117,325
clip_c10_20260617_152807.avi,20,c10_sim,Unknown #3,1033,245,131,333
clip_c10_20260617_152807.avi,21,c10_sim,Unknown #3,1028,249,129,341
clip_c10_20260617_152807.avi,22,c10_sim,Unknown #3,987,257,148,351
clip_c10_20260617_152807.avi,23,c10_sim,Unknown #3,964,265,143,361
clip_c10_20260617_152807.avi,24,c10_sim,Unknown #3,958,270,144,378
clip_c10_20260617_152807.avi,25,c10_sim,Unknown #3,941,289,136,386
clip_c10_20260617_152807.avi,26,c10_sim,Unknown #3,932,295,127,382
clip_c10_20260617_152807.avi,27,c10_sim,Unknown #3,929,297,124,380
clip_c10_20260617_152807.avi,28,c10_sim,Unknown #3,909,305,127,381
clip_c10_20260617_152807.avi,29,c10_sim,Unknown #3,874,324,159,404
clip_c10_20260617_152807.avi,30,c10_sim,Unknown #3,846,333,173,396
clip_c10_20260617_152807.avi,31,c10_sim,Unknown #3,840,336,172,393
clip_c10_20260617_152807.avi,32,c10_sim,Unknown #3,809,348,151,408
clip_c10_20260617_152807.avi,33,c10_sim,Unknown #3,783,366,172,423
clip_c10_20260617_152807.avi,34,c10_sim,Unknown #3,776,371,180,423
clip_c10_20260617_152807.avi,35,c10_sim,Unknown #3,753,387,196,417
clip_c10_20260617_152807.avi,36,c10_sim,Unknown #3,703,407,188,399
clip_c10_20260617_152807.avi,37,c10_sim,Unknown #3,677,417,213,396
clip_c10_20260617_152807.avi,38,c10_sim,Unknown #3,618,438,241,402
clip_c10_20260617_152807.avi,39,c10_sim,Unknown #3,583,447,232,394
clip_c10_20260617_152807.avi,40,c10_sim,Unknown #3,573,450,225,398
clip_c10_20260617_152807.avi,41,c10_sim,Unknown #3,556,464,209,437
clip_c10_20260617_152807.avi,42,c10_sim,Unknown #3,528,498,236,435
clip_c10_20260617_152807.avi,43,c10_sim,Unknown #3,465,536,221,399
clip_c10_20260617_152807.avi,44,c10_sim,Unknown #3,452,543,231,394
clip_c10_20260617_152807.avi,45,c10_sim,Unknown #3,438,554,246,409
clip_c10_20260617_152807.avi,46,c10_sim,Unknown #3,417,570,267,418
clip_c10_20260617_152807.avi,47,c10_sim,Unknown #3,410,575,273,418
clip_c10_20260617_152807.avi,48,c10_sim,Unknown #3,380,589,286,407
clip_c10_20260617_152807.avi,49,c10_sim,Unknown #3,342,616,271,380
clip_c10_20260617_152807.avi,50,c10_sim,Unknown #3,311,651,275,425
clip_c10_20260617_152807.avi,51,c10_sim,Unknown #3,263,697,296,381
clip_c10_20260617_152807.avi,52,c10_sim,Unknown #3,226,723,301,355
clip_c10_20260617_152807.avi,53,c10_sim,Unknown #3,221,730,305,348
clip_c10_20260617_152807.avi,54,c10_sim,Unknown #3,172,778,356,301
clip_c10_20260617_152807.avi,55,c10_sim,Unknown #3,46,603,459,476
clip_c10_20260617_152807.avi,56,c10_sim,Unknown #3,85,848,265,229
clip_c10_20260617_152807.avi,57,c10_sim,Unknown #3,61,892,238,187
clip_c10_20260618_154820.avi,11,c10_sim,Unknown #5,847,48,45,86
clip_c10_20260618_154820.avi,12,c10_sim,Unknown #5,847,48,46,86
clip_c10_20260618_154820.avi,13,c10_sim,Unknown #5,847,48,46,86
clip_c10_20260618_154820.avi,14,c10_sim,Unknown #5,847,48,46,86
clip_c10_20260618_154820.avi,15,c10_sim,Unknown #5,847,48,46,86
clip_c10_20260618_154820.avi,16,c10_sim,Unknown #5,847,48,46,86
clip_c10_20260618_154820.avi,17,c10_sim,Unknown #5,847,48,46,86
clip_c10_20260618_154820.avi,18,c10_sim,Unknown #5,846,48,47,85
clip_c10_20260618_154820.avi,19,c10_sim,Unknown #5,846,48,47,86
clip_c10_20260618_154820.avi,20,c10_sim,Unknown #5,847,48,46,86
clip_c10_20260618_154820.avi,21,c10_sim,Unknown #5,847,48,46,86
clip_c10_20260618_154820.avi,22,c10_sim,Unknown #5,847,48,46,86
clip_c10_20260618_154820.avi,23,c10_sim,Unknown #5,846,48,47,86
clip_c10_20260618_154820.avi,24,c10_sim,Unknown #5,847,48,46,85
clip_c10_20260618_154820.avi,3,c10_sim,Unknown #6,235,647,314,432
clip_c10_20260618_154820.avi,4,c10_sim,Unknown #6,262,610,302,467
clip_c10_20260618_154820.avi,5,c10_sim,Unknown #6,282,583,282,455
clip_c10_20260618_154820.avi,6,c10_sim,Unknown #6,302,560,270,421
clip_c10_20260618_154820.avi,7,c10_sim,Unknown #6,316,549,302,425
clip_c10_20260618_154820.avi,8,c10_sim,Unknown #6,332,539,321,434
clip_c10_20260618_154820.avi,9,c10_sim,Unknown #6,340,534,322,439
clip_c10_20260618_154820.avi,10,c10_sim,Unknown #6,424,481,265,441
clip_c10_20260618_154820.avi,11,c10_sim,Unknown #6,448,462,240,412
clip_c10_20260618_154820.avi,12,c10_sim,Unknown #6,469,445,220,424
clip_c10_20260618_154820.avi,13,c10_sim,Unknown #6,488,432,213,437
clip_c10_20260618_154820.avi,14,c10_sim,Unknown #6,504,424,216,444
clip_c10_20260618_154820.avi,15,c10_sim,Unknown #6,524,409,223,451
clip_c10_20260618_154820.avi,16,c10_sim,Unknown #6,532,402,217,453
clip_c10_20260618_154820.avi,17,c10_sim,Unknown #6,587,350,194,401
clip_c10_20260618_154820.avi,18,c10_sim,Unknown #6,618,339,229,412
clip_c10_20260618_154820.avi,19,c10_sim,Unknown #6,653,327,215,422
clip_c10_20260618_154820.avi,20,c10_sim,Unknown #6,679,315,192,410
clip_c10_20260618_154820.avi,21,c10_sim,Unknown #6,697,302,174,384
clip_c10_20260618_154820.avi,22,c10_sim,Unknown #6,709,294,162,376
clip_c10_20260618_154820.avi,23,c10_sim,Unknown #6,715,291,162,380
clip_c10_20260618_154820.avi,24,c10_sim,Unknown #6,788,258,166,399
clip_c10_20260618_154820.avi,25,c10_sim,Unknown #6,816,242,140,389
clip_c10_20260618_154820.avi,26,c10_sim,Unknown #6,860,225,168,367
clip_c10_20260618_154820.avi,27,c10_sim,Unknown #6,875,222,178,369
clip_c10_20260618_154820.avi,28,c10_sim,Unknown #6,883,222,177,369
clip_c10_20260618_154820.avi,33,c10_sim,Unknown #7,1185,153,47,300
clip_c10_20260618_154820.avi,34,c10_sim,Unknown #7,1189,153,44,301
clip_c11_20260618_154736.avi,3,c11_sim,Unknown #6,96,763,284,315
clip_c11_20260618_154736.avi,4,c11_sim,Unknown #6,97,763,283,315
clip_c11_20260618_154736.avi,5,c11_sim,Unknown #6,96,763,284,315
clip_c11_20260618_154736.avi,6,c11_sim,Unknown #6,97,763,282,315
clip_c11_20260618_154736.avi,7,c11_sim,Unknown #6,96,763,283,315
clip_c11_20260618_154736.avi,8,c11_sim,Unknown #6,96,763,284,315
clip_c11_20260618_154736.avi,9,c11_sim,Unknown #6,96,763,284,315
clip_c11_20260618_154736.avi,10,c11_sim,Unknown #6,98,764,283,314
clip_c11_20260618_154736.avi,11,c11_sim,Unknown #6,98,764,282,314
clip_c11_20260618_154736.avi,12,c11_sim,Unknown #6,98,763,283,315
clip_c11_20260618_154736.avi,13,c11_sim,Unknown #6,97,763,284,315
clip_c11_20260618_154736.avi,14,c11_sim,Unknown #6,97,763,284,315
clip_c11_20260618_154736.avi,15,c11_sim,Unknown #6,97,763,284,315
clip_c11_20260618_154736.avi,16,c11_sim,Unknown #6,98,763,283,315
clip_c11_20260618_154736.avi,17,c11_sim,Unknown #6,98,763,283,315
clip_c11_20260618_154736.avi,18,c11_sim,Unknown #6,98,763,283,315
clip_c11_20260618_154736.avi,19,c11_sim,Unknown #6,98,763,282,315
clip_c11_20260618_154736.avi,20,c11_sim,Unknown #6,98,763,282,315
clip_c11_20260618_154736.avi,21,c11_sim,Unknown #6,98,763,283,315
clip_c11_20260618_154736.avi,22,c11_sim,Unknown #6,98,763,283,315
clip_c11_20260618_154736.avi,23,c11_sim,Unknown #6,98,763,282,314
clip_c11_20260618_154736.avi,24,c11_sim,Unknown #6,98,763,282,315
clip_c11_20260618_154736.avi,25,c11_sim,Unknown #6,98,763,284,315
clip_c11_20260618_154736.avi,26,c11_sim,Unknown #6,98,763,282,315
clip_c11_20260618_154736.avi,27,c11_sim,Unknown #6,98,763,283,315
clip_c11_20260618_154736.avi,28,c11_sim,Unknown #6,97,763,284,315
clip_c11_20260618_154736.avi,29,c11_sim,Unknown #6,98,763,282,315
clip_c11_20260618_154736.avi,30,c11_sim,Unknown #6,98,763,282,315
clip_c11_20260618_154736.avi,31,c11_sim,Unknown #6,98,763,283,315
clip_c11_20260618_154736.avi,32,c11_sim,Unknown #6,97,764,284,314
clip_c11_20260618_154736.avi,33,c11_sim,Unknown #6,97,764,284,314
clip_c11_20260618_154736.avi,34,c11_sim,Unknown #6,97,764,284,314
clip_c11_20260618_154736.avi,35,c11_sim,Unknown #6,97,764,285,314
clip_c11_20260618_154736.avi,36,c11_sim,Unknown #6,97,764,284,314
clip_c11_20260618_154736.avi,37,c11_sim,Unknown #6,97,763,284,315
clip_c11_20260618_154736.avi,38,c11_sim,Unknown #6,98,763,283,315
clip_c11_20260618_154736.avi,39,c11_sim,Unknown #6,98,763,282,315
clip_c11_20260618_154736.avi,40,c11_sim,Unknown #6,97,763,283,315
clip_c11_20260618_154736.avi,41,c11_sim,Unknown #6,98,762,282,316
clip_c11_20260618_154736.avi,42,c11_sim,Unknown #6,98,762,283,316
clip_c11_20260618_154736.avi,43,c11_sim,Unknown #6,98,762,283,316
clip_c11_20260618_154736.avi,44,c11_sim,Unknown #6,99,762,282,316
clip_c11_20260618_154736.avi,45,c11_sim,Unknown #6,98,762,283,316
clip_c11_20260618_154736.avi,46,c11_sim,Unknown #6,96,762,285,316
clip_c11_20260618_154736.avi,47,c11_sim,Unknown #6,96,760,286,318
clip_c11_20260618_154736.avi,48,c11_sim,Unknown #6,96,759,286,318
clip_c11_20260618_154736.avi,49,c11_sim,Unknown #6,98,758,288,319
clip_c11_20260618_154736.avi,50,c11_sim,Unknown #6,109,754,281,323
clip_c11_20260618_154736.avi,51,c11_sim,Unknown #6,110,752,281,325
clip_c11_20260618_154736.avi,52,c11_sim,Unknown #6,131,737,264,340
clip_c11_20260618_154736.avi,53,c11_sim,Unknown #6,139,732,259,345
clip_c11_20260618_154736.avi,54,c11_sim,Unknown #6,144,729,257,348
clip_c11_20260618_154736.avi,55,c11_sim,Unknown #6,149,728,256,349
clip_c11_20260618_154736.avi,56,c11_sim,Unknown #6,156,729,272,348
clip_c11_20260618_154736.avi,57,c11_sim,Unknown #6,157,731,268,347
clip_c11_20260618_154736.avi,58,c11_sim,Unknown #6,156,731,267,346
clip_c11_20260618_154736.avi,59,c11_sim,Unknown #6,153,735,269,342
clip_c11_20260618_154736.avi,60,c11_sim,Unknown #6,146,753,269,324
clip_c11_20260618_154736.avi,61,c11_sim,Unknown #6,146,754,267,323
clip_c11_20260618_154736.avi,62,c11_sim,Unknown #6,147,754,270,323
clip_c11_20260618_154736.avi,63,c11_sim,Unknown #6,151,748,272,328
clip_c11_20260618_154736.avi,64,c11_sim,Unknown #6,157,743,271,333
clip_c11_20260618_154736.avi,65,c11_sim,Unknown #6,162,740,268,337
clip_c11_20260618_154736.avi,66,c11_sim,Unknown #6,198,719,244,357
clip_c11_20260618_154736.avi,67,c11_sim,Unknown #6,231,703,228,373
clip_c11_20260618_154736.avi,68,c11_sim,Unknown #6,245,689,226,388
clip_c11_20260618_154736.avi,69,c11_sim,Unknown #6,252,681,227,396
clip_c11_20260618_154736.avi,70,c11_sim,Unknown #6,256,671,227,406
clip_c11_20260618_154736.avi,71,c11_sim,Unknown #6,259,661,226,416
clip_c11_20260618_154736.avi,72,c11_sim,Unknown #6,267,648,221,429
clip_c11_20260618_154736.avi,73,c11_sim,Unknown #6,278,624,216,453
clip_c11_20260618_154736.avi,74,c11_sim,Unknown #6,281,603,213,472
clip_c11_20260618_154736.avi,75,c11_sim,Unknown #6,274,591,228,482
clip_c11_20260618_154736.avi,76,c11_sim,Unknown #6,290,583,265,484
clip_c11_20260618_154736.avi,77,c11_sim,Unknown #6,300,575,271,499
clip_c11_20260618_154736.avi,78,c11_sim,Unknown #6,335,556,257,517
clip_c11_20260618_154736.avi,79,c11_sim,Unknown #6,375,533,217,520
clip_c11_20260618_154736.avi,80,c11_sim,Unknown #6,396,523,195,472
clip_c11_20260618_154736.avi,81,c11_sim,Unknown #6,412,515,181,476
clip_c11_20260618_154736.avi,82,c11_sim,Unknown #6,421,507,172,484
clip_c11_20260618_154736.avi,83,c11_sim,Unknown #6,432,499,164,493
clip_c11_20260618_154736.avi,84,c11_sim,Unknown #6,432,497,167,493
clip_c11_20260618_154736.avi,85,c11_sim,Unknown #6,451,454,175,444
clip_c11_20260618_154736.avi,86,c11_sim,Unknown #6,458,448,194,436
clip_c11_20260618_154736.avi,87,c11_sim,Unknown #6,474,440,181,444
clip_c11_20260618_154736.avi,88,c11_sim,Unknown #6,489,435,172,448
clip_c11_20260618_154736.avi,89,c11_sim,Unknown #6,508,429,152,452
clip_c11_20260618_154736.avi,90,c11_sim,Unknown #6,513,426,147,452
clip_c11_20260618_154736.avi,91,c11_sim,Unknown #6,556,399,125,403
clip_c11_20260618_154736.avi,92,c11_sim,Unknown #6,570,393,118,408
clip_c11_20260618_154736.avi,96,c11_sim,Unknown #6,740,298,120,320
clip_c11_20260618_154736.avi,97,c11_sim,Unknown #6,740,298,122,320
clip_c11_20260618_154736.avi,98,c11_sim,Unknown #6,769,284,137,297
clip_c11_20260618_154736.avi,99,c11_sim,Unknown #6,785,282,126,299
clip_c11_20260618_154736.avi,100,c11_sim,Unknown #6,791,281,122,299
clip_c11_20260618_154736.avi,101,c11_sim,Unknown #6,798,275,118,291
clip_c11_20260618_154736.avi,102,c11_sim,Unknown #6,797,271,123,276
clip_c11_20260618_154736.avi,103,c11_sim,Unknown #6,799,269,121,274
clip_c11_20260618_154736.avi,104,c11_sim,Unknown #6,826,266,108,273
clip_c11_20260618_154736.avi,105,c11_sim,Unknown #6,829,260,111,263
clip_c11_20260618_154736.avi,106,c11_sim,Unknown #6,828,254,110,260
clip_c11_20260618_154736.avi,107,c11_sim,Unknown #6,830,253,100,261
clip_c11_20260618_154736.avi,108,c11_sim,Unknown #6,829,253,94,260
clip_c11_20260618_154736.avi,109,c11_sim,Unknown #6,830,252,88,260
clip_c11_20260618_154736.avi,110,c11_sim,Unknown #6,817,245,83,244
clip_c11_20260618_154736.avi,111,c11_sim,Unknown #6,814,241,79,244
clip_c11_20260618_154736.avi,112,c11_sim,Unknown #6,812,240,80,245
clip_c11_20260618_154736.avi,113,c11_sim,Unknown #6,809,242,98,242
clip_c11_20260618_154736.avi,114,c11_sim,Unknown #6,806,238,95,238
clip_c11_20260618_154736.avi,115,c11_sim,Unknown #6,805,236,93,237
clip_c11_20260618_154736.avi,116,c11_sim,Unknown #6,806,235,92,237
clip_c11_20260618_154736.avi,117,c11_sim,Unknown #6,774,232,88,224
clip_c11_20260618_154736.avi,118,c11_sim,Unknown #6,774,227,77,225
clip_c11_20260618_154736.avi,119,c11_sim,Unknown #6,774,224,72,220
clip_c11_20260618_154736.avi,120,c11_sim,Unknown #6,771,226,63,211
clip_c11_20260618_154736.avi,121,c11_sim,Unknown #6,771,227,62,209
clip_c11_20260618_154736.avi,122,c11_sim,Unknown #6,771,225,61,212
clip_c11_20260618_154736.avi,123,c11_sim,Unknown #6,773,216,35,219
clip_c9_20260617_150354.avi,0,c9_sim,Unknown #8,1193,259,138,346
clip_c9_20260617_150354.avi,1,c9_sim,Unknown #8,1193,253,132,351
clip_c9_20260617_150354.avi,2,c9_sim,Unknown #8,1177,244,128,359
clip_c9_20260617_150354.avi,3,c9_sim,Unknown #8,1150,240,138,363
clip_c9_20260617_150354.avi,4,c9_sim,Unknown #8,1095,238,162,365
clip_c9_20260617_150354.avi,5,c9_sim,Unknown #8,1091,233,164,368
clip_c9_20260617_150354.avi,6,c9_sim,Unknown #8,1090,227,140,370
clip_c9_20260617_150354.avi,7,c9_sim,Unknown #8,1029,220,122,349
clip_c9_20260617_150354.avi,8,c9_sim,Unknown #8,971,222,174,343
clip_c9_20260617_150354.avi,9,c9_sim,Unknown #8,971,223,163,330
clip_c9_20260617_150354.avi,10,c9_sim,Unknown #8,956,217,134,330
clip_c9_20260617_150354.avi,11,c9_sim,Unknown #8,938,213,106,335
clip_c9_20260617_150354.avi,12,c9_sim,Unknown #8,918,213,111,335
clip_c9_20260617_150354.avi,13,c9_sim,Unknown #8,907,213,123,336
clip_c9_20260617_150354.avi,14,c9_sim,Unknown #8,902,213,127,336
clip_c9_20260617_150354.avi,15,c9_sim,Unknown #8,876,203,108,319
clip_c9_20260617_150354.avi,16,c9_sim,Unknown #8,862,201,99,320
clip_c9_20260617_150354.avi,17,c9_sim,Unknown #8,846,200,99,319
clip_c9_20260617_150354.avi,18,c9_sim,Unknown #8,809,201,135,312
clip_c9_20260617_150354.avi,19,c9_sim,Unknown #8,802,202,140,309
clip_c9_20260617_150354.avi,20,c9_sim,Unknown #8,793,200,134,300
clip_c9_20260617_150354.avi,21,c9_sim,Unknown #8,769,195,117,301
clip_c9_20260617_150354.avi,22,c9_sim,Unknown #8,759,194,102,302
clip_c9_20260617_150354.avi,23,c9_sim,Unknown #8,754,194,104,302
clip_c9_20260617_150354.avi,24,c9_sim,Unknown #8,749,194,103,302
clip_c9_20260617_150354.avi,25,c9_sim,Unknown #8,725,194,126,301
clip_c9_20260617_150354.avi,26,c9_sim,Unknown #8,721,193,125,300
clip_c9_20260617_150354.avi,27,c9_sim,Unknown #8,707,188,96,291
clip_c9_20260617_150354.avi,28,c9_sim,Unknown #8,696,186,91,283
clip_c9_20260617_150354.avi,29,c9_sim,Unknown #8,688,187,97,282
clip_c9_20260617_150354.avi,30,c9_sim,Unknown #8,676,189,107,279
clip_c9_20260617_150354.avi,31,c9_sim,Unknown #8,664,186,122,279
clip_c9_20260617_150354.avi,32,c9_sim,Unknown #8,652,181,102,262
clip_c9_20260617_150354.avi,33,c9_sim,Unknown #8,649,180,98,261
clip_c9_20260617_150354.avi,34,c9_sim,Unknown #8,641,179,96,262
clip_c9_20260617_150354.avi,35,c9_sim,Unknown #8,635,178,101,263
clip_c9_20260617_150354.avi,36,c9_sim,Unknown #8,632,172,89,267
clip_c9_20260617_150354.avi,37,c9_sim,Unknown #8,632,168,86,256
clip_c9_20260617_150354.avi,38,c9_sim,Unknown #8,630,167,84,244
clip_c9_20260617_150354.avi,39,c9_sim,Unknown #8,629,167,80,244
clip_c9_20260617_150354.avi,40,c9_sim,Unknown #8,625,168,84,243
clip_c9_20260617_150354.avi,41,c9_sim,Unknown #8,623,166,84,241
clip_c9_20260617_150354.avi,42,c9_sim,Unknown #8,623,163,78,234
clip_c9_20260617_150354.avi,43,c9_sim,Unknown #8,623,162,75,229
clip_c9_20260617_150354.avi,44,c9_sim,Unknown #8,623,159,73,229
clip_c9_20260617_150354.avi,45,c9_sim,Unknown #8,623,156,69,230
clip_c9_20260617_150354.avi,46,c9_sim,Unknown #8,624,152,73,220
clip_c9_20260617_150354.avi,47,c9_sim,Unknown #8,624,147,75,220
clip_c9_20260617_150354.avi,48,c9_sim,Unknown #8,624,146,69,212
clip_c9_20260617_150354.avi,49,c9_sim,Unknown #8,624,146,68,212
clip_c9_20260617_150354.avi,50,c9_sim,Unknown #8,624,146,64,212
clip_c9_20260617_150354.avi,51,c9_sim,Unknown #8,623,146,67,211
clip_c9_20260617_150354.avi,52,c9_sim,Unknown #8,623,146,66,210
clip_c9_20260617_150354.avi,53,c9_sim,Unknown #8,623,144,66,209
clip_c9_20260617_150354.avi,54,c9_sim,Unknown #8,623,137,70,208
clip_c9_20260617_150354.avi,55,c9_sim,Unknown #8,623,135,74,204
clip_c9_20260617_150354.avi,56,c9_sim,Unknown #8,624,133,82,203
clip_c9_20260617_150354.avi,57,c9_sim,Unknown #8,625,132,88,203
clip_c9_20260617_150354.avi,58,c9_sim,Unknown #8,625,132,89,203
clip_c9_20260617_150354.avi,59,c9_sim,Unknown #8,626,131,89,203
clip_c9_20260617_150354.avi,60,c9_sim,Unknown #8,627,131,93,204
clip_c9_20260617_150354.avi,61,c9_sim,Unknown #8,629,130,87,204
clip_c9_20260617_150354.avi,62,c9_sim,Unknown #8,630,130,87,204
clip_c9_20260617_150354.avi,63,c9_sim,Unknown #8,637,129,78,202
clip_c9_20260617_150354.avi,64,c9_sim,Unknown #8,637,129,79,200
clip_c9_20260617_150354.avi,65,c9_sim,Unknown #8,638,128,78,200
clip_c9_20260617_150354.avi,66,c9_sim,Unknown #8,639,128,77,200
clip_c9_20260617_150354.avi,67,c9_sim,Unknown #8,638,128,77,200
clip_c9_20260617_150354.avi,68,c9_sim,Unknown #8,637,128,78,200
clip_c9_20260617_150354.avi,69,c9_sim,Unknown #8,637,128,78,200
clip_c9_20260617_150354.avi,70,c9_sim,Unknown #8,637,128,79,200
clip_c9_20260617_150354.avi,71,c9_sim,Unknown #8,639,128,76,200
clip_c9_20260617_150354.avi,72,c9_sim,Unknown #8,639,128,75,200
clip_c9_20260617_150354.avi,73,c9_sim,Unknown #8,640,128,74,200
clip_c9_20260617_150354.avi,74,c9_sim,Unknown #8,642,130,76,198
clip_c9_20260617_150354.avi,75,c9_sim,Unknown #8,643,130,75,198
clip_c9_20260617_150354.avi,76,c9_sim,Unknown #8,644,130,74,197
clip_c9_20260617_150354.avi,77,c9_sim,Unknown #8,645,130,73,198
clip_c9_20260617_150354.avi,78,c9_sim,Unknown #8,645,130,73,198
clip_c9_20260617_150354.avi,79,c9_sim,Unknown #8,645,130,73,198
clip_c9_20260617_150354.avi,80,c9_sim,Unknown #8,644,130,74,198
clip_c9_20260617_150354.avi,81,c9_sim,Unknown #8,644,130,74,198
clip_c9_20260617_150354.avi,82,c9_sim,Unknown #8,643,130,74,198
clip_c9_20260617_150354.avi,83,c9_sim,Unknown #8,643,130,74,198
clip_c9_20260617_150354.avi,84,c9_sim,Unknown #8,643,130,74,198
clip_c9_20260617_150354.avi,85,c9_sim,Unknown #8,646,130,71,198
clip_c9_20260617_150354.avi,86,c9_sim,Unknown #8,646,130,71,198
clip_c9_20260617_150354.avi,87,c9_sim,Unknown #8,646,130,71,198
clip_c9_20260617_150354.avi,88,c9_sim,Unknown #8,646,130,70,198
clip_c9_20260617_150354.avi,89,c9_sim,Unknown #8,646,130,71,198
clip_c9_20260617_150354.avi,90,c9_sim,Unknown #8,646,129,72,199
clip_c9_20260617_150354.avi,91,c9_sim,Unknown #8,646,129,74,199
clip_c9_20260617_150354.avi,92,c9_sim,Unknown #8,647,129,73,199
clip_c9_20260617_150354.avi,93,c9_sim,Unknown #8,648,129,72,199
clip_c9_20260617_150354.avi,94,c9_sim,Unknown #8,648,129,71,199
clip_c9_20260617_150354.avi,95,c9_sim,Unknown #8,648,129,72,199
clip_c9_20260617_150354.avi,96,c9_sim,Unknown #8,651,127,68,201
clip_c9_20260617_150354.avi,97,c9_sim,Unknown #8,652,128,66,200
clip_c9_20260617_150354.avi,98,c9_sim,Unknown #8,651,128,68,199
clip_c9_20260617_150354.avi,99,c9_sim,Unknown #8,652,127,67,200
clip_c9_20260617_150354.avi,100,c9_sim,Unknown #8,651,127,67,200
clip_c9_20260617_150354.avi,101,c9_sim,Unknown #8,651,127,67,200
clip_c9_20260617_150354.avi,102,c9_sim,Unknown #8,648,127,68,200
clip_c9_20260617_150354.avi,103,c9_sim,Unknown #8,649,128,68,199
clip_c9_20260617_150354.avi,104,c9_sim,Unknown #8,646,128,71,199
clip_c9_20260617_150354.avi,105,c9_sim,Unknown #8,646,128,72,199
clip_c9_20260617_150354.avi,106,c9_sim,Unknown #8,644,128,73,199
clip_c9_20260617_150354.avi,107,c9_sim,Unknown #8,644,128,73,199
clip_c9_20260617_150354.avi,108,c9_sim,Unknown #8,643,128,73,199
clip_c9_20260617_150354.avi,109,c9_sim,Unknown #8,643,128,73,200
clip_c9_20260617_150354.avi,110,c9_sim,Unknown #8,642,128,72,199
clip_c9_20260617_150354.avi,111,c9_sim,Unknown #8,642,128,71,199
clip_c9_20260617_150354.avi,112,c9_sim,Unknown #8,642,128,71,199
clip_c9_20260617_150354.avi,113,c9_sim,Unknown #8,642,128,71,199
clip_c9_20260617_150354.avi,114,c9_sim,Unknown #8,642,128,70,199
clip_c9_20260617_150354.avi,115,c9_sim,Unknown #8,642,128,70,199
clip_c9_20260617_150354.avi,116,c9_sim,Unknown #8,642,128,69,199
clip_c9_20260617_150354.avi,117,c9_sim,Unknown #8,641,128,71,199
clip_c9_20260617_150354.avi,118,c9_sim,Unknown #8,641,128,71,199
clip_c9_20260617_150354.avi,119,c9_sim,Unknown #8,642,128,70,200
clip_c9_20260617_150354.avi,120,c9_sim,Unknown #8,642,128,71,199
clip_c9_20260617_150354.avi,121,c9_sim,Unknown #8,642,128,72,199
clip_c9_20260617_150354.avi,122,c9_sim,Unknown #8,642,128,72,199
clip_c9_20260617_150354.avi,123,c9_sim,Unknown #8,642,128,71,199
clip_c9_20260617_150354.avi,124,c9_sim,Unknown #8,642,128,72,199
clip_c9_20260617_150354.avi,125,c9_sim,Unknown #8,642,128,71,199
clip_c9_20260617_150354.avi,126,c9_sim,Unknown #8,643,128,71,199
clip_c9_20260617_150354.avi,127,c9_sim,Unknown #8,643,128,71,199
clip_c9_20260617_150354.avi,128,c9_sim,Unknown #8,643,128,71,199
clip_c9_20260617_150354.avi,129,c9_sim,Unknown #8,643,128,72,199
clip_c9_20260617_150354.avi,130,c9_sim,Unknown #8,643,128,72,199
clip_c9_20260617_150354.avi,131,c9_sim,Unknown #8,644,128,70,200
clip_c9_20260617_150354.avi,132,c9_sim,Unknown #8,644,128,70,200
clip_c9_20260617_150354.avi,133,c9_sim,Unknown #8,644,128,71,200
clip_c9_20260617_150354.avi,134,c9_sim,Unknown #8,644,128,70,200
clip_c9_20260617_150354.avi,135,c9_sim,Unknown #8,644,128,72,200
clip_c9_20260617_150354.avi,136,c9_sim,Unknown #8,644,128,72,200
clip_c9_20260617_150354.avi,137,c9_sim,Unknown #8,644,128,71,200
clip_c9_20260617_150354.avi,138,c9_sim,Unknown #8,644,128,71,200
clip_c9_20260617_150354.avi,139,c9_sim,Unknown #8,644,128,71,200
clip_c9_20260617_150354.avi,140,c9_sim,Unknown #8,645,128,70,200
clip_c9_20260617_150354.avi,141,c9_sim,Unknown #8,645,128,70,200
clip_c9_20260617_150354.avi,142,c9_sim,Unknown #8,645,128,70,200
clip_c9_20260617_150354.avi,143,c9_sim,Unknown #8,645,128,71,200
clip_c9_20260617_150354.avi,144,c9_sim,Unknown #8,645,128,71,200
clip_c9_20260617_150354.avi,145,c9_sim,Unknown #8,645,128,71,200
clip_c9_20260617_150354.avi,146,c9_sim,Unknown #8,645,128,71,200
clip_c9_20260617_150354.avi,147,c9_sim,Unknown #8,645,128,72,200
clip_c9_20260617_150354.avi,148,c9_sim,Unknown #8,647,128,69,200
clip_c9_20260617_150354.avi,149,c9_sim,Unknown #8,648,128,67,200
clip_c9_20260617_150354.avi,150,c9_sim,Unknown #8,648,128,68,200
clip_c9_20260617_150354.avi,151,c9_sim,Unknown #8,648,128,67,200
clip_c9_20260617_150354.avi,152,c9_sim,Unknown #8,649,128,66,200
clip_c9_20260617_150354.avi,153,c9_sim,Unknown #8,648,127,69,201
clip_c9_20260617_150354.avi,154,c9_sim,Unknown #8,648,127,69,201
clip_c9_20260617_150354.avi,155,c9_sim,Unknown #8,648,127,71,200
clip_c9_20260617_150354.avi,156,c9_sim,Unknown #8,648,127,71,200
clip_c9_20260617_150354.avi,157,c9_sim,Unknown #8,648,128,70,200
clip_c9_20260617_150354.avi,158,c9_sim,Unknown #8,649,128,69,200
clip_c9_20260617_150354.avi,159,c9_sim,Unknown #8,647,128,71,200
clip_c9_20260617_150354.avi,160,c9_sim,Unknown #8,646,128,71,200
clip_c9_20260617_150354.avi,161,c9_sim,Unknown #8,646,128,71,200
clip_c9_20260617_150354.avi,162,c9_sim,Unknown #8,645,128,72,200
clip_c9_20260617_150354.avi,163,c9_sim,Unknown #8,645,128,72,200
clip_c9_20260617_150354.avi,164,c9_sim,Unknown #8,646,128,72,200
clip_c9_20260617_150354.avi,165,c9_sim,Unknown #8,645,128,72,200
clip_c9_20260617_150354.avi,166,c9_sim,Unknown #8,646,128,70,200
clip_c9_20260617_150354.avi,167,c9_sim,Unknown #8,644,128,72,199
clip_c9_20260617_150354.avi,168,c9_sim,Unknown #8,643,129,74,198
clip_c9_20260617_150354.avi,169,c9_sim,Unknown #8,643,128,74,199
clip_c9_20260617_150354.avi,170,c9_sim,Unknown #8,642,128,75,200
clip_c9_20260617_150354.avi,171,c9_sim,Unknown #8,642,129,75,199
clip_c9_20260617_150354.avi,172,c9_sim,Unknown #8,642,129,74,199
clip_c9_20260617_150354.avi,173,c9_sim,Unknown #8,642,129,75,199
clip_c9_20260617_150354.avi,174,c9_sim,Unknown #8,642,129,75,199
clip_c9_20260617_150354.avi,175,c9_sim,Unknown #8,642,129,75,199
clip_c9_20260617_150354.avi,176,c9_sim,Unknown #8,642,129,74,199
clip_c9_20260617_150354.avi,177,c9_sim,Unknown #8,642,129,75,199
clip_c9_20260617_150354.avi,178,c9_sim,Unknown #8,642,129,76,199
clip_c9_20260617_150354.avi,179,c9_sim,Unknown #8,642,129,75,199
clip_c9_20260617_150354.avi,180,c9_sim,Unknown #8,642,129,76,199
clip_c9_20260617_150354.avi,181,c9_sim,Unknown #8,643,129,75,199
clip_c9_20260617_150354.avi,182,c9_sim,Unknown #8,644,129,72,199
clip_c9_20260617_150354.avi,183,c9_sim,Unknown #8,645,129,70,199
clip_c9_20260617_150354.avi,184,c9_sim,Unknown #8,646,129,68,199
clip_c9_20260617_150354.avi,185,c9_sim,Unknown #8,645,129,69,199
clip_c9_20260617_150354.avi,186,c9_sim,Unknown #8,645,129,68,199
clip_c9_20260617_150354.avi,187,c9_sim,Unknown #8,645,129,70,199
clip_c9_20260617_150354.avi,188,c9_sim,Unknown #8,647,128,67,200
clip_c9_20260617_150354.avi,189,c9_sim,Unknown #8,650,128,63,200
clip_c9_20260617_150354.avi,190,c9_sim,Unknown #8,650,128,63,200
clip_c9_20260617_150354.avi,191,c9_sim,Unknown #8,650,127,64,201
clip_c9_20260617_150354.avi,192,c9_sim,Unknown #8,650,127,64,201
clip_c9_20260617_150354.avi,193,c9_sim,Unknown #8,651,127,62,201
clip_c9_20260617_150354.avi,194,c9_sim,Unknown #8,652,127,62,200
clip_c9_20260617_150354.avi,195,c9_sim,Unknown #8,651,127,65,201
clip_c9_20260617_150354.avi,196,c9_sim,Unknown #8,651,126,66,202
clip_c9_20260617_150354.avi,197,c9_sim,Unknown #8,651,126,65,202
clip_c9_20260617_150354.avi,198,c9_sim,Unknown #8,650,127,67,202
clip_c9_20260617_150354.avi,199,c9_sim,Unknown #8,648,128,69,201
clip_c9_20260617_150354.avi,200,c9_sim,Unknown #8,644,128,74,203
clip_c9_20260617_150354.avi,201,c9_sim,Unknown #8,641,129,85,203
clip_c9_20260617_150354.avi,202,c9_sim,Unknown #8,635,129,84,205
clip_c9_20260617_150354.avi,203,c9_sim,Unknown #8,628,132,84,203
clip_c9_20260617_150354.avi,204,c9_sim,Unknown #8,624,134,90,202
clip_c9_20260617_150354.avi,205,c9_sim,Unknown #8,624,134,90,201
clip_c9_20260617_150354.avi,206,c9_sim,Unknown #8,623,134,84,202
clip_c9_20260617_150354.avi,207,c9_sim,Unknown #8,623,134,77,205
clip_c9_20260617_150354.avi,208,c9_sim,Unknown #8,623,135,69,208
clip_c9_20260617_150354.avi,209,c9_sim,Unknown #8,622,135,67,210
clip_c9_20260617_150354.avi,210,c9_sim,Unknown #8,623,135,66,212
clip_c9_20260617_150354.avi,211,c9_sim,Unknown #8,624,137,58,215
clip_c9_20260617_150354.avi,212,c9_sim,Unknown #8,627,140,56,211
clip_c9_20260617_150354.avi,213,c9_sim,Unknown #8,626,141,62,211
clip_c9_20260617_150354.avi,214,c9_sim,Unknown #8,627,142,72,209
clip_c9_20260617_150354.avi,215,c9_sim,Unknown #8,627,142,81,210
clip_c9_20260617_150354.avi,216,c9_sim,Unknown #8,629,144,102,208
clip_c9_20260617_150354.avi,217,c9_sim,Unknown #8,632,145,109,209
clip_c9_20260617_150354.avi,218,c9_sim,Unknown #8,635,146,103,209
clip_c9_20260617_150354.avi,219,c9_sim,Unknown #8,648,144,94,215
clip_c9_20260617_150354.avi,220,c9_sim,Unknown #8,662,148,82,236
clip_c9_20260617_150354.avi,221,c9_sim,Unknown #8,666,153,89,234
clip_c9_20260617_150354.avi,222,c9_sim,Unknown #8,671,154,95,235
clip_c9_20260617_150354.avi,223,c9_sim,Unknown #8,682,154,94,236
clip_c9_20260617_150354.avi,224,c9_sim,Unknown #8,687,155,98,238
clip_c9_20260617_150354.avi,225,c9_sim,Unknown #8,688,157,109,240
clip_c9_20260617_150354.avi,226,c9_sim,Unknown #8,711,161,99,252
clip_c9_20260617_150354.avi,227,c9_sim,Unknown #8,716,162,99,251
clip_c9_20260617_150354.avi,228,c9_sim,Unknown #8,719,164,102,257
clip_c9_20260617_150354.avi,229,c9_sim,Unknown #8,726,168,110,278
clip_c9_20260617_150354.avi,230,c9_sim,Unknown #8,734,172,117,278
clip_c9_20260617_150354.avi,231,c9_sim,Unknown #8,742,174,113,277
clip_c9_20260617_150354.avi,232,c9_sim,Unknown #8,755,172,115,280
clip_c9_20260617_150354.avi,233,c9_sim,Unknown #8,766,172,119,280
clip_c9_20260617_150354.avi,234,c9_sim,Unknown #8,771,173,116,279
clip_c9_20260617_150354.avi,235,c9_sim,Unknown #8,778,174,117,278
clip_c9_20260617_150354.avi,236,c9_sim,Unknown #8,807,180,134,295
clip_c9_20260617_150354.avi,237,c9_sim,Unknown #8,827,179,117,296
clip_c9_20260617_150354.avi,238,c9_sim,Unknown #8,838,178,117,297
clip_c9_20260617_150354.avi,239,c9_sim,Unknown #8,845,184,142,324
clip_c9_20260617_150354.avi,240,c9_sim,Unknown #8,850,187,144,323
clip_c9_20260617_150354.avi,241,c9_sim,Unknown #8,866,192,141,322
clip_c9_20260617_150354.avi,242,c9_sim,Unknown #8,904,193,127,327
clip_c9_20260617_150354.avi,243,c9_sim,Unknown #8,919,193,111,327
clip_c9_20260617_150354.avi,244,c9_sim,Unknown #8,942,193,105,328
clip_c9_20260617_150354.avi,245,c9_sim,Unknown #8,951,195,113,326
clip_c9_20260617_150354.avi,246,c9_sim,Unknown #8,960,196,112,325
clip_c9_20260617_150354.avi,247,c9_sim,Unknown #8,966,204,176,327
clip_c9_20260617_150354.avi,248,c9_sim,Unknown #8,1002,203,144,333
clip_c9_20260617_150354.avi,249,c9_sim,Unknown #8,1022,204,122,332
clip_c9_20260617_150354.avi,250,c9_sim,Unknown #8,1072,212,172,356
clip_c9_20260617_150354.avi,251,c9_sim,Unknown #8,1085,219,183,353
clip_c9_20260617_150354.avi,252,c9_sim,Unknown #8,1122,221,147,352
clip_c9_20260617_150354.avi,253,c9_sim,Unknown #8,1184,222,106,351
clip_c9_20260617_150354.avi,254,c9_sim,Unknown #8,1196,224,121,349
clip_c9_20260617_150354.avi,255,c9_sim,Unknown #8,1207,232,125,342
clip_c9_20260617_150354.avi,256,c9_sim,Unknown #8,1210,240,122,334
clip_c11_20260618_155113.avi,3,c11_sim,Unknown #9,811,168,45,113
clip_c11_20260618_155113.avi,4,c11_sim,Unknown #9,815,172,48,120
clip_c11_20260618_155113.avi,5,c11_sim,Unknown #9,817,173,48,120
clip_c11_20260618_155113.avi,6,c11_sim,Unknown #9,825,176,39,123
clip_c11_20260618_155113.avi,7,c11_sim,Unknown #9,824,176,43,125
clip_c11_20260618_155113.avi,8,c11_sim,Unknown #9,822,177,44,128
clip_c11_20260618_155113.avi,9,c11_sim,Unknown #9,821,178,45,128
clip_c11_20260618_155113.avi,10,c11_sim,Unknown #9,819,179,46,128
clip_c11_20260618_155113.avi,11,c11_sim,Unknown #9,818,180,47,127
clip_c11_20260618_155113.avi,12,c11_sim,Unknown #9,818,180,47,128
clip_c11_20260618_155113.avi,13,c11_sim,Unknown #9,823,182,46,134
clip_c11_20260618_155113.avi,14,c11_sim,Unknown #9,825,183,43,134
clip_c11_20260618_155113.avi,15,c11_sim,Unknown #9,825,182,43,136
clip_c11_20260618_155113.avi,16,c11_sim,Unknown #9,824,179,49,143
clip_c11_20260618_155113.avi,17,c11_sim,Unknown #9,820,184,51,142
clip_c11_20260618_155113.avi,18,c11_sim,Unknown #9,818,185,52,141
clip_c11_20260618_155113.avi,19,c11_sim,Unknown #9,829,190,52,159
clip_c11_20260618_155113.avi,20,c11_sim,Unknown #9,833,190,52,165
clip_c11_20260618_155113.avi,21,c11_sim,Unknown #9,842,190,56,170
clip_c11_20260618_155113.avi,22,c11_sim,Unknown #9,841,188,58,173
clip_c11_20260618_155113.avi,23,c11_sim,Unknown #9,848,209,53,165
clip_c11_20260618_155113.avi,24,c11_sim,Unknown #9,857,210,49,175
clip_c11_20260618_155113.avi,25,c11_sim,Unknown #9,855,212,55,176
clip_c11_20260618_155113.avi,26,c11_sim,Unknown #9,860,223,61,179
clip_c11_20260618_155113.avi,27,c11_sim,Unknown #9,859,224,64,179
clip_c11_20260618_155113.avi,28,c11_sim,Unknown #9,861,223,62,182
clip_c11_20260618_155113.avi,29,c11_sim,Unknown #9,865,225,61,190
clip_c11_20260618_155113.avi,30,c11_sim,Unknown #9,869,225,60,190
clip_c11_20260618_155113.avi,31,c11_sim,Unknown #9,877,238,62,182
clip_c11_20260618_155113.avi,32,c11_sim,Unknown #9,872,245,74,199
clip_c11_20260618_155113.avi,33,c11_sim,Unknown #9,881,253,72,211
clip_c11_20260618_155113.avi,34,c11_sim,Unknown #9,886,252,79,211
clip_c11_20260618_155113.avi,35,c11_sim,Unknown #9,886,252,83,223
clip_c11_20260618_155113.avi,36,c11_sim,Unknown #9,882,257,84,227
clip_c11_20260618_155113.avi,37,c11_sim,Unknown #9,882,261,84,228
clip_c11_20260618_155113.avi,38,c11_sim,Unknown #9,883,266,81,223
clip_c11_20260618_155113.avi,39,c11_sim,Unknown #9,883,266,80,223
clip_c11_20260618_155113.avi,40,c11_sim,Unknown #9,886,268,80,221
clip_c11_20260618_155113.avi,41,c11_sim,Unknown #9,891,272,75,237
clip_c11_20260618_155113.avi,42,c11_sim,Unknown #9,901,274,75,242
clip_c11_20260618_155113.avi,43,c11_sim,Unknown #9,900,279,95,238
clip_c11_20260618_155113.avi,44,c11_sim,Unknown #9,899,280,102,241
clip_c11_20260618_155113.avi,45,c11_sim,Unknown #9,899,282,100,256
clip_c11_20260618_155113.avi,46,c11_sim,Unknown #9,898,287,101,257
clip_c11_20260618_155113.avi,47,c11_sim,Unknown #9,899,289,97,256
clip_c11_20260618_155113.avi,48,c11_sim,Unknown #9,917,300,86,269
clip_c11_20260618_155113.avi,49,c11_sim,Unknown #9,933,305,79,277
clip_c11_20260618_155113.avi,50,c11_sim,Unknown #9,933,308,95,275
clip_c11_20260618_155113.avi,51,c11_sim,Unknown #9,943,312,103,271
clip_c11_20260618_155113.avi,52,c11_sim,Unknown #9,948,315,107,276
clip_c11_20260618_155113.avi,53,c11_sim,Unknown #9,947,316,112,287
clip_c11_20260618_155113.avi,54,c11_sim,Unknown #9,947,318,115,293
clip_c11_20260618_155113.avi,55,c11_sim,Unknown #9,950,328,120,296
clip_c11_20260618_155113.avi,56,c11_sim,Unknown #9,970,333,102,292
clip_c11_20260618_155113.avi,57,c11_sim,Unknown #9,975,339,101,296
clip_c11_20260618_155113.avi,58,c11_sim,Unknown #9,1006,352,117,310
clip_c11_20260618_155113.avi,59,c11_sim,Unknown #9,1028,354,109,309
clip_c11_20260618_155113.avi,60,c11_sim,Unknown #9,1041,358,112,313
clip_c11_20260618_155113.avi,61,c11_sim,Unknown #9,1061,369,104,334
clip_c11_20260618_155113.avi,62,c11_sim,Unknown #9,1072,379,131,337
clip_c11_20260618_155113.avi,63,c11_sim,Unknown #9,1105,390,114,326
clip_c11_20260618_155113.avi,64,c11_sim,Unknown #9,1112,400,149,333
clip_c11_20260618_155113.avi,65,c11_sim,Unknown #9,1116,406,171,339
clip_c11_20260618_155113.avi,66,c11_sim,Unknown #9,1133,409,180,338
clip_c11_20260618_155113.avi,67,c11_sim,Unknown #9,1143,410,171,338
clip_c11_20260618_155113.avi,68,c11_sim,Unknown #9,1174,414,158,333
clip_c11_20260618_155113.avi,69,c11_sim,Unknown #9,1206,424,165,360
clip_c11_20260618_155113.avi,70,c11_sim,Unknown #9,1209,434,184,359
clip_c11_20260618_155113.avi,71,c11_sim,Unknown #9,1261,442,169,351
clip_c11_20260618_155113.avi,72,c11_sim,Unknown #9,1296,448,162,348
clip_c11_20260618_155113.avi,73,c11_sim,Unknown #9,1296,452,160,344
clip_c11_20260618_155113.avi,74,c11_sim,Unknown #9,1296,454,168,341
clip_c11_20260618_155113.avi,75,c11_sim,Unknown #9,1299,455,182,340
clip_c11_20260618_155113.avi,76,c11_sim,Unknown #9,1384,455,152,349
clip_c11_20260618_155113.avi,77,c11_sim,Unknown #9,1385,458,158,333
clip_c11_20260618_155113.avi,78,c11_sim,Unknown #9,1394,462,165,322
clip_c11_20260618_155113.avi,79,c11_sim,Unknown #9,1469,453,119,334
clip_c11_20260618_155113.avi,80,c11_sim,Unknown #9,1471,446,117,341
clip_c11_20260618_155113.avi,81,c11_sim,Unknown #9,1460,435,128,344
clip_c8_20260617_150429.avi,17,c8_sim,Unknown #1,966,581,223,358
clip_c8_20260617_150429.avi,18,c8_sim,Unknown #1,980,566,211,368
clip_c8_20260617_150429.avi,19,c8_sim,Unknown #1,1027,539,198,345
clip_c8_20260617_150429.avi,20,c8_sim,Unknown #1,1056,520,190,342
clip_c8_20260617_150429.avi,21,c8_sim,Unknown #1,1067,512,190,349
clip_c8_20260617_150429.avi,22,c8_sim,Unknown #1,1077,504,191,357
clip_c8_20260617_150429.avi,23,c8_sim,Unknown #1,1122,469,189,387
clip_c8_20260617_150429.avi,24,c8_sim,Unknown #1,1165,458,176,352
clip_c8_20260617_150429.avi,25,c8_sim,Unknown #1,1184,459,173,313
clip_c8_20260617_150429.avi,26,c8_sim,Unknown #1,1209,457,175,296
clip_c8_20260617_150429.avi,27,c8_sim,Unknown #1,1215,384,188,369
clip_c8_20260617_150429.avi,28,c8_sim,Unknown #1,1216,375,207,375
clip_c8_20260617_150429.avi,29,c8_sim,Unknown #1,1227,365,201,362
clip_c8_20260617_150429.avi,30,c8_sim,Unknown #1,1271,347,178,336
clip_c8_20260617_150429.avi,31,c8_sim,Unknown #1,1288,341,177,342
clip_c8_20260617_150429.avi,32,c8_sim,Unknown #1,1309,334,172,347
clip_c8_20260617_150429.avi,33,c8_sim,Unknown #1,1331,308,191,371
clip_c8_20260617_150429.avi,34,c8_sim,Unknown #1,1357,290,174,369
clip_c8_20260617_150429.avi,35,c8_sim,Unknown #1,1385,271,153,341
clip_c8_20260617_150429.avi,36,c8_sim,Unknown #1,1399,260,162,338
clip_c8_20260617_150429.avi,37,c8_sim,Unknown #1,1400,255,168,343
clip_c8_20260617_150429.avi,38,c8_sim,Unknown #1,1400,250,139,347
clip_c8_20260617_150429.avi,39,c8_sim,Unknown #1,1409,242,140,336
clip_c8_20260617_150429.avi,40,c8_sim,Unknown #1,1419,233,155,327
clip_c8_20260617_150429.avi,41,c8_sim,Unknown #1,1432,228,146,314
clip_c8_20260617_150429.avi,42,c8_sim,Unknown #1,1446,223,141,312
clip_c8_20260617_150429.avi,43,c8_sim,Unknown #1,1481,207,125,327
clip_c8_20260617_150429.avi,44,c8_sim,Unknown #1,1491,197,120,326
clip_c8_20260617_150429.avi,45,c8_sim,Unknown #1,1505,183,112,308
clip_c8_20260617_150429.avi,46,c8_sim,Unknown #1,1510,178,113,226
clip_c8_20260617_150429.avi,47,c8_sim,Unknown #1,1515,173,114,232
clip_c8_20260617_150429.avi,48,c8_sim,Unknown #1,1522,169,115,236
clip_c8_20260617_150429.avi,49,c8_sim,Unknown #1,1527,165,117,240
clip_c8_20260617_150429.avi,50,c8_sim,Unknown #1,1533,156,121,249
clip_c8_20260617_150429.avi,51,c8_sim,Unknown #1,1529,153,131,252
clip_c8_20260617_150429.avi,52,c8_sim,Unknown #1,1530,150,131,254
clip_c8_20260617_150429.avi,53,c8_sim,Unknown #1,1563,137,110,268
clip_c8_20260617_150429.avi,54,c8_sim,Unknown #1,1565,130,114,274
clip_c8_20260617_150429.avi,55,c8_sim,Unknown #1,1574,122,103,278
clip_c8_20260617_150429.avi,56,c8_sim,Unknown #1,1578,117,103,274
clip_c8_20260617_150429.avi,57,c8_sim,Unknown #1,1580,112,103,270
clip_c8_20260617_150429.avi,58,c8_sim,Unknown #1,1581,109,105,266
clip_c8_20260617_150429.avi,59,c8_sim,Unknown #1,1580,109,108,264
clip_c8_20260617_150429.avi,60,c8_sim,Unknown #1,1579,110,116,260
clip_c8_20260617_150429.avi,61,c8_sim,Unknown #1,1580,111,115,258
clip_c8_20260617_150429.avi,62,c8_sim,Unknown #1,1579,114,137,253
clip_c8_20260617_150429.avi,63,c8_sim,Unknown #1,1580,113,140,254
clip_c8_20260617_150429.avi,64,c8_sim,Unknown #1,1583,114,143,250
clip_c8_20260617_150429.avi,65,c8_sim,Unknown #1,1587,113,143,254
clip_c8_20260617_150429.avi,66,c8_sim,Unknown #1,1605,112,128,256
clip_c8_20260617_150429.avi,67,c8_sim,Unknown #1,1630,114,106,257
clip_c8_20260617_150429.avi,68,c8_sim,Unknown #1,1642,118,96,256
clip_c8_20260727_145055.avi,3,c8_sim,Unknown #10,1113,527,182,357
clip_c8_20260727_145055.avi,4,c8_sim,Unknown #10,1130,493,230,391
clip_c8_20260727_145055.avi,5,c8_sim,Unknown #10,1177,458,190,388
clip_c8_20260727_145055.avi,6,c8_sim,Unknown #10,1230,458,138,318
clip_c8_20260727_145055.avi,7,c8_sim,Unknown #10,1239,457,146,309
clip_c8_20260727_145055.avi,8,c8_sim,Unknown #10,1258,366,155,360
clip_c8_20260727_145055.avi,9,c8_sim,Unknown #10,1308,335,144,351
clip_c8_20260727_145055.avi,10,c8_sim,Unknown #10,1324,311,153,372
clip_c8_20260727_145055.avi,11,c8_sim,Unknown #10,1354,282,122,362
clip_c8_20260727_145055.avi,12,c8_sim,Unknown #10,1375,257,113,326
clip_c8_20260727_145055.avi,13,c8_sim,Unknown #10,1379,240,124,344
clip_c8_20260727_145055.avi,14,c8_sim,Unknown #10,1398,219,127,317
clip_c8_20260727_145055.avi,15,c8_sim,Unknown #10,1424,200,122,316
clip_c8_20260727_145055.avi,16,c8_sim,Unknown #10,1439,185,114,331
clip_c8_20260727_145055.avi,17,c8_sim,Unknown #10,1446,166,111,239
clip_c8_20260727_145055.avi,18,c8_sim,Unknown #10,1463,152,92,251
clip_c8_20260727_145055.avi,19,c8_sim,Unknown #10,1466,143,93,260
clip_c8_20260727_145055.avi,20,c8_sim,Unknown #10,1475,133,98,267
clip_c8_20260727_145055.avi,21,c8_sim,Unknown #10,1492,121,100,269
clip_c8_20260727_145055.avi,22,c8_sim,Unknown #10,1501,113,95,277
clip_c8_20260727_145055.avi,23,c8_sim,Unknown #10,1507,101,95,267
clip_c8_20260727_145055.avi,24,c8_sim,Unknown #10,1530,91,77,251
clip_c8_20260727_145055.avi,25,c8_sim,Unknown #10,1528,88,90,253
clip_c8_20260727_145055.avi,26,c8_sim,Unknown #10,1544,82,86,236
clip_c8_20260727_145055.avi,27,c8_sim,Unknown #10,1565,76,86,236
clip_c8_20260727_145055.avi,28,c8_sim,Unknown #10,1574,72,108,241
clip_c8_20260727_145055.avi,30,c8_sim,Unknown #10,1602,44,80,236
clip_c8_20260727_145055.avi,31,c8_sim,Unknown #10,1604,44,78,232
clip_c10_20260618_155056.avi,3,c10_sim,Unknown #9,984,217,140,322
clip_c10_20260618_155056.avi,4,c10_sim,Unknown #9,955,229,177,342
clip_c10_20260618_155056.avi,5,c10_sim,Unknown #9,937,234,175,339
clip_c10_20260618_155056.avi,6,c10_sim,Unknown #9,932,236,169,337
clip_c10_20260618_155056.avi,7,c10_sim,Unknown #9,871,256,167,339
clip_c10_20260618_155056.avi,8,c10_sim,Unknown #9,851,261,182,341
clip_c10_20260618_155056.avi,9,c10_sim,Unknown #9,843,268,167,333
clip_c10_20260618_155056.avi,10,c10_sim,Unknown #9,824,276,131,344
clip_c10_20260618_155056.avi,11,c10_sim,Unknown #9,810,284,131,367
clip_c10_20260618_155056.avi,12,c10_sim,Unknown #9,799,289,142,359
clip_c10_20260618_155056.avi,13,c10_sim,Unknown #9,795,293,146,368
clip_c10_20260618_155056.avi,14,c10_sim,Unknown #9,749,307,157,361
clip_c10_20260618_155056.avi,15,c10_sim,Unknown #9,723,317,166,354
clip_c10_20260618_155056.avi,16,c10_sim,Unknown #9,687,336,193,364
clip_c10_20260618_155056.avi,17,c10_sim,Unknown #9,663,344,210,358
clip_c10_20260618_155056.avi,18,c10_sim,Unknown #9,636,354,195,350
clip_c10_20260618_155056.avi,19,c10_sim,Unknown #9,629,356,185,350
clip_c10_20260618_155056.avi,20,c10_sim,Unknown #9,517,421,201,366
clip_c10_20260618_155056.avi,21,c10_sim,Unknown #9,462,459,249,385
clip_c10_20260618_155056.avi,22,c10_sim,Unknown #9,456,464,252,381
clip_c10_20260618_155056.avi,23,c10_sim,Unknown #9,351,544,257,405
clip_c10_20260618_155056.avi,24,c10_sim,Unknown #9,320,568,241,382
clip_c10_20260618_155056.avi,25,c10_sim,Unknown #9,292,592,260,360
clip_c10_20260618_155056.avi,26,c10_sim,Unknown #9,285,598,268,365
clip_c10_20260618_155056.avi,27,c10_sim,Unknown #9,204,672,302,353
clip_c12_20260617_152841.avi,7,c12_sim,Unknown #4,37,406,68,216
clip_c12_20260617_152841.avi,8,c12_sim,Unknown #4,8,424,94,238
clip_c12_20260617_152841.avi,9,c12_sim,Unknown #4,7,426,90,237
clip_c12_20260617_152841.avi,10,c12_sim,Unknown #4,8,431,86,233
clip_c12_20260617_152841.avi,11,c12_sim,Unknown #4,10,432,85,232
clip_c12_20260617_152841.avi,12,c12_sim,Unknown #4,5,430,94,235
clip_c12_20260617_152841.avi,13,c12_sim,Unknown #4,14,429,87,233
clip_c12_20260617_152841.avi,14,c12_sim,Unknown #4,13,430,89,230
clip_c12_20260617_152841.avi,15,c12_sim,Unknown #4,19,433,81,225
clip_c12_20260617_152841.avi,16,c12_sim,Unknown #4,24,441,78,211
clip_c12_20260617_152841.avi,17,c12_sim,Unknown #4,24,442,83,211
clip_c12_20260617_152841.avi,18,c12_sim,Unknown #4,24,442,84,211
clip_c12_20260617_152841.avi,19,c12_sim,Unknown #4,24,442,84,210
clip_c12_20260617_152841.avi,20,c12_sim,Unknown #4,32,449,79,202
clip_c12_20260617_152841.avi,21,c12_sim,Unknown #4,37,449,75,203
clip_c12_20260617_152841.avi,22,c12_sim,Unknown #4,41,448,75,199
clip_c12_20260617_152841.avi,23,c12_sim,Unknown #4,56,461,58,169
clip_c11_20260727_145025.avi,3,c11_sim,Unknown #10,828,166,42,116
clip_c11_20260727_145025.avi,4,c11_sim,Unknown #10,835,164,42,119
clip_c11_20260727_145025.avi,6,c11_sim,Unknown #10,854,172,40,121
clip_c11_20260727_145025.avi,7,c11_sim,Unknown #10,859,173,42,122
clip_c11_20260727_145025.avi,8,c11_sim,Unknown #10,873,173,39,122
clip_c11_20260727_145025.avi,9,c11_sim,Unknown #10,879,176,55,123
clip_c11_20260727_145025.avi,10,c11_sim,Unknown #10,884,177,57,126
clip_c11_20260727_145025.avi,11,c11_sim,Unknown #10,907,178,40,126
clip_c11_20260727_145025.avi,12,c11_sim,Unknown #10,914,184,50,122
clip_c11_20260727_145025.avi,13,c11_sim,Unknown #10,925,182,43,127
clip_c11_20260727_145334.avi,4,c11_sim,Unknown #11,792,164,32,120
clip_c11_20260727_145334.avi,5,c11_sim,Unknown #11,792,162,34,125
clip_c11_20260727_145334.avi,6,c11_sim,Unknown #11,790,162,40,128
clip_c11_20260727_145334.avi,7,c11_sim,Unknown #11,789,167,40,126
clip_c11_20260727_145334.avi,8,c11_sim,Unknown #11,786,167,41,127
clip_c11_20260727_145334.avi,9,c11_sim,Unknown #11,787,168,38,131
clip_c11_20260727_145334.avi,10,c11_sim,Unknown #11,791,171,39,129
clip_c11_20260727_145334.avi,11,c11_sim,Unknown #11,792,170,42,134
clip_c11_20260727_145334.avi,12,c11_sim,Unknown #11,795,170,43,137
clip_c11_20260727_145334.avi,13,c11_sim,Unknown #11,800,174,42,140
clip_c11_20260727_145334.avi,14,c11_sim,Unknown #11,803,174,44,141
clip_c11_20260727_145334.avi,15,c11_sim,Unknown #11,805,177,45,143
clip_c11_20260727_145334.avi,16,c11_sim,Unknown #11,810,180,46,139
clip_c11_20260727_145334.avi,17,c11_sim,Unknown #11,812,179,50,148
clip_c11_20260727_145334.avi,18,c11_sim,Unknown #11,815,182,51,149
clip_c11_20260727_145334.avi,19,c11_sim,Unknown #11,818,184,48,153
clip_c11_20260727_145334.avi,20,c11_sim,Unknown #11,818,182,50,156
clip_c11_20260727_145334.avi,21,c11_sim,Unknown #11,820,189,50,156
clip_c11_20260727_145334.avi,22,c11_sim,Unknown #11,822,190,55,158
clip_c11_20260727_145334.avi,23,c11_sim,Unknown #11,824,189,59,169
clip_c11_20260727_145334.avi,24,c11_sim,Unknown #11,825,194,57,172
clip_c11_20260727_145334.avi,25,c11_sim,Unknown #11,829,199,58,172
clip_c11_20260727_145334.avi,26,c11_sim,Unknown #11,831,196,66,188
clip_c11_20260727_145334.avi,27,c11_sim,Unknown #11,835,198,70,192
clip_c11_20260727_145334.avi,28,c11_sim,Unknown #11,844,211,69,191
clip_c11_20260727_145334.avi,29,c11_sim,Unknown #11,854,220,65,187
clip_c11_20260727_145334.avi,30,c11_sim,Unknown #11,844,223,89,199
clip_c11_20260727_145334.avi,31,c11_sim,Unknown #11,844,228,103,212
clip_c11_20260727_145334.avi,32,c11_sim,Unknown #11,858,234,93,218
clip_c11_20260727_145334.avi,33,c11_sim,Unknown #11,883,243,79,237
clip_c11_20260727_145334.avi,34,c11_sim,Unknown #11,878,241,97,242
clip_c11_20260727_145334.avi,35,c11_sim,Unknown #11,875,239,107,252
clip_c11_20260727_145334.avi,36,c11_sim,Unknown #11,883,252,113,264
clip_c11_20260727_145334.avi,37,c11_sim,Unknown #11,910,260,105,258
clip_c11_20260727_145334.avi,38,c11_sim,Unknown #11,927,273,110,275
clip_c11_20260727_145334.avi,39,c11_sim,Unknown #11,923,274,130,275
clip_c11_20260727_145334.avi,40,c11_sim,Unknown #11,927,282,139,300
clip_c11_20260727_145334.avi,41,c11_sim,Unknown #11,951,296,128,304
clip_c11_20260727_145334.avi,42,c11_sim,Unknown #11,969,307,128,323
clip_c11_20260727_145334.avi,43,c11_sim,Unknown #11,985,317,134,330
clip_c11_20260727_145334.avi,44,c11_sim,Unknown #11,979,322,159,337
clip_c11_20260727_145334.avi,45,c11_sim,Unknown #11,996,346,171,363
clip_c11_20260727_145334.avi,46,c11_sim,Unknown #11,1044,353,157,376
clip_c11_20260727_145334.avi,47,c11_sim,Unknown #11,1048,370,186,387
clip_c11_20260727_145334.avi,48,c11_sim,Unknown #11,1130,378,156,379
clip_c11_20260727_145334.avi,52,c11_sim,Unknown #12,1385,475,214,390
clip_c11_20260727_145334.avi,53,c11_sim,Unknown #12,1501,493,192,377
clip_c11_20260727_145334.avi,54,c11_sim,Unknown #12,1507,521,250,365
clip_c11_20260727_145334.avi,55,c11_sim,Unknown #12,1632,558,230,366
clip_c11_20260727_145334.avi,56,c11_sim,Unknown #12,1710,568,208,358
clip_c12_20260617_152841.avi,28,c12_sim,Unknown #4,65,717,193,362
clip_c12_20260617_152841.avi,29,c12_sim,Unknown #4,61,727,196,352
clip_c12_20260617_152841.avi,30,c12_sim,Unknown #4,50,757,202,322
clip_c12_20260727_145330.avi,2,c12_sim,Unknown #4,1,660,187,418
clip_c12_20260727_145330.avi,3,c12_sim,Unknown #4,20,801,158,240
clip_c12_20260727_145330.avi,4,c12_sim,Unknown #4,16,827,155,252
clip_c10_20260727_145319.avi,2,c10_sim,Unknown #13,1042,184,129,338
clip_c10_20260727_145319.avi,3,c10_sim,Unknown #13,970,199,192,363
clip_c10_20260727_145319.avi,4,c10_sim,Unknown #13,951,211,168,365
clip_c10_20260727_145319.avi,5,c10_sim,Unknown #13,966,216,105,358
clip_c10_20260727_145319.avi,6,c10_sim,Unknown #13,894,234,166,374
clip_c10_20260727_145319.avi,7,c10_sim,Unknown #13,876,246,148,378
clip_c10_20260727_145319.avi,8,c10_sim,Unknown #13,806,255,163,378
clip_c10_20260727_145319.avi,9,c10_sim,Unknown #13,730,278,220,416
clip_c10_20260727_145319.avi,10,c10_sim,Unknown #13,713,295,182,407
clip_c10_20260727_145319.avi,11,c10_sim,Unknown #13,711,311,152,397
clip_c10_20260727_145319.avi,12,c10_sim,Unknown #13,669,336,187,419
clip_c10_20260727_145319.avi,13,c10_sim,Unknown #13,613,359,206,412
clip_c10_20260727_145319.avi,14,c10_sim,Unknown #13,524,382,220,429
clip_c10_20260727_145319.avi,15,c10_sim,Unknown #13,477,412,267,458
clip_c10_20260727_145319.avi,16,c10_sim,Unknown #13,475,442,210,434
clip_c10_20260727_145319.avi,17,c10_sim,Unknown #13,428,472,231,425
clip_c10_20260727_145319.avi,18,c10_sim,Unknown #13,384,511,276,451
clip_c10_20260727_145319.avi,19,c10_sim,Unknown #13,332,548,277,428
clip_c10_20260727_145319.avi,20,c10_sim,Unknown #13,281,586,273,460
clip_c10_20260727_145319.avi,21,c10_sim,Unknown #13,227,637,321,440
clip_c10_20260727_145319.avi,22,c10_sim,Unknown #13,199,670,292,407
clip_c10_20260727_145319.avi,23,c10_sim,Unknown #13,150,715,321,363
clip_c10_20260727_145319.avi,24,c10_sim,Unknown #13,106,774,363,305
clip_c10_20260727_145319.avi,25,c10_sim,Unknown #13,70,810,340,269
clip_c10_20260727_145319.avi,26,c10_sim,Unknown #13,34,859,255,220
clip_c11_20260727_145653.avi,3,c11_sim,Unknown #6,1465,491,180,357
clip_c11_20260727_145653.avi,4,c11_sim,Unknown #6,1458,474,153,373
clip_c11_20260727_145653.avi,5,c11_sim,Unknown #6,1368,480,198,366
clip_c11_20260727_145653.avi,6,c11_sim,Unknown #6,1362,449,147,382
clip_c11_20260727_145653.avi,7,c11_sim,Unknown #6,1330,433,153,368
clip_c11_20260727_145653.avi,8,c11_sim,Unknown #6,1238,430,203,365
clip_c11_20260727_145653.avi,9,c11_sim,Unknown #6,1229,420,166,355
clip_c11_20260727_145653.avi,10,c11_sim,Unknown #6,1191,401,167,366
clip_c11_20260727_145653.avi,11,c11_sim,Unknown #6,1144,396,187,369
clip_c11_20260727_145653.avi,12,c11_sim,Unknown #6,1150,379,146,370
clip_c11_20260727_145653.avi,13,c11_sim,Unknown #6,1138,365,129,347
clip_c11_20260727_145653.avi,14,c11_sim,Unknown #6,1062,364,168,345
clip_c11_20260727_145653.avi,15,c11_sim,Unknown #6,1056,355,149,335
clip_c11_20260727_145653.avi,16,c11_sim,Unknown #6,1017,339,150,329
clip_c11_20260727_145653.avi,17,c11_sim,Unknown #6,985,332,161,336
clip_c11_20260727_145653.avi,18,c11_sim,Unknown #6,984,325,141,331
clip_c11_20260727_145653.avi,19,c11_sim,Unknown #6,1002,313,100,312
clip_c11_20260727_145653.avi,20,c11_sim,Unknown #6,954,309,122,310
clip_c11_20260727_145653.avi,21,c11_sim,Unknown #6,942,304,141,311
clip_c11_20260727_145653.avi,22,c11_sim,Unknown #6,914,291,116,287
clip_c11_20260727_145653.avi,23,c11_sim,Unknown #6,890,287,121,292
clip_c11_20260727_145653.avi,24,c11_sim,Unknown #6,886,285,113,286
clip_c11_20260727_145653.avi,25,c11_sim,Unknown #6,904,273,81,275
clip_c11_20260727_145653.avi,26,c11_sim,Unknown #6,881,270,92,272
clip_c11_20260727_145653.avi,27,c11_sim,Unknown #6,870,269,87,267
clip_c11_20260727_145653.avi,28,c11_sim,Unknown #6,854,261,87,251
clip_c11_20260727_145653.avi,29,c11_sim,Unknown #6,819,256,109,254
clip_c11_20260727_145653.avi,30,c11_sim,Unknown #6,814,256,115,249
clip_c11_20260727_145653.avi,31,c11_sim,Unknown #6,833,249,87,238
clip_c11_20260727_145653.avi,32,c11_sim,Unknown #6,827,246,85,234
clip_c11_20260727_145653.avi,33,c11_sim,Unknown #6,811,244,78,231
clip_c11_20260727_145653.avi,34,c11_sim,Unknown #6,798,238,78,218
clip_c11_20260727_145653.avi,35,c11_sim,Unknown #6,774,232,108,222
clip_c11_20260727_145653.avi,36,c11_sim,Unknown #6,775,231,94,221
clip_c11_20260727_145653.avi,37,c11_sim,Unknown #6,787,225,74,214
clip_c11_20260727_145653.avi,38,c11_sim,Unknown #6,791,222,69,210
clip_c11_20260727_145653.avi,39,c11_sim,Unknown #6,787,222,73,208
clip_c11_20260727_145653.avi,40,c11_sim,Unknown #6,778,218,72,204
clip_c11_20260727_145653.avi,41,c11_sim,Unknown #6,776,217,71,194
clip_c11_20260727_145653.avi,42,c11_sim,Unknown #6,777,216,69,195
clip_c11_20260727_145653.avi,43,c11_sim,Unknown #6,787,211,65,191
clip_c11_20260727_145653.avi,44,c11_sim,Unknown #6,792,207,63,186
clip_c11_20260727_145653.avi,45,c11_sim,Unknown #6,791,214,61,178
clip_c11_20260727_145653.avi,46,c11_sim,Unknown #6,782,204,62,175
clip_c11_20260727_145653.avi,47,c11_sim,Unknown #6,775,199,65,177
clip_c11_20260727_145653.avi,48,c11_sim,Unknown #6,776,199,64,176
clip_c11_20260727_145653.avi,49,c11_sim,Unknown #6,779,198,62,171
clip_c11_20260727_145653.avi,50,c11_sim,Unknown #6,781,194,64,165
clip_c11_20260727_145653.avi,51,c11_sim,Unknown #6,779,196,63,164
clip_c11_20260727_145653.avi,52,c11_sim,Unknown #6,777,192,59,160
clip_c11_20260727_145653.avi,53,c11_sim,Unknown #6,777,188,57,159
clip_c11_20260727_145653.avi,54,c11_sim,Unknown #6,778,190,57,155
clip_c11_20260727_145653.avi,55,c11_sim,Unknown #6,781,185,58,155
clip_c11_20260727_145653.avi,56,c11_sim,Unknown #6,783,183,54,153
clip_c11_20260727_145653.avi,57,c11_sim,Unknown #6,780,184,56,151
clip_c11_20260727_145653.avi,58,c11_sim,Unknown #6,779,182,52,142
clip_c11_20260727_145653.avi,59,c11_sim,Unknown #6,778,182,52,142
clip_c11_20260727_145653.avi,60,c11_sim,Unknown #6,778,181,54,141
clip_c11_20260727_145653.avi,61,c11_sim,Unknown #6,780,177,53,140
clip_c11_20260727_145653.avi,62,c11_sim,Unknown #6,778,175,55,138
clip_c11_20260727_145653.avi,63,c11_sim,Unknown #6,778,176,53,136
clip_c11_20260727_145653.avi,64,c11_sim,Unknown #6,776,178,49,126
clip_c11_20260727_145653.avi,65,c11_sim,Unknown #6,776,173,47,130
clip_c11_20260727_145653.avi,66,c11_sim,Unknown #6,775,175,46,128
clip_c11_20260727_145653.avi,67,c11_sim,Unknown #6,776,173,48,126
clip_c11_20260727_145653.avi,68,c11_sim,Unknown #6,775,173,42,122
clip_c11_20260727_145653.avi,69,c11_sim,Unknown #6,775,170,39,126
clip_c11_20260727_145653.avi,70,c11_sim,Unknown #6,775,164,38,122
clip_c11_20260727_145653.avi,71,c11_sim,Unknown #6,775,164,40,117
clip_c11_20260727_145653.avi,72,c11_sim,Unknown #6,776,162,37,117
clip_c11_20260727_145653.avi,73,c11_sim,Unknown #6,777,156,32,117
clip_c11_20260727_145653.avi,74,c11_sim,Unknown #6,776,157,32,114
clip_c11_20260727_145653.avi,75,c11_sim,Unknown #6,777,155,36,112
clip_c11_20260727_145653.avi,76,c11_sim,Unknown #6,776,155,33,111
clip_c11_20260727_145653.avi,77,c11_sim,Unknown #6,777,153,29,108
clip_c11_20260727_145653.avi,78,c11_sim,Unknown #6,778,152,32,105
clip_c11_20260727_145653.avi,79,c11_sim,Unknown #6,777,152,35,103
clip_c11_20260727_145653.avi,80,c11_sim,Unknown #6,776,152,31,104
clip_c11_20260727_145653.avi,81,c11_sim,Unknown #6,777,151,28,103
clip_c11_20260727_145653.avi,83,c11_sim,Unknown #6,776,149,29,104
clip_c9_20260727_145031.avi,4,c9_sim,Unknown #10,891,30,26,98
clip_c9_20260727_145031.avi,5,c9_sim,Unknown #10,892,30,28,97
clip_c9_20260727_145031.avi,6,c9_sim,Unknown #10,891,30,30,100
clip_c9_20260727_145031.avi,8,c9_sim,Unknown #10,891,32,29,104
clip_c9_20260727_145031.avi,9,c9_sim,Unknown #10,891,31,34,99
clip_c9_20260727_145031.avi,10,c9_sim,Unknown #10,896,32,30,102
clip_c9_20260727_145031.avi,11,c9_sim,Unknown #10,898,32,27,110
clip_c9_20260727_145031.avi,12,c9_sim,Unknown #10,901,31,29,110
clip_c9_20260727_145031.avi,13,c9_sim,Unknown #10,899,32,32,111
clip_c9_20260727_145031.avi,14,c9_sim,Unknown #10,897,37,36,112
clip_c9_20260727_145031.avi,15,c9_sim,Unknown #10,896,39,36,111
clip_c9_20260727_145031.avi,16,c9_sim,Unknown #10,897,38,37,112
clip_c9_20260727_145031.avi,17,c9_sim,Unknown #10,901,40,31,117
clip_c9_20260727_145031.avi,18,c9_sim,Unknown #10,904,41,31,116
clip_c9_20260727_145031.avi,19,c9_sim,Unknown #10,905,39,33,115
clip_c9_20260727_145031.avi,20,c9_sim,Unknown #10,900,41,38,121
clip_c9_20260727_145031.avi,21,c9_sim,Unknown #10,899,44,41,123
clip_c9_20260727_145031.avi,22,c9_sim,Unknown #10,897,45,44,121
clip_c9_20260727_145031.avi,23,c9_sim,Unknown #10,899,45,41,123
clip_c9_20260727_145031.avi,24,c9_sim,Unknown #10,901,47,36,128
clip_c9_20260727_145031.avi,25,c9_sim,Unknown #10,904,49,36,129
clip_c9_20260727_145031.avi,26,c9_sim,Unknown #10,901,48,45,127
clip_c9_20260727_145031.avi,27,c9_sim,Unknown #10,900,49,46,133
clip_c9_20260727_145031.avi,28,c9_sim,Unknown #10,896,52,49,138
clip_c9_20260727_145031.avi,29,c9_sim,Unknown #10,896,52,46,135
clip_c9_20260727_145031.avi,30,c9_sim,Unknown #10,898,53,44,137
clip_c9_20260727_145031.avi,31,c9_sim,Unknown #10,901,55,35,144
clip_c9_20260727_145031.avi,32,c9_sim,Unknown #10,902,58,36,140
clip_c9_20260727_145031.avi,33,c9_sim,Unknown #10,896,58,46,143
clip_c9_20260727_145031.avi,34,c9_sim,Unknown #10,891,60,52,148
clip_c9_20260727_145031.avi,35,c9_sim,Unknown #10,889,64,49,150
clip_c9_20260727_145031.avi,36,c9_sim,Unknown #10,885,64,50,153
clip_c9_20260727_145031.avi,37,c9_sim,Unknown #10,883,65,51,153
clip_c9_20260727_145031.avi,38,c9_sim,Unknown #10,886,71,43,151
clip_c9_20260727_145031.avi,39,c9_sim,Unknown #10,888,72,45,151
clip_c9_20260727_145031.avi,40,c9_sim,Unknown #10,885,74,52,154
clip_c9_20260727_145031.avi,41,c9_sim,Unknown #10,880,76,57,161
clip_c9_20260727_145031.avi,42,c9_sim,Unknown #10,878,79,55,170
clip_c9_20260727_145031.avi,43,c9_sim,Unknown #10,877,79,57,165
clip_c9_20260727_145031.avi,44,c9_sim,Unknown #10,879,81,55,173
clip_c9_20260727_145031.avi,45,c9_sim,Unknown #10,881,84,49,173
clip_c9_20260727_145031.avi,46,c9_sim,Unknown #10,883,85,52,175
clip_c9_20260727_145031.avi,47,c9_sim,Unknown #10,879,86,58,178
clip_c9_20260727_145031.avi,48,c9_sim,Unknown #10,873,89,61,187
clip_c9_20260727_145031.avi,49,c9_sim,Unknown #10,873,92,63,193
clip_c9_20260727_145031.avi,50,c9_sim,Unknown #10,867,94,73,194
clip_c9_20260727_145031.avi,51,c9_sim,Unknown #10,870,96,63,191
clip_c9_20260727_145031.avi,52,c9_sim,Unknown #10,875,100,53,208
clip_c9_20260727_145031.avi,53,c9_sim,Unknown #10,875,103,55,206
clip_c9_20260727_145031.avi,54,c9_sim,Unknown #10,872,104,63,207
clip_c9_20260727_145031.avi,55,c9_sim,Unknown #10,869,108,63,212
clip_c9_20260727_145031.avi,56,c9_sim,Unknown #10,867,111,64,219
clip_c9_20260727_145031.avi,57,c9_sim,Unknown #10,864,113,67,216
clip_c9_20260727_145031.avi,58,c9_sim,Unknown #10,863,115,73,214
clip_c9_20260727_145031.avi,59,c9_sim,Unknown #10,861,119,73,231
clip_c9_20260727_145031.avi,60,c9_sim,Unknown #10,866,122,74,232
clip_c9_20260727_145031.avi,61,c9_sim,Unknown #10,866,126,83,227
clip_c9_20260727_145031.avi,62,c9_sim,Unknown #10,862,131,78,243
clip_c9_20260727_145031.avi,63,c9_sim,Unknown #10,857,136,75,252
clip_c9_20260727_145031.avi,64,c9_sim,Unknown #10,849,139,84,249
clip_c9_20260727_145031.avi,65,c9_sim,Unknown #10,846,143,90,245
clip_c9_20260727_145031.avi,66,c9_sim,Unknown #10,858,153,73,271
clip_c9_20260727_145031.avi,67,c9_sim,Unknown #10,857,158,85,266
clip_c9_20260727_145031.avi,68,c9_sim,Unknown #10,846,164,110,293
clip_c9_20260727_145031.avi,69,c9_sim,Unknown #10,842,170,126,299
clip_c9_20260727_145031.avi,70,c9_sim,Unknown #10,841,174,130,296
clip_c9_20260727_145031.avi,71,c9_sim,Unknown #10,884,184,116,306
clip_c9_20260727_145031.avi,72,c9_sim,Unknown #10,905,193,103,313
clip_c9_20260727_145031.avi,73,c9_sim,Unknown #10,932,196,112,319
clip_c9_20260727_145031.avi,74,c9_sim,Unknown #10,919,204,153,343
clip_c9_20260727_145031.avi,75,c9_sim,Unknown #10,933,210,159,345
clip_c9_20260727_145031.avi,76,c9_sim,Unknown #10,982,213,110,343
clip_c9_20260727_145031.avi,77,c9_sim,Unknown #10,1021,226,183,339
clip_c9_20260727_145031.avi,78,c9_sim,Unknown #10,1043,228,188,342
clip_c9_20260727_145031.avi,79,c9_sim,Unknown #10,1129,229,102,350
clip_c9_20260727_145031.avi,80,c9_sim,Unknown #10,1145,239,164,359
clip_c9_20260727_145031.avi,81,c9_sim,Unknown #10,1193,246,138,348
clip_c8_20260727_150740.avi,3,c8_sim,Unknown #14,308,830,263,247
clip_c8_20260727_150740.avi,4,c8_sim,Unknown #14,362,826,278,251
clip_c8_20260727_150740.avi,5,c8_sim,Unknown #14,427,814,266,264
clip_c8_20260727_150740.avi,7,c8_sim,Unknown #14,556,773,167,270
clip_c8_20260727_150740.avi,8,c8_sim,Unknown #14,616,759,134,278
clip_c8_20260727_150740.avi,16,c8_sim,Unknown #15,1059,482,213,355
clip_c8_20260727_150740.avi,17,c8_sim,Unknown #15,1102,459,192,338
clip_c8_20260727_150740.avi,18,c8_sim,Unknown #15,1134,458,160,271
clip_c8_20260727_150740.avi,19,c8_sim,Unknown #15,1174,384,153,339
clip_c8_20260727_150740.avi,20,c8_sim,Unknown #15,1210,353,149,321
clip_c8_20260727_150740.avi,21,c8_sim,Unknown #15,1246,326,125,323
clip_c8_20260727_150740.avi,22,c8_sim,Unknown #15,1263,303,134,338
clip_c8_20260727_150740.avi,24,c8_sim,Unknown #15,1304,253,131,301
clip_c8_20260727_150740.avi,25,c8_sim,Unknown #15,1327,238,118,312
clip_c8_20260727_150740.avi,26,c8_sim,Unknown #15,1359,218,117,272
clip_c8_20260727_150740.avi,27,c8_sim,Unknown #15,1382,201,118,286
clip_c8_20260727_150740.avi,28,c8_sim,Unknown #15,1395,186,106,216
clip_c8_20260727_150740.avi,29,c8_sim,Unknown #15,1403,165,106,237
clip_c8_20260727_150740.avi,30,c8_sim,Unknown #15,1412,152,100,250
clip_c8_20260727_150740.avi,31,c8_sim,Unknown #15,1421,145,107,257
clip_c8_20260727_150740.avi,32,c8_sim,Unknown #15,1456,131,98,244
clip_c8_20260727_150740.avi,33,c8_sim,Unknown #15,1474,95,101,281
clip_c8_20260727_150740.avi,34,c8_sim,Unknown #15,1483,112,99,252
clip_c8_20260727_150740.avi,35,c8_sim,Unknown #15,1505,100,84,233
clip_c8_20260727_150740.avi,36,c8_sim,Unknown #15,1511,103,94,225
clip_c8_20260727_150740.avi,37,c8_sim,Unknown #15,1519,101,101,216
clip_c8_20260727_150740.avi,40,c8_sim,Unknown #15,1576,90,101,216
clip_c10_20260727_145721.avi,2,c10_sim,Unknown #6,392,559,304,454
clip_c10_20260727_145721.avi,3,c10_sim,Unknown #6,441,518,255,443
clip_c10_20260727_145721.avi,4,c10_sim,Unknown #6,489,492,256,466
clip_c10_20260727_145721.avi,5,c10_sim,Unknown #6,536,455,234,477
clip_c10_20260727_145721.avi,6,c10_sim,Unknown #6,580,420,201,432
clip_c10_20260727_145721.avi,7,c10_sim,Unknown #6,632,394,253,448
clip_c10_20260727_145721.avi,8,c10_sim,Unknown #6,683,374,212,432
clip_c10_20260727_145721.avi,9,c10_sim,Unknown #6,724,346,194,419
clip_c10_20260727_145721.avi,10,c10_sim,Unknown #6,764,327,204,435
clip_c10_20260727_145721.avi,11,c10_sim,Unknown #6,803,306,192,433
clip_c10_20260727_145721.avi,12,c10_sim,Unknown #6,839,285,154,393
clip_c10_20260727_145721.avi,13,c10_sim,Unknown #6,882,268,194,405
clip_c10_20260727_145721.avi,14,c10_sim,Unknown #6,920,258,163,386
clip_c10_20260727_145721.avi,15,c10_sim,Unknown #6,955,237,168,383
clip_c10_20260727_145721.avi,16,c10_sim,Unknown #6,981,231,186,387
clip_c10_20260727_145721.avi,17,c10_sim,Unknown #6,1009,221,172,379
clip_c10_20260727_145721.avi,18,c10_sim,Unknown #6,1040,199,135,350
clip_c10_20260727_145721.avi,19,c10_sim,Unknown #6,1068,194,128,353
clip_c10_20260727_145721.avi,20,c10_sim,Unknown #6,1098,188,106,336
clip_c10_20260727_145721.avi,21,c10_sim,Unknown #6,1121,172,96,328
clip_c10_20260727_145721.avi,22,c10_sim,Unknown #6,1145,176,87,409
clip_c11_20260727_150629.avi,3,c11_sim,Unknown #15,259,603,261,436
clip_c11_20260727_150629.avi,5,c11_sim,Unknown #15,323,588,276,451
clip_c11_20260727_150629.avi,6,c11_sim,Unknown #15,399,580,199,438
clip_c11_20260727_150629.avi,7,c11_sim,Unknown #15,447,563,171,440
clip_c11_20260727_150629.avi,8,c11_sim,Unknown #15,476,549,165,452
clip_c11_20260727_150629.avi,9,c11_sim,Unknown #15,505,533,164,447
clip_c11_20260727_150629.avi,10,c11_sim,Unknown #15,543,510,158,406
clip_c11_20260727_150629.avi,11,c11_sim,Unknown #15,576,498,178,405
clip_c11_20260727_150629.avi,12,c11_sim,Unknown #15,618,485,154,390
clip_c11_20260727_150629.avi,13,c11_sim,Unknown #15,643,467,164,378
clip_c11_20260727_150629.avi,14,c11_sim,Unknown #15,662,455,163,388
clip_c11_20260727_150629.avi,15,c11_sim,Unknown #15,681,438,139,378
clip_c11_20260727_150629.avi,16,c11_sim,Unknown #15,681,421,145,346
clip_c11_20260727_150629.avi,17,c11_sim,Unknown #15,688,412,151,354
clip_c11_20260727_150629.avi,18,c11_sim,Unknown #15,707,399,144,340
clip_c11_20260727_150629.avi,19,c11_sim,Unknown #15,715,385,147,321
clip_c11_20260727_150629.avi,20,c11_sim,Unknown #15,720,378,134,326
clip_c11_20260727_150629.avi,21,c11_sim,Unknown #15,721,364,127,308
clip_c11_20260727_150629.avi,22,c11_sim,Unknown #15,723,355,127,298
clip_c11_20260727_150629.avi,23,c11_sim,Unknown #15,736,350,116,293
clip_c11_20260727_150629.avi,24,c11_sim,Unknown #15,753,339,105,268
clip_c11_20260727_150629.avi,25,c11_sim,Unknown #15,757,330,101,275
clip_c11_20260727_150629.avi,26,c11_sim,Unknown #15,764,324,93,264
clip_c11_20260727_150629.avi,27,c11_sim,Unknown #15,764,313,94,249
clip_c11_20260727_150629.avi,28,c11_sim,Unknown #15,772,309,94,252
clip_c11_20260727_150629.avi,29,c11_sim,Unknown #15,788,302,84,242
clip_c11_20260727_150629.avi,30,c11_sim,Unknown #15,800,295,82,233
clip_c11_20260727_150629.avi,31,c11_sim,Unknown #15,807,290,79,237
clip_c11_20260727_150629.avi,32,c11_sim,Unknown #15,812,283,72,223
clip_c11_20260727_150629.avi,33,c11_sim,Unknown #15,815,279,82,216
clip_c11_20260727_150629.avi,34,c11_sim,Unknown #15,793,276,131,219
clip_c11_20260727_150629.avi,35,c11_sim,Unknown #15,794,269,150,204
clip_c11_20260727_150629.avi,36,c11_sim,Unknown #15,811,266,131,204
clip_c11_20260727_150629.avi,37,c11_sim,Unknown #15,817,264,104,201
clip_c11_20260727_150629.avi,38,c11_sim,Unknown #15,813,256,129,190
clip_c11_20260727_150629.avi,39,c11_sim,Unknown #15,820,254,114,192
clip_c11_20260727_150629.avi,40,c11_sim,Unknown #15,829,252,113,187
clip_c11_20260727_150629.avi,41,c11_sim,Unknown #15,855,247,68,176
clip_c11_20260727_150629.avi,42,c11_sim,Unknown #15,859,247,62,179
clip_c11_20260727_150629.avi,43,c11_sim,Unknown #15,860,241,63,176
clip_c11_20260727_150629.avi,44,c11_sim,Unknown #15,862,238,61,166
clip_c11_20260727_150629.avi,45,c11_sim,Unknown #15,863,232,60,173
clip_c11_20260727_150629.avi,46,c11_sim,Unknown #15,869,230,56,166
clip_c11_20260727_150629.avi,47,c11_sim,Unknown #15,871,224,55,163
clip_c11_20260727_150629.avi,48,c11_sim,Unknown #15,870,224,55,160
clip_c11_20260727_150629.avi,49,c11_sim,Unknown #15,867,221,56,153
clip_c11_20260727_150629.avi,50,c11_sim,Unknown #15,868,215,56,158
clip_c11_20260727_150629.avi,51,c11_sim,Unknown #15,873,212,54,158
clip_c11_20260727_150629.avi,52,c11_sim,Unknown #15,879,211,54,150
clip_c11_20260727_150629.avi,53,c11_sim,Unknown #15,879,210,56,149
clip_c11_20260727_150629.avi,54,c11_sim,Unknown #15,881,203,67,153
clip_c11_20260727_150629.avi,55,c11_sim,Unknown #15,890,203,56,146
clip_c11_20260727_150629.avi,56,c11_sim,Unknown #15,899,202,52,145
clip_c11_20260727_150629.avi,57,c11_sim,Unknown #15,906,197,57,148
clip_c11_20260727_150629.avi,58,c11_sim,Unknown #15,925,203,42,137
clip_c11_20260727_170139.avi,3,c11_sim,Unknown #16,1625,526,144,376
clip_c11_20260727_170139.avi,4,c11_sim,Unknown #16,1518,522,211,380
clip_c11_20260727_170139.avi,5,c11_sim,Unknown #16,1499,512,192,386
clip_c11_20260727_170139.avi,6,c11_sim,Unknown #16,1501,496,154,380
clip_c11_20260727_170139.avi,7,c11_sim,Unknown #16,1388,485,215,380
clip_c11_20260727_170139.avi,8,c11_sim,Unknown #16,1359,480,199,373
clip_c11_20260727_170139.avi,9,c11_sim,Unknown #16,1358,455,147,377
clip_c11_20260727_170139.avi,10,c11_sim,Unknown #16,1291,445,179,386
clip_c11_20260727_170139.avi,11,c11_sim,Unknown #16,1235,435,183,395
clip_c11_20260727_170139.avi,12,c11_sim,Unknown #16,1235,415,142,378
clip_c11_20260727_170139.avi,13,c11_sim,Unknown #16,1156,398,175,376
clip_c11_20260727_170139.avi,14,c11_sim,Unknown #16,1122,394,169,373
clip_c11_20260727_170139.avi,15,c11_sim,Unknown #16,1118,374,131,349
clip_c11_20260727_170139.avi,16,c11_sim,Unknown #16,1115,361,108,355
clip_c11_20260727_170139.avi,17,c11_sim,Unknown #16,1072,357,123,359
clip_c11_20260727_170139.avi,18,c11_sim,Unknown #16,1030,343,141,348
clip_c11_20260727_170139.avi,19,c11_sim,Unknown #16,1006,326,140,326
clip_c11_20260727_170139.avi,20,c11_sim,Unknown #16,973,323,130,327
clip_c11_20260727_170139.avi,21,c11_sim,Unknown #16,957,316,128,316
clip_c11_20260727_170139.avi,22,c11_sim,Unknown #16,935,302,115,294
clip_c11_20260727_170139.avi,23,c11_sim,Unknown #16,919,299,114,298
clip_c11_20260727_170139.avi,24,c11_sim,Unknown #16,891,293,120,293
clip_c11_20260727_170139.avi,25,c11_sim,Unknown #16,889,281,107,274
clip_c11_20260727_170139.avi,26,c11_sim,Unknown #16,881,274,94,276
clip_c11_20260727_170139.avi,27,c11_sim,Unknown #16,875,274,83,268
clip_c11_20260727_170139.avi,28,c11_sim,Unknown #16,852,265,93,250
clip_c11_20260727_170139.avi,29,c11_sim,Unknown #16,829,257,105,253
clip_c11_20260727_170139.avi,30,c11_sim,Unknown #16,820,258,104,247
clip_c11_20260727_170139.avi,31,c11_sim,Unknown #16,819,249,98,234
clip_c11_20260727_170139.avi,32,c11_sim,Unknown #16,834,242,76,230
clip_c11_20260727_170139.avi,33,c11_sim,Unknown #16,833,242,67,229
clip_c11_20260727_170139.avi,34,c11_sim,Unknown #16,814,236,78,222
clip_c11_20260727_170139.avi,35,c11_sim,Unknown #16,797,226,93,217
clip_c11_20260727_170139.avi,36,c11_sim,Unknown #16,796,229,109,214
clip_c11_20260727_170139.avi,37,c11_sim,Unknown #16,792,223,102,211
clip_c11_20260727_170139.avi,38,c11_sim,Unknown #16,797,215,90,201
clip_c11_20260727_170139.avi,39,c11_sim,Unknown #16,806,215,75,201
clip_c11_20260727_170139.avi,40,c11_sim,Unknown #16,802,214,75,196
clip_c11_20260727_170139.avi,41,c11_sim,Unknown #16,799,209,75,184
clip_c11_20260727_170139.avi,42,c11_sim,Unknown #16,806,206,66,185
clip_c11_20260727_170139.avi,43,c11_sim,Unknown #16,807,206,63,183
clip_c11_20260727_170139.avi,44,c11_sim,Unknown #16,803,202,65,172
clip_c11_20260727_170139.avi,45,c11_sim,Unknown #16,801,199,64,171
clip_c11_20260727_170139.avi,46,c11_sim,Unknown #16,798,200,60,167
clip_c11_20260727_170139.avi,47,c11_sim,Unknown #16,788,196,61,160
clip_c11_20260727_170139.avi,48,c11_sim,Unknown #16,786,192,58,163
clip_c11_20260727_170139.avi,49,c11_sim,Unknown #16,784,192,56,160
clip_c11_20260727_170139.avi,50,c11_sim,Unknown #16,779,190,56,156
clip_c11_20260727_170139.avi,51,c11_sim,Unknown #16,777,183,51,156
clip_c11_20260727_170139.avi,52,c11_sim,Unknown #16,776,185,46,152
clip_c11_20260727_170139.avi,53,c11_sim,Unknown #16,775,182,39,144
clip_c11_20260727_170139.avi,54,c11_sim,Unknown #16,775,179,35,146
clip_c11_20260727_170139.avi,55,c11_sim,Unknown #16,774,181,34,142
clip_c11_20260727_170139.avi,56,c11_sim,Unknown #16,775,176,29,138
clip_c11_20260727_170139.avi,57,c11_sim,Unknown #16,775,193,22,121
clip_c11_20260813_134940.avi,3,c11_sim,Unknown #17,813,193,64,178
clip_c11_20260813_134940.avi,4,c11_sim,Unknown #17,813,195,65,176
clip_c11_20260813_134940.avi,5,c11_sim,Unknown #17,816,195,65,178
clip_c11_20260813_134940.avi,6,c11_sim,Unknown #17,818,195,64,180
clip_c9_20260727_150719.avi,20,c9_sim,Unknown #18,908,71,63,138
clip_c9_20260727_150719.avi,21,c9_sim,Unknown #18,898,72,77,146
clip_c9_20260727_150719.avi,22,c9_sim,Unknown #18,900,75,83,199
clip_c9_20260727_150719.avi,23,c9_sim,Unknown #18,896,77,73,155
clip_c9_20260727_150719.avi,24,c9_sim,Unknown #18,913,76,53,147
clip_c9_20260727_150719.avi,25,c9_sim,Unknown #18,917,81,52,140
clip_c9_20260727_150719.avi,26,c9_sim,Unknown #18,918,81,58,156
clip_c9_20260727_150719.avi,28,c9_sim,Unknown #18,913,90,60,173
clip_c9_20260727_150719.avi,29,c9_sim,Unknown #18,911,91,52,164
clip_c9_20260727_150719.avi,30,c9_sim,Unknown #18,908,95,52,158
clip_c9_20260727_150719.avi,31,c9_sim,Unknown #18,909,100,49,180
clip_c9_20260727_150719.avi,32,c9_sim,Unknown #18,909,100,69,190
clip_c9_20260727_150719.avi,33,c9_sim,Unknown #18,903,105,68,182
clip_c9_20260727_150719.avi,34,c9_sim,Unknown #18,898,110,65,200
clip_c9_20260727_150719.avi,35,c9_sim,Unknown #18,888,112,74,198
clip_c9_20260727_150719.avi,36,c9_sim,Unknown #18,884,116,66,189
clip_c9_20260727_150719.avi,37,c9_sim,Unknown #18,882,122,68,187
clip_c9_20260727_150719.avi,38,c9_sim,Unknown #18,874,127,73,184
clip_c9_20260727_150719.avi,39,c9_sim,Unknown #18,864,132,73,186
clip_c9_20260727_150719.avi,40,c9_sim,Unknown #18,858,137,75,198
clip_c9_20260727_150719.avi,41,c9_sim,Unknown #18,856,139,70,197
clip_c9_20260727_150719.avi,42,c9_sim,Unknown #18,857,143,70,197
clip_c9_20260727_150719.avi,43,c9_sim,Unknown #18,859,148,75,205
clip_c9_20260727_150719.avi,44,c9_sim,Unknown #18,862,153,74,204
clip_c9_20260727_150719.avi,45,c9_sim,Unknown #18,863,156,82,201
clip_c9_20260727_150719.avi,46,c9_sim,Unknown #18,862,162,82,223
clip_c9_20260727_150719.avi,47,c9_sim,Unknown #18,859,166,72,225
clip_c9_20260727_150719.avi,48,c9_sim,Unknown #18,840,170,89,221
clip_c9_20260727_150719.avi,49,c9_sim,Unknown #18,842,177,100,239
clip_c9_20260727_150719.avi,50,c9_sim,Unknown #18,850,182,97,243
clip_c9_20260727_150719.avi,51,c9_sim,Unknown #18,857,186,87,242
clip_c9_20260727_150719.avi,52,c9_sim,Unknown #18,850,193,102,264
clip_c9_20260727_150719.avi,53,c9_sim,Unknown #18,842,199,111,266
clip_c9_20260727_150719.avi,54,c9_sim,Unknown #18,861,203,98,262
clip_c9_20260727_150719.avi,55,c9_sim,Unknown #18,878,209,114,280
clip_c9_20260727_150719.avi,56,c9_sim,Unknown #18,897,213,101,288
clip_c9_20260727_150719.avi,57,c9_sim,Unknown #18,914,217,92,284
clip_c9_20260727_150719.avi,58,c9_sim,Unknown #18,925,224,103,307
clip_c9_20260727_150719.avi,59,c9_sim,Unknown #18,943,234,110,312
clip_c9_20260727_150719.avi,60,c9_sim,Unknown #18,979,236,93,309
clip_c9_20260727_150719.avi,61,c9_sim,Unknown #18,1002,243,130,304
clip_c9_20260727_150719.avi,62,c9_sim,Unknown #18,1003,246,166,308
clip_c9_20260727_150719.avi,63,c9_sim,Unknown #18,1061,247,120,308
clip_c9_20260727_150719.avi,64,c9_sim,Unknown #18,1108,252,129,326
clip_c9_20260727_150719.avi,65,c9_sim,Unknown #18,1115,262,164,321
clip_c9_20260727_150719.avi,66,c9_sim,Unknown #18,1193,264,109,320
clip_c9_20260727_150719.avi,67,c9_sim,Unknown #18,1220,268,111,318
clip_c8_20260813_135011.avi,7,c8_sim,Unknown #19,709,629,103,243
clip_c8_20260813_135011.avi,8,c8_sim,Unknown #19,725,617,95,237
clip_c8_20260813_135011.avi,9,c8_sim,Unknown #19,737,603,88,235
clip_c10_20260727_165919.avi,3,c10_sim,Unknown #5,831,59,47,78
clip_c10_20260727_165919.avi,4,c10_sim,Unknown #5,831,59,46,78
clip_c10_20260727_165919.avi,5,c10_sim,Unknown #5,831,59,47,78
clip_c10_20260727_165919.avi,6,c10_sim,Unknown #5,831,59,45,78
clip_c10_20260727_165919.avi,7,c10_sim,Unknown #5,831,59,47,78
clip_c10_20260727_165919.avi,8,c10_sim,Unknown #5,831,59,46,79
clip_c10_20260727_165919.avi,9,c10_sim,Unknown #5,830,59,48,78
clip_c10_20260727_165919.avi,10,c10_sim,Unknown #5,830,59,47,78
clip_c10_20260727_165919.avi,11,c10_sim,Unknown #5,831,58,46,80
clip_c10_20260727_165919.avi,12,c10_sim,Unknown #5,830,59,46,79
clip_c10_20260727_165919.avi,13,c10_sim,Unknown #5,830,59,46,80
clip_c10_20260727_165919.avi,14,c10_sim,Unknown #5,830,59,45,79
clip_c10_20260727_165919.avi,15,c10_sim,Unknown #5,831,59,43,80
clip_c10_20260727_165919.avi,16,c10_sim,Unknown #5,830,59,46,80
clip_c10_20260727_165919.avi,17,c10_sim,Unknown #5,830,58,47,81
clip_c10_20260727_165919.avi,18,c10_sim,Unknown #5,830,58,46,81
clip_c10_20260727_165919.avi,19,c10_sim,Unknown #5,830,58,46,81
clip_c10_20260727_165919.avi,20,c10_sim,Unknown #5,831,60,45,78
clip_c10_20260727_165919.avi,21,c10_sim,Unknown #5,831,59,46,80
clip_c10_20260727_165919.avi,22,c10_sim,Unknown #5,831,60,46,78
clip_c10_20260727_165919.avi,23,c10_sim,Unknown #5,831,60,45,79
clip_c10_20260727_165919.avi,24,c10_sim,Unknown #5,831,60,45,79
clip_c10_20260727_165919.avi,25,c10_sim,Unknown #5,831,59,46,79
clip_c10_20260727_165919.avi,26,c10_sim,Unknown #5,832,58,44,80
clip_c10_20260727_165919.avi,27,c10_sim,Unknown #5,831,58,44,80
clip_c10_20260727_165919.avi,28,c10_sim,Unknown #5,831,58,44,79
clip_c10_20260727_165919.avi,29,c10_sim,Unknown #5,832,60,42,79
clip_c10_20260727_165919.avi,30,c10_sim,Unknown #5,832,60,43,79
clip_c10_20260727_165919.avi,31,c10_sim,Unknown #5,832,60,43,78
clip_c10_20260727_165919.avi,32,c10_sim,Unknown #5,832,59,43,79
clip_c10_20260727_165919.avi,33,c10_sim,Unknown #5,831,60,44,77
clip_c10_20260727_165919.avi,34,c10_sim,Unknown #5,831,60,44,77
clip_c10_20260727_165919.avi,35,c10_sim,Unknown #5,831,60,46,77
clip_c10_20260727_165919.avi,36,c10_sim,Unknown #5,830,61,48,76
clip_c10_20260727_165919.avi,37,c10_sim,Unknown #5,831,60,46,76
clip_c10_20260727_165919.avi,38,c10_sim,Unknown #5,831,60,44,77
clip_c10_20260727_165919.avi,39,c10_sim,Unknown #5,831,60,44,77
clip_c10_20260727_165919.avi,40,c10_sim,Unknown #5,831,60,45,77
clip_c10_20260727_165919.avi,41,c10_sim,Unknown #5,831,61,45,76
clip_c10_20260727_165919.avi,42,c10_sim,Unknown #5,831,61,46,76
clip_c10_20260727_165919.avi,43,c10_sim,Unknown #5,832,61,43,77
clip_c10_20260727_165919.avi,44,c10_sim,Unknown #5,832,60,44,76
clip_c10_20260727_165919.avi,45,c10_sim,Unknown #5,832,59,45,77
clip_c10_20260727_165919.avi,46,c10_sim,Unknown #5,832,57,46,79
clip_c10_20260727_165919.avi,47,c10_sim,Unknown #5,831,55,46,82
clip_c10_20260727_165919.avi,48,c10_sim,Unknown #5,832,57,49,80
clip_c10_20260727_165919.avi,49,c10_sim,Unknown #5,832,54,50,82
clip_c10_20260727_165919.avi,8,c10_sim,Unknown #16,49,627,241,348
clip_c10_20260727_165919.avi,9,c10_sim,Unknown #16,138,549,224,369
clip_c10_20260727_165919.avi,10,c10_sim,Unknown #16,159,510,203,328
clip_c10_20260727_165919.avi,11,c10_sim,Unknown #16,192,449,180,387
clip_c10_20260727_165919.avi,12,c10_sim,Unknown #16,224,426,167,298
clip_c10_20260727_165919.avi,13,c10_sim,Unknown #16,282,388,167,330
clip_c10_20260727_165919.avi,14,c10_sim,Unknown #16,308,359,143,287
clip_c10_20260727_165919.avi,15,c10_sim,Unknown #16,327,339,126,305
clip_c10_20260727_165919.avi,16,c10_sim,Unknown #16,353,326,130,304
clip_c10_20260727_165919.avi,17,c10_sim,Unknown #16,363,307,121,270
clip_c10_20260727_165919.avi,18,c10_sim,Unknown #16,389,291,139,279
clip_c10_20260727_165919.avi,19,c10_sim,Unknown #16,412,280,129,287
clip_c10_20260727_165919.avi,20,c10_sim,Unknown #16,433,261,111,248
clip_c10_20260727_165919.avi,21,c10_sim,Unknown #16,445,248,103,259
clip_c10_20260727_165919.avi,22,c10_sim,Unknown #16,463,238,113,264
clip_c10_20260727_165919.avi,23,c10_sim,Unknown #16,483,221,95,224
clip_c10_20260727_165919.avi,24,c10_sim,Unknown #16,493,212,115,239
clip_c10_20260727_165919.avi,25,c10_sim,Unknown #16,521,201,98,241
clip_c10_20260727_165919.avi,26,c10_sim,Unknown #16,528,189,93,216
clip_c10_20260727_165919.avi,27,c10_sim,Unknown #16,540,181,87,220
clip_c10_20260727_165919.avi,28,c10_sim,Unknown #16,549,175,87,220
clip_c10_20260727_165919.avi,29,c10_sim,Unknown #16,576,158,88,203
clip_c10_20260727_165919.avi,30,c10_sim,Unknown #16,587,153,77,177
clip_c10_20260727_165919.avi,31,c10_sim,Unknown #16,592,143,71,184
clip_c10_20260727_165919.avi,32,c10_sim,Unknown #16,610,130,65,170
clip_c10_20260727_165919.avi,33,c10_sim,Unknown #16,616,128,66,172
clip_c10_20260727_165919.avi,34,c10_sim,Unknown #16,621,121,64,158
clip_c10_20260727_165919.avi,35,c10_sim,Unknown #16,626,115,60,162
clip_c10_20260727_165919.avi,36,c10_sim,Unknown #16,628,115,59,148
clip_c10_20260727_165919.avi,37,c10_sim,Unknown #16,625,108,66,153
clip_c10_20260727_165919.avi,38,c10_sim,Unknown #16,627,108,64,152
clip_c10_20260727_165919.avi,39,c10_sim,Unknown #16,631,102,62,151
clip_c10_20260727_165919.avi,40,c10_sim,Unknown #16,636,99,56,144
clip_c10_20260727_165919.avi,41,c10_sim,Unknown #16,637,99,54,152
clip_c10_20260727_165919.avi,42,c10_sim,Unknown #16,634,94,51,132
clip_c10_20260727_165919.avi,43,c10_sim,Unknown #16,633,93,55,134
clip_c10_20260727_165919.avi,44,c10_sim,Unknown #16,638,90,45,121
clip_c10_20260727_165919.avi,45,c10_sim,Unknown #16,641,87,43,125
clip_c10_20260727_165919.avi,46,c10_sim,Unknown #16,642,87,42,122
clip_c10_20260727_165919.avi,47,c10_sim,Unknown #16,642,83,45,115
clip_c10_20260727_165919.avi,48,c10_sim,Unknown #16,647,81,46,137
clip_c10_20260727_165919.avi,49,c10_sim,Unknown #16,649,75,42,113
clip_c11_20260813_134940.avi,10,c11_sim,Unknown #17,880,207,74,198
clip_c11_20260813_134940.avi,11,c11_sim,Unknown #17,882,208,79,199
clip_c11_20260813_134940.avi,12,c11_sim,Unknown #17,883,210,78,198
clip_c11_20260813_134940.avi,13,c11_sim,Unknown #17,885,210,77,199
clip_c11_20260813_134940.avi,14,c11_sim,Unknown #17,887,210,78,201
clip_c11_20260813_134940.avi,15,c11_sim,Unknown #17,887,214,77,198
clip_c11_20260813_134940.avi,16,c11_sim,Unknown #17,888,211,73,201
clip_c11_20260813_134940.avi,17,c11_sim,Unknown #17,889,209,72,203
clip_c11_20260813_134940.avi,18,c11_sim,Unknown #17,890,209,71,203
clip_c11_20260813_134940.avi,19,c11_sim,Unknown #17,892,214,71,198
clip_c11_20260813_134940.avi,20,c11_sim,Unknown #17,895,212,68,200
clip_c11_20260813_134940.avi,21,c11_sim,Unknown #17,895,211,70,201
clip_c11_20260813_134940.avi,22,c11_sim,Unknown #17,898,213,68,202
clip_c11_20260813_134940.avi,23,c11_sim,Unknown #17,899,210,68,211
clip_c11_20260813_134940.avi,24,c11_sim,Unknown #17,903,214,67,208
clip_c11_20260813_134940.avi,25,c11_sim,Unknown #17,901,217,73,208
clip_c11_20260813_134940.avi,26,c11_sim,Unknown #17,904,219,67,208
clip_c11_20260813_134940.avi,27,c11_sim,Unknown #17,906,219,66,211
clip_c11_20260813_134940.avi,28,c11_sim,Unknown #17,907,220,67,214
clip_c11_20260813_134940.avi,29,c11_sim,Unknown #17,910,220,67,215
clip_c11_20260813_134940.avi,30,c11_sim,Unknown #17,911,220,68,215
clip_c11_20260813_134940.avi,31,c11_sim,Unknown #17,913,220,70,214
clip_c11_20260813_134940.avi,32,c11_sim,Unknown #17,915,220,73,214
clip_c11_20260813_134940.avi,33,c11_sim,Unknown #17,916,220,75,214
clip_c11_20260813_134940.avi,34,c11_sim,Unknown #17,918,221,77,214
clip_c11_20260813_134940.avi,35,c11_sim,Unknown #17,920,222,78,213
clip_c11_20260813_134940.avi,36,c11_sim,Unknown #17,921,224,81,213
clip_c11_20260813_134940.avi,37,c11_sim,Unknown #17,922,225,83,217
clip_c11_20260813_134940.avi,38,c11_sim,Unknown #17,924,226,82,220
clip_c11_20260813_134940.avi,39,c11_sim,Unknown #17,924,227,84,224
clip_c11_20260813_134940.avi,40,c11_sim,Unknown #17,923,228,85,223
clip_c11_20260813_134940.avi,41,c11_sim,Unknown #17,924,230,84,223
clip_c11_20260813_134940.avi,42,c11_sim,Unknown #17,924,230,83,227
clip_c11_20260813_134940.avi,43,c11_sim,Unknown #17,925,231,82,228
clip_c11_20260813_134940.avi,44,c11_sim,Unknown #17,924,231,80,228
clip_c11_20260813_134940.avi,45,c11_sim,Unknown #17,924,231,79,229
clip_c11_20260813_134940.avi,46,c11_sim,Unknown #17,923,231,79,230
clip_c11_20260813_134940.avi,47,c11_sim,Unknown #17,922,231,80,229
clip_c11_20260813_134940.avi,48,c11_sim,Unknown #17,921,231,79,229
clip_c11_20260813_134940.avi,49,c11_sim,Unknown #17,922,232,78,228
clip_c11_20260813_134940.avi,50,c11_sim,Unknown #17,921,232,78,228
clip_c11_20260813_134940.avi,51,c11_sim,Unknown #17,920,232,80,229
clip_c11_20260813_134940.avi,52,c11_sim,Unknown #17,921,233,79,232
clip_c11_20260813_134940.avi,53,c11_sim,Unknown #17,920,235,80,236
clip_c11_20260813_134940.avi,54,c11_sim,Unknown #17,920,235,81,241
clip_c11_20260813_134940.avi,55,c11_sim,Unknown #17,920,236,81,243
clip_c9_20260813_134952.avi,3,c9_sim,Unknown #17,888,32,36,98
clip_c9_20260813_134952.avi,4,c9_sim,Unknown #17,887,32,36,99
clip_c9_20260813_134952.avi,5,c9_sim,Unknown #17,879,29,37,122
clip_c9_20260813_134952.avi,6,c9_sim,Unknown #17,877,29,41,121
clip_c9_20260813_134952.avi,7,c9_sim,Unknown #17,877,29,41,122
clip_c9_20260813_134952.avi,8,c9_sim,Unknown #17,859,42,48,138
clip_c9_20260813_134952.avi,9,c9_sim,Unknown #17,858,43,49,137
clip_c9_20260813_134952.avi,10,c9_sim,Unknown #17,858,43,48,140
clip_c9_20260813_134952.avi,11,c9_sim,Unknown #17,858,44,48,141
clip_c9_20260813_134952.avi,12,c9_sim,Unknown #17,857,46,46,141
clip_c9_20260813_134952.avi,13,c9_sim,Unknown #17,846,48,50,147
clip_c9_20260813_134952.avi,14,c9_sim,Unknown #17,845,49,52,146
clip_c9_20260813_134952.avi,15,c9_sim,Unknown #17,844,51,53,145
clip_c9_20260813_134952.avi,16,c9_sim,Unknown #17,844,53,53,143
clip_c9_20260813_134952.avi,17,c9_sim,Unknown #17,844,54,53,145
clip_c9_20260813_134952.avi,18,c9_sim,Unknown #17,843,54,54,146
clip_c9_20260813_134952.avi,19,c9_sim,Unknown #17,843,55,54,147
clip_c9_20260813_134952.avi,20,c9_sim,Unknown #17,843,55,53,149
clip_c9_20260813_134952.avi,21,c9_sim,Unknown #17,843,55,53,150
clip_c9_20260813_134952.avi,22,c9_sim,Unknown #17,844,55,53,150
clip_c9_20260813_134952.avi,23,c9_sim,Unknown #17,843,55,54,152
clip_c9_20260813_134952.avi,24,c9_sim,Unknown #17,843,55,56,153
clip_c9_20260813_134952.avi,25,c9_sim,Unknown #17,844,55,54,152
clip_c9_20260813_134952.avi,26,c9_sim,Unknown #17,843,55,54,152
clip_c9_20260813_134952.avi,27,c9_sim,Unknown #17,843,56,56,153
clip_c9_20260813_134952.avi,28,c9_sim,Unknown #17,843,57,54,155
clip_c9_20260813_134952.avi,29,c9_sim,Unknown #17,843,58,53,157
clip_c9_20260813_134952.avi,30,c9_sim,Unknown #17,843,59,54,156
clip_c9_20260813_134952.avi,31,c9_sim,Unknown #17,842,61,54,158
clip_c9_20260813_134952.avi,32,c9_sim,Unknown #17,842,61,52,160
clip_c9_20260813_134952.avi,33,c9_sim,Unknown #17,841,62,54,160
clip_c9_20260813_134952.avi,34,c9_sim,Unknown #17,841,62,53,159
clip_c9_20260813_134952.avi,35,c9_sim,Unknown #17,840,62,52,161
clip_c9_20260813_134952.avi,36,c9_sim,Unknown #17,840,61,52,161
clip_c9_20260813_134952.avi,37,c9_sim,Unknown #17,840,61,51,159
clip_c9_20260813_134952.avi,38,c9_sim,Unknown #17,840,61,52,161
clip_c9_20260813_134952.avi,39,c9_sim,Unknown #17,841,62,51,161
clip_c9_20260813_134952.avi,40,c9_sim,Unknown #17,840,63,52,163
clip_c9_20260813_134952.avi,41,c9_sim,Unknown #17,840,64,52,164
clip_c9_20260813_134952.avi,42,c9_sim,Unknown #17,840,65,53,167
clip_c9_20260813_134952.avi,43,c9_sim,Unknown #17,840,66,53,172
clip_c9_20260813_134952.avi,44,c9_sim,Unknown #17,840,67,52,170
clip_c9_20260813_134952.avi,45,c9_sim,Unknown #17,840,69,52,173
clip_c9_20260813_134952.avi,46,c9_sim,Unknown #17,840,69,53,174
clip_c9_20260813_134952.avi,47,c9_sim,Unknown #17,840,69,54,175
clip_c9_20260813_134952.avi,48,c9_sim,Unknown #17,840,69,55,176
clip_c9_20260813_134952.avi,49,c9_sim,Unknown #17,840,69,56,177
clip_c9_20260813_134952.avi,50,c9_sim,Unknown #17,841,69,56,177
clip_c9_20260813_134952.avi,51,c9_sim,Unknown #17,841,69,59,176
clip_c9_20260813_134952.avi,52,c9_sim,Unknown #17,841,69,59,176
clip_c9_20260813_134952.avi,53,c9_sim,Unknown #17,840,70,62,175
clip_c8_20260813_135011.avi,14,c8_sim,Unknown #1,981,359,130,417
clip_c8_20260813_135011.avi,15,c8_sim,Unknown #1,981,349,130,410
clip_c8_20260813_135011.avi,16,c8_sim,Unknown #1,983,339,128,409
clip_c8_20260813_135011.avi,17,c8_sim,Unknown #1,983,329,127,399
clip_c8_20260813_135011.avi,18,c8_sim,Unknown #1,982,319,128,382
clip_c8_20260813_135011.avi,19,c8_sim,Unknown #1,983,309,128,366
clip_c8_20260813_135011.avi,20,c8_sim,Unknown #1,984,301,128,356
clip_c8_20260813_135011.avi,21,c8_sim,Unknown #1,985,293,128,365
clip_c8_20260813_135011.avi,22,c8_sim,Unknown #1,987,287,130,371
clip_c8_20260813_135011.avi,23,c8_sim,Unknown #1,989,282,132,376
clip_c8_20260813_135011.avi,24,c8_sim,Unknown #1,992,276,132,381
clip_c8_20260813_135011.avi,25,c8_sim,Unknown #1,993,271,132,384
clip_c8_20260813_135011.avi,26,c8_sim,Unknown #1,994,266,133,387
clip_c8_20260813_135011.avi,27,c8_sim,Unknown #1,995,259,131,391
clip_c8_20260813_135011.avi,28,c8_sim,Unknown #1,1000,252,127,387
clip_c8_20260813_135011.avi,29,c8_sim,Unknown #1,1003,244,131,378
clip_c8_20260813_135011.avi,30,c8_sim,Unknown #1,1006,236,134,378
clip_c8_20260813_135011.avi,31,c8_sim,Unknown #1,1011,228,135,364
clip_c8_20260813_135011.avi,32,c8_sim,Unknown #1,1015,220,137,345
clip_c8_20260813_135011.avi,33,c8_sim,Unknown #1,1013,214,144,335
clip_c8_20260813_135011.avi,34,c8_sim,Unknown #1,1010,207,151,342
clip_c8_20260813_135011.avi,35,c8_sim,Unknown #1,1014,201,151,348
clip_c8_20260813_135011.avi,36,c8_sim,Unknown #1,1013,196,157,353
clip_c8_20260813_135011.avi,37,c8_sim,Unknown #1,1017,192,155,357
clip_c8_20260813_135011.avi,38,c8_sim,Unknown #1,1021,187,152,361
clip_c8_20260813_135011.avi,39,c8_sim,Unknown #1,1024,184,153,363
clip_c8_20260813_135011.avi,40,c8_sim,Unknown #1,1027,179,151,368
clip_c8_20260813_135011.avi,41,c8_sim,Unknown #1,1030,173,147,365
clip_c8_20260813_135011.avi,42,c8_sim,Unknown #1,1034,167,144,359
clip_c8_20260813_135011.avi,43,c8_sim,Unknown #1,1037,161,140,360
clip_c8_20260813_135011.avi,44,c8_sim,Unknown #1,1040,155,137,349
clip_c8_20260813_135011.avi,45,c8_sim,Unknown #1,1041,149,137,338
