source_clip,local_frame,camera,person_pred,x,y,w,h
clip_c8_20260617_150337.avi,0,c8_sim,Unknown #1,1608,82,71,227
clip_c8_20260617_150337.avi,1,c8_sim,Unknown #1,1609,78,72,230
clip_c8_20260617_150337.avi,2,c8_sim,Unknown #1,1606,76,73,230
clip_c8_20260617_150337.avi,3,c8_sim,Unknown #1,1602,78,75,238
clip_c8_20260617_150337.avi,4,c8_sim,Unknown #1,1586,88,78,250
clip_c8_20260617_150337.avi,5,c8_sim,Unknown #1,1578,95,78,250
clip_c8_20260617_150337.avi,6,c8_sim,Unknown #1,1568,100,78,248
clip_c8_20260617_150337.avi,7,c8_sim,Unknown #1,1556,105,77,240
clip_c8_20260617_150337.avi,8,c8_sim,Unknown #1,1540,107,81,241
clip_c8_20260617_150337.avi,9,c8_sim,Unknown #1,1532,109,85,242
clip_c8_20260617_150337.avi,10,c8_sim,Unknown #1,1521,108,89,247
clip_c8_20260617_150337.avi,11,c8_sim,Unknown #1,1513,111,91,253
clip_c8_20260617_150337.avi,12,c8_sim,Unknown #1,1495,124,97,269
clip_c8_20260617_150337.avi,13,c8_sim,Unknown #1,1482,130,99,274
clip_c8_20260617_150337.avi,14,c8_sim,Unknown #1,1470,135,99,272
clip_c8_20260617_150337.avi,15,c8_sim,Unknown #1,1451,139,100,270
clip_c8_20260617_150337.avi,16,c8_sim,Unknown #1,1437,143,102,266
clip_c8_20260617_150337.avi,17,c8_sim,Unknown #1,1427,148,103,261
clip_c8_20260617_150337.avi,18,c8_sim,Unknown #1,1419,150,102,258
clip_c8_20260617_150337.avi,19,c8_sim,Unknown #1,1417,152,101,256
clip_c8_20260617_150337.avi,20,c8_sim,Unknown #1,1404,161,98,246
clip_c8_20260617_150337.avi,21,c8_sim,Unknown #1,1393,171,95,237
clip_c8_20260617_150337.avi,22,c8_sim,Unknown #1,1386,181,92,227
clip_c8_20260617_150337.avi,23,c8_sim,Unknown #1,1378,190,90,218
clip_c8_20260617_150337.avi,24,c8_sim,Unknown #1,1367,194,91,213
clip_c8_20260617_150337.avi,25,c8_sim,Unknown #1,1356,197,93,211
clip_c8_20260617_150337.avi,26,c8_sim,Unknown #1,1347,202,93,206
clip_c8_20260617_150337.avi,28,c8_sim,Unknown #1,1304,217,127,280
clip_c8_20260617_150337.avi,29,c8_sim,Unknown #1,1285,230,133,299
clip_c8_20260617_150337.avi,30,c8_sim,Unknown #1,1272,240,133,302
clip_c8_20260617_150337.avi,31,c8_sim,Unknown #1,1253,253,141,324
clip_c8_20260617_150337.avi,32,c8_sim,Unknown #1,1238,266,149,347
clip_c8_20260617_150337.avi,33,c8_sim,Unknown #1,1228,280,148,351
clip_c8_20260617_150337.avi,34,c8_sim,Unknown #1,1222,291,145,347
clip_c8_20260617_150337.avi,35,c8_sim,Unknown #1,1215,298,141,342
clip_c8_20260617_150337.avi,36,c8_sim,Unknown #1,1203,303,139,337
clip_c8_20260617_150337.avi,37,c8_sim,Unknown #1,1174,319,142,340
clip_c8_20260617_150337.avi,38,c8_sim,Unknown #1,1153,327,145,344
clip_c8_20260617_150337.avi,39,c8_sim,Unknown #1,1142,333,148,346
clip_c8_20260617_150337.avi,40,c8_sim,Unknown #1,1116,356,143,336
clip_c8_20260617_150337.avi,41,c8_sim,Unknown #1,1092,378,140,332
clip_c8_20260617_150337.avi,42,c8_sim,Unknown #1,1076,437,134,315
clip_c8_20260617_150337.avi,43,c8_sim,Unknown #1,1058,457,136,318
clip_c8_20260617_150337.avi,44,c8_sim,Unknown #1,1044,465,137,319
clip_c8_20260617_150337.avi,45,c8_sim,Unknown #1,1026,468,138,320
clip_c8_20260617_150337.avi,46,c8_sim,Unknown #1,1001,468,140,322
clip_c8_20260617_150337.avi,47,c8_sim,Unknown #1,980,469,140,320
clip_c8_20260617_150337.avi,48,c8_sim,Unknown #1,968,471,142,323
clip_c12_20260617_152841.avi,0,c12_sim,Unknown #2,46,432,70,200
clip_c12_20260617_152841.avi,1,c12_sim,Unknown #2,35,437,72,206
clip_c12_20260617_152841.avi,2,c12_sim,Unknown #2,32,438,71,205
clip_c12_20260617_152841.avi,4,c12_sim,Unknown #2,9,462,73,207
clip_c12_20260617_152841.avi,5,c12_sim,Unknown #2,-4,473,70,204
clip_c12_20260617_152841.avi,6,c12_sim,Unknown #2,-9,479,69,204
clip_c12_20260617_152841.avi,7,c12_sim,Unknown #2,-11,481,71,213
clip_c11_20260617_152852.avi,71,c11_sim,Unknown #3,774,233,68,182
clip_c11_20260617_152852.avi,72,c11_sim,Unknown #3,772,231,68,184
clip_c11_20260617_152852.avi,73,c11_sim,Unknown #3,769,231,68,184
clip_c11_20260617_152852.avi,74,c11_sim,Unknown #3,767,230,69,186
clip_c11_20260617_152852.avi,75,c11_sim,Unknown #3,767,231,69,190
clip_c11_20260617_152852.avi,76,c11_sim,Unknown #3,767,233,70,196
clip_c11_20260617_152852.avi,77,c11_sim,Unknown #3,768,236,71,200
clip_c11_20260617_152852.avi,78,c11_sim,Unknown #3,772,236,71,200
clip_c11_20260617_152852.avi,79,c11_sim,Unknown #3,774,237,71,202
clip_c11_20260617_152852.avi,80,c11_sim,Unknown #3,774,238,71,202
clip_c11_20260617_152852.avi,81,c11_sim,Unknown #3,774,240,71,202
clip_c11_20260617_152852.avi,82,c11_sim,Unknown #3,775,242,71,205
clip_c11_20260617_152852.avi,83,c11_sim,Unknown #3,779,246,72,204
clip_c11_20260617_152852.avi,84,c11_sim,Unknown #3,778,249,77,215
clip_c11_20260617_152852.avi,85,c11_sim,Unknown #3,777,251,78,220
clip_c11_20260617_152852.avi,86,c11_sim,Unknown #3,774,252,79,227
clip_c11_20260617_152852.avi,87,c11_sim,Unknown #3,772,253,80,227
clip_c11_20260617_152852.avi,88,c11_sim,Unknown #3,771,255,79,225
clip_c11_20260617_152852.avi,89,c11_sim,Unknown #3,770,255,80,226
clip_c11_20260617_152852.avi,90,c11_sim,Unknown #3,767,255,82,225
clip_c11_20260617_152852.avi,91,c11_sim,Unknown #3,768,259,82,225
clip_c11_20260617_152852.avi,92,c11_sim,Unknown #3,781,266,85,229
clip_c11_20260617_152852.avi,93,c11_sim,Unknown #3,782,272,91,244
clip_c11_20260617_152852.avi,94,c11_sim,Unknown #3,782,276,92,248
clip_c11_20260617_152852.avi,95,c11_sim,Unknown #3,780,278,92,247
clip_c11_20260617_152852.avi,96,c11_sim,Unknown #3,779,279,92,248
clip_c11_20260617_152852.avi,97,c11_sim,Unknown #3,784,285,91,247
clip_c11_20260617_152852.avi,98,c11_sim,Unknown #3,793,291,93,251
clip_c11_20260617_152852.avi,99,c11_sim,Unknown #3,798,292,93,250
clip_c11_20260617_152852.avi,100,c11_sim,Unknown #3,794,296,99,265
clip_c11_20260617_152852.avi,101,c11_sim,Unknown #3,789,302,101,268
clip_c11_20260617_152852.avi,102,c11_sim,Unknown #3,784,305,102,269
clip_c11_20260617_152852.avi,103,c11_sim,Unknown #3,781,307,103,270
clip_c11_20260617_152852.avi,104,c11_sim,Unknown #3,779,309,104,276
clip_c11_20260617_152852.avi,105,c11_sim,Unknown #3,779,311,104,281
clip_c11_20260617_152852.avi,106,c11_sim,Unknown #3,779,314,105,286
clip_c11_20260617_152852.avi,107,c11_sim,Unknown #3,785,320,105,295
clip_c11_20260617_152852.avi,108,c11_sim,Unknown #3,789,323,105,300
clip_c11_20260617_152852.avi,109,c11_sim,Unknown #3,793,326,102,295
clip_c11_20260617_152852.avi,110,c11_sim,Unknown #3,794,327,103,300
clip_c11_20260617_152852.avi,111,c11_sim,Unknown #3,791,336,104,309
clip_c11_20260617_152852.avi,112,c11_sim,Unknown #3,788,341,104,310
clip_c11_20260617_152852.avi,113,c11_sim,Unknown #3,787,343,104,314
clip_c11_20260617_152852.avi,114,c11_sim,Unknown #3,794,349,107,323
clip_c11_20260617_152852.avi,115,c11_sim,Unknown #3,801,355,108,322
clip_c11_20260617_152852.avi,116,c11_sim,Unknown #3,821,360,110,327
clip_c11_20260617_152852.avi,117,c11_sim,Unknown #3,832,366,114,342
clip_c11_20260617_152852.avi,118,c11_sim,Unknown #3,839,375,118,352
clip_c11_20260617_152852.avi,119,c11_sim,Unknown #3,841,383,122,366
clip_c11_20260617_152852.avi,120,c11_sim,Unknown #3,845,387,121,368
clip_c11_20260617_152852.avi,121,c11_sim,Unknown #3,849,390,121,366
clip_c11_20260617_152852.avi,122,c11_sim,Unknown #3,852,394,122,366
clip_c11_20260617_152852.avi,123,c11_sim,Unknown #3,858,396,123,368
clip_c11_20260617_152852.avi,124,c11_sim,Unknown #3,871,406,122,364
clip_c11_20260617_152852.avi,125,c11_sim,Unknown #3,881,412,127,372
clip_c11_20260617_152852.avi,126,c11_sim,Unknown #3,887,415,131,376
clip_c11_20260617_152852.avi,127,c11_sim,Unknown #3,892,417,132,374
clip_c11_20260617_152852.avi,128,c11_sim,Unknown #3,895,419,135,374
clip_c11_20260617_152852.avi,129,c11_sim,Unknown #3,903,420,136,375
clip_c11_20260617_152852.avi,130,c11_sim,Unknown #3,922,429,138,387
clip_c11_20260617_152852.avi,131,c11_sim,Unknown #3,951,446,144,400
clip_c11_20260617_152852.avi,142,c11_sim,Unknown #3,1136,517,193,417
clip_c11_20260617_152852.avi,143,c11_sim,Unknown #3,1165,520,192,416
clip_c11_20260617_152852.avi,144,c11_sim,Unknown #3,1202,530,187,406
clip_c11_20260617_152852.avi,145,c11_sim,Unknown #3,1221,536,183,398
clip_c11_20260617_152852.avi,146,c11_sim,Unknown #3,1235,544,180,390
clip_c11_20260617_152852.avi,147,c11_sim,Unknown #3,1257,548,176,378
clip_c11_20260617_152852.avi,148,c11_sim,Unknown #3,1279,549,180,382
clip_c11_20260617_152852.avi,153,c11_sim,Unknown #3,1371,578,193,402
clip_c11_20260617_152852.avi,154,c11_sim,Unknown #3,1399,587,195,399
clip_c11_20260617_152852.avi,155,c11_sim,Unknown #3,1431,593,192,392
clip_c11_20260617_152852.avi,156,c11_sim,Unknown #3,1449,599,187,375
clip_c11_20260617_152852.avi,157,c11_sim,Unknown #3,1464,604,191,373
clip_c11_20260617_152852.avi,158,c11_sim,Unknown #3,1488,605,190,363
clip_c11_20260617_152852.avi,159,c11_sim,Unknown #3,1510,605,197,372
clip_c11_20260617_152852.avi,160,c11_sim,Unknown #3,1526,606,198,375
clip_c11_20260617_152852.avi,161,c11_sim,Unknown #3,1543,609,198,374
clip_c11_20260617_152852.avi,162,c11_sim,Unknown #3,1560,619,192,356
clip_c11_20260617_152852.avi,163,c11_sim,Unknown #3,1570,629,191,343
clip_c11_20260617_152852.avi,164,c11_sim,Unknown #3,1572,638,208,368
clip_c11_20260617_152852.avi,165,c11_sim,Unknown #3,1590,643,216,380
clip_c11_20260617_152852.avi,166,c11_sim,Unknown #3,1627,648,229,408
clip_c11_20260617_152852.avi,167,c11_sim,Unknown #3,1642,655,233,418
clip_c11_20260617_152852.avi,168,c11_sim,Unknown #3,1647,656,236,425
clip_c11_20260617_152852.avi,169,c11_sim,Unknown #3,1656,658,235,425
clip_c11_20260617_152852.avi,171,c11_sim,Unknown #3,1687,655,234,425
clip_c11_20260617_152852.avi,172,c11_sim,Unknown #3,1694,650,234,428
clip_c11_20260617_152852.avi,4,c11_sim,Unknown #4,803,155,47,125
clip_c11_20260617_152852.avi,5,c11_sim,Unknown #4,795,157,49,128
clip_c11_20260617_152852.avi,6,c11_sim,Unknown #4,793,162,48,126
clip_c11_20260617_152852.avi,9,c11_sim,Unknown #4,795,156,52,137
clip_c11_20260617_152852.avi,10,c11_sim,Unknown #4,796,159,51,135
clip_c11_20260617_152852.avi,11,c11_sim,Unknown #4,798,159,50,135
clip_c11_20260617_152852.avi,12,c11_sim,Unknown #4,799,159,51,135
clip_c11_20260617_152852.avi,13,c11_sim,Unknown #4,800,159,51,139
clip_c11_20260617_152852.avi,14,c11_sim,Unknown #4,799,163,51,139
clip_c11_20260617_152852.avi,15,c11_sim,Unknown #4,800,165,50,137
clip_c11_20260617_152852.avi,16,c11_sim,Unknown #4,800,164,50,138
clip_c11_20260617_152852.avi,26,c11_sim,Unknown #4,802,170,52,143
clip_c11_20260617_152852.avi,32,c11_sim,Unknown #4,803,173,55,151
clip_c11_20260617_152852.avi,33,c11_sim,Unknown #4,802,174,57,155
clip_c11_20260617_152852.avi,34,c11_sim,Unknown #4,802,174,56,157
clip_c11_20260617_152852.avi,35,c11_sim,Unknown #4,800,178,56,157
clip_c11_20260617_152852.avi,36,c11_sim,Unknown #4,799,180,57,158
clip_c11_20260617_152852.avi,37,c11_sim,Unknown #4,797,179,57,161
clip_c11_20260617_152852.avi,38,c11_sim,Unknown #4,795,180,58,163
clip_c11_20260617_152852.avi,39,c11_sim,Unknown #4,795,181,58,164
clip_c11_20260617_152852.avi,40,c11_sim,Unknown #4,795,182,58,163
clip_c11_20260617_152852.avi,41,c11_sim,Unknown #4,796,181,59,165
clip_c11_20260617_152852.avi,42,c11_sim,Unknown #4,800,181,60,168
clip_c11_20260617_152852.avi,43,c11_sim,Unknown #4,803,181,60,170
clip_c11_20260617_152852.avi,44,c11_sim,Unknown #4,804,182,60,169
clip_c11_20260617_152852.avi,45,c11_sim,Unknown #4,807,182,60,172
clip_c11_20260617_152852.avi,46,c11_sim,Unknown #4,808,183,61,174
clip_c11_20260617_152852.avi,47,c11_sim,Unknown #4,808,185,61,176
clip_c11_20260617_152852.avi,48,c11_sim,Unknown #4,807,186,61,176
clip_c11_20260617_152852.avi,49,c11_sim,Unknown #4,807,184,61,179
clip_c11_20260617_152852.avi,50,c11_sim,Unknown #4,805,183,62,181
clip_c11_20260617_152852.avi,51,c11_sim,Unknown #4,807,185,63,181
clip_c11_20260617_152852.avi,52,c11_sim,Unknown #4,811,193,61,175
clip_c11_20260617_152852.avi,53,c11_sim,Unknown #4,813,190,62,180
clip_c11_20260617_152852.avi,54,c11_sim,Unknown #4,818,190,64,183
clip_c11_20260617_152852.avi,55,c11_sim,Unknown #4,822,191,64,183
clip_c11_20260617_152852.avi,56,c11_sim,Unknown #4,824,190,65,185
clip_c11_20260617_152852.avi,57,c11_sim,Unknown #4,825,191,65,185
clip_c11_20260617_152852.avi,58,c11_sim,Unknown #4,827,194,66,186
clip_c11_20260617_152852.avi,59,c11_sim,Unknown #4,828,194,67,189
clip_c11_20260617_152852.avi,60,c11_sim,Unknown #4,829,193,68,192
clip_c11_20260617_152852.avi,61,c11_sim,Unknown #4,828,194,69,194
clip_c11_20260617_152852.avi,62,c11_sim,Unknown #4,828,195,68,194
clip_c11_20260617_152852.avi,63,c11_sim,Unknown #4,831,194,68,197
clip_c11_20260617_152852.avi,64,c11_sim,Unknown #4,833,193,68,201
clip_c11_20260617_152852.avi,66,c11_sim,Unknown #4,839,197,68,201
clip_c11_20260617_152852.avi,67,c11_sim,Unknown #4,844,200,68,200
clip_c11_20260617_152852.avi,68,c11_sim,Unknown #4,848,205,68,197
clip_c11_20260617_152852.avi,69,c11_sim,Unknown #4,856,207,69,196
clip_c11_20260617_152852.avi,70,c11_sim,Unknown #4,860,211,69,199
clip_c11_20260617_152852.avi,71,c11_sim,Unknown #4,865,218,68,194
clip_c11_20260617_152852.avi,72,c11_sim,Unknown #4,866,218,69,198
clip_c11_20260617_152852.avi,73,c11_sim,Unknown #4,867,219,69,199
clip_c11_20260617_152852.avi,74,c11_sim,Unknown #4,867,217,71,204
clip_c11_20260617_152852.avi,76,c11_sim,Unknown #4,869,205,75,218
clip_c11_20260617_152852.avi,77,c11_sim,Unknown #4,871,195,79,232
clip_c11_20260617_152852.avi,78,c11_sim,Unknown #4,878,208,76,225
clip_c11_20260617_152852.avi,79,c11_sim,Unknown #4,885,217,75,218
clip_c11_20260617_152852.avi,80,c11_sim,Unknown #4,891,227,73,211
clip_c11_20260617_152852.avi,81,c11_sim,Unknown #4,895,228,73,212
clip_c11_20260617_152852.avi,82,c11_sim,Unknown #4,899,224,75,216
clip_c11_20260617_152852.avi,83,c11_sim,Unknown #4,903,225,79,228
clip_c11_20260617_152852.avi,84,c11_sim,Unknown #4,906,226,81,236
clip_c11_20260617_152852.avi,85,c11_sim,Unknown #4,908,227,81,239
clip_c11_20260617_152852.avi,86,c11_sim,Unknown #4,910,228,80,239
clip_c11_20260617_152852.avi,87,c11_sim,Unknown #4,911,229,80,239
clip_c11_20260617_152852.avi,88,c11_sim,Unknown #4,912,230,79,238
clip_c11_20260617_152852.avi,89,c11_sim,Unknown #4,913,230,79,240
clip_c11_20260617_152852.avi,90,c11_sim,Unknown #4,917,232,81,241
clip_c11_20260617_152852.avi,91,c11_sim,Unknown #4,920,236,83,245
clip_c11_20260617_152852.avi,92,c11_sim,Unknown #4,926,243,87,253
clip_c11_20260617_152852.avi,93,c11_sim,Unknown #4,923,248,90,259
clip_c11_20260617_152852.avi,94,c11_sim,Unknown #4,921,251,92,261
clip_c11_20260617_152852.avi,95,c11_sim,Unknown #4,920,252,93,265
clip_c11_20260617_152852.avi,96,c11_sim,Unknown #4,918,252,95,268
clip_c11_20260617_152852.avi,97,c11_sim,Unknown #4,917,254,98,275
clip_c11_20260617_152852.avi,98,c11_sim,Unknown #4,926,257,96,273
clip_c11_20260617_152852.avi,99,c11_sim,Unknown #4,930,257,96,275
clip_c11_20260617_152852.avi,100,c11_sim,Unknown #4,933,260,100,284
clip_c11_20260617_152852.avi,101,c11_sim,Unknown #4,935,264,102,291
clip_c11_20260617_152852.avi,102,c11_sim,Unknown #4,935,270,103,298
clip_c11_20260617_152852.avi,103,c11_sim,Unknown #4,930,271,104,304
clip_c11_20260617_152852.avi,104,c11_sim,Unknown #4,927,273,103,304
clip_c11_20260617_152852.avi,105,c11_sim,Unknown #4,925,274,103,305
clip_c11_20260617_152852.avi,106,c11_sim,Unknown #4,924,275,104,306
clip_c11_20260617_152852.avi,107,c11_sim,Unknown #4,925,280,105,312
clip_c11_20260617_152852.avi,108,c11_sim,Unknown #4,928,283,107,316
clip_c11_20260617_152852.avi,109,c11_sim,Unknown #4,932,284,109,321
clip_c11_20260617_152852.avi,110,c11_sim,Unknown #4,939,287,108,320
clip_c11_20260617_152852.avi,111,c11_sim,Unknown #4,944,290,109,322
clip_c11_20260617_152852.avi,112,c11_sim,Unknown #4,948,295,111,329
clip_c11_20260617_152852.avi,113,c11_sim,Unknown #4,950,298,112,331
clip_c11_20260617_152852.avi,114,c11_sim,Unknown #4,944,302,115,344
clip_c11_20260617_152852.avi,115,c11_sim,Unknown #4,943,305,113,341
clip_c11_20260617_152852.avi,116,c11_sim,Unknown #4,949,314,117,352
clip_c11_20260617_152852.avi,117,c11_sim,Unknown #4,955,320,118,356
clip_c11_20260617_152852.avi,118,c11_sim,Unknown #4,962,324,119,360
clip_c11_20260617_152852.avi,119,c11_sim,Unknown #4,970,325,121,363
clip_c11_20260617_152852.avi,120,c11_sim,Unknown #4,978,328,123,363
clip_c11_20260617_152852.avi,121,c11_sim,Unknown #4,985,330,124,361
clip_c11_20260617_152852.avi,122,c11_sim,Unknown #4,990,332,129,376
clip_c11_20260617_152852.avi,123,c11_sim,Unknown #4,993,336,131,378
clip_c11_20260617_152852.avi,124,c11_sim,Unknown #4,996,340,133,388
clip_c11_20260617_152852.avi,125,c11_sim,Unknown #4,1000,343,135,392
clip_c11_20260617_152852.avi,126,c11_sim,Unknown #4,1003,344,135,394
clip_c11_20260617_152852.avi,127,c11_sim,Unknown #4,1004,344,134,395
clip_c11_20260617_152852.avi,128,c11_sim,Unknown #4,1006,345,131,391
clip_c11_20260617_152852.avi,129,c11_sim,Unknown #4,1005,347,131,391
clip_c11_20260617_152852.avi,130,c11_sim,Unknown #4,1016,353,126,386
clip_c11_20260617_152852.avi,131,c11_sim,Unknown #4,1030,361,130,402
clip_c11_20260617_152852.avi,132,c11_sim,Unknown #4,1028,366,134,407
clip_c11_20260617_152852.avi,133,c11_sim,Unknown #4,1038,365,138,411
clip_c11_20260617_152852.avi,134,c11_sim,Unknown #4,1029,368,158,464
clip_c11_20260617_152852.avi,135,c11_sim,Unknown #4,1028,371,166,479
clip_c11_20260617_152852.avi,136,c11_sim,Unknown #4,1028,372,171,486
clip_c11_20260617_152852.avi,137,c11_sim,Unknown #4,1031,375,176,496
clip_c11_20260617_152852.avi,138,c11_sim,Unknown #4,1053,382,175,487
clip_c11_20260617_152852.avi,141,c11_sim,Unknown #4,1090,392,156,436
clip_c11_20260617_152852.avi,142,c11_sim,Unknown #4,1102,398,158,441
clip_c11_20260617_152852.avi,143,c11_sim,Unknown #4,1108,401,157,446
clip_c11_20260617_152852.avi,144,c11_sim,Unknown #4,1122,408,150,425
clip_c11_20260617_152852.avi,145,c11_sim,Unknown #4,1134,415,147,416
clip_c11_20260617_152852.avi,146,c11_sim,Unknown #4,1143,422,146,410
clip_c11_20260617_152852.avi,147,c11_sim,Unknown #4,1150,428,149,411
clip_c11_20260617_152852.avi,148,c11_sim,Unknown #4,1160,429,156,418
clip_c11_20260617_152852.avi,149,c11_sim,Unknown #4,1169,431,162,422
clip_c11_20260617_152852.avi,150,c11_sim,Unknown #4,1183,437,166,425
clip_c11_20260617_152852.avi,151,c11_sim,Unknown #4,1194,442,176,442
clip_c11_20260617_152852.avi,152,c11_sim,Unknown #4,1209,448,182,456
clip_c11_20260617_152852.avi,153,c11_sim,Unknown #4,1218,457,191,480
clip_c11_20260617_152852.avi,154,c11_sim,Unknown #4,1223,466,194,489
clip_c11_20260617_152852.avi,155,c11_sim,Unknown #4,1234,474,195,488
clip_c11_20260617_152852.avi,156,c11_sim,Unknown #4,1241,482,193,483
clip_c11_20260617_152852.avi,157,c11_sim,Unknown #4,1248,495,191,471
clip_c11_20260617_152852.avi,158,c11_sim,Unknown #4,1251,506,193,472
clip_c11_20260617_152852.avi,159,c11_sim,Unknown #4,1257,516,199,481
clip_c11_20260617_152852.avi,160,c11_sim,Unknown #4,1258,521,206,492
clip_c11_20260617_152852.avi,161,c11_sim,Unknown #4,1260,530,210,493
clip_c11_20260617_152852.avi,162,c11_sim,Unknown #4,1280,535,218,495
clip_c11_20260617_152852.avi,164,c11_sim,Unknown #4,1311,536,222,490
clip_c11_20260617_152852.avi,165,c11_sim,Unknown #4,1327,549,234,508
clip_c11_20260617_152852.avi,166,c11_sim,Unknown #4,1355,577,235,496
clip_c11_20260617_152852.avi,167,c11_sim,Unknown #4,1376,591,238,487
clip_c11_20260617_152852.avi,168,c11_sim,Unknown #4,1386,597,242,483
clip_c11_20260617_152852.avi,169,c11_sim,Unknown #4,1401,603,244,477
clip_c11_20260617_152852.avi,170,c11_sim,Unknown #4,1420,610,246,470
clip_c11_20260617_152852.avi,171,c11_sim,Unknown #4,1429,617,251,463
clip_c11_20260617_152852.avi,172,c11_sim,Unknown #4,1441,614,258,465
clip_c11_20260617_152852.avi,173,c11_sim,Unknown #4,1460,608,267,471
clip_c11_20260617_152852.avi,174,c11_sim,Unknown #4,1485,608,268,467
clip_c11_20260617_152852.avi,175,c11_sim,Unknown #4,1509,608,266,465
clip_c11_20260617_152852.avi,176,c11_sim,Unknown #4,1520,607,265,462
clip_c11_20260617_152852.avi,177,c11_sim,Unknown #4,1525,611,264,458
clip_c11_20260617_152852.avi,178,c11_sim,Unknown #4,1534,620,263,449
clip_c11_20260617_152852.avi,179,c11_sim,Unknown #4,1547,627,265,440
clip_c11_20260617_152852.avi,180,c11_sim,Unknown #4,1559,631,268,435
clip_c11_20260617_152852.avi,181,c11_sim,Unknown #4,1581,635,273,431
clip_c11_20260617_152852.avi,182,c11_sim,Unknown #4,1599,642,278,425
clip_c11_20260617_152852.avi,183,c11_sim,Unknown #4,1603,645,284,423
clip_c11_20260617_152852.avi,184,c11_sim,Unknown #4,1601,646,289,423
clip_c11_20260617_152852.avi,185,c11_sim,Unknown #4,1599,646,295,423
clip_c11_20260617_152852.avi,186,c11_sim,Unknown #4,1596,647,299,422
clip_c11_20260617_152852.avi,187,c11_sim,Unknown #4,1593,648,304,422
clip_c11_20260617_152852.avi,188,c11_sim,Unknown #4,1589,648,309,423
clip_c11_20260617_152852.avi,189,c11_sim,Unknown #4,1584,645,314,425
clip_c11_20260617_152852.avi,190,c11_sim,Unknown #4,1581,644,317,426
clip_c11_20260617_152852.avi,191,c11_sim,Unknown #4,1579,642,319,427
clip_c11_20260617_152852.avi,192,c11_sim,Unknown #4,1590,654,315,417
clip_c11_20260617_152852.avi,193,c11_sim,Unknown #4,1597,653,300,393
clip_c11_20260617_152852.avi,194,c11_sim,Unknown #4,1600,660,293,378
clip_c11_20260617_152852.avi,195,c11_sim,Unknown #4,1600,666,294,373
clip_c11_20260617_152852.avi,200,c11_sim,Unknown #4,1602,674,290,364
clip_c11_20260617_152852.avi,201,c11_sim,Unknown #4,1600,677,292,360
clip_c11_20260617_152852.avi,202,c11_sim,Unknown #4,1598,679,287,351
clip_c11_20260617_152852.avi,203,c11_sim,Unknown #4,1598,679,288,349
clip_c11_20260617_152852.avi,204,c11_sim,Unknown #4,1598,678,291,348
clip_c11_20260617_152852.avi,205,c11_sim,Unknown #4,1596,677,298,353
clip_c11_20260617_152852.avi,206,c11_sim,Unknown #4,1594,677,298,351
clip_c11_20260617_152852.avi,215,c11_sim,Unknown #4,1595,686,295,344
clip_c11_20260617_152852.avi,218,c11_sim,Unknown #4,1594,688,303,351
clip_c11_20260617_152852.avi,227,c11_sim,Unknown #4,1595,694,301,344
clip_c11_20260617_152852.avi,230,c11_sim,Unknown #4,1588,679,312,356
clip_c11_20260617_152852.avi,231,c11_sim,Unknown #4,1584,672,320,364
clip_c11_20260617_152852.avi,233,c11_sim,Unknown #4,1568,669,320,371
clip_c11_20260617_152852.avi,235,c11_sim,Unknown #4,1560,663,326,387
clip_c11_20260617_152852.avi,236,c11_sim,Unknown #4,1561,661,324,394
clip_c11_20260617_152852.avi,237,c11_sim,Unknown #4,1565,663,317,392
clip_c11_20260617_152852.avi,238,c11_sim,Unknown #4,1569,666,308,387
clip_c11_20260617_152852.avi,239,c11_sim,Unknown #4,1572,668,302,385
clip_c11_20260617_152852.avi,240,c11_sim,Unknown #4,1575,667,296,382
clip_c11_20260617_152852.avi,241,c11_sim,Unknown #4,1577,667,292,380
clip_c11_20260617_152852.avi,242,c11_sim,Unknown #4,1578,666,288,379
clip_c11_20260617_152852.avi,243,c11_sim,Unknown #4,1576,666,286,382
clip_c11_20260617_152852.avi,244,c11_sim,Unknown #4,1577,670,281,381
clip_c11_20260617_152852.avi,245,c11_sim,Unknown #4,1579,675,278,380
clip_c11_20260617_152852.avi,246,c11_sim,Unknown #4,1588,683,267,366
clip_c11_20260617_152852.avi,247,c11_sim,Unknown #4,1592,688,262,360
clip_c11_20260617_152852.avi,248,c11_sim,Unknown #4,1596,700,255,348
clip_c11_20260617_152852.avi,249,c11_sim,Unknown #4,1598,705,250,340
clip_c11_20260617_152852.avi,250,c11_sim,Unknown #4,1598,707,251,341
clip_c11_20260617_152852.avi,251,c11_sim,Unknown #4,1595,711,249,335
clip_c11_20260617_152852.avi,252,c11_sim,Unknown #4,1589,715,253,338
clip_c11_20260617_152852.avi,253,c11_sim,Unknown #4,1586,721,253,336
clip_c11_20260617_152852.avi,254,c11_sim,Unknown #4,1580,730,250,332
clip_c11_20260617_152852.avi,257,c11_sim,Unknown #4,1563,743,241,318
clip_c11_20260617_152852.avi,258,c11_sim,Unknown #4,1558,753,235,309
clip_c11_20260617_152852.avi,262,c11_sim,Unknown #4,1556,771,225,293
clip_c11_20260617_152852.avi,263,c11_sim,Unknown #4,1555,776,222,288
clip_c11_20260617_152852.avi,264,c11_sim,Unknown #4,1555,779,221,285
clip_c11_20260617_152852.avi,266,c11_sim,Unknown #4,1557,776,229,292
clip_c11_20260617_152852.avi,267,c11_sim,Unknown #4,1563,752,247,312
clip_c11_20260617_152852.avi,268,c11_sim,Unknown #4,1563,734,261,328
clip_c11_20260617_152852.avi,269,c11_sim,Unknown #4,1570,672,286,360
clip_c11_20260617_152852.avi,271,c11_sim,Unknown #4,1590,632,332,428
clip_c11_20260617_152852.avi,272,c11_sim,Unknown #4,1601,619,344,451
clip_c11_20260617_152852.avi,273,c11_sim,Unknown #4,1608,614,343,461
clip_c11_20260618_154736.avi,2,c11_sim,Unknown #5,96,765,285,315
clip_c11_20260618_154736.avi,3,c11_sim,Unknown #5,96,765,285,315
clip_c11_20260618_154736.avi,4,c11_sim,Unknown #5,96,765,285,315
clip_c11_20260618_154736.avi,5,c11_sim,Unknown #5,96,765,284,315
clip_c11_20260618_154736.avi,6,c11_sim,Unknown #5,96,765,285,315
clip_c11_20260618_154736.avi,7,c11_sim,Unknown #5,96,765,284,315
clip_c11_20260618_154736.avi,8,c11_sim,Unknown #5,96,765,284,315
clip_c11_20260618_154736.avi,9,c11_sim,Unknown #5,96,765,284,315
clip_c11_20260618_154736.avi,10,c11_sim,Unknown #5,96,765,284,315
clip_c11_20260618_154736.avi,11,c11_sim,Unknown #5,96,766,284,314
clip_c11_20260618_154736.avi,12,c11_sim,Unknown #5,96,766,284,314
clip_c11_20260618_154736.avi,13,c11_sim,Unknown #5,95,766,285,314
clip_c11_20260618_154736.avi,14,c11_sim,Unknown #5,96,766,284,314
clip_c11_20260618_154736.avi,15,c11_sim,Unknown #5,96,766,285,314
clip_c11_20260618_154736.avi,16,c11_sim,Unknown #5,96,765,285,315
clip_c11_20260618_154736.avi,17,c11_sim,Unknown #5,96,765,285,315
clip_c11_20260618_154736.avi,18,c11_sim,Unknown #5,97,765,285,315
clip_c11_20260618_154736.avi,19,c11_sim,Unknown #5,97,765,285,315
clip_c11_20260618_154736.avi,20,c11_sim,Unknown #5,97,765,285,315
clip_c11_20260618_154736.avi,21,c11_sim,Unknown #5,97,765,285,315
clip_c11_20260618_154736.avi,22,c11_sim,Unknown #5,97,765,284,315
clip_c11_20260618_154736.avi,23,c11_sim,Unknown #5,97,765,285,315
clip_c11_20260618_154736.avi,24,c11_sim,Unknown #5,97,765,285,315
clip_c11_20260618_154736.avi,25,c11_sim,Unknown #5,96,765,285,315
clip_c11_20260618_154736.avi,26,c11_sim,Unknown #5,96,766,285,314
clip_c11_20260618_154736.avi,27,c11_sim,Unknown #5,97,765,284,315
clip_c11_20260618_154736.avi,28,c11_sim,Unknown #5,97,765,284,315
clip_c11_20260618_154736.avi,29,c11_sim,Unknown #5,96,765,285,315
clip_c11_20260618_154736.avi,30,c11_sim,Unknown #5,97,766,284,314
clip_c11_20260618_154736.avi,31,c11_sim,Unknown #5,97,765,284,315
clip_c11_20260618_154736.avi,32,c11_sim,Unknown #5,96,765,285,315
clip_c11_20260618_154736.avi,33,c11_sim,Unknown #5,96,765,284,315
clip_c11_20260618_154736.avi,34,c11_sim,Unknown #5,95,765,285,315
clip_c11_20260618_154736.avi,35,c11_sim,Unknown #5,95,765,286,315
clip_c11_20260618_154736.avi,36,c11_sim,Unknown #5,95,765,286,315
clip_c11_20260618_154736.avi,37,c11_sim,Unknown #5,95,765,286,315
clip_c11_20260618_154736.avi,38,c11_sim,Unknown #5,95,765,286,315
clip_c11_20260618_154736.avi,39,c11_sim,Unknown #5,95,765,286,315
clip_c11_20260618_154736.avi,40,c11_sim,Unknown #5,95,764,286,316
clip_c11_20260618_154736.avi,41,c11_sim,Unknown #5,95,764,287,316
clip_c11_20260618_154736.avi,42,c11_sim,Unknown #5,95,764,287,316
clip_c11_20260618_154736.avi,43,c11_sim,Unknown #5,95,764,287,316
clip_c11_20260618_154736.avi,44,c11_sim,Unknown #5,95,764,287,316
clip_c11_20260618_154736.avi,45,c11_sim,Unknown #5,95,764,287,316
clip_c11_20260618_154736.avi,46,c11_sim,Unknown #5,95,765,285,315
clip_c11_20260618_154736.avi,47,c11_sim,Unknown #5,95,764,286,316
clip_c11_20260618_154736.avi,48,c11_sim,Unknown #5,94,764,287,316
clip_c11_20260618_154736.avi,49,c11_sim,Unknown #5,97,763,288,317
clip_c11_20260618_154736.avi,50,c11_sim,Unknown #5,98,761,289,319
clip_c11_20260618_154736.avi,52,c11_sim,Unknown #5,102,746,300,333
clip_c11_20260618_154736.avi,53,c11_sim,Unknown #5,107,737,303,342
clip_c11_20260618_154736.avi,54,c11_sim,Unknown #5,112,734,302,344
clip_c11_20260618_154736.avi,55,c11_sim,Unknown #5,118,733,300,345
clip_c11_20260618_154736.avi,56,c11_sim,Unknown #5,134,732,298,345
clip_c11_20260618_154736.avi,57,c11_sim,Unknown #5,141,733,296,344
clip_c11_20260618_154736.avi,58,c11_sim,Unknown #5,142,734,293,343
clip_c11_20260618_154736.avi,59,c11_sim,Unknown #5,138,735,292,343
clip_c11_20260618_154736.avi,61,c11_sim,Unknown #5,132,741,288,337
clip_c11_20260618_154736.avi,62,c11_sim,Unknown #5,134,742,286,336
clip_c11_20260618_154736.avi,66,c11_sim,Unknown #5,159,729,292,349
clip_c11_20260618_154736.avi,67,c11_sim,Unknown #5,185,711,298,367
clip_c11_20260618_154736.avi,68,c11_sim,Unknown #5,202,697,301,380
clip_c11_20260618_154736.avi,69,c11_sim,Unknown #5,215,687,299,388
clip_c11_20260618_154736.avi,70,c11_sim,Unknown #5,222,677,299,398
clip_c11_20260618_154736.avi,71,c11_sim,Unknown #5,226,667,299,408
clip_c11_20260618_154736.avi,72,c11_sim,Unknown #5,232,656,297,416
clip_c11_20260618_154736.avi,75,c11_sim,Unknown #5,237,612,311,452
clip_c11_20260618_154736.avi,78,c11_sim,Unknown #5,275,574,331,493
clip_c11_20260618_154736.avi,79,c11_sim,Unknown #5,309,544,331,513
clip_c11_20260618_154736.avi,80,c11_sim,Unknown #5,339,526,307,492
clip_c11_20260618_154736.avi,81,c11_sim,Unknown #5,359,514,290,484
clip_c11_20260618_154736.avi,82,c11_sim,Unknown #5,372,504,281,487
clip_c11_20260618_154736.avi,83,c11_sim,Unknown #5,383,496,272,491
clip_c11_20260618_154736.avi,84,c11_sim,Unknown #5,391,492,264,494
clip_c11_20260618_154736.avi,85,c11_sim,Unknown #5,418,461,242,467
clip_c11_20260618_154736.avi,86,c11_sim,Unknown #5,439,446,228,448
clip_c11_20260618_154736.avi,87,c11_sim,Unknown #5,455,438,221,441
clip_c11_20260618_154736.avi,88,c11_sim,Unknown #5,470,428,218,444
clip_c11_20260618_154736.avi,89,c11_sim,Unknown #5,480,424,212,446
clip_c11_20260618_154736.avi,90,c11_sim,Unknown #5,488,421,205,446
clip_c11_20260618_154736.avi,91,c11_sim,Unknown #5,520,403,186,416
clip_c11_20260618_154736.avi,92,c11_sim,Unknown #5,542,393,175,408
clip_c10_20260617_152807.avi,6,c10_sim,Unknown #4,1137,106,88,275
clip_c10_20260617_152807.avi,7,c10_sim,Unknown #4,1134,106,89,279
clip_c10_20260617_152807.avi,8,c10_sim,Unknown #4,1125,105,92,284
clip_c10_20260617_152807.avi,9,c10_sim,Unknown #4,1101,104,95,293
clip_c10_20260617_152807.avi,10,c10_sim,Unknown #4,1091,105,95,295
clip_c10_20260617_152807.avi,11,c10_sim,Unknown #4,1046,114,96,298
clip_c10_20260617_152807.avi,12,c10_sim,Unknown #4,1004,125,96,290
clip_c10_20260617_152807.avi,13,c10_sim,Unknown #4,982,133,99,291
clip_c10_20260617_152807.avi,14,c10_sim,Unknown #4,971,135,105,295
clip_c10_20260617_152807.avi,15,c10_sim,Unknown #4,958,135,108,296
clip_c10_20260617_152807.avi,16,c10_sim,Unknown #4,920,141,110,297
clip_c10_20260617_152807.avi,17,c10_sim,Unknown #4,892,147,114,313
clip_c10_20260617_152807.avi,18,c10_sim,Unknown #4,881,153,115,317
clip_c10_20260617_152807.avi,19,c10_sim,Unknown #4,875,156,115,320
clip_c10_20260617_152807.avi,20,c10_sim,Unknown #4,861,160,116,324
clip_c10_20260617_152807.avi,21,c10_sim,Unknown #4,851,162,116,325
clip_c10_20260617_152807.avi,22,c10_sim,Unknown #4,836,167,118,331
clip_c10_20260617_152807.avi,23,c10_sim,Unknown #4,821,181,121,335
clip_c10_20260617_152807.avi,24,c10_sim,Unknown #4,810,185,126,344
clip_c10_20260617_152807.avi,25,c10_sim,Unknown #4,781,196,128,343
clip_c10_20260617_152807.avi,26,c10_sim,Unknown #4,751,205,130,350
clip_c10_20260617_152807.avi,27,c10_sim,Unknown #4,737,209,133,359
clip_c10_20260617_152807.avi,28,c10_sim,Unknown #4,727,219,135,362
clip_c10_20260617_152807.avi,29,c10_sim,Unknown #4,703,230,137,370
clip_c10_20260617_152807.avi,30,c10_sim,Unknown #4,683,238,137,369
clip_c10_20260617_152807.avi,31,c10_sim,Unknown #4,672,241,137,368
clip_c10_20260617_152807.avi,32,c10_sim,Unknown #4,659,250,139,370
clip_c10_20260617_152807.avi,33,c10_sim,Unknown #4,643,264,145,377
clip_c10_20260617_152807.avi,34,c10_sim,Unknown #4,631,271,152,384
clip_c10_20260617_152807.avi,35,c10_sim,Unknown #4,608,280,156,383
clip_c10_20260617_152807.avi,36,c10_sim,Unknown #4,560,293,159,382
clip_c10_20260617_152807.avi,37,c10_sim,Unknown #4,527,306,166,393
clip_c10_20260617_152807.avi,38,c10_sim,Unknown #4,480,330,166,399
clip_c10_20260617_152807.avi,39,c10_sim,Unknown #4,457,345,165,399
clip_c10_20260617_152807.avi,40,c10_sim,Unknown #4,447,353,163,395
clip_c10_20260617_152807.avi,41,c10_sim,Unknown #4,437,360,163,388
clip_c10_20260617_152807.avi,42,c10_sim,Unknown #4,401,375,158,382
clip_c10_20260617_152807.avi,43,c10_sim,Unknown #4,346,402,163,389
clip_c10_20260617_152807.avi,44,c10_sim,Unknown #4,321,416,167,388
clip_c10_20260617_152807.avi,12,c10_sim,Unknown #3,1122,197,97,305
clip_c10_20260617_152807.avi,13,c10_sim,Unknown #3,1107,200,97,303
clip_c10_20260617_152807.avi,14,c10_sim,Unknown #3,1099,201,98,306
clip_c10_20260617_152807.avi,15,c10_sim,Unknown #3,1089,208,104,324
clip_c10_20260617_152807.avi,16,c10_sim,Unknown #3,1078,222,106,325
clip_c10_20260617_152807.avi,17,c10_sim,Unknown #3,1070,231,108,331
clip_c10_20260617_152807.avi,18,c10_sim,Unknown #3,1063,237,109,332
clip_c10_20260617_152807.avi,19,c10_sim,Unknown #3,1060,240,108,329
clip_c10_20260617_152807.avi,20,c10_sim,Unknown #3,1045,243,112,336
clip_c10_20260617_152807.avi,21,c10_sim,Unknown #3,1035,248,115,341
clip_c10_20260617_152807.avi,22,c10_sim,Unknown #3,1009,255,119,347
clip_c10_20260617_152807.avi,23,c10_sim,Unknown #3,983,264,123,356
clip_c10_20260617_152807.avi,24,c10_sim,Unknown #3,967,270,129,369
clip_c10_20260617_152807.avi,25,c10_sim,Unknown #3,946,283,134,383
clip_c10_20260617_152807.avi,26,c10_sim,Unknown #3,931,294,133,381
clip_c10_20260617_152807.avi,27,c10_sim,Unknown #3,923,298,132,382
clip_c10_20260617_152807.avi,28,c10_sim,Unknown #3,908,304,132,383
clip_c10_20260617_152807.avi,29,c10_sim,Unknown #3,888,318,138,398
clip_c10_20260617_152807.avi,30,c10_sim,Unknown #3,866,330,141,398
clip_c10_20260617_152807.avi,31,c10_sim,Unknown #3,853,336,144,396
clip_c10_20260617_152807.avi,32,c10_sim,Unknown #3,821,346,146,403
clip_c10_20260617_152807.avi,33,c10_sim,Unknown #3,796,362,154,418
clip_c10_20260617_152807.avi,34,c10_sim,Unknown #3,784,370,157,425
clip_c10_20260617_152807.avi,35,c10_sim,Unknown #3,768,383,161,422
clip_c10_20260617_152807.avi,36,c10_sim,Unknown #3,729,401,159,409
clip_c10_20260617_152807.avi,37,c10_sim,Unknown #3,706,414,162,404
clip_c10_20260617_152807.avi,38,c10_sim,Unknown #3,661,434,170,401
clip_c10_20260617_152807.avi,39,c10_sim,Unknown #3,619,446,174,394
clip_c10_20260617_152807.avi,40,c10_sim,Unknown #3,597,452,178,395
clip_c10_20260617_152807.avi,41,c10_sim,Unknown #3,563,464,194,425
clip_c10_20260617_152807.avi,42,c10_sim,Unknown #3,542,490,199,431
clip_c10_20260617_152807.avi,43,c10_sim,Unknown #3,492,523,194,412
clip_c10_20260617_152807.avi,44,c10_sim,Unknown #3,470,542,193,398
clip_c10_20260617_152807.avi,45,c10_sim,Unknown #3,455,553,200,407
clip_c10_20260617_152807.avi,48,c10_sim,Unknown #3,420,580,210,407
clip_c10_20260617_152807.avi,50,c10_sim,Unknown #3,347,633,223,418
clip_c10_20260617_152807.avi,51,c10_sim,Unknown #3,243,579,276,496
clip_c10_20260617_152807.avi,52,c10_sim,Unknown #3,187,574,294,511
clip_c10_20260617_152807.avi,53,c10_sim,Unknown #3,159,575,307,513
clip_c10_20260617_152807.avi,54,c10_sim,Unknown #3,201,709,247,378
clip_c10_20260617_152807.avi,56,c10_sim,Unknown #3,141,813,192,273
clip_c10_20260618_154820.avi,3,c10_sim,Unknown #5,225,651,320,424
clip_c10_20260618_154820.avi,4,c10_sim,Unknown #5,236,621,342,454
clip_c10_20260618_154820.avi,5,c10_sim,Unknown #5,250,590,342,457
clip_c10_20260618_154820.avi,6,c10_sim,Unknown #5,276,565,321,430
clip_c10_20260618_154820.avi,7,c10_sim,Unknown #5,301,548,318,428
clip_c10_20260618_154820.avi,8,c10_sim,Unknown #5,329,536,323,433
clip_c10_20260618_154820.avi,9,c10_sim,Unknown #5,342,529,326,439
clip_c10_20260618_154820.avi,10,c10_sim,Unknown #5,386,493,323,439
clip_c10_20260618_154820.avi,11,c10_sim,Unknown #5,417,465,305,422
clip_c10_20260618_154820.avi,13,c10_sim,Unknown #5,443,436,305,432
clip_c10_20260618_154820.avi,14,c10_sim,Unknown #5,462,419,305,443
clip_c10_20260618_154820.avi,15,c10_sim,Unknown #5,487,405,302,450
clip_c10_20260618_154820.avi,17,c10_sim,Unknown #5,540,362,275,419
clip_c10_20260618_154820.avi,18,c10_sim,Unknown #5,588,338,270,416
clip_c10_20260618_154820.avi,19,c10_sim,Unknown #5,623,323,267,420
clip_c10_20260618_154820.avi,20,c10_sim,Unknown #5,650,310,256,412
clip_c10_20260618_154820.avi,21,c10_sim,Unknown #5,672,295,238,396
clip_c10_20260618_154820.avi,22,c10_sim,Unknown #5,687,288,223,380
clip_c10_20260618_154820.avi,23,c10_sim,Unknown #5,697,284,216,377
clip_c10_20260618_154820.avi,24,c10_sim,Unknown #5,748,261,217,389
clip_c10_20260618_154820.avi,25,c10_sim,Unknown #5,780,241,210,388
clip_c10_20260618_154820.avi,26,c10_sim,Unknown #5,833,223,198,372
clip_c10_20260618_154820.avi,27,c10_sim,Unknown #5,867,216,194,369
clip_c10_20260618_154820.avi,28,c10_sim,Unknown #5,882,213,193,367
clip_c10_20260618_154820.avi,29,c10_sim,Unknown #5,969,184,180,353
clip_c10_20260618_154820.avi,30,c10_sim,Unknown #5,1049,163,165,331
clip_c10_20260618_154820.avi,31,c10_sim,Unknown #5,1090,158,155,315
clip_c10_20260618_154820.avi,32,c10_sim,Unknown #5,1121,151,143,302
clip_c10_20260618_154820.avi,33,c10_sim,Unknown #5,1149,148,131,297
clip_c11_20260618_154736.avi,94,c11_sim,Unknown #5,710,308,104,329
clip_c11_20260618_154736.avi,95,c11_sim,Unknown #5,740,301,101,319
clip_c11_20260618_154736.avi,96,c11_sim,Unknown #5,748,299,101,317
clip_c11_20260618_154736.avi,97,c11_sim,Unknown #5,752,297,101,317
clip_c11_20260618_154736.avi,98,c11_sim,Unknown #5,783,287,98,301
clip_c11_20260618_154736.avi,99,c11_sim,Unknown #5,798,281,99,299
clip_c11_20260618_154736.avi,100,c11_sim,Unknown #5,803,279,101,298
clip_c11_20260618_154736.avi,101,c11_sim,Unknown #5,808,274,100,293
clip_c11_20260618_154736.avi,102,c11_sim,Unknown #5,812,271,97,279
clip_c11_20260618_154736.avi,103,c11_sim,Unknown #5,812,268,98,274
clip_c11_20260618_154736.avi,104,c11_sim,Unknown #5,828,265,95,265
clip_c11_20260618_154736.avi,105,c11_sim,Unknown #5,837,260,96,263
clip_c11_20260618_154736.avi,106,c11_sim,Unknown #5,838,255,95,258
clip_c11_20260618_154736.avi,107,c11_sim,Unknown #5,836,253,95,257
clip_c11_20260618_154736.avi,108,c11_sim,Unknown #5,834,254,93,254
clip_c11_20260618_154736.avi,109,c11_sim,Unknown #5,831,254,93,253
clip_c11_20260618_154736.avi,110,c11_sim,Unknown #5,823,249,89,244
clip_c11_20260618_154736.avi,111,c11_sim,Unknown #5,815,239,89,246
clip_c11_20260618_154736.avi,112,c11_sim,Unknown #5,811,238,87,244
clip_c11_20260618_154736.avi,113,c11_sim,Unknown #5,812,237,86,241
clip_c11_20260618_154736.avi,114,c11_sim,Unknown #5,809,234,87,240
clip_c11_20260618_154736.avi,115,c11_sim,Unknown #5,809,234,85,236
clip_c11_20260618_154736.avi,116,c11_sim,Unknown #5,809,234,85,235
clip_c11_20260618_154736.avi,117,c11_sim,Unknown #5,790,230,81,225
clip_c11_20260618_154736.avi,118,c11_sim,Unknown #5,779,229,79,220
clip_c11_20260618_154736.avi,119,c11_sim,Unknown #5,773,225,77,218
clip_c11_20260618_154736.avi,120,c11_sim,Unknown #5,769,225,73,213
clip_c11_20260618_154736.avi,122,c11_sim,Unknown #5,767,227,71,208
clip_c11_20260618_155113.avi,17,c11_sim,Unknown #6,819,181,54,141
clip_c11_20260618_155113.avi,28,c11_sim,Unknown #6,862,207,64,198
clip_c11_20260618_155113.avi,29,c11_sim,Unknown #6,863,213,64,197
clip_c11_20260618_155113.avi,33,c11_sim,Unknown #6,880,248,67,205
clip_c11_20260618_155113.avi,35,c11_sim,Unknown #6,889,260,70,215
clip_c11_20260618_155113.avi,36,c11_sim,Unknown #6,892,266,73,222
clip_c11_20260618_155113.avi,37,c11_sim,Unknown #6,892,269,74,226
clip_c11_20260618_155113.avi,38,c11_sim,Unknown #6,890,268,75,228
clip_c11_20260618_155113.avi,39,c11_sim,Unknown #6,889,266,76,231
clip_c11_20260618_155113.avi,40,c11_sim,Unknown #6,889,268,75,227
clip_c11_20260618_155113.avi,41,c11_sim,Unknown #6,892,273,77,235
clip_c11_20260618_155113.avi,42,c11_sim,Unknown #6,896,276,78,241
clip_c11_20260618_155113.avi,43,c11_sim,Unknown #6,904,281,79,238
clip_c11_20260618_155113.avi,44,c11_sim,Unknown #6,907,283,80,240
clip_c11_20260618_155113.avi,45,c11_sim,Unknown #6,905,283,84,252
clip_c11_20260618_155113.avi,46,c11_sim,Unknown #6,903,284,87,260
clip_c11_20260618_155113.avi,47,c11_sim,Unknown #6,903,284,88,264
clip_c11_20260618_155113.avi,48,c11_sim,Unknown #6,910,297,89,268
clip_c11_20260618_155113.avi,49,c11_sim,Unknown #6,916,305,91,274
clip_c11_20260618_155113.avi,50,c11_sim,Unknown #6,929,310,90,273
clip_c11_20260618_155113.avi,51,c11_sim,Unknown #6,942,313,91,271
clip_c11_20260618_155113.avi,52,c11_sim,Unknown #6,950,316,92,276
clip_c11_20260618_155113.avi,53,c11_sim,Unknown #6,953,318,96,283
clip_c11_20260618_155113.avi,54,c11_sim,Unknown #6,955,319,99,291
clip_c11_20260618_155113.avi,55,c11_sim,Unknown #6,957,326,102,297
clip_c11_20260618_155113.avi,56,c11_sim,Unknown #6,967,332,100,293
clip_c11_20260618_155113.avi,57,c11_sim,Unknown #6,974,339,101,294
clip_c11_20260618_155113.avi,58,c11_sim,Unknown #6,1000,349,107,308
clip_c11_20260618_155113.avi,59,c11_sim,Unknown #6,1022,353,109,311
clip_c11_20260618_155113.avi,60,c11_sim,Unknown #6,1038,356,111,317
clip_c11_20260618_155113.avi,61,c11_sim,Unknown #6,1060,366,118,333
clip_c11_20260618_155113.avi,62,c11_sim,Unknown #6,1082,375,125,344
clip_c11_20260618_155113.avi,63,c11_sim,Unknown #6,1100,386,122,337
clip_c11_20260618_155113.avi,64,c11_sim,Unknown #6,1121,398,125,338
clip_c11_20260618_155113.avi,65,c11_sim,Unknown #6,1140,405,132,341
clip_c11_20260618_155113.avi,66,c11_sim,Unknown #6,1155,411,137,340
clip_c11_20260618_155113.avi,67,c11_sim,Unknown #6,1165,413,141,339
clip_c11_20260618_155113.avi,68,c11_sim,Unknown #6,1176,414,139,337
clip_c11_20260618_155113.avi,70,c11_sim,Unknown #6,1215,428,148,351
clip_c11_20260618_155113.avi,71,c11_sim,Unknown #6,1257,439,150,352
clip_c11_20260618_155113.avi,72,c11_sim,Unknown #6,1292,447,150,350
clip_c11_20260618_155113.avi,73,c11_sim,Unknown #6,1307,453,148,346
clip_c11_20260618_155113.avi,75,c11_sim,Unknown #6,1316,457,149,343
clip_c11_20260618_155113.avi,76,c11_sim,Unknown #6,1368,457,150,345
clip_c11_20260618_155113.avi,77,c11_sim,Unknown #6,1389,450,151,345
clip_c9_20260617_150354.avi,0,c9_sim,Unknown #1,1194,260,138,345
clip_c9_20260617_150354.avi,1,c9_sim,Unknown #1,1190,253,140,352
clip_c9_20260617_150354.avi,2,c9_sim,Unknown #1,1175,247,143,358
clip_c9_20260617_150354.avi,3,c9_sim,Unknown #1,1154,241,144,364
clip_c9_20260617_150354.avi,4,c9_sim,Unknown #1,1113,234,147,369
clip_c9_20260617_150354.avi,5,c9_sim,Unknown #1,1099,233,147,368
clip_c9_20260617_150354.avi,6,c9_sim,Unknown #1,1085,228,148,370
clip_c9_20260617_150354.avi,7,c9_sim,Unknown #1,1038,220,142,360
clip_c9_20260617_150354.avi,8,c9_sim,Unknown #1,999,221,139,346
clip_c9_20260617_150354.avi,9,c9_sim,Unknown #1,982,223,137,332
clip_c9_20260617_150354.avi,10,c9_sim,Unknown #1,956,217,135,328
clip_c9_20260617_150354.avi,11,c9_sim,Unknown #1,928,212,134,333
clip_c9_20260617_150354.avi,12,c9_sim,Unknown #1,909,211,132,334
clip_c9_20260617_150354.avi,13,c9_sim,Unknown #1,899,210,132,335
clip_c9_20260617_150354.avi,14,c9_sim,Unknown #1,896,210,130,336
clip_c9_20260617_150354.avi,15,c9_sim,Unknown #1,872,205,126,327
clip_c9_20260617_150354.avi,16,c9_sim,Unknown #1,851,201,122,322
clip_c9_20260617_150354.avi,17,c9_sim,Unknown #1,832,200,120,319
clip_c9_20260617_150354.avi,18,c9_sim,Unknown #1,815,200,119,313
clip_c9_20260617_150354.avi,19,c9_sim,Unknown #1,808,201,119,307
clip_c9_20260617_150354.avi,20,c9_sim,Unknown #1,798,200,118,302
clip_c9_20260617_150354.avi,21,c9_sim,Unknown #1,774,197,117,299
clip_c9_20260617_150354.avi,22,c9_sim,Unknown #1,753,193,117,301
clip_c9_20260617_150354.avi,23,c9_sim,Unknown #1,744,190,116,304
clip_c9_20260617_150354.avi,24,c9_sim,Unknown #1,738,190,116,303
clip_c9_20260617_150354.avi,25,c9_sim,Unknown #1,728,192,116,303
clip_c9_20260617_150354.avi,26,c9_sim,Unknown #1,722,192,117,300
clip_c9_20260617_150354.avi,27,c9_sim,Unknown #1,703,190,112,293
clip_c9_20260617_150354.avi,28,c9_sim,Unknown #1,689,188,107,284
clip_c9_20260617_150354.avi,29,c9_sim,Unknown #1,681,188,105,280
clip_c9_20260617_150354.avi,30,c9_sim,Unknown #1,678,204,99,262
clip_c9_20260617_150354.avi,31,c9_sim,Unknown #1,667,191,103,269
clip_c9_20260617_150354.avi,32,c9_sim,Unknown #1,652,183,102,266
clip_c9_20260617_150354.avi,33,c9_sim,Unknown #1,645,180,100,260
clip_c9_20260617_150354.avi,34,c9_sim,Unknown #1,641,179,99,258
clip_c9_20260617_150354.avi,35,c9_sim,Unknown #1,635,177,100,260
clip_c9_20260617_150354.avi,36,c9_sim,Unknown #1,628,174,98,257
clip_c9_20260617_150354.avi,37,c9_sim,Unknown #1,624,169,96,256
clip_c9_20260617_150354.avi,38,c9_sim,Unknown #1,622,166,92,247
clip_c9_20260617_150354.avi,39,c9_sim,Unknown #1,621,166,89,241
clip_c9_20260617_150354.avi,40,c9_sim,Unknown #1,620,165,88,238
clip_c9_20260617_150354.avi,41,c9_sim,Unknown #1,619,164,87,238
clip_c9_20260617_150354.avi,42,c9_sim,Unknown #1,618,161,85,237
clip_c9_20260617_150354.avi,43,c9_sim,Unknown #1,617,159,84,234
clip_c9_20260617_150354.avi,44,c9_sim,Unknown #1,617,159,80,228
clip_c9_20260617_150354.avi,45,c9_sim,Unknown #1,616,157,80,227
clip_c9_20260617_150354.avi,46,c9_sim,Unknown #1,618,153,76,219
clip_c9_20260617_150354.avi,47,c9_sim,Unknown #1,620,150,75,216
clip_c9_20260617_150354.avi,48,c9_sim,Unknown #1,621,144,73,214
clip_c9_20260617_150354.avi,49,c9_sim,Unknown #1,621,143,72,212
clip_c9_20260617_150354.avi,50,c9_sim,Unknown #1,619,142,72,215
clip_c9_20260617_150354.avi,51,c9_sim,Unknown #1,618,142,73,218
clip_c9_20260617_150354.avi,52,c9_sim,Unknown #1,618,142,72,217
clip_c9_20260617_150354.avi,53,c9_sim,Unknown #1,618,142,71,217
clip_c9_20260617_150354.avi,54,c9_sim,Unknown #1,619,135,70,215
clip_c9_20260617_150354.avi,55,c9_sim,Unknown #1,621,131,69,211
clip_c9_20260617_150354.avi,56,c9_sim,Unknown #1,624,130,68,208
clip_c9_20260617_150354.avi,57,c9_sim,Unknown #1,627,129,68,206
clip_c9_20260617_150354.avi,58,c9_sim,Unknown #1,628,129,68,205
clip_c9_20260617_150354.avi,59,c9_sim,Unknown #1,635,130,70,202
clip_c9_20260617_150354.avi,60,c9_sim,Unknown #1,637,130,72,202
clip_c9_20260617_150354.avi,61,c9_sim,Unknown #1,639,131,75,200
clip_c9_20260617_150354.avi,62,c9_sim,Unknown #1,640,131,76,200
clip_c9_20260617_150354.avi,63,c9_sim,Unknown #1,640,130,77,200
clip_c9_20260617_150354.avi,64,c9_sim,Unknown #1,640,129,78,200
clip_c9_20260617_150354.avi,65,c9_sim,Unknown #1,641,128,79,200
clip_c9_20260617_150354.avi,66,c9_sim,Unknown #1,641,127,80,201
clip_c9_20260617_150354.avi,67,c9_sim,Unknown #1,641,127,81,201
clip_c9_20260617_150354.avi,68,c9_sim,Unknown #1,640,127,81,201
clip_c9_20260617_150354.avi,69,c9_sim,Unknown #1,638,127,82,201
clip_c9_20260617_150354.avi,70,c9_sim,Unknown #1,638,128,83,200
clip_c9_20260617_150354.avi,71,c9_sim,Unknown #1,638,129,83,199
clip_c9_20260617_150354.avi,72,c9_sim,Unknown #1,638,129,83,199
clip_c9_20260617_150354.avi,73,c9_sim,Unknown #1,638,130,82,198
clip_c9_20260617_150354.avi,74,c9_sim,Unknown #1,640,131,82,198
clip_c9_20260617_150354.avi,75,c9_sim,Unknown #1,640,131,82,198
clip_c9_20260617_150354.avi,76,c9_sim,Unknown #1,641,132,81,196
clip_c9_20260617_150354.avi,77,c9_sim,Unknown #1,642,132,81,197
clip_c9_20260617_150354.avi,78,c9_sim,Unknown #1,642,132,81,196
clip_c9_20260617_150354.avi,79,c9_sim,Unknown #1,643,131,81,198
clip_c9_20260617_150354.avi,80,c9_sim,Unknown #1,642,132,81,197
clip_c9_20260617_150354.avi,81,c9_sim,Unknown #1,642,132,81,197
clip_c9_20260617_150354.avi,82,c9_sim,Unknown #1,642,131,81,197
clip_c9_20260617_150354.avi,83,c9_sim,Unknown #1,643,131,81,197
clip_c9_20260617_150354.avi,84,c9_sim,Unknown #1,643,131,81,197
clip_c9_20260617_150354.avi,85,c9_sim,Unknown #1,644,130,81,199
clip_c9_20260617_150354.avi,86,c9_sim,Unknown #1,644,129,82,200
clip_c9_20260617_150354.avi,87,c9_sim,Unknown #1,645,129,81,200
clip_c9_20260617_150354.avi,88,c9_sim,Unknown #1,644,130,82,199
clip_c9_20260617_150354.avi,89,c9_sim,Unknown #1,645,130,81,199
clip_c9_20260617_150354.avi,90,c9_sim,Unknown #1,645,130,81,199
clip_c9_20260617_150354.avi,91,c9_sim,Unknown #1,645,129,81,200
clip_c9_20260617_150354.avi,92,c9_sim,Unknown #1,645,128,81,201
clip_c9_20260617_150354.avi,93,c9_sim,Unknown #1,645,128,82,201
clip_c9_20260617_150354.avi,94,c9_sim,Unknown #1,646,128,81,201
clip_c9_20260617_150354.avi,95,c9_sim,Unknown #1,646,128,81,201
clip_c9_20260617_150354.avi,96,c9_sim,Unknown #1,648,127,80,201
clip_c9_20260617_150354.avi,97,c9_sim,Unknown #1,648,127,81,201
clip_c9_20260617_150354.avi,98,c9_sim,Unknown #1,648,127,80,201
clip_c9_20260617_150354.avi,99,c9_sim,Unknown #1,649,127,80,200
clip_c9_20260617_150354.avi,100,c9_sim,Unknown #1,649,128,79,199
clip_c9_20260617_150354.avi,101,c9_sim,Unknown #1,649,128,79,199
clip_c9_20260617_150354.avi,102,c9_sim,Unknown #1,649,129,78,198
clip_c9_20260617_150354.avi,103,c9_sim,Unknown #1,648,129,78,199
clip_c9_20260617_150354.avi,104,c9_sim,Unknown #1,646,129,78,199
clip_c9_20260617_150354.avi,105,c9_sim,Unknown #1,645,129,79,200
clip_c9_20260617_150354.avi,106,c9_sim,Unknown #1,646,129,79,200
clip_c9_20260617_150354.avi,107,c9_sim,Unknown #1,646,129,78,200
clip_c9_20260617_150354.avi,108,c9_sim,Unknown #1,645,129,79,200
clip_c9_20260617_150354.avi,109,c9_sim,Unknown #1,645,129,78,200
clip_c9_20260617_150354.avi,110,c9_sim,Unknown #1,643,129,80,200
clip_c9_20260617_150354.avi,111,c9_sim,Unknown #1,642,129,79,200
clip_c9_20260617_150354.avi,112,c9_sim,Unknown #1,641,129,79,199
clip_c9_20260617_150354.avi,113,c9_sim,Unknown #1,641,130,78,198
clip_c9_20260617_150354.avi,117,c9_sim,Unknown #1,639,130,78,198
clip_c9_20260617_150354.avi,118,c9_sim,Unknown #1,639,130,78,198
clip_c9_20260617_150354.avi,119,c9_sim,Unknown #1,639,130,77,198
clip_c9_20260617_150354.avi,120,c9_sim,Unknown #1,639,130,77,198
clip_c9_20260617_150354.avi,121,c9_sim,Unknown #1,640,130,78,199
clip_c9_20260617_150354.avi,122,c9_sim,Unknown #1,641,129,79,200
clip_c9_20260617_150354.avi,123,c9_sim,Unknown #1,642,129,78,200
clip_c9_20260617_150354.avi,124,c9_sim,Unknown #1,642,129,79,199
clip_c9_20260617_150354.avi,125,c9_sim,Unknown #1,642,129,79,199
clip_c9_20260617_150354.avi,126,c9_sim,Unknown #1,642,129,78,199
clip_c9_20260617_150354.avi,127,c9_sim,Unknown #1,642,129,79,199
clip_c9_20260617_150354.avi,128,c9_sim,Unknown #1,642,129,79,199
clip_c9_20260617_150354.avi,129,c9_sim,Unknown #1,642,129,79,199
clip_c9_20260617_150354.avi,130,c9_sim,Unknown #1,642,129,79,199
clip_c9_20260617_150354.avi,131,c9_sim,Unknown #1,643,129,78,199
clip_c9_20260617_150354.avi,132,c9_sim,Unknown #1,642,129,79,199
clip_c9_20260617_150354.avi,133,c9_sim,Unknown #1,642,130,78,198
clip_c9_20260617_150354.avi,134,c9_sim,Unknown #1,642,130,77,198
clip_c9_20260617_150354.avi,135,c9_sim,Unknown #1,642,130,77,198
clip_c9_20260617_150354.avi,136,c9_sim,Unknown #1,642,130,77,199
clip_c9_20260617_150354.avi,137,c9_sim,Unknown #1,643,130,76,199
clip_c9_20260617_150354.avi,138,c9_sim,Unknown #1,643,130,77,199
clip_c9_20260617_150354.avi,139,c9_sim,Unknown #1,646,130,76,199
clip_c9_20260617_150354.avi,140,c9_sim,Unknown #1,646,130,77,198
clip_c9_20260617_150354.avi,141,c9_sim,Unknown #1,646,129,78,200
clip_c9_20260617_150354.avi,142,c9_sim,Unknown #1,646,130,78,198
clip_c9_20260617_150354.avi,143,c9_sim,Unknown #1,645,130,79,198
clip_c9_20260617_150354.avi,144,c9_sim,Unknown #1,645,129,79,199
clip_c9_20260617_150354.avi,145,c9_sim,Unknown #1,645,129,79,199
clip_c9_20260617_150354.avi,146,c9_sim,Unknown #1,645,129,79,199
clip_c9_20260617_150354.avi,147,c9_sim,Unknown #1,645,129,79,199
clip_c9_20260617_150354.avi,148,c9_sim,Unknown #1,646,129,79,200
clip_c9_20260617_150354.avi,149,c9_sim,Unknown #1,646,129,79,200
clip_c9_20260617_150354.avi,150,c9_sim,Unknown #1,646,128,79,201
clip_c9_20260617_150354.avi,151,c9_sim,Unknown #1,646,128,79,201
clip_c9_20260617_150354.avi,152,c9_sim,Unknown #1,647,128,78,201
clip_c9_20260617_150354.avi,153,c9_sim,Unknown #1,646,128,79,201
clip_c9_20260617_150354.avi,154,c9_sim,Unknown #1,647,128,78,202
clip_c9_20260617_150354.avi,155,c9_sim,Unknown #1,647,127,79,203
clip_c9_20260617_150354.avi,156,c9_sim,Unknown #1,647,127,79,203
clip_c9_20260617_150354.avi,157,c9_sim,Unknown #1,647,127,79,203
clip_c9_20260617_150354.avi,158,c9_sim,Unknown #1,648,127,78,203
clip_c9_20260617_150354.avi,159,c9_sim,Unknown #1,647,127,78,202
clip_c9_20260617_150354.avi,160,c9_sim,Unknown #1,646,128,78,201
clip_c9_20260617_150354.avi,161,c9_sim,Unknown #1,645,128,78,201
clip_c9_20260617_150354.avi,162,c9_sim,Unknown #1,645,128,78,201
clip_c9_20260617_150354.avi,163,c9_sim,Unknown #1,645,128,78,201
clip_c9_20260617_150354.avi,164,c9_sim,Unknown #1,645,129,78,200
clip_c9_20260617_150354.avi,165,c9_sim,Unknown #1,645,129,79,200
clip_c9_20260617_150354.avi,166,c9_sim,Unknown #1,645,128,79,201
clip_c9_20260617_150354.avi,167,c9_sim,Unknown #1,644,129,79,200
clip_c9_20260617_150354.avi,168,c9_sim,Unknown #1,643,129,79,200
clip_c9_20260617_150354.avi,169,c9_sim,Unknown #1,643,130,79,199
clip_c9_20260617_150354.avi,170,c9_sim,Unknown #1,643,130,79,199
clip_c9_20260617_150354.avi,171,c9_sim,Unknown #1,642,130,79,199
clip_c9_20260617_150354.avi,172,c9_sim,Unknown #1,642,130,79,199
clip_c9_20260617_150354.avi,173,c9_sim,Unknown #1,642,130,80,199
clip_c9_20260617_150354.avi,174,c9_sim,Unknown #1,642,130,80,199
clip_c9_20260617_150354.avi,175,c9_sim,Unknown #1,642,131,80,198
clip_c9_20260617_150354.avi,176,c9_sim,Unknown #1,642,131,80,198
clip_c9_20260617_150354.avi,177,c9_sim,Unknown #1,642,130,80,199
clip_c9_20260617_150354.avi,178,c9_sim,Unknown #1,642,131,80,198
clip_c9_20260617_150354.avi,179,c9_sim,Unknown #1,642,131,80,199
clip_c9_20260617_150354.avi,180,c9_sim,Unknown #1,642,130,81,200
clip_c9_20260617_150354.avi,181,c9_sim,Unknown #1,642,130,81,200
clip_c9_20260617_150354.avi,182,c9_sim,Unknown #1,643,130,81,200
clip_c9_20260617_150354.avi,183,c9_sim,Unknown #1,644,130,80,200
clip_c9_20260617_150354.avi,184,c9_sim,Unknown #1,644,130,80,200
clip_c9_20260617_150354.avi,185,c9_sim,Unknown #1,645,130,80,200
clip_c9_20260617_150354.avi,186,c9_sim,Unknown #1,645,130,79,200
clip_c9_20260617_150354.avi,187,c9_sim,Unknown #1,645,130,79,200
clip_c9_20260617_150354.avi,188,c9_sim,Unknown #1,645,130,79,200
clip_c9_20260617_150354.avi,189,c9_sim,Unknown #1,647,129,79,201
clip_c9_20260617_150354.avi,190,c9_sim,Unknown #1,648,128,78,202
clip_c9_20260617_150354.avi,191,c9_sim,Unknown #1,649,128,78,201
clip_c9_20260617_150354.avi,192,c9_sim,Unknown #1,649,127,78,202
clip_c9_20260617_150354.avi,193,c9_sim,Unknown #1,649,127,77,202
clip_c9_20260617_150354.avi,194,c9_sim,Unknown #1,649,126,77,203
clip_c9_20260617_150354.avi,195,c9_sim,Unknown #1,649,126,77,203
clip_c9_20260617_150354.avi,196,c9_sim,Unknown #1,649,126,77,203
clip_c9_20260617_150354.avi,197,c9_sim,Unknown #1,649,126,77,203
clip_c9_20260617_150354.avi,198,c9_sim,Unknown #1,648,126,77,204
clip_c9_20260617_150354.avi,199,c9_sim,Unknown #1,647,127,77,204
clip_c9_20260617_150354.avi,200,c9_sim,Unknown #1,646,128,77,203
clip_c9_20260617_150354.avi,201,c9_sim,Unknown #1,646,128,78,203
clip_c9_20260617_150354.avi,202,c9_sim,Unknown #1,635,130,77,202
clip_c9_20260617_150354.avi,203,c9_sim,Unknown #1,627,130,76,204
clip_c9_20260617_150354.avi,204,c9_sim,Unknown #1,623,131,76,204
clip_c9_20260617_150354.avi,205,c9_sim,Unknown #1,622,132,75,203
clip_c9_20260617_150354.avi,206,c9_sim,Unknown #1,621,132,74,202
clip_c9_20260617_150354.avi,207,c9_sim,Unknown #1,622,133,75,203
clip_c9_20260617_150354.avi,208,c9_sim,Unknown #1,619,133,75,207
clip_c9_20260617_150354.avi,209,c9_sim,Unknown #1,617,133,74,210
clip_c9_20260617_150354.avi,210,c9_sim,Unknown #1,616,134,74,213
clip_c9_20260617_150354.avi,211,c9_sim,Unknown #1,617,136,73,214
clip_c9_20260617_150354.avi,212,c9_sim,Unknown #1,618,138,71,213
clip_c9_20260617_150354.avi,213,c9_sim,Unknown #1,620,142,70,214
clip_c9_20260617_150354.avi,214,c9_sim,Unknown #1,625,144,69,210
clip_c9_20260617_150354.avi,215,c9_sim,Unknown #1,629,144,68,208
clip_c9_20260617_150354.avi,216,c9_sim,Unknown #1,638,144,72,209
clip_c9_20260617_150354.avi,217,c9_sim,Unknown #1,643,145,75,211
clip_c9_20260617_150354.avi,218,c9_sim,Unknown #1,645,146,78,211
clip_c9_20260617_150354.avi,219,c9_sim,Unknown #1,651,144,81,216
clip_c9_20260617_150354.avi,220,c9_sim,Unknown #1,655,146,85,227
clip_c9_20260617_150354.avi,221,c9_sim,Unknown #1,661,150,86,225
clip_c9_20260617_150354.avi,222,c9_sim,Unknown #1,669,149,89,231
clip_c9_20260617_150354.avi,223,c9_sim,Unknown #1,677,148,92,240
clip_c9_20260617_150354.avi,224,c9_sim,Unknown #1,686,151,93,242
clip_c9_20260617_150354.avi,225,c9_sim,Unknown #1,691,153,96,245
clip_c9_20260617_150354.avi,226,c9_sim,Unknown #1,706,159,99,253
clip_c9_20260617_150354.avi,227,c9_sim,Unknown #1,716,162,99,254
clip_c9_20260617_150354.avi,228,c9_sim,Unknown #1,722,161,102,262
clip_c9_20260617_150354.avi,229,c9_sim,Unknown #1,728,166,106,273
clip_c9_20260617_150354.avi,230,c9_sim,Unknown #1,737,170,109,281
clip_c9_20260617_150354.avi,231,c9_sim,Unknown #1,746,174,110,280
clip_c9_20260617_150354.avi,232,c9_sim,Unknown #1,757,173,111,282
clip_c9_20260617_150354.avi,233,c9_sim,Unknown #1,769,171,113,285
clip_c9_20260617_150354.avi,234,c9_sim,Unknown #1,778,173,113,282
clip_c9_20260617_150354.avi,235,c9_sim,Unknown #1,784,174,113,281
clip_c9_20260617_150354.avi,236,c9_sim,Unknown #1,808,179,117,290
clip_c9_20260617_150354.avi,237,c9_sim,Unknown #1,823,179,120,296
clip_c9_20260617_150354.avi,238,c9_sim,Unknown #1,835,179,121,299
clip_c9_20260617_150354.avi,239,c9_sim,Unknown #1,853,183,129,317
clip_c9_20260617_150354.avi,240,c9_sim,Unknown #1,863,185,132,325
clip_c9_20260617_150354.avi,241,c9_sim,Unknown #1,872,188,135,330
clip_c9_20260617_150354.avi,242,c9_sim,Unknown #1,894,190,134,333
clip_c9_20260617_150354.avi,243,c9_sim,Unknown #1,907,192,132,333
clip_c9_20260617_150354.avi,244,c9_sim,Unknown #1,931,193,130,332
clip_c9_20260617_150354.avi,245,c9_sim,Unknown #1,946,193,129,330
clip_c9_20260617_150354.avi,246,c9_sim,Unknown #1,957,196,126,325
clip_c9_20260617_150354.avi,247,c9_sim,Unknown #1,983,202,131,326
clip_c9_20260617_150354.avi,248,c9_sim,Unknown #1,1007,205,135,329
clip_c9_20260617_150354.avi,249,c9_sim,Unknown #1,1021,207,135,329
clip_c9_20260617_150354.avi,250,c9_sim,Unknown #1,1072,211,144,350
clip_c9_20260617_150354.avi,251,c9_sim,Unknown #1,1097,216,149,355
clip_c9_20260617_150354.avi,252,c9_sim,Unknown #1,1121,221,148,354
clip_c9_20260617_150354.avi,253,c9_sim,Unknown #1,1156,222,146,357
clip_c9_20260617_150354.avi,254,c9_sim,Unknown #1,1183,224,143,353
clip_c9_20260617_150354.avi,255,c9_sim,Unknown #1,1203,229,140,350
clip_c9_20260617_150354.avi,256,c9_sim,Unknown #1,1212,239,134,338
clip_c8_20260617_150429.avi,17,c8_sim,Unknown #1,994,588,138,348
clip_c8_20260617_150429.avi,19,c8_sim,Unknown #1,1044,551,138,345
clip_c8_20260617_150429.avi,20,c8_sim,Unknown #1,1081,523,138,342
clip_c8_20260617_150429.avi,21,c8_sim,Unknown #1,1096,510,142,347
clip_c8_20260617_150429.avi,22,c8_sim,Unknown #1,1105,501,148,355
clip_c8_20260617_150429.avi,23,c8_sim,Unknown #1,1132,473,160,380
clip_c8_20260617_150429.avi,24,c8_sim,Unknown #1,1171,455,155,365
clip_c8_20260617_150429.avi,25,c8_sim,Unknown #1,1201,457,141,325
clip_c8_20260617_150429.avi,26,c8_sim,Unknown #1,1229,453,135,303
clip_c8_20260617_150429.avi,27,c8_sim,Unknown #1,1235,404,156,346
clip_c8_20260617_150429.avi,28,c8_sim,Unknown #1,1242,380,166,365
clip_c8_20260617_150429.avi,29,c8_sim,Unknown #1,1248,363,170,367
clip_c8_20260617_150429.avi,30,c8_sim,Unknown #1,1271,346,162,350
clip_c8_20260617_150429.avi,32,c8_sim,Unknown #1,1307,419,123,261
clip_c8_20260617_150429.avi,33,c8_sim,Unknown #1,1336,335,161,339
clip_c8_20260617_150429.avi,34,c8_sim,Unknown #1,1357,299,172,362
clip_c8_20260617_150429.avi,35,c8_sim,Unknown #1,1378,274,165,354
clip_c8_20260617_150429.avi,36,c8_sim,Unknown #1,1401,258,160,342
clip_c8_20260617_150429.avi,37,c8_sim,Unknown #1,1399,249,157,342
clip_c8_20260617_150429.avi,38,c8_sim,Unknown #1,1401,242,156,347
clip_c8_20260617_150429.avi,39,c8_sim,Unknown #1,1407,235,156,349
clip_c8_20260617_150429.avi,40,c8_sim,Unknown #1,1422,228,151,335
clip_c8_20260617_150429.avi,41,c8_sim,Unknown #1,1436,224,143,319
clip_c8_20260617_150429.avi,42,c8_sim,Unknown #1,1448,221,140,313
clip_c8_20260617_150429.avi,43,c8_sim,Unknown #1,1489,208,109,234
clip_c8_20260617_150429.avi,44,c8_sim,Unknown #1,1507,198,99,208
clip_c8_20260617_150429.avi,45,c8_sim,Unknown #1,1512,183,104,217
clip_c8_20260617_150429.avi,46,c8_sim,Unknown #1,1516,173,107,225
clip_c8_20260617_150429.avi,47,c8_sim,Unknown #1,1522,167,110,231
clip_c8_20260617_150429.avi,48,c8_sim,Unknown #1,1527,164,112,234
clip_c8_20260617_150429.avi,49,c8_sim,Unknown #1,1529,161,113,238
clip_c8_20260617_150429.avi,50,c8_sim,Unknown #1,1536,155,116,245
clip_c8_20260617_150429.avi,51,c8_sim,Unknown #1,1538,151,119,250
clip_c8_20260617_150429.avi,52,c8_sim,Unknown #1,1538,147,122,255
clip_c8_20260617_150429.avi,53,c8_sim,Unknown #1,1550,139,124,262
clip_c8_20260617_150429.avi,54,c8_sim,Unknown #1,1558,130,126,271
clip_c8_20260617_150429.avi,55,c8_sim,Unknown #1,1565,122,126,275
clip_c8_20260617_150429.avi,56,c8_sim,Unknown #1,1571,116,124,276
clip_c8_20260617_150429.avi,57,c8_sim,Unknown #1,1575,112,121,271
clip_c8_20260617_150429.avi,58,c8_sim,Unknown #1,1578,107,119,270
clip_c8_20260617_150429.avi,59,c8_sim,Unknown #1,1580,105,117,267
clip_c8_20260617_150429.avi,60,c8_sim,Unknown #1,1580,104,116,265
clip_c8_20260617_150429.avi,61,c8_sim,Unknown #1,1581,105,115,264
clip_c8_20260617_150429.avi,62,c8_sim,Unknown #1,1587,112,113,257
clip_c8_20260617_150429.avi,63,c8_sim,Unknown #1,1592,121,112,248
clip_c8_20260617_150429.avi,64,c8_sim,Unknown #1,1595,113,119,257
clip_c8_20260617_150429.avi,65,c8_sim,Unknown #1,1598,111,120,255
clip_c8_20260617_150429.avi,66,c8_sim,Unknown #1,1610,106,121,259
clip_c8_20260617_150429.avi,67,c8_sim,Unknown #1,1620,108,119,258
clip_c8_20260617_150429.avi,68,c8_sim,Unknown #1,1626,103,127,282
clip_c8_20260617_150429.avi,69,c8_sim,Unknown #1,1630,100,125,286
clip_c8_20260617_150429.avi,70,c8_sim,Unknown #1,1634,103,119,278
clip_c8_20260727_145055.avi,1,c8_sim,Unknown #7,1016,614,198,359
clip_c8_20260727_145055.avi,2,c8_sim,Unknown #7,1033,581,200,361
clip_c8_20260727_145055.avi,3,c8_sim,Unknown #7,1090,533,200,362
clip_c8_20260727_145055.avi,4,c8_sim,Unknown #7,1135,495,212,384
clip_c8_20260727_145055.avi,5,c8_sim,Unknown #7,1166,460,214,388
clip_c8_20260727_145055.avi,6,c8_sim,Unknown #7,1208,448,186,343
clip_c8_20260727_145055.avi,7,c8_sim,Unknown #7,1234,447,171,317
clip_c8_20260727_145055.avi,8,c8_sim,Unknown #7,1246,382,185,347
clip_c8_20260727_145055.avi,9,c8_sim,Unknown #7,1284,340,183,351
clip_c8_20260727_145055.avi,10,c8_sim,Unknown #7,1306,308,190,368
clip_c8_20260727_145055.avi,11,c8_sim,Unknown #7,1323,279,185,370
clip_c8_20260727_145055.avi,12,c8_sim,Unknown #7,1351,253,167,342
clip_c8_20260727_145055.avi,13,c8_sim,Unknown #7,1364,233,166,346
clip_c8_20260727_145055.avi,14,c8_sim,Unknown #7,1386,214,154,327
clip_c8_20260727_145055.avi,16,c8_sim,Unknown #7,1434,184,120,254
clip_c8_20260727_145055.avi,17,c8_sim,Unknown #7,1449,163,114,241
clip_c8_20260727_145055.avi,18,c8_sim,Unknown #7,1457,144,116,250
clip_c8_20260727_145055.avi,19,c8_sim,Unknown #7,1462,133,116,257
clip_c8_20260727_145055.avi,20,c8_sim,Unknown #7,1471,124,118,265
clip_c8_20260727_145055.avi,21,c8_sim,Unknown #7,1484,115,117,266
clip_c8_20260727_145055.avi,22,c8_sim,Unknown #7,1497,106,117,273
clip_c8_20260727_145055.avi,23,c8_sim,Unknown #7,1508,96,113,270
clip_c8_20260727_145055.avi,24,c8_sim,Unknown #7,1521,87,103,255
clip_c8_20260727_145055.avi,25,c8_sim,Unknown #7,1528,82,102,252
clip_c8_20260727_145055.avi,26,c8_sim,Unknown #7,1541,76,97,242
clip_c8_20260727_145055.avi,27,c8_sim,Unknown #7,1558,72,94,238
clip_c8_20260727_145055.avi,28,c8_sim,Unknown #7,1575,68,93,238
clip_c8_20260727_145055.avi,30,c8_sim,Unknown #7,1594,52,91,234
clip_c10_20260618_155056.avi,2,c10_sim,Unknown #6,1039,201,113,309
clip_c10_20260618_155056.avi,3,c10_sim,Unknown #6,1011,212,117,319
clip_c10_20260618_155056.avi,4,c10_sim,Unknown #6,971,227,123,335
clip_c10_20260618_155056.avi,5,c10_sim,Unknown #6,958,233,127,341
clip_c10_20260618_155056.avi,6,c10_sim,Unknown #6,949,235,129,342
clip_c10_20260618_155056.avi,7,c10_sim,Unknown #6,906,252,131,341
clip_c10_20260618_155056.avi,8,c10_sim,Unknown #6,881,262,133,339
clip_c10_20260618_155056.avi,9,c10_sim,Unknown #6,858,268,134,334
clip_c10_20260618_155056.avi,10,c10_sim,Unknown #6,825,275,137,342
clip_c10_20260618_155056.avi,11,c10_sim,Unknown #6,802,283,141,356
clip_c10_20260618_155056.avi,12,c10_sim,Unknown #6,791,289,144,364
clip_c10_20260618_155056.avi,13,c10_sim,Unknown #6,786,293,146,368
clip_c10_20260618_155056.avi,14,c10_sim,Unknown #6,756,304,145,366
clip_c10_20260618_155056.avi,15,c10_sim,Unknown #6,736,316,144,355
clip_c10_20260618_155056.avi,16,c10_sim,Unknown #6,708,332,151,362
clip_c10_20260618_155056.avi,17,c10_sim,Unknown #6,687,343,156,360
clip_c10_20260618_155056.avi,18,c10_sim,Unknown #6,659,354,156,352
clip_c10_20260618_155056.avi,19,c10_sim,Unknown #6,641,359,158,351
clip_c10_20260618_155056.avi,20,c10_sim,Unknown #6,562,403,167,364
clip_c10_20260618_155056.avi,22,c10_sim,Unknown #6,507,448,179,376
clip_c10_20260618_155056.avi,24,c10_sim,Unknown #6,421,533,195,379
clip_c10_20260618_155056.avi,26,c10_sim,Unknown #6,343,583,199,372
clip_c12_20260617_152841.avi,9,c12_sim,Unknown #4,7,426,90,245
clip_c12_20260617_152841.avi,10,c12_sim,Unknown #4,8,432,88,239
clip_c12_20260617_152841.avi,11,c12_sim,Unknown #4,9,435,87,235
clip_c12_20260617_152841.avi,12,c12_sim,Unknown #4,13,430,88,238
clip_c12_20260617_152841.avi,13,c12_sim,Unknown #4,15,428,87,237
clip_c12_20260617_152841.avi,14,c12_sim,Unknown #4,20,430,85,232
clip_c12_20260617_152841.avi,15,c12_sim,Unknown #4,21,432,84,228
clip_c12_20260617_152841.avi,16,c12_sim,Unknown #4,20,438,81,217
clip_c12_20260617_152841.avi,17,c12_sim,Unknown #4,23,441,79,212
clip_c12_20260617_152841.avi,18,c12_sim,Unknown #4,24,442,80,209
clip_c12_20260617_152841.avi,19,c12_sim,Unknown #4,23,441,81,209
clip_c12_20260617_152841.avi,20,c12_sim,Unknown #4,25,446,80,202
clip_c12_20260617_152841.avi,21,c12_sim,Unknown #4,27,449,81,199
clip_c12_20260618_154814.avi,1,c12_sim,Unknown #4,36,506,71,174
clip_c11_20260727_145334.avi,4,c11_sim,Unknown #8,788,171,36,111
clip_c11_20260727_145334.avi,5,c11_sim,Unknown #8,788,171,37,113
clip_c11_20260727_145334.avi,6,c11_sim,Unknown #8,788,165,40,121
clip_c11_20260727_145334.avi,9,c11_sim,Unknown #8,786,176,38,118
clip_c11_20260727_145334.avi,10,c11_sim,Unknown #8,787,180,39,119
clip_c11_20260727_145334.avi,11,c11_sim,Unknown #8,790,180,40,121
clip_c11_20260727_145334.avi,12,c11_sim,Unknown #8,792,178,42,129
clip_c11_20260727_145334.avi,14,c11_sim,Unknown #8,801,180,43,132
clip_c11_20260727_145334.avi,17,c11_sim,Unknown #8,811,177,55,152
clip_c11_20260727_145334.avi,18,c11_sim,Unknown #8,814,175,54,159
clip_c11_20260727_145334.avi,19,c11_sim,Unknown #8,815,178,52,159
clip_c11_20260727_145334.avi,20,c11_sim,Unknown #8,816,179,51,160
clip_c11_20260727_145334.avi,21,c11_sim,Unknown #8,819,190,47,153
clip_c11_20260727_145334.avi,22,c11_sim,Unknown #8,823,193,48,153
clip_c11_20260727_145334.avi,23,c11_sim,Unknown #8,827,191,53,163
clip_c11_20260727_145334.avi,24,c11_sim,Unknown #8,827,193,55,168
clip_c11_20260727_145334.avi,25,c11_sim,Unknown #8,830,195,57,171
clip_c11_20260727_145334.avi,28,c11_sim,Unknown #8,841,194,65,199
clip_c11_20260727_145334.avi,29,c11_sim,Unknown #8,851,213,64,193
clip_c11_20260727_145334.avi,30,c11_sim,Unknown #8,856,216,69,205
clip_c11_20260727_145334.avi,32,c11_sim,Unknown #8,859,191,86,252
clip_c11_20260727_145334.avi,33,c11_sim,Unknown #8,875,223,81,238
clip_c11_20260727_145334.avi,34,c11_sim,Unknown #8,883,233,84,241
clip_c11_20260727_145334.avi,35,c11_sim,Unknown #8,888,233,89,252
clip_c11_20260727_145334.avi,36,c11_sim,Unknown #8,894,244,94,261
clip_c11_20260727_145334.avi,37,c11_sim,Unknown #8,910,254,96,263
clip_c11_20260727_145334.avi,38,c11_sim,Unknown #8,927,268,98,264
clip_c11_20260727_145334.avi,39,c11_sim,Unknown #8,935,272,105,276
clip_c11_20260727_145334.avi,40,c11_sim,Unknown #8,940,280,115,298
clip_c11_20260727_145334.avi,41,c11_sim,Unknown #8,956,291,117,303
clip_c11_20260727_145334.avi,42,c11_sim,Unknown #8,969,303,123,315
clip_c11_20260727_145334.avi,43,c11_sim,Unknown #8,985,315,127,324
clip_c11_20260727_145334.avi,44,c11_sim,Unknown #8,992,322,133,333
clip_c11_20260727_145334.avi,45,c11_sim,Unknown #8,1006,339,144,356
clip_c11_20260727_145334.avi,46,c11_sim,Unknown #8,1038,351,149,368
clip_c11_20260727_145334.avi,47,c11_sim,Unknown #8,1056,366,157,383
clip_c11_20260727_145334.avi,48,c11_sim,Unknown #8,1110,378,157,384
clip_c11_20260727_145334.avi,50,c11_sim,Unknown #9,1262,431,175,382
clip_c11_20260727_145334.avi,51,c11_sim,Unknown #9,1320,441,176,384
clip_c11_20260727_145334.avi,52,c11_sim,Unknown #9,1390,468,180,390
clip_c11_20260727_145334.avi,53,c11_sim,Unknown #9,1492,489,177,381
clip_c11_20260727_145334.avi,54,c11_sim,Unknown #9,1546,515,176,372
clip_c11_20260727_145334.avi,55,c11_sim,Unknown #9,1646,550,173,359
clip_c12_20260617_152841.avi,26,c12_sim,Unknown #4,84,717,167,349
clip_c12_20260617_152841.avi,27,c12_sim,Unknown #4,76,707,176,367
clip_c12_20260617_152841.avi,29,c12_sim,Unknown #4,74,723,172,355
clip_c12_20260727_145330.avi,1,c12_sim,Unknown #4,46,744,144,297
clip_c10_20260727_145319.avi,1,c10_sim,Unknown #9,1098,179,105,335
clip_c10_20260727_145319.avi,2,c10_sim,Unknown #9,1065,183,105,337
clip_c10_20260727_145319.avi,3,c10_sim,Unknown #9,1018,196,114,357
clip_c10_20260727_145319.avi,4,c10_sim,Unknown #9,981,208,118,363
clip_c10_20260727_145319.avi,5,c10_sim,Unknown #9,959,214,117,363
clip_c10_20260727_145319.avi,6,c10_sim,Unknown #9,921,228,123,375
clip_c10_20260727_145319.avi,7,c10_sim,Unknown #9,889,243,125,378
clip_c10_20260727_145319.avi,8,c10_sim,Unknown #9,835,255,129,379
clip_c10_20260727_145319.avi,9,c10_sim,Unknown #9,779,274,141,399
clip_c10_20260727_145319.avi,10,c10_sim,Unknown #9,736,292,146,408
clip_c10_20260727_145319.avi,11,c10_sim,Unknown #9,709,310,145,403
clip_c10_20260727_145319.avi,12,c10_sim,Unknown #9,683,332,153,415
clip_c10_20260727_145319.avi,13,c10_sim,Unknown #9,642,355,158,417
clip_c10_20260727_145319.avi,14,c10_sim,Unknown #9,571,378,166,427
clip_c10_20260727_145319.avi,15,c10_sim,Unknown #9,523,405,178,439
clip_c10_20260727_145319.avi,16,c10_sim,Unknown #9,483,434,177,432
clip_c10_20260727_145319.avi,17,c10_sim,Unknown #9,452,467,179,426
clip_c10_20260727_145319.avi,18,c10_sim,Unknown #9,420,504,194,442
clip_c10_20260727_145319.avi,19,c10_sim,Unknown #9,390,541,203,435
clip_c10_20260727_145319.avi,20,c10_sim,Unknown #9,325,580,212,437
clip_c10_20260727_145319.avi,21,c10_sim,Unknown #9,278,627,221,434
clip_c10_20260727_145319.avi,22,c10_sim,Unknown #9,238,665,219,415
clip_c10_20260727_145319.avi,23,c10_sim,Unknown #9,203,709,214,380
clip_c11_20260727_145653.avi,1,c11_sim,Unknown #5,1558,510,186,363
clip_c11_20260727_145653.avi,2,c11_sim,Unknown #5,1506,505,183,355
clip_c11_20260727_145653.avi,3,c11_sim,Unknown #5,1470,495,182,354
clip_c11_20260727_145653.avi,4,c11_sim,Unknown #5,1440,482,186,365
clip_c11_20260727_145653.avi,5,c11_sim,Unknown #5,1382,487,185,361
clip_c11_20260727_145653.avi,6,c11_sim,Unknown #5,1343,464,188,370
clip_c11_20260727_145653.avi,7,c11_sim,Unknown #5,1316,443,183,365
clip_c11_20260727_145653.avi,8,c11_sim,Unknown #5,1258,431,183,363
clip_c11_20260727_145653.avi,9,c11_sim,Unknown #5,1223,424,177,353
clip_c11_20260727_145653.avi,10,c11_sim,Unknown #5,1187,407,180,361
clip_c11_20260727_145653.avi,11,c11_sim,Unknown #5,1146,396,184,369
clip_c11_20260727_145653.avi,12,c11_sim,Unknown #5,1126,382,180,368
clip_c11_20260727_145653.avi,13,c11_sim,Unknown #5,1113,368,169,353
clip_c11_20260727_145653.avi,14,c11_sim,Unknown #5,1069,362,166,346
clip_c11_20260727_145653.avi,15,c11_sim,Unknown #5,1047,354,161,339
clip_c11_20260727_145653.avi,16,c11_sim,Unknown #5,1016,341,155,326
clip_c11_20260727_145653.avi,17,c11_sim,Unknown #5,989,333,155,326
clip_c11_20260727_145653.avi,18,c11_sim,Unknown #5,974,326,154,326
clip_c11_20260727_145653.avi,19,c11_sim,Unknown #5,969,314,146,320
clip_c11_20260727_145653.avi,20,c11_sim,Unknown #5,943,307,142,314
clip_c11_20260727_145653.avi,21,c11_sim,Unknown #5,932,302,141,312
clip_c11_20260727_145653.avi,22,c11_sim,Unknown #5,910,294,130,294
clip_c11_20260727_145653.avi,23,c11_sim,Unknown #5,886,288,129,291
clip_c11_20260727_145653.avi,24,c11_sim,Unknown #5,875,283,125,286
clip_c11_20260727_145653.avi,25,c11_sim,Unknown #5,876,273,117,274
clip_c11_20260727_145653.avi,28,c11_sim,Unknown #5,851,264,107,256
clip_c11_20260727_145653.avi,29,c11_sim,Unknown #5,823,256,106,253
clip_c11_20260727_145653.avi,30,c11_sim,Unknown #5,813,251,106,251
clip_c11_20260727_145653.avi,31,c11_sim,Unknown #5,816,249,99,237
clip_c11_20260727_145653.avi,32,c11_sim,Unknown #5,813,246,96,234
clip_c11_20260727_145653.avi,33,c11_sim,Unknown #5,808,244,94,228
clip_c11_20260727_145653.avi,34,c11_sim,Unknown #5,797,240,89,218
clip_c11_20260727_145653.avi,35,c11_sim,Unknown #5,784,234,90,218
clip_c11_20260727_145653.avi,36,c11_sim,Unknown #5,775,234,89,212
clip_c11_20260727_145653.avi,37,c11_sim,Unknown #5,777,233,85,208
clip_c11_20260727_145653.avi,38,c11_sim,Unknown #5,781,232,80,197
clip_c11_20260727_145653.avi,39,c11_sim,Unknown #5,779,231,79,195
clip_c11_20260727_145653.avi,40,c11_sim,Unknown #5,773,229,78,191
clip_c11_20260727_145653.avi,43,c11_sim,Unknown #5,777,216,74,185
clip_c11_20260727_145653.avi,44,c11_sim,Unknown #5,782,209,72,182
clip_c11_20260727_145653.avi,45,c11_sim,Unknown #5,783,211,70,175
clip_c11_20260727_145653.avi,47,c11_sim,Unknown #5,776,203,68,172
clip_c11_20260727_145653.avi,48,c11_sim,Unknown #5,775,200,68,172
clip_c11_20260727_145653.avi,49,c11_sim,Unknown #5,777,199,66,168
clip_c11_20260727_145653.avi,50,c11_sim,Unknown #5,778,196,64,161
clip_c11_20260727_145653.avi,51,c11_sim,Unknown #5,778,195,63,159
clip_c11_20260727_145653.avi,52,c11_sim,Unknown #5,775,193,62,156
clip_c11_20260727_145653.avi,54,c11_sim,Unknown #5,774,190,60,152
clip_c11_20260727_145653.avi,55,c11_sim,Unknown #5,777,190,58,149
clip_c11_20260727_145653.avi,56,c11_sim,Unknown #5,778,185,58,150
clip_c11_20260727_145653.avi,57,c11_sim,Unknown #5,777,185,57,149
clip_c11_20260727_145653.avi,58,c11_sim,Unknown #5,777,183,55,143
clip_c11_20260727_145653.avi,59,c11_sim,Unknown #5,777,184,53,139
clip_c11_20260727_145653.avi,61,c11_sim,Unknown #5,778,183,51,134
clip_c11_20260727_145653.avi,62,c11_sim,Unknown #5,778,184,50,128
clip_c11_20260727_145653.avi,64,c11_sim,Unknown #5,776,185,47,122
clip_c11_20260727_145653.avi,66,c11_sim,Unknown #5,776,186,44,116
clip_c11_20260727_145653.avi,72,c11_sim,Unknown #5,774,168,43,117
clip_c11_20260727_145653.avi,73,c11_sim,Unknown #5,773,161,42,114
clip_c11_20260727_145653.avi,74,c11_sim,Unknown #5,773,158,41,113
clip_c11_20260727_145653.avi,79,c11_sim,Unknown #5,776,154,37,103
clip_c11_20260727_150629.avi,1,c11_sim,Unknown #10,247,608,256,426
clip_c11_20260727_150629.avi,2,c11_sim,Unknown #10,249,607,259,432
clip_c11_20260727_150629.avi,3,c11_sim,Unknown #10,256,604,261,436
clip_c11_20260727_150629.avi,4,c11_sim,Unknown #10,284,602,267,443
clip_c11_20260727_150629.avi,6,c11_sim,Unknown #10,351,587,262,441
clip_c11_20260727_150629.avi,7,c11_sim,Unknown #10,398,568,259,442
clip_c11_20260727_150629.avi,8,c11_sim,Unknown #10,432,555,257,448
clip_c11_20260727_150629.avi,9,c11_sim,Unknown #10,465,539,251,448
clip_c11_20260727_150629.avi,10,c11_sim,Unknown #10,508,517,231,421
clip_c11_20260727_150629.avi,11,c11_sim,Unknown #10,552,500,224,414
clip_c11_20260727_150629.avi,12,c11_sim,Unknown #10,590,485,211,401
clip_c11_20260727_150629.avi,13,c11_sim,Unknown #10,625,468,200,384
clip_c11_20260727_150629.avi,14,c11_sim,Unknown #10,649,453,198,389
clip_c11_20260727_150629.avi,15,c11_sim,Unknown #10,665,438,190,383
clip_c11_20260727_150629.avi,16,c11_sim,Unknown #10,678,424,174,355
clip_c11_20260727_150629.avi,17,c11_sim,Unknown #10,686,412,171,351
clip_c11_20260727_150629.avi,18,c11_sim,Unknown #10,703,400,164,341
clip_c11_20260727_150629.avi,19,c11_sim,Unknown #10,716,383,157,327
clip_c11_20260727_150629.avi,20,c11_sim,Unknown #10,719,374,153,325
clip_c11_20260727_150629.avi,21,c11_sim,Unknown #10,720,362,144,310
clip_c11_20260727_150629.avi,22,c11_sim,Unknown #10,724,353,137,298
clip_c11_20260727_150629.avi,24,c11_sim,Unknown #10,744,339,126,278
clip_c11_20260727_150629.avi,25,c11_sim,Unknown #10,753,328,120,271
clip_c11_20260727_150629.avi,26,c11_sim,Unknown #10,758,319,116,265
clip_c11_20260727_150629.avi,27,c11_sim,Unknown #10,761,308,110,253
clip_c11_20260727_150629.avi,28,c11_sim,Unknown #10,772,304,107,250
clip_c11_20260727_150629.avi,29,c11_sim,Unknown #10,781,297,104,246
clip_c11_20260727_150629.avi,31,c11_sim,Unknown #10,798,290,96,232
clip_c11_20260727_150629.avi,32,c11_sim,Unknown #10,807,282,91,224
clip_c11_20260727_150629.avi,33,c11_sim,Unknown #10,815,274,88,218
clip_c11_20260727_150629.avi,34,c11_sim,Unknown #10,817,271,89,217
clip_c11_20260727_150629.avi,35,c11_sim,Unknown #10,837,266,89,207
clip_c11_20260727_150629.avi,36,c11_sim,Unknown #10,847,261,91,206
clip_c11_20260727_150629.avi,37,c11_sim,Unknown #10,846,256,92,205
clip_c11_20260727_150629.avi,38,c11_sim,Unknown #10,843,250,92,199
clip_c11_20260727_150629.avi,40,c11_sim,Unknown #10,846,245,89,192
clip_c11_20260727_150629.avi,41,c11_sim,Unknown #10,850,243,82,181
clip_c11_20260727_150629.avi,46,c11_sim,Unknown #10,862,229,76,172
clip_c9_20260727_145031.avi,6,c9_sim,Unknown #7,892,27,34,104
clip_c9_20260727_145031.avi,12,c9_sim,Unknown #7,897,30,36,111
clip_c9_20260727_145031.avi,13,c9_sim,Unknown #7,898,31,37,116
clip_c9_20260727_145031.avi,19,c9_sim,Unknown #7,903,36,38,119
clip_c9_20260727_145031.avi,20,c9_sim,Unknown #7,904,39,41,124
clip_c9_20260727_145031.avi,21,c9_sim,Unknown #7,903,42,43,129
clip_c9_20260727_145031.avi,24,c9_sim,Unknown #7,902,44,43,131
clip_c9_20260727_145031.avi,25,c9_sim,Unknown #7,902,46,46,138
clip_c9_20260727_145031.avi,27,c9_sim,Unknown #7,902,46,47,143
clip_c9_20260727_145031.avi,28,c9_sim,Unknown #7,899,48,49,147
clip_c9_20260727_145031.avi,29,c9_sim,Unknown #7,899,48,49,148
clip_c9_20260727_145031.avi,30,c9_sim,Unknown #7,898,48,51,152
clip_c9_20260727_145031.avi,31,c9_sim,Unknown #7,897,51,51,153
clip_c9_20260727_145031.avi,32,c9_sim,Unknown #7,898,54,49,151
clip_c9_20260727_145031.avi,33,c9_sim,Unknown #7,896,55,51,152
clip_c9_20260727_145031.avi,34,c9_sim,Unknown #7,896,56,52,153
clip_c9_20260727_145031.avi,37,c9_sim,Unknown #7,888,64,52,153
clip_c9_20260727_145031.avi,43,c9_sim,Unknown #7,881,74,56,165
clip_c9_20260727_145031.avi,44,c9_sim,Unknown #7,877,78,59,176
clip_c9_20260727_145031.avi,47,c9_sim,Unknown #7,876,83,60,179
clip_c9_20260727_145031.avi,48,c9_sim,Unknown #7,874,86,62,185
clip_c9_20260727_145031.avi,49,c9_sim,Unknown #7,871,90,66,197
clip_c9_20260727_145031.avi,50,c9_sim,Unknown #7,869,91,66,199
clip_c9_20260727_145031.avi,51,c9_sim,Unknown #7,867,93,68,206
clip_c9_20260727_145031.avi,52,c9_sim,Unknown #7,867,98,68,210
clip_c9_20260727_145031.avi,53,c9_sim,Unknown #7,869,102,66,207
clip_c9_20260727_145031.avi,54,c9_sim,Unknown #7,869,103,66,205
clip_c9_20260727_145031.avi,55,c9_sim,Unknown #7,867,106,68,216
clip_c9_20260727_145031.avi,56,c9_sim,Unknown #7,863,109,70,223
clip_c9_20260727_145031.avi,57,c9_sim,Unknown #7,862,111,70,225
clip_c9_20260727_145031.avi,58,c9_sim,Unknown #7,861,114,71,223
clip_c9_20260727_145031.avi,59,c9_sim,Unknown #7,860,119,72,227
clip_c9_20260727_145031.avi,60,c9_sim,Unknown #7,862,122,73,230
clip_c9_20260727_145031.avi,61,c9_sim,Unknown #7,864,126,74,229
clip_c9_20260727_145031.avi,62,c9_sim,Unknown #7,862,130,76,240
clip_c9_20260727_145031.avi,63,c9_sim,Unknown #7,857,135,80,251
clip_c9_20260727_145031.avi,64,c9_sim,Unknown #7,851,138,81,253
clip_c9_20260727_145031.avi,65,c9_sim,Unknown #7,848,141,82,252
clip_c9_20260727_145031.avi,66,c9_sim,Unknown #7,849,149,86,267
clip_c9_20260727_145031.avi,67,c9_sim,Unknown #7,851,155,87,268
clip_c9_20260727_145031.avi,68,c9_sim,Unknown #7,850,159,95,288
clip_c9_20260727_145031.avi,69,c9_sim,Unknown #7,851,166,100,299
clip_c9_20260727_145031.avi,70,c9_sim,Unknown #7,853,170,104,302
clip_c9_20260727_145031.avi,71,c9_sim,Unknown #7,875,179,108,309
clip_c9_20260727_145031.avi,72,c9_sim,Unknown #7,894,189,108,313
clip_c9_20260727_145031.avi,73,c9_sim,Unknown #7,920,193,110,319
clip_c9_20260727_145031.avi,74,c9_sim,Unknown #7,934,201,120,338
clip_c9_20260727_145031.avi,75,c9_sim,Unknown #7,943,208,126,345
clip_c9_20260727_145031.avi,76,c9_sim,Unknown #7,968,213,125,347
clip_c9_20260727_145031.avi,77,c9_sim,Unknown #7,1022,223,131,345
clip_c9_20260727_145031.avi,78,c9_sim,Unknown #7,1057,229,137,344
clip_c9_20260727_145031.avi,79,c9_sim,Unknown #7,1101,230,135,351
clip_c9_20260727_145031.avi,80,c9_sim,Unknown #7,1146,237,141,360
clip_c9_20260727_145031.avi,81,c9_sim,Unknown #7,1184,246,139,352
clip_c8_20260727_150740.avi,14,c8_sim,Unknown #10,954,562,201,335
clip_c8_20260727_150740.avi,15,c8_sim,Unknown #10,1015,527,197,329
clip_c8_20260727_150740.avi,16,c8_sim,Unknown #10,1054,489,210,351
clip_c8_20260727_150740.avi,17,c8_sim,Unknown #10,1096,463,205,342
clip_c8_20260727_150740.avi,18,c8_sim,Unknown #10,1134,453,173,290
clip_c8_20260727_150740.avi,19,c8_sim,Unknown #10,1155,399,188,320
clip_c8_20260727_150740.avi,20,c8_sim,Unknown #10,1191,357,187,321
clip_c8_20260727_150740.avi,21,c8_sim,Unknown #10,1230,326,187,323
clip_c8_20260727_150740.avi,22,c8_sim,Unknown #10,1245,300,190,338
clip_c8_20260727_150740.avi,23,c8_sim,Unknown #10,1273,269,182,327
clip_c8_20260727_150740.avi,24,c8_sim,Unknown #10,1292,248,168,308
clip_c8_20260727_150740.avi,26,c8_sim,Unknown #10,1355,217,123,224
clip_c8_20260727_150740.avi,27,c8_sim,Unknown #10,1395,199,96,169
clip_c8_20260727_150740.avi,29,c8_sim,Unknown #10,1398,167,122,220
clip_c8_20260727_150740.avi,30,c8_sim,Unknown #10,1408,146,129,239
clip_c8_20260727_150740.avi,31,c8_sim,Unknown #10,1415,134,134,251
clip_c8_20260727_150740.avi,32,c8_sim,Unknown #10,1441,123,129,248
clip_c8_20260727_150740.avi,33,c8_sim,Unknown #10,1457,110,129,257
clip_c8_20260727_150740.avi,34,c8_sim,Unknown #10,1472,99,129,261
clip_c8_20260727_150740.avi,35,c8_sim,Unknown #10,1491,94,117,244
clip_c8_20260727_150740.avi,36,c8_sim,Unknown #10,1507,94,109,231
clip_c8_20260727_150740.avi,37,c8_sim,Unknown #10,1523,93,106,225
clip_c8_20260727_150740.avi,39,c8_sim,Unknown #10,1558,83,106,226
clip_c10_20260727_145721.avi,1,c10_sim,Unknown #5,337,605,305,447
clip_c10_20260727_145721.avi,2,c10_sim,Unknown #5,379,571,308,453
clip_c10_20260727_145721.avi,3,c10_sim,Unknown #5,416,526,305,449
clip_c10_20260727_145721.avi,4,c10_sim,Unknown #5,457,498,311,462
clip_c10_20260727_145721.avi,5,c10_sim,Unknown #5,495,464,314,472
clip_c10_20260727_145721.avi,6,c10_sim,Unknown #5,539,426,292,445
clip_c10_20260727_145721.avi,7,c10_sim,Unknown #5,603,396,292,448
clip_c10_20260727_145721.avi,8,c10_sim,Unknown #5,651,372,279,436
clip_c10_20260727_145721.avi,9,c10_sim,Unknown #5,693,347,265,422
clip_c10_20260727_145721.avi,10,c10_sim,Unknown #5,733,325,266,431
clip_c10_20260727_145721.avi,11,c10_sim,Unknown #5,772,305,259,430
clip_c10_20260727_145721.avi,12,c10_sim,Unknown #5,806,282,238,407
clip_c10_20260727_145721.avi,13,c10_sim,Unknown #5,858,264,231,402
clip_c10_20260727_145721.avi,14,c10_sim,Unknown #5,895,251,219,388
clip_c10_20260727_145721.avi,15,c10_sim,Unknown #5,936,237,212,381
clip_c10_20260727_145721.avi,16,c10_sim,Unknown #5,972,227,210,384
clip_c10_20260727_145721.avi,18,c10_sim,Unknown #5,1015,206,189,355
clip_c10_20260727_145721.avi,19,c10_sim,Unknown #5,1047,191,181,350
clip_c10_20260727_145721.avi,20,c10_sim,Unknown #5,1072,181,170,341
clip_c10_20260727_145721.avi,21,c10_sim,Unknown #5,1100,171,157,325
clip_c10_20260727_145721.avi,22,c10_sim,Unknown #5,1118,163,149,326
clip_c11_20260727_170139.avi,1,c11_sim,Unknown #11,1638,549,182,354
clip_c11_20260727_170139.avi,2,c11_sim,Unknown #11,1622,541,186,362
clip_c11_20260727_170139.avi,3,c11_sim,Unknown #11,1604,529,191,375
clip_c11_20260727_170139.avi,4,c11_sim,Unknown #11,1542,522,195,379
clip_c11_20260727_170139.avi,5,c11_sim,Unknown #11,1503,514,197,386
clip_c11_20260727_170139.avi,6,c11_sim,Unknown #11,1481,498,194,382
clip_c11_20260727_170139.avi,7,c11_sim,Unknown #11,1417,486,192,376
clip_c11_20260727_170139.avi,9,c11_sim,Unknown #11,1353,462,188,375
clip_c11_20260727_170139.avi,10,c11_sim,Unknown #11,1296,448,191,380
clip_c11_20260727_170139.avi,11,c11_sim,Unknown #11,1239,436,192,386
clip_c11_20260727_170139.avi,12,c11_sim,Unknown #11,1212,418,182,370
clip_c11_20260727_170139.avi,13,c11_sim,Unknown #11,1160,400,181,370
clip_c11_20260727_170139.avi,14,c11_sim,Unknown #11,1116,392,181,370
clip_c11_20260727_170139.avi,15,c11_sim,Unknown #11,1093,376,170,355
clip_c11_20260727_170139.avi,16,c11_sim,Unknown #11,1079,361,162,353
clip_c11_20260727_170139.avi,17,c11_sim,Unknown #11,1051,355,159,353
clip_c11_20260727_170139.avi,18,c11_sim,Unknown #11,1023,343,150,333
clip_c11_20260727_170139.avi,19,c11_sim,Unknown #11,999,326,146,327
clip_c11_20260727_170139.avi,20,c11_sim,Unknown #11,966,318,145,327
clip_c11_20260727_170139.avi,21,c11_sim,Unknown #11,947,312,139,316
clip_c11_20260727_170139.avi,22,c11_sim,Unknown #11,938,301,127,299
clip_c11_20260727_170139.avi,23,c11_sim,Unknown #11,913,295,125,296
clip_c11_20260727_170139.avi,24,c11_sim,Unknown #11,889,288,122,292
clip_c11_20260727_170139.avi,25,c11_sim,Unknown #11,878,278,117,280
clip_c11_20260727_170139.avi,26,c11_sim,Unknown #11,868,273,112,274
clip_c11_20260727_170139.avi,27,c11_sim,Unknown #11,862,272,104,263
clip_c11_20260727_170139.avi,28,c11_sim,Unknown #11,851,266,98,249
clip_c11_20260727_170139.avi,29,c11_sim,Unknown #11,829,259,98,247
clip_c11_20260727_170139.avi,30,c11_sim,Unknown #11,819,257,97,242
clip_c11_20260727_170139.avi,31,c11_sim,Unknown #11,815,249,94,234
clip_c11_20260727_170139.avi,32,c11_sim,Unknown #11,819,243,90,227
clip_c11_20260727_170139.avi,33,c11_sim,Unknown #11,818,240,87,223
clip_c11_20260727_170139.avi,35,c11_sim,Unknown #11,804,236,83,209
clip_c11_20260727_170139.avi,36,c11_sim,Unknown #11,801,233,82,204
clip_c11_20260727_170139.avi,38,c11_sim,Unknown #11,799,226,78,193
clip_c11_20260727_170139.avi,39,c11_sim,Unknown #11,799,216,78,195
clip_c11_20260727_170139.avi,41,c11_sim,Unknown #11,798,211,74,184
clip_c11_20260727_170139.avi,42,c11_sim,Unknown #11,799,207,71,182
clip_c11_20260727_170139.avi,43,c11_sim,Unknown #11,801,213,67,172
clip_c11_20260727_170139.avi,48,c11_sim,Unknown #11,792,199,62,161
clip_c11_20260727_170139.avi,53,c11_sim,Unknown #11,775,189,53,141
clip_c11_20260727_170139.avi,54,c11_sim,Unknown #11,768,183,51,139
clip_c11_20260813_134940.avi,6,c11_sim,Unknown #12,820,193,60,183
clip_c9_20260727_150719.avi,32,c9_sim,Unknown #10,912,89,62,168
clip_c9_20260727_150719.avi,33,c9_sim,Unknown #10,903,97,73,196
clip_c9_20260727_150719.avi,36,c9_sim,Unknown #10,887,111,72,194
clip_c9_20260727_150719.avi,37,c9_sim,Unknown #10,880,120,71,190
clip_c9_20260727_150719.avi,38,c9_sim,Unknown #10,876,125,70,189
clip_c9_20260727_150719.avi,39,c9_sim,Unknown #10,861,131,76,204
clip_c9_20260727_150719.avi,40,c9_sim,Unknown #10,850,137,79,209
clip_c9_20260727_150719.avi,41,c9_sim,Unknown #10,846,140,79,211
clip_c9_20260727_150719.avi,42,c9_sim,Unknown #10,845,143,79,209
clip_c9_20260727_150719.avi,43,c9_sim,Unknown #10,848,148,79,209
clip_c9_20260727_150719.avi,44,c9_sim,Unknown #10,854,154,77,204
clip_c9_20260727_150719.avi,45,c9_sim,Unknown #10,858,157,78,203
clip_c9_20260727_150719.avi,46,c9_sim,Unknown #10,857,160,84,220
clip_c9_20260727_150719.avi,47,c9_sim,Unknown #10,853,164,85,226
clip_c9_20260727_150719.avi,48,c9_sim,Unknown #10,849,169,85,225
clip_c9_20260727_150719.avi,49,c9_sim,Unknown #10,850,176,89,236
clip_c9_20260727_150719.avi,50,c9_sim,Unknown #10,853,181,90,243
clip_c9_20260727_150719.avi,51,c9_sim,Unknown #10,853,184,91,245
clip_c9_20260727_150719.avi,52,c9_sim,Unknown #10,851,189,97,263
clip_c9_20260727_150719.avi,53,c9_sim,Unknown #10,852,196,100,268
clip_c9_20260727_150719.avi,54,c9_sim,Unknown #10,859,200,99,269
clip_c9_20260727_150719.avi,55,c9_sim,Unknown #10,874,206,104,281
clip_c9_20260727_150719.avi,56,c9_sim,Unknown #10,886,212,107,288
clip_c9_20260727_150719.avi,57,c9_sim,Unknown #10,901,217,106,287
clip_c9_20260727_150719.avi,58,c9_sim,Unknown #10,916,222,110,304
clip_c9_20260727_150719.avi,59,c9_sim,Unknown #10,934,232,112,310
clip_c9_20260727_150719.avi,60,c9_sim,Unknown #10,959,235,111,313
clip_c9_20260727_150719.avi,61,c9_sim,Unknown #10,994,240,112,312
clip_c9_20260727_150719.avi,62,c9_sim,Unknown #10,1021,243,119,315
clip_c9_20260727_150719.avi,63,c9_sim,Unknown #10,1066,248,111,297
clip_c9_20260727_150719.avi,64,c9_sim,Unknown #10,1102,254,119,318
clip_c9_20260727_150719.avi,65,c9_sim,Unknown #10,1130,261,124,321
clip_c9_20260727_150719.avi,66,c9_sim,Unknown #10,1179,263,122,323
clip_c9_20260727_150719.avi,67,c9_sim,Unknown #10,1209,266,121,325
clip_c12_20260727_145716.avi,0,c12_sim,Unknown #5,20,455,92,221
clip_c10_20260727_165919.avi,10,c10_sim,Unknown #11,153,511,209,341
clip_c10_20260727_165919.avi,11,c10_sim,Unknown #11,164,463,227,374
clip_c10_20260727_165919.avi,12,c10_sim,Unknown #11,199,425,199,327
clip_c10_20260727_165919.avi,13,c10_sim,Unknown #11,256,389,199,328
clip_c10_20260727_165919.avi,14,c10_sim,Unknown #11,291,359,177,297
clip_c10_20260727_165919.avi,15,c10_sim,Unknown #11,306,330,178,302
clip_c10_20260727_165919.avi,16,c10_sim,Unknown #11,332,321,173,299
clip_c10_20260727_165919.avi,17,c10_sim,Unknown #11,351,305,157,275
clip_c10_20260727_165919.avi,18,c10_sim,Unknown #11,377,283,155,275
clip_c10_20260727_165919.avi,19,c10_sim,Unknown #11,400,272,153,275
clip_c10_20260727_165919.avi,20,c10_sim,Unknown #11,422,260,139,252
clip_c10_20260727_165919.avi,21,c10_sim,Unknown #11,432,246,137,253
clip_c10_20260727_165919.avi,22,c10_sim,Unknown #11,451,232,138,260
clip_c10_20260727_165919.avi,23,c10_sim,Unknown #11,473,219,122,234
clip_c10_20260727_165919.avi,24,c10_sim,Unknown #11,491,207,119,230
clip_c10_20260727_165919.avi,25,c10_sim,Unknown #11,511,198,114,224
clip_c10_20260727_165919.avi,26,c10_sim,Unknown #11,523,188,107,212
clip_c10_20260727_165919.avi,27,c10_sim,Unknown #11,534,179,106,213
clip_c10_20260727_165919.avi,28,c10_sim,Unknown #11,546,174,102,211
clip_c10_20260727_165919.avi,29,c10_sim,Unknown #11,569,155,99,206
clip_c10_20260727_165919.avi,30,c10_sim,Unknown #11,584,148,89,188
clip_c10_20260727_165919.avi,31,c10_sim,Unknown #11,591,139,86,184
clip_c10_20260727_165919.avi,32,c10_sim,Unknown #11,606,128,79,172
clip_c10_20260727_165919.avi,33,c10_sim,Unknown #11,613,127,77,166
clip_c10_20260727_165919.avi,34,c10_sim,Unknown #11,621,125,70,154
clip_c10_20260727_165919.avi,36,c10_sim,Unknown #11,627,116,68,150
clip_c11_20260813_134940.avi,11,c11_sim,Unknown #12,886,196,66,205
clip_c11_20260813_134940.avi,13,c11_sim,Unknown #12,891,203,65,202
clip_c11_20260813_134940.avi,14,c11_sim,Unknown #12,892,201,67,207
clip_c11_20260813_134940.avi,21,c11_sim,Unknown #12,901,226,61,186
clip_c11_20260813_134940.avi,22,c11_sim,Unknown #12,907,236,57,178
clip_c11_20260813_134940.avi,23,c11_sim,Unknown #12,906,234,60,184
clip_c11_20260813_134940.avi,25,c11_sim,Unknown #12,907,233,62,190
clip_c11_20260813_134940.avi,26,c11_sim,Unknown #12,907,226,64,199
clip_c11_20260813_134940.avi,27,c11_sim,Unknown #12,908,219,67,209
clip_c11_20260813_134940.avi,28,c11_sim,Unknown #12,909,218,68,214
clip_c11_20260813_134940.avi,29,c11_sim,Unknown #12,911,217,69,215
clip_c11_20260813_134940.avi,30,c11_sim,Unknown #12,913,216,68,217
clip_c11_20260813_134940.avi,31,c11_sim,Unknown #12,915,217,68,215
clip_c11_20260813_134940.avi,32,c11_sim,Unknown #12,918,217,68,215
clip_c11_20260813_134940.avi,33,c11_sim,Unknown #12,921,218,67,212
clip_c11_20260813_134940.avi,34,c11_sim,Unknown #12,922,220,68,214
clip_c11_20260813_134940.avi,35,c11_sim,Unknown #12,925,223,69,213
clip_c11_20260813_134940.avi,36,c11_sim,Unknown #12,927,225,69,214
clip_c11_20260813_134940.avi,37,c11_sim,Unknown #12,929,227,70,215
clip_c11_20260813_134940.avi,38,c11_sim,Unknown #12,930,227,71,219
clip_c11_20260813_134940.avi,39,c11_sim,Unknown #12,930,228,74,221
clip_c11_20260813_134940.avi,40,c11_sim,Unknown #12,931,229,75,223
clip_c11_20260813_134940.avi,41,c11_sim,Unknown #12,930,229,77,226
clip_c11_20260813_134940.avi,42,c11_sim,Unknown #12,930,229,77,229
clip_c11_20260813_134940.avi,43,c11_sim,Unknown #12,929,229,78,231
clip_c11_20260813_134940.avi,44,c11_sim,Unknown #12,928,230,79,231
clip_c11_20260813_134940.avi,45,c11_sim,Unknown #12,927,230,79,232
clip_c11_20260813_134940.avi,46,c11_sim,Unknown #12,926,230,79,233
clip_c11_20260813_134940.avi,47,c11_sim,Unknown #12,926,230,78,233
clip_c11_20260813_134940.avi,48,c11_sim,Unknown #12,926,230,77,231
clip_c11_20260813_134940.avi,49,c11_sim,Unknown #12,925,230,77,231
clip_c11_20260813_134940.avi,50,c11_sim,Unknown #12,925,230,77,231
clip_c11_20260813_134940.avi,51,c11_sim,Unknown #12,925,230,78,233
clip_c11_20260813_134940.avi,52,c11_sim,Unknown #12,924,231,79,235
clip_c11_20260813_134940.avi,53,c11_sim,Unknown #12,924,232,79,238
clip_c11_20260813_134940.avi,54,c11_sim,Unknown #12,924,232,80,244
clip_c11_20260813_134940.avi,55,c11_sim,Unknown #12,923,234,82,247
clip_c11_20260813_134940.avi,56,c11_sim,Unknown #12,923,236,82,248
clip_c11_20260813_134940.avi,57,c11_sim,Unknown #12,924,238,82,248
clip_c11_20260813_134940.avi,58,c11_sim,Unknown #12,925,238,82,249
clip_c11_20260813_134940.avi,59,c11_sim,Unknown #12,926,239,82,248
clip_c11_20260813_134940.avi,60,c11_sim,Unknown #12,928,239,81,248
clip_c11_20260813_134940.avi,61,c11_sim,Unknown #12,929,239,81,248
clip_c11_20260813_134940.avi,62,c11_sim,Unknown #12,931,239,80,248
clip_c11_20260813_134940.avi,63,c11_sim,Unknown #12,932,240,79,247
clip_c11_20260813_134940.avi,64,c11_sim,Unknown #12,932,240,80,247
clip_c11_20260813_134940.avi,65,c11_sim,Unknown #12,933,240,79,246
clip_c11_20260813_134940.avi,66,c11_sim,Unknown #12,933,241,78,245
clip_c11_20260813_134940.avi,67,c11_sim,Unknown #12,934,241,77,245
clip_c11_20260813_134940.avi,68,c11_sim,Unknown #12,915,236,75,237
clip_c11_20260813_134940.avi,69,c11_sim,Unknown #12,905,234,74,232
clip_c11_20260813_134940.avi,70,c11_sim,Unknown #12,900,232,75,232
clip_c11_20260813_134940.avi,71,c11_sim,Unknown #12,896,232,76,231
clip_c11_20260813_134940.avi,73,c11_sim,Unknown #12,894,231,76,231
clip_c11_20260813_134940.avi,74,c11_sim,Unknown #12,896,233,74,228
clip_c11_20260813_134940.avi,77,c11_sim,Unknown #12,897,233,72,225
clip_c11_20260813_134940.avi,78,c11_sim,Unknown #12,894,235,70,218
clip_c11_20260813_134940.avi,79,c11_sim,Unknown #12,893,234,69,214
clip_c11_20260813_134940.avi,80,c11_sim,Unknown #12,891,230,69,213
clip_c11_20260813_134940.avi,81,c11_sim,Unknown #12,889,225,70,216
clip_c11_20260813_134940.avi,82,c11_sim,Unknown #12,888,221,71,218
clip_c11_20260813_134940.avi,83,c11_sim,Unknown #12,885,218,72,220
clip_c11_20260813_134940.avi,84,c11_sim,Unknown #12,883,219,73,219
clip_c11_20260813_134940.avi,85,c11_sim,Unknown #12,881,219,74,219
clip_c11_20260813_134940.avi,86,c11_sim,Unknown #12,878,221,75,217
clip_c11_20260813_134940.avi,87,c11_sim,Unknown #12,875,221,77,217
clip_c11_20260813_134940.avi,88,c11_sim,Unknown #12,874,219,79,218
clip_c11_20260813_134940.avi,89,c11_sim,Unknown #12,874,219,80,218
clip_c11_20260813_134940.avi,90,c11_sim,Unknown #12,874,217,82,218
clip_c11_20260813_134940.avi,91,c11_sim,Unknown #12,877,214,81,219
clip_c11_20260813_134940.avi,92,c11_sim,Unknown #12,877,209,83,219
clip_c11_20260813_134940.avi,93,c11_sim,Unknown #12,879,203,82,219
clip_c11_20260813_134940.avi,94,c11_sim,Unknown #12,882,207,78,210
clip_c11_20260813_134940.avi,95,c11_sim,Unknown #12,884,208,77,206
clip_c11_20260813_134940.avi,96,c11_sim,Unknown #12,884,206,76,204
clip_c11_20260813_134940.avi,97,c11_sim,Unknown #12,884,206,76,204
clip_c11_20260813_134940.avi,98,c11_sim,Unknown #12,884,205,76,204
clip_c11_20260813_134940.avi,99,c11_sim,Unknown #12,884,204,75,205
clip_c11_20260813_134940.avi,100,c11_sim,Unknown #12,884,202,76,207
clip_c11_20260813_134940.avi,101,c11_sim,Unknown #12,884,200,75,208
clip_c11_20260813_134940.avi,102,c11_sim,Unknown #12,885,201,74,205
clip_c11_20260813_134940.avi,103,c11_sim,Unknown #12,884,201,72,204
clip_c11_20260813_134940.avi,104,c11_sim,Unknown #12,884,200,71,205
clip_c11_20260813_134940.avi,105,c11_sim,Unknown #12,883,199,70,203
clip_c11_20260813_134940.avi,107,c11_sim,Unknown #12,882,197,69,199
clip_c11_20260813_134940.avi,108,c11_sim,Unknown #12,882,193,68,200
clip_c11_20260813_134940.avi,109,c11_sim,Unknown #12,883,195,67,196
clip_c11_20260813_134940.avi,110,c11_sim,Unknown #12,884,197,65,194
clip_c11_20260813_134940.avi,111,c11_sim,Unknown #12,882,185,69,206
clip_c11_20260813_134940.avi,112,c11_sim,Unknown #12,881,182,70,207
clip_c11_20260813_134940.avi,113,c11_sim,Unknown #12,881,180,70,210
clip_c11_20260813_134940.avi,114,c11_sim,Unknown #12,883,191,66,198
clip_c11_20260813_134940.avi,115,c11_sim,Unknown #12,885,195,64,194
clip_c11_20260813_134940.avi,116,c11_sim,Unknown #12,885,193,65,195
clip_c11_20260813_134940.avi,117,c11_sim,Unknown #12,887,195,63,192
clip_c11_20260813_134940.avi,118,c11_sim,Unknown #12,889,198,61,186
clip_c11_20260813_134940.avi,119,c11_sim,Unknown #12,889,195,62,187
clip_c11_20260813_134940.avi,120,c11_sim,Unknown #12,891,195,61,182
clip_c11_20260813_134940.avi,121,c11_sim,Unknown #12,891,193,61,182
clip_c11_20260813_134940.avi,122,c11_sim,Unknown #12,892,192,61,181
clip_c11_20260813_134940.avi,123,c11_sim,Unknown #12,891,188,62,184
clip_c11_20260813_134940.avi,124,c11_sim,Unknown #12,891,188,63,184
clip_c11_20260813_134940.avi,125,c11_sim,Unknown #12,891,188,63,184
clip_c11_20260813_134940.avi,126,c11_sim,Unknown #12,892,186,63,186
clip_c11_20260813_134940.avi,127,c11_sim,Unknown #12,893,185,64,187
clip_c11_20260813_134940.avi,128,c11_sim,Unknown #12,894,186,64,186
clip_c11_20260813_134940.avi,129,c11_sim,Unknown #12,895,187,63,185
clip_c11_20260813_134940.avi,130,c11_sim,Unknown #12,896,187,64,185
clip_c11_20260813_134940.avi,131,c11_sim,Unknown #12,898,187,62,183
clip_c11_20260813_134940.avi,132,c11_sim,Unknown #12,899,188,62,181
clip_c11_20260813_134940.avi,133,c11_sim,Unknown #12,900,188,60,179
clip_c11_20260813_134940.avi,134,c11_sim,Unknown #12,901,187,59,178
clip_c11_20260813_134940.avi,135,c11_sim,Unknown #12,902,185,58,176
clip_c11_20260813_134940.avi,136,c11_sim,Unknown #12,903,186,57,172
clip_c11_20260813_134940.avi,137,c11_sim,Unknown #12,904,185,56,171
clip_c11_20260813_134940.avi,138,c11_sim,Unknown #12,905,183,56,172
clip_c9_20260813_134952.avi,13,c9_sim,Unknown #12,847,42,54,155
clip_c9_20260813_134952.avi,14,c9_sim,Unknown #12,844,42,55,158
clip_c9_20260813_134952.avi,15,c9_sim,Unknown #12,843,44,55,158
clip_c9_20260813_134952.avi,16,c9_sim,Unknown #12,842,45,55,157
clip_c9_20260813_134952.avi,17,c9_sim,Unknown #12,841,47,55,156
clip_c9_20260813_134952.avi,18,c9_sim,Unknown #12,840,48,57,159
clip_c9_20260813_134952.avi,22,c9_sim,Unknown #12,841,51,56,156
clip_c9_20260813_134952.avi,23,c9_sim,Unknown #12,841,51,57,156
clip_c9_20260813_134952.avi,24,c9_sim,Unknown #12,842,51,57,157
clip_c9_20260813_134952.avi,25,c9_sim,Unknown #12,842,52,58,157
clip_c9_20260813_134952.avi,26,c9_sim,Unknown #12,842,51,57,157
clip_c9_20260813_134952.avi,27,c9_sim,Unknown #12,842,52,58,158
clip_c9_20260813_134952.avi,28,c9_sim,Unknown #12,842,53,58,158
clip_c9_20260813_134952.avi,29,c9_sim,Unknown #12,842,54,58,158
clip_c9_20260813_134952.avi,30,c9_sim,Unknown #12,842,55,59,160
clip_c9_20260813_134952.avi,31,c9_sim,Unknown #12,841,56,60,160
clip_c9_20260813_134952.avi,32,c9_sim,Unknown #12,839,57,60,163
clip_c9_20260813_134952.avi,33,c9_sim,Unknown #12,838,57,60,165
clip_c9_20260813_134952.avi,34,c9_sim,Unknown #12,837,58,61,164
clip_c9_20260813_134952.avi,35,c9_sim,Unknown #12,837,58,60,163
clip_c9_20260813_134952.avi,36,c9_sim,Unknown #12,837,59,60,164
clip_c9_20260813_134952.avi,37,c9_sim,Unknown #12,837,59,60,165
clip_c9_20260813_134952.avi,38,c9_sim,Unknown #12,837,60,61,165
clip_c9_20260813_134952.avi,39,c9_sim,Unknown #12,837,60,60,164
clip_c9_20260813_134952.avi,40,c9_sim,Unknown #12,837,60,60,166
clip_c9_20260813_134952.avi,41,c9_sim,Unknown #12,837,60,61,168
clip_c9_20260813_134952.avi,42,c9_sim,Unknown #12,838,60,61,170
clip_c9_20260813_134952.avi,43,c9_sim,Unknown #12,838,63,61,170
clip_c9_20260813_134952.avi,44,c9_sim,Unknown #12,837,65,62,173
clip_c9_20260813_134952.avi,45,c9_sim,Unknown #12,837,67,61,173
clip_c9_20260813_134952.avi,46,c9_sim,Unknown #12,836,68,61,175
clip_c9_20260813_134952.avi,47,c9_sim,Unknown #12,836,69,62,176
clip_c9_20260813_134952.avi,48,c9_sim,Unknown #12,836,70,61,175
clip_c9_20260813_134952.avi,49,c9_sim,Unknown #12,837,70,61,174
clip_c9_20260813_134952.avi,50,c9_sim,Unknown #12,837,70,61,174
clip_c9_20260813_134952.avi,51,c9_sim,Unknown #12,838,69,61,174
clip_c9_20260813_134952.avi,52,c9_sim,Unknown #12,840,70,61,173
clip_c9_20260813_134952.avi,53,c9_sim,Unknown #12,841,70,61,175
clip_c9_20260813_134952.avi,54,c9_sim,Unknown #12,840,70,63,179
clip_c9_20260813_134952.avi,55,c9_sim,Unknown #12,840,71,63,179
clip_c9_20260813_134952.avi,56,c9_sim,Unknown #12,839,72,64,182
clip_c9_20260813_134952.avi,57,c9_sim,Unknown #12,838,74,64,181
clip_c9_20260813_134952.avi,58,c9_sim,Unknown #12,837,74,65,183
clip_c9_20260813_134952.avi,59,c9_sim,Unknown #12,836,76,66,184
clip_c9_20260813_134952.avi,60,c9_sim,Unknown #12,836,77,66,186
clip_c9_20260813_134952.avi,61,c9_sim,Unknown #12,835,77,67,189
clip_c9_20260813_134952.avi,62,c9_sim,Unknown #12,836,77,66,187
clip_c9_20260813_134952.avi,63,c9_sim,Unknown #12,836,77,66,187
clip_c9_20260813_134952.avi,64,c9_sim,Unknown #12,836,77,66,188
clip_c9_20260813_134952.avi,65,c9_sim,Unknown #12,836,77,66,188
clip_c9_20260813_134952.avi,66,c9_sim,Unknown #12,836,78,66,188
clip_c9_20260813_134952.avi,67,c9_sim,Unknown #12,836,80,66,186
clip_c9_20260813_134952.avi,68,c9_sim,Unknown #12,836,81,67,188
clip_c9_20260813_134952.avi,69,c9_sim,Unknown #12,835,82,68,190
clip_c9_20260813_134952.avi,70,c9_sim,Unknown #12,835,83,68,191
clip_c9_20260813_134952.avi,71,c9_sim,Unknown #12,836,84,68,192
clip_c9_20260813_134952.avi,72,c9_sim,Unknown #12,838,85,68,194
clip_c9_20260813_134952.avi,73,c9_sim,Unknown #12,839,85,68,198
clip_c9_20260813_134952.avi,74,c9_sim,Unknown #12,840,85,69,203
clip_c9_20260813_134952.avi,75,c9_sim,Unknown #12,842,85,68,201
clip_c9_20260813_134952.avi,76,c9_sim,Unknown #12,843,85,70,205
clip_c9_20260813_134952.avi,77,c9_sim,Unknown #12,845,84,69,204
clip_c9_20260813_134952.avi,78,c9_sim,Unknown #12,847,84,68,204
clip_c9_20260813_134952.avi,79,c9_sim,Unknown #12,847,84,69,205
clip_c9_20260813_134952.avi,80,c9_sim,Unknown #12,846,85,73,214
clip_c9_20260813_134952.avi,81,c9_sim,Unknown #12,849,85,71,210
clip_c9_20260813_134952.avi,82,c9_sim,Unknown #12,849,86,73,216
clip_c9_20260813_134952.avi,83,c9_sim,Unknown #12,850,87,75,219
clip_c9_20260813_134952.avi,84,c9_sim,Unknown #12,852,88,74,220
clip_c9_20260813_134952.avi,85,c9_sim,Unknown #12,851,90,75,219
clip_c9_20260813_134952.avi,86,c9_sim,Unknown #12,851,91,76,220
clip_c9_20260813_134952.avi,87,c9_sim,Unknown #12,851,91,76,225
clip_c9_20260813_134952.avi,88,c9_sim,Unknown #12,851,92,77,227
clip_c9_20260813_134952.avi,89,c9_sim,Unknown #12,850,92,79,228
clip_c9_20260813_134952.avi,90,c9_sim,Unknown #12,851,92,78,229
clip_c9_20260813_134952.avi,91,c9_sim,Unknown #12,852,91,78,230
clip_c9_20260813_134952.avi,92,c9_sim,Unknown #12,853,92,78,227
clip_c9_20260813_134952.avi,93,c9_sim,Unknown #12,854,92,77,226
clip_c9_20260813_134952.avi,94,c9_sim,Unknown #12,854,92,77,225
clip_c9_20260813_134952.avi,95,c9_sim,Unknown #12,856,93,75,223
clip_c9_20260813_134952.avi,96,c9_sim,Unknown #12,857,94,75,222
clip_c9_20260813_134952.avi,97,c9_sim,Unknown #12,859,96,74,221
clip_c9_20260813_134952.avi,98,c9_sim,Unknown #12,859,98,74,220
clip_c9_20260813_134952.avi,99,c9_sim,Unknown #12,861,100,73,221
clip_c9_20260813_134952.avi,100,c9_sim,Unknown #12,861,102,73,220
clip_c9_20260813_134952.avi,101,c9_sim,Unknown #12,863,103,74,224
clip_c9_20260813_134952.avi,102,c9_sim,Unknown #12,863,103,75,230
clip_c9_20260813_134952.avi,103,c9_sim,Unknown #12,863,103,76,232
clip_c9_20260813_134952.avi,104,c9_sim,Unknown #12,865,103,74,228
clip_c9_20260813_134952.avi,105,c9_sim,Unknown #12,866,102,74,231
clip_c9_20260813_134952.avi,106,c9_sim,Unknown #12,867,102,75,238
clip_c9_20260813_134952.avi,107,c9_sim,Unknown #12,868,103,76,238
clip_c9_20260813_134952.avi,108,c9_sim,Unknown #12,871,103,75,235
clip_c9_20260813_134952.avi,109,c9_sim,Unknown #12,872,104,76,233
clip_c9_20260813_134952.avi,110,c9_sim,Unknown #12,872,105,78,235
clip_c9_20260813_134952.avi,111,c9_sim,Unknown #12,872,105,79,240
clip_c9_20260813_134952.avi,112,c9_sim,Unknown #12,870,106,82,246
clip_c9_20260813_134952.avi,113,c9_sim,Unknown #12,871,108,84,250
clip_c9_20260813_134952.avi,114,c9_sim,Unknown #12,871,111,85,252
clip_c9_20260813_134952.avi,115,c9_sim,Unknown #12,871,114,86,251
clip_c9_20260813_134952.avi,116,c9_sim,Unknown #12,871,116,87,252
clip_c9_20260813_134952.avi,117,c9_sim,Unknown #12,869,117,87,252
clip_c9_20260813_134952.avi,118,c9_sim,Unknown #12,866,117,89,252
clip_c9_20260813_134952.avi,119,c9_sim,Unknown #12,861,117,88,253
clip_c9_20260813_134952.avi,120,c9_sim,Unknown #12,859,117,88,252
clip_c9_20260813_134952.avi,121,c9_sim,Unknown #12,858,117,88,251
clip_c9_20260813_134952.avi,122,c9_sim,Unknown #12,857,117,87,251
clip_c9_20260813_134952.avi,123,c9_sim,Unknown #12,855,116,88,252
clip_c9_20260813_134952.avi,124,c9_sim,Unknown #12,854,118,89,253
clip_c9_20260813_134952.avi,125,c9_sim,Unknown #12,852,119,91,257
clip_c9_20260813_134952.avi,126,c9_sim,Unknown #12,851,122,93,262
clip_c9_20260813_134952.avi,127,c9_sim,Unknown #12,850,125,96,268
clip_c9_20260813_134952.avi,128,c9_sim,Unknown #12,849,127,96,271
clip_c9_20260813_134952.avi,129,c9_sim,Unknown #12,849,129,97,276
clip_c9_20260813_134952.avi,130,c9_sim,Unknown #12,847,129,98,279
clip_c9_20260813_134952.avi,131,c9_sim,Unknown #12,849,130,97,280
clip_c9_20260813_134952.avi,132,c9_sim,Unknown #12,849,131,97,280
clip_c9_20260813_134952.avi,133,c9_sim,Unknown #12,851,131,95,279
clip_c9_20260813_134952.avi,134,c9_sim,Unknown #12,852,131,95,279
clip_c9_20260813_134952.avi,135,c9_sim,Unknown #12,855,132,94,278
clip_c9_20260813_134952.avi,136,c9_sim,Unknown #12,857,133,94,276
clip_c9_20260813_134952.avi,137,c9_sim,Unknown #12,860,134,93,274
clip_c9_20260813_134952.avi,138,c9_sim,Unknown #12,860,135,95,276
clip_c9_20260813_134952.avi,139,c9_sim,Unknown #12,859,136,98,282
clip_c9_20260813_134952.avi,140,c9_sim,Unknown #12,858,138,102,292
clip_c9_20260813_134952.avi,141,c9_sim,Unknown #12,857,140,104,296
clip_c9_20260813_134952.avi,142,c9_sim,Unknown #12,855,142,106,301
clip_c9_20260813_134952.avi,143,c9_sim,Unknown #12,853,145,107,303
clip_c9_20260813_134952.avi,144,c9_sim,Unknown #12,851,149,109,303
clip_c9_20260813_134952.avi,145,c9_sim,Unknown #12,849,151,110,304
clip_c9_20260813_134952.avi,146,c9_sim,Unknown #12,845,151,112,306
clip_c9_20260813_134952.avi,147,c9_sim,Unknown #12,843,152,112,307
clip_c9_20260813_134952.avi,148,c9_sim,Unknown #12,840,152,113,307
clip_c9_20260813_134952.avi,149,c9_sim,Unknown #12,836,153,113,306
clip_c9_20260813_134952.avi,150,c9_sim,Unknown #12,836,154,112,304
clip_c9_20260813_134952.avi,151,c9_sim,Unknown #12,835,155,111,301
clip_c8_20260813_135011.avi,15,c8_sim,Unknown #13,976,348,134,420
clip_c8_20260813_135011.avi,16,c8_sim,Unknown #13,977,341,131,411
clip_c8_20260813_135011.avi,17,c8_sim,Unknown #13,981,329,127,401
clip_c8_20260813_135011.avi,18,c8_sim,Unknown #13,984,317,123,386
clip_c8_20260813_135011.avi,19,c8_sim,Unknown #13,988,307,119,372
clip_c8_20260813_135011.avi,20,c8_sim,Unknown #13,991,298,116,363
clip_c8_20260813_135011.avi,21,c8_sim,Unknown #13,991,293,117,360
clip_c8_20260813_135011.avi,22,c8_sim,Unknown #13,992,287,118,362
clip_c8_20260813_135011.avi,23,c8_sim,Unknown #13,992,281,122,369
clip_c8_20260813_135011.avi,24,c8_sim,Unknown #13,993,275,125,377
clip_c8_20260813_135011.avi,25,c8_sim,Unknown #13,992,271,127,379
clip_c8_20260813_135011.avi,26,c8_sim,Unknown #13,992,266,129,384
clip_c8_20260813_135011.avi,27,c8_sim,Unknown #13,991,259,131,393
clip_c8_20260813_135011.avi,28,c8_sim,Unknown #13,993,252,133,396
clip_c8_20260813_135011.avi,29,c8_sim,Unknown #13,997,246,131,386
clip_c8_20260813_135011.avi,30,c8_sim,Unknown #13,1004,238,128,375
clip_c8_20260813_135011.avi,31,c8_sim,Unknown #13,1011,229,126,370
clip_c8_20260813_135011.avi,32,c8_sim,Unknown #13,1017,220,123,355
clip_c8_20260813_135011.avi,33,c8_sim,Unknown #13,1021,212,123,343
clip_c8_20260813_135011.avi,34,c8_sim,Unknown #13,1024,205,124,343
clip_c8_20260813_135011.avi,35,c8_sim,Unknown #13,1024,200,128,344
clip_c8_20260813_135011.avi,36,c8_sim,Unknown #13,1024,195,131,348
clip_c8_20260813_135011.avi,37,c8_sim,Unknown #13,1026,189,135,354
clip_c8_20260813_135011.avi,38,c8_sim,Unknown #13,1029,187,137,357
clip_c8_20260813_135011.avi,39,c8_sim,Unknown #13,1031,183,139,360
clip_c8_20260813_135011.avi,40,c8_sim,Unknown #13,1032,178,142,365
clip_c8_20260813_135011.avi,41,c8_sim,Unknown #13,1033,173,143,368
clip_c8_20260813_135011.avi,42,c8_sim,Unknown #13,1035,167,144,371
clip_c8_20260813_135011.avi,43,c8_sim,Unknown #13,1036,160,143,369
clip_c8_20260813_135011.avi,44,c8_sim,Unknown #13,1039,154,140,361
clip_c8_20260813_135011.avi,45,c8_sim,Unknown #13,1043,150,135,349
clip_c8_20260813_135011.avi,46,c8_sim,Unknown #13,1053,143,116,291
clip_c8_20260813_135011.avi,47,c8_sim,Unknown #13,1057,139,110,270
clip_c8_20260813_135011.avi,48,c8_sim,Unknown #13,1057,134,111,268
clip_c8_20260813_135011.avi,49,c8_sim,Unknown #13,1059,130,112,270
clip_c8_20260813_135011.avi,50,c8_sim,Unknown #13,1060,127,115,272
clip_c8_20260813_135011.avi,51,c8_sim,Unknown #13,1062,123,116,275
clip_c8_20260813_135011.avi,52,c8_sim,Unknown #13,1064,119,118,279
clip_c8_20260813_135011.avi,53,c8_sim,Unknown #13,1066,115,119,283
clip_c8_20260813_135011.avi,54,c8_sim,Unknown #13,1068,112,120,287
clip_c8_20260813_135011.avi,55,c8_sim,Unknown #13,1070,108,121,292
clip_c8_20260813_135011.avi,56,c8_sim,Unknown #13,1072,104,121,292
clip_c8_20260813_135011.avi,57,c8_sim,Unknown #13,1076,98,120,295
clip_c8_20260813_135011.avi,58,c8_sim,Unknown #13,1080,93,118,288
clip_c8_20260813_135011.avi,59,c8_sim,Unknown #13,1082,88,119,293
clip_c8_20260813_135011.avi,60,c8_sim,Unknown #13,1084,85,119,293
clip_c8_20260813_135011.avi,61,c8_sim,Unknown #13,1084,80,121,294
clip_c8_20260813_135011.avi,62,c8_sim,Unknown #13,1084,76,122,297
clip_c8_20260813_135011.avi,63,c8_sim,Unknown #13,1085,71,123,303
clip_c8_20260813_135011.avi,64,c8_sim,Unknown #13,1086,66,125,308
clip_c8_20260813_135011.avi,65,c8_sim,Unknown #13,1087,63,125,312
clip_c8_20260813_135011.avi,66,c8_sim,Unknown #13,1087,63,124,313
clip_c8_20260813_135011.avi,67,c8_sim,Unknown #13,1088,61,124,312
clip_c8_20260813_135011.avi,68,c8_sim,Unknown #13,1090,58,121,309
clip_c8_20260813_135011.avi,69,c8_sim,Unknown #13,1090,55,119,305
clip_c8_20260813_135011.avi,70,c8_sim,Unknown #13,1090,51,116,302
clip_c8_20260813_135011.avi,71,c8_sim,Unknown #13,1090,46,113,297
clip_c8_20260813_135011.avi,72,c8_sim,Unknown #13,1092,42,109,287
clip_c8_20260813_135011.avi,73,c8_sim,Unknown #13,1094,39,104,274
clip_c8_20260813_135011.avi,74,c8_sim,Unknown #13,1098,21,103,273
clip_c8_20260813_135011.avi,75,c8_sim,Unknown #13,1103,13,96,255
clip_c8_20260813_135011.avi,76,c8_sim,Unknown #13,1104,8,97,257
clip_c8_20260813_135011.avi,77,c8_sim,Unknown #13,1106,5,95,251
clip_c8_20260813_135011.avi,78,c8_sim,Unknown #13,1106,2,95,248
clip_c8_20260813_135011.avi,79,c8_sim,Unknown #13,1107,0,94,246
clip_c8_20260813_135011.avi,80,c8_sim,Unknown #13,1107,-1,94,244
clip_c8_20260813_135011.avi,81,c8_sim,Unknown #13,1108,-1,93,244
clip_c8_20260813_135011.avi,82,c8_sim,Unknown #13,1108,-1,93,244
clip_c8_20260813_135011.avi,83,c8_sim,Unknown #13,1108,-1,94,244
clip_c8_20260813_135011.avi,84,c8_sim,Unknown #13,1106,-1,83,213
clip_c8_20260813_135011.avi,85,c8_sim,Unknown #13,1105,-1,79,202
clip_c8_20260813_135011.avi,86,c8_sim,Unknown #13,1106,-1,78,198
clip_c8_20260813_135011.avi,91,c8_sim,Unknown #13,1110,0,57,141
