source_clip,local_frame,camera,person_pred,x,y,w,h
clip_c8_20260617_150337.avi,0,c8_sim,Unknown #1,1607,81,77,230
clip_c8_20260617_150337.avi,1,c8_sim,Unknown #1,1606,77,78,231
clip_c8_20260617_150337.avi,2,c8_sim,Unknown #1,1605,80,78,232
clip_c8_20260617_150337.avi,3,c8_sim,Unknown #1,1601,80,81,241
clip_c8_20260617_150337.avi,4,c8_sim,Unknown #1,1585,89,83,251
clip_c8_20260617_150337.avi,5,c8_sim,Unknown #1,1577,97,82,249
clip_c8_20260617_150337.avi,6,c8_sim,Unknown #1,1567,101,82,246
clip_c8_20260617_150337.avi,7,c8_sim,Unknown #1,1553,106,81,241
clip_c8_20260617_150337.avi,8,c8_sim,Unknown #1,1539,108,84,240
clip_c8_20260617_150337.avi,9,c8_sim,Unknown #1,1533,109,87,242
clip_c8_20260617_150337.avi,10,c8_sim,Unknown #1,1519,107,89,245
clip_c8_20260617_150337.avi,11,c8_sim,Unknown #1,1510,110,93,252
clip_c8_20260617_150337.avi,12,c8_sim,Unknown #1,1494,123,98,266
clip_c8_20260617_150337.avi,13,c8_sim,Unknown #1,1481,132,99,271
clip_c8_20260617_150337.avi,14,c8_sim,Unknown #1,1469,134,100,273
clip_c8_20260617_150337.avi,15,c8_sim,Unknown #1,1449,140,102,270
clip_c8_20260617_150337.avi,16,c8_sim,Unknown #1,1435,145,103,267
clip_c8_20260617_150337.avi,17,c8_sim,Unknown #1,1427,148,103,264
clip_c8_20260617_150337.avi,18,c8_sim,Unknown #1,1418,151,103,261
clip_c8_20260617_150337.avi,19,c8_sim,Unknown #1,1415,153,102,257
clip_c8_20260617_150337.avi,20,c8_sim,Unknown #1,1403,160,98,249
clip_c8_20260617_150337.avi,21,c8_sim,Unknown #1,1393,172,94,236
clip_c8_20260617_150337.avi,22,c8_sim,Unknown #1,1386,181,92,227
clip_c8_20260617_150337.avi,23,c8_sim,Unknown #1,1377,189,90,218
clip_c8_20260617_150337.avi,24,c8_sim,Unknown #1,1368,194,90,212
clip_c8_20260617_150337.avi,25,c8_sim,Unknown #1,1355,198,92,208
clip_c8_20260617_150337.avi,26,c8_sim,Unknown #1,1346,202,93,205
clip_c8_20260617_150337.avi,27,c8_sim,Unknown #1,1307,215,125,275
clip_c8_20260617_150337.avi,28,c8_sim,Unknown #1,1290,222,138,304
clip_c8_20260617_150337.avi,29,c8_sim,Unknown #1,1277,231,139,312
clip_c8_20260617_150337.avi,30,c8_sim,Unknown #1,1269,239,136,311
clip_c8_20260617_150337.avi,31,c8_sim,Unknown #1,1253,252,142,329
clip_c8_20260617_150337.avi,32,c8_sim,Unknown #1,1239,267,147,346
clip_c8_20260617_150337.avi,33,c8_sim,Unknown #1,1229,280,147,349
clip_c8_20260617_150337.avi,34,c8_sim,Unknown #1,1222,290,144,345
clip_c8_20260617_150337.avi,35,c8_sim,Unknown #1,1215,298,140,339
clip_c8_20260617_150337.avi,36,c8_sim,Unknown #1,1202,306,136,329
clip_c8_20260617_150337.avi,37,c8_sim,Unknown #1,1174,322,140,334
clip_c8_20260617_150337.avi,38,c8_sim,Unknown #1,1157,331,144,338
clip_c8_20260617_150337.avi,39,c8_sim,Unknown #1,1146,337,147,340
clip_c8_20260617_150337.avi,40,c8_sim,Unknown #1,1115,358,144,331
clip_c8_20260617_150337.avi,41,c8_sim,Unknown #1,1091,376,143,331
clip_c8_20260617_150337.avi,42,c8_sim,Unknown #1,1076,435,136,313
clip_c8_20260617_150337.avi,43,c8_sim,Unknown #1,1058,456,137,317
clip_c8_20260617_150337.avi,44,c8_sim,Unknown #1,1043,463,138,319
clip_c8_20260617_150337.avi,45,c8_sim,Unknown #1,1026,467,139,319
clip_c8_20260617_150337.avi,46,c8_sim,Unknown #1,1002,468,140,322
clip_c8_20260617_150337.avi,47,c8_sim,Unknown #1,980,470,140,319
clip_c8_20260617_150337.avi,48,c8_sim,Unknown #1,968,472,143,325
clip_c8_20260617_150337.avi,49,c8_sim,Unknown #1,952,503,147,330
clip_c11_20260617_152852.avi,4,c11_sim,Unknown #1,803,159,44,120
clip_c11_20260617_152852.avi,5,c11_sim,Unknown #1,794,156,47,128
clip_c11_20260617_152852.avi,7,c11_sim,Unknown #1,794,160,46,127
clip_c11_20260617_152852.avi,10,c11_sim,Unknown #1,797,165,45,125
clip_c11_20260617_152852.avi,14,c11_sim,Unknown #1,799,168,47,129
clip_c11_20260617_152852.avi,15,c11_sim,Unknown #1,801,170,46,129
clip_c11_20260617_152852.avi,16,c11_sim,Unknown #1,801,170,46,130
clip_c11_20260617_152852.avi,17,c11_sim,Unknown #1,800,169,48,135
clip_c11_20260617_152852.avi,18,c11_sim,Unknown #1,802,170,48,136
clip_c11_20260617_152852.avi,19,c11_sim,Unknown #1,803,169,48,138
clip_c11_20260617_152852.avi,20,c11_sim,Unknown #1,806,170,48,137
clip_c11_20260617_152852.avi,21,c11_sim,Unknown #1,808,170,49,139
clip_c11_20260617_152852.avi,22,c11_sim,Unknown #1,808,170,50,141
clip_c11_20260617_152852.avi,23,c11_sim,Unknown #1,807,170,51,142
clip_c11_20260617_152852.avi,24,c11_sim,Unknown #1,807,172,51,141
clip_c11_20260617_152852.avi,26,c11_sim,Unknown #1,805,172,51,144
clip_c11_20260617_152852.avi,27,c11_sim,Unknown #1,803,172,51,145
clip_c11_20260617_152852.avi,28,c11_sim,Unknown #1,802,172,50,143
clip_c11_20260617_152852.avi,29,c11_sim,Unknown #1,801,170,52,148
clip_c11_20260617_152852.avi,30,c11_sim,Unknown #1,800,171,52,153
clip_c11_20260617_152852.avi,31,c11_sim,Unknown #1,803,173,53,154
clip_c11_20260617_152852.avi,32,c11_sim,Unknown #1,804,174,54,155
clip_c11_20260617_152852.avi,33,c11_sim,Unknown #1,803,174,54,155
clip_c11_20260617_152852.avi,34,c11_sim,Unknown #1,803,176,54,154
clip_c11_20260617_152852.avi,35,c11_sim,Unknown #1,801,179,53,155
clip_c11_20260617_152852.avi,36,c11_sim,Unknown #1,801,181,53,155
clip_c11_20260617_152852.avi,37,c11_sim,Unknown #1,798,180,55,157
clip_c11_20260617_152852.avi,38,c11_sim,Unknown #1,796,180,56,160
clip_c11_20260617_152852.avi,39,c11_sim,Unknown #1,796,182,56,160
clip_c11_20260617_152852.avi,40,c11_sim,Unknown #1,797,183,55,160
clip_c11_20260617_152852.avi,41,c11_sim,Unknown #1,799,184,56,160
clip_c11_20260617_152852.avi,42,c11_sim,Unknown #1,802,184,56,161
clip_c11_20260617_152852.avi,43,c11_sim,Unknown #1,803,183,57,164
clip_c11_20260617_152852.avi,44,c11_sim,Unknown #1,804,185,57,162
clip_c11_20260617_152852.avi,45,c11_sim,Unknown #1,807,186,59,166
clip_c11_20260617_152852.avi,46,c11_sim,Unknown #1,808,187,59,170
clip_c11_20260617_152852.avi,47,c11_sim,Unknown #1,808,188,60,172
clip_c11_20260617_152852.avi,48,c11_sim,Unknown #1,808,189,60,172
clip_c11_20260617_152852.avi,49,c11_sim,Unknown #1,807,187,61,175
clip_c11_20260617_152852.avi,50,c11_sim,Unknown #1,806,186,61,177
clip_c11_20260617_152852.avi,51,c11_sim,Unknown #1,808,189,61,177
clip_c11_20260617_152852.avi,52,c11_sim,Unknown #1,811,193,61,175
clip_c11_20260617_152852.avi,53,c11_sim,Unknown #1,813,193,63,179
clip_c11_20260617_152852.avi,54,c11_sim,Unknown #1,818,194,63,179
clip_c11_20260617_152852.avi,55,c11_sim,Unknown #1,820,196,63,178
clip_c11_20260617_152852.avi,56,c11_sim,Unknown #1,823,195,63,179
clip_c11_20260617_152852.avi,57,c11_sim,Unknown #1,824,194,64,180
clip_c11_20260617_152852.avi,58,c11_sim,Unknown #1,827,194,65,185
clip_c11_20260617_152852.avi,59,c11_sim,Unknown #1,828,197,66,185
clip_c11_20260617_152852.avi,60,c11_sim,Unknown #1,829,196,66,189
clip_c11_20260617_152852.avi,61,c11_sim,Unknown #1,828,197,67,192
clip_c11_20260617_152852.avi,62,c11_sim,Unknown #1,828,199,67,191
clip_c11_20260617_152852.avi,63,c11_sim,Unknown #1,830,193,68,198
clip_c11_20260617_152852.avi,65,c11_sim,Unknown #1,837,195,66,198
clip_c11_20260617_152852.avi,66,c11_sim,Unknown #1,841,195,67,200
clip_c11_20260617_152852.avi,67,c11_sim,Unknown #1,846,200,65,195
clip_c11_20260617_152852.avi,68,c11_sim,Unknown #1,850,202,65,194
clip_c11_20260617_152852.avi,69,c11_sim,Unknown #1,856,201,67,200
clip_c11_20260617_152852.avi,70,c11_sim,Unknown #1,860,204,69,204
clip_c11_20260617_152852.avi,71,c11_sim,Unknown #1,865,216,67,197
clip_c11_20260617_152852.avi,72,c11_sim,Unknown #1,866,215,68,199
clip_c11_20260617_152852.avi,73,c11_sim,Unknown #1,866,212,71,206
clip_c11_20260617_152852.avi,79,c11_sim,Unknown #1,885,217,75,218
clip_c11_20260617_152852.avi,80,c11_sim,Unknown #1,890,219,76,219
clip_c11_20260617_152852.avi,81,c11_sim,Unknown #1,893,219,76,220
clip_c11_20260617_152852.avi,82,c11_sim,Unknown #1,897,220,76,217
clip_c11_20260617_152852.avi,83,c11_sim,Unknown #1,902,225,80,226
clip_c11_20260617_152852.avi,84,c11_sim,Unknown #1,904,226,82,236
clip_c11_20260617_152852.avi,85,c11_sim,Unknown #1,906,227,82,239
clip_c11_20260617_152852.avi,86,c11_sim,Unknown #1,907,228,83,241
clip_c11_20260617_152852.avi,87,c11_sim,Unknown #1,908,229,83,241
clip_c11_20260617_152852.avi,88,c11_sim,Unknown #1,910,230,81,240
clip_c11_20260617_152852.avi,89,c11_sim,Unknown #1,911,231,81,240
clip_c11_20260617_152852.avi,90,c11_sim,Unknown #1,915,232,82,240
clip_c11_20260617_152852.avi,91,c11_sim,Unknown #1,917,237,84,242
clip_c11_20260617_152852.avi,92,c11_sim,Unknown #1,926,242,87,251
clip_c11_20260617_152852.avi,93,c11_sim,Unknown #1,922,248,91,259
clip_c11_20260617_152852.avi,94,c11_sim,Unknown #1,919,250,92,261
clip_c11_20260617_152852.avi,95,c11_sim,Unknown #1,918,250,95,267
clip_c11_20260617_152852.avi,96,c11_sim,Unknown #1,917,251,97,270
clip_c11_20260617_152852.avi,97,c11_sim,Unknown #1,918,254,99,278
clip_c11_20260617_152852.avi,98,c11_sim,Unknown #1,925,256,99,279
clip_c11_20260617_152852.avi,99,c11_sim,Unknown #1,929,257,98,276
clip_c11_20260617_152852.avi,100,c11_sim,Unknown #1,931,260,101,284
clip_c11_20260617_152852.avi,101,c11_sim,Unknown #1,934,264,102,290
clip_c11_20260617_152852.avi,102,c11_sim,Unknown #1,933,268,104,298
clip_c11_20260617_152852.avi,103,c11_sim,Unknown #1,929,270,104,303
clip_c11_20260617_152852.avi,104,c11_sim,Unknown #1,926,273,104,302
clip_c11_20260617_152852.avi,105,c11_sim,Unknown #1,925,274,103,301
clip_c11_20260617_152852.avi,106,c11_sim,Unknown #1,924,275,103,303
clip_c11_20260617_152852.avi,107,c11_sim,Unknown #1,924,279,106,312
clip_c11_20260617_152852.avi,108,c11_sim,Unknown #1,928,284,106,315
clip_c11_20260617_152852.avi,109,c11_sim,Unknown #1,934,286,104,306
clip_c11_20260617_152852.avi,110,c11_sim,Unknown #1,939,288,105,312
clip_c11_20260617_152852.avi,111,c11_sim,Unknown #1,945,291,109,319
clip_c11_20260617_152852.avi,112,c11_sim,Unknown #1,948,295,112,332
clip_c11_20260617_152852.avi,113,c11_sim,Unknown #1,950,298,113,337
clip_c11_20260617_152852.avi,114,c11_sim,Unknown #1,944,303,115,346
clip_c11_20260617_152852.avi,115,c11_sim,Unknown #1,942,307,111,334
clip_c11_20260617_152852.avi,116,c11_sim,Unknown #1,948,314,116,350
clip_c11_20260617_152852.avi,117,c11_sim,Unknown #1,953,320,119,358
clip_c11_20260617_152852.avi,118,c11_sim,Unknown #1,960,324,121,366
clip_c11_20260617_152852.avi,119,c11_sim,Unknown #1,969,326,122,365
clip_c11_20260617_152852.avi,120,c11_sim,Unknown #1,977,328,125,365
clip_c11_20260617_152852.avi,121,c11_sim,Unknown #1,985,329,126,363
clip_c11_20260617_152852.avi,122,c11_sim,Unknown #1,991,333,129,374
clip_c11_20260617_152852.avi,123,c11_sim,Unknown #1,994,336,130,376
clip_c11_20260617_152852.avi,124,c11_sim,Unknown #1,995,342,135,389
clip_c11_20260617_152852.avi,125,c11_sim,Unknown #1,997,344,137,396
clip_c11_20260617_152852.avi,126,c11_sim,Unknown #1,999,345,138,399
clip_c11_20260617_152852.avi,127,c11_sim,Unknown #1,1000,345,136,397
clip_c11_20260617_152852.avi,128,c11_sim,Unknown #1,1001,345,135,397
clip_c11_20260617_152852.avi,129,c11_sim,Unknown #1,1002,348,134,399
clip_c11_20260617_152852.avi,130,c11_sim,Unknown #1,1012,352,129,391
clip_c11_20260617_152852.avi,131,c11_sim,Unknown #1,1029,360,131,400
clip_c11_20260617_152852.avi,132,c11_sim,Unknown #1,1021,365,142,426
clip_c11_20260617_152852.avi,133,c11_sim,Unknown #1,1018,367,158,466
clip_c11_20260617_152852.avi,134,c11_sim,Unknown #1,1022,368,165,481
clip_c11_20260617_152852.avi,135,c11_sim,Unknown #1,1026,371,167,481
clip_c11_20260617_152852.avi,136,c11_sim,Unknown #1,1027,371,171,484
clip_c11_20260617_152852.avi,137,c11_sim,Unknown #1,1031,373,175,490
clip_c11_20260617_152852.avi,138,c11_sim,Unknown #1,1052,378,177,490
clip_c11_20260617_152852.avi,139,c11_sim,Unknown #1,1076,385,179,495
clip_c11_20260617_152852.avi,140,c11_sim,Unknown #1,1093,391,186,510
clip_c11_20260617_152852.avi,141,c11_sim,Unknown #1,1127,472,169,452
clip_c11_20260617_152852.avi,142,c11_sim,Unknown #1,1149,506,166,431
clip_c11_20260617_152852.avi,143,c11_sim,Unknown #1,1168,520,164,421
clip_c11_20260617_152852.avi,144,c11_sim,Unknown #1,1209,530,158,406
clip_c11_20260617_152852.avi,145,c11_sim,Unknown #1,1232,541,157,397
clip_c11_20260617_152852.avi,146,c11_sim,Unknown #1,1249,549,158,390
clip_c11_20260617_152852.avi,147,c11_sim,Unknown #1,1262,552,162,384
clip_c11_20260617_152852.avi,148,c11_sim,Unknown #1,1285,551,168,388
clip_c11_20260617_152852.avi,149,c11_sim,Unknown #1,1307,553,169,384
clip_c11_20260617_152852.avi,150,c11_sim,Unknown #1,1339,559,179,403
clip_c11_20260617_152852.avi,151,c11_sim,Unknown #1,1352,567,180,405
clip_c11_20260617_152852.avi,152,c11_sim,Unknown #1,1363,580,179,394
clip_c11_20260617_152852.avi,153,c11_sim,Unknown #1,1377,582,186,398
clip_c11_20260617_152852.avi,154,c11_sim,Unknown #1,1404,588,186,391
clip_c11_20260617_152852.avi,155,c11_sim,Unknown #1,1436,593,184,384
clip_c11_20260617_152852.avi,156,c11_sim,Unknown #1,1452,598,183,377
clip_c11_20260617_152852.avi,157,c11_sim,Unknown #1,1466,604,187,371
clip_c11_20260617_152852.avi,158,c11_sim,Unknown #1,1491,605,184,357
clip_c11_20260617_152852.avi,159,c11_sim,Unknown #1,1514,605,192,367
clip_c11_20260617_152852.avi,160,c11_sim,Unknown #1,1528,604,196,372
clip_c11_20260617_152852.avi,161,c11_sim,Unknown #1,1542,605,197,376
clip_c11_20260617_152852.avi,162,c11_sim,Unknown #1,1558,618,191,354
clip_c11_20260617_152852.avi,163,c11_sim,Unknown #1,1568,629,190,341
clip_c11_20260617_152852.avi,164,c11_sim,Unknown #1,1578,636,192,334
clip_c11_20260617_152852.avi,165,c11_sim,Unknown #1,1599,644,195,331
clip_c11_20260617_152852.avi,166,c11_sim,Unknown #1,1633,649,213,364
clip_c11_20260617_152852.avi,167,c11_sim,Unknown #1,1646,654,220,376
clip_c11_20260617_152852.avi,171,c11_sim,Unknown #1,1684,647,243,420
clip_c11_20260617_152852.avi,172,c11_sim,Unknown #1,1689,646,242,422
clip_c11_20260617_152852.avi,68,c11_sim,Unknown #1,774,236,49,162
clip_c11_20260617_152852.avi,70,c11_sim,Unknown #1,779,222,57,189
clip_c11_20260617_152852.avi,71,c11_sim,Unknown #1,782,231,56,185
clip_c11_20260617_152852.avi,72,c11_sim,Unknown #1,779,227,58,190
clip_c11_20260617_152852.avi,73,c11_sim,Unknown #1,777,225,59,192
clip_c11_20260617_152852.avi,74,c11_sim,Unknown #1,774,225,59,193
clip_c11_20260617_152852.avi,75,c11_sim,Unknown #1,773,228,60,195
clip_c11_20260617_152852.avi,76,c11_sim,Unknown #1,774,235,58,192
clip_c11_20260617_152852.avi,77,c11_sim,Unknown #1,774,238,60,196
clip_c11_20260617_152852.avi,78,c11_sim,Unknown #1,777,235,61,199
clip_c11_20260617_152852.avi,79,c11_sim,Unknown #1,779,238,61,197
clip_c11_20260617_152852.avi,80,c11_sim,Unknown #1,778,241,62,195
clip_c11_20260617_152852.avi,81,c11_sim,Unknown #1,778,240,63,199
clip_c11_20260617_152852.avi,82,c11_sim,Unknown #1,777,241,65,201
clip_c11_20260617_152852.avi,83,c11_sim,Unknown #1,780,245,68,204
clip_c11_20260617_152852.avi,84,c11_sim,Unknown #1,781,249,70,214
clip_c11_20260617_152852.avi,85,c11_sim,Unknown #1,780,252,72,219
clip_c11_20260617_152852.avi,86,c11_sim,Unknown #1,776,255,73,220
clip_c11_20260617_152852.avi,87,c11_sim,Unknown #1,774,256,74,219
clip_c11_20260617_152852.avi,88,c11_sim,Unknown #1,772,258,74,216
clip_c11_20260617_152852.avi,89,c11_sim,Unknown #1,771,258,76,218
clip_c11_20260617_152852.avi,90,c11_sim,Unknown #1,770,259,77,217
clip_c11_20260617_152852.avi,91,c11_sim,Unknown #1,769,260,80,220
clip_c11_20260617_152852.avi,92,c11_sim,Unknown #1,783,265,84,228
clip_c11_20260617_152852.avi,93,c11_sim,Unknown #1,783,273,90,242
clip_c11_20260617_152852.avi,94,c11_sim,Unknown #1,782,276,92,248
clip_c11_20260617_152852.avi,95,c11_sim,Unknown #1,780,279,91,246
clip_c11_20260617_152852.avi,96,c11_sim,Unknown #1,779,280,91,246
clip_c11_20260617_152852.avi,97,c11_sim,Unknown #1,783,286,93,251
clip_c11_20260617_152852.avi,98,c11_sim,Unknown #1,793,289,93,253
clip_c11_20260617_152852.avi,99,c11_sim,Unknown #1,798,291,93,250
clip_c11_20260617_152852.avi,100,c11_sim,Unknown #1,794,295,99,262
clip_c11_20260617_152852.avi,101,c11_sim,Unknown #1,790,300,101,269
clip_c11_20260617_152852.avi,102,c11_sim,Unknown #1,786,305,101,267
clip_c11_20260617_152852.avi,103,c11_sim,Unknown #1,784,308,101,269
clip_c11_20260617_152852.avi,104,c11_sim,Unknown #1,781,310,103,273
clip_c11_20260617_152852.avi,105,c11_sim,Unknown #1,781,313,104,283
clip_c11_20260617_152852.avi,106,c11_sim,Unknown #1,781,315,104,286
clip_c11_20260617_152852.avi,107,c11_sim,Unknown #1,787,319,103,287
clip_c11_20260617_152852.avi,108,c11_sim,Unknown #1,791,321,103,292
clip_c11_20260617_152852.avi,109,c11_sim,Unknown #1,795,323,101,293
clip_c11_20260617_152852.avi,110,c11_sim,Unknown #1,795,325,102,299
clip_c11_20260617_152852.avi,111,c11_sim,Unknown #1,790,334,105,311
clip_c11_20260617_152852.avi,112,c11_sim,Unknown #1,788,339,104,309
clip_c11_20260617_152852.avi,113,c11_sim,Unknown #1,787,341,104,312
clip_c11_20260617_152852.avi,114,c11_sim,Unknown #1,796,349,109,322
clip_c11_20260617_152852.avi,115,c11_sim,Unknown #1,802,355,109,323
clip_c11_20260617_152852.avi,116,c11_sim,Unknown #1,821,362,111,326
clip_c11_20260617_152852.avi,117,c11_sim,Unknown #1,831,368,115,341
clip_c11_20260617_152852.avi,118,c11_sim,Unknown #1,838,376,119,353
clip_c11_20260617_152852.avi,119,c11_sim,Unknown #1,841,383,123,366
clip_c11_20260617_152852.avi,120,c11_sim,Unknown #1,843,386,124,372
clip_c11_20260617_152852.avi,121,c11_sim,Unknown #1,847,390,124,368
clip_c11_20260617_152852.avi,122,c11_sim,Unknown #1,852,394,123,365
clip_c11_20260617_152852.avi,123,c11_sim,Unknown #1,858,398,124,367
clip_c11_20260617_152852.avi,124,c11_sim,Unknown #1,870,407,123,362
clip_c11_20260617_152852.avi,125,c11_sim,Unknown #1,880,413,128,373
clip_c11_20260617_152852.avi,126,c11_sim,Unknown #1,886,416,131,377
clip_c11_20260617_152852.avi,127,c11_sim,Unknown #1,892,418,133,374
clip_c11_20260617_152852.avi,128,c11_sim,Unknown #1,895,419,135,377
clip_c11_20260617_152852.avi,129,c11_sim,Unknown #1,901,419,138,378
clip_c11_20260617_152852.avi,130,c11_sim,Unknown #1,918,427,136,386
clip_c11_20260617_152852.avi,131,c11_sim,Unknown #1,951,447,137,388
clip_c11_20260617_152852.avi,142,c11_sim,Unknown #1,1109,404,145,418
clip_c11_20260617_152852.avi,143,c11_sim,Unknown #1,1113,403,148,429
clip_c11_20260617_152852.avi,144,c11_sim,Unknown #1,1127,408,144,416
clip_c11_20260617_152852.avi,145,c11_sim,Unknown #1,1137,414,143,414
clip_c11_20260617_152852.avi,146,c11_sim,Unknown #1,1145,421,144,412
clip_c11_20260617_152852.avi,147,c11_sim,Unknown #1,1150,426,152,428
clip_c11_20260617_152852.avi,148,c11_sim,Unknown #1,1160,429,158,426
clip_c11_20260617_152852.avi,149,c11_sim,Unknown #1,1169,431,163,425
clip_c11_20260617_152852.avi,150,c11_sim,Unknown #1,1183,437,169,426
clip_c11_20260617_152852.avi,151,c11_sim,Unknown #1,1197,442,175,440
clip_c11_20260617_152852.avi,152,c11_sim,Unknown #1,1210,447,185,460
clip_c11_20260617_152852.avi,153,c11_sim,Unknown #1,1219,456,192,479
clip_c11_20260617_152852.avi,154,c11_sim,Unknown #1,1226,468,193,481
clip_c11_20260617_152852.avi,155,c11_sim,Unknown #1,1236,477,193,476
clip_c11_20260617_152852.avi,156,c11_sim,Unknown #1,1244,483,193,474
clip_c11_20260617_152852.avi,157,c11_sim,Unknown #1,1252,495,193,467
clip_c11_20260617_152852.avi,158,c11_sim,Unknown #1,1253,507,196,470
clip_c11_20260617_152852.avi,159,c11_sim,Unknown #1,1257,517,202,477
clip_c11_20260617_152852.avi,160,c11_sim,Unknown #1,1258,523,207,478
clip_c11_20260617_152852.avi,161,c11_sim,Unknown #1,1257,530,214,485
clip_c11_20260617_152852.avi,162,c11_sim,Unknown #1,1278,538,220,485
clip_c11_20260617_152852.avi,163,c11_sim,Unknown #1,1298,576,210,448
clip_c11_20260617_152852.avi,164,c11_sim,Unknown #1,1313,587,213,439
clip_c11_20260617_152852.avi,165,c11_sim,Unknown #1,1325,570,235,479
clip_c11_20260617_152852.avi,166,c11_sim,Unknown #1,1351,584,242,483
clip_c11_20260617_152852.avi,167,c11_sim,Unknown #1,1371,593,247,484
clip_c11_20260617_152852.avi,168,c11_sim,Unknown #1,1382,598,250,482
clip_c11_20260617_152852.avi,169,c11_sim,Unknown #1,1399,601,251,479
clip_c11_20260617_152852.avi,170,c11_sim,Unknown #1,1418,609,253,471
clip_c11_20260617_152852.avi,171,c11_sim,Unknown #1,1426,616,256,464
clip_c11_20260617_152852.avi,172,c11_sim,Unknown #1,1438,615,265,464
clip_c11_20260617_152852.avi,173,c11_sim,Unknown #1,1463,610,270,465
clip_c11_20260617_152852.avi,174,c11_sim,Unknown #1,1485,607,272,469
clip_c11_20260617_152852.avi,175,c11_sim,Unknown #1,1509,606,268,461
clip_c11_20260617_152852.avi,176,c11_sim,Unknown #1,1517,607,267,458
clip_c11_20260617_152852.avi,177,c11_sim,Unknown #1,1523,612,266,455
clip_c11_20260617_152852.avi,178,c11_sim,Unknown #1,1534,623,264,445
clip_c11_20260617_152852.avi,179,c11_sim,Unknown #1,1546,628,265,436
clip_c11_20260617_152852.avi,180,c11_sim,Unknown #1,1558,632,269,432
clip_c11_20260617_152852.avi,181,c11_sim,Unknown #1,1572,636,272,431
clip_c11_20260617_152852.avi,182,c11_sim,Unknown #1,1593,641,276,427
clip_c11_20260617_152852.avi,183,c11_sim,Unknown #1,1598,643,281,426
clip_c11_20260617_152852.avi,184,c11_sim,Unknown #1,1596,643,286,426
clip_c11_20260617_152852.avi,185,c11_sim,Unknown #1,1594,643,291,426
clip_c11_20260617_152852.avi,186,c11_sim,Unknown #1,1593,643,296,427
clip_c11_20260617_152852.avi,187,c11_sim,Unknown #1,1590,644,299,426
clip_c11_20260617_152852.avi,188,c11_sim,Unknown #1,1582,646,300,424
clip_c11_20260617_152852.avi,189,c11_sim,Unknown #1,1587,644,306,427
clip_c11_20260617_152852.avi,190,c11_sim,Unknown #1,1582,642,309,429
clip_c11_20260617_152852.avi,191,c11_sim,Unknown #1,1584,641,313,429
clip_c11_20260617_152852.avi,192,c11_sim,Unknown #1,1595,653,307,416
clip_c11_20260617_152852.avi,193,c11_sim,Unknown #1,1598,652,291,389
clip_c11_20260617_152852.avi,194,c11_sim,Unknown #1,1600,659,281,371
clip_c11_20260617_152852.avi,195,c11_sim,Unknown #1,1603,664,280,363
clip_c11_20260617_152852.avi,196,c11_sim,Unknown #1,1606,666,282,360
clip_c11_20260617_152852.avi,197,c11_sim,Unknown #1,1606,667,285,358
clip_c11_20260617_152852.avi,198,c11_sim,Unknown #1,1605,670,287,355
clip_c11_20260617_152852.avi,199,c11_sim,Unknown #1,1604,672,291,353
clip_c11_20260617_152852.avi,200,c11_sim,Unknown #1,1601,675,293,351
clip_c11_20260617_152852.avi,201,c11_sim,Unknown #1,1601,677,296,350
clip_c11_20260617_152852.avi,202,c11_sim,Unknown #1,1597,678,298,349
clip_c11_20260617_152852.avi,203,c11_sim,Unknown #1,1595,678,302,349
clip_c11_20260617_152852.avi,204,c11_sim,Unknown #1,1594,676,306,351
clip_c11_20260617_152852.avi,205,c11_sim,Unknown #1,1593,675,309,352
clip_c11_20260617_152852.avi,206,c11_sim,Unknown #1,1592,675,312,352
clip_c11_20260617_152852.avi,207,c11_sim,Unknown #1,1595,680,310,347
clip_c11_20260617_152852.avi,208,c11_sim,Unknown #1,1594,684,311,345
clip_c11_20260617_152852.avi,209,c11_sim,Unknown #1,1594,687,310,342
clip_c11_20260617_152852.avi,210,c11_sim,Unknown #1,1594,689,312,340
clip_c11_20260617_152852.avi,211,c11_sim,Unknown #1,1592,689,314,340
clip_c11_20260617_152852.avi,212,c11_sim,Unknown #1,1592,691,315,339
clip_c11_20260617_152852.avi,213,c11_sim,Unknown #1,1590,691,318,340
clip_c11_20260617_152852.avi,214,c11_sim,Unknown #1,1587,688,322,343
clip_c11_20260617_152852.avi,215,c11_sim,Unknown #1,1586,687,324,344
clip_c11_20260617_152852.avi,216,c11_sim,Unknown #1,1586,686,325,345
clip_c11_20260617_152852.avi,217,c11_sim,Unknown #1,1584,685,329,347
clip_c11_20260617_152852.avi,218,c11_sim,Unknown #1,1585,685,328,346
clip_c11_20260617_152852.avi,219,c11_sim,Unknown #1,1586,689,325,341
clip_c11_20260617_152852.avi,220,c11_sim,Unknown #1,1584,692,321,336
clip_c11_20260617_152852.avi,221,c11_sim,Unknown #1,1586,697,317,331
clip_c11_20260617_152852.avi,222,c11_sim,Unknown #1,1587,699,317,328
clip_c11_20260617_152852.avi,223,c11_sim,Unknown #1,1587,701,316,327
clip_c11_20260617_152852.avi,224,c11_sim,Unknown #1,1583,701,316,327
clip_c11_20260617_152852.avi,225,c11_sim,Unknown #1,1583,702,316,326
clip_c11_20260617_152852.avi,226,c11_sim,Unknown #1,1583,702,316,326
clip_c11_20260617_152852.avi,227,c11_sim,Unknown #1,1579,699,318,329
clip_c11_20260617_152852.avi,228,c11_sim,Unknown #1,1580,687,329,341
clip_c11_20260617_152852.avi,229,c11_sim,Unknown #1,1575,678,338,351
clip_c11_20260617_152852.avi,230,c11_sim,Unknown #1,1575,671,345,360
clip_c11_20260617_152852.avi,231,c11_sim,Unknown #1,1573,667,352,369
clip_c11_20260617_152852.avi,232,c11_sim,Unknown #1,1571,665,356,376
clip_c11_20260617_152852.avi,233,c11_sim,Unknown #1,1572,665,355,376
clip_c11_20260617_152852.avi,234,c11_sim,Unknown #1,1573,660,362,388
clip_c11_20260617_152852.avi,235,c11_sim,Unknown #1,1553,658,359,398
clip_c11_20260617_152852.avi,236,c11_sim,Unknown #1,1547,660,357,405
clip_c11_20260617_152852.avi,237,c11_sim,Unknown #1,1549,662,349,408
clip_c11_20260617_152852.avi,238,c11_sim,Unknown #1,1553,665,339,405
clip_c11_20260617_152852.avi,239,c11_sim,Unknown #1,1559,667,326,396
clip_c11_20260617_152852.avi,240,c11_sim,Unknown #1,1564,666,317,393
clip_c11_20260617_152852.avi,241,c11_sim,Unknown #1,1567,666,312,393
clip_c11_20260617_152852.avi,242,c11_sim,Unknown #1,1569,666,305,389
clip_c11_20260617_152852.avi,243,c11_sim,Unknown #1,1565,666,306,398
clip_c11_20260617_152852.avi,244,c11_sim,Unknown #1,1564,670,304,404
clip_c11_20260617_152852.avi,245,c11_sim,Unknown #1,1569,675,299,403
clip_c11_20260617_152852.avi,246,c11_sim,Unknown #1,1577,684,286,390
clip_c11_20260617_152852.avi,247,c11_sim,Unknown #1,1582,690,279,381
clip_c11_20260617_152852.avi,248,c11_sim,Unknown #1,1588,701,268,367
clip_c11_20260617_152852.avi,249,c11_sim,Unknown #1,1588,706,269,369
clip_c11_20260617_152852.avi,250,c11_sim,Unknown #1,1591,708,265,364
clip_c11_20260617_152852.avi,256,c11_sim,Unknown #1,1585,731,251,340
clip_c11_20260617_152852.avi,257,c11_sim,Unknown #1,1577,744,244,324
clip_c11_20260617_152852.avi,258,c11_sim,Unknown #1,1570,751,240,315
clip_c11_20260617_152852.avi,259,c11_sim,Unknown #1,1560,778,220,287
clip_c11_20260617_152852.avi,260,c11_sim,Unknown #1,1554,785,214,279
clip_c11_20260617_152852.avi,261,c11_sim,Unknown #1,1551,792,209,272
clip_c11_20260617_152852.avi,262,c11_sim,Unknown #1,1551,796,209,270
clip_c11_20260617_152852.avi,263,c11_sim,Unknown #1,1551,796,209,270
clip_c11_20260617_152852.avi,264,c11_sim,Unknown #1,1550,796,212,273
clip_c11_20260617_152852.avi,265,c11_sim,Unknown #1,1554,791,215,276
clip_c11_20260617_152852.avi,266,c11_sim,Unknown #1,1558,777,226,288
clip_c11_20260617_152852.avi,267,c11_sim,Unknown #1,1562,752,248,312
clip_c11_20260617_152852.avi,268,c11_sim,Unknown #1,1562,734,262,330
clip_c11_20260617_152852.avi,269,c11_sim,Unknown #1,1571,674,284,357
clip_c11_20260617_152852.avi,270,c11_sim,Unknown #1,1577,641,320,408
clip_c11_20260617_152852.avi,271,c11_sim,Unknown #1,1593,620,341,443
clip_c11_20260617_152852.avi,272,c11_sim,Unknown #1,1605,617,340,449
clip_c11_20260617_152852.avi,273,c11_sim,Unknown #1,1611,615,337,454
clip_c11_20260618_154736.avi,1,c11_sim,Unknown #1,97,768,283,310
clip_c11_20260618_154736.avi,2,c11_sim,Unknown #1,96,768,282,310
clip_c11_20260618_154736.avi,3,c11_sim,Unknown #1,96,768,282,310
clip_c11_20260618_154736.avi,4,c11_sim,Unknown #1,96,769,282,309
clip_c11_20260618_154736.avi,5,c11_sim,Unknown #1,96,769,282,309
clip_c11_20260618_154736.avi,6,c11_sim,Unknown #1,96,769,282,309
clip_c11_20260618_154736.avi,7,c11_sim,Unknown #1,96,769,281,309
clip_c11_20260618_154736.avi,8,c11_sim,Unknown #1,96,769,282,309
clip_c11_20260618_154736.avi,9,c11_sim,Unknown #1,96,769,282,309
clip_c11_20260618_154736.avi,10,c11_sim,Unknown #1,97,769,281,309
clip_c11_20260618_154736.avi,11,c11_sim,Unknown #1,97,769,281,308
clip_c11_20260618_154736.avi,12,c11_sim,Unknown #1,98,770,280,307
clip_c11_20260618_154736.avi,13,c11_sim,Unknown #1,97,769,281,308
clip_c11_20260618_154736.avi,14,c11_sim,Unknown #1,98,769,280,308
clip_c11_20260618_154736.avi,15,c11_sim,Unknown #1,97,769,281,309
clip_c11_20260618_154736.avi,16,c11_sim,Unknown #1,98,769,280,309
clip_c11_20260618_154736.avi,17,c11_sim,Unknown #1,98,768,281,310
clip_c11_20260618_154736.avi,18,c11_sim,Unknown #1,98,768,281,310
clip_c11_20260618_154736.avi,19,c11_sim,Unknown #1,98,768,281,310
clip_c11_20260618_154736.avi,20,c11_sim,Unknown #1,98,768,281,310
clip_c11_20260618_154736.avi,21,c11_sim,Unknown #1,98,768,280,310
clip_c11_20260618_154736.avi,22,c11_sim,Unknown #1,98,768,280,310
clip_c11_20260618_154736.avi,23,c11_sim,Unknown #1,98,768,280,310
clip_c11_20260618_154736.avi,24,c11_sim,Unknown #1,98,768,280,310
clip_c11_20260618_154736.avi,25,c11_sim,Unknown #1,99,768,279,310
clip_c11_20260618_154736.avi,26,c11_sim,Unknown #1,99,768,279,310
clip_c11_20260618_154736.avi,27,c11_sim,Unknown #1,99,768,280,310
clip_c11_20260618_154736.avi,28,c11_sim,Unknown #1,99,767,279,311
clip_c11_20260618_154736.avi,29,c11_sim,Unknown #1,98,767,280,311
clip_c11_20260618_154736.avi,30,c11_sim,Unknown #1,98,767,280,311
clip_c11_20260618_154736.avi,31,c11_sim,Unknown #1,99,767,279,311
clip_c11_20260618_154736.avi,32,c11_sim,Unknown #1,99,768,279,310
clip_c11_20260618_154736.avi,33,c11_sim,Unknown #1,99,768,279,310
clip_c11_20260618_154736.avi,34,c11_sim,Unknown #1,99,768,280,310
clip_c11_20260618_154736.avi,35,c11_sim,Unknown #1,100,768,279,310
clip_c11_20260618_154736.avi,36,c11_sim,Unknown #1,100,768,280,311
clip_c11_20260618_154736.avi,37,c11_sim,Unknown #1,99,768,281,311
clip_c11_20260618_154736.avi,38,c11_sim,Unknown #1,99,768,280,310
clip_c11_20260618_154736.avi,39,c11_sim,Unknown #1,98,767,281,311
clip_c11_20260618_154736.avi,40,c11_sim,Unknown #1,98,766,280,312
clip_c11_20260618_154736.avi,41,c11_sim,Unknown #1,98,766,281,312
clip_c11_20260618_154736.avi,42,c11_sim,Unknown #1,97,766,281,312
clip_c11_20260618_154736.avi,43,c11_sim,Unknown #1,98,766,281,312
clip_c11_20260618_154736.avi,44,c11_sim,Unknown #1,98,766,281,312
clip_c11_20260618_154736.avi,45,c11_sim,Unknown #1,98,766,281,312
clip_c11_20260618_154736.avi,46,c11_sim,Unknown #1,98,767,280,311
clip_c11_20260618_154736.avi,47,c11_sim,Unknown #1,98,766,280,311
clip_c11_20260618_154736.avi,48,c11_sim,Unknown #1,98,766,281,311
clip_c11_20260618_154736.avi,49,c11_sim,Unknown #1,101,766,282,311
clip_c11_20260618_154736.avi,50,c11_sim,Unknown #1,105,762,282,313
clip_c11_20260618_154736.avi,51,c11_sim,Unknown #1,105,760,284,316
clip_c11_20260618_154736.avi,52,c11_sim,Unknown #1,105,747,292,327
clip_c11_20260618_154736.avi,53,c11_sim,Unknown #1,109,737,300,339
clip_c11_20260618_154736.avi,54,c11_sim,Unknown #1,111,732,302,344
clip_c11_20260618_154736.avi,55,c11_sim,Unknown #1,115,730,301,346
clip_c11_20260618_154736.avi,56,c11_sim,Unknown #1,122,731,300,343
clip_c11_20260618_154736.avi,57,c11_sim,Unknown #1,126,731,301,345
clip_c11_20260618_154736.avi,58,c11_sim,Unknown #1,126,732,302,345
clip_c11_20260618_154736.avi,59,c11_sim,Unknown #1,127,731,301,346
clip_c11_20260618_154736.avi,60,c11_sim,Unknown #1,129,740,294,337
clip_c11_20260618_154736.avi,61,c11_sim,Unknown #1,129,744,289,333
clip_c11_20260618_154736.avi,62,c11_sim,Unknown #1,130,746,288,331
clip_c11_20260618_154736.avi,63,c11_sim,Unknown #1,131,742,291,335
clip_c11_20260618_154736.avi,64,c11_sim,Unknown #1,131,738,295,339
clip_c11_20260618_154736.avi,65,c11_sim,Unknown #1,131,735,296,339
clip_c11_20260618_154736.avi,66,c11_sim,Unknown #1,127,725,306,350
clip_c11_20260618_154736.avi,67,c11_sim,Unknown #1,167,708,310,365
clip_c11_20260618_154736.avi,68,c11_sim,Unknown #1,190,696,313,377
clip_c11_20260618_154736.avi,69,c11_sim,Unknown #1,205,685,312,388
clip_c11_20260618_154736.avi,70,c11_sim,Unknown #1,213,675,312,399
clip_c11_20260618_154736.avi,71,c11_sim,Unknown #1,219,665,311,409
clip_c11_20260618_154736.avi,72,c11_sim,Unknown #1,226,656,308,419
clip_c11_20260618_154736.avi,74,c11_sim,Unknown #1,231,623,318,448
clip_c11_20260618_154736.avi,78,c11_sim,Unknown #1,273,579,337,489
clip_c11_20260618_154736.avi,79,c11_sim,Unknown #1,303,548,338,510
clip_c11_20260618_154736.avi,80,c11_sim,Unknown #1,334,527,315,494
clip_c11_20260618_154736.avi,81,c11_sim,Unknown #1,355,515,298,487
clip_c11_20260618_154736.avi,82,c11_sim,Unknown #1,369,506,287,489
clip_c11_20260618_154736.avi,83,c11_sim,Unknown #1,381,497,278,495
clip_c11_20260618_154736.avi,84,c11_sim,Unknown #1,388,491,270,499
clip_c11_20260618_154736.avi,85,c11_sim,Unknown #1,415,463,246,468
clip_c11_20260618_154736.avi,86,c11_sim,Unknown #1,437,447,233,452
clip_c11_20260618_154736.avi,87,c11_sim,Unknown #1,453,437,226,447
clip_c11_20260618_154736.avi,88,c11_sim,Unknown #1,467,431,219,442
clip_c11_20260618_154736.avi,89,c11_sim,Unknown #1,477,426,214,447
clip_c11_20260618_154736.avi,90,c11_sim,Unknown #1,486,423,206,446
clip_c11_20260618_154736.avi,91,c11_sim,Unknown #1,519,403,188,419
clip_c11_20260618_154736.avi,92,c11_sim,Unknown #1,541,394,178,411
clip_c12_20260617_152841.avi,4,c12_sim,Unknown #1,0,467,71,214
clip_c12_20260617_152841.avi,5,c12_sim,Unknown #1,-3,476,67,206
clip_c12_20260617_152841.avi,7,c12_sim,Unknown #1,-5,489,65,200
clip_c12_20260617_152841.avi,8,c12_sim,Unknown #1,10,440,78,235
clip_c12_20260617_152841.avi,9,c12_sim,Unknown #1,14,427,80,236
clip_c12_20260617_152841.avi,10,c12_sim,Unknown #1,15,426,80,235
clip_c12_20260617_152841.avi,11,c12_sim,Unknown #1,16,427,80,232
clip_c12_20260617_152841.avi,12,c12_sim,Unknown #1,20,427,80,234
clip_c12_20260617_152841.avi,13,c12_sim,Unknown #1,23,430,79,232
clip_c12_20260617_152841.avi,14,c12_sim,Unknown #1,24,432,79,230
clip_c12_20260617_152841.avi,15,c12_sim,Unknown #1,24,433,79,229
clip_c12_20260617_152841.avi,16,c12_sim,Unknown #1,23,438,77,217
clip_c12_20260617_152841.avi,17,c12_sim,Unknown #1,30,449,73,204
clip_c12_20260617_152841.avi,18,c12_sim,Unknown #1,24,446,76,204
clip_c12_20260617_152841.avi,19,c12_sim,Unknown #1,22,446,78,204
clip_c12_20260617_152841.avi,20,c12_sim,Unknown #1,26,445,80,207
clip_c12_20260617_152841.avi,21,c12_sim,Unknown #1,26,446,82,206
clip_c12_20260617_152841.avi,22,c12_sim,Unknown #1,29,447,81,200
clip_c10_20260617_152807.avi,6,c10_sim,Unknown #1,1137,106,88,273
clip_c10_20260617_152807.avi,7,c10_sim,Unknown #1,1135,103,91,280
clip_c10_20260617_152807.avi,8,c10_sim,Unknown #1,1127,110,91,277
clip_c10_20260617_152807.avi,9,c10_sim,Unknown #1,1099,112,94,286
clip_c10_20260617_152807.avi,10,c10_sim,Unknown #1,1086,108,97,297
clip_c10_20260617_152807.avi,11,c10_sim,Unknown #1,1051,115,97,298
clip_c10_20260617_152807.avi,12,c10_sim,Unknown #1,1009,127,97,291
clip_c10_20260617_152807.avi,13,c10_sim,Unknown #1,982,135,100,290
clip_c10_20260617_152807.avi,14,c10_sim,Unknown #1,969,138,105,294
clip_c10_20260617_152807.avi,15,c10_sim,Unknown #1,954,136,110,298
clip_c10_20260617_152807.avi,16,c10_sim,Unknown #1,919,140,111,300
clip_c10_20260617_152807.avi,17,c10_sim,Unknown #1,892,147,114,312
clip_c10_20260617_152807.avi,18,c10_sim,Unknown #1,881,153,114,315
clip_c10_20260617_152807.avi,19,c10_sim,Unknown #1,876,156,115,315
clip_c10_20260617_152807.avi,20,c10_sim,Unknown #1,861,159,117,322
clip_c10_20260617_152807.avi,21,c10_sim,Unknown #1,852,163,116,321
clip_c10_20260617_152807.avi,22,c10_sim,Unknown #1,836,170,118,327
clip_c10_20260617_152807.avi,23,c10_sim,Unknown #1,820,178,124,340
clip_c10_20260617_152807.avi,24,c10_sim,Unknown #1,809,189,128,345
clip_c10_20260617_152807.avi,25,c10_sim,Unknown #1,780,196,131,345
clip_c10_20260617_152807.avi,26,c10_sim,Unknown #1,750,204,132,350
clip_c10_20260617_152807.avi,27,c10_sim,Unknown #1,736,206,135,360
clip_c10_20260617_152807.avi,28,c10_sim,Unknown #1,724,215,140,367
clip_c10_20260617_152807.avi,29,c10_sim,Unknown #1,707,230,142,369
clip_c10_20260617_152807.avi,30,c10_sim,Unknown #1,686,239,141,368
clip_c10_20260617_152807.avi,31,c10_sim,Unknown #1,674,242,140,366
clip_c10_20260617_152807.avi,32,c10_sim,Unknown #1,659,249,143,370
clip_c10_20260617_152807.avi,33,c10_sim,Unknown #1,639,264,149,376
clip_c10_20260617_152807.avi,34,c10_sim,Unknown #1,627,271,155,384
clip_c10_20260617_152807.avi,35,c10_sim,Unknown #1,607,282,159,380
clip_c10_20260617_152807.avi,36,c10_sim,Unknown #1,560,296,161,377
clip_c10_20260617_152807.avi,37,c10_sim,Unknown #1,528,311,166,388
clip_c10_20260617_152807.avi,38,c10_sim,Unknown #1,482,334,167,398
clip_c10_20260617_152807.avi,39,c10_sim,Unknown #1,461,347,166,396
clip_c10_20260617_152807.avi,40,c10_sim,Unknown #1,451,354,166,392
clip_c10_20260617_152807.avi,41,c10_sim,Unknown #1,439,363,165,386
clip_c10_20260617_152807.avi,42,c10_sim,Unknown #1,401,376,160,382
clip_c10_20260617_152807.avi,43,c10_sim,Unknown #1,345,405,163,383
clip_c10_20260617_152807.avi,44,c10_sim,Unknown #1,321,421,163,376
clip_c10_20260617_152807.avi,45,c10_sim,Unknown #1,305,424,160,361
clip_c10_20260617_152807.avi,48,c10_sim,Unknown #1,238,453,181,404
clip_c10_20260617_152807.avi,49,c10_sim,Unknown #1,209,472,186,407
clip_c10_20260617_152807.avi,50,c10_sim,Unknown #1,196,498,141,302
clip_c10_20260617_152807.avi,12,c10_sim,Unknown #1,1123,194,96,303
clip_c10_20260617_152807.avi,13,c10_sim,Unknown #1,1107,200,96,301
clip_c10_20260617_152807.avi,14,c10_sim,Unknown #1,1099,202,98,305
clip_c10_20260617_152807.avi,15,c10_sim,Unknown #1,1090,211,102,316
clip_c10_20260617_152807.avi,16,c10_sim,Unknown #1,1078,226,105,323
clip_c10_20260617_152807.avi,17,c10_sim,Unknown #1,1069,233,107,330
clip_c10_20260617_152807.avi,18,c10_sim,Unknown #1,1062,239,109,329
clip_c10_20260617_152807.avi,19,c10_sim,Unknown #1,1059,239,108,326
clip_c10_20260617_152807.avi,20,c10_sim,Unknown #1,1046,244,112,332
clip_c10_20260617_152807.avi,21,c10_sim,Unknown #1,1035,248,115,339
clip_c10_20260617_152807.avi,22,c10_sim,Unknown #1,1010,254,121,350
clip_c10_20260617_152807.avi,23,c10_sim,Unknown #1,981,262,126,358
clip_c10_20260617_152807.avi,24,c10_sim,Unknown #1,966,269,130,370
clip_c10_20260617_152807.avi,25,c10_sim,Unknown #1,946,282,135,383
clip_c10_20260617_152807.avi,26,c10_sim,Unknown #1,931,294,133,379
clip_c10_20260617_152807.avi,27,c10_sim,Unknown #1,923,299,131,373
clip_c10_20260617_152807.avi,28,c10_sim,Unknown #1,908,306,131,376
clip_c10_20260617_152807.avi,29,c10_sim,Unknown #1,887,320,140,396
clip_c10_20260617_152807.avi,30,c10_sim,Unknown #1,867,332,143,397
clip_c10_20260617_152807.avi,31,c10_sim,Unknown #1,854,337,145,396
clip_c10_20260617_152807.avi,32,c10_sim,Unknown #1,822,348,147,403
clip_c10_20260617_152807.avi,33,c10_sim,Unknown #1,797,363,154,416
clip_c10_20260617_152807.avi,34,c10_sim,Unknown #1,786,372,157,420
clip_c10_20260617_152807.avi,35,c10_sim,Unknown #1,769,384,162,421
clip_c10_20260617_152807.avi,36,c10_sim,Unknown #1,731,403,158,405
clip_c10_20260617_152807.avi,37,c10_sim,Unknown #1,707,416,162,402
clip_c10_20260617_152807.avi,38,c10_sim,Unknown #1,664,434,170,400
clip_c10_20260617_152807.avi,39,c10_sim,Unknown #1,620,446,172,393
clip_c10_20260617_152807.avi,40,c10_sim,Unknown #1,594,452,177,390
clip_c10_20260617_152807.avi,41,c10_sim,Unknown #1,565,464,191,420
clip_c10_20260617_152807.avi,42,c10_sim,Unknown #1,543,491,198,428
clip_c10_20260617_152807.avi,43,c10_sim,Unknown #1,493,523,193,410
clip_c10_20260617_152807.avi,44,c10_sim,Unknown #1,470,542,192,396
clip_c10_20260617_152807.avi,45,c10_sim,Unknown #1,454,555,201,405
clip_c10_20260617_152807.avi,46,c10_sim,Unknown #1,438,571,210,413
clip_c10_20260617_152807.avi,47,c10_sim,Unknown #1,427,579,218,417
clip_c10_20260617_152807.avi,48,c10_sim,Unknown #1,408,589,223,411
clip_c10_20260617_152807.avi,49,c10_sim,Unknown #1,376,612,219,389
clip_c10_20260617_152807.avi,50,c10_sim,Unknown #1,334,646,236,411
clip_c10_20260617_152807.avi,51,c10_sim,Unknown #1,295,686,233,390
clip_c10_20260617_152807.avi,53,c10_sim,Unknown #1,199,611,287,467
clip_c10_20260617_152807.avi,54,c10_sim,Unknown #1,211,715,245,367
clip_c10_20260618_154820.avi,2,c10_sim,Unknown #1,207,686,268,397
clip_c10_20260618_154820.avi,3,c10_sim,Unknown #1,223,663,287,420
clip_c10_20260618_154820.avi,4,c10_sim,Unknown #1,238,631,307,452
clip_c10_20260618_154820.avi,5,c10_sim,Unknown #1,252,601,307,459
clip_c10_20260618_154820.avi,6,c10_sim,Unknown #1,277,576,292,436
clip_c10_20260618_154820.avi,7,c10_sim,Unknown #1,304,558,290,431
clip_c10_20260618_154820.avi,8,c10_sim,Unknown #1,331,544,295,435
clip_c10_20260618_154820.avi,9,c10_sim,Unknown #1,344,537,299,438
clip_c10_20260618_154820.avi,10,c10_sim,Unknown #1,387,498,297,442
clip_c10_20260618_154820.avi,11,c10_sim,Unknown #1,419,473,281,423
clip_c10_20260618_154820.avi,12,c10_sim,Unknown #1,439,451,274,422
clip_c10_20260618_154820.avi,13,c10_sim,Unknown #1,455,435,273,430
clip_c10_20260618_154820.avi,14,c10_sim,Unknown #1,473,424,273,438
clip_c10_20260618_154820.avi,15,c10_sim,Unknown #1,495,411,272,447
clip_c10_20260618_154820.avi,16,c10_sim,Unknown #1,507,402,268,451
clip_c10_20260618_154820.avi,17,c10_sim,Unknown #1,551,364,245,420
clip_c10_20260618_154820.avi,18,c10_sim,Unknown #1,598,343,241,413
clip_c10_20260618_154820.avi,19,c10_sim,Unknown #1,631,326,242,421
clip_c10_20260618_154820.avi,20,c10_sim,Unknown #1,656,314,234,414
clip_c10_20260618_154820.avi,21,c10_sim,Unknown #1,679,300,218,395
clip_c10_20260618_154820.avi,22,c10_sim,Unknown #1,692,291,206,382
clip_c10_20260618_154820.avi,23,c10_sim,Unknown #1,703,286,199,377
clip_c10_20260618_154820.avi,24,c10_sim,Unknown #1,751,262,203,392
clip_c10_20260618_154820.avi,25,c10_sim,Unknown #1,784,241,198,394
clip_c10_20260618_154820.avi,26,c10_sim,Unknown #1,838,225,185,372
clip_c10_20260618_154820.avi,27,c10_sim,Unknown #1,869,218,183,368
clip_c10_20260618_154820.avi,28,c10_sim,Unknown #1,885,216,182,366
clip_c10_20260618_154820.avi,29,c10_sim,Unknown #1,972,184,172,356
clip_c10_20260618_154820.avi,30,c10_sim,Unknown #1,1053,161,158,331
clip_c10_20260618_154820.avi,31,c10_sim,Unknown #1,1094,155,149,317
clip_c10_20260618_154820.avi,32,c10_sim,Unknown #1,1122,150,138,304
clip_c10_20260618_155056.avi,0,c10_sim,Unknown #1,1129,166,135,308
clip_c11_20260618_154736.avi,94,c11_sim,Unknown #1,709,307,104,329
clip_c11_20260618_154736.avi,95,c11_sim,Unknown #1,736,300,101,321
clip_c11_20260618_154736.avi,96,c11_sim,Unknown #1,747,296,100,319
clip_c11_20260618_154736.avi,97,c11_sim,Unknown #1,751,298,100,313
clip_c11_20260618_154736.avi,98,c11_sim,Unknown #1,785,288,97,300
clip_c11_20260618_154736.avi,99,c11_sim,Unknown #1,799,281,98,300
clip_c11_20260618_154736.avi,100,c11_sim,Unknown #1,802,278,100,299
clip_c11_20260618_154736.avi,101,c11_sim,Unknown #1,808,275,99,293
clip_c11_20260618_154736.avi,102,c11_sim,Unknown #1,812,270,96,280
clip_c11_20260618_154736.avi,103,c11_sim,Unknown #1,814,268,96,276
clip_c11_20260618_154736.avi,104,c11_sim,Unknown #1,827,265,95,269
clip_c11_20260618_154736.avi,105,c11_sim,Unknown #1,835,261,93,261
clip_c11_20260618_154736.avi,106,c11_sim,Unknown #1,834,255,93,257
clip_c11_20260618_154736.avi,107,c11_sim,Unknown #1,836,253,92,256
clip_c11_20260618_154736.avi,108,c11_sim,Unknown #1,835,253,91,255
clip_c11_20260618_154736.avi,109,c11_sim,Unknown #1,832,252,91,256
clip_c11_20260618_154736.avi,110,c11_sim,Unknown #1,823,247,87,246
clip_c11_20260618_154736.avi,111,c11_sim,Unknown #1,816,241,86,244
clip_c11_20260618_154736.avi,112,c11_sim,Unknown #1,812,237,85,245
clip_c11_20260618_154736.avi,113,c11_sim,Unknown #1,814,236,85,244
clip_c11_20260618_154736.avi,114,c11_sim,Unknown #1,812,235,85,240
clip_c11_20260618_154736.avi,115,c11_sim,Unknown #1,812,232,84,239
clip_c11_20260618_154736.avi,116,c11_sim,Unknown #1,811,231,85,237
clip_c11_20260618_154736.avi,117,c11_sim,Unknown #1,791,227,83,230
clip_c11_20260618_154736.avi,118,c11_sim,Unknown #1,780,227,79,222
clip_c11_20260618_154736.avi,119,c11_sim,Unknown #1,774,222,79,221
clip_c11_20260618_154736.avi,120,c11_sim,Unknown #1,767,221,76,216
clip_c11_20260618_154736.avi,121,c11_sim,Unknown #1,766,223,72,211
clip_c11_20260618_154736.avi,122,c11_sim,Unknown #1,765,222,71,213
clip_c11_20260618_155113.avi,22,c11_sim,Unknown #1,843,191,56,168
clip_c11_20260618_155113.avi,23,c11_sim,Unknown #1,843,196,58,173
clip_c11_20260618_155113.avi,24,c11_sim,Unknown #1,846,193,63,188
clip_c11_20260618_155113.avi,25,c11_sim,Unknown #1,849,199,63,186
clip_c11_20260618_155113.avi,27,c11_sim,Unknown #1,859,187,70,210
clip_c11_20260618_155113.avi,28,c11_sim,Unknown #1,862,181,75,223
clip_c11_20260618_155113.avi,29,c11_sim,Unknown #1,863,180,78,233
clip_c11_20260618_155113.avi,35,c11_sim,Unknown #1,882,228,77,227
clip_c11_20260618_155113.avi,36,c11_sim,Unknown #1,889,248,78,231
clip_c11_20260618_155113.avi,37,c11_sim,Unknown #1,891,259,79,232
clip_c11_20260618_155113.avi,38,c11_sim,Unknown #1,892,263,78,231
clip_c11_20260618_155113.avi,39,c11_sim,Unknown #1,891,264,78,232
clip_c11_20260618_155113.avi,40,c11_sim,Unknown #1,891,265,77,230
clip_c11_20260618_155113.avi,41,c11_sim,Unknown #1,892,272,79,234
clip_c11_20260618_155113.avi,42,c11_sim,Unknown #1,896,276,80,239
clip_c11_20260618_155113.avi,43,c11_sim,Unknown #1,905,278,81,241
clip_c11_20260618_155113.avi,44,c11_sim,Unknown #1,907,280,84,245
clip_c11_20260618_155113.avi,45,c11_sim,Unknown #1,905,280,88,256
clip_c11_20260618_155113.avi,46,c11_sim,Unknown #1,904,279,92,266
clip_c11_20260618_155113.avi,47,c11_sim,Unknown #1,903,279,94,271
clip_c11_20260618_155113.avi,48,c11_sim,Unknown #1,910,294,93,270
clip_c11_20260618_155113.avi,49,c11_sim,Unknown #1,916,303,95,277
clip_c11_20260618_155113.avi,50,c11_sim,Unknown #1,929,309,93,274
clip_c11_20260618_155113.avi,51,c11_sim,Unknown #1,939,312,94,273
clip_c11_20260618_155113.avi,52,c11_sim,Unknown #1,947,315,96,277
clip_c11_20260618_155113.avi,53,c11_sim,Unknown #1,952,317,99,286
clip_c11_20260618_155113.avi,54,c11_sim,Unknown #1,954,319,102,293
clip_c11_20260618_155113.avi,55,c11_sim,Unknown #1,957,326,105,300
clip_c11_20260618_155113.avi,56,c11_sim,Unknown #1,966,332,102,292
clip_c11_20260618_155113.avi,57,c11_sim,Unknown #1,973,339,102,291
clip_c11_20260618_155113.avi,58,c11_sim,Unknown #1,1000,348,107,307
clip_c11_20260618_155113.avi,59,c11_sim,Unknown #1,1023,354,110,310
clip_c11_20260618_155113.avi,60,c11_sim,Unknown #1,1039,357,112,318
clip_c11_20260618_155113.avi,61,c11_sim,Unknown #1,1062,364,119,333
clip_c11_20260618_155113.avi,64,c11_sim,Unknown #1,1106,389,123,334
clip_c11_20260618_155113.avi,65,c11_sim,Unknown #1,1135,403,128,333
clip_c11_20260618_155113.avi,66,c11_sim,Unknown #1,1154,409,136,338
clip_c11_20260618_155113.avi,67,c11_sim,Unknown #1,1168,412,140,339
clip_c11_20260618_155113.avi,68,c11_sim,Unknown #1,1178,415,138,335
clip_c11_20260618_155113.avi,69,c11_sim,Unknown #1,1208,421,147,356
clip_c11_20260618_155113.avi,70,c11_sim,Unknown #1,1225,430,152,359
clip_c11_20260618_155113.avi,71,c11_sim,Unknown #1,1253,439,149,355
clip_c11_20260618_155113.avi,72,c11_sim,Unknown #1,1288,446,149,353
clip_c11_20260618_155113.avi,73,c11_sim,Unknown #1,1305,452,148,349
clip_c11_20260618_155113.avi,74,c11_sim,Unknown #1,1314,455,148,344
clip_c11_20260618_155113.avi,75,c11_sim,Unknown #1,1319,458,149,341
clip_c11_20260618_155113.avi,76,c11_sim,Unknown #1,1368,458,150,342
clip_c11_20260622_093444.avi,2,c11_sim,Unknown #1,1638,575,175,393
clip_c11_20260622_093444.avi,3,c11_sim,Unknown #1,1625,574,175,392
clip_c11_20260622_093444.avi,4,c11_sim,Unknown #1,1601,578,172,380
clip_c11_20260622_093444.avi,5,c11_sim,Unknown #1,1582,579,176,384
clip_c11_20260622_093444.avi,6,c11_sim,Unknown #1,1573,580,180,387
clip_c11_20260622_093444.avi,7,c11_sim,Unknown #1,1569,581,183,389
clip_c11_20260622_093444.avi,8,c11_sim,Unknown #1,1555,573,186,398
clip_c11_20260622_093444.avi,9,c11_sim,Unknown #1,1499,566,191,396
clip_c11_20260622_093444.avi,10,c11_sim,Unknown #1,1461,561,199,407
clip_c11_20260622_093444.avi,11,c11_sim,Unknown #1,1442,553,203,412
clip_c11_20260622_093444.avi,12,c11_sim,Unknown #1,1431,546,204,416
clip_c11_20260622_093444.avi,13,c11_sim,Unknown #1,1424,543,206,418
clip_c11_20260622_093444.avi,14,c11_sim,Unknown #1,1419,541,208,425
clip_c11_20260622_093444.avi,15,c11_sim,Unknown #1,1409,540,210,435
clip_c11_20260622_093444.avi,16,c11_sim,Unknown #1,1355,543,211,425
clip_c11_20260622_093444.avi,17,c11_sim,Unknown #1,1325,546,212,418
clip_c11_20260622_093444.avi,18,c11_sim,Unknown #1,1304,555,211,410
clip_c11_20260622_093444.avi,19,c11_sim,Unknown #1,1287,545,217,422
clip_c11_20260622_093444.avi,20,c11_sim,Unknown #1,1277,538,219,431
clip_c11_20260622_093444.avi,21,c11_sim,Unknown #1,1232,527,224,442
clip_c11_20260622_093444.avi,22,c11_sim,Unknown #1,1202,521,227,448
clip_c11_20260622_093444.avi,23,c11_sim,Unknown #1,1187,520,228,448
clip_c11_20260622_093444.avi,24,c11_sim,Unknown #1,1179,518,227,449
clip_c11_20260622_093444.avi,25,c11_sim,Unknown #1,1173,513,228,455
clip_c11_20260622_093444.avi,26,c11_sim,Unknown #1,1170,510,226,459
clip_c11_20260622_093444.avi,27,c11_sim,Unknown #1,1162,499,223,462
clip_c11_20260622_093444.avi,28,c11_sim,Unknown #1,1138,489,213,446
clip_c11_20260622_093444.avi,29,c11_sim,Unknown #1,1080,481,213,439
clip_c11_20260622_093444.avi,30,c11_sim,Unknown #1,1053,476,214,437
clip_c11_20260622_093444.avi,31,c11_sim,Unknown #1,1036,466,208,429
clip_c11_20260622_093444.avi,32,c11_sim,Unknown #1,1029,462,204,424
clip_c11_20260622_093444.avi,33,c11_sim,Unknown #1,1029,456,202,423
clip_c11_20260622_093444.avi,34,c11_sim,Unknown #1,1028,451,201,423
clip_c11_20260622_093444.avi,35,c11_sim,Unknown #1,1000,444,203,428
clip_c11_20260622_093444.avi,36,c11_sim,Unknown #1,960,433,202,432
clip_c11_20260622_093444.avi,37,c11_sim,Unknown #1,933,414,195,427
clip_c11_20260622_093444.avi,38,c11_sim,Unknown #1,915,403,186,416
clip_c11_20260622_093444.avi,39,c11_sim,Unknown #1,908,399,179,409
clip_c11_20260622_093444.avi,40,c11_sim,Unknown #1,875,391,175,404
clip_c11_20260622_093444.avi,41,c11_sim,Unknown #1,841,378,168,387
clip_c11_20260622_093444.avi,42,c11_sim,Unknown #1,815,368,168,387
clip_c11_20260622_093444.avi,43,c11_sim,Unknown #1,806,361,167,388
clip_c11_20260622_093444.avi,44,c11_sim,Unknown #1,804,358,166,387
clip_c11_20260622_093444.avi,45,c11_sim,Unknown #1,802,342,155,365
clip_c11_20260622_093444.avi,46,c11_sim,Unknown #1,796,336,149,353
clip_c11_20260622_093444.avi,47,c11_sim,Unknown #1,790,333,146,352
clip_c11_20260622_093444.avi,48,c11_sim,Unknown #1,785,331,142,347
clip_c11_20260622_093444.avi,49,c11_sim,Unknown #1,782,325,139,339
clip_c11_20260622_093444.avi,50,c11_sim,Unknown #1,778,319,134,327
clip_c11_20260622_093444.avi,51,c11_sim,Unknown #1,773,317,134,322
clip_c11_20260622_093444.avi,52,c11_sim,Unknown #1,769,314,136,324
clip_c11_20260622_093444.avi,53,c11_sim,Unknown #1,765,313,136,325
clip_c11_20260622_093444.avi,54,c11_sim,Unknown #1,770,308,134,326
clip_c11_20260622_093444.avi,55,c11_sim,Unknown #1,778,301,126,313
clip_c11_20260622_093444.avi,56,c11_sim,Unknown #1,779,295,121,303
clip_c11_20260622_093444.avi,57,c11_sim,Unknown #1,781,291,119,301
clip_c11_20260622_093444.avi,58,c11_sim,Unknown #1,783,289,116,301
clip_c11_20260622_093444.avi,59,c11_sim,Unknown #1,785,288,113,300
clip_c11_20260622_093444.avi,60,c11_sim,Unknown #1,782,282,107,283
clip_c11_20260622_093444.avi,61,c11_sim,Unknown #1,781,276,104,275
clip_c11_20260622_093444.avi,62,c11_sim,Unknown #1,778,273,102,275
clip_c11_20260622_093444.avi,63,c11_sim,Unknown #1,781,267,100,276
clip_c11_20260622_093444.avi,64,c11_sim,Unknown #1,787,261,95,268
clip_c11_20260622_093444.avi,65,c11_sim,Unknown #1,790,257,91,259
clip_c11_20260622_093444.avi,66,c11_sim,Unknown #1,791,257,87,250
clip_c11_20260622_093444.avi,67,c11_sim,Unknown #1,787,250,86,246
clip_c11_20260622_093444.avi,68,c11_sim,Unknown #1,786,242,83,243
clip_c11_20260622_093444.avi,69,c11_sim,Unknown #1,785,240,81,238
clip_c11_20260622_093444.avi,70,c11_sim,Unknown #1,784,240,80,236
clip_c11_20260622_093444.avi,71,c11_sim,Unknown #1,785,240,79,236
clip_c11_20260622_093444.avi,72,c11_sim,Unknown #1,788,238,78,236
clip_c11_20260622_093444.avi,73,c11_sim,Unknown #1,791,233,77,231
clip_c11_20260622_093444.avi,74,c11_sim,Unknown #1,791,230,76,225
clip_c11_20260622_093444.avi,75,c11_sim,Unknown #1,787,225,73,217
clip_c11_20260622_093444.avi,76,c11_sim,Unknown #1,785,224,71,213
clip_c11_20260622_093444.avi,77,c11_sim,Unknown #1,782,220,71,211
clip_c11_20260622_093444.avi,78,c11_sim,Unknown #1,782,217,70,211
clip_c11_20260622_093444.avi,79,c11_sim,Unknown #1,784,216,69,207
clip_c11_20260622_093444.avi,80,c11_sim,Unknown #1,785,215,68,202
clip_c11_20260622_093444.avi,81,c11_sim,Unknown #1,785,215,68,198
clip_c11_20260622_093444.avi,82,c11_sim,Unknown #1,785,214,67,197
clip_c11_20260622_093444.avi,83,c11_sim,Unknown #1,784,214,66,195
clip_c11_20260622_093444.avi,84,c11_sim,Unknown #1,782,212,67,198
clip_c11_20260622_093444.avi,85,c11_sim,Unknown #1,781,212,67,196
clip_c11_20260622_093444.avi,86,c11_sim,Unknown #1,778,204,66,193
clip_c11_20260622_093444.avi,87,c11_sim,Unknown #1,777,200,66,192
clip_c11_20260622_093444.avi,88,c11_sim,Unknown #1,777,199,65,190
clip_c11_20260622_093444.avi,89,c11_sim,Unknown #1,777,201,64,185
clip_c11_20260622_093444.avi,90,c11_sim,Unknown #1,778,201,62,183
clip_c11_20260622_093444.avi,91,c11_sim,Unknown #1,779,200,61,180
clip_c11_20260622_093444.avi,92,c11_sim,Unknown #1,779,200,61,179
clip_c11_20260622_093444.avi,93,c11_sim,Unknown #1,778,200,59,172
clip_c11_20260622_093444.avi,94,c11_sim,Unknown #1,776,199,57,170
clip_c11_20260622_093444.avi,95,c11_sim,Unknown #1,774,197,57,168
clip_c11_20260622_093444.avi,96,c11_sim,Unknown #1,774,199,55,163
clip_c11_20260622_093444.avi,97,c11_sim,Unknown #1,776,196,55,163
clip_c11_20260622_093444.avi,98,c11_sim,Unknown #1,776,195,56,162
clip_c11_20260622_093444.avi,99,c11_sim,Unknown #1,775,197,54,160
clip_c11_20260622_093444.avi,100,c11_sim,Unknown #1,776,194,56,162
clip_c11_20260622_093444.avi,101,c11_sim,Unknown #1,783,192,54,159
clip_c11_20260622_093444.avi,102,c11_sim,Unknown #1,792,189,54,153
clip_c11_20260622_093444.avi,103,c11_sim,Unknown #1,800,191,52,146
clip_c11_20260622_093444.avi,104,c11_sim,Unknown #1,803,188,53,148
clip_c11_20260622_093444.avi,105,c11_sim,Unknown #1,808,188,52,146
clip_c11_20260622_093444.avi,9,c11_sim,Unknown #1,1662,544,182,378
clip_c11_20260622_093444.avi,10,c11_sim,Unknown #1,1644,542,184,380
clip_c11_20260622_093444.avi,11,c11_sim,Unknown #1,1632,539,185,383
clip_c11_20260622_093444.avi,12,c11_sim,Unknown #1,1621,534,188,390
clip_c11_20260622_093444.avi,13,c11_sim,Unknown #1,1614,530,190,396
clip_c11_20260622_093444.avi,14,c11_sim,Unknown #1,1608,527,192,400
clip_c11_20260622_093444.avi,15,c11_sim,Unknown #1,1594,525,192,400
clip_c11_20260622_093444.avi,17,c11_sim,Unknown #1,1542,515,199,409
clip_c11_20260622_093444.avi,18,c11_sim,Unknown #1,1522,504,203,418
clip_c11_20260622_093444.avi,19,c11_sim,Unknown #1,1510,495,205,425
clip_c11_20260622_093444.avi,20,c11_sim,Unknown #1,1505,491,203,426
clip_c11_20260622_093444.avi,21,c11_sim,Unknown #1,1465,485,202,417
clip_c11_20260622_093444.avi,22,c11_sim,Unknown #1,1439,483,203,411
clip_c11_20260622_093444.avi,23,c11_sim,Unknown #1,1426,481,204,408
clip_c11_20260622_093444.avi,24,c11_sim,Unknown #1,1419,479,205,408
clip_c11_20260622_093444.avi,25,c11_sim,Unknown #1,1413,480,206,409
clip_c11_20260622_093444.avi,26,c11_sim,Unknown #1,1407,478,208,413
clip_c11_20260622_093444.avi,27,c11_sim,Unknown #1,1395,473,209,420
clip_c11_20260622_093444.avi,28,c11_sim,Unknown #1,1367,468,208,422
clip_c11_20260622_093444.avi,29,c11_sim,Unknown #1,1321,453,212,436
clip_c11_20260622_093444.avi,30,c11_sim,Unknown #1,1298,442,213,445
clip_c11_20260622_093444.avi,31,c11_sim,Unknown #1,1289,431,205,441
clip_c11_20260622_093444.avi,32,c11_sim,Unknown #1,1285,426,197,437
clip_c11_20260622_093444.avi,33,c11_sim,Unknown #1,1280,423,190,433
clip_c11_20260622_093444.avi,34,c11_sim,Unknown #1,1263,420,185,422
clip_c11_20260622_093444.avi,35,c11_sim,Unknown #1,1224,415,183,414
clip_c11_20260622_093444.avi,36,c11_sim,Unknown #1,1195,404,178,409
clip_c11_20260622_093444.avi,37,c11_sim,Unknown #1,1149,392,183,415
clip_c11_20260622_093444.avi,38,c11_sim,Unknown #1,1114,385,187,420
clip_c11_20260622_093444.avi,39,c11_sim,Unknown #1,1101,382,188,423
clip_c11_20260622_093444.avi,40,c11_sim,Unknown #1,1091,367,180,416
clip_c11_20260622_093444.avi,41,c11_sim,Unknown #1,1046,356,174,402
clip_c11_20260622_093444.avi,42,c11_sim,Unknown #1,1023,347,168,389
clip_c11_20260622_093444.avi,43,c11_sim,Unknown #1,1007,340,162,383
clip_c11_20260622_093444.avi,44,c11_sim,Unknown #1,995,338,160,380
clip_c11_20260622_093444.avi,45,c11_sim,Unknown #1,965,330,160,383
clip_c11_20260622_093444.avi,46,c11_sim,Unknown #1,952,324,158,385
clip_c11_20260622_093444.avi,47,c11_sim,Unknown #1,948,318,153,381
clip_c11_20260622_093444.avi,48,c11_sim,Unknown #1,944,312,147,372
clip_c11_20260622_093444.avi,49,c11_sim,Unknown #1,930,310,142,362
clip_c11_20260622_093444.avi,50,c11_sim,Unknown #1,915,307,141,359
clip_c11_20260622_093444.avi,51,c11_sim,Unknown #1,908,306,142,359
clip_c11_20260622_093444.avi,52,c11_sim,Unknown #1,904,305,141,360
clip_c11_20260622_093444.avi,53,c11_sim,Unknown #1,902,304,140,359
clip_c11_20260622_093444.avi,54,c11_sim,Unknown #1,891,298,134,346
clip_c11_20260622_093444.avi,55,c11_sim,Unknown #1,874,291,132,344
clip_c11_20260622_093444.avi,56,c11_sim,Unknown #1,867,284,133,350
clip_c11_20260622_093444.avi,57,c11_sim,Unknown #1,872,278,131,344
clip_c11_20260622_093444.avi,58,c11_sim,Unknown #1,877,276,130,337
clip_c11_20260622_093444.avi,59,c11_sim,Unknown #1,879,274,129,331
clip_c11_20260622_093444.avi,60,c11_sim,Unknown #1,872,271,128,323
clip_c11_20260622_093444.avi,61,c11_sim,Unknown #1,868,268,127,319
clip_c11_20260622_093444.avi,62,c11_sim,Unknown #1,859,265,124,311
clip_c11_20260622_093444.avi,63,c11_sim,Unknown #1,851,262,121,302
clip_c11_20260622_093444.avi,64,c11_sim,Unknown #1,845,259,120,302
clip_c11_20260622_093444.avi,65,c11_sim,Unknown #1,844,259,119,301
clip_c11_20260622_093444.avi,66,c11_sim,Unknown #1,848,254,119,299
clip_c11_20260622_093444.avi,67,c11_sim,Unknown #1,854,251,113,283
clip_c11_20260622_093444.avi,68,c11_sim,Unknown #1,852,244,112,278
clip_c11_20260622_093444.avi,69,c11_sim,Unknown #1,849,242,108,273
clip_c11_20260622_093444.avi,70,c11_sim,Unknown #1,848,241,107,269
clip_c11_20260622_093444.avi,71,c11_sim,Unknown #1,849,241,106,265
clip_c11_20260622_093444.avi,72,c11_sim,Unknown #1,850,239,104,261
clip_c11_20260622_093444.avi,73,c11_sim,Unknown #1,852,244,101,253
clip_c11_20260622_093444.avi,74,c11_sim,Unknown #1,857,233,99,245
clip_c11_20260622_093444.avi,75,c11_sim,Unknown #1,863,226,97,242
clip_c11_20260622_093444.avi,76,c11_sim,Unknown #1,864,223,97,242
clip_c11_20260622_093444.avi,77,c11_sim,Unknown #1,865,221,96,241
clip_c11_20260622_093444.avi,78,c11_sim,Unknown #1,861,217,94,234
clip_c11_20260622_093444.avi,79,c11_sim,Unknown #1,862,214,95,234
clip_c11_20260622_093444.avi,80,c11_sim,Unknown #1,864,215,95,234
clip_c11_20260622_093444.avi,81,c11_sim,Unknown #1,866,211,95,233
clip_c11_20260622_093444.avi,82,c11_sim,Unknown #1,869,209,93,228
clip_c11_20260622_093444.avi,83,c11_sim,Unknown #1,871,209,90,221
clip_c11_20260622_093444.avi,84,c11_sim,Unknown #1,872,208,89,219
clip_c11_20260622_093444.avi,85,c11_sim,Unknown #1,873,208,88,216
clip_c11_20260622_093444.avi,86,c11_sim,Unknown #1,876,207,87,217
clip_c11_20260622_093444.avi,87,c11_sim,Unknown #1,876,203,87,218
clip_c11_20260622_093444.avi,88,c11_sim,Unknown #1,872,192,90,224
clip_c11_20260622_093444.avi,89,c11_sim,Unknown #1,868,183,90,224
clip_c11_20260622_093444.avi,90,c11_sim,Unknown #1,865,173,91,230
clip_c11_20260622_093444.avi,91,c11_sim,Unknown #1,864,174,89,228
clip_c11_20260622_093444.avi,92,c11_sim,Unknown #1,866,178,87,224
clip_c11_20260622_093444.avi,93,c11_sim,Unknown #1,870,181,83,214
clip_c11_20260622_093444.avi,94,c11_sim,Unknown #1,871,182,79,206
clip_c11_20260622_093444.avi,95,c11_sim,Unknown #1,874,193,73,191
clip_c11_20260622_093444.avi,96,c11_sim,Unknown #1,871,190,73,192
clip_c11_20260622_093444.avi,97,c11_sim,Unknown #1,867,190,72,188
clip_c11_20260622_093444.avi,98,c11_sim,Unknown #1,865,193,71,182
clip_c11_20260622_093444.avi,99,c11_sim,Unknown #1,867,193,70,179
clip_c11_20260622_093444.avi,100,c11_sim,Unknown #1,868,195,70,177
clip_c11_20260622_093444.avi,101,c11_sim,Unknown #1,880,185,71,179
clip_c11_20260622_093444.avi,102,c11_sim,Unknown #1,886,184,69,176
clip_c11_20260622_093444.avi,103,c11_sim,Unknown #1,886,182,69,176
clip_c11_20260622_093444.avi,104,c11_sim,Unknown #1,887,182,67,175
clip_c11_20260622_093444.avi,105,c11_sim,Unknown #1,887,182,67,173
clip_c11_20260622_093444.avi,106,c11_sim,Unknown #1,895,180,65,170
clip_c11_20260622_093444.avi,107,c11_sim,Unknown #1,903,179,64,167
clip_c11_20260622_093444.avi,108,c11_sim,Unknown #1,908,177,64,167
clip_c9_20260617_150354.avi,0,c9_sim,Unknown #1,1196,260,130,344
clip_c9_20260617_150354.avi,1,c9_sim,Unknown #1,1193,254,133,352
clip_c9_20260617_150354.avi,2,c9_sim,Unknown #1,1179,246,136,359
clip_c9_20260617_150354.avi,3,c9_sim,Unknown #1,1157,239,137,365
clip_c9_20260617_150354.avi,4,c9_sim,Unknown #1,1117,234,141,370
clip_c9_20260617_150354.avi,5,c9_sim,Unknown #1,1101,229,143,373
clip_c9_20260617_150354.avi,6,c9_sim,Unknown #1,1089,226,142,371
clip_c9_20260617_150354.avi,7,c9_sim,Unknown #1,1040,221,136,358
clip_c9_20260617_150354.avi,8,c9_sim,Unknown #1,1000,221,135,346
clip_c9_20260617_150354.avi,9,c9_sim,Unknown #1,984,222,133,337
clip_c9_20260617_150354.avi,10,c9_sim,Unknown #1,959,219,131,329
clip_c9_20260617_150354.avi,11,c9_sim,Unknown #1,932,216,129,331
clip_c9_20260617_150354.avi,12,c9_sim,Unknown #1,911,213,128,333
clip_c9_20260617_150354.avi,13,c9_sim,Unknown #1,899,212,127,334
clip_c9_20260617_150354.avi,14,c9_sim,Unknown #1,894,211,128,335
clip_c9_20260617_150354.avi,15,c9_sim,Unknown #1,873,204,122,327
clip_c9_20260617_150354.avi,16,c9_sim,Unknown #1,854,202,118,319
clip_c9_20260617_150354.avi,17,c9_sim,Unknown #1,835,200,116,318
clip_c9_20260617_150354.avi,18,c9_sim,Unknown #1,818,201,115,311
clip_c9_20260617_150354.avi,19,c9_sim,Unknown #1,812,199,116,309
clip_c9_20260617_150354.avi,20,c9_sim,Unknown #1,800,197,117,305
clip_c9_20260617_150354.avi,21,c9_sim,Unknown #1,775,196,115,299
clip_c9_20260617_150354.avi,22,c9_sim,Unknown #1,754,193,115,301
clip_c9_20260617_150354.avi,23,c9_sim,Unknown #1,745,191,114,302
clip_c9_20260617_150354.avi,24,c9_sim,Unknown #1,739,192,113,302
clip_c9_20260617_150354.avi,25,c9_sim,Unknown #1,728,193,114,300
clip_c9_20260617_150354.avi,26,c9_sim,Unknown #1,722,191,115,301
clip_c9_20260617_150354.avi,27,c9_sim,Unknown #1,702,189,113,296
clip_c9_20260617_150354.avi,28,c9_sim,Unknown #1,689,190,107,283
clip_c9_20260617_150354.avi,29,c9_sim,Unknown #1,679,188,107,285
clip_c9_20260617_150354.avi,30,c9_sim,Unknown #1,678,203,100,266
clip_c9_20260617_150354.avi,31,c9_sim,Unknown #1,665,190,105,272
clip_c9_20260617_150354.avi,32,c9_sim,Unknown #1,648,179,104,268
clip_c9_20260617_150354.avi,33,c9_sim,Unknown #1,642,177,102,263
clip_c9_20260617_150354.avi,34,c9_sim,Unknown #1,638,176,102,261
clip_c9_20260617_150354.avi,35,c9_sim,Unknown #1,633,177,101,260
clip_c9_20260617_150354.avi,36,c9_sim,Unknown #1,627,173,99,256
clip_c9_20260617_150354.avi,37,c9_sim,Unknown #1,623,168,97,254
clip_c9_20260617_150354.avi,38,c9_sim,Unknown #1,622,166,93,247
clip_c9_20260617_150354.avi,39,c9_sim,Unknown #1,621,167,91,241
clip_c9_20260617_150354.avi,40,c9_sim,Unknown #1,619,166,89,238
clip_c9_20260617_150354.avi,41,c9_sim,Unknown #1,619,165,87,236
clip_c9_20260617_150354.avi,42,c9_sim,Unknown #1,619,163,85,234
clip_c9_20260617_150354.avi,43,c9_sim,Unknown #1,619,161,84,231
clip_c9_20260617_150354.avi,44,c9_sim,Unknown #1,619,159,83,230
clip_c9_20260617_150354.avi,45,c9_sim,Unknown #1,618,155,80,226
clip_c9_20260617_150354.avi,46,c9_sim,Unknown #1,619,149,77,221
clip_c9_20260617_150354.avi,47,c9_sim,Unknown #1,620,146,75,217
clip_c9_20260617_150354.avi,48,c9_sim,Unknown #1,621,143,73,213
clip_c9_20260617_150354.avi,49,c9_sim,Unknown #1,621,141,72,212
clip_c9_20260617_150354.avi,50,c9_sim,Unknown #1,622,144,70,211
clip_c9_20260617_150354.avi,51,c9_sim,Unknown #1,620,143,71,212
clip_c9_20260617_150354.avi,52,c9_sim,Unknown #1,620,143,70,212
clip_c9_20260617_150354.avi,53,c9_sim,Unknown #1,620,141,69,214
clip_c9_20260617_150354.avi,54,c9_sim,Unknown #1,621,137,68,210
clip_c9_20260617_150354.avi,55,c9_sim,Unknown #1,625,135,67,203
clip_c9_20260617_150354.avi,56,c9_sim,Unknown #1,628,136,66,199
clip_c9_20260617_150354.avi,57,c9_sim,Unknown #1,626,136,65,197
clip_c9_20260617_150354.avi,58,c9_sim,Unknown #1,629,133,67,199
clip_c9_20260617_150354.avi,59,c9_sim,Unknown #1,629,132,69,201
clip_c9_20260617_150354.avi,60,c9_sim,Unknown #1,636,130,71,201
clip_c9_20260617_150354.avi,61,c9_sim,Unknown #1,641,130,73,199
clip_c9_20260617_150354.avi,62,c9_sim,Unknown #1,639,130,76,199
clip_c9_20260617_150354.avi,63,c9_sim,Unknown #1,640,129,76,200
clip_c9_20260617_150354.avi,64,c9_sim,Unknown #1,641,128,77,201
clip_c9_20260617_150354.avi,65,c9_sim,Unknown #1,643,128,78,200
clip_c9_20260617_150354.avi,66,c9_sim,Unknown #1,643,127,79,201
clip_c9_20260617_150354.avi,67,c9_sim,Unknown #1,643,127,80,201
clip_c9_20260617_150354.avi,68,c9_sim,Unknown #1,641,125,81,203
clip_c9_20260617_150354.avi,69,c9_sim,Unknown #1,640,125,81,202
clip_c9_20260617_150354.avi,70,c9_sim,Unknown #1,640,126,80,202
clip_c9_20260617_150354.avi,71,c9_sim,Unknown #1,640,127,81,201
clip_c9_20260617_150354.avi,72,c9_sim,Unknown #1,640,128,81,201
clip_c9_20260617_150354.avi,73,c9_sim,Unknown #1,640,128,80,201
clip_c9_20260617_150354.avi,74,c9_sim,Unknown #1,642,129,80,199
clip_c9_20260617_150354.avi,75,c9_sim,Unknown #1,642,130,81,198
clip_c9_20260617_150354.avi,76,c9_sim,Unknown #1,643,130,81,198
clip_c9_20260617_150354.avi,77,c9_sim,Unknown #1,643,130,81,198
clip_c9_20260617_150354.avi,78,c9_sim,Unknown #1,643,130,82,198
clip_c9_20260617_150354.avi,79,c9_sim,Unknown #1,643,130,82,198
clip_c9_20260617_150354.avi,80,c9_sim,Unknown #1,643,130,82,198
clip_c9_20260617_150354.avi,81,c9_sim,Unknown #1,642,130,83,198
clip_c9_20260617_150354.avi,82,c9_sim,Unknown #1,642,130,82,198
clip_c9_20260617_150354.avi,83,c9_sim,Unknown #1,642,130,82,198
clip_c9_20260617_150354.avi,84,c9_sim,Unknown #1,642,130,83,198
clip_c9_20260617_150354.avi,85,c9_sim,Unknown #1,642,129,83,200
clip_c9_20260617_150354.avi,86,c9_sim,Unknown #1,642,129,84,200
clip_c9_20260617_150354.avi,87,c9_sim,Unknown #1,642,129,84,200
clip_c9_20260617_150354.avi,88,c9_sim,Unknown #1,643,129,83,200
clip_c9_20260617_150354.avi,89,c9_sim,Unknown #1,643,129,84,199
clip_c9_20260617_150354.avi,90,c9_sim,Unknown #1,643,129,84,199
clip_c9_20260617_150354.avi,91,c9_sim,Unknown #1,643,129,85,199
clip_c9_20260617_150354.avi,92,c9_sim,Unknown #1,643,128,84,200
clip_c9_20260617_150354.avi,93,c9_sim,Unknown #1,643,128,84,200
clip_c9_20260617_150354.avi,94,c9_sim,Unknown #1,643,128,85,200
clip_c9_20260617_150354.avi,95,c9_sim,Unknown #1,643,128,85,201
clip_c9_20260617_150354.avi,96,c9_sim,Unknown #1,645,128,84,200
clip_c9_20260617_150354.avi,97,c9_sim,Unknown #1,646,128,83,200
clip_c9_20260617_150354.avi,98,c9_sim,Unknown #1,646,128,84,200
clip_c9_20260617_150354.avi,99,c9_sim,Unknown #1,647,128,83,200
clip_c9_20260617_150354.avi,100,c9_sim,Unknown #1,647,128,83,200
clip_c9_20260617_150354.avi,101,c9_sim,Unknown #1,647,128,83,200
clip_c9_20260617_150354.avi,102,c9_sim,Unknown #1,645,128,83,200
clip_c9_20260617_150354.avi,103,c9_sim,Unknown #1,644,128,83,200
clip_c9_20260617_150354.avi,104,c9_sim,Unknown #1,641,128,84,201
clip_c9_20260617_150354.avi,105,c9_sim,Unknown #1,641,128,83,201
clip_c9_20260617_150354.avi,106,c9_sim,Unknown #1,642,128,83,201
clip_c9_20260617_150354.avi,107,c9_sim,Unknown #1,642,128,83,201
clip_c9_20260617_150354.avi,108,c9_sim,Unknown #1,641,129,83,200
clip_c9_20260617_150354.avi,109,c9_sim,Unknown #1,641,129,83,200
clip_c9_20260617_150354.avi,110,c9_sim,Unknown #1,641,130,82,199
clip_c9_20260617_150354.avi,111,c9_sim,Unknown #1,640,130,83,199
clip_c9_20260617_150354.avi,112,c9_sim,Unknown #1,641,131,81,197
clip_c9_20260617_150354.avi,113,c9_sim,Unknown #1,638,129,81,197
clip_c9_20260617_150354.avi,114,c9_sim,Unknown #1,636,128,80,197
clip_c9_20260617_150354.avi,115,c9_sim,Unknown #1,636,128,77,192
clip_c9_20260617_150354.avi,116,c9_sim,Unknown #1,636,129,75,189
clip_c9_20260617_150354.avi,117,c9_sim,Unknown #1,639,128,75,190
clip_c9_20260617_150354.avi,118,c9_sim,Unknown #1,641,128,75,190
clip_c9_20260617_150354.avi,119,c9_sim,Unknown #1,641,128,75,190
clip_c9_20260617_150354.avi,120,c9_sim,Unknown #1,642,129,77,195
clip_c9_20260617_150354.avi,121,c9_sim,Unknown #1,642,130,79,196
clip_c9_20260617_150354.avi,122,c9_sim,Unknown #1,642,129,79,198
clip_c9_20260617_150354.avi,123,c9_sim,Unknown #1,641,129,80,199
clip_c9_20260617_150354.avi,124,c9_sim,Unknown #1,641,129,81,199
clip_c9_20260617_150354.avi,125,c9_sim,Unknown #1,641,129,80,199
clip_c9_20260617_150354.avi,126,c9_sim,Unknown #1,641,129,80,199
clip_c9_20260617_150354.avi,127,c9_sim,Unknown #1,641,129,81,199
clip_c9_20260617_150354.avi,128,c9_sim,Unknown #1,641,129,81,199
clip_c9_20260617_150354.avi,129,c9_sim,Unknown #1,641,129,82,199
clip_c9_20260617_150354.avi,130,c9_sim,Unknown #1,641,129,82,199
clip_c9_20260617_150354.avi,131,c9_sim,Unknown #1,641,129,82,199
clip_c9_20260617_150354.avi,132,c9_sim,Unknown #1,641,129,81,199
clip_c9_20260617_150354.avi,133,c9_sim,Unknown #1,641,131,80,196
clip_c9_20260617_150354.avi,134,c9_sim,Unknown #1,641,131,80,196
clip_c9_20260617_150354.avi,135,c9_sim,Unknown #1,641,130,79,197
clip_c9_20260617_150354.avi,136,c9_sim,Unknown #1,641,130,79,197
clip_c9_20260617_150354.avi,137,c9_sim,Unknown #1,641,130,78,197
clip_c9_20260617_150354.avi,138,c9_sim,Unknown #1,640,130,79,197
clip_c9_20260617_150354.avi,139,c9_sim,Unknown #1,641,129,80,199
clip_c9_20260617_150354.avi,140,c9_sim,Unknown #1,642,129,80,199
clip_c9_20260617_150354.avi,141,c9_sim,Unknown #1,642,129,80,200
clip_c9_20260617_150354.avi,142,c9_sim,Unknown #1,642,128,80,201
clip_c9_20260617_150354.avi,143,c9_sim,Unknown #1,642,128,80,201
clip_c9_20260617_150354.avi,144,c9_sim,Unknown #1,642,128,80,201
clip_c9_20260617_150354.avi,145,c9_sim,Unknown #1,642,128,80,201
clip_c9_20260617_150354.avi,146,c9_sim,Unknown #1,642,128,80,201
clip_c9_20260617_150354.avi,147,c9_sim,Unknown #1,642,128,80,201
clip_c9_20260617_150354.avi,148,c9_sim,Unknown #1,642,127,80,201
clip_c9_20260617_150354.avi,149,c9_sim,Unknown #1,642,127,80,201
clip_c9_20260617_150354.avi,150,c9_sim,Unknown #1,643,127,79,201
clip_c9_20260617_150354.avi,151,c9_sim,Unknown #1,643,127,80,201
clip_c9_20260617_150354.avi,152,c9_sim,Unknown #1,644,127,79,201
clip_c9_20260617_150354.avi,153,c9_sim,Unknown #1,644,127,79,202
clip_c9_20260617_150354.avi,154,c9_sim,Unknown #1,644,128,79,201
clip_c9_20260617_150354.avi,155,c9_sim,Unknown #1,644,128,79,202
clip_c9_20260617_150354.avi,156,c9_sim,Unknown #1,644,129,79,201
clip_c9_20260617_150354.avi,157,c9_sim,Unknown #1,643,129,79,201
clip_c9_20260617_150354.avi,158,c9_sim,Unknown #1,644,129,78,201
clip_c9_20260617_150354.avi,159,c9_sim,Unknown #1,644,129,79,200
clip_c9_20260617_150354.avi,160,c9_sim,Unknown #1,644,129,79,200
clip_c9_20260617_150354.avi,161,c9_sim,Unknown #1,644,128,79,201
clip_c9_20260617_150354.avi,162,c9_sim,Unknown #1,644,128,80,201
clip_c9_20260617_150354.avi,163,c9_sim,Unknown #1,644,128,80,201
clip_c9_20260617_150354.avi,164,c9_sim,Unknown #1,644,128,80,201
clip_c9_20260617_150354.avi,165,c9_sim,Unknown #1,643,128,81,201
clip_c9_20260617_150354.avi,166,c9_sim,Unknown #1,643,128,81,201
clip_c9_20260617_150354.avi,167,c9_sim,Unknown #1,642,128,81,201
clip_c9_20260617_150354.avi,168,c9_sim,Unknown #1,642,128,81,201
clip_c9_20260617_150354.avi,169,c9_sim,Unknown #1,642,128,81,201
clip_c9_20260617_150354.avi,170,c9_sim,Unknown #1,641,128,82,201
clip_c9_20260617_150354.avi,171,c9_sim,Unknown #1,641,129,82,200
clip_c9_20260617_150354.avi,172,c9_sim,Unknown #1,642,129,82,200
clip_c9_20260617_150354.avi,173,c9_sim,Unknown #1,642,129,82,200
clip_c9_20260617_150354.avi,174,c9_sim,Unknown #1,641,129,83,200
clip_c9_20260617_150354.avi,175,c9_sim,Unknown #1,641,129,83,200
clip_c9_20260617_150354.avi,176,c9_sim,Unknown #1,641,129,83,200
clip_c9_20260617_150354.avi,177,c9_sim,Unknown #1,641,129,83,200
clip_c9_20260617_150354.avi,178,c9_sim,Unknown #1,641,129,83,200
clip_c9_20260617_150354.avi,179,c9_sim,Unknown #1,640,129,84,200
clip_c9_20260617_150354.avi,180,c9_sim,Unknown #1,640,129,83,200
clip_c9_20260617_150354.avi,181,c9_sim,Unknown #1,640,129,83,200
clip_c9_20260617_150354.avi,182,c9_sim,Unknown #1,640,129,83,201
clip_c9_20260617_150354.avi,183,c9_sim,Unknown #1,641,129,82,201
clip_c9_20260617_150354.avi,184,c9_sim,Unknown #1,641,129,82,200
clip_c9_20260617_150354.avi,185,c9_sim,Unknown #1,640,129,82,200
clip_c9_20260617_150354.avi,186,c9_sim,Unknown #1,640,129,82,200
clip_c9_20260617_150354.avi,187,c9_sim,Unknown #1,640,129,82,200
clip_c9_20260617_150354.avi,188,c9_sim,Unknown #1,642,129,81,200
clip_c9_20260617_150354.avi,189,c9_sim,Unknown #1,643,129,80,199
clip_c9_20260617_150354.avi,190,c9_sim,Unknown #1,644,129,80,198
clip_c9_20260617_150354.avi,191,c9_sim,Unknown #1,644,127,80,200
clip_c9_20260617_150354.avi,192,c9_sim,Unknown #1,644,127,80,200
clip_c9_20260617_150354.avi,193,c9_sim,Unknown #1,643,126,80,201
clip_c9_20260617_150354.avi,194,c9_sim,Unknown #1,645,127,78,200
clip_c9_20260617_150354.avi,195,c9_sim,Unknown #1,645,127,78,200
clip_c9_20260617_150354.avi,196,c9_sim,Unknown #1,646,127,79,202
clip_c9_20260617_150354.avi,197,c9_sim,Unknown #1,646,127,79,203
clip_c9_20260617_150354.avi,198,c9_sim,Unknown #1,646,128,79,203
clip_c9_20260617_150354.avi,199,c9_sim,Unknown #1,645,128,79,203
clip_c9_20260617_150354.avi,200,c9_sim,Unknown #1,644,128,79,203
clip_c9_20260617_150354.avi,201,c9_sim,Unknown #1,644,128,79,202
clip_c9_20260617_150354.avi,202,c9_sim,Unknown #1,633,130,75,197
clip_c9_20260617_150354.avi,203,c9_sim,Unknown #1,625,134,74,196
clip_c9_20260617_150354.avi,204,c9_sim,Unknown #1,623,137,74,196
clip_c9_20260617_150354.avi,205,c9_sim,Unknown #1,625,138,73,195
clip_c9_20260617_150354.avi,206,c9_sim,Unknown #1,625,138,74,197
clip_c9_20260617_150354.avi,207,c9_sim,Unknown #1,623,136,75,201
clip_c9_20260617_150354.avi,208,c9_sim,Unknown #1,620,135,76,205
clip_c9_20260617_150354.avi,209,c9_sim,Unknown #1,618,136,74,204
clip_c9_20260617_150354.avi,210,c9_sim,Unknown #1,618,138,72,204
clip_c9_20260617_150354.avi,211,c9_sim,Unknown #1,617,138,73,210
clip_c9_20260617_150354.avi,212,c9_sim,Unknown #1,617,139,72,211
clip_c9_20260617_150354.avi,213,c9_sim,Unknown #1,621,145,70,207
clip_c9_20260617_150354.avi,214,c9_sim,Unknown #1,625,147,68,205
clip_c9_20260617_150354.avi,215,c9_sim,Unknown #1,628,146,69,208
clip_c9_20260617_150354.avi,216,c9_sim,Unknown #1,637,145,72,207
clip_c9_20260617_150354.avi,217,c9_sim,Unknown #1,642,146,75,208
clip_c9_20260617_150354.avi,218,c9_sim,Unknown #1,644,147,77,208
clip_c9_20260617_150354.avi,219,c9_sim,Unknown #1,650,144,81,216
clip_c9_20260617_150354.avi,220,c9_sim,Unknown #1,655,145,87,233
clip_c9_20260617_150354.avi,221,c9_sim,Unknown #1,661,147,90,237
clip_c9_20260617_150354.avi,222,c9_sim,Unknown #1,666,146,92,242
clip_c9_20260617_150354.avi,223,c9_sim,Unknown #1,676,144,94,248
clip_c9_20260617_150354.avi,224,c9_sim,Unknown #1,686,147,96,249
clip_c9_20260617_150354.avi,225,c9_sim,Unknown #1,691,147,99,253
clip_c9_20260617_150354.avi,226,c9_sim,Unknown #1,706,158,99,255
clip_c9_20260617_150354.avi,227,c9_sim,Unknown #1,715,162,99,254
clip_c9_20260617_150354.avi,228,c9_sim,Unknown #1,721,162,100,260
clip_c9_20260617_150354.avi,229,c9_sim,Unknown #1,730,167,105,269
clip_c9_20260617_150354.avi,230,c9_sim,Unknown #1,739,171,106,271
clip_c9_20260617_150354.avi,231,c9_sim,Unknown #1,747,173,109,277
clip_c9_20260617_150354.avi,232,c9_sim,Unknown #1,757,172,111,282
clip_c9_20260617_150354.avi,233,c9_sim,Unknown #1,768,170,112,283
clip_c9_20260617_150354.avi,234,c9_sim,Unknown #1,776,169,112,282
clip_c9_20260617_150354.avi,235,c9_sim,Unknown #1,783,171,113,282
clip_c9_20260617_150354.avi,236,c9_sim,Unknown #1,807,177,118,293
clip_c9_20260617_150354.avi,237,c9_sim,Unknown #1,822,178,120,298
clip_c9_20260617_150354.avi,238,c9_sim,Unknown #1,835,178,121,300
clip_c9_20260617_150354.avi,239,c9_sim,Unknown #1,854,181,127,317
clip_c9_20260617_150354.avi,240,c9_sim,Unknown #1,864,185,129,322
clip_c9_20260617_150354.avi,241,c9_sim,Unknown #1,873,188,133,328
clip_c9_20260617_150354.avi,242,c9_sim,Unknown #1,897,192,134,330
clip_c9_20260617_150354.avi,243,c9_sim,Unknown #1,913,194,132,330
clip_c9_20260617_150354.avi,244,c9_sim,Unknown #1,931,195,129,327
clip_c9_20260617_150354.avi,245,c9_sim,Unknown #1,946,195,127,327
clip_c9_20260617_150354.avi,246,c9_sim,Unknown #1,956,195,126,327
clip_c9_20260617_150354.avi,247,c9_sim,Unknown #1,981,201,132,329
clip_c9_20260617_150354.avi,248,c9_sim,Unknown #1,1008,205,134,331
clip_c9_20260617_150354.avi,249,c9_sim,Unknown #1,1022,203,135,334
clip_c9_20260617_150354.avi,250,c9_sim,Unknown #1,1073,210,143,351
clip_c9_20260617_150354.avi,251,c9_sim,Unknown #1,1100,217,148,352
clip_c9_20260617_150354.avi,252,c9_sim,Unknown #1,1123,219,150,355
clip_c9_20260617_150354.avi,253,c9_sim,Unknown #1,1153,221,147,356
clip_c9_20260617_150354.avi,254,c9_sim,Unknown #1,1181,224,144,355
clip_c9_20260617_150354.avi,255,c9_sim,Unknown #1,1201,229,140,349
clip_c9_20260617_150354.avi,256,c9_sim,Unknown #1,1209,239,135,340
clip_c9_20260622_093510.avi,7,c9_sim,Unknown #1,894,39,50,141
clip_c9_20260622_093510.avi,9,c9_sim,Unknown #1,891,44,53,152
clip_c9_20260622_093510.avi,12,c9_sim,Unknown #1,881,46,57,162
clip_c9_20260622_093510.avi,15,c9_sim,Unknown #1,876,47,60,168
clip_c9_20260622_093510.avi,18,c9_sim,Unknown #1,869,51,63,175
clip_c9_20260622_093510.avi,19,c9_sim,Unknown #1,859,52,66,180
clip_c9_20260622_093510.avi,20,c9_sim,Unknown #1,855,53,68,187
clip_c9_20260622_093510.avi,21,c9_sim,Unknown #1,855,56,70,191
clip_c9_20260622_093510.avi,26,c9_sim,Unknown #1,892,78,58,200
clip_c9_20260622_093510.avi,27,c9_sim,Unknown #1,890,80,60,207
clip_c9_20260622_093510.avi,28,c9_sim,Unknown #1,878,75,65,224
clip_c9_20260622_093510.avi,29,c9_sim,Unknown #1,873,85,65,221
clip_c9_20260622_093510.avi,30,c9_sim,Unknown #1,873,93,65,219
clip_c9_20260622_093510.avi,31,c9_sim,Unknown #1,875,97,65,219
clip_c9_20260622_093510.avi,32,c9_sim,Unknown #1,875,92,67,225
clip_c9_20260622_093510.avi,33,c9_sim,Unknown #1,873,88,70,229
clip_c9_20260622_093510.avi,34,c9_sim,Unknown #1,868,86,74,242
clip_c9_20260622_093510.avi,35,c9_sim,Unknown #1,863,88,77,251
clip_c9_20260622_093510.avi,36,c9_sim,Unknown #1,856,91,82,265
clip_c9_20260622_093510.avi,37,c9_sim,Unknown #1,854,102,81,262
clip_c9_20260622_093510.avi,38,c9_sim,Unknown #1,852,96,85,272
clip_c9_20260622_093510.avi,39,c9_sim,Unknown #1,852,96,85,274
clip_c9_20260622_093510.avi,40,c9_sim,Unknown #1,846,115,83,264
clip_c9_20260622_093510.avi,41,c9_sim,Unknown #1,828,127,82,262
clip_c9_20260622_093510.avi,42,c9_sim,Unknown #1,818,134,83,256
clip_c9_20260622_093510.avi,43,c9_sim,Unknown #1,811,136,85,255
clip_c9_20260622_093510.avi,44,c9_sim,Unknown #1,797,135,90,267
clip_c9_20260622_093510.avi,45,c9_sim,Unknown #1,788,141,90,267
clip_c9_20260622_093510.avi,46,c9_sim,Unknown #1,769,146,90,262
clip_c9_20260622_093510.avi,47,c9_sim,Unknown #1,757,148,92,259
clip_c9_20260622_093510.avi,48,c9_sim,Unknown #1,738,148,94,258
clip_c9_20260622_093510.avi,49,c9_sim,Unknown #1,704,145,93,257
clip_c9_20260622_093510.avi,50,c9_sim,Unknown #1,679,147,94,251
clip_c9_20260622_093510.avi,51,c9_sim,Unknown #1,645,152,91,245
clip_c9_20260622_093510.avi,52,c9_sim,Unknown #1,625,153,89,243
clip_c9_20260622_093510.avi,53,c9_sim,Unknown #1,617,154,88,245
clip_c9_20260622_093510.avi,54,c9_sim,Unknown #1,615,155,86,242
clip_c9_20260622_093510.avi,80,c9_sim,Unknown #1,626,188,72,276
clip_c9_20260622_093510.avi,81,c9_sim,Unknown #1,633,189,73,280
clip_c9_20260622_093510.avi,82,c9_sim,Unknown #1,642,193,73,279
clip_c9_20260622_093510.avi,83,c9_sim,Unknown #1,660,197,83,311
clip_c9_20260622_093510.avi,84,c9_sim,Unknown #1,674,197,89,329
clip_c9_20260622_093510.avi,85,c9_sim,Unknown #1,685,198,95,344
clip_c9_20260622_093510.avi,86,c9_sim,Unknown #1,700,201,96,344
clip_c9_20260622_093510.avi,87,c9_sim,Unknown #1,707,202,98,345
clip_c9_20260622_093510.avi,88,c9_sim,Unknown #1,712,203,100,346
clip_c9_20260622_093510.avi,89,c9_sim,Unknown #1,727,203,100,341
clip_c8_20260617_150429.avi,16,c8_sim,Unknown #1,974,599,124,332
clip_c8_20260617_150429.avi,17,c8_sim,Unknown #1,1001,582,136,359
clip_c8_20260617_150429.avi,18,c8_sim,Unknown #1,1015,568,143,371
clip_c8_20260617_150429.avi,19,c8_sim,Unknown #1,1054,544,138,352
clip_c8_20260617_150429.avi,20,c8_sim,Unknown #1,1082,522,139,348
clip_c8_20260617_150429.avi,21,c8_sim,Unknown #1,1095,511,143,348
clip_c8_20260617_150429.avi,22,c8_sim,Unknown #1,1104,501,149,357
clip_c8_20260617_150429.avi,23,c8_sim,Unknown #1,1132,474,160,381
clip_c8_20260617_150429.avi,24,c8_sim,Unknown #1,1170,456,156,366
clip_c8_20260617_150429.avi,25,c8_sim,Unknown #1,1199,456,144,330
clip_c8_20260617_150429.avi,26,c8_sim,Unknown #1,1228,451,137,309
clip_c8_20260617_150429.avi,27,c8_sim,Unknown #1,1234,397,159,353
clip_c8_20260617_150429.avi,28,c8_sim,Unknown #1,1238,376,167,366
clip_c8_20260617_150429.avi,29,c8_sim,Unknown #1,1248,362,170,370
clip_c8_20260617_150429.avi,30,c8_sim,Unknown #1,1275,345,163,352
clip_c8_20260617_150429.avi,31,c8_sim,Unknown #1,1295,337,162,345
clip_c8_20260617_150429.avi,32,c8_sim,Unknown #1,1313,331,163,346
clip_c8_20260617_150429.avi,33,c8_sim,Unknown #1,1335,311,174,364
clip_c8_20260617_150429.avi,34,c8_sim,Unknown #1,1356,292,175,368
clip_c8_20260617_150429.avi,35,c8_sim,Unknown #1,1376,275,166,353
clip_c8_20260617_150429.avi,36,c8_sim,Unknown #1,1398,259,162,345
clip_c8_20260617_150429.avi,37,c8_sim,Unknown #1,1404,252,160,343
clip_c8_20260617_150429.avi,38,c8_sim,Unknown #1,1401,245,159,348
clip_c8_20260617_150429.avi,39,c8_sim,Unknown #1,1405,237,158,348
clip_c8_20260617_150429.avi,40,c8_sim,Unknown #1,1420,229,153,336
clip_c8_20260617_150429.avi,41,c8_sim,Unknown #1,1433,225,147,324
clip_c8_20260617_150429.avi,42,c8_sim,Unknown #1,1446,222,143,314
clip_c8_20260617_150429.avi,43,c8_sim,Unknown #1,1468,211,142,319
clip_c8_20260617_150429.avi,44,c8_sim,Unknown #1,1478,198,143,325
clip_c8_20260617_150429.avi,45,c8_sim,Unknown #1,1503,184,115,258
clip_c8_20260617_150429.avi,46,c8_sim,Unknown #1,1515,176,104,234
clip_c8_20260617_150429.avi,47,c8_sim,Unknown #1,1520,170,104,232
clip_c8_20260617_150429.avi,48,c8_sim,Unknown #1,1527,166,105,233
clip_c8_20260617_150429.avi,49,c8_sim,Unknown #1,1531,161,108,238
clip_c8_20260617_150429.avi,50,c8_sim,Unknown #1,1537,153,111,248
clip_c8_20260617_150429.avi,51,c8_sim,Unknown #1,1540,151,115,250
clip_c8_20260617_150429.avi,52,c8_sim,Unknown #1,1541,148,117,254
clip_c8_20260617_150429.avi,53,c8_sim,Unknown #1,1551,138,121,264
clip_c8_20260617_150429.avi,54,c8_sim,Unknown #1,1559,129,124,273
clip_c8_20260617_150429.avi,55,c8_sim,Unknown #1,1565,122,122,275
clip_c8_20260617_150429.avi,56,c8_sim,Unknown #1,1570,116,120,275
clip_c8_20260617_150429.avi,57,c8_sim,Unknown #1,1575,110,118,274
clip_c8_20260617_150429.avi,58,c8_sim,Unknown #1,1579,107,117,275
clip_c8_20260617_150429.avi,59,c8_sim,Unknown #1,1582,107,114,269
clip_c8_20260617_150429.avi,60,c8_sim,Unknown #1,1583,106,113,267
clip_c8_20260617_150429.avi,61,c8_sim,Unknown #1,1584,107,113,266
clip_c8_20260617_150429.avi,62,c8_sim,Unknown #1,1589,114,112,258
clip_c8_20260617_150429.avi,63,c8_sim,Unknown #1,1593,119,111,251
clip_c8_20260617_150429.avi,64,c8_sim,Unknown #1,1595,118,114,253
clip_c8_20260617_150429.avi,65,c8_sim,Unknown #1,1601,125,111,240
clip_c8_20260617_150429.avi,66,c8_sim,Unknown #1,1611,125,113,242
clip_c8_20260617_150429.avi,67,c8_sim,Unknown #1,1621,124,112,242
clip_c8_20260617_150429.avi,68,c8_sim,Unknown #1,1629,116,116,257
clip_c8_20260617_150429.avi,69,c8_sim,Unknown #1,1635,114,115,259
clip_c8_20260617_150429.avi,70,c8_sim,Unknown #1,1638,113,113,259
clip_c8_20260622_093541.avi,19,c8_sim,Unknown #1,1128,570,204,419
clip_c8_20260622_093541.avi,20,c8_sim,Unknown #1,1176,527,193,399
clip_c8_20260622_093541.avi,21,c8_sim,Unknown #1,1214,493,199,410
clip_c8_20260622_093541.avi,22,c8_sim,Unknown #1,1230,465,212,437
clip_c8_20260622_093541.avi,23,c8_sim,Unknown #1,1238,455,219,449
clip_c8_20260622_093541.avi,24,c8_sim,Unknown #1,1259,446,213,440
clip_c8_20260622_093541.avi,25,c8_sim,Unknown #1,1312,445,184,377
clip_c8_20260622_093541.avi,26,c8_sim,Unknown #1,1333,444,171,349
clip_c8_20260622_093541.avi,27,c8_sim,Unknown #1,1334,387,196,399
clip_c8_20260622_093541.avi,28,c8_sim,Unknown #1,1375,348,194,392
clip_c8_20260622_093541.avi,29,c8_sim,Unknown #1,1398,331,194,392
clip_c8_20260622_093541.avi,30,c8_sim,Unknown #1,1408,322,194,393
clip_c8_20260622_093541.avi,31,c8_sim,Unknown #1,1414,297,201,412
clip_c8_20260622_093541.avi,32,c8_sim,Unknown #1,1441,260,191,396
clip_c8_20260622_093541.avi,33,c8_sim,Unknown #1,1450,244,187,392
clip_c8_20260622_093541.avi,34,c8_sim,Unknown #1,1459,234,182,383
clip_c8_20260622_093541.avi,35,c8_sim,Unknown #1,1472,225,175,370
clip_c8_20260622_093541.avi,36,c8_sim,Unknown #1,1492,199,179,380
clip_c8_20260622_093541.avi,37,c8_sim,Unknown #1,1493,177,173,369
clip_c8_20260622_093541.avi,38,c8_sim,Unknown #1,1496,161,161,348
clip_c8_20260622_093541.avi,39,c8_sim,Unknown #1,1510,151,135,281
clip_c8_20260622_093541.avi,40,c8_sim,Unknown #1,1516,149,126,257
clip_c8_20260622_093541.avi,41,c8_sim,Unknown #1,1517,132,131,266
clip_c8_20260622_093541.avi,42,c8_sim,Unknown #1,1512,118,137,277
clip_c8_20260622_093541.avi,43,c8_sim,Unknown #1,1511,109,139,286
clip_c8_20260622_093541.avi,44,c8_sim,Unknown #1,1507,100,140,294
clip_c8_20260622_093541.avi,45,c8_sim,Unknown #1,1503,94,142,301
clip_c8_20260622_093541.avi,46,c8_sim,Unknown #1,1502,91,141,304
clip_c8_20260622_093541.avi,47,c8_sim,Unknown #1,1512,84,134,292
clip_c8_20260622_093541.avi,48,c8_sim,Unknown #1,1521,80,131,285
clip_c8_20260622_093541.avi,49,c8_sim,Unknown #1,1530,78,127,278
clip_c8_20260622_093541.avi,50,c8_sim,Unknown #1,1541,75,124,276
clip_c8_20260622_093541.avi,51,c8_sim,Unknown #1,1549,72,121,278
clip_c11_20260622_093444.avi,112,c11_sim,Unknown #1,806,167,33,80
clip_c11_20260622_093444.avi,113,c11_sim,Unknown #1,805,166,35,86
clip_c11_20260622_093444.avi,114,c11_sim,Unknown #1,804,167,36,88
clip_c11_20260622_093444.avi,115,c11_sim,Unknown #1,802,167,38,92
clip_c11_20260622_093444.avi,116,c11_sim,Unknown #1,801,167,39,97
clip_c11_20260622_093444.avi,117,c11_sim,Unknown #1,799,165,42,107
clip_c11_20260622_093444.avi,118,c11_sim,Unknown #1,796,165,45,111
clip_c11_20260622_093444.avi,119,c11_sim,Unknown #1,797,169,45,115
clip_c11_20260622_093444.avi,120,c11_sim,Unknown #1,797,171,46,117
clip_c11_20260622_093444.avi,121,c11_sim,Unknown #1,796,172,47,118
clip_c11_20260622_093444.avi,122,c11_sim,Unknown #1,795,172,46,119
clip_c11_20260622_093444.avi,123,c11_sim,Unknown #1,794,172,47,119
clip_c11_20260622_093444.avi,124,c11_sim,Unknown #1,797,178,50,129
clip_c11_20260622_093444.avi,125,c11_sim,Unknown #1,800,178,52,135
clip_c11_20260622_093444.avi,126,c11_sim,Unknown #1,801,179,53,139
clip_c11_20260622_093444.avi,127,c11_sim,Unknown #1,802,181,53,140
clip_c11_20260622_093444.avi,128,c11_sim,Unknown #1,802,183,53,140
clip_c11_20260622_093444.avi,129,c11_sim,Unknown #1,802,189,52,138
clip_c11_20260622_093444.avi,130,c11_sim,Unknown #1,805,194,54,144
clip_c11_20260622_093444.avi,131,c11_sim,Unknown #1,805,198,57,152
clip_c11_20260622_093444.avi,132,c11_sim,Unknown #1,805,202,58,154
clip_c11_20260622_093444.avi,133,c11_sim,Unknown #1,808,211,61,160
clip_c11_20260622_093444.avi,134,c11_sim,Unknown #1,809,216,64,170
clip_c11_20260622_093444.avi,135,c11_sim,Unknown #1,809,219,65,174
clip_c11_20260622_093444.avi,136,c11_sim,Unknown #1,808,219,67,180
clip_c11_20260622_093444.avi,137,c11_sim,Unknown #1,810,221,65,178
clip_c11_20260622_093444.avi,138,c11_sim,Unknown #1,811,224,67,184
clip_c11_20260622_093444.avi,139,c11_sim,Unknown #1,825,226,74,199
clip_c11_20260622_093444.avi,140,c11_sim,Unknown #1,835,231,79,207
clip_c11_20260622_093444.avi,141,c11_sim,Unknown #1,839,235,82,212
clip_c11_20260622_093444.avi,143,c11_sim,Unknown #1,848,242,85,216
clip_c11_20260622_093444.avi,144,c11_sim,Unknown #1,873,251,88,223
clip_c11_20260622_093444.avi,145,c11_sim,Unknown #1,887,258,92,234
clip_c11_20260622_093444.avi,146,c11_sim,Unknown #1,895,265,94,242
clip_c11_20260622_093444.avi,147,c11_sim,Unknown #1,899,270,95,245
clip_c11_20260622_093444.avi,148,c11_sim,Unknown #1,902,273,95,247
clip_c11_20260622_093444.avi,149,c11_sim,Unknown #1,918,283,101,257
clip_c11_20260622_093444.avi,150,c11_sim,Unknown #1,936,292,105,268
clip_c11_20260622_093444.avi,151,c11_sim,Unknown #1,950,303,111,284
clip_c11_20260622_093444.avi,152,c11_sim,Unknown #1,958,310,111,288
clip_c11_20260622_093444.avi,153,c11_sim,Unknown #1,968,318,113,294
clip_c11_20260622_093444.avi,154,c11_sim,Unknown #1,988,340,120,311
clip_c11_20260622_093444.avi,155,c11_sim,Unknown #1,1036,359,130,335
clip_c11_20260622_093444.avi,156,c11_sim,Unknown #1,1054,380,127,326
clip_c11_20260622_093444.avi,157,c11_sim,Unknown #1,1068,380,134,342
clip_c11_20260622_093444.avi,158,c11_sim,Unknown #1,1126,407,144,355
clip_c11_20260622_093444.avi,159,c11_sim,Unknown #1,1203,427,146,354
clip_c11_20260622_093444.avi,160,c11_sim,Unknown #1,1245,442,164,388
clip_c11_20260622_093444.avi,161,c11_sim,Unknown #1,1263,451,171,396
clip_c11_20260622_093444.avi,162,c11_sim,Unknown #1,1273,458,176,399
clip_c11_20260622_093444.avi,163,c11_sim,Unknown #1,1308,480,173,387
clip_c11_20260622_093444.avi,164,c11_sim,Unknown #1,1369,505,172,371
clip_c11_20260622_093444.avi,165,c11_sim,Unknown #1,1419,528,177,365
clip_c11_20260622_093444.avi,166,c11_sim,Unknown #1,1500,545,184,368
clip_c11_20260622_093444.avi,167,c11_sim,Unknown #1,1532,554,187,363
clip_c11_20260622_093444.avi,168,c11_sim,Unknown #1,1568,567,187,352
clip_c11_20260622_093444.avi,169,c11_sim,Unknown #1,1646,585,184,337
clip_c9_20260622_093510.avi,42,c9_sim,Unknown #1,888,96,121,263
clip_c9_20260622_093510.avi,43,c9_sim,Unknown #1,887,97,122,265
clip_c9_20260622_093510.avi,44,c9_sim,Unknown #1,882,101,121,263
clip_c9_20260622_093510.avi,45,c9_sim,Unknown #1,877,102,121,264
clip_c9_20260622_093510.avi,46,c9_sim,Unknown #1,875,108,124,275
clip_c9_20260622_093510.avi,47,c9_sim,Unknown #1,875,110,124,279
clip_c9_20260622_093510.avi,48,c9_sim,Unknown #1,873,113,122,279
clip_c9_20260622_093510.avi,49,c9_sim,Unknown #1,867,117,120,275
clip_c9_20260622_093510.avi,50,c9_sim,Unknown #1,853,117,121,275
clip_c9_20260622_093510.avi,51,c9_sim,Unknown #1,834,117,120,274
clip_c9_20260622_093510.avi,52,c9_sim,Unknown #1,800,120,122,280
clip_c9_20260622_093510.avi,53,c9_sim,Unknown #1,789,123,121,280
clip_c9_20260622_093510.avi,54,c9_sim,Unknown #1,780,126,121,278
clip_c9_20260622_093510.avi,55,c9_sim,Unknown #1,748,129,119,278
clip_c9_20260622_093510.avi,56,c9_sim,Unknown #1,721,132,117,275
clip_c9_20260622_093510.avi,57,c9_sim,Unknown #1,699,135,117,273
clip_c9_20260622_093510.avi,58,c9_sim,Unknown #1,688,134,118,272
clip_c9_20260622_093510.avi,59,c9_sim,Unknown #1,686,136,118,270
clip_c9_20260622_093510.avi,60,c9_sim,Unknown #1,682,139,117,267
clip_c9_20260622_093510.avi,61,c9_sim,Unknown #1,653,140,118,271
clip_c9_20260622_093510.avi,62,c9_sim,Unknown #1,626,144,117,273
clip_c9_20260622_093510.avi,63,c9_sim,Unknown #1,614,143,115,274
clip_c9_20260622_093510.avi,66,c9_sim,Unknown #1,609,133,104,249
clip_c9_20260622_093510.avi,67,c9_sim,Unknown #1,610,129,98,239
clip_c9_20260622_093510.avi,68,c9_sim,Unknown #1,611,128,95,234
clip_c9_20260622_093510.avi,69,c9_sim,Unknown #1,613,128,93,233
clip_c9_20260622_093510.avi,70,c9_sim,Unknown #1,615,128,92,233
clip_c9_20260622_093510.avi,71,c9_sim,Unknown #1,614,131,96,250
clip_c9_20260622_093510.avi,72,c9_sim,Unknown #1,615,134,97,256
clip_c9_20260622_093510.avi,73,c9_sim,Unknown #1,616,134,96,260
clip_c9_20260622_093510.avi,74,c9_sim,Unknown #1,619,136,94,255
clip_c9_20260622_093510.avi,75,c9_sim,Unknown #1,621,137,94,255
clip_c9_20260622_093510.avi,76,c9_sim,Unknown #1,622,138,93,254
clip_c9_20260622_093510.avi,77,c9_sim,Unknown #1,628,138,95,256
clip_c9_20260622_093510.avi,78,c9_sim,Unknown #1,651,138,100,268
clip_c9_20260622_093510.avi,79,c9_sim,Unknown #1,666,138,106,282
clip_c9_20260622_093510.avi,80,c9_sim,Unknown #1,675,140,115,301
clip_c9_20260622_093510.avi,81,c9_sim,Unknown #1,679,140,118,308
clip_c9_20260622_093510.avi,82,c9_sim,Unknown #1,680,140,120,311
clip_c9_20260622_093510.avi,83,c9_sim,Unknown #1,697,144,117,303
clip_c9_20260622_093510.avi,86,c9_sim,Unknown #1,750,147,119,310
clip_c9_20260622_093510.avi,87,c9_sim,Unknown #1,759,148,118,312
clip_c9_20260622_093510.avi,88,c9_sim,Unknown #1,762,149,117,319
clip_c9_20260622_093510.avi,89,c9_sim,Unknown #1,770,152,121,337
clip_c9_20260622_093510.avi,90,c9_sim,Unknown #1,769,180,127,347
clip_c9_20260622_093510.avi,91,c9_sim,Unknown #1,784,194,132,355
clip_c9_20260622_093510.avi,92,c9_sim,Unknown #1,798,178,143,390
clip_c9_20260622_093510.avi,93,c9_sim,Unknown #1,820,201,147,392
clip_c9_20260622_093510.avi,94,c9_sim,Unknown #1,830,205,149,398
clip_c9_20260622_093510.avi,95,c9_sim,Unknown #1,836,216,148,391
clip_c9_20260622_093510.avi,96,c9_sim,Unknown #1,851,225,143,377
clip_c9_20260622_093510.avi,97,c9_sim,Unknown #1,890,231,145,385
clip_c9_20260622_093510.avi,98,c9_sim,Unknown #1,926,239,144,381
clip_c9_20260622_093510.avi,99,c9_sim,Unknown #1,953,244,142,369
clip_c9_20260622_093510.avi,100,c9_sim,Unknown #1,983,238,149,386
clip_c9_20260622_093510.avi,101,c9_sim,Unknown #1,1008,241,150,387
clip_c9_20260622_093510.avi,102,c9_sim,Unknown #1,1065,255,161,410
clip_c9_20260622_093510.avi,103,c9_sim,Unknown #1,1103,214,153,398
clip_c9_20260622_093510.avi,104,c9_sim,Unknown #1,1133,201,150,385
clip_c9_20260622_093510.avi,105,c9_sim,Unknown #1,1144,198,148,377
clip_c9_20260622_093510.avi,106,c9_sim,Unknown #1,1192,205,149,393
clip_c9_20260622_093510.avi,107,c9_sim,Unknown #1,1220,265,126,340
clip_c8_20260622_093541.avi,42,c8_sim,Unknown #1,1640,193,108,217
clip_c8_20260622_093541.avi,43,c8_sim,Unknown #1,1637,189,110,220
clip_c8_20260622_093541.avi,44,c8_sim,Unknown #1,1625,181,114,228
clip_c8_20260622_093541.avi,45,c8_sim,Unknown #1,1618,176,117,233
clip_c8_20260622_093541.avi,46,c8_sim,Unknown #1,1615,175,118,234
clip_c8_20260622_093541.avi,47,c8_sim,Unknown #1,1605,163,123,249
clip_c8_20260622_093541.avi,48,c8_sim,Unknown #1,1597,158,125,253
clip_c8_20260622_093541.avi,49,c8_sim,Unknown #1,1592,150,127,262
clip_c8_20260622_093541.avi,50,c8_sim,Unknown #1,1590,145,128,267
clip_c8_20260622_093541.avi,51,c8_sim,Unknown #1,1589,140,128,271
clip_c8_20260622_093541.avi,52,c8_sim,Unknown #1,1589,139,126,271
clip_c8_20260622_093541.avi,53,c8_sim,Unknown #1,1586,136,127,273
clip_c8_20260622_093541.avi,54,c8_sim,Unknown #1,1581,128,129,280
clip_c8_20260622_093541.avi,55,c8_sim,Unknown #1,1578,127,128,279
clip_c8_20260622_093541.avi,56,c8_sim,Unknown #1,1575,121,130,284
clip_c8_20260622_093541.avi,57,c8_sim,Unknown #1,1573,117,130,288
clip_c8_20260622_093541.avi,58,c8_sim,Unknown #1,1570,114,127,283
clip_c8_20260622_093541.avi,59,c8_sim,Unknown #1,1569,110,120,272
clip_c8_20260622_093541.avi,60,c8_sim,Unknown #1,1574,114,118,265
clip_c8_20260622_093541.avi,61,c8_sim,Unknown #1,1578,116,116,262
clip_c8_20260622_093541.avi,66,c8_sim,Unknown #1,1613,113,115,264
clip_c8_20260727_145055.avi,1,c8_sim,Unknown #1,1011,614,206,363
clip_c8_20260727_145055.avi,2,c8_sim,Unknown #1,1028,579,207,366
clip_c8_20260727_145055.avi,3,c8_sim,Unknown #1,1087,532,206,363
clip_c8_20260727_145055.avi,4,c8_sim,Unknown #1,1132,496,218,384
clip_c8_20260727_145055.avi,5,c8_sim,Unknown #1,1163,459,219,389
clip_c8_20260727_145055.avi,6,c8_sim,Unknown #1,1206,448,192,344
clip_c8_20260727_145055.avi,7,c8_sim,Unknown #1,1233,449,174,315
clip_c8_20260727_145055.avi,8,c8_sim,Unknown #1,1246,383,189,346
clip_c8_20260727_145055.avi,9,c8_sim,Unknown #1,1283,341,187,349
clip_c8_20260727_145055.avi,10,c8_sim,Unknown #1,1303,309,192,368
clip_c8_20260727_145055.avi,12,c8_sim,Unknown #1,1342,264,175,341
clip_c8_20260727_145055.avi,13,c8_sim,Unknown #1,1362,236,172,344
clip_c8_20260727_145055.avi,14,c8_sim,Unknown #1,1385,216,163,331
clip_c8_20260727_145055.avi,16,c8_sim,Unknown #1,1433,185,125,256
clip_c8_20260727_145055.avi,17,c8_sim,Unknown #1,1448,165,117,240
clip_c8_20260727_145055.avi,18,c8_sim,Unknown #1,1456,145,119,249
clip_c8_20260727_145055.avi,19,c8_sim,Unknown #1,1461,133,120,258
clip_c8_20260727_145055.avi,20,c8_sim,Unknown #1,1470,125,121,265
clip_c8_20260727_145055.avi,21,c8_sim,Unknown #1,1485,115,120,265
clip_c8_20260727_145055.avi,22,c8_sim,Unknown #1,1494,105,120,273
clip_c8_20260727_145055.avi,23,c8_sim,Unknown #1,1504,98,114,265
clip_c8_20260727_145055.avi,25,c8_sim,Unknown #1,1521,85,108,255
clip_c8_20260727_145055.avi,26,c8_sim,Unknown #1,1537,76,102,243
clip_c8_20260727_145055.avi,27,c8_sim,Unknown #1,1562,70,100,239
clip_c8_20260727_145055.avi,28,c8_sim,Unknown #1,1576,66,101,240
clip_c10_20260618_155056.avi,2,c10_sim,Unknown #1,1041,203,111,309
clip_c10_20260618_155056.avi,3,c10_sim,Unknown #1,1009,214,114,316
clip_c10_20260618_155056.avi,4,c10_sim,Unknown #1,984,225,123,337
clip_c10_20260618_155056.avi,5,c10_sim,Unknown #1,971,232,125,340
clip_c10_20260618_155056.avi,6,c10_sim,Unknown #1,957,236,126,339
clip_c10_20260618_155056.avi,7,c10_sim,Unknown #1,908,252,129,341
clip_c10_20260618_155056.avi,8,c10_sim,Unknown #1,885,262,131,339
clip_c10_20260618_155056.avi,9,c10_sim,Unknown #1,860,268,133,336
clip_c10_20260618_155056.avi,10,c10_sim,Unknown #1,827,276,134,339
clip_c10_20260618_155056.avi,11,c10_sim,Unknown #1,802,284,140,355
clip_c10_20260618_155056.avi,12,c10_sim,Unknown #1,792,290,141,362
clip_c10_20260618_155056.avi,13,c10_sim,Unknown #1,788,295,143,366
clip_c10_20260618_155056.avi,14,c10_sim,Unknown #1,761,305,145,365
clip_c10_20260618_155056.avi,15,c10_sim,Unknown #1,739,316,143,356
clip_c10_20260618_155056.avi,16,c10_sim,Unknown #1,714,333,148,358
clip_c10_20260618_155056.avi,17,c10_sim,Unknown #1,692,342,154,360
clip_c10_20260618_155056.avi,18,c10_sim,Unknown #1,662,353,154,350
clip_c10_20260618_155056.avi,19,c10_sim,Unknown #1,642,358,157,349
clip_c10_20260618_155056.avi,20,c10_sim,Unknown #1,563,404,165,359
clip_c10_20260618_155056.avi,21,c10_sim,Unknown #1,510,446,178,376
clip_c10_20260618_155056.avi,22,c10_sim,Unknown #1,486,464,187,381
clip_c11_20260727_145334.avi,7,c11_sim,Unknown #1,790,170,39,120
clip_c11_20260727_145334.avi,10,c11_sim,Unknown #1,789,176,39,122
clip_c11_20260727_145334.avi,11,c11_sim,Unknown #1,792,179,40,124
clip_c11_20260727_145334.avi,12,c11_sim,Unknown #1,793,175,42,132
clip_c11_20260727_145334.avi,13,c11_sim,Unknown #1,797,173,45,139
clip_c11_20260727_145334.avi,14,c11_sim,Unknown #1,801,175,45,138
clip_c11_20260727_145334.avi,15,c11_sim,Unknown #1,803,177,46,141
clip_c11_20260727_145334.avi,16,c11_sim,Unknown #1,809,180,45,141
clip_c11_20260727_145334.avi,17,c11_sim,Unknown #1,811,179,47,145
clip_c11_20260727_145334.avi,20,c11_sim,Unknown #1,815,188,47,146
clip_c11_20260727_145334.avi,22,c11_sim,Unknown #1,821,194,49,151
clip_c11_20260727_145334.avi,23,c11_sim,Unknown #1,827,194,52,160
clip_c11_20260727_145334.avi,25,c11_sim,Unknown #1,829,196,56,173
clip_c11_20260727_145334.avi,26,c11_sim,Unknown #1,832,193,62,189
clip_c11_20260727_145334.avi,27,c11_sim,Unknown #1,837,195,64,192
clip_c11_20260727_145334.avi,28,c11_sim,Unknown #1,842,204,66,198
clip_c11_20260727_145334.avi,30,c11_sim,Unknown #1,857,217,71,203
clip_c11_20260727_145334.avi,31,c11_sim,Unknown #1,857,191,88,247
clip_c11_20260727_145334.avi,33,c11_sim,Unknown #1,874,222,83,233
clip_c11_20260727_145334.avi,34,c11_sim,Unknown #1,885,233,84,231
clip_c11_20260727_145334.avi,35,c11_sim,Unknown #1,888,239,90,243
clip_c11_20260727_145334.avi,36,c11_sim,Unknown #1,894,249,95,255
clip_c11_20260727_145334.avi,37,c11_sim,Unknown #1,910,257,97,260
clip_c11_20260727_145334.avi,38,c11_sim,Unknown #1,925,267,101,268
clip_c11_20260727_145334.avi,39,c11_sim,Unknown #1,933,272,107,277
clip_c11_20260727_145334.avi,40,c11_sim,Unknown #1,940,280,115,291
clip_c11_20260727_145334.avi,41,c11_sim,Unknown #1,956,290,118,300
clip_c11_20260727_145334.avi,42,c11_sim,Unknown #1,969,303,123,312
clip_c11_20260727_145334.avi,43,c11_sim,Unknown #1,983,315,129,324
clip_c11_20260727_145334.avi,44,c11_sim,Unknown #1,991,322,135,334
clip_c11_20260727_145334.avi,45,c11_sim,Unknown #1,1004,339,146,355
clip_c11_20260727_145334.avi,46,c11_sim,Unknown #1,1035,351,151,365
clip_c11_20260727_145334.avi,47,c11_sim,Unknown #1,1055,366,158,377
clip_c11_20260727_145334.avi,48,c11_sim,Unknown #1,1106,376,160,383
clip_c11_20260727_145334.avi,50,c11_sim,Unknown #1,1263,430,172,385
clip_c11_20260727_145334.avi,51,c11_sim,Unknown #1,1323,440,171,382
clip_c11_20260727_145334.avi,52,c11_sim,Unknown #1,1393,466,176,390
clip_c11_20260727_145334.avi,53,c11_sim,Unknown #1,1492,489,173,382
clip_c11_20260727_145334.avi,54,c11_sim,Unknown #1,1549,517,171,369
clip_c11_20260727_145334.avi,55,c11_sim,Unknown #1,1649,550,168,355
clip_c11_20260727_145653.avi,1,c11_sim,Unknown #1,1554,512,194,361
clip_c11_20260727_145653.avi,2,c11_sim,Unknown #1,1504,508,190,352
clip_c11_20260727_145653.avi,3,c11_sim,Unknown #1,1466,495,191,355
clip_c11_20260727_145653.avi,4,c11_sim,Unknown #1,1437,479,196,368
clip_c11_20260727_145653.avi,5,c11_sim,Unknown #1,1377,478,196,369
clip_c11_20260727_145653.avi,6,c11_sim,Unknown #1,1338,455,198,376
clip_c11_20260727_145653.avi,7,c11_sim,Unknown #1,1317,437,193,371
clip_c11_20260727_145653.avi,8,c11_sim,Unknown #1,1260,430,190,364
clip_c11_20260727_145653.avi,9,c11_sim,Unknown #1,1223,423,185,355
clip_c11_20260727_145653.avi,10,c11_sim,Unknown #1,1183,408,186,361
clip_c11_20260727_145653.avi,11,c11_sim,Unknown #1,1143,396,189,368
clip_c11_20260727_145653.avi,12,c11_sim,Unknown #1,1124,384,183,364
clip_c11_20260727_145653.avi,13,c11_sim,Unknown #1,1110,368,173,352
clip_c11_20260727_145653.avi,14,c11_sim,Unknown #1,1066,362,170,345
clip_c11_20260727_145653.avi,15,c11_sim,Unknown #1,1045,354,166,339
clip_c11_20260727_145653.avi,16,c11_sim,Unknown #1,1015,342,159,327
clip_c11_20260727_145653.avi,17,c11_sim,Unknown #1,987,333,160,329
clip_c11_20260727_145653.avi,18,c11_sim,Unknown #1,969,325,159,331
clip_c11_20260727_145653.avi,19,c11_sim,Unknown #1,966,314,149,319
clip_c11_20260727_145653.avi,20,c11_sim,Unknown #1,942,306,143,311
clip_c11_20260727_145653.avi,21,c11_sim,Unknown #1,931,302,140,305
clip_c11_20260727_145653.avi,22,c11_sim,Unknown #1,914,294,132,291
clip_c11_20260727_145653.avi,23,c11_sim,Unknown #1,886,287,131,289
clip_c11_20260727_145653.avi,24,c11_sim,Unknown #1,873,283,128,285
clip_c11_20260727_145653.avi,25,c11_sim,Unknown #1,875,274,119,275
clip_c11_20260727_145653.avi,26,c11_sim,Unknown #1,864,266,116,273
clip_c11_20260727_145653.avi,28,c11_sim,Unknown #1,848,266,105,251
clip_c11_20260727_145653.avi,29,c11_sim,Unknown #1,822,258,106,253
clip_c11_20260727_145653.avi,30,c11_sim,Unknown #1,815,253,105,251
clip_c11_20260727_145653.avi,31,c11_sim,Unknown #1,817,249,100,240
clip_c11_20260727_145653.avi,32,c11_sim,Unknown #1,815,243,97,237
clip_c11_20260727_145653.avi,33,c11_sim,Unknown #1,809,239,95,232
clip_c11_20260727_145653.avi,34,c11_sim,Unknown #1,795,236,89,222
clip_c11_20260727_145653.avi,35,c11_sim,Unknown #1,782,236,89,220
clip_c11_20260727_145653.avi,36,c11_sim,Unknown #1,775,233,87,215
clip_c11_20260727_145653.avi,37,c11_sim,Unknown #1,774,229,87,216
clip_c11_20260727_145653.avi,38,c11_sim,Unknown #1,776,221,84,212
clip_c11_20260727_145653.avi,39,c11_sim,Unknown #1,776,224,80,203
clip_c11_20260727_145653.avi,40,c11_sim,Unknown #1,772,228,76,192
clip_c11_20260727_145653.avi,44,c11_sim,Unknown #1,780,217,70,178
clip_c11_20260727_145653.avi,45,c11_sim,Unknown #1,783,216,68,173
clip_c11_20260727_145653.avi,47,c11_sim,Unknown #1,777,206,66,170
clip_c11_20260727_145653.avi,48,c11_sim,Unknown #1,776,200,66,170
clip_c11_20260727_145653.avi,54,c11_sim,Unknown #1,775,193,61,157
clip_c11_20260727_145653.avi,56,c11_sim,Unknown #1,777,186,58,150
clip_c11_20260727_145653.avi,57,c11_sim,Unknown #1,777,184,56,148
clip_c11_20260727_145653.avi,58,c11_sim,Unknown #1,777,180,55,146
clip_c11_20260727_145653.avi,59,c11_sim,Unknown #1,776,179,55,145
clip_c11_20260727_145653.avi,60,c11_sim,Unknown #1,775,178,55,147
clip_c11_20260727_145653.avi,61,c11_sim,Unknown #1,778,179,52,138
clip_c12_20260617_152841.avi,27,c12_sim,Unknown #1,80,716,169,357
clip_c12_20260617_152841.avi,29,c12_sim,Unknown #1,78,731,163,343
clip_c12_20260727_145330.avi,1,c12_sim,Unknown #1,51,744,141,297
clip_c12_20260727_145330.avi,3,c12_sim,Unknown #1,39,797,121,250
clip_c10_20260727_145319.avi,1,c10_sim,Unknown #1,1103,179,102,338
clip_c10_20260727_145319.avi,2,c10_sim,Unknown #1,1067,181,104,341
clip_c10_20260727_145319.avi,3,c10_sim,Unknown #1,1020,196,109,347
clip_c10_20260727_145319.avi,4,c10_sim,Unknown #1,982,209,115,360
clip_c10_20260727_145319.avi,5,c10_sim,Unknown #1,959,217,114,359
clip_c10_20260727_145319.avi,6,c10_sim,Unknown #1,921,230,121,374
clip_c10_20260727_145319.avi,7,c10_sim,Unknown #1,889,243,124,379
clip_c10_20260727_145319.avi,8,c10_sim,Unknown #1,836,254,126,378
clip_c10_20260727_145319.avi,9,c10_sim,Unknown #1,778,274,139,399
clip_c10_20260727_145319.avi,10,c10_sim,Unknown #1,735,293,144,407
clip_c10_20260727_145319.avi,11,c10_sim,Unknown #1,711,310,143,403
clip_c10_20260727_145319.avi,12,c10_sim,Unknown #1,684,333,150,412
clip_c10_20260727_145319.avi,13,c10_sim,Unknown #1,645,356,154,412
clip_c10_20260727_145319.avi,14,c10_sim,Unknown #1,573,378,161,416
clip_c10_20260727_145319.avi,15,c10_sim,Unknown #1,514,405,168,425
clip_c10_20260727_145319.avi,16,c10_sim,Unknown #1,481,435,171,425
clip_c10_20260727_145319.avi,17,c10_sim,Unknown #1,451,465,176,425
clip_c10_20260727_145319.avi,18,c10_sim,Unknown #1,421,503,190,441
clip_c10_20260727_145319.avi,19,c10_sim,Unknown #1,373,542,192,429
clip_c10_20260727_145319.avi,20,c10_sim,Unknown #1,321,581,199,428
clip_c11_20260727_150629.avi,3,c11_sim,Unknown #1,250,602,271,440
clip_c11_20260727_150629.avi,4,c11_sim,Unknown #1,302,600,274,445
clip_c11_20260727_150629.avi,6,c11_sim,Unknown #1,359,585,269,440
clip_c11_20260727_150629.avi,7,c11_sim,Unknown #1,402,567,265,440
clip_c11_20260727_150629.avi,8,c11_sim,Unknown #1,431,550,267,451
clip_c11_20260727_150629.avi,9,c11_sim,Unknown #1,462,532,262,452
clip_c11_20260727_150629.avi,10,c11_sim,Unknown #1,505,512,240,422
clip_c11_20260727_150629.avi,11,c11_sim,Unknown #1,548,497,233,413
clip_c11_20260727_150629.avi,12,c11_sim,Unknown #1,586,485,220,399
clip_c11_20260727_150629.avi,14,c11_sim,Unknown #1,635,458,212,393
clip_c11_20260727_150629.avi,15,c11_sim,Unknown #1,660,440,201,382
clip_c11_20260727_150629.avi,17,c11_sim,Unknown #1,678,414,189,365
clip_c11_20260727_150629.avi,18,c11_sim,Unknown #1,699,396,178,348
clip_c11_20260727_150629.avi,19,c11_sim,Unknown #1,713,383,166,327
clip_c11_20260727_150629.avi,20,c11_sim,Unknown #1,719,373,163,327
clip_c11_20260727_150629.avi,23,c11_sim,Unknown #1,731,351,148,303
clip_c11_20260727_150629.avi,24,c11_sim,Unknown #1,745,336,134,282
clip_c11_20260727_150629.avi,25,c11_sim,Unknown #1,752,327,127,273
clip_c11_20260727_150629.avi,26,c11_sim,Unknown #1,756,310,123,270
clip_c11_20260727_150629.avi,28,c11_sim,Unknown #1,771,304,114,254
clip_c11_20260727_150629.avi,29,c11_sim,Unknown #1,780,296,109,247
clip_c11_20260727_150629.avi,30,c11_sim,Unknown #1,794,292,99,229
clip_c11_20260727_150629.avi,31,c11_sim,Unknown #1,801,288,97,227
clip_c11_20260727_150629.avi,32,c11_sim,Unknown #1,806,280,93,223
clip_c11_20260727_150629.avi,33,c11_sim,Unknown #1,814,274,89,217
clip_c11_20260727_150629.avi,34,c11_sim,Unknown #1,819,271,92,216
clip_c11_20260727_150629.avi,35,c11_sim,Unknown #1,827,264,94,208
clip_c11_20260727_150629.avi,36,c11_sim,Unknown #1,840,260,96,206
clip_c11_20260727_150629.avi,37,c11_sim,Unknown #1,842,256,96,205
clip_c11_20260727_150629.avi,38,c11_sim,Unknown #1,837,249,97,200
clip_c11_20260727_150629.avi,39,c11_sim,Unknown #1,839,247,97,195
clip_c11_20260727_150629.avi,40,c11_sim,Unknown #1,840,245,96,194
clip_c11_20260727_150629.avi,41,c11_sim,Unknown #1,846,244,88,183
clip_c9_20260727_145031.avi,30,c9_sim,Unknown #1,902,50,43,144
clip_c9_20260727_145031.avi,35,c9_sim,Unknown #1,893,61,47,157
clip_c9_20260727_145031.avi,40,c9_sim,Unknown #1,888,71,49,163
clip_c9_20260727_145031.avi,41,c9_sim,Unknown #1,884,76,50,167
clip_c9_20260727_145031.avi,42,c9_sim,Unknown #1,880,78,53,175
clip_c9_20260727_145031.avi,43,c9_sim,Unknown #1,879,79,52,171
clip_c9_20260727_145031.avi,44,c9_sim,Unknown #1,877,80,56,183
clip_c9_20260727_145031.avi,45,c9_sim,Unknown #1,875,82,60,198
clip_c9_20260727_145031.avi,46,c9_sim,Unknown #1,875,84,62,205
clip_c9_20260727_145031.avi,47,c9_sim,Unknown #1,876,87,62,204
clip_c9_20260727_145031.avi,48,c9_sim,Unknown #1,874,89,65,214
clip_c9_20260727_145031.avi,49,c9_sim,Unknown #1,872,91,65,214
clip_c9_20260727_145031.avi,50,c9_sim,Unknown #1,870,91,67,217
clip_c9_20260727_145031.avi,51,c9_sim,Unknown #1,868,90,67,220
clip_c9_20260727_145031.avi,52,c9_sim,Unknown #1,868,94,66,220
clip_c9_20260727_145031.avi,53,c9_sim,Unknown #1,870,99,65,217
clip_c9_20260727_145031.avi,54,c9_sim,Unknown #1,871,102,64,210
clip_c9_20260727_145031.avi,55,c9_sim,Unknown #1,869,106,65,216
clip_c9_20260727_145031.avi,56,c9_sim,Unknown #1,865,105,68,225
clip_c9_20260727_145031.avi,57,c9_sim,Unknown #1,863,111,69,223
clip_c9_20260727_145031.avi,58,c9_sim,Unknown #1,863,114,69,224
clip_c9_20260727_145031.avi,59,c9_sim,Unknown #1,861,118,71,227
clip_c9_20260727_145031.avi,60,c9_sim,Unknown #1,863,121,72,231
clip_c9_20260727_145031.avi,61,c9_sim,Unknown #1,867,126,72,227
clip_c9_20260727_145031.avi,62,c9_sim,Unknown #1,863,129,77,242
clip_c9_20260727_145031.avi,63,c9_sim,Unknown #1,858,134,79,249
clip_c9_20260727_145031.avi,64,c9_sim,Unknown #1,854,138,79,250
clip_c9_20260727_145031.avi,65,c9_sim,Unknown #1,853,141,80,249
clip_c9_20260727_145031.avi,66,c9_sim,Unknown #1,851,149,84,265
clip_c9_20260727_145031.avi,67,c9_sim,Unknown #1,854,156,85,267
clip_c9_20260727_145031.avi,68,c9_sim,Unknown #1,853,164,91,283
clip_c9_20260727_145031.avi,69,c9_sim,Unknown #1,852,170,98,294
clip_c9_20260727_145031.avi,70,c9_sim,Unknown #1,856,174,102,297
clip_c9_20260727_145031.avi,71,c9_sim,Unknown #1,878,182,105,304
clip_c9_20260727_145031.avi,72,c9_sim,Unknown #1,894,190,108,315
clip_c9_20260727_145031.avi,73,c9_sim,Unknown #1,920,197,110,318
clip_c9_20260727_145031.avi,74,c9_sim,Unknown #1,934,204,119,331
clip_c9_20260727_145031.avi,75,c9_sim,Unknown #1,942,208,127,345
clip_c9_20260727_145031.avi,76,c9_sim,Unknown #1,966,212,126,347
clip_c9_20260727_145031.avi,77,c9_sim,Unknown #1,1019,221,132,346
clip_c9_20260727_145031.avi,78,c9_sim,Unknown #1,1056,227,138,346
clip_c9_20260727_145031.avi,79,c9_sim,Unknown #1,1099,228,136,352
clip_c9_20260727_145031.avi,80,c9_sim,Unknown #1,1145,233,142,361
clip_c9_20260727_145031.avi,81,c9_sim,Unknown #1,1183,243,135,340
clip_c8_20260727_150740.avi,14,c8_sim,Unknown #1,962,562,187,330
clip_c8_20260727_150740.avi,15,c8_sim,Unknown #1,1021,527,186,327
clip_c8_20260727_150740.avi,16,c8_sim,Unknown #1,1062,491,197,346
clip_c8_20260727_150740.avi,17,c8_sim,Unknown #1,1102,463,194,340
clip_c8_20260727_150740.avi,18,c8_sim,Unknown #1,1138,451,166,291
clip_c8_20260727_150740.avi,19,c8_sim,Unknown #1,1156,393,185,330
clip_c8_20260727_150740.avi,20,c8_sim,Unknown #1,1195,356,179,323
clip_c10_20260618_155056.avi,25,c10_sim,Unknown #1,314,588,224,362
clip_c10_20260618_155056.avi,26,c10_sim,Unknown #1,309,597,223,361
clip_c10_20260727_145319.avi,21,c10_sim,Unknown #1,250,641,275,428
clip_c10_20260727_145319.avi,22,c10_sim,Unknown #1,223,662,271,413
clip_c10_20260727_145319.avi,23,c10_sim,Unknown #1,194,700,261,378
clip_c10_20260727_145319.avi,24,c10_sim,Unknown #1,172,755,247,324
clip_c10_20260727_145721.avi,0,c10_sim,Unknown #1,229,669,304,406
clip_c10_20260727_145721.avi,1,c10_sim,Unknown #1,298,626,326,433
clip_c10_20260727_145721.avi,2,c10_sim,Unknown #1,354,581,334,451
clip_c10_20260727_145721.avi,3,c10_sim,Unknown #1,399,539,322,445
clip_c10_20260727_145721.avi,4,c10_sim,Unknown #1,441,504,324,462
clip_c10_20260727_145721.avi,5,c10_sim,Unknown #1,484,471,320,471
clip_c10_20260727_145721.avi,6,c10_sim,Unknown #1,529,431,296,450
clip_c10_20260727_145721.avi,7,c10_sim,Unknown #1,594,403,290,447
clip_c10_20260727_145721.avi,8,c10_sim,Unknown #1,644,379,277,438
clip_c10_20260727_145721.avi,9,c10_sim,Unknown #1,689,352,261,424
clip_c10_20260727_145721.avi,10,c10_sim,Unknown #1,731,329,258,431
clip_c10_20260727_145721.avi,11,c10_sim,Unknown #1,771,309,251,430
clip_c10_20260727_145721.avi,12,c10_sim,Unknown #1,807,286,229,407
clip_c10_20260727_145721.avi,13,c10_sim,Unknown #1,858,268,225,404
clip_c10_20260727_145721.avi,14,c10_sim,Unknown #1,897,256,212,389
clip_c10_20260727_145721.avi,15,c10_sim,Unknown #1,938,239,206,385
clip_c10_20260727_145721.avi,16,c10_sim,Unknown #1,972,228,205,388
clip_c10_20260727_145721.avi,17,c10_sim,Unknown #1,1003,217,197,380
clip_c10_20260727_145721.avi,18,c10_sim,Unknown #1,1027,200,182,359
clip_c10_20260727_145721.avi,19,c10_sim,Unknown #1,1052,186,178,361
clip_c10_20260727_145721.avi,20,c10_sim,Unknown #1,1075,178,167,351
clip_c10_20260727_145721.avi,21,c10_sim,Unknown #1,1098,168,155,338
clip_c10_20260727_145721.avi,22,c10_sim,Unknown #1,1114,164,154,352
clip_c11_20260727_170139.avi,2,c11_sim,Unknown #1,1616,540,194,362
clip_c11_20260727_170139.avi,3,c11_sim,Unknown #1,1601,529,201,378
clip_c11_20260727_170139.avi,4,c11_sim,Unknown #1,1542,522,202,379
clip_c11_20260727_170139.avi,5,c11_sim,Unknown #1,1502,516,203,382
clip_c11_20260727_170139.avi,6,c11_sim,Unknown #1,1481,497,198,377
clip_c11_20260727_170139.avi,7,c11_sim,Unknown #1,1415,485,198,376
clip_c11_20260727_170139.avi,8,c11_sim,Unknown #1,1370,487,193,364
clip_c11_20260727_170139.avi,9,c11_sim,Unknown #1,1336,463,191,368
clip_c11_20260727_170139.avi,10,c11_sim,Unknown #1,1287,447,196,382
clip_c11_20260727_170139.avi,11,c11_sim,Unknown #1,1236,435,199,389
clip_c11_20260727_170139.avi,12,c11_sim,Unknown #1,1212,417,186,372
clip_c11_20260727_170139.avi,13,c11_sim,Unknown #1,1161,402,183,367
clip_c11_20260727_170139.avi,14,c11_sim,Unknown #1,1117,393,182,370
clip_c11_20260727_170139.avi,15,c11_sim,Unknown #1,1092,377,171,354
clip_c11_20260727_170139.avi,16,c11_sim,Unknown #1,1077,362,166,353
clip_c11_20260727_170139.avi,17,c11_sim,Unknown #1,1047,355,164,357
clip_c11_20260727_170139.avi,18,c11_sim,Unknown #1,1021,344,152,331
clip_c11_20260727_170139.avi,19,c11_sim,Unknown #1,996,328,149,326
clip_c11_20260727_170139.avi,20,c11_sim,Unknown #1,964,320,147,326
clip_c11_20260727_170139.avi,21,c11_sim,Unknown #1,945,309,143,321
clip_c11_20260727_170139.avi,22,c11_sim,Unknown #1,938,300,128,299
clip_c11_20260727_170139.avi,23,c11_sim,Unknown #1,913,296,125,291
clip_c11_20260727_170139.avi,24,c11_sim,Unknown #1,888,291,123,288
clip_c11_20260727_170139.avi,25,c11_sim,Unknown #1,877,279,118,278
clip_c11_20260727_170139.avi,26,c11_sim,Unknown #1,866,272,114,274
clip_c11_20260727_170139.avi,27,c11_sim,Unknown #1,857,271,108,264
clip_c11_20260727_170139.avi,28,c11_sim,Unknown #1,847,262,101,252
clip_c11_20260727_170139.avi,29,c11_sim,Unknown #1,830,258,99,246
clip_c11_20260727_170139.avi,30,c11_sim,Unknown #1,820,256,98,242
clip_c11_20260727_170139.avi,31,c11_sim,Unknown #1,815,250,95,232
clip_c11_20260727_170139.avi,32,c11_sim,Unknown #1,818,243,91,227
clip_c11_20260727_170139.avi,33,c11_sim,Unknown #1,817,240,89,223
clip_c11_20260727_170139.avi,34,c11_sim,Unknown #1,811,235,82,208
clip_c11_20260727_170139.avi,35,c11_sim,Unknown #1,801,230,83,209
clip_c11_20260727_170139.avi,36,c11_sim,Unknown #1,800,228,85,209
clip_c11_20260727_170139.avi,37,c11_sim,Unknown #1,799,223,83,197
clip_c11_20260727_170139.avi,38,c11_sim,Unknown #1,798,220,82,193
clip_c11_20260727_170139.avi,39,c11_sim,Unknown #1,798,212,84,197
clip_c11_20260727_170139.avi,40,c11_sim,Unknown #1,798,211,81,193
clip_c11_20260727_170139.avi,41,c11_sim,Unknown #1,798,210,76,182
clip_c11_20260727_170139.avi,42,c11_sim,Unknown #1,800,209,73,179
clip_c11_20260727_170139.avi,43,c11_sim,Unknown #1,801,211,70,174
clip_c11_20260727_170139.avi,44,c11_sim,Unknown #1,800,205,68,169
clip_c11_20260727_170139.avi,45,c11_sim,Unknown #1,800,202,64,161
clip_c11_20260727_170139.avi,46,c11_sim,Unknown #1,797,200,62,159
clip_c11_20260727_170139.avi,47,c11_sim,Unknown #1,792,196,61,157
clip_c11_20260727_170139.avi,48,c11_sim,Unknown #1,787,194,61,157
clip_c11_20260727_170139.avi,49,c11_sim,Unknown #1,784,193,60,156
clip_c11_20260727_170139.avi,51,c11_sim,Unknown #1,778,196,55,141
clip_c11_20260727_170139.avi,54,c11_sim,Unknown #1,769,183,53,143
clip_c11_20260813_134940.avi,1,c11_sim,Unknown #1,814,196,49,170
clip_c11_20260813_134940.avi,2,c11_sim,Unknown #1,814,197,50,172
clip_c9_20260727_150719.avi,31,c9_sim,Unknown #1,905,89,67,188
clip_c9_20260727_150719.avi,33,c9_sim,Unknown #1,901,97,71,201
clip_c9_20260727_150719.avi,34,c9_sim,Unknown #1,896,105,70,196
clip_c9_20260727_150719.avi,35,c9_sim,Unknown #1,889,112,68,193
clip_c9_20260727_150719.avi,36,c9_sim,Unknown #1,884,116,67,192
clip_c9_20260727_150719.avi,37,c9_sim,Unknown #1,881,120,68,190
clip_c9_20260727_150719.avi,38,c9_sim,Unknown #1,878,122,67,190
clip_c9_20260727_150719.avi,39,c9_sim,Unknown #1,870,126,68,193
clip_c9_20260727_150719.avi,40,c9_sim,Unknown #1,862,134,71,199
clip_c9_20260727_150719.avi,41,c9_sim,Unknown #1,853,138,73,203
clip_c9_20260727_150719.avi,42,c9_sim,Unknown #1,851,142,73,203
clip_c9_20260727_150719.avi,43,c9_sim,Unknown #1,853,145,74,205
clip_c9_20260727_150719.avi,44,c9_sim,Unknown #1,857,149,75,205
clip_c9_20260727_150719.avi,45,c9_sim,Unknown #1,861,153,75,204
clip_c9_20260727_150719.avi,46,c9_sim,Unknown #1,859,158,81,219
clip_c9_20260727_150719.avi,47,c9_sim,Unknown #1,855,164,82,223
clip_c9_20260727_150719.avi,48,c9_sim,Unknown #1,851,169,82,224
clip_c9_20260727_150719.avi,49,c9_sim,Unknown #1,851,176,85,233
clip_c9_20260727_150719.avi,50,c9_sim,Unknown #1,853,180,89,242
clip_c9_20260727_150719.avi,51,c9_sim,Unknown #1,853,184,90,245
clip_c9_20260727_150719.avi,52,c9_sim,Unknown #1,855,191,94,254
clip_c9_20260727_150719.avi,53,c9_sim,Unknown #1,856,197,97,266
clip_c9_20260727_150719.avi,54,c9_sim,Unknown #1,860,200,98,269
clip_c9_20260727_150719.avi,55,c9_sim,Unknown #1,873,206,101,274
clip_c9_20260727_150719.avi,56,c9_sim,Unknown #1,888,214,104,283
clip_c9_20260727_150719.avi,57,c9_sim,Unknown #1,901,217,105,288
clip_c9_20260727_150719.avi,58,c9_sim,Unknown #1,917,223,108,299
clip_c9_20260727_150719.avi,59,c9_sim,Unknown #1,934,231,110,307
clip_c9_20260727_150719.avi,60,c9_sim,Unknown #1,961,235,110,312
clip_c9_20260727_150719.avi,61,c9_sim,Unknown #1,994,231,115,323
clip_c9_20260727_150719.avi,62,c9_sim,Unknown #1,1019,242,118,316
clip_c9_20260727_150719.avi,63,c9_sim,Unknown #1,1066,246,110,297
clip_c9_20260727_150719.avi,64,c9_sim,Unknown #1,1102,251,118,320
clip_c9_20260727_150719.avi,65,c9_sim,Unknown #1,1128,259,123,322
clip_c9_20260727_150719.avi,66,c9_sim,Unknown #1,1179,263,122,325
clip_c9_20260727_150719.avi,67,c9_sim,Unknown #1,1209,266,120,325
clip_c10_20260727_165919.avi,10,c10_sim,Unknown #1,161,522,202,330
clip_c10_20260727_165919.avi,11,c10_sim,Unknown #1,166,463,225,370
clip_c10_20260727_165919.avi,12,c10_sim,Unknown #1,200,424,197,324
clip_c10_20260727_165919.avi,13,c10_sim,Unknown #1,254,388,197,326
clip_c10_20260727_165919.avi,14,c10_sim,Unknown #1,289,357,178,297
clip_c10_20260727_165919.avi,15,c10_sim,Unknown #1,304,327,180,305
clip_c10_20260727_165919.avi,16,c10_sim,Unknown #1,330,317,175,302
clip_c10_20260727_165919.avi,17,c10_sim,Unknown #1,350,305,157,273
clip_c10_20260727_165919.avi,18,c10_sim,Unknown #1,373,273,163,285
clip_c10_20260727_165919.avi,19,c10_sim,Unknown #1,398,271,157,281
clip_c10_20260727_165919.avi,20,c10_sim,Unknown #1,418,262,142,256
clip_c10_20260727_165919.avi,21,c10_sim,Unknown #1,432,245,138,255
clip_c10_20260727_165919.avi,22,c10_sim,Unknown #1,448,233,138,259
clip_c10_20260727_165919.avi,23,c10_sim,Unknown #1,470,218,124,237
clip_c10_20260727_165919.avi,24,c10_sim,Unknown #1,488,208,121,232
clip_c10_20260727_165919.avi,25,c10_sim,Unknown #1,509,196,119,232
clip_c10_20260727_165919.avi,26,c10_sim,Unknown #1,523,187,109,215
clip_c10_20260727_165919.avi,27,c10_sim,Unknown #1,535,177,106,216
clip_c10_20260727_165919.avi,28,c10_sim,Unknown #1,548,185,98,201
clip_c10_20260727_165919.avi,29,c10_sim,Unknown #1,568,159,98,202
clip_c10_20260727_165919.avi,30,c10_sim,Unknown #1,583,149,91,190
clip_c10_20260727_165919.avi,31,c10_sim,Unknown #1,592,139,88,185
clip_c10_20260727_165919.avi,33,c10_sim,Unknown #1,608,129,80,171
clip_c10_20260727_165919.avi,37,c10_sim,Unknown #1,626,118,66,144
clip_c11_20260813_134940.avi,8,c11_sim,Unknown #1,869,174,76,222
clip_c11_20260813_134940.avi,10,c11_sim,Unknown #1,874,173,78,229
clip_c11_20260813_134940.avi,11,c11_sim,Unknown #1,884,192,72,212
clip_c11_20260813_134940.avi,12,c11_sim,Unknown #1,887,200,72,208
clip_c11_20260813_134940.avi,13,c11_sim,Unknown #1,888,197,73,211
clip_c11_20260813_134940.avi,14,c11_sim,Unknown #1,892,205,70,204
clip_c11_20260813_134940.avi,15,c11_sim,Unknown #1,892,211,70,200
clip_c11_20260813_134940.avi,16,c11_sim,Unknown #1,895,220,65,186
clip_c11_20260813_134940.avi,23,c11_sim,Unknown #1,900,225,66,190
clip_c11_20260813_134940.avi,25,c11_sim,Unknown #1,902,225,69,198
clip_c11_20260813_134940.avi,27,c11_sim,Unknown #1,904,222,71,207
clip_c11_20260813_134940.avi,28,c11_sim,Unknown #1,905,220,73,214
clip_c11_20260813_134940.avi,29,c11_sim,Unknown #1,907,217,74,216
clip_c11_20260813_134940.avi,30,c11_sim,Unknown #1,909,218,73,216
clip_c11_20260813_134940.avi,31,c11_sim,Unknown #1,913,219,72,213
clip_c11_20260813_134940.avi,32,c11_sim,Unknown #1,917,221,70,208
clip_c11_20260813_134940.avi,33,c11_sim,Unknown #1,920,221,70,208
clip_c11_20260813_134940.avi,34,c11_sim,Unknown #1,923,221,70,209
clip_c11_20260813_134940.avi,35,c11_sim,Unknown #1,924,222,72,211
clip_c11_20260813_134940.avi,36,c11_sim,Unknown #1,925,222,74,217
clip_c11_20260813_134940.avi,37,c11_sim,Unknown #1,926,223,76,220
clip_c11_20260813_134940.avi,38,c11_sim,Unknown #1,927,224,77,222
clip_c11_20260813_134940.avi,39,c11_sim,Unknown #1,927,225,79,225
clip_c11_20260813_134940.avi,40,c11_sim,Unknown #1,928,227,79,225
clip_c11_20260813_134940.avi,41,c11_sim,Unknown #1,928,228,79,226
clip_c11_20260813_134940.avi,42,c11_sim,Unknown #1,927,229,81,230
clip_c11_20260813_134940.avi,43,c11_sim,Unknown #1,926,230,81,230
clip_c11_20260813_134940.avi,44,c11_sim,Unknown #1,925,230,81,231
clip_c11_20260813_134940.avi,45,c11_sim,Unknown #1,925,230,80,231
clip_c11_20260813_134940.avi,46,c11_sim,Unknown #1,924,230,81,231
clip_c11_20260813_134940.avi,47,c11_sim,Unknown #1,924,230,81,231
clip_c11_20260813_134940.avi,48,c11_sim,Unknown #1,924,230,80,231
clip_c11_20260813_134940.avi,49,c11_sim,Unknown #1,923,230,80,230
clip_c11_20260813_134940.avi,50,c11_sim,Unknown #1,923,230,80,231
clip_c11_20260813_134940.avi,51,c11_sim,Unknown #1,923,231,80,232
clip_c11_20260813_134940.avi,52,c11_sim,Unknown #1,923,231,80,234
clip_c11_20260813_134940.avi,53,c11_sim,Unknown #1,923,232,81,235
clip_c11_20260813_134940.avi,54,c11_sim,Unknown #1,922,232,83,242
clip_c11_20260813_134940.avi,55,c11_sim,Unknown #1,922,234,83,246
clip_c11_20260813_134940.avi,56,c11_sim,Unknown #1,923,236,83,246
clip_c11_20260813_134940.avi,57,c11_sim,Unknown #1,924,237,83,247
clip_c11_20260813_134940.avi,58,c11_sim,Unknown #1,924,238,83,247
clip_c11_20260813_134940.avi,59,c11_sim,Unknown #1,925,238,83,248
clip_c11_20260813_134940.avi,60,c11_sim,Unknown #1,927,238,82,247
clip_c11_20260813_134940.avi,61,c11_sim,Unknown #1,928,238,82,246
clip_c11_20260813_134940.avi,62,c11_sim,Unknown #1,930,239,81,246
clip_c11_20260813_134940.avi,63,c11_sim,Unknown #1,930,239,81,246
clip_c11_20260813_134940.avi,64,c11_sim,Unknown #1,931,239,81,247
clip_c11_20260813_134940.avi,65,c11_sim,Unknown #1,932,239,80,247
clip_c11_20260813_134940.avi,66,c11_sim,Unknown #1,931,239,80,247
clip_c11_20260813_134940.avi,67,c11_sim,Unknown #1,932,239,79,247
clip_c11_20260813_134940.avi,68,c11_sim,Unknown #1,912,234,77,238
clip_c11_20260813_134940.avi,73,c11_sim,Unknown #1,901,238,73,220
clip_c11_20260813_134940.avi,79,c11_sim,Unknown #1,894,234,71,215
clip_c11_20260813_134940.avi,80,c11_sim,Unknown #1,890,230,71,214
clip_c11_20260813_134940.avi,81,c11_sim,Unknown #1,888,228,70,212
clip_c11_20260813_134940.avi,82,c11_sim,Unknown #1,885,228,71,212
clip_c11_20260813_134940.avi,83,c11_sim,Unknown #1,884,228,72,212
clip_c11_20260813_134940.avi,84,c11_sim,Unknown #1,881,229,73,210
clip_c11_20260813_134940.avi,85,c11_sim,Unknown #1,879,229,73,210
clip_c11_20260813_134940.avi,86,c11_sim,Unknown #1,876,228,75,211
clip_c11_20260813_134940.avi,87,c11_sim,Unknown #1,874,228,77,210
clip_c11_20260813_134940.avi,88,c11_sim,Unknown #1,873,227,79,212
clip_c11_20260813_134940.avi,89,c11_sim,Unknown #1,873,227,80,212
clip_c11_20260813_134940.avi,90,c11_sim,Unknown #1,874,225,79,211
clip_c11_20260813_134940.avi,91,c11_sim,Unknown #1,876,223,79,210
clip_c11_20260813_134940.avi,92,c11_sim,Unknown #1,877,221,79,208
clip_c11_20260813_134940.avi,93,c11_sim,Unknown #1,880,218,77,202
clip_c11_20260813_134940.avi,94,c11_sim,Unknown #1,882,215,76,199
clip_c11_20260813_134940.avi,95,c11_sim,Unknown #1,884,213,75,198
clip_c11_20260813_134940.avi,96,c11_sim,Unknown #1,884,211,75,197
clip_c11_20260813_134940.avi,97,c11_sim,Unknown #1,885,211,74,197
clip_c11_20260813_134940.avi,98,c11_sim,Unknown #1,886,211,74,198
clip_c11_20260813_134940.avi,99,c11_sim,Unknown #1,886,210,74,198
clip_c11_20260813_134940.avi,100,c11_sim,Unknown #1,886,211,74,196
clip_c11_20260813_134940.avi,101,c11_sim,Unknown #1,887,210,72,195
clip_c11_20260813_134940.avi,102,c11_sim,Unknown #1,886,208,73,198
clip_c11_20260813_134940.avi,104,c11_sim,Unknown #1,886,208,70,193
clip_c11_20260813_134940.avi,108,c11_sim,Unknown #1,883,199,71,194
clip_c11_20260813_134940.avi,109,c11_sim,Unknown #1,881,192,72,198
clip_c11_20260813_134940.avi,110,c11_sim,Unknown #1,881,195,70,194
clip_c11_20260813_134940.avi,111,c11_sim,Unknown #1,878,182,74,206
clip_c11_20260813_134940.avi,112,c11_sim,Unknown #1,877,176,76,213
clip_c11_20260813_134940.avi,113,c11_sim,Unknown #1,876,173,76,214
clip_c11_20260813_134940.avi,116,c11_sim,Unknown #1,878,173,74,213
clip_c11_20260813_134940.avi,118,c11_sim,Unknown #1,885,192,67,191
clip_c11_20260813_134940.avi,121,c11_sim,Unknown #1,888,190,65,186
clip_c11_20260813_134940.avi,122,c11_sim,Unknown #1,887,185,66,188
clip_c11_20260813_134940.avi,123,c11_sim,Unknown #1,888,184,66,187
clip_c11_20260813_134940.avi,124,c11_sim,Unknown #1,890,184,65,186
clip_c11_20260813_134940.avi,125,c11_sim,Unknown #1,891,186,64,182
clip_c11_20260813_134940.avi,126,c11_sim,Unknown #1,893,189,64,180
clip_c11_20260813_134940.avi,127,c11_sim,Unknown #1,894,190,64,179
clip_c11_20260813_134940.avi,128,c11_sim,Unknown #1,895,188,64,181
clip_c11_20260813_134940.avi,129,c11_sim,Unknown #1,896,189,64,182
clip_c11_20260813_134940.avi,130,c11_sim,Unknown #1,896,188,64,183
clip_c11_20260813_134940.avi,131,c11_sim,Unknown #1,896,188,65,182
clip_c11_20260813_134940.avi,132,c11_sim,Unknown #1,897,187,64,182
clip_c11_20260813_134940.avi,133,c11_sim,Unknown #1,898,187,63,181
clip_c11_20260813_134940.avi,134,c11_sim,Unknown #1,899,188,62,178
clip_c11_20260813_134940.avi,135,c11_sim,Unknown #1,901,188,60,172
clip_c11_20260813_134940.avi,136,c11_sim,Unknown #1,902,188,59,168
clip_c11_20260813_134940.avi,137,c11_sim,Unknown #1,903,188,58,165
clip_c11_20260813_134940.avi,138,c11_sim,Unknown #1,905,187,57,164
clip_c9_20260813_134952.avi,9,c9_sim,Unknown #1,857,43,51,138
clip_c9_20260813_134952.avi,10,c9_sim,Unknown #1,856,43,52,140
clip_c9_20260813_134952.avi,11,c9_sim,Unknown #1,855,42,54,147
clip_c9_20260813_134952.avi,12,c9_sim,Unknown #1,853,43,55,149
clip_c9_20260813_134952.avi,13,c9_sim,Unknown #1,845,45,58,156
clip_c9_20260813_134952.avi,14,c9_sim,Unknown #1,844,44,57,157
clip_c9_20260813_134952.avi,15,c9_sim,Unknown #1,843,47,57,155
clip_c9_20260813_134952.avi,16,c9_sim,Unknown #1,843,48,56,155
clip_c9_20260813_134952.avi,17,c9_sim,Unknown #1,842,51,56,154
clip_c9_20260813_134952.avi,18,c9_sim,Unknown #1,842,52,56,155
clip_c9_20260813_134952.avi,19,c9_sim,Unknown #1,842,54,55,154
clip_c9_20260813_134952.avi,20,c9_sim,Unknown #1,842,56,55,152
clip_c9_20260813_134952.avi,21,c9_sim,Unknown #1,842,57,54,150
clip_c9_20260813_134952.avi,22,c9_sim,Unknown #1,843,56,54,151
clip_c9_20260813_134952.avi,23,c9_sim,Unknown #1,843,56,55,151
clip_c9_20260813_134952.avi,24,c9_sim,Unknown #1,843,56,55,150
clip_c9_20260813_134952.avi,25,c9_sim,Unknown #1,844,56,55,152
clip_c9_20260813_134952.avi,26,c9_sim,Unknown #1,843,56,56,152
clip_c9_20260813_134952.avi,27,c9_sim,Unknown #1,844,56,55,153
clip_c9_20260813_134952.avi,28,c9_sim,Unknown #1,843,57,56,152
clip_c9_20260813_134952.avi,29,c9_sim,Unknown #1,843,57,55,153
clip_c9_20260813_134952.avi,30,c9_sim,Unknown #1,843,57,56,155
clip_c9_20260813_134952.avi,31,c9_sim,Unknown #1,842,60,56,153
clip_c9_20260813_134952.avi,32,c9_sim,Unknown #1,840,61,57,154
clip_c9_20260813_134952.avi,33,c9_sim,Unknown #1,839,62,57,156
clip_c9_20260813_134952.avi,34,c9_sim,Unknown #1,837,61,57,157
clip_c9_20260813_134952.avi,35,c9_sim,Unknown #1,836,61,57,156
clip_c9_20260813_134952.avi,38,c9_sim,Unknown #1,836,61,58,158
clip_c9_20260813_134952.avi,39,c9_sim,Unknown #1,837,62,57,158
clip_c9_20260813_134952.avi,40,c9_sim,Unknown #1,836,63,58,158
clip_c9_20260813_134952.avi,42,c9_sim,Unknown #1,837,64,57,158
clip_c9_20260813_134952.avi,48,c9_sim,Unknown #1,837,67,59,164
clip_c9_20260813_134952.avi,50,c9_sim,Unknown #1,837,69,61,167
clip_c9_20260813_134952.avi,51,c9_sim,Unknown #1,839,69,60,167
clip_c9_20260813_134952.avi,52,c9_sim,Unknown #1,839,71,62,173
clip_c9_20260813_134952.avi,53,c9_sim,Unknown #1,840,72,63,175
clip_c9_20260813_134952.avi,54,c9_sim,Unknown #1,841,73,63,174
clip_c9_20260813_134952.avi,55,c9_sim,Unknown #1,842,74,63,174
clip_c9_20260813_134952.avi,56,c9_sim,Unknown #1,841,75,63,174
clip_c9_20260813_134952.avi,57,c9_sim,Unknown #1,840,76,63,174
clip_c9_20260813_134952.avi,58,c9_sim,Unknown #1,839,78,63,172
clip_c9_20260813_134952.avi,59,c9_sim,Unknown #1,838,78,65,178
clip_c9_20260813_134952.avi,60,c9_sim,Unknown #1,838,79,65,179
clip_c9_20260813_134952.avi,61,c9_sim,Unknown #1,836,79,66,180
clip_c9_20260813_134952.avi,62,c9_sim,Unknown #1,837,79,65,178
clip_c9_20260813_134952.avi,63,c9_sim,Unknown #1,838,79,64,175
clip_c9_20260813_134952.avi,64,c9_sim,Unknown #1,838,79,65,178
clip_c9_20260813_134952.avi,65,c9_sim,Unknown #1,837,79,66,183
clip_c9_20260813_134952.avi,66,c9_sim,Unknown #1,836,79,67,186
clip_c9_20260813_134952.avi,67,c9_sim,Unknown #1,836,80,68,190
clip_c9_20260813_134952.avi,68,c9_sim,Unknown #1,834,80,69,191
clip_c9_20260813_134952.avi,69,c9_sim,Unknown #1,834,81,68,190
clip_c9_20260813_134952.avi,70,c9_sim,Unknown #1,834,80,70,194
clip_c9_20260813_134952.avi,71,c9_sim,Unknown #1,836,82,68,193
clip_c9_20260813_134952.avi,72,c9_sim,Unknown #1,836,83,71,204
clip_c9_20260813_134952.avi,73,c9_sim,Unknown #1,837,84,72,213
clip_c9_20260813_134952.avi,74,c9_sim,Unknown #1,839,84,72,217
clip_c9_20260813_134952.avi,75,c9_sim,Unknown #1,841,85,71,217
clip_c9_20260813_134952.avi,76,c9_sim,Unknown #1,843,85,71,216
clip_c9_20260813_134952.avi,77,c9_sim,Unknown #1,846,85,69,214
clip_c9_20260813_134952.avi,78,c9_sim,Unknown #1,847,85,70,214
clip_c9_20260813_134952.avi,79,c9_sim,Unknown #1,848,85,69,209
clip_c9_20260813_134952.avi,80,c9_sim,Unknown #1,849,85,70,213
clip_c9_20260813_134952.avi,81,c9_sim,Unknown #1,849,86,72,221
clip_c9_20260813_134952.avi,82,c9_sim,Unknown #1,849,86,74,226
clip_c9_20260813_134952.avi,83,c9_sim,Unknown #1,849,87,74,228
clip_c9_20260813_134952.avi,84,c9_sim,Unknown #1,849,88,74,227
clip_c9_20260813_134952.avi,85,c9_sim,Unknown #1,850,90,73,224
clip_c9_20260813_134952.avi,86,c9_sim,Unknown #1,850,92,74,223
clip_c9_20260813_134952.avi,87,c9_sim,Unknown #1,851,93,75,224
clip_c9_20260813_134952.avi,88,c9_sim,Unknown #1,851,93,75,226
clip_c9_20260813_134952.avi,89,c9_sim,Unknown #1,851,93,75,227
clip_c9_20260813_134952.avi,90,c9_sim,Unknown #1,851,93,76,226
clip_c9_20260813_134952.avi,91,c9_sim,Unknown #1,853,94,75,222
clip_c9_20260813_134952.avi,92,c9_sim,Unknown #1,854,94,74,221
clip_c9_20260813_134952.avi,93,c9_sim,Unknown #1,855,94,74,220
clip_c9_20260813_134952.avi,94,c9_sim,Unknown #1,855,93,74,219
clip_c9_20260813_134952.avi,95,c9_sim,Unknown #1,857,93,74,219
clip_c9_20260813_134952.avi,96,c9_sim,Unknown #1,858,94,74,218
clip_c9_20260813_134952.avi,97,c9_sim,Unknown #1,857,96,75,223
clip_c9_20260813_134952.avi,98,c9_sim,Unknown #1,860,98,74,221
clip_c9_20260813_134952.avi,99,c9_sim,Unknown #1,862,99,76,228
clip_c9_20260813_134952.avi,100,c9_sim,Unknown #1,863,101,77,232
clip_c9_20260813_134952.avi,101,c9_sim,Unknown #1,865,102,77,234
clip_c9_20260813_134952.avi,102,c9_sim,Unknown #1,865,103,78,236
clip_c9_20260813_134952.avi,103,c9_sim,Unknown #1,866,103,77,235
clip_c9_20260813_134952.avi,104,c9_sim,Unknown #1,867,102,76,234
clip_c9_20260813_134952.avi,105,c9_sim,Unknown #1,870,101,74,232
clip_c9_20260813_134952.avi,106,c9_sim,Unknown #1,872,100,75,233
clip_c9_20260813_134952.avi,107,c9_sim,Unknown #1,871,102,76,235
clip_c9_20260813_134952.avi,108,c9_sim,Unknown #1,872,103,76,235
clip_c9_20260813_134952.avi,109,c9_sim,Unknown #1,873,103,77,236
clip_c9_20260813_134952.avi,110,c9_sim,Unknown #1,874,105,78,236
clip_c9_20260813_134952.avi,111,c9_sim,Unknown #1,873,106,80,239
clip_c9_20260813_134952.avi,112,c9_sim,Unknown #1,872,108,83,245
clip_c9_20260813_134952.avi,113,c9_sim,Unknown #1,872,111,85,247
clip_c9_20260813_134952.avi,114,c9_sim,Unknown #1,872,113,87,250
clip_c9_20260813_134952.avi,115,c9_sim,Unknown #1,872,115,88,251
clip_c9_20260813_134952.avi,116,c9_sim,Unknown #1,870,116,91,254
clip_c9_20260813_134952.avi,117,c9_sim,Unknown #1,868,118,90,253
clip_c9_20260813_134952.avi,118,c9_sim,Unknown #1,865,118,91,253
clip_c9_20260813_134952.avi,119,c9_sim,Unknown #1,861,119,91,254
clip_c9_20260813_134952.avi,120,c9_sim,Unknown #1,860,119,90,251
clip_c9_20260813_134952.avi,121,c9_sim,Unknown #1,858,119,90,252
clip_c9_20260813_134952.avi,122,c9_sim,Unknown #1,856,118,91,254
clip_c9_20260813_134952.avi,123,c9_sim,Unknown #1,856,118,90,254
clip_c9_20260813_134952.avi,124,c9_sim,Unknown #1,855,119,90,255
clip_c9_20260813_134952.avi,125,c9_sim,Unknown #1,854,121,92,259
clip_c9_20260813_134952.avi,126,c9_sim,Unknown #1,853,123,93,262
clip_c9_20260813_134952.avi,127,c9_sim,Unknown #1,853,125,94,265
clip_c9_20260813_134952.avi,128,c9_sim,Unknown #1,852,127,94,268
clip_c9_20260813_134952.avi,129,c9_sim,Unknown #1,851,130,96,273
clip_c9_20260813_134952.avi,130,c9_sim,Unknown #1,851,131,95,276
clip_c9_20260813_134952.avi,131,c9_sim,Unknown #1,851,132,95,278
clip_c9_20260813_134952.avi,132,c9_sim,Unknown #1,852,133,95,279
clip_c9_20260813_134952.avi,133,c9_sim,Unknown #1,853,133,94,279
clip_c9_20260813_134952.avi,134,c9_sim,Unknown #1,854,133,93,278
clip_c9_20260813_134952.avi,135,c9_sim,Unknown #1,856,133,94,276
clip_c9_20260813_134952.avi,136,c9_sim,Unknown #1,858,134,93,275
clip_c9_20260813_134952.avi,137,c9_sim,Unknown #1,858,135,95,276
clip_c9_20260813_134952.avi,138,c9_sim,Unknown #1,858,136,96,277
clip_c9_20260813_134952.avi,139,c9_sim,Unknown #1,857,138,98,281
clip_c9_20260813_134952.avi,140,c9_sim,Unknown #1,857,141,101,287
clip_c9_20260813_134952.avi,141,c9_sim,Unknown #1,856,141,103,294
clip_c9_20260813_134952.avi,142,c9_sim,Unknown #1,855,143,105,298
clip_c9_20260813_134952.avi,143,c9_sim,Unknown #1,855,145,106,300
clip_c9_20260813_134952.avi,144,c9_sim,Unknown #1,853,149,107,301
clip_c9_20260813_134952.avi,145,c9_sim,Unknown #1,851,150,108,304
clip_c9_20260813_134952.avi,146,c9_sim,Unknown #1,847,152,111,306
clip_c9_20260813_134952.avi,147,c9_sim,Unknown #1,841,153,111,307
clip_c9_20260813_134952.avi,148,c9_sim,Unknown #1,837,154,112,307
clip_c9_20260813_134952.avi,149,c9_sim,Unknown #1,835,155,112,305
clip_c9_20260813_134952.avi,150,c9_sim,Unknown #1,834,155,112,305
clip_c9_20260813_134952.avi,151,c9_sim,Unknown #1,834,155,111,306
clip_c9_20260813_134952.avi,152,c9_sim,Unknown #1,833,156,111,303
clip_c9_20260813_134952.avi,153,c9_sim,Unknown #1,832,157,112,304
clip_c9_20260813_134952.avi,154,c9_sim,Unknown #1,832,159,113,308
clip_c9_20260813_134952.avi,155,c9_sim,Unknown #1,831,160,115,314
clip_c9_20260813_134952.avi,156,c9_sim,Unknown #1,833,164,117,321
clip_c9_20260813_134952.avi,157,c9_sim,Unknown #1,831,166,118,324
clip_c9_20260813_134952.avi,158,c9_sim,Unknown #1,829,168,120,331
clip_c9_20260813_134952.avi,159,c9_sim,Unknown #1,831,171,120,334
clip_c9_20260813_134952.avi,160,c9_sim,Unknown #1,833,172,119,337
clip_c9_20260813_134952.avi,161,c9_sim,Unknown #1,835,173,118,338
clip_c9_20260813_134952.avi,162,c9_sim,Unknown #1,837,173,117,338
clip_c9_20260813_134952.avi,163,c9_sim,Unknown #1,840,174,116,336
clip_c9_20260813_134952.avi,164,c9_sim,Unknown #1,844,175,115,335
clip_c9_20260813_134952.avi,165,c9_sim,Unknown #1,848,176,113,334
clip_c9_20260813_134952.avi,166,c9_sim,Unknown #1,851,177,114,333
clip_c9_20260813_134952.avi,167,c9_sim,Unknown #1,856,179,116,336
clip_c9_20260813_134952.avi,168,c9_sim,Unknown #1,858,180,118,336
clip_c9_20260813_134952.avi,169,c9_sim,Unknown #1,859,182,125,353
clip_c9_20260813_134952.avi,170,c9_sim,Unknown #1,864,184,124,346
clip_c9_20260813_134952.avi,171,c9_sim,Unknown #1,867,188,129,357
clip_c9_20260813_134952.avi,172,c9_sim,Unknown #1,868,191,133,367
clip_c9_20260813_134952.avi,173,c9_sim,Unknown #1,869,194,136,373
clip_c9_20260813_134952.avi,174,c9_sim,Unknown #1,870,197,137,376
clip_c9_20260813_134952.avi,175,c9_sim,Unknown #1,871,198,138,378
clip_c9_20260813_134952.avi,176,c9_sim,Unknown #1,872,200,138,377
clip_c9_20260813_134952.avi,177,c9_sim,Unknown #1,874,200,138,378
clip_c9_20260813_134952.avi,178,c9_sim,Unknown #1,875,202,137,376
clip_c9_20260813_134952.avi,179,c9_sim,Unknown #1,876,203,136,376
clip_c9_20260813_134952.avi,180,c9_sim,Unknown #1,880,205,133,373
clip_c9_20260813_134952.avi,181,c9_sim,Unknown #1,886,206,131,371
clip_c9_20260813_134952.avi,182,c9_sim,Unknown #1,894,207,130,369
clip_c9_20260813_134952.avi,183,c9_sim,Unknown #1,905,210,130,369
clip_c9_20260813_134952.avi,184,c9_sim,Unknown #1,917,213,133,373
clip_c9_20260813_134952.avi,185,c9_sim,Unknown #1,926,215,137,376
clip_c9_20260813_134952.avi,186,c9_sim,Unknown #1,931,217,142,380
clip_c9_20260813_134952.avi,187,c9_sim,Unknown #1,933,218,147,384
clip_c9_20260813_134952.avi,188,c9_sim,Unknown #1,933,219,151,388
clip_c9_20260813_134952.avi,189,c9_sim,Unknown #1,935,222,154,387
clip_c9_20260813_134952.avi,190,c9_sim,Unknown #1,937,222,156,388
clip_c9_20260813_134952.avi,191,c9_sim,Unknown #1,944,222,155,388
clip_c9_20260813_134952.avi,192,c9_sim,Unknown #1,955,223,153,386
clip_c8_20260813_135011.avi,13,c8_sim,Unknown #1,955,385,167,401
clip_c8_20260813_135011.avi,15,c8_sim,Unknown #1,955,358,173,416
clip_c8_20260813_135011.avi,16,c8_sim,Unknown #1,959,343,170,411
clip_c8_20260813_135011.avi,17,c8_sim,Unknown #1,965,332,162,396
clip_c8_20260813_135011.avi,18,c8_sim,Unknown #1,968,320,156,383
clip_c8_20260813_135011.avi,19,c8_sim,Unknown #1,973,306,150,373
clip_c8_20260813_135011.avi,20,c8_sim,Unknown #1,976,298,146,362
clip_c8_20260813_135011.avi,21,c8_sim,Unknown #1,979,293,143,359
clip_c8_20260813_135011.avi,22,c8_sim,Unknown #1,980,285,144,366
clip_c8_20260813_135011.avi,23,c8_sim,Unknown #1,981,279,146,372
clip_c8_20260813_135011.avi,24,c8_sim,Unknown #1,983,275,147,376
clip_c8_20260813_135011.avi,25,c8_sim,Unknown #1,985,271,147,378
clip_c8_20260813_135011.avi,26,c8_sim,Unknown #1,986,265,147,384
clip_c8_20260813_135011.avi,27,c8_sim,Unknown #1,986,258,149,392
clip_c8_20260813_135011.avi,28,c8_sim,Unknown #1,988,251,149,396
clip_c8_20260813_135011.avi,29,c8_sim,Unknown #1,993,245,144,386
clip_c8_20260813_135011.avi,30,c8_sim,Unknown #1,996,236,143,383
clip_c8_20260813_135011.avi,31,c8_sim,Unknown #1,1003,229,138,367
clip_c8_20260813_135011.avi,32,c8_sim,Unknown #1,1013,221,130,343
clip_c8_20260813_135011.avi,33,c8_sim,Unknown #1,1018,212,129,339
clip_c8_20260813_135011.avi,34,c8_sim,Unknown #1,1021,206,131,339
clip_c8_20260813_135011.avi,35,c8_sim,Unknown #1,1022,202,134,342
clip_c8_20260813_135011.avi,36,c8_sim,Unknown #1,1022,197,138,347
clip_c8_20260813_135011.avi,37,c8_sim,Unknown #1,1024,192,141,352
clip_c8_20260813_135011.avi,38,c8_sim,Unknown #1,1025,187,144,357
clip_c8_20260813_135011.avi,39,c8_sim,Unknown #1,1027,183,146,360
clip_c8_20260813_135011.avi,40,c8_sim,Unknown #1,1029,179,147,364
clip_c8_20260813_135011.avi,41,c8_sim,Unknown #1,1031,175,147,364
clip_c8_20260813_135011.avi,42,c8_sim,Unknown #1,1032,168,148,368
clip_c8_20260813_135011.avi,43,c8_sim,Unknown #1,1034,160,148,368
clip_c8_20260813_135011.avi,44,c8_sim,Unknown #1,1048,155,121,291
clip_c8_20260813_135011.avi,45,c8_sim,Unknown #1,1053,149,113,265
clip_c8_20260813_135011.avi,46,c8_sim,Unknown #1,1053,144,113,261
clip_c8_20260813_135011.avi,47,c8_sim,Unknown #1,1054,139,115,263
clip_c8_20260813_135011.avi,48,c8_sim,Unknown #1,1054,133,117,267
clip_c8_20260813_135011.avi,49,c8_sim,Unknown #1,1055,130,120,270
clip_c8_20260813_135011.avi,50,c8_sim,Unknown #1,1057,126,121,275
clip_c8_20260813_135011.avi,51,c8_sim,Unknown #1,1058,123,123,277
clip_c8_20260813_135011.avi,52,c8_sim,Unknown #1,1060,118,124,282
clip_c8_20260813_135011.avi,53,c8_sim,Unknown #1,1062,115,125,286
clip_c8_20260813_135011.avi,54,c8_sim,Unknown #1,1065,112,125,291
clip_c8_20260813_135011.avi,55,c8_sim,Unknown #1,1067,108,127,297
clip_c8_20260813_135011.avi,56,c8_sim,Unknown #1,1071,105,125,297
clip_c8_20260813_135011.avi,57,c8_sim,Unknown #1,1073,100,126,302
clip_c8_20260813_135011.avi,58,c8_sim,Unknown #1,1077,95,123,298
clip_c8_20260813_135011.avi,59,c8_sim,Unknown #1,1079,89,123,299
clip_c8_20260813_135011.avi,60,c8_sim,Unknown #1,1082,85,121,294
clip_c8_20260813_135011.avi,61,c8_sim,Unknown #1,1083,81,121,295
clip_c8_20260813_135011.avi,62,c8_sim,Unknown #1,1083,77,121,296
clip_c8_20260813_135011.avi,63,c8_sim,Unknown #1,1085,73,123,300
clip_c8_20260813_135011.avi,64,c8_sim,Unknown #1,1086,69,124,304
clip_c8_20260813_135011.avi,65,c8_sim,Unknown #1,1088,67,123,305
clip_c8_20260813_135011.avi,66,c8_sim,Unknown #1,1089,65,122,307
clip_c8_20260813_135011.avi,67,c8_sim,Unknown #1,1089,63,123,308
clip_c8_20260813_135011.avi,68,c8_sim,Unknown #1,1089,61,122,307
clip_c8_20260813_135011.avi,69,c8_sim,Unknown #1,1089,56,119,307
clip_c8_20260813_135011.avi,70,c8_sim,Unknown #1,1089,51,117,304
clip_c8_20260813_135011.avi,71,c8_sim,Unknown #1,1090,48,113,295
clip_c8_20260813_135011.avi,72,c8_sim,Unknown #1,1091,44,109,285
clip_c8_20260813_135011.avi,73,c8_sim,Unknown #1,1093,41,104,275
clip_c8_20260813_135011.avi,74,c8_sim,Unknown #1,1097,22,102,268
clip_c8_20260813_135011.avi,75,c8_sim,Unknown #1,1101,13,100,266
clip_c8_20260813_135011.avi,76,c8_sim,Unknown #1,1103,8,98,259
clip_c8_20260813_135011.avi,77,c8_sim,Unknown #1,1105,4,96,252
clip_c8_20260813_135011.avi,78,c8_sim,Unknown #1,1107,1,94,248
clip_c8_20260813_135011.avi,79,c8_sim,Unknown #1,1107,0,94,245
clip_c8_20260813_135011.avi,80,c8_sim,Unknown #1,1106,-1,95,245
clip_c8_20260813_135011.avi,81,c8_sim,Unknown #1,1106,-1,95,245
clip_c8_20260813_135011.avi,82,c8_sim,Unknown #1,1106,-1,95,243
clip_c8_20260813_135011.avi,83,c8_sim,Unknown #1,1106,-1,94,243
clip_c8_20260813_135011.avi,84,c8_sim,Unknown #1,1105,-1,84,212
clip_c8_20260813_135011.avi,85,c8_sim,Unknown #1,1104,-1,80,200
clip_c8_20260813_135011.avi,86,c8_sim,Unknown #1,1104,-1,80,195
clip_c8_20260813_135011.avi,87,c8_sim,Unknown #1,1106,0,58,140
clip_c8_20260813_135011.avi,88,c8_sim,Unknown #1,1107,1,51,120
clip_c8_20260813_135011.avi,89,c8_sim,Unknown #1,1107,1,51,116
clip_c8_20260813_135011.avi,90,c8_sim,Unknown #1,1108,0,49,113
clip_c8_20260813_135011.avi,91,c8_sim,Unknown #1,1108,0,50,113
clip_c8_20260813_135011.avi,92,c8_sim,Unknown #1,1109,1,49,107
