source_clip,local_frame,camera,person_pred,x,y,w,h
clip_c8_20260617_150337.avi,0,c8_sim,Unknown #1,1607,81,77,230
clip_c8_20260617_150337.avi,1,c8_sim,Unknown #1,1609,77,72,230
clip_c8_20260617_150337.avi,2,c8_sim,Unknown #1,1607,81,73,232
clip_c8_20260617_150337.avi,3,c8_sim,Unknown #1,1603,80,75,244
clip_c8_20260617_150337.avi,4,c8_sim,Unknown #1,1585,92,73,254
clip_c8_20260617_150337.avi,5,c8_sim,Unknown #1,1581,100,72,245
clip_c8_20260617_150337.avi,6,c8_sim,Unknown #1,1566,101,80,244
clip_c8_20260617_150337.avi,7,c8_sim,Unknown #1,1538,107,103,237
clip_c8_20260617_150337.avi,8,c8_sim,Unknown #1,1517,107,124,239
clip_c8_20260617_150337.avi,9,c8_sim,Unknown #1,1516,108,125,242
clip_c8_20260617_150337.avi,10,c8_sim,Unknown #1,1511,105,101,245
clip_c8_20260617_150337.avi,11,c8_sim,Unknown #1,1510,110,95,255
clip_c8_20260617_150337.avi,12,c8_sim,Unknown #1,1491,128,99,273
clip_c8_20260617_150337.avi,13,c8_sim,Unknown #1,1480,135,98,271
clip_c8_20260617_150337.avi,14,c8_sim,Unknown #1,1465,134,106,271
clip_c8_20260617_150337.avi,15,c8_sim,Unknown #1,1433,141,124,266
clip_c8_20260617_150337.avi,16,c8_sim,Unknown #1,1421,145,129,264
clip_c8_20260617_150337.avi,17,c8_sim,Unknown #1,1419,148,121,261
clip_c8_20260617_150337.avi,18,c8_sim,Unknown #1,1417,150,108,258
clip_c8_20260617_150337.avi,19,c8_sim,Unknown #1,1418,151,102,255
clip_c8_20260617_150337.avi,20,c8_sim,Unknown #1,1401,162,98,244
clip_c8_20260617_150337.avi,21,c8_sim,Unknown #1,1389,175,101,231
clip_c8_20260617_150337.avi,22,c8_sim,Unknown #1,1381,183,103,223
clip_c8_20260617_150337.avi,23,c8_sim,Unknown #1,1371,190,104,215
clip_c8_20260617_150337.avi,24,c8_sim,Unknown #1,1358,194,110,211
clip_c8_20260617_150337.avi,25,c8_sim,Unknown #1,1338,198,124,207
clip_c8_20260617_150337.avi,26,c8_sim,Unknown #1,1333,201,121,206
clip_c8_20260617_150337.avi,27,c8_sim,Unknown #1,1293,218,141,311
clip_c8_20260617_150337.avi,28,c8_sim,Unknown #1,1290,222,139,320
clip_c8_20260617_150337.avi,29,c8_sim,Unknown #1,1288,232,118,312
clip_c8_20260617_150337.avi,30,c8_sim,Unknown #1,1279,240,118,306
clip_c8_20260617_150337.avi,31,c8_sim,Unknown #1,1262,255,122,335
clip_c8_20260617_150337.avi,32,c8_sim,Unknown #1,1249,271,127,351
clip_c8_20260617_150337.avi,33,c8_sim,Unknown #1,1238,283,130,346
clip_c8_20260617_150337.avi,34,c8_sim,Unknown #1,1233,291,125,337
clip_c8_20260617_150337.avi,35,c8_sim,Unknown #1,1223,298,127,332
clip_c8_20260617_150337.avi,36,c8_sim,Unknown #1,1201,306,132,320
clip_c8_20260617_150337.avi,37,c8_sim,Unknown #1,1156,326,162,334
clip_c8_20260617_150337.avi,38,c8_sim,Unknown #1,1143,331,169,338
clip_c8_20260617_150337.avi,39,c8_sim,Unknown #1,1139,335,165,338
clip_c8_20260617_150337.avi,40,c8_sim,Unknown #1,1107,364,139,324
clip_c8_20260617_150337.avi,41,c8_sim,Unknown #1,1091,380,134,330
clip_c8_20260617_150337.avi,42,c8_sim,Unknown #1,1074,460,136,302
clip_c8_20260617_150337.avi,43,c8_sim,Unknown #1,1057,459,139,318
clip_c8_20260617_150337.avi,44,c8_sim,Unknown #1,1039,459,148,319
clip_c8_20260617_150337.avi,45,c8_sim,Unknown #1,1024,460,143,320
clip_c8_20260617_150337.avi,46,c8_sim,Unknown #1,997,462,142,322
clip_c8_20260617_150337.avi,47,c8_sim,Unknown #1,972,464,150,317
clip_c8_20260617_150337.avi,48,c8_sim,Unknown #1,971,468,143,328
clip_c8_20260617_150337.avi,49,c8_sim,Unknown #1,944,513,164,333
clip_c12_20260617_152841.avi,4,c12_sim,Unknown #2,0,467,71,214
clip_c12_20260617_152841.avi,5,c12_sim,Unknown #2,0,478,58,205
clip_c12_20260617_152841.avi,7,c12_sim,Unknown #2,0,491,54,199
clip_c11_20260617_152852.avi,72,c11_sim,Unknown #2,775,226,62,190
clip_c11_20260617_152852.avi,73,c11_sim,Unknown #2,775,225,60,190
clip_c11_20260617_152852.avi,74,c11_sim,Unknown #2,774,226,54,191
clip_c11_20260617_152852.avi,75,c11_sim,Unknown #2,774,230,57,194
clip_c11_20260617_152852.avi,76,c11_sim,Unknown #2,774,240,58,187
clip_c11_20260617_152852.avi,77,c11_sim,Unknown #2,775,239,59,197
clip_c11_20260617_152852.avi,78,c11_sim,Unknown #2,774,234,70,198
clip_c11_20260617_152852.avi,79,c11_sim,Unknown #2,775,239,70,194
clip_c11_20260617_152852.avi,80,c11_sim,Unknown #2,775,242,67,193
clip_c11_20260617_152852.avi,81,c11_sim,Unknown #2,775,240,67,200
clip_c11_20260617_152852.avi,82,c11_sim,Unknown #2,774,241,70,201
clip_c11_20260617_152852.avi,83,c11_sim,Unknown #2,772,246,87,205
clip_c11_20260617_152852.avi,84,c11_sim,Unknown #2,779,251,75,218
clip_c11_20260617_152852.avi,85,c11_sim,Unknown #2,778,253,74,220
clip_c11_20260617_152852.avi,86,c11_sim,Unknown #2,772,255,77,219
clip_c11_20260617_152852.avi,87,c11_sim,Unknown #2,768,256,82,217
clip_c11_20260617_152852.avi,88,c11_sim,Unknown #2,766,258,84,213
clip_c11_20260617_152852.avi,89,c11_sim,Unknown #2,765,258,88,217
clip_c11_20260617_152852.avi,90,c11_sim,Unknown #2,761,258,95,216
clip_c11_20260617_152852.avi,91,c11_sim,Unknown #2,762,260,94,221
clip_c11_20260617_152852.avi,92,c11_sim,Unknown #2,783,267,101,232
clip_c11_20260617_152852.avi,93,c11_sim,Unknown #2,780,276,98,248
clip_c11_20260617_152852.avi,94,c11_sim,Unknown #2,780,277,93,248
clip_c11_20260617_152852.avi,95,c11_sim,Unknown #2,780,279,86,243
clip_c11_20260617_152852.avi,96,c11_sim,Unknown #2,780,280,86,244
clip_c11_20260617_152852.avi,97,c11_sim,Unknown #2,787,287,89,253
clip_c11_20260617_152852.avi,98,c11_sim,Unknown #2,796,290,97,252
clip_c11_20260617_152852.avi,99,c11_sim,Unknown #2,795,290,100,247
clip_c11_20260617_152852.avi,100,c11_sim,Unknown #2,789,296,106,267
clip_c11_20260617_152852.avi,101,c11_sim,Unknown #2,786,302,103,270
clip_c11_20260617_152852.avi,102,c11_sim,Unknown #2,782,306,104,263
clip_c11_20260617_152852.avi,103,c11_sim,Unknown #2,780,308,105,268
clip_c11_20260617_152852.avi,104,c11_sim,Unknown #2,782,310,99,273
clip_c11_20260617_152852.avi,105,c11_sim,Unknown #2,789,313,87,286
clip_c11_20260617_152852.avi,106,c11_sim,Unknown #2,790,314,86,286
clip_c11_20260617_152852.avi,107,c11_sim,Unknown #2,799,320,85,286
clip_c11_20260617_152852.avi,108,c11_sim,Unknown #2,802,321,85,292
clip_c11_20260617_152852.avi,109,c11_sim,Unknown #2,803,323,86,290
clip_c11_20260617_152852.avi,110,c11_sim,Unknown #2,802,325,87,301
clip_c11_20260617_152852.avi,111,c11_sim,Unknown #2,794,337,92,315
clip_c11_20260617_152852.avi,112,c11_sim,Unknown #2,789,340,99,306
clip_c11_20260617_152852.avi,113,c11_sim,Unknown #2,787,340,102,312
clip_c11_20260617_152852.avi,114,c11_sim,Unknown #2,797,351,119,325
clip_c11_20260617_152852.avi,115,c11_sim,Unknown #2,805,356,107,321
clip_c11_20260617_152852.avi,116,c11_sim,Unknown #2,828,364,116,325
clip_c11_20260617_152852.avi,117,c11_sim,Unknown #2,837,369,113,346
clip_c11_20260617_152852.avi,118,c11_sim,Unknown #2,841,378,117,357
clip_c11_20260617_152852.avi,119,c11_sim,Unknown #2,842,384,121,370
clip_c11_20260617_152852.avi,120,c11_sim,Unknown #2,843,385,122,372
clip_c11_20260617_152852.avi,121,c11_sim,Unknown #2,847,389,123,362
clip_c11_20260617_152852.avi,122,c11_sim,Unknown #2,853,394,121,360
clip_c11_20260617_152852.avi,123,c11_sim,Unknown #2,857,398,128,365
clip_c11_20260617_152852.avi,124,c11_sim,Unknown #2,870,409,131,357
clip_c11_20260617_152852.avi,125,c11_sim,Unknown #2,876,414,142,376
clip_c11_20260617_152852.avi,126,c11_sim,Unknown #2,877,414,151,377
clip_c11_20260617_152852.avi,127,c11_sim,Unknown #2,885,417,148,370
clip_c11_20260617_152852.avi,128,c11_sim,Unknown #2,885,418,153,375
clip_c11_20260617_152852.avi,129,c11_sim,Unknown #2,895,416,151,378
clip_c11_20260617_152852.avi,130,c11_sim,Unknown #2,939,429,105,388
clip_c11_20260617_152852.avi,131,c11_sim,Unknown #2,965,456,137,387
clip_c11_20260617_152852.avi,144,c11_sim,Unknown #2,1223,528,155,400
clip_c11_20260617_152852.avi,145,c11_sim,Unknown #2,1226,540,176,394
clip_c11_20260617_152852.avi,146,c11_sim,Unknown #2,1231,547,195,388
clip_c11_20260617_152852.avi,147,c11_sim,Unknown #2,1230,547,222,384
clip_c11_20260617_152852.avi,148,c11_sim,Unknown #2,1268,545,212,392
clip_c11_20260617_152852.avi,149,c11_sim,Unknown #2,1297,549,193,384
clip_c11_20260617_152852.avi,150,c11_sim,Unknown #2,1341,557,194,415
clip_c11_20260617_152852.avi,151,c11_sim,Unknown #2,1342,567,192,407
clip_c11_20260617_152852.avi,152,c11_sim,Unknown #2,1342,582,211,389
clip_c11_20260617_152852.avi,153,c11_sim,Unknown #2,1354,579,231,400
clip_c11_20260617_152852.avi,154,c11_sim,Unknown #2,1394,586,214,389
clip_c11_20260617_152852.avi,155,c11_sim,Unknown #2,1434,592,201,381
clip_c11_20260617_152852.avi,156,c11_sim,Unknown #2,1436,597,210,374
clip_c11_20260617_152852.avi,157,c11_sim,Unknown #2,1437,603,241,371
clip_c11_20260617_152852.avi,158,c11_sim,Unknown #2,1470,603,229,350
clip_c11_20260617_152852.avi,159,c11_sim,Unknown #2,1506,601,214,375
clip_c11_20260617_152852.avi,160,c11_sim,Unknown #2,1520,601,207,376
clip_c11_20260617_152852.avi,161,c11_sim,Unknown #2,1539,604,198,378
clip_c11_20260617_152852.avi,162,c11_sim,Unknown #2,1535,622,231,344
clip_c11_20260617_152852.avi,163,c11_sim,Unknown #2,1535,632,247,336
clip_c11_20260617_152852.avi,164,c11_sim,Unknown #2,1544,637,253,332
clip_c11_20260617_152852.avi,165,c11_sim,Unknown #2,1580,644,239,333
clip_c11_20260617_152852.avi,166,c11_sim,Unknown #2,1650,649,203,381
clip_c11_20260617_152852.avi,167,c11_sim,Unknown #2,1640,654,227,383
clip_c11_20260617_152852.avi,4,c11_sim,Unknown #3,803,159,44,120
clip_c11_20260617_152852.avi,5,c11_sim,Unknown #3,795,156,43,129
clip_c11_20260617_152852.avi,7,c11_sim,Unknown #3,800,162,35,126
clip_c11_20260617_152852.avi,10,c11_sim,Unknown #3,802,166,39,124
clip_c11_20260617_152852.avi,14,c11_sim,Unknown #3,803,168,40,131
clip_c11_20260617_152852.avi,15,c11_sim,Unknown #3,804,170,41,128
clip_c11_20260617_152852.avi,16,c11_sim,Unknown #3,802,168,44,131
clip_c11_20260617_152852.avi,17,c11_sim,Unknown #3,801,168,46,136
clip_c11_20260617_152852.avi,18,c11_sim,Unknown #3,803,169,47,137
clip_c11_20260617_152852.avi,19,c11_sim,Unknown #3,802,168,50,137
clip_c11_20260617_152852.avi,20,c11_sim,Unknown #3,807,170,48,135
clip_c11_20260617_152852.avi,21,c11_sim,Unknown #3,806,169,55,141
clip_c11_20260617_152852.avi,22,c11_sim,Unknown #3,805,169,55,141
clip_c11_20260617_152852.avi,23,c11_sim,Unknown #3,808,170,48,141
clip_c11_20260617_152852.avi,24,c11_sim,Unknown #3,808,172,48,140
clip_c11_20260617_152852.avi,26,c11_sim,Unknown #3,804,172,49,145
clip_c11_20260617_152852.avi,27,c11_sim,Unknown #3,802,171,50,145
clip_c11_20260617_152852.avi,28,c11_sim,Unknown #3,803,172,45,141
clip_c11_20260617_152852.avi,29,c11_sim,Unknown #3,801,168,52,151
clip_c11_20260617_152852.avi,30,c11_sim,Unknown #3,802,171,47,155
clip_c11_20260617_152852.avi,31,c11_sim,Unknown #3,804,174,55,153
clip_c11_20260617_152852.avi,32,c11_sim,Unknown #3,804,174,55,154
clip_c11_20260617_152852.avi,33,c11_sim,Unknown #3,803,174,53,154
clip_c11_20260617_152852.avi,34,c11_sim,Unknown #3,802,176,55,153
clip_c11_20260617_152852.avi,35,c11_sim,Unknown #3,802,180,49,155
clip_c11_20260617_152852.avi,36,c11_sim,Unknown #3,800,182,54,154
clip_c11_20260617_152852.avi,37,c11_sim,Unknown #3,794,178,60,159
clip_c11_20260617_152852.avi,38,c11_sim,Unknown #3,795,179,57,162
clip_c11_20260617_152852.avi,39,c11_sim,Unknown #3,797,182,55,160
clip_c11_20260617_152852.avi,40,c11_sim,Unknown #3,797,183,56,159
clip_c11_20260617_152852.avi,41,c11_sim,Unknown #3,798,184,60,159
clip_c11_20260617_152852.avi,42,c11_sim,Unknown #3,803,183,57,162
clip_c11_20260617_152852.avi,43,c11_sim,Unknown #3,804,183,57,164
clip_c11_20260617_152852.avi,44,c11_sim,Unknown #3,805,185,56,162
clip_c11_20260617_152852.avi,45,c11_sim,Unknown #3,808,186,59,168
clip_c11_20260617_152852.avi,46,c11_sim,Unknown #3,809,188,58,170
clip_c11_20260617_152852.avi,47,c11_sim,Unknown #3,810,188,55,173
clip_c11_20260617_152852.avi,48,c11_sim,Unknown #3,808,188,59,173
clip_c11_20260617_152852.avi,49,c11_sim,Unknown #3,807,186,59,175
clip_c11_20260617_152852.avi,50,c11_sim,Unknown #3,804,185,64,178
clip_c11_20260617_152852.avi,51,c11_sim,Unknown #3,806,191,67,175
clip_c11_20260617_152852.avi,52,c11_sim,Unknown #3,810,195,65,173
clip_c11_20260617_152852.avi,53,c11_sim,Unknown #3,814,192,63,180
clip_c11_20260617_152852.avi,54,c11_sim,Unknown #3,819,194,66,179
clip_c11_20260617_152852.avi,55,c11_sim,Unknown #3,820,197,65,176
clip_c11_20260617_152852.avi,56,c11_sim,Unknown #3,822,194,66,179
clip_c11_20260617_152852.avi,57,c11_sim,Unknown #3,824,193,63,181
clip_c11_20260617_152852.avi,58,c11_sim,Unknown #3,829,194,63,187
clip_c11_20260617_152852.avi,59,c11_sim,Unknown #3,829,198,63,185
clip_c11_20260617_152852.avi,60,c11_sim,Unknown #3,829,194,65,191
clip_c11_20260617_152852.avi,61,c11_sim,Unknown #3,828,197,64,192
clip_c11_20260617_152852.avi,62,c11_sim,Unknown #3,831,200,60,189
clip_c11_20260617_152852.avi,63,c11_sim,Unknown #3,837,189,56,202
clip_c11_20260617_152852.avi,65,c11_sim,Unknown #3,844,196,57,196
clip_c11_20260617_152852.avi,66,c11_sim,Unknown #3,844,195,63,200
clip_c11_20260617_152852.avi,67,c11_sim,Unknown #3,847,202,65,192
clip_c11_20260617_152852.avi,68,c11_sim,Unknown #3,849,203,69,193
clip_c11_20260617_152852.avi,69,c11_sim,Unknown #3,856,200,71,202
clip_c11_20260617_152852.avi,70,c11_sim,Unknown #3,858,205,75,206
clip_c11_20260617_152852.avi,71,c11_sim,Unknown #3,863,221,72,193
clip_c11_20260617_152852.avi,72,c11_sim,Unknown #3,863,214,72,200
clip_c11_20260617_152852.avi,73,c11_sim,Unknown #3,865,209,70,209
clip_c11_20260617_152852.avi,81,c11_sim,Unknown #3,892,218,78,220
clip_c11_20260617_152852.avi,82,c11_sim,Unknown #3,895,219,81,216
clip_c11_20260617_152852.avi,83,c11_sim,Unknown #3,903,227,82,230
clip_c11_20260617_152852.avi,84,c11_sim,Unknown #3,906,225,77,241
clip_c11_20260617_152852.avi,85,c11_sim,Unknown #3,908,227,75,240
clip_c11_20260617_152852.avi,86,c11_sim,Unknown #3,907,228,80,240
clip_c11_20260617_152852.avi,87,c11_sim,Unknown #3,909,228,79,240
clip_c11_20260617_152852.avi,88,c11_sim,Unknown #3,910,230,78,239
clip_c11_20260617_152852.avi,89,c11_sim,Unknown #3,911,231,79,239
clip_c11_20260617_152852.avi,90,c11_sim,Unknown #3,911,232,92,239
clip_c11_20260617_152852.avi,91,c11_sim,Unknown #3,915,239,88,242
clip_c11_20260617_152852.avi,92,c11_sim,Unknown #3,925,244,97,254
clip_c11_20260617_152852.avi,93,c11_sim,Unknown #3,916,250,96,263
clip_c11_20260617_152852.avi,94,c11_sim,Unknown #3,914,249,97,262
clip_c11_20260617_152852.avi,95,c11_sim,Unknown #3,913,249,101,269
clip_c11_20260617_152852.avi,96,c11_sim,Unknown #3,914,250,101,270
clip_c11_20260617_152852.avi,97,c11_sim,Unknown #3,918,255,99,280
clip_c11_20260617_152852.avi,98,c11_sim,Unknown #3,930,256,94,277
clip_c11_20260617_152852.avi,99,c11_sim,Unknown #3,931,256,96,274
clip_c11_20260617_152852.avi,100,c11_sim,Unknown #3,929,260,105,287
clip_c11_20260617_152852.avi,101,c11_sim,Unknown #3,940,265,92,291
clip_c11_20260617_152852.avi,102,c11_sim,Unknown #3,936,269,95,300
clip_c11_20260617_152852.avi,103,c11_sim,Unknown #3,931,270,93,303
clip_c11_20260617_152852.avi,104,c11_sim,Unknown #3,927,273,97,299
clip_c11_20260617_152852.avi,105,c11_sim,Unknown #3,925,274,99,299
clip_c11_20260617_152852.avi,106,c11_sim,Unknown #3,926,274,98,303
clip_c11_20260617_152852.avi,107,c11_sim,Unknown #3,925,280,104,315
clip_c11_20260617_152852.avi,108,c11_sim,Unknown #3,929,285,108,315
clip_c11_20260617_152852.avi,109,c11_sim,Unknown #3,936,285,103,300
clip_c11_20260617_152852.avi,110,c11_sim,Unknown #3,943,288,102,314
clip_c11_20260617_152852.avi,111,c11_sim,Unknown #3,945,291,114,321
clip_c11_20260617_152852.avi,112,c11_sim,Unknown #3,951,296,109,337
clip_c11_20260617_152852.avi,113,c11_sim,Unknown #3,952,298,109,338
clip_c11_20260617_152852.avi,114,c11_sim,Unknown #3,944,304,106,348
clip_c11_20260617_152852.avi,115,c11_sim,Unknown #3,941,307,107,326
clip_c11_20260617_152852.avi,116,c11_sim,Unknown #3,951,316,116,357
clip_c11_20260617_152852.avi,117,c11_sim,Unknown #3,957,321,116,361
clip_c11_20260617_152852.avi,118,c11_sim,Unknown #3,962,324,123,368
clip_c11_20260617_152852.avi,119,c11_sim,Unknown #3,967,325,134,361
clip_c11_20260617_152852.avi,120,c11_sim,Unknown #3,972,327,140,363
clip_c11_20260617_152852.avi,121,c11_sim,Unknown #3,980,328,141,360
clip_c11_20260617_152852.avi,122,c11_sim,Unknown #3,990,333,135,378
clip_c11_20260617_152852.avi,123,c11_sim,Unknown #3,990,336,136,374
clip_c11_20260617_152852.avi,124,c11_sim,Unknown #3,996,343,133,394
clip_c11_20260617_152852.avi,125,c11_sim,Unknown #3,998,344,134,396
clip_c11_20260617_152852.avi,126,c11_sim,Unknown #3,1001,343,131,398
clip_c11_20260617_152852.avi,127,c11_sim,Unknown #3,1003,344,127,393
clip_c11_20260617_152852.avi,128,c11_sim,Unknown #3,1005,344,123,394
clip_c11_20260617_152852.avi,129,c11_sim,Unknown #3,1009,347,117,399
clip_c11_20260617_152852.avi,130,c11_sim,Unknown #3,1023,354,110,383
clip_c11_20260617_152852.avi,131,c11_sim,Unknown #3,1040,363,123,404
clip_c11_20260617_152852.avi,132,c11_sim,Unknown #3,1005,366,166,438
clip_c11_20260617_152852.avi,133,c11_sim,Unknown #3,1004,366,187,485
clip_c11_20260617_152852.avi,134,c11_sim,Unknown #3,1011,367,189,485
clip_c11_20260617_152852.avi,135,c11_sim,Unknown #3,1017,371,185,475
clip_c11_20260617_152852.avi,136,c11_sim,Unknown #3,1017,370,189,481
clip_c11_20260617_152852.avi,137,c11_sim,Unknown #3,1018,372,201,490
clip_c11_20260617_152852.avi,138,c11_sim,Unknown #3,1054,379,192,486
clip_c11_20260617_152852.avi,139,c11_sim,Unknown #3,1084,386,182,495
clip_c11_20260617_152852.avi,140,c11_sim,Unknown #3,1095,393,197,514
clip_c11_20260617_152852.avi,141,c11_sim,Unknown #3,1103,399,157,412
clip_c11_20260617_152852.avi,142,c11_sim,Unknown #3,1115,401,135,418
clip_c11_20260617_152852.avi,143,c11_sim,Unknown #3,1115,403,136,434
clip_c11_20260617_152852.avi,144,c11_sim,Unknown #3,1126,411,146,408
clip_c11_20260617_152852.avi,145,c11_sim,Unknown #3,1134,417,146,413
clip_c11_20260617_152852.avi,146,c11_sim,Unknown #3,1137,424,156,411
clip_c11_20260617_152852.avi,147,c11_sim,Unknown #3,1136,429,177,434
clip_c11_20260617_152852.avi,148,c11_sim,Unknown #3,1140,429,199,425
clip_c11_20260617_152852.avi,149,c11_sim,Unknown #3,1145,431,211,423
clip_c11_20260617_152852.avi,150,c11_sim,Unknown #3,1167,439,206,427
clip_c11_20260617_152852.avi,151,c11_sim,Unknown #3,1187,444,200,445
clip_c11_20260617_152852.avi,152,c11_sim,Unknown #3,1210,448,191,470
clip_c11_20260617_152852.avi,153,c11_sim,Unknown #3,1216,460,196,487
clip_c11_20260617_152852.avi,154,c11_sim,Unknown #3,1220,473,199,478
clip_c11_20260617_152852.avi,155,c11_sim,Unknown #3,1229,479,204,471
clip_c11_20260617_152852.avi,156,c11_sim,Unknown #3,1239,485,198,469
clip_c11_20260617_152852.avi,157,c11_sim,Unknown #3,1238,498,217,463
clip_c11_20260617_152852.avi,158,c11_sim,Unknown #3,1237,511,218,469
clip_c11_20260617_152852.avi,159,c11_sim,Unknown #3,1238,519,236,478
clip_c11_20260617_152852.avi,160,c11_sim,Unknown #3,1236,522,244,478
clip_c11_20260617_152852.avi,161,c11_sim,Unknown #3,1236,531,248,486
clip_c11_20260617_152852.avi,162,c11_sim,Unknown #3,1257,539,278,483
clip_c11_20260617_152852.avi,163,c11_sim,Unknown #3,1274,592,262,427
clip_c11_20260617_152852.avi,164,c11_sim,Unknown #3,1287,587,270,436
clip_c11_20260617_152852.avi,165,c11_sim,Unknown #3,1312,558,272,498
clip_c11_20260617_152852.avi,166,c11_sim,Unknown #3,1338,587,287,484
clip_c11_20260617_152852.avi,167,c11_sim,Unknown #3,1351,594,295,483
clip_c11_20260617_152852.avi,168,c11_sim,Unknown #3,1364,596,284,480
clip_c11_20260617_152852.avi,169,c11_sim,Unknown #3,1385,599,280,475
clip_c11_20260617_152852.avi,170,c11_sim,Unknown #3,1393,610,307,466
clip_c11_20260617_152852.avi,171,c11_sim,Unknown #3,1391,616,321,460
clip_c11_20260617_152852.avi,172,c11_sim,Unknown #3,1402,611,339,464
clip_c11_20260617_152852.avi,173,c11_sim,Unknown #3,1448,604,312,465
clip_c11_20260617_152852.avi,174,c11_sim,Unknown #3,1485,604,279,469
clip_c11_20260617_152852.avi,175,c11_sim,Unknown #3,1513,603,264,457
clip_c11_20260617_152852.avi,176,c11_sim,Unknown #3,1511,606,268,457
clip_c11_20260617_152852.avi,177,c11_sim,Unknown #3,1510,613,280,453
clip_c11_20260617_152852.avi,178,c11_sim,Unknown #3,1514,626,298,441
clip_c11_20260617_152852.avi,179,c11_sim,Unknown #3,1517,629,321,433
clip_c11_20260617_152852.avi,180,c11_sim,Unknown #3,1531,632,322,431
clip_c11_20260617_152852.avi,181,c11_sim,Unknown #3,1552,636,313,431
clip_c11_20260617_152852.avi,182,c11_sim,Unknown #3,1566,642,339,426
clip_c11_20260617_152852.avi,183,c11_sim,Unknown #3,1566,642,336,426
clip_c11_20260617_152852.avi,184,c11_sim,Unknown #3,1565,641,333,428
clip_c11_20260617_152852.avi,185,c11_sim,Unknown #3,1566,641,336,427
clip_c11_20260617_152852.avi,186,c11_sim,Unknown #3,1566,642,339,428
clip_c11_20260617_152852.avi,187,c11_sim,Unknown #3,1565,643,336,426
clip_c11_20260617_152852.avi,188,c11_sim,Unknown #3,1566,646,316,424
clip_c11_20260617_152852.avi,189,c11_sim,Unknown #3,1565,642,350,429
clip_c11_20260617_152852.avi,190,c11_sim,Unknown #3,1566,640,331,430
clip_c11_20260617_152852.avi,191,c11_sim,Unknown #3,1565,640,348,430
clip_c11_20260617_152852.avi,192,c11_sim,Unknown #3,1583,658,332,410
clip_c11_20260617_152852.avi,193,c11_sim,Unknown #3,1580,650,317,377
clip_c11_20260617_152852.avi,194,c11_sim,Unknown #3,1581,661,311,366
clip_c11_20260617_152852.avi,195,c11_sim,Unknown #3,1581,665,323,362
clip_c11_20260617_152852.avi,196,c11_sim,Unknown #3,1581,665,332,362
clip_c11_20260617_152852.avi,197,c11_sim,Unknown #3,1581,667,333,359
clip_c11_20260617_152852.avi,198,c11_sim,Unknown #3,1581,670,331,356
clip_c11_20260617_152852.avi,199,c11_sim,Unknown #3,1580,672,337,354
clip_c11_20260617_152852.avi,200,c11_sim,Unknown #3,1580,675,332,352
clip_c11_20260617_152852.avi,201,c11_sim,Unknown #3,1580,676,337,352
clip_c11_20260617_152852.avi,202,c11_sim,Unknown #3,1580,677,328,350
clip_c11_20260617_152852.avi,203,c11_sim,Unknown #3,1580,676,330,352
clip_c11_20260617_152852.avi,204,c11_sim,Unknown #3,1580,675,334,352
clip_c11_20260617_152852.avi,205,c11_sim,Unknown #3,1580,674,335,354
clip_c11_20260617_152852.avi,206,c11_sim,Unknown #3,1580,674,335,353
clip_c11_20260617_152852.avi,207,c11_sim,Unknown #3,1582,683,336,345
clip_c11_20260617_152852.avi,208,c11_sim,Unknown #3,1582,685,334,345
clip_c11_20260617_152852.avi,209,c11_sim,Unknown #3,1581,688,335,341
clip_c11_20260617_152852.avi,210,c11_sim,Unknown #3,1581,689,336,341
clip_c11_20260617_152852.avi,211,c11_sim,Unknown #3,1580,689,338,341
clip_c11_20260617_152852.avi,212,c11_sim,Unknown #3,1580,691,337,339
clip_c11_20260617_152852.avi,213,c11_sim,Unknown #3,1580,690,338,341
clip_c11_20260617_152852.avi,214,c11_sim,Unknown #3,1581,686,332,345
clip_c11_20260617_152852.avi,215,c11_sim,Unknown #3,1581,686,334,345
clip_c11_20260617_152852.avi,216,c11_sim,Unknown #3,1581,685,336,346
clip_c11_20260617_152852.avi,217,c11_sim,Unknown #3,1580,684,336,348
clip_c11_20260617_152852.avi,218,c11_sim,Unknown #3,1580,685,337,346
clip_c11_20260617_152852.avi,219,c11_sim,Unknown #3,1580,690,336,339
clip_c11_20260617_152852.avi,220,c11_sim,Unknown #3,1580,694,326,333
clip_c11_20260617_152852.avi,221,c11_sim,Unknown #3,1581,699,326,329
clip_c11_20260617_152852.avi,222,c11_sim,Unknown #3,1581,699,331,328
clip_c11_20260617_152852.avi,223,c11_sim,Unknown #3,1581,701,326,327
clip_c11_20260617_152852.avi,224,c11_sim,Unknown #3,1581,701,317,327
clip_c11_20260617_152852.avi,225,c11_sim,Unknown #3,1581,701,319,327
clip_c11_20260617_152852.avi,226,c11_sim,Unknown #3,1581,701,320,327
clip_c11_20260617_152852.avi,227,c11_sim,Unknown #3,1581,696,312,331
clip_c11_20260617_152852.avi,228,c11_sim,Unknown #3,1580,681,336,347
clip_c11_20260617_152852.avi,229,c11_sim,Unknown #3,1580,674,327,356
clip_c11_20260617_152852.avi,230,c11_sim,Unknown #3,1580,668,338,364
clip_c11_20260617_152852.avi,231,c11_sim,Unknown #3,1581,665,337,373
clip_c11_20260617_152852.avi,232,c11_sim,Unknown #3,1580,665,338,378
clip_c11_20260617_152852.avi,233,c11_sim,Unknown #3,1580,665,338,376
clip_c11_20260617_152852.avi,234,c11_sim,Unknown #3,1595,659,323,392
clip_c11_20260617_152852.avi,235,c11_sim,Unknown #3,1592,659,256,401
clip_c11_20260617_152852.avi,236,c11_sim,Unknown #3,1593,661,260,408
clip_c11_20260617_152852.avi,237,c11_sim,Unknown #3,1592,665,263,406
clip_c11_20260617_152852.avi,238,c11_sim,Unknown #3,1592,667,262,401
clip_c11_20260617_152852.avi,239,c11_sim,Unknown #3,1592,668,261,390
clip_c11_20260617_152852.avi,240,c11_sim,Unknown #3,1593,667,262,389
clip_c11_20260617_152852.avi,241,c11_sim,Unknown #3,1593,666,262,392
clip_c11_20260617_152852.avi,242,c11_sim,Unknown #3,1591,666,261,387
clip_c11_20260617_152852.avi,243,c11_sim,Unknown #3,1592,666,249,403
clip_c11_20260617_152852.avi,244,c11_sim,Unknown #3,1592,672,249,407
clip_c11_20260617_152852.avi,245,c11_sim,Unknown #3,1593,679,254,400
clip_c11_20260617_152852.avi,246,c11_sim,Unknown #3,1593,689,257,381
clip_c11_20260617_152852.avi,247,c11_sim,Unknown #3,1593,692,258,377
clip_c11_20260617_152852.avi,248,c11_sim,Unknown #3,1592,705,261,361
clip_c11_20260617_152852.avi,249,c11_sim,Unknown #3,1591,707,263,370
clip_c11_20260617_152852.avi,250,c11_sim,Unknown #3,1594,707,261,364
clip_c11_20260617_152852.avi,256,c11_sim,Unknown #3,1563,741,283,329
clip_c11_20260617_152852.avi,257,c11_sim,Unknown #3,1556,747,276,320
clip_c11_20260617_152852.avi,258,c11_sim,Unknown #3,1554,752,267,312
clip_c11_20260617_152852.avi,259,c11_sim,Unknown #3,1549,787,226,278
clip_c11_20260617_152852.avi,260,c11_sim,Unknown #3,1550,784,220,279
clip_c11_20260617_152852.avi,261,c11_sim,Unknown #3,1551,791,211,273
clip_c11_20260617_152852.avi,262,c11_sim,Unknown #3,1551,793,215,274
clip_c11_20260617_152852.avi,263,c11_sim,Unknown #3,1551,793,214,272
clip_c11_20260617_152852.avi,264,c11_sim,Unknown #3,1550,792,217,279
clip_c11_20260617_152852.avi,265,c11_sim,Unknown #3,1550,785,231,280
clip_c11_20260617_152852.avi,266,c11_sim,Unknown #3,1550,768,254,297
clip_c11_20260617_152852.avi,267,c11_sim,Unknown #3,1555,738,279,326
clip_c11_20260617_152852.avi,268,c11_sim,Unknown #3,1557,724,279,340
clip_c11_20260617_152852.avi,269,c11_sim,Unknown #3,1574,642,298,371
clip_c11_20260617_152852.avi,270,c11_sim,Unknown #3,1602,626,293,435
clip_c11_20260617_152852.avi,271,c11_sim,Unknown #3,1636,613,283,460
clip_c11_20260617_152852.avi,272,c11_sim,Unknown #3,1638,621,280,447
clip_c11_20260617_152852.avi,273,c11_sim,Unknown #3,1638,620,281,451
clip_c11_20260618_154736.avi,3,c11_sim,Unknown #4,97,768,280,310
clip_c11_20260618_154736.avi,4,c11_sim,Unknown #4,97,769,280,309
clip_c11_20260618_154736.avi,5,c11_sim,Unknown #4,97,769,280,309
clip_c11_20260618_154736.avi,6,c11_sim,Unknown #4,97,769,280,309
clip_c11_20260618_154736.avi,7,c11_sim,Unknown #4,97,769,280,309
clip_c11_20260618_154736.avi,8,c11_sim,Unknown #4,97,769,280,308
clip_c11_20260618_154736.avi,9,c11_sim,Unknown #4,97,769,280,309
clip_c11_20260618_154736.avi,10,c11_sim,Unknown #4,98,769,279,309
clip_c11_20260618_154736.avi,11,c11_sim,Unknown #4,99,769,278,308
clip_c11_20260618_154736.avi,12,c11_sim,Unknown #4,98,770,279,307
clip_c11_20260618_154736.avi,13,c11_sim,Unknown #4,98,769,279,309
clip_c11_20260618_154736.avi,14,c11_sim,Unknown #4,98,769,279,309
clip_c11_20260618_154736.avi,15,c11_sim,Unknown #4,98,769,279,309
clip_c11_20260618_154736.avi,16,c11_sim,Unknown #4,99,768,278,310
clip_c11_20260618_154736.avi,17,c11_sim,Unknown #4,99,768,279,310
clip_c11_20260618_154736.avi,18,c11_sim,Unknown #4,99,768,279,310
clip_c11_20260618_154736.avi,19,c11_sim,Unknown #4,99,768,279,310
clip_c11_20260618_154736.avi,20,c11_sim,Unknown #4,99,768,279,310
clip_c11_20260618_154736.avi,21,c11_sim,Unknown #4,99,768,278,310
clip_c11_20260618_154736.avi,22,c11_sim,Unknown #4,99,768,278,310
clip_c11_20260618_154736.avi,23,c11_sim,Unknown #4,99,768,279,310
clip_c11_20260618_154736.avi,24,c11_sim,Unknown #4,99,768,279,309
clip_c11_20260618_154736.avi,25,c11_sim,Unknown #4,100,769,277,309
clip_c11_20260618_154736.avi,26,c11_sim,Unknown #4,100,768,277,310
clip_c11_20260618_154736.avi,27,c11_sim,Unknown #4,100,768,278,310
clip_c11_20260618_154736.avi,28,c11_sim,Unknown #4,99,767,278,311
clip_c11_20260618_154736.avi,29,c11_sim,Unknown #4,99,767,278,311
clip_c11_20260618_154736.avi,30,c11_sim,Unknown #4,99,767,278,311
clip_c11_20260618_154736.avi,31,c11_sim,Unknown #4,100,767,277,311
clip_c11_20260618_154736.avi,32,c11_sim,Unknown #4,99,768,279,310
clip_c11_20260618_154736.avi,33,c11_sim,Unknown #4,99,769,279,309
clip_c11_20260618_154736.avi,34,c11_sim,Unknown #4,98,768,282,311
clip_c11_20260618_154736.avi,35,c11_sim,Unknown #4,99,768,281,310
clip_c11_20260618_154736.avi,36,c11_sim,Unknown #4,99,768,282,311
clip_c11_20260618_154736.avi,37,c11_sim,Unknown #4,98,768,283,311
clip_c11_20260618_154736.avi,38,c11_sim,Unknown #4,98,767,280,311
clip_c11_20260618_154736.avi,39,c11_sim,Unknown #4,99,767,279,311
clip_c11_20260618_154736.avi,40,c11_sim,Unknown #4,98,766,280,312
clip_c11_20260618_154736.avi,41,c11_sim,Unknown #4,98,766,280,312
clip_c11_20260618_154736.avi,42,c11_sim,Unknown #4,98,766,280,312
clip_c11_20260618_154736.avi,43,c11_sim,Unknown #4,99,766,279,312
clip_c11_20260618_154736.avi,44,c11_sim,Unknown #4,99,766,278,312
clip_c11_20260618_154736.avi,45,c11_sim,Unknown #4,100,765,278,313
clip_c11_20260618_154736.avi,46,c11_sim,Unknown #4,97,767,281,311
clip_c11_20260618_154736.avi,47,c11_sim,Unknown #4,97,766,283,311
clip_c11_20260618_154736.avi,48,c11_sim,Unknown #4,96,766,287,312
clip_c11_20260618_154736.avi,49,c11_sim,Unknown #4,101,766,285,311
clip_c11_20260618_154736.avi,50,c11_sim,Unknown #4,106,761,283,313
clip_c11_20260618_154736.avi,51,c11_sim,Unknown #4,106,760,281,317
clip_c11_20260618_154736.avi,52,c11_sim,Unknown #4,115,740,276,333
clip_c11_20260618_154736.avi,53,c11_sim,Unknown #4,126,733,273,344
clip_c11_20260618_154736.avi,54,c11_sim,Unknown #4,123,731,279,346
clip_c11_20260618_154736.avi,55,c11_sim,Unknown #4,127,731,278,345
clip_c11_20260618_154736.avi,56,c11_sim,Unknown #4,121,733,306,340
clip_c11_20260618_154736.avi,57,c11_sim,Unknown #4,128,733,300,344
clip_c11_20260618_154736.avi,58,c11_sim,Unknown #4,127,733,298,344
clip_c11_20260618_154736.avi,59,c11_sim,Unknown #4,129,732,295,345
clip_c11_20260618_154736.avi,60,c11_sim,Unknown #4,132,745,285,332
clip_c11_20260618_154736.avi,61,c11_sim,Unknown #4,130,746,282,331
clip_c11_20260618_154736.avi,62,c11_sim,Unknown #4,130,747,288,330
clip_c11_20260618_154736.avi,63,c11_sim,Unknown #4,130,741,294,336
clip_c11_20260618_154736.avi,64,c11_sim,Unknown #4,131,736,295,341
clip_c11_20260618_154736.avi,65,c11_sim,Unknown #4,128,735,301,338
clip_c11_20260618_154736.avi,66,c11_sim,Unknown #4,117,721,327,354
clip_c11_20260618_154736.avi,67,c11_sim,Unknown #4,229,700,230,372
clip_c11_20260618_154736.avi,68,c11_sim,Unknown #4,242,692,230,382
clip_c11_20260618_154736.avi,69,c11_sim,Unknown #4,252,682,226,391
clip_c11_20260618_154736.avi,70,c11_sim,Unknown #4,256,671,227,403
clip_c11_20260618_154736.avi,71,c11_sim,Unknown #4,260,662,225,413
clip_c11_20260618_154736.avi,72,c11_sim,Unknown #4,269,654,220,421
clip_c11_20260618_154736.avi,74,c11_sim,Unknown #4,286,608,211,461
clip_c11_20260618_154736.avi,78,c11_sim,Unknown #4,341,559,250,507
clip_c11_20260618_154736.avi,79,c11_sim,Unknown #4,379,536,211,517
clip_c11_20260618_154736.avi,80,c11_sim,Unknown #4,402,522,185,479
clip_c11_20260618_154736.avi,81,c11_sim,Unknown #4,413,517,180,477
clip_c11_20260618_154736.avi,82,c11_sim,Unknown #4,425,508,169,486
clip_c11_20260618_154736.avi,83,c11_sim,Unknown #4,434,499,166,494
clip_c11_20260618_154736.avi,84,c11_sim,Unknown #4,435,495,166,497
clip_c11_20260618_154736.avi,85,c11_sim,Unknown #4,453,454,173,447
clip_c11_20260618_154736.avi,86,c11_sim,Unknown #4,461,447,188,442
clip_c11_20260618_154736.avi,87,c11_sim,Unknown #4,476,439,179,444
clip_c11_20260618_154736.avi,88,c11_sim,Unknown #4,490,435,173,440
clip_c11_20260618_154736.avi,89,c11_sim,Unknown #4,508,430,147,450
clip_c11_20260618_154736.avi,90,c11_sim,Unknown #4,515,427,142,446
clip_c11_20260618_154736.avi,91,c11_sim,Unknown #4,557,399,126,405
clip_c11_20260618_154736.avi,92,c11_sim,Unknown #4,576,395,114,408
clip_c12_20260617_152841.avi,7,c12_sim,Unknown #3,40,407,70,215
clip_c12_20260617_152841.avi,10,c12_sim,Unknown #3,9,432,88,230
clip_c12_20260617_152841.avi,11,c12_sim,Unknown #3,11,432,86,228
clip_c12_20260617_152841.avi,12,c12_sim,Unknown #3,20,431,80,233
clip_c12_20260617_152841.avi,13,c12_sim,Unknown #3,21,435,82,229
clip_c12_20260617_152841.avi,14,c12_sim,Unknown #3,20,436,83,227
clip_c12_20260617_152841.avi,15,c12_sim,Unknown #3,19,436,84,227
clip_c12_20260617_152841.avi,16,c12_sim,Unknown #3,13,443,92,210
clip_c12_20260617_152841.avi,17,c12_sim,Unknown #3,25,455,85,198
clip_c12_20260617_152841.avi,18,c12_sim,Unknown #3,7,446,104,204
clip_c12_20260617_152841.avi,19,c12_sim,Unknown #3,8,446,102,205
clip_c12_20260617_152841.avi,20,c12_sim,Unknown #3,22,445,92,209
clip_c12_20260617_152841.avi,21,c12_sim,Unknown #3,16,446,101,208
clip_c12_20260617_152841.avi,22,c12_sim,Unknown #3,20,449,100,196
clip_c10_20260617_152807.avi,6,c10_sim,Unknown #3,1137,106,88,273
clip_c10_20260617_152807.avi,7,c10_sim,Unknown #3,1132,102,97,282
clip_c10_20260617_152807.avi,8,c10_sim,Unknown #3,1116,112,108,276
clip_c10_20260617_152807.avi,9,c10_sim,Unknown #3,1085,112,107,288
clip_c10_20260617_152807.avi,10,c10_sim,Unknown #3,1082,105,105,301
clip_c10_20260617_152807.avi,11,c10_sim,Unknown #3,1043,118,92,296
clip_c10_20260617_152807.avi,12,c10_sim,Unknown #3,982,132,129,286
clip_c10_20260617_152807.avi,13,c10_sim,Unknown #3,956,136,148,290
clip_c10_20260617_152807.avi,14,c10_sim,Unknown #3,951,138,151,294
clip_c10_20260617_152807.avi,15,c10_sim,Unknown #3,937,133,151,299
clip_c10_20260617_152807.avi,16,c10_sim,Unknown #3,909,140,116,300
clip_c10_20260617_152807.avi,17,c10_sim,Unknown #3,897,149,101,317
clip_c10_20260617_152807.avi,18,c10_sim,Unknown #3,887,154,112,315
clip_c10_20260617_152807.avi,19,c10_sim,Unknown #3,884,155,116,314
clip_c10_20260617_152807.avi,20,c10_sim,Unknown #3,867,159,110,324
clip_c10_20260617_152807.avi,21,c10_sim,Unknown #3,860,163,110,319
clip_c10_20260617_152807.avi,22,c10_sim,Unknown #3,836,171,119,329
clip_c10_20260617_152807.avi,23,c10_sim,Unknown #3,816,180,138,345
clip_c10_20260617_152807.avi,24,c10_sim,Unknown #3,804,192,147,346
clip_c10_20260617_152807.avi,25,c10_sim,Unknown #3,759,197,159,342
clip_c10_20260617_152807.avi,26,c10_sim,Unknown #3,746,205,128,351
clip_c10_20260617_152807.avi,27,c10_sim,Unknown #3,742,204,130,363
clip_c10_20260617_152807.avi,28,c10_sim,Unknown #3,723,216,151,369
clip_c10_20260617_152807.avi,29,c10_sim,Unknown #3,700,235,157,368
clip_c10_20260617_152807.avi,30,c10_sim,Unknown #3,683,240,141,365
clip_c10_20260617_152807.avi,31,c10_sim,Unknown #3,679,241,135,362
clip_c10_20260617_152807.avi,32,c10_sim,Unknown #3,652,250,160,369
clip_c10_20260617_152807.avi,33,c10_sim,Unknown #3,625,269,177,377
clip_c10_20260617_152807.avi,34,c10_sim,Unknown #3,617,271,183,387
clip_c10_20260617_152807.avi,35,c10_sim,Unknown #3,580,283,209,376
clip_c10_20260617_152807.avi,36,c10_sim,Unknown #3,534,299,182,375
clip_c10_20260617_152807.avi,37,c10_sim,Unknown #3,516,315,181,392
clip_c10_20260617_152807.avi,38,c10_sim,Unknown #3,481,342,141,401
clip_c10_20260617_152807.avi,39,c10_sim,Unknown #3,462,348,165,393
clip_c10_20260617_152807.avi,40,c10_sim,Unknown #3,455,352,171,388
clip_c10_20260617_152807.avi,41,c10_sim,Unknown #3,434,362,183,382
clip_c10_20260617_152807.avi,42,c10_sim,Unknown #3,404,377,134,379
clip_c10_20260617_152807.avi,43,c10_sim,Unknown #3,319,414,183,383
clip_c10_20260617_152807.avi,44,c10_sim,Unknown #3,308,422,191,372
clip_c10_20260617_152807.avi,45,c10_sim,Unknown #3,292,419,194,353
clip_c10_20260617_152807.avi,50,c10_sim,Unknown #3,194,506,132,244
clip_c10_20260617_152807.avi,14,c10_sim,Unknown #2,1087,202,121,306
clip_c10_20260617_152807.avi,15,c10_sim,Unknown #2,1081,213,119,319
clip_c10_20260617_152807.avi,16,c10_sim,Unknown #2,1068,230,122,325
clip_c10_20260617_152807.avi,17,c10_sim,Unknown #2,1061,234,123,329
clip_c10_20260617_152807.avi,18,c10_sim,Unknown #2,1058,239,119,325
clip_c10_20260617_152807.avi,19,c10_sim,Unknown #2,1056,236,117,322
clip_c10_20260617_152807.avi,20,c10_sim,Unknown #2,1035,244,130,333
clip_c10_20260617_152807.avi,21,c10_sim,Unknown #2,1026,247,130,341
clip_c10_20260617_152807.avi,22,c10_sim,Unknown #2,987,255,151,352
clip_c10_20260617_152807.avi,23,c10_sim,Unknown #2,964,263,143,360
clip_c10_20260617_152807.avi,24,c10_sim,Unknown #2,959,269,142,375
clip_c10_20260617_152807.avi,25,c10_sim,Unknown #2,941,287,137,386
clip_c10_20260617_152807.avi,26,c10_sim,Unknown #2,932,297,126,372
clip_c10_20260617_152807.avi,27,c10_sim,Unknown #2,928,298,125,367
clip_c10_20260617_152807.avi,28,c10_sim,Unknown #2,911,306,123,375
clip_c10_20260617_152807.avi,29,c10_sim,Unknown #2,876,323,157,406
clip_c10_20260617_152807.avi,30,c10_sim,Unknown #2,851,334,168,395
clip_c10_20260617_152807.avi,31,c10_sim,Unknown #2,843,336,169,392
clip_c10_20260617_152807.avi,32,c10_sim,Unknown #2,812,350,148,404
clip_c10_20260617_152807.avi,33,c10_sim,Unknown #2,785,367,171,420
clip_c10_20260617_152807.avi,34,c10_sim,Unknown #2,779,372,179,419
clip_c10_20260617_152807.avi,35,c10_sim,Unknown #2,751,386,198,418
clip_c10_20260617_152807.avi,36,c10_sim,Unknown #2,706,408,182,394
clip_c10_20260617_152807.avi,37,c10_sim,Unknown #2,682,418,208,398
clip_c10_20260617_152807.avi,38,c10_sim,Unknown #2,617,438,243,398
clip_c10_20260617_152807.avi,39,c10_sim,Unknown #2,581,447,227,387
clip_c10_20260617_152807.avi,40,c10_sim,Unknown #2,567,450,230,388
clip_c10_20260617_152807.avi,41,c10_sim,Unknown #2,559,465,205,434
clip_c10_20260617_152807.avi,42,c10_sim,Unknown #2,527,499,234,432
clip_c10_20260617_152807.avi,43,c10_sim,Unknown #2,463,534,221,397
clip_c10_20260617_152807.avi,44,c10_sim,Unknown #2,451,545,232,387
clip_c10_20260617_152807.avi,45,c10_sim,Unknown #2,439,554,245,410
clip_c10_20260617_152807.avi,46,c10_sim,Unknown #2,417,571,266,417
clip_c10_20260617_152807.avi,47,c10_sim,Unknown #2,405,575,278,418
clip_c10_20260617_152807.avi,48,c10_sim,Unknown #2,376,586,291,408
clip_c10_20260617_152807.avi,49,c10_sim,Unknown #2,329,617,299,376
clip_c10_20260617_152807.avi,50,c10_sim,Unknown #2,309,656,275,422
clip_c10_20260617_152807.avi,51,c10_sim,Unknown #2,252,698,301,379
clip_c10_20260617_152807.avi,53,c10_sim,Unknown #2,116,566,409,504
clip_c10_20260617_152807.avi,54,c10_sim,Unknown #2,170,773,353,301
clip_c10_20260618_154820.avi,4,c10_sim,Unknown #2,265,610,299,466
clip_c10_20260618_154820.avi,5,c10_sim,Unknown #2,283,584,274,456
clip_c10_20260618_154820.avi,6,c10_sim,Unknown #2,302,562,271,420
clip_c10_20260618_154820.avi,7,c10_sim,Unknown #2,318,550,295,426
clip_c10_20260618_154820.avi,8,c10_sim,Unknown #2,335,540,322,434
clip_c10_20260618_154820.avi,9,c10_sim,Unknown #2,342,536,318,438
clip_c10_20260618_154820.avi,10,c10_sim,Unknown #2,428,481,258,442
clip_c10_20260618_154820.avi,11,c10_sim,Unknown #2,450,465,238,410
clip_c10_20260618_154820.avi,12,c10_sim,Unknown #2,470,446,221,421
clip_c10_20260618_154820.avi,13,c10_sim,Unknown #2,490,433,211,433
clip_c10_20260618_154820.avi,14,c10_sim,Unknown #2,506,424,216,443
clip_c10_20260618_154820.avi,15,c10_sim,Unknown #2,527,411,218,450
clip_c10_20260618_154820.avi,16,c10_sim,Unknown #2,532,403,216,452
clip_c10_20260618_154820.avi,17,c10_sim,Unknown #2,588,351,192,401
clip_c10_20260618_154820.avi,18,c10_sim,Unknown #2,619,339,230,411
clip_c10_20260618_154820.avi,19,c10_sim,Unknown #2,653,325,215,425
clip_c10_20260618_154820.avi,20,c10_sim,Unknown #2,678,316,191,410
clip_c10_20260618_154820.avi,21,c10_sim,Unknown #2,700,301,171,386
clip_c10_20260618_154820.avi,22,c10_sim,Unknown #2,711,294,158,376
clip_c10_20260618_154820.avi,23,c10_sim,Unknown #2,718,290,159,377
clip_c10_20260618_154820.avi,24,c10_sim,Unknown #2,787,257,165,402
clip_c10_20260618_154820.avi,25,c10_sim,Unknown #2,818,237,139,397
clip_c10_20260618_154820.avi,26,c10_sim,Unknown #2,861,225,167,360
clip_c10_20260618_154820.avi,27,c10_sim,Unknown #2,873,223,181,368
clip_c10_20260618_154820.avi,28,c10_sim,Unknown #2,882,222,179,367
clip_c10_20260618_155056.avi,0,c10_sim,Unknown #5,1138,179,92,313
clip_c11_20260618_154736.avi,96,c11_sim,Unknown #2,739,296,115,320
clip_c11_20260618_154736.avi,97,c11_sim,Unknown #2,741,299,115,313
clip_c11_20260618_154736.avi,98,c11_sim,Unknown #2,777,286,129,296
clip_c11_20260618_154736.avi,99,c11_sim,Unknown #2,787,280,122,302
clip_c11_20260618_154736.avi,100,c11_sim,Unknown #2,783,279,130,300
clip_c11_20260618_154736.avi,101,c11_sim,Unknown #2,794,275,119,292
clip_c11_20260618_154736.avi,102,c11_sim,Unknown #2,797,270,118,276
clip_c11_20260618_154736.avi,103,c11_sim,Unknown #2,801,268,115,277
clip_c11_20260618_154736.avi,104,c11_sim,Unknown #2,824,265,104,269
clip_c11_20260618_154736.avi,105,c11_sim,Unknown #2,826,261,109,260
clip_c11_20260618_154736.avi,106,c11_sim,Unknown #2,830,254,92,259
clip_c11_20260618_154736.avi,107,c11_sim,Unknown #2,833,253,93,259
clip_c11_20260618_154736.avi,108,c11_sim,Unknown #2,832,255,89,257
clip_c11_20260618_154736.avi,109,c11_sim,Unknown #2,830,254,87,257
clip_c11_20260618_154736.avi,110,c11_sim,Unknown #2,816,246,87,244
clip_c11_20260618_154736.avi,111,c11_sim,Unknown #2,816,239,76,246
clip_c11_20260618_154736.avi,112,c11_sim,Unknown #2,813,237,78,247
clip_c11_20260618_154736.avi,113,c11_sim,Unknown #2,811,238,92,244
clip_c11_20260618_154736.avi,114,c11_sim,Unknown #2,808,236,92,239
clip_c11_20260618_154736.avi,115,c11_sim,Unknown #2,809,232,89,240
clip_c11_20260618_154736.avi,116,c11_sim,Unknown #2,809,231,90,239
clip_c11_20260618_154736.avi,117,c11_sim,Unknown #2,776,226,90,228
clip_c11_20260618_154736.avi,118,c11_sim,Unknown #2,776,229,77,219
clip_c11_20260618_154736.avi,119,c11_sim,Unknown #2,775,220,73,224
clip_c11_20260618_154736.avi,120,c11_sim,Unknown #2,772,222,62,215
clip_c11_20260618_154736.avi,121,c11_sim,Unknown #2,773,224,59,212
clip_c11_20260618_154736.avi,122,c11_sim,Unknown #2,772,223,59,215
clip_c11_20260618_155113.avi,24,c11_sim,Unknown #5,851,192,56,191
clip_c11_20260618_155113.avi,25,c11_sim,Unknown #5,852,201,58,183
clip_c11_20260618_155113.avi,27,c11_sim,Unknown #5,861,182,75,218
clip_c11_20260618_155113.avi,28,c11_sim,Unknown #5,858,179,84,225
clip_c11_20260618_155113.avi,29,c11_sim,Unknown #5,862,181,77,232
clip_c11_20260618_155113.avi,35,c11_sim,Unknown #5,891,255,75,220
clip_c11_20260618_155113.avi,36,c11_sim,Unknown #5,889,257,79,227
clip_c11_20260618_155113.avi,37,c11_sim,Unknown #5,892,261,73,229
clip_c11_20260618_155113.avi,38,c11_sim,Unknown #5,890,262,75,227
clip_c11_20260618_155113.avi,39,c11_sim,Unknown #5,888,261,77,229
clip_c11_20260618_155113.avi,40,c11_sim,Unknown #5,889,263,76,226
clip_c11_20260618_155113.avi,41,c11_sim,Unknown #5,892,272,77,235
clip_c11_20260618_155113.avi,42,c11_sim,Unknown #5,900,275,72,240
clip_c11_20260618_155113.avi,43,c11_sim,Unknown #5,902,277,94,238
clip_c11_20260618_155113.avi,44,c11_sim,Unknown #5,901,278,94,245
clip_c11_20260618_155113.avi,45,c11_sim,Unknown #5,900,277,94,260
clip_c11_20260618_155113.avi,46,c11_sim,Unknown #5,901,276,95,269
clip_c11_20260618_155113.avi,47,c11_sim,Unknown #5,899,278,97,269
clip_c11_20260618_155113.avi,48,c11_sim,Unknown #5,914,301,89,266
clip_c11_20260618_155113.avi,49,c11_sim,Unknown #5,919,305,92,278
clip_c11_20260618_155113.avi,50,c11_sim,Unknown #5,938,309,84,271
clip_c11_20260618_155113.avi,51,c11_sim,Unknown #5,941,312,96,269
clip_c11_20260618_155113.avi,52,c11_sim,Unknown #5,948,314,97,278
clip_c11_20260618_155113.avi,53,c11_sim,Unknown #5,950,315,104,289
clip_c11_20260618_155113.avi,54,c11_sim,Unknown #5,949,317,110,295
clip_c11_20260618_155113.avi,55,c11_sim,Unknown #5,954,327,111,302
clip_c11_20260618_155113.avi,56,c11_sim,Unknown #5,970,332,95,285
clip_c11_20260618_155113.avi,57,c11_sim,Unknown #5,975,340,99,289
clip_c11_20260618_155113.avi,58,c11_sim,Unknown #5,1007,351,117,313
clip_c11_20260618_155113.avi,59,c11_sim,Unknown #5,1027,354,120,310
clip_c11_20260618_155113.avi,60,c11_sim,Unknown #5,1043,356,112,319
clip_c11_20260618_155113.avi,61,c11_sim,Unknown #5,1061,365,138,339
clip_c11_20260618_155113.avi,64,c11_sim,Unknown #5,1112,400,150,332
clip_c11_20260618_155113.avi,65,c11_sim,Unknown #5,1114,407,187,330
clip_c11_20260618_155113.avi,66,c11_sim,Unknown #5,1133,408,185,337
clip_c11_20260618_155113.avi,67,c11_sim,Unknown #5,1149,410,178,336
clip_c11_20260618_155113.avi,68,c11_sim,Unknown #5,1173,413,138,331
clip_c11_20260618_155113.avi,69,c11_sim,Unknown #5,1213,420,156,366
clip_c11_20260618_155113.avi,70,c11_sim,Unknown #5,1214,431,175,358
clip_c11_20260618_155113.avi,71,c11_sim,Unknown #5,1262,440,141,350
clip_c11_20260618_155113.avi,72,c11_sim,Unknown #5,1295,445,152,351
clip_c11_20260618_155113.avi,73,c11_sim,Unknown #5,1298,451,157,345
clip_c11_20260618_155113.avi,74,c11_sim,Unknown #5,1299,453,165,341
clip_c11_20260618_155113.avi,75,c11_sim,Unknown #5,1300,457,173,337
clip_c11_20260618_155113.avi,76,c11_sim,Unknown #5,1385,454,148,343
clip_c9_20260617_150354.avi,0,c9_sim,Unknown #1,1196,260,130,344
clip_c9_20260617_150354.avi,1,c9_sim,Unknown #1,1194,253,131,354
clip_c9_20260617_150354.avi,2,c9_sim,Unknown #1,1182,243,123,362
clip_c9_20260617_150354.avi,3,c9_sim,Unknown #1,1152,238,136,366
clip_c9_20260617_150354.avi,4,c9_sim,Unknown #1,1098,233,158,371
clip_c9_20260617_150354.avi,5,c9_sim,Unknown #1,1092,229,163,373
clip_c9_20260617_150354.avi,6,c9_sim,Unknown #1,1092,227,140,368
clip_c9_20260617_150354.avi,7,c9_sim,Unknown #1,1031,221,121,350
clip_c9_20260617_150354.avi,8,c9_sim,Unknown #1,972,224,176,340
clip_c9_20260617_150354.avi,9,c9_sim,Unknown #1,973,224,162,334
clip_c9_20260617_150354.avi,10,c9_sim,Unknown #1,957,219,133,327
clip_c9_20260617_150354.avi,11,c9_sim,Unknown #1,946,216,98,333
clip_c9_20260617_150354.avi,12,c9_sim,Unknown #1,924,213,105,335
clip_c9_20260617_150354.avi,13,c9_sim,Unknown #1,908,213,121,335
clip_c9_20260617_150354.avi,14,c9_sim,Unknown #1,905,212,124,336
clip_c9_20260617_150354.avi,15,c9_sim,Unknown #1,880,202,103,323
clip_c9_20260617_150354.avi,16,c9_sim,Unknown #1,865,202,96,317
clip_c9_20260617_150354.avi,17,c9_sim,Unknown #1,843,201,101,318
clip_c9_20260617_150354.avi,18,c9_sim,Unknown #1,810,203,135,309
clip_c9_20260617_150354.avi,19,c9_sim,Unknown #1,806,199,142,309
clip_c9_20260617_150354.avi,20,c9_sim,Unknown #1,795,198,133,304
clip_c9_20260617_150354.avi,21,c9_sim,Unknown #1,768,196,120,299
clip_c9_20260617_150354.avi,22,c9_sim,Unknown #1,757,192,108,304
clip_c9_20260617_150354.avi,23,c9_sim,Unknown #1,753,192,106,303
clip_c9_20260617_150354.avi,24,c9_sim,Unknown #1,749,194,104,303
clip_c9_20260617_150354.avi,25,c9_sim,Unknown #1,725,194,127,300
clip_c9_20260617_150354.avi,26,c9_sim,Unknown #1,721,191,127,302
clip_c9_20260617_150354.avi,27,c9_sim,Unknown #1,706,189,99,294
clip_c9_20260617_150354.avi,28,c9_sim,Unknown #1,696,192,93,278
clip_c9_20260617_150354.avi,29,c9_sim,Unknown #1,680,188,109,288
clip_c9_20260617_150354.avi,30,c9_sim,Unknown #1,680,211,106,257
clip_c9_20260617_150354.avi,31,c9_sim,Unknown #1,657,183,125,279
clip_c9_20260617_150354.avi,32,c9_sim,Unknown #1,643,174,109,268
clip_c9_20260617_150354.avi,33,c9_sim,Unknown #1,645,178,104,261
clip_c9_20260617_150354.avi,34,c9_sim,Unknown #1,643,176,100,263
clip_c9_20260617_150354.avi,35,c9_sim,Unknown #1,638,178,97,261
clip_c9_20260617_150354.avi,36,c9_sim,Unknown #1,633,173,92,255
clip_c9_20260617_150354.avi,37,c9_sim,Unknown #1,630,167,89,255
clip_c9_20260617_150354.avi,38,c9_sim,Unknown #1,629,166,86,244
clip_c9_20260617_150354.avi,39,c9_sim,Unknown #1,628,168,83,241
clip_c9_20260617_150354.avi,40,c9_sim,Unknown #1,626,166,81,239
clip_c9_20260617_150354.avi,41,c9_sim,Unknown #1,624,165,82,237
clip_c9_20260617_150354.avi,42,c9_sim,Unknown #1,624,163,81,235
clip_c9_20260617_150354.avi,43,c9_sim,Unknown #1,624,161,78,232
clip_c9_20260617_150354.avi,44,c9_sim,Unknown #1,626,159,75,231
clip_c9_20260617_150354.avi,45,c9_sim,Unknown #1,625,154,68,226
clip_c9_20260617_150354.avi,46,c9_sim,Unknown #1,626,147,67,220
clip_c9_20260617_150354.avi,47,c9_sim,Unknown #1,626,145,67,218
clip_c9_20260617_150354.avi,48,c9_sim,Unknown #1,626,143,66,212
clip_c9_20260617_150354.avi,49,c9_sim,Unknown #1,626,142,65,213
clip_c9_20260617_150354.avi,50,c9_sim,Unknown #1,627,147,62,211
clip_c9_20260617_150354.avi,51,c9_sim,Unknown #1,624,143,64,214
clip_c9_20260617_150354.avi,52,c9_sim,Unknown #1,624,143,64,214
clip_c9_20260617_150354.avi,53,c9_sim,Unknown #1,624,141,63,216
clip_c9_20260617_150354.avi,54,c9_sim,Unknown #1,623,135,68,209
clip_c9_20260617_150354.avi,55,c9_sim,Unknown #1,626,136,71,200
clip_c9_20260617_150354.avi,56,c9_sim,Unknown #1,626,137,72,199
clip_c9_20260617_150354.avi,57,c9_sim,Unknown #1,626,137,64,197
clip_c9_20260617_150354.avi,58,c9_sim,Unknown #1,624,132,82,201
clip_c9_20260617_150354.avi,59,c9_sim,Unknown #1,625,132,79,203
clip_c9_20260617_150354.avi,60,c9_sim,Unknown #1,627,131,96,201
clip_c9_20260617_150354.avi,61,c9_sim,Unknown #1,630,130,100,200
clip_c9_20260617_150354.avi,62,c9_sim,Unknown #1,630,130,92,200
clip_c9_20260617_150354.avi,63,c9_sim,Unknown #1,638,129,81,201
clip_c9_20260617_150354.avi,64,c9_sim,Unknown #1,638,128,84,202
clip_c9_20260617_150354.avi,65,c9_sim,Unknown #1,640,128,84,201
clip_c9_20260617_150354.avi,66,c9_sim,Unknown #1,640,127,85,202
clip_c9_20260617_150354.avi,67,c9_sim,Unknown #1,639,127,87,202
clip_c9_20260617_150354.avi,68,c9_sim,Unknown #1,637,125,86,203
clip_c9_20260617_150354.avi,69,c9_sim,Unknown #1,637,125,84,203
clip_c9_20260617_150354.avi,70,c9_sim,Unknown #1,638,127,83,201
clip_c9_20260617_150354.avi,71,c9_sim,Unknown #1,639,129,82,200
clip_c9_20260617_150354.avi,72,c9_sim,Unknown #1,639,128,82,201
clip_c9_20260617_150354.avi,73,c9_sim,Unknown #1,639,129,81,200
clip_c9_20260617_150354.avi,74,c9_sim,Unknown #1,640,130,86,198
clip_c9_20260617_150354.avi,75,c9_sim,Unknown #1,640,130,85,199
clip_c9_20260617_150354.avi,76,c9_sim,Unknown #1,641,130,85,198
clip_c9_20260617_150354.avi,77,c9_sim,Unknown #1,641,130,85,198
clip_c9_20260617_150354.avi,78,c9_sim,Unknown #1,642,130,83,198
clip_c9_20260617_150354.avi,79,c9_sim,Unknown #1,641,129,85,199
clip_c9_20260617_150354.avi,80,c9_sim,Unknown #1,641,130,84,198
clip_c9_20260617_150354.avi,81,c9_sim,Unknown #1,641,130,84,198
clip_c9_20260617_150354.avi,82,c9_sim,Unknown #1,640,130,84,198
clip_c9_20260617_150354.avi,83,c9_sim,Unknown #1,641,130,84,198
clip_c9_20260617_150354.avi,84,c9_sim,Unknown #1,641,130,84,198
clip_c9_20260617_150354.avi,85,c9_sim,Unknown #1,642,129,84,201
clip_c9_20260617_150354.avi,86,c9_sim,Unknown #1,642,129,84,201
clip_c9_20260617_150354.avi,87,c9_sim,Unknown #1,642,129,84,200
clip_c9_20260617_150354.avi,88,c9_sim,Unknown #1,643,129,83,200
clip_c9_20260617_150354.avi,89,c9_sim,Unknown #1,642,129,86,199
clip_c9_20260617_150354.avi,90,c9_sim,Unknown #1,642,129,86,199
clip_c9_20260617_150354.avi,91,c9_sim,Unknown #1,642,128,86,200
clip_c9_20260617_150354.avi,92,c9_sim,Unknown #1,642,128,85,200
clip_c9_20260617_150354.avi,93,c9_sim,Unknown #1,642,128,85,200
clip_c9_20260617_150354.avi,94,c9_sim,Unknown #1,643,128,85,201
clip_c9_20260617_150354.avi,95,c9_sim,Unknown #1,643,128,85,201
clip_c9_20260617_150354.avi,96,c9_sim,Unknown #1,647,127,81,201
clip_c9_20260617_150354.avi,97,c9_sim,Unknown #1,648,128,80,200
clip_c9_20260617_150354.avi,98,c9_sim,Unknown #1,648,127,80,201
clip_c9_20260617_150354.avi,99,c9_sim,Unknown #1,647,128,83,200
clip_c9_20260617_150354.avi,100,c9_sim,Unknown #1,647,128,82,200
clip_c9_20260617_150354.avi,101,c9_sim,Unknown #1,646,128,85,200
clip_c9_20260617_150354.avi,102,c9_sim,Unknown #1,643,128,84,200
clip_c9_20260617_150354.avi,103,c9_sim,Unknown #1,643,127,83,201
clip_c9_20260617_150354.avi,104,c9_sim,Unknown #1,642,128,80,201
clip_c9_20260617_150354.avi,105,c9_sim,Unknown #1,642,128,81,201
clip_c9_20260617_150354.avi,106,c9_sim,Unknown #1,642,128,83,200
clip_c9_20260617_150354.avi,107,c9_sim,Unknown #1,642,128,83,201
clip_c9_20260617_150354.avi,108,c9_sim,Unknown #1,641,129,83,200
clip_c9_20260617_150354.avi,109,c9_sim,Unknown #1,641,129,83,200
clip_c9_20260617_150354.avi,110,c9_sim,Unknown #1,641,130,82,199
clip_c9_20260617_150354.avi,111,c9_sim,Unknown #1,641,130,81,199
clip_c9_20260617_150354.avi,112,c9_sim,Unknown #1,640,131,83,197
clip_c9_20260617_150354.avi,113,c9_sim,Unknown #1,639,128,77,196
clip_c9_20260617_150354.avi,114,c9_sim,Unknown #1,639,128,72,196
clip_c9_20260617_150354.avi,115,c9_sim,Unknown #1,641,128,67,189
clip_c9_20260617_150354.avi,116,c9_sim,Unknown #1,641,129,65,188
clip_c9_20260617_150354.avi,117,c9_sim,Unknown #1,642,128,73,190
clip_c9_20260617_150354.avi,118,c9_sim,Unknown #1,642,128,76,191
clip_c9_20260617_150354.avi,119,c9_sim,Unknown #1,641,128,74,191
clip_c9_20260617_150354.avi,120,c9_sim,Unknown #1,640,130,83,198
clip_c9_20260617_150354.avi,121,c9_sim,Unknown #1,640,130,85,198
clip_c9_20260617_150354.avi,122,c9_sim,Unknown #1,640,129,83,199
clip_c9_20260617_150354.avi,123,c9_sim,Unknown #1,640,129,82,199
clip_c9_20260617_150354.avi,124,c9_sim,Unknown #1,640,129,82,199
clip_c9_20260617_150354.avi,125,c9_sim,Unknown #1,640,129,81,199
clip_c9_20260617_150354.avi,126,c9_sim,Unknown #1,640,129,82,199
clip_c9_20260617_150354.avi,127,c9_sim,Unknown #1,640,129,83,199
clip_c9_20260617_150354.avi,128,c9_sim,Unknown #1,640,129,84,199
clip_c9_20260617_150354.avi,129,c9_sim,Unknown #1,640,129,84,199
clip_c9_20260617_150354.avi,130,c9_sim,Unknown #1,640,129,84,199
clip_c9_20260617_150354.avi,131,c9_sim,Unknown #1,642,129,80,199
clip_c9_20260617_150354.avi,132,c9_sim,Unknown #1,642,129,78,199
clip_c9_20260617_150354.avi,133,c9_sim,Unknown #1,642,131,76,196
clip_c9_20260617_150354.avi,134,c9_sim,Unknown #1,643,131,77,196
clip_c9_20260617_150354.avi,135,c9_sim,Unknown #1,642,130,76,197
clip_c9_20260617_150354.avi,136,c9_sim,Unknown #1,642,129,76,198
clip_c9_20260617_150354.avi,137,c9_sim,Unknown #1,642,130,76,197
clip_c9_20260617_150354.avi,138,c9_sim,Unknown #1,642,131,75,197
clip_c9_20260617_150354.avi,139,c9_sim,Unknown #1,642,129,80,199
clip_c9_20260617_150354.avi,140,c9_sim,Unknown #1,642,129,81,199
clip_c9_20260617_150354.avi,141,c9_sim,Unknown #1,642,129,80,200
clip_c9_20260617_150354.avi,142,c9_sim,Unknown #1,641,128,82,201
clip_c9_20260617_150354.avi,143,c9_sim,Unknown #1,641,128,81,201
clip_c9_20260617_150354.avi,144,c9_sim,Unknown #1,641,128,81,201
clip_c9_20260617_150354.avi,145,c9_sim,Unknown #1,642,128,79,201
clip_c9_20260617_150354.avi,146,c9_sim,Unknown #1,642,128,80,201
clip_c9_20260617_150354.avi,147,c9_sim,Unknown #1,643,128,78,201
clip_c9_20260617_150354.avi,148,c9_sim,Unknown #1,644,127,76,201
clip_c9_20260617_150354.avi,149,c9_sim,Unknown #1,644,127,76,200
clip_c9_20260617_150354.avi,150,c9_sim,Unknown #1,644,127,78,201
clip_c9_20260617_150354.avi,151,c9_sim,Unknown #1,644,127,78,201
clip_c9_20260617_150354.avi,152,c9_sim,Unknown #1,645,126,77,201
clip_c9_20260617_150354.avi,153,c9_sim,Unknown #1,644,127,80,202
clip_c9_20260617_150354.avi,154,c9_sim,Unknown #1,644,128,79,201
clip_c9_20260617_150354.avi,155,c9_sim,Unknown #1,645,129,77,201
clip_c9_20260617_150354.avi,156,c9_sim,Unknown #1,644,129,78,201
clip_c9_20260617_150354.avi,157,c9_sim,Unknown #1,644,129,76,201
clip_c9_20260617_150354.avi,158,c9_sim,Unknown #1,644,129,77,200
clip_c9_20260617_150354.avi,159,c9_sim,Unknown #1,643,129,81,200
clip_c9_20260617_150354.avi,160,c9_sim,Unknown #1,643,129,82,200
clip_c9_20260617_150354.avi,161,c9_sim,Unknown #1,642,128,82,201
clip_c9_20260617_150354.avi,162,c9_sim,Unknown #1,643,128,83,201
clip_c9_20260617_150354.avi,163,c9_sim,Unknown #1,642,128,83,201
clip_c9_20260617_150354.avi,164,c9_sim,Unknown #1,642,128,84,201
clip_c9_20260617_150354.avi,165,c9_sim,Unknown #1,642,128,83,201
clip_c9_20260617_150354.avi,166,c9_sim,Unknown #1,641,128,84,201
clip_c9_20260617_150354.avi,167,c9_sim,Unknown #1,641,128,83,201
clip_c9_20260617_150354.avi,168,c9_sim,Unknown #1,640,128,84,201
clip_c9_20260617_150354.avi,169,c9_sim,Unknown #1,640,128,85,200
clip_c9_20260617_150354.avi,170,c9_sim,Unknown #1,640,128,85,201
clip_c9_20260617_150354.avi,171,c9_sim,Unknown #1,640,129,85,200
clip_c9_20260617_150354.avi,172,c9_sim,Unknown #1,640,129,85,200
clip_c9_20260617_150354.avi,173,c9_sim,Unknown #1,640,129,85,200
clip_c9_20260617_150354.avi,174,c9_sim,Unknown #1,640,129,85,200
clip_c9_20260617_150354.avi,175,c9_sim,Unknown #1,640,129,85,200
clip_c9_20260617_150354.avi,176,c9_sim,Unknown #1,640,129,84,200
clip_c9_20260617_150354.avi,177,c9_sim,Unknown #1,640,129,85,200
clip_c9_20260617_150354.avi,178,c9_sim,Unknown #1,640,129,84,200
clip_c9_20260617_150354.avi,179,c9_sim,Unknown #1,640,129,83,201
clip_c9_20260617_150354.avi,180,c9_sim,Unknown #1,640,129,82,200
clip_c9_20260617_150354.avi,181,c9_sim,Unknown #1,640,129,81,200
clip_c9_20260617_150354.avi,182,c9_sim,Unknown #1,641,129,82,201
clip_c9_20260617_150354.avi,183,c9_sim,Unknown #1,642,129,81,200
clip_c9_20260617_150354.avi,184,c9_sim,Unknown #1,642,129,80,200
clip_c9_20260617_150354.avi,185,c9_sim,Unknown #1,641,129,80,200
clip_c9_20260617_150354.avi,186,c9_sim,Unknown #1,641,129,80,200
clip_c9_20260617_150354.avi,187,c9_sim,Unknown #1,642,129,79,200
clip_c9_20260617_150354.avi,188,c9_sim,Unknown #1,644,129,78,200
clip_c9_20260617_150354.avi,189,c9_sim,Unknown #1,646,129,76,198
clip_c9_20260617_150354.avi,190,c9_sim,Unknown #1,646,128,76,199
clip_c9_20260617_150354.avi,191,c9_sim,Unknown #1,646,126,76,201
clip_c9_20260617_150354.avi,192,c9_sim,Unknown #1,646,127,75,201
clip_c9_20260617_150354.avi,193,c9_sim,Unknown #1,646,126,74,202
clip_c9_20260617_150354.avi,194,c9_sim,Unknown #1,647,128,74,199
clip_c9_20260617_150354.avi,195,c9_sim,Unknown #1,647,127,74,201
clip_c9_20260617_150354.avi,196,c9_sim,Unknown #1,647,127,79,203
clip_c9_20260617_150354.avi,197,c9_sim,Unknown #1,647,127,76,204
clip_c9_20260617_150354.avi,198,c9_sim,Unknown #1,646,128,78,203
clip_c9_20260617_150354.avi,199,c9_sim,Unknown #1,644,128,80,202
clip_c9_20260617_150354.avi,200,c9_sim,Unknown #1,642,127,81,204
clip_c9_20260617_150354.avi,201,c9_sim,Unknown #1,642,128,84,201
clip_c9_20260617_150354.avi,202,c9_sim,Unknown #1,633,131,61,194
clip_c9_20260617_150354.avi,203,c9_sim,Unknown #1,627,136,63,195
clip_c9_20260617_150354.avi,204,c9_sim,Unknown #1,627,138,67,196
clip_c9_20260617_150354.avi,205,c9_sim,Unknown #1,627,138,72,195
clip_c9_20260617_150354.avi,206,c9_sim,Unknown #1,626,137,74,198
clip_c9_20260617_150354.avi,207,c9_sim,Unknown #1,624,135,74,203
clip_c9_20260617_150354.avi,208,c9_sim,Unknown #1,623,134,68,207
clip_c9_20260617_150354.avi,209,c9_sim,Unknown #1,624,137,62,203
clip_c9_20260617_150354.avi,210,c9_sim,Unknown #1,625,138,59,205
clip_c9_20260617_150354.avi,211,c9_sim,Unknown #1,626,138,57,213
clip_c9_20260617_150354.avi,212,c9_sim,Unknown #1,626,140,54,211
clip_c9_20260617_150354.avi,213,c9_sim,Unknown #1,629,147,59,205
clip_c9_20260617_150354.avi,214,c9_sim,Unknown #1,629,148,63,204
clip_c9_20260617_150354.avi,215,c9_sim,Unknown #1,628,144,73,209
clip_c9_20260617_150354.avi,216,c9_sim,Unknown #1,630,144,96,207
clip_c9_20260617_150354.avi,217,c9_sim,Unknown #1,631,147,102,208
clip_c9_20260617_150354.avi,218,c9_sim,Unknown #1,634,147,99,207
clip_c9_20260617_150354.avi,219,c9_sim,Unknown #1,648,142,91,220
clip_c9_20260617_150354.avi,220,c9_sim,Unknown #1,657,145,89,242
clip_c9_20260617_150354.avi,221,c9_sim,Unknown #1,660,147,96,238
clip_c9_20260617_150354.avi,222,c9_sim,Unknown #1,662,145,103,243
clip_c9_20260617_150354.avi,223,c9_sim,Unknown #1,680,143,94,250
clip_c9_20260617_150354.avi,224,c9_sim,Unknown #1,686,148,104,248
clip_c9_20260617_150354.avi,225,c9_sim,Unknown #1,688,147,106,253
clip_c9_20260617_150354.avi,226,c9_sim,Unknown #1,709,164,104,255
clip_c9_20260617_150354.avi,227,c9_sim,Unknown #1,717,163,99,253
clip_c9_20260617_150354.avi,228,c9_sim,Unknown #1,723,162,96,261
clip_c9_20260617_150354.avi,229,c9_sim,Unknown #1,731,169,108,273
clip_c9_20260617_150354.avi,230,c9_sim,Unknown #1,736,172,115,270
clip_c9_20260617_150354.avi,231,c9_sim,Unknown #1,745,173,115,279
clip_c9_20260617_150354.avi,232,c9_sim,Unknown #1,757,171,115,282
clip_c9_20260617_150354.avi,233,c9_sim,Unknown #1,769,168,113,281
clip_c9_20260617_150354.avi,234,c9_sim,Unknown #1,774,168,115,279
clip_c9_20260617_150354.avi,235,c9_sim,Unknown #1,779,171,120,281
clip_c9_20260617_150354.avi,236,c9_sim,Unknown #1,810,180,132,297
clip_c9_20260617_150354.avi,237,c9_sim,Unknown #1,826,177,117,299
clip_c9_20260617_150354.avi,238,c9_sim,Unknown #1,839,177,116,300
clip_c9_20260617_150354.avi,239,c9_sim,Unknown #1,859,182,128,324
clip_c9_20260617_150354.avi,240,c9_sim,Unknown #1,864,186,128,323
clip_c9_20260617_150354.avi,241,c9_sim,Unknown #1,867,188,143,330
clip_c9_20260617_150354.avi,242,c9_sim,Unknown #1,905,193,133,328
clip_c9_20260617_150354.avi,243,c9_sim,Unknown #1,921,194,117,327
clip_c9_20260617_150354.avi,244,c9_sim,Unknown #1,945,194,106,324
clip_c9_20260617_150354.avi,245,c9_sim,Unknown #1,951,195,116,324
clip_c9_20260617_150354.avi,246,c9_sim,Unknown #1,959,194,115,326
clip_c9_20260617_150354.avi,247,c9_sim,Unknown #1,968,203,174,329
clip_c9_20260617_150354.avi,248,c9_sim,Unknown #1,1005,206,155,330
clip_c9_20260617_150354.avi,249,c9_sim,Unknown #1,1023,201,131,334
clip_c9_20260617_150354.avi,250,c9_sim,Unknown #1,1085,212,161,360
clip_c9_20260617_150354.avi,251,c9_sim,Unknown #1,1088,220,184,350
clip_c9_20260617_150354.avi,252,c9_sim,Unknown #1,1122,219,155,354
clip_c9_20260617_150354.avi,253,c9_sim,Unknown #1,1172,221,116,354
clip_c9_20260617_150354.avi,254,c9_sim,Unknown #1,1193,224,124,352
clip_c9_20260617_150354.avi,255,c9_sim,Unknown #1,1207,230,123,345
clip_c9_20260617_150354.avi,256,c9_sim,Unknown #1,1211,243,115,334
clip_c8_20260617_150429.avi,17,c8_sim,Unknown #1,970,578,216,366
clip_c8_20260617_150429.avi,18,c8_sim,Unknown #1,983,566,208,370
clip_c8_20260617_150429.avi,19,c8_sim,Unknown #1,1031,539,199,341
clip_c8_20260617_150429.avi,20,c8_sim,Unknown #1,1058,520,192,344
clip_c8_20260617_150429.avi,21,c8_sim,Unknown #1,1068,513,190,348
clip_c8_20260617_150429.avi,22,c8_sim,Unknown #1,1080,503,188,361
clip_c8_20260617_150429.avi,23,c8_sim,Unknown #1,1125,468,188,391
clip_c8_20260617_150429.avi,24,c8_sim,Unknown #1,1166,455,177,355
clip_c8_20260617_150429.avi,25,c8_sim,Unknown #1,1184,464,173,312
clip_c8_20260617_150429.avi,26,c8_sim,Unknown #1,1211,456,173,299
clip_c8_20260617_150429.avi,27,c8_sim,Unknown #1,1218,379,185,374
clip_c8_20260617_150429.avi,28,c8_sim,Unknown #1,1218,375,191,372
clip_c8_20260617_150429.avi,29,c8_sim,Unknown #1,1229,365,197,370
clip_c8_20260617_150429.avi,30,c8_sim,Unknown #1,1271,346,175,340
clip_c8_20260617_150429.avi,31,c8_sim,Unknown #1,1289,342,173,341
clip_c8_20260617_150429.avi,32,c8_sim,Unknown #1,1306,336,175,347
clip_c8_20260617_150429.avi,33,c8_sim,Unknown #1,1328,310,197,372
clip_c8_20260617_150429.avi,34,c8_sim,Unknown #1,1359,291,168,369
clip_c8_20260617_150429.avi,35,c8_sim,Unknown #1,1388,274,137,344
clip_c8_20260617_150429.avi,36,c8_sim,Unknown #1,1399,260,160,339
clip_c8_20260617_150429.avi,37,c8_sim,Unknown #1,1403,256,147,344
clip_c8_20260617_150429.avi,38,c8_sim,Unknown #1,1401,249,136,351
clip_c8_20260617_150429.avi,39,c8_sim,Unknown #1,1405,241,144,348
clip_c8_20260617_150429.avi,40,c8_sim,Unknown #1,1421,232,149,330
clip_c8_20260617_150429.avi,41,c8_sim,Unknown #1,1434,229,142,319
clip_c8_20260617_150429.avi,42,c8_sim,Unknown #1,1446,226,140,311
clip_c8_20260617_150429.avi,43,c8_sim,Unknown #1,1480,211,126,322
clip_c8_20260617_150429.avi,44,c8_sim,Unknown #1,1486,197,122,329
clip_c8_20260617_150429.avi,45,c8_sim,Unknown #1,1505,182,109,225
clip_c8_20260617_150429.avi,46,c8_sim,Unknown #1,1512,178,105,228
clip_c8_20260617_150429.avi,47,c8_sim,Unknown #1,1515,172,107,235
clip_c8_20260617_150429.avi,48,c8_sim,Unknown #1,1522,169,111,237
clip_c8_20260617_150429.avi,49,c8_sim,Unknown #1,1526,162,113,245
clip_c8_20260617_150429.avi,50,c8_sim,Unknown #1,1533,154,117,255
clip_c8_20260617_150429.avi,51,c8_sim,Unknown #1,1531,153,128,255
clip_c8_20260617_150429.avi,52,c8_sim,Unknown #1,1531,151,129,257
clip_c8_20260617_150429.avi,53,c8_sim,Unknown #1,1557,136,114,271
clip_c8_20260617_150429.avi,54,c8_sim,Unknown #1,1565,128,113,278
clip_c8_20260617_150429.avi,55,c8_sim,Unknown #1,1573,123,102,276
clip_c8_20260617_150429.avi,56,c8_sim,Unknown #1,1577,117,102,274
clip_c8_20260617_150429.avi,57,c8_sim,Unknown #1,1579,111,105,274
clip_c8_20260617_150429.avi,58,c8_sim,Unknown #1,1583,109,105,275
clip_c8_20260617_150429.avi,59,c8_sim,Unknown #1,1583,110,106,267
clip_c8_20260617_150429.avi,60,c8_sim,Unknown #1,1580,109,112,265
clip_c8_20260617_150429.avi,61,c8_sim,Unknown #1,1581,110,114,266
clip_c8_20260617_150429.avi,62,c8_sim,Unknown #1,1579,120,131,255
clip_c8_20260617_150429.avi,63,c8_sim,Unknown #1,1582,124,133,247
clip_c8_20260617_150429.avi,64,c8_sim,Unknown #1,1584,118,134,256
clip_c8_20260617_150429.avi,65,c8_sim,Unknown #1,1587,129,138,236
clip_c8_20260617_150429.avi,66,c8_sim,Unknown #1,1612,125,116,245
clip_c8_20260617_150429.avi,67,c8_sim,Unknown #1,1628,124,102,243
clip_c8_20260617_150429.avi,68,c8_sim,Unknown #1,1642,112,95,266
clip_c8_20260617_150429.avi,69,c8_sim,Unknown #1,1643,115,96,260
clip_c8_20260617_150429.avi,70,c8_sim,Unknown #1,1644,113,96,259
clip_c8_20260727_145055.avi,3,c8_sim,Unknown #6,1115,523,179,361
clip_c8_20260727_145055.avi,4,c8_sim,Unknown #6,1130,494,238,390
clip_c8_20260727_145055.avi,5,c8_sim,Unknown #6,1178,456,187,389
clip_c8_20260727_145055.avi,6,c8_sim,Unknown #6,1231,457,137,322
clip_c8_20260727_145055.avi,7,c8_sim,Unknown #6,1241,460,146,306
clip_c8_20260727_145055.avi,8,c8_sim,Unknown #6,1258,367,159,361
clip_c8_20260727_145055.avi,9,c8_sim,Unknown #6,1306,336,148,351
clip_c8_20260727_145055.avi,10,c8_sim,Unknown #6,1325,310,141,377
clip_c8_20260727_145055.avi,12,c8_sim,Unknown #6,1375,256,112,328
clip_c8_20260727_145055.avi,13,c8_sim,Unknown #6,1380,239,126,345
clip_c8_20260727_145055.avi,14,c8_sim,Unknown #6,1400,223,125,325
clip_c8_20260727_145055.avi,16,c8_sim,Unknown #6,1440,186,113,221
clip_c8_20260727_145055.avi,17,c8_sim,Unknown #6,1447,169,109,239
clip_c8_20260727_145055.avi,18,c8_sim,Unknown #6,1464,149,90,258
clip_c8_20260727_145055.avi,19,c8_sim,Unknown #6,1465,140,97,266
clip_c8_20260727_145055.avi,20,c8_sim,Unknown #6,1475,134,102,271
clip_c8_20260727_145055.avi,21,c8_sim,Unknown #6,1492,122,102,267
clip_c8_20260727_145055.avi,22,c8_sim,Unknown #6,1503,111,93,278
clip_c8_20260727_145055.avi,23,c8_sim,Unknown #6,1513,104,87,263
clip_c8_20260727_145055.avi,25,c8_sim,Unknown #6,1528,88,93,251
clip_c8_20260727_145055.avi,26,c8_sim,Unknown #6,1542,80,89,239
clip_c8_20260727_145055.avi,27,c8_sim,Unknown #6,1569,75,96,239
clip_c8_20260727_145055.avi,28,c8_sim,Unknown #6,1574,71,104,243
clip_c10_20260618_155056.avi,4,c10_sim,Unknown #5,957,226,173,344
clip_c10_20260618_155056.avi,5,c10_sim,Unknown #5,957,232,155,337
clip_c10_20260618_155056.avi,6,c10_sim,Unknown #5,942,234,158,336
clip_c10_20260618_155056.avi,7,c10_sim,Unknown #5,876,257,165,338
clip_c10_20260618_155056.avi,8,c10_sim,Unknown #5,864,263,173,335
clip_c10_20260618_155056.avi,9,c10_sim,Unknown #5,838,266,173,334
clip_c10_20260618_155056.avi,10,c10_sim,Unknown #5,822,276,134,339
clip_c10_20260618_155056.avi,11,c10_sim,Unknown #5,808,284,129,362
clip_c10_20260618_155056.avi,12,c10_sim,Unknown #5,799,289,141,362
clip_c10_20260618_155056.avi,13,c10_sim,Unknown #5,798,293,142,367
clip_c10_20260618_155056.avi,14,c10_sim,Unknown #5,751,306,157,362
clip_c10_20260618_155056.avi,15,c10_sim,Unknown #5,728,318,161,348
clip_c10_20260618_155056.avi,16,c10_sim,Unknown #5,691,337,191,359
clip_c10_20260618_155056.avi,17,c10_sim,Unknown #5,666,342,207,360
clip_c10_20260618_155056.avi,18,c10_sim,Unknown #5,637,354,195,343
clip_c10_20260618_155056.avi,19,c10_sim,Unknown #5,628,356,188,348
clip_c10_20260618_155056.avi,20,c10_sim,Unknown #5,519,422,199,365
clip_c10_20260618_155056.avi,21,c10_sim,Unknown #5,468,462,242,383
clip_c10_20260618_155056.avi,22,c10_sim,Unknown #5,461,464,247,383
clip_c11_20260727_145334.avi,11,c11_sim,Unknown #7,795,180,37,123
clip_c11_20260727_145334.avi,12,c11_sim,Unknown #7,793,173,42,134
clip_c11_20260727_145334.avi,13,c11_sim,Unknown #7,799,171,45,141
clip_c11_20260727_145334.avi,14,c11_sim,Unknown #7,803,176,42,136
clip_c11_20260727_145334.avi,15,c11_sim,Unknown #7,804,178,44,141
clip_c11_20260727_145334.avi,16,c11_sim,Unknown #7,809,180,48,140
clip_c11_20260727_145334.avi,17,c11_sim,Unknown #7,812,179,46,145
clip_c11_20260727_145334.avi,20,c11_sim,Unknown #7,818,191,42,146
clip_c11_20260727_145334.avi,22,c11_sim,Unknown #7,824,196,47,153
clip_c11_20260727_145334.avi,23,c11_sim,Unknown #7,822,192,67,164
clip_c11_20260727_145334.avi,25,c11_sim,Unknown #7,827,197,61,176
clip_c11_20260727_145334.avi,26,c11_sim,Unknown #7,832,190,66,196
clip_c11_20260727_145334.avi,27,c11_sim,Unknown #7,835,195,68,192
clip_c11_20260727_145334.avi,28,c11_sim,Unknown #7,843,209,67,197
clip_c11_20260727_145334.avi,30,c11_sim,Unknown #7,845,224,109,202
clip_c11_20260727_145334.avi,31,c11_sim,Unknown #7,847,175,111,268
clip_c11_20260727_145334.avi,33,c11_sim,Unknown #7,881,242,81,218
clip_c11_20260727_145334.avi,34,c11_sim,Unknown #7,882,238,95,226
clip_c11_20260727_145334.avi,35,c11_sim,Unknown #7,883,240,99,247
clip_c11_20260727_145334.avi,36,c11_sim,Unknown #7,889,252,108,258
clip_c11_20260727_145334.avi,37,c11_sim,Unknown #7,912,259,104,259
clip_c11_20260727_145334.avi,38,c11_sim,Unknown #7,925,270,111,269
clip_c11_20260727_145334.avi,39,c11_sim,Unknown #7,923,273,131,277
clip_c11_20260727_145334.avi,40,c11_sim,Unknown #7,931,282,136,294
clip_c11_20260727_145334.avi,41,c11_sim,Unknown #7,958,293,124,301
clip_c11_20260727_145334.avi,42,c11_sim,Unknown #7,970,307,128,314
clip_c11_20260727_145334.avi,43,c11_sim,Unknown #7,985,318,133,326
clip_c11_20260727_145334.avi,44,c11_sim,Unknown #7,981,322,156,335
clip_c11_20260727_145334.avi,45,c11_sim,Unknown #7,996,344,170,363
clip_c11_20260727_145334.avi,46,c11_sim,Unknown #7,1045,353,157,366
clip_c11_20260727_145334.avi,47,c11_sim,Unknown #7,1049,370,182,378
clip_c11_20260727_145334.avi,48,c11_sim,Unknown #7,1129,378,157,379
clip_c11_20260727_145334.avi,52,c11_sim,Unknown #8,1386,472,215,392
clip_c11_20260727_145334.avi,53,c11_sim,Unknown #8,1500,492,193,380
clip_c11_20260727_145334.avi,54,c11_sim,Unknown #8,1509,522,247,364
clip_c11_20260727_145334.avi,55,c11_sim,Unknown #8,1631,555,233,352
clip_c11_20260727_145653.avi,0,c11_sim,Unknown #8,1586,521,190,353
clip_c11_20260727_145653.avi,1,c11_sim,Unknown #8,1557,509,173,363
clip_c11_20260727_145653.avi,2,c11_sim,Unknown #8,1477,506,213,350
clip_c11_20260727_145653.avi,3,c11_sim,Unknown #8,1469,492,177,357
clip_c11_20260727_145653.avi,4,c11_sim,Unknown #8,1460,476,152,373
clip_c11_20260727_145653.avi,7,c11_sim,Unknown #9,1341,433,157,367
clip_c11_20260727_145653.avi,8,c11_sim,Unknown #9,1241,432,205,360
clip_c11_20260727_145653.avi,9,c11_sim,Unknown #9,1233,424,164,352
clip_c11_20260727_145653.avi,10,c11_sim,Unknown #9,1192,406,167,364
clip_c11_20260727_145653.avi,11,c11_sim,Unknown #9,1145,396,184,371
clip_c11_20260727_145653.avi,12,c11_sim,Unknown #9,1151,383,145,362
clip_c11_20260727_145653.avi,13,c11_sim,Unknown #9,1142,366,126,345
clip_c11_20260727_145653.avi,14,c11_sim,Unknown #9,1061,365,170,343
clip_c11_20260727_145653.avi,15,c11_sim,Unknown #9,1059,355,149,337
clip_c11_20260727_145653.avi,16,c11_sim,Unknown #9,1020,342,149,322
clip_c11_20260727_145653.avi,17,c11_sim,Unknown #9,991,334,158,331
clip_c11_20260727_145653.avi,18,c11_sim,Unknown #9,986,326,139,333
clip_c11_20260727_145653.avi,19,c11_sim,Unknown #9,1002,314,101,315
clip_c11_20260727_145653.avi,20,c11_sim,Unknown #9,952,308,125,308
clip_c11_20260727_145653.avi,21,c11_sim,Unknown #9,942,305,133,304
clip_c11_20260727_145653.avi,22,c11_sim,Unknown #9,919,294,127,287
clip_c11_20260727_145653.avi,23,c11_sim,Unknown #9,890,288,121,290
clip_c11_20260727_145653.avi,24,c11_sim,Unknown #9,886,286,114,286
clip_c11_20260727_145653.avi,25,c11_sim,Unknown #9,905,273,81,273
clip_c11_20260727_145653.avi,26,c11_sim,Unknown #9,880,267,92,273
clip_c11_20260727_145653.avi,28,c11_sim,Unknown #9,858,270,84,243
clip_c11_20260727_145653.avi,29,c11_sim,Unknown #9,818,257,111,257
clip_c11_20260727_145653.avi,30,c11_sim,Unknown #9,815,255,117,252
clip_c11_20260727_145653.avi,31,c11_sim,Unknown #9,834,250,85,238
clip_c11_20260727_145653.avi,32,c11_sim,Unknown #9,830,243,80,239
clip_c11_20260727_145653.avi,33,c11_sim,Unknown #9,815,240,90,233
clip_c11_20260727_145653.avi,34,c11_sim,Unknown #9,799,238,78,220
clip_c11_20260727_145653.avi,35,c11_sim,Unknown #9,779,239,95,221
clip_c11_20260727_145653.avi,36,c11_sim,Unknown #9,774,234,95,216
clip_c11_20260727_145653.avi,37,c11_sim,Unknown #9,787,229,73,219
clip_c11_20260727_145653.avi,38,c11_sim,Unknown #9,788,220,72,212
clip_c11_20260727_145653.avi,39,c11_sim,Unknown #9,783,227,75,202
clip_c11_20260727_145653.avi,40,c11_sim,Unknown #9,773,232,76,189
clip_c11_20260727_145653.avi,44,c11_sim,Unknown #9,788,213,67,175
clip_c11_20260727_145653.avi,45,c11_sim,Unknown #9,787,217,67,175
clip_c11_20260727_145653.avi,47,c11_sim,Unknown #9,779,203,60,172
clip_c11_20260727_145653.avi,48,c11_sim,Unknown #9,777,200,67,173
clip_c11_20260727_145653.avi,54,c11_sim,Unknown #9,778,192,57,154
clip_c11_20260727_145653.avi,56,c11_sim,Unknown #9,780,186,56,148
clip_c11_20260727_145653.avi,57,c11_sim,Unknown #9,779,185,55,150
clip_c11_20260727_145653.avi,58,c11_sim,Unknown #9,779,180,53,148
clip_c11_20260727_145653.avi,59,c11_sim,Unknown #9,780,181,50,147
clip_c11_20260727_145653.avi,60,c11_sim,Unknown #9,779,179,50,150
clip_c11_20260727_145653.avi,61,c11_sim,Unknown #9,780,181,51,136
clip_c12_20260727_145330.avi,1,c12_sim,Unknown #10,39,745,147,287
clip_c12_20260727_145330.avi,3,c12_sim,Unknown #10,18,807,161,244
clip_c10_20260727_145319.avi,2,c10_sim,Unknown #10,1043,181,130,342
clip_c10_20260727_145319.avi,3,c10_sim,Unknown #10,968,200,196,348
clip_c10_20260727_145319.avi,4,c10_sim,Unknown #10,954,212,165,362
clip_c10_20260727_145319.avi,5,c10_sim,Unknown #10,966,217,104,357
clip_c10_20260727_145319.avi,6,c10_sim,Unknown #10,898,232,162,379
clip_c10_20260727_145319.avi,7,c10_sim,Unknown #10,878,245,145,377
clip_c10_20260727_145319.avi,8,c10_sim,Unknown #10,807,255,163,374
clip_c10_20260727_145319.avi,9,c10_sim,Unknown #10,730,278,217,408
clip_c10_20260727_145319.avi,10,c10_sim,Unknown #10,714,297,180,407
clip_c10_20260727_145319.avi,11,c10_sim,Unknown #10,716,313,146,397
clip_c10_20260727_145319.avi,12,c10_sim,Unknown #10,672,338,186,414
clip_c10_20260727_145319.avi,13,c10_sim,Unknown #10,618,362,205,406
clip_c10_20260727_145319.avi,14,c10_sim,Unknown #10,527,382,217,415
clip_c10_20260727_145319.avi,15,c10_sim,Unknown #10,480,411,217,427
clip_c10_20260727_145319.avi,16,c10_sim,Unknown #10,477,442,189,422
clip_c10_20260727_145319.avi,17,c10_sim,Unknown #10,432,472,225,422
clip_c10_20260727_145319.avi,18,c10_sim,Unknown #10,387,513,273,446
clip_c10_20260727_145319.avi,19,c10_sim,Unknown #10,332,552,261,419
clip_c10_20260727_145319.avi,20,c10_sim,Unknown #10,281,590,267,424
clip_c10_20260727_145319.avi,21,c10_sim,Unknown #10,228,641,319,428
clip_c10_20260727_145319.avi,22,c10_sim,Unknown #10,200,672,287,404
clip_c10_20260727_145319.avi,23,c10_sim,Unknown #10,149,718,321,359
clip_c10_20260727_145319.avi,24,c10_sim,Unknown #10,106,778,358,299
clip_c11_20260727_150629.avi,6,c11_sim,Unknown #11,403,581,199,438
clip_c11_20260727_150629.avi,7,c11_sim,Unknown #11,449,563,173,440
clip_c11_20260727_150629.avi,8,c11_sim,Unknown #11,477,548,169,455
clip_c11_20260727_150629.avi,9,c11_sim,Unknown #11,507,529,165,452
clip_c11_20260727_150629.avi,10,c11_sim,Unknown #11,544,509,159,407
clip_c11_20260727_150629.avi,11,c11_sim,Unknown #11,574,496,186,412
clip_c11_20260727_150629.avi,12,c11_sim,Unknown #11,615,486,160,395
clip_c11_20260727_150629.avi,14,c11_sim,Unknown #11,665,452,162,393
clip_c11_20260727_150629.avi,15,c11_sim,Unknown #11,685,439,135,379
clip_c11_20260727_150629.avi,17,c11_sim,Unknown #11,687,410,151,359
clip_c11_20260727_150629.avi,18,c11_sim,Unknown #11,708,396,146,345
clip_c11_20260727_150629.avi,19,c11_sim,Unknown #11,712,385,150,322
clip_c11_20260727_150629.avi,20,c11_sim,Unknown #11,724,376,136,332
clip_c11_20260727_150629.avi,23,c11_sim,Unknown #11,740,348,113,297
clip_c11_20260727_150629.avi,24,c11_sim,Unknown #11,755,337,103,277
clip_c11_20260727_150629.avi,25,c11_sim,Unknown #11,760,330,100,275
clip_c11_20260727_150629.avi,26,c11_sim,Unknown #11,767,309,90,274
clip_c11_20260727_150629.avi,28,c11_sim,Unknown #11,775,308,102,251
clip_c11_20260727_150629.avi,29,c11_sim,Unknown #11,788,299,88,249
clip_c11_20260727_150629.avi,30,c11_sim,Unknown #11,801,295,81,227
clip_c11_20260727_150629.avi,31,c11_sim,Unknown #11,808,292,79,231
clip_c11_20260727_150629.avi,32,c11_sim,Unknown #11,812,281,75,225
clip_c11_20260727_150629.avi,33,c11_sim,Unknown #11,815,275,82,219
clip_c11_20260727_150629.avi,34,c11_sim,Unknown #11,802,274,123,219
clip_c11_20260727_150629.avi,35,c11_sim,Unknown #11,800,266,148,206
clip_c11_20260727_150629.avi,36,c11_sim,Unknown #11,831,261,118,210
clip_c11_20260727_150629.avi,37,c11_sim,Unknown #11,833,257,107,208
clip_c11_20260727_150629.avi,38,c11_sim,Unknown #11,814,250,130,199
clip_c11_20260727_150629.avi,39,c11_sim,Unknown #11,828,249,114,196
clip_c11_20260727_150629.avi,40,c11_sim,Unknown #11,837,247,96,197
clip_c11_20260727_150629.avi,41,c11_sim,Unknown #11,855,247,67,179
clip_c9_20260727_145031.avi,40,c9_sim,Unknown #6,882,72,61,165
clip_c9_20260727_145031.avi,41,c9_sim,Unknown #6,880,76,59,165
clip_c9_20260727_145031.avi,42,c9_sim,Unknown #6,879,75,55,177
clip_c9_20260727_145031.avi,43,c9_sim,Unknown #6,878,77,57,167
clip_c9_20260727_145031.avi,44,c9_sim,Unknown #6,877,78,59,186
clip_c9_20260727_145031.avi,45,c9_sim,Unknown #6,878,81,56,203
clip_c9_20260727_145031.avi,46,c9_sim,Unknown #6,879,84,59,205
clip_c9_20260727_145031.avi,47,c9_sim,Unknown #6,877,86,63,201
clip_c9_20260727_145031.avi,48,c9_sim,Unknown #6,874,88,66,217
clip_c9_20260727_145031.avi,49,c9_sim,Unknown #6,873,91,64,210
clip_c9_20260727_145031.avi,50,c9_sim,Unknown #6,867,90,73,214
clip_c9_20260727_145031.avi,51,c9_sim,Unknown #6,867,88,67,218
clip_c9_20260727_145031.avi,52,c9_sim,Unknown #6,873,95,57,217
clip_c9_20260727_145031.avi,53,c9_sim,Unknown #6,874,100,60,213
clip_c9_20260727_145031.avi,54,c9_sim,Unknown #6,872,102,64,204
clip_c9_20260727_145031.avi,55,c9_sim,Unknown #6,867,107,68,217
clip_c9_20260727_145031.avi,56,c9_sim,Unknown #6,862,103,71,229
clip_c9_20260727_145031.avi,57,c9_sim,Unknown #6,861,112,72,221
clip_c9_20260727_145031.avi,58,c9_sim,Unknown #6,860,114,77,222
clip_c9_20260727_145031.avi,59,c9_sim,Unknown #6,858,118,77,228
clip_c9_20260727_145031.avi,60,c9_sim,Unknown #6,863,121,75,231
clip_c9_20260727_145031.avi,61,c9_sim,Unknown #6,865,127,82,223
clip_c9_20260727_145031.avi,62,c9_sim,Unknown #6,859,129,82,248
clip_c9_20260727_145031.avi,63,c9_sim,Unknown #6,856,134,78,252
clip_c9_20260727_145031.avi,64,c9_sim,Unknown #6,853,139,78,248
clip_c9_20260727_145031.avi,65,c9_sim,Unknown #6,852,140,83,248
clip_c9_20260727_145031.avi,66,c9_sim,Unknown #6,855,151,78,272
clip_c9_20260727_145031.avi,67,c9_sim,Unknown #6,855,157,87,266
clip_c9_20260727_145031.avi,68,c9_sim,Unknown #6,844,166,112,289
clip_c9_20260727_145031.avi,69,c9_sim,Unknown #6,841,170,124,298
clip_c9_20260727_145031.avi,70,c9_sim,Unknown #6,848,173,125,296
clip_c9_20260727_145031.avi,71,c9_sim,Unknown #6,884,184,119,305
clip_c9_20260727_145031.avi,72,c9_sim,Unknown #6,905,192,103,317
clip_c9_20260727_145031.avi,73,c9_sim,Unknown #6,933,198,111,317
clip_c9_20260727_145031.avi,74,c9_sim,Unknown #6,917,204,166,335
clip_c9_20260727_145031.avi,75,c9_sim,Unknown #6,931,208,155,348
clip_c9_20260727_145031.avi,76,c9_sim,Unknown #6,982,211,111,345
clip_c9_20260727_145031.avi,77,c9_sim,Unknown #6,1021,223,180,342
clip_c9_20260727_145031.avi,78,c9_sim,Unknown #6,1043,227,193,343
clip_c9_20260727_145031.avi,79,c9_sim,Unknown #6,1128,226,106,352
clip_c9_20260727_145031.avi,80,c9_sim,Unknown #6,1147,234,172,362
clip_c9_20260727_145031.avi,81,c9_sim,Unknown #6,1190,246,136,324
clip_c8_20260727_150740.avi,16,c8_sim,Unknown #11,1061,486,211,351
clip_c8_20260727_150740.avi,17,c8_sim,Unknown #11,1106,461,189,336
clip_c8_20260727_150740.avi,18,c8_sim,Unknown #11,1136,457,159,271
clip_c8_20260727_150740.avi,19,c8_sim,Unknown #11,1174,382,146,345
clip_c8_20260727_150740.avi,20,c8_sim,Unknown #11,1214,353,146,319
clip_c8_20260727_150740.avi,28,c8_sim,Unknown #11,1395,186,108,219
clip_c8_20260727_150740.avi,29,c8_sim,Unknown #11,1404,168,102,237
clip_c8_20260727_150740.avi,30,c8_sim,Unknown #11,1418,153,100,250
clip_c8_20260727_150740.avi,31,c8_sim,Unknown #11,1422,146,106,260
clip_c8_20260727_150740.avi,32,c8_sim,Unknown #11,1458,124,99,251
clip_c8_20260727_150740.avi,34,c8_sim,Unknown #11,1481,99,99,268
clip_c10_20260727_145721.avi,2,c10_sim,Unknown #12,397,559,302,456
clip_c10_20260727_145721.avi,3,c10_sim,Unknown #12,445,521,253,438
clip_c10_20260727_145721.avi,4,c10_sim,Unknown #12,491,492,250,467
clip_c10_20260727_145721.avi,5,c10_sim,Unknown #12,537,460,236,472
clip_c10_20260727_145721.avi,6,c10_sim,Unknown #12,581,419,202,434
clip_c10_20260727_145721.avi,7,c10_sim,Unknown #12,632,398,252,443
clip_c10_20260727_145721.avi,8,c10_sim,Unknown #12,684,377,214,431
clip_c10_20260727_145721.avi,9,c10_sim,Unknown #12,727,348,191,415
clip_c10_20260727_145721.avi,10,c10_sim,Unknown #12,766,329,199,433
clip_c10_20260727_145721.avi,11,c10_sim,Unknown #12,803,310,191,428
clip_c10_20260727_145721.avi,12,c10_sim,Unknown #12,843,285,150,394
clip_c10_20260727_145721.avi,13,c10_sim,Unknown #12,882,270,195,403
clip_c10_20260727_145721.avi,14,c10_sim,Unknown #12,921,260,163,382
clip_c10_20260727_145721.avi,15,c10_sim,Unknown #12,961,241,165,384
clip_c10_20260727_145721.avi,16,c10_sim,Unknown #12,983,232,182,391
clip_c10_20260727_145721.avi,17,c10_sim,Unknown #12,1012,220,172,378
clip_c10_20260727_145721.avi,18,c10_sim,Unknown #12,1046,200,128,350
clip_c10_20260727_145721.avi,19,c10_sim,Unknown #12,1068,188,140,364
clip_c10_20260727_145721.avi,20,c10_sim,Unknown #12,1097,183,111,348
clip_c10_20260727_145721.avi,21,c10_sim,Unknown #12,1122,171,96,334
clip_c10_20260727_145721.avi,22,c10_sim,Unknown #12,1142,169,86,362
clip_c11_20260727_170139.avi,4,c11_sim,Unknown #13,1520,522,211,376
clip_c11_20260727_170139.avi,5,c11_sim,Unknown #13,1504,516,189,382
clip_c11_20260727_170139.avi,6,c11_sim,Unknown #13,1508,492,149,373
clip_c11_20260727_170139.avi,7,c11_sim,Unknown #13,1391,484,215,374
clip_c11_20260727_170139.avi,8,c11_sim,Unknown #13,1364,492,195,359
clip_c11_20260727_170139.avi,9,c11_sim,Unknown #13,1364,456,137,370
clip_c11_20260727_170139.avi,10,c11_sim,Unknown #13,1292,444,177,388
clip_c11_20260727_170139.avi,11,c11_sim,Unknown #13,1240,434,180,392
clip_c11_20260727_170139.avi,12,c11_sim,Unknown #13,1241,414,137,362
clip_c11_20260727_170139.avi,13,c11_sim,Unknown #13,1160,400,171,365
clip_c11_20260727_170139.avi,14,c11_sim,Unknown #13,1121,395,171,371
clip_c11_20260727_170139.avi,15,c11_sim,Unknown #13,1117,375,132,346
clip_c11_20260727_170139.avi,16,c11_sim,Unknown #13,1118,360,104,355
clip_c11_20260727_170139.avi,17,c11_sim,Unknown #13,1069,358,127,359
clip_c11_20260727_170139.avi,18,c11_sim,Unknown #13,1026,345,146,318
clip_c11_20260727_170139.avi,19,c11_sim,Unknown #13,1003,326,143,326
clip_c11_20260727_170139.avi,20,c11_sim,Unknown #13,974,322,129,328
clip_c11_20260727_170139.avi,21,c11_sim,Unknown #13,960,309,126,321
clip_c11_20260727_170139.avi,22,c11_sim,Unknown #13,971,302,80,290
clip_c11_20260727_170139.avi,23,c11_sim,Unknown #13,919,299,117,291
clip_c11_20260727_170139.avi,24,c11_sim,Unknown #13,891,293,121,290
clip_c11_20260727_170139.avi,25,c11_sim,Unknown #13,889,278,110,276
clip_c11_20260727_170139.avi,26,c11_sim,Unknown #13,883,274,93,274
clip_c11_20260727_170139.avi,27,c11_sim,Unknown #13,875,275,84,263
clip_c11_20260727_170139.avi,28,c11_sim,Unknown #13,858,262,89,249
clip_c11_20260727_170139.avi,29,c11_sim,Unknown #13,833,260,98,247
clip_c11_20260727_170139.avi,30,c11_sim,Unknown #13,821,259,107,243
clip_c11_20260727_170139.avi,31,c11_sim,Unknown #13,817,251,102,231
clip_c11_20260727_170139.avi,32,c11_sim,Unknown #13,833,243,79,227
clip_c11_20260727_170139.avi,33,c11_sim,Unknown #13,833,242,70,225
clip_c11_20260727_170139.avi,34,c11_sim,Unknown #13,813,236,81,204
clip_c11_20260727_170139.avi,35,c11_sim,Unknown #13,799,230,91,213
clip_c11_20260727_170139.avi,36,c11_sim,Unknown #13,793,230,111,212
clip_c11_20260727_170139.avi,37,c11_sim,Unknown #13,791,223,108,194
clip_c11_20260727_170139.avi,38,c11_sim,Unknown #13,798,221,89,194
clip_c11_20260727_170139.avi,39,c11_sim,Unknown #13,806,211,77,202
clip_c11_20260727_170139.avi,40,c11_sim,Unknown #13,805,213,73,193
clip_c11_20260727_170139.avi,41,c11_sim,Unknown #13,802,211,71,180
clip_c11_20260727_170139.avi,42,c11_sim,Unknown #13,807,210,65,180
clip_c11_20260727_170139.avi,43,c11_sim,Unknown #13,808,215,60,173
clip_c11_20260727_170139.avi,44,c11_sim,Unknown #13,804,203,63,170
clip_c11_20260727_170139.avi,45,c11_sim,Unknown #13,804,203,57,159
clip_c11_20260727_170139.avi,46,c11_sim,Unknown #13,799,200,57,162
clip_c11_20260727_170139.avi,47,c11_sim,Unknown #13,793,196,59,158
clip_c11_20260727_170139.avi,48,c11_sim,Unknown #13,786,195,61,159
clip_c11_20260727_170139.avi,49,c11_sim,Unknown #13,785,195,58,156
clip_c11_20260727_170139.avi,51,c11_sim,Unknown #13,779,198,50,137
clip_c11_20260727_170139.avi,54,c11_sim,Unknown #13,775,178,36,146
clip_c9_20260727_150719.avi,34,c9_sim,Unknown #11,900,106,59,193
clip_c9_20260727_150719.avi,35,c9_sim,Unknown #11,889,112,64,193
clip_c9_20260727_150719.avi,36,c9_sim,Unknown #11,886,116,62,190
clip_c9_20260727_150719.avi,37,c9_sim,Unknown #11,882,119,67,190
clip_c9_20260727_150719.avi,38,c9_sim,Unknown #11,877,120,70,191
clip_c9_20260727_150719.avi,39,c9_sim,Unknown #11,865,125,75,196
clip_c9_20260727_150719.avi,40,c9_sim,Unknown #11,859,136,76,201
clip_c9_20260727_150719.avi,41,c9_sim,Unknown #11,847,137,81,205
clip_c9_20260727_150719.avi,42,c9_sim,Unknown #11,851,141,76,203
clip_c9_20260727_150719.avi,43,c9_sim,Unknown #11,855,144,78,206
clip_c9_20260727_150719.avi,44,c9_sim,Unknown #11,860,149,78,204
clip_c9_20260727_150719.avi,45,c9_sim,Unknown #11,859,153,85,203
clip_c9_20260727_150719.avi,46,c9_sim,Unknown #11,858,159,86,226
clip_c9_20260727_150719.avi,47,c9_sim,Unknown #11,858,165,75,224
clip_c9_20260727_150719.avi,48,c9_sim,Unknown #11,850,169,81,222
clip_c9_20260727_150719.avi,49,c9_sim,Unknown #11,851,177,89,237
clip_c9_20260727_150719.avi,50,c9_sim,Unknown #11,856,180,89,245
clip_c9_20260727_150719.avi,51,c9_sim,Unknown #11,854,183,91,245
clip_c9_20260727_150719.avi,52,c9_sim,Unknown #11,857,192,95,257
clip_c9_20260727_150719.avi,53,c9_sim,Unknown #11,860,198,93,270
clip_c9_20260727_150719.avi,54,c9_sim,Unknown #11,865,199,95,268
clip_c9_20260727_150719.avi,55,c9_sim,Unknown #11,876,207,111,274
clip_c9_20260727_150719.avi,56,c9_sim,Unknown #11,897,215,101,287
clip_c9_20260727_150719.avi,57,c9_sim,Unknown #11,913,216,94,287
clip_c9_20260727_150719.avi,58,c9_sim,Unknown #11,927,224,104,302
clip_c9_20260727_150719.avi,59,c9_sim,Unknown #11,945,232,102,308
clip_c9_20260727_150719.avi,60,c9_sim,Unknown #11,981,235,94,310
clip_c9_20260727_150719.avi,61,c9_sim,Unknown #11,1002,226,128,326
clip_c9_20260727_150719.avi,62,c9_sim,Unknown #11,1004,245,166,309
clip_c9_20260727_150719.avi,63,c9_sim,Unknown #11,1091,246,92,284
clip_c9_20260727_150719.avi,64,c9_sim,Unknown #11,1110,252,126,329
clip_c9_20260727_150719.avi,65,c9_sim,Unknown #11,1115,261,161,319
clip_c9_20260727_150719.avi,66,c9_sim,Unknown #11,1211,262,92,324
clip_c9_20260727_150719.avi,67,c9_sim,Unknown #11,1219,266,108,322
clip_c10_20260727_165919.avi,11,c10_sim,Unknown #13,190,449,186,379
clip_c10_20260727_165919.avi,12,c10_sim,Unknown #13,215,421,175,302
clip_c10_20260727_165919.avi,13,c10_sim,Unknown #13,277,387,172,328
clip_c10_20260727_165919.avi,14,c10_sim,Unknown #13,306,358,144,289
clip_c10_20260727_165919.avi,15,c10_sim,Unknown #13,328,328,126,311
clip_c10_20260727_165919.avi,16,c10_sim,Unknown #13,352,327,131,302
clip_c10_20260727_165919.avi,17,c10_sim,Unknown #13,361,311,124,264
clip_c10_20260727_165919.avi,18,c10_sim,Unknown #13,385,270,143,294
clip_c10_20260727_165919.avi,19,c10_sim,Unknown #13,413,283,127,281
clip_c10_20260727_165919.avi,20,c10_sim,Unknown #13,426,268,117,247
clip_c10_20260727_165919.avi,21,c10_sim,Unknown #13,444,247,106,258
clip_c10_20260727_165919.avi,22,c10_sim,Unknown #13,453,237,125,263
clip_c10_20260727_165919.avi,23,c10_sim,Unknown #13,483,220,95,229
clip_c10_20260727_165919.avi,24,c10_sim,Unknown #13,491,211,114,233
clip_c10_20260727_165919.avi,25,c10_sim,Unknown #13,520,199,99,235
clip_c10_20260727_165919.avi,26,c10_sim,Unknown #13,530,190,87,210
clip_c10_20260727_165919.avi,27,c10_sim,Unknown #13,541,180,87,219
clip_c10_20260727_165919.avi,28,c10_sim,Unknown #13,552,195,84,197
clip_c10_20260727_165919.avi,29,c10_sim,Unknown #13,572,152,95,207
clip_c10_20260727_165919.avi,30,c10_sim,Unknown #13,585,150,82,188
clip_c10_20260727_165919.avi,31,c10_sim,Unknown #13,595,140,76,186
clip_c10_20260727_165919.avi,33,c10_sim,Unknown #13,615,130,64,168
clip_c10_20260727_165919.avi,37,c10_sim,Unknown #13,629,119,57,135
clip_c11_20260813_134940.avi,11,c11_sim,Unknown #14,883,198,77,206
clip_c11_20260813_134940.avi,12,c11_sim,Unknown #14,884,200,78,208
clip_c11_20260813_134940.avi,13,c11_sim,Unknown #14,883,193,80,214
clip_c11_20260813_134940.avi,14,c11_sim,Unknown #14,889,207,75,201
clip_c11_20260813_134940.avi,15,c11_sim,Unknown #14,888,211,76,200
clip_c11_20260813_134940.avi,16,c11_sim,Unknown #14,891,221,70,182
clip_c11_20260813_134940.avi,23,c11_sim,Unknown #14,902,225,65,194
clip_c11_20260813_134940.avi,25,c11_sim,Unknown #14,904,222,67,203
clip_c11_20260813_134940.avi,27,c11_sim,Unknown #14,905,218,69,212
clip_c11_20260813_134940.avi,28,c11_sim,Unknown #14,907,217,68,217
clip_c11_20260813_134940.avi,29,c11_sim,Unknown #14,911,214,66,217
clip_c11_20260813_134940.avi,30,c11_sim,Unknown #14,912,216,68,216
clip_c11_20260813_134940.avi,31,c11_sim,Unknown #14,915,219,69,211
clip_c11_20260813_134940.avi,32,c11_sim,Unknown #14,919,220,67,206
clip_c11_20260813_134940.avi,33,c11_sim,Unknown #14,920,220,71,209
clip_c11_20260813_134940.avi,34,c11_sim,Unknown #14,921,221,73,209
clip_c11_20260813_134940.avi,35,c11_sim,Unknown #14,922,221,76,213
clip_c11_20260813_134940.avi,36,c11_sim,Unknown #14,922,221,79,220
clip_c11_20260813_134940.avi,37,c11_sim,Unknown #14,923,223,81,221
clip_c11_20260813_134940.avi,38,c11_sim,Unknown #14,924,223,81,224
clip_c11_20260813_134940.avi,39,c11_sim,Unknown #14,924,224,83,226
clip_c11_20260813_134940.avi,40,c11_sim,Unknown #14,924,227,85,225
clip_c11_20260813_134940.avi,41,c11_sim,Unknown #14,926,228,82,226
clip_c11_20260813_134940.avi,42,c11_sim,Unknown #14,925,228,82,232
clip_c11_20260813_134940.avi,43,c11_sim,Unknown #14,926,230,79,230
clip_c11_20260813_134940.avi,44,c11_sim,Unknown #14,925,230,79,230
clip_c11_20260813_134940.avi,45,c11_sim,Unknown #14,925,229,78,231
clip_c11_20260813_134940.avi,46,c11_sim,Unknown #14,925,229,79,230
clip_c11_20260813_134940.avi,47,c11_sim,Unknown #14,925,230,78,230
clip_c11_20260813_134940.avi,48,c11_sim,Unknown #14,924,229,79,231
clip_c11_20260813_134940.avi,49,c11_sim,Unknown #14,922,230,80,229
clip_c11_20260813_134940.avi,50,c11_sim,Unknown #14,923,230,79,230
clip_c11_20260813_134940.avi,51,c11_sim,Unknown #14,924,231,77,232
clip_c11_20260813_134940.avi,52,c11_sim,Unknown #14,925,231,77,234
clip_c11_20260813_134940.avi,53,c11_sim,Unknown #14,925,231,77,237
clip_c11_20260813_134940.avi,54,c11_sim,Unknown #14,924,232,79,245
clip_c11_20260813_134940.avi,55,c11_sim,Unknown #14,924,235,79,246
clip_c11_20260813_134940.avi,56,c11_sim,Unknown #14,924,236,80,246
clip_c11_20260813_134940.avi,57,c11_sim,Unknown #14,926,237,79,247
clip_c11_20260813_134940.avi,58,c11_sim,Unknown #14,926,238,80,247
clip_c11_20260813_134940.avi,59,c11_sim,Unknown #14,926,238,81,247
clip_c11_20260813_134940.avi,60,c11_sim,Unknown #14,929,237,79,246
clip_c11_20260813_134940.avi,61,c11_sim,Unknown #14,931,238,78,245
clip_c11_20260813_134940.avi,62,c11_sim,Unknown #14,931,238,79,246
clip_c11_20260813_134940.avi,63,c11_sim,Unknown #14,932,239,78,246
clip_c11_20260813_134940.avi,64,c11_sim,Unknown #14,934,239,76,246
clip_c11_20260813_134940.avi,65,c11_sim,Unknown #14,934,239,75,246
clip_c11_20260813_134940.avi,66,c11_sim,Unknown #14,933,239,75,247
clip_c11_20260813_134940.avi,67,c11_sim,Unknown #14,934,239,75,247
clip_c11_20260813_134940.avi,68,c11_sim,Unknown #14,901,231,78,233
clip_c11_20260813_134940.avi,73,c11_sim,Unknown #14,892,239,80,213
clip_c11_20260813_134940.avi,79,c11_sim,Unknown #14,891,232,73,214
clip_c11_20260813_134940.avi,80,c11_sim,Unknown #14,888,228,75,216
clip_c11_20260813_134940.avi,81,c11_sim,Unknown #14,886,227,74,213
clip_c11_20260813_134940.avi,82,c11_sim,Unknown #14,883,228,77,213
clip_c11_20260813_134940.avi,83,c11_sim,Unknown #14,882,228,78,213
clip_c11_20260813_134940.avi,84,c11_sim,Unknown #14,875,229,86,211
clip_c11_20260813_134940.avi,85,c11_sim,Unknown #14,872,229,88,211
clip_c11_20260813_134940.avi,86,c11_sim,Unknown #14,869,228,90,212
clip_c11_20260813_134940.avi,87,c11_sim,Unknown #14,868,228,90,211
clip_c11_20260813_134940.avi,88,c11_sim,Unknown #14,869,228,90,212
clip_c11_20260813_134940.avi,89,c11_sim,Unknown #14,870,226,88,213
clip_c11_20260813_134940.avi,90,c11_sim,Unknown #14,872,225,86,210
clip_c11_20260813_134940.avi,91,c11_sim,Unknown #14,876,222,83,210
clip_c11_20260813_134940.avi,92,c11_sim,Unknown #14,878,220,81,208
clip_c11_20260813_134940.avi,93,c11_sim,Unknown #14,882,217,76,199
clip_c11_20260813_134940.avi,94,c11_sim,Unknown #14,883,213,77,200
clip_c11_20260813_134940.avi,95,c11_sim,Unknown #14,886,213,72,198
clip_c11_20260813_134940.avi,96,c11_sim,Unknown #14,886,211,72,197
clip_c11_20260813_134940.avi,97,c11_sim,Unknown #14,886,211,73,199
clip_c11_20260813_134940.avi,98,c11_sim,Unknown #14,887,211,72,200
clip_c11_20260813_134940.avi,99,c11_sim,Unknown #14,887,211,72,198
clip_c11_20260813_134940.avi,100,c11_sim,Unknown #14,887,212,72,196
clip_c11_20260813_134940.avi,101,c11_sim,Unknown #14,889,210,68,195
clip_c11_20260813_134940.avi,102,c11_sim,Unknown #14,888,207,69,200
clip_c11_20260813_134940.avi,104,c11_sim,Unknown #14,886,209,68,190
clip_c11_20260813_134940.avi,108,c11_sim,Unknown #14,885,195,65,195
clip_c11_20260813_134940.avi,109,c11_sim,Unknown #14,882,189,69,202
clip_c9_20260813_134952.avi,11,c9_sim,Unknown #15,856,42,52,148
clip_c9_20260813_134952.avi,12,c9_sim,Unknown #15,855,43,51,148
clip_c9_20260813_134952.avi,13,c9_sim,Unknown #15,846,46,52,157
clip_c9_20260813_134952.avi,14,c9_sim,Unknown #15,847,44,51,155
clip_c9_20260813_134952.avi,15,c9_sim,Unknown #15,847,48,51,154
clip_c9_20260813_134952.avi,16,c9_sim,Unknown #15,845,49,52,153
clip_c9_20260813_134952.avi,17,c9_sim,Unknown #15,844,52,53,153
clip_c9_20260813_134952.avi,18,c9_sim,Unknown #15,843,52,54,155
clip_c9_20260813_134952.avi,19,c9_sim,Unknown #15,844,54,53,153
clip_c9_20260813_134952.avi,20,c9_sim,Unknown #15,843,56,54,151
clip_c9_20260813_134952.avi,21,c9_sim,Unknown #15,842,56,55,149
clip_c9_20260813_134952.avi,22,c9_sim,Unknown #15,843,55,56,151
clip_c9_20260813_134952.avi,23,c9_sim,Unknown #15,843,55,56,151
clip_c9_20260813_134952.avi,24,c9_sim,Unknown #15,843,56,56,149
clip_c9_20260813_134952.avi,25,c9_sim,Unknown #15,843,55,57,153
clip_c9_20260813_134952.avi,26,c9_sim,Unknown #15,844,56,55,152
clip_c9_20260813_134952.avi,27,c9_sim,Unknown #15,843,56,56,152
clip_c9_20260813_134952.avi,28,c9_sim,Unknown #15,844,57,55,151
clip_c9_20260813_134952.avi,29,c9_sim,Unknown #15,843,57,55,154
clip_c9_20260813_134952.avi,30,c9_sim,Unknown #15,842,57,57,155
clip_c9_20260813_134952.avi,31,c9_sim,Unknown #15,842,61,55,152
clip_c9_20260813_134952.avi,32,c9_sim,Unknown #15,840,61,56,155
clip_c9_20260813_134952.avi,33,c9_sim,Unknown #15,838,62,58,156
clip_c9_20260813_134952.avi,34,c9_sim,Unknown #15,837,61,57,156
clip_c9_20260813_134952.avi,35,c9_sim,Unknown #15,836,61,58,156
clip_c9_20260813_134952.avi,38,c9_sim,Unknown #15,837,61,57,158
clip_c9_20260813_134952.avi,39,c9_sim,Unknown #15,837,62,57,158
clip_c9_20260813_134952.avi,40,c9_sim,Unknown #15,837,63,57,158
clip_c9_20260813_134952.avi,42,c9_sim,Unknown #15,838,64,57,158
clip_c9_20260813_134952.avi,48,c9_sim,Unknown #15,838,68,58,167
clip_c9_20260813_134952.avi,50,c9_sim,Unknown #15,837,69,61,169
clip_c9_20260813_134952.avi,51,c9_sim,Unknown #15,840,69,60,166
clip_c9_20260813_134952.avi,52,c9_sim,Unknown #15,840,71,61,176
clip_c9_20260813_134952.avi,53,c9_sim,Unknown #15,840,72,64,174
clip_c9_20260813_134952.avi,54,c9_sim,Unknown #15,842,73,62,173
clip_c9_20260813_134952.avi,55,c9_sim,Unknown #15,843,75,62,172
clip_c9_20260813_134952.avi,56,c9_sim,Unknown #15,840,75,65,174
clip_c9_20260813_134952.avi,57,c9_sim,Unknown #15,838,76,66,174
clip_c9_20260813_134952.avi,58,c9_sim,Unknown #15,835,78,69,172
clip_c9_20260813_134952.avi,59,c9_sim,Unknown #15,839,78,64,179
clip_c9_20260813_134952.avi,60,c9_sim,Unknown #15,839,79,63,179
clip_c9_20260813_134952.avi,61,c9_sim,Unknown #15,835,79,67,180
clip_c9_20260813_134952.avi,62,c9_sim,Unknown #15,838,78,64,176
clip_c9_20260813_134952.avi,63,c9_sim,Unknown #15,838,78,64,174
clip_c9_20260813_134952.avi,64,c9_sim,Unknown #15,840,79,62,179
clip_c9_20260813_134952.avi,65,c9_sim,Unknown #15,838,79,64,185
clip_c9_20260813_134952.avi,66,c9_sim,Unknown #15,838,79,63,186
clip_c9_20260813_134952.avi,67,c9_sim,Unknown #15,838,80,64,192
clip_c9_20260813_134952.avi,68,c9_sim,Unknown #15,833,80,70,190
clip_c9_20260813_134952.avi,69,c9_sim,Unknown #15,833,81,70,190
clip_c9_20260813_134952.avi,70,c9_sim,Unknown #15,837,80,65,195
clip_c9_20260813_134952.avi,71,c9_sim,Unknown #15,841,83,60,192
clip_c9_20260813_134952.avi,72,c9_sim,Unknown #15,841,84,62,209
clip_c9_20260813_134952.avi,73,c9_sim,Unknown #15,845,84,57,217
clip_c9_20260813_134952.avi,74,c9_sim,Unknown #15,846,84,60,218
clip_c9_20260813_134952.avi,75,c9_sim,Unknown #15,847,85,61,216
clip_c9_20260813_134952.avi,76,c9_sim,Unknown #15,848,85,62,214
clip_c9_20260813_134952.avi,77,c9_sim,Unknown #15,847,84,68,212
clip_c9_20260813_134952.avi,78,c9_sim,Unknown #15,847,84,70,214
clip_c9_20260813_134952.avi,79,c9_sim,Unknown #15,847,84,72,206
clip_c9_20260813_134952.avi,80,c9_sim,Unknown #15,848,85,72,214
clip_c9_20260813_134952.avi,81,c9_sim,Unknown #15,849,87,73,224
clip_c9_20260813_134952.avi,82,c9_sim,Unknown #15,848,86,74,228
clip_c9_20260813_134952.avi,83,c9_sim,Unknown #15,848,87,76,227
clip_c9_20260813_134952.avi,84,c9_sim,Unknown #15,848,88,76,225
clip_c9_20260813_134952.avi,85,c9_sim,Unknown #15,849,91,75,222
clip_c9_20260813_134952.avi,86,c9_sim,Unknown #15,849,93,76,221
clip_c9_20260813_134952.avi,87,c9_sim,Unknown #15,851,93,76,224
clip_c9_20260813_134952.avi,88,c9_sim,Unknown #15,850,93,77,225
clip_c9_20260813_134952.avi,89,c9_sim,Unknown #15,850,93,77,226
clip_c9_20260813_134952.avi,90,c9_sim,Unknown #15,851,93,76,224
clip_c9_20260813_134952.avi,91,c9_sim,Unknown #15,854,93,75,222
clip_c9_20260813_134952.avi,92,c9_sim,Unknown #15,854,93,74,220
clip_c9_20260813_134952.avi,93,c9_sim,Unknown #15,854,93,76,221
clip_c9_20260813_134952.avi,94,c9_sim,Unknown #15,854,92,76,218
clip_c9_20260813_134952.avi,95,c9_sim,Unknown #15,856,93,76,218
clip_c9_20260813_134952.avi,96,c9_sim,Unknown #15,857,94,75,218
clip_c8_20260813_135011.avi,16,c8_sim,Unknown #16,979,341,132,409
clip_c8_20260813_135011.avi,17,c8_sim,Unknown #16,982,333,129,390
clip_c8_20260813_135011.avi,18,c8_sim,Unknown #16,981,319,130,380
clip_c8_20260813_135011.avi,19,c8_sim,Unknown #16,983,305,130,371
clip_c8_20260813_135011.avi,20,c8_sim,Unknown #16,984,300,130,360
clip_c8_20260813_135011.avi,21,c8_sim,Unknown #16,985,296,130,361
clip_c8_20260813_135011.avi,22,c8_sim,Unknown #16,986,287,133,370
clip_c8_20260813_135011.avi,23,c8_sim,Unknown #16,987,281,135,377
clip_c8_20260813_135011.avi,24,c8_sim,Unknown #16,989,277,136,380
clip_c8_20260813_135011.avi,25,c8_sim,Unknown #16,989,273,138,381
clip_c8_20260813_135011.avi,26,c8_sim,Unknown #16,991,266,137,388
clip_c8_20260813_135011.avi,27,c8_sim,Unknown #16,994,258,132,396
clip_c8_20260813_135011.avi,28,c8_sim,Unknown #16,998,252,130,398
clip_c8_20260813_135011.avi,29,c8_sim,Unknown #16,1000,245,131,381
clip_c8_20260813_135011.avi,30,c8_sim,Unknown #16,999,236,138,380
clip_c8_20260813_135011.avi,31,c8_sim,Unknown #16,1003,229,141,360
clip_c8_20260813_135011.avi,32,c8_sim,Unknown #16,1009,221,141,333
clip_c8_20260813_135011.avi,33,c8_sim,Unknown #16,1013,211,141,340
clip_c8_20260813_135011.avi,34,c8_sim,Unknown #16,1013,207,148,341
clip_c8_20260813_135011.avi,35,c8_sim,Unknown #16,1012,204,154,345
clip_c8_20260813_135011.avi,36,c8_sim,Unknown #16,1012,198,156,351
clip_c8_20260813_135011.avi,37,c8_sim,Unknown #16,1017,192,156,356
clip_c8_20260813_135011.avi,38,c8_sim,Unknown #16,1020,188,154,360
clip_c8_20260813_135011.avi,39,c8_sim,Unknown #16,1023,185,153,362
clip_c8_20260813_135011.avi,40,c8_sim,Unknown #16,1028,180,149,366
clip_c8_20260813_135011.avi,41,c8_sim,Unknown #16,1032,175,145,365
clip_c8_20260813_135011.avi,42,c8_sim,Unknown #16,1035,167,142,370
clip_c8_20260813_135011.avi,43,c8_sim,Unknown #16,1037,159,140,368
clip_c8_20260813_135011.avi,44,c8_sim,Unknown #16,1039,155,138,252
clip_c8_20260813_135011.avi,45,c8_sim,Unknown #16,1041,149,136,258
clip_c8_20260813_135011.avi,46,c8_sim,Unknown #16,1042,144,134,264
clip_c8_20260813_135011.avi,47,c8_sim,Unknown #16,1046,139,130,268
clip_c8_20260813_135011.avi,48,c8_sim,Unknown #16,1048,134,128,272
clip_c8_20260813_135011.avi,49,c8_sim,Unknown #16,1053,131,125,274
clip_c8_20260813_135011.avi,50,c8_sim,Unknown #16,1055,127,125,279
clip_c8_20260813_135011.avi,51,c8_sim,Unknown #16,1059,124,122,280
clip_c8_20260813_135011.avi,52,c8_sim,Unknown #16,1063,119,119,285
clip_c8_20260813_135011.avi,53,c8_sim,Unknown #16,1067,116,117,289
clip_c8_20260813_135011.avi,54,c8_sim,Unknown #16,1071,112,114,295
clip_c8_20260813_135011.avi,55,c8_sim,Unknown #16,1073,109,115,299
clip_c8_20260813_135011.avi,56,c8_sim,Unknown #16,1078,105,112,298
clip_c8_20260813_135011.avi,57,c8_sim,Unknown #16,1080,99,112,306
clip_c8_20260813_135011.avi,58,c8_sim,Unknown #16,1082,96,112,294
clip_c8_20260813_135011.avi,59,c8_sim,Unknown #16,1083,88,115,300
clip_c8_20260813_135011.avi,60,c8_sim,Unknown #16,1083,85,120,291
clip_c8_20260813_135011.avi,61,c8_sim,Unknown #16,1082,81,121,295
clip_c8_20260813_135011.avi,62,c8_sim,Unknown #16,1083,78,120,296
clip_c8_20260813_135011.avi,63,c8_sim,Unknown #16,1088,73,118,302
clip_c8_20260813_135011.avi,64,c8_sim,Unknown #16,1089,70,117,305
clip_c8_20260813_135011.avi,65,c8_sim,Unknown #16,1091,69,115,305
clip_c8_20260813_135011.avi,66,c8_sim,Unknown #16,1092,66,115,307
clip_c8_20260813_135011.avi,67,c8_sim,Unknown #16,1093,64,114,308
clip_c8_20260813_135011.avi,68,c8_sim,Unknown #16,1094,61,110,307
clip_c8_20260813_135011.avi,69,c8_sim,Unknown #16,1094,55,106,307
clip_c8_20260813_135011.avi,70,c8_sim,Unknown #16,1094,51,104,301
clip_c8_20260813_135011.avi,71,c8_sim,Unknown #16,1094,48,103,291
clip_c8_20260813_135011.avi,72,c8_sim,Unknown #16,1094,44,102,280
clip_c8_20260813_135011.avi,73,c8_sim,Unknown #16,1094,41,101,272
clip_c8_20260813_135011.avi,74,c8_sim,Unknown #16,1100,15,99,266
clip_c8_20260813_135011.avi,75,c8_sim,Unknown #16,1103,12,98,266
clip_c8_20260813_135011.avi,76,c8_sim,Unknown #16,1104,9,97,257
clip_c8_20260813_135011.avi,77,c8_sim,Unknown #16,1104,5,98,250
clip_c8_20260813_135011.avi,78,c8_sim,Unknown #16,1104,2,99,248
clip_c8_20260813_135011.avi,79,c8_sim,Unknown #16,1104,0,100,248
